date,dr007,data_source,dr007_level_ma60,level_historical_q10,proxy_signal_score,replication_level,independent_from_shibor
2006-10-08,2.439739008042896,SHIBOR_1W+利差调整,,,0,水平代理；不能复现原偏离度,False
2006-10-08,2.4397390080428956,SHIBOR_1W+利差调整,,,0,水平代理；不能复现原偏离度,False
2006-10-09,2.442481124497992,SHIBOR_1W+利差调整,,,0,水平代理；不能复现原偏离度,False
2006-10-09,2.442481124497992,SHIBOR_1W+利差调整,,,0,水平代理；不能复现原偏离度,False
2006-10-10,2.4438390080428958,SHIBOR_1W+利差调整,,,0,水平代理；不能复现原偏离度,False
2006-10-10,2.4438390080428953,SHIBOR_1W+利差调整,,,0,水平代理；不能复现原偏离度,False
2006-10-11,2.4399390080428955,SHIBOR_1W+利差调整,,,0,水平代理；不能复现原偏离度,False
2006-10-11,2.4399390080428955,SHIBOR_1W+利差调整,,,0,水平代理；不能复现原偏离度,False
2006-10-12,2.4371390080428954,SHIBOR_1W+利差调整,,,0,水平代理；不能复现原偏离度,False
2006-10-12,2.4371390080428954,SHIBOR_1W+利差调整,,,0,水平代理；不能复现原偏离度,False
2006-10-13,2.438381124497992,SHIBOR_1W+利差调整,,,0,水平代理；不能复现原偏离度,False
2006-10-13,2.438381124497992,SHIBOR_1W+利差调整,,,0,水平代理；不能复现原偏离度,False
2006-10-16,2.461404557640751,SHIBOR_1W+利差调整,,,0,水平代理；不能复现原偏离度,False
2006-10-16,2.461404557640751,SHIBOR_1W+利差调整,,,0,水平代理；不能复现原偏离度,False
2006-10-17,2.526004557640751,SHIBOR_1W+利差调整,,,0,水平代理；不能复现原偏离度,False
2006-10-17,2.526004557640751,SHIBOR_1W+利差调整,,,0,水平代理；不能复现原偏离度,False
2006-10-18,2.609804557640751,SHIBOR_1W+利差调整,,,0,水平代理；不能复现原偏离度,False
2006-10-18,2.609804557640751,SHIBOR_1W+利差调整,,,0,水平代理；不能复现原偏离度,False
2006-10-19,2.639204557640751,SHIBOR_1W+利差调整,,,0,水平代理；不能复现原偏离度,False
2006-10-19,2.639204557640751,SHIBOR_1W+利差调整,,,0,水平代理；不能复现原偏离度,False
2006-10-20,2.637104557640751,SHIBOR_1W+利差调整,,,0,水平代理；不能复现原偏离度,False
2006-10-20,2.637104557640751,SHIBOR_1W+利差调整,,,0,水平代理；不能复现原偏离度,False
2006-10-23,2.624504557640751,SHIBOR_1W+利差调整,,,0,水平代理；不能复现原偏离度,False
2006-10-23,2.624504557640751,SHIBOR_1W+利差调整,,,0,水平代理；不能复现原偏离度,False
2006-10-24,2.624939008042896,SHIBOR_1W+利差调整,,,0,水平代理；不能复现原偏离度,False
2006-10-24,2.6249390080428956,SHIBOR_1W+利差调整,,,0,水平代理；不能复现原偏离度,False
2006-10-25,2.5789390080428958,SHIBOR_1W+利差调整,,,0,水平代理；不能复现原偏离度,False
2006-10-25,2.5789390080428953,SHIBOR_1W+利差调整,,,0,水平代理；不能复现原偏离度,False
2006-10-26,2.5354390080428955,SHIBOR_1W+利差调整,,,0,水平代理；不能复现原偏离度,False
2006-10-26,2.5354390080428955,SHIBOR_1W+利差调整,,,0,水平代理；不能复现原偏离度,False
2006-10-27,2.516081124497992,SHIBOR_1W+利差调整,,,0,水平代理；不能复现原偏离度,False
2006-10-27,2.516081124497992,SHIBOR_1W+利差调整,,,0,水平代理；不能复现原偏离度,False
2006-10-30,2.5398390080428954,SHIBOR_1W+利差调整,,,0,水平代理；不能复现原偏离度,False
2006-10-30,2.5398390080428954,SHIBOR_1W+利差调整,,,0,水平代理；不能复现原偏离度,False
2006-10-31,2.5981390080428954,SHIBOR_1W+利差调整,,,0,水平代理；不能复现原偏离度,False
2006-10-31,2.5981390080428954,SHIBOR_1W+利差调整,,,0,水平代理；不能复现原偏离度,False
2006-11-01,2.627039008042896,SHIBOR_1W+利差调整,,,0,水平代理；不能复现原偏离度,False
2006-11-01,2.6270390080428956,SHIBOR_1W+利差调整,,,0,水平代理；不能复现原偏离度,False
2006-11-02,2.6347390080428954,SHIBOR_1W+利差调整,,,0,水平代理；不能复现原偏离度,False
2006-11-02,2.6347390080428954,SHIBOR_1W+利差调整,,,0,水平代理；不能复现原偏离度,False
2006-11-03,2.5994390080428955,SHIBOR_1W+利差调整,,,0,水平代理；不能复现原偏离度,False
2006-11-03,2.5994390080428955,SHIBOR_1W+利差调整,,,0,水平代理；不能复现原偏离度,False
2006-11-06,2.721839008042896,SHIBOR_1W+利差调整,,,0,水平代理；不能复现原偏离度,False
2006-11-06,2.721839008042896,SHIBOR_1W+利差调整,,,0,水平代理；不能复现原偏离度,False
2006-11-07,2.8398390080428952,SHIBOR_1W+利差调整,,,0,水平代理；不能复现原偏离度,False
2006-11-07,2.8398390080428952,SHIBOR_1W+利差调整,,,0,水平代理；不能复现原偏离度,False
2006-11-08,2.9910390080428955,SHIBOR_1W+利差调整,,,0,水平代理；不能复现原偏离度,False
2006-11-08,2.9910390080428955,SHIBOR_1W+利差调整,,,0,水平代理；不能复现原偏离度,False
2006-11-09,3.0872390080428955,SHIBOR_1W+利差调整,,,0,水平代理；不能复现原偏离度,False
2006-11-09,3.0872390080428955,SHIBOR_1W+利差调整,,,0,水平代理；不能复现原偏离度,False
2006-11-10,3.344239008042895,SHIBOR_1W+利差调整,,,0,水平代理；不能复现原偏离度,False
2006-11-10,3.344239008042895,SHIBOR_1W+利差调整,,,0,水平代理；不能复现原偏离度,False
2006-11-13,3.3876390080428957,SHIBOR_1W+利差调整,,,0,水平代理；不能复现原偏离度,False
2006-11-13,3.3876390080428953,SHIBOR_1W+利差调整,,,0,水平代理；不能复现原偏离度,False
2006-11-14,3.7858106951871657,SHIBOR_1W+利差调整,,,0,水平代理；不能复现原偏离度,False
2006-11-14,3.7858106951871657,SHIBOR_1W+利差调整,,,0,水平代理；不能复现原偏离度,False
2006-11-15,3.8392106951871656,SHIBOR_1W+利差调整,,,0,水平代理；不能复现原偏离度,False
2006-11-15,3.8392106951871656,SHIBOR_1W+利差调整,,,0,水平代理；不能复现原偏离度,False
2006-11-16,3.681039008042896,SHIBOR_1W+利差调整,,,0,水平代理；不能复现原偏离度,False
2006-11-16,3.6810390080428954,SHIBOR_1W+利差调整,,,0,水平代理；不能复现原偏离度,False
2006-11-17,3.972539008042896,SHIBOR_1W+利差调整,,,0,水平代理；不能复现原偏离度,False
2006-11-17,3.972539008042896,SHIBOR_1W+利差调整,,,0,水平代理；不能复现原偏离度,False
2006-11-20,4.087639008042896,SHIBOR_1W+利差调整,,,0,水平代理；不能复现原偏离度,False
2006-11-20,4.087639008042896,SHIBOR_1W+利差调整,,,0,水平代理；不能复现原偏离度,False
2006-11-21,4.148339008042895,SHIBOR_1W+利差调整,,,0,水平代理；不能复现原偏离度,False
2006-11-21,4.148339008042895,SHIBOR_1W+利差调整,,,0,水平代理；不能复现原偏离度,False
2006-11-22,3.855581124497992,SHIBOR_1W+利差调整,,,0,水平代理；不能复现原偏离度,False
2006-11-22,3.855581124497992,SHIBOR_1W+利差调整,,,0,水平代理；不能复现原偏离度,False
2006-11-23,3.8632390080428953,SHIBOR_1W+利差调整,,,0,水平代理；不能复现原偏离度,False
2006-11-23,3.8632390080428953,SHIBOR_1W+利差调整,,,0,水平代理；不能复现原偏离度,False
2006-11-24,4.032410695187166,SHIBOR_1W+利差调整,,,0,水平代理；不能复现原偏离度,False
2006-11-24,4.032410695187166,SHIBOR_1W+利差调整,,,0,水平代理；不能复现原偏离度,False
2006-11-27,3.3214390080428955,SHIBOR_1W+利差调整,,,0,水平代理；不能复现原偏离度,False
2006-11-27,3.3214390080428955,SHIBOR_1W+利差调整,,,0,水平代理；不能复现原偏离度,False
2006-11-28,3.2191106951871657,SHIBOR_1W+利差调整,,,0,水平代理；不能复现原偏离度,False
2006-11-28,3.2191106951871657,SHIBOR_1W+利差调整,,,0,水平代理；不能复现原偏离度,False
2006-11-29,2.6604390080428955,SHIBOR_1W+利差调整,,,0,水平代理；不能复现原偏离度,False
2006-11-29,2.6604390080428955,SHIBOR_1W+利差调整,,,0,水平代理；不能复现原偏离度,False
2006-11-30,2.5737390080428955,SHIBOR_1W+利差调整,,,0,水平代理；不能复现原偏离度,False
2006-11-30,2.5737390080428955,SHIBOR_1W+利差调整,,,0,水平代理；不能复现原偏离度,False
2006-12-01,2.5314106951871658,SHIBOR_1W+利差调整,,,0,水平代理；不能复现原偏离度,False
2006-12-01,2.5314106951871658,SHIBOR_1W+利差调整,,,0,水平代理；不能复现原偏离度,False
2006-12-04,2.5010390080428957,SHIBOR_1W+利差调整,,,0,水平代理；不能复现原偏离度,False
2006-12-04,2.5010390080428953,SHIBOR_1W+利差调整,,,0,水平代理；不能复现原偏离度,False
2006-12-05,2.4632390080428954,SHIBOR_1W+利差调整,,,0,水平代理；不能复现原偏离度,False
2006-12-05,2.4632390080428954,SHIBOR_1W+利差调整,,,0,水平代理；不能复现原偏离度,False
2006-12-06,2.4426390080428955,SHIBOR_1W+利差调整,,,0,水平代理；不能复现原偏离度,False
2006-12-06,2.4426390080428955,SHIBOR_1W+利差调整,,,0,水平代理；不能复现原偏离度,False
2006-12-07,2.4110390080428954,SHIBOR_1W+利差调整,,,0,水平代理；不能复现原偏离度,False
2006-12-07,2.4110390080428954,SHIBOR_1W+利差调整,,,0,水平代理；不能复现原偏离度,False
2006-12-08,2.393039008042896,SHIBOR_1W+利差调整,,,0,水平代理；不能复现原偏离度,False
2006-12-08,2.3930390080428956,SHIBOR_1W+利差调整,,,0,水平代理；不能复现原偏离度,False
2006-12-11,2.389139008042896,SHIBOR_1W+利差调整,,,0,水平代理；不能复现原偏离度,False
2006-12-11,2.3891390080428954,SHIBOR_1W+利差调整,,,0,水平代理；不能复现原偏离度,False
2006-12-12,2.356839008042896,SHIBOR_1W+利差调整,,,0,水平代理；不能复现原偏离度,False
2006-12-12,2.356839008042896,SHIBOR_1W+利差调整,,,0,水平代理；不能复现原偏离度,False
2006-12-13,2.375039008042896,SHIBOR_1W+利差调整,,,0,水平代理；不能复现原偏离度,False
2006-12-13,2.375039008042896,SHIBOR_1W+利差调整,,,0,水平代理；不能复现原偏离度,False
2006-12-14,2.2094390080428954,SHIBOR_1W+利差调整,,,0,水平代理；不能复现原偏离度,False
2006-12-14,2.2094390080428954,SHIBOR_1W+利差调整,,,0,水平代理；不能复现原偏离度,False
2006-12-15,2.1953390080428954,SHIBOR_1W+利差调整,,,0,水平代理；不能复现原偏离度,False
2006-12-15,2.1953390080428954,SHIBOR_1W+利差调整,,,0,水平代理；不能复现原偏离度,False
2006-12-18,2.171539008042896,SHIBOR_1W+利差调整,,,0,水平代理；不能复现原偏离度,False
2006-12-18,2.1715390080428953,SHIBOR_1W+利差调整,,,0,水平代理；不能复现原偏离度,False
2006-12-19,2.168939008042896,SHIBOR_1W+利差调整,,,0,水平代理；不能复现原偏离度,False
2006-12-19,2.168939008042896,SHIBOR_1W+利差调整,,,0,水平代理；不能复现原偏离度,False
2006-12-20,2.125639008042896,SHIBOR_1W+利差调整,,,0,水平代理；不能复现原偏离度,False
2006-12-20,2.125639008042896,SHIBOR_1W+利差调整,,,0,水平代理；不能复现原偏离度,False
2006-12-21,2.048339008042896,SHIBOR_1W+利差调整,,,0,水平代理；不能复现原偏离度,False
2006-12-21,2.0483390080428956,SHIBOR_1W+利差调整,,,0,水平代理；不能复现原偏离度,False
2006-12-22,2.1987390080428955,SHIBOR_1W+利差调整,,,0,水平代理；不能复现原偏离度,False
2006-12-22,2.1987390080428955,SHIBOR_1W+利差调整,,,0,水平代理；不能复现原偏离度,False
2006-12-25,2.4363390080428955,SHIBOR_1W+利差调整,,,0,水平代理；不能复现原偏离度,False
2006-12-25,2.4363390080428955,SHIBOR_1W+利差调整,,,0,水平代理；不能复现原偏离度,False
2006-12-26,2.4308390080428954,SHIBOR_1W+利差调整,,,0,水平代理；不能复现原偏离度,False
2006-12-26,2.4308390080428954,SHIBOR_1W+利差调整,,,0,水平代理；不能复现原偏离度,False
2006-12-27,2.424810695187166,SHIBOR_1W+利差调整,,,0,水平代理；不能复现原偏离度,False
2006-12-27,2.424810695187166,SHIBOR_1W+利差调整,,,0,水平代理；不能复现原偏离度,False
2006-12-28,2.222039008042896,SHIBOR_1W+利差调整,2.755065674709562,,0,水平代理；不能复现原偏离度,False
2006-12-28,2.222039008042896,SHIBOR_1W+利差调整,2.755065674709562,,0,水平代理；不能复现原偏离度,False
2006-12-29,2.110410695187166,SHIBOR_1W+利差调整,2.7491556951871656,,0,水平代理；不能复现原偏离度,False
2006-12-29,2.110410695187166,SHIBOR_1W+利差调整,2.7491556951871656,,0,水平代理；不能复现原偏离度,False
2006-12-30,2.0649390080428955,SHIBOR_1W+利差调整,2.7432873413762286,,0,水平代理；不能复现原偏离度,False
2006-12-30,2.0649390080428955,SHIBOR_1W+利差调整,2.7432873413762286,,0,水平代理；不能复现原偏离度,False
2006-12-31,1.7788390080428955,SHIBOR_1W+利差调整,2.732204008042895,,0,水平代理；不能复现原偏离度,False
2006-12-31,1.7788390080428955,SHIBOR_1W+利差调整,2.732204008042895,,0,水平代理；不能复现原偏离度,False
2007-01-04,1.6705390080428957,SHIBOR_1W+利差调整,2.719380674709562,,0,水平代理；不能复现原偏离度,False
2007-01-04,1.6705390080428955,SHIBOR_1W+利差调整,2.719380674709562,,0,水平代理；不能复现原偏离度,False
2007-01-05,1.6524390080428957,SHIBOR_1W+利差调整,2.706302341376229,,0,水平代理；不能复现原偏离度,False
2007-01-05,1.6524390080428955,SHIBOR_1W+利差调整,2.706302341376229,,0,水平代理；不能复现原偏离度,False
2007-01-08,1.599139008042895,SHIBOR_1W+利差调整,2.692310674709562,,0,水平代理；不能复现原偏离度,False
2007-01-08,1.5991390080428953,SHIBOR_1W+利差调整,2.692310674709562,,0,水平代理；不能复现原偏离度,False
2007-01-09,1.5872390080428953,SHIBOR_1W+利差调整,2.677745674709562,,0,水平代理；不能复现原偏离度,False
2007-01-09,1.5872390080428953,SHIBOR_1W+利差调整,2.677745674709562,,0,水平代理；不能复现原偏离度,False
2007-01-10,1.572939008042895,SHIBOR_1W+利差调整,2.661865674709562,,0,水平代理；不能复现原偏离度,False
2007-01-10,1.5729390080428953,SHIBOR_1W+利差调整,2.661865674709562,,0,水平代理；不能复现原偏离度,False
2007-01-11,1.558939008042895,SHIBOR_1W+利差调整,2.6443556747095625,,0,水平代理；不能复现原偏离度,False
2007-01-11,1.5589390080428953,SHIBOR_1W+利差调整,2.6443556747095625,,0,水平代理；不能复现原偏离度,False
2007-01-12,1.5514390080428957,SHIBOR_1W+利差调整,2.6262306747095616,,0,水平代理；不能复现原偏离度,False
2007-01-12,1.5514390080428955,SHIBOR_1W+利差调整,2.6262306747095616,,0,水平代理；不能复现原偏离度,False
2007-01-15,1.5267390080428953,SHIBOR_1W+利差调整,2.607729008042896,,0,水平代理；不能复现原偏离度,False
2007-01-15,1.5267390080428953,SHIBOR_1W+利差调整,2.6077290080428956,,0,水平代理；不能复现原偏离度,False
2007-01-16,1.5200390080428954,SHIBOR_1W+利差调整,2.589325674709562,,0,水平代理；不能复现原偏离度,False
2007-01-16,1.5200390080428954,SHIBOR_1W+利差调整,2.589325674709562,,0,水平代理；不能复现原偏离度,False
2007-01-17,1.6453390080428951,SHIBOR_1W+利差调整,2.572999008042895,,0,水平代理；不能复现原偏离度,False
2007-01-17,1.6453390080428953,SHIBOR_1W+利差调整,2.572999008042895,,0,水平代理；不能复现原偏离度,False
2007-01-18,1.651539008042895,SHIBOR_1W+利差调整,2.557542341376229,,0,水平代理；不能复现原偏离度,False
2007-01-18,1.651539008042895,SHIBOR_1W+利差调整,2.557542341376229,,0,水平代理；不能复现原偏离度,False
2007-01-19,1.6952390080428954,SHIBOR_1W+利差调整,2.543539008042896,,0,水平代理；不能复现原偏离度,False
2007-01-19,1.6952390080428954,SHIBOR_1W+利差调整,2.5435390080428957,,0,水平代理；不能复现原偏离度,False
2007-01-22,1.9193390080428956,SHIBOR_1W+利差调整,2.533589008042896,,0,水平代理；不能复现原偏离度,False
2007-01-22,1.9193390080428954,SHIBOR_1W+利差调整,2.5335890080428958,,0,水平代理；不能复现原偏离度,False
2007-01-23,2.111539008042896,SHIBOR_1W+利差调整,2.526450674709562,,0,水平代理；不能复现原偏离度,False
2007-01-23,2.1115390080428957,SHIBOR_1W+利差调整,2.526450674709562,,0,水平代理；不能复现原偏离度,False
2007-01-24,2.1528390080428954,SHIBOR_1W+利差调整,2.519029008042895,,0,水平代理；不能复现原偏离度,False
2007-01-24,2.1528390080428954,SHIBOR_1W+利差调整,2.519029008042895,,0,水平代理；不能复现原偏离度,False
2007-01-25,2.162639008042895,SHIBOR_1W+利差调整,2.511289008042896,,0,水平代理；不能复现原偏离度,False
2007-01-25,2.162639008042895,SHIBOR_1W+利差调整,2.5112890080428953,,0,水平代理；不能复现原偏离度,False
2007-01-26,2.2170390080428954,SHIBOR_1W+利差调整,2.504327341376229,,0,水平代理；不能复现原偏离度,False
2007-01-26,2.2170390080428954,SHIBOR_1W+利差调整,2.504327341376229,,0,水平代理；不能复现原偏离度,False
2007-01-29,2.250004557640751,SHIBOR_1W+利差调整,2.4987645576407504,,0,水平代理；不能复现原偏离度,False
2007-01-29,2.250004557640751,SHIBOR_1W+利差调整,2.4987645576407504,,0,水平代理；不能复现原偏离度,False
2007-01-30,2.2489390080428957,SHIBOR_1W+利差调整,2.4906173413762285,,0,水平代理；不能复现原偏离度,False
2007-01-30,2.2489390080428953,SHIBOR_1W+利差调整,2.4906173413762285,,0,水平代理；不能复现原偏离度,False
2007-01-31,2.238639008042896,SHIBOR_1W+利差调整,2.480597341376229,,0,水平代理；不能复现原偏离度,False
2007-01-31,2.238639008042896,SHIBOR_1W+利差调整,2.480597341376229,,0,水平代理；不能复现原偏离度,False
2007-02-01,2.2284390080428955,SHIBOR_1W+利差调整,2.4678873413762283,,0,水平代理；不能复现原偏离度,False
2007-02-01,2.2284390080428955,SHIBOR_1W+利差调整,2.4678873413762283,,0,水平代理；不能复现原偏离度,False
2007-02-02,2.1383390080428955,SHIBOR_1W+利差调整,2.4520723413762284,,0,水平代理；不能复现原偏离度,False
2007-02-02,2.1383390080428955,SHIBOR_1W+利差调整,2.4520723413762284,,0,水平代理；不能复现原偏离度,False
2007-02-05,2.2185390080428955,SHIBOR_1W+利差调整,2.433310674709562,,0,水平代理；不能复现原偏离度,False
2007-02-05,2.2185390080428955,SHIBOR_1W+利差调整,2.433310674709562,,0,水平代理；不能复现原偏离度,False
2007-02-06,2.3212390080428955,SHIBOR_1W+利差调整,2.4155373413762287,,0,水平代理；不能复现原偏离度,False
2007-02-06,2.3212390080428955,SHIBOR_1W+利差调整,2.4155373413762287,,0,水平代理；不能复现原偏离度,False
2007-02-07,2.6843390080428957,SHIBOR_1W+利差调整,2.3971723413762285,,0,水平代理；不能复现原偏离度,False
2007-02-07,2.6843390080428953,SHIBOR_1W+利差调整,2.3971723413762285,,0,水平代理；不能复现原偏离度,False
2007-02-08,3.671139008042896,SHIBOR_1W+利差调整,2.394364008042895,,0,水平代理；不能复现原偏离度,False
2007-02-08,3.6711390080428954,SHIBOR_1W+利差调整,2.394364008042895,,0,水平代理；不能复现原偏离度,False
2007-02-09,4.295239008042896,SHIBOR_1W+利差调整,2.4046006747095623,,0,水平代理；不能复现原偏离度,False
2007-02-09,4.295239008042896,SHIBOR_1W+利差调整,2.4046006747095623,,0,水平代理；不能复现原偏离度,False
2007-02-12,4.615939008042895,SHIBOR_1W+利差调整,2.4153240080428957,,0,水平代理；不能复现原偏离度,False
2007-02-12,4.615939008042895,SHIBOR_1W+利差调整,2.4153240080428953,,0,水平代理；不能复现原偏离度,False
2007-02-13,3.608939008042896,SHIBOR_1W+利差调整,2.407345674709562,,0,水平代理；不能复现原偏离度,False
2007-02-13,3.608939008042896,SHIBOR_1W+利差调整,2.407345674709562,,0,水平代理；不能复现原偏离度,False
2007-02-14,4.143139008042896,SHIBOR_1W+利差调整,2.407259008042895,,0,水平代理；不能复现原偏离度,False
2007-02-14,4.143139008042896,SHIBOR_1W+利差调整,2.407259008042895,,0,水平代理；不能复现原偏离度,False
2007-02-15,3.628439008042896,SHIBOR_1W+利差调整,2.4034690080428955,,0,水平代理；不能复现原偏离度,False
2007-02-15,3.6284390080428954,SHIBOR_1W+利差调整,2.4034690080428955,,0,水平代理；不能复现原偏离度,False
2007-02-16,2.2980390080428954,SHIBOR_1W+利差调整,2.3773823413762285,,0,水平代理；不能复现原偏离度,False
2007-02-16,2.2980390080428954,SHIBOR_1W+利差调整,2.3773823413762285,,0,水平代理；不能复现原偏离度,False
2007-02-17,1.6600390080428955,SHIBOR_1W+利差调整,2.337835674709562,,0,水平代理；不能复现原偏离度,False
2007-02-17,1.6600390080428955,SHIBOR_1W+利差调整,2.337835674709562,,0,水平代理；不能复现原偏离度,False
2007-02-25,3.056510695187166,SHIBOR_1W+利差调整,2.332999028520499,,0,水平代理；不能复现原偏离度,False
2007-02-25,3.056510695187166,SHIBOR_1W+利差调整,2.332999028520499,,0,水平代理；不能复现原偏离度,False
2007-02-26,2.8129390080428958,SHIBOR_1W+利差调整,2.3266506747095623,,0,水平代理；不能复现原偏离度,False
2007-02-26,2.8129390080428953,SHIBOR_1W+利差调整,2.3266506747095623,,0,水平代理；不能复现原偏离度,False
2007-02-27,2.678039008042896,SHIBOR_1W+利差调整,2.326944008042896,,0,水平代理；不能复现原偏离度,False
2007-02-27,2.678039008042896,SHIBOR_1W+利差调整,2.326944008042896,,0,水平代理；不能复现原偏离度,False
2007-02-28,2.138639008042896,SHIBOR_1W+利差调整,2.319692341376229,,0,水平代理；不能复现原偏离度,False
2007-02-28,2.1386390080428956,SHIBOR_1W+利差调整,2.319692341376229,,0,水平代理；不能复现原偏离度,False
2007-03-01,1.905139008042896,SHIBOR_1W+利差调整,2.3092473413762287,,0,水平代理；不能复现原偏离度,False
2007-03-01,1.905139008042896,SHIBOR_1W+利差调整,2.3092473413762287,,0,水平代理；不能复现原偏离度,False
2007-03-02,1.8305390080428956,SHIBOR_1W+利差调整,2.2980723413762285,,0,水平代理；不能复现原偏离度,False
2007-03-02,1.8305390080428954,SHIBOR_1W+利差调整,2.2980723413762285,,0,水平代理；不能复现原偏离度,False
2007-03-05,1.8143390080428956,SHIBOR_1W+利差调整,2.2872573413762285,,0,水平代理；不能复现原偏离度,False
2007-03-05,1.8143390080428954,SHIBOR_1W+利差调整,2.2872573413762285,,0,水平代理；不能复现原偏离度,False
2007-03-06,1.7612390080428957,SHIBOR_1W+利差调整,2.275900674709562,,0,水平代理；不能复现原偏离度,False
2007-03-06,1.7612390080428957,SHIBOR_1W+利差调整,2.275900674709562,,0,水平代理；不能复现原偏离度,False
2007-03-07,1.6968045576407509,SHIBOR_1W+利差调整,2.2642578909740845,,0,水平代理；不能复现原偏离度,False
2007-03-07,1.6968045576407509,SHIBOR_1W+利差调整,2.2642578909740845,,0,水平代理；不能复现原偏离度,False
2007-03-08,1.6783390080428957,SHIBOR_1W+利差调整,2.252080674709562,,0,水平代理；不能复现原偏离度,False
2007-03-08,1.6783390080428955,SHIBOR_1W+利差调整,2.252080674709562,,0,水平代理；不能复现原偏离度,False
2007-03-09,1.6419106951871658,SHIBOR_1W+利差调整,2.239205695187166,,0,水平代理；不能复现原偏离度,False
2007-03-09,1.6419106951871658,SHIBOR_1W+利差调整,2.239205695187166,,0,水平代理；不能复现原偏离度,False
2007-03-12,1.623310695187166,SHIBOR_1W+利差调整,2.226987361853832,,0,水平代理；不能复现原偏离度,False
2007-03-12,1.623310695187166,SHIBOR_1W+利差调整,2.226987361853832,,0,水平代理；不能复现原偏离度,False
2007-03-13,1.6068106951871657,SHIBOR_1W+利差调整,2.214190695187165,,0,水平代理；不能复现原偏离度,False
2007-03-13,1.6068106951871657,SHIBOR_1W+利差调整,2.214190695187165,,0,水平代理；不能复现原偏离度,False
2007-03-14,1.588381124497992,SHIBOR_1W+利差调整,2.2040144578313257,,0,水平代理；不能复现原偏离度,False
2007-03-14,1.588381124497992,SHIBOR_1W+利差调整,2.2040144578313257,,0,水平代理；不能复现原偏离度,False
2007-03-15,1.5893390080428955,SHIBOR_1W+利差调整,2.194172341376229,,0,水平代理；不能复现原偏离度,False
2007-03-15,1.5893390080428955,SHIBOR_1W+利差调整,2.194172341376229,,0,水平代理；不能复现原偏离度,False
2007-03-16,1.662881124497992,SHIBOR_1W+利差调整,2.1854411244979923,,0,水平代理；不能复现原偏离度,False
2007-03-16,1.662881124497992,SHIBOR_1W+利差调整,2.1854411244979923,,0,水平代理；不能复现原偏离度,False
2007-03-19,1.8110106951871656,SHIBOR_1W+利差调整,2.179312361853832,,0,水平代理；不能复现原偏离度,False
2007-03-19,1.8110106951871656,SHIBOR_1W+利差调整,2.179312361853832,,0,水平代理；不能复现原偏离度,False
2007-03-20,1.850039008042896,SHIBOR_1W+利差调整,2.175147341376229,,0,水平代理；不能复现原偏离度,False
2007-03-20,1.850039008042896,SHIBOR_1W+利差调整,2.175147341376229,,0,水平代理；不能复现原偏离度,False
2007-03-21,1.9051390080428956,SHIBOR_1W+利差调整,2.1727606747095627,,0,水平代理；不能复现原偏离度,False
2007-03-21,1.9051390080428954,SHIBOR_1W+利差调整,2.1727606747095627,,0,水平代理；不能复现原偏离度,False
2007-03-22,1.9532106951871653,SHIBOR_1W+利差调整,2.1682473618538323,,0,水平代理；不能复现原偏离度,False
2007-03-22,1.9532106951871653,SHIBOR_1W+利差调整,2.1682473618538323,,0,水平代理；不能复现原偏离度,False
2007-03-23,2.011739008042896,SHIBOR_1W+利差调整,2.1615990080428955,,0,水平代理；不能复现原偏离度,False
2007-03-23,2.0117390080428956,SHIBOR_1W+利差调整,2.1615990080428955,,0,水平代理；不能复现原偏离度,False
2007-03-26,2.095181124497992,SHIBOR_1W+利差调整,2.155751124497992,,0,水平代理；不能复现原偏离度,False
2007-03-26,2.095181124497992,SHIBOR_1W+利差调整,2.155751124497992,,0,水平代理；不能复现原偏离度,False
2007-03-27,2.104939008042896,SHIBOR_1W+利差调整,2.150670674709562,,0,水平代理；不能复现原偏离度,False
2007-03-27,2.1049390080428956,SHIBOR_1W+利差调整,2.150670674709562,,0,水平代理；不能复现原偏离度,False
2007-03-28,2.112110695187166,SHIBOR_1W+利差调整,2.1484173618538325,,0,水平代理；不能复现原偏离度,False
2007-03-28,2.112110695187166,SHIBOR_1W+利差调整,2.1484173618538325,,0,水平代理；不能复现原偏离度,False
2007-03-29,2.119381124497992,SHIBOR_1W+利差调整,2.148734457831325,,0,水平代理；不能复现原偏离度,False
2007-03-29,2.119381124497992,SHIBOR_1W+利差调整,2.148734457831325,,0,水平代理；不能复现原偏离度,False
2007-03-30,2.117139008042896,SHIBOR_1W+利差调整,2.149862341376229,,0,水平代理；不能复现原偏离度,False
2007-03-30,2.1171390080428956,SHIBOR_1W+利差调整,2.149862341376229,,0,水平代理；不能复现原偏离度,False
2007-04-02,2.090939008042896,SHIBOR_1W+利差调整,2.155064008042895,,0,水平代理；不能复现原偏离度,False
2007-04-02,2.090939008042896,SHIBOR_1W+利差调整,2.155064008042895,,0,水平代理；不能复现原偏离度,False
2007-04-03,2.0943390080428954,SHIBOR_1W+利差调整,2.1621273413762285,,0,水平代理；不能复现原偏离度,False
2007-04-03,2.0943390080428954,SHIBOR_1W+利差调整,2.1621273413762285,,0,水平代理；不能复现原偏离度,False
2007-04-04,2.102039008042896,SHIBOR_1W+利差调整,2.169620674709562,,0,水平代理；不能复现原偏离度,False
2007-04-04,2.1020390080428957,SHIBOR_1W+利差调整,2.169620674709562,,0,水平代理；不能复现原偏离度,False
2007-04-05,2.139039008042896,SHIBOR_1W+利差调整,2.178619008042895,,0,水平代理；不能复现原偏离度,False
2007-04-05,2.1390390080428956,SHIBOR_1W+利差调整,2.178619008042895,,0,水平代理；不能复现原偏离度,False
2007-04-06,2.3321390080428954,SHIBOR_1W+利差调整,2.191034008042896,,0,水平代理；不能复现原偏离度,False
2007-04-06,2.3321390080428954,SHIBOR_1W+利差调整,2.191034008042896,,0,水平代理；不能复现原偏离度,False
2007-04-09,2.4426390080428955,SHIBOR_1W+利差调整,2.2055290080428955,,0,水平代理；不能复现原偏离度,False
2007-04-09,2.4426390080428955,SHIBOR_1W+利差调整,2.2055290080428955,,0,水平代理；不能复现原偏离度,False
2007-04-10,2.521839008042896,SHIBOR_1W+利差调整,2.221577341376229,,0,水平代理；不能复现原偏离度,False
2007-04-10,2.5218390080428956,SHIBOR_1W+利差调整,2.221577341376229,,0,水平代理；不能复现原偏离度,False
2007-04-11,2.5148390080428955,SHIBOR_1W+利差调整,2.237634008042896,,0,水平代理；不能复现原偏离度,False
2007-04-11,2.5148390080428955,SHIBOR_1W+利差调整,2.2376340080428956,,0,水平代理；不能复现原偏离度,False
2007-04-12,2.5346390080428955,SHIBOR_1W+利差调整,2.254432341376229,,0,水平代理；不能复现原偏离度,False
2007-04-12,2.5346390080428955,SHIBOR_1W+利差调整,2.254432341376229,,0,水平代理；不能复现原偏离度,False
2007-04-13,2.6368390080428954,SHIBOR_1W+利差调整,2.273045674709562,,0,水平代理；不能复现原偏离度,False
2007-04-13,2.6368390080428954,SHIBOR_1W+利差调整,2.273045674709562,,0,水平代理；不能复现原偏离度,False
2007-04-16,3.1079390080428952,SHIBOR_1W+利差调整,2.2974223413762287,,0,水平代理；不能复现原偏离度,False
2007-04-16,3.1079390080428952,SHIBOR_1W+利差调整,2.2974223413762287,,0,水平代理；不能复现原偏离度,False
2007-04-17,3.1016390080428957,SHIBOR_1W+利差调整,2.321590674709562,,0,水平代理；不能复现原偏离度,False
2007-04-17,3.1016390080428953,SHIBOR_1W+利差调整,2.321590674709562,,0,水平代理；不能复现原偏离度,False
2007-04-18,3.5240390080428954,SHIBOR_1W+利差调整,2.352070674709562,,0,水平代理；不能复现原偏离度,False
2007-04-18,3.5240390080428954,SHIBOR_1W+利差调整,2.352070674709562,,0,水平代理；不能复现原偏离度,False
2007-04-19,4.217139008042896,SHIBOR_1W+利差调整,2.3903673413762285,,0,水平代理；不能复现原偏离度,False
2007-04-19,4.217139008042896,SHIBOR_1W+利差调整,2.3903673413762285,,0,水平代理；不能复现原偏离度,False
2007-04-20,4.358039008042895,SHIBOR_1W+利差调整,2.427809008042895,,0,水平代理；不能复现原偏离度,False
2007-04-20,4.358039008042895,SHIBOR_1W+利差调整,2.427809008042895,,0,水平代理；不能复现原偏离度,False
2007-04-23,4.618439008042896,SHIBOR_1W+利差调整,2.468902341376229,,0,水平代理；不能复现原偏离度,False
2007-04-23,4.618439008042896,SHIBOR_1W+利差调整,2.468902341376229,,0,水平代理；不能复现原偏离度,False
2007-04-24,4.860539008042895,SHIBOR_1W+利差调整,2.5138673413762285,,0,水平代理；不能复现原偏离度,False
2007-04-24,4.860539008042895,SHIBOR_1W+利差调整,2.5138673413762285,,0,水平代理；不能复现原偏离度,False
2007-04-25,4.871610695187166,SHIBOR_1W+利差调整,2.557689028520499,,0,水平代理；不能复现原偏离度,False
2007-04-25,4.871610695187166,SHIBOR_1W+利差调整,2.557689028520499,,0,水平代理；不能复现原偏离度,False
2007-04-26,4.498639008042895,SHIBOR_1W+利差调整,2.595599008042896,,0,水平代理；不能复现原偏离度,False
2007-04-26,4.498639008042895,SHIBOR_1W+利差调整,2.5955990080428957,,0,水平代理；不能复现原偏离度,False
2007-04-27,3.818739008042896,SHIBOR_1W+利差调整,2.6217623413762285,,0,水平代理；不能复现原偏离度,False
2007-04-27,3.8187390080428956,SHIBOR_1W+利差调整,2.6217623413762285,,0,水平代理；不能复现原偏离度,False
2007-04-28,2.3950390080428954,SHIBOR_1W+利差调整,2.624369008042896,,0,水平代理；不能复现原偏离度,False
2007-04-28,2.3950390080428954,SHIBOR_1W+利差调整,2.624369008042896,,0,水平代理；不能复现原偏离度,False
2007-04-29,2.233381124497992,SHIBOR_1W+利差调整,2.624197791164659,,0,水平代理；不能复现原偏离度,False
2007-04-29,2.233381124497992,SHIBOR_1W+利差调整,2.624197791164659,,0,水平代理；不能复现原偏离度,False
2007-04-30,1.9926390080428955,SHIBOR_1W+利差调整,2.622027341376229,,0,水平代理；不能复现原偏离度,False
2007-04-30,1.9926390080428955,SHIBOR_1W+利差调整,2.622027341376229,,0,水平代理；不能复现原偏离度,False
2007-05-08,1.9444390080428955,SHIBOR_1W+利差调整,2.6174590080428954,,0,水平代理；不能复现原偏离度,False
2007-05-08,1.9444390080428955,SHIBOR_1W+利差调整,2.6174590080428954,,0,水平代理；不能复现原偏离度,False
2007-05-09,1.9424390080428957,SHIBOR_1W+利差调整,2.6111456747095625,,0,水平代理；不能复现原偏离度,False
2007-05-09,1.9424390080428955,SHIBOR_1W+利差调整,2.6111456747095625,,0,水平代理；不能复现原偏离度,False
2007-05-10,2.018739008042896,SHIBOR_1W+利差调整,2.6000523413762284,,0,水平代理；不能复现原偏离度,False
2007-05-10,2.018739008042896,SHIBOR_1W+利差调整,2.6000523413762284,,0,水平代理；不能复现原偏离度,False
2007-05-11,3.167981124497992,SHIBOR_1W+利差调整,2.5914127911646587,,0,水平代理；不能复现原偏离度,False
2007-05-11,3.167981124497992,SHIBOR_1W+利差调整,2.5914127911646587,,0,水平代理；不能复现原偏离度,False
2007-05-14,3.344981124497992,SHIBOR_1W+利差调整,2.5755794578313256,,0,水平代理；不能复现原偏离度,False
2007-05-14,3.344981124497992,SHIBOR_1W+利差调整,2.5755794578313256,,0,水平代理；不能复现原偏离度,False
2007-05-15,3.201310695187166,SHIBOR_1W+利差调整,2.551839028520499,,0,水平代理；不能复现原偏离度,False
2007-05-15,3.201310695187166,SHIBOR_1W+利差调整,2.551839028520499,,0,水平代理；不能复现原偏离度,False
2007-05-16,3.1444390080428954,SHIBOR_1W+利差调整,2.544525674709562,,0,水平代理；不能复现原偏离度,False
2007-05-16,3.1444390080428954,SHIBOR_1W+利差调整,2.544525674709562,,0,水平代理；不能复现原偏离度,False
2007-05-17,3.019939008042896,SHIBOR_1W+利差调整,2.525805674709562,,0,水平代理；不能复现原偏离度,False
2007-05-17,3.019939008042896,SHIBOR_1W+利差调整,2.525805674709562,,0,水平代理；不能复现原偏离度,False
2007-05-18,2.725139008042895,SHIBOR_1W+利差调整,2.510750674709562,,0,水平代理；不能复现原偏离度,False
2007-05-18,2.725139008042895,SHIBOR_1W+利差调整,2.510750674709562,,0,水平代理；不能复现原偏离度,False
2007-05-21,2.660939008042896,SHIBOR_1W+利差调整,2.5167990080428955,,0,水平代理；不能复现原偏离度,False
2007-05-21,2.6609390080428956,SHIBOR_1W+利差调整,2.5167990080428955,,0,水平代理；不能复现原偏离度,False
2007-05-22,2.625310695187166,SHIBOR_1W+利差调整,2.5324656951871654,,0,水平代理；不能复现原偏离度,False
2007-05-22,2.625310695187166,SHIBOR_1W+利差调整,2.5324656951871654,,0,水平代理；不能复现原偏离度,False
2007-05-23,2.5493390080428955,SHIBOR_1W+利差调整,2.5244340080428955,,0,水平代理；不能复现原偏离度,False
2007-05-23,2.5493390080428955,SHIBOR_1W+利差调整,2.5244340080428955,,0,水平代理；不能复现原偏离度,False
2007-05-24,2.5207390080428955,SHIBOR_1W+利差调整,2.519564008042896,,0,水平代理；不能复现原偏离度,False
2007-05-24,2.5207390080428955,SHIBOR_1W+利差调整,2.5195640080428956,,0,水平代理；不能复现原偏离度,False
2007-05-25,2.5008390080428957,SHIBOR_1W+利差调整,2.5166106747095625,,0,水平代理；不能复现原偏离度,False
2007-05-25,2.5008390080428953,SHIBOR_1W+利差调整,2.5166106747095625,,0,水平代理；不能复现原偏离度,False
2007-05-28,2.485239008042895,SHIBOR_1W+利差调整,2.5223873413762288,,0,水平代理；不能复现原偏离度,False
2007-05-28,2.485239008042895,SHIBOR_1W+利差调整,2.5223873413762288,,0,水平代理；不能复现原偏离度,False
2007-05-29,2.4545390080428957,SHIBOR_1W+利差调整,2.531544008042895,,0,水平代理；不能复现原偏离度,False
2007-05-29,2.4545390080428953,SHIBOR_1W+利差调整,2.531544008042895,,0,水平代理；不能复现原偏离度,False
2007-05-30,2.467839008042896,SHIBOR_1W+利差调整,2.5421656747095627,,0,水平代理；不能复现原偏离度,False
2007-05-30,2.4678390080428954,SHIBOR_1W+利差调整,2.5421656747095627,,0,水平代理；不能复现原偏离度,False
2007-05-31,2.615039008042896,SHIBOR_1W+利差调整,2.555510674709562,,0,水平代理；不能复现原偏离度,False
2007-05-31,2.6150390080428956,SHIBOR_1W+利差调整,2.555510674709562,,0,水平代理；不能复现原偏离度,False
2007-06-01,2.9625390080428957,SHIBOR_1W+利差调整,2.575532341376229,,0,水平代理；不能复现原偏离度,False
2007-06-01,2.9625390080428953,SHIBOR_1W+利差调整,2.5755323413762286,,0,水平代理；不能复现原偏离度,False
2007-06-04,2.9904390080428955,SHIBOR_1W+利差调整,2.5970973413762284,,0,水平代理；不能复现原偏离度,False
2007-06-04,2.9904390080428955,SHIBOR_1W+利差调整,2.5970973413762284,,0,水平代理；不能复现原偏离度,False
2007-06-05,2.9695390080428954,SHIBOR_1W+利差调整,2.618617341376229,,0,水平代理；不能复现原偏离度,False
2007-06-05,2.9695390080428954,SHIBOR_1W+利差调整,2.618617341376229,,0,水平代理；不能复现原偏离度,False
2007-06-06,2.929239008042896,SHIBOR_1W+利差调整,2.640065674709562,,0,水平代理；不能复现原偏离度,False
2007-06-06,2.9292390080428956,SHIBOR_1W+利差调整,2.640065674709562,,0,水平代理；不能复现原偏离度,False
2007-06-07,2.640139008042896,SHIBOR_1W+利差调整,2.657005674709562,,0,水平代理；不能复现原偏离度,False
2007-06-07,2.640139008042896,SHIBOR_1W+利差调整,2.657005674709562,,0,水平代理；不能复现原偏离度,False
2007-06-08,2.4874390080428954,SHIBOR_1W+利差调整,2.6716756747095625,,0,水平代理；不能复现原偏离度,False
2007-06-08,2.4874390080428954,SHIBOR_1W+利差调整,2.6716756747095625,,0,水平代理；不能复现原偏离度,False
2007-06-11,2.4390390080428954,SHIBOR_1W+利差调整,2.685849008042895,,0,水平代理；不能复现原偏离度,False
2007-06-11,2.4390390080428954,SHIBOR_1W+利差调整,2.685849008042895,,0,水平代理；不能复现原偏离度,False
2007-06-12,2.4200390080428957,SHIBOR_1W+利差调整,2.699694008042896,,0,水平代理；不能复现原偏离度,False
2007-06-12,2.4200390080428953,SHIBOR_1W+利差调整,2.6996940080428957,,0,水平代理；不能复现原偏离度,False
2007-06-13,2.413339008042896,SHIBOR_1W+利差调整,2.7121973413762293,,0,水平代理；不能复现原偏离度,False
2007-06-13,2.4133390080428954,SHIBOR_1W+利差调整,2.7121973413762293,,0,水平代理；不能复现原偏离度,False
2007-06-14,3.4161390080428955,SHIBOR_1W+利差调整,2.738942341376229,,0,水平代理；不能复现原偏离度,False
2007-06-14,3.4161390080428955,SHIBOR_1W+利差调整,2.738942341376229,,0,水平代理；不能复现原偏离度,False
2007-06-15,4.423139008042895,SHIBOR_1W+利差调整,2.781827341376229,,0,水平代理；不能复现原偏离度,False
2007-06-15,4.423139008042895,SHIBOR_1W+利差调整,2.781827341376229,,0,水平代理；不能复现原偏离度,False
2007-06-18,4.455339008042896,SHIBOR_1W+利差调整,2.8243306747095622,,0,水平代理；不能复现原偏离度,False
2007-06-18,4.455339008042896,SHIBOR_1W+利差调整,2.8243306747095622,,0,水平代理；不能复现原偏离度,False
2007-06-19,4.178539008042895,SHIBOR_1W+利差调整,2.861412341376229,,0,水平代理；不能复现原偏离度,False
2007-06-19,4.178539008042895,SHIBOR_1W+利差调整,2.861412341376229,,0,水平代理；不能复现原偏离度,False
2007-06-20,3.147039008042896,SHIBOR_1W+利差调整,2.880334008042896,,0,水平代理；不能复现原偏离度,False
2007-06-20,3.1470390080428956,SHIBOR_1W+利差调整,2.8803340080428956,,0,水平代理；不能复现原偏离度,False
2007-06-21,2.461039008042895,SHIBOR_1W+利差调整,2.8864273413762285,,0,水平代理；不能复现原偏离度,False
2007-06-21,2.461039008042895,SHIBOR_1W+利差调整,2.8864273413762285,,0,水平代理；不能复现原偏离度,False
2007-06-22,2.350139008042895,SHIBOR_1W+利差调整,2.890514008042896,,0,水平代理；不能复现原偏离度,False
2007-06-22,2.350139008042895,SHIBOR_1W+利差调整,2.890514008042896,,0,水平代理；不能复现原偏离度,False
2007-06-25,2.165439008042896,SHIBOR_1W+利差调整,2.891395674709562,,0,水平代理；不能复现原偏离度,False
2007-06-25,2.1654390080428954,SHIBOR_1W+利差调整,2.891395674709562,,0,水平代理；不能复现原偏离度,False
2007-06-26,2.106439008042896,SHIBOR_1W+利差调整,2.8911756747095625,,0,水平代理；不能复现原偏离度,False
2007-06-26,2.1064390080428956,SHIBOR_1W+利差调整,2.8911756747095625,,0,水平代理；不能复现原偏离度,False
2007-06-27,1.9954390080428956,SHIBOR_1W+利差调整,2.889147341376229,,0,水平代理；不能复现原偏离度,False
2007-06-27,1.9954390080428954,SHIBOR_1W+利差调整,2.889147341376229,,0,水平代理；不能复现原偏离度,False
2007-06-28,1.9280390080428955,SHIBOR_1W+利差调整,2.8864323413762287,,0,水平代理；不能复现原偏离度,False
2007-06-28,1.9280390080428955,SHIBOR_1W+利差调整,2.8864323413762287,,0,水平代理；不能复现原偏离度,False
2007-06-29,2.987839008042896,SHIBOR_1W+利差调整,2.901324008042896,,0,水平代理；不能复现原偏离度,False
2007-06-29,2.9878390080428954,SHIBOR_1W+利差调整,2.901324008042896,,0,水平代理；不能复现原偏离度,False
2007-07-02,3.725139008042895,SHIBOR_1W+利差调整,2.928375674709562,,0,水平代理；不能复现原偏离度,False
2007-07-02,3.725139008042895,SHIBOR_1W+利差调整,2.928375674709562,,0,水平代理；不能复现原偏离度,False
2007-07-03,4.124539008042896,SHIBOR_1W+利差调整,2.961467341376229,,0,水平代理；不能复现原偏离度,False
2007-07-03,4.124539008042896,SHIBOR_1W+利差调整,2.961467341376229,,0,水平代理；不能复现原偏离度,False
2007-07-04,2.575939008042895,SHIBOR_1W+利差调整,2.965530674709562,,0,水平代理；不能复现原偏离度,False
2007-07-04,2.575939008042895,SHIBOR_1W+利差调整,2.965530674709562,,0,水平代理；不能复现原偏离度,False
2007-07-05,2.5497106951871658,SHIBOR_1W+利差调整,2.966894028520499,,0,水平代理；不能复现原偏离度,False
2007-07-05,2.5497106951871658,SHIBOR_1W+利差调整,2.966894028520499,,0,水平代理；不能复现原偏离度,False
2007-07-06,2.515539008042895,SHIBOR_1W+利差调整,2.9672173413762284,,0,水平代理；不能复现原偏离度,False
2007-07-06,2.515539008042895,SHIBOR_1W+利差调整,2.9672173413762284,,0,水平代理；不能复现原偏离度,False
2007-07-09,2.909210695187166,SHIBOR_1W+利差调整,2.9733690285205,,0,水平代理；不能复现原偏离度,False
2007-07-09,2.909210695187166,SHIBOR_1W+利差调整,2.9733690285205,,0,水平代理；不能复现原偏离度,False
2007-07-10,3.925239008042896,SHIBOR_1W+利差调整,2.9969740080428955,,0,水平代理；不能复现原偏离度,False
2007-07-10,3.925239008042896,SHIBOR_1W+利差调整,2.9969740080428955,,0,水平代理；不能复现原偏离度,False
2007-07-11,4.052239008042895,SHIBOR_1W+利差调整,3.0205640080428955,,0,水平代理；不能复现原偏离度,False
2007-07-11,4.052239008042895,SHIBOR_1W+利差调整,3.0205640080428955,,0,水平代理；不能复现原偏离度,False
2007-07-12,3.3955390080428955,SHIBOR_1W+利差调整,3.0253573413762287,,0,水平代理；不能复现原偏离度,False
2007-07-12,3.3955390080428955,SHIBOR_1W+利差调整,3.0253573413762287,,0,水平代理；不能复现原偏离度,False
2007-07-13,3.3378390080428955,SHIBOR_1W+利差调整,3.0292940080428954,,0,水平代理；不能复现原偏离度,False
2007-07-13,3.3378390080428955,SHIBOR_1W+利差调整,3.0292940080428954,,0,水平代理；不能复现原偏离度,False
2007-07-16,3.0276106951871657,SHIBOR_1W+利差调整,3.020599028520499,,0,水平代理；不能复现原偏离度,False
2007-07-16,3.0276106951871657,SHIBOR_1W+利差调整,3.020599028520499,,0,水平代理；不能复现原偏离度,False
2007-07-17,2.947839008042896,SHIBOR_1W+利差调整,2.999872341376229,,0,水平代理；不能复现原偏离度,False
2007-07-17,2.947839008042896,SHIBOR_1W+利差调整,2.999872341376229,,0,水平代理；不能复现原偏离度,False
2007-07-18,2.3736390080428955,SHIBOR_1W+利差调整,2.966799008042896,,0,水平代理；不能复现原偏离度,False
2007-07-18,2.3736390080428955,SHIBOR_1W+利差调整,2.966799008042896,,0,水平代理；不能复现原偏离度,False
2007-07-19,2.325339008042896,SHIBOR_1W+利差调整,2.928580674709562,,0,水平代理；不能复现原偏离度,False
2007-07-19,2.325339008042896,SHIBOR_1W+利差调整,2.928580674709562,,0,水平代理；不能复现原偏离度,False
2007-07-20,2.2653390080428952,SHIBOR_1W+利差调整,2.8853273413762293,,0,水平代理；不能复现原偏离度,False
2007-07-20,2.2653390080428952,SHIBOR_1W+利差调整,2.8853273413762293,,0,水平代理；不能复现原偏离度,False
2007-07-23,2.30180455764075,SHIBOR_1W+利差调整,2.842751224307418,,0,水平代理；不能复现原偏离度,False
2007-07-23,2.30180455764075,SHIBOR_1W+利差调整,2.842751224307418,,0,水平代理；不能复现原偏离度,False
2007-07-24,2.2993390080428955,SHIBOR_1W+利差调整,2.805830674709562,,0,水平代理；不能复现原偏离度,False
2007-07-24,2.2993390080428955,SHIBOR_1W+利差调整,2.805830674709562,,0,水平代理；不能复现原偏离度,False
2007-07-25,2.2959390080428954,SHIBOR_1W+利差调整,2.7804506747095625,,0,水平代理；不能复现原偏离度,False
2007-07-25,2.2959390080428954,SHIBOR_1W+利差调整,2.7804506747095625,,0,水平代理；不能复现原偏离度,False
2007-07-26,2.2691390080428957,SHIBOR_1W+利差调整,2.778352341376229,,0,水平代理；不能复现原偏离度,False
2007-07-26,2.2691390080428953,SHIBOR_1W+利差调整,2.7783523413762286,,0,水平代理；不能复现原偏离度,False
2007-07-27,2.2738390080428954,SHIBOR_1W+利差调整,2.7790223413762285,,0,水平代理；不能复现原偏离度,False
2007-07-27,2.2738390080428954,SHIBOR_1W+利差调整,2.7790223413762285,,0,水平代理；不能复现原偏离度,False
2007-07-30,2.2488390080428955,SHIBOR_1W+利差调整,2.783292341376229,,0,水平代理；不能复现原偏离度,False
2007-07-30,2.2488390080428955,SHIBOR_1W+利差调整,2.783292341376229,,0,水平代理；不能复现原偏离度,False
2007-07-31,2.8363390080428954,SHIBOR_1W+利差调整,2.798157341376229,,0,水平代理；不能复现原偏离度,False
2007-07-31,2.8363390080428954,SHIBOR_1W+利差调整,2.798157341376229,,0,水平代理；不能复现原偏离度,False
2007-08-01,2.8617390080428957,SHIBOR_1W+利差调整,2.8134790080428957,,0,水平代理；不能复现原偏离度,False
2007-08-01,2.8617390080428953,SHIBOR_1W+利差调整,2.8134790080428953,,0,水平代理；不能复现原偏离度,False
2007-08-02,2.3379390080428952,SHIBOR_1W+利差调整,2.8187990080428955,,0,水平代理；不能复现原偏离度,False
2007-08-02,2.3379390080428952,SHIBOR_1W+利差调整,2.8187990080428955,,0,水平代理；不能复现原偏离度,False
2007-08-03,2.180939008042895,SHIBOR_1W+利差调整,2.802344008042895,,0,水平代理；不能复现原偏离度,False
2007-08-03,2.180939008042895,SHIBOR_1W+利差调整,2.802344008042895,,0,水平代理；不能复现原偏离度,False
2007-08-06,2.153439008042896,SHIBOR_1W+利差调整,2.782480674709562,,0,水平代理；不能复现原偏离度,False
2007-08-06,2.1534390080428953,SHIBOR_1W+利差调整,2.782480674709562,,0,水平代理；不能复现原偏离度,False
2007-08-07,2.1980390080428958,SHIBOR_1W+利差调整,2.7657523413762286,,0,水平代理；不能复现原偏离度,False
2007-08-07,2.1980390080428953,SHIBOR_1W+利差调整,2.7657523413762286,,0,水平代理；不能复现原偏离度,False
2007-08-08,2.293739008042895,SHIBOR_1W+利差调整,2.7515740080428954,,0,水平代理；不能复现原偏离度,False
2007-08-08,2.293739008042895,SHIBOR_1W+利差调整,2.7515740080428954,,0,水平代理；不能复现原偏离度,False
2007-08-09,2.306739008042896,SHIBOR_1W+利差调整,2.739687341376228,,0,水平代理；不能复现原偏离度,False
2007-08-09,2.3067390080428956,SHIBOR_1W+利差调整,2.739687341376228,,0,水平代理；不能复现原偏离度,False
2007-08-10,2.4060390080428955,SHIBOR_1W+利差调整,2.734369008042896,,0,水平代理；不能复现原偏离度,False
2007-08-10,2.4060390080428955,SHIBOR_1W+利差调整,2.7343690080428957,,0,水平代理；不能复现原偏离度,False
2007-08-13,2.3298390080428955,SHIBOR_1W+利差调整,2.728850674709562,,0,水平代理；不能复现原偏离度,False
2007-08-13,2.3298390080428955,SHIBOR_1W+利差调整,2.728850674709562,,0,水平代理；不能复现原偏离度,False
2007-08-14,2.2751390080428955,SHIBOR_1W+利差调整,2.723007341376229,,0,水平代理；不能复现原偏离度,False
2007-08-14,2.2751390080428955,SHIBOR_1W+利差调整,2.723007341376229,,0,水平代理；不能复现原偏离度,False
2007-08-15,2.2324390080428955,SHIBOR_1W+利差调整,2.717725674709562,,0,水平代理；不能复现原偏离度,False
2007-08-15,2.2324390080428955,SHIBOR_1W+利差调整,2.717725674709562,,0,水平代理；不能复现原偏离度,False
2007-08-16,2.125039008042896,SHIBOR_1W+利差调整,2.7111306747095623,,0,水平代理；不能复现原偏离度,False
2007-08-16,2.1250390080428954,SHIBOR_1W+利差调整,2.7111306747095623,,0,水平代理；不能复现原偏离度,False
2007-08-17,2.120739008042896,SHIBOR_1W+利差调整,2.7047956747095614,,0,水平代理；不能复现原偏离度,False
2007-08-17,2.1207390080428956,SHIBOR_1W+利差调整,2.7047956747095614,,0,水平代理；不能复现原偏离度,False
2007-08-20,2.1214390080428958,SHIBOR_1W+利差调整,2.6987323413762287,,0,水平代理；不能复现原偏离度,False
2007-08-20,2.1214390080428953,SHIBOR_1W+利差调整,2.6987323413762287,,0,水平代理；不能复现原偏离度,False
2007-08-21,2.111039008042896,SHIBOR_1W+利差调整,2.6930073413762288,,0,水平代理；不能复现原偏离度,False
2007-08-21,2.1110390080428956,SHIBOR_1W+利差调整,2.6930073413762288,,0,水平代理；不能复现原偏离度,False
2007-08-22,2.345039008042896,SHIBOR_1W+利差调整,2.690960674709562,,0,水平代理；不能复现原偏离度,False
2007-08-22,2.3450390080428956,SHIBOR_1W+利差调整,2.690960674709562,,0,水平代理；不能复现原偏离度,False
2007-08-23,2.527939008042896,SHIBOR_1W+利差调整,2.6895090080428954,,0,水平代理；不能复现原偏离度,False
2007-08-23,2.5279390080428956,SHIBOR_1W+利差调整,2.6895090080428954,,0,水平代理；不能复现原偏离度,False
2007-08-24,2.596539008042896,SHIBOR_1W+利差调整,2.6834090080428954,,0,水平代理；不能复现原偏离度,False
2007-08-24,2.5965390080428956,SHIBOR_1W+利差调整,2.6834090080428954,,0,水平代理；不能复现原偏离度,False
2007-08-27,2.514039008042896,SHIBOR_1W+利差调整,2.675469008042896,,0,水平代理；不能复现原偏离度,False
2007-08-27,2.5140390080428956,SHIBOR_1W+利差调整,2.675469008042896,,0,水平代理；不能复现原偏离度,False
2007-08-28,2.5882390080428954,SHIBOR_1W+利差调整,2.6691140080428952,,0,水平代理；不能复现原偏离度,False
2007-08-28,2.5882390080428954,SHIBOR_1W+利差调整,2.6691140080428952,,0,水平代理；不能复现原偏离度,False
2007-08-29,2.5897390080428955,SHIBOR_1W+利差调整,2.663455674709562,,0,水平代理；不能复现原偏离度,False
2007-08-29,2.5897390080428955,SHIBOR_1W+利差调整,2.663455674709562,,0,水平代理；不能复现原偏离度,False
2007-08-30,2.8350390080428958,SHIBOR_1W+利差调整,2.666704008042896,,0,水平代理；不能复现原偏离度,False
2007-08-30,2.8350390080428953,SHIBOR_1W+利差调整,2.666704008042896,,0,水平代理；不能复现原偏离度,False
2007-08-31,2.642839008042896,SHIBOR_1W+利差调整,2.669294008042895,,0,水平代理；不能复现原偏离度,False
2007-08-31,2.6428390080428956,SHIBOR_1W+利差调整,2.669294008042895,,0,水平代理；不能复现原偏离度,False
2007-09-03,2.643039008042896,SHIBOR_1W+利差调整,2.672694008042896,,0,水平代理；不能复现原偏离度,False
2007-09-03,2.6430390080428956,SHIBOR_1W+利差调整,2.6726940080428956,,0,水平代理；不能复现原偏离度,False
2007-09-04,2.3815390080428958,SHIBOR_1W+利差调整,2.6720523413762285,,0,水平代理；不能复现原偏离度,False
2007-09-04,2.3815390080428953,SHIBOR_1W+利差调整,2.6720523413762285,,0,水平代理；不能复现原偏离度,False
2007-09-05,2.5150390080428955,SHIBOR_1W+利差调整,2.6737473413762283,,0,水平代理；不能复现原偏离度,False
2007-09-05,2.5150390080428955,SHIBOR_1W+利差调整,2.6737473413762283,,0,水平代理；不能复现原偏离度,False
2007-09-06,2.5852390080428957,SHIBOR_1W+利差调整,2.659899008042896,,0,水平代理；不能复现原偏离度,False
2007-09-06,2.5852390080428953,SHIBOR_1W+利差调整,2.659899008042896,,0,水平代理；不能复现原偏离度,False
2007-09-07,2.9533390080428954,SHIBOR_1W+利差调整,2.6354023413762286,,0,水平代理；不能复现原偏离度,False
2007-09-07,2.9533390080428954,SHIBOR_1W+利差调整,2.6354023413762286,,0,水平代理；不能复现原偏离度,False
2007-09-10,3.7567390080428953,SHIBOR_1W+利差调整,2.6237590080428954,,0,水平代理；不能复现原偏离度,False
2007-09-10,3.7567390080428953,SHIBOR_1W+利差调整,2.6237590080428954,,0,水平代理；不能复现原偏离度,False
2007-09-11,3.997939008042896,SHIBOR_1W+利差调整,2.6207490080428952,,0,水平代理；不能复现原偏离度,False
2007-09-11,3.9979390080428954,SHIBOR_1W+利差调整,2.6207490080428952,,0,水平代理；不能复现原偏离度,False
2007-09-12,4.037739008042895,SHIBOR_1W+利差调整,2.635594008042895,,0,水平代理；不能复现原偏离度,False
2007-09-12,4.037739008042895,SHIBOR_1W+利差调整,2.635594008042895,,0,水平代理；不能复现原偏离度,False
2007-09-13,4.167539008042896,SHIBOR_1W+利差调整,2.664035674709562,,0,水平代理；不能复现原偏离度,False
2007-09-13,4.167539008042896,SHIBOR_1W+利差调整,2.664035674709562,,0,水平代理；不能复现原偏离度,False
2007-09-14,5.897639008042895,SHIBOR_1W+利差调整,2.723160674709562,,0,水平代理；不能复现原偏离度,False
2007-09-14,5.897639008042895,SHIBOR_1W+利差调整,2.723160674709562,,0,水平代理；不能复现原偏离度,False
2007-09-17,6.093039008042895,SHIBOR_1W+利差调整,2.7886206747095623,,0,水平代理；不能复现原偏离度,False
2007-09-17,6.093039008042895,SHIBOR_1W+利差调整,2.7886206747095623,,0,水平代理；不能复现原偏离度,False
2007-09-18,6.100239008042895,SHIBOR_1W+利差调整,2.855184008042896,,0,水平代理；不能复现原偏离度,False
2007-09-18,6.100239008042895,SHIBOR_1W+利差调整,2.8551840080428956,,0,水平代理；不能复现原偏离度,False
2007-09-19,6.622939008042896,SHIBOR_1W+利差调整,2.9323090080428957,,0,水平代理；不能复现原偏离度,False
2007-09-19,6.622939008042896,SHIBOR_1W+利差调整,2.9323090080428953,,0,水平代理；不能复现原偏离度,False
2007-09-20,6.936039008042895,SHIBOR_1W+利差调整,3.0157756747095616,,0,水平代理；不能复现原偏离度,False
2007-09-20,6.936039008042895,SHIBOR_1W+利差调整,3.0157756747095616,,0,水平代理；不能复现原偏离度,False
2007-09-21,7.107539008042895,SHIBOR_1W+利差调整,3.0844373413762285,,0,水平代理；不能复现原偏离度,False
2007-09-21,7.107539008042895,SHIBOR_1W+利差调整,3.0844373413762285,,0,水平代理；不能复现原偏离度,False
2007-09-24,7.102839008042896,SHIBOR_1W+利差调整,3.140732341376229,,0,水平代理；不能复现原偏离度,False
2007-09-24,7.102839008042896,SHIBOR_1W+利差调整,3.140732341376229,,0,水平代理；不能复现原偏离度,False
2007-09-25,7.176339008042896,SHIBOR_1W+利差调整,3.191595674709562,,0,水平代理；不能复现原偏离度,False
2007-09-25,7.176339008042896,SHIBOR_1W+利差调整,3.191595674709562,,0,水平代理；不能复现原偏离度,False
2007-09-26,5.015339008042895,SHIBOR_1W+利差调整,3.2322523413762285,,0,水平代理；不能复现原偏离度,False
2007-09-26,5.015339008042895,SHIBOR_1W+利差调整,3.2322523413762285,,0,水平代理；不能复现原偏离度,False
2007-09-27,3.4523390080428955,SHIBOR_1W+利差调整,3.247289008042896,,0,水平代理；不能复现原偏离度,False
2007-09-27,3.4523390080428955,SHIBOR_1W+利差调整,3.2472890080428956,,0,水平代理；不能复现原偏离度,False
2007-09-28,2.1847390080428952,SHIBOR_1W+利差调整,3.2417756747095625,,0,水平代理；不能复现原偏离度,False
2007-09-28,2.1847390080428952,SHIBOR_1W+利差调整,3.2417756747095625,,0,水平代理；不能复现原偏离度,False
2007-09-29,2.0992390080428955,SHIBOR_1W+利差调整,3.2282690080428957,,0,水平代理；不能复现原偏离度,False
2007-09-29,2.0992390080428955,SHIBOR_1W+利差调整,3.2282690080428953,,0,水平代理；不能复现原偏离度,False
2007-09-30,2.1345390080428954,SHIBOR_1W+利差调整,3.198424008042895,,0,水平代理；不能复现原偏离度,False
2007-09-30,2.1345390080428954,SHIBOR_1W+利差调整,3.198424008042895,,0,水平代理；不能复现原偏离度,False
2007-10-08,2.1766390080428955,SHIBOR_1W+利差调整,3.167164008042896,,0,水平代理；不能复现原偏离度,False
2007-10-08,2.1766390080428955,SHIBOR_1W+利差调整,3.1671640080428958,,0,水平代理；不能复现原偏离度,False
2007-10-09,2.1885390080428957,SHIBOR_1W+利差调整,3.1470473413762288,,0,水平代理；不能复现原偏离度,False
2007-10-09,2.1885390080428953,SHIBOR_1W+利差调整,3.1470473413762288,,0,水平代理；不能复现原偏离度,False
2007-10-10,2.220339008042896,SHIBOR_1W+利差调整,3.128422341376229,,0,水平代理；不能复现原偏离度,False
2007-10-10,2.220339008042896,SHIBOR_1W+利差调整,3.128422341376229,,0,水平代理；不能复现原偏离度,False
2007-10-11,2.246781124497992,SHIBOR_1W+利差调整,3.1151477911646586,,0,水平代理；不能复现原偏离度,False
2007-10-11,2.246781124497992,SHIBOR_1W+利差调整,3.1151477911646586,,0,水平代理；不能复现原偏离度,False
2007-10-12,2.3784390080428954,SHIBOR_1W+利差调整,3.105915674709562,,0,水平代理；不能复现原偏离度,False
2007-10-12,2.3784390080428954,SHIBOR_1W+利差调整,3.105915674709562,,0,水平代理；不能复现原偏离度,False
2007-10-15,2.4510390080428954,SHIBOR_1W+利差调整,3.107205674709562,,0,水平代理；不能复现原偏离度,False
2007-10-15,2.4510390080428954,SHIBOR_1W+利差调整,3.107205674709562,,0,水平代理；不能复现原偏离度,False
2007-10-16,2.457839008042896,SHIBOR_1W+利差调整,3.109414008042896,,0,水平代理；不能复现原偏离度,False
2007-10-16,2.457839008042896,SHIBOR_1W+利差调整,3.109414008042896,,0,水平代理；不能复现原偏离度,False
2007-10-17,2.5089390080428955,SHIBOR_1W+利差调整,3.113474008042896,,0,水平代理；不能复现原偏离度,False
2007-10-17,2.5089390080428955,SHIBOR_1W+利差调整,3.113474008042896,,0,水平代理；不能复现原偏离度,False
2007-10-18,2.522810695187166,SHIBOR_1W+利差调整,3.116740695187166,,0,水平代理；不能复现原偏离度,False
2007-10-18,2.522810695187166,SHIBOR_1W+利差调整,3.116740695187166,,0,水平代理；不能复现原偏离度,False
2007-10-19,2.6364106951871658,SHIBOR_1W+利差调整,3.122365695187165,,0,水平代理；不能复现原偏离度,False
2007-10-19,2.6364106951871658,SHIBOR_1W+利差调整,3.122365695187165,,0,水平代理；不能复现原偏离度,False
2007-10-22,3.2590106951871656,SHIBOR_1W+利差调整,3.1384240285204994,,0,水平代理；不能复现原偏离度,False
2007-10-22,3.2590106951871656,SHIBOR_1W+利差调整,3.1384240285204994,,0,水平代理；不能复现原偏离度,False
2007-10-23,5.8398106951871664,SHIBOR_1W+利差调整,3.197942361853833,,0,水平代理；不能复现原偏离度,False
2007-10-23,5.8398106951871664,SHIBOR_1W+利差调整,3.197942361853833,,0,水平代理；不能复现原偏离度,False
2007-10-24,8.141781124497992,SHIBOR_1W+利差调整,3.295916124497992,,0,水平代理；不能复现原偏离度,False
2007-10-24,8.141781124497992,SHIBOR_1W+利差调整,3.295916124497992,,0,水平代理；不能复现原偏离度,False
2007-10-25,8.89400455764075,SHIBOR_1W+利差调整,3.4071878909740843,,0,水平代理；不能复现原偏离度,False
2007-10-25,8.89400455764075,SHIBOR_1W+利差调整,3.4071878909740843,,0,水平代理；不能复现原偏离度,False
2007-10-26,10.229139008042896,SHIBOR_1W+利差调整,3.530135674709562,,0,水平代理；不能复现原偏离度,False
2007-10-26,10.229139008042896,SHIBOR_1W+利差调整,3.530135674709562,,0,水平代理；不能复现原偏离度,False
2007-10-29,3.0840390080428954,SHIBOR_1W+利差调整,3.533840674709562,,0,水平代理；不能复现原偏离度,False
2007-10-29,3.0840390080428954,SHIBOR_1W+利差调整,3.533840674709562,,0,水平代理；不能复现原偏离度,False
2007-10-30,2.9744390080428955,SHIBOR_1W+利差调整,3.5444490080428954,,0,水平代理；不能复现原偏离度,False
2007-10-30,2.9744390080428955,SHIBOR_1W+利差调整,3.5444490080428954,,0,水平代理；不能复现原偏离度,False
2007-10-31,3.058639008042896,SHIBOR_1W+利差调整,3.5590773413762293,,0,水平代理；不能复现原偏离度,False
2007-10-31,3.058639008042896,SHIBOR_1W+利差调整,3.5590773413762293,,0,水平代理；不能复现原偏离度,False
2007-11-01,3.1461390080428955,SHIBOR_1W+利差调整,3.575622341376229,,0,水平代理；不能复现原偏离度,False
2007-11-01,3.1461390080428955,SHIBOR_1W+利差调整,3.575622341376229,,0,水平代理；不能复现原偏离度,False
2007-11-02,3.215239008042895,SHIBOR_1W+利差调整,3.5925756747095625,,0,水平代理；不能复现原偏离度,False
2007-11-02,3.215239008042895,SHIBOR_1W+利差调整,3.5925756747095625,,0,水平代理；不能复现原偏离度,False
2007-11-05,3.1989390080428954,SHIBOR_1W+利差调整,3.607662341376229,,0,水平代理；不能复现原偏离度,False
2007-11-05,3.1989390080428954,SHIBOR_1W+利差调整,3.6076623413762285,,0,水平代理；不能复现原偏离度,False
2007-11-06,3.189139008042896,SHIBOR_1W+利差调整,3.622369008042896,,0,水平代理；不能复现原偏离度,False
2007-11-06,3.1891390080428956,SHIBOR_1W+利差调整,3.6223690080428956,,0,水平代理；不能复现原偏离度,False
2007-11-07,3.154839008042896,SHIBOR_1W+利差调整,3.634849008042896,,0,水平代理；不能复现原偏离度,False
2007-11-07,3.1548390080428956,SHIBOR_1W+利差调整,3.6348490080428957,,0,水平代理；不能复现原偏离度,False
2007-11-08,2.8018390080428954,SHIBOR_1W+利差调整,3.6427156747095615,,0,水平代理；不能复现原偏离度,False
2007-11-08,2.8018390080428954,SHIBOR_1W+利差调整,3.6427156747095624,,0,水平代理；不能复现原偏离度,False
2007-11-09,2.949439008042896,SHIBOR_1W+利差调整,3.653954008042896,,0,水平代理；不能复现原偏离度,False
2007-11-09,2.9494390080428956,SHIBOR_1W+利差调整,3.6539540080428954,,0,水平代理；不能复现原偏离度,False
2007-11-12,2.548139008042896,SHIBOR_1W+利差调整,3.6592156747095625,,0,水平代理；不能复现原偏离度,False
2007-11-12,2.5481390080428956,SHIBOR_1W+利差调整,3.6592156747095625,,0,水平代理；不能复现原偏离度,False
2007-11-13,2.419639008042896,SHIBOR_1W+利差调整,3.664125674709562,,0,水平代理；不能复现原偏离度,False
2007-11-13,2.4196390080428953,SHIBOR_1W+利差调整,3.664125674709562,,0,水平代理；不能复现原偏离度,False
2007-11-14,2.2954390080428952,SHIBOR_1W+利差调整,3.667037341376229,,0,水平代理；不能复现原偏离度,False
2007-11-14,2.2954390080428952,SHIBOR_1W+利差调整,3.667037341376229,,0,水平代理；不能复现原偏离度,False
2007-11-15,2.296639008042896,SHIBOR_1W+利差调整,3.669957341376229,,0,水平代理；不能复现原偏离度,False
2007-11-15,2.2966390080428956,SHIBOR_1W+利差调整,3.669957341376229,,0,水平代理；不能复现原偏离度,False
2007-11-16,2.2191390080428954,SHIBOR_1W+利差调整,3.671759008042896,,0,水平代理；不能复现原偏离度,False
2007-11-16,2.2191390080428954,SHIBOR_1W+利差调整,3.671759008042896,,0,水平代理；不能复现原偏离度,False
2007-11-19,3.187539008042896,SHIBOR_1W+利差调整,3.685800674709562,,0,水平代理；不能复现原偏离度,False
2007-11-19,3.1875390080428954,SHIBOR_1W+利差调整,3.685800674709562,,0,水平代理；不能复现原偏离度,False
2007-11-20,4.144039008042896,SHIBOR_1W+利差调整,3.7127356747095615,,0,水平代理；不能复现原偏离度,False
2007-11-20,4.1440390080428955,SHIBOR_1W+利差调整,3.7127356747095623,,0,水平代理；不能复现原偏离度,False
2007-11-21,4.423310695187166,SHIBOR_1W+利差调整,3.7427606951871657,,0,水平代理；不能复现原偏离度,False
2007-11-21,4.423310695187166,SHIBOR_1W+利差调整,3.7427606951871657,,0,水平代理；不能复现原偏离度,False
2007-11-22,2.4079390080428955,SHIBOR_1W+利差调整,3.7414206747095617,,0,水平代理；不能复现原偏离度,False
2007-11-22,2.4079390080428955,SHIBOR_1W+利差调整,3.7414206747095617,,0,水平代理；不能复现原偏离度,False
2007-11-23,2.909739008042896,SHIBOR_1W+利差调整,3.7467790080428953,,0,水平代理；不能复现原偏离度,False
2007-11-23,2.909739008042896,SHIBOR_1W+利差调整,3.7467790080428953,,0,水平代理；不能复现原偏离度,False
2007-11-26,2.9185390080428952,SHIBOR_1W+利差调整,3.752259008042896,,0,水平代理；不能复现原偏离度,False
2007-11-26,2.9185390080428952,SHIBOR_1W+利差调整,3.752259008042896,,0,水平代理；不能复现原偏离度,False
2007-11-27,2.866539008042896,SHIBOR_1W+利差调整,3.752784008042896,,0,水平代理；不能复现原偏离度,False
2007-11-27,2.8665390080428956,SHIBOR_1W+利差调整,3.7527840080428954,,0,水平代理；不能复现原偏离度,False
2007-11-28,2.2607390080428957,SHIBOR_1W+利差调整,3.7464156747095614,,0,水平代理；不能复现原偏离度,False
2007-11-28,2.2607390080428953,SHIBOR_1W+利差调整,3.7464156747095623,,0,水平代理；不能复现原偏离度,False
2007-11-29,3.0753106951871656,SHIBOR_1W+利差调整,3.7531990285204992,,0,水平代理；不能复现原偏离度,False
2007-11-29,3.0753106951871656,SHIBOR_1W+利差调整,3.7531990285204992,,0,水平代理；不能复现原偏离度,False
2007-11-30,3.2006390080428955,SHIBOR_1W+利差调整,3.767279008042896,,0,水平代理；不能复现原偏离度,False
2007-11-30,3.2006390080428955,SHIBOR_1W+利差调整,3.767279008042896,,0,水平代理；不能复现原偏离度,False
2007-12-03,4.279810695187166,SHIBOR_1W+利差调整,3.796270695187166,,0,水平代理；不能复现原偏离度,False
2007-12-03,4.279810695187166,SHIBOR_1W+利差调整,3.796270695187166,,0,水平代理；不能复现原偏离度,False
2007-12-04,4.434439008042896,SHIBOR_1W+利差调整,3.827519008042896,,0,水平代理；不能复现原偏离度,False
2007-12-04,4.4344390080428955,SHIBOR_1W+利差调整,3.8275190080428954,,0,水平代理；不能复现原偏离度,False
2007-12-05,4.327081124497992,SHIBOR_1W+利差调整,3.850161124497992,,0,水平代理；不能复现原偏离度,False
2007-12-05,4.327081124497992,SHIBOR_1W+利差调整,3.850161124497992,,0,水平代理；不能复现原偏离度,False
2007-12-06,4.186839008042895,SHIBOR_1W+利差调整,3.8575873413762287,,0,水平代理；不能复现原偏离度,False
2007-12-06,4.186839008042895,SHIBOR_1W+利差调整,3.8575873413762287,,0,水平代理；不能复现原偏离度,False
2007-12-07,2.7628390080428957,SHIBOR_1W+利差调整,3.8370023413762286,,0,水平代理；不能复现原偏离度,False
2007-12-07,2.7628390080428953,SHIBOR_1W+利差调整,3.8370023413762286,,0,水平代理；不能复现原偏离度,False
2007-12-10,2.6406390080428954,SHIBOR_1W+利差调整,3.8137173413762286,,0,水平代理；不能复现原偏离度,False
2007-12-10,2.6406390080428954,SHIBOR_1W+利差调整,3.8137173413762286,,0,水平代理；不能复现原偏离度,False
2007-12-11,4.248039008042896,SHIBOR_1W+利差调整,3.815059008042895,,0,水平代理；不能复现原偏离度,False
2007-12-11,4.248039008042896,SHIBOR_1W+利差调整,3.815059008042895,,0,水平代理；不能复现原偏离度,False
2007-12-12,4.503039008042896,SHIBOR_1W+利差调整,3.791815674709562,,0,水平代理；不能复现原偏离度,False
2007-12-12,4.503039008042896,SHIBOR_1W+利差调整,3.791815674709562,,0,水平代理；不能复现原偏离度,False
2007-12-13,4.958781124497992,SHIBOR_1W+利差调整,3.772657791164659,,0,水平代理；不能复现原偏离度,False
2007-12-13,4.958781124497992,SHIBOR_1W+利差调整,3.772657791164659,,0,水平代理；不能复现原偏离度,False
2007-12-14,3.6048106951871657,SHIBOR_1W+利差调整,3.730904028520499,,0,水平代理；不能复现原偏离度,False
2007-12-14,3.6048106951871657,SHIBOR_1W+利差调整,3.730904028520499,,0,水平代理；不能复现原偏离度,False
2007-12-17,3.352639008042896,SHIBOR_1W+利差调整,3.676827341376229,,0,水平代理；不能复现原偏离度,False
2007-12-17,3.3526390080428956,SHIBOR_1W+利差调整,3.676827341376229,,0,水平代理；不能复现原偏离度,False
2007-12-18,3.063139008042896,SHIBOR_1W+利差调整,3.612279008042896,,0,水平代理；不能复现原偏离度,False
2007-12-18,3.063139008042896,SHIBOR_1W+利差调整,3.612279008042896,,0,水平代理；不能复现原偏离度,False
2007-12-19,2.573110695187166,SHIBOR_1W+利差调整,3.536284028520499,,0,水平代理；不能复现原偏离度,False
2007-12-19,2.573110695187166,SHIBOR_1W+利差调整,3.536284028520499,,0,水平代理；不能复现原偏离度,False
2007-12-20,2.534239008042896,SHIBOR_1W+利差调整,3.4605690080428952,,0,水平代理；不能复现原偏离度,False
2007-12-20,2.5342390080428956,SHIBOR_1W+利差调整,3.4605690080428952,,0,水平代理；不能复现原偏离度,False
2007-12-21,2.328539008042896,SHIBOR_1W+利差调整,3.3797723413762286,,0,水平代理；不能复现原偏离度,False
2007-12-21,2.3285390080428954,SHIBOR_1W+利差调整,3.3797723413762286,,0,水平代理；不能复现原偏离度,False
2007-12-24,2.2289390080428952,SHIBOR_1W+利差调整,3.333332341376229,,0,水平代理；不能复现原偏离度,False
2007-12-24,2.2289390080428952,SHIBOR_1W+利差调整,3.333332341376229,,0,水平代理；不能复现原偏离度,False
2007-12-25,2.168339008042896,SHIBOR_1W+利差调整,3.3119323413762287,,0,水平代理；不能复现原偏离度,False
2007-12-25,2.168339008042896,SHIBOR_1W+利差调整,3.3119323413762287,,0,水平代理；不能复现原偏离度,False
2007-12-26,2.526610695187166,SHIBOR_1W+利差调整,3.3172090285205,,0,水平代理；不能复现原偏离度,False
2007-12-26,2.526610695187166,SHIBOR_1W+利差调整,3.3172090285205,,0,水平代理；不能复现原偏离度,False
2007-12-27,2.4648390080428952,SHIBOR_1W+利差调整,3.323730674709562,2.2541971747095624,0,水平代理；不能复现原偏离度,False
2007-12-27,2.4648390080428952,SHIBOR_1W+利差调整,3.323730674709562,2.2541971747095624,0,水平代理；不能复现原偏离度,False
2007-12-28,2.6361106951871656,SHIBOR_1W+利差调整,3.331669028520499,2.254004028520499,0,水平代理；不能复现原偏离度,False
2007-12-28,2.6361106951871656,SHIBOR_1W+利差调整,3.331669028520499,2.254004028520499,0,水平代理；不能复现原偏离度,False
2007-12-29,2.7472390080428952,SHIBOR_1W+利差调整,3.341607341376229,2.255388341376229,0,水平代理；不能复现原偏离度,False
2007-12-29,2.7472390080428952,SHIBOR_1W+利差调整,3.341607341376229,2.255388341376229,0,水平代理；不能复现原偏离度,False
2008-01-02,3.0091390080428955,SHIBOR_1W+利差调整,3.3552840080428954,2.256344341376229,0,水平代理；不能复现原偏离度,False
2008-01-02,3.0091390080428955,SHIBOR_1W+利差调整,3.3552840080428954,2.256344341376229,0,水平代理；不能复现原偏离度,False
2008-01-03,3.0837390080428952,SHIBOR_1W+利差调整,3.369674008042895,2.257300341376229,0,水平代理；不能复现原偏离度,False
2008-01-03,3.0837390080428952,SHIBOR_1W+利差调整,3.369674008042895,2.257300341376229,0,水平代理；不能复现原偏离度,False
2008-01-04,2.989939008042896,SHIBOR_1W+利差调整,3.3820556747095623,2.258256341376229,0,水平代理；不能复现原偏离度,False
2008-01-04,2.989939008042896,SHIBOR_1W+利差调整,3.3820556747095623,2.258256341376229,0,水平代理；不能复现原偏离度,False
2008-01-07,2.8681390080428955,SHIBOR_1W+利差调整,3.390217341376229,2.2592123413762293,0,水平代理；不能复现原偏离度,False
2008-01-07,2.8681390080428955,SHIBOR_1W+利差调整,3.390217341376229,2.2592123413762293,0,水平代理；不能复现原偏离度,False
2008-01-08,2.5186390080428955,SHIBOR_1W+利差调整,3.391344008042896,2.260168341376229,0,水平代理；不能复现原偏离度,False
2008-01-08,2.5186390080428955,SHIBOR_1W+利差调整,3.3913440080428954,2.2601683413762292,0,水平代理；不能复现原偏离度,False
2008-01-09,2.5452390080428957,SHIBOR_1W+利差调整,3.3928006747095623,2.261124341376229,0,水平代理；不能复现原偏离度,False
2008-01-09,2.5452390080428953,SHIBOR_1W+利差调整,3.3928006747095623,2.261124341376229,0,水平代理；不能复现原偏离度,False
2008-01-10,2.570539008042896,SHIBOR_1W+利差调整,3.3938273413762285,2.262080341376229,0,水平代理；不能复现原偏离度,False
2008-01-10,2.5705390080428954,SHIBOR_1W+利差调整,3.3938273413762285,2.262080341376229,0,水平代理；不能复现原偏离度,False
2008-01-11,2.1825390080428955,SHIBOR_1W+利差调整,3.3881490080428955,2.263036341376229,0,水平代理；不能复现原偏离度,False
2008-01-11,2.1825390080428955,SHIBOR_1W+利差调整,3.3881490080428955,2.263036341376229,0,水平代理；不能复现原偏离度,False
2008-01-14,2.1537390080428955,SHIBOR_1W+利差调整,3.3800973413762287,2.263992341376229,0,水平代理；不能复现原偏离度,False
2008-01-14,2.1537390080428955,SHIBOR_1W+利差调整,3.3800973413762287,2.263992341376229,0,水平代理；不能复现原偏离度,False
2008-01-15,2.3904390080428954,SHIBOR_1W+利差调整,3.365614008042896,2.2648976747095624,0,水平代理；不能复现原偏离度,False
2008-01-15,2.3904390080428954,SHIBOR_1W+利差调整,3.365614008042896,2.2648976747095624,0,水平代理；不能复现原偏离度,False
2008-01-16,2.7153390080428954,SHIBOR_1W+利差调整,3.313532341376229,2.265803008042896,0,水平代理；不能复现原偏离度,False
2008-01-16,2.7153390080428954,SHIBOR_1W+利差调整,3.313532341376229,2.265803008042896,0,水平代理；不能复现原偏离度,False
2008-01-17,2.881739008042896,SHIBOR_1W+利差调整,3.2258606747095624,2.266708341376229,0,水平代理；不能复现原偏离度,False
2008-01-17,2.881739008042896,SHIBOR_1W+利差调整,3.2258606747095624,2.266708341376229,0,水平代理；不能复现原偏离度,False
2008-01-18,2.795881124497992,SHIBOR_1W+利差调整,3.123976124497992,2.2673557911646585,0,水平代理；不能复现原偏离度,False
2008-01-18,2.795881124497992,SHIBOR_1W+利差调整,3.123976124497992,2.2673557911646585,0,水平代理；不能复现原偏离度,False
2008-01-21,2.8700390080428955,SHIBOR_1W+利差调整,3.0015823413762286,2.268519008042896,0,水平代理；不能复现原偏离度,False
2008-01-21,2.8700390080428955,SHIBOR_1W+利差调整,3.0015823413762286,2.2685190080428956,0,水平代理；不能复现原偏离度,False
2008-01-22,4.563639008042896,SHIBOR_1W+利差调整,3.026242341376229,2.269424341376229,0,水平代理；不能复现原偏离度,False
2008-01-22,4.5636390080428955,SHIBOR_1W+利差调整,3.026242341376229,2.269424341376229,0,水平代理；不能复现原偏离度,False
2008-01-23,4.971539008042895,SHIBOR_1W+利差调整,3.059527341376229,2.2703296747095623,0,水平代理；不能复现原偏离度,False
2008-01-23,4.971539008042895,SHIBOR_1W+利差调整,3.059527341376229,2.2703296747095623,0,水平代理；不能复现原偏离度,False
2008-01-24,5.339739008042895,SHIBOR_1W+利差调整,3.097545674709562,2.271235008042896,0,水平代理；不能复现原偏离度,False
2008-01-24,5.339739008042895,SHIBOR_1W+利差调整,3.097545674709562,2.2712350080428956,0,水平代理；不能复现原偏离度,False
2008-01-25,3.7186390080428953,SHIBOR_1W+利差调整,3.107087341376229,2.272140341376229,0,水平代理；不能复现原偏离度,False
2008-01-25,3.7186390080428953,SHIBOR_1W+利差调整,3.1070873413762286,2.272140341376229,0,水平代理；不能复现原偏离度,False
2008-01-28,3.151339008042896,SHIBOR_1W+利差调整,3.106022341376229,2.273045674709562,0,水平代理；不能复现原偏离度,False
2008-01-28,3.1513390080428954,SHIBOR_1W+利差调整,3.106022341376229,2.273045674709562,0,水平代理；不能复现原偏离度,False
2008-01-29,3.142639008042895,SHIBOR_1W+利差调整,3.1050840080428954,2.273331174709562,0,水平代理；不能复现原偏离度,False
2008-01-29,3.142639008042895,SHIBOR_1W+利差调整,3.1050840080428954,2.273331174709562,0,水平代理；不能复现原偏离度,False
2008-01-30,3.3964390080428952,SHIBOR_1W+利差调整,3.108539008042896,2.273616674709562,0,水平代理；不能复现原偏离度,False
2008-01-30,3.3964390080428952,SHIBOR_1W+利差调整,3.1085390080428956,2.273616674709562,0,水平代理；不能复现原偏离度,False
2008-01-31,3.375239008042896,SHIBOR_1W+利差调整,3.1122123413762286,2.273902174709562,0,水平代理；不能复现原偏离度,False
2008-01-31,3.3752390080428953,SHIBOR_1W+利差调整,3.1122123413762286,2.273902174709562,0,水平代理；不能复现原偏离度,False
2008-02-01,3.2773390080428952,SHIBOR_1W+利差调整,3.120137341376229,2.274187674709562,0,水平代理；不能复现原偏离度,False
2008-02-01,3.2773390080428952,SHIBOR_1W+利差调整,3.120137341376229,2.274187674709562,0,水平代理；不能复现原偏离度,False
2008-02-02,3.104339008042895,SHIBOR_1W+利差调整,3.1227190080428957,2.274473174709562,0,水平代理；不能复现原偏离度,False
2008-02-02,3.104339008042895,SHIBOR_1W+利差调整,3.1227190080428953,2.274473174709562,0,水平代理；不能复现原偏离度,False
2008-02-03,3.0549390080428958,SHIBOR_1W+利差调整,3.1311656747095618,2.2747586747095623,0,水平代理；不能复现原偏离度,False
2008-02-03,3.0549390080428953,SHIBOR_1W+利差调整,3.1311656747095618,2.2747586747095623,0,水平代理；不能复现原偏离度,False
2008-02-04,3.036139008042896,SHIBOR_1W+利差调整,3.1414406747095622,2.275044174709562,0,水平代理；不能复现原偏离度,False
2008-02-04,3.036139008042896,SHIBOR_1W+利差调整,3.1414406747095622,2.275044174709562,0,水平代理；不能复现原偏离度,False
2008-02-05,2.722181124497992,SHIBOR_1W+利差调整,3.148299457831325,2.2750717911646587,0,水平代理；不能复现原偏离度,False
2008-02-05,2.722181124497992,SHIBOR_1W+利差调整,3.148299457831325,2.2750717911646587,0,水平代理；不能复现原偏离度,False
2008-02-13,2.7437106951871657,SHIBOR_1W+利差调整,3.1555873618538324,2.2751868618538325,0,水平代理；不能复现原偏离度,False
2008-02-13,2.7437106951871657,SHIBOR_1W+利差调整,3.1555873618538324,2.2751868618538325,0,水平代理；不能复现原偏离度,False
2008-02-14,2.741910695187166,SHIBOR_1W+利差调整,3.164307361853832,2.2754723618538324,0,水平代理；不能复现原偏离度,False
2008-02-14,2.741910695187166,SHIBOR_1W+利差调整,3.164307361853832,2.2754723618538324,0,水平代理；不能复现原偏离度,False
2008-02-15,2.7507390080428955,SHIBOR_1W+利差调整,3.157455674709562,2.277036341376229,0,水平代理；不能复现原偏离度,False
2008-02-15,2.7507390080428955,SHIBOR_1W+利差调整,3.157455674709562,2.277036341376229,0,水平代理；不能复现原偏离度,False
2008-02-18,2.705881124497992,SHIBOR_1W+利差调整,3.1332327911646587,2.277914124497992,0,水平代理；不能复现原偏离度,False
2008-02-18,2.705881124497992,SHIBOR_1W+利差调整,3.1332327911646587,2.277914124497992,0,水平代理；不能复现原偏离度,False
2008-02-19,2.7235106951871657,SHIBOR_1W+利差调整,3.1047323618538325,2.278879361853833,0,水平代理；不能复现原偏离度,False
2008-02-19,2.7235106951871657,SHIBOR_1W+利差调整,3.1047323618538325,2.278879361853833,0,水平代理；不能复现原偏离度,False
2008-02-20,2.789910695187166,SHIBOR_1W+利差调整,3.111105695187166,2.280015028520499,0,水平代理；不能复现原偏离度,False
2008-02-20,2.789910695187166,SHIBOR_1W+利差调整,3.111105695187166,2.280015028520499,0,水平代理；不能复现原偏离度,False
2008-02-21,3.992339008042896,SHIBOR_1W+利差调整,3.1295773413762284,2.281579008042895,0,水平代理；不能复现原偏离度,False
2008-02-21,3.9923390080428955,SHIBOR_1W+利差调整,3.1295773413762284,2.281579008042895,0,水平代理；不能复现原偏离度,False
2008-02-22,3.894710695187166,SHIBOR_1W+利差调整,3.145425695187166,2.2822863618538327,0,水平代理；不能复现原偏离度,False
2008-02-22,3.894710695187166,SHIBOR_1W+利差调整,3.145425695187166,2.2822863618538327,0,水平代理；不能复现原偏离度,False
2008-02-25,4.554610695187166,SHIBOR_1W+利差调整,3.1735673618538325,2.283422028520499,0,水平代理；不能复现原偏离度,False
2008-02-25,4.554610695187166,SHIBOR_1W+利差调整,3.1735673618538325,2.283422028520499,0,水平代理；不能复现原偏离度,False
2008-02-26,4.360139008042896,SHIBOR_1W+利差调整,3.2089856747095618,2.284986008042895,0,水平代理；不能复现原偏离度,False
2008-02-26,4.3601390080428954,SHIBOR_1W+利差调整,3.2089856747095618,2.284986008042895,0,水平代理；不能复现原偏离度,False
2008-02-27,3.018439008042896,SHIBOR_1W+利差调整,3.208030674709562,2.286121674709562,0,水平代理；不能复现原偏离度,False
2008-02-27,3.0184390080428956,SHIBOR_1W+利差调整,3.208030674709562,2.286121674709562,0,水平代理；不能复现原偏离度,False
2008-02-28,2.967710695187166,SHIBOR_1W+利差调整,3.2037273618538324,2.2868290285205,0,水平代理；不能复现原偏离度,False
2008-02-28,2.967710695187166,SHIBOR_1W+利差调整,3.2037273618538324,2.2868290285205,0,水平代理；不能复现原偏离度,False
2008-02-29,2.972239008042896,SHIBOR_1W+利差调整,3.1823556747095623,2.2882738413762285,0,水平代理；不能复现原偏离度,False
2008-02-29,2.972239008042896,SHIBOR_1W+利差调整,3.1823556747095623,2.2882738413762285,0,水平代理；不能复现原偏离度,False
2008-03-03,2.963539008042896,SHIBOR_1W+利差调整,3.157840674709562,2.2892903413762284,0,水平代理；不能复现原偏离度,False
2008-03-03,2.9635390080428956,SHIBOR_1W+利差调整,3.157840674709562,2.2892903413762284,0,水平代理；不能复现原偏离度,False
2008-03-04,2.768339008042896,SHIBOR_1W+利差调整,3.1318573413762283,2.2903068413762284,0,水平代理；不能复现原偏离度,False
2008-03-04,2.7683390080428953,SHIBOR_1W+利差调整,3.1318573413762283,2.2903068413762284,0,水平代理；不能复现原偏离度,False
2008-03-05,2.7351390080428954,SHIBOR_1W+利差调整,3.1076623413762285,2.2913233413762284,0,水平代理；不能复现原偏离度,False
2008-03-05,2.7351390080428954,SHIBOR_1W+利差调整,3.1076623413762285,2.2913233413762284,0,水平代理；不能复现原偏离度,False
2008-03-06,2.7231390080428954,SHIBOR_1W+利差调整,3.1070006747095618,2.2923398413762284,0,水平代理；不能复现原偏离度,False
2008-03-06,2.7231390080428954,SHIBOR_1W+利差调整,3.1070006747095618,2.2923398413762284,0,水平代理；不能复现原偏离度,False
2008-03-07,2.522439008042896,SHIBOR_1W+利差调整,3.105030674709562,2.293356341376229,0,水平代理；不能复现原偏离度,False
2008-03-07,2.5224390080428956,SHIBOR_1W+利差调整,3.105030674709562,2.293356341376229,0,水平代理；不能复现原偏离度,False
2008-03-10,2.4670390080428954,SHIBOR_1W+利差调整,3.075347341376229,2.2943728413762288,0,水平代理；不能复现原偏离度,False
2008-03-10,2.4670390080428954,SHIBOR_1W+利差调整,3.075347341376229,2.2943728413762288,0,水平代理；不能复现原偏离度,False
2008-03-11,2.667610695187166,SHIBOR_1W+利差调整,3.044335695187166,2.2949610285204995,0,水平代理；不能复现原偏离度,False
2008-03-11,2.667610695187166,SHIBOR_1W+利差调整,3.044335695187166,2.2949610285204995,0,水平代理；不能复现原偏离度,False
2008-03-12,2.8194390080428957,SHIBOR_1W+利差调整,3.0091040080428955,2.2964058413762287,0,水平代理；不能复现原偏离度,False
2008-03-12,2.8194390080428953,SHIBOR_1W+利差调整,3.0091040080428955,2.2964058413762287,0,水平代理；不能复现原偏离度,False
2008-03-13,2.7275390080428954,SHIBOR_1W+利差调整,2.994475674709562,2.2974223413762287,0,水平代理；不能复现原偏离度,False
2008-03-13,2.7275390080428954,SHIBOR_1W+利差调整,2.994475674709562,2.2974223413762287,0,水平代理；不能复现原偏离度,False
2008-03-14,2.695239008042896,SHIBOR_1W+利差调整,2.9835190080428955,2.297487341376229,0,水平代理；不能复现原偏离度,False
2008-03-14,2.6952390080428956,SHIBOR_1W+利差调整,2.9835190080428955,2.297487341376229,0,水平代理；不能复现原偏离度,False
2008-03-17,2.670039008042896,SHIBOR_1W+利差调整,2.9769673413762288,2.2975523413762287,0,水平代理；不能复现原偏离度,False
2008-03-17,2.670039008042896,SHIBOR_1W+利差调整,2.9769673413762288,2.2975523413762287,0,水平代理；不能复现原偏离度,False
2008-03-18,2.629639008042896,SHIBOR_1W+利差调整,2.9779023413762284,2.297617341376229,0,水平代理；不能复现原偏离度,False
2008-03-18,2.629639008042896,SHIBOR_1W+利差调整,2.9779023413762284,2.297617341376229,0,水平代理；不能复现原偏离度,False
2008-03-19,2.6053390080428955,SHIBOR_1W+利差调整,2.979087341376229,2.2976823413762286,0,水平代理；不能复现原偏离度,False
2008-03-19,2.6053390080428955,SHIBOR_1W+利差调整,2.979087341376229,2.2976823413762286,0,水平代理；不能复现原偏离度,False
2008-03-20,2.5816390080428957,SHIBOR_1W+利差调整,2.983305674709562,2.297747341376229,0,水平代理；不能复现原偏离度,False
2008-03-20,2.5816390080428953,SHIBOR_1W+利差调整,2.983305674709562,2.297747341376229,0,水平代理；不能复现原偏离度,False
2008-03-21,2.5656106951871656,SHIBOR_1W+利差调整,2.988495695187166,2.2973840285204994,0,水平代理；不能复现原偏离度,False
2008-03-21,2.5656106951871656,SHIBOR_1W+利差调整,2.988495695187166,2.2973840285204994,0,水平代理；不能复现原偏离度,False
2008-03-24,2.5438390080428954,SHIBOR_1W+利差调整,2.995182341376229,2.297877341376229,0,水平代理；不能复现原偏离度,False
2008-03-24,2.5438390080428954,SHIBOR_1W+利差调整,2.995182341376229,2.297877341376229,0,水平代理；不能复现原偏离度,False
2008-03-25,2.5299390080428954,SHIBOR_1W+利差调整,2.995230674709562,2.2979423413762285,0,水平代理；不能复现原偏离度,False
2008-03-25,2.5299390080428954,SHIBOR_1W+利差调整,2.995230674709562,2.2979423413762285,0,水平代理；不能复现原偏离度,False
2008-03-26,2.6143390080428954,SHIBOR_1W+利差调整,2.997722341376229,2.2980073413762288,0,水平代理；不能复现原偏离度,False
2008-03-26,2.6143390080428954,SHIBOR_1W+利差调整,2.997722341376229,2.2980073413762288,0,水平代理；不能复现原偏离度,False
2008-03-27,2.5309106951871656,SHIBOR_1W+利差调整,2.995540695187166,2.2976440285205,0,水平代理；不能复现原偏离度,False
2008-03-27,2.5309106951871656,SHIBOR_1W+利差调整,2.995540695187166,2.2976440285205,0,水平代理；不能复现原偏离度,False
2008-03-28,2.5339106951871657,SHIBOR_1W+利差调整,2.9919923618538324,2.298761528520499,0,水平代理；不能复现原偏离度,False
2008-03-28,2.5339106951871657,SHIBOR_1W+利差调整,2.9919923618538324,2.298761528520499,0,水平代理；不能复现原偏离度,False
2008-03-31,3.030339008042896,SHIBOR_1W+利差调整,2.9927740080428955,2.3003073413762287,0,水平代理；不能复现原偏离度,False
2008-03-31,3.030339008042896,SHIBOR_1W+利差调整,2.9927740080428955,2.3003073413762287,0,水平代理；不能复现原偏离度,False
2008-04-01,3.2471106951871658,SHIBOR_1W+利差调整,2.995075695187166,2.3009965285204994,0,水平代理；不能复现原偏离度,False
2008-04-01,3.2471106951871658,SHIBOR_1W+利差调整,2.995075695187166,2.3009965285204994,0,水平代理；不能复现原偏离度,False
2008-04-02,3.300904557640751,SHIBOR_1W+利差调整,3.0009478909740843,2.302807890974084,0,水平代理；不能复现原偏离度,False
2008-04-02,3.300904557640751,SHIBOR_1W+利差调整,3.0009478909740843,2.302807890974084,0,水平代理；不能复现原偏离度,False
2008-04-03,2.926339008042896,SHIBOR_1W+利差调整,3.001652341376229,2.303659841376229,0,水平代理；不能复现原偏离度,False
2008-04-03,2.926339008042896,SHIBOR_1W+利差调整,3.001652341376229,2.303659841376229,0,水平代理；不能复现原偏离度,False
2008-04-07,3.3560390080428952,SHIBOR_1W+利差调整,3.0156090080428952,2.3047773413762287,0,水平代理；不能复现原偏离度,False
2008-04-07,3.3560390080428952,SHIBOR_1W+利差调整,3.0156090080428952,2.3047773413762287,0,水平代理；不能复现原偏离度,False
2008-04-08,3.640839008042896,SHIBOR_1W+利差调整,3.033869008042896,2.305894841376229,0,水平代理；不能复现原偏离度,False
2008-04-08,3.6408390080428954,SHIBOR_1W+利差调整,3.033869008042896,2.3058948413762286,0,水平代理；不能复现原偏离度,False
2008-04-09,4.070410695187166,SHIBOR_1W+利差调整,3.058445695187166,2.3065840285205,0,水平代理；不能复现原偏离度,False
2008-04-09,4.070410695187166,SHIBOR_1W+利差调整,3.058445695187166,2.3065840285205,0,水平代理；不能复现原偏离度,False
2008-04-10,3.6017390080428955,SHIBOR_1W+利差调整,3.082527341376229,2.308129841376229,0,水平代理；不能复现原偏离度,False
2008-04-10,3.6017390080428955,SHIBOR_1W+利差调整,3.082527341376229,2.308129841376229,0,水平代理；不能复现原偏离度,False
2008-04-11,2.983581124497992,SHIBOR_1W+利差调整,3.0961044578313253,2.3089894578313253,0,水平代理；不能复现原偏离度,False
2008-04-11,2.983581124497992,SHIBOR_1W+利差调整,3.0961044578313253,2.3089894578313253,0,水平代理；不能复现原偏离度,False
2008-04-14,3.1499390080428955,SHIBOR_1W+利差调整,3.109020674709562,2.310291841376229,0,水平代理；不能复现原偏离度,False
2008-04-14,3.1499390080428955,SHIBOR_1W+利差调整,3.109020674709562,2.310291841376229,0,水平代理；不能复现原偏离度,False
2008-04-15,3.362310695187166,SHIBOR_1W+利差调整,3.119382361853833,2.3109080285205,0,水平代理；不能复现原偏离度,False
2008-04-15,3.362310695187166,SHIBOR_1W+利差调整,3.119382361853833,2.3109080285205,0,水平代理；不能复现原偏离度,False
2008-04-16,3.463339008042896,SHIBOR_1W+利差调整,3.129504008042895,2.312380841376229,0,水平代理；不能复现原偏离度,False
2008-04-16,3.463339008042896,SHIBOR_1W+利差调整,3.129504008042895,2.312380841376229,0,水平代理；不能复现原偏离度,False
2008-04-17,3.471939008042896,SHIBOR_1W+利差调整,3.1407673413762285,2.3134253413762287,0,水平代理；不能复现原偏离度,False
2008-04-17,3.471939008042896,SHIBOR_1W+利差调整,3.1407673413762285,2.3134253413762287,0,水平代理；不能复现原偏离度,False
2008-04-18,3.010239008042896,SHIBOR_1W+利差调整,3.143104008042896,2.314469841376229,0,水平代理；不能复现原偏离度,False
2008-04-18,3.010239008042896,SHIBOR_1W+利差调整,3.143104008042896,2.314469841376229,0,水平代理；不能复现原偏离度,False
2008-04-21,2.961439008042896,SHIBOR_1W+利差调整,3.1164006747095616,2.315514341376229,0,水平代理；不能复现原偏离度,False
2008-04-21,2.961439008042896,SHIBOR_1W+利差调整,3.1164006747095616,2.315514341376229,0,水平代理；不能复现原偏离度,False
2008-04-22,2.937539008042896,SHIBOR_1W+利差调整,3.082500674709562,2.316558841376229,0,水平代理；不能复现原偏离度,False
2008-04-22,2.9375390080428954,SHIBOR_1W+利差调整,3.082500674709562,2.316558841376229,0,水平代理；不能复现原偏离度,False
2008-04-23,2.8451390080428958,SHIBOR_1W+利差调整,3.040924008042895,2.3176033413762287,0,水平代理；不能复现原偏离度,False
2008-04-23,2.8451390080428953,SHIBOR_1W+利差调整,3.040924008042895,2.3176033413762287,0,水平代理；不能复现原偏离度,False
2008-04-24,2.8342390080428954,SHIBOR_1W+利差调整,3.0261840080428954,2.318647841376229,0,水平代理；不能复现原偏离度,False
2008-04-24,2.8342390080428954,SHIBOR_1W+利差调整,3.0261840080428954,2.318647841376229,0,水平代理；不能复现原偏离度,False
2008-04-25,3.038639008042896,SHIBOR_1W+利差调整,3.024305674709562,2.319692341376229,0,水平代理；不能复现原偏离度,False
2008-04-25,3.038639008042896,SHIBOR_1W+利差调整,3.024305674709562,2.319692341376229,0,水平代理；不能复现原偏离度,False
2008-04-28,3.0015390080428954,SHIBOR_1W+利差调整,3.021954008042896,2.319882174709562,0,水平代理；不能复现原偏离度,False
2008-04-28,3.0015390080428954,SHIBOR_1W+利差调整,3.0219540080428957,2.319882174709562,0,水平代理；不能复现原偏离度,False
2008-04-29,3.087539008042896,SHIBOR_1W+利差调整,3.0168056747095617,2.320072008042896,0,水平代理；不能复现原偏离度,False
2008-04-29,3.087539008042896,SHIBOR_1W+利差调整,3.0168056747095617,2.320072008042896,0,水平代理；不能复现原偏离度,False
2008-04-30,2.9905106951871656,SHIBOR_1W+利差调整,3.0099723618538325,2.3198335285204994,0,水平代理；不能复现原偏离度,False
2008-04-30,2.9905106951871656,SHIBOR_1W+利差调整,3.0099723618538325,2.3198335285204994,0,水平代理；不能复现原偏离度,False
2008-05-04,2.9491390080428954,SHIBOR_1W+利差调整,3.0049306747095623,2.3204516747095623,0,水平代理；不能复现原偏离度,False
2008-05-04,2.9491390080428954,SHIBOR_1W+利差调整,3.0049306747095623,2.3204516747095623,0,水平代理；不能复现原偏离度,False
2008-05-05,3.094239008042895,SHIBOR_1W+利差调整,3.004762341376229,2.3206415080428955,0,水平代理；不能复现原偏离度,False
2008-05-05,3.094239008042895,SHIBOR_1W+利差调整,3.0047623413762286,2.3206415080428955,0,水平代理；不能复现原偏离度,False
2008-05-06,3.0978390080428952,SHIBOR_1W+利差调整,3.005477341376229,2.3208313413762287,0,水平代理；不能复现原偏离度,False
2008-05-06,3.0978390080428952,SHIBOR_1W+利差调整,3.005477341376229,2.3208313413762287,0,水平代理；不能复现原偏离度,False
2008-05-07,3.1791390080428954,SHIBOR_1W+利差调整,3.007860674709562,2.321021174709562,0,水平代理；不能复现原偏离度,False
2008-05-07,3.1791390080428954,SHIBOR_1W+利差调整,3.007860674709562,2.321021174709562,0,水平代理；不能复现原偏离度,False
2008-05-08,3.1580390080428957,SHIBOR_1W+利差调整,3.015120674709562,2.321211008042896,0,水平代理；不能复现原偏离度,False
2008-05-08,3.1580390080428953,SHIBOR_1W+利差调整,3.015120674709562,2.3212110080428956,0,水平代理；不能复现原偏离度,False
2008-05-09,3.0914390080428955,SHIBOR_1W+利差调整,3.0209090080428957,2.321400841376229,0,水平代理；不能复现原偏离度,False
2008-05-09,3.0914390080428955,SHIBOR_1W+利差调整,3.0209090080428953,2.321400841376229,0,水平代理；不能复现原偏离度,False
2008-05-12,3.2747390080428955,SHIBOR_1W+利差调整,3.0297823413762286,2.321590674709562,0,水平代理；不能复现原偏离度,False
2008-05-12,3.2747390080428955,SHIBOR_1W+利差调整,3.0297823413762286,2.321590674709562,0,水平代理；不能复现原偏离度,False
2008-05-13,3.4348390080428954,SHIBOR_1W+利差调整,3.041184008042896,2.322096674709562,0,水平代理；不能复现原偏离度,False
2008-05-13,3.4348390080428954,SHIBOR_1W+利差调整,3.041184008042896,2.322096674709562,0,水平代理；不能复现原偏离度,False
2008-05-14,3.518939008042896,SHIBOR_1W+利差调整,3.054730674709562,2.3226026747095623,0,水平代理；不能复现原偏离度,False
2008-05-14,3.518939008042896,SHIBOR_1W+利差调整,3.054730674709562,2.3226026747095623,0,水平代理；不能复现原偏离度,False
2008-05-15,3.629539008042896,SHIBOR_1W+利差调整,3.069824008042896,2.323108674709562,0,水平代理；不能复现原偏离度,False
2008-05-15,3.6295390080428955,SHIBOR_1W+利差调整,3.0698240080428953,2.323108674709562,0,水平代理；不能复现原偏离度,False
2008-05-16,4.107939008042895,SHIBOR_1W+利差调整,3.091784008042896,2.323614674709562,0,水平代理；不能复现原偏离度,False
2008-05-16,4.107939008042895,SHIBOR_1W+利差调整,3.091784008042896,2.323614674709562,0,水平代理；不能复现原偏离度,False
2008-05-19,4.087639008042896,SHIBOR_1W+利差调整,3.093372341376229,2.324120674709562,0,水平代理；不能复现原偏离度,False
2008-05-19,4.0876390080428955,SHIBOR_1W+利差调整,3.093372341376229,2.324120674709562,0,水平代理；不能复现原偏离度,False
2008-05-20,4.097310695187166,SHIBOR_1W+利差调整,3.0963206951871656,2.324198361853832,0,水平代理；不能复现原偏离度,False
2008-05-20,4.097310695187166,SHIBOR_1W+利差调整,3.0963206951871656,2.324198361853832,0,水平代理；不能复现原偏离度,False
2008-05-21,3.906739008042895,SHIBOR_1W+利差调整,3.0859440080428957,2.3251326747095624,0,水平代理；不能复现原偏离度,False
2008-05-21,3.906739008042895,SHIBOR_1W+利差调整,3.0859440080428953,2.3251326747095624,0,水平代理；不能复现原偏离度,False
2008-05-22,4.011839008042895,SHIBOR_1W+利差调整,3.080139008042896,2.325638674709562,0,水平代理；不能复现原偏离度,False
2008-05-22,4.011839008042895,SHIBOR_1W+利差调整,3.080139008042896,2.325638674709562,0,水平代理；不能复现原偏离度,False
2008-05-23,3.6803390080428953,SHIBOR_1W+利差调整,3.091170674709562,2.326144674709562,0,水平代理；不能复现原偏离度,False
2008-05-23,3.6803390080428953,SHIBOR_1W+利差调整,3.091170674709562,2.326144674709562,0,水平代理；不能复现原偏离度,False
2008-05-26,3.626439008042895,SHIBOR_1W+利差调整,3.102142341376229,2.3266506747095623,0,水平代理；不能复现原偏离度,False
2008-05-26,3.626439008042895,SHIBOR_1W+利差调整,3.102142341376229,2.3266506747095623,0,水平代理；不能复现原偏离度,False
2008-05-27,3.570539008042896,SHIBOR_1W+利差调整,3.1121140080428957,2.326680008042896,0,水平代理；不能复现原偏离度,False
2008-05-27,3.5705390080428954,SHIBOR_1W+利差调整,3.1121140080428953,2.3266800080428958,0,水平代理；不能复现原偏离度,False
2008-05-28,3.2210390080428954,SHIBOR_1W+利差调整,3.116405674709562,2.3267093413762288,0,水平代理；不能复现原偏离度,False
2008-05-28,3.2210390080428954,SHIBOR_1W+利差调整,3.116405674709562,2.3267093413762288,0,水平代理；不能复现原偏离度,False
2008-05-29,3.3478390080428952,SHIBOR_1W+利差调整,3.126064008042896,2.326738674709562,0,水平代理；不能复现原偏离度,False
2008-05-29,3.3478390080428952,SHIBOR_1W+利差调整,3.126064008042896,2.326738674709562,0,水平代理；不能复现原偏离度,False
2008-05-30,3.280210695187166,SHIBOR_1W+利差调整,3.1347273618538325,2.326339695187166,0,水平代理；不能复现原偏离度,False
2008-05-30,3.280210695187166,SHIBOR_1W+利差调整,3.1347273618538325,2.326339695187166,0,水平代理；不能复现原偏离度,False
2008-06-02,3.283639008042895,SHIBOR_1W+利差调整,3.144497341376229,2.3267973413762286,0,水平代理；不能复现原偏离度,False
2008-06-02,3.283639008042895,SHIBOR_1W+利差调整,3.144497341376229,2.3267973413762286,0,水平代理；不能复现原偏离度,False
2008-06-03,3.266581124497992,SHIBOR_1W+利差调整,3.156646124497992,2.326568791164658,0,水平代理；不能复现原偏离度,False
2008-06-03,3.266581124497992,SHIBOR_1W+利差调整,3.156646124497992,2.326568791164658,0,水平代理；不能复现原偏离度,False
2008-06-04,3.4240390080428957,SHIBOR_1W+利差调整,3.172854008042896,2.3268560080428955,0,水平代理；不能复现原偏离度,False
2008-06-04,3.4240390080428953,SHIBOR_1W+利差调整,3.1728540080428957,2.3268560080428955,0,水平代理；不能复现原偏离度,False
2008-06-05,3.4542390080428955,SHIBOR_1W+利差调整,3.1859573413762288,2.326885341376229,0,水平代理；不能复现原偏离度,False
2008-06-05,3.4542390080428955,SHIBOR_1W+利差调整,3.1859573413762288,2.326885341376229,0,水平代理；不能复现原偏离度,False
2008-06-06,3.477639008042896,SHIBOR_1W+利差调整,3.196927341376229,2.326914674709562,0,水平代理；不能复现原偏离度,False
2008-06-06,3.4776390080428956,SHIBOR_1W+利差调整,3.196927341376229,2.326914674709562,0,水平代理；不能复现原偏离度,False
2008-06-10,5.137310695187166,SHIBOR_1W+利差调整,3.2366690285205,2.326515695187166,0,水平代理；不能复现原偏离度,False
2008-06-10,5.137310695187166,SHIBOR_1W+利差调整,3.2366690285205,2.326515695187166,0,水平代理；不能复现原偏离度,False
2008-06-11,4.270704557640751,SHIBOR_1W+利差调整,3.2636162243074174,2.327857890974084,0,水平代理；不能复现原偏离度,False
2008-06-11,4.270704557640751,SHIBOR_1W+利差调整,3.2636162243074174,2.327857890974084,0,水平代理；不能复现原偏离度,False
2008-06-12,3.698110695187166,SHIBOR_1W+利差调整,3.280064028520499,2.327812361853833,0,水平代理；不能复现原偏离度,False
2008-06-12,3.698110695187166,SHIBOR_1W+利差调整,3.280064028520499,2.327812361853833,0,水平代理；不能复现原偏离度,False
2008-06-13,3.5027390080428957,SHIBOR_1W+利差调整,3.2950440080428955,2.3288890080428954,0,水平代理；不能复现原偏离度,False
2008-06-13,3.5027390080428953,SHIBOR_1W+利差调整,3.2950440080428955,2.3288890080428954,0,水平代理；不能复现原偏离度,False
2008-06-16,3.4964106951871656,SHIBOR_1W+利差调整,3.3094740285204987,2.329109028520499,0,水平代理；不能复现原偏离度,False
2008-06-16,3.4964106951871656,SHIBOR_1W+利差调整,3.3094740285204987,2.329109028520499,0,水平代理；不能复现原偏离度,False
2008-06-17,3.3721106951871658,SHIBOR_1W+利差调整,3.3226556951871657,2.3297573618538325,0,水平代理；不能复现原偏离度,False
2008-06-17,3.3721106951871658,SHIBOR_1W+利差调整,3.3226556951871657,2.3297573618538325,0,水平代理；不能复现原偏离度,False
2008-06-18,3.3386106951871657,SHIBOR_1W+利差调整,3.335539028520499,2.330405695187166,0,水平代理；不能复现原偏离度,False
2008-06-18,3.3386106951871657,SHIBOR_1W+利差调整,3.335539028520499,2.330405695187166,0,水平代理；不能复现原偏离度,False
2008-06-19,3.524181124497992,SHIBOR_1W+利差调整,3.3520527911646587,2.331224457831325,0,水平代理；不能复现原偏离度,False
2008-06-19,3.524181124497992,SHIBOR_1W+利差调整,3.3520527911646587,2.331224457831325,0,水平代理；不能复现原偏离度,False
2008-06-20,3.3713390080428955,SHIBOR_1W+利差调整,3.366334008042896,2.332130674709562,0,水平代理；不能复现原偏离度,False
2008-06-20,3.3713390080428955,SHIBOR_1W+利差调整,3.366334008042896,2.332130674709562,0,水平代理；不能复现原偏离度,False
2008-06-23,3.213110695187166,SHIBOR_1W+利差调整,3.375892361853832,2.332350695187165,0,水平代理；不能复现原偏离度,False
2008-06-23,3.213110695187166,SHIBOR_1W+利差调整,3.375892361853832,2.332350695187165,0,水平代理；不能复现原偏离度,False
2008-06-24,3.251610695187166,SHIBOR_1W+利差调整,3.387904028520499,2.332999028520499,0,水平代理；不能复现原偏离度,False
2008-06-24,3.251610695187166,SHIBOR_1W+利差调整,3.387904028520499,2.332999028520499,0,水平代理；不能复现原偏离度,False
2008-06-25,3.3130390080428955,SHIBOR_1W+利差调整,3.4013106747095625,2.3338681747095618,0,水平代理；不能复现原偏离度,False
2008-06-25,3.3130390080428955,SHIBOR_1W+利差调整,3.4013106747095625,2.3338681747095618,0,水平代理；不能复现原偏离度,False
2008-06-26,3.4360390080428957,SHIBOR_1W+利差调整,3.4080723413762284,2.3343090080428954,0,水平代理；不能复现原偏离度,False
2008-06-26,3.4360390080428953,SHIBOR_1W+利差调整,3.4080723413762284,2.3343090080428954,0,水平代理；不能复现原偏离度,False
2008-06-27,3.4388390080428954,SHIBOR_1W+利差调整,3.411260674709562,2.3347498413762287,0,水平代理；不能复现原偏离度,False
2008-06-27,3.4388390080428954,SHIBOR_1W+利差调整,3.411260674709562,2.3347498413762287,0,水平代理；不能复现原偏离度,False
2008-06-30,3.4403390080428955,SHIBOR_1W+利差调整,3.413589008042896,2.335190674709562,0,水平代理；不能复现原偏离度,False
2008-06-30,3.4403390080428955,SHIBOR_1W+利差调整,3.4135890080428957,2.335190674709562,0,水平代理；不能复现原偏离度,False
2008-07-01,3.1463390080428955,SHIBOR_1W+利差调整,3.417255674709561,2.335631508042895,0,水平代理；不能复现原偏离度,False
2008-07-01,3.1463390080428955,SHIBOR_1W+利差调整,3.4172556747095615,2.335631508042895,0,水平代理；不能复现原偏离度,False
2008-07-02,3.303810695187166,SHIBOR_1W+利差调整,3.415964028520499,2.335644028520499,0,水平代理；不能复现原偏离度,False
2008-07-02,3.303810695187166,SHIBOR_1W+利差调整,3.415964028520499,2.335644028520499,0,水平代理；不能复现原偏离度,False
2008-07-03,3.0472390080428955,SHIBOR_1W+利差调整,3.406499008042895,2.336513174709562,0,水平代理；不能复现原偏离度,False
2008-07-03,3.0472390080428955,SHIBOR_1W+利差调整,3.406499008042895,2.336513174709562,0,水平代理；不能复现原偏离度,False
2008-07-04,3.046239008042896,SHIBOR_1W+利差调整,3.3894223413762288,2.336954008042895,0,水平代理；不能复现原偏离度,False
2008-07-04,3.0462390080428956,SHIBOR_1W+利差调整,3.3894223413762288,2.336954008042895,0,水平代理；不能复现原偏离度,False
2008-07-07,3.1783390080428955,SHIBOR_1W+利差调整,3.3823656747095616,2.337394841376229,0,水平代理；不能复现原偏离度,False
2008-07-07,3.1783390080428955,SHIBOR_1W+利差调整,3.3823656747095616,2.337394841376229,0,水平代理；不能复现原偏离度,False
2008-07-08,3.342739008042896,SHIBOR_1W+利差调整,3.388347341376229,2.337835674709562,0,水平代理；不能复现原偏离度,False
2008-07-08,3.342739008042896,SHIBOR_1W+利差调整,3.388347341376229,2.337835674709562,0,水平代理；不能复现原偏离度,False
2008-07-09,3.2776390080428954,SHIBOR_1W+利差调整,3.390475674709562,2.339259174709562,0,水平代理；不能复现原偏离度,False
2008-07-09,3.2776390080428954,SHIBOR_1W+利差调整,3.390475674709562,2.339259174709562,0,水平代理；不能复现原偏离度,False
2008-07-10,3.0736390080428952,SHIBOR_1W+利差调整,3.3856573413762288,2.340682674709562,0,水平代理；不能复现原偏离度,False
2008-07-10,3.0736390080428952,SHIBOR_1W+利差调整,3.3856573413762288,2.340682674709562,0,水平代理；不能复现原偏离度,False
2008-07-11,2.9145390080428952,SHIBOR_1W+利差调整,3.3765106747095626,2.342106174709562,0,水平代理；不能复现原偏离度,False
2008-07-11,2.9145390080428952,SHIBOR_1W+利差调整,3.3765106747095626,2.342106174709562,0,水平代理；不能复现原偏离度,False
2008-07-14,3.1564390080428955,SHIBOR_1W+利差调整,3.3712523413762288,2.343529674709562,0,水平代理；不能复现原偏离度,False
2008-07-14,3.1564390080428955,SHIBOR_1W+利差调整,3.3712523413762288,2.343529674709562,0,水平代理；不能复现原偏离度,False
2008-07-15,3.2043390080428957,SHIBOR_1W+利差调整,3.374487341376229,2.3449531747095618,0,水平代理；不能复现原偏离度,False
2008-07-15,3.2043390080428953,SHIBOR_1W+利差调整,3.374487341376229,2.3449531747095618,0,水平代理；不能复现原偏离度,False
2008-07-16,3.052739008042896,SHIBOR_1W+利差调整,3.3760090080428955,2.346376674709562,0,水平代理；不能复现原偏离度,False
2008-07-16,3.0527390080428956,SHIBOR_1W+利差调整,3.3760090080428955,2.346376674709562,0,水平代理；不能复现原偏离度,False
2008-07-17,3.1869390080428954,SHIBOR_1W+利差调整,3.380165674709562,2.347800174709562,0,水平代理；不能复现原偏离度,False
2008-07-17,3.1869390080428954,SHIBOR_1W+利差调整,3.380165674709562,2.347800174709562,0,水平代理；不能复现原偏离度,False
2008-07-18,3.3092390080428955,SHIBOR_1W+利差调整,3.387900674709562,2.349223674709562,0,水平代理；不能复现原偏离度,False
2008-07-18,3.3092390080428955,SHIBOR_1W+利差调整,3.387900674709562,2.349223674709562,0,水平代理；不能复现原偏离度,False
2008-07-21,3.2145390080428955,SHIBOR_1W+利差调整,3.3942390080428955,2.350647174709562,0,水平代理；不能复现原偏离度,False
2008-07-21,3.2145390080428955,SHIBOR_1W+利差调整,3.3942390080428955,2.350647174709562,0,水平代理；不能复现原偏离度,False
2008-07-22,3.1720390080428955,SHIBOR_1W+利差调整,3.3964623413762287,2.352070674709562,0,水平代理；不能复现原偏离度,False
2008-07-22,3.1720390080428955,SHIBOR_1W+利差调整,3.3964623413762287,2.352070674709562,0,水平代理；不能复现原偏离度,False
2008-07-23,3.1183390080428954,SHIBOR_1W+利差调整,3.3984090080428957,2.3546018413762284,0,水平代理；不能复现原偏离度,False
2008-07-23,3.1183390080428954,SHIBOR_1W+利差调整,3.3984090080428953,2.3546018413762284,0,水平代理；不能复现原偏离度,False
2008-07-24,3.2309390080428955,SHIBOR_1W+利差调整,3.400799008042896,2.3571330080428954,0,水平代理；不能复现原偏离度,False
2008-07-24,3.2309390080428955,SHIBOR_1W+利差调整,3.4007990080428954,2.3571330080428954,0,水平代理；不能复现原偏离度,False
2008-07-25,3.2283390080428958,SHIBOR_1W+利差调整,3.404755674709562,2.359664174709562,0,水平代理；不能复现原偏离度,False
2008-07-25,3.2283390080428953,SHIBOR_1W+利差调整,3.404755674709562,2.359664174709562,0,水平代理；不能复现原偏离度,False
2008-07-28,3.3077390080428954,SHIBOR_1W+利差调整,3.410732341376229,2.362195341376229,0,水平代理；不能复现原偏离度,False
2008-07-28,3.3077390080428954,SHIBOR_1W+利差调整,3.410732341376229,2.362195341376229,0,水平代理；不能复现原偏离度,False
2008-07-29,3.5656390080428952,SHIBOR_1W+利差调整,3.418589008042896,2.364726508042895,0,水平代理；不能复现原偏离度,False
2008-07-29,3.5656390080428952,SHIBOR_1W+利差调整,3.4185890080428956,2.364726508042895,0,水平代理；不能复现原偏离度,False
2008-07-30,3.572339008042896,SHIBOR_1W+利差调整,3.4264973413762285,2.367257674709562,0,水平代理；不能复现原偏离度,False
2008-07-30,3.5723390080428956,SHIBOR_1W+利差调整,3.4264973413762285,2.367257674709562,0,水平代理；不能复现原偏离度,False
2008-07-31,3.9162390080428953,SHIBOR_1W+利差调整,3.438782341376229,2.3697888413762285,0,水平代理；不能复现原偏离度,False
2008-07-31,3.9162390080428953,SHIBOR_1W+利差调整,3.438782341376229,2.3697888413762285,0,水平代理；不能复现原偏离度,False
2008-08-01,3.937239008042896,SHIBOR_1W+利差调整,3.4517690080428958,2.3723200080428954,0,水平代理；不能复现原偏离度,False
2008-08-01,3.9372390080428956,SHIBOR_1W+利差调整,3.4517690080428953,2.3723200080428954,0,水平代理；不能复现原偏离度,False
2008-08-04,4.014381124497992,SHIBOR_1W+利差调整,3.466897791164659,2.374593291164659,0,水平代理；不能复现原偏离度,False
2008-08-04,4.014381124497992,SHIBOR_1W+利差调整,3.466897791164659,2.374593291164659,0,水平代理；不能复现原偏离度,False
2008-08-05,4.102339008042896,SHIBOR_1W+利差调整,3.4809490080428955,2.3773823413762285,0,水平代理；不能复现原偏离度,False
2008-08-05,4.102339008042896,SHIBOR_1W+利差调整,3.4809490080428955,2.3773823413762285,0,水平代理；不能复现原偏离度,False
2008-08-06,3.939539008042896,SHIBOR_1W+利差调整,3.489360674709562,2.3786808413762284,0,水平代理；不能复现原偏离度,False
2008-08-06,3.9395390080428956,SHIBOR_1W+利差调整,3.489360674709562,2.3786808413762284,0,水平代理；不能复现原偏离度,False
2008-08-07,3.3919390080428955,SHIBOR_1W+利差调整,3.4872440080428952,2.3799793413762287,0,水平代理；不能复现原偏离度,False
2008-08-07,3.3919390080428955,SHIBOR_1W+利差调整,3.4872440080428952,2.3799793413762287,0,水平代理；不能复现原偏离度,False
2008-08-08,3.3131390080428957,SHIBOR_1W+利差调整,3.4819706747095625,2.381277841376229,0,水平代理；不能复现原偏离度,False
2008-08-08,3.3131390080428953,SHIBOR_1W+利差调整,3.4819706747095625,2.3812778413762286,0,水平代理；不能复现原偏离度,False
2008-08-11,3.296039008042896,SHIBOR_1W+利差调整,3.468439008042896,2.3825763413762284,0,水平代理；不能复现原偏离度,False
2008-08-11,3.296039008042896,SHIBOR_1W+利差调整,3.468439008042896,2.3825763413762284,0,水平代理；不能复现原偏离度,False
2008-08-12,3.264339008042896,SHIBOR_1W+利差调整,3.454717341376229,2.3838748413762287,0,水平代理；不能复现原偏离度,False
2008-08-12,3.2643390080428953,SHIBOR_1W+利差调整,3.454717341376229,2.3838748413762287,0,水平代理；不能复现原偏离度,False
2008-08-13,3.294539008042896,SHIBOR_1W+利差调整,3.4413306747095618,2.3851733413762286,0,水平代理；不能复现原偏离度,False
2008-08-13,3.2945390080428956,SHIBOR_1W+利差调整,3.4413306747095618,2.3851733413762286,0,水平代理；不能复现原偏离度,False
2008-08-14,3.389239008042896,SHIBOR_1W+利差调整,3.432705674709562,2.3864718413762285,0,水平代理；不能复现原偏离度,False
2008-08-14,3.3892390080428956,SHIBOR_1W+利差调整,3.432705674709562,2.3864718413762285,0,水平代理；不能复现原偏离度,False
2008-08-15,2.9360390080428957,SHIBOR_1W+利差调整,3.414775674709562,2.387770341376229,0,水平代理；不能复现原偏离度,False
2008-08-15,2.9360390080428953,SHIBOR_1W+利差调整,3.414775674709562,2.387770341376229,0,水平代理；不能复现原偏离度,False
2008-08-18,3.424239008042896,SHIBOR_1W+利差调整,3.410507341376229,2.3890688413762287,0,水平代理；不能复现原偏离度,False
2008-08-18,3.424239008042896,SHIBOR_1W+利差调整,3.410507341376229,2.3890688413762287,0,水平代理；不能复现原偏离度,False
2008-08-19,3.260939008042896,SHIBOR_1W+利差调整,3.404415674709562,2.3903673413762285,0,水平代理；不能复现原偏离度,False
2008-08-19,3.260939008042896,SHIBOR_1W+利差调整,3.404415674709562,2.3903673413762285,0,水平代理；不能复现原偏离度,False
2008-08-20,3.255439008042895,SHIBOR_1W+利差调整,3.399164008042895,2.390767008042895,0,水平代理；不能复现原偏离度,False
2008-08-20,3.255439008042895,SHIBOR_1W+利差调整,3.399164008042895,2.390767008042895,0,水平代理；不能复现原偏离度,False
2008-08-21,3.1677106951871656,SHIBOR_1W+利差调整,3.397854028520499,2.3907383618538325,0,水平代理；不能复现原偏离度,False
2008-08-21,3.1677106951871656,SHIBOR_1W+利差调整,3.397854028520499,2.3907383618538325,0,水平代理；不能复现原偏离度,False
2008-08-22,3.2416390080428954,SHIBOR_1W+利差调整,3.3965123413762286,2.3915663413762287,0,水平代理；不能复现原偏离度,False
2008-08-22,3.2416390080428954,SHIBOR_1W+利差调整,3.3965123413762286,2.3915663413762287,0,水平代理；不能复现原偏离度,False
2008-08-25,3.147039008042896,SHIBOR_1W+利差调整,3.394285674709562,2.3919660080428957,0,水平代理；不能复现原偏离度,False
2008-08-25,3.1470390080428956,SHIBOR_1W+利差调整,3.394285674709562,2.3919660080428953,0,水平代理；不能复现原偏离度,False
2008-08-26,3.1818390080428958,SHIBOR_1W+利差调整,3.392589008042896,2.392365674709562,0,水平代理；不能复现原偏离度,False
2008-08-26,3.1818390080428953,SHIBOR_1W+利差调整,3.3925890080428958,2.392365674709562,0,水平代理；不能复现原偏离度,False
2008-08-27,3.1784390080428957,SHIBOR_1W+利差调整,3.391115674709562,2.3927653413762284,0,水平代理；不能复现原偏离度,False
2008-08-27,3.1784390080428953,SHIBOR_1W+利差调整,3.391115674709562,2.3927653413762284,0,水平代理；不能复现原偏离度,False
2008-08-28,3.3622390080428954,SHIBOR_1W+利差调整,3.390085674709562,2.393165008042895,0,水平代理；不能复现原偏离度,False
2008-08-28,3.3622390080428954,SHIBOR_1W+利差调整,3.390085674709562,2.393165008042895,0,水平代理；不能复现原偏离度,False
2008-08-29,3.205139008042895,SHIBOR_1W+利差调整,3.3859340080428955,2.393564674709562,0,水平代理；不能复现原偏离度,False
2008-08-29,3.205139008042895,SHIBOR_1W+利差调整,3.3859340080428955,2.393564674709562,0,水平代理；不能复现原偏离度,False
2008-09-01,3.2475390080428954,SHIBOR_1W+利差调整,3.382099008042895,2.3939643413762286,0,水平代理；不能复现原偏离度,False
2008-09-01,3.2475390080428954,SHIBOR_1W+利差调整,3.382099008042895,2.3939643413762286,0,水平代理；不能复现原偏离度,False
2008-09-02,3.2169390080428952,SHIBOR_1W+利差调整,3.350085674709562,2.394364008042895,0,水平代理；不能复现原偏离度,False
2008-09-02,3.2169390080428952,SHIBOR_1W+利差调整,3.350085674709562,2.394364008042895,0,水平代理；不能复现原偏离度,False
2008-09-03,3.189739008042896,SHIBOR_1W+利差调整,3.332074008042896,2.3946448413762287,0,水平代理；不能复现原偏离度,False
2008-09-03,3.1897390080428956,SHIBOR_1W+利差调整,3.3320740080428957,2.3946448413762287,0,水平代理；不能复现原偏离度,False
2008-09-04,3.3020390080428954,SHIBOR_1W+利差调整,3.3254656747095623,2.3949256747095617,0,水平代理；不能复现原偏离度,False
2008-09-04,3.3020390080428954,SHIBOR_1W+利差调整,3.3254656747095623,2.3949256747095617,0,水平代理；不能复现原偏离度,False
2008-09-05,3.1565390080428952,SHIBOR_1W+利差调整,3.3196956747095623,2.3952065080428957,0,水平代理；不能复现原偏离度,False
2008-09-05,3.1565390080428952,SHIBOR_1W+利差调整,3.3196956747095623,2.3952065080428953,0,水平代理；不能复现原偏离度,False
2008-09-08,3.0713390080428957,SHIBOR_1W+利差调整,3.312604008042896,2.3954873413762283,0,水平代理；不能复现原偏离度,False
2008-09-08,3.0713390080428953,SHIBOR_1W+利差调整,3.3126040080428956,2.3954873413762283,0,水平代理；不能复现原偏离度,False
2008-09-09,3.200910695187166,SHIBOR_1W+利差调整,3.309322361853832,2.3953398618538326,0,水平代理；不能复现原偏离度,False
2008-09-09,3.200910695187166,SHIBOR_1W+利差调整,3.309322361853832,2.3953398618538326,0,水平代理；不能复现原偏离度,False
2008-09-10,3.1463106951871658,SHIBOR_1W+利差调整,3.306117361853832,2.395620695187166,0,水平代理；不能复现原偏离度,False
2008-09-10,3.1463106951871658,SHIBOR_1W+利差调整,3.306117361853832,2.395620695187166,0,水平代理；不能复现原偏离度,False
2008-09-11,3.156881124497992,SHIBOR_1W+利差调整,3.300166124497992,2.396071957831326,0,水平代理；不能复现原偏离度,False
2008-09-11,3.156881124497992,SHIBOR_1W+利差调整,3.300166124497992,2.396071957831326,0,水平代理；不能复现原偏离度,False
2008-09-12,3.1680390080428955,SHIBOR_1W+利差调整,3.297035674709562,2.396610674709562,0,水平代理；不能复现原偏离度,False
2008-09-12,3.1680390080428955,SHIBOR_1W+利差调整,3.297035674709562,2.396610674709562,0,水平代理；不能复现原偏离度,False
2008-09-16,3.140910695187166,SHIBOR_1W+利差调整,3.2954040285205,2.3964631951871658,0,水平代理；不能复现原偏离度,False
2008-09-16,3.140910695187166,SHIBOR_1W+利差调整,3.2954040285205,2.3964631951871658,0,水平代理；不能复现原偏离度,False
2008-09-17,3.2435390080428954,SHIBOR_1W+利差调整,3.2956906747095625,2.3971723413762285,0,水平代理；不能复现原偏离度,False
2008-09-17,3.2435390080428954,SHIBOR_1W+利差调整,3.2956906747095625,2.3971723413762285,0,水平代理；不能复现原偏离度,False
2008-09-18,3.3576390080428955,SHIBOR_1W+利差调整,3.2964340080428958,2.3978020080428952,0,水平代理；不能复现原偏离度,False
2008-09-18,3.3576390080428955,SHIBOR_1W+利差调整,3.2964340080428953,2.3978020080428952,0,水平代理；不能复现原偏离度,False
2008-09-19,3.480039008042896,SHIBOR_1W+利差调整,3.297167341376229,2.398431674709562,0,水平代理；不能复现原偏离度,False
2008-09-19,3.4800390080428953,SHIBOR_1W+利差调整,3.297167341376229,2.398431674709562,0,水平代理；不能复现原偏离度,False
2008-09-22,3.5896390080428957,SHIBOR_1W+利差调整,3.2996806747095624,2.3990613413762287,0,水平代理；不能复现原偏离度,False
2008-09-22,3.5896390080428953,SHIBOR_1W+利差调整,3.2996806747095624,2.3990613413762287,0,水平代理；不能复现原偏离度,False
2008-09-23,3.5696390080428952,SHIBOR_1W+利差调整,3.301835674709562,2.3996910080428955,0,水平代理；不能复现原偏离度,False
2008-09-23,3.5696390080428952,SHIBOR_1W+利差调整,3.301835674709562,2.3996910080428955,0,水平代理；不能复现原偏离度,False
2008-09-24,3.4730390080428952,SHIBOR_1W+利差调整,3.307280674709562,2.400320674709562,0,水平代理；不能复现原偏离度,False
2008-09-24,3.4730390080428952,SHIBOR_1W+利差调整,3.307280674709562,2.400320674709562,0,水平代理；不能复现原偏离度,False
2008-09-25,3.4882106951871656,SHIBOR_1W+利差调整,3.309925695187166,2.4005220285205,0,水平代理；不能复现原偏离度,False
2008-09-25,3.4882106951871656,SHIBOR_1W+利差调整,3.309925695187166,2.4005220285205,0,水平代理；不能复现原偏离度,False
2008-09-26,3.5714390080428955,SHIBOR_1W+利差调整,3.3190906747095625,2.401580008042896,0,水平代理；不能复现原偏离度,False
2008-09-26,3.5714390080428955,SHIBOR_1W+利差调整,3.3190906747095625,2.401580008042896,0,水平代理；不能复现原偏离度,False
2008-09-27,3.5998390080428955,SHIBOR_1W+利差调整,3.328317341376229,2.402209674709562,0,水平代理；不能复现原偏离度,False
2008-09-27,3.5998390080428955,SHIBOR_1W+利差调整,3.328317341376229,2.402209674709562,0,水平代理；不能复现原偏离度,False
2008-09-28,3.393439008042896,SHIBOR_1W+利差调整,3.331902341376229,2.402839341376229,0,水平代理；不能复现原偏离度,False
2008-09-28,3.3934390080428956,SHIBOR_1W+利差调整,3.331902341376229,2.402839341376229,0,水平代理；不能复现原偏离度,False
2008-10-06,3.6986390080428952,SHIBOR_1W+利差调整,3.337834008042896,2.4034690080428955,0,水平代理；不能复现原偏离度,False
2008-10-06,3.6986390080428952,SHIBOR_1W+利差调整,3.337834008042896,2.4034690080428955,0,水平代理；不能复现原偏离度,False
2008-10-07,3.878304557640751,SHIBOR_1W+利差调整,3.3481062243074176,2.403847724307417,0,水平代理；不能复现原偏离度,False
2008-10-07,3.878304557640751,SHIBOR_1W+利差调整,3.3481062243074176,2.403847724307417,0,水平代理；不能复现原偏离度,False
2008-10-08,3.504081124497992,SHIBOR_1W+利差调整,3.354761124497992,2.4034374578313256,0,水平代理；不能复现原偏离度,False
2008-10-08,3.504081124497992,SHIBOR_1W+利差调整,3.354761124497992,2.4034374578313256,0,水平代理；不能复现原偏离度,False
2008-10-09,3.453810695187166,SHIBOR_1W+利差调整,3.363585695187166,2.403380195187166,0,水平代理；不能复现原偏离度,False
2008-10-09,3.453810695187166,SHIBOR_1W+利差调整,3.363585695187166,2.403380195187166,0,水平代理；不能复现原偏离度,False
2008-10-10,3.566739008042896,SHIBOR_1W+利差调整,3.3708523413762284,2.4039216747095624,0,水平代理；不能复现原偏离度,False
2008-10-10,3.566739008042896,SHIBOR_1W+利差调整,3.3708523413762284,2.4039216747095624,0,水平代理；不能复现原偏离度,False
2008-10-13,3.469839008042896,SHIBOR_1W+利差调整,3.3752773413762283,2.404034841376229,0,水平代理；不能复现原偏离度,False
2008-10-13,3.469839008042896,SHIBOR_1W+利差调整,3.3752773413762283,2.404034841376229,0,水平代理；不能复现原偏离度,False
2008-10-14,3.2967390080428958,SHIBOR_1W+利差调整,3.379344008042896,2.4041480080428954,0,水平代理；不能复现原偏离度,False
2008-10-14,3.2967390080428953,SHIBOR_1W+利差调整,3.3793440080428954,2.4041480080428954,0,水平代理；不能复现原偏离度,False
2008-10-15,3.370510695187166,SHIBOR_1W+利差调整,3.381982361853832,2.4038328618538327,0,水平代理；不能复现原偏离度,False
2008-10-15,3.370510695187166,SHIBOR_1W+利差调整,3.381982361853832,2.4038328618538327,0,水平代理；不能复现原偏离度,False
2008-10-16,3.346739008042896,SHIBOR_1W+利差调整,3.383035674709562,2.404374341376229,0,水平代理；不能复现原偏离度,False
2008-10-16,3.346739008042896,SHIBOR_1W+利差调整,3.383035674709562,2.404374341376229,0,水平代理；不能复现原偏离度,False
2008-10-17,3.228810695187166,SHIBOR_1W+利差调整,3.3828523618538324,2.404059195187166,0,水平代理；不能复现原偏离度,False
2008-10-17,3.228810695187166,SHIBOR_1W+利差调整,3.3828523618538324,2.404059195187166,0,水平代理；不能复现原偏离度,False
2008-10-20,3.148457908847185,SHIBOR_1W+利差调整,3.3829062421805185,2.4046195755138515,0,水平代理；不能复现原偏离度,False
2008-10-20,3.148457908847185,SHIBOR_1W+利差调整,3.3829062421805185,2.4046195755138515,0,水平代理；不能复现原偏离度,False
2008-10-21,3.139104557640751,SHIBOR_1W+利差调整,3.3834945576407507,2.405132057640751,0,水平代理；不能复现原偏离度,False
2008-10-21,3.139104557640751,SHIBOR_1W+利差调整,3.3834945576407507,2.405132057640751,0,水平代理；不能复现原偏离度,False
2008-10-22,3.0638390080428954,SHIBOR_1W+利差调整,3.3804440080428955,2.4051323413762287,0,水平代理；不能复现原偏离度,False
2008-10-22,3.0638390080428954,SHIBOR_1W+利差调整,3.3804440080428955,2.4051323413762287,0,水平代理；不能复现原偏离度,False
2008-10-23,3.1425390080428954,SHIBOR_1W+利差调整,3.3790140080428954,2.4053981747095623,0,水平代理；不能复现原偏离度,False
2008-10-23,3.1425390080428954,SHIBOR_1W+利差调整,3.3790140080428954,2.4053981747095623,0,水平代理；不能复现原偏离度,False
2008-10-24,3.127010695187166,SHIBOR_1W+利差调整,3.375580695187166,2.405235695187166,0,水平代理；不能复现原偏离度,False
2008-10-24,3.127010695187166,SHIBOR_1W+利差调整,3.375580695187166,2.405235695187166,0,水平代理；不能复现原偏离度,False
2008-10-27,3.0638390080428954,SHIBOR_1W+利差调整,3.367645674709562,2.4059298413762287,0,水平代理；不能复现原偏离度,False
2008-10-27,3.0638390080428954,SHIBOR_1W+利差调整,3.367645674709562,2.4059298413762287,0,水平代理；不能复现原偏离度,False
2008-10-28,3.042039008042896,SHIBOR_1W+利差调整,3.3588073413762287,2.406195674709562,0,水平代理；不能复现原偏离度,False
2008-10-28,3.042039008042896,SHIBOR_1W+利差调整,3.3588073413762287,2.406195674709562,0,水平代理；不能复现原偏离度,False
2008-10-29,3.080510695187166,SHIBOR_1W+利差调整,3.3444573618538325,2.406033195187166,0,水平代理；不能复现原偏离度,False
2008-10-29,3.080510695187166,SHIBOR_1W+利差调整,3.3444573618538325,2.406033195187166,0,水平代理；不能复现原偏离度,False
2008-10-30,3.060110695187166,SHIBOR_1W+利差调整,3.329845695187166,2.406299028520499,0,水平代理；不能复现原偏离度,False
2008-10-30,3.060110695187166,SHIBOR_1W+利差调整,3.329845695187166,2.406299028520499,0,水平代理；不能复现原偏离度,False
2008-10-31,2.948804557640751,SHIBOR_1W+利差调整,3.312771224307417,2.4072587243074173,0,水平代理；不能复现原偏离度,False
2008-10-31,2.948804557640751,SHIBOR_1W+利差调整,3.312771224307417,2.4072587243074173,0,水平代理；不能复现原偏离度,False
2008-11-03,3.022781124497992,SHIBOR_1W+利差调整,3.294259457831325,2.407001124497992,0,水平代理；不能复现原偏离度,False
2008-11-03,3.022781124497992,SHIBOR_1W+利差调整,3.294259457831325,2.407001124497992,0,水平代理；不能复现原偏离度,False
2008-11-04,3.0830390080428955,SHIBOR_1W+利差调整,3.2802423413762285,2.4072676747095616,0,水平代理；不能复现原偏离度,False
2008-11-04,3.0830390080428955,SHIBOR_1W+利差调整,3.2802423413762285,2.4072676747095616,0,水平代理；不能复现原偏离度,False
2008-11-05,3.012281124497992,SHIBOR_1W+利差调整,3.273661124497992,2.407018457831325,0,水平代理；不能复现原偏离度,False
2008-11-05,3.012281124497992,SHIBOR_1W+利差调整,3.273661124497992,2.407018457831325,0,水平代理；不能复现原偏离度,False
2008-11-06,2.9929390080428955,SHIBOR_1W+利差调整,3.268582341376229,2.407285008042895,0,水平代理；不能复现原偏离度,False
2008-11-06,2.9929390080428955,SHIBOR_1W+利差调整,3.268582341376229,2.407285008042895,0,水平代理；不能复现原偏离度,False
2008-11-07,2.9344390080428955,SHIBOR_1W+利差调整,3.262555674709562,2.4072936747095617,0,水平代理；不能复现原偏离度,False
2008-11-07,2.9344390080428955,SHIBOR_1W+利差调整,3.262555674709562,2.4072936747095617,0,水平代理；不能复现原偏离度,False
2008-11-10,2.936281124497992,SHIBOR_1W+利差调整,3.2568344578313253,2.4070444578313253,0,水平代理；不能复现原偏离度,False
2008-11-10,2.936281124497992,SHIBOR_1W+利差调整,3.2568344578313253,2.4070444578313253,0,水平代理；不能复现原偏离度,False
2008-11-11,2.928039008042896,SHIBOR_1W+利差调整,3.250984008042896,2.407311008042895,0,水平代理；不能复现原偏离度,False
2008-11-11,2.928039008042896,SHIBOR_1W+利差调整,3.250984008042896,2.407311008042895,0,水平代理；不能复现原偏离度,False
2008-11-12,2.9271579088471853,SHIBOR_1W+利差调整,3.2433012421805185,2.407338575513852,0,水平代理；不能复现原偏离度,False
2008-11-12,2.9271579088471853,SHIBOR_1W+利差调整,3.2433012421805185,2.407338575513852,0,水平代理；不能复现原偏离度,False
2008-11-13,2.830510695187166,SHIBOR_1W+利差调整,3.2411023618538324,2.406900028520499,0,水平代理；不能复现原偏离度,False
2008-11-13,2.830510695187166,SHIBOR_1W+利差调整,3.2411023618538324,2.406900028520499,0,水平代理；不能复现原偏离度,False
2008-11-14,2.8584106951871657,SHIBOR_1W+利差调整,3.231679028520499,2.406908695187166,0,水平代理；不能复现原偏离度,False
2008-11-14,2.8584106951871657,SHIBOR_1W+利差调整,3.231679028520499,2.406908695187166,0,水平代理；不能复现原偏离度,False
2008-11-17,2.839257908847185,SHIBOR_1W+利差调整,3.225097908847185,2.407364575513852,0,水平代理；不能复现原偏离度,False
2008-11-17,2.839257908847185,SHIBOR_1W+利差调整,3.225097908847185,2.407364575513852,0,水平代理；不能复现原偏离度,False
2008-11-18,2.7715106951871658,SHIBOR_1W+利差调整,3.216592361853833,2.407715195187166,0,水平代理；不能复现原偏离度,False
2008-11-18,2.7715106951871658,SHIBOR_1W+利差调整,3.216592361853833,2.407715195187166,0,水平代理；不能复现原偏离度,False
2008-11-19,2.773010695187166,SHIBOR_1W+利差调整,3.210014028520499,2.4085130285204994,0,水平代理；不能复现原偏离度,False
2008-11-19,2.773010695187166,SHIBOR_1W+利差调整,3.210014028520499,2.4085130285204994,0,水平代理；不能复现原偏离度,False
2008-11-20,2.7401106951871657,SHIBOR_1W+利差调整,3.2016623618538325,2.4093108618538324,0,水平代理；不能复现原偏离度,False
2008-11-20,2.7401106951871657,SHIBOR_1W+利差调整,3.2016623618538325,2.4093108618538324,0,水平代理；不能复现原偏离度,False
2008-11-21,2.653439008042896,SHIBOR_1W+利差调整,3.193864008042896,2.4105370080428954,0,水平代理；不能复现原偏离度,False
2008-11-21,2.653439008042896,SHIBOR_1W+利差调整,3.193864008042896,2.4105370080428954,0,水平代理；不能复现原偏离度,False
2008-11-24,2.7355390080428954,SHIBOR_1W+利差调整,3.186425674709562,2.4113348413762283,0,水平代理；不能复现原偏离度,False
2008-11-24,2.7355390080428954,SHIBOR_1W+利差调整,3.186425674709562,2.4113348413762283,0,水平代理；不能复现原偏离度,False
2008-11-25,2.7163390080428957,SHIBOR_1W+利差调整,3.178724008042896,2.4121326747095617,0,水平代理；不能复现原偏离度,False
2008-11-25,2.7163390080428953,SHIBOR_1W+利差调整,3.1787240080428956,2.4121326747095617,0,水平代理；不能复现原偏离度,False
2008-11-26,2.6820390080428957,SHIBOR_1W+利差调整,3.1673873413762283,2.412930508042895,0,水平代理；不能复现原偏离度,False
2008-11-26,2.6820390080428953,SHIBOR_1W+利差调整,3.1673873413762283,2.412930508042895,0,水平代理；不能复现原偏离度,False
2008-11-27,2.1275390080428958,SHIBOR_1W+利差调整,3.149427341376229,2.4137283413762285,0,水平代理；不能复现原偏离度,False
2008-11-27,2.1275390080428953,SHIBOR_1W+利差调整,3.149427341376229,2.4137283413762285,0,水平代理；不能复现原偏离度,False
2008-11-28,2.2450390080428955,SHIBOR_1W+利差调整,3.132719008042896,2.414526174709562,0,水平代理；不能复现原偏离度,False
2008-11-28,2.2450390080428955,SHIBOR_1W+利差调整,3.132719008042896,2.414526174709562,0,水平代理；不能复现原偏离度,False
2008-12-01,2.1234390080428955,SHIBOR_1W+利差调整,3.114494008042896,2.4153240080428957,0,水平代理；不能复现原偏离度,False
2008-12-01,2.1234390080428955,SHIBOR_1W+利差调整,3.1144940080428953,2.4153240080428953,0,水平代理；不能复现原偏离度,False
2008-12-02,2.115039008042896,SHIBOR_1W+利差调整,3.0965823413762283,2.4153453413762285,0,水平代理；不能复现原偏离度,False
2008-12-02,2.1150390080428956,SHIBOR_1W+利差调整,3.0965823413762283,2.4153453413762285,0,水平代理；不能复现原偏离度,False
2008-12-03,2.122839008042896,SHIBOR_1W+利差调整,3.0769290080428955,2.415366674709562,0,水平代理；不能复现原偏离度,False
2008-12-03,2.1228390080428956,SHIBOR_1W+利差调整,3.0769290080428955,2.415366674709562,0,水平代理；不能复现原偏离度,False
2008-12-04,2.1175390080428955,SHIBOR_1W+利差调整,3.0596123413762286,2.4153880080428958,0,水平代理；不能复现原偏离度,False
2008-12-04,2.1175390080428955,SHIBOR_1W+利差调整,3.0596123413762286,2.4153880080428953,0,水平代理；不能复现原偏离度,False
2008-12-05,1.9967390080428955,SHIBOR_1W+利差调整,3.041702341376229,2.4154093413762285,0,水平代理；不能复现原偏离度,False
2008-12-05,1.9967390080428955,SHIBOR_1W+利差调整,3.041702341376229,2.4154093413762285,0,水平代理；不能复现原偏离度,False
2008-12-08,1.9875390080428956,SHIBOR_1W+利差调整,3.0214723413762288,2.4154306747095617,0,水平代理；不能复现原偏离度,False
2008-12-08,1.9875390080428954,SHIBOR_1W+利差调整,3.0214723413762288,2.4154306747095617,0,水平代理；不能复现原偏离度,False
2008-12-09,1.8942390080428957,SHIBOR_1W+利差调整,3.000597341376229,2.4154520080428954,0,水平代理；不能复现原偏离度,False
2008-12-09,1.8942390080428955,SHIBOR_1W+利差调整,3.0005973413762286,2.4154520080428954,0,水平代理；不能复现原偏离度,False
2008-12-10,1.7209390080428957,SHIBOR_1W+利差调整,2.9766606747095623,2.4154733413762286,0,水平代理；不能复现原偏离度,False
2008-12-10,1.7209390080428955,SHIBOR_1W+利差调整,2.9766606747095623,2.4154733413762286,0,水平代理；不能复现原偏离度,False
2008-12-11,1.6046390080428954,SHIBOR_1W+利差调整,2.950604008042895,2.415494674709562,0,水平代理；不能复现原偏离度,False
2008-12-11,1.6046390080428954,SHIBOR_1W+利差调整,2.950604008042895,2.415494674709562,0,水平代理；不能复现原偏离度,False
2008-12-12,1.6817390080428951,SHIBOR_1W+利差调整,2.926277341376229,2.4155160080428955,0,水平代理；不能复现原偏离度,False
2008-12-12,1.6817390080428953,SHIBOR_1W+利差调整,2.926277341376229,2.4155160080428955,0,水平代理；不能复现原偏离度,False
2008-12-15,1.6679390080428955,SHIBOR_1W+利差调整,2.9000173413762287,2.4155373413762287,0,水平代理；不能复现原偏离度,False
2008-12-15,1.6679390080428955,SHIBOR_1W+利差调整,2.9000173413762287,2.4155373413762287,0,水平代理；不能复现原偏离度,False
2008-12-16,1.6574390080428951,SHIBOR_1W+利差调整,2.8716806747095616,2.4167645080428954,0,水平代理；不能复现原偏离度,False
2008-12-16,1.6574390080428953,SHIBOR_1W+利差调整,2.8716806747095616,2.4167645080428954,0,水平代理；不能复现原偏离度,False
2008-12-17,1.5978390080428957,SHIBOR_1W+利差调整,2.840310674709562,2.4179916747095618,0,水平代理；不能复现原偏离度,False
2008-12-17,1.5978390080428955,SHIBOR_1W+利差调整,2.840310674709562,2.4179916747095618,0,水平代理；不能复现原偏离度,False
2008-12-18,1.5442390080428954,SHIBOR_1W+利差调整,2.806220674709562,2.419218841376229,0,水平代理；不能复现原偏离度,False
2008-12-18,1.5442390080428954,SHIBOR_1W+利差调整,2.806220674709562,2.4192188413762286,0,水平代理；不能复现原偏离度,False
2008-12-19,1.5475390080428957,SHIBOR_1W+利差调整,2.772519008042896,2.420446008042896,0,水平代理；不能复现原偏离度,False
2008-12-19,1.5475390080428955,SHIBOR_1W+利差调整,2.7725190080428956,2.4204460080428953,0,水平代理；不能复现原偏离度,False
2008-12-22,1.5242390080428954,SHIBOR_1W+利差调整,2.740039008042896,2.4216731747095617,0,水平代理；不能复现原偏离度,False
2008-12-22,1.5242390080428954,SHIBOR_1W+利差调整,2.740039008042896,2.4216731747095617,0,水平代理；不能复现原偏离度,False
2008-12-23,1.5134390080428954,SHIBOR_1W+利差调整,2.707119008042896,2.4229003413762285,0,水平代理；不能复现原偏离度,False
2008-12-23,1.5134390080428954,SHIBOR_1W+利差调整,2.7071190080428957,2.4229003413762285,0,水平代理；不能复现原偏离度,False
2008-12-24,1.3518390080428957,SHIBOR_1W+利差调整,2.6701256747095616,2.4241275080428952,0,水平代理；不能复现原偏离度,False
2008-12-24,1.3518390080428955,SHIBOR_1W+利差调整,2.6701256747095616,2.4241275080428952,0,水平代理；不能复现原偏离度,False
2008-12-25,1.3549390080428954,SHIBOR_1W+利差调整,2.6327106747095623,2.425354674709562,0,水平代理；不能复现原偏离度,False
2008-12-25,1.3549390080428954,SHIBOR_1W+利差调整,2.6327106747095623,2.425354674709562,0,水平代理；不能复现原偏离度,False
2008-12-26,1.351139008042895,SHIBOR_1W+利差调整,2.5986723413762287,2.4265818413762283,0,水平代理；不能复现原偏离度,False
2008-12-26,1.3511390080428953,SHIBOR_1W+利差调整,2.5986723413762287,2.4265818413762283,0,水平代理；不能复现原偏离度,False
2008-12-29,1.3084390080428954,SHIBOR_1W+利差调整,2.558835674709562,2.427809008042895,0,水平代理；不能复现原偏离度,False
2008-12-29,1.3084390080428954,SHIBOR_1W+利差调整,2.558835674709562,2.427809008042895,0,水平代理；不能复现原偏离度,False
2008-12-30,1.2224390080428955,SHIBOR_1W+利差调整,2.5145756747095622,2.428359174709562,0,水平代理；不能复现原偏离度,False
2008-12-30,1.2224390080428955,SHIBOR_1W+利差调整,2.5145756747095622,2.428359174709562,0,水平代理；不能复现原偏离度,False
2008-12-31,1.1525390080428954,SHIBOR_1W+利差调整,2.4753790080428955,2.4289093413762286,0,水平代理；不能复现原偏离度,False
2008-12-31,1.1525390080428954,SHIBOR_1W+利差调整,2.4753790080428955,2.4289093413762286,0,水平代理；不能复现原偏离度,False
2009-01-04,1.1324390080428954,SHIBOR_1W+利差调整,2.4366823413762284,2.429459508042896,0,水平代理；不能复现原偏离度,False
2009-01-04,1.1324390080428954,SHIBOR_1W+利差调整,2.4366823413762284,2.4294595080428953,0,水平代理；不能复现原偏离度,False
2009-01-05,1.1450390080428954,SHIBOR_1W+利差调整,2.3963206747095622,2.430009674709562,1,水平代理；不能复现原偏离度,False
2009-01-05,1.1450390080428954,SHIBOR_1W+利差调整,2.3963206747095622,2.430009674709562,1,水平代理；不能复现原偏离度,False
2009-01-06,1.1367390080428954,SHIBOR_1W+利差调整,2.357435674709562,2.4216731747095617,1,水平代理；不能复现原偏离度,False
2009-01-06,1.1367390080428954,SHIBOR_1W+利差调整,2.357435674709562,2.4216731747095617,1,水平代理；不能复现原偏离度,False
2009-01-07,1.1505390080428954,SHIBOR_1W+利差调整,2.321665674709562,2.4154520080428954,1,水平代理；不能复现原偏离度,False
2009-01-07,1.1505390080428954,SHIBOR_1W+利差调整,2.321665674709562,2.4154520080428954,1,水平代理；不能复现原偏离度,False
2009-01-08,1.1347390080428954,SHIBOR_1W+利差调整,2.2843956747095624,2.412930508042895,1,水平代理；不能复现原偏离度,False
2009-01-08,1.1347390080428954,SHIBOR_1W+利差调整,2.2843956747095624,2.412930508042895,1,水平代理；不能复现原偏离度,False
2009-01-09,1.0906390080428954,SHIBOR_1W+利差调整,2.246794008042896,2.4073283413762283,1,水平代理；不能复现原偏离度,False
2009-01-09,1.0906390080428954,SHIBOR_1W+利差调整,2.2467940080428956,2.4073283413762283,1,水平代理；不能复现原偏离度,False
2009-01-12,1.0730390080428955,SHIBOR_1W+利差调整,2.2108573413762285,2.406993174709562,1,水平代理；不能复现原偏离度,False
2009-01-12,1.0730390080428955,SHIBOR_1W+利差调整,2.2108573413762285,2.406993174709562,1,水平代理；不能复现原偏离度,False
2009-01-13,1.0680106951871655,SHIBOR_1W+利差调整,2.1757623618538324,2.4041723618538327,1,水平代理；不能复现原偏离度,False
2009-01-13,1.0680106951871655,SHIBOR_1W+利差调整,2.1757623618538324,2.4041723618538327,1,水平代理；不能复现原偏离度,False
2009-01-14,1.0670390080428955,SHIBOR_1W+利差调整,2.1416606747095623,2.403582174709562,1,水平代理；不能复现原偏离度,False
2009-01-14,1.0670390080428955,SHIBOR_1W+利差调整,2.1416606747095623,2.403582174709562,1,水平代理；不能复现原偏离度,False
2009-01-15,1.0471390080428955,SHIBOR_1W+利差调整,2.1080490080428955,2.398431674709562,1,水平代理；不能复现原偏离度,False
2009-01-15,1.0471390080428955,SHIBOR_1W+利差调整,2.1080490080428955,2.398431674709562,1,水平代理；不能复现原偏离度,False
2009-01-16,1.0588390080428955,SHIBOR_1W+利差调整,2.0733206747095623,2.396576174709562,1,水平代理；不能复现原偏离度,False
2009-01-16,1.0588390080428955,SHIBOR_1W+利差调整,2.0733206747095623,2.396576174709562,1,水平代理；不能复现原偏离度,False
2009-01-19,1.0542390080428954,SHIBOR_1W+利差调整,2.038767341376229,2.395146674709562,1,水平代理；不能复现原偏离度,False
2009-01-19,1.0542390080428954,SHIBOR_1W+利差调整,2.038767341376229,2.395146674709562,1,水平代理；不能复现原偏离度,False
2009-01-20,1.0282390080428954,SHIBOR_1W+利差调整,2.004840674709562,2.392365674709562,1,水平代理；不能复现原偏离度,False
2009-01-20,1.0282390080428954,SHIBOR_1W+利差调整,2.004840674709562,2.392365674709562,1,水平代理；不能复现原偏离度,False
2009-01-21,1.0838390080428957,SHIBOR_1W+利差调整,1.9722040080428955,2.3851733413762286,1,水平代理；不能复现原偏离度,False
2009-01-21,1.0838390080428955,SHIBOR_1W+利差调整,1.9722040080428953,2.3851733413762286,1,水平代理；不能复现原偏离度,False
2009-01-22,1.172404557640751,SHIBOR_1W+利差调整,1.9406562243074168,2.371663890974084,1,水平代理；不能复现原偏离度,False
2009-01-22,1.172404557640751,SHIBOR_1W+利差调整,1.9406562243074168,2.371663890974084,1,水平代理；不能复现原偏离度,False
2009-01-23,1.1734390080428954,SHIBOR_1W+利差调整,1.908939008042896,2.3563626747095623,1,水平代理；不能复现原偏离度,False
2009-01-23,1.1734390080428954,SHIBOR_1W+利差调整,1.9089390080428956,2.3563626747095623,1,水平代理；不能复现原偏离度,False
2009-01-24,1.1300390080428957,SHIBOR_1W+利差调整,1.878630674709562,2.350647174709562,1,水平代理；不能复现原偏离度,False
2009-01-24,1.1300390080428955,SHIBOR_1W+利差调整,1.878630674709562,2.350647174709562,1,水平代理；不能复现原偏离度,False
2009-02-01,1.0725390080428954,SHIBOR_1W+利差调整,1.8461223413762289,2.337835674709562,1,水平代理；不能复现原偏离度,False
2009-02-01,1.0725390080428954,SHIBOR_1W+利差调整,1.8461223413762289,2.337835674709562,1,水平代理；不能复现原偏离度,False
2009-02-02,1.0550390080428955,SHIBOR_1W+利差调整,1.8123223413762288,2.3338681747095618,1,水平代理；不能复现原偏离度,False
2009-02-02,1.0550390080428955,SHIBOR_1W+利差调整,1.8123223413762288,2.3338681747095618,1,水平代理；不能复现原偏离度,False
2009-02-03,1.0781390080428954,SHIBOR_1W+利差调整,1.7800823413762288,2.328240674709562,1,水平代理；不能复现原偏离度,False
2009-02-03,1.0781390080428954,SHIBOR_1W+利差调整,1.7800823413762288,2.328240674709562,1,水平代理；不能复现原偏离度,False
2009-02-04,1.0871390080428955,SHIBOR_1W+利差调整,1.7483190080428954,2.326738674709562,1,水平代理；不能复现原偏离度,False
2009-02-04,1.0871390080428955,SHIBOR_1W+利差调整,1.7483190080428954,2.326738674709562,1,水平代理；不能复现原偏离度,False
2009-02-05,1.0866390080428954,SHIBOR_1W+利差调整,1.7175223413762286,2.323659674709562,1,水平代理；不能复现原偏离度,False
2009-02-05,1.0866390080428954,SHIBOR_1W+利差调整,1.7175223413762286,2.323659674709562,1,水平代理；不能复现原偏离度,False
2009-02-06,1.082281124497992,SHIBOR_1W+利差调整,1.6863644578313253,2.3213702911646585,1,水平代理；不能复现原偏离度,False
2009-02-06,1.082281124497992,SHIBOR_1W+利差调整,1.6863644578313253,2.3213702911646585,1,水平代理；不能复现原偏离度,False
2009-02-09,1.0842390080428954,SHIBOR_1W+利差调整,1.6558923413762288,2.3208313413762287,1,水平代理；不能复现原偏离度,False
2009-02-09,1.0842390080428954,SHIBOR_1W+利差调整,1.6558923413762288,2.3208313413762287,1,水平代理；不能复现原偏离度,False
2009-02-10,1.0862390080428954,SHIBOR_1W+利差调整,1.6252106747095618,2.316558841376229,1,水平代理；不能复现原偏离度,False
2009-02-10,1.0862390080428954,SHIBOR_1W+利差调整,1.6252106747095618,2.316558841376229,1,水平代理；不能复现原偏离度,False
2009-02-11,1.0815390080428957,SHIBOR_1W+利差调整,1.596054008042895,2.307012341376229,1,水平代理；不能复现原偏离度,False
2009-02-11,1.0815390080428955,SHIBOR_1W+利差调整,1.5960540080428953,2.307012341376229,1,水平代理；不能复现原偏离度,False
2009-02-12,1.0792390080428955,SHIBOR_1W+利差调整,1.5663940080428955,2.2980073413762288,1,水平代理；不能复现原偏离度,False
2009-02-12,1.0792390080428955,SHIBOR_1W+利差调整,1.5663940080428955,2.2980073413762288,1,水平代理；不能复现原偏离度,False
2009-02-13,1.1042390080428954,SHIBOR_1W+利差调整,1.5374773413762288,2.2974223413762287,1,水平代理；不能复现原偏离度,False
2009-02-13,1.1042390080428954,SHIBOR_1W+利差调整,1.5374773413762288,2.2974223413762287,1,水平代理；不能复现原偏离度,False
2009-02-16,1.0992390080428955,SHIBOR_1W+利差调整,1.5095990080428952,2.2882738413762285,1,水平代理；不能复现原偏离度,False
2009-02-16,1.0992390080428955,SHIBOR_1W+利差调整,1.5095990080428952,2.2882738413762285,1,水平代理；不能复现原偏离度,False
2009-02-17,1.1000390080428954,SHIBOR_1W+利差调整,1.4817090080428954,2.284968008042896,1,水平代理；不能复现原偏离度,False
2009-02-17,1.1000390080428954,SHIBOR_1W+利差调整,1.4817090080428954,2.284968008042896,1,水平代理；不能复现原偏离度,False
2009-02-18,1.1005390080428954,SHIBOR_1W+利差调整,1.4543756747095622,2.278449174709562,1,水平代理；不能复现原偏离度,False
2009-02-18,1.1005390080428954,SHIBOR_1W+利差调整,1.4543756747095622,2.278449174709562,1,水平代理；不能复现原偏离度,False
2009-02-19,1.0967390080428954,SHIBOR_1W+利差调整,1.428430674709562,2.274187674709562,1,水平代理；不能复现原偏离度,False
2009-02-19,1.0967390080428954,SHIBOR_1W+利差调整,1.428430674709562,2.274187674709562,1,水平代理；不能复现原偏离度,False
2009-02-20,1.1209390080428954,SHIBOR_1W+利差调整,1.401520674709562,2.268519008042896,1,水平代理；不能复现原偏离度,False
2009-02-20,1.1209390080428954,SHIBOR_1W+利差调整,1.401520674709562,2.2685190080428956,1,水平代理；不能复现原偏离度,False
2009-02-23,1.1405390080428954,SHIBOR_1W+利差调整,1.3752573413762288,2.260168341376229,1,水平代理；不能复现原偏离度,False
2009-02-23,1.1405390080428954,SHIBOR_1W+利差调整,1.3752573413762288,2.2601683413762292,1,水平代理；不能复现原偏离度,False
2009-02-24,1.1025390080428954,SHIBOR_1W+利差调整,1.3489323413762289,2.253726841376229,1,水平代理；不能复现原偏离度,False
2009-02-24,1.1025390080428954,SHIBOR_1W+利差调整,1.3489323413762289,2.253726841376229,1,水平代理；不能复现原偏离度,False
2009-02-25,1.0950390080428956,SHIBOR_1W+利差调整,1.3317240080428954,2.2510233413762286,1,水平代理；不能复现原偏离度,False
2009-02-25,1.0950390080428956,SHIBOR_1W+利差调整,1.3317240080428954,2.2510233413762286,1,水平代理；不能复现原偏离度,False
2009-02-26,1.0871390080428955,SHIBOR_1W+利差调整,1.3124256747095622,2.2460780080428955,1,水平代理；不能复现原偏离度,False
2009-02-26,1.0871390080428955,SHIBOR_1W+利差调整,1.3124256747095622,2.2460780080428955,1,水平代理；不能复现原偏离度,False
2009-02-27,1.0955390080428955,SHIBOR_1W+利差调整,1.2952940080428954,2.239634008042896,1,水平代理；不能复现原偏离度,False
2009-02-27,1.0955390080428955,SHIBOR_1W+利差调整,1.2952940080428954,2.239634008042896,1,水平代理；不能复现原偏离度,False
2009-03-02,1.0941045576407509,SHIBOR_1W+利差调整,1.2785395576407508,2.238099557640751,1,水平代理；不能复现原偏离度,False
2009-03-02,1.0941045576407509,SHIBOR_1W+利差调整,1.2785395576407508,2.238099557640751,1,水平代理；不能复现原偏离度,False
2009-03-03,1.093981124497992,SHIBOR_1W+利差调整,1.260872791164659,2.229201457831325,1,水平代理；不能复现原偏离度,False
2009-03-03,1.093981124497992,SHIBOR_1W+利差调整,1.260872791164659,2.229201457831325,1,水平代理；不能复现原偏离度,False
2009-03-04,1.0900390080428954,SHIBOR_1W+利差调整,1.2440056747095622,2.223328841376229,1,水平代理；不能复现原偏离度,False
2009-03-04,1.0900390080428954,SHIBOR_1W+利差调整,1.2440056747095622,2.223328841376229,1,水平代理；不能复现原偏离度,False
2009-03-05,1.0888390080428956,SHIBOR_1W+利差调整,1.2288740080428957,2.2174023413762285,1,水平代理；不能复现原偏离度,False
2009-03-05,1.0888390080428956,SHIBOR_1W+利差调整,1.2288740080428957,2.2174023413762285,1,水平代理；不能复现原偏离度,False
2009-03-06,1.0742390080428954,SHIBOR_1W+利差调整,1.2136523413762288,2.212738174709562,1,水平代理；不能复现原偏离度,False
2009-03-06,1.0742390080428954,SHIBOR_1W+利差调整,1.2136523413762288,2.212738174709562,1,水平代理；不能复现原偏离度,False
2009-03-09,1.1084390080428954,SHIBOR_1W+利差调整,1.200555674709562,2.208726008042895,1,水平代理；不能复现原偏离度,False
2009-03-09,1.1084390080428954,SHIBOR_1W+利差调整,1.200555674709562,2.208726008042895,1,水平代理；不能复现原偏离度,False
2009-03-10,1.0917390080428957,SHIBOR_1W+利差调整,1.1900690080428953,2.205152008042896,1,水平代理；不能复现原偏离度,False
2009-03-10,1.0917390080428955,SHIBOR_1W+利差调整,1.1900690080428953,2.2051520080428957,1,水平代理；不能复现原偏离度,False
2009-03-11,1.0942390080428954,SHIBOR_1W+利差调整,1.1815623413762286,2.202252341376229,1,水平代理；不能复现原偏离度,False
2009-03-11,1.0942390080428954,SHIBOR_1W+利差调整,1.1815623413762286,2.202252341376229,1,水平代理；不能复现原偏离度,False
2009-03-12,1.0850390080428955,SHIBOR_1W+利差调整,1.1716173413762287,2.193858508042896,1,水平代理；不能复现原偏离度,False
2009-03-12,1.0850390080428955,SHIBOR_1W+利差调整,1.1716173413762287,2.193858508042896,1,水平代理；不能复现原偏离度,False
2009-03-13,1.0859390080428954,SHIBOR_1W+利差调整,1.1619173413762287,2.191034008042896,1,水平代理；不能复现原偏离度,False
2009-03-13,1.0859390080428954,SHIBOR_1W+利差调整,1.1619173413762287,2.191034008042896,1,水平代理；不能复现原偏离度,False
2009-03-16,1.1059390080428957,SHIBOR_1W+利差调整,1.152725674709562,2.1862325080428957,1,水平代理；不能复现原偏离度,False
2009-03-16,1.1059390080428955,SHIBOR_1W+利差调整,1.152725674709562,2.1862325080428953,1,水平代理；不能复现原偏离度,False
2009-03-17,1.0913390080428955,SHIBOR_1W+利差调整,1.144284008042895,2.180932341376229,1,水平代理；不能复现原偏离度,False
2009-03-17,1.0913390080428955,SHIBOR_1W+利差调整,1.1442840080428953,2.180932341376229,1,水平代理；不能复现原偏离度,False
2009-03-18,1.0655390080428957,SHIBOR_1W+利差调整,1.136305674709562,2.178955508042895,1,水平代理；不能复现原偏离度,False
2009-03-18,1.0655390080428955,SHIBOR_1W+利差调整,1.136305674709562,2.178955508042895,1,水平代理；不能复现原偏离度,False
2009-03-19,1.1055390080428955,SHIBOR_1W+利差调整,1.1289390080428954,2.1771620080428957,1,水平代理；不能复现原偏离度,False
2009-03-19,1.1055390080428955,SHIBOR_1W+利差调整,1.1289390080428954,2.1771620080428953,1,水平代理；不能复现原偏离度,False
2009-03-20,1.1134390080428955,SHIBOR_1W+利差调整,1.1220923413762287,2.1756690080428958,1,水平代理；不能复现原偏离度,False
2009-03-20,1.1134390080428955,SHIBOR_1W+利差调整,1.1220923413762287,2.1756690080428953,1,水平代理；不能复现原偏离度,False
2009-03-23,1.1100390080428957,SHIBOR_1W+利差调整,1.1153690080428953,2.1741926747095626,1,水平代理；不能复现原偏离度,False
2009-03-23,1.1100390080428955,SHIBOR_1W+利差调整,1.1153690080428953,2.1741926747095626,1,水平代理；不能复现原偏离度,False
2009-03-24,1.0850390080428955,SHIBOR_1W+利差调整,1.1109223413762286,2.1718186747095625,1,水平代理；不能复现原偏离度,False
2009-03-24,1.0850390080428955,SHIBOR_1W+利差调整,1.1109223413762286,2.1718186747095625,1,水平代理；不能复现原偏离度,False
2009-03-25,1.0796390080428957,SHIBOR_1W+利差调整,1.1063340080428956,2.169431674709562,1,水平代理；不能复现原偏离度,False
2009-03-25,1.0796390080428955,SHIBOR_1W+利差调整,1.1063340080428956,2.169431674709562,1,水平代理；不能复现原偏离度,False
2009-03-26,1.0759390080428954,SHIBOR_1W+利差调整,1.1017473413762289,2.1680208413762285,1,水平代理；不能复现原偏离度,False
2009-03-26,1.0759390080428954,SHIBOR_1W+利差调整,1.1017473413762289,2.1680208413762285,1,水平代理；不能复现原偏离度,False
2009-03-27,1.0995390080428955,SHIBOR_1W+利差调整,1.0982656747095625,2.1621273413762285,1,水平代理；不能复现原偏离度,False
2009-03-27,1.0995390080428955,SHIBOR_1W+利差调整,1.0982656747095623,2.1621273413762285,1,水平代理；不能复现原偏离度,False
2009-03-30,1.0900390080428954,SHIBOR_1W+利差调整,1.0960590080428956,2.1616518413762287,1,水平代理；不能复现原偏离度,False
2009-03-30,1.0900390080428954,SHIBOR_1W+利差调整,1.0960590080428956,2.1616518413762287,1,水平代理；不能复现原偏离度,False
2009-03-31,1.0821390080428954,SHIBOR_1W+利差调整,1.094885674709562,2.1571270080428957,1,水平代理；不能复现原偏离度,False
2009-03-31,1.0821390080428954,SHIBOR_1W+利差调整,1.094885674709562,2.1571270080428953,1,水平代理；不能复现原偏离度,False
2009-04-01,1.0892390080428955,SHIBOR_1W+利差调整,1.094165674709562,2.155347508042895,1,水平代理；不能复现原偏离度,False
2009-04-01,1.0892390080428955,SHIBOR_1W+利差调整,1.094165674709562,2.155347508042895,1,水平代理；不能复现原偏离度,False
2009-04-02,1.0875390080428955,SHIBOR_1W+利差调整,1.0932073413762289,2.1524280080428952,1,水平代理；不能复现原偏离度,False
2009-04-02,1.0875390080428955,SHIBOR_1W+利差调整,1.0932073413762287,2.1524280080428952,1,水平代理；不能复现原偏离度,False
2009-04-03,1.0875390080428955,SHIBOR_1W+利差调整,1.0923873413762286,2.150266508042895,1,水平代理；不能复现原偏离度,False
2009-04-03,1.0875390080428955,SHIBOR_1W+利差调整,1.0923873413762286,2.150266508042895,1,水平代理；不能复现原偏离度,False
2009-04-07,1.0942390080428954,SHIBOR_1W+利差调整,1.0914490080428956,2.149514341376229,1,水平代理；不能复现原偏离度,False
2009-04-07,1.0942390080428954,SHIBOR_1W+利差调整,1.0914490080428956,2.149514341376229,1,水平代理；不能复现原偏离度,False
2009-04-08,1.0905390080428954,SHIBOR_1W+利差调整,1.0907123413762287,2.148948341376229,1,水平代理；不能复现原偏离度,False
2009-04-08,1.0905390080428954,SHIBOR_1W+利差调整,1.0907123413762287,2.148948341376229,1,水平代理；不能复现原偏离度,False
2009-04-09,1.0867390080428954,SHIBOR_1W+利差调整,1.0906473413762288,2.147408674709562,1,水平代理；不能复现原偏离度,False
2009-04-09,1.0867390080428954,SHIBOR_1W+利差调整,1.0906473413762288,2.147408674709562,1,水平代理；不能复现原偏离度,False
2009-04-10,1.0838390080428957,SHIBOR_1W+利差调整,1.0908273413762288,2.138299508042896,1,水平代理；不能复现原偏离度,False
2009-04-10,1.0838390080428955,SHIBOR_1W+利差调整,1.0908273413762288,2.1382995080428957,1,水平代理；不能复现原偏离度,False
2009-04-13,1.0696390080428957,SHIBOR_1W+利差调整,1.0908473413762287,2.1080490080428955,1,水平代理；不能复现原偏离度,False
2009-04-13,1.0696390080428955,SHIBOR_1W+利差调整,1.0908473413762287,2.1080490080428955,1,水平代理；不能复现原偏离度,False
2009-04-14,1.0630390080428955,SHIBOR_1W+利差调整,1.090780674709562,2.076793508042896,1,水平代理；不能复现原偏离度,False
2009-04-14,1.0630390080428955,SHIBOR_1W+利差调整,1.090780674709562,2.0767935080428956,1,水平代理；不能复现原偏离度,False
2009-04-15,1.0642390080428954,SHIBOR_1W+利差调整,1.0910656747095622,2.045678008042896,1,水平代理；不能复现原偏离度,False
2009-04-15,1.0642390080428954,SHIBOR_1W+利差调整,1.0910656747095622,2.045678008042896,1,水平代理；不能复现原偏离度,False
2009-04-16,1.0675390080428957,SHIBOR_1W+利差调整,1.091210674709562,2.0150186747095624,1,水平代理；不能复现原偏离度,False
2009-04-16,1.0675390080428957,SHIBOR_1W+利差调整,1.091210674709562,2.0150186747095624,1,水平代理；不能复现原偏离度,False
2009-04-17,1.0667390080428956,SHIBOR_1W+利差调整,1.0914190080428954,1.9852586747095624,1,水平代理；不能复现原偏离度,False
2009-04-17,1.0667390080428956,SHIBOR_1W+利差调整,1.0914190080428954,1.9852586747095622,1,水平代理；不能复现原偏离度,False
2009-04-20,1.0592390080428955,SHIBOR_1W+利差调整,1.091935674709562,1.9562973413762288,1,水平代理；不能复现原偏离度,False
2009-04-20,1.0592390080428955,SHIBOR_1W+利差调整,1.091935674709562,1.9562973413762288,1,水平代理；不能复现原偏离度,False
2009-04-21,1.0650390080428955,SHIBOR_1W+利差调整,1.0916223413762287,1.9278100080428957,1,水平代理；不能复现原偏离度,False
2009-04-21,1.0650390080428955,SHIBOR_1W+利差调整,1.0916223413762287,1.9278100080428955,1,水平代理；不能复现原偏离度,False
2009-04-22,1.0838390080428957,SHIBOR_1W+利差调整,1.0901506747095622,1.899846508042896,1,水平代理；不能复现原偏离度,False
2009-04-22,1.0838390080428955,SHIBOR_1W+利差调整,1.0901506747095622,1.8998465080428957,1,水平代理；不能复现原偏离度,False
2009-04-23,1.0942390080428954,SHIBOR_1W+利差调整,1.088830674709562,1.872129008042896,1,水平代理；不能复现原偏离度,False
2009-04-23,1.0942390080428954,SHIBOR_1W+利差调整,1.088830674709562,1.8721290080428956,1,水平代理；不能复现原偏离度,False
2009-04-24,1.1084390080428954,SHIBOR_1W+利差调整,1.0884706747095625,1.8427423413762287,1,水平代理；不能复现原偏离度,False
2009-04-24,1.1084390080428954,SHIBOR_1W+利差调整,1.0884706747095623,1.8427423413762292,1,水平代理；不能复现原偏离度,False
2009-04-27,1.1025390080428954,SHIBOR_1W+利差调整,1.088970674709562,1.8123223413762288,1,水平代理；不能复现原偏离度,False
2009-04-27,1.1025390080428954,SHIBOR_1W+利差调整,1.088970674709562,1.8123223413762288,1,水平代理；不能复现原偏离度,False
2009-04-28,1.0896390080428957,SHIBOR_1W+利差调整,1.0895473413762289,1.783306341376229,1,水平代理；不能复现原偏离度,False
2009-04-28,1.0896390080428955,SHIBOR_1W+利差调整,1.0895473413762289,1.783306341376229,1,水平代理；不能复现原偏离度,False
2009-04-29,1.0875390080428955,SHIBOR_1W+利差调整,1.0897040080428957,1.754671674709562,1,水平代理；不能复现原偏离度,False
2009-04-29,1.0875390080428955,SHIBOR_1W+利差调整,1.0897040080428957,1.754671674709562,1,水平代理；不能复现原偏离度,False
2009-04-30,1.0884390080428954,SHIBOR_1W+利差调整,1.089725674709562,1.7267613413762288,1,水平代理；不能复现原偏离度,False
2009-04-30,1.0884390080428954,SHIBOR_1W+利差调整,1.089725674709562,1.7267613413762288,1,水平代理；不能复现原偏离度,False
2009-05-04,1.0891045576407508,SHIBOR_1W+利差调整,1.090027890974084,1.6992478909740842,1,水平代理；不能复现原偏离度,False
2009-05-04,1.0891045576407508,SHIBOR_1W+利差调整,1.090027890974084,1.6992478909740842,1,水平代理；不能复现原偏离度,False
2009-05-05,1.078810695187166,SHIBOR_1W+利差调整,1.0892790285204994,1.6708290285204992,1,水平代理；不能复现原偏离度,False
2009-05-05,1.078810695187166,SHIBOR_1W+利差调整,1.0892790285204994,1.6708290285204992,1,水平代理；不能复现原偏离度,False
2009-05-06,1.0742390080428954,SHIBOR_1W+利差调整,1.0895406747095622,1.643619674709562,1,水平代理；不能复现原偏离度,False
2009-05-06,1.0742390080428954,SHIBOR_1W+利差调整,1.0895406747095622,1.643619674709562,1,水平代理；不能复现原偏离度,False
2009-05-07,1.0778390080428957,SHIBOR_1W+利差调整,1.089400674709562,1.616463674709562,1,水平代理；不能复现原偏离度,False
2009-05-07,1.0778390080428957,SHIBOR_1W+利差调整,1.089400674709562,1.616463674709562,1,水平代理；不能复现原偏离度,False
2009-05-08,1.0734390080428955,SHIBOR_1W+利差调整,1.089265674709562,1.5901220080428955,1,水平代理；不能复现原偏离度,False
2009-05-08,1.0734390080428955,SHIBOR_1W+利差调整,1.089265674709562,1.5901220080428955,1,水平代理；不能复现原偏离度,False
2009-05-11,1.0750390080428955,SHIBOR_1W+利差调整,1.089195674709562,1.563502341376229,1,水平代理；不能复现原偏离度,False
2009-05-11,1.0750390080428955,SHIBOR_1W+利差调整,1.089195674709562,1.563502341376229,1,水平代理；不能复现原偏离度,False
2009-05-12,1.0905390080428954,SHIBOR_1W+利差调整,1.0889673413762289,1.5374773413762288,1,水平代理；不能复现原偏离度,False
2009-05-12,1.0905390080428954,SHIBOR_1W+利差调整,1.0889673413762289,1.5374773413762288,1,水平代理；不能复现原偏离度,False
2009-05-13,1.0900390080428954,SHIBOR_1W+利差调整,1.0888140080428956,1.5123868413762285,1,水平代理；不能复现原偏离度,False
2009-05-13,1.0900390080428954,SHIBOR_1W+利差调整,1.0888140080428956,1.5123868413762285,1,水平代理；不能复现原偏离度,False
2009-05-14,1.0880390080428954,SHIBOR_1W+利差调整,1.0886140080428954,1.4872870080428957,1,水平代理；不能复现原偏离度,False
2009-05-14,1.0880390080428954,SHIBOR_1W+利差调整,1.0886140080428954,1.4872870080428957,1,水平代理；不能复现原偏离度,False
2009-05-15,1.094610695187166,SHIBOR_1W+利差调整,1.088094028520499,1.4621473618538323,1,水平代理；不能复现原偏离度,False
2009-05-15,1.094610695187166,SHIBOR_1W+利差调整,1.088094028520499,1.4621473618538323,1,水平代理；不能复现原偏离度,False
2009-05-18,1.0946390080428954,SHIBOR_1W+利差调整,1.0884873413762288,1.4388086747095623,1,水平代理；不能复现原偏离度,False
2009-05-18,1.0946390080428954,SHIBOR_1W+利差调整,1.0884873413762288,1.4388086747095623,1,水平代理；不能复现原偏离度,False
2009-05-19,1.0992390080428955,SHIBOR_1W+利差调整,1.0881256747095622,1.414975674709562,1,水平代理；不能复现原偏离度,False
2009-05-19,1.0992390080428955,SHIBOR_1W+利差调整,1.0881256747095622,1.414975674709562,1,水平代理；不能复现原偏离度,False
2009-05-20,1.0970390080428956,SHIBOR_1W+利差调整,1.0874006747095624,1.3910153413762287,1,水平代理；不能复现原偏离度,False
2009-05-20,1.0970390080428956,SHIBOR_1W+利差调整,1.0874006747095624,1.3910153413762287,1,水平代理；不能复现原偏离度,False
2009-05-21,1.1005390080428954,SHIBOR_1W+利差调整,1.0873673413762288,1.367359841376229,1,水平代理；不能复现原偏离度,False
2009-05-21,1.1005390080428954,SHIBOR_1W+利差调整,1.0873673413762288,1.367359841376229,1,水平代理；不能复现原偏离度,False
2009-05-22,1.108181124497992,SHIBOR_1W+利差调整,1.0873327911646586,1.3452327911646589,1,水平代理；不能复现原偏离度,False
2009-05-22,1.108181124497992,SHIBOR_1W+利差调整,1.0873327911646586,1.3452327911646589,1,水平代理；不能复现原偏离度,False
2009-05-25,1.1042106951871655,SHIBOR_1W+利差调整,1.0874540285204992,1.3293658618538324,1,水平代理；不能复现原偏离度,False
2009-05-25,1.1042106951871655,SHIBOR_1W+利差调整,1.0874540285204992,1.3293658618538324,1,水平代理；不能复现原偏离度,False
2009-05-26,1.100910695187166,SHIBOR_1W+利差调整,1.087550695187166,1.3119973618538328,1,水平代理；不能复现原偏离度,False
2009-05-26,1.100910695187166,SHIBOR_1W+利差调整,1.087550695187166,1.3119973618538328,1,水平代理；不能复现原偏离度,False
2009-05-27,1.1021390080428954,SHIBOR_1W+利差调整,1.0881173413762288,1.2970071747095622,1,水平代理；不能复现原偏离度,False
2009-05-27,1.1021390080428954,SHIBOR_1W+利差调整,1.0881173413762288,1.2970071747095622,1,水平代理；不能复现原偏离度,False
2009-05-31,1.0996390080428955,SHIBOR_1W+利差调整,1.0882073413762288,1.2816780080428951,1,水平代理；不能复现原偏离度,False
2009-05-31,1.0996390080428955,SHIBOR_1W+利差调整,1.0882073413762288,1.2816780080428953,1,水平代理；不能复现原偏离度,False
2009-06-01,1.0887045576407506,SHIBOR_1W+利差调整,1.088446224307417,1.2665392243074174,1,水平代理；不能复现原偏离度,False
2009-06-01,1.0887045576407506,SHIBOR_1W+利差调整,1.088446224307417,1.2665392243074174,1,水平代理；不能复现原偏离度,False
2009-06-02,1.086781124497992,SHIBOR_1W+利差调整,1.0878927911646588,1.2505977911646586,1,水平代理；不能复现原偏离度,False
2009-06-02,1.086781124497992,SHIBOR_1W+利差调整,1.0878927911646588,1.2505977911646586,1,水平代理；不能复现原偏离度,False
2009-06-03,1.0930390080428956,SHIBOR_1W+利差调整,1.0884640080428951,1.236439841376229,1,水平代理；不能复现原偏离度,False
2009-06-03,1.0930390080428956,SHIBOR_1W+利差调整,1.0884640080428953,1.236439841376229,1,水平代理；不能复现原偏离度,False
2009-06-04,1.0917106951871658,SHIBOR_1W+利差调整,1.0877640285204992,1.2223570285204992,1,水平代理；不能复现原偏离度,False
2009-06-04,1.0917106951871658,SHIBOR_1W+利差调整,1.0877640285204992,1.2223570285204992,1,水平代理；不能复现原偏离度,False
2009-06-05,1.091110695187166,SHIBOR_1W+利差调整,1.0877606951871657,1.2092950285204993,1,水平代理；不能复现原偏离度,False
2009-06-05,1.091110695187166,SHIBOR_1W+利差调整,1.0877606951871657,1.2092950285204993,1,水平代理；不能复现原偏离度,False
2009-06-08,1.0876106951871658,SHIBOR_1W+利差调整,1.0876573618538323,1.1980300285204992,1,水平代理；不能复现原偏离度,False
2009-06-08,1.0876106951871658,SHIBOR_1W+利差调整,1.0876573618538323,1.1980300285204992,1,水平代理；不能复现原偏离度,False
2009-06-09,1.0928390080428956,SHIBOR_1W+利差调整,1.0882156747095622,1.1892183413762287,1,水平代理；不能复现原偏离度,False
2009-06-09,1.0928390080428956,SHIBOR_1W+利差调整,1.0882156747095622,1.1892183413762287,1,水平代理；不能复现原偏离度,False
2009-06-10,1.0867390080428954,SHIBOR_1W+利差调整,1.0882290080428954,1.1815623413762286,1,水平代理；不能复现原偏离度,False
2009-06-10,1.0867390080428954,SHIBOR_1W+利差调整,1.0882290080428954,1.1815623413762286,1,水平代理；不能复现原偏离度,False
2009-06-11,1.0875390080428955,SHIBOR_1W+利差调整,1.087922341376229,1.1726118413762288,1,水平代理；不能复现原偏离度,False
2009-06-11,1.0875390080428955,SHIBOR_1W+利差调整,1.087922341376229,1.1726118413762288,1,水平代理；不能复现原偏离度,False
2009-06-12,1.087281124497992,SHIBOR_1W+利差调整,1.087601124497992,1.1635994578313256,1,水平代理；不能复现原偏离度,False
2009-06-12,1.087281124497992,SHIBOR_1W+利差调整,1.087601124497992,1.1635994578313256,1,水平代理；不能复现原偏离度,False
2009-06-15,1.0892390080428955,SHIBOR_1W+利差调整,1.0882540080428955,1.155483174709562,1,水平代理；不能复现原偏离度,False
2009-06-15,1.0892390080428955,SHIBOR_1W+利差调整,1.0882540080428955,1.155483174709562,1,水平代理；不能复现原偏离度,False
2009-06-16,1.0888390080428956,SHIBOR_1W+利差调整,1.087975674709562,1.147660674709562,1,水平代理；不能复现原偏离度,False
2009-06-16,1.0888390080428956,SHIBOR_1W+利差调整,1.0879756747095621,1.1476606747095621,1,水平代理；不能复现原偏离度,False
2009-06-17,1.088810695187166,SHIBOR_1W+利差调整,1.0871440285204992,1.1398665285204992,1,水平代理；不能复现原偏离度,False
2009-06-17,1.088810695187166,SHIBOR_1W+利差调整,1.0871440285204992,1.1398665285204992,1,水平代理；不能复现原偏离度,False
2009-06-18,1.0992390080428955,SHIBOR_1W+利差调整,1.087392341376229,1.1333590080428952,1,水平代理；不能复现原偏离度,False
2009-06-18,1.0992390080428955,SHIBOR_1W+利差调整,1.087392341376229,1.1333590080428952,1,水平代理；不能复现原偏离度,False
2009-06-19,1.1434390080428956,SHIBOR_1W+利差调整,1.088365674709562,1.1268850080428954,1,水平代理；不能复现原偏离度,False
2009-06-19,1.1434390080428956,SHIBOR_1W+利差调整,1.088365674709562,1.1268850080428954,1,水平代理；不能复现原偏离度,False
2009-06-22,1.2359390080428954,SHIBOR_1W+利差调整,1.0909706747095622,1.1207476747095622,1,水平代理；不能复现原偏离度,False
2009-06-22,1.2359390080428954,SHIBOR_1W+利差调整,1.0909706747095622,1.1207476747095622,1,水平代理；不能复现原偏离度,False
2009-06-23,1.246310695187166,SHIBOR_1W+利差调整,1.093389028520499,1.1144960285204992,1,水平代理；不能复现原偏离度,False
2009-06-23,1.246310695187166,SHIBOR_1W+利差调整,1.093389028520499,1.1144960285204992,1,水平代理；不能复现原偏离度,False
2009-06-24,1.3317390080428957,SHIBOR_1W+利差调整,1.0976873413762287,1.1109223413762286,1,水平代理；不能复现原偏离度,False
2009-06-24,1.3317390080428955,SHIBOR_1W+利差调整,1.0976873413762287,1.1109223413762286,1,水平代理；不能复现原偏离度,False
2009-06-25,1.2755390080428954,SHIBOR_1W+利差调整,1.1007790080428954,1.106792841376229,1,水平代理；不能复现原偏离度,False
2009-06-25,1.2755390080428954,SHIBOR_1W+利差调整,1.1007790080428954,1.106792841376229,1,水平代理；不能复现原偏离度,False
2009-06-26,1.3184390080428954,SHIBOR_1W+利差调整,1.104717341376229,1.1026646747095623,0,水平代理；不能复现原偏离度,False
2009-06-26,1.3184390080428954,SHIBOR_1W+利差调整,1.104717341376229,1.1026646747095623,0,水平代理；不能复现原偏离度,False
2009-06-29,1.3367390080428954,SHIBOR_1W+利差调整,1.1088423413762287,1.1026383413762288,0,水平代理；不能复现原偏离度,False
2009-06-29,1.3367390080428954,SHIBOR_1W+利差调整,1.1088423413762287,1.1026383413762288,0,水平代理；不能复现原偏离度,False
2009-06-30,1.3584390080428954,SHIBOR_1W+利差调整,1.113357341376229,1.1029353413762288,0,水平代理；不能复现原偏离度,False
2009-06-30,1.3584390080428954,SHIBOR_1W+利差调整,1.113357341376229,1.1029353413762288,0,水平代理；不能复现原偏离度,False
2009-07-01,1.3234390080428955,SHIBOR_1W+利差调整,1.1172890080428957,1.1032323413762288,0,水平代理；不能复现原偏离度,False
2009-07-01,1.3234390080428955,SHIBOR_1W+利差调整,1.1172890080428957,1.1032323413762288,0,水平代理；不能复现原偏离度,False
2009-07-02,1.4417390080428951,SHIBOR_1W+利差调整,1.123080674709562,1.103529341376229,0,水平代理；不能复现原偏离度,False
2009-07-02,1.4417390080428953,SHIBOR_1W+利差调整,1.123080674709562,1.103529341376229,0,水平代理；不能复现原偏离度,False
2009-07-03,1.3960390080428955,SHIBOR_1W+利差调整,1.1281723413762286,1.103826341376229,0,水平代理；不能复现原偏离度,False
2009-07-03,1.3960390080428955,SHIBOR_1W+利差调整,1.1281723413762286,1.103826341376229,0,水平代理；不能复现原偏离度,False
2009-07-06,1.3792390080428951,SHIBOR_1W+利差调整,1.133047341376229,1.104123341376229,0,水平代理；不能复现原偏离度,False
2009-07-06,1.3792390080428953,SHIBOR_1W+利差调整,1.133047341376229,1.104123341376229,0,水平代理；不能复现原偏离度,False
2009-07-07,1.3675390080428955,SHIBOR_1W+利差调整,1.1377756747095622,1.104420341376229,0,水平代理；不能复现原偏离度,False
2009-07-07,1.3675390080428955,SHIBOR_1W+利差调整,1.1377756747095622,1.104420341376229,0,水平代理；不能复现原偏离度,False
2009-07-08,1.3645390080428954,SHIBOR_1W+利差调整,1.1426906747095622,1.104717341376229,0,水平代理；不能复现原偏离度,False
2009-07-08,1.3645390080428954,SHIBOR_1W+利差调整,1.1426906747095622,1.104717341376229,0,水平代理；不能复现原偏离度,False
2009-07-09,1.3738390080428955,SHIBOR_1W+利差调整,1.1478706747095622,1.1048790080428956,0,水平代理；不能复现原偏离度,False
2009-07-09,1.3738390080428955,SHIBOR_1W+利差调整,1.1478706747095622,1.1048790080428956,0,水平代理；不能复现原偏离度,False
2009-07-10,1.3717390080428955,SHIBOR_1W+利差调整,1.152995674709562,1.1050406747095622,0,水平代理；不能复现原偏离度,False
2009-07-10,1.3717390080428955,SHIBOR_1W+利差调整,1.152995674709562,1.1050406747095622,0,水平代理；不能复现原偏离度,False
2009-07-13,1.4071106951871657,SHIBOR_1W+利差调整,1.1582340285204993,1.104774028520499,0,水平代理；不能复现原偏离度,False
2009-07-13,1.4071106951871657,SHIBOR_1W+利差调整,1.1582340285204993,1.104774028520499,0,水平代理；不能复现原偏离度,False
2009-07-14,1.5209390080428955,SHIBOR_1W+利差调整,1.1662323413762288,1.1053640080428957,0,水平代理；不能复现原偏离度,False
2009-07-14,1.5209390080428955,SHIBOR_1W+利差调整,1.1662323413762288,1.1053640080428957,0,水平代理；不能复现原偏离度,False
2009-07-15,1.5834390080428955,SHIBOR_1W+利差调整,1.1749690080428956,1.1055256747095623,0,水平代理；不能复现原偏离度,False
2009-07-15,1.5834390080428955,SHIBOR_1W+利差调整,1.1749690080428956,1.1055256747095623,0,水平代理；不能复现原偏离度,False
2009-07-16,1.6625390080428954,SHIBOR_1W+利差调整,1.184927341376229,1.105687341376229,0,水平代理；不能复现原偏离度,False
2009-07-16,1.6625390080428954,SHIBOR_1W+利差调整,1.184927341376229,1.105687341376229,0,水平代理；不能复现原偏离度,False
2009-07-17,1.6801390080428955,SHIBOR_1W+利差调整,1.194865674709562,1.1058490080428955,0,水平代理；不能复现原偏离度,False
2009-07-17,1.6801390080428955,SHIBOR_1W+利差调整,1.194865674709562,1.1058490080428955,0,水平代理；不能复现原偏离度,False
2009-07-20,1.8403390080428956,SHIBOR_1W+利差调整,1.2073006747095625,1.1060106747095624,0,水平代理；不能复现原偏离度,False
2009-07-20,1.8403390080428954,SHIBOR_1W+利差调整,1.2073006747095623,1.1060106747095624,0,水平代理；不能复现原偏离度,False
2009-07-21,2.243839008042896,SHIBOR_1W+利差调整,1.2262240080428952,1.106172341376229,0,水平代理；不能复现原偏离度,False
2009-07-21,2.2438390080428956,SHIBOR_1W+利差调整,1.2262240080428952,1.106172341376229,0,水平代理；不能复现原偏离度,False
2009-07-22,2.175039008042896,SHIBOR_1W+利差调整,1.2440990080428953,1.1063340080428956,0,水平代理；不能复现原偏离度,False
2009-07-22,2.1750390080428956,SHIBOR_1W+利差调整,1.2440990080428953,1.1063340080428956,0,水平代理；不能复现原偏离度,False
2009-07-23,2.086739008042896,SHIBOR_1W+利差调整,1.2607173413762287,1.106584841376229,0,水平代理；不能复现原偏离度,False
2009-07-23,2.0867390080428954,SHIBOR_1W+利差调整,1.2607173413762287,1.106584841376229,0,水平代理；不能复现原偏离度,False
2009-07-24,1.8584390080428956,SHIBOR_1W+利差调整,1.273565674709562,1.1068356747095622,0,水平代理；不能复现原偏离度,False
2009-07-24,1.8584390080428954,SHIBOR_1W+利差调整,1.273565674709562,1.1068356747095622,0,水平代理；不能复现原偏离度,False
2009-07-27,1.7492390080428954,SHIBOR_1W+利差调整,1.2845790080428956,1.1070865080428955,0,水平代理；不能复现原偏离度,False
2009-07-27,1.7492390080428954,SHIBOR_1W+利差调整,1.2845790080428956,1.1070865080428955,0,水平代理；不能复现原偏离度,False
2009-07-28,1.7067390080428957,SHIBOR_1W+利差调整,1.294877341376229,1.1073373413762289,0,水平代理；不能复现原偏离度,False
2009-07-28,1.7067390080428955,SHIBOR_1W+利差调整,1.294877341376229,1.1073373413762289,0,水平代理；不能复现原偏离度,False
2009-07-29,1.6509390080428954,SHIBOR_1W+利差调整,1.3044056747095625,1.1075881747095622,0,水平代理；不能复现原偏离度,False
2009-07-29,1.6509390080428954,SHIBOR_1W+利差调整,1.3044056747095625,1.1075881747095622,0,水平代理；不能复现原偏离度,False
2009-07-30,1.789381124497992,SHIBOR_1W+利差调整,1.316071124497992,1.1075811244979918,0,水平代理；不能复现原偏离度,False
2009-07-30,1.789381124497992,SHIBOR_1W+利差调整,1.316071124497992,1.1075811244979918,0,水平代理；不能复现原偏离度,False
2009-07-31,2.0792390080428955,SHIBOR_1W+利差调整,1.3330190080428956,1.1080898413762288,0,水平代理；不能复现原偏离度,False
2009-07-31,2.0792390080428955,SHIBOR_1W+利差调整,1.3330190080428956,1.1080898413762288,0,水平代理；不能复现原偏离度,False
2009-08-03,2.2734390080428954,SHIBOR_1W+利差调整,1.3530190080428957,1.108340674709562,0,水平代理；不能复现原偏离度,False
2009-08-03,2.2734390080428954,SHIBOR_1W+利差调整,1.3530190080428957,1.108340674709562,0,水平代理；不能复现原偏离度,False
2009-08-04,1.6509390080428954,SHIBOR_1W+利差调整,1.3626173413762288,1.1085915080428954,0,水平代理；不能复现原偏离度,False
2009-08-04,1.6509390080428954,SHIBOR_1W+利差调整,1.3626173413762288,1.1085915080428954,0,水平代理；不能复现原偏离度,False
2009-08-05,1.953039008042896,SHIBOR_1W+利差调整,1.3769923413762288,1.1088423413762287,0,水平代理；不能复现原偏离度,False
2009-08-05,1.953039008042896,SHIBOR_1W+利差调整,1.3769923413762288,1.1088423413762287,0,水平代理；不能复现原偏离度,False
2009-08-06,1.7688106951871658,SHIBOR_1W+利差调整,1.387884028520499,1.108622028520499,0,水平代理；不能复现原偏离度,False
2009-08-06,1.7688106951871658,SHIBOR_1W+利差调整,1.387884028520499,1.108622028520499,0,水平代理；不能复现原偏离度,False
2009-08-07,1.7480390080428954,SHIBOR_1W+利差调整,1.399312341376229,1.1092583413762287,0,水平代理；不能复现原偏离度,False
2009-08-07,1.7480390080428954,SHIBOR_1W+利差调整,1.399312341376229,1.1092583413762287,0,水平代理；不能复现原偏离度,False
2009-08-10,1.7603390080428951,SHIBOR_1W+利差调整,1.4104006747095623,1.109466341376229,0,水平代理；不能复现原偏离度,False
2009-08-10,1.7603390080428953,SHIBOR_1W+利差调整,1.4104006747095623,1.1094663413762287,0,水平代理；不能复现原偏离度,False
2009-08-11,1.6900390080428953,SHIBOR_1W+利差调整,1.4203240080428956,1.109674341376229,0,水平代理；不能复现原偏离度,False
2009-08-11,1.6900390080428953,SHIBOR_1W+利差调整,1.4203240080428956,1.1096743413762287,0,水平代理；不能复现原偏离度,False
2009-08-12,1.6205390080428954,SHIBOR_1W+利差调整,1.4290123413762288,1.1098823413762289,0,水平代理；不能复现原偏离度,False
2009-08-12,1.6205390080428954,SHIBOR_1W+利差调整,1.4290123413762288,1.1098823413762287,0,水平代理；不能复现原偏离度,False
2009-08-13,1.5909390080428951,SHIBOR_1W+利差调整,1.4372440080428954,1.1100903413762286,0,水平代理；不能复现原偏离度,False
2009-08-13,1.5909390080428953,SHIBOR_1W+利差调整,1.4372440080428954,1.1100903413762286,0,水平代理；不能复现原偏离度,False
2009-08-14,1.5553390080428957,SHIBOR_1W+利差调整,1.4448240080428956,1.1102983413762286,0,水平代理；不能复现原偏离度,False
2009-08-14,1.5553390080428955,SHIBOR_1W+利差调整,1.4448240080428956,1.1102983413762286,0,水平代理；不能复现原偏离度,False
2009-08-17,1.5534390080428957,SHIBOR_1W+利差调整,1.452240674709562,1.1105063413762286,0,水平代理；不能复现原偏离度,False
2009-08-17,1.5534390080428955,SHIBOR_1W+利差调整,1.452240674709562,1.1105063413762286,0,水平代理；不能复现原偏离度,False
2009-08-18,1.4417390080428951,SHIBOR_1W+利差调整,1.4578590080428953,1.1107143413762286,0,水平代理；不能复现原偏离度,False
2009-08-18,1.4417390080428953,SHIBOR_1W+利差调整,1.4578590080428953,1.1107143413762286,0,水平代理；不能复现原偏离度,False
2009-08-19,1.4196390080428951,SHIBOR_1W+利差调整,1.4631640080428956,1.1109223413762286,0,水平代理；不能复现原偏离度,False
2009-08-19,1.4196390080428953,SHIBOR_1W+利差调整,1.4631640080428956,1.1109223413762286,0,水平代理；不能复现原偏离度,False
2009-08-20,1.4142390080428957,SHIBOR_1W+利差调整,1.468365674709562,1.1111658413762286,0,水平代理；不能复现原偏离度,False
2009-08-20,1.4142390080428955,SHIBOR_1W+利差调整,1.4683656747095621,1.1111658413762286,0,水平代理；不能复现原偏离度,False
2009-08-21,1.4007390080428954,SHIBOR_1W+利差调整,1.4733840080428957,1.1114093413762287,0,水平代理；不能复现原偏离度,False
2009-08-21,1.4007390080428954,SHIBOR_1W+利差调整,1.4733840080428955,1.1114093413762287,0,水平代理；不能复现原偏离度,False
2009-08-24,1.4203390080428957,SHIBOR_1W+利差调整,1.478915674709562,1.1116528413762288,0,水平代理；不能复现原偏离度,False
2009-08-24,1.4203390080428955,SHIBOR_1W+利差调整,1.478915674709562,1.1116528413762288,0,水平代理；不能复现原偏离度,False
2009-08-25,1.4934390080428954,SHIBOR_1W+利差调整,1.4856890080428955,1.1118963413762288,0,水平代理；不能复现原偏离度,False
2009-08-25,1.4934390080428954,SHIBOR_1W+利差调整,1.4856890080428955,1.1118963413762288,0,水平代理；不能复现原偏离度,False
2009-08-26,1.5171390080428957,SHIBOR_1W+利差调整,1.492757341376229,1.112139841376229,0,水平代理；不能复现原偏离度,False
2009-08-26,1.5171390080428955,SHIBOR_1W+利差调整,1.492757341376229,1.1121398413762287,0,水平代理；不能复现原偏离度,False
2009-08-27,1.5078390080428954,SHIBOR_1W+利差调整,1.4996856747095622,1.1123833413762287,0,水平代理；不能复现原偏离度,False
2009-08-27,1.5078390080428954,SHIBOR_1W+利差调整,1.4996856747095622,1.1123833413762287,0,水平代理；不能复现原偏离度,False
2009-08-28,1.5342390080428954,SHIBOR_1W+利差调整,1.5070640080428954,1.1126268413762288,0,水平代理；不能复现原偏离度,False
2009-08-28,1.5342390080428954,SHIBOR_1W+利差调整,1.5070640080428954,1.1126268413762288,0,水平代理；不能复现原偏离度,False
2009-08-31,1.6117390080428955,SHIBOR_1W+利差调整,1.5157923413762289,1.1128703413762289,0,水平代理；不能复现原偏离度,False
2009-08-31,1.6117390080428955,SHIBOR_1W+利差调整,1.5157923413762289,1.1128703413762289,0,水平代理；不能复现原偏离度,False
2009-09-01,1.4713390080428954,SHIBOR_1W+利差调整,1.5221006747095622,1.113113841376229,0,水平代理；不能复现原偏离度,False
2009-09-01,1.4713390080428954,SHIBOR_1W+利差调整,1.5221006747095622,1.113113841376229,0,水平代理；不能复现原偏离度,False
2009-09-02,1.7192390080428954,SHIBOR_1W+利差调整,1.532642341376229,1.113357341376229,0,水平代理；不能复现原偏离度,False
2009-09-02,1.7192390080428954,SHIBOR_1W+利差调整,1.5326423413762287,1.113357341376229,0,水平代理；不能复现原偏离度,False
2009-09-03,1.8321390080428956,SHIBOR_1W+利差调整,1.545052341376229,1.1135585080428956,0,水平代理；不能复现原偏离度,False
2009-09-03,1.8321390080428954,SHIBOR_1W+利差调整,1.545052341376229,1.1135585080428956,0,水平代理；不能复现原偏离度,False
2009-09-04,1.8980390080428955,SHIBOR_1W+利差调整,1.5585606747095622,1.1137596747095622,0,水平代理；不能复现原偏离度,False
2009-09-04,1.8980390080428955,SHIBOR_1W+利差调整,1.5585606747095622,1.1137596747095622,0,水平代理；不能复现原偏离度,False
2009-09-07,1.8725390080428956,SHIBOR_1W+利差调整,1.5716156747095622,1.113960841376229,0,水平代理；不能复现原偏离度,False
2009-09-07,1.8725390080428954,SHIBOR_1W+利差调整,1.5716156747095622,1.113960841376229,0,水平代理；不能复现原偏离度,False
2009-09-08,1.8563390080428956,SHIBOR_1W+利差调整,1.5844073413762287,1.1141620080428956,0,水平代理；不能复现原偏离度,False
2009-09-08,1.8563390080428954,SHIBOR_1W+利差调整,1.5844073413762287,1.1141620080428956,0,水平代理；不能复现原偏离度,False
2009-09-09,1.8050390080428955,SHIBOR_1W+利差调整,1.596337341376229,1.114363174709562,0,水平代理；不能复现原偏离度,False
2009-09-09,1.8050390080428955,SHIBOR_1W+利差调整,1.596337341376229,1.1143631747095621,0,水平代理；不能复现原偏离度,False
2009-09-10,1.7107390080428957,SHIBOR_1W+利差调整,1.6065290080428951,1.1145643413762287,0,水平代理；不能复现原偏离度,False
2009-09-10,1.7107390080428955,SHIBOR_1W+利差调整,1.6065290080428953,1.1145643413762287,0,水平代理；不能复现原偏离度,False
2009-09-11,1.5292390080428957,SHIBOR_1W+利差调整,1.6129590080428955,1.114765508042895,0,水平代理；不能复现原偏离度,False
2009-09-11,1.5292390080428955,SHIBOR_1W+利差调整,1.6129590080428955,1.1147655080428953,0,水平代理；不能复现原偏离度,False
2009-09-14,1.5892390080428953,SHIBOR_1W+利差调整,1.6188473413762283,1.114966674709562,0,水平代理；不能复现原偏离度,False
2009-09-14,1.5892390080428953,SHIBOR_1W+利差调整,1.6188473413762285,1.1149666747095621,0,水平代理；不能复现原偏离度,False
2009-09-15,1.5984390080428954,SHIBOR_1W+利差调整,1.6247090080428954,1.1151678413762287,0,水平代理；不能复现原偏离度,False
2009-09-15,1.5984390080428954,SHIBOR_1W+利差调整,1.6247090080428954,1.1151678413762287,0,水平代理；不能复现原偏离度,False
2009-09-16,1.5996390080428955,SHIBOR_1W+利差调整,1.6291740080428954,1.1153690080428953,0,水平代理；不能复现原偏离度,False
2009-09-16,1.5996390080428955,SHIBOR_1W+利差调整,1.6291740080428954,1.1153690080428953,0,水平代理；不能复现原偏离度,False
2009-09-17,1.6121390080428954,SHIBOR_1W+利差调整,1.6347840080428957,1.1155610080428953,0,水平代理；不能复现原偏离度,False
2009-09-17,1.6121390080428954,SHIBOR_1W+利差调整,1.6347840080428955,1.1155610080428953,0,水平代理；不能复现原偏离度,False
2009-09-18,1.6625390080428954,SHIBOR_1W+利差调整,1.6405190080428953,1.1157530080428957,0,水平代理；不能复现原偏离度,False
2009-09-18,1.6625390080428954,SHIBOR_1W+利差调整,1.6405190080428953,1.1157530080428955,0,水平代理；不能复现原偏离度,False
2009-09-21,1.7676106951871655,SHIBOR_1W+利差调整,1.6472790285204992,1.115516695187166,0,水平代理；不能复现原偏离度,False
2009-09-21,1.7676106951871655,SHIBOR_1W+利差调整,1.6472790285204992,1.115516695187166,0,水平代理；不能复现原偏离度,False
2009-09-22,1.7384106951871658,SHIBOR_1W+利差调整,1.653619028520499,1.115708695187166,0,水平代理；不能复现原偏离度,False
2009-09-22,1.7384106951871658,SHIBOR_1W+利差调整,1.653619028520499,1.115708695187166,0,水平代理；不能复现原偏离度,False
2009-09-23,1.708010695187166,SHIBOR_1W+利差调整,1.6600356951871658,1.115900695187166,0,水平代理；不能复现原偏离度,False
2009-09-23,1.708010695187166,SHIBOR_1W+利差调整,1.6600356951871658,1.115900695187166,0,水平代理；不能复现原偏离度,False
2009-09-24,1.9238106951871656,SHIBOR_1W+利差调整,1.6680773618538325,1.116092695187166,0,水平代理；不能复现原偏离度,False
2009-09-24,1.9238106951871656,SHIBOR_1W+利差调整,1.6680773618538325,1.116092695187166,0,水平代理；不能复现原偏离度,False
2009-09-25,1.7742390080428954,SHIBOR_1W+利差调整,1.6748090080428957,1.1167130080428955,0,水平代理；不能复现原偏离度,False
2009-09-25,1.7742390080428954,SHIBOR_1W+利差调整,1.6748090080428957,1.1167130080428955,0,水平代理；不能复现原偏离度,False
2009-09-27,1.7495045576407506,SHIBOR_1W+利差调整,1.6812412243074173,1.117170557640751,0,水平代理；不能复现原偏离度,False
2009-09-27,1.7495045576407506,SHIBOR_1W+利差调整,1.6812412243074173,1.117170557640751,0,水平代理；不能复现原偏离度,False
2009-09-28,1.718010695187166,SHIBOR_1W+利差调整,1.6863956951871657,1.116668695187166,0,水平代理；不能复现原偏离度,False
2009-09-28,1.718010695187166,SHIBOR_1W+利差调整,1.6863956951871657,1.116668695187166,0,水平代理；不能复现原偏离度,False
2009-09-29,1.806781124497992,SHIBOR_1W+利差调整,1.693941124497992,1.1170311244979918,0,水平代理；不能复现原偏离度,False
2009-09-29,1.806781124497992,SHIBOR_1W+利差调整,1.693941124497992,1.1170311244979918,0,水平代理；不能复现原偏离度,False
2009-09-30,1.945039008042896,SHIBOR_1W+利差调整,1.7037190080428954,1.117769341376229,0,水平代理；不能复现原偏离度,False
2009-09-30,1.945039008042896,SHIBOR_1W+利差调整,1.7037190080428954,1.117769341376229,0,水平代理；不能复现原偏离度,False
2009-10-09,1.845039008042896,SHIBOR_1W+利差调整,1.711607341376229,1.1182496747095625,0,水平代理；不能复现原偏离度,False
2009-10-09,1.845039008042896,SHIBOR_1W+利差调整,1.711607341376229,1.1182496747095625,0,水平代理；不能复现原偏离度,False
2009-10-10,1.827539008042896,SHIBOR_1W+利差调整,1.7186073413762286,1.1187300080428957,0,水平代理；不能复现原偏离度,False
2009-10-10,1.827539008042896,SHIBOR_1W+利差调整,1.7186073413762286,1.1187300080428957,0,水平代理；不能复现原偏离度,False
2009-10-12,1.7324390080428955,SHIBOR_1W+利差调整,1.7221323413762286,1.1192103413762289,0,水平代理；不能复现原偏离度,False
2009-10-12,1.7324390080428955,SHIBOR_1W+利差调整,1.7221323413762286,1.1192103413762289,0,水平代理；不能复现原偏离度,False
2009-10-13,1.7234390080428954,SHIBOR_1W+利差调整,1.724465674709562,1.1196906747095623,0,水平代理；不能复现原偏离度,False
2009-10-13,1.7234390080428954,SHIBOR_1W+利差调整,1.724465674709562,1.1196906747095623,0,水平代理；不能复现原偏离度,False
2009-10-14,1.6995390080428954,SHIBOR_1W+利差调整,1.7250823413762288,1.1201710080428957,0,水平代理；不能复现原偏离度,False
2009-10-14,1.6995390080428954,SHIBOR_1W+利差调整,1.7250823413762288,1.1201710080428957,0,水平代理；不能复现原偏离度,False
2009-10-15,1.6691390080428954,SHIBOR_1W+利差调整,1.7248990080428956,1.120651341376229,0,水平代理；不能复现原偏离度,False
2009-10-15,1.6691390080428954,SHIBOR_1W+利差调整,1.7248990080428956,1.120651341376229,0,水平代理；不能复现原偏离度,False
2009-10-16,1.6690390080428954,SHIBOR_1W+利差调整,1.7220440080428954,1.121131674709562,0,水平代理；不能复现原偏离度,False
2009-10-16,1.6690390080428954,SHIBOR_1W+利差调整,1.7220440080428954,1.121131674709562,0,水平代理；不能复现原偏离度,False
2009-10-19,1.673839008042895,SHIBOR_1W+利差调整,1.7125440080428955,1.1216120080428955,0,水平代理；不能复现原偏离度,False
2009-10-19,1.673839008042895,SHIBOR_1W+利差调整,1.7125440080428955,1.1216120080428955,0,水平代理；不能复现原偏离度,False
2009-10-20,1.6565390080428954,SHIBOR_1W+利差调整,1.7039023413762286,1.1220923413762287,0,水平代理；不能复现原偏离度,False
2009-10-20,1.6565390080428954,SHIBOR_1W+利差调整,1.7039023413762286,1.1220923413762287,0,水平代理；不能复现原偏离度,False
2009-10-21,1.679381124497992,SHIBOR_1W+利差调整,1.6968594578313254,1.121933291164659,0,水平代理；不能复现原偏离度,False
2009-10-21,1.679381124497992,SHIBOR_1W+利差调整,1.6968594578313254,1.121933291164659,0,水平代理；不能复现原偏离度,False
2009-10-22,1.6592390080428954,SHIBOR_1W+利差调整,1.6937973413762288,1.1222900080428957,0,水平代理；不能复现原偏离度,False
2009-10-22,1.6592390080428954,SHIBOR_1W+利差调整,1.6937973413762288,1.1222900080428957,0,水平代理；不能复现原偏离度,False
2009-10-23,1.5909390080428951,SHIBOR_1W+利差调整,1.6911590080428955,1.1223888413762286,0,水平代理；不能复现原偏离度,False
2009-10-23,1.5909390080428951,SHIBOR_1W+利差调整,1.6911590080428955,1.1223888413762286,0,水平代理；不能复现原偏离度,False
2009-10-26,1.6200390080428957,SHIBOR_1W+利差调整,1.6897140080428954,1.122487674709562,0,水平代理；不能复现原偏离度,False
2009-10-26,1.6200390080428957,SHIBOR_1W+利差调整,1.6897140080428954,1.122487674709562,0,水平代理；不能复现原偏离度,False
2009-10-27,1.5843390080428954,SHIBOR_1W+利差调整,1.6886040080428952,1.1225865080428954,0,水平代理；不能复现原偏离度,False
2009-10-27,1.5843390080428954,SHIBOR_1W+利差调整,1.6886040080428952,1.1225865080428954,0,水平代理；不能复现原偏离度,False
2009-10-28,1.6154390080428953,SHIBOR_1W+利差调整,1.685700674709562,1.1226853413762288,0,水平代理；不能复现原偏离度,False
2009-10-28,1.6154390080428953,SHIBOR_1W+利差调整,1.685700674709562,1.1226853413762288,0,水平代理；不能复现原偏离度,False
2009-10-29,1.599239008042895,SHIBOR_1W+利差调整,1.6777006747095622,1.1227841747095622,0,水平代理；不能复现原偏离度,False
2009-10-29,1.599239008042895,SHIBOR_1W+利差调整,1.6777006747095622,1.1227841747095622,0,水平代理；不能复现原偏离度,False
2009-10-30,1.5146106951871658,SHIBOR_1W+利差调整,1.6646323618538326,1.1224546951871657,0,水平代理；不能复现原偏离度,False
2009-10-30,1.5146106951871658,SHIBOR_1W+利差调整,1.6646323618538326,1.1224546951871657,0,水平代理；不能复现原偏离度,False
2009-11-02,1.4867390080428955,SHIBOR_1W+利差调整,1.6623240080428952,1.1229818413762287,0,水平代理；不能复现原偏离度,False
2009-11-02,1.4867390080428955,SHIBOR_1W+利差调整,1.6623240080428952,1.1229818413762287,0,水平代理；不能复现原偏离度,False
2009-11-03,1.6121106951871658,SHIBOR_1W+利差调整,1.6562206951871656,1.1226523618538322,0,水平代理；不能复现原偏离度,False
2009-11-03,1.6121106951871658,SHIBOR_1W+利差调整,1.6562206951871656,1.1226523618538322,0,水平代理；不能复现原偏离度,False
2009-11-04,1.5501106951871657,SHIBOR_1W+利差调整,1.652575695187166,1.123161528520499,0,水平代理；不能复现原偏离度,False
2009-11-04,1.5501106951871657,SHIBOR_1W+利差调整,1.652575695187166,1.123161528520499,0,水平代理；不能复现原偏离度,False
2009-11-05,1.5926106951871657,SHIBOR_1W+利差调整,1.6499923618538324,1.1236706951871656,0,水平代理；不能复现原偏离度,False
2009-11-05,1.5926106951871657,SHIBOR_1W+利差调整,1.6499923618538324,1.1236706951871656,0,水平代理；不能复现原偏离度,False
2009-11-06,1.5868106951871657,SHIBOR_1W+利差调整,1.6471073618538326,1.1241798618538323,0,水平代理；不能复现原偏离度,False
2009-11-06,1.5868106951871657,SHIBOR_1W+利差调整,1.6471073618538326,1.1241798618538323,0,水平代理；不能复现原偏离度,False
2009-11-09,1.6021106951871658,SHIBOR_1W+利差调整,1.645649028520499,1.1246890285204991,0,水平代理；不能复现原偏离度,False
2009-11-09,1.6021106951871658,SHIBOR_1W+利差调整,1.645649028520499,1.1246890285204991,0,水平代理；不能复现原偏离度,False
2009-11-10,1.6270106951871657,SHIBOR_1W+利差调整,1.645764028520499,1.1251981951871657,0,水平代理；不能复现原偏离度,False
2009-11-10,1.6270106951871657,SHIBOR_1W+利差调整,1.645764028520499,1.1251981951871657,0,水平代理；不能复现原偏离度,False
2009-11-11,1.6059390080428957,SHIBOR_1W+利差调整,1.6464423413762288,1.126135674709562,0,水平代理；不能复现原偏离度,False
2009-11-11,1.6059390080428955,SHIBOR_1W+利差调整,1.6464423413762288,1.126135674709562,0,水平代理；不能复现原偏离度,False
2009-11-12,1.6118390080428957,SHIBOR_1W+利差调整,1.6473840080428954,1.126644841376229,0,水平代理；不能复现原偏离度,False
2009-11-12,1.6118390080428955,SHIBOR_1W+利差调整,1.6473840080428954,1.1266448413762287,0,水平代理；不能复现原偏离度,False
2009-11-13,1.6175390080428955,SHIBOR_1W+利差调整,1.6484523413762286,1.1271540080428952,0,水平代理；不能复现原偏离度,False
2009-11-13,1.6175390080428955,SHIBOR_1W+利差调整,1.6484523413762286,1.1271540080428952,0,水平代理；不能复现原偏离度,False
2009-11-16,1.5034390080428954,SHIBOR_1W+利差调整,1.649480674709562,1.127663174709562,0,水平代理；不能复现原偏离度,False
2009-11-16,1.5034390080428954,SHIBOR_1W+利差调整,1.649480674709562,1.127663174709562,0,水平代理；不能复现原偏离度,False
2009-11-17,1.5663390080428954,SHIBOR_1W+利差调整,1.651925674709562,1.1281723413762286,0,水平代理；不能复现原偏离度,False
2009-11-17,1.5663390080428954,SHIBOR_1W+利差调整,1.651925674709562,1.1281723413762286,0,水平代理；不能复现原偏离度,False
2009-11-18,1.5525390080428954,SHIBOR_1W+利差调整,1.6542306747095623,1.1282490080428953,0,水平代理；不能复现原偏离度,False
2009-11-18,1.5525390080428954,SHIBOR_1W+利差调整,1.6542306747095623,1.1282490080428953,0,水平代理；不能复现原偏离度,False
2009-11-19,1.5375390080428954,SHIBOR_1W+利差调整,1.656510674709562,1.128325674709562,0,水平代理；不能复现原偏离度,False
2009-11-19,1.5375390080428954,SHIBOR_1W+利差调整,1.656510674709562,1.128325674709562,0,水平代理；不能复现原偏离度,False
2009-11-20,1.585139008042895,SHIBOR_1W+利差调整,1.6592573413762288,1.1284023413762283,0,水平代理；不能复现原偏离度,False
2009-11-20,1.5851390080428953,SHIBOR_1W+利差调整,1.6592573413762288,1.1284023413762285,0,水平代理；不能复现原偏离度,False
2009-11-23,1.6075390080428955,SHIBOR_1W+利差调整,1.6611590080428953,1.1284790080428952,0,水平代理；不能复现原偏离度,False
2009-11-23,1.6075390080428955,SHIBOR_1W+利差调整,1.6611590080428953,1.1284790080428952,0,水平代理；不能复现原偏离度,False
2009-11-24,1.5492390080428955,SHIBOR_1W+利差调整,1.6616940080428957,1.128555674709562,0,水平代理；不能复现原偏离度,False
2009-11-24,1.5492390080428955,SHIBOR_1W+利差调整,1.6616940080428955,1.128555674709562,0,水平代理；不能复现原偏离度,False
2009-11-25,1.5763390080428954,SHIBOR_1W+利差调整,1.662835674709562,1.1286323413762287,0,水平代理；不能复现原偏离度,False
2009-11-25,1.5763390080428954,SHIBOR_1W+利差调整,1.662835674709562,1.1286323413762287,0,水平代理；不能复现原偏离度,False
2009-11-26,1.5684390080428954,SHIBOR_1W+利差调整,1.6634056747095622,1.1287090080428954,0,水平代理；不能复现原偏离度,False
2009-11-26,1.5684390080428954,SHIBOR_1W+利差调整,1.6634056747095622,1.1287090080428954,0,水平代理；不能复现原偏离度,False
2009-11-27,1.6000390080428954,SHIBOR_1W+利差调整,1.663210674709562,1.128785674709562,0,水平代理；不能复现原偏离度,False
2009-11-27,1.6000390080428954,SHIBOR_1W+利差调整,1.6632106747095619,1.128785674709562,0,水平代理；不能复现原偏离度,False
2009-11-30,1.6157390080428955,SHIBOR_1W+利差调整,1.6656173413762287,1.1288623413762289,0,水平代理；不能复现原偏离度,False
2009-11-30,1.6157390080428955,SHIBOR_1W+利差调整,1.6656173413762287,1.1288623413762289,0,水平代理；不能复现原偏离度,False
2009-12-01,1.5984390080428954,SHIBOR_1W+利差调整,1.6636040080428955,1.1289390080428954,0,水平代理；不能复现原偏离度,False
2009-12-01,1.5984390080428954,SHIBOR_1W+利差调整,1.6636040080428955,1.1289390080428954,0,水平代理；不能复现原偏离度,False
2009-12-02,1.6142390080428954,SHIBOR_1W+利差调整,1.6599723413762288,1.1293498413762288,0,水平代理；不能复现原偏离度,False
2009-12-02,1.6142390080428954,SHIBOR_1W+利差调整,1.6599723413762288,1.1293498413762288,0,水平代理；不能复现原偏离度,False
2009-12-03,1.6349390080428954,SHIBOR_1W+利差调整,1.6555873413762288,1.129760674709562,0,水平代理；不能复现原偏离度,False
2009-12-03,1.6349390080428954,SHIBOR_1W+利差调整,1.6555873413762288,1.129760674709562,0,水平代理；不能复现原偏离度,False
2009-12-04,1.6430390080428954,SHIBOR_1W+利差调整,1.6517623413762288,1.1301715080428951,0,水平代理；不能复现原偏离度,False
2009-12-04,1.6430390080428954,SHIBOR_1W+利差调整,1.6517623413762288,1.1301715080428953,0,水平代理；不能复现原偏离度,False
2009-12-07,1.6359390080428955,SHIBOR_1W+利差调整,1.6480890080428954,1.1305823413762288,0,水平代理；不能复现原偏离度,False
2009-12-07,1.6359390080428955,SHIBOR_1W+利差调整,1.6480890080428954,1.1305823413762288,0,水平代理；不能复现原偏离度,False
2009-12-08,1.6042390080428954,SHIBOR_1W+利差调整,1.6447423413762288,1.130993174709562,0,水平代理；不能复现原偏离度,False
2009-12-08,1.6042390080428954,SHIBOR_1W+利差调整,1.6447423413762288,1.130993174709562,0,水平代理；不能复现原偏离度,False
2009-12-09,1.623439008042895,SHIBOR_1W+利差调整,1.6432873413762288,1.1314040080428955,0,水平代理；不能复现原偏离度,False
2009-12-09,1.623439008042895,SHIBOR_1W+利差调整,1.6432873413762288,1.1314040080428955,0,水平代理；不能复现原偏离度,False
2009-12-10,1.6034390080428955,SHIBOR_1W+利差调整,1.6445240080428956,1.131814841376229,0,水平代理；不能复现原偏离度,False
2009-12-10,1.6034390080428955,SHIBOR_1W+利差调整,1.6445240080428956,1.131814841376229,0,水平代理；不能复现原偏离度,False
2009-12-11,1.6325390080428954,SHIBOR_1W+利差调整,1.6452456747095623,1.1322256747095625,0,水平代理；不能复现原偏离度,False
2009-12-11,1.6325390080428954,SHIBOR_1W+利差调整,1.6452456747095623,1.1322256747095623,0,水平代理；不能复现原偏离度,False
2009-12-14,1.6221390080428957,SHIBOR_1W+利差调整,1.645640674709562,1.1326365080428955,0,水平代理；不能复现原偏离度,False
2009-12-14,1.6221390080428955,SHIBOR_1W+利差调整,1.645640674709562,1.1326365080428957,0,水平代理；不能复现原偏离度,False
2009-12-15,1.599239008042895,SHIBOR_1W+利差调整,1.6456340080428955,1.133047341376229,0,水平代理；不能复现原偏离度,False
2009-12-15,1.5992390080428953,SHIBOR_1W+利差调整,1.6456340080428957,1.133047341376229,0,水平代理；不能复现原偏离度,False
2009-12-16,1.5975390080428955,SHIBOR_1W+利差调整,1.645390674709562,1.1333731747095623,0,水平代理；不能复现原偏离度,False
2009-12-16,1.5975390080428955,SHIBOR_1W+利差调整,1.6453906747095621,1.1333731747095623,0,水平代理；不能复现原偏离度,False
2009-12-17,1.6018390080428957,SHIBOR_1W+利差调整,1.6443790080428955,1.1336990080428957,0,水平代理；不能复现原偏离度,False
2009-12-17,1.6018390080428955,SHIBOR_1W+利差调整,1.6443790080428955,1.1336990080428955,0,水平代理；不能复现原偏离度,False
2009-12-18,1.6021106951871658,SHIBOR_1W+利差调整,1.6411923618538324,1.1335965285204992,0,水平代理；不能复现原偏离度,False
2009-12-18,1.6021106951871658,SHIBOR_1W+利差调整,1.6411923618538324,1.1335965285204992,0,水平代理；不能复现原偏离度,False
2009-12-21,1.5921390080428954,SHIBOR_1W+利差调整,1.639175674709562,1.1343506747095622,0,水平代理；不能复现原偏离度,False
2009-12-21,1.5921390080428954,SHIBOR_1W+利差调整,1.639175674709562,1.1343506747095622,0,水平代理；不能复现原偏离度,False
2009-12-22,1.5937390080428957,SHIBOR_1W+利差调整,1.6372640080428953,1.1346765080428955,0,水平代理；不能复现原偏离度,False
2009-12-22,1.5937390080428955,SHIBOR_1W+利差调整,1.6372640080428953,1.1346765080428955,0,水平代理；不能复现原偏离度,False
2009-12-23,1.5553390080428957,SHIBOR_1W+利差调整,1.631115674709562,1.135002341376229,0,水平代理；不能复现原偏离度,False
2009-12-23,1.5553390080428955,SHIBOR_1W+利差调整,1.631115674709562,1.1350023413762287,0,水平代理；不能复现原偏离度,False
2009-12-24,1.536739008042895,SHIBOR_1W+利差调整,1.6271573413762286,1.135328174709562,0,水平代理；不能复现原偏离度,False
2009-12-24,1.5367390080428953,SHIBOR_1W+利差调整,1.6271573413762286,1.135328174709562,0,水平代理；不能复现原偏离度,False
2009-12-25,1.5821106951871655,SHIBOR_1W+利差调整,1.6239506951871656,1.1352256951871658,0,水平代理；不能复现原偏离度,False
2009-12-25,1.5821106951871655,SHIBOR_1W+利差调整,1.6239506951871656,1.1352256951871658,0,水平代理；不能复现原偏离度,False
2009-12-28,1.6834390080428954,SHIBOR_1W+利差调整,1.623795674709562,1.1359798413762283,0,水平代理；不能复现原偏离度,False
2009-12-28,1.6834390080428954,SHIBOR_1W+利差调整,1.623795674709562,1.1359798413762283,0,水平代理；不能复现原偏离度,False
2009-12-29,1.7255390080428954,SHIBOR_1W+利差调整,1.622437341376229,1.136305674709562,0,水平代理；不能复现原偏离度,False
2009-12-29,1.7255390080428954,SHIBOR_1W+利差调整,1.622437341376229,1.136305674709562,0,水平代理；不能复现原偏离度,False
2009-12-30,1.7271106951871658,SHIBOR_1W+利差调整,1.618384028520499,1.1360243618538326,0,水平代理；不能复现原偏离度,False
2009-12-30,1.7271106951871658,SHIBOR_1W+利差调整,1.618384028520499,1.1360243618538326,0,水平代理；不能复现原偏离度,False
2009-12-31,1.7117390080428954,SHIBOR_1W+利差调整,1.6165906747095622,1.136599674709562,0,水平代理；不能复现原偏离度,False
2009-12-31,1.7117390080428954,SHIBOR_1W+利差调整,1.6165906747095622,1.136599674709562,0,水平代理；不能复现原偏离度,False
2010-01-04,1.5692390080428955,SHIBOR_1W+利差调整,1.612285674709562,1.136746674709562,0,水平代理；不能复现原偏离度,False
2010-01-04,1.5692390080428955,SHIBOR_1W+利差调整,1.612285674709562,1.136746674709562,0,水平代理；不能复现原偏离度,False
2010-01-05,1.5471390080428955,SHIBOR_1W+利差调整,1.6091973413762288,1.136893674709562,0,水平代理；不能复现原偏离度,False
2010-01-05,1.5471390080428955,SHIBOR_1W+利差调整,1.6091973413762288,1.136893674709562,0,水平代理；不能复现原偏离度,False
2010-01-06,1.5469390080428953,SHIBOR_1W+利差调整,1.606255674709562,1.137040674709562,0,水平代理；不能复现原偏离度,False
2010-01-06,1.5469390080428953,SHIBOR_1W+利差调整,1.606255674709562,1.137040674709562,0,水平代理；不能复现原偏离度,False
2010-01-07,1.5409390080428955,SHIBOR_1W+利差调整,1.6036123413762289,1.1371876747095622,0,水平代理；不能复现原偏离度,False
2010-01-07,1.5409390080428955,SHIBOR_1W+利差调整,1.6036123413762289,1.1371876747095622,0,水平代理；不能复现原偏离度,False
2010-01-08,1.5460390080428954,SHIBOR_1W+利差调整,1.601560674709562,1.137334674709562,0,水平代理；不能复现原偏离度,False
2010-01-08,1.5460390080428954,SHIBOR_1W+利差调整,1.6015606747095619,1.137334674709562,0,水平代理；不能复现原偏离度,False
2010-01-11,1.5163390080428951,SHIBOR_1W+利差调整,1.599015674709562,1.1374816747095622,0,水平代理；不能复现原偏离度,False
2010-01-11,1.5163390080428953,SHIBOR_1W+利差调整,1.599015674709562,1.1374816747095622,0,水平代理；不能复现原偏离度,False
2010-01-12,1.5821390080428954,SHIBOR_1W+利差调整,1.5974873413762287,1.137628674709562,0,水平代理；不能复现原偏离度,False
2010-01-12,1.5821390080428954,SHIBOR_1W+利差调整,1.5974873413762287,1.137628674709562,0,水平代理；不能复现原偏离度,False
2010-01-13,1.5417390080428954,SHIBOR_1W+利差调整,1.5955740080428955,1.1377756747095622,0,水平代理；不能复现原偏离度,False
2010-01-13,1.5417390080428954,SHIBOR_1W+利差调整,1.5955740080428955,1.1377756747095622,0,水平代理；不能复现原偏离度,False
2010-01-14,1.5942390080428954,SHIBOR_1W+利差调整,1.5941506747095622,1.1382671747095623,0,水平代理；不能复现原偏离度,False
2010-01-14,1.5942390080428954,SHIBOR_1W+利差调整,1.5941506747095622,1.1382671747095623,0,水平代理；不能复现原偏离度,False
2010-01-15,1.5617390080428954,SHIBOR_1W+利差调整,1.592525674709562,1.1387586747095622,0,水平代理；不能复现原偏离度,False
2010-01-15,1.5617390080428954,SHIBOR_1W+利差调整,1.592525674709562,1.1387586747095622,0,水平代理；不能复现原偏离度,False
2010-01-18,1.5509390080428953,SHIBOR_1W+利差调整,1.5918590080428954,1.1392501747095622,0,水平代理；不能复现原偏离度,False
2010-01-18,1.5509390080428953,SHIBOR_1W+利差调整,1.5918590080428954,1.1392501747095622,0,水平代理；不能复现原偏离度,False
2010-01-19,1.5080390080428954,SHIBOR_1W+利差调整,1.5899923413762287,1.1397416747095623,0,水平代理；不能复现原偏离度,False
2010-01-19,1.5080390080428954,SHIBOR_1W+利差调整,1.5899923413762287,1.1397416747095623,0,水平代理；不能复现原偏离度,False
2010-01-20,1.6046390080428954,SHIBOR_1W+利差调整,1.5903306747095622,1.1402331747095622,0,水平代理；不能复现原偏离度,False
2010-01-20,1.6046390080428954,SHIBOR_1W+利差调整,1.5903306747095622,1.1402331747095622,0,水平代理；不能复现原偏离度,False
2010-01-21,1.5592390080428955,SHIBOR_1W+利差调整,1.5893940080428954,1.1407246747095623,0,水平代理；不能复现原偏离度,False
2010-01-21,1.5592390080428955,SHIBOR_1W+利差调整,1.5893940080428954,1.1407246747095623,0,水平代理；不能复现原偏离度,False
2010-01-22,1.627781124497992,SHIBOR_1W+利差调整,1.589616124497992,1.1409582911646583,0,水平代理；不能复现原偏离度,False
2010-01-22,1.627781124497992,SHIBOR_1W+利差调整,1.589616124497992,1.1409582911646583,0,水平代理；不能复现原偏离度,False
2010-01-25,1.535681124497992,SHIBOR_1W+利差调整,1.5899644578313252,1.1414497911646586,0,水平代理；不能复现原偏离度,False
2010-01-25,1.535681124497992,SHIBOR_1W+利差调整,1.5899644578313252,1.1414497911646586,0,水平代理；不能复现原偏离度,False
2010-01-26,1.685910695187166,SHIBOR_1W+利差调整,1.5931206951871657,1.1417708618538325,0,水平代理；不能复现原偏离度,False
2010-01-26,1.685910695187166,SHIBOR_1W+利差调整,1.5931206951871657,1.1417708618538325,0,水平代理；不能复现原偏离度,False
2010-01-27,1.6946106951871658,SHIBOR_1W+利差调整,1.594495695187166,1.1422623618538323,0,水平代理；不能复现原偏离度,False
2010-01-27,1.6946106951871658,SHIBOR_1W+利差调整,1.594495695187166,1.1422623618538323,0,水平代理；不能复现原偏离度,False
2010-01-28,1.9971106951871656,SHIBOR_1W+利差调整,1.6019456951871658,1.1424216951871655,0,水平代理；不能复现原偏离度,False
2010-01-28,1.9971106951871656,SHIBOR_1W+利差调整,1.6019456951871658,1.1424216951871655,0,水平代理；不能复现原偏离度,False
2010-01-29,2.000510695187166,SHIBOR_1W+利差调整,1.608744028520499,1.1425810285204991,0,水平代理；不能复现原偏离度,False
2010-01-29,2.000510695187166,SHIBOR_1W+利差调整,1.608744028520499,1.1425810285204991,0,水平代理；不能复现原偏离度,False
2010-02-01,1.9675390080428956,SHIBOR_1W+利差调整,1.615510674709562,1.1431686747095622,0,水平代理；不能复现原偏离度,False
2010-02-01,1.9675390080428954,SHIBOR_1W+利差调整,1.615510674709562,1.1431686747095622,0,水平代理；不能复现原偏离度,False
2010-02-02,1.9359390080428955,SHIBOR_1W+利差调整,1.6210673413762289,1.1433280080428954,0,水平代理；不能复现原偏离度,False
2010-02-02,1.9359390080428953,SHIBOR_1W+利差调整,1.6210673413762289,1.1433280080428954,0,水平代理；不能复现原偏离度,False
2010-02-03,1.9167390080428957,SHIBOR_1W+利差调整,1.6258890080428956,1.1434873413762288,0,水平代理；不能复现原偏离度,False
2010-02-03,1.9167390080428954,SHIBOR_1W+利差调整,1.6258890080428956,1.1434873413762288,0,水平代理；不能复现原偏离度,False
2010-02-04,1.9259390080428955,SHIBOR_1W+利差调整,1.6312223413762288,1.1436466747095622,0,水平代理；不能复现原偏离度,False
2010-02-04,1.9259390080428953,SHIBOR_1W+利差调整,1.6312223413762288,1.1436466747095622,0,水平代理；不能复现原偏离度,False
2010-02-05,1.8755106951871656,SHIBOR_1W+利差调整,1.6351956951871656,1.143377695187166,0,水平代理；不能复现原偏离度,False
2010-02-05,1.8755106951871656,SHIBOR_1W+利差调整,1.6351956951871656,1.143377695187166,0,水平代理；不能复现原偏离度,False
2010-02-08,1.9625390080428955,SHIBOR_1W+利差调整,1.6413740080428951,1.1439653413762287,0,水平代理；不能复现原偏离度,False
2010-02-08,1.9625390080428955,SHIBOR_1W+利差调整,1.6413740080428953,1.1439653413762287,0,水平代理；不能复现原偏离度,False
2010-02-09,2.0409390080428955,SHIBOR_1W+利差调整,1.6503323413762288,1.144124674709562,0,水平代理；不能复现原偏离度,False
2010-02-09,2.0409390080428955,SHIBOR_1W+利差调整,1.6503323413762288,1.144124674709562,0,水平代理；不能复现原偏离度,False
2010-02-10,1.9825390080428955,SHIBOR_1W+利差调整,1.6572690080428951,1.144284008042895,0,水平代理；不能复现原偏离度,False
2010-02-10,1.9825390080428955,SHIBOR_1W+利差调整,1.6572690080428953,1.1442840080428953,0,水平代理；不能复现原偏离度,False
2010-02-11,2.8675390080428955,SHIBOR_1W+利差调整,1.679185674709562,1.144642674709562,0,水平代理；不能复现原偏离度,False
2010-02-11,2.8675390080428955,SHIBOR_1W+利差调整,1.679185674709562,1.144642674709562,0,水平代理；不能复现原偏离度,False
2010-02-12,2.6300390080428957,SHIBOR_1W+利差调整,1.6973940080428955,1.1450013413762288,0,水平代理；不能复现原偏离度,False
2010-02-12,2.6300390080428953,SHIBOR_1W+利差调整,1.6973940080428955,1.1450013413762288,0,水平代理；不能复现原偏离度,False
2010-02-20,2.2571390080428952,SHIBOR_1W+利差调整,1.7085940080428954,1.1453600080428954,0,水平代理；不能复现原偏离度,False
2010-02-20,2.2571390080428952,SHIBOR_1W+利差调整,1.7085940080428954,1.1453600080428954,0,水平代理；不能复现原偏离度,False
2010-02-21,1.6525390080428954,SHIBOR_1W+利差调整,1.7093440080428954,1.145718674709562,0,水平代理；不能复现原偏离度,False
2010-02-21,1.6525390080428954,SHIBOR_1W+利差调整,1.7093440080428954,1.145718674709562,0,水平代理；不能复现原偏离度,False
2010-02-22,1.6225390080428954,SHIBOR_1W+利差调整,1.710565674709562,1.1460773413762286,0,水平代理；不能复现原偏离度,False
2010-02-22,1.6225390080428954,SHIBOR_1W+利差调整,1.710565674709562,1.1460773413762286,0,水平代理；不能复现原偏离度,False
2010-02-23,1.746339008042895,SHIBOR_1W+利差调整,1.7133990080428954,1.1464360080428957,0,水平代理；不能复现原偏离度,False
2010-02-23,1.7463390080428953,SHIBOR_1W+利差调整,1.7133990080428954,1.1464360080428955,0,水平代理；不能复现原偏离度,False
2010-02-24,1.7970045576407505,SHIBOR_1W+利差调整,1.7174695576407506,1.1470602243074173,0,水平代理；不能复现原偏离度,False
2010-02-24,1.7970045576407505,SHIBOR_1W+利差调整,1.7174695576407506,1.1470602243074173,0,水平代理；不能复现原偏离度,False
2010-02-25,1.829381124497992,SHIBOR_1W+利差调整,1.7207727911646586,1.1468954578313253,0,水平代理；不能复现原偏离度,False
2010-02-25,1.829381124497992,SHIBOR_1W+利差调整,1.7207727911646586,1.1468954578313253,0,水平代理；不能复现原偏离度,False
2010-02-26,1.8109390080428955,SHIBOR_1W+利差调整,1.7242840080428956,1.1475120080428955,0,水平代理；不能复现原偏离度,False
2010-02-26,1.8109390080428953,SHIBOR_1W+利差调整,1.7242840080428956,1.1475120080428955,0,水平代理；不能复现原偏离度,False
2010-03-01,1.7975390080428957,SHIBOR_1W+利差调整,1.7276023413762287,1.1478706747095622,0,水平代理；不能复现原偏离度,False
2010-03-01,1.7975390080428957,SHIBOR_1W+利差调整,1.7276023413762287,1.1478706747095622,0,水平代理；不能复现原偏离度,False
2010-03-02,1.864739008042896,SHIBOR_1W+利差调整,1.7317773413762287,1.148356174709562,0,水平代理；不能复现原偏离度,False
2010-03-02,1.864739008042896,SHIBOR_1W+利差调整,1.7317773413762287,1.148356174709562,0,水平代理；不能复现原偏离度,False
2010-03-03,1.8855390080428955,SHIBOR_1W+利差调整,1.7359540080428957,1.1488416747095622,0,水平代理；不能复现原偏离度,False
2010-03-03,1.8855390080428953,SHIBOR_1W+利差调整,1.7359540080428955,1.1488416747095622,0,水平代理；不能复现原偏离度,False
2010-03-04,1.8246106951871657,SHIBOR_1W+利差调整,1.738559028520499,1.1488988618538325,0,水平代理；不能复现原偏离度,False
2010-03-04,1.8246106951871657,SHIBOR_1W+利差调整,1.738559028520499,1.1488988618538325,0,水平代理；不能复现原偏离度,False
2010-03-05,1.8346390080428956,SHIBOR_1W+利差调整,1.7422990080428955,1.149812674709562,0,水平代理；不能复现原偏离度,False
2010-03-05,1.8346390080428954,SHIBOR_1W+利差调整,1.7422990080428955,1.149812674709562,0,水平代理；不能复现原偏离度,False
2010-03-08,1.7855106951871658,SHIBOR_1W+利差调整,1.7448990285204993,1.1498698618538326,0,水平代理；不能复现原偏离度,False
2010-03-08,1.7855106951871658,SHIBOR_1W+利差调整,1.7448990285204993,1.1498698618538326,0,水平代理；不能复现原偏离度,False
2010-03-09,1.8109390080428955,SHIBOR_1W+利差调整,1.7484523413762287,1.150783674709562,0,水平代理；不能复现原偏离度,False
2010-03-09,1.8109390080428953,SHIBOR_1W+利差调整,1.7484523413762287,1.150783674709562,0,水平代理；不能复现原偏离度,False
2010-03-10,1.852539008042896,SHIBOR_1W+利差调整,1.7526040080428953,1.151269174709562,0,水平代理；不能复现原偏离度,False
2010-03-10,1.852539008042896,SHIBOR_1W+利差调整,1.7526040080428953,1.151269174709562,0,水平代理；不能复现原偏离度,False
2010-03-11,1.8313390080428955,SHIBOR_1W+利差调整,1.7559173413762288,1.1517546747095622,0,水平代理；不能复现原偏离度,False
2010-03-11,1.8313390080428955,SHIBOR_1W+利差调整,1.7559173413762288,1.1517546747095622,0,水平代理；不能复现原偏离度,False
2010-03-12,1.8075390080428957,SHIBOR_1W+利差调整,1.7590073413762288,1.152240174709562,0,水平代理；不能复现原偏离度,False
2010-03-12,1.8075390080428955,SHIBOR_1W+利差调整,1.7590073413762288,1.152240174709562,0,水平代理；不能复现原偏离度,False
2010-03-15,1.796481124497992,SHIBOR_1W+利差调整,1.762041124497992,1.1524677911646586,0,水平代理；不能复现原偏离度,False
2010-03-15,1.796481124497992,SHIBOR_1W+利差调整,1.762041124497992,1.1524677911646586,0,水平代理；不能复现原偏离度,False
2010-03-16,1.7780390080428954,SHIBOR_1W+利差调整,1.7653073413762288,1.152752674709562,0,水平代理；不能复现原偏离度,False
2010-03-16,1.7780390080428954,SHIBOR_1W+利差调整,1.7653073413762288,1.152752674709562,0,水平代理；不能复现原偏离度,False
2010-03-17,1.7880106951871657,SHIBOR_1W+利差调整,1.767989028520499,1.1523513618538326,0,水平代理；不能复现原偏离度,False
2010-03-17,1.7880106951871657,SHIBOR_1W+利差调整,1.767989028520499,1.1523513618538326,0,水平代理；不能复现原偏离度,False
2010-03-18,1.7892390080428957,SHIBOR_1W+利差调整,1.7715290080428951,1.152806674709562,0,水平代理；不能复现原偏离度,False
2010-03-18,1.7892390080428957,SHIBOR_1W+利差调整,1.7715290080428951,1.152806674709562,0,水平代理；不能复现原偏离度,False
2010-03-19,1.7717390080428954,SHIBOR_1W+利差调整,1.7745223413762288,1.152833674709562,0,水平代理；不能复现原偏离度,False
2010-03-19,1.7717390080428954,SHIBOR_1W+利差调整,1.7745223413762288,1.152833674709562,0,水平代理；不能复现原偏离度,False
2010-03-22,1.7400390080428954,SHIBOR_1W+利差调整,1.7769606747095623,1.152860674709562,0,水平代理；不能复现原偏离度,False
2010-03-22,1.7400390080428954,SHIBOR_1W+利差调整,1.7769606747095623,1.152860674709562,0,水平代理；不能复现原偏离度,False
2010-03-23,1.729681124497992,SHIBOR_1W+利差调整,1.7796127911646586,1.1526297911646584,0,水平代理；不能复现原偏离度,False
2010-03-23,1.729681124497992,SHIBOR_1W+利差调整,1.7796127911646586,1.1526297911646584,0,水平代理；不能复现原偏离度,False
2010-03-24,1.7134390080428954,SHIBOR_1W+利差调整,1.782815674709562,1.152914674709562,0,水平代理；不能复现原偏离度,False
2010-03-24,1.7134390080428954,SHIBOR_1W+利差调整,1.782815674709562,1.152914674709562,0,水平代理；不能复现原偏离度,False
2010-03-25,1.7063390080428955,SHIBOR_1W+利差调整,1.7848790080428956,1.152941674709562,0,水平代理；不能复现原偏离度,False
2010-03-25,1.7063390080428955,SHIBOR_1W+利差调整,1.7848790080428956,1.152941674709562,0,水平代理；不能复现原偏离度,False
2010-03-26,1.7053390080428954,SHIBOR_1W+利差调整,1.7852440080428953,1.152968674709562,0,水平代理；不能复现原偏离度,False
2010-03-26,1.7053390080428954,SHIBOR_1W+利差调整,1.7852440080428953,1.152968674709562,0,水平代理；不能复现原偏离度,False
2010-03-29,1.6966390080428957,SHIBOR_1W+利差调整,1.7847623413762286,1.152995674709562,0,水平代理；不能复现原偏离度,False
2010-03-29,1.6966390080428957,SHIBOR_1W+利差调整,1.7847623413762286,1.152995674709562,0,水平代理；不能复现原偏离度,False
2010-03-30,1.7764390080428951,SHIBOR_1W+利差调整,1.7855773413762288,1.1535623413762288,0,水平代理；不能复现原偏离度,False
2010-03-30,1.7764390080428951,SHIBOR_1W+利差调整,1.7855773413762288,1.1535623413762288,0,水平代理；不能复现原偏离度,False
2010-03-31,1.7467390080428955,SHIBOR_1W+利差调整,1.7861606747095622,1.1541290080428954,0,水平代理；不能复现原偏离度,False
2010-03-31,1.7467390080428955,SHIBOR_1W+利差调整,1.7861606747095622,1.1541290080428954,0,水平代理；不能复现原偏离度,False
2010-04-01,1.7196106951871657,SHIBOR_1W+利差调整,1.7882456951871657,1.1542673618538326,0,水平代理；不能复现原偏离度,False
2010-04-01,1.7196106951871657,SHIBOR_1W+利差调整,1.7882456951871657,1.1542673618538326,0,水平代理；不能复现原偏离度,False
2010-04-02,1.7225390080428955,SHIBOR_1W+利差调整,1.7915973413762287,1.1552623413762289,0,水平代理；不能复现原偏离度,False
2010-04-02,1.7225390080428955,SHIBOR_1W+利差调整,1.7915973413762287,1.1552623413762289,0,水平代理；不能复现原偏离度,False
2010-04-06,1.7384390080428953,SHIBOR_1W+利差调整,1.7947890080428954,1.1558290080428957,0,水平代理；不能复现原偏离度,False
2010-04-06,1.7384390080428953,SHIBOR_1W+利差调整,1.7947890080428954,1.1558290080428955,0,水平代理；不能复现原偏离度,False
2010-04-07,1.8100390080428956,SHIBOR_1W+利差调整,1.7992740080428955,1.1563956747095625,0,水平代理；不能复现原偏离度,False
2010-04-07,1.8100390080428954,SHIBOR_1W+利差调整,1.7992740080428955,1.1563956747095623,0,水平代理；不能复现原偏离度,False
2010-04-08,1.8267390080428956,SHIBOR_1W+利差调整,1.8039523413762288,1.1569623413762289,0,水平代理；不能复现原偏离度,False
2010-04-08,1.8267390080428954,SHIBOR_1W+利差调整,1.8039523413762286,1.1569623413762289,0,水平代理；不能复现原偏离度,False
2010-04-09,1.8209390080428955,SHIBOR_1W+利差调整,1.809029008042896,1.1575290080428955,0,水平代理；不能复现原偏离度,False
2010-04-09,1.8209390080428955,SHIBOR_1W+利差调整,1.809029008042896,1.1575290080428955,0,水平代理；不能复现原偏离度,False
2010-04-12,1.7925390080428951,SHIBOR_1W+利差调整,1.812535674709562,1.1580956747095623,0,水平代理；不能复现原偏离度,False
2010-04-12,1.7925390080428951,SHIBOR_1W+利差调整,1.812535674709562,1.1580956747095623,0,水平代理；不能复现原偏离度,False
2010-04-13,1.816339008042896,SHIBOR_1W+利差调整,1.817112341376229,1.158662341376229,0,水平代理；不能复现原偏离度,False
2010-04-13,1.816339008042896,SHIBOR_1W+利差调整,1.817112341376229,1.158662341376229,0,水平代理；不能复现原偏离度,False
2010-04-14,1.7921390080428954,SHIBOR_1W+利差调整,1.8204106747095623,1.158987841376229,0,水平代理；不能复现原偏离度,False
2010-04-14,1.7921390080428954,SHIBOR_1W+利差调整,1.8204106747095623,1.158987841376229,0,水平代理；不能复现原偏离度,False
2010-04-15,1.8192390080428955,SHIBOR_1W+利差调整,1.8247023413762289,1.1593133413762289,0,水平代理；不能复现原偏离度,False
2010-04-15,1.8192390080428955,SHIBOR_1W+利差调整,1.8247023413762287,1.1593133413762289,0,水平代理；不能复现原偏离度,False
2010-04-16,1.8105390080428956,SHIBOR_1W+利差调整,1.8290290080428957,1.1596388413762289,0,水平代理；不能复现原偏离度,False
2010-04-16,1.8105390080428954,SHIBOR_1W+利差调整,1.8290290080428953,1.1596388413762289,0,水平代理；不能复现原偏离度,False
2010-04-19,1.756210695187166,SHIBOR_1W+利差调整,1.832744028520499,1.1595360285204992,0,水平代理；不能复现原偏离度,False
2010-04-19,1.756210695187166,SHIBOR_1W+利差调整,1.832744028520499,1.1595360285204992,0,水平代理；不能复现原偏离度,False
2010-04-20,1.7836390080428954,SHIBOR_1W+利差调整,1.836155674709562,1.1602898413762288,0,水平代理；不能复现原偏离度,False
2010-04-20,1.7836390080428954,SHIBOR_1W+利差调整,1.836155674709562,1.1602898413762288,0,水平代理；不能复现原偏离度,False
2010-04-21,1.8096106951871656,SHIBOR_1W+利差调整,1.8399073618538324,1.1601870285204994,0,水平代理；不能复现原偏离度,False
2010-04-21,1.8096106951871656,SHIBOR_1W+利差调整,1.8399073618538324,1.1601870285204994,0,水平代理；不能复现原偏离度,False
2010-04-22,1.7863390080428954,SHIBOR_1W+利差调整,1.8429740080428956,1.1609408413762288,0,水平代理；不能复现原偏离度,False
2010-04-22,1.7863390080428954,SHIBOR_1W+利差调整,1.8429740080428954,1.1609408413762288,0,水平代理；不能复现原偏离度,False
2010-04-23,1.8182390080428956,SHIBOR_1W+利差调整,1.8476790080428955,1.1612663413762288,0,水平代理；不能复现原偏离度,False
2010-04-23,1.8182390080428954,SHIBOR_1W+利差调整,1.8476790080428953,1.1612663413762288,0,水平代理；不能复现原偏离度,False
2010-04-26,1.7934106951871658,SHIBOR_1W+利差调整,1.8490423618538323,1.1611635285204993,0,水平代理；不能复现原偏离度,False
2010-04-26,1.7934106951871658,SHIBOR_1W+利差调整,1.8490423618538323,1.1611635285204993,0,水平代理；不能复现原偏离度,False
2010-04-27,1.7850390080428955,SHIBOR_1W+利差调整,1.850970674709562,1.1619173413762287,0,水平代理；不能复现原偏离度,False
2010-04-27,1.7850390080428955,SHIBOR_1W+利差调整,1.850970674709562,1.1619173413762287,0,水平代理；不能复现原偏离度,False
2010-04-28,1.7659106951871657,SHIBOR_1W+利差调整,1.8466890285204989,1.1619205285204992,0,水平代理；不能复现原偏离度,False
2010-04-28,1.7659106951871657,SHIBOR_1W+利差调整,1.8466890285204989,1.1619205285204992,0,水平代理；不能复现原偏离度,False
2010-04-29,1.7492390080428954,SHIBOR_1W+利差调整,1.8429223413762288,1.1627803413762288,0,水平代理；不能复现原偏离度,False
2010-04-29,1.7492390080428954,SHIBOR_1W+利差调整,1.8429223413762288,1.1627803413762288,0,水平代理；不能复现原偏离度,False
2010-04-30,1.7546390080428955,SHIBOR_1W+利差调整,1.8393740080428955,1.163211841376229,0,水平代理；不能复现原偏离度,False
2010-04-30,1.7546390080428955,SHIBOR_1W+利差调整,1.8393740080428955,1.1632118413762287,0,水平代理；不能复现原偏离度,False
2010-05-04,1.748457908847185,SHIBOR_1W+利差调整,1.836267908847185,1.1636622421805185,0,水平代理；不能复现原偏离度,False
2010-05-04,1.748457908847185,SHIBOR_1W+利差调整,1.836267908847185,1.1636622421805185,0,水平代理；不能复现原偏离度,False
2010-05-05,1.7950390080428955,SHIBOR_1W+利差调整,1.834220674709562,1.1640748413762287,0,水平代理；不能复现原偏离度,False
2010-05-05,1.7950390080428955,SHIBOR_1W+利差调整,1.834220674709562,1.1640748413762287,0,水平代理；不能复现原偏离度,False
2010-05-06,1.828839008042896,SHIBOR_1W+利差调整,1.832602341376229,1.1645063413762289,0,水平代理；不能复现原偏离度,False
2010-05-06,1.828839008042896,SHIBOR_1W+利差调整,1.832602341376229,1.1645063413762289,0,水平代理；不能复现原偏离度,False
2010-05-07,1.850039008042896,SHIBOR_1W+利差调整,1.832170674709562,1.1649378413762288,0,水平代理；不能复现原偏离度,False
2010-05-07,1.850039008042896,SHIBOR_1W+利差调整,1.832170674709562,1.1649378413762288,0,水平代理；不能复现原偏离度,False
2010-05-10,1.846739008042896,SHIBOR_1W+利差调整,1.830240674709562,1.1653693413762287,0,水平代理；不能复现原偏离度,False
2010-05-10,1.846739008042896,SHIBOR_1W+利差调整,1.830240674709562,1.1653693413762287,0,水平代理；不能复现原偏离度,False
2010-05-11,1.850939008042896,SHIBOR_1W+利差调整,1.8270740080428955,1.1658008413762289,0,水平代理；不能复现原偏离度,False
2010-05-11,1.850939008042896,SHIBOR_1W+利差调整,1.8270740080428955,1.1658008413762289,0,水平代理；不能复现原偏离度,False
2010-05-12,1.8642390080428957,SHIBOR_1W+利差调整,1.8251023413762288,1.1662323413762288,0,水平代理；不能复现原偏离度,False
2010-05-12,1.8642390080428954,SHIBOR_1W+利差调整,1.8251023413762288,1.1662323413762288,0,水平代理；不能复现原偏离度,False
2010-05-13,1.874639008042896,SHIBOR_1W+利差调整,1.808554008042896,1.1667708413762288,0,水平代理；不能复现原偏离度,False
2010-05-13,1.874639008042896,SHIBOR_1W+利差调整,1.808554008042896,1.1667708413762288,0,水平代理；不能复现原偏离度,False
2010-05-14,1.8937390080428955,SHIBOR_1W+利差调整,1.7962823413762288,1.1673093413762288,0,水平代理；不能复现原偏离度,False
2010-05-14,1.8937390080428955,SHIBOR_1W+利差调整,1.7962823413762288,1.1673093413762288,0,水平代理；不能复现原偏离度,False
2010-05-17,1.8813390080428956,SHIBOR_1W+利差调整,1.7900190080428957,1.1678478413762288,0,水平代理；不能复现原偏离度,False
2010-05-17,1.8813390080428953,SHIBOR_1W+利差调整,1.7900190080428955,1.1678478413762288,0,水平代理；不能复现原偏离度,False
2010-05-18,1.8859390080428955,SHIBOR_1W+利差调整,1.7939090080428954,1.1683863413762288,0,水平代理；不能复现原偏离度,False
2010-05-18,1.8859390080428955,SHIBOR_1W+利差调整,1.7939090080428954,1.1683863413762288,0,水平代理；不能复现原偏离度,False
2010-05-19,1.915039008042896,SHIBOR_1W+利差调整,1.7987840080428954,1.1689248413762288,0,水平代理；不能复现原偏离度,False
2010-05-19,1.915039008042896,SHIBOR_1W+利差调整,1.7987840080428954,1.1689248413762288,0,水平代理；不能复现原偏离度,False
2010-05-20,1.9400390080428955,SHIBOR_1W+利差调整,1.8020123413762288,1.1694633413762288,0,水平代理；不能复现原偏离度,False
2010-05-20,1.9400390080428955,SHIBOR_1W+利差调整,1.8020123413762288,1.1694633413762288,0,水平代理；不能复现原偏离度,False
2010-05-21,1.952539008042896,SHIBOR_1W+利差调整,1.804609008042896,1.1700018413762288,0,水平代理；不能复现原偏离度,False
2010-05-21,1.952539008042896,SHIBOR_1W+利差调整,1.804609008042896,1.1700018413762288,0,水平代理；不能复现原偏离度,False
2010-05-24,2.011739008042896,SHIBOR_1W+利差调整,1.8076440080428955,1.1705403413762288,0,水平代理；不能复现原偏离度,False
2010-05-24,2.0117390080428956,SHIBOR_1W+利差调整,1.8076440080428955,1.1705403413762288,0,水平代理；不能复现原偏离度,False
2010-05-25,2.073439008042896,SHIBOR_1W+利差调整,1.8120190080428955,1.1710788413762288,0,水平代理；不能复现原偏离度,False
2010-05-25,2.0734390080428957,SHIBOR_1W+利差调整,1.8120190080428955,1.1710788413762288,0,水平代理；不能复现原偏离度,False
2010-05-26,2.3188390080428958,SHIBOR_1W+利差调整,1.8207073413762287,1.1716173413762287,0,水平代理；不能复现原偏离度,False
2010-05-26,2.3188390080428953,SHIBOR_1W+利差调整,1.8207073413762287,1.1716173413762287,0,水平代理；不能复现原偏离度,False
2010-05-27,2.5634390080428955,SHIBOR_1W+利差调整,1.8323523413762288,1.1719525080428954,0,水平代理；不能复现原偏离度,False
2010-05-27,2.5634390080428955,SHIBOR_1W+利差调整,1.8323523413762288,1.1719525080428954,0,水平代理；不能复现原偏离度,False
2010-05-28,2.5367390080428955,SHIBOR_1W+利差调整,1.843205674709562,1.172287674709562,0,水平代理；不能复现原偏离度,False
2010-05-28,2.5367390080428955,SHIBOR_1W+利差调整,1.843205674709562,1.172287674709562,0,水平代理；不能复现原偏离度,False
2010-05-31,2.650039008042896,SHIBOR_1W+利差调整,1.856955674709562,1.1726228413762287,0,水平代理；不能复现原偏离度,False
2010-05-31,2.650039008042896,SHIBOR_1W+利差调整,1.856955674709562,1.1726228413762287,0,水平代理；不能复现原偏离度,False
2010-06-01,3.347110695187166,SHIBOR_1W+利差调整,1.8817423618538325,1.1725296951871658,0,水平代理；不能复现原偏离度,False
2010-06-01,3.347110695187166,SHIBOR_1W+利差调整,1.8817423618538325,1.1725296951871658,0,水平代理；不能复现原偏离度,False
2010-06-02,3.4259106951871656,SHIBOR_1W+利差调整,1.9090823618538324,1.1728648618538324,0,水平代理；不能复现原偏离度,False
2010-06-02,3.4259106951871656,SHIBOR_1W+利差调整,1.9090823618538324,1.1728648618538324,0,水平代理；不能复现原偏离度,False
2010-06-03,3.3413390080428957,SHIBOR_1W+利差调整,1.9350173413762288,1.173628341376229,0,水平代理；不能复现原偏离度,False
2010-06-03,3.3413390080428953,SHIBOR_1W+利差调整,1.9350173413762286,1.173628341376229,0,水平代理；不能复现原偏离度,False
2010-06-04,2.354539008042896,SHIBOR_1W+利差调整,1.943384008042896,1.1739635080428956,0,水平代理；不能复现原偏离度,False
2010-06-04,2.354539008042896,SHIBOR_1W+利差调整,1.943384008042896,1.1739635080428956,0,水平代理；不能复现原偏离度,False
2010-06-07,2.060339008042896,SHIBOR_1W+利差调整,1.947200674709562,1.1742986747095625,0,水平代理；不能复现原偏离度,False
2010-06-07,2.060339008042896,SHIBOR_1W+利差调整,1.947200674709562,1.1742986747095625,0,水平代理；不能复现原偏离度,False
2010-06-08,2.3426106951871657,SHIBOR_1W+利差调整,1.9556973618538325,1.174205528520499,0,水平代理；不能复现原偏离度,False
2010-06-08,2.3426106951871657,SHIBOR_1W+利差调整,1.9556973618538325,1.174205528520499,0,水平代理；不能复现原偏离度,False
2010-06-09,2.3592106951871656,SHIBOR_1W+利差调整,1.965079028520499,1.1745406951871658,0,水平代理；不能复现原偏离度,False
2010-06-09,2.3592106951871656,SHIBOR_1W+利差调整,1.965079028520499,1.1745406951871658,0,水平代理；不能复现原偏离度,False
2010-06-10,2.618810695187166,SHIBOR_1W+利差调整,1.979099028520499,1.175200028520499,0,水平代理；不能复现原偏离度,False
2010-06-10,2.618810695187166,SHIBOR_1W+利差调整,1.979099028520499,1.175200028520499,0,水平代理；不能复现原偏离度,False
2010-06-11,2.8784390080428954,SHIBOR_1W+利差调整,1.9976940080428955,1.1762876747095623,0,水平代理；不能复现原偏离度,False
2010-06-11,2.8784390080428954,SHIBOR_1W+利差调整,1.9976940080428955,1.1762876747095623,0,水平代理；不能复现原偏离度,False
2010-06-12,2.920039008042896,SHIBOR_1W+利差调整,2.016540674709562,1.1769470080428956,0,水平代理；不能复现原偏离度,False
2010-06-12,2.920039008042896,SHIBOR_1W+利差调整,2.016540674709562,1.1769470080428956,0,水平代理；不能复现原偏离度,False
2010-06-13,2.8325390080428954,SHIBOR_1W+利差调整,2.034220674709562,1.1776063413762288,0,水平代理；不能复现原偏离度,False
2010-06-13,2.8325390080428954,SHIBOR_1W+利差调整,2.034220674709562,1.1776063413762288,0,水平代理；不能复现原偏离度,False
2010-06-17,2.764239008042896,SHIBOR_1W+利差调整,2.051290674709562,1.178265674709562,0,水平代理；不能复现原偏离度,False
2010-06-17,2.7642390080428956,SHIBOR_1W+利差调整,2.051290674709562,1.1782656747095621,0,水平代理；不能复现原偏离度,False
2010-06-18,2.8350390080428958,SHIBOR_1W+利差调整,2.0697090080428957,1.1789250080428957,0,水平代理；不能复现原偏离度,False
2010-06-18,2.8350390080428953,SHIBOR_1W+利差调整,2.0697090080428953,1.1789250080428955,0,水平代理；不能复现原偏离度,False
2010-06-21,2.7934390080428955,SHIBOR_1W+利差调整,2.0877090080428955,1.1795843413762288,0,水平代理；不能复现原偏离度,False
2010-06-21,2.7934390080428955,SHIBOR_1W+利差调整,2.0877090080428955,1.1795843413762288,0,水平代理；不能复现原偏离度,False
2010-06-22,2.9724390080428957,SHIBOR_1W+利差调整,2.108810674709562,1.1802436747095622,0,水平代理；不能复现原偏离度,False
2010-06-22,2.9724390080428953,SHIBOR_1W+利差调整,2.108810674709562,1.1802436747095622,0,水平代理；不能复现原偏离度,False
2010-06-23,2.855039008042896,SHIBOR_1W+利差调整,2.127972341376229,1.1809030080428953,0,水平代理；不能复现原偏离度,False
2010-06-23,2.8550390080428953,SHIBOR_1W+利差调整,2.127972341376229,1.1809030080428953,0,水平代理；不能复现原偏离度,False
2010-06-24,3.0175390080428954,SHIBOR_1W+利差调整,2.149987341376229,1.1815623413762286,0,水平代理；不能复现原偏离度,False
2010-06-24,3.0175390080428954,SHIBOR_1W+利差调整,2.149987341376229,1.1815623413762286,0,水平代理；不能复现原偏离度,False
2010-06-25,3.292539008042896,SHIBOR_1W+利差调整,2.175255674709562,1.1818988413762286,0,水平代理；不能复现原偏离度,False
2010-06-25,3.2925390080428953,SHIBOR_1W+利差调整,2.175255674709562,1.1818988413762286,0,水平代理；不能复现原偏离度,False
2010-06-28,2.965939008042896,SHIBOR_1W+利差调整,2.195575674709562,1.1822353413762288,0,水平代理；不能复现原偏离度,False
2010-06-28,2.9659390080428953,SHIBOR_1W+利差调整,2.195575674709562,1.1822353413762288,0,水平代理；不能复现原偏离度,False
2010-06-29,3.016681124497992,SHIBOR_1W+利差调整,2.2169327911646586,1.182313957831325,0,水平代理；不能复现原偏离度,False
2010-06-29,3.016681124497992,SHIBOR_1W+利差调整,2.2169327911646586,1.182313957831325,0,水平代理；不能复现原偏离度,False
2010-06-30,2.765510695187166,SHIBOR_1W+利差调整,2.234152361853832,1.182480028520499,0,水平代理；不能复现原偏离度,False
2010-06-30,2.765510695187166,SHIBOR_1W+利差调整,2.234152361853832,1.182480028520499,0,水平代理；不能复现原偏离度,False
2010-07-01,2.800681124497992,SHIBOR_1W+利差调整,2.252031124497992,1.1829869578313252,0,水平代理；不能复现原偏离度,False
2010-07-01,2.800681124497992,SHIBOR_1W+利差调整,2.252031124497992,1.1829869578313252,0,水平代理；不能复现原偏离度,False
2010-07-02,2.7542106951871657,SHIBOR_1W+利差调整,2.2676040285204992,1.1831530285204992,0,水平代理；不能复现原偏离度,False
2010-07-02,2.7542106951871657,SHIBOR_1W+利差调整,2.2676040285204992,1.1831530285204992,0,水平代理；不能复现原偏离度,False
2010-07-05,2.7305390080428955,SHIBOR_1W+利差调整,2.2830956747095623,1.1839178413762288,0,水平代理；不能复现原偏离度,False
2010-07-05,2.7305390080428955,SHIBOR_1W+利差调整,2.2830956747095623,1.1839178413762288,0,水平代理；不能复现原偏离度,False
2010-07-06,2.8234390080428957,SHIBOR_1W+利差调整,2.299804008042896,1.184254341376229,0,水平代理；不能复现原偏离度,False
2010-07-06,2.8234390080428953,SHIBOR_1W+利差调整,2.2998040080428956,1.184254341376229,0,水平代理；不能复现原偏离度,False
2010-07-07,2.5952390080428955,SHIBOR_1W+利差调整,2.3131823413762285,1.184590841376229,0,水平代理；不能复现原偏离度,False
2010-07-07,2.5952390080428955,SHIBOR_1W+利差调整,2.3131823413762285,1.184590841376229,0,水平代理；不能复现原偏离度,False
2010-07-08,2.570039008042895,SHIBOR_1W+利差调整,2.3257440080428955,1.184927341376229,0,水平代理；不能复现原偏离度,False
2010-07-08,2.570039008042895,SHIBOR_1W+利差调整,2.3257440080428955,1.184927341376229,0,水平代理；不能复现原偏离度,False
2010-07-09,2.438539008042896,SHIBOR_1W+利差调整,2.336517341376229,1.1854415080428955,0,水平代理；不能复现原偏离度,False
2010-07-09,2.438539008042896,SHIBOR_1W+利差调整,2.336517341376229,1.1854415080428955,0,水平代理；不能复现原偏离度,False
2010-07-12,2.2134390080428954,SHIBOR_1W+利差调整,2.3430873413762283,1.185955674709562,0,水平代理；不能复现原偏离度,False
2010-07-12,2.2134390080428954,SHIBOR_1W+利差调整,2.3430873413762283,1.185955674709562,0,水平代理；不能复现原偏离度,False
2010-07-13,2.135939008042896,SHIBOR_1W+利差调整,2.3485106747095617,1.186469841376229,0,水平代理；不能复现原偏离度,False
2010-07-13,2.1359390080428957,SHIBOR_1W+利差调整,2.3485106747095617,1.186469841376229,0,水平代理；不能复现原偏离度,False
2010-07-14,1.9433390080428956,SHIBOR_1W+利差调整,2.3516223413762285,1.1869840080428955,0,水平代理；不能复现原偏离度,False
2010-07-14,1.9433390080428954,SHIBOR_1W+利差调整,2.3516223413762285,1.1869840080428955,0,水平代理；不能复现原偏离度,False
2010-07-15,2.008410695187166,SHIBOR_1W+利差调整,2.3549473618538324,1.1870698618538325,0,水平代理；不能复现原偏离度,False
2010-07-15,2.008410695187166,SHIBOR_1W+利差调整,2.3549473618538324,1.1870698618538325,0,水平代理；不能复现原偏离度,False
2010-07-16,2.006739008042896,SHIBOR_1W+利差调整,2.3586540080428957,1.188012341376229,0,水平代理；不能复现原偏离度,False
2010-07-16,2.0067390080428957,SHIBOR_1W+利差调整,2.3586540080428953,1.1880123413762287,0,水平代理；不能复现原偏离度,False
2010-07-19,1.996481124497992,SHIBOR_1W+利差调整,2.361902791164659,1.188268624497992,0,水平代理；不能复现原偏离度,False
2010-07-19,1.996481124497992,SHIBOR_1W+利差调整,2.361902791164659,1.188268624497992,0,水平代理；不能复现原偏离度,False
2010-07-20,1.965939008042896,SHIBOR_1W+利差调整,2.3646223413762284,1.189040674709562,0,水平代理；不能复现原偏离度,False
2010-07-20,1.965939008042896,SHIBOR_1W+利差调整,2.3646223413762284,1.189040674709562,0,水平代理；不能复现原偏离度,False
2010-07-21,1.992281124497992,SHIBOR_1W+利差调整,2.367676124497992,1.1892969578313255,0,水平代理；不能复现原偏离度,False
2010-07-21,1.992281124497992,SHIBOR_1W+利差调整,2.367676124497992,1.1892969578313255,0,水平代理；不能复现原偏离度,False
2010-07-22,1.8634390080428955,SHIBOR_1W+利差调整,2.369240674709562,1.1900690080428953,0,水平代理；不能复现原偏离度,False
2010-07-22,1.8634390080428955,SHIBOR_1W+利差调整,2.369240674709562,1.1900690080428953,0,水平代理；不能复现原偏离度,False
2010-07-23,1.927539008042896,SHIBOR_1W+利差调整,2.3719273413762285,1.190548674709562,0,水平代理；不能复现原偏离度,False
2010-07-23,1.927539008042896,SHIBOR_1W+利差调整,2.3719273413762285,1.190548674709562,0,水平代理；不能复现原偏离度,False
2010-07-26,1.8767390080428956,SHIBOR_1W+利差调整,2.3740523413762284,1.1910283413762286,0,水平代理；不能复现原偏离度,False
2010-07-26,1.8767390080428954,SHIBOR_1W+利差调整,2.3740523413762284,1.1910283413762286,0,水平代理；不能复现原偏离度,False
2010-07-27,1.8813390080428956,SHIBOR_1W+利差调整,2.376164008042896,1.1915080080428957,0,水平代理；不能复现原偏离度,False
2010-07-27,1.8813390080428953,SHIBOR_1W+利差调整,2.376164008042896,1.1915080080428955,0,水平代理；不能复现原偏离度,False
2010-07-28,1.8317390080428957,SHIBOR_1W+利差调整,2.3775523413762287,1.191987674709562,0,水平代理；不能复现原偏离度,False
2010-07-28,1.8317390080428955,SHIBOR_1W+利差调整,2.3775523413762287,1.1919876747095621,0,水平代理；不能复现原偏离度,False
2010-07-29,1.8350390080428955,SHIBOR_1W+利差调整,2.378219008042896,1.1924673413762288,0,水平代理；不能复现原偏离度,False
2010-07-29,1.8350390080428955,SHIBOR_1W+利差调整,2.378219008042896,1.1924673413762288,0,水平代理；不能复现原偏离度,False
2010-07-30,1.8292390080428955,SHIBOR_1W+利差调整,2.378225674709562,1.1929470080428954,0,水平代理；不能复现原偏离度,False
2010-07-30,1.8292390080428955,SHIBOR_1W+利差调整,2.378225674709562,1.1929470080428954,0,水平代理；不能复现原偏离度,False
2010-08-02,1.7892390080428957,SHIBOR_1W+利差调整,2.3772123413762287,1.193426674709562,0,水平代理；不能复现原偏离度,False
2010-08-02,1.7892390080428957,SHIBOR_1W+利差调整,2.3772123413762287,1.193426674709562,0,水平代理；不能复现原偏离度,False
2010-08-03,1.8255106951871656,SHIBOR_1W+利差调整,2.3764373618538324,1.1934780285204991,0,水平代理；不能复现原偏离度,False
2010-08-03,1.8255106951871656,SHIBOR_1W+利差调整,2.3764373618538324,1.1934780285204991,0,水平代理；不能复现原偏离度,False
2010-08-04,1.7769106951871658,SHIBOR_1W+利差调整,2.3752106951871657,1.1939576951871658,0,水平代理；不能复现原偏离度,False
2010-08-04,1.7769106951871658,SHIBOR_1W+利差调整,2.3752106951871657,1.1939576951871658,0,水平代理；不能复现原偏离度,False
2010-08-05,1.8338106951871656,SHIBOR_1W+利差调整,2.374710695187166,1.1944373618538324,0,水平代理；不能复现原偏离度,False
2010-08-05,1.8338106951871656,SHIBOR_1W+利差调整,2.374710695187166,1.1944373618538324,0,水平代理；不能复现原偏离度,False
2010-08-06,1.8467106951871657,SHIBOR_1W+利差调整,2.3742523618538325,1.1950063618538325,0,水平代理；不能复现原偏离度,False
2010-08-06,1.8467106951871657,SHIBOR_1W+利差调整,2.3742523618538325,1.1950063618538325,0,水平代理；不能复现原偏离度,False
2010-08-09,1.8380106951871653,SHIBOR_1W+利差调整,2.3733306951871658,1.1955753618538325,0,水平代理；不能复现原偏离度,False
2010-08-09,1.8380106951871653,SHIBOR_1W+利差调整,2.3733306951871658,1.1955753618538325,0,水平代理；不能复现原偏离度,False
2010-08-10,1.8780106951871656,SHIBOR_1W+利差调整,2.3732823618538323,1.1961443618538323,0,水平代理；不能复现原偏离度,False
2010-08-10,1.8780106951871656,SHIBOR_1W+利差调整,2.3732823618538323,1.1961443618538323,0,水平代理；不能复现原偏离度,False
2010-08-11,1.8531106951871656,SHIBOR_1W+利差调整,2.3727423618538324,1.1967133618538326,0,水平代理；不能复现原偏离度,False
2010-08-11,1.8531106951871656,SHIBOR_1W+利差调整,2.3727423618538324,1.1967133618538326,0,水平代理；不能复现原偏离度,False
2010-08-12,1.8730390080428956,SHIBOR_1W+利差调整,2.3724706747095623,1.197710674709562,0,水平代理；不能复现原偏离度,False
2010-08-12,1.8730390080428954,SHIBOR_1W+利差调整,2.3724706747095623,1.197710674709562,0,水平代理；不能复现原偏离度,False
2010-08-13,1.8811106951871657,SHIBOR_1W+利差调整,2.3710673618538327,1.197851361853833,0,水平代理；不能复现原偏离度,False
2010-08-13,1.8811106951871657,SHIBOR_1W+利差调整,2.3710673618538327,1.197851361853833,0,水平代理；不能复现原偏离度,False
2010-08-16,1.916739008042896,SHIBOR_1W+利差调整,2.370899008042896,1.198848674709562,0,水平代理；不能复现原偏离度,False
2010-08-16,1.916739008042896,SHIBOR_1W+利差调整,2.370899008042896,1.198848674709562,0,水平代理；不能复现原偏离度,False
2010-08-17,1.9342390080428955,SHIBOR_1W+利差调整,2.369607341376229,1.1994176747095622,0,水平代理；不能复现原偏离度,False
2010-08-17,1.9342390080428955,SHIBOR_1W+利差调整,2.369607341376229,1.1994176747095622,0,水平代理；不能复现原偏离度,False
2010-08-18,1.9192390080428956,SHIBOR_1W+利差调整,2.367037341376229,1.199986674709562,0,水平代理；不能复现原偏离度,False
2010-08-18,1.9192390080428954,SHIBOR_1W+利差调整,2.367037341376229,1.199986674709562,0,水平代理；不能复现原偏离度,False
2010-08-19,1.888539008042896,SHIBOR_1W+利差调整,2.3598656747095617,1.200555674709562,0,水平代理；不能复现原偏离度,False
2010-08-19,1.888539008042896,SHIBOR_1W+利差调整,2.3598656747095617,1.200555674709562,0,水平代理；不能复现原偏离度,False
2010-08-20,1.8915390080428955,SHIBOR_1W+利差调整,2.348667341376229,1.2012301747095622,0,水平代理；不能复现原偏离度,False
2010-08-20,1.8915390080428953,SHIBOR_1W+利差调整,2.348667341376229,1.2012301747095622,0,水平代理；不能复现原偏离度,False
2010-08-23,1.8755390080428955,SHIBOR_1W+利差调整,2.3376473413762286,1.201904674709562,0,水平代理；不能复现原偏离度,False
2010-08-23,1.8755390080428953,SHIBOR_1W+利差调整,2.3376473413762286,1.201904674709562,0,水平代理；不能复现原偏离度,False
2010-08-24,1.8967390080428956,SHIBOR_1W+利差调整,2.3250923413762283,1.2025791747095622,0,水平代理；不能复现原偏离度,False
2010-08-24,1.8967390080428954,SHIBOR_1W+利差调整,2.3250923413762283,1.2025791747095622,0,水平代理；不能复现原偏离度,False
2010-08-25,1.9128390080428956,SHIBOR_1W+利差调整,2.3011806747095624,1.203253674709562,0,水平代理；不能复现原偏离度,False
2010-08-25,1.9128390080428954,SHIBOR_1W+利差调整,2.3011806747095624,1.2032536747095621,0,水平代理；不能复现原偏离度,False
2010-08-26,1.9788390080428957,SHIBOR_1W+利差调整,2.2770556747095623,1.2039281747095625,0,水平代理；不能复现原偏离度,False
2010-08-26,1.9788390080428955,SHIBOR_1W+利差调整,2.2770556747095623,1.2039281747095623,0,水平代理；不能复现原偏离度,False
2010-08-27,2.360939008042896,SHIBOR_1W+利差调整,2.260715674709562,1.2046026747095622,0,水平代理；不能复现原偏离度,False
2010-08-27,2.3609390080428954,SHIBOR_1W+利差调整,2.260715674709562,1.2046026747095622,0,水平代理；不能复现原偏离度,False
2010-08-30,2.431739008042896,SHIBOR_1W+利差调整,2.262002341376229,1.2052771747095623,0,水平代理；不能复现原偏离度,False
2010-08-30,2.4317390080428956,SHIBOR_1W+利差调整,2.262002341376229,1.2052771747095623,0,水平代理；不能复现原偏离度,False
2010-08-31,3.095210695187166,SHIBOR_1W+利差调整,2.2788290285205,1.2055233618538328,0,水平代理；不能复现原偏离度,False
2010-08-31,3.095210695187166,SHIBOR_1W+利差调整,2.2788290285205,1.2055233618538328,0,水平代理；不能复现原偏离度,False
2010-09-01,3.1323390080428952,SHIBOR_1W+利差调整,2.2924123413762287,1.2066261747095623,0,水平代理；不能复现原偏离度,False
2010-09-01,3.1323390080428952,SHIBOR_1W+利差调整,2.2924123413762287,1.2066261747095623,0,水平代理；不能复现原偏离度,False
2010-09-02,2.6303390080428954,SHIBOR_1W+利差调整,2.296924008042895,1.2073006747095625,0,水平代理；不能复现原偏离度,False
2010-09-02,2.6303390080428954,SHIBOR_1W+利差调整,2.296924008042895,1.2073006747095623,0,水平代理；不能复现原偏离度,False
2010-09-03,2.4842390080428958,SHIBOR_1W+利差调整,2.294674008042896,1.207935841376229,0,水平代理；不能复现原偏离度,False
2010-09-03,2.4842390080428953,SHIBOR_1W+利差调整,2.294674008042896,1.207935841376229,0,水平代理；不能复现原偏离度,False
2010-09-06,2.3923390080428955,SHIBOR_1W+利差调整,2.2865723413762287,1.2085710080428955,0,水平代理；不能复现原偏离度,False
2010-09-06,2.3923390080428955,SHIBOR_1W+利差调整,2.2865723413762287,1.2085710080428955,0,水平代理；不能复现原偏离度,False
2010-09-07,2.402539008042895,SHIBOR_1W+利差调整,2.277947341376229,1.2092061747095624,0,水平代理；不能复现原偏离度,False
2010-09-07,2.402539008042895,SHIBOR_1W+利差调整,2.277947341376229,1.2092061747095624,0,水平代理；不能复现原偏离度,False
2010-09-08,2.380039008042896,SHIBOR_1W+利差调整,2.2704056747095627,1.209841341376229,0,水平代理；不能复现原偏离度,False
2010-09-08,2.380039008042896,SHIBOR_1W+利差调整,2.2704056747095627,1.209841341376229,0,水平代理；不能复现原偏离度,False
2010-09-09,2.433239008042896,SHIBOR_1W+利差调整,2.264889008042895,1.2104765080428956,0,水平代理；不能复现原偏离度,False
2010-09-09,2.433239008042896,SHIBOR_1W+利差调整,2.264889008042895,1.2104765080428956,0,水平代理；不能复现原偏离度,False
2010-09-10,2.4249390080428954,SHIBOR_1W+利差调整,2.258054008042896,1.2111116747095625,0,水平代理；不能复现原偏离度,False
2010-09-10,2.4249390080428954,SHIBOR_1W+利差调整,2.258054008042896,1.2111116747095625,0,水平代理；不能复现原偏离度,False
2010-09-13,2.5475390080428952,SHIBOR_1W+利差调整,2.253955674709562,1.211746841376229,0,水平代理；不能复现原偏离度,False
2010-09-13,2.5475390080428952,SHIBOR_1W+利差调整,2.253955674709562,1.211746841376229,0,水平代理；不能复现原偏离度,False
2010-09-14,2.5330390080428957,SHIBOR_1W+利差调整,2.2466323413762286,1.2123820080428955,0,水平代理；不能复现原偏离度,False
2010-09-14,2.5330390080428953,SHIBOR_1W+利差调整,2.2466323413762286,1.2123820080428955,0,水平代理；不能复现原偏离度,False
2010-09-15,2.383139008042896,SHIBOR_1W+利差调整,2.238767341376229,1.2130171747095622,0,水平代理；不能复现原偏离度,False
2010-09-15,2.383139008042896,SHIBOR_1W+利差调整,2.238767341376229,1.2130171747095622,0,水平代理；不能复现原偏离度,False
2010-09-16,2.6742390080428957,SHIBOR_1W+利差调整,2.233045674709562,1.2136523413762288,0,水平代理；不能复现原偏离度,False
2010-09-16,2.6742390080428953,SHIBOR_1W+利差调整,2.233045674709562,1.2136523413762288,0,水平代理；不能复现原偏离度,False
2010-09-17,2.181739008042896,SHIBOR_1W+利差调整,2.214532341376229,1.2149095080428955,0,水平代理；不能复现原偏离度,False
2010-09-17,2.1817390080428956,SHIBOR_1W+利差调整,2.214532341376229,1.2149095080428955,0,水平代理；不能复现原偏离度,False
2010-09-19,2.1415390080428955,SHIBOR_1W+利差调整,2.2007923413762285,1.216166674709562,0,水平代理；不能复现原偏离度,False
2010-09-19,2.1415390080428955,SHIBOR_1W+利差调整,2.2007923413762285,1.216166674709562,0,水平代理；不能复现原偏离度,False
2010-09-20,2.3900390080428955,SHIBOR_1W+利差调整,2.1903440080428958,1.2174238413762288,0,水平代理；不能复现原偏离度,False
2010-09-20,2.3900390080428955,SHIBOR_1W+利差调整,2.1903440080428953,1.2174238413762288,0,水平代理；不能复现原偏离度,False
2010-09-21,2.4600390080428958,SHIBOR_1W+利差调整,2.185245674709562,1.2186810080428954,0,水平代理；不能复现原偏离度,False
2010-09-21,2.4600390080428953,SHIBOR_1W+利差调整,2.185245674709562,1.2186810080428954,0,水平代理；不能复现原偏离度,False
2010-09-25,2.3976390080428955,SHIBOR_1W+利差调整,2.178524008042895,1.219938174709562,0,水平代理；不能复现原偏离度,False
2010-09-25,2.3976390080428955,SHIBOR_1W+利差调整,2.178524008042895,1.219938174709562,0,水平代理；不能复现原偏离度,False
2010-09-26,3.0434390080428955,SHIBOR_1W+利差调整,2.183337341376229,1.2211953413762286,0,水平代理；不能复现原偏离度,False
2010-09-26,3.0434390080428955,SHIBOR_1W+利差调整,2.183337341376229,1.2211953413762286,0,水平代理；不能复现原偏离度,False
2010-09-27,2.588881124497992,SHIBOR_1W+利差调整,2.180722791164659,1.2221946244979918,0,水平代理；不能复现原偏离度,False
2010-09-27,2.588881124497992,SHIBOR_1W+利差调整,2.180722791164659,1.2221946244979918,0,水平代理；不能复现原偏离度,False
2010-09-28,2.696939008042895,SHIBOR_1W+利差调整,2.1788723413762288,1.2237096747095622,0,水平代理；不能复现原偏离度,False
2010-09-28,2.696939008042895,SHIBOR_1W+利差调整,2.1788723413762288,1.2237096747095622,0,水平代理；不能复现原偏离度,False
2010-09-29,2.836739008042896,SHIBOR_1W+利差调整,2.1828973413762283,1.224966841376229,0,水平代理；不能复现原偏离度,False
2010-09-29,2.836739008042896,SHIBOR_1W+利差调整,2.1828973413762283,1.224966841376229,0,水平代理；不能复现原偏离度,False
2010-09-30,2.987539008042896,SHIBOR_1W+利差调整,2.189855674709562,1.2262240080428952,0,水平代理；不能复现原偏离度,False
2010-09-30,2.9875390080428956,SHIBOR_1W+利差调整,2.189855674709562,1.2262240080428952,0,水平代理；不能复现原偏离度,False
2010-10-08,2.8388106951871657,SHIBOR_1W+利差调整,2.196105695187166,1.2260606951871658,0,水平代理；不能复现原偏离度,False
2010-10-08,2.8388106951871657,SHIBOR_1W+利差调整,2.196105695187166,1.2260606951871658,0,水平代理；不能复现原偏离度,False
2010-10-09,2.0596390080428955,SHIBOR_1W+利差调整,2.1939706747095618,1.2267540080428954,0,水平代理；不能复现原偏离度,False
2010-10-09,2.0596390080428955,SHIBOR_1W+利差调整,2.1939706747095618,1.2267540080428954,0,水平代理；不能复现原偏离度,False
2010-10-11,2.102610695187166,SHIBOR_1W+利差调整,2.1929940285204994,1.2265906951871657,0,水平代理；不能复现原偏离度,False
2010-10-11,2.102610695187166,SHIBOR_1W+利差调整,2.1929940285204994,1.2265906951871657,0,水平代理；不能复现原偏离度,False
2010-10-12,2.049239008042896,SHIBOR_1W+利差调整,2.1951873413762284,1.2272840080428955,0,水平代理；不能复现原偏离度,False
2010-10-12,2.0492390080428957,SHIBOR_1W+利差调整,2.1951873413762284,1.2272840080428955,0,水平代理；不能复现原偏离度,False
2010-10-13,2.0592390080428955,SHIBOR_1W+利差调整,2.196027341376229,1.2275490080428957,0,水平代理；不能复现原偏离度,False
2010-10-13,2.0592390080428955,SHIBOR_1W+利差调整,2.196027341376229,1.2275490080428955,0,水平代理；不能复现原偏离度,False
2010-10-14,2.085039008042896,SHIBOR_1W+利差调整,2.197332341376229,1.2278140080428956,0,水平代理；不能复现原偏离度,False
2010-10-14,2.085039008042896,SHIBOR_1W+利差调整,2.197332341376229,1.2278140080428956,0,水平代理；不能复现原偏离度,False
2010-10-15,2.080939008042896,SHIBOR_1W+利差调整,2.198735674709562,1.2280790080428956,0,水平代理；不能复现原偏离度,False
2010-10-15,2.0809390080428956,SHIBOR_1W+利差调整,2.198735674709562,1.2280790080428956,0,水平代理；不能复现原偏离度,False
2010-10-18,2.0884106951871657,SHIBOR_1W+利差调整,2.2003556951871657,1.2279156951871657,0,水平代理；不能复现原偏离度,False
2010-10-18,2.0884106951871657,SHIBOR_1W+利差调整,2.2003556951871657,1.2279156951871657,0,水平代理；不能复现原偏离度,False
2010-10-19,2.058039008042896,SHIBOR_1W+利差调整,2.2018756747095622,1.2286090080428955,0,水平代理；不能复现原偏离度,False
2010-10-19,2.058039008042896,SHIBOR_1W+利差调整,2.2018756747095622,1.2286090080428955,0,水平代理；不能复现原偏离度,False
2010-10-20,2.1084390080428954,SHIBOR_1W+利差调整,2.2059590080428952,1.2288740080428957,0,水平代理；不能复现原偏离度,False
2010-10-20,2.1084390080428954,SHIBOR_1W+利差调整,2.2059590080428952,1.2288740080428957,0,水平代理；不能复现原偏离度,False
2010-10-21,2.080939008042896,SHIBOR_1W+利差调整,2.208515674709562,1.2303871747095625,0,水平代理；不能复现原偏离度,False
2010-10-21,2.0809390080428956,SHIBOR_1W+利差调整,2.208515674709562,1.2303871747095625,0,水平代理；不能复现原偏离度,False
2010-10-22,2.0825390080428954,SHIBOR_1W+利差调整,2.211945674709562,1.231900341376229,0,水平代理；不能复现原偏离度,False
2010-10-22,2.0825390080428954,SHIBOR_1W+利差调整,2.211945674709562,1.231900341376229,0,水平代理；不能复现原偏离度,False
2010-10-25,2.094239008042896,SHIBOR_1W+利差调整,2.215494008042896,1.2334135080428958,0,水平代理；不能复现原偏离度,False
2010-10-25,2.094239008042896,SHIBOR_1W+利差调整,2.215494008042896,1.2334135080428958,0,水平代理；不能复现原偏离度,False
2010-10-26,2.096739008042896,SHIBOR_1W+利差调整,2.219910674709562,1.2349266747095624,0,水平代理；不能复现原偏离度,False
2010-10-26,2.0967390080428956,SHIBOR_1W+利差调整,2.219910674709562,1.2349266747095624,0,水平代理；不能复现原偏离度,False
2010-10-27,2.1800390080428955,SHIBOR_1W+利差调整,2.225660674709562,1.236439841376229,0,水平代理；不能复现原偏离度,False
2010-10-27,2.1800390080428955,SHIBOR_1W+利差调整,2.225660674709562,1.236439841376229,0,水平代理；不能复现原偏离度,False
2010-10-28,2.1723390080428957,SHIBOR_1W+利差调整,2.2313790080428952,1.2379530080428958,0,水平代理；不能复现原偏离度,False
2010-10-28,2.1723390080428953,SHIBOR_1W+利差调整,2.2313790080428952,1.2379530080428958,0,水平代理；不能复现原偏离度,False
2010-10-29,2.1678390080428955,SHIBOR_1W+利差调整,2.2376890080428957,1.2394661747095623,0,水平代理；不能复现原偏离度,False
2010-10-29,2.1678390080428955,SHIBOR_1W+利差调整,2.2376890080428953,1.2394661747095623,0,水平代理；不能复现原偏离度,False
2010-11-01,2.143039008042896,SHIBOR_1W+利差调整,2.242974008042895,1.2409793413762291,0,水平代理；不能复现原偏离度,False
2010-11-01,2.1430390080428956,SHIBOR_1W+利差调整,2.242974008042895,1.2409793413762291,0,水平代理；不能复现原偏离度,False
2010-11-02,1.9671390080428957,SHIBOR_1W+利差调整,2.246137341376228,1.2424925080428957,0,水平代理；不能复现原偏离度,False
2010-11-02,1.9671390080428954,SHIBOR_1W+利差调整,2.2461373413762282,1.2424925080428957,0,水平代理；不能复现原偏离度,False
2010-11-03,1.9646106951871656,SHIBOR_1W+利差调整,2.247889028520499,1.2435773618538326,0,水平代理；不能复现原偏离度,False
2010-11-03,1.9646106951871656,SHIBOR_1W+利差调整,2.247889028520499,1.2435773618538326,0,水平代理；不能复现原偏离度,False
2010-11-04,1.9677390080428956,SHIBOR_1W+利差调整,2.2503273413762286,1.2440150080428956,0,水平代理；不能复现原偏离度,False
2010-11-04,1.9677390080428954,SHIBOR_1W+利差调整,2.2503273413762286,1.2440150080428956,0,水平代理；不能复现原偏离度,False
2010-11-05,1.7505390080428953,SHIBOR_1W+利差调整,2.248862341376229,1.2440243413762289,0,水平代理；不能复现原偏离度,False
2010-11-05,1.7505390080428953,SHIBOR_1W+利差调整,2.248862341376229,1.2440243413762289,0,水平代理；不能复现原偏离度,False
2010-11-08,1.7807390080428953,SHIBOR_1W+利差调整,2.2472340080428954,1.2440336747095622,0,水平代理；不能复现原偏离度,False
2010-11-08,1.7807390080428953,SHIBOR_1W+利差调整,2.2472340080428954,1.2440336747095622,0,水平代理；不能复现原偏离度,False
2010-11-09,1.7863390080428954,SHIBOR_1W+利差调整,2.246114008042896,1.2440430080428957,0,水平代理；不能复现原偏离度,False
2010-11-09,1.7863390080428954,SHIBOR_1W+利差调整,2.2461140080428956,1.2440430080428955,0,水平代理；不能复现原偏离度,False
2010-11-10,1.7811390080428957,SHIBOR_1W+利差调整,2.244582341376229,1.2440523413762288,0,水平代理；不能复现原偏离度,False
2010-11-10,1.7811390080428957,SHIBOR_1W+利差调整,2.244582341376229,1.2440523413762288,0,水平代理；不能复现原偏离度,False
2010-11-11,1.8196106951871656,SHIBOR_1W+利差调整,2.243129028520499,1.2436333618538329,0,水平代理；不能复现原偏离度,False
2010-11-11,1.8196106951871656,SHIBOR_1W+利差调整,2.243129028520499,1.2436333618538329,0,水平代理；不能复现原偏离度,False
2010-11-12,1.8375390080428955,SHIBOR_1W+利差调整,2.242237341376229,1.2440710080428954,0,水平代理；不能复现原偏离度,False
2010-11-12,1.8375390080428955,SHIBOR_1W+利差调整,2.242237341376229,1.2440710080428954,0,水平代理；不能复现原偏离度,False
2010-11-15,1.9299390080428955,SHIBOR_1W+利差调整,2.242165674709562,1.2440803413762287,0,水平代理；不能复现原偏离度,False
2010-11-15,1.9299390080428953,SHIBOR_1W+利差调整,2.242165674709562,1.2440803413762287,0,水平代理；不能复现原偏离度,False
2010-11-16,1.891239008042896,SHIBOR_1W+利差调整,2.241699008042896,1.244089674709562,0,水平代理；不能复现原偏离度,False
2010-11-16,1.891239008042896,SHIBOR_1W+利差调整,2.241699008042896,1.244089674709562,0,水平代理；不能复现原偏离度,False
2010-11-17,2.0617390080428954,SHIBOR_1W+利差调整,2.244585674709562,1.2440990080428953,0,水平代理；不能复现原偏离度,False
2010-11-17,2.0617390080428954,SHIBOR_1W+利差调整,2.244585674709562,1.2440990080428953,0,水平代理；不能复现原偏离度,False
2010-11-18,2.141339008042896,SHIBOR_1W+利差调整,2.248749008042896,1.245760841376229,0,水平代理；不能复现原偏离度,False
2010-11-18,2.141339008042896,SHIBOR_1W+利差调整,2.248749008042896,1.245760841376229,0,水平代理；不能复现原偏离度,False
2010-11-19,2.216757908847185,SHIBOR_1W+利差调整,2.254454575513852,1.2474415755138517,0,水平代理；不能复现原偏离度,False
2010-11-19,2.216757908847185,SHIBOR_1W+利差调整,2.254454575513852,1.2474415755138517,0,水平代理；不能复现原偏离度,False
2010-11-22,2.2959390080428954,SHIBOR_1W+利差调整,2.261089008042896,1.2490845080428956,0,水平代理；不能复现原偏离度,False
2010-11-22,2.2959390080428954,SHIBOR_1W+利差调整,2.261089008042896,1.2490845080428956,0,水平代理；不能复现原偏离度,False
2010-11-23,2.3660390080428955,SHIBOR_1W+利差调整,2.268642341376229,1.2507463413762288,0,水平代理；不能复现原偏离度,False
2010-11-23,2.3660390080428955,SHIBOR_1W+利差调整,2.268642341376229,1.2507463413762288,0,水平代理；不能复现原偏离度,False
2010-11-24,2.4730390080428952,SHIBOR_1W+利差调整,2.276879008042896,1.252408174709562,0,水平代理；不能复现原偏离度,False
2010-11-24,2.4730390080428952,SHIBOR_1W+利差调整,2.276879008042896,1.252408174709562,0,水平代理；不能复现原偏离度,False
2010-11-25,2.6259390080428955,SHIBOR_1W+利差调整,2.281295674709562,1.2540700080428957,0,水平代理；不能复现原偏离度,False
2010-11-25,2.6259390080428955,SHIBOR_1W+利差调整,2.281295674709562,1.2540700080428955,0,水平代理；不能复现原偏离度,False
2010-11-26,2.858181124497992,SHIBOR_1W+利差调整,2.288149457831325,1.2554739578313254,0,水平代理；不能复现原偏离度,False
2010-11-26,2.858181124497992,SHIBOR_1W+利差调整,2.288149457831325,1.2554739578313254,0,水平代理；不能复现原偏离度,False
2010-11-29,2.8180106951871657,SHIBOR_1W+利差调整,2.283359028520499,1.2569653618538328,0,水平代理；不能复现原偏离度,False
2010-11-29,2.8180106951871657,SHIBOR_1W+利差调整,2.283359028520499,1.2569653618538328,0,水平代理；不能复现原偏离度,False
2010-11-30,3.472781124497992,SHIBOR_1W+利差调整,2.2892077911646584,1.2587976244979922,0,水平代理；不能复现原偏离度,False
2010-11-30,3.472781124497992,SHIBOR_1W+利差调整,2.2892077911646584,1.2587976244979922,0,水平代理；不能复现原偏离度,False
2010-12-01,3.492110695187166,SHIBOR_1W+利差调整,2.3034073618538327,1.2602890285204993,0,水平代理；不能复现原偏离度,False
2010-12-01,3.492110695187166,SHIBOR_1W+利差调整,2.3034073618538327,1.2602890285204993,0,水平代理；不能复现原偏离度,False
2010-12-02,3.493410695187166,SHIBOR_1W+利差调整,2.3202340285204994,1.2603303618538326,0,水平代理；不能复现原偏离度,False
2010-12-02,3.493410695187166,SHIBOR_1W+利差调整,2.3202340285204994,1.2603303618538326,0,水平代理；不能复现原偏离度,False
2010-12-03,3.4792390080428954,SHIBOR_1W+利差调整,2.3387773413762285,1.2608000080428954,0,水平代理；不能复现原偏离度,False
2010-12-03,3.4792390080428954,SHIBOR_1W+利差调整,2.3387773413762285,1.2608000080428954,0,水平代理；不能复现原偏离度,False
2010-12-06,3.233839008042896,SHIBOR_1W+利差调整,2.352632341376229,1.2608413413762287,0,水平代理；不能复现原偏离度,False
2010-12-06,3.2338390080428954,SHIBOR_1W+利差调整,2.352632341376229,1.2608413413762287,0,水平代理；不能复现原偏离度,False
2010-12-07,2.354539008042896,SHIBOR_1W+利差调整,2.352207341376229,1.260882674709562,0,水平代理；不能复现原偏离度,False
2010-12-07,2.3545390080428956,SHIBOR_1W+利差调整,2.3522073413762286,1.260882674709562,0,水平代理；不能复现原偏离度,False
2010-12-08,2.6496390080428958,SHIBOR_1W+利差调整,2.3558140080428958,1.2609240080428954,0,水平代理；不能复现原偏离度,False
2010-12-08,2.6496390080428953,SHIBOR_1W+利差调整,2.3558140080428953,1.2609240080428954,0,水平代理；不能复现原偏离度,False
2010-12-09,2.6356390080428955,SHIBOR_1W+利差调整,2.359325674709562,1.260965341376229,0,水平代理；不能复现原偏离度,False
2010-12-09,2.6356390080428955,SHIBOR_1W+利差调整,2.359325674709562,1.260965341376229,0,水平代理；不能复现原偏离度,False
2010-12-10,2.639610695187166,SHIBOR_1W+利差调整,2.360439028520499,1.2605783618538329,0,水平代理；不能复现原偏离度,False
2010-12-10,2.639610695187166,SHIBOR_1W+利差调整,2.360439028520499,1.2605783618538329,0,水平代理；不能复现原偏离度,False
2010-12-13,2.699439008042896,SHIBOR_1W+利差调整,2.363640674709562,1.2610480080428956,0,水平代理；不能复现原偏离度,False
2010-12-13,2.6994390080428956,SHIBOR_1W+利差调整,2.363640674709562,1.2610480080428956,0,水平代理；不能复现原偏离度,False
2010-12-14,3.4421106951871656,SHIBOR_1W+利差调整,2.380869028520499,1.260661028520499,0,水平代理；不能复现原偏离度,False
2010-12-14,3.4421106951871656,SHIBOR_1W+利差调整,2.380869028520499,1.260661028520499,0,水平代理；不能复现原偏离度,False
2010-12-15,3.762110695187166,SHIBOR_1W+利差调整,2.399007361853833,1.2607023618538329,0,水平代理；不能复现原偏离度,False
2010-12-15,3.762110695187166,SHIBOR_1W+利差调整,2.399007361853833,1.2607023618538329,0,水平代理；不能复现原偏离度,False
2010-12-16,3.482539008042896,SHIBOR_1W+利差调整,2.4211156747095623,1.2623741747095625,0,水平代理；不能复现原偏离度,False
2010-12-16,3.482539008042896,SHIBOR_1W+利差调整,2.4211156747095623,1.2623741747095625,0,水平代理；不能复现原偏离度,False
2010-12-17,3.847281124497992,SHIBOR_1W+利差调整,2.449291124497992,1.2633597911646588,0,水平代理；不能复现原偏离度,False
2010-12-17,3.847281124497992,SHIBOR_1W+利差调整,2.449291124497992,1.2633597911646588,0,水平代理；不能复现原偏离度,False
2010-12-20,3.649239008042896,SHIBOR_1W+利差调整,2.470535674709562,1.2648611747095624,0,水平代理；不能复现原偏离度,False
2010-12-20,3.649239008042896,SHIBOR_1W+利差调整,2.470535674709562,1.2648611747095624,0,水平代理；不能复现原偏离度,False
2010-12-21,4.226739008042896,SHIBOR_1W+利差调整,2.4999806747095623,1.2661046747095623,0,水平代理；不能复现原偏离度,False
2010-12-21,4.226739008042896,SHIBOR_1W+利差调整,2.4999806747095623,1.2661046747095623,0,水平代理；不能复现原偏离度,False
2010-12-22,4.305039008042895,SHIBOR_1W+利差调整,2.531770674709562,1.267348174709562,0,水平代理；不能复现原偏离度,False
2010-12-22,4.305039008042895,SHIBOR_1W+利差调整,2.531770674709562,1.267348174709562,0,水平代理；不能复现原偏离度,False
2010-12-23,5.808439008042895,SHIBOR_1W+利差调整,2.577854008042896,1.2685916747095622,0,水平代理；不能复现原偏离度,False
2010-12-23,5.808439008042895,SHIBOR_1W+利差调整,2.5778540080428956,1.2685916747095622,0,水平代理；不能复现原偏离度,False
2010-12-24,5.077281124497992,SHIBOR_1W+利差调整,2.619069457831325,1.2695772911646588,0,水平代理；不能复现原偏离度,False
2010-12-24,5.077281124497992,SHIBOR_1W+利差调整,2.619069457831325,1.2695772911646588,0,水平代理；不能复现原偏离度,False
2010-12-27,5.444781124497992,SHIBOR_1W+利差调整,2.664871124497992,1.2708207911646587,0,水平代理；不能复现原偏离度,False
2010-12-27,5.444781124497992,SHIBOR_1W+利差调整,2.664871124497992,1.2708207911646587,0,水平代理；不能复现原偏离度,False
2010-12-28,5.908581124497992,SHIBOR_1W+利差调整,2.7160727911646587,1.2720642911646587,0,水平代理；不能复现原偏离度,False
2010-12-28,5.908581124497992,SHIBOR_1W+利差调整,2.7160727911646587,1.2720642911646587,0,水平代理；不能复现原偏离度,False
2010-12-29,6.202610695187167,SHIBOR_1W+利差调整,2.769494028520499,1.2731373618538326,0,水平代理；不能复现原偏离度,False
2010-12-29,6.202610695187167,SHIBOR_1W+利差调整,2.769494028520499,1.2731373618538326,0,水平代理；不能复现原偏离度,False
2010-12-30,6.432039008042896,SHIBOR_1W+利差调整,2.829802341376229,1.2740365080428957,0,水平代理；不能复现原偏离度,False
2010-12-30,6.432039008042896,SHIBOR_1W+利差调整,2.829802341376229,1.2740365080428957,0,水平代理；不能复现原偏离度,False
2010-12-31,6.533439008042896,SHIBOR_1W+利差调整,2.9043656747095623,1.274507341376229,0,水平代理；不能复现原偏离度,False
2010-12-31,6.533439008042896,SHIBOR_1W+利差调整,2.9043656747095623,1.274507341376229,0,水平代理；不能复现原偏离度,False
2011-01-04,4.457539008042896,SHIBOR_1W+利差调整,2.9436073413762287,1.274978174709562,0,水平代理；不能复现原偏离度,False
2011-01-04,4.457539008042896,SHIBOR_1W+利差调整,2.9436073413762287,1.274978174709562,0,水平代理；不能复现原偏离度,False
2011-01-05,3.3659390080428957,SHIBOR_1W+利差调整,2.965552341376229,1.2754490080428955,0,水平代理；不能复现原偏离度,False
2011-01-05,3.3659390080428953,SHIBOR_1W+利差调整,2.965552341376229,1.2754490080428955,0,水平代理；不能复现原偏离度,False
2011-01-06,3.3034390080428957,SHIBOR_1W+利差调整,2.9862890080428954,1.2759198413762287,0,水平代理；不能复现原偏离度,False
2011-01-06,3.3034390080428953,SHIBOR_1W+利差调整,2.9862890080428954,1.2759198413762287,0,水平代理；不能复现原偏离度,False
2011-01-07,2.9459106951871656,SHIBOR_1W+利差调整,3.000215695187165,1.2759623618538325,0,水平代理；不能复现原偏离度,False
2011-01-07,2.9459106951871656,SHIBOR_1W+利差调整,3.000215695187165,1.2759623618538325,0,水平代理；不能复现原偏离度,False
2011-01-10,2.518810695187166,SHIBOR_1W+利差调整,3.007520695187166,1.2764331951871657,0,水平代理；不能复现原偏离度,False
2011-01-10,2.518810695187166,SHIBOR_1W+利差调整,3.007520695187166,1.2764331951871657,0,水平代理；不能复现原偏离度,False
2011-01-11,2.5842390080428954,SHIBOR_1W+利差调整,3.0162056747095622,1.2773323413762288,0,水平代理；不能复现原偏离度,False
2011-01-11,2.5842390080428954,SHIBOR_1W+利差调整,3.0162056747095622,1.2773323413762288,0,水平代理；不能复现原偏离度,False
2011-01-12,2.631610695187166,SHIBOR_1W+利差调整,3.0253440285205,1.2773748618538323,0,水平代理；不能复现原偏离度,False
2011-01-12,2.631610695187166,SHIBOR_1W+利差调整,3.0253440285205,1.2773748618538323,0,水平代理；不能复现原偏离度,False
2011-01-13,2.4542390080428955,SHIBOR_1W+利差调整,3.031535674709562,1.2782740080428954,0,水平代理；不能复现原偏离度,False
2011-01-13,2.4542390080428955,SHIBOR_1W+利差调整,3.031535674709562,1.2782740080428954,0,水平代理；不能复现原偏离度,False
2011-01-14,2.6925390080428957,SHIBOR_1W+利差调整,3.041729008042896,1.2789045080428951,0,水平代理；不能复现原偏离度,False
2011-01-14,2.6925390080428953,SHIBOR_1W+利差调整,3.0417290080428954,1.2789045080428953,0,水平代理；不能复现原偏离度,False
2011-01-17,2.7180390080428958,SHIBOR_1W+利差调整,3.052320674709562,1.279535008042895,0,水平代理；不能复现原偏离度,False
2011-01-17,2.7180390080428953,SHIBOR_1W+利差调整,3.052320674709562,1.2795350080428953,0,水平代理；不能复现原偏离度,False
2011-01-18,2.9142390080428955,SHIBOR_1W+利差调整,3.065987341376229,1.2801655080428955,0,水平代理；不能复现原偏离度,False
2011-01-18,2.9142390080428955,SHIBOR_1W+利差调整,3.065987341376229,1.2801655080428955,0,水平代理；不能复现原偏离度,False
2011-01-19,4.205539008042895,SHIBOR_1W+利差调整,3.101134008042896,1.2807960080428955,0,水平代理；不能复现原偏离度,False
2011-01-19,4.205539008042895,SHIBOR_1W+利差调整,3.1011340080428957,1.2807960080428955,0,水平代理；不能复现原偏离度,False
2011-01-20,6.223010695187166,SHIBOR_1W+利差调整,3.168095695187166,1.2809981951871656,0,水平代理；不能复现原偏离度,False
2011-01-20,6.223010695187166,SHIBOR_1W+利差调整,3.168095695187166,1.2809981951871656,0,水平代理；不能复现原偏离度,False
2011-01-21,7.467281124497992,SHIBOR_1W+利差调整,3.256519457831325,1.281799124497992,0,水平代理；不能复现原偏离度,False
2011-01-21,7.467281124497992,SHIBOR_1W+利差调整,3.256519457831325,1.281799124497992,0,水平代理；不能复现原偏离度,False
2011-01-24,5.570939008042895,SHIBOR_1W+利差调整,3.313495674709562,1.2826875080428954,0,水平代理；不能复现原偏离度,False
2011-01-24,5.570939008042895,SHIBOR_1W+利差调整,3.313495674709562,1.2826875080428954,0,水平代理；不能复现原偏离度,False
2011-01-25,7.849781124497992,SHIBOR_1W+利差调整,3.408354457831325,1.283060124497992,0,水平代理；不能复现原偏离度,False
2011-01-25,7.849781124497992,SHIBOR_1W+利差调整,3.408354457831325,1.283060124497992,0,水平代理；不能复现原偏离度,False
2011-01-26,8.019239008042895,SHIBOR_1W+利差调整,3.5094806747095624,1.2839485080428956,0,水平代理；不能复现原偏离度,False
2011-01-26,8.019239008042895,SHIBOR_1W+利差调整,3.5094806747095624,1.2839485080428956,0,水平代理；不能复现原偏离度,False
2011-01-27,8.552539008042896,SHIBOR_1W+利差调整,3.619272341376229,1.2845790080428956,0,水平代理；不能复现原偏离度,False
2011-01-27,8.552539008042896,SHIBOR_1W+利差调整,3.619272341376229,1.2845790080428956,0,水平代理；不能复现原偏离度,False
2011-01-28,8.335039008042896,SHIBOR_1W+利差调整,3.725394008042896,1.285608841376229,0,水平代理；不能复现原偏离度,False
2011-01-28,8.335039008042896,SHIBOR_1W+利差调整,3.7253940080428958,1.285608841376229,0,水平代理；不能复现原偏离度,False
2011-01-30,8.658010695187166,SHIBOR_1W+利差调整,3.8400973618538328,1.2862103618538323,0,水平代理；不能复现原偏离度,False
2011-01-30,8.658010695187166,SHIBOR_1W+利差调整,3.8400973618538328,1.2862103618538323,0,水平代理；不能复现原偏离度,False
2011-01-31,8.365939008042897,SHIBOR_1W+利差调整,3.950279008042896,1.2876685080428958,0,水平代理；不能复现原偏离度,False
2011-01-31,8.365939008042897,SHIBOR_1W+利差调整,3.950279008042896,1.2876685080428958,0,水平代理；不能复现原偏离度,False
2011-02-01,3.515939008042896,SHIBOR_1W+利差调整,3.979105674709562,1.288698341376229,0,水平代理；不能复现原偏离度,False
2011-02-01,3.5159390080428956,SHIBOR_1W+利差调整,3.979105674709562,1.288698341376229,0,水平代理；不能复现原偏离度,False
2011-02-09,4.237039008042896,SHIBOR_1W+利差调整,4.020037341376229,1.289728174709562,0,水平代理；不能复现原偏离度,False
2011-02-09,4.2370390080428955,SHIBOR_1W+利差调整,4.020037341376229,1.2897281747095621,0,水平代理；不能复现原偏离度,False
2011-02-10,4.118439008042896,SHIBOR_1W+利差调整,4.058344008042895,1.2907580080428958,0,水平代理；不能复现原偏离度,False
2011-02-10,4.118439008042896,SHIBOR_1W+利差调整,4.058344008042895,1.2907580080428958,0,水平代理；不能复现原偏离度,False
2011-02-11,4.117739008042896,SHIBOR_1W+利差调整,4.096347341376229,1.291787841376229,0,水平代理；不能复现原偏离度,False
2011-02-11,4.1177390080428955,SHIBOR_1W+利差调整,4.096347341376229,1.291787841376229,0,水平代理；不能复现原偏离度,False
2011-02-12,2.7875106951871658,SHIBOR_1W+利差调整,4.1102190285205,1.292389361853833,0,水平代理；不能复现原偏离度,False
2011-02-12,2.7875106951871658,SHIBOR_1W+利差调整,4.1102190285205,1.292389361853833,0,水平代理；不能复现原偏离度,False
2011-02-14,2.853010695187166,SHIBOR_1W+利差调整,4.126255695187166,1.293419195187166,0,水平代理；不能复现原偏离度,False
2011-02-14,2.853010695187166,SHIBOR_1W+利差调整,4.126255695187166,1.293419195187166,0,水平代理；不能复现原偏离度,False
2011-02-15,2.7708106951871656,SHIBOR_1W+利差调整,4.138080695187166,1.2944490285204993,0,水平代理；不能复现原偏离度,False
2011-02-15,2.7708106951871656,SHIBOR_1W+利差调整,4.138080695187166,1.2944490285204993,0,水平代理；不能复现原偏离度,False
2011-02-16,2.7349390080428955,SHIBOR_1W+利差调整,4.1484023413762285,1.2949190080428956,0,水平代理；不能复现原偏离度,False
2011-02-16,2.7349390080428955,SHIBOR_1W+利差调整,4.1484023413762285,1.2949190080428956,0,水平代理；不能复现原偏离度,False
2011-02-17,3.0717390080428952,SHIBOR_1W+利差调整,4.162652341376228,1.294960674709562,0,水平代理；不能复现原偏离度,False
2011-02-17,3.0717390080428952,SHIBOR_1W+利差调整,4.162652341376228,1.294960674709562,0,水平代理；不能复现原偏离度,False
2011-02-18,2.941639008042896,SHIBOR_1W+利差调整,4.173414008042895,1.2950023413762288,0,水平代理；不能复现原偏离度,False
2011-02-18,2.9416390080428956,SHIBOR_1W+利差调整,4.173414008042895,1.2950023413762288,0,水平代理；不能复现原偏离度,False
2011-02-21,6.240939008042895,SHIBOR_1W+利差调整,4.237995674709562,1.2950440080428955,0,水平代理；不能复现原偏离度,False
2011-02-21,6.240939008042895,SHIBOR_1W+利差调整,4.237995674709562,1.2950440080428955,0,水平代理；不能复现原偏离度,False
2011-02-22,6.399610695187167,SHIBOR_1W+利差调整,4.303017361853833,1.2946573618538326,0,水平代理；不能复现原偏离度,False
2011-02-22,6.399610695187167,SHIBOR_1W+利差调整,4.303017361853833,1.2946573618538326,0,水平代理；不能复现原偏离度,False
2011-02-23,6.349610695187166,SHIBOR_1W+利差调整,4.365085695187165,1.2946990285204991,0,水平代理；不能复现原偏离度,False
2011-02-23,6.349610695187166,SHIBOR_1W+利差调整,4.365085695187165,1.2946990285204991,0,水平代理；不能复现原偏离度,False
2011-02-24,3.593039008042896,SHIBOR_1W+利差调整,4.3777573413762285,1.2951690080428957,0,水平代理；不能复现原偏离度,False
2011-02-24,3.593039008042896,SHIBOR_1W+利差调整,4.3777573413762285,1.2951690080428957,0,水平代理；不能复现原偏离度,False
2011-02-25,3.2959390080428954,SHIBOR_1W+利差调整,4.385715674709562,1.2952106747095622,0,水平代理；不能复现原偏离度,False
2011-02-25,3.2959390080428954,SHIBOR_1W+利差调整,4.385715674709562,1.2952106747095622,0,水平代理；不能复现原偏离度,False
2011-02-28,3.143439008042896,SHIBOR_1W+利差调整,4.3802223413762285,1.295252341376229,0,水平代理；不能复现原偏离度,False
2011-02-28,3.143439008042896,SHIBOR_1W+利差调整,4.3802223413762285,1.295252341376229,0,水平代理；不能复现原偏离度,False
2011-03-01,3.1425390080428954,SHIBOR_1W+利差调整,4.374389008042895,1.2952940080428954,0,水平代理；不能复现原偏离度,False
2011-03-01,3.1425390080428954,SHIBOR_1W+利差调整,4.374389008042895,1.2952940080428954,0,水平代理；不能复现原偏离度,False
2011-03-02,3.140681124497992,SHIBOR_1W+利差调整,4.368249457831325,1.2959472911646586,0,水平代理；不能复现原偏离度,False
2011-03-02,3.140681124497992,SHIBOR_1W+利差调整,4.368249457831325,1.2959472911646586,0,水平代理；不能复现原偏离度,False
2011-03-03,2.585681124497992,SHIBOR_1W+利差调整,4.353361124497992,1.2968584578313251,0,水平代理；不能复现原偏离度,False
2011-03-03,2.585681124497992,SHIBOR_1W+利差调整,4.353361124497992,1.2968584578313251,0,水平代理；不能复现原偏离度,False
2011-03-04,2.3559390080428955,SHIBOR_1W+利差调整,4.338987341376229,1.2980275080428956,0,水平代理；不能复现原偏离度,False
2011-03-04,2.3559390080428955,SHIBOR_1W+利差调整,4.338987341376229,1.2980275080428956,0,水平代理；不能复现原偏离度,False
2011-03-07,2.3093106951871656,SHIBOR_1W+利差调整,4.337812361853833,1.2985103618538325,0,水平代理；不能复现原偏离度,False
2011-03-07,2.3093106951871656,SHIBOR_1W+利差调整,4.337812361853833,1.2985103618538325,0,水平代理；不能复现原偏离度,False
2011-03-08,2.3500390080428954,SHIBOR_1W+利差调整,4.33324734137623,1.2998498413762287,0,水平代理；不能复现原偏离度,False
2011-03-08,2.3500390080428954,SHIBOR_1W+利差调整,4.33324734137623,1.2998498413762287,0,水平代理；不能复现原偏离度,False
2011-03-09,2.2976106951871658,SHIBOR_1W+利差调整,4.327192361853832,1.300332695187166,0,水平代理；不能复现原偏离度,False
2011-03-09,2.2976106951871658,SHIBOR_1W+利差调整,4.327192361853832,1.300332695187166,0,水平代理；不能复现原偏离度,False
2011-03-10,2.4038106951871656,SHIBOR_1W+利差调整,4.323262361853833,1.3012438618538325,0,水平代理；不能复现原偏离度,False
2011-03-10,2.4038106951871656,SHIBOR_1W+利差调整,4.323262361853833,1.3012438618538325,0,水平代理；不能复现原偏离度,False
2011-03-11,2.197539008042896,SHIBOR_1W+利差调整,4.315325674709562,1.3025833413762289,0,水平代理；不能复现原偏离度,False
2011-03-11,2.1975390080428956,SHIBOR_1W+利差调整,4.315325674709562,1.3025833413762289,0,水平代理；不能复现原偏离度,False
2011-03-14,2.193439008042896,SHIBOR_1W+利差调整,4.294507341376229,1.3034945080428957,0,水平代理；不能复现原偏离度,False
2011-03-14,2.1934390080428954,SHIBOR_1W+利差调整,4.294507341376229,1.3034945080428957,0,水平代理；不能复现原偏离度,False
2011-03-15,2.138439008042896,SHIBOR_1W+利差调整,4.267439008042896,1.3044056747095625,0,水平代理；不能复现原偏离度,False
2011-03-15,2.1384390080428957,SHIBOR_1W+利差调整,4.267439008042896,1.3044056747095623,0,水平代理；不能复现原偏离度,False
2011-03-16,2.1400390080428955,SHIBOR_1W+利差调整,4.245064008042895,1.3052076747095622,0,水平代理；不能复现原偏离度,False
2011-03-16,2.1400390080428955,SHIBOR_1W+利差调整,4.245064008042895,1.3052076747095622,0,水平代理；不能复现原偏离度,False
2011-03-17,2.1450390080428954,SHIBOR_1W+利差调整,4.216689008042895,1.3060096747095622,0,水平代理；不能复现原偏离度,False
2011-03-17,2.1450390080428954,SHIBOR_1W+利差调整,4.216689008042895,1.3060096747095622,0,水平代理；不能复现原偏离度,False
2011-03-18,2.143439008042896,SHIBOR_1W+利差调整,4.191592341376229,1.3068116747095624,0,水平代理；不能复现原偏离度,False
2011-03-18,2.143439008042896,SHIBOR_1W+利差调整,4.191592341376229,1.3068116747095624,0,水平代理；不能复现原偏离度,False
2011-03-21,3.1067390080428954,SHIBOR_1W+利差调整,4.172925674709562,1.3076136747095624,0,水平代理；不能复现原偏离度,False
2011-03-21,3.1067390080428954,SHIBOR_1W+利差调整,4.172925674709562,1.3076136747095624,0,水平代理；不能复现原偏离度,False
2011-03-22,2.974781124497992,SHIBOR_1W+利差调整,4.150501124497992,1.3081577911646587,0,水平代理；不能复现原偏离度,False
2011-03-22,2.974781124497992,SHIBOR_1W+利差调整,4.150501124497992,1.3081577911646587,0,水平代理；不能复现原偏离度,False
2011-03-23,2.8596106951871656,SHIBOR_1W+利差调整,4.101190695187166,1.3087893618538329,0,水平代理；不能复现原偏离度,False
2011-03-23,2.8596106951871656,SHIBOR_1W+利差调整,4.101190695187166,1.3087893618538329,0,水平代理；不能复现原偏离度,False
2011-03-24,2.846739008042896,SHIBOR_1W+利差调整,4.064439008042895,1.3100196747095625,0,水平代理；不能复现原偏离度,False
2011-03-24,2.846739008042896,SHIBOR_1W+利差调整,4.064439008042895,1.3100196747095625,0,水平代理；不能复现原偏离度,False
2011-03-25,2.380939008042896,SHIBOR_1W+利差调整,4.013370674709562,1.3108216747095622,0,水平代理；不能复现原偏离度,False
2011-03-25,2.380939008042896,SHIBOR_1W+利差调整,4.013370674709562,1.3108216747095622,0,水平代理；不能复现原偏离度,False
2011-03-28,2.4525390080428955,SHIBOR_1W+利差调整,3.955765674709562,1.3116236747095622,0,水平代理；不能复现原偏离度,False
2011-03-28,2.4525390080428955,SHIBOR_1W+利差调整,3.955765674709562,1.3116236747095622,0,水平代理；不能复现原偏离度,False
2011-03-29,2.2309390080428955,SHIBOR_1W+利差调整,3.8895640080428953,1.3124256747095622,0,水平代理；不能复现原偏离度,False
2011-03-29,2.2309390080428955,SHIBOR_1W+利差调整,3.8895640080428953,1.3124256747095622,0,水平代理；不能复现原偏离度,False
2011-03-30,2.7538390080428954,SHIBOR_1W+利差调整,3.828260674709562,1.3128160080428954,0,水平代理；不能复现原偏离度,False
2011-03-30,2.7538390080428954,SHIBOR_1W+利差调整,3.828260674709562,1.3128160080428954,0,水平代理；不能复现原偏离度,False
2011-03-31,2.965039008042895,SHIBOR_1W+利差调整,3.7687873413762287,1.313206341376229,0,水平代理；不能复现原偏离度,False
2011-03-31,2.965039008042895,SHIBOR_1W+利差调整,3.7687873413762287,1.313206341376229,0,水平代理；不能复现原偏离度,False
2011-04-01,2.928839008042895,SHIBOR_1W+利差调整,3.7433090080428952,1.3135966747095622,0,水平代理；不能复现原偏离度,False
2011-04-01,2.928839008042895,SHIBOR_1W+利差调整,3.7433090080428952,1.3135966747095622,0,水平代理；不能复现原偏离度,False
2011-04-02,2.425039008042896,SHIBOR_1W+利差调整,3.7276273413762286,1.3139870080428957,0,水平代理；不能复现原偏离度,False
2011-04-02,2.4250390080428956,SHIBOR_1W+利差调整,3.7276273413762286,1.3139870080428955,0,水平代理；不能复现原偏离度,False
2011-04-06,2.5350390080428955,SHIBOR_1W+利差调整,3.714820674709562,1.314377341376229,0,水平代理；不能复现原偏离度,False
2011-04-06,2.5350390080428955,SHIBOR_1W+利差调整,3.714820674709562,1.314377341376229,0,水平代理；不能复现原偏离度,False
2011-04-07,2.2092390080428954,SHIBOR_1W+利差调整,3.7025356747095617,1.3147676747095622,0,水平代理；不能复现原偏离度,False
2011-04-07,2.2092390080428954,SHIBOR_1W+利差调整,3.7025356747095617,1.3147676747095622,0,水平代理；不能复现原偏离度,False
2011-04-08,2.615681124497992,SHIBOR_1W+利差调整,3.703889457831325,1.314900124497992,0,水平代理；不能复现原偏离度,False
2011-04-08,2.615681124497992,SHIBOR_1W+利差调整,3.703889457831325,1.314900124497992,0,水平代理；不能复现原偏离度,False
2011-04-11,2.140539008042896,SHIBOR_1W+利差调整,3.696752341376228,1.315548341376229,0,水平代理；不能复现原偏离度,False
2011-04-11,2.1405390080428957,SHIBOR_1W+利差调整,3.696752341376228,1.315548341376229,0,水平代理；不能复现原偏离度,False
2011-04-12,2.098439008042896,SHIBOR_1W+利差调整,3.6878590080428952,1.3159386747095625,0,水平代理；不能复现原偏离度,False
2011-04-12,2.098439008042896,SHIBOR_1W+利差调整,3.6878590080428952,1.3159386747095625,0,水平代理；不能复现原偏离度,False
2011-04-13,2.112539008042896,SHIBOR_1W+利差调整,3.682164008042896,1.3163290080428955,0,水平代理；不能复现原偏离度,False
2011-04-13,2.112539008042896,SHIBOR_1W+利差调整,3.682164008042896,1.3163290080428955,0,水平代理；不能复现原偏离度,False
2011-04-14,2.5249390080428955,SHIBOR_1W+利差调整,3.679370674709562,1.3178685080428956,0,水平代理；不能复现原偏离度,False
2011-04-14,2.5249390080428955,SHIBOR_1W+利差调整,3.679370674709562,1.3178685080428956,0,水平代理；不能复现原偏离度,False
2011-04-15,2.498039008042896,SHIBOR_1W+利差调整,3.6757040080428953,1.3194080080428956,0,水平代理；不能复现原偏离度,False
2011-04-15,2.4980390080428956,SHIBOR_1W+利差调整,3.6757040080428953,1.3194080080428956,0,水平代理；不能复现原偏离度,False
2011-04-18,2.8417390080428957,SHIBOR_1W+利差调整,3.6744956747095614,1.3209475080428956,0,水平代理；不能复现原偏离度,False
2011-04-18,2.8417390080428953,SHIBOR_1W+利差调整,3.6744956747095623,1.3209475080428956,0,水平代理；不能复现原偏离度,False
2011-04-19,3.1065390080428954,SHIBOR_1W+利差调整,3.656179008042896,1.3224870080428957,0,水平代理；不能复现原偏离度,False
2011-04-19,3.1065390080428954,SHIBOR_1W+利差调整,3.6561790080428955,1.3224870080428957,0,水平代理；不能复现原偏离度,False
2011-04-20,3.1459390080428955,SHIBOR_1W+利差调整,3.604887341376229,1.3240265080428957,0,水平代理；不能复现原偏离度,False
2011-04-20,3.1459390080428955,SHIBOR_1W+利差调整,3.604887341376229,1.3240265080428957,0,水平代理；不能复现原偏离度,False
2011-04-21,4.074239008042896,SHIBOR_1W+利差调整,3.548332341376229,1.3255660080428957,0,水平代理；不能复现原偏离度,False
2011-04-21,4.074239008042896,SHIBOR_1W+利差调整,3.548332341376229,1.3255660080428957,0,水平代理；不能复现原偏离度,False
2011-04-22,3.6963390080428953,SHIBOR_1W+利差调整,3.517089008042896,1.3271055080428955,0,水平代理；不能复现原偏离度,False
2011-04-22,3.6963390080428953,SHIBOR_1W+利差调整,3.5170890080428956,1.3271055080428955,0,水平代理；不能复现原偏离度,False
2011-04-25,4.200939008042895,SHIBOR_1W+利差调整,3.4562706747095624,1.3286450080428955,0,水平代理；不能复现原偏离度,False
2011-04-25,4.200939008042895,SHIBOR_1W+利差调整,3.4562706747095624,1.3286450080428955,0,水平代理；不能复现原偏离度,False
2011-04-26,4.574239008042896,SHIBOR_1W+利差调整,3.398854008042896,1.3301845080428956,0,水平代理；不能复现原偏离度,False
2011-04-26,4.574239008042896,SHIBOR_1W+利差调整,3.3988540080428957,1.3301845080428956,0,水平代理；不能复现原偏离度,False
2011-04-27,3.8996106951871656,SHIBOR_1W+利差调整,3.3208840285205,1.3312956951871655,0,水平代理；不能复现原偏离度,False
2011-04-27,3.8996106951871656,SHIBOR_1W+利差调整,3.3208840285205,1.3312956951871655,0,水平代理；不能复现原偏离度,False
2011-04-28,3.1859390080428955,SHIBOR_1W+利差调整,3.235494008042896,1.3318535080428957,0,水平代理；不能复现原偏离度,False
2011-04-28,3.1859390080428955,SHIBOR_1W+利差调整,3.2354940080428958,1.3318535080428955,0,水平代理；不能复现原偏离度,False
2011-04-29,3.0870045576407508,SHIBOR_1W+利差调整,3.142897890974084,1.3322485576407506,0,水平代理；不能复现原偏离度,False
2011-04-29,3.0870045576407508,SHIBOR_1W+利差调整,3.142897890974084,1.3322485576407506,0,水平代理；不能复现原偏离度,False
2011-05-03,3.0959390080428952,SHIBOR_1W+利差调整,3.054799008042896,1.3321125080428955,0,水平代理；不能复现原偏离度,False
2011-05-03,3.0959390080428952,SHIBOR_1W+利差调整,3.0547990080428957,1.3321125080428955,0,水平代理；不能复现原偏离度,False
2011-05-04,3.1450390080428954,SHIBOR_1W+利差调整,3.0486173413762288,1.3322420080428954,0,水平代理；不能复现原偏离度,False
2011-05-04,3.1450390080428954,SHIBOR_1W+利差调整,3.0486173413762288,1.3322420080428954,0,水平代理；不能复现原偏离度,False
2011-05-05,3.1113106951871656,SHIBOR_1W+利差调整,3.029434028520499,1.331943195187166,0,水平代理；不能复现原偏离度,False
2011-05-05,3.1113106951871656,SHIBOR_1W+利差调整,3.029434028520499,1.331943195187166,0,水平代理；不能复现原偏离度,False
2011-05-06,2.9284390080428957,SHIBOR_1W+利差调整,3.010029008042896,1.3325010080428956,0,水平代理；不能复现原偏离度,False
2011-05-06,2.9284390080428953,SHIBOR_1W+利差调整,3.010029008042896,1.3325010080428956,0,水平代理；不能复现原偏离度,False
2011-05-09,2.8925390080428954,SHIBOR_1W+利差调整,2.9896090080428954,1.3326305080428955,0,水平代理；不能复现原偏离度,False
2011-05-09,2.8925390080428954,SHIBOR_1W+利差调整,2.9896090080428954,1.3326305080428955,0,水平代理；不能复现原偏离度,False
2011-05-10,2.924610695187166,SHIBOR_1W+利差调整,2.991465695187166,1.3323316951871658,0,水平代理；不能复现原偏离度,False
2011-05-10,2.924610695187166,SHIBOR_1W+利差调整,2.991465695187166,1.3323316951871658,0,水平代理；不能复现原偏离度,False
2011-05-11,2.9346106951871658,SHIBOR_1W+利差调整,2.992825695187165,1.332461195187166,0,水平代理；不能复现原偏离度,False
2011-05-11,2.9346106951871658,SHIBOR_1W+利差调整,2.992825695187165,1.332461195187166,0,水平代理；不能复现原偏离度,False
2011-05-12,2.919639008042896,SHIBOR_1W+利差调整,2.9957273413762286,1.3330190080428956,0,水平代理；不能复现原偏离度,False
2011-05-12,2.9196390080428953,SHIBOR_1W+利差调整,2.9957273413762286,1.3330190080428956,0,水平代理；不能复现原偏离度,False
2011-05-13,3.7005106951871656,SHIBOR_1W+利差调整,3.0113990285204992,1.3341820285204993,0,水平代理；不能复现原偏离度,False
2011-05-13,3.7005106951871656,SHIBOR_1W+利差调整,3.0113990285204992,1.3341820285204993,0,水平代理；不能复现原偏离度,False
2011-05-16,4.745039008042896,SHIBOR_1W+利差调整,3.039715674709562,1.3362016747095624,0,水平代理；不能复现原偏离度,False
2011-05-16,4.7450390080428955,SHIBOR_1W+利差调整,3.039715674709562,1.3362016747095624,0,水平代理；不能复现原偏离度,False
2011-05-17,4.784239008042896,SHIBOR_1W+利差调整,3.070425674709562,1.3377930080428957,0,水平代理；不能复现原偏离度,False
2011-05-17,4.784239008042896,SHIBOR_1W+利差调整,3.070425674709562,1.3377930080428957,0,水平代理；不能复现原偏离度,False
2011-05-18,3.415310695187166,SHIBOR_1W+利差调整,3.0229106951871656,1.338956028520499,0,水平代理；不能复现原偏离度,False
2011-05-18,3.415310695187166,SHIBOR_1W+利差调整,3.0229106951871656,1.338956028520499,0,水平代理；不能复现原偏离度,False
2011-05-19,3.675039008042896,SHIBOR_1W+利差调整,2.977922341376229,1.3409756747095622,0,水平代理；不能复现原偏离度,False
2011-05-19,3.6750390080428956,SHIBOR_1W+利差调整,2.9779223413762286,1.3409756747095622,0,水平代理；不能复现原偏离度,False
2011-05-20,4.135939008042896,SHIBOR_1W+利差调整,2.941020674709562,1.3425670080428955,0,水平代理；不能复现原偏离度,False
2011-05-20,4.135939008042896,SHIBOR_1W+利差调整,2.941020674709562,1.3425670080428957,0,水平代理；不能复现原偏离度,False
2011-05-23,4.857110695187166,SHIBOR_1W+利差调整,2.961667361853833,1.3437300285204992,0,水平代理；不能复现原偏离度,False
2011-05-23,4.857110695187166,SHIBOR_1W+利差调整,2.961667361853833,1.3437300285204992,0,水平代理；不能复现原偏离度,False
2011-05-24,4.876739008042896,SHIBOR_1W+利差调整,2.9884423413762287,1.3457496747095623,0,水平代理；不能复现原偏离度,False
2011-05-24,4.876739008042896,SHIBOR_1W+利差调整,2.9884423413762287,1.3457496747095623,0,水平代理；不能复现原偏离度,False
2011-05-25,5.451739008042895,SHIBOR_1W+利差调整,3.026914008042896,1.3473410080428956,0,水平代理；不能复现原偏离度,False
2011-05-25,5.451739008042895,SHIBOR_1W+利差调整,3.0269140080428953,1.3473410080428956,0,水平代理；不能复现原偏离度,False
2011-05-26,5.235039008042896,SHIBOR_1W+利差调整,3.0617890080428958,1.3489323413762289,0,水平代理；不能复现原偏离度,False
2011-05-26,5.235039008042896,SHIBOR_1W+利差调整,3.0617890080428953,1.3489323413762289,0,水平代理；不能复现原偏离度,False
2011-05-27,4.542539008042896,SHIBOR_1W+利差调整,3.085149008042896,1.3493410080428956,0,水平代理；不能复现原偏离度,False
2011-05-27,4.542539008042896,SHIBOR_1W+利差调整,3.0851490080428956,1.3493410080428956,0,水平代理；不能复现原偏离度,False
2011-05-30,3.3475390080428955,SHIBOR_1W+利差调整,3.0978423413762286,1.3497496747095623,0,水平代理；不能复现原偏离度,False
2011-05-30,3.3475390080428955,SHIBOR_1W+利差调整,3.0978423413762286,1.3497496747095623,0,水平代理；不能复现原偏离度,False
2011-05-31,3.993439008042895,SHIBOR_1W+利差调整,3.125134008042896,1.350158341376229,0,水平代理；不能复现原偏离度,False
2011-05-31,3.993439008042895,SHIBOR_1W+利差调整,3.1251340080428958,1.350158341376229,0,水平代理；不能复现原偏离度,False
2011-06-01,4.063439008042896,SHIBOR_1W+利差调整,3.1543623413762285,1.3505670080428955,0,水平代理；不能复现原偏离度,False
2011-06-01,4.063439008042896,SHIBOR_1W+利差调整,3.1543623413762285,1.3505670080428955,0,水平代理；不能复现原偏离度,False
2011-06-02,3.6496106951871656,SHIBOR_1W+利差调整,3.175600695187166,1.3505473618538324,0,水平代理；不能复现原偏离度,False
2011-06-02,3.6496106951871656,SHIBOR_1W+利差调整,3.175600695187166,1.3505473618538324,0,水平代理；不能复现原偏离度,False
2011-06-03,3.6542390080428953,SHIBOR_1W+利差调整,3.198632341376229,1.351384341376229,0,水平代理；不能复现原偏离度,False
2011-06-03,3.6542390080428953,SHIBOR_1W+利差调整,3.198632341376229,1.351384341376229,0,水平代理；不能复现原偏离度,False
2011-06-07,3.375510695187166,SHIBOR_1W+利差调整,3.214399028520499,1.3513646951871656,0,水平代理；不能复现原偏离度,False
2011-06-07,3.375510695187166,SHIBOR_1W+利差调整,3.214399028520499,1.3513646951871656,0,水平代理；不能复现原偏离度,False
2011-06-08,3.856739008042896,SHIBOR_1W+利差调整,3.242480674709562,1.3522016747095624,0,水平代理；不能复现原偏离度,False
2011-06-08,3.8567390080428954,SHIBOR_1W+利差调整,3.242480674709562,1.3522016747095624,0,水平代理；不能复现原偏离度,False
2011-06-09,4.248010695187166,SHIBOR_1W+利差调整,3.2763023618538325,1.3521820285204988,0,水平代理；不能复现原偏离度,False
2011-06-09,4.248010695187166,SHIBOR_1W+利差调整,3.2763023618538325,1.3521820285204988,0,水平代理；不能复现原偏离度,False
2011-06-10,4.760939008042896,SHIBOR_1W+利差调整,3.320439008042896,1.3530190080428957,0,水平代理；不能复现原偏离度,False
2011-06-10,4.760939008042896,SHIBOR_1W+利差调整,3.3204390080428956,1.3530190080428957,0,水平代理；不能复现原偏离度,False
2011-06-13,4.678439008042895,SHIBOR_1W+利差调整,3.3627456747095623,1.353978841376229,0,水平代理；不能复现原偏离度,False
2011-06-13,4.678439008042895,SHIBOR_1W+利差调整,3.3627456747095623,1.353978841376229,0,水平代理；不能复现原偏离度,False
2011-06-14,4.305939008042896,SHIBOR_1W+利差调整,3.3987606747095622,1.3549386747095624,0,水平代理；不能复现原偏离度,False
2011-06-14,4.305939008042896,SHIBOR_1W+利差调整,3.3987606747095622,1.3549386747095624,0,水平代理；不能复现原偏离度,False
2011-06-15,6.329239008042896,SHIBOR_1W+利差调整,3.468524008042896,1.3558985080428958,0,水平代理；不能复现原偏离度,False
2011-06-15,6.3292390080428955,SHIBOR_1W+利差调整,3.4685240080428956,1.3558985080428958,0,水平代理；不能复现原偏离度,False
2011-06-16,6.746310695187166,SHIBOR_1W+利差调整,3.528762361853832,1.356430028520499,0,水平代理；不能复现原偏离度,False
2011-06-16,6.746310695187166,SHIBOR_1W+利差调整,3.528762361853832,1.356430028520499,0,水平代理；不能复现原偏离度,False
2011-06-17,6.830939008042895,SHIBOR_1W+利差调整,3.593455674709562,1.3578181747095623,0,水平代理；不能复现原偏离度,False
2011-06-17,6.830939008042895,SHIBOR_1W+利差调整,3.593455674709562,1.3578181747095623,0,水平代理；不能复现原偏离度,False
2011-06-20,7.642539008042895,SHIBOR_1W+利差调整,3.673164008042895,1.3587780080428955,0,水平代理；不能复现原偏离度,False
2011-06-20,7.642539008042895,SHIBOR_1W+利差调整,3.673164008042895,1.3587780080428955,0,水平代理；不能复现原偏离度,False
2011-06-21,8.473010695187167,SHIBOR_1W+利差调整,3.766514028520499,1.359309528520499,0,水平代理；不能复现原偏离度,False
2011-06-21,8.473010695187167,SHIBOR_1W+利差调整,3.766514028520499,1.359309528520499,0,水平代理；不能复现原偏离度,False
2011-06-22,8.981739008042897,SHIBOR_1W+利差调整,3.876955674709562,1.3606976747095625,0,水平代理；不能复现原偏离度,False
2011-06-22,8.981739008042897,SHIBOR_1W+利差调整,3.876955674709562,1.3606976747095625,0,水平代理；不能复现原偏离度,False
2011-06-23,9.217539008042896,SHIBOR_1W+利差调整,3.9897056747095614,1.3616575080428956,0,水平代理；不能复现原偏离度,False
2011-06-23,9.217539008042896,SHIBOR_1W+利差调整,3.9897056747095614,1.3616575080428956,0,水平代理；不能复现原偏离度,False
2011-06-24,8.816739008042896,SHIBOR_1W+利差调整,4.099469008042896,1.3626173413762288,0,水平代理；不能复现原偏离度,False
2011-06-24,8.816739008042896,SHIBOR_1W+利差调整,4.099469008042896,1.3626173413762288,0,水平代理；不能复现原偏离度,False
2011-06-27,7.408439008042896,SHIBOR_1W+利差调整,4.177045674709563,1.363881341376229,0,水平代理；不能复现原偏离度,False
2011-06-27,7.408439008042896,SHIBOR_1W+利差调整,4.177045674709563,1.363881341376229,0,水平代理；不能复现原偏离度,False
2011-06-28,6.639239008042895,SHIBOR_1W+利差调整,4.238282341376229,1.365145341376229,0,水平代理；不能复现原偏离度,False
2011-06-28,6.639239008042895,SHIBOR_1W+利差调整,4.238282341376229,1.365145341376229,0,水平代理；不能复现原偏离度,False
2011-06-29,6.475039008042895,SHIBOR_1W+利差调整,4.297385674709562,1.366409341376229,0,水平代理；不能复现原偏离度,False
2011-06-29,6.475039008042895,SHIBOR_1W+利差调整,4.297385674709562,1.366409341376229,0,水平代理；不能复现原偏离度,False
2011-06-30,6.745339008042896,SHIBOR_1W+利差调整,4.369390674709562,1.367673341376229,0,水平代理；不能复现原偏离度,False
2011-06-30,6.745339008042896,SHIBOR_1W+利差调整,4.369390674709562,1.367673341376229,0,水平代理；不能复现原偏离度,False
2011-07-01,6.094610695187166,SHIBOR_1W+利差调整,4.428295695187166,1.3685090285204993,0,水平代理；不能复现原偏离度,False
2011-07-01,6.094610695187166,SHIBOR_1W+利差调整,4.428295695187166,1.3685090285204993,0,水平代理；不能复现原偏离度,False
2011-07-04,4.908181124497992,SHIBOR_1W+利差调整,4.473452791164658,1.3699434578313254,0,水平代理；不能复现原偏离度,False
2011-07-04,4.908181124497992,SHIBOR_1W+利差调整,4.473452791164658,1.3699434578313254,0,水平代理；不能复现原偏离度,False
2011-07-05,6.945939008042895,SHIBOR_1W+利差调整,4.545877341376229,1.3714653413762288,0,水平代理；不能复现原偏离度,False
2011-07-05,6.945939008042895,SHIBOR_1W+利差调整,4.545877341376229,1.3714653413762288,0,水平代理；不能复现原偏离度,False
2011-07-06,7.583010695187166,SHIBOR_1W+利差调整,4.6361640285205,1.3723010285204993,0,水平代理；不能复现原偏离度,False
2011-07-06,7.583010695187166,SHIBOR_1W+利差调整,4.6361640285205,1.3723010285204993,0,水平代理；不能复现原偏离度,False
2011-07-07,5.760039008042895,SHIBOR_1W+利差调整,4.697619008042895,1.3739933413762289,0,水平代理；不能复现原偏离度,False
2011-07-07,5.760039008042895,SHIBOR_1W+利差调整,4.697619008042895,1.3739933413762289,0,水平代理；不能复现原偏离度,False
2011-07-08,6.400957908847185,SHIBOR_1W+利差调整,4.769111242180518,1.3752762421805185,0,水平代理；不能复现原偏离度,False
2011-07-08,6.400957908847185,SHIBOR_1W+利差调整,4.769111242180518,1.3752762421805185,0,水平代理；不能复现原偏离度,False
2011-07-11,5.474610695187166,SHIBOR_1W+利差调整,4.817832361853832,1.3750025285204992,0,水平代理；不能复现原偏离度,False
2011-07-11,5.474610695187166,SHIBOR_1W+利差调整,4.817832361853832,1.3750025285204992,0,水平代理；不能复现原偏离度,False
2011-07-12,5.015039008042895,SHIBOR_1W+利差调整,4.860210674709562,1.375604341376229,0,水平代理；不能复现原偏离度,False
2011-07-12,5.015039008042895,SHIBOR_1W+利差调整,4.860210674709562,1.375604341376229,0,水平代理；不能复现原偏离度,False
2011-07-13,3.844239008042895,SHIBOR_1W+利差调整,4.876919008042895,1.3757778413762287,0,水平代理；不能复现原偏离度,False
2011-07-13,3.844239008042895,SHIBOR_1W+利差调整,4.876919008042895,1.3757778413762287,0,水平代理；不能复现原偏离度,False
2011-07-14,4.950510695187166,SHIBOR_1W+利差调整,4.907230695187166,1.3755230285204991,0,水平代理；不能复现原偏离度,False
2011-07-14,4.950510695187166,SHIBOR_1W+利差调整,4.907230695187166,1.3755230285204991,0,水平代理；不能复现原偏离度,False
2011-07-15,4.238810695187167,SHIBOR_1W+利差调整,4.925452361853832,1.3756965285204992,0,水平代理；不能复现原偏离度,False
2011-07-15,4.238810695187167,SHIBOR_1W+利差调整,4.925452361853832,1.3756965285204992,0,水平代理；不能复现原偏离度,False
2011-07-18,4.668010695187166,SHIBOR_1W+利差调整,4.935355695187166,1.3758700285204992,0,水平代理；不能复现原偏离度,False
2011-07-18,4.668010695187166,SHIBOR_1W+利差调整,4.935355695187166,1.3758700285204992,0,水平代理；不能复现原偏离度,False
2011-07-19,4.728010695187166,SHIBOR_1W+利差调整,4.952557361853833,1.3760435285204993,0,水平代理；不能复现原偏离度,False
2011-07-19,4.728010695187166,SHIBOR_1W+利差调整,4.952557361853833,1.3760435285204993,0,水平代理；不能复现原偏离度,False
2011-07-20,5.500039008042895,SHIBOR_1W+利差调整,4.974637341376229,1.3766453413762287,0,水平代理；不能复现原偏离度,False
2011-07-20,5.500039008042895,SHIBOR_1W+利差调整,4.974637341376229,1.3766453413762287,0,水平代理；不能复现原偏离度,False
2011-07-21,5.920939008042896,SHIBOR_1W+利差调整,4.997082341376228,1.3768188413762288,0,水平代理；不能复现原偏离度,False
2011-07-21,5.920939008042896,SHIBOR_1W+利差调整,4.997082341376228,1.3768188413762288,0,水平代理；不能复现原偏离度,False
2011-07-22,5.566310695187166,SHIBOR_1W+利差调整,5.024432361853832,1.3765640285204992,0,水平代理；不能复现原偏离度,False
2011-07-22,5.566310695187166,SHIBOR_1W+利差调整,5.024432361853832,1.3765640285204992,0,水平代理；不能复现原偏离度,False
2011-07-25,5.405939008042895,SHIBOR_1W+利差调整,5.061860674709562,1.378124341376229,0,水平代理；不能复现原偏离度,False
2011-07-25,5.405939008042895,SHIBOR_1W+利差调整,5.061860674709562,1.378124341376229,0,水平代理；不能复现原偏离度,False
2011-07-26,5.137539008042896,SHIBOR_1W+利差调整,5.0960406747095615,1.3792563413762289,0,水平代理；不能复现原偏离度,False
2011-07-26,5.137539008042896,SHIBOR_1W+利差调整,5.0960406747095615,1.3792563413762289,0,水平代理；不能复现原偏离度,False
2011-07-27,5.105039008042896,SHIBOR_1W+利差调整,5.129525674709561,1.3803883413762288,0,水平代理；不能复现原偏离度,False
2011-07-27,5.105039008042896,SHIBOR_1W+利差调整,5.129525674709561,1.3803883413762288,0,水平代理；不能复现原偏离度,False
2011-07-28,5.193010695187167,SHIBOR_1W+利差调整,5.163237361853833,1.381092028520499,0,水平代理；不能复现原偏离度,False
2011-07-28,5.193010695187167,SHIBOR_1W+利差调整,5.163237361853833,1.381092028520499,0,水平代理；不能复现原偏离度,False
2011-07-29,5.260510695187167,SHIBOR_1W+利差调整,5.199057361853833,1.3822240285204992,0,水平代理；不能复现原偏离度,False
2011-07-29,5.260510695187167,SHIBOR_1W+利差调整,5.199057361853833,1.3822240285204992,0,水平代理；不能复现原偏离度,False
2011-08-01,5.158839008042896,SHIBOR_1W+利差调整,5.236659008042895,1.3837843413762287,0,水平代理；不能复现原偏离度,False
2011-08-01,5.158839008042896,SHIBOR_1W+利差调整,5.236659008042895,1.3837843413762287,0,水平代理；不能复现原偏离度,False
2011-08-02,5.019510695187166,SHIBOR_1W+利差调整,5.271687361853833,1.384488028520499,0,水平代理；不能复现原偏离度,False
2011-08-02,5.019510695187166,SHIBOR_1W+利差调整,5.271687361853833,1.384488028520499,0,水平代理；不能复现原偏离度,False
2011-08-03,4.245939008042895,SHIBOR_1W+利差调整,5.294130674709562,1.3860483413762288,0,水平代理；不能复现原偏离度,False
2011-08-03,4.245939008042895,SHIBOR_1W+利差调整,5.294130674709562,1.3860483413762288,0,水平代理；不能复现原偏离度,False
2011-08-04,3.413339008042896,SHIBOR_1W+利差调整,5.302102341376229,1.3871803413762287,0,水平代理；不能复现原偏离度,False
2011-08-04,3.4133390080428954,SHIBOR_1W+利差调整,5.302102341376229,1.3871803413762287,0,水平代理；不能复现原偏离度,False
2011-08-05,3.156739008042895,SHIBOR_1W+利差调整,5.306054008042896,1.3883123413762286,0,水平代理；不能复现原偏离度,False
2011-08-05,3.156739008042895,SHIBOR_1W+利差调整,5.306054008042896,1.3883123413762286,0,水平代理；不能复现原偏离度,False
2011-08-08,3.1463106951871658,SHIBOR_1W+利差调整,5.296389028520498,1.388984028520499,0,水平代理；不能复现原偏离度,False
2011-08-08,3.1463106951871658,SHIBOR_1W+利差调整,5.296389028520498,1.388984028520499,0,水平代理；不能复现原偏离度,False
2011-08-09,3.239610695187166,SHIBOR_1W+利差调整,5.271305695187166,1.390084028520499,0,水平代理；不能复现原偏离度,False
2011-08-09,3.239610695187166,SHIBOR_1W+利差调整,5.271305695187166,1.390084028520499,0,水平代理；不能复现原偏离度,False
2011-08-10,3.2525390080428958,SHIBOR_1W+利差调整,5.246205674709562,1.391612341376229,0,水平代理；不能复现原偏离度,False
2011-08-10,3.2525390080428953,SHIBOR_1W+利差调整,5.246205674709562,1.391612341376229,0,水平代理；不能复现原偏离度,False
2011-08-11,3.243439008042895,SHIBOR_1W+利差调整,5.243334008042896,1.3927123413762288,0,水平代理；不能复现原偏离度,False
2011-08-11,3.243439008042895,SHIBOR_1W+利差调整,5.243334008042896,1.3927123413762288,0,水平代理；不能复现原偏离度,False
2011-08-12,3.2292390080428954,SHIBOR_1W+利差调整,5.235904008042896,1.393812341376229,0,水平代理；不能复现原偏离度,False
2011-08-12,3.2292390080428954,SHIBOR_1W+利差调整,5.235904008042896,1.393812341376229,0,水平代理；不能复现原偏离度,False
2011-08-15,3.3842390080428952,SHIBOR_1W+利差调整,5.223375674709562,1.394912341376229,0,水平代理；不能复现原偏离度,False
2011-08-15,3.3842390080428952,SHIBOR_1W+利差调整,5.223375674709562,1.394912341376229,0,水平代理；不能复现原偏离度,False
2011-08-16,3.3596390080428957,SHIBOR_1W+利差调整,5.198410674709562,1.3960123413762289,0,水平代理；不能复现原偏离度,False
2011-08-16,3.3596390080428953,SHIBOR_1W+利差调整,5.198410674709562,1.3960123413762289,0,水平代理；不能复现原偏离度,False
2011-08-17,3.3637045576407507,SHIBOR_1W+利差调整,5.17345455764075,1.3973778909740842,0,水平代理；不能复现原偏离度,False
2011-08-17,3.3637045576407507,SHIBOR_1W+利差调整,5.17345455764075,1.3973778909740842,0,水平代理；不能复现原偏离度,False
2011-08-18,3.912539008042896,SHIBOR_1W+利差调整,5.1475356747095615,1.398212341376229,0,水平代理；不能复现原偏离度,False
2011-08-18,3.9125390080428954,SHIBOR_1W+利差调整,5.1475356747095615,1.398212341376229,0,水平代理；不能复现原偏离度,False
2011-08-19,4.450039008042896,SHIBOR_1W+利差调整,5.134452341376229,1.399312341376229,0,水平代理；不能复现原偏离度,False
2011-08-19,4.4500390080428955,SHIBOR_1W+利差调整,5.134452341376229,1.399312341376229,0,水平代理；不能复现原偏离度,False
2011-08-22,5.113439008042896,SHIBOR_1W+利差调整,5.143967341376229,1.3995331747095625,0,水平代理；不能复现原偏离度,False
2011-08-22,5.113439008042896,SHIBOR_1W+利差调整,5.143967341376229,1.3995331747095623,0,水平代理；不能复现原偏离度,False
2011-08-23,5.336739008042896,SHIBOR_1W+利差调整,5.1771206747095615,1.3997540080428956,0,水平代理；不能复现原偏离度,False
2011-08-23,5.336739008042896,SHIBOR_1W+利差调整,5.1771206747095615,1.3997540080428956,0,水平代理；不能复现原偏离度,False
2011-08-24,4.585039008042895,SHIBOR_1W+利差调整,5.186980674709562,1.399974841376229,0,水平代理；不能复现原偏离度,False
2011-08-24,4.585039008042895,SHIBOR_1W+利差调整,5.186980674709562,1.399974841376229,0,水平代理；不能复现原偏离度,False
2011-08-25,4.628981124497992,SHIBOR_1W+利差调整,5.196152791164659,1.3999377911646589,0,水平代理；不能复现原偏离度,False
2011-08-25,4.628981124497992,SHIBOR_1W+利差调整,5.196152791164659,1.3999377911646589,0,水平代理；不能复现原偏离度,False
2011-08-26,4.202110695187166,SHIBOR_1W+利差调整,5.205190695187167,1.3999881951871656,0,水平代理；不能复现原偏离度,False
2011-08-26,4.202110695187166,SHIBOR_1W+利差调整,5.205190695187167,1.3999881951871656,0,水平代理；不能复现原偏离度,False
2011-08-29,4.542839008042895,SHIBOR_1W+利差调整,5.220429008042896,1.4006373413762288,0,水平代理；不能复现原偏离度,False
2011-08-29,4.542839008042895,SHIBOR_1W+利差调整,5.220429008042896,1.4006373413762288,0,水平代理；不能复现原偏离度,False
2011-08-30,5.121310695187166,SHIBOR_1W+利差调整,5.249097361853832,1.4004298618538322,0,水平代理；不能复现原偏离度,False
2011-08-30,5.121310695187166,SHIBOR_1W+利差调整,5.249097361853832,1.4004298618538322,0,水平代理；不能复现原偏离度,False
2011-08-31,5.101739008042896,SHIBOR_1W+利差调整,5.270275674709562,1.4010790080428954,0,水平代理；不能复现原偏离度,False
2011-08-31,5.1017390080428955,SHIBOR_1W+利差调整,5.270275674709562,1.4010790080428954,0,水平代理；不能复现原偏离度,False
2011-09-01,4.912539008042895,SHIBOR_1W+利差调整,5.281344008042896,1.4012998413762288,0,水平代理；不能复现原偏离度,False
2011-09-01,4.912539008042895,SHIBOR_1W+利差调整,5.281344008042896,1.4012998413762288,0,水平代理；不能复现原偏离度,False
2011-09-02,4.348410695187166,SHIBOR_1W+利差调整,5.274047361853833,1.4010923618538322,0,水平代理；不能复现原偏离度,False
2011-09-02,4.348410695187166,SHIBOR_1W+利差调整,5.274047361853833,1.4010923618538322,0,水平代理；不能复现原偏离度,False
2011-09-05,5.024239008042896,SHIBOR_1W+利差调整,5.280239008042895,1.402408674709562,0,水平代理；不能复现原偏离度,False
2011-09-05,5.024239008042896,SHIBOR_1W+利差调整,5.280239008042895,1.402408674709562,0,水平代理；不能复现原偏离度,False
2011-09-06,4.635039008042895,SHIBOR_1W+利差调整,5.285724008042894,1.403296674709562,0,水平代理；不能复现原偏离度,False
2011-09-06,4.635039008042895,SHIBOR_1W+利差调整,5.285724008042894,1.403296674709562,0,水平代理；不能复现原偏离度,False
2011-09-07,4.508810695187166,SHIBOR_1W+利差调整,5.254962361853832,1.4037563618538325,0,水平代理；不能复现原偏离度,False
2011-09-07,4.508810695187166,SHIBOR_1W+利差调整,5.254962361853832,1.4037563618538325,0,水平代理；不能复现原偏离度,False
2011-09-08,4.156739008042895,SHIBOR_1W+利差调整,5.212224008042896,1.4050726747095623,0,水平代理；不能复现原偏离度,False
2011-09-08,4.156739008042895,SHIBOR_1W+利差调整,5.212224008042896,1.4050726747095623,0,水平代理；不能复现原偏离度,False
2011-09-09,3.770039008042896,SHIBOR_1W+利差调整,5.161209008042895,1.4059606747095623,0,水平代理；不能复现原偏离度,False
2011-09-09,3.7700390080428954,SHIBOR_1W+利差调整,5.161209008042895,1.4059606747095623,0,水平代理；不能复现原偏离度,False
2011-09-13,3.4280106951871656,SHIBOR_1W+利差调整,5.090545695187165,1.4064203618538325,0,水平代理；不能复现原偏离度,False
2011-09-13,3.4280106951871656,SHIBOR_1W+利差调整,5.090545695187165,1.4064203618538325,0,水平代理；不能复现原偏离度,False
2011-09-14,3.4350390080428954,SHIBOR_1W+利差调整,5.007000674709562,1.4077366747095623,0,水平代理；不能复现原偏离度,False
2011-09-14,3.4350390080428954,SHIBOR_1W+利差调整,5.007000674709562,1.4077366747095623,0,水平代理；不能复现原偏离度,False
2011-09-15,3.490039008042896,SHIBOR_1W+利差调整,4.915472341376229,1.4086246747095623,0,水平代理；不能复现原偏离度,False
2011-09-15,3.490039008042896,SHIBOR_1W+利差调整,4.915472341376229,1.4086246747095623,0,水平代理；不能复现原偏离度,False
2011-09-16,3.4669390080428952,SHIBOR_1W+利差调整,4.819629008042895,1.4095126747095623,0,水平代理；不能复现原偏离度,False
2011-09-16,3.4669390080428952,SHIBOR_1W+利差调整,4.819629008042895,1.4095126747095623,0,水平代理；不能复现原偏离度,False
2011-09-19,3.6967390080428952,SHIBOR_1W+利差调整,4.7342956747095615,1.4104006747095623,0,水平代理；不能复现原偏离度,False
2011-09-19,3.6967390080428952,SHIBOR_1W+利差调整,4.7342956747095615,1.4104006747095623,0,水平代理；不能复现原偏离度,False
2011-09-20,4.140039008042896,SHIBOR_1W+利差调整,4.679822341376228,1.4113930080428958,0,水平代理；不能复现原偏离度,False
2011-09-20,4.140039008042896,SHIBOR_1W+利差调整,4.679822341376228,1.4113930080428958,0,水平代理；不能复现原偏离度,False
2011-09-21,4.225739008042895,SHIBOR_1W+利差调整,4.639597341376229,1.412385341376229,0,水平代理；不能复现原偏离度,False
2011-09-21,4.225739008042895,SHIBOR_1W+利差调整,4.639597341376229,1.412385341376229,0,水平代理；不能复现原偏离度,False
2011-09-22,4.049239008042895,SHIBOR_1W+利差调整,4.599167341376229,1.4133776747095623,0,水平代理；不能复现原偏离度,False
2011-09-22,4.049239008042895,SHIBOR_1W+利差调整,4.599167341376229,1.4133776747095623,0,水平代理；不能复现原偏离度,False
2011-09-23,4.310039008042895,SHIBOR_1W+利差调整,4.558579008042896,1.4143700080428956,0,水平代理；不能复现原偏离度,False
2011-09-23,4.310039008042895,SHIBOR_1W+利差调整,4.558579008042896,1.4143700080428956,0,水平代理；不能复现原偏离度,False
2011-09-26,3.956739008042896,SHIBOR_1W+利差调整,4.522940674709561,1.415362341376229,0,水平代理；不能复现原偏离度,False
2011-09-26,3.956739008042896,SHIBOR_1W+利差调整,4.522940674709561,1.415362341376229,0,水平代理；不能复现原偏离度,False
2011-09-27,4.813439008042895,SHIBOR_1W+利差调整,4.521357341376229,1.4163546747095623,0,水平代理；不能复现原偏离度,False
2011-09-27,4.813439008042895,SHIBOR_1W+利差调整,4.521357341376229,1.4163546747095623,0,水平代理；不能复现原偏离度,False
2011-09-28,4.956310695187166,SHIBOR_1W+利差调整,4.487775695187166,1.4169186951871655,0,水平代理；不能复现原偏离度,False
2011-09-28,4.956310695187166,SHIBOR_1W+利差调整,4.487775695187166,1.4169186951871655,0,水平代理；不能复现原偏离度,False
2011-09-29,5.214239008042895,SHIBOR_1W+利差调整,4.448717341376229,1.418339341376229,0,水平代理；不能复现原偏离度,False
2011-09-29,5.214239008042895,SHIBOR_1W+利差调整,4.448717341376229,1.418339341376229,0,水平代理；不能复现原偏离度,False
2011-09-30,5.148810695187167,SHIBOR_1W+利差调整,4.438109028520499,1.4189033618538325,0,水平代理；不能复现原偏离度,False
2011-09-30,5.148810695187167,SHIBOR_1W+利差调整,4.438109028520499,1.4189033618538325,0,水平代理；不能复现原偏离度,False
2011-10-08,5.113439008042896,SHIBOR_1W+利差调整,4.417079008042895,1.4203240080428956,0,水平代理；不能复现原偏离度,False
2011-10-08,5.113439008042896,SHIBOR_1W+利差调整,4.417079008042895,1.4203240080428956,0,水平代理；不能复现原偏离度,False
2011-10-09,4.941481124497992,SHIBOR_1W+利差调整,4.407932791164659,1.4208767911646587,0,水平代理；不能复现原偏离度,False
2011-10-09,4.941481124497992,SHIBOR_1W+利差调整,4.407932791164659,1.4208767911646587,0,水平代理；不能复现原偏离度,False
2011-10-10,4.574781124497992,SHIBOR_1W+利差调整,4.400599457831325,1.4216874578313254,0,水平代理；不能复现原偏离度,False
2011-10-10,4.574781124497992,SHIBOR_1W+利差调整,4.400599457831325,1.4216874578313254,0,水平代理；不能复现原偏离度,False
2011-10-11,4.343810695187166,SHIBOR_1W+利差调整,4.408762361853833,1.4223276951871655,0,水平代理；不能复现原偏离度,False
2011-10-11,4.343810695187166,SHIBOR_1W+利差调整,4.408762361853833,1.4223276951871655,0,水平代理；不能复现原偏离度,False
2011-10-12,3.462539008042896,SHIBOR_1W+利差调整,4.384384008042895,1.4235666747095623,0,水平代理；不能复现原偏离度,False
2011-10-12,3.462539008042896,SHIBOR_1W+利差调整,4.384384008042895,1.4235666747095623,0,水平代理；不能复现原偏离度,False
2011-10-13,3.298439008042896,SHIBOR_1W+利差调整,4.368704008042895,1.4243773413762288,0,水平代理；不能复现原偏离度,False
2011-10-13,3.2984390080428954,SHIBOR_1W+利差调整,4.368704008042895,1.4243773413762288,0,水平代理；不能复现原偏离度,False
2011-10-14,3.2942390080428954,SHIBOR_1W+利差调整,4.3458006747095625,1.4251880080428956,0,水平代理；不能复现原偏离度,False
2011-10-14,3.2942390080428954,SHIBOR_1W+利差调整,4.3458006747095625,1.4251880080428956,0,水平代理；不能复现原偏离度,False
2011-10-17,3.4867390080428957,SHIBOR_1W+利差调整,4.325105674709562,1.425998674709562,0,水平代理；不能复现原偏离度,False
2011-10-17,3.4867390080428953,SHIBOR_1W+利差调整,4.325105674709562,1.425998674709562,0,水平代理；不能复现原偏离度,False
2011-10-18,3.640039008042896,SHIBOR_1W+利差调整,4.294105674709562,1.4268093413762288,0,水平代理；不能复现原偏离度,False
2011-10-18,3.6400390080428955,SHIBOR_1W+利差调整,4.294105674709562,1.4268093413762288,0,水平代理；不能复现原偏离度,False
2011-10-19,3.4984390080428955,SHIBOR_1W+利差调整,4.253730674709562,1.4276200080428956,0,水平代理；不能复现原偏离度,False
2011-10-19,3.4984390080428955,SHIBOR_1W+利差调整,4.253730674709562,1.4276200080428956,0,水平代理；不能复现原偏离度,False
2011-10-20,3.603810695187166,SHIBOR_1W+利差调整,4.220594028520499,1.4280023618538322,0,水平代理；不能复现原偏离度,False
2011-10-20,3.603810695187166,SHIBOR_1W+利差调整,4.220594028520499,1.4280023618538322,0,水平代理；不能复现原偏离度,False
2011-10-21,3.580939008042896,SHIBOR_1W+利差调整,4.190605674709562,1.428488841376229,0,水平代理；不能复现原偏离度,False
2011-10-21,3.5809390080428956,SHIBOR_1W+利差调整,4.190605674709562,1.4284888413762287,0,水平代理；不能复现原偏离度,False
2011-10-24,3.550039008042896,SHIBOR_1W+利差调整,4.164147341376228,1.4285470080428957,0,水平代理；不能复现原偏离度,False
2011-10-24,3.5500390080428956,SHIBOR_1W+利差调整,4.164147341376228,1.4285470080428955,0,水平代理；不能复现原偏离度,False
2011-10-25,4.136310695187166,SHIBOR_1W+利差调整,4.147580695187166,1.4281768618538324,0,水平代理；不能复现原偏离度,False
2011-10-25,4.136310695187166,SHIBOR_1W+利差调整,4.147580695187166,1.4281768618538324,0,水平代理；不能复现原偏离度,False
2011-10-26,4.238439008042896,SHIBOR_1W+利差调整,4.132092341376229,1.4286633413762289,0,水平代理；不能复现原偏离度,False
2011-10-26,4.238439008042896,SHIBOR_1W+利差调整,4.132092341376229,1.4286633413762289,0,水平代理；不能复现原偏离度,False
2011-10-27,4.688439008042895,SHIBOR_1W+利差调整,4.1225506747095615,1.4287215080428954,0,水平代理；不能复现原偏离度,False
2011-10-27,4.688439008042895,SHIBOR_1W+利差调整,4.1225506747095615,1.4287215080428954,0,水平代理；不能复现原偏离度,False
2011-10-28,5.125939008042895,SHIBOR_1W+利差调整,4.122002341376229,1.428779674709562,0,水平代理；不能复现原偏离度,False
2011-10-28,5.125939008042895,SHIBOR_1W+利差调整,4.122002341376229,1.428779674709562,0,水平代理；不能复现原偏离度,False
2011-10-31,5.090039008042895,SHIBOR_1W+利差调整,4.123170674709562,1.4288378413762288,0,水平代理；不能复现原偏离度,False
2011-10-31,5.090039008042895,SHIBOR_1W+利差调整,4.123170674709562,1.4288378413762288,0,水平代理；不能复现原偏离度,False
2011-11-01,4.500510695187166,SHIBOR_1W+利差调整,4.126992361853833,1.4284676951871658,0,水平代理；不能复现原偏离度,False
2011-11-01,4.500510695187166,SHIBOR_1W+利差调整,4.126992361853833,1.4284676951871658,0,水平代理；不能复现原偏离度,False
2011-11-02,3.842110695187166,SHIBOR_1W+利差调整,4.134145695187166,1.4285258618538326,0,水平代理；不能复现原偏离度,False
2011-11-02,3.842110695187166,SHIBOR_1W+利差调整,4.134145695187166,1.4285258618538326,0,水平代理；不能复现原偏离度,False
2011-11-03,3.5438106951871657,SHIBOR_1W+利差调整,4.1406040285205,1.4285840285204991,0,水平代理；不能复现原偏离度,False
2011-11-03,3.5438106951871657,SHIBOR_1W+利差调整,4.1406040285205,1.4285840285204991,0,水平代理；不能复现原偏离度,False
2011-11-04,3.645039008042896,SHIBOR_1W+利差调整,4.149337341376229,1.4298355080428955,0,水平代理；不能复现原偏离度,False
2011-11-04,3.645039008042896,SHIBOR_1W+利差调整,4.149337341376229,1.4298355080428955,0,水平代理；不能复现原偏离度,False
2011-11-07,3.715039008042895,SHIBOR_1W+利差调整,4.157254008042895,1.4306586747095622,0,水平代理；不能复现原偏离度,False
2011-11-07,3.715039008042895,SHIBOR_1W+利差调整,4.157254008042895,1.4306586747095622,0,水平代理；不能复现原偏离度,False
2011-11-08,3.705039008042896,SHIBOR_1W+利差调整,4.164795674709562,1.431481841376229,0,水平代理；不能复现原偏离度,False
2011-11-08,3.705039008042896,SHIBOR_1W+利差调整,4.164795674709562,1.431481841376229,0,水平代理；不能复现原偏离度,False
2011-11-09,3.665039008042896,SHIBOR_1W+利差调整,4.171822341376229,1.4323050080428954,0,水平代理；不能复现原偏离度,False
2011-11-09,3.6650390080428954,SHIBOR_1W+利差调整,4.171822341376229,1.4323050080428954,0,水平代理；不能复现原偏离度,False
2011-11-10,3.623010695187166,SHIBOR_1W+利差调整,4.177964028520499,1.4326998618538327,0,水平代理；不能复现原偏离度,False
2011-11-10,3.623010695187166,SHIBOR_1W+利差调整,4.177964028520499,1.4326998618538327,0,水平代理；不能复现原偏离度,False
2011-11-11,3.646739008042896,SHIBOR_1W+利差调整,4.182767341376229,1.4339513413762288,0,水平代理；不能复现原偏离度,False
2011-11-11,3.646739008042896,SHIBOR_1W+利差调整,4.182767341376229,1.4339513413762288,0,水平代理；不能复现原偏离度,False
2011-11-14,3.453010695187166,SHIBOR_1W+利差调整,4.183902361853833,1.434346195187166,0,水平代理；不能复现原偏离度,False
2011-11-14,3.453010695187166,SHIBOR_1W+利差调整,4.183902361853833,1.434346195187166,0,水平代理；不能复现原偏离度,False
2011-11-15,3.443981124497992,SHIBOR_1W+利差调整,4.185419457831325,1.4353397911646588,0,水平代理；不能复现原偏离度,False
2011-11-15,3.443981124497992,SHIBOR_1W+利差调整,4.185419457831325,1.4353397911646588,0,水平代理；不能复现原偏离度,False
2011-11-16,3.491739008042896,SHIBOR_1W+利差调整,4.178664008042896,1.4364208413762287,0,水平代理；不能复现原偏离度,False
2011-11-16,3.4917390080428956,SHIBOR_1W+利差调整,4.178664008042896,1.4364208413762287,0,水平代理；不能复现原偏离度,False
2011-11-17,3.698810695187166,SHIBOR_1W+利差调整,4.165722361853833,1.436815695187166,0,水平代理；不能复现原偏离度,False
2011-11-17,3.698810695187166,SHIBOR_1W+利差调整,4.165722361853833,1.436815695187166,0,水平代理；不能复现原偏离度,False
2011-11-18,3.846139008042895,SHIBOR_1W+利差调整,4.145029008042895,1.4380020080428957,0,水平代理；不能复现原偏离度,False
2011-11-18,3.846139008042895,SHIBOR_1W+利差调整,4.145029008042895,1.4380020080428955,0,水平代理；不能复现原偏离度,False
2011-11-21,4.355939008042896,SHIBOR_1W+利差调整,4.128682341376229,1.4387600080428955,0,水平代理；不能复现原偏离度,False
2011-11-21,4.3559390080428955,SHIBOR_1W+利差调整,4.128682341376229,1.4387600080428955,0,水平代理；不能复现原偏离度,False
2011-11-22,4.558439008042895,SHIBOR_1W+利差调整,4.128239008042895,1.4395180080428955,0,水平代理；不能复现原偏离度,False
2011-11-22,4.558439008042895,SHIBOR_1W+利差调整,4.128239008042895,1.4395180080428955,0,水平代理；不能复现原偏离度,False
2011-11-23,4.479239008042895,SHIBOR_1W+利差调整,4.125739008042896,1.4402760080428956,0,水平代理；不能复现原偏离度,False
2011-11-23,4.479239008042895,SHIBOR_1W+利差调整,4.1257390080428955,1.4402760080428956,0,水平代理；不能复现原偏离度,False
2011-11-24,4.251310695187167,SHIBOR_1W+利差调整,4.126130695187166,1.4406056951871655,0,水平代理；不能复现原偏离度,False
2011-11-24,4.251310695187167,SHIBOR_1W+利差调整,4.126130695187166,1.4406056951871655,0,水平代理；不能复现原偏离度,False
2011-11-25,4.182539008042896,SHIBOR_1W+利差调整,4.120554008042896,1.4417920080428956,0,水平代理；不能复现原偏离度,False
2011-11-25,4.1825390080428955,SHIBOR_1W+利差调整,4.1205540080428955,1.4417920080428956,0,水平代理；不能复现原偏离度,False
2011-11-28,4.129610695187166,SHIBOR_1W+利差调整,4.103597361853833,1.4421216951871658,0,水平代理；不能复现原偏离度,False
2011-11-28,4.129610695187166,SHIBOR_1W+利差调整,4.103597361853833,1.4421216951871658,0,水平代理；不能复现原偏离度,False
2011-11-29,3.784239008042896,SHIBOR_1W+利差调整,4.082067341376229,1.4433080080428955,0,水平代理；不能复现原偏离度,False
2011-11-29,3.7842390080428956,SHIBOR_1W+利差调整,4.082067341376229,1.4433080080428957,0,水平代理；不能复现原偏离度,False
2011-11-30,4.110939008042895,SHIBOR_1W+利差调整,4.0687073413762285,1.4440660080428955,0,水平代理；不能复现原偏离度,False
2011-11-30,4.110939008042895,SHIBOR_1W+利差调整,4.0687073413762285,1.4440660080428955,0,水平代理；不能复现原偏离度,False
2011-12-01,4.118439008042896,SHIBOR_1W+利差调整,4.064867341376229,1.4448240080428956,0,水平代理；不能复现原偏离度,False
2011-12-01,4.118439008042896,SHIBOR_1W+利差调整,4.064867341376229,1.4448240080428956,0,水平代理；不能复现原偏离度,False
2011-12-02,3.791339008042896,SHIBOR_1W+利差调整,4.044319008042895,1.4455656747095622,0,水平代理；不能复现原偏离度,False
2011-12-02,3.7913390080428955,SHIBOR_1W+利差调整,4.044319008042895,1.4455656747095622,0,水平代理；不能复现原偏离度,False
2011-12-05,3.439781124497992,SHIBOR_1W+利差调整,4.0241444578313255,1.4460494578313252,0,水平代理；不能复现原偏离度,False
2011-12-05,3.439781124497992,SHIBOR_1W+利差调整,4.0241444578313255,1.4460494578313252,0,水平代理；不能复现原偏离度,False
2011-12-06,3.5409390080428955,SHIBOR_1W+利差调整,4.008264008042896,1.4470490080428955,0,水平代理；不能复现原偏离度,False
2011-12-06,3.5409390080428955,SHIBOR_1W+利差调整,4.008264008042896,1.4470490080428955,0,水平代理；不能复现原偏离度,False
2011-12-07,3.5775390080428955,SHIBOR_1W+利差调整,3.9986106747095618,1.447790674709562,0,水平代理；不能复现原偏离度,False
2011-12-07,3.5775390080428955,SHIBOR_1W+利差调整,3.9986106747095618,1.4477906747095621,0,水平代理；不能复现原偏离度,False
2011-12-08,3.6159390080428953,SHIBOR_1W+利差调整,3.9960423413762287,1.4485323413762288,0,水平代理；不能复现原偏离度,False
2011-12-08,3.6159390080428953,SHIBOR_1W+利差调整,3.9960423413762287,1.4485323413762288,0,水平代理；不能复现原偏离度,False
2011-12-09,3.677539008042896,SHIBOR_1W+利差调整,4.000194008042896,1.4492740080428954,0,水平代理；不能复现原偏离度,False
2011-12-09,3.6775390080428956,SHIBOR_1W+利差调整,4.000194008042896,1.4492740080428954,0,水平代理；不能复现原偏离度,False
2011-12-12,3.685939008042896,SHIBOR_1W+利差调整,4.004375674709562,1.450015674709562,0,水平代理；不能复现原偏离度,False
2011-12-12,3.6859390080428955,SHIBOR_1W+利差调整,4.004375674709562,1.450015674709562,0,水平代理；不能复现原偏离度,False
2011-12-13,3.643981124497992,SHIBOR_1W+利差调整,4.006687791164659,1.4504994578313255,0,水平代理；不能复现原偏离度,False
2011-12-13,3.643981124497992,SHIBOR_1W+利差调整,4.006687791164659,1.4504994578313255,0,水平代理；不能复现原偏离度,False
2011-12-14,3.3567390080428954,SHIBOR_1W+利差调整,4.005109008042895,1.4514990080428951,0,水平代理；不能复现原偏离度,False
2011-12-14,3.3567390080428954,SHIBOR_1W+利差调整,4.005109008042895,1.4514990080428953,0,水平代理；不能复现原偏离度,False
2011-12-15,3.5959390080428952,SHIBOR_1W+利差调整,4.003429008042896,1.452240674709562,0,水平代理；不能复现原偏离度,False
2011-12-15,3.5959390080428952,SHIBOR_1W+利差调整,4.003429008042896,1.452240674709562,0,水平代理；不能复现原偏离度,False
2011-12-16,3.2050390080428954,SHIBOR_1W+利差调整,3.9878456747095616,1.452454174709562,0,水平代理；不能复现原偏离度,False
2011-12-16,3.2050390080428954,SHIBOR_1W+利差调整,3.9878456747095616,1.452454174709562,0,水平代理；不能复现原偏离度,False
2011-12-19,3.1542390080428957,SHIBOR_1W+利差调整,3.9699873413762288,1.452667674709562,0,水平代理；不能复现原偏离度,False
2011-12-19,3.1542390080428953,SHIBOR_1W+利差调整,3.9699873413762288,1.452667674709562,0,水平代理；不能复现原偏离度,False
2011-12-20,3.3675390080428955,SHIBOR_1W+利差调整,3.9586256747095616,1.452881174709562,0,水平代理；不能复现原偏离度,False
2011-12-20,3.3675390080428955,SHIBOR_1W+利差调整,3.9586256747095616,1.452881174709562,0,水平代理；不能复现原偏离度,False
2011-12-21,3.745039008042896,SHIBOR_1W+利差调整,3.949209008042896,1.453094674709562,0,水平代理；不能复现原偏离度,False
2011-12-21,3.7450390080428955,SHIBOR_1W+利差调整,3.9492090080428954,1.453094674709562,0,水平代理；不能复现原偏离度,False
2011-12-22,3.919781124497992,SHIBOR_1W+利差调整,3.948339457831325,1.4530502911646588,0,水平代理；不能复现原偏离度,False
2011-12-22,3.919781124497992,SHIBOR_1W+利差调整,3.948339457831325,1.4530502911646588,0,水平代理；不能复现原偏离度,False
2011-12-23,3.8859390080428953,SHIBOR_1W+利差调整,3.933139008042896,1.453521674709562,0,水平代理；不能复现原偏离度,False
2011-12-23,3.8859390080428953,SHIBOR_1W+利差调整,3.9331390080428954,1.453521674709562,0,水平代理；不能复现原偏离度,False
2011-12-26,4.242539008042895,SHIBOR_1W+利差调整,3.921235674709562,1.4537351747095622,0,水平代理；不能复现原偏离度,False
2011-12-26,4.242539008042895,SHIBOR_1W+利差调整,3.921235674709562,1.4537351747095622,0,水平代理；不能复现原偏离度,False
2011-12-27,4.530510695187166,SHIBOR_1W+利差调整,3.909419028520499,1.4535203618538326,0,水平代理；不能复现原偏离度,False
2011-12-27,4.530510695187166,SHIBOR_1W+利差调整,3.909419028520499,1.4535203618538326,0,水平代理；不能复现原偏离度,False
2011-12-28,4.875939008042895,SHIBOR_1W+利差调整,3.905292341376229,1.454162174709562,0,水平代理；不能复现原偏离度,False
2011-12-28,4.875939008042895,SHIBOR_1W+利差调整,3.905292341376229,1.454162174709562,0,水平代理；不能复现原偏离度,False
2011-12-29,5.565510695187166,SHIBOR_1W+利差调整,3.9124056951871657,1.4539473618538326,0,水平代理；不能复现原偏离度,False
2011-12-29,5.565510695187166,SHIBOR_1W+利差调整,3.9124056951871657,1.4539473618538326,0,水平代理；不能复现原偏离度,False
2011-12-30,5.727539008042895,SHIBOR_1W+利差调整,3.9259306747095617,1.4547240080428956,0,水平代理；不能复现原偏离度,False
2011-12-30,5.727539008042895,SHIBOR_1W+利差调整,3.9259306747095617,1.4547240080428956,0,水平代理；不能复现原偏离度,False
2011-12-31,6.476310695187166,SHIBOR_1W+利差调整,3.957197361853832,1.4546440285204991,0,水平代理；不能复现原偏离度,False
2011-12-31,6.476310695187166,SHIBOR_1W+利差调整,3.957197361853832,1.4546440285204991,0,水平代理；不能复现原偏离度,False
2012-01-04,4.167539008042896,SHIBOR_1W+利差调整,3.954680674709562,1.4554206747095622,0,水平代理；不能复现原偏离度,False
2012-01-04,4.167539008042896,SHIBOR_1W+利差调整,3.954680674709562,1.4554206747095622,0,水平代理；不能复现原偏离度,False
2012-01-05,4.650510695187166,SHIBOR_1W+利差调整,3.9740590285204993,1.455340695187166,0,水平代理；不能复现原偏离度,False
2012-01-05,4.650510695187166,SHIBOR_1W+利差调整,3.9740590285204993,1.455340695187166,0,水平代理；不能复现原偏离度,False
2012-01-06,4.447110695187166,SHIBOR_1W+利差调整,3.993210695187166,1.4556890285204993,0,水平代理；不能复现原偏离度,False
2012-01-06,4.447110695187166,SHIBOR_1W+利差调整,3.993210695187166,1.4556890285204993,0,水平代理；不能复现原偏离度,False
2012-01-09,4.654610695187166,SHIBOR_1W+利差调整,4.015890695187166,1.4560373618538325,0,水平代理；不能复现原偏离度,False
2012-01-09,4.654610695187166,SHIBOR_1W+利差调整,4.015890695187166,1.4560373618538325,0,水平代理；不能复现原偏离度,False
2012-01-10,4.248439008042896,SHIBOR_1W+利差调整,4.029014008042895,1.4568140080428953,0,水平代理；不能复现原偏离度,False
2012-01-10,4.2484390080428955,SHIBOR_1W+利差调整,4.029014008042895,1.4568140080428953,0,水平代理；不能复现原偏离度,False
2012-01-11,4.142539008042895,SHIBOR_1W+利差调整,4.037389008042895,1.457162341376229,0,水平代理；不能复现原偏离度,False
2012-01-11,4.142539008042895,SHIBOR_1W+利差调整,4.037389008042895,1.4571623413762287,0,水平代理；不能复现原偏离度,False
2012-01-12,4.312539008042895,SHIBOR_1W+利差调整,4.050957341376229,1.457510674709562,0,水平代理；不能复现原偏离度,False
2012-01-12,4.312539008042895,SHIBOR_1W+利差调整,4.050957341376229,1.4575106747095619,0,水平代理；不能复现原偏离度,False
2012-01-13,4.985039008042896,SHIBOR_1W+利差调整,4.073970674709562,1.4578590080428953,0,水平代理；不能复现原偏离度,False
2012-01-13,4.985039008042896,SHIBOR_1W+利差调整,4.073970674709562,1.4578590080428953,0,水平代理；不能复现原偏离度,False
2012-01-16,5.731310695187166,SHIBOR_1W+利差调整,4.109389028520499,1.4579611951871658,0,水平代理；不能复现原偏离度,False
2012-01-16,5.731310695187166,SHIBOR_1W+利差调整,4.109389028520499,1.4579611951871658,0,水平代理；不能复现原偏离度,False
2012-01-17,7.558010695187166,SHIBOR_1W+利差调整,4.176195695187166,1.4584916951871658,0,水平代理；不能复现原偏离度,False
2012-01-17,7.558010695187166,SHIBOR_1W+利差调整,4.176195695187166,1.4584916951871658,0,水平代理；不能复现原偏离度,False
2012-01-18,8.046739008042897,SHIBOR_1W+利差调整,4.241790674709562,1.4594505080428954,0,水平代理；不能复现原偏离度,False
2012-01-18,8.046739008042897,SHIBOR_1W+利差调整,4.241790674709562,1.4594505080428954,0,水平代理；不能复现原偏离度,False
2012-01-19,6.158439008042896,SHIBOR_1W+利差调整,4.273790674709562,1.4599810080428954,0,水平代理；不能复现原偏离度,False
2012-01-19,6.158439008042896,SHIBOR_1W+利差调整,4.273790674709562,1.4599810080428954,0,水平代理；不能复现原偏离度,False
2012-01-20,5.138439008042895,SHIBOR_1W+利差调整,4.281290674709562,1.4605115080428954,0,水平代理；不能复现原偏离度,False
2012-01-20,5.138439008042895,SHIBOR_1W+利差调整,4.281290674709562,1.4605115080428954,0,水平代理；不能复现原偏离度,False
2012-01-21,4.077539008042896,SHIBOR_1W+利差调整,4.263817341376229,1.4610420080428954,0,水平代理；不能复现原偏离度,False
2012-01-21,4.077539008042896,SHIBOR_1W+利差调整,4.263817341376229,1.4610420080428954,0,水平代理；不能复现原偏离度,False
2012-01-29,4.377539008042896,SHIBOR_1W+利差调整,4.251942341376229,1.4615725080428954,0,水平代理；不能复现原偏离度,False
2012-01-29,4.377539008042896,SHIBOR_1W+利差调整,4.251942341376229,1.4615725080428954,0,水平代理；不能复现原偏离度,False
2012-01-30,4.493039008042896,SHIBOR_1W+利差调整,4.251810674709562,1.4621030080428956,0,水平代理；不能复现原偏离度,False
2012-01-30,4.493039008042896,SHIBOR_1W+利差调整,4.251810674709562,1.4621030080428956,0,水平代理；不能复现原偏离度,False
2012-01-31,4.460939008042895,SHIBOR_1W+利差调整,4.2621173413762286,1.4626335080428956,0,水平代理；不能复现原偏离度,False
2012-01-31,4.460939008042895,SHIBOR_1W+利差调整,4.2621173413762286,1.4626335080428956,0,水平代理；不能复现原偏离度,False
2012-02-01,4.503439008042895,SHIBOR_1W+利差调整,4.278104008042896,1.4631640080428956,0,水平代理；不能复现原偏离度,False
2012-02-01,4.503439008042895,SHIBOR_1W+利差调整,4.278104008042896,1.4631640080428956,0,水平代理；不能复现原偏离度,False
2012-02-02,4.473439008042895,SHIBOR_1W+利差调整,4.291910674709562,1.4636841747095624,0,水平代理；不能复现原偏离度,False
2012-02-02,4.473439008042895,SHIBOR_1W+利差调整,4.291910674709562,1.4636841747095624,0,水平代理；不能复现原偏离度,False
2012-02-03,3.4592390080428954,SHIBOR_1W+利差调整,4.287647341376228,1.464204341376229,0,水平代理；不能复现原偏离度,False
2012-02-03,3.4592390080428954,SHIBOR_1W+利差调整,4.287647341376228,1.464204341376229,0,水平代理；不能复现原偏离度,False
2012-02-06,3.5892390080428958,SHIBOR_1W+利差调整,4.285717341376229,1.4647245080428957,0,水平代理；不能复现原偏离度,False
2012-02-06,3.5892390080428953,SHIBOR_1W+利差调整,4.285717341376229,1.4647245080428957,0,水平代理；不能复现原偏离度,False
2012-02-07,3.647004557640751,SHIBOR_1W+利差调整,4.2856778909740845,1.4655102243074172,0,水平代理；不能复现原偏离度,False
2012-02-07,3.647004557640751,SHIBOR_1W+利差调整,4.2856778909740845,1.4655102243074172,0,水平代理；不能复现原偏离度,False
2012-02-08,3.8571106951871656,SHIBOR_1W+利差调整,4.288885695187166,1.4653365285204991,0,水平代理；不能复现原偏离度,False
2012-02-08,3.8571106951871656,SHIBOR_1W+利差调整,4.288885695187166,1.4653365285204991,0,水平代理；不能复现原偏离度,False
2012-02-09,3.8171106951871656,SHIBOR_1W+利差调整,4.291732361853833,1.4658566951871657,0,水平代理；不能复现原偏离度,False
2012-02-09,3.8171106951871656,SHIBOR_1W+利差调整,4.291732361853833,1.4658566951871657,0,水平代理；不能复现原偏离度,False
2012-02-10,3.787539008042896,SHIBOR_1W+利差调整,4.297729008042896,1.4668051747095625,0,水平代理；不能复现原偏离度,False
2012-02-10,3.7875390080428954,SHIBOR_1W+利差调整,4.297729008042896,1.4668051747095623,0,水平代理；不能复现原偏离度,False
2012-02-13,3.798239008042896,SHIBOR_1W+利差调整,4.303629008042895,1.4673253413762288,0,水平代理；不能复现原偏离度,False
2012-02-13,3.798239008042896,SHIBOR_1W+利差调整,4.303629008042895,1.4673253413762288,0,水平代理；不能复现原偏离度,False
2012-02-14,3.916739008042896,SHIBOR_1W+利差调整,4.310712341376229,1.4678455080428956,0,水平代理；不能复现原偏离度,False
2012-02-14,3.9167390080428954,SHIBOR_1W+利差调整,4.310712341376229,1.4678455080428956,0,水平代理；不能复现原偏离度,False
2012-02-15,4.031739008042895,SHIBOR_1W+利差调整,4.316254008042895,1.468365674709562,0,水平代理；不能复现原偏离度,False
2012-02-15,4.031739008042895,SHIBOR_1W+利差调整,4.316254008042895,1.468365674709562,0,水平代理；不能复现原偏离度,False
2012-02-16,4.475039008042895,SHIBOR_1W+利差调整,4.326735674709562,1.4688675080428957,0,水平代理；不能复现原偏离度,False
2012-02-16,4.475039008042895,SHIBOR_1W+利差调整,4.326735674709562,1.4688675080428955,0,水平代理；不能复现原偏离度,False
2012-02-17,5.325939008042895,SHIBOR_1W+利差调整,4.342902341376229,1.469369341376229,0,水平代理；不能复现原偏离度,False
2012-02-17,5.325939008042895,SHIBOR_1W+利差调整,4.342902341376229,1.469369341376229,0,水平代理；不能复现原偏离度,False
2012-02-20,5.493939008042895,SHIBOR_1W+利差调整,4.358494008042896,1.4698711747095623,0,水平代理；不能复现原偏离度,False
2012-02-20,5.493939008042895,SHIBOR_1W+利差调整,4.3584940080428956,1.4698711747095623,0,水平代理；不能复现原偏离度,False
2012-02-21,5.269610695187167,SHIBOR_1W+利差调整,4.371245695187167,1.4699446951871658,0,水平代理；不能复现原偏离度,False
2012-02-21,5.269610695187167,SHIBOR_1W+利差调整,4.371245695187167,1.4699446951871658,0,水平代理；不能复现原偏离度,False
2012-02-22,5.178439008042895,SHIBOR_1W+利差调整,4.387119008042896,1.470874841376229,0,水平代理；不能复现原偏离度,False
2012-02-22,5.178439008042895,SHIBOR_1W+利差调整,4.3871190080428955,1.470874841376229,0,水平代理；不能复现原偏离度,False
2012-02-23,5.631739008042896,SHIBOR_1W+利差调整,4.411272341376229,1.471376674709562,0,水平代理；不能复现原偏离度,False
2012-02-23,5.631739008042896,SHIBOR_1W+利差调整,4.411272341376229,1.471376674709562,0,水平代理；不能复现原偏离度,False
2012-02-24,4.62870455764075,SHIBOR_1W+利差调整,4.41984455764075,1.4721440576407507,0,水平代理；不能复现原偏离度,False
2012-02-24,4.62870455764075,SHIBOR_1W+利差调整,4.41984455764075,1.4721440576407507,0,水平代理；不能复现原偏离度,False
2012-02-27,3.791739008042896,SHIBOR_1W+利差调整,4.419704008042896,1.4723803413762289,0,水平代理；不能复现原偏离度,False
2012-02-27,3.7917390080428954,SHIBOR_1W+利差调整,4.4197040080428955,1.4723803413762289,0,水平代理；不能复现原偏离度,False
2012-02-28,3.800039008042896,SHIBOR_1W+利差调整,4.4145223413762285,1.4728821747095622,0,水平代理；不能复现原偏离度,False
2012-02-28,3.8000390080428956,SHIBOR_1W+利差调整,4.4145223413762285,1.4728821747095622,0,水平代理；不能复现原偏离度,False
2012-02-29,3.6180106951871656,SHIBOR_1W+利差调整,4.405760695187166,1.4729556951871658,0,水平代理；不能复现原偏离度,False
2012-02-29,3.6180106951871656,SHIBOR_1W+利差调整,4.405760695187166,1.4729556951871658,0,水平代理；不能复现原偏离度,False
2012-03-01,3.410939008042896,SHIBOR_1W+利差调整,4.399849008042895,1.4739371747095622,0,水平代理；不能复现原偏离度,False
2012-03-01,3.4109390080428956,SHIBOR_1W+利差调整,4.399849008042895,1.4739371747095622,0,水平代理；不能复现原偏离度,False
2012-03-02,3.4150390080428954,SHIBOR_1W+利差调整,4.399432341376229,1.474490341376229,0,水平代理；不能复现原偏离度,False
2012-03-02,3.4150390080428954,SHIBOR_1W+利差调整,4.399432341376229,1.474490341376229,0,水平代理；不能复现原偏离度,False
2012-03-05,3.285510695187166,SHIBOR_1W+利差调整,4.394754028520499,1.4746151951871658,0,水平代理；不能复现原偏离度,False
2012-03-05,3.285510695187166,SHIBOR_1W+利差调整,4.394754028520499,1.4746151951871658,0,水平代理；不能复现原偏离度,False
2012-03-06,3.2768045576407507,SHIBOR_1W+利差调整,4.3904312243074175,1.4758622243074175,0,水平代理；不能复现原偏离度,False
2012-03-06,3.2768045576407507,SHIBOR_1W+利差调整,4.3904312243074175,1.4758622243074175,0,水平代理；不能复现原偏离度,False
2012-03-07,3.2363106951871656,SHIBOR_1W+利差调整,4.383417361853833,1.475721528520499,0,水平代理；不能复现原偏离度,False
2012-03-07,3.2363106951871656,SHIBOR_1W+利差调整,4.383417361853833,1.475721528520499,0,水平代理；不能复现原偏离度,False
2012-03-08,3.078981124497992,SHIBOR_1W+利差调整,4.373616124497992,1.476445124497992,0,水平代理；不能复现原偏离度,False
2012-03-08,3.078981124497992,SHIBOR_1W+利差调整,4.373616124497992,1.476445124497992,0,水平代理；不能复现原偏离度,False
2012-03-09,3.115304557640751,SHIBOR_1W+利差调整,4.364624557640751,1.4775217243074177,0,水平代理；不能复现原偏离度,False
2012-03-09,3.115304557640751,SHIBOR_1W+利差调整,4.364624557640751,1.4775217243074177,0,水平代理；不能复现原偏离度,False
2012-03-12,2.9421106951871656,SHIBOR_1W+利差调整,4.352235695187165,1.4773810285204991,0,水平代理；不能复现原偏离度,False
2012-03-12,2.9421106951871656,SHIBOR_1W+利差调整,4.352235695187165,1.4773810285204991,0,水平代理；不能复现原偏离度,False
2012-03-13,3.1425390080428954,SHIBOR_1W+利差调整,4.349094008042896,1.4783625080428953,0,水平代理；不能复现原偏离度,False
2012-03-13,3.1425390080428954,SHIBOR_1W+利差调整,4.349094008042896,1.4783625080428953,0,水平代理；不能复现原偏离度,False
2012-03-14,3.1467390080428954,SHIBOR_1W+利差调整,4.341607341376228,1.478915674709562,0,水平代理；不能复现原偏离度,False
2012-03-14,3.1467390080428954,SHIBOR_1W+利差调整,4.341607341376228,1.478915674709562,0,水平代理；不能复现原偏离度,False
2012-03-15,3.027539008042895,SHIBOR_1W+利差调整,4.338649008042895,1.4791950080428953,0,水平代理；不能复现原偏离度,False
2012-03-15,3.027539008042895,SHIBOR_1W+利差调整,4.3386490080428946,1.4791950080428953,0,水平代理；不能复现原偏离度,False
2012-03-16,3.0442390080428954,SHIBOR_1W+利差调整,4.336815674709563,1.4794743413762288,0,水平代理；不能复现原偏离度,False
2012-03-16,3.0442390080428954,SHIBOR_1W+利差调整,4.336815674709563,1.4794743413762288,0,水平代理；不能复现原偏离度,False
2012-03-19,3.034610695187166,SHIBOR_1W+利差调整,4.330845695187166,1.4793253618538325,0,水平代理；不能复现原偏离度,False
2012-03-19,3.034610695187166,SHIBOR_1W+利差调整,4.330845695187166,1.4793253618538325,0,水平代理；不能复现原偏离度,False
2012-03-20,3.1450390080428954,SHIBOR_1W+利差调整,4.321274008042895,1.4800330080428954,0,水平代理；不能复现原偏离度,False
2012-03-20,3.1450390080428954,SHIBOR_1W+利差调整,4.321274008042895,1.4800330080428954,0,水平代理；不能复现原偏离度,False
2012-03-21,3.2225390080428955,SHIBOR_1W+利差调整,4.309649008042896,1.4803123413762287,0,水平代理；不能复现原偏离度,False
2012-03-21,3.2225390080428955,SHIBOR_1W+利差调整,4.3096490080428955,1.4803123413762287,0,水平代理；不能复现原偏离度,False
2012-03-22,3.315039008042896,SHIBOR_1W+利差调整,4.300134008042895,1.480591674709562,0,水平代理；不能复现原偏离度,False
2012-03-22,3.315039008042896,SHIBOR_1W+利差调整,4.300134008042895,1.480591674709562,0,水平代理；不能复现原偏离度,False
2012-03-23,3.1225390080428954,SHIBOR_1W+利差调整,4.281467341376229,1.4808710080428955,0,水平代理；不能复现原偏离度,False
2012-03-23,3.1225390080428954,SHIBOR_1W+利差调整,4.281467341376229,1.4808710080428955,0,水平代理；不能复现原偏离度,False
2012-03-26,3.445039008042895,SHIBOR_1W+利差调整,4.263369008042895,1.4811503413762288,0,水平代理；不能复现原偏离度,False
2012-03-26,3.445039008042895,SHIBOR_1W+利差调整,4.263369008042895,1.4811503413762288,0,水平代理；不能复现原偏离度,False
2012-03-27,3.390939008042896,SHIBOR_1W+利差调整,4.238619008042895,1.481429674709562,0,水平代理；不能复现原偏离度,False
2012-03-27,3.3909390080428956,SHIBOR_1W+利差调整,4.238619008042895,1.481429674709562,0,水平代理；不能复现原偏离度,False
2012-03-28,3.6713106951871657,SHIBOR_1W+利差调整,4.206620695187167,1.4812806951871658,0,水平代理；不能复现原偏离度,False
2012-03-28,3.6713106951871657,SHIBOR_1W+利差调整,4.206620695187167,1.4812806951871658,0,水平代理；不能复现原偏离度,False
2012-03-29,3.642139008042896,SHIBOR_1W+利差调整,4.172292341376229,1.4821070080428953,0,水平代理；不能复现原偏离度,False
2012-03-29,3.6421390080428955,SHIBOR_1W+利差调整,4.172292341376229,1.4821070080428953,0,水平代理；不能复现原偏离度,False
2012-03-30,3.853439008042896,SHIBOR_1W+利差调整,4.128570674709562,1.4825050080428954,0,水平代理；不能复现原偏离度,False
2012-03-30,3.8534390080428955,SHIBOR_1W+利差调整,4.128570674709562,1.4825050080428954,0,水平代理；不能复现原偏离度,False
2012-03-31,3.5882390080428954,SHIBOR_1W+利差调整,4.118915674709562,1.4829030080428955,0,水平代理；不能复现原偏离度,False
2012-03-31,3.5882390080428954,SHIBOR_1W+利差调整,4.118915674709562,1.4829030080428955,0,水平代理；不能复现原偏离度,False
2012-04-01,3.586739008042896,SHIBOR_1W+利差调整,4.101179008042895,1.4833010080428954,0,水平代理；不能复现原偏离度,False
2012-04-01,3.5867390080428954,SHIBOR_1W+利差调整,4.101179008042895,1.4833010080428954,0,水平代理；不能复现原偏离度,False
2012-04-05,4.112539008042896,SHIBOR_1W+利差调整,4.095595674709562,1.4836990080428951,0,水平代理；不能复现原偏离度,False
2012-04-05,4.112539008042896,SHIBOR_1W+利差调整,4.095595674709562,1.4836990080428953,0,水平代理；不能复现原偏离度,False
2012-04-06,4.372539008042895,SHIBOR_1W+利差调整,4.090887341376229,1.4840970080428957,0,水平代理；不能复现原偏离度,False
2012-04-06,4.372539008042895,SHIBOR_1W+利差调整,4.090887341376229,1.4840970080428957,0,水平代理；不能复现原偏离度,False
2012-04-09,3.890939008042896,SHIBOR_1W+利差调整,4.084929008042895,1.4844950080428956,0,水平代理；不能复现原偏离度,False
2012-04-09,3.8909390080428956,SHIBOR_1W+利差调整,4.084929008042895,1.4844950080428956,0,水平代理；不能复现原偏离度,False
2012-04-10,3.847539008042896,SHIBOR_1W+利差调整,4.080012341376229,1.4848930080428957,0,水平代理；不能复现原偏离度,False
2012-04-10,3.8475390080428955,SHIBOR_1W+利差调整,4.080012341376229,1.4848930080428955,0,水平代理；不能复现原偏离度,False
2012-04-11,3.927539008042896,SHIBOR_1W+利差调整,4.073595674709562,1.4852910080428956,0,水平代理；不能复现原偏离度,False
2012-04-11,3.9275390080428956,SHIBOR_1W+利差调整,4.073595674709562,1.4852910080428956,0,水平代理；不能复现原偏离度,False
2012-04-12,3.9459390080428953,SHIBOR_1W+利差调整,4.056277341376228,1.4856890080428955,0,水平代理；不能复现原偏离度,False
2012-04-12,3.9459390080428953,SHIBOR_1W+利差调整,4.056277341376228,1.4856890080428955,0,水平代理；不能复现原偏离度,False
2012-04-13,3.940510695187166,SHIBOR_1W+利差调整,4.026002361853832,1.485967528520499,0,水平代理；不能复现原偏离度,False
2012-04-13,3.940510695187166,SHIBOR_1W+利差调整,4.026002361853832,1.485967528520499,0,水平代理；不能复现原偏离度,False
2012-04-16,3.9463106951871656,SHIBOR_1W+利差调整,3.965807361853833,1.4866743618538325,0,水平代理；不能复现原偏离度,False
2012-04-16,3.9463106951871656,SHIBOR_1W+利差调整,3.965807361853833,1.4866743618538325,0,水平代理；不能复现原偏离度,False
2012-04-17,3.898439008042896,SHIBOR_1W+利差调整,3.8970973413762287,1.4878095080428957,0,水平代理；不能复现原偏离度,False
2012-04-17,3.8984390080428954,SHIBOR_1W+利差调整,3.8970973413762287,1.4878095080428957,0,水平代理；不能复现原偏离度,False
2012-04-18,3.895110695187166,SHIBOR_1W+利差调整,3.858954028520499,1.4880880285204992,0,水平代理；不能复现原偏离度,False
2012-04-18,3.895110695187166,SHIBOR_1W+利差调整,3.858954028520499,1.4880880285204992,0,水平代理；不能复现原偏离度,False
2012-04-19,3.949239008042896,SHIBOR_1W+利差调整,3.839562341376229,1.4892231747095623,0,水平代理；不能复现原偏离度,False
2012-04-19,3.9492390080428956,SHIBOR_1W+利差调整,3.8395623413762285,1.4892231747095623,0,水平代理；不能复现原偏离度,False
2012-04-20,4.099239008042896,SHIBOR_1W+利差调整,3.839924008042895,1.4899300080428954,0,水平代理；不能复现原偏离度,False
2012-04-20,4.099239008042896,SHIBOR_1W+利差调整,3.839924008042895,1.4899300080428954,0,水平代理；不能复现原偏离度,False
2012-04-23,3.910939008042896,SHIBOR_1W+利差调整,3.8321473413762286,1.490636841376229,0,水平代理；不能复现原偏离度,False
2012-04-23,3.9109390080428956,SHIBOR_1W+利差调整,3.8321473413762286,1.490636841376229,0,水平代理；不能复现原偏离度,False
2012-04-24,3.943439008042896,SHIBOR_1W+利差调整,3.822987341376229,1.4913436747095623,0,水平代理；不能复现原偏离度,False
2012-04-24,3.9434390080428954,SHIBOR_1W+利差调整,3.822987341376229,1.4913436747095623,0,水平代理；不能复现原偏离度,False
2012-04-25,4.060039008042896,SHIBOR_1W+利差调整,3.816305674709562,1.4920505080428956,0,水平代理；不能复现原偏离度,False
2012-04-25,4.060039008042896,SHIBOR_1W+利差调整,3.816305674709562,1.4920505080428956,0,水平代理；不能复现原偏离度,False
2012-04-26,4.117539008042896,SHIBOR_1W+利差调整,3.809874008042896,1.492757341376229,0,水平代理；不能复现原偏离度,False
2012-04-26,4.117539008042896,SHIBOR_1W+利差调整,3.809874008042896,1.492757341376229,0,水平代理；不能复现原偏离度,False
2012-04-27,4.018810695187166,SHIBOR_1W+利差调整,3.8018756951871655,1.4930218618538325,0,水平代理；不能复现原偏离度,False
2012-04-27,4.018810695187166,SHIBOR_1W+利差调整,3.8018756951871655,1.4930218618538325,0,水平代理；不能复现原偏离度,False
2012-04-28,3.9259106951871656,SHIBOR_1W+利差调整,3.809660695187165,1.4937146951871658,0,水平代理；不能复现原偏离度,False
2012-04-28,3.9259106951871656,SHIBOR_1W+利差调整,3.809660695187165,1.4937146951871658,0,水平代理；不能复现原偏离度,False
2012-05-02,3.9467390080428952,SHIBOR_1W+利差调整,3.816047341376229,1.494835841376229,0,水平代理；不能复现原偏离度,False
2012-05-02,3.9467390080428952,SHIBOR_1W+利差调整,3.816047341376229,1.494835841376229,0,水平代理；不能复现原偏离度,False
2012-05-03,3.999639008042896,SHIBOR_1W+利差调整,3.821929008042896,1.4955286747095622,0,水平代理；不能复现原偏离度,False
2012-05-03,3.9996390080428954,SHIBOR_1W+利差调整,3.8219290080428956,1.4955286747095622,0,水平代理；不能复现原偏离度,False
2012-05-04,3.975939008042896,SHIBOR_1W+利差调整,3.823902341376229,1.4962215080428956,0,水平代理；不能复现原偏离度,False
2012-05-04,3.9759390080428956,SHIBOR_1W+利差调整,3.8239023413762285,1.4962215080428956,0,水平代理；不能复现原偏离度,False
2012-05-07,3.9192106951871657,SHIBOR_1W+利差调整,3.825175695187165,1.496486028520499,0,水平代理；不能复现原偏离度,False
2012-05-07,3.9192106951871657,SHIBOR_1W+利差调整,3.825175695187165,1.496486028520499,0,水平代理；不能复现原偏离度,False
2012-05-08,3.8380106951871658,SHIBOR_1W+利差调整,3.826024028520499,1.4971788618538324,0,水平代理；不能复现原偏离度,False
2012-05-08,3.8380106951871658,SHIBOR_1W+利差调整,3.826024028520499,1.4971788618538324,0,水平代理；不能复现原偏离度,False
2012-05-09,3.4575390080428954,SHIBOR_1W+利差调整,3.820774008042896,1.4983000080428956,0,水平代理；不能复现原偏离度,False
2012-05-09,3.4575390080428954,SHIBOR_1W+利差调整,3.8207740080428954,1.4983000080428956,0,水平代理；不能复现原偏离度,False
2012-05-10,3.3721106951871658,SHIBOR_1W+利差调整,3.811275695187165,1.498564528520499,0,水平代理；不能复现原偏离度,False
2012-05-10,3.3721106951871658,SHIBOR_1W+利差调整,3.811275695187165,1.498564528520499,0,水平代理；不能复现原偏离度,False
2012-05-11,3.3334390080428955,SHIBOR_1W+利差调整,3.8000656747095625,1.4996856747095622,0,水平代理；不能复现原偏离度,False
2012-05-11,3.3334390080428955,SHIBOR_1W+利差调整,3.8000656747095625,1.4996856747095622,0,水平代理；不能复现原偏离度,False
2012-05-14,3.2900390080428954,SHIBOR_1W+利差调整,3.7803156747095614,1.5004235080428954,0,水平代理；不能复现原偏离度,False
2012-05-14,3.2900390080428954,SHIBOR_1W+利差调整,3.7803156747095623,1.5004235080428954,0,水平代理；不能复现原偏离度,False
2012-05-15,2.975939008042896,SHIBOR_1W+利差调整,3.741149008042896,1.501161341376229,0,水平代理；不能复现原偏离度,False
2012-05-15,2.9759390080428956,SHIBOR_1W+利差调整,3.7411490080428957,1.501161341376229,0,水平代理；不能复现原偏离度,False
2012-05-16,2.933439008042896,SHIBOR_1W+利差调整,3.6984740080428953,1.5018991747095622,0,水平代理；不能复现原偏离度,False
2012-05-16,2.933439008042896,SHIBOR_1W+利差调整,3.6984740080428953,1.5018991747095622,0,水平代理；不能复现原偏离度,False
2012-05-17,2.826739008042896,SHIBOR_1W+利差调整,3.657752341376229,1.5026370080428957,0,水平代理；不能复现原偏离度,False
2012-05-17,2.826739008042896,SHIBOR_1W+利差调整,3.657752341376229,1.5026370080428957,0,水平代理；不能复现原偏离度,False
2012-05-18,2.8321106951871657,SHIBOR_1W+利差调整,3.618225695187166,1.502946528520499,0,水平代理；不能复现原偏离度,False
2012-05-18,2.8321106951871657,SHIBOR_1W+利差调整,3.618225695187166,1.502946528520499,0,水平代理；不能复现原偏离度,False
2012-05-21,2.8209390080428958,SHIBOR_1W+利差调整,3.5718073413762284,1.504112674709562,0,水平代理；不能复现原偏离度,False
2012-05-21,2.8209390080428953,SHIBOR_1W+利差调整,3.5718073413762284,1.5041126747095621,0,水平代理；不能复现原偏离度,False
2012-05-22,2.8392390080428958,SHIBOR_1W+利差调整,3.541987341376229,1.5048505080428956,0,水平代理；不能复现原偏离度,False
2012-05-22,2.8392390080428953,SHIBOR_1W+利差调整,3.541987341376229,1.5048505080428956,0,水平代理；不能复现原偏离度,False
2012-05-23,2.5659106951871657,SHIBOR_1W+利差调整,3.5211356951871653,1.5051600285204991,0,水平代理；不能复现原偏离度,False
2012-05-23,2.5659106951871657,SHIBOR_1W+利差调整,3.5211356951871653,1.5051600285204991,0,水平代理；不能复现原偏离度,False
2012-05-24,2.3744390080428954,SHIBOR_1W+利差调整,3.497804008042896,1.5063261747095622,0,水平代理；不能复现原偏离度,False
2012-05-24,2.3744390080428954,SHIBOR_1W+利差调整,3.4978040080428956,1.5063261747095622,0,水平代理；不能复现原偏离度,False
2012-05-25,2.649239008042896,SHIBOR_1W+利差调整,3.481650674709562,1.5070640080428954,0,水平代理；不能复现原偏离度,False
2012-05-25,2.6492390080428954,SHIBOR_1W+利差调整,3.481650674709562,1.5070640080428954,0,水平代理；不能复现原偏离度,False
2012-05-28,2.6425390080428954,SHIBOR_1W+利差调整,3.468844008042895,1.507317508042895,0,水平代理；不能复现原偏离度,False
2012-05-28,2.6425390080428954,SHIBOR_1W+利差调整,3.468844008042895,1.5073175080428953,0,水平代理；不能复现原偏离度,False
2012-05-29,2.720039008042896,SHIBOR_1W+利差调整,3.4572606747095618,1.5075710080428957,0,水平代理；不能复现原偏离度,False
2012-05-29,2.720039008042896,SHIBOR_1W+利差调整,3.4572606747095618,1.5075710080428957,0,水平代理；不能复现原偏离度,False
2012-05-30,2.468439008042896,SHIBOR_1W+利差调整,3.4436356747095624,1.5078245080428954,0,水平代理；不能复现原偏离度,False
2012-05-30,2.468439008042896,SHIBOR_1W+利差调整,3.4436356747095624,1.5078245080428954,0,水平代理；不能复现原偏离度,False
2012-05-31,2.284239008042896,SHIBOR_1W+利差调整,3.427097341376229,1.5080780080428953,0,水平代理；不能复现原偏离度,False
2012-05-31,2.2842390080428956,SHIBOR_1W+利差调整,3.427097341376229,1.5080780080428953,0,水平代理；不能复现原偏离度,False
2012-06-01,2.4909390080428957,SHIBOR_1W+利差调整,3.414667341376229,1.5083315080428954,0,水平代理；不能复现原偏离度,False
2012-06-01,2.4909390080428953,SHIBOR_1W+利差调整,3.414667341376229,1.5083315080428954,0,水平代理；不能复现原偏离度,False
2012-06-04,2.6650390080428954,SHIBOR_1W+利差调整,3.4077640080428955,1.5085850080428953,0,水平代理；不能复现原偏离度,False
2012-06-04,2.6650390080428954,SHIBOR_1W+利差调整,3.4077640080428955,1.5085850080428953,0,水平代理；不能复现原偏离度,False
2012-06-05,2.743439008042895,SHIBOR_1W+利差调整,3.401570674709562,1.5088385080428952,0,水平代理；不能复现原偏离度,False
2012-06-05,2.743439008042895,SHIBOR_1W+利差调整,3.401570674709562,1.5088385080428952,0,水平代理；不能复现原偏离度,False
2012-06-06,2.7134390080428954,SHIBOR_1W+利差调整,3.3977523413762287,1.5090920080428951,0,水平代理；不能复现原偏离度,False
2012-06-06,2.7134390080428954,SHIBOR_1W+利差调整,3.3977523413762287,1.5090920080428953,0,水平代理；不能复现原偏离度,False
2012-06-07,2.8217390080428952,SHIBOR_1W+利差调整,3.392405674709562,1.5093455080428952,0,水平代理；不能复现原偏离度,False
2012-06-07,2.8217390080428952,SHIBOR_1W+利差调整,3.392405674709562,1.5093455080428952,0,水平代理；不能复现原偏离度,False
2012-06-08,2.603181124497992,SHIBOR_1W+利差调整,3.3830927911646587,1.509341124497992,0,水平代理；不能复现原偏离度,False
2012-06-08,2.603181124497992,SHIBOR_1W+利差调整,3.3830927911646587,1.509341124497992,0,水平代理；不能复现原偏离度,False
2012-06-11,2.5621390080428954,SHIBOR_1W+利差调整,3.375594008042896,1.5102183413762285,0,水平代理；不能复现原偏离度,False
2012-06-11,2.5621390080428954,SHIBOR_1W+利差调整,3.375594008042896,1.5102183413762285,0,水平代理；不能复现原偏离度,False
2012-06-12,2.679239008042896,SHIBOR_1W+利差调整,3.369510674709562,1.510837674709562,0,水平代理；不能复现原偏离度,False
2012-06-12,2.6792390080428956,SHIBOR_1W+利差调整,3.369510674709562,1.510837674709562,0,水平代理；不能复现原偏离度,False
2012-06-13,2.8350390080428958,SHIBOR_1W+利差调整,3.3661773413762286,1.5114570080428953,0,水平代理；不能复现原偏离度,False
2012-06-13,2.8350390080428953,SHIBOR_1W+利差调整,3.3661773413762286,1.5114570080428953,0,水平代理；不能复现原偏离度,False
2012-06-14,2.8417390080428957,SHIBOR_1W+利差调整,3.361122341376229,1.5120763413762286,0,水平代理；不能复现原偏离度,False
2012-06-14,2.8417390080428953,SHIBOR_1W+利差调整,3.361122341376229,1.5120763413762286,0,水平代理；不能复现原偏离度,False
2012-06-15,2.866339008042895,SHIBOR_1W+利差调整,3.355185674709562,1.512695674709562,0,水平代理；不能复现原偏离度,False
2012-06-15,2.866339008042895,SHIBOR_1W+利差调整,3.355185674709562,1.512695674709562,0,水平代理；不能复现原偏离度,False
2012-06-18,2.703439008042896,SHIBOR_1W+利差调整,3.3449923413762286,1.5133150080428954,0,水平代理；不能复现原偏离度,False
2012-06-18,2.703439008042896,SHIBOR_1W+利差调整,3.3449923413762286,1.5133150080428954,0,水平代理；不能复现原偏离度,False
2012-06-19,3.0709390080428958,SHIBOR_1W+利差调整,3.344132341376229,1.513934341376229,0,水平代理；不能复现原偏离度,False
2012-06-19,3.0709390080428953,SHIBOR_1W+利差调整,3.344132341376229,1.513934341376229,0,水平代理；不能复现原偏离度,False
2012-06-20,3.5630390080428955,SHIBOR_1W+利差调整,3.346099008042896,1.5145536747095625,0,水平代理；不能复现原偏离度,False
2012-06-20,3.5630390080428955,SHIBOR_1W+利差调整,3.346099008042896,1.5145536747095623,0,水平代理；不能复现原偏离度,False
2012-06-21,4.455039008042895,SHIBOR_1W+利差调整,3.3638340080428955,1.5151730080428956,0,水平代理；不能复现原偏离度,False
2012-06-21,4.455039008042895,SHIBOR_1W+利差调整,3.3638340080428955,1.5151730080428956,0,水平代理；不能复现原偏离度,False
2012-06-25,4.363810695187167,SHIBOR_1W+利差调整,3.3749473618538324,1.5153640285204992,0,水平代理；不能复现原偏离度,False
2012-06-25,4.363810695187167,SHIBOR_1W+利差调整,3.3749473618538324,1.5153640285204992,0,水平代理；不能复现原偏离度,False
2012-06-26,4.426310695187167,SHIBOR_1W+利差调整,3.388024028520499,1.5159948618538326,0,水平代理；不能复现原偏离度,False
2012-06-26,4.426310695187167,SHIBOR_1W+利差调整,3.388024028520499,1.5159948618538326,0,水平代理；不能复现原偏离度,False
2012-06-27,4.317539008042895,SHIBOR_1W+利差调整,3.396187341376229,1.5170540080428956,0,水平代理；不能复现原偏离度,False
2012-06-27,4.317539008042895,SHIBOR_1W+利差调整,3.396187341376229,1.5170540080428956,0,水平代理；不能复现原偏离度,False
2012-06-28,4.071739008042895,SHIBOR_1W+利差调整,3.404245674709562,1.517684841376229,0,水平代理；不能复现原偏离度,False
2012-06-28,4.071739008042895,SHIBOR_1W+利差调整,3.404245674709562,1.517684841376229,0,水平代理；不能复现原偏离度,False
2012-06-29,4.255039008042895,SHIBOR_1W+利差调整,3.415384008042895,1.5183156747095623,0,水平代理；不能复现原偏离度,False
2012-06-29,4.255039008042895,SHIBOR_1W+利差调整,3.415384008042895,1.5183156747095623,0,水平代理；不能复现原偏离度,False
2012-07-02,4.303439008042895,SHIBOR_1W+利差调整,3.418565674709562,1.5189465080428954,0,水平代理；不能复现原偏离度,False
2012-07-02,4.303439008042895,SHIBOR_1W+利差调整,3.418565674709562,1.5189465080428954,0,水平代理；不能复现原偏离度,False
2012-07-03,4.311310695187166,SHIBOR_1W+利差调整,3.417124028520499,1.5191490285204992,0,水平代理；不能复现原偏离度,False
2012-07-03,4.311310695187166,SHIBOR_1W+利差调整,3.417124028520499,1.5191490285204992,0,水平代理；不能复现原偏离度,False
2012-07-04,4.002539008042896,SHIBOR_1W+利差调整,3.419412341376229,1.5202081747095624,0,水平代理；不能复现原偏离度,False
2012-07-04,4.002539008042896,SHIBOR_1W+利差调整,3.419412341376229,1.5202081747095624,0,水平代理；不能复现原偏离度,False
2012-07-05,4.136310695187166,SHIBOR_1W+利差调整,3.423804028520499,1.520410695187166,0,水平代理；不能复现原偏离度,False
2012-07-05,4.136310695187166,SHIBOR_1W+利差调整,3.423804028520499,1.520410695187166,0,水平代理；不能复现原偏离度,False
2012-07-06,3.5775390080428955,SHIBOR_1W+利差调整,3.418399008042895,1.5214698413762289,0,水平代理；不能复现原偏离度,False
2012-07-06,3.5775390080428955,SHIBOR_1W+利差调整,3.418399008042895,1.5214698413762289,0,水平代理；不能复现原偏离度,False
2012-07-09,3.4909390080428957,SHIBOR_1W+利差调整,3.4108156747095624,1.5221006747095622,0,水平代理；不能复现原偏离度,False
2012-07-09,3.4909390080428953,SHIBOR_1W+利差调整,3.4108156747095624,1.5221006747095622,0,水平代理；不能复现原偏离度,False
2012-07-10,3.4609390080428954,SHIBOR_1W+利差调整,3.4028156747095624,1.5231548413762288,0,水平代理；不能复现原偏离度,False
2012-07-10,3.4609390080428954,SHIBOR_1W+利差调整,3.4028156747095624,1.5231548413762288,0,水平代理；不能复现原偏离度,False
2012-07-11,3.413039008042896,SHIBOR_1W+利差调整,3.393920674709562,1.5242090080428956,0,水平代理；不能复现原偏离度,False
2012-07-11,3.4130390080428956,SHIBOR_1W+利差调整,3.393920674709562,1.5242090080428956,0,水平代理；不能复现原偏离度,False
2012-07-12,3.3375390080428957,SHIBOR_1W+利差调整,3.384572341376229,1.5252631747095622,0,水平代理；不能复现原偏离度,False
2012-07-12,3.3375390080428953,SHIBOR_1W+利差调整,3.384572341376229,1.5252631747095622,0,水平代理；不能复现原偏离度,False
2012-07-13,3.4784390080428955,SHIBOR_1W+利差调整,3.3776206747095623,1.5263173413762288,0,水平代理；不能复现原偏离度,False
2012-07-13,3.4784390080428955,SHIBOR_1W+利差调整,3.3776206747095623,1.5263173413762288,0,水平代理；不能复现原偏离度,False
2012-07-16,3.421339008042896,SHIBOR_1W+利差调整,3.368822341376229,1.5273715080428951,0,水平代理；不能复现原偏离度,False
2012-07-16,3.4213390080428954,SHIBOR_1W+利差调整,3.368822341376229,1.5273715080428953,0,水平代理；不能复现原偏离度,False
2012-07-17,3.423839008042896,SHIBOR_1W+利差调整,3.357565674709562,1.528425674709562,0,水平代理；不能复现原偏离度,False
2012-07-17,3.423839008042896,SHIBOR_1W+利差调整,3.357565674709562,1.528425674709562,0,水平代理；不能复现原偏离度,False
2012-07-18,3.596739008042896,SHIBOR_1W+利差调整,3.352329008042896,1.529479841376229,0,水平代理；不能复现原偏离度,False
2012-07-18,3.5967390080428956,SHIBOR_1W+利差调整,3.3523290080428954,1.529479841376229,0,水平代理；不能复现原偏离度,False
2012-07-19,3.669239008042896,SHIBOR_1W+利差调整,3.347759008042895,1.5305340080428955,0,水平代理；不能复现原偏离度,False
2012-07-19,3.6692390080428954,SHIBOR_1W+利差调整,3.347759008042895,1.5305340080428955,0,水平代理；不能复现原偏离度,False
2012-07-20,3.710681124497992,SHIBOR_1W+利差调整,3.3416827911646587,1.531330291164659,0,水平代理；不能复现原偏离度,False
2012-07-20,3.710681124497992,SHIBOR_1W+利差调整,3.3416827911646587,1.531330291164659,0,水平代理；不能复现原偏离度,False
2012-07-23,3.700039008042896,SHIBOR_1W+利差调整,3.3349823413762283,1.532642341376229,0,水平代理；不能复现原偏离度,False
2012-07-23,3.700039008042896,SHIBOR_1W+利差调整,3.3349823413762283,1.532642341376229,0,水平代理；不能复现原偏离度,False
2012-07-24,3.518439008042896,SHIBOR_1W+利差调整,3.326635674709562,1.5331258413762288,0,水平代理；不能复现原偏离度,False
2012-07-24,3.5184390080428956,SHIBOR_1W+利差调整,3.326635674709562,1.5331258413762288,0,水平代理；不能复现原偏离度,False
2012-07-25,3.4842390080428958,SHIBOR_1W+利差调整,3.319267341376229,1.5336093413762288,0,水平代理；不能复现原偏离度,False
2012-07-25,3.4842390080428953,SHIBOR_1W+利差调整,3.319267341376229,1.5336093413762288,0,水平代理；不能复现原偏离度,False
2012-07-26,3.523010695187166,SHIBOR_1W+利差调整,3.311784028520499,1.5336645285204993,0,水平代理；不能复现原偏离度,False
2012-07-26,3.523010695187166,SHIBOR_1W+利差调整,3.311784028520499,1.5336645285204993,0,水平代理；不能复现原偏离度,False
2012-07-27,3.255939008042896,SHIBOR_1W+利差调整,3.2998173413762286,1.5345763413762288,0,水平代理；不能复现原偏离度,False
2012-07-27,3.255939008042896,SHIBOR_1W+利差调整,3.2998173413762286,1.5345763413762288,0,水平代理；不能复现原偏离度,False
2012-07-30,3.2700390080428954,SHIBOR_1W+利差调整,3.2880523413762286,1.5350598413762286,0,水平代理；不能复现原偏离度,False
2012-07-30,3.2700390080428954,SHIBOR_1W+利差调整,3.2880523413762286,1.5350598413762286,0,水平代理；不能复现原偏离度,False
2012-07-31,3.497557908847185,SHIBOR_1W+利差调整,3.2810362421805186,1.5355622421805184,0,水平代理；不能复现原偏离度,False
2012-07-31,3.497557908847185,SHIBOR_1W+利差调整,3.2810362421805186,1.5355622421805184,0,水平代理；不能复现原偏离度,False
2012-08-01,3.5642390080428954,SHIBOR_1W+利差调整,3.2764473413762283,1.5360268413762288,0,水平代理；不能复现原偏离度,False
2012-08-01,3.5642390080428954,SHIBOR_1W+利差调整,3.2764473413762283,1.5360268413762288,0,水平代理；不能复现原偏离度,False
2012-08-02,3.645939008042896,SHIBOR_1W+利差调整,3.279587341376229,1.5365103413762289,0,水平代理；不能复现原偏离度,False
2012-08-02,3.6459390080428955,SHIBOR_1W+利差调整,3.279587341376229,1.5365103413762289,0,水平代理；不能复现原偏离度,False
2012-08-03,3.538439008042896,SHIBOR_1W+利差调整,3.282352341376229,1.5369938413762287,0,水平代理；不能复现原偏离度,False
2012-08-03,3.538439008042896,SHIBOR_1W+利差调整,3.282352341376229,1.5369938413762287,0,水平代理；不能复现原偏离度,False
2012-08-06,3.546481124497992,SHIBOR_1W+利差调整,3.285649457831325,1.5372194578313254,0,水平代理；不能复现原偏离度,False
2012-08-06,3.546481124497992,SHIBOR_1W+利差调整,3.285649457831325,1.5372194578313254,0,水平代理；不能复现原偏离度,False
2012-08-07,3.403981124497992,SHIBOR_1W+利差调整,3.287552791164659,1.5379769578313254,0,水平代理；不能复现原偏离度,False
2012-08-07,3.403981124497992,SHIBOR_1W+利差调整,3.287552791164659,1.5379769578313254,0,水平代理；不能复现原偏离度,False
2012-08-08,3.399781124497992,SHIBOR_1W+利差调整,3.294621124497992,1.5387344578313256,0,水平代理；不能复现原偏离度,False
2012-08-08,3.399781124497992,SHIBOR_1W+利差调整,3.294621124497992,1.5387344578313256,0,水平代理；不能复现原偏离度,False
2012-08-09,3.4584390080428955,SHIBOR_1W+利差调整,3.303629008042896,1.539749841376229,0,水平代理；不能复现原偏离度,False
2012-08-09,3.4584390080428955,SHIBOR_1W+利差调整,3.3036290080428956,1.539749841376229,0,水平代理；不能复现原偏离度,False
2012-08-10,3.4463106951871656,SHIBOR_1W+利差调整,3.313534028520499,1.5400790285204993,0,水平代理；不能复现原偏离度,False
2012-08-10,3.4463106951871656,SHIBOR_1W+利差调整,3.313534028520499,1.5400790285204993,0,水平代理；不能复现原偏离度,False
2012-08-13,3.4846106951871656,SHIBOR_1W+利差调整,3.324409028520499,1.540836528520499,0,水平代理；不能复现原偏离度,False
2012-08-13,3.4846106951871656,SHIBOR_1W+利差调整,3.324409028520499,1.540836528520499,0,水平代理；不能复现原偏离度,False
2012-08-14,3.488439008042896,SHIBOR_1W+利差调整,3.3359623413762285,1.5420223413762288,0,水平代理；不能复现原偏离度,False
2012-08-14,3.488439008042896,SHIBOR_1W+利差调整,3.3359623413762285,1.5420223413762288,0,水平代理；不能复现原偏离度,False
2012-08-15,3.5467390080428958,SHIBOR_1W+利差调整,3.347754008042896,1.542779841376229,0,水平代理；不能复现原偏离度,False
2012-08-15,3.5467390080428953,SHIBOR_1W+利差调整,3.3477540080428954,1.542779841376229,0,水平代理；不能复现原偏离度,False
2012-08-16,3.6713106951871657,SHIBOR_1W+利差调整,3.365749028520499,1.5431090285204991,0,水平代理；不能复现原偏离度,False
2012-08-16,3.6713106951871657,SHIBOR_1W+利差调整,3.365749028520499,1.5431090285204991,0,水平代理；不能复现原偏离度,False
2012-08-17,4.049239008042895,SHIBOR_1W+利差调整,3.394090674709562,1.544294841376229,0,水平代理；不能复现原偏离度,False
2012-08-17,4.049239008042895,SHIBOR_1W+利差调整,3.394090674709562,1.544294841376229,0,水平代理；不能复现原偏离度,False
2012-08-20,3.7313106951871657,SHIBOR_1W+利差调整,3.411704028520499,1.544624028520499,0,水平代理；不能复现原偏离度,False
2012-08-20,3.7313106951871657,SHIBOR_1W+利差调整,3.411704028520499,1.544624028520499,0,水平代理；不能复现原偏离度,False
2012-08-21,3.892110695187166,SHIBOR_1W+利差调整,3.4325373618538326,1.5459748618538325,0,水平代理；不能复现原偏离度,False
2012-08-21,3.892110695187166,SHIBOR_1W+利差调整,3.4325373618538326,1.5459748618538325,0,水平代理；不能复现原偏离度,False
2012-08-22,3.9463106951871656,SHIBOR_1W+利差调整,3.4529823618538327,1.547325695187166,0,水平代理；不能复现原偏离度,False
2012-08-22,3.9463106951871656,SHIBOR_1W+利差调整,3.4529823618538327,1.547325695187166,0,水平代理；不能复现原偏离度,False
2012-08-23,3.9463106951871656,SHIBOR_1W+利差调整,3.477620695187166,1.5486765285204993,0,水平代理；不能复现原偏离度,False
2012-08-23,3.9463106951871656,SHIBOR_1W+利差调整,3.477620695187166,1.5486765285204993,0,水平代理；不能复现原偏离度,False
2012-08-24,3.766739008042896,SHIBOR_1W+利差调整,3.502757341376229,1.5504556747095624,0,水平代理；不能复现原偏离度,False
2012-08-24,3.766739008042896,SHIBOR_1W+利差调整,3.502757341376229,1.5504556747095624,0,水平代理；不能复现原偏离度,False
2012-08-27,3.5975390080428955,SHIBOR_1W+利差调整,3.521200674709562,1.5518065080428955,0,水平代理；不能复现原偏离度,False
2012-08-27,3.5975390080428955,SHIBOR_1W+利差调整,3.521200674709562,1.5518065080428955,0,水平代理；不能复现原偏离度,False
2012-08-28,3.2284390080428955,SHIBOR_1W+利差调整,3.530590674709562,1.5531573413762287,0,水平代理；不能复现原偏离度,False
2012-08-28,3.2284390080428955,SHIBOR_1W+利差调整,3.530590674709562,1.5531573413762287,0,水平代理；不能复现原偏离度,False
2012-08-29,3.6742106951871656,SHIBOR_1W+利差调整,3.545682361853833,1.5540798618538327,0,水平代理；不能复现原偏离度,False
2012-08-29,3.6742106951871656,SHIBOR_1W+利差调整,3.545682361853833,1.5540798618538327,0,水平代理；不能复现原偏离度,False
2012-08-30,3.730939008042896,SHIBOR_1W+利差调整,3.563069008042896,1.5558590080428956,0,水平代理；不能复现原偏离度,False
2012-08-30,3.7309390080428955,SHIBOR_1W+利差调整,3.5630690080428957,1.5558590080428956,0,水平代理；不能复现原偏离度,False
2012-08-31,3.657539008042896,SHIBOR_1W+利差调整,3.5769990080428955,1.557209841376229,0,水平代理；不能复现原偏离度,False
2012-08-31,3.657539008042896,SHIBOR_1W+利差调整,3.5769990080428955,1.557209841376229,0,水平代理；不能复现原偏离度,False
2012-09-03,3.538439008042896,SHIBOR_1W+利差调整,3.592582341376229,1.5585606747095622,0,水平代理；不能复现原偏离度,False
2012-09-03,3.5384390080428956,SHIBOR_1W+利差调整,3.592582341376229,1.5585606747095622,0,水平代理；不能复现原偏离度,False
2012-09-04,2.649239008042896,SHIBOR_1W+利差调整,3.5940340080428954,1.5593440080428955,0,水平代理；不能复现原偏离度,False
2012-09-04,2.6492390080428954,SHIBOR_1W+利差调整,3.5940340080428954,1.5593440080428955,0,水平代理；不能复现原偏离度,False
2012-09-05,3.574239008042896,SHIBOR_1W+利差调整,3.608950674709562,1.5601273413762289,0,水平代理；不能复现原偏离度,False
2012-09-05,3.574239008042896,SHIBOR_1W+利差调整,3.608950674709562,1.5601273413762289,0,水平代理；不能复现原偏离度,False
2012-09-06,3.548439008042896,SHIBOR_1W+利差调整,3.6208406747095614,1.5609106747095622,0,水平代理；不能复现原偏离度,False
2012-09-06,3.5484390080428954,SHIBOR_1W+利差调整,3.6208406747095623,1.5609106747095622,0,水平代理；不能复现原偏离度,False
2012-09-07,3.5375390080428954,SHIBOR_1W+利差调整,3.632437341376229,1.5616940080428956,0,水平代理；不能复现原偏离度,False
2012-09-07,3.5375390080428954,SHIBOR_1W+利差调整,3.632437341376229,1.5616940080428956,0,水平代理；不能复现原偏离度,False
2012-09-10,3.149239008042896,SHIBOR_1W+利差调整,3.637152341376229,1.562477341376229,0,水平代理；不能复现原偏离度,False
2012-09-10,3.149239008042896,SHIBOR_1W+利差调整,3.637152341376229,1.562477341376229,0,水平代理；不能复现原偏离度,False
2012-09-11,3.1440390080428955,SHIBOR_1W+利差调整,3.644495674709562,1.563260674709562,0,水平代理；不能复现原偏离度,False
2012-09-11,3.1440390080428955,SHIBOR_1W+利差调整,3.644495674709562,1.563260674709562,0,水平代理；不能复现原偏离度,False
2012-09-12,3.5813390080428955,SHIBOR_1W+利差调整,3.653002341376229,1.5640440080428957,0,水平代理；不能复现原偏离度,False
2012-09-12,3.5813390080428955,SHIBOR_1W+利差调整,3.6530023413762285,1.5640440080428957,0,水平代理；不能复现原偏离度,False
2012-09-13,3.5817390080428955,SHIBOR_1W+利差调整,3.653314008042896,1.564827341376229,0,水平代理；不能复现原偏离度,False
2012-09-13,3.5817390080428955,SHIBOR_1W+利差调整,3.6533140080428956,1.564827341376229,0,水平代理；不能复现原偏离度,False
2012-09-14,3.510039008042896,SHIBOR_1W+利差调整,3.637564008042896,1.5656106747095622,0,水平代理；不能复现原偏离度,False
2012-09-14,3.510039008042896,SHIBOR_1W+利差调整,3.637564008042896,1.5656106747095622,0,水平代理；不能复现原偏离度,False
2012-09-17,3.3900390080428955,SHIBOR_1W+利差调整,3.621327341376229,1.5663940080428955,0,水平代理；不能复现原偏离度,False
2012-09-17,3.3900390080428955,SHIBOR_1W+利差调整,3.621327341376229,1.5663940080428955,0,水平代理；不能复现原偏离度,False
2012-09-18,3.2875390080428954,SHIBOR_1W+利差调整,3.602340674709562,1.566916174709562,0,水平代理；不能复现原偏离度,False
2012-09-18,3.2875390080428954,SHIBOR_1W+利差调整,3.602340674709562,1.566916174709562,0,水平代理；不能复现原偏离度,False
2012-09-19,3.4480106951871656,SHIBOR_1W+利差调整,3.5874273618538326,1.5670100285204993,0,水平代理；不能复现原偏离度,False
2012-09-19,3.4480106951871656,SHIBOR_1W+利差调整,3.5874273618538326,1.5670100285204993,0,水平代理；不能复现原偏离度,False
2012-09-20,4.054239008042896,SHIBOR_1W+利差调整,3.587564008042895,1.5679605080428956,0,水平代理；不能复现原偏离度,False
2012-09-20,4.054239008042896,SHIBOR_1W+利差调整,3.587564008042895,1.5679605080428956,0,水平代理；不能复现原偏离度,False
2012-09-21,4.572539008042895,SHIBOR_1W+利差调整,3.592855674709562,1.5684826747095622,0,水平代理；不能复现原偏离度,False
2012-09-21,4.572539008042895,SHIBOR_1W+利差调整,3.592855674709562,1.5684826747095622,0,水平代理；不能复现原偏离度,False
2012-09-24,4.644239008042895,SHIBOR_1W+利差调整,3.5985356747095616,1.5690048413762288,0,水平代理；不能复现原偏离度,False
2012-09-24,4.644239008042895,SHIBOR_1W+利差调整,3.5985356747095616,1.5690048413762288,0,水平代理；不能复现原偏离度,False
2012-09-25,4.887281124497992,SHIBOR_1W+利差调整,3.607874457831325,1.569269124497992,0,水平代理；不能复现原偏离度,False
2012-09-25,4.887281124497992,SHIBOR_1W+利差调整,3.607874457831325,1.569269124497992,0,水平代理；不能复现原偏离度,False
2012-09-26,3.888439008042895,SHIBOR_1W+利差调整,3.606230674709562,1.5700491747095624,0,水平代理；不能复现原偏离度,False
2012-09-26,3.888439008042895,SHIBOR_1W+利差调整,3.606230674709562,1.5700491747095624,0,水平代理；不能复现原偏离度,False
2012-09-27,3.915939008042896,SHIBOR_1W+利差调整,3.602550674709562,1.570571341376229,0,水平代理；不能复现原偏离度,False
2012-09-27,3.9159390080428955,SHIBOR_1W+利差调整,3.602550674709562,1.570571341376229,0,水平代理；不能复现原偏离度,False
2012-09-28,2.973810695187166,SHIBOR_1W+利差调整,3.592067361853833,1.570665195187166,0,水平代理；不能复现原偏离度,False
2012-09-28,2.973810695187166,SHIBOR_1W+利差调整,3.592067361853833,1.570665195187166,0,水平代理；不能复现原偏离度,False
2012-09-29,3.3334390080428955,SHIBOR_1W+利差调整,3.589870674709562,1.5716156747095622,0,水平代理；不能复现原偏离度,False
2012-09-29,3.3334390080428955,SHIBOR_1W+利差调整,3.589870674709562,1.5716156747095622,0,水平代理；不能复现原偏离度,False
2012-10-08,3.959239008042896,SHIBOR_1W+利差调整,3.598175674709562,1.5728948413762287,0,水平代理；不能复现原偏离度,False
2012-10-08,3.959239008042896,SHIBOR_1W+利差调整,3.598175674709562,1.5728948413762287,0,水平代理；不能复现原偏离度,False
2012-10-09,3.8975390080428953,SHIBOR_1W+利差调整,3.606250674709562,1.5741740080428956,0,水平代理；不能复现原偏离度,False
2012-10-09,3.8975390080428953,SHIBOR_1W+利差调整,3.606250674709562,1.5741740080428956,0,水平代理；不能复现原偏离度,False
2012-10-10,3.306310695187166,SHIBOR_1W+利差调整,3.6053090285204994,1.5750248618538327,0,水平代理；不能复现原偏离度,False
2012-10-10,3.306310695187166,SHIBOR_1W+利差调整,3.6053090285204994,1.5750248618538327,0,水平代理；不能复现原偏离度,False
2012-10-11,3.307110695187166,SHIBOR_1W+利差调整,3.602460695187166,1.5763040285204992,0,水平代理；不能复现原偏离度,False
2012-10-11,3.307110695187166,SHIBOR_1W+利差调整,3.602460695187166,1.5763040285204992,0,水平代理；不能复现原偏离度,False
2012-10-12,3.3188106951871656,SHIBOR_1W+利差调整,3.600759028520499,1.5775831951871655,0,水平代理；不能复现原偏离度,False
2012-10-12,3.3188106951871656,SHIBOR_1W+利差调整,3.600759028520499,1.5775831951871655,0,水平代理；不能复现原偏离度,False
2012-10-15,2.9209390080428954,SHIBOR_1W+利差调整,3.592805674709562,1.579290674709562,0,水平代理；不能复现原偏离度,False
2012-10-15,2.9209390080428954,SHIBOR_1W+利差调整,3.592805674709562,1.579290674709562,0,水平代理；不能复现原偏离度,False
2012-10-16,2.9396106951871657,SHIBOR_1W+利差调整,3.5814323618538326,1.5801415285204994,0,水平代理；不能复现原偏离度,False
2012-10-16,2.9396106951871657,SHIBOR_1W+利差调整,3.5814323618538326,1.5801415285204994,0,水平代理；不能复现原偏离度,False
2012-10-17,2.9975390080428954,SHIBOR_1W+利差调整,3.570665674709562,1.5818490080428955,0,水平代理；不能复现原偏离度,False
2012-10-17,2.9975390080428954,SHIBOR_1W+利差调整,3.570665674709562,1.5818490080428955,0,水平代理；不能复现原偏离度,False
2012-10-18,2.826739008042896,SHIBOR_1W+利差调整,3.555929008042896,1.5831281747095622,0,水平代理；不能复现原偏离度,False
2012-10-18,2.8267390080428956,SHIBOR_1W+利差调整,3.5559290080428956,1.5831281747095622,0,水平代理；不能复现原偏离度,False
2012-10-19,2.8335390080428957,SHIBOR_1W+利差调整,3.541487341376229,1.5844073413762287,0,水平代理；不能复现原偏离度,False
2012-10-19,2.8335390080428953,SHIBOR_1W+利差调整,3.541487341376229,1.5844073413762287,0,水平代理；不能复现原偏离度,False
2012-10-22,2.8542390080428954,SHIBOR_1W+利差调整,3.530417341376229,1.5849060080428954,0,水平代理；不能复现原偏离度,False
2012-10-22,2.8542390080428954,SHIBOR_1W+利差调整,3.530417341376229,1.5849060080428954,0,水平代理；不能复现原偏离度,False
2012-10-23,3.051739008042895,SHIBOR_1W+利差调整,3.5232090080428957,1.5854046747095625,0,水平代理；不能复现原偏离度,False
2012-10-23,3.051739008042895,SHIBOR_1W+利差调整,3.5232090080428953,1.5854046747095623,0,水平代理；不能复现原偏离度,False
2012-10-24,3.2934390080428955,SHIBOR_1W+利差调整,3.519375674709562,1.585903341376229,0,水平代理；不能复现原偏离度,False
2012-10-24,3.2934390080428955,SHIBOR_1W+利差调整,3.519375674709562,1.585903341376229,0,水平代理；不能复现原偏离度,False
2012-10-25,3.764239008042896,SHIBOR_1W+利差调整,3.527847341376229,1.5864020080428956,0,水平代理；不能复现原偏离度,False
2012-10-25,3.7642390080428956,SHIBOR_1W+利差调整,3.5278473413762286,1.5864020080428956,0,水平代理；不能复现原偏离度,False
2012-10-26,3.733439008042896,SHIBOR_1W+利差调整,3.535570674709562,1.586900674709562,0,水平代理；不能复现原偏离度,False
2012-10-26,3.733439008042896,SHIBOR_1W+利差调整,3.535570674709562,1.586900674709562,0,水平代理；不能复现原偏离度,False
2012-10-29,4.342539008042896,SHIBOR_1W+利差调整,3.549654008042895,1.5873993413762286,0,水平代理；不能复现原偏离度,False
2012-10-29,4.342539008042896,SHIBOR_1W+利差调整,3.549654008042895,1.5873993413762286,0,水平代理；不能复现原偏离度,False
2012-10-30,3.3828390080428954,SHIBOR_1W+利差调整,3.5466306747095624,1.5878980080428955,0,水平代理；不能复现原偏离度,False
2012-10-30,3.3828390080428954,SHIBOR_1W+利差调整,3.5466306747095624,1.5878980080428955,0,水平代理；不能复现原偏离度,False
2012-10-31,3.365039008042896,SHIBOR_1W+利差调整,3.5419490080428955,1.588396674709562,0,水平代理；不能复现原偏离度,False
2012-10-31,3.365039008042896,SHIBOR_1W+利差调整,3.5419490080428955,1.588396674709562,0,水平代理；不能复现原偏离度,False
2012-11-01,3.5686106951871657,SHIBOR_1W+利差调整,3.5420306951871656,1.5884670285204991,0,水平代理；不能复现原偏离度,False
2012-11-01,3.5686106951871657,SHIBOR_1W+利差调整,3.5420306951871656,1.5884670285204991,0,水平代理；不能复现原偏离度,False
2012-11-02,3.5734390080428957,SHIBOR_1W+利差调整,3.5429040080428957,1.5893940080428954,0,水平代理；不能复现原偏离度,False
2012-11-02,3.5734390080428953,SHIBOR_1W+利差调整,3.5429040080428953,1.5893940080428954,0,水平代理；不能复现原偏离度,False
2012-11-05,3.4775390080428954,SHIBOR_1W+利差调整,3.544125674709562,1.5894420080428957,0,水平代理；不能复现原偏离度,False
2012-11-05,3.4775390080428954,SHIBOR_1W+利差调整,3.544125674709562,1.5894420080428957,0,水平代理；不能复现原偏离度,False
2012-11-06,3.3419390080428952,SHIBOR_1W+利差调整,3.5431573413762285,1.5894900080428953,0,水平代理；不能复现原偏离度,False
2012-11-06,3.3419390080428952,SHIBOR_1W+利差调整,3.5431573413762285,1.5894900080428953,0,水平代理；不能复现原偏离度,False
2012-11-07,3.269210695187166,SHIBOR_1W+利差调整,3.5395823618538325,1.5891096951871655,0,水平代理；不能复现原偏离度,False
2012-11-07,3.269210695187166,SHIBOR_1W+利差调整,3.5395823618538325,1.5891096951871655,0,水平代理；不能复现原偏离度,False
2012-11-08,3.425939008042896,SHIBOR_1W+利差调整,3.5396640080428954,1.5895860080428954,0,水平代理；不能复现原偏离度,False
2012-11-08,3.425939008042896,SHIBOR_1W+利差调整,3.5396640080428954,1.5895860080428954,0,水平代理；不能复现原偏离度,False
2012-11-09,3.260039008042896,SHIBOR_1W+利差调整,3.5359140080428952,1.5896340080428957,0,水平代理；不能复现原偏离度,False
2012-11-09,3.2600390080428956,SHIBOR_1W+利差调整,3.5359140080428952,1.5896340080428955,0,水平代理；不能复现原偏离度,False
2012-11-12,3.2292390080428954,SHIBOR_1W+利差调整,3.531594008042896,1.5896820080428953,0,水平代理；不能复现原偏离度,False
2012-11-12,3.2292390080428954,SHIBOR_1W+利差调整,3.531594008042896,1.5896820080428953,0,水平代理；不能复现原偏离度,False
2012-11-13,3.2972390080428955,SHIBOR_1W+利差调整,3.5274356747095625,1.589730008042895,0,水平代理；不能复现原偏离度,False
2012-11-13,3.2972390080428955,SHIBOR_1W+利差调整,3.5274356747095625,1.5897300080428953,0,水平代理；不能复现原偏离度,False
2012-11-14,3.4950390080428955,SHIBOR_1W+利差调整,3.5244906747095617,1.5897780080428954,0,水平代理；不能复现原偏离度,False
2012-11-14,3.4950390080428955,SHIBOR_1W+利差调整,3.5244906747095617,1.5897780080428954,0,水平代理；不能复现原偏离度,False
2012-11-15,3.4634390080428954,SHIBOR_1W+利差调整,3.5147273413762288,1.5898260080428952,0,水平代理；不能复现原偏离度,False
2012-11-15,3.4634390080428954,SHIBOR_1W+利差调整,3.5147273413762288,1.5898260080428952,0,水平代理；不能复现原偏离度,False
2012-11-16,3.054239008042896,SHIBOR_1W+利差调整,3.503435674709562,1.5898740080428952,0,水平代理；不能复现原偏离度,False
2012-11-16,3.0542390080428956,SHIBOR_1W+利差调整,3.503435674709562,1.5898740080428952,0,水平代理；不能复现原偏离度,False
2012-11-19,3.350510695187166,SHIBOR_1W+利差调整,3.4939806951871657,1.589457528520499,0,水平代理；不能复现原偏离度,False
2012-11-19,3.350510695187166,SHIBOR_1W+利差调整,3.4939806951871657,1.589457528520499,0,水平代理；不能复现原偏离度,False
2012-11-20,3.489239008042895,SHIBOR_1W+利差调整,3.486784008042896,1.589897674709562,0,水平代理；不能复现原偏离度,False
2012-11-20,3.489239008042895,SHIBOR_1W+利差调整,3.486784008042896,1.589897674709562,0,水平代理；不能复现原偏离度,False
2012-11-21,3.344239008042895,SHIBOR_1W+利差调整,3.476742341376229,1.589909508042895,0,水平代理；不能复现原偏离度,False
2012-11-21,3.344239008042895,SHIBOR_1W+利差调整,3.476742341376229,1.589909508042895,0,水平代理；不能复现原偏离度,False
2012-11-22,3.365039008042896,SHIBOR_1W+利差调整,3.4700473413762287,1.5899213413762283,0,水平代理；不能复现原偏离度,False
2012-11-22,3.3650390080428956,SHIBOR_1W+利差调整,3.4700473413762287,1.5899213413762285,0,水平代理；不能复现原偏离度,False
2012-11-23,2.993439008042895,SHIBOR_1W+利差调整,3.459979008042896,1.589933174709562,0,水平代理；不能复现原偏离度,False
2012-11-23,2.993439008042895,SHIBOR_1W+利差调整,3.4599790080428954,1.589933174709562,0,水平代理；不能复现原偏离度,False
2012-11-26,2.9925390080428955,SHIBOR_1W+利差调整,3.4560473413762285,1.5899450080428954,0,水平代理；不能复现原偏离度,False
2012-11-26,2.9925390080428955,SHIBOR_1W+利差调整,3.4560473413762285,1.5899450080428954,0,水平代理；不能复现原偏离度,False
2012-11-27,3.0175390080428954,SHIBOR_1W+利差调整,3.4450956747095622,1.5899568413762286,0,水平代理；不能复现原偏离度,False
2012-11-27,3.0175390080428954,SHIBOR_1W+利差调整,3.4450956747095622,1.5899568413762286,0,水平代理；不能复现原偏离度,False
2012-11-28,3.508181124497992,SHIBOR_1W+利差调整,3.4411294578313254,1.5897107911646586,0,水平代理；不能复现原偏离度,False
2012-11-28,3.508181124497992,SHIBOR_1W+利差调整,3.4411294578313254,1.5897107911646586,0,水平代理；不能复现原偏离度,False
2012-11-29,3.487281124497992,SHIBOR_1W+利差调整,3.438296124497992,1.589722624497992,0,水平代理；不能复现原偏离度,False
2012-11-29,3.487281124497992,SHIBOR_1W+利差调整,3.438296124497992,1.589722624497992,0,水平代理；不能复现原偏离度,False
2012-11-30,3.5334390080428952,SHIBOR_1W+利差调整,3.438470674709562,1.5899923413762287,0,水平代理；不能复现原偏离度,False
2012-11-30,3.5334390080428952,SHIBOR_1W+利差调整,3.438470674709562,1.5899923413762287,0,水平代理；不能复现原偏离度,False
2012-12-03,3.503939008042896,SHIBOR_1W+利差调整,3.452715674709562,1.5900153413762288,0,水平代理；不能复现原偏离度,False
2012-12-03,3.503939008042896,SHIBOR_1W+利差调整,3.452715674709562,1.5900153413762288,0,水平代理；不能复现原偏离度,False
2012-12-04,3.0297390080428954,SHIBOR_1W+利差调整,3.4436406747095623,1.590038341376229,0,水平代理；不能复现原偏离度,False
2012-12-04,3.0297390080428954,SHIBOR_1W+利差调整,3.4436406747095623,1.590038341376229,0,水平代理；不能复现原偏离度,False
2012-12-05,2.946481124497992,SHIBOR_1W+利差调整,3.4333544578313253,1.5898034578313254,0,水平代理；不能复现原偏离度,False
2012-12-05,2.946481124497992,SHIBOR_1W+利差调整,3.4333544578313253,1.5898034578313254,0,水平代理；不能复现原偏离度,False
2012-12-06,3.0297390080428954,SHIBOR_1W+利差调整,3.425149008042895,1.590084341376229,0,水平代理；不能复现原偏离度,False
2012-12-06,3.0297390080428954,SHIBOR_1W+利差调整,3.425149008042895,1.590084341376229,0,水平代理；不能复现原偏离度,False
2012-12-07,3.2007390080428952,SHIBOR_1W+利差调整,3.426007341376229,1.5901073413762288,0,水平代理；不能复现原偏离度,False
2012-12-07,3.2007390080428952,SHIBOR_1W+利差调整,3.426007341376229,1.5901073413762288,0,水平代理；不能复现原偏离度,False
2012-12-10,3.1707390080428954,SHIBOR_1W+利差调整,3.4264523413762284,1.5901303413762289,0,水平代理；不能复现原偏离度,False
2012-12-10,3.1707390080428954,SHIBOR_1W+利差调整,3.4264523413762284,1.5901303413762289,0,水平代理；不能复现原偏离度,False
2012-12-11,3.1547390080428954,SHIBOR_1W+利差调整,3.419342341376229,1.5901533413762288,0,水平代理；不能复现原偏离度,False
2012-12-11,3.1547390080428954,SHIBOR_1W+利差调整,3.419342341376229,1.5901533413762288,0,水平代理；不能复现原偏离度,False
2012-12-12,3.1627390080428954,SHIBOR_1W+利差调整,3.412359008042896,1.5901763413762289,0,水平代理；不能复现原偏离度,False
2012-12-12,3.1627390080428954,SHIBOR_1W+利差调整,3.4123590080428956,1.5901763413762289,0,水平代理；不能复现原偏离度,False
2012-12-13,2.806739008042896,SHIBOR_1W+利差调整,3.4006373413762288,1.5901993413762288,0,水平代理；不能复现原偏离度,False
2012-12-13,2.806739008042896,SHIBOR_1W+利差调整,3.4006373413762288,1.5901993413762288,0,水平代理；不能复现原偏离度,False
2012-12-14,3.1467390080428954,SHIBOR_1W+利差调整,3.396582341376229,1.5902223413762289,0,水平代理；不能复现原偏离度,False
2012-12-14,3.1467390080428954,SHIBOR_1W+利差调整,3.396582341376229,1.5902223413762289,0,水平代理；不能复现原偏离度,False
2012-12-17,3.165239008042896,SHIBOR_1W+利差调整,3.394544008042895,1.5902331747095622,0,水平代理；不能复现原偏离度,False
2012-12-17,3.1652390080428954,SHIBOR_1W+利差调整,3.394544008042895,1.5902331747095622,0,水平代理；不能复现原偏离度,False
2012-12-18,3.1457390080428955,SHIBOR_1W+利差调整,3.3894990080428955,1.5902440080428957,0,水平代理；不能复现原偏离度,False
2012-12-18,3.1457390080428955,SHIBOR_1W+利差调整,3.3894990080428955,1.5902440080428957,0,水平代理；不能复现原偏离度,False
2012-12-19,3.189739008042896,SHIBOR_1W+利差调整,3.375090674709562,1.590254841376229,0,水平代理；不能复现原偏离度,False
2012-12-19,3.1897390080428956,SHIBOR_1W+利差调整,3.375090674709562,1.590254841376229,0,水平代理；不能复现原偏离度,False
2012-12-20,3.596739008042896,SHIBOR_1W+利差调整,3.358827341376229,1.5902656747095625,0,水平代理；不能复现原偏离度,False
2012-12-20,3.5967390080428956,SHIBOR_1W+利差调整,3.358827341376229,1.5902656747095623,0,水平代理；不能复现原偏离度,False
2012-12-21,3.5427390080428958,SHIBOR_1W+利差调整,3.340469008042896,1.5902765080428956,0,水平代理；不能复现原偏离度,False
2012-12-21,3.5427390080428953,SHIBOR_1W+利差调整,3.3404690080428954,1.5902765080428956,0,水平代理；不能复现原偏离度,False
2012-12-24,3.3257390080428952,SHIBOR_1W+利差调整,3.314439008042896,1.5902873413762288,0,水平代理；不能复现原偏离度,False
2012-12-24,3.3257390080428952,SHIBOR_1W+利差调整,3.314439008042896,1.5902873413762288,0,水平代理；不能复现原偏离度,False
2012-12-25,3.9587390080428952,SHIBOR_1W+利差调整,3.315610674709562,1.590298174709562,0,水平代理；不能复现原偏离度,False
2012-12-25,3.9587390080428952,SHIBOR_1W+利差调整,3.315610674709562,1.5902981747095621,0,水平代理；不能复现原偏离度,False
2012-12-26,4.040739008042896,SHIBOR_1W+利差调整,3.3176906747095622,1.5903090080428957,0,水平代理；不能复现原偏离度,False
2012-12-26,4.040739008042896,SHIBOR_1W+利差调整,3.3176906747095622,1.5903090080428957,0,水平代理；不能复现原偏离度,False
2012-12-27,4.137739008042896,SHIBOR_1W+利差调整,3.337082341376229,1.590319841376229,0,水平代理；不能复现原偏离度,False
2012-12-27,4.137739008042896,SHIBOR_1W+利差调整,3.337082341376229,1.590319841376229,0,水平代理；不能复现原偏离度,False
2012-12-28,4.213739008042896,SHIBOR_1W+利差调整,3.351754008042896,1.5903306747095622,0,水平代理；不能复现原偏离度,False
2012-12-28,4.213739008042896,SHIBOR_1W+利差调整,3.3517540080428954,1.5903306747095622,0,水平代理；不能复现原偏离度,False
2012-12-31,4.726310695187166,SHIBOR_1W+利差调整,3.364117361853832,1.5900551951871658,0,水平代理；不能复现原偏离度,False
2012-12-31,4.726310695187166,SHIBOR_1W+利差调整,3.364117361853832,1.5900551951871658,0,水平代理；不能复现原偏离度,False
2013-01-04,4.194739008042896,SHIBOR_1W+利差调整,3.3694990080428955,1.590636341376229,0,水平代理；不能复现原偏离度,False
2013-01-04,4.194739008042896,SHIBOR_1W+利差调整,3.3694990080428955,1.590636341376229,0,水平代理；不能复现原偏离度,False
2013-01-05,3.947739008042896,SHIBOR_1W+利差调整,3.3801823413762286,1.5907891747095622,0,水平代理；不能复现原偏离度,False
2013-01-05,3.9477390080428956,SHIBOR_1W+利差调整,3.3801823413762286,1.5907891747095622,0,水平代理；不能复现原偏离度,False
2013-01-06,3.746481124497992,SHIBOR_1W+利差调整,3.387244457831325,1.590684124497992,0,水平代理；不能复现原偏离度,False
2013-01-06,3.746481124497992,SHIBOR_1W+利差调整,3.387244457831325,1.590684124497992,0,水平代理；不能复现原偏离度,False
2013-01-07,3.346739008042896,SHIBOR_1W+利差调整,3.387960674709562,1.5910948413762287,0,水平代理；不能复现原偏离度,False
2013-01-07,3.3467390080428956,SHIBOR_1W+利差调整,3.387960674709562,1.5910948413762287,0,水平代理；不能复现原偏离度,False
2013-01-08,3.2967390080428958,SHIBOR_1W+利差调整,3.394224008042896,1.591247674709562,0,水平代理；不能复现原偏离度,False
2013-01-08,3.2967390080428953,SHIBOR_1W+利差调整,3.3942240080428956,1.591247674709562,0,水平代理；不能复现原偏离度,False
2013-01-09,3.171239008042896,SHIBOR_1W+利差调整,3.398077341376229,1.5914005080428957,0,水平代理；不能复现原偏离度,False
2013-01-09,3.1712390080428956,SHIBOR_1W+利差调整,3.398077341376229,1.5914005080428955,0,水平代理；不能复现原偏离度,False
2013-01-10,3.1457390080428955,SHIBOR_1W+利差调整,3.4005473413762286,1.5915533413762288,0,水平代理；不能复现原偏离度,False
2013-01-10,3.1457390080428955,SHIBOR_1W+利差调整,3.4005473413762286,1.5915533413762288,0,水平代理；不能复现原偏离度,False
2013-01-11,2.8927390080428954,SHIBOR_1W+利差调整,3.4016473413762283,1.591706174709562,0,水平代理；不能复现原偏离度,False
2013-01-11,2.8927390080428954,SHIBOR_1W+利差调整,3.4016473413762283,1.591706174709562,0,水平代理；不能复现原偏离度,False
2013-01-14,2.9407390080428955,SHIBOR_1W+利差调整,3.403434008042895,1.5918590080428954,0,水平代理；不能复现原偏离度,False
2013-01-14,2.9407390080428955,SHIBOR_1W+利差调整,3.403434008042895,1.5918590080428954,0,水平代理；不能复现原偏离度,False
2013-01-15,3.0177390080428954,SHIBOR_1W+利差调整,3.4061590080428954,1.591925674709562,0,水平代理；不能复现原偏离度,False
2013-01-15,3.0177390080428954,SHIBOR_1W+利差调整,3.4061590080428954,1.591925674709562,0,水平代理；不能复现原偏离度,False
2013-01-16,2.9343106951871656,SHIBOR_1W+利差调整,3.403780695187166,1.5915640285204993,0,水平代理；不能复现原偏离度,False
2013-01-16,2.9343106951871656,SHIBOR_1W+利差调整,3.403780695187166,1.5915640285204993,0,水平代理；不能复现原偏离度,False
2013-01-17,2.951310695187166,SHIBOR_1W+利差调整,3.3980856951871656,1.591630695187166,0,水平代理；不能复现原偏离度,False
2013-01-17,2.951310695187166,SHIBOR_1W+利差调整,3.3980856951871656,1.591630695187166,0,水平代理；不能复现原偏离度,False
2013-01-18,3.0367390080428955,SHIBOR_1W+利差调整,3.386389008042896,1.592125674709562,0,水平代理；不能复现原偏离度,False
2013-01-18,3.0367390080428955,SHIBOR_1W+利差调整,3.386389008042896,1.592125674709562,0,水平代理；不能复现原偏离度,False
2013-01-21,3.1377390080428955,SHIBOR_1W+利差调整,3.3764606747095622,1.592192341376229,0,水平代理；不能复现原偏离度,False
2013-01-21,3.1377390080428955,SHIBOR_1W+利差调整,3.3764606747095622,1.5921923413762287,0,水平代理；不能复现原偏离度,False
2013-01-22,3.140739008042896,SHIBOR_1W+利差调整,3.356430674709562,1.592259008042895,0,水平代理；不能复现原偏离度,False
2013-01-22,3.1407390080428956,SHIBOR_1W+利差调整,3.356430674709562,1.5922590080428953,0,水平代理；不能复现原偏离度,False
2013-01-23,3.131557908847185,SHIBOR_1W+利差调整,3.3522612421805187,1.5923445755138517,0,水平代理；不能复现原偏离度,False
2013-01-23,3.131557908847185,SHIBOR_1W+利差调整,3.3522612421805187,1.5923445755138517,0,水平代理；不能复现原偏离度,False
2013-01-24,2.970739008042896,SHIBOR_1W+利差调整,3.3456706747095617,1.5923923413762286,0,水平代理；不能复现原偏离度,False
2013-01-24,2.970739008042896,SHIBOR_1W+利差调整,3.3456706747095617,1.5923923413762286,0,水平代理；不能复现原偏离度,False
2013-01-25,2.844739008042896,SHIBOR_1W+利差调整,3.333599008042896,1.5924590080428953,0,水平代理；不能复现原偏离度,False
2013-01-25,2.8447390080428954,SHIBOR_1W+利差调整,3.3335990080428957,1.5924590080428953,0,水平代理；不能复现原偏离度,False
2013-01-28,3.1383106951871658,SHIBOR_1W+利差调整,3.325925695187166,1.5920973618538323,0,水平代理；不能复现原偏离度,False
2013-01-28,3.1383106951871658,SHIBOR_1W+利差调整,3.325925695187166,1.5920973618538323,0,水平代理；不能复现原偏离度,False
2013-01-29,3.246239008042896,SHIBOR_1W+利差调整,3.322499008042896,1.5926280080428954,0,水平代理；不能复现原偏离度,False
2013-01-29,3.246239008042896,SHIBOR_1W+利差调整,3.322499008042896,1.5926280080428954,0,水平代理；不能复现原偏离度,False
2013-01-30,3.382310695187166,SHIBOR_1W+利差调整,3.322750695187166,1.592302028520499,0,水平代理；不能复现原偏离度,False
2013-01-30,3.382310695187166,SHIBOR_1W+利差调整,3.322750695187166,1.592302028520499,0,水平代理；不能复现原偏离度,False
2013-01-31,3.3797390080428955,SHIBOR_1W+利差调整,3.325014008042895,1.592832674709562,0,水平代理；不能复现原偏离度,False
2013-01-31,3.3797390080428955,SHIBOR_1W+利差调整,3.325014008042895,1.592832674709562,0,水平代理；不能复现原偏离度,False
2013-02-01,3.486739008042896,SHIBOR_1W+利差调整,3.3260273413762294,1.5929350080428957,0,水平代理；不能复现原偏离度,False
2013-02-01,3.486739008042896,SHIBOR_1W+利差调整,3.3260273413762294,1.5929350080428957,0,水平代理；不能复现原偏离度,False
2013-02-04,3.5467390080428958,SHIBOR_1W+利差调整,3.3308056747095622,1.5930373413762289,0,水平代理；不能复现原偏离度,False
2013-02-04,3.5467390080428953,SHIBOR_1W+利差调整,3.3308056747095622,1.5930373413762289,0,水平代理；不能复现原偏离度,False
2013-02-05,3.4847390080428955,SHIBOR_1W+利差调整,3.335064008042896,1.593139674709562,0,水平代理；不能复现原偏离度,False
2013-02-05,3.4847390080428955,SHIBOR_1W+利差调整,3.3350640080428957,1.593139674709562,0,水平代理；不能复现原偏离度,False
2013-02-06,3.842739008042896,SHIBOR_1W+利差调整,3.344155674709562,1.5932420080428955,0,水平代理；不能复现原偏离度,False
2013-02-06,3.8427390080428956,SHIBOR_1W+利差调整,3.344155674709562,1.5932420080428955,0,水平代理；不能复现原偏离度,False
2013-02-07,4.246739008042895,SHIBOR_1W+利差调整,3.356684008042896,1.593344341376229,0,水平代理；不能复现原偏离度,False
2013-02-07,4.246739008042895,SHIBOR_1W+利差调整,3.3566840080428957,1.593344341376229,0,水平代理；不能复现原偏离度,False
2013-02-08,3.6597390080428953,SHIBOR_1W+利差调整,3.359955674709562,1.593446674709562,0,水平代理；不能复现原偏离度,False
2013-02-08,3.6597390080428953,SHIBOR_1W+利差调整,3.359955674709562,1.5934466747095621,0,水平代理；不能复现原偏离度,False
2013-02-16,2.977739008042896,SHIBOR_1W+利差调整,3.358680674709562,1.5935490080428956,0,水平代理；不能复现原偏离度,False
2013-02-16,2.9777390080428954,SHIBOR_1W+利差调整,3.358680674709562,1.5935490080428956,0,水平代理；不能复现原偏离度,False
2013-02-17,3.132739008042896,SHIBOR_1W+利差调整,3.355044008042896,1.5936091747095622,0,水平代理；不能复现原偏离度,False
2013-02-17,3.132739008042896,SHIBOR_1W+利差调整,3.355044008042896,1.5936091747095622,0,水平代理；不能复现原偏离度,False
2013-02-18,3.075339008042896,SHIBOR_1W+利差调整,3.3481456747095626,1.5936693413762288,0,水平代理；不能复现原偏离度,False
2013-02-18,3.075339008042896,SHIBOR_1W+利差调整,3.3481456747095626,1.5936693413762288,0,水平代理；不能复现原偏离度,False
2013-02-19,3.095739008042896,SHIBOR_1W+利差调整,3.344004008042895,1.5937295080428957,0,水平代理；不能复现原偏离度,False
2013-02-19,3.095739008042896,SHIBOR_1W+利差调整,3.344004008042895,1.5937295080428957,0,水平代理；不能复现原偏离度,False
2013-02-20,3.0957390080428957,SHIBOR_1W+利差调整,3.339515674709562,1.593789674709562,0,水平代理；不能复现原偏离度,False
2013-02-20,3.0957390080428953,SHIBOR_1W+利差调整,3.339515674709562,1.5937896747095621,0,水平代理；不能复现原偏离度,False
2013-02-21,3.144739008042896,SHIBOR_1W+利差调整,3.3420373413762285,1.5938498413762288,0,水平代理；不能复现原偏离度,False
2013-02-21,3.144739008042896,SHIBOR_1W+利差调整,3.3420373413762285,1.5938498413762288,0,水平代理；不能复现原偏离度,False
2013-02-22,3.237739008042896,SHIBOR_1W+利差调整,3.346124008042896,1.5939100080428956,0,水平代理；不能复现原偏离度,False
2013-02-22,3.2377390080428956,SHIBOR_1W+利差调整,3.3461240080428953,1.5939100080428956,0,水平代理；不能复现原偏离度,False
2013-02-25,3.4567390080428955,SHIBOR_1W+利差调整,3.353444008042895,1.5939701747095625,0,水平代理；不能复现原偏离度,False
2013-02-25,3.4567390080428955,SHIBOR_1W+利差调整,3.353444008042895,1.5939701747095623,0,水平代理；不能复现原偏离度,False
2013-02-26,3.957739008042896,SHIBOR_1W+利差调整,3.3609323413762286,1.594030341376229,0,水平代理；不能复现原偏离度,False
2013-02-26,3.957739008042896,SHIBOR_1W+利差调整,3.3609323413762286,1.594030341376229,0,水平代理；不能复现原偏离度,False
2013-02-27,4.371739008042895,SHIBOR_1W+利差调整,3.3756690080428955,1.5940905080428955,0,水平代理；不能复现原偏离度,False
2013-02-27,4.371739008042895,SHIBOR_1W+利差调整,3.3756690080428955,1.5940905080428955,0,水平代理；不能复现原偏离度,False
2013-02-28,4.413739008042896,SHIBOR_1W+利差调整,3.390340674709562,1.5941506747095622,0,水平代理；不能复现原偏离度,False
2013-02-28,4.413739008042896,SHIBOR_1W+利差调整,3.390340674709562,1.5941506747095622,0,水平代理；不能复现原偏离度,False
2013-03-01,4.622739008042895,SHIBOR_1W+利差调整,3.408987341376229,1.5942280080428954,0,水平代理；不能复现原偏离度,False
2013-03-01,4.622739008042895,SHIBOR_1W+利差调整,3.408987341376229,1.5942280080428954,0,水平代理；不能复现原偏离度,False
2013-03-04,4.459739008042895,SHIBOR_1W+利差调整,3.432820674709562,1.594305341376229,0,水平代理；不能复现原偏离度,False
2013-03-04,4.459739008042895,SHIBOR_1W+利差调整,3.432820674709562,1.594305341376229,0,水平代理；不能复现原偏离度,False
2013-03-05,3.335310695187166,SHIBOR_1W+利差调整,3.438875695187165,1.5939543618538323,0,水平代理；不能复现原偏离度,False
2013-03-05,3.335310695187166,SHIBOR_1W+利差调整,3.438875695187165,1.5939543618538323,0,水平代理；不能复现原偏离度,False
2013-03-06,3.144481124497992,SHIBOR_1W+利差调整,3.4409627911646585,1.594202124497992,0,水平代理；不能复现原偏离度,False
2013-03-06,3.144481124497992,SHIBOR_1W+利差调整,3.4409627911646585,1.594202124497992,0,水平代理；不能复现原偏离度,False
2013-03-07,2.6657390080428955,SHIBOR_1W+利差调整,3.4323040080428955,1.594537341376229,0,水平代理；不能复现原偏离度,False
2013-03-07,2.6657390080428955,SHIBOR_1W+利差调整,3.4323040080428955,1.594537341376229,0,水平代理；不能复现原偏离度,False
2013-03-08,2.6423106951871658,SHIBOR_1W+利差调整,3.423075695187166,1.5941863618538326,0,水平代理；不能复现原偏离度,False
2013-03-08,2.6423106951871658,SHIBOR_1W+利差调整,3.423075695187166,1.5941863618538326,0,水平代理；不能复现原偏离度,False
2013-03-11,3.144481124497992,SHIBOR_1W+利差调整,3.4230794578313257,1.594434124497992,0,水平代理；不能复现原偏离度,False
2013-03-11,3.144481124497992,SHIBOR_1W+利差调整,3.4230794578313257,1.594434124497992,0,水平代理；不能复现原偏离度,False
2013-03-12,3.2167390080428957,SHIBOR_1W+利差调整,3.4242373413762284,1.5947693413762287,0,水平代理；不能复现原偏离度,False
2013-03-12,3.2167390080428953,SHIBOR_1W+利差调整,3.4242373413762284,1.5947693413762287,0,水平代理；不能复现原偏离度,False
2013-03-13,3.181739008042896,SHIBOR_1W+利差调整,3.430487341376229,1.5948466747095622,0,水平代理；不能复现原偏离度,False
2013-03-13,3.1817390080428956,SHIBOR_1W+利差调整,3.430487341376229,1.5948466747095622,0,水平代理；不能复现原偏离度,False
2013-03-14,3.2307390080428955,SHIBOR_1W+利差调整,3.431887341376229,1.5949240080428957,0,水平代理；不能复现原偏离度,False
2013-03-14,3.2307390080428955,SHIBOR_1W+利差调整,3.431887341376229,1.5949240080428955,0,水平代理；不能复现原偏离度,False
2013-03-15,3.5372390080428957,SHIBOR_1W+利差调整,3.438087341376229,1.5949890080428957,0,水平代理；不能复现原偏离度,False
2013-03-15,3.5372390080428953,SHIBOR_1W+利差调整,3.438087341376229,1.5949890080428955,0,水平代理；不能复现原偏离度,False
2013-03-18,3.232739008042896,SHIBOR_1W+利差调整,3.4395373413762287,1.5950540080428954,0,水平代理；不能复现原偏离度,False
2013-03-18,3.232739008042896,SHIBOR_1W+利差调整,3.4395373413762287,1.5950540080428954,0,水平代理；不能复现原偏离度,False
2013-03-19,3.119739008042896,SHIBOR_1W+利差调整,3.438370674709562,1.5951190080428954,0,水平代理；不能复现原偏离度,False
2013-03-19,3.119739008042896,SHIBOR_1W+利差调整,3.438370674709562,1.5951190080428954,0,水平代理；不能复现原偏离度,False
2013-03-20,3.4247390080428954,SHIBOR_1W+利差调整,3.435504008042896,1.5951840080428954,0,水平代理；不能复现原偏离度,False
2013-03-20,3.4247390080428954,SHIBOR_1W+利差调整,3.4355040080428956,1.5951840080428954,0,水平代理；不能复现原偏离度,False
2013-03-21,3.1867390080428954,SHIBOR_1W+利差调整,3.429570674709562,1.5952490080428956,0,水平代理；不能复现原偏离度,False
2013-03-21,3.1867390080428954,SHIBOR_1W+利差调整,3.429570674709562,1.5952490080428956,0,水平代理；不能复现原偏离度,False
2013-03-22,3.1257390080428955,SHIBOR_1W+利差调整,3.4262373413762286,1.5953140080428956,0,水平代理；不能复现原偏离度,False
2013-03-22,3.1257390080428955,SHIBOR_1W+利差调整,3.4262373413762286,1.5953140080428956,0,水平代理；不能复现原偏离度,False
2013-03-25,3.0697390080428955,SHIBOR_1W+利差调整,3.4114206747095617,1.5953790080428956,0,水平代理；不能复现原偏离度,False
2013-03-25,3.0697390080428955,SHIBOR_1W+利差调整,3.4114206747095617,1.5953790080428956,0,水平代理；不能复现原偏离度,False
2013-03-26,3.1713106951871657,SHIBOR_1W+利差调整,3.396509028520499,1.595015695187166,0,水平代理；不能复现原偏离度,False
2013-03-26,3.1713106951871657,SHIBOR_1W+利差调整,3.396509028520499,1.595015695187166,0,水平代理；不能复现原偏离度,False
2013-03-27,2.995310695187166,SHIBOR_1W+利差调整,3.3774756951871656,1.595080695187166,0,水平代理；不能复现原偏离度,False
2013-03-27,2.995310695187166,SHIBOR_1W+利差调整,3.3774756951871656,1.595080695187166,0,水平代理；不能复现原偏离度,False
2013-03-28,3.3237390080428955,SHIBOR_1W+利差调整,3.363070674709562,1.5955740080428955,0,水平代理；不能复现原偏离度,False
2013-03-28,3.3237390080428955,SHIBOR_1W+利差调整,3.363070674709562,1.5955740080428955,0,水平代理；不能复现原偏离度,False
2013-03-29,3.5407390080428955,SHIBOR_1W+利差调整,3.343304008042895,1.5956220080428956,0,水平代理；不能复现原偏离度,False
2013-03-29,3.5407390080428955,SHIBOR_1W+利差调整,3.343304008042895,1.5956220080428956,0,水平代理；不能复现原偏离度,False
2013-04-01,3.5507390080428958,SHIBOR_1W+利差调整,3.3325706747095625,1.5956700080428954,0,水平代理；不能复现原偏离度,False
2013-04-01,3.5507390080428953,SHIBOR_1W+利差调整,3.3325706747095625,1.5956700080428954,0,水平代理；不能复现原偏离度,False
2013-04-02,3.5537390080428954,SHIBOR_1W+利差调整,3.326004008042895,1.5957180080428954,0,水平代理；不能复现原偏离度,False
2013-04-02,3.5537390080428954,SHIBOR_1W+利差调整,3.326004008042895,1.5957180080428954,0,水平代理；不能复现原偏离度,False
2013-04-03,3.443310695187166,SHIBOR_1W+利差调整,3.3205256951871656,1.5953376951871658,0,水平代理；不能复现原偏离度,False
2013-04-03,3.443310695187166,SHIBOR_1W+利差调整,3.3205256951871656,1.5953376951871658,0,水平代理；不能复现原偏离度,False
2013-04-07,3.469739008042896,SHIBOR_1W+利差调整,3.3230040080428958,1.5958140080428955,0,水平代理；不能复现原偏离度,False
2013-04-07,3.4697390080428954,SHIBOR_1W+利差调整,3.3230040080428953,1.5958140080428955,0,水平代理；不能复现原偏离度,False
2013-04-08,3.4257390080428958,SHIBOR_1W+利差调整,3.325154008042895,1.5958620080428954,0,水平代理；不能复现原偏离度,False
2013-04-08,3.4257390080428953,SHIBOR_1W+利差调整,3.325154008042895,1.5958620080428954,0,水平代理；不能复现原偏离度,False
2013-04-09,3.4347390080428952,SHIBOR_1W+利差调整,3.329545674709562,1.5959100080428954,0,水平代理；不能复现原偏离度,False
2013-04-09,3.4347390080428952,SHIBOR_1W+利差调整,3.329545674709562,1.5959100080428954,0,水平代理；不能复现原偏离度,False
2013-04-10,3.3637390080428955,SHIBOR_1W+利差调整,3.333179008042896,1.5959580080428954,0,水平代理；不能复现原偏离度,False
2013-04-10,3.3637390080428955,SHIBOR_1W+利差调整,3.333179008042896,1.5959580080428954,0,水平代理；不能复现原偏离度,False
2013-04-11,3.181739008042896,SHIBOR_1W+利差调整,3.3379956747095623,1.5960060080428953,0,水平代理；不能复现原偏离度,False
2013-04-11,3.181739008042896,SHIBOR_1W+利差调整,3.3379956747095623,1.5960060080428953,0,水平代理；不能复现原偏离度,False
2013-04-12,3.116739008042896,SHIBOR_1W+利差调整,3.340929008042896,1.596054008042895,0,水平代理；不能复现原偏离度,False
2013-04-12,3.1167390080428956,SHIBOR_1W+利差调整,3.3409290080428957,1.5960540080428953,0,水平代理；不能复现原偏离度,False
2013-04-15,3.127739008042896,SHIBOR_1W+利差调整,3.342762341376229,1.5960823413762286,0,水平代理；不能复现原偏离度,False
2013-04-15,3.127739008042896,SHIBOR_1W+利差调整,3.342762341376229,1.5960823413762286,0,水平代理；不能复现原偏离度,False
2013-04-16,3.190310695187166,SHIBOR_1W+利差调整,3.3466006951871656,1.5956823618538325,0,水平代理；不能复现原偏离度,False
2013-04-16,3.190310695187166,SHIBOR_1W+利差调整,3.3466006951871656,1.5956823618538325,0,水平代理；不能复现原偏离度,False
2013-04-17,3.1597390080428958,SHIBOR_1W+利差调整,3.3504956747095624,1.5961390080428954,0,水平代理；不能复现原偏离度,False
2013-04-17,3.1597390080428953,SHIBOR_1W+利差调整,3.3504956747095624,1.5961390080428954,0,水平代理；不能复现原偏离度,False
2013-04-18,3.041310695187166,SHIBOR_1W+利差调整,3.3501506951871662,1.595739028520499,0,水平代理；不能复现原偏离度,False
2013-04-18,3.041310695187166,SHIBOR_1W+利差调整,3.3501506951871662,1.595739028520499,0,水平代理；不能复现原偏离度,False
2013-04-19,3.2313106951871657,SHIBOR_1W+利差调整,3.351717361853832,1.5957673618538324,0,水平代理；不能复现原偏离度,False
2013-04-19,3.2313106951871657,SHIBOR_1W+利差调整,3.351717361853832,1.5957673618538324,0,水平代理；不能复现原偏离度,False
2013-04-22,3.269739008042896,SHIBOR_1W+利差调整,3.3542956747095625,1.5962240080428955,0,水平代理；不能复现原偏离度,False
2013-04-22,3.2697390080428956,SHIBOR_1W+利差调整,3.3542956747095625,1.5962240080428955,0,水平代理；不能复现原偏离度,False
2013-04-23,3.7167390080428953,SHIBOR_1W+利差调整,3.3640490080428957,1.5962523413762288,0,水平代理；不能复现原偏离度,False
2013-04-23,3.7167390080428953,SHIBOR_1W+利差调整,3.3640490080428953,1.5962523413762288,0,水平代理；不能复现原偏离度,False
2013-04-24,4.900739008042895,SHIBOR_1W+利差调整,3.3962156747095618,1.596280674709562,0,水平代理；不能复现原偏离度,False
2013-04-24,4.900739008042895,SHIBOR_1W+利差调整,3.3962156747095618,1.596280674709562,0,水平代理；不能复现原偏离度,False
2013-04-25,5.167739008042895,SHIBOR_1W+利差调整,3.434932341376229,1.5963090080428957,0,水平代理；不能复现原偏离度,False
2013-04-25,5.167739008042895,SHIBOR_1W+利差调整,3.434932341376229,1.5963090080428957,0,水平代理；不能复现原偏离度,False
2013-04-26,3.673739008042896,SHIBOR_1W+利差调整,3.4438490080428954,1.596337341376229,0,水平代理；不能复现原偏离度,False
2013-04-26,3.6737390080428955,SHIBOR_1W+利差调整,3.4438490080428954,1.596337341376229,0,水平代理；不能复现原偏离度,False
2013-04-27,3.666310695187166,SHIBOR_1W+利差调整,3.4504290285204986,1.5960240285204992,0,水平代理；不能复现原偏离度,False
2013-04-27,3.666310695187166,SHIBOR_1W+利差调整,3.4504290285204986,1.5960240285204992,0,水平代理；不能复现原偏离度,False
2013-04-28,3.1763106951871656,SHIBOR_1W+利差调整,3.4469956951871654,1.596139028520499,0,水平代理；不能复现原偏离度,False
2013-04-28,3.1763106951871656,SHIBOR_1W+利差调整,3.4469956951871654,1.596139028520499,0,水平代理；不能复现原偏离度,False
2013-05-02,3.065310695187166,SHIBOR_1W+利差调整,3.4417623618538324,1.5962540285204991,0,水平代理；不能复现原偏离度,False
2013-05-02,3.065310695187166,SHIBOR_1W+利差调整,3.4417623618538324,1.5962540285204991,0,水平代理；不能复现原偏离度,False
2013-05-03,3.383310695187166,SHIBOR_1W+利差调整,3.440045695187166,1.596369028520499,0,水平代理；不能复现原偏离度,False
2013-05-03,3.383310695187166,SHIBOR_1W+利差调整,3.440045695187166,1.596369028520499,0,水平代理；不能复现原偏离度,False
2013-05-06,3.3677390080428955,SHIBOR_1W+利差调整,3.437490674709562,1.5969123413762287,0,水平代理；不能复现原偏离度,False
2013-05-06,3.3677390080428955,SHIBOR_1W+利差调整,3.437490674709562,1.5969123413762287,0,水平代理；不能复现原偏离度,False
2013-05-07,3.322739008042896,SHIBOR_1W+利差调整,3.434790674709562,1.5970273413762288,0,水平代理；不能复现原偏离度,False
2013-05-07,3.3227390080428956,SHIBOR_1W+利差调整,3.434790674709562,1.5970273413762288,0,水平代理；不能复现原偏离度,False
2013-05-08,3.1307390080428954,SHIBOR_1W+利差调整,3.4229240080428958,1.597142341376229,0,水平代理；不能复现原偏离度,False
2013-05-08,3.1307390080428954,SHIBOR_1W+利差调整,3.4229240080428953,1.597142341376229,0,水平代理；不能复现原偏离度,False
2013-05-09,3.2523106951871656,SHIBOR_1W+利差调整,3.4059290285205,1.5968290285204991,0,水平代理；不能复现原偏离度,False
2013-05-09,3.2523106951871656,SHIBOR_1W+利差调整,3.4059290285205,1.5968290285204991,0,水平代理；不能复现原偏离度,False
2013-05-10,3.1177390080428955,SHIBOR_1W+利差调整,3.3973240080428955,1.5973723413762289,0,水平代理；不能复现原偏离度,False
2013-05-10,3.1177390080428955,SHIBOR_1W+利差调整,3.3973240080428955,1.5973723413762289,0,水平代理；不能复现原偏离度,False
2013-05-13,3.047739008042895,SHIBOR_1W+利差调整,3.3984906747095622,1.5974873413762287,0,水平代理；不能复现原偏离度,False
2013-05-13,3.047739008042895,SHIBOR_1W+利差调整,3.3984906747095622,1.5974873413762287,0,水平代理；不能复现原偏离度,False
2013-05-14,2.9207390080428954,SHIBOR_1W+利差调整,3.3949573413762284,1.597640174709562,0,水平代理；不能复现原偏离度,False
2013-05-14,2.9207390080428954,SHIBOR_1W+利差调整,3.3949573413762284,1.597640174709562,0,水平代理；不能复现原偏离度,False
2013-05-15,2.913481124497992,SHIBOR_1W+利差调整,3.392006124497992,1.597535124497992,0,水平代理；不能复现原偏离度,False
2013-05-15,2.913481124497992,SHIBOR_1W+利差调整,3.392006124497992,1.597535124497992,0,水平代理；不能复现原偏离度,False
2013-05-16,3.339004557640751,SHIBOR_1W+利差调整,3.3965795576407505,1.598211390974084,0,水平代理；不能复现原偏离度,False
2013-05-16,3.339004557640751,SHIBOR_1W+利差调整,3.3965795576407505,1.598211390974084,0,水平代理；不能复现原偏离度,False
2013-05-17,3.7325390080428953,SHIBOR_1W+利差调整,3.406927341376229,1.598098674709562,0,水平代理；不能复现原偏离度,False
2013-05-17,3.7325390080428953,SHIBOR_1W+利差调整,3.406927341376229,1.598098674709562,0,水平代理；不能复现原偏离度,False
2013-05-20,4.376739008042896,SHIBOR_1W+利差调整,3.4274606747095624,1.5982515080428954,0,水平代理；不能复现原偏离度,False
2013-05-20,4.376739008042896,SHIBOR_1W+利差调整,3.4274606747095624,1.5982515080428954,0,水平代理；不能复现原偏离度,False
2013-05-21,4.521739008042895,SHIBOR_1W+利差调整,3.4488606747095623,1.5984043413762288,0,水平代理；不能复现原偏离度,False
2013-05-21,4.521739008042895,SHIBOR_1W+利差调整,3.4488606747095623,1.5984043413762288,0,水平代理；不能复现原偏离度,False
2013-05-22,4.098310695187166,SHIBOR_1W+利差调整,3.4591323618538325,1.5981288618538323,0,水平代理；不能复现原偏离度,False
2013-05-22,4.098310695187166,SHIBOR_1W+利差调整,3.4591323618538325,1.5981288618538323,0,水平代理；不能复现原偏离度,False
2013-05-23,4.338481124497992,SHIBOR_1W+利差调整,3.465652791164658,1.598452124497992,0,水平代理；不能复现原偏离度,False
2013-05-23,4.338481124497992,SHIBOR_1W+利差调整,3.465652791164658,1.598452124497992,0,水平代理；不能复现原偏离度,False
2013-05-24,4.297739008042895,SHIBOR_1W+利差调整,3.4646773413762286,1.5988628413762287,0,水平代理；不能复现原偏离度,False
2013-05-24,4.297739008042895,SHIBOR_1W+利差调整,3.4646773413762286,1.5988628413762287,0,水平代理；不能复现原偏离度,False
2013-05-27,4.226739008042896,SHIBOR_1W+利差调整,3.461560674709562,1.599015674709562,0,水平代理；不能复现原偏离度,False
2013-05-27,4.2267390080428955,SHIBOR_1W+利差调整,3.461560674709562,1.599015674709562,0,水平代理；不能复现原偏离度,False
2013-05-28,3.649739008042896,SHIBOR_1W+利差调整,3.445344008042895,1.599270174709562,0,水平代理；不能复现原偏离度,False
2013-05-28,3.6497390080428955,SHIBOR_1W+利差调整,3.445344008042895,1.5992701747095621,0,水平代理；不能复现原偏离度,False
2013-05-29,3.8167390080428953,SHIBOR_1W+利差调整,3.4346273413762285,1.5995246747095622,0,水平代理；不能复现原偏离度,False
2013-05-29,3.8167390080428953,SHIBOR_1W+利差调整,3.4346273413762285,1.5995246747095622,0,水平代理；不能复现原偏离度,False
2013-05-30,4.290481124497992,SHIBOR_1W+利差调整,3.450286124497992,1.5995212911646586,0,水平代理；不能复现原偏离度,False
2013-05-30,4.290481124497992,SHIBOR_1W+利差调整,3.450286124497992,1.5995212911646586,0,水平代理；不能复现原偏离度,False
2013-05-31,4.927310695187166,SHIBOR_1W+利差调整,3.4798323618538327,1.5996053618538324,0,水平代理；不能复现原偏离度,False
2013-05-31,4.927310695187166,SHIBOR_1W+利差调整,3.4798323618538327,1.5996053618538324,0,水平代理；不能复现原偏离度,False
2013-06-03,4.774310695187166,SHIBOR_1W+利差调整,3.5149823618538325,1.5998598618538322,0,水平代理；不能复现原偏离度,False
2013-06-03,4.774310695187166,SHIBOR_1W+利差调整,3.5149823618538325,1.5998598618538322,0,水平代理；不能复现原偏离度,False
2013-06-04,4.862739008042896,SHIBOR_1W+利差调整,3.552410674709562,1.600542674709562,0,水平代理；不能复现原偏离度,False
2013-06-04,4.862739008042896,SHIBOR_1W+利差调整,3.552410674709562,1.600542674709562,0,水平代理；不能复现原偏离度,False
2013-06-05,4.885739008042895,SHIBOR_1W+利差调整,3.5814273413762283,1.600797174709562,0,水平代理；不能复现原偏离度,False
2013-06-05,4.885739008042895,SHIBOR_1W+利差调整,3.5814273413762283,1.600797174709562,0,水平代理；不能复现原偏离度,False
2013-06-06,5.283739008042895,SHIBOR_1W+利差调整,3.615877341376229,1.601051674709562,0,水平代理；不能复现原偏离度,False
2013-06-06,5.283739008042895,SHIBOR_1W+利差调整,3.615877341376229,1.601051674709562,0,水平代理；不能复现原偏离度,False
2013-06-07,6.803739008042895,SHIBOR_1W+利差调整,3.6762440080428953,1.6013061747095618,0,水平代理；不能复现原偏离度,False
2013-06-07,6.803739008042895,SHIBOR_1W+利差调整,3.6762440080428953,1.6013061747095618,0,水平代理；不能复现原偏离度,False
2013-06-08,7.749310695187166,SHIBOR_1W+利差调整,3.751132361853833,1.6011323618538325,0,水平代理；不能复现原偏离度,False
2013-06-08,7.749310695187166,SHIBOR_1W+利差调整,3.751132361853833,1.6011323618538325,0,水平代理；不能复现原偏离度,False
2013-06-09,6.758481124497992,SHIBOR_1W+利差调整,3.8049944578313255,1.601384124497992,0,水平代理；不能复现原偏离度,False
2013-06-09,6.758481124497992,SHIBOR_1W+利差调整,3.8049944578313255,1.601384124497992,0,水平代理；不能复现原偏离度,False
2013-06-13,6.226739008042896,SHIBOR_1W+利差调整,3.855152341376229,1.6017233413762286,0,水平代理；不能复现原偏离度,False
2013-06-13,6.2267390080428955,SHIBOR_1W+利差调整,3.8551523413762285,1.6017233413762286,0,水平代理；不能复现原偏离度,False
2013-06-14,6.957739008042895,SHIBOR_1W+利差调整,3.919119008042896,1.601804674709562,0,水平代理；不能复现原偏离度,False
2013-06-14,6.957739008042895,SHIBOR_1W+利差调整,3.919119008042896,1.601804674709562,0,水平代理；不能复现原偏离度,False
2013-06-17,6.994310695187166,SHIBOR_1W+利差调整,3.9781906951871657,1.6014576951871655,0,水平代理；不能复现原偏离度,False
2013-06-17,6.994310695187166,SHIBOR_1W+利差调整,3.9781906951871657,1.6014576951871655,0,水平代理；不能复现原偏离度,False
2013-06-18,6.850004557640751,SHIBOR_1W+利差调整,4.039934557640751,1.6022328909740835,0,水平代理；不能复现原偏离度,False
2013-06-18,6.850004557640751,SHIBOR_1W+利差调整,4.039934557640751,1.6022328909740835,0,水平代理；不能复现原偏离度,False
2013-06-19,8.221739008042896,SHIBOR_1W+利差调整,4.124602341376229,1.602048674709562,0,水平代理；不能复现原偏离度,False
2013-06-19,8.221739008042896,SHIBOR_1W+利差调整,4.124602341376229,1.6020486747095621,0,水平代理；不能复现原偏离度,False
2013-06-20,11.150481124497992,SHIBOR_1W+利差调整,4.259027791164659,1.601872124497992,0,水平代理；不能复现原偏离度,False
2013-06-20,11.150481124497992,SHIBOR_1W+利差调整,4.259027791164659,1.601872124497992,0,水平代理；不能复现原偏离度,False
2013-06-21,8.689739008042896,SHIBOR_1W+利差调整,4.351252341376228,1.602211341376229,0,水平代理；不能复现原偏离度,False
2013-06-21,8.689739008042896,SHIBOR_1W+利差调整,4.351252341376228,1.602211341376229,0,水平代理；不能复现原偏离度,False
2013-06-24,7.457739008042895,SHIBOR_1W+利差调整,4.425619008042895,1.6022926747095625,0,水平代理；不能复现原偏离度,False
2013-06-24,7.457739008042895,SHIBOR_1W+利差调整,4.425619008042895,1.6022926747095623,0,水平代理；不能复现原偏离度,False
2013-06-25,7.790310695187166,SHIBOR_1W+利差调整,4.499640695187166,1.6019456951871658,0,水平代理；不能复现原偏离度,False
2013-06-25,7.790310695187166,SHIBOR_1W+利差调整,4.499640695187166,1.6019456951871658,0,水平代理；不能复现原偏离度,False
2013-06-26,7.347739008042895,SHIBOR_1W+利差调整,4.563519008042895,1.602497841376229,0,水平代理；不能复现原偏离度,False
2013-06-26,7.347739008042895,SHIBOR_1W+利差调整,4.563519008042895,1.602497841376229,0,水平代理；不能复现原偏离度,False
2013-06-27,6.830739008042896,SHIBOR_1W+利差调整,4.618185674709562,1.6026216747095623,0,水平代理；不能复现原偏离度,False
2013-06-27,6.830739008042896,SHIBOR_1W+利差调整,4.618185674709562,1.6026216747095623,0,水平代理；不能复现原偏离度,False
2013-06-28,6.309739008042896,SHIBOR_1W+利差调整,4.6641190080428965,1.6027455080428956,0,水平代理；不能复现原偏离度,False
2013-06-28,6.309739008042896,SHIBOR_1W+利差调整,4.6641190080428965,1.6027455080428956,0,水平代理；不能复现原偏离度,False
2013-07-01,5.569739008042896,SHIBOR_1W+利差调整,4.699552341376229,1.602869341376229,0,水平代理；不能复现原偏离度,False
2013-07-01,5.5697390080428955,SHIBOR_1W+利差调整,4.699552341376229,1.602869341376229,0,水平代理；不能复现原偏离度,False
2013-07-02,4.896739008042895,SHIBOR_1W+利差调整,4.723335674709562,1.6029931747095625,0,水平代理；不能复现原偏离度,False
2013-07-02,4.896739008042895,SHIBOR_1W+利差调整,4.723335674709562,1.6029931747095625,0,水平代理；不能复现原偏离度,False
2013-07-03,4.388310695187166,SHIBOR_1W+利差调整,4.738957361853832,1.602688695187166,0,水平代理；不能复现原偏离度,False
2013-07-03,4.388310695187166,SHIBOR_1W+利差调整,4.738957361853832,1.602688695187166,0,水平代理；不能复现原偏离度,False
2013-07-04,4.084310695187166,SHIBOR_1W+利差调整,4.749790695187167,1.6028125285204993,0,水平代理；不能复现原偏离度,False
2013-07-04,4.084310695187166,SHIBOR_1W+利差调整,4.749790695187167,1.6028125285204993,0,水平代理；不能复现原偏离度,False
2013-07-05,3.9627390080428953,SHIBOR_1W+利差调整,4.760202341376228,1.6033646747095622,0,水平代理；不能复现原偏离度,False
2013-07-05,3.9627390080428953,SHIBOR_1W+利差调整,4.760202341376228,1.6033646747095622,0,水平代理；不能复现原偏离度,False
2013-07-08,3.802310695187166,SHIBOR_1W+利差调整,4.770124028520499,1.603060195187166,0,水平代理；不能复现原偏离度,False
2013-07-08,3.802310695187166,SHIBOR_1W+利差调整,4.770124028520499,1.603060195187166,0,水平代理；不能复现原偏离度,False
2013-07-09,3.742739008042896,SHIBOR_1W+利差调整,4.780985674709561,1.6036123413762289,0,水平代理；不能复现原偏离度,False
2013-07-09,3.7427390080428955,SHIBOR_1W+利差调整,4.780985674709561,1.6036123413762289,0,水平代理；不能复现原偏离度,False
2013-07-10,3.7367390080428953,SHIBOR_1W+利差调整,4.791135674709563,1.6038766747095623,0,水平代理；不能复现原偏离度,False
2013-07-10,3.7367390080428953,SHIBOR_1W+利差调整,4.791135674709563,1.6038766747095623,0,水平代理；不能复现原偏离度,False
2013-07-11,3.956739008042896,SHIBOR_1W+利差调整,4.8039023413762285,1.6041410080428955,0,水平代理；不能复现原偏离度,False
2013-07-11,3.9567390080428955,SHIBOR_1W+利差调整,4.8039023413762285,1.6041410080428955,0,水平代理；不能复现原偏离度,False
2013-07-12,3.9467390080428952,SHIBOR_1W+利差调整,4.817019008042895,1.604405341376229,0,水平代理；不能复现原偏离度,False
2013-07-12,3.9467390080428952,SHIBOR_1W+利差调整,4.817019008042895,1.604405341376229,0,水平代理；不能复现原偏离度,False
2013-07-15,3.955739008042896,SHIBOR_1W+利差调整,4.832252341376229,1.604669674709562,0,水平代理；不能复现原偏离度,False
2013-07-15,3.9557390080428956,SHIBOR_1W+利差调整,4.832252341376229,1.6046696747095621,0,水平代理；不能复现原偏离度,False
2013-07-16,3.8523106951871657,SHIBOR_1W+利差调整,4.8421740285205,1.604505695187166,0,水平代理；不能复现原偏离度,False
2013-07-16,3.8523106951871657,SHIBOR_1W+利差调整,4.8421740285205,1.604505695187166,0,水平代理；不能复现原偏离度,False
2013-07-17,3.742739008042896,SHIBOR_1W+利差调整,4.850485674709562,1.6051983413762287,0,水平代理；不能复现原偏离度,False
2013-07-17,3.7427390080428955,SHIBOR_1W+利差调整,4.850485674709562,1.6051983413762287,0,水平代理；不能复现原偏离度,False
2013-07-18,3.780481124497992,SHIBOR_1W+利差调整,4.851294457831325,1.6052047911646583,0,水平代理；不能复现原偏离度,False
2013-07-18,3.780481124497992,SHIBOR_1W+利差调整,4.851294457831325,1.6052047911646583,0,水平代理；不能复现原偏离度,False
2013-07-19,3.891310695187166,SHIBOR_1W+利差调整,4.834307361853832,1.605298695187166,0,水平代理；不能复现原偏离度,False
2013-07-19,3.891310695187166,SHIBOR_1W+利差调整,4.834307361853832,1.605298695187166,0,水平代理；不能复现原偏离度,False
2013-07-22,4.071739008042895,SHIBOR_1W+利差调整,4.816469008042896,1.6059913413762288,0,水平代理；不能复现原偏离度,False
2013-07-22,4.071739008042895,SHIBOR_1W+利差调整,4.816469008042896,1.6059913413762288,0,水平代理；不能复现原偏离度,False
2013-07-23,4.105739008042896,SHIBOR_1W+利差调整,4.823669008042896,1.606255674709562,0,水平代理；不能复现原偏离度,False
2013-07-23,4.105739008042896,SHIBOR_1W+利差调整,4.823669008042896,1.606255674709562,0,水平代理；不能复现原偏离度,False
2013-07-24,4.157739008042896,SHIBOR_1W+利差调整,4.831852341376229,1.6062830080428954,0,水平代理；不能复现原偏离度,False
2013-07-24,4.1577390080428955,SHIBOR_1W+利差调整,4.831852341376229,1.6062830080428954,0,水平代理；不能复现原偏离度,False
2013-07-25,4.278739008042895,SHIBOR_1W+利差调整,4.850219008042896,1.6063103413762287,0,水平代理；不能复现原偏离度,False
2013-07-25,4.278739008042895,SHIBOR_1W+利差调整,4.850219008042896,1.6063103413762287,0,水平代理；不能复现原偏离度,False
2013-07-26,4.497310695187166,SHIBOR_1W+利差调整,4.873657361853833,1.6059093618538325,0,水平代理；不能复现原偏离度,False
2013-07-26,4.497310695187166,SHIBOR_1W+利差调整,4.873657361853833,1.6059093618538325,0,水平代理；不能复现原偏离度,False
2013-07-29,5.203739008042896,SHIBOR_1W+利差调整,4.904419008042895,1.6063650080428953,0,水平代理；不能复现原偏离度,False
2013-07-29,5.203739008042896,SHIBOR_1W+利差调整,4.904419008042895,1.6063650080428953,0,水平代理；不能复现原偏离度,False
2013-07-30,5.118739008042896,SHIBOR_1W+利差调整,4.933602341376229,1.6063923413762289,0,水平代理；不能复现原偏离度,False
2013-07-30,5.118739008042896,SHIBOR_1W+利差调整,4.933602341376229,1.6063923413762287,0,水平代理；不能复现原偏离度,False
2013-07-31,5.117739008042896,SHIBOR_1W+利差调整,4.963519008042895,1.606419674709562,0,水平代理；不能复现原偏离度,False
2013-07-31,5.117739008042896,SHIBOR_1W+利差调整,4.963519008042895,1.606419674709562,0,水平代理；不能复现原偏离度,False
2013-08-01,4.691739008042895,SHIBOR_1W+利差调整,4.989535674709562,1.6064470080428954,0,水平代理；不能复现原偏离度,False
2013-08-01,4.691739008042895,SHIBOR_1W+利差调整,4.989535674709562,1.6064470080428954,0,水平代理；不能复现原偏离度,False
2013-08-02,4.460310695187166,SHIBOR_1W+利差调整,5.009240695187166,1.6060460285204992,0,水平代理；不能复现原偏离度,False
2013-08-02,4.460310695187166,SHIBOR_1W+利差调整,5.009240695187166,1.6060460285204992,0,水平代理；不能复现原偏离度,False
2013-08-05,4.502739008042895,SHIBOR_1W+利差调整,5.032752341376229,1.606501674709562,0,水平代理；不能复现原偏离度,False
2013-08-05,4.502739008042895,SHIBOR_1W+利差调整,5.032752341376229,1.606501674709562,0,水平代理；不能复现原偏离度,False
2013-08-06,4.212739008042895,SHIBOR_1W+利差调整,5.052169008042895,1.6065290080428951,0,水平代理；不能复现原偏离度,False
2013-08-06,4.212739008042895,SHIBOR_1W+利差调整,5.052169008042895,1.6065290080428953,0,水平代理；不能复现原偏离度,False
2013-08-07,4.019739008042896,SHIBOR_1W+利差调整,5.070485674709562,1.6067933413762288,0,水平代理；不能复现原偏离度,False
2013-08-07,4.019739008042896,SHIBOR_1W+利差调整,5.070485674709562,1.6067933413762288,0,水平代理；不能复现原偏离度,False
2013-08-08,3.905239008042896,SHIBOR_1W+利差调整,5.087010674709562,1.607057674709562,0,水平代理；不能复现原偏离度,False
2013-08-08,3.9052390080428956,SHIBOR_1W+利差调整,5.087010674709562,1.607057674709562,0,水平代理；不能复现原偏离度,False
2013-08-09,3.786310695187166,SHIBOR_1W+利差调整,5.0940490285205,1.6068936951871655,0,水平代理；不能复现原偏离度,False
2013-08-09,3.786310695187166,SHIBOR_1W+利差调整,5.0940490285205,1.6068936951871655,0,水平代理；不能复现原偏离度,False
2013-08-12,3.794310695187166,SHIBOR_1W+利差调整,5.095085695187167,1.607158028520499,0,水平代理；不能复现原偏离度,False
2013-08-12,3.794310695187166,SHIBOR_1W+利差调整,5.095085695187167,1.607158028520499,0,水平代理；不能复现原偏离度,False
2013-08-13,3.848739008042896,SHIBOR_1W+利差调整,5.086714008042895,1.607850674709562,0,水平代理；不能复现原偏离度,False
2013-08-13,3.8487390080428954,SHIBOR_1W+利差调整,5.086714008042895,1.607850674709562,0,水平代理；不能复现原偏离度,False
2013-08-14,4.001739008042896,SHIBOR_1W+利差调整,5.078047341376228,1.6081150080428954,0,水平代理；不能复现原偏离度,False
2013-08-14,4.001739008042896,SHIBOR_1W+利差调整,5.078047341376228,1.6081150080428954,0,水平代理；不能复现原偏离度,False
2013-08-15,4.140739008042896,SHIBOR_1W+利差调整,5.078747341376229,1.6083793413762286,0,水平代理；不能复现原偏离度,False
2013-08-15,4.140739008042896,SHIBOR_1W+利差调整,5.078747341376229,1.6083793413762286,0,水平代理；不能复现原偏离度,False
2013-08-16,3.918739008042895,SHIBOR_1W+利差调整,5.071747341376228,1.608643674709562,0,水平代理；不能复现原偏离度,False
2013-08-16,3.918739008042895,SHIBOR_1W+利差调整,5.071747341376228,1.608643674709562,0,水平代理；不能复现原偏离度,False
2013-08-19,4.238739008042895,SHIBOR_1W+利差调整,5.070764008042896,1.6089080080428952,0,水平代理；不能复现原偏离度,False
2013-08-19,4.238739008042895,SHIBOR_1W+利差调整,5.070764008042896,1.6089080080428952,0,水平代理；不能复现原偏离度,False
2013-08-20,4.574739008042895,SHIBOR_1W+利差调整,5.076564008042896,1.6091723413762289,0,水平代理；不能复现原偏离度,False
2013-08-20,4.574739008042895,SHIBOR_1W+利差调整,5.0765640080428955,1.6091723413762287,0,水平代理；不能复现原偏离度,False
2013-08-21,4.365739008042896,SHIBOR_1W+利差调整,5.088497341376229,1.6091748413762288,0,水平代理；不能复现原偏离度,False
2013-08-21,4.365739008042896,SHIBOR_1W+利差调整,5.088497341376229,1.6091748413762288,0,水平代理；不能复现原偏离度,False
2013-08-22,4.261739008042896,SHIBOR_1W+利差调整,5.095914008042895,1.6091773413762287,0,水平代理；不能复现原偏离度,False
2013-08-22,4.261739008042896,SHIBOR_1W+利差调整,5.095914008042895,1.6091773413762287,0,水平代理；不能复现原偏离度,False
2013-08-23,4.295481124497992,SHIBOR_1W+利差调整,5.095739457831326,1.6089219578313252,0,水平代理；不能复现原偏离度,False
2013-08-23,4.295481124497992,SHIBOR_1W+利差调整,5.095739457831326,1.6089219578313252,0,水平代理；不能复现原偏离度,False
2013-08-26,4.169310695187166,SHIBOR_1W+利差调整,5.082935695187166,1.608754028520499,0,水平代理；不能复现原偏离度,False
2013-08-26,4.169310695187166,SHIBOR_1W+利差调整,5.082935695187166,1.608754028520499,0,水平代理；不能复现原偏离度,False
2013-08-27,4.355481124497992,SHIBOR_1W+利差调整,5.076122791164659,1.6089269578313252,0,水平代理；不能复现原偏离度,False
2013-08-27,4.355481124497992,SHIBOR_1W+利差调整,5.076122791164659,1.6089269578313252,0,水平代理；不能复现原偏离度,False
2013-08-28,4.405739008042896,SHIBOR_1W+利差调整,5.068764008042895,1.6091873413762288,0,水平代理；不能复现原偏离度,False
2013-08-28,4.405739008042896,SHIBOR_1W+利差调整,5.068764008042895,1.6091873413762288,0,水平代理；不能复现原偏离度,False
2013-08-29,4.464310695187166,SHIBOR_1W+利差调整,5.0613190285205,1.6087615285204993,0,水平代理；不能复现原偏离度,False
2013-08-29,4.464310695187166,SHIBOR_1W+利差调整,5.0613190285205,1.6087615285204993,0,水平代理；不能复现原偏离度,False
2013-08-30,3.882239008042896,SHIBOR_1W+利差调整,5.038389008042896,1.6091923413762288,0,水平代理；不能复现原偏离度,False
2013-08-30,3.8822390080428955,SHIBOR_1W+利差调整,5.038389008042896,1.6091923413762288,0,水平代理；不能复现原偏离度,False
2013-09-02,3.888481124497992,SHIBOR_1W+利差调整,4.989547791164658,1.6089369578313253,0,水平代理；不能复现原偏离度,False
2013-09-02,3.888481124497992,SHIBOR_1W+利差调整,4.989547791164658,1.6089369578313253,0,水平代理；不能复现原偏离度,False
2013-09-03,3.896739008042896,SHIBOR_1W+利差调整,4.925589008042896,1.6091973413762288,0,水平代理；不能复现原偏离度,False
2013-09-03,3.8967390080428954,SHIBOR_1W+利差调整,4.925589008042896,1.6091973413762288,0,水平代理；不能复现原偏离度,False
2013-09-04,3.644310695187166,SHIBOR_1W+利差调整,4.873260695187166,1.6090778618538326,0,水平代理；不能复现原偏离度,False
2013-09-04,3.644310695187166,SHIBOR_1W+利差调整,4.873260695187166,1.6090778618538326,0,水平代理；不能复现原偏离度,False
2013-09-05,3.602739008042896,SHIBOR_1W+利差调整,4.829955674709562,1.6098150080428957,0,水平代理；不能复现原偏离度,False
2013-09-05,3.6027390080428954,SHIBOR_1W+利差调整,4.829955674709562,1.6098150080428955,0,水平代理；不能复现原偏离度,False
2013-09-06,3.6157390080428953,SHIBOR_1W+利差调整,4.774255674709562,1.6101238413762289,0,水平代理；不能复现原偏离度,False
2013-09-06,3.6157390080428953,SHIBOR_1W+利差调整,4.774255674709562,1.6101238413762289,0,水平代理；不能复现原偏离度,False
2013-09-09,3.7007390080428952,SHIBOR_1W+利差调整,4.719355674709562,1.610432674709562,0,水平代理；不能复现原偏离度,False
2013-09-09,3.7007390080428952,SHIBOR_1W+利差调整,4.719355674709562,1.610432674709562,0,水平代理；不能复现原偏离度,False
2013-09-10,3.771739008042896,SHIBOR_1W+利差调整,4.668055674709563,1.6107415080428953,0,水平代理；不能复现原偏离度,False
2013-09-10,3.771739008042896,SHIBOR_1W+利差调整,4.668055674709563,1.6107415080428953,0,水平代理；不能复现原偏离度,False
2013-09-11,3.628310695187166,SHIBOR_1W+利差调整,4.591077361853833,1.610622028520499,0,水平代理；不能复现原偏离度,False
2013-09-11,3.628310695187166,SHIBOR_1W+利差调整,4.591077361853833,1.610622028520499,0,水平代理；不能复现原偏离度,False
2013-09-12,3.640310695187166,SHIBOR_1W+利差调整,4.465910695187167,1.6109308618538325,0,水平代理；不能复现原偏离度,False
2013-09-12,3.640310695187166,SHIBOR_1W+利差调整,4.465910695187167,1.6109308618538325,0,水平代理；不能复现原偏离度,False
2013-09-13,3.7163106951871656,SHIBOR_1W+利差调整,4.3830273618538325,1.6112396951871657,0,水平代理；不能复现原偏离度,False
2013-09-13,3.7163106951871656,SHIBOR_1W+利差调整,4.3830273618538325,1.6112396951871657,0,水平代理；不能复现原偏离度,False
2013-09-16,3.6157390080428953,SHIBOR_1W+利差调整,4.319422341376229,1.6119768413762288,0,水平代理；不能复现原偏离度,False
2013-09-16,3.6157390080428953,SHIBOR_1W+利差调整,4.319422341376229,1.6119768413762288,0,水平代理；不能复现原偏离度,False
2013-09-17,3.729310695187166,SHIBOR_1W+利差调整,4.251310695187166,1.6118573618538323,0,水平代理；不能复现原偏离度,False
2013-09-17,3.729310695187166,SHIBOR_1W+利差调整,4.251310695187166,1.6118573618538323,0,水平代理；不能复现原偏离度,False
2013-09-18,3.895739008042896,SHIBOR_1W+利差调整,4.194205674709562,1.6123530080428954,0,水平代理；不能复现原偏离度,False
2013-09-18,3.8957390080428955,SHIBOR_1W+利差调整,4.194205674709562,1.6123530080428954,0,水平代理；不能复现原偏离度,False
2013-09-22,4.137739008042896,SHIBOR_1W+利差调整,4.149322341376229,1.6124203413762286,0,水平代理；不能复现原偏离度,False
2013-09-22,4.137739008042896,SHIBOR_1W+利差调整,4.149322341376229,1.6124203413762286,0,水平代理；不能复现原偏离度,False
2013-09-23,4.378739008042896,SHIBOR_1W+利差调整,4.117139008042895,1.612487674709562,0,水平代理；不能复现原偏离度,False
2013-09-23,4.378739008042896,SHIBOR_1W+利差调整,4.117139008042895,1.612487674709562,0,水平代理；不能复现原偏离度,False
2013-09-24,4.586739008042896,SHIBOR_1W+利差调整,4.100755674709562,1.6125550080428954,0,水平代理；不能复现原偏离度,False
2013-09-24,4.586739008042896,SHIBOR_1W+利差调整,4.100755674709562,1.6125550080428954,0,水平代理；不能复现原偏离度,False
2013-09-25,4.062739008042896,SHIBOR_1W+利差调整,4.086855674709562,1.6126223413762286,0,水平代理；不能复现原偏离度,False
2013-09-25,4.062739008042896,SHIBOR_1W+利差调整,4.086855674709562,1.6126223413762286,0,水平代理；不能复现原偏离度,False
2013-09-26,4.201739008042895,SHIBOR_1W+利差调整,4.083739008042896,1.612689674709562,0,水平代理；不能复现原偏离度,False
2013-09-26,4.201739008042895,SHIBOR_1W+利差调整,4.083739008042896,1.612689674709562,0,水平代理；不能复现原偏离度,False
2013-09-27,3.7927390080428953,SHIBOR_1W+利差调整,4.078872341376229,1.6127570080428957,0,水平代理；不能复现原偏离度,False
2013-09-27,3.7927390080428953,SHIBOR_1W+利差调整,4.078872341376229,1.6127570080428955,0,水平代理；不能复现原偏离度,False
2013-09-29,3.895739008042896,SHIBOR_1W+利差调整,4.077755674709562,1.6128243413762289,0,水平代理；不能复现原偏离度,False
2013-09-29,3.8957390080428955,SHIBOR_1W+利差调整,4.077755674709562,1.6128243413762289,0,水平代理；不能复现原偏离度,False
2013-09-30,4.349739008042896,SHIBOR_1W+利差调整,4.086872341376229,1.612891674709562,0,水平代理；不能复现原偏离度,False
2013-09-30,4.349739008042896,SHIBOR_1W+利差调整,4.086872341376229,1.612891674709562,0,水平代理；不能复现原偏离度,False
2013-10-08,4.539739008042895,SHIBOR_1W+利差调整,4.100155674709562,1.6129590080428955,0,水平代理；不能复现原偏离度,False
2013-10-08,4.539739008042895,SHIBOR_1W+利差调整,4.100155674709562,1.6129590080428955,0,水平代理；不能复现原偏离度,False
2013-10-09,4.648310695187166,SHIBOR_1W+利差调整,4.114927361853833,1.6127858618538329,0,水平代理；不能复现原偏离度,False
2013-10-09,4.648310695187166,SHIBOR_1W+利差调整,4.114927361853833,1.6127858618538329,0,水平代理；不能复现原偏离度,False
2013-10-10,4.626739008042896,SHIBOR_1W+利差调整,4.126522341376229,1.6134693413762289,0,水平代理；不能复现原偏离度,False
2013-10-10,4.626739008042896,SHIBOR_1W+利差调整,4.126522341376229,1.6134693413762289,0,水平代理；不能复现原偏离度,False
2013-10-11,4.406739008042895,SHIBOR_1W+利差调整,4.134189008042895,1.6137245080428957,0,水平代理；不能复现原偏离度,False
2013-10-11,4.406739008042895,SHIBOR_1W+利差调整,4.134189008042895,1.6137245080428957,0,水平代理；不能复现原偏离度,False
2013-10-12,4.392739008042896,SHIBOR_1W+利差调整,4.141472341376229,1.613979674709562,0,水平代理；不能复现原偏离度,False
2013-10-12,4.392739008042896,SHIBOR_1W+利差调整,4.141472341376229,1.613979674709562,0,水平代理；不能复现原偏离度,False
2013-10-14,4.001739008042896,SHIBOR_1W+利差调整,4.143955674709562,1.6142348413762289,0,水平代理；不能复现原偏离度,False
2013-10-14,4.001739008042896,SHIBOR_1W+利差调整,4.143955674709562,1.6142348413762289,0,水平代理；不能复现原偏离度,False
2013-10-15,3.991739008042896,SHIBOR_1W+利差调整,4.148105674709562,1.6144900080428954,0,水平代理；不能复现原偏离度,False
2013-10-15,3.991739008042896,SHIBOR_1W+利差调整,4.148105674709562,1.6144900080428954,0,水平代理；不能复现原偏离度,False
2013-10-16,3.4607390080428955,SHIBOR_1W+利差调整,4.1427723413762285,1.614745174709562,0,水平代理；不能复现原偏离度,False
2013-10-16,3.4607390080428955,SHIBOR_1W+利差调整,4.1427723413762285,1.614745174709562,0,水平代理；不能复现原偏离度,False
2013-10-17,3.4967390080428955,SHIBOR_1W+利差调整,4.136189008042895,1.6150003413762288,0,水平代理；不能复现原偏离度,False
2013-10-17,3.4967390080428955,SHIBOR_1W+利差调整,4.136189008042895,1.6150003413762288,0,水平代理；不能复现原偏离度,False
2013-10-18,3.6317390080428953,SHIBOR_1W+利差调整,4.128855674709562,1.6152555080428954,0,水平代理；不能复现原偏离度,False
2013-10-18,3.6317390080428953,SHIBOR_1W+利差调整,4.128855674709562,1.6152555080428954,0,水平代理；不能复现原偏离度,False
2013-10-21,3.694739008042896,SHIBOR_1W+利差调整,4.122005674709562,1.615510674709562,0,水平代理；不能复现原偏离度,False
2013-10-21,3.694739008042896,SHIBOR_1W+利差调整,4.122005674709562,1.615510674709562,0,水平代理；不能复现原偏离度,False
2013-10-22,3.7047390080428952,SHIBOR_1W+利差调整,4.114455674709562,1.615618674709562,0,水平代理；不能复现原偏离度,False
2013-10-22,3.7047390080428952,SHIBOR_1W+利差调整,4.114455674709562,1.615618674709562,0,水平代理；不能复现原偏离度,False
2013-10-23,4.138739008042895,SHIBOR_1W+利差调整,4.112122341376229,1.615726674709562,0,水平代理；不能复现原偏离度,False
2013-10-23,4.138739008042895,SHIBOR_1W+利差调整,4.112122341376229,1.615726674709562,0,水平代理；不能复现原偏离度,False
2013-10-24,4.826739008042895,SHIBOR_1W+利差调整,4.117605674709562,1.615834674709562,0,水平代理；不能复现原偏离度,False
2013-10-24,4.826739008042895,SHIBOR_1W+利差调整,4.117605674709562,1.615834674709562,0,水平代理；不能复现原偏离度,False
2013-10-25,5.037739008042895,SHIBOR_1W+利差调整,4.114839008042895,1.615942674709562,0,水平代理；不能复现原偏离度,False
2013-10-25,5.037739008042895,SHIBOR_1W+利差调整,4.114839008042895,1.615942674709562,0,水平代理；不能复现原偏离度,False
2013-10-28,5.040739008042896,SHIBOR_1W+利差调整,4.113539008042896,1.616050674709562,0,水平代理；不能复现原偏离度,False
2013-10-28,5.0407390080428955,SHIBOR_1W+利差调整,4.1135390080428955,1.616050674709562,0,水平代理；不能复现原偏离度,False
2013-10-29,5.093310695187166,SHIBOR_1W+利差调整,4.1127106951871655,1.6157303618538326,0,水平代理；不能复现原偏离度,False
2013-10-29,5.093310695187166,SHIBOR_1W+利差调整,4.1127106951871655,1.6157303618538326,0,水平代理；不能复现原偏离度,False
2013-10-30,5.74000455764075,SHIBOR_1W+利差调整,4.130871224307417,1.6165322243074172,0,水平代理；不能复现原偏离度,False
2013-10-30,5.74000455764075,SHIBOR_1W+利差调整,4.130871224307417,1.6165322243074172,0,水平代理；不能复现原偏离度,False
2013-10-31,5.139739008042896,SHIBOR_1W+利差调整,4.141922341376229,1.6163746747095622,0,水平代理；不能复现原偏离度,False
2013-10-31,5.139739008042896,SHIBOR_1W+利差调整,4.141922341376229,1.6163746747095622,0,水平代理；不能复现原偏离度,False
2013-11-01,4.756739008042896,SHIBOR_1W+利差调整,4.146155674709562,1.6164826747095622,0,水平代理；不能复现原偏离度,False
2013-11-01,4.756739008042896,SHIBOR_1W+利差调整,4.146155674709562,1.6164826747095622,0,水平代理；不能复现原偏离度,False
2013-11-04,4.569739008042896,SHIBOR_1W+利差调整,4.152105674709563,1.6165906747095622,0,水平代理；不能复现原偏离度,False
2013-11-04,4.5697390080428955,SHIBOR_1W+利差调整,4.152105674709563,1.6165906747095622,0,水平代理；不能复现原偏离度,False
2013-11-05,4.378739008042896,SHIBOR_1W+利差调整,4.158089008042896,1.6168128413762288,0,水平代理；不能复现原偏离度,False
2013-11-05,4.378739008042896,SHIBOR_1W+利差调整,4.158089008042896,1.6168128413762288,0,水平代理；不能复现原偏离度,False
2013-11-06,4.012481124497992,SHIBOR_1W+利差调整,4.159622791164659,1.616777124497992,0,水平代理；不能复现原偏离度,False
2013-11-06,4.012481124497992,SHIBOR_1W+利差调整,4.159622791164659,1.616777124497992,0,水平代理；不能复现原偏离度,False
2013-11-07,4.037310695187166,SHIBOR_1W+利差调整,4.163635695187166,1.6168288618538322,0,水平代理；不能复现原偏离度,False
2013-11-07,4.037310695187166,SHIBOR_1W+利差调整,4.163635695187166,1.6168288618538322,0,水平代理；不能复现原偏离度,False
2013-11-08,4.085310695187166,SHIBOR_1W+利差调整,4.168485695187166,1.6170510285204989,0,水平代理；不能复现原偏离度,False
2013-11-08,4.085310695187166,SHIBOR_1W+利差调整,4.168485695187166,1.6170510285204989,0,水平代理；不能复现原偏离度,False
2013-11-11,3.9263106951871656,SHIBOR_1W+利差调整,4.169785695187167,1.6172731951871655,0,水平代理；不能复现原偏离度,False
2013-11-11,3.9263106951871656,SHIBOR_1W+利差调整,4.169785695187167,1.6172731951871655,0,水平代理；不能复现原偏离度,False
2013-11-12,3.6917390080428953,SHIBOR_1W+利差调整,4.165047341376228,1.617923674709562,0,水平代理；不能复现原偏离度,False
2013-11-12,3.6917390080428953,SHIBOR_1W+利差调整,4.165047341376228,1.617923674709562,0,水平代理；不能复现原偏离度,False
2013-11-13,3.781739008042895,SHIBOR_1W+利差调整,4.159064008042895,1.6181458413762286,0,水平代理；不能复现原偏离度,False
2013-11-13,3.781739008042895,SHIBOR_1W+利差调整,4.159064008042895,1.6181458413762286,0,水平代理；不能复现原偏离度,False
2013-11-14,4.339310695187166,SHIBOR_1W+利差调整,4.165652361853833,1.6179396951871656,0,水平代理；不能复现原偏离度,False
2013-11-14,4.339310695187166,SHIBOR_1W+利差调整,4.165652361853833,1.6179396951871656,0,水平代理；不能复现原偏离度,False
2013-11-15,5.457739008042895,SHIBOR_1W+利差调整,4.186397341376229,1.618590174709562,0,水平代理；不能复现原偏离度,False
2013-11-15,5.457739008042895,SHIBOR_1W+利差调整,4.186397341376229,1.618590174709562,0,水平代理；不能复现原偏离度,False
2013-11-18,5.503739008042896,SHIBOR_1W+利差调整,4.201880674709562,1.6188123413762283,0,水平代理；不能复现原偏离度,False
2013-11-18,5.503739008042896,SHIBOR_1W+利差调整,4.201880674709562,1.6188123413762285,0,水平代理；不能复现原偏离度,False
2013-11-19,4.976310695187166,SHIBOR_1W+利差调整,4.211635695187166,1.618387528520499,0,水平代理；不能复现原偏离度,False
2013-11-19,4.976310695187166,SHIBOR_1W+利差调整,4.211635695187166,1.618387528520499,0,水平代理；不能复现原偏离度,False
2013-11-20,4.897739008042896,SHIBOR_1W+利差调整,4.222664008042895,1.6188193413762286,0,水平代理；不能复现原偏离度,False
2013-11-20,4.897739008042896,SHIBOR_1W+利差调整,4.222664008042895,1.6188193413762286,0,水平代理；不能复现原偏离度,False
2013-11-21,4.854739008042896,SHIBOR_1W+利差调整,4.231980674709562,1.6188228413762284,0,水平代理；不能复现原偏离度,False
2013-11-21,4.854739008042896,SHIBOR_1W+利差调整,4.231980674709562,1.6188228413762284,0,水平代理；不能复现原偏离度,False
2013-11-22,4.909739008042895,SHIBOR_1W+利差调整,4.244314008042895,1.6188263413762285,0,水平代理；不能复现原偏离度,False
2013-11-22,4.909739008042895,SHIBOR_1W+利差调整,4.244314008042895,1.6188263413762285,0,水平代理；不能复现原偏离度,False
2013-11-25,4.886739008042896,SHIBOR_1W+利差调整,4.253164008042895,1.6188298413762283,0,水平代理；不能复现原偏离度,False
2013-11-25,4.886739008042896,SHIBOR_1W+利差调整,4.253164008042895,1.6188298413762285,0,水平代理；不能复现原偏离度,False
2013-11-26,4.824239008042896,SHIBOR_1W+利差调整,4.260139008042896,1.6188333413762286,0,水平代理；不能复现原偏离度,False
2013-11-26,4.824239008042896,SHIBOR_1W+利差调整,4.260139008042896,1.6188333413762286,0,水平代理；不能复现原偏离度,False
2013-11-27,4.809739008042896,SHIBOR_1W+利差调整,4.265889008042896,1.6188368413762286,0,水平代理；不能复现原偏离度,False
2013-11-27,4.809739008042896,SHIBOR_1W+利差调整,4.265889008042896,1.6188368413762286,0,水平代理；不能复现原偏离度,False
2013-11-28,4.969739008042896,SHIBOR_1W+利差调整,4.284014008042896,1.6188403413762285,0,水平代理；不能复现原偏离度,False
2013-11-28,4.969739008042896,SHIBOR_1W+利差调整,4.284014008042896,1.6188403413762285,0,水平代理；不能复现原偏离度,False
2013-11-29,4.812739008042896,SHIBOR_1W+利差调整,4.299414008042896,1.6188438413762285,0,水平代理；不能复现原偏离度,False
2013-11-29,4.812739008042896,SHIBOR_1W+利差调整,4.299414008042896,1.6188438413762285,0,水平代理；不能复现原偏离度,False
2013-12-02,4.717310695187166,SHIBOR_1W+利差调整,4.312669028520499,1.6184190285204991,0,水平代理；不能复现原偏离度,False
2013-12-02,4.717310695187166,SHIBOR_1W+利差调整,4.312669028520499,1.6184190285204991,0,水平代理；不能复现原偏离度,False
2013-12-03,4.746310695187166,SHIBOR_1W+利差调整,4.331035695187167,1.6186410285204993,0,水平代理；不能复现原偏离度,False
2013-12-03,4.746310695187166,SHIBOR_1W+利差调整,4.331035695187167,1.6186410285204993,0,水平代理；不能复现原偏离度,False
2013-12-04,4.723310695187166,SHIBOR_1W+利差调整,4.349719028520499,1.6188630285204992,0,水平代理；不能复现原偏离度,False
2013-12-04,4.723310695187166,SHIBOR_1W+利差调整,4.349719028520499,1.6188630285204992,0,水平代理；不能复现原偏离度,False
2013-12-05,4.704739008042895,SHIBOR_1W+利差调整,4.36829734137623,1.6195133413762286,0,水平代理；不能复现原偏离度,False
2013-12-05,4.704739008042895,SHIBOR_1W+利差调整,4.36829734137623,1.6195133413762286,0,水平代理；不能复现原偏离度,False
2013-12-06,4.696310695187166,SHIBOR_1W+利差调整,4.384469028520499,1.6193070285204991,0,水平代理；不能复现原偏离度,False
2013-12-06,4.696310695187166,SHIBOR_1W+利差调整,4.384469028520499,1.6193070285204991,0,水平代理；不能复现原偏离度,False
2013-12-09,4.631739008042896,SHIBOR_1W+利差调整,4.399230674709562,1.6199573413762287,0,水平代理；不能复现原偏离度,False
2013-12-09,4.631739008042896,SHIBOR_1W+利差调整,4.399230674709562,1.6199573413762287,0,水平代理；不能复现原偏离度,False
2013-12-10,4.590739008042895,SHIBOR_1W+利差调整,4.415264008042896,1.6201793413762289,0,水平代理；不能复现原偏离度,False
2013-12-10,4.590739008042895,SHIBOR_1W+利差调整,4.415264008042896,1.6201793413762289,0,水平代理；不能复现原偏离度,False
2013-12-11,4.475739008042895,SHIBOR_1W+利差调整,4.429180674709563,1.6204013413762288,0,水平代理；不能复现原偏离度,False
2013-12-11,4.475739008042895,SHIBOR_1W+利差调整,4.429180674709563,1.6204013413762288,0,水平代理；不能复现原偏离度,False
2013-12-12,4.451739008042895,SHIBOR_1W+利差调整,4.441430674709562,1.6206233413762288,0,水平代理；不能复现原偏离度,False
2013-12-12,4.451739008042895,SHIBOR_1W+利差调整,4.441430674709562,1.6206233413762288,0,水平代理；不能复现原偏离度,False
2013-12-13,4.446739008042895,SHIBOR_1W+利差调整,4.455280674709562,1.620845341376229,0,水平代理；不能复现原偏离度,False
2013-12-13,4.446739008042895,SHIBOR_1W+利差调整,4.455280674709562,1.620845341376229,0,水平代理；不能复现原偏离度,False
2013-12-16,4.504739008042895,SHIBOR_1W+利差调整,4.468197341376229,1.6210673413762289,0,水平代理；不能复现原偏离度,False
2013-12-16,4.504739008042895,SHIBOR_1W+利差调整,4.468197341376229,1.6210673413762289,0,水平代理；不能复现原偏离度,False
2013-12-17,4.605739008042895,SHIBOR_1W+利差调整,4.480030674709562,1.621204341376229,0,水平代理；不能复现原偏离度,False
2013-12-17,4.605739008042895,SHIBOR_1W+利差调整,4.480030674709562,1.621204341376229,0,水平代理；不能复现原偏离度,False
2013-12-18,6.048739008042896,SHIBOR_1W+利差调整,4.5118806747095626,1.621341341376229,0,水平代理；不能复现原偏离度,False
2013-12-18,6.048739008042896,SHIBOR_1W+利差调整,4.5118806747095626,1.621341341376229,0,水平代理；不能复现原偏离度,False
2013-12-19,6.618739008042896,SHIBOR_1W+利差调整,4.549214008042895,1.6214783413762288,0,水平代理；不能复现原偏离度,False
2013-12-19,6.618739008042896,SHIBOR_1W+利差调整,4.549214008042895,1.6214783413762288,0,水平代理；不能复现原偏离度,False
2013-12-20,7.800739008042895,SHIBOR_1W+利差调整,4.602780674709562,1.6216153413762289,0,水平代理；不能复现原偏离度,False
2013-12-20,7.800739008042895,SHIBOR_1W+利差调整,4.602780674709562,1.6216153413762289,0,水平代理；不能复现原偏离度,False
2013-12-23,8.989310695187166,SHIBOR_1W+利差调整,4.684469028520499,1.621324028520499,0,水平代理；不能复现原偏离度,False
2013-12-23,8.989310695187166,SHIBOR_1W+利差调整,4.684469028520499,1.621324028520499,0,水平代理；不能复现原偏离度,False
2013-12-24,6.343310695187166,SHIBOR_1W+利差调整,4.7201690285205,1.6214610285204991,0,水平代理；不能复现原偏离度,False
2013-12-24,6.343310695187166,SHIBOR_1W+利差调整,4.7201690285205,1.6214610285204991,0,水平代理；不能复现原偏离度,False
2013-12-25,5.762310695187166,SHIBOR_1W+利差调整,4.7530023618538335,1.621598028520499,0,水平代理；不能复现原偏离度,False
2013-12-25,5.762310695187166,SHIBOR_1W+利差调整,4.7530023618538335,1.621598028520499,0,水平代理；不能复现原偏离度,False
2013-12-26,5.475739008042895,SHIBOR_1W+利差调整,4.779764008042895,1.6221633413762289,0,水平代理；不能复现原偏离度,False
2013-12-26,5.475739008042895,SHIBOR_1W+利差调整,4.779764008042895,1.6221633413762289,0,水平代理；不能复现原偏离度,False
2013-12-27,5.213739008042896,SHIBOR_1W+利差调整,4.794164008042896,1.622300341376229,0,水平代理；不能复现原偏离度,False
2013-12-27,5.213739008042896,SHIBOR_1W+利差调整,4.7941640080428956,1.622300341376229,0,水平代理；不能复现原偏离度,False
2013-12-30,4.987739008042896,SHIBOR_1W+利差调整,4.801630674709561,1.622437341376229,0,水平代理；不能复现原偏离度,False
2013-12-30,4.987739008042896,SHIBOR_1W+利差调整,4.801630674709561,1.622437341376229,0,水平代理；不能复现原偏离度,False
2013-12-31,5.396739008042895,SHIBOR_1W+利差调整,4.814097341376229,1.6225731747095624,0,水平代理；不能复现原偏离度,False
2013-12-31,5.396739008042895,SHIBOR_1W+利差调整,4.814097341376229,1.6225731747095624,0,水平代理；不能复现原偏离度,False
2014-01-02,5.127739008042895,SHIBOR_1W+利差调整,4.822447341376229,1.6227090080428956,0,水平代理；不能复现原偏离度,False
2014-01-02,5.127739008042895,SHIBOR_1W+利差调整,4.822447341376229,1.6227090080428956,0,水平代理；不能复现原偏离度,False
2014-01-03,4.857739008042896,SHIBOR_1W+利差调整,4.829964008042896,1.6228448413762289,0,水平代理；不能复现原偏离度,False
2014-01-03,4.857739008042896,SHIBOR_1W+利差调整,4.829964008042896,1.6228448413762289,0,水平代理；不能复现原偏离度,False
2014-01-06,4.779739008042895,SHIBOR_1W+利差调整,4.836414008042896,1.6229806747095623,0,水平代理；不能复现原偏离度,False
2014-01-06,4.779739008042895,SHIBOR_1W+利差调整,4.836414008042896,1.6229806747095623,0,水平代理；不能复现原偏离度,False
2014-01-07,4.405739008042896,SHIBOR_1W+利差调整,4.843147341376228,1.6231165080428955,0,水平代理；不能复现原偏离度,False
2014-01-07,4.405739008042896,SHIBOR_1W+利差调整,4.843147341376228,1.6231165080428955,0,水平代理；不能复现原偏离度,False
2014-01-08,4.272310695187167,SHIBOR_1W+利差调整,4.847402361853834,1.6228240285204991,0,水平代理；不能复现原偏离度,False
2014-01-08,4.272310695187167,SHIBOR_1W+利差调整,4.847402361853834,1.6228240285204991,0,水平代理；不能复现原偏离度,False
2014-01-09,4.166739008042895,SHIBOR_1W+利差调整,4.859597341376229,1.6233881747095622,0,水平代理；不能复现原偏离度,False
2014-01-09,4.166739008042895,SHIBOR_1W+利差调整,4.859597341376229,1.6233881747095622,0,水平代理；不能复现原偏离度,False
2014-01-10,4.187739008042896,SHIBOR_1W+利差调整,4.871114008042896,1.6235240080428954,0,水平代理；不能复现原偏离度,False
2014-01-10,4.187739008042896,SHIBOR_1W+利差调整,4.871114008042896,1.6235240080428954,0,水平代理；不能复现原偏离度,False
2014-01-13,4.159739008042895,SHIBOR_1W+利差调整,4.879914008042895,1.6236598413762289,0,水平代理；不能复现原偏离度,False
2014-01-13,4.159739008042895,SHIBOR_1W+利差调整,4.879914008042895,1.6236598413762289,0,水平代理；不能复现原偏离度,False
2014-01-14,4.150339008042895,SHIBOR_1W+利差调整,4.88750734137623,1.623795674709562,0,水平代理；不能复现原偏离度,False
2014-01-14,4.150339008042895,SHIBOR_1W+利差调整,4.88750734137623,1.623795674709562,0,水平代理；不能复现原偏离度,False
2014-01-15,4.111739008042895,SHIBOR_1W+利差调整,4.894290674709563,1.6238540080428954,0,水平代理；不能复现原偏离度,False
2014-01-15,4.111739008042895,SHIBOR_1W+利差调整,4.894290674709563,1.6238540080428954,0,水平代理；不能复现原偏离度,False
2014-01-16,4.402739008042896,SHIBOR_1W+利差调整,4.898690674709561,1.6239123413762286,0,水平代理；不能复现原偏离度,False
2014-01-16,4.402739008042896,SHIBOR_1W+利差调整,4.898690674709561,1.6239123413762286,0,水平代理；不能复现原偏离度,False
2014-01-17,4.922739008042895,SHIBOR_1W+利差调整,4.900290674709563,1.623970674709562,0,水平代理；不能复现原偏离度,False
2014-01-17,4.922739008042895,SHIBOR_1W+利差调整,4.900290674709563,1.6239706747095621,0,水平代理；不能复现原偏离度,False
2014-01-20,6.475739008042895,SHIBOR_1W+利差调整,4.924257341376229,1.6240290080428954,0,水平代理；不能复现原偏离度,False
2014-01-20,6.475739008042895,SHIBOR_1W+利差调整,4.924257341376229,1.6240290080428954,0,水平代理；不能复现原偏离度,False
2014-01-21,5.681739008042896,SHIBOR_1W+利差调整,4.934940674709562,1.624087341376229,0,水平代理；不能复现原偏离度,False
2014-01-21,5.6817390080428956,SHIBOR_1W+利差调整,4.934940674709562,1.6240873413762287,0,水平代理；不能复现原偏离度,False
2014-01-22,5.370310695187166,SHIBOR_1W+利差调整,4.939129028520499,1.6237173618538323,0,水平代理；不能复现原偏离度,False
2014-01-22,5.370310695187166,SHIBOR_1W+利差调整,4.939129028520499,1.6237173618538323,0,水平代理；不能复现原偏离度,False
2014-01-23,5.440004557640751,SHIBOR_1W+利差调整,4.934822890974083,1.6244695576407506,0,水平代理；不能复现原偏离度,False
2014-01-23,5.440004557640751,SHIBOR_1W+利差调整,4.934822890974083,1.6244695576407506,0,水平代理；不能复现原偏离度,False
2014-01-24,4.595739008042895,SHIBOR_1W+利差调整,4.925490674709562,1.6242623413762287,0,水平代理；不能复现原偏离度,False
2014-01-24,4.595739008042895,SHIBOR_1W+利差调整,4.925490674709562,1.6242623413762287,0,水平代理；不能复现原偏离度,False
2014-01-26,4.863310695187166,SHIBOR_1W+利差调整,4.926845695187167,1.6238923618538323,0,水平代理；不能复现原偏离度,False
2014-01-26,4.863310695187166,SHIBOR_1W+利差调整,4.926845695187167,1.6238923618538323,0,水平代理；不能复现原偏离度,False
2014-01-27,4.835739008042896,SHIBOR_1W+利差调整,4.931707341376228,1.6243790080428953,0,水平代理；不能复现原偏离度,False
2014-01-27,4.8357390080428955,SHIBOR_1W+利差调整,4.931707341376228,1.6243790080428953,0,水平代理；不能复现原偏离度,False
2014-01-28,5.112439008042895,SHIBOR_1W+利差调整,4.943935674709563,1.6244120080428952,0,水平代理；不能复现原偏离度,False
2014-01-28,5.112439008042895,SHIBOR_1W+利差调整,4.943935674709563,1.6244120080428952,0,水平代理；不能复现原偏离度,False
2014-01-29,5.254310695187166,SHIBOR_1W+利差调整,4.964207361853833,1.6240166951871655,0,水平代理；不能复现原偏离度,False
2014-01-29,5.254310695187166,SHIBOR_1W+利差调整,4.964207361853833,1.6240166951871655,0,水平代理；不能复现原偏离度,False
2014-01-30,5.129739008042895,SHIBOR_1W+利差调整,4.982835674709563,1.624478008042895,0,水平代理；不能复现原偏离度,False
2014-01-30,5.129739008042895,SHIBOR_1W+利差调整,4.982835674709563,1.6244780080428953,0,水平代理；不能复现原偏离度,False
2014-02-07,5.555739008042895,SHIBOR_1W+利差调整,5.007335674709562,1.6245110080428953,0,水平代理；不能复现原偏离度,False
2014-02-07,5.555739008042895,SHIBOR_1W+利差调整,5.007335674709562,1.6245110080428953,0,水平代理；不能复现原偏离度,False
2014-02-08,5.396757908847185,SHIBOR_1W+利差调整,5.031854575513852,1.6245629088471851,0,水平代理；不能复现原偏离度,False
2014-02-08,5.396757908847185,SHIBOR_1W+利差调整,5.031854575513852,1.6245629088471851,0,水平代理；不能复现原偏离度,False
2014-02-10,5.445739008042896,SHIBOR_1W+利差调整,5.061069008042895,1.6245770080428954,0,水平代理；不能复现原偏离度,False
2014-02-10,5.445739008042896,SHIBOR_1W+利差调整,5.061069008042895,1.6245770080428954,0,水平代理；不能复现原偏离度,False
2014-02-11,5.347739008042895,SHIBOR_1W+利差调整,5.087169008042896,1.6246100080428951,0,水平代理；不能复现原偏离度,False
2014-02-11,5.347739008042895,SHIBOR_1W+利差调整,5.0871690080428955,1.6246100080428953,0,水平代理；不能复现原偏离度,False
2014-02-12,5.324739008042895,SHIBOR_1W+利差调整,5.103585674709562,1.6246430080428953,0,水平代理；不能复现原偏离度,False
2014-02-12,5.324739008042895,SHIBOR_1W+利差调整,5.103585674709562,1.6246430080428953,0,水平代理；不能复现原偏离度,False
2014-02-13,5.167739008042895,SHIBOR_1W+利差调整,5.098752341376229,1.6246760080428957,0,水平代理；不能复现原偏离度,False
2014-02-13,5.167739008042895,SHIBOR_1W+利差调整,5.098752341376229,1.6246760080428955,0,水平代理；不能复现原偏离度,False
2014-02-14,4.582739008042895,SHIBOR_1W+利差调整,5.083402341376229,1.6247090080428954,0,水平代理；不能复现原偏离度,False
2014-02-14,4.582739008042895,SHIBOR_1W+利差调整,5.083402341376229,1.6247090080428954,0,水平代理；不能复现原偏离度,False
2014-02-17,4.025739008042896,SHIBOR_1W+利差调整,5.067552341376229,1.624759174709562,0,水平代理；不能复现原偏离度,False
2014-02-17,4.025739008042896,SHIBOR_1W+利差调整,5.067552341376229,1.624759174709562,0,水平代理；不能复现原偏离度,False
2014-02-18,3.8897390080428953,SHIBOR_1W+利差调整,5.050752341376229,1.6248093413762288,0,水平代理；不能复现原偏离度,False
2014-02-18,3.8897390080428953,SHIBOR_1W+利差调整,5.050752341376229,1.6248093413762288,0,水平代理；不能复现原偏离度,False
2014-02-19,3.908739008042896,SHIBOR_1W+利差调整,5.034985674709563,1.6248595080428954,0,水平代理；不能复现原偏离度,False
2014-02-19,3.9087390080428954,SHIBOR_1W+利差调整,5.034985674709563,1.6248595080428954,0,水平代理；不能复现原偏离度,False
2014-02-20,3.8497390080428953,SHIBOR_1W+利差调整,5.017319008042896,1.624909674709562,0,水平代理；不能复现原偏离度,False
2014-02-20,3.8497390080428953,SHIBOR_1W+利差调整,5.017319008042896,1.624909674709562,0,水平代理；不能复现原偏离度,False
2014-02-21,3.741739008042896,SHIBOR_1W+利差调整,4.998235674709562,1.6249598413762287,0,水平代理；不能复现原偏离度,False
2014-02-21,3.7417390080428956,SHIBOR_1W+利差调整,4.998235674709562,1.6249598413762287,0,水平代理；不能复现原偏离度,False
2014-02-24,3.4857390080428954,SHIBOR_1W+利差调整,4.975927341376229,1.6250100080428953,0,水平代理；不能复现原偏离度,False
2014-02-24,3.4857390080428954,SHIBOR_1W+利差调整,4.975927341376229,1.6250100080428953,0,水平代理；不能复现原偏离度,False
2014-02-25,3.4247390080428954,SHIBOR_1W+利差调整,4.952844008042896,1.625060174709562,0,水平代理；不能复现原偏离度,False
2014-02-25,3.4247390080428954,SHIBOR_1W+利差调整,4.952844008042896,1.6250601747095619,0,水平代理；不能复现原偏离度,False
2014-02-26,3.2187390080428955,SHIBOR_1W+利差调整,4.923660674709563,1.6251103413762285,0,水平代理；不能复现原偏离度,False
2014-02-26,3.2187390080428955,SHIBOR_1W+利差调整,4.923660674709563,1.6251103413762285,0,水平代理；不能复现原偏离度,False
2014-02-27,3.576310695187166,SHIBOR_1W+利差调整,4.902632361853833,1.6247321951871658,0,水平代理；不能复现原偏离度,False
2014-02-27,3.576310695187166,SHIBOR_1W+利差调整,4.902632361853833,1.6247321951871658,0,水平代理；不能复现原偏离度,False
2014-02-28,3.6757390080428953,SHIBOR_1W+利差调整,4.885694008042895,1.6252106747095618,0,水平代理；不能复现原偏离度,False
2014-02-28,3.6757390080428953,SHIBOR_1W+利差调整,4.885694008042895,1.6252106747095618,0,水平代理；不能复现原偏离度,False
2014-03-03,2.967739008042896,SHIBOR_1W+利差调整,4.856044008042896,1.6252785080428953,0,水平代理；不能复现原偏离度,False
2014-03-03,2.967739008042896,SHIBOR_1W+利差调整,4.856044008042896,1.6252785080428953,0,水平代理；不能复现原偏离度,False
2014-03-04,3.660239008042896,SHIBOR_1W+利差调整,4.838319008042896,1.6253463413762286,0,水平代理；不能复现原偏离度,False
2014-03-04,3.6602390080428955,SHIBOR_1W+利差调整,4.8383190080428955,1.6253463413762286,0,水平代理；不能复现原偏离度,False
2014-03-05,3.944739008042896,SHIBOR_1W+利差调整,4.8256523413762284,1.625414174709562,0,水平代理；不能复现原偏离度,False
2014-03-05,3.9447390080428955,SHIBOR_1W+利差调整,4.8256523413762284,1.625414174709562,0,水平代理；不能复现原偏离度,False
2014-03-06,2.632739008042896,SHIBOR_1W+利差调整,4.79125234137623,1.625482008042895,0,水平代理；不能复现原偏离度,False
2014-03-06,2.6327390080428956,SHIBOR_1W+利差调整,4.79125234137623,1.6254820080428953,0,水平代理；不能复现原偏离度,False
2014-03-07,2.5497390080428954,SHIBOR_1W+利差调整,4.756552341376229,1.6255498413762286,0,水平代理；不能复现原偏离度,False
2014-03-07,2.5497390080428954,SHIBOR_1W+利差调整,4.756552341376229,1.6255498413762286,0,水平代理；不能复现原偏离度,False
2014-03-10,2.5047390080428955,SHIBOR_1W+利差调整,4.721785674709563,1.625617674709562,0,水平代理；不能复现原偏离度,False
2014-03-10,2.5047390080428955,SHIBOR_1W+利差调整,4.721785674709563,1.625617674709562,0,水平代理；不能复现原偏离度,False
2014-03-11,2.4047390080428954,SHIBOR_1W+利差调整,4.687269008042895,1.6256855080428956,0,水平代理；不能复现原偏离度,False
2014-03-11,2.4047390080428954,SHIBOR_1W+利差调整,4.687269008042895,1.6256855080428956,0,水平代理；不能复现原偏离度,False
2014-03-12,2.3573106951871656,SHIBOR_1W+利差调整,4.651940695187166,1.625325028520499,0,水平代理；不能复现原偏离度,False
2014-03-12,2.3573106951871656,SHIBOR_1W+利差调整,4.651940695187166,1.625325028520499,0,水平代理；不能复现原偏离度,False
2014-03-13,2.6467390080428954,SHIBOR_1W+利差调整,4.622369008042895,1.6258211747095623,0,水平代理；不能复现原偏离度,False
2014-03-13,2.6467390080428954,SHIBOR_1W+利差调整,4.622369008042895,1.6258211747095623,0,水平代理；不能复现原偏离度,False
2014-03-14,2.6737390080428955,SHIBOR_1W+利差调整,4.591852341376229,1.6258890080428956,0,水平代理；不能复现原偏离度,False
2014-03-14,2.6737390080428955,SHIBOR_1W+利差调整,4.591852341376229,1.6258890080428956,0,水平代理；不能复现原偏离度,False
2014-03-17,2.8177390080428952,SHIBOR_1W+利差调整,4.562052341376229,1.626015841376229,0,水平代理；不能复现原偏离度,False
2014-03-17,2.8177390080428952,SHIBOR_1W+利差调整,4.562052341376229,1.626015841376229,0,水平代理；不能复现原偏离度,False
2014-03-18,3.0263106951871657,SHIBOR_1W+利差调整,4.511257361853833,1.6257143618538326,0,水平代理；不能复现原偏离度,False
2014-03-18,3.0263106951871657,SHIBOR_1W+利差调整,4.511257361853833,1.6257143618538326,0,水平代理；不能复现原偏离度,False
2014-03-19,3.568739008042896,SHIBOR_1W+利差调整,4.460852341376229,1.6262695080428955,0,水平代理；不能复现原偏离度,False
2014-03-19,3.5687390080428956,SHIBOR_1W+利差调整,4.460852341376229,1.6262695080428955,0,水平代理；不能复现原偏离度,False
2014-03-20,3.620739008042896,SHIBOR_1W+利差调整,4.391185674709562,1.6263963413762288,0,水平代理；不能复现原偏离度,False
2014-03-20,3.6207390080428956,SHIBOR_1W+利差调整,4.391185674709562,1.6263963413762288,0,水平代理；不能复现原偏离度,False
2014-03-21,3.746739008042896,SHIBOR_1W+利差调整,4.303802341376229,1.626523174709562,0,水平代理；不能复现原偏离度,False
2014-03-21,3.7467390080428955,SHIBOR_1W+利差调整,4.303802341376229,1.626523174709562,0,水平代理；不能复现原偏离度,False
2014-03-24,3.7247390080428953,SHIBOR_1W+利差调整,4.260152341376229,1.6266500080428954,0,水平代理；不能复现原偏离度,False
2014-03-24,3.7247390080428953,SHIBOR_1W+利差调整,4.260152341376229,1.6266500080428954,0,水平代理；不能复现原偏离度,False
2014-03-25,3.776239008042896,SHIBOR_1W+利差调整,4.227044008042896,1.626776841376229,0,水平代理；不能复现原偏离度,False
2014-03-25,3.776239008042896,SHIBOR_1W+利差调整,4.227044008042896,1.626776841376229,0,水平代理；不能复现原偏离度,False
2014-03-26,4.014739008042896,SHIBOR_1W+利差调整,4.202694008042895,1.626903674709562,0,水平代理；不能复现原偏离度,False
2014-03-26,4.014739008042896,SHIBOR_1W+利差调整,4.202694008042895,1.626903674709562,0,水平代理；不能复现原偏离度,False
2014-03-27,4.958739008042896,SHIBOR_1W+利差调整,4.198444008042896,1.6270305080428953,0,水平代理；不能复现原偏离度,False
2014-03-27,4.958739008042896,SHIBOR_1W+利差调整,4.1984440080428955,1.6270305080428953,0,水平代理；不能复现原偏离度,False
2014-03-28,4.314310695187166,SHIBOR_1W+利差调整,4.1867990285205,1.6267290285204994,0,水平代理；不能复现原偏离度,False
2014-03-28,4.314310695187166,SHIBOR_1W+利差调整,4.1867990285205,1.6267290285204994,0,水平代理；不能复现原偏离度,False
2014-03-31,4.330739008042896,SHIBOR_1W+利差调整,4.169460674709563,1.6273590080428952,0,水平代理；不能复现原偏离度,False
2014-03-31,4.330739008042896,SHIBOR_1W+利差调整,4.169460674709563,1.6273590080428952,0,水平代理；不能复现原偏离度,False
2014-04-01,4.351739008042896,SHIBOR_1W+利差调整,4.156527341376229,1.627560674709562,0,水平代理；不能复现原偏离度,False
2014-04-01,4.351739008042896,SHIBOR_1W+利差调整,4.156527341376229,1.627560674709562,0,水平代理；不能复现原偏离度,False
2014-04-02,4.371739008042895,SHIBOR_1W+利差调整,4.1484273413762285,1.6277623413762283,0,水平代理；不能复现原偏离度,False
2014-04-02,4.371739008042895,SHIBOR_1W+利差调整,4.1484273413762285,1.6277623413762283,0,水平代理；不能复现原偏离度,False
2014-04-03,4.249739008042895,SHIBOR_1W+利差调整,4.139594008042895,1.6279640080428952,0,水平代理；不能复现原偏离度,False
2014-04-03,4.249739008042895,SHIBOR_1W+利差调整,4.139594008042895,1.6279640080428952,0,水平代理；不能复现原偏离度,False
2014-04-04,3.143739008042896,SHIBOR_1W+利差调整,4.1185606747095616,1.628165674709562,0,水平代理；不能复现原偏离度,False
2014-04-04,3.143739008042896,SHIBOR_1W+利差调整,4.1185606747095616,1.628165674709562,0,水平代理；不能复现原偏离度,False
2014-04-08,3.737739008042896,SHIBOR_1W+利差调整,4.109644008042896,1.6283673413762287,0,水平代理；不能复现原偏离度,False
2014-04-08,3.7377390080428956,SHIBOR_1W+利差调整,4.1096440080428955,1.6283673413762287,0,水平代理；不能复现原偏离度,False
2014-04-09,3.8167390080428953,SHIBOR_1W+利差调整,4.103810674709562,1.6285690080428954,0,水平代理；不能复现原偏离度,False
2014-04-09,3.8167390080428953,SHIBOR_1W+利差调整,4.103810674709562,1.6285690080428954,0,水平代理；不能复现原偏离度,False
2014-04-10,3.854739008042896,SHIBOR_1W+利差调整,4.098260674709562,1.628770674709562,0,水平代理；不能复现原偏离度,False
2014-04-10,3.8547390080428956,SHIBOR_1W+利差调整,4.098260674709562,1.628770674709562,0,水平代理；不能复现原偏离度,False
2014-04-11,3.847739008042896,SHIBOR_1W+利差调整,4.093060674709562,1.6289723413762287,0,水平代理；不能复现原偏离度,False
2014-04-11,3.8477390080428955,SHIBOR_1W+利差调整,4.093060674709562,1.6289723413762287,0,水平代理；不能复现原偏离度,False
2014-04-14,3.7167390080428953,SHIBOR_1W+利差调整,4.085834008042895,1.6291740080428954,0,水平代理；不能复现原偏离度,False
2014-04-14,3.7167390080428953,SHIBOR_1W+利差调整,4.085834008042895,1.6291740080428954,0,水平代理；不能复现原偏离度,False
2014-04-15,3.590739008042896,SHIBOR_1W+利差调整,4.077150674709562,1.629368174709562,0,水平代理；不能复现原偏离度,False
2014-04-15,3.5907390080428954,SHIBOR_1W+利差调整,4.077150674709562,1.629368174709562,0,水平代理；不能复现原偏离度,False
2014-04-16,2.8727390080428954,SHIBOR_1W+利差调整,4.051650674709562,1.6295623413762288,0,水平代理；不能复现原偏离度,False
2014-04-16,2.8727390080428954,SHIBOR_1W+利差调整,4.051650674709562,1.6295623413762288,0,水平代理；不能复现原偏离度,False
2014-04-17,2.8677390080428955,SHIBOR_1W+利差调整,4.017400674709562,1.6297565080428953,0,水平代理；不能复现原偏离度,False
2014-04-17,2.8677390080428955,SHIBOR_1W+利差调整,4.017400674709562,1.6297565080428953,0,水平代理；不能复现原偏离度,False
2014-04-18,2.907310695187166,SHIBOR_1W+利差调整,3.957505695187166,1.6295223618538326,0,水平代理；不能复现原偏离度,False
2014-04-18,2.907310695187166,SHIBOR_1W+利差调整,3.957505695187166,1.6295223618538326,0,水平代理；不能复现原偏离度,False
2014-04-21,2.8597390080428955,SHIBOR_1W+利差调整,3.910900674709562,1.6301448413762287,0,水平代理；不能复现原偏离度,False
2014-04-21,2.8597390080428955,SHIBOR_1W+利差调整,3.910900674709562,1.6301448413762287,0,水平代理；不能复现原偏离度,False
2014-04-22,3.175739008042896,SHIBOR_1W+利差调整,3.8743173413762286,1.6303390080428954,0,水平代理；不能复现原偏离度,False
2014-04-22,3.175739008042896,SHIBOR_1W+利差调整,3.8743173413762286,1.6303390080428954,0,水平代理；不能复现原偏离度,False
2014-04-23,3.2267390080428955,SHIBOR_1W+利差调整,3.837434008042896,1.6305331747095622,0,水平代理；不能复现原偏离度,False
2014-04-23,3.2267390080428955,SHIBOR_1W+利差调整,3.837434008042896,1.6305331747095622,0,水平代理；不能复现原偏离度,False
2014-04-24,3.6677390080428953,SHIBOR_1W+利差调整,3.821967341376229,1.6307273413762289,0,水平代理；不能复现原偏离度,False
2014-04-24,3.6677390080428953,SHIBOR_1W+利差调整,3.821967341376229,1.6307273413762287,0,水平代理；不能复现原偏离度,False
2014-04-25,3.649739008042896,SHIBOR_1W+利差调整,3.801734008042896,1.6309215080428954,0,水平代理；不能复现原偏离度,False
2014-04-25,3.6497390080428955,SHIBOR_1W+利差调整,3.8017340080428954,1.6309215080428954,0,水平代理；不能复现原偏离度,False
2014-04-28,4.171739008042896,SHIBOR_1W+利差调整,3.7906673413762286,1.631115674709562,0,水平代理；不能复现原偏离度,False
2014-04-28,4.171739008042896,SHIBOR_1W+利差调整,3.7906673413762286,1.631115674709562,0,水平代理；不能复现原偏离度,False
2014-04-29,4.220110695187167,SHIBOR_1W+利差调整,3.7753740285205,1.6306980285204993,0,水平代理；不能复现原偏离度,False
2014-04-29,4.220110695187167,SHIBOR_1W+利差调整,3.7753740285205,1.6306980285204993,0,水平代理；不能复现原偏离度,False
2014-04-30,4.280739008042896,SHIBOR_1W+利差调整,3.759569008042896,1.6311370080428955,0,水平代理；不能复现原偏离度,False
2014-04-30,4.280739008042896,SHIBOR_1W+利差调整,3.7595690080428956,1.6311370080428955,0,水平代理；不能复现原偏离度,False
2014-05-04,3.8297390080428952,SHIBOR_1W+利差调整,3.7379023413762287,1.631147674709562,0,水平代理；不能复现原偏离度,False
2014-05-04,3.8297390080428952,SHIBOR_1W+利差调整,3.7379023413762287,1.6311476747095621,0,水平代理；不能复现原偏离度,False
2014-05-05,3.2867390080428955,SHIBOR_1W+利差调整,3.700085674709562,1.6311583413762287,0,水平代理；不能复现原偏离度,False
2014-05-05,3.2867390080428955,SHIBOR_1W+利差调整,3.700085674709562,1.6311583413762287,0,水平代理；不能复现原偏离度,False
2014-05-06,3.238481124497992,SHIBOR_1W+利差调整,3.663861124497992,1.630911124497992,0,水平代理；不能复现原偏离度,False
2014-05-06,3.238481124497992,SHIBOR_1W+利差调整,3.663861124497992,1.630911124497992,0,水平代理；不能复现原偏离度,False
2014-05-07,3.2592390080428952,SHIBOR_1W+利差调整,3.627677341376229,1.6311796747095622,0,水平代理；不能复现原偏离度,False
2014-05-07,3.2592390080428952,SHIBOR_1W+利差调整,3.6276773413762284,1.6311796747095622,0,水平代理；不能复现原偏离度,False
2014-05-08,3.350739008042896,SHIBOR_1W+利差调整,3.5943940080428955,1.6311903413762288,0,水平代理；不能复现原偏离度,False
2014-05-08,3.3507390080428956,SHIBOR_1W+利差调整,3.5943940080428955,1.6311903413762288,0,水平代理；不能复现原偏离度,False
2014-05-09,3.340757908847185,SHIBOR_1W+利差调整,3.5613462421805187,1.631219908847185,0,水平代理；不能复现原偏离度,False
2014-05-09,3.340757908847185,SHIBOR_1W+利差调整,3.5613462421805187,1.631219908847185,0,水平代理；不能复现原偏离度,False
2014-05-12,3.326481124497992,SHIBOR_1W+利差调整,3.5303861244979924,1.6309537911646588,0,水平代理；不能复现原偏离度,False
2014-05-12,3.326481124497992,SHIBOR_1W+利差调整,3.5303861244979924,1.6309537911646588,0,水平代理；不能复现原偏离度,False
2014-05-13,3.3277390080428955,SHIBOR_1W+利差调整,3.5097273413762284,1.6312223413762288,0,水平代理；不能复现原偏离度,False
2014-05-13,3.3277390080428955,SHIBOR_1W+利差调整,3.5097273413762284,1.6312223413762288,0,水平代理；不能复现原偏离度,False
2014-05-14,3.382739008042896,SHIBOR_1W+利差调整,3.499010674709562,1.6315785080428955,0,水平代理；不能复现原偏离度,False
2014-05-14,3.3827390080428956,SHIBOR_1W+利差调整,3.499010674709562,1.6315785080428955,0,水平代理；不能复现原偏离度,False
2014-05-15,3.282257908847185,SHIBOR_1W+利差调整,3.4889045755138515,1.631953575513852,0,水平代理；不能复现原偏离度,False
2014-05-15,3.282257908847185,SHIBOR_1W+利差调整,3.4889045755138515,1.631953575513852,0,水平代理；不能复现原偏离度,False
2014-05-16,3.2757390080428954,SHIBOR_1W+利差调整,3.4783356747095624,1.632290841376229,0,水平代理；不能复现原偏离度,False
2014-05-16,3.2757390080428954,SHIBOR_1W+利差调整,3.4783356747095624,1.632290841376229,0,水平代理；不能复现原偏离度,False
2014-05-19,3.2467390080428955,SHIBOR_1W+利差调整,3.4682856747095623,1.6326470080428954,0,水平代理；不能复现原偏离度,False
2014-05-19,3.2467390080428955,SHIBOR_1W+利差调整,3.4682856747095623,1.6326470080428954,0,水平代理；不能复现原偏离度,False
2014-05-20,3.507481124497992,SHIBOR_1W+利差调整,3.464127791164658,1.6327452911646585,0,水平代理；不能复现原偏离度,False
2014-05-20,3.507481124497992,SHIBOR_1W+利差调整,3.464127791164658,1.6327452911646585,0,水平代理；不能复现原偏离度,False
2014-05-21,3.499310695187166,SHIBOR_1W+利差调整,3.464190695187165,1.6329310285204992,0,水平代理；不能复现原偏离度,False
2014-05-21,3.499310695187166,SHIBOR_1W+利差调整,3.464190695187165,1.6329310285204992,0,水平代理；不能复现原偏离度,False
2014-05-22,3.5657390080428955,SHIBOR_1W+利差调整,3.4669690080428954,1.6337155080428956,0,水平代理；不能复现原偏离度,False
2014-05-22,3.5657390080428955,SHIBOR_1W+利差调整,3.4669690080428954,1.6337155080428956,0,水平代理；不能复现原偏离度,False
2014-05-23,3.551481124497992,SHIBOR_1W+利差调整,3.472261124497992,1.6338137911646586,0,水平代理；不能复现原偏离度,False
2014-05-23,3.551481124497992,SHIBOR_1W+利差调整,3.472261124497992,1.6338137911646586,0,水平代理；不能复现原偏离度,False
2014-05-26,3.341739008042896,SHIBOR_1W+利差调整,3.468602341376229,1.6344278413762288,0,水平代理；不能复现原偏离度,False
2014-05-26,3.341739008042896,SHIBOR_1W+利差调整,3.468602341376229,1.6344278413762288,0,水平代理；不能复现原偏离度,False
2014-05-27,3.3937390080428957,SHIBOR_1W+利差调整,3.4639023413762287,1.6347840080428957,0,水平代理；不能复现原偏离度,False
2014-05-27,3.3937390080428953,SHIBOR_1W+利差调整,3.4639023413762287,1.6347840080428955,0,水平代理；不能复现原偏离度,False
2014-05-28,3.346739008042896,SHIBOR_1W+利差调整,3.4702190080428954,1.6348680080428954,0,水平代理；不能复现原偏离度,False
2014-05-28,3.3467390080428956,SHIBOR_1W+利差调整,3.4702190080428954,1.6348680080428954,0,水平代理；不能复现原偏离度,False
2014-05-29,3.3617390080428957,SHIBOR_1W+利差调整,3.4652440080428955,1.6349520080428954,0,水平代理；不能复现原偏离度,False
2014-05-29,3.3617390080428953,SHIBOR_1W+利差调整,3.4652440080428955,1.6349520080428954,0,水平代理；不能复现原偏离度,False
2014-05-30,3.3767390080428954,SHIBOR_1W+利差调整,3.4557773413762285,1.6350360080428954,0,水平代理；不能复现原偏离度,False
2014-05-30,3.3767390080428954,SHIBOR_1W+利差调整,3.4557773413762285,1.6350360080428954,0,水平代理；不能复现原偏离度,False
2014-06-03,3.326739008042896,SHIBOR_1W+利差调整,3.467344008042895,1.6351200080428954,0,水平代理；不能复现原偏离度,False
2014-06-03,3.326739008042896,SHIBOR_1W+利差调整,3.467344008042895,1.6351200080428954,0,水平代理；不能复现原偏离度,False
2014-06-04,3.298481124497992,SHIBOR_1W+利差调整,3.479569457831325,1.634946124497992,0,水平代理；不能复现原偏离度,False
2014-06-04,3.298481124497992,SHIBOR_1W+利差调整,3.479569457831325,1.634946124497992,0,水平代理；不能复现原偏离度,False
2014-06-05,3.216481124497992,SHIBOR_1W+利差调整,3.491436124497992,1.635030124497992,0,水平代理；不能复现原偏离度,False
2014-06-05,3.216481124497992,SHIBOR_1W+利差调整,3.491436124497992,1.635030124497992,0,水平代理；不能复现原偏离度,False
2014-06-06,3.2967390080428958,SHIBOR_1W+利差调整,3.5065606747095623,1.6353720080428955,0,水平代理；不能复现原偏离度,False
2014-06-06,3.2967390080428953,SHIBOR_1W+利差调整,3.5065606747095623,1.6353720080428955,0,水平代理；不能复现原偏离度,False
2014-06-09,3.2767390080428958,SHIBOR_1W+利差调整,3.521877341376229,1.6354560080428957,0,水平代理；不能复现原偏离度,False
2014-06-09,3.2767390080428953,SHIBOR_1W+利差调整,3.521877341376229,1.6354560080428955,0,水平代理；不能复现原偏离度,False
2014-06-10,3.2767390080428958,SHIBOR_1W+利差调整,3.5323773413762285,1.6355400080428957,0,水平代理；不能复现原偏离度,False
2014-06-10,3.2767390080428953,SHIBOR_1W+利差调整,3.5323773413762285,1.6355400080428955,0,水平代理；不能复现原偏离度,False
2014-06-11,3.2967390080428958,SHIBOR_1W+利差调整,3.5427606747095624,1.6356240080428954,0,水平代理；不能复现原偏离度,False
2014-06-11,3.2967390080428953,SHIBOR_1W+利差调整,3.5427606747095624,1.6356240080428954,0,水平代理；不能复现原偏离度,False
2014-06-12,3.3007390080428958,SHIBOR_1W+利差调整,3.550810674709562,1.6357880080428957,0,水平代理；不能复现原偏离度,False
2014-06-12,3.3007390080428953,SHIBOR_1W+利差调整,3.550810674709562,1.6357880080428955,0,水平代理；不能复现原偏离度,False
2014-06-13,3.1867390080428954,SHIBOR_1W+利差调整,3.5534773413762286,1.6359520080428955,0,水平代理；不能复现原偏离度,False
2014-06-13,3.1867390080428954,SHIBOR_1W+利差调整,3.5534773413762286,1.6359520080428955,0,水平代理；不能复现原偏离度,False
2014-06-16,3.152739008042895,SHIBOR_1W+利差调整,3.546544008042895,1.6361160080428954,0,水平代理；不能复现原偏离度,False
2014-06-16,3.152739008042895,SHIBOR_1W+利差调整,3.546544008042895,1.6361160080428954,0,水平代理；不能复现原偏离度,False
2014-06-17,3.177739008042896,SHIBOR_1W+利差调整,3.5391606747095623,1.6362800080428954,0,水平代理；不能复现原偏离度,False
2014-06-17,3.1777390080428956,SHIBOR_1W+利差调整,3.5391606747095623,1.6362800080428954,0,水平代理；不能复现原偏离度,False
2014-06-18,3.2207390080428957,SHIBOR_1W+利差调整,3.5303940080428955,1.6364440080428952,0,水平代理；不能复现原偏离度,False
2014-06-18,3.2207390080428953,SHIBOR_1W+利差调整,3.5303940080428955,1.6364440080428952,0,水平代理；不能复现原偏离度,False
2014-06-19,3.2393106951871657,SHIBOR_1W+利差调整,3.5218823618538324,1.6361796951871657,0,水平代理；不能复现原偏离度,False
2014-06-19,3.2393106951871657,SHIBOR_1W+利差调整,3.5218823618538324,1.6361796951871657,0,水平代理；不能复现原偏离度,False
2014-06-20,3.548310695187166,SHIBOR_1W+利差调整,3.518090695187166,1.6363436951871655,0,水平代理；不能复现原偏离度,False
2014-06-20,3.548310695187166,SHIBOR_1W+利差调整,3.518090695187166,1.6363436951871655,0,水平代理；不能复现原偏离度,False
2014-06-23,3.594739008042896,SHIBOR_1W+利差调整,3.5115190080428955,1.6369360080428954,0,水平代理；不能复现原偏离度,False
2014-06-23,3.5947390080428954,SHIBOR_1W+利差调整,3.5115190080428955,1.6369360080428954,0,水平代理；不能复现原偏离度,False
2014-06-24,3.629739008042896,SHIBOR_1W+利差调整,3.489369008042895,1.6371000080428952,0,水平代理；不能复现原偏离度,False
2014-06-24,3.6297390080428955,SHIBOR_1W+利差调整,3.489369008042895,1.6371000080428952,0,水平代理；不能复现原偏离度,False
2014-06-25,3.610739008042896,SHIBOR_1W+利差调整,3.4776356747095623,1.6372640080428953,0,水平代理；不能复现原偏离度,False
2014-06-25,3.6107390080428954,SHIBOR_1W+利差调整,3.4776356747095623,1.6372640080428953,0,水平代理；不能复现原偏离度,False
2014-06-26,3.698739008042896,SHIBOR_1W+利差调整,3.4671023413762283,1.637455174709562,0,水平代理；不能复现原偏离度,False
2014-06-26,3.6987390080428955,SHIBOR_1W+利差调整,3.4671023413762283,1.637455174709562,0,水平代理；不能复现原偏离度,False
2014-06-27,3.927739008042896,SHIBOR_1W+利差调整,3.460035674709561,1.6376463413762288,0,水平代理；不能复现原偏离度,False
2014-06-27,3.9277390080428956,SHIBOR_1W+利差调整,3.4600356747095615,1.6376463413762288,0,水平代理；不能复现原偏离度,False
2014-06-30,4.013739008042895,SHIBOR_1W+利差调整,3.4540690080428957,1.6378375080428953,0,水平代理；不能复现原偏离度,False
2014-06-30,4.013739008042895,SHIBOR_1W+利差调整,3.4540690080428953,1.6378375080428953,0,水平代理；不能复现原偏离度,False
2014-07-01,4.567739008042896,SHIBOR_1W+利差调整,3.459369008042896,1.638028674709562,0,水平代理；不能复现原偏离度,False
2014-07-01,4.567739008042896,SHIBOR_1W+利差调整,3.459369008042896,1.638028674709562,0,水平代理；不能复现原偏离度,False
2014-07-02,4.073739008042896,SHIBOR_1W+利差调整,3.4748690080428952,1.6382198413762286,0,水平代理；不能复现原偏离度,False
2014-07-02,4.073739008042896,SHIBOR_1W+利差调整,3.4748690080428952,1.6382198413762286,0,水平代理；不能复现原偏离度,False
2014-07-03,3.539739008042895,SHIBOR_1W+利差调整,3.471569008042896,1.6384110080428953,0,水平代理；不能复现原偏离度,False
2014-07-03,3.539739008042895,SHIBOR_1W+利差调整,3.471569008042896,1.6384110080428953,0,水平代理；不能复现原偏离度,False
2014-07-04,3.566739008042896,SHIBOR_1W+利差调整,3.4674023413762285,1.638602174709562,0,水平代理；不能复现原偏离度,False
2014-07-04,3.5667390080428953,SHIBOR_1W+利差调整,3.4674023413762285,1.638602174709562,0,水平代理；不能复现原偏离度,False
2014-07-07,3.5677390080428952,SHIBOR_1W+利差调整,3.462619008042896,1.6387933413762288,0,水平代理；不能复现原偏离度,False
2014-07-07,3.5677390080428952,SHIBOR_1W+利差调整,3.4626190080428954,1.6387933413762288,0,水平代理；不能复现原偏离度,False
2014-07-08,3.666739008042896,SHIBOR_1W+利差调整,3.4596023413762285,1.6389845080428953,0,水平代理；不能复现原偏离度,False
2014-07-08,3.6667390080428954,SHIBOR_1W+利差调整,3.4596023413762285,1.6389845080428953,0,水平代理；不能复现原偏离度,False
2014-07-09,3.882739008042896,SHIBOR_1W+利差调整,3.462369008042896,1.639175674709562,0,水平代理；不能复现原偏离度,False
2014-07-09,3.8827390080428956,SHIBOR_1W+利差调整,3.462369008042896,1.639175674709562,0,水平代理；不能复现原偏离度,False
2014-07-10,3.8577390080428953,SHIBOR_1W+利差调整,3.466819008042896,1.6393100080428955,0,水平代理；不能复现原偏离度,False
2014-07-10,3.8577390080428953,SHIBOR_1W+利差调整,3.466819008042896,1.6393100080428955,0,水平代理；不能复现原偏离度,False
2014-07-11,3.8693106951871656,SHIBOR_1W+利差调整,3.4830073618538324,1.639016028520499,0,水平代理；不能复现原偏离度,False
2014-07-11,3.8693106951871656,SHIBOR_1W+利差调整,3.4830073618538324,1.639016028520499,0,水平代理；不能复现原偏离度,False
2014-07-14,3.849810695187166,SHIBOR_1W+利差调整,3.4993823618538324,1.6391503618538326,0,水平代理；不能复现原偏离度,False
2014-07-14,3.849810695187166,SHIBOR_1W+利差调整,3.4993823618538324,1.6391503618538326,0,水平代理；不能复现原偏离度,False
2014-07-15,3.7927390080428953,SHIBOR_1W+利差调整,3.5145606747095623,1.6397130080428954,0,水平代理；不能复现原偏离度,False
2014-07-15,3.7927390080428953,SHIBOR_1W+利差调整,3.5145606747095623,1.6397130080428954,0,水平代理；不能复现原偏离度,False
2014-07-16,3.7963106951871657,SHIBOR_1W+利差调整,3.529749028520499,1.639419028520499,0,水平代理；不能复现原偏离度,False
2014-07-16,3.7963106951871657,SHIBOR_1W+利差调整,3.529749028520499,1.639419028520499,0,水平代理；不能复现原偏离度,False
2014-07-17,3.787739008042896,SHIBOR_1W+利差调整,3.540377341376229,1.639981674709562,0,水平代理；不能复现原偏离度,False
2014-07-17,3.7877390080428954,SHIBOR_1W+利差调整,3.540377341376229,1.6399816747095621,0,水平代理；不能复现原偏离度,False
2014-07-18,3.797739008042895,SHIBOR_1W+利差调整,3.549894008042896,1.6401160080428954,0,水平代理；不能复现原偏离度,False
2014-07-18,3.797739008042895,SHIBOR_1W+利差调整,3.549894008042896,1.6401160080428954,0,水平代理；不能复现原偏离度,False
2014-07-21,3.840739008042896,SHIBOR_1W+利差调整,3.552777341376229,1.6402503413762286,0,水平代理；不能复现原偏离度,False
2014-07-21,3.8407390080428954,SHIBOR_1W+利差调整,3.552777341376229,1.6402503413762286,0,水平代理；不能复现原偏离度,False
2014-07-22,3.9947390080428953,SHIBOR_1W+利差调整,3.5585273413762284,1.640384674709562,0,水平代理；不能复现原偏离度,False
2014-07-22,3.9947390080428953,SHIBOR_1W+利差调整,3.5585273413762284,1.640384674709562,0,水平代理；不能复现原偏离度,False
2014-07-23,4.348739008042895,SHIBOR_1W+利差调整,3.561477341376229,1.6405190080428953,0,水平代理；不能复现原偏离度,False
2014-07-23,4.348739008042895,SHIBOR_1W+利差调整,3.561477341376229,1.6405190080428953,0,水平代理；不能复现原偏离度,False
2014-07-24,4.247739008042895,SHIBOR_1W+利差调整,3.5619306747095623,1.6406045080428953,0,水平代理；不能复现原偏离度,False
2014-07-24,4.247739008042895,SHIBOR_1W+利差调整,3.5619306747095623,1.6406045080428953,0,水平代理；不能复现原偏离度,False
2014-07-25,4.227739008042896,SHIBOR_1W+利差调整,3.561047341376229,1.6406900080428952,0,水平代理；不能复现原偏离度,False
2014-07-25,4.227739008042896,SHIBOR_1W+利差调整,3.561047341376229,1.6406900080428952,0,水平代理；不能复现原偏离度,False
2014-07-28,4.159739008042895,SHIBOR_1W+利差调整,3.5665473413762285,1.6407755080428954,0,水平代理；不能复现原偏离度,False
2014-07-28,4.159739008042895,SHIBOR_1W+利差调整,3.5665473413762285,1.6407755080428954,0,水平代理；不能复现原偏离度,False
2014-07-29,4.053739008042895,SHIBOR_1W+利差调整,3.579330674709562,1.6408610080428954,0,水平代理；不能复现原偏离度,False
2014-07-29,4.053739008042895,SHIBOR_1W+利差调整,3.579330674709562,1.6408610080428954,0,水平代理；不能复现原偏离度,False
2014-07-30,4.060739008042896,SHIBOR_1W+利差调整,3.593030674709562,1.640946508042895,0,水平代理；不能复现原偏离度,False
2014-07-30,4.060739008042896,SHIBOR_1W+利差调整,3.593030674709562,1.6409465080428953,0,水平代理；不能复现原偏离度,False
2014-07-31,4.126739008042896,SHIBOR_1W+利差调整,3.607489008042896,1.6410320080428953,0,水平代理；不能复现原偏离度,False
2014-07-31,4.126739008042896,SHIBOR_1W+利差调整,3.607489008042896,1.6410320080428953,0,水平代理；不能复现原偏离度,False
2014-08-01,4.053739008042895,SHIBOR_1W+利差调整,3.6192056747095616,1.6411175080428952,0,水平代理；不能复现原偏离度,False
2014-08-01,4.053739008042895,SHIBOR_1W+利差调整,3.6192056747095624,1.6411175080428952,0,水平代理；不能复现原偏离度,False
2014-08-04,3.988739008042896,SHIBOR_1W+利差调整,3.630005674709562,1.6412030080428954,0,水平代理；不能复现原偏离度,False
2014-08-04,3.9887390080428955,SHIBOR_1W+利差调整,3.630005674709562,1.6412030080428954,0,水平代理；不能复现原偏离度,False
2014-08-05,3.884739008042896,SHIBOR_1W+利差调整,3.639305674709562,1.6412885080428954,0,水平代理；不能复现原偏离度,False
2014-08-05,3.8847390080428954,SHIBOR_1W+利差调整,3.6393056747095622,1.6412885080428954,0,水平代理；不能复现原偏离度,False
2014-08-06,3.705739008042896,SHIBOR_1W+利差调整,3.645605674709562,1.6413740080428951,0,水平代理；不能复现原偏离度,False
2014-08-06,3.7057390080428956,SHIBOR_1W+利差调整,3.645605674709562,1.6413740080428953,0,水平代理；不能复现原偏离度,False
2014-08-07,3.657739008042896,SHIBOR_1W+利差调整,3.650189008042896,1.641398674709562,0,水平代理；不能复现原偏离度,False
2014-08-07,3.6577390080428955,SHIBOR_1W+利差调整,3.6501890080428954,1.6413986747095621,0,水平代理；不能复现原偏离度,False
2014-08-08,3.6037390080428953,SHIBOR_1W+利差调整,3.655547341376229,1.6414233413762287,0,水平代理；不能复现原偏离度,False
2014-08-08,3.6037390080428953,SHIBOR_1W+利差调整,3.6555473413762285,1.6414233413762287,0,水平代理；不能复现原偏离度,False
2014-08-11,3.5663106951871657,SHIBOR_1W+利差调整,3.659969028520499,1.6410196951871658,0,水平代理；不能复现原偏离度,False
2014-08-11,3.5663106951871657,SHIBOR_1W+利差调整,3.659969028520499,1.6410196951871658,0,水平代理；不能复现原偏离度,False
2014-08-12,3.5367390080428955,SHIBOR_1W+利差调整,3.665230674709562,1.641472674709562,0,水平代理；不能复现原偏离度,False
2014-08-12,3.5367390080428955,SHIBOR_1W+利差调整,3.665230674709562,1.641472674709562,0,水平代理；不能复现原偏离度,False
2014-08-13,3.5067390080428957,SHIBOR_1W+利差调整,3.665214008042896,1.6414973413762288,0,水平代理；不能复现原偏离度,False
2014-08-13,3.5067390080428953,SHIBOR_1W+利差调整,3.6652140080428954,1.6414973413762288,0,水平代理；不能复现原偏离度,False
2014-08-14,3.499310695187166,SHIBOR_1W+利差调整,3.664785695187166,1.6410936951871655,0,水平代理；不能复现原偏离度,False
2014-08-14,3.499310695187166,SHIBOR_1W+利差调整,3.664785695187166,1.6410936951871655,0,水平代理；不能复现原偏离度,False
2014-08-15,3.4927390080428955,SHIBOR_1W+利差调整,3.663997341376229,1.6415466747095622,0,水平代理；不能复现原偏离度,False
2014-08-15,3.4927390080428955,SHIBOR_1W+利差调整,3.663997341376229,1.6415466747095622,0,水平代理；不能复现原偏离度,False
2014-08-18,3.4223106951871656,SHIBOR_1W+利差调整,3.6614190285204993,1.641143028520499,0,水平代理；不能复现原偏离度,False
2014-08-18,3.4223106951871656,SHIBOR_1W+利差调整,3.6614190285204993,1.641143028520499,0,水平代理；不能复现原偏离度,False
2014-08-19,3.3837390080428955,SHIBOR_1W+利差调整,3.662547341376229,1.6415960080428955,0,水平代理；不能复现原偏离度,False
2014-08-19,3.3837390080428955,SHIBOR_1W+利差调整,3.662547341376229,1.6415960080428955,0,水平代理；不能复现原偏离度,False
2014-08-20,3.3927390080428954,SHIBOR_1W+利差调整,3.6625306747095614,1.641620674709562,0,水平代理；不能复现原偏离度,False
2014-08-20,3.3927390080428954,SHIBOR_1W+利差调整,3.6625306747095614,1.641620674709562,0,水平代理；不能复现原偏离度,False
2014-08-21,3.4587390080428952,SHIBOR_1W+利差调整,3.6643973413762287,1.6417873413762287,0,水平代理；不能复现原偏离度,False
2014-08-21,3.4587390080428952,SHIBOR_1W+利差调整,3.6643973413762287,1.6417873413762287,0,水平代理；不能复现原偏离度,False
2014-08-22,3.515739008042896,SHIBOR_1W+利差调整,3.666964008042896,1.6419540080428954,0,水平代理；不能复现原偏离度,False
2014-08-22,3.515739008042896,SHIBOR_1W+利差调整,3.666964008042896,1.6419540080428954,0,水平代理；不能复现原偏离度,False
2014-08-25,3.5097390080428954,SHIBOR_1W+利差调整,3.6691806747095614,1.642120674709562,0,水平代理；不能复现原偏离度,False
2014-08-25,3.5097390080428954,SHIBOR_1W+利差调整,3.6691806747095614,1.642120674709562,0,水平代理；不能复现原偏离度,False
2014-08-26,3.4647390080428955,SHIBOR_1W+利差调整,3.6714806747095614,1.642287341376229,0,水平代理；不能复现原偏离度,False
2014-08-26,3.4647390080428955,SHIBOR_1W+利差调整,3.6714806747095614,1.642287341376229,0,水平代理；不能复现原偏离度,False
2014-08-27,3.495739008042896,SHIBOR_1W+利差调整,3.674764008042896,1.6424540080428955,0,水平代理；不能复现原偏离度,False
2014-08-27,3.495739008042896,SHIBOR_1W+利差调整,3.674764008042896,1.6424540080428955,0,水平代理；不能复现原偏离度,False
2014-08-28,3.6843106951871656,SHIBOR_1W+利差调整,3.6821356951871658,1.6421923618538323,0,水平代理；不能复现原偏离度,False
2014-08-28,3.6843106951871656,SHIBOR_1W+利差调整,3.6821356951871658,1.6421923618538323,0,水平代理；不能复现原偏离度,False
2014-08-29,3.818739008042896,SHIBOR_1W+利差调整,3.691264008042895,1.6427873413762288,0,水平代理；不能复现原偏离度,False
2014-08-29,3.8187390080428956,SHIBOR_1W+利差调整,3.691264008042895,1.6427873413762288,0,水平代理；不能复现原偏离度,False
2014-09-01,3.730739008042896,SHIBOR_1W+利差调整,3.698830674709562,1.6429540080428957,0,水平代理；不能复现原偏离度,False
2014-09-01,3.7307390080428955,SHIBOR_1W+利差调整,3.698830674709562,1.6429540080428955,0,水平代理；不能复现原偏离度,False
2014-09-02,3.656739008042895,SHIBOR_1W+利差调整,3.705164008042895,1.643120674709562,0,水平代理；不能复现原偏离度,False
2014-09-02,3.656739008042895,SHIBOR_1W+利差调整,3.705164008042895,1.6431206747095621,0,水平代理；不能复现原偏离度,False
2014-09-03,3.5377390080428954,SHIBOR_1W+利差调整,3.7091806747095615,1.6432873413762288,0,水平代理；不能复现原偏离度,False
2014-09-03,3.5377390080428954,SHIBOR_1W+利差调整,3.7091806747095624,1.6432873413762288,0,水平代理；不能复现原偏离度,False
2014-09-04,3.421739008042896,SHIBOR_1W+利差调整,3.711197341376229,1.6433965080428954,0,水平代理；不能复现原偏离度,False
2014-09-04,3.421739008042896,SHIBOR_1W+利差调整,3.711197341376229,1.6433965080428954,0,水平代理；不能复现原偏离度,False
2014-09-05,3.334739008042896,SHIBOR_1W+利差调整,3.713664008042896,1.6435056747095622,0,水平代理；不能复现原偏离度,False
2014-09-05,3.3347390080428956,SHIBOR_1W+利差调整,3.7136640080428958,1.6435056747095622,0,水平代理；不能复现原偏离度,False
2014-09-09,3.2987390080428955,SHIBOR_1W+利差调整,3.716097341376229,1.6436148413762288,0,水平代理；不能复现原偏离度,False
2014-09-09,3.2987390080428955,SHIBOR_1W+利差调整,3.716097341376229,1.6436148413762288,0,水平代理；不能复现原偏离度,False
2014-09-10,3.3077390080428954,SHIBOR_1W+利差调整,3.7182640080428953,1.6437240080428954,0,水平代理；不能复现原偏离度,False
2014-09-10,3.3077390080428954,SHIBOR_1W+利差调整,3.7182640080428953,1.6437240080428954,0,水平代理；不能复现原偏离度,False
2014-09-11,3.3497390080428957,SHIBOR_1W+利差调整,3.720414008042896,1.6438331747095625,0,水平代理；不能复现原偏离度,False
2014-09-11,3.3497390080428953,SHIBOR_1W+利差调整,3.7204140080428956,1.6438331747095623,0,水平代理；不能复现原偏离度,False
2014-09-12,3.381739008042896,SHIBOR_1W+利差调整,3.722780674709562,1.6439423413762289,0,水平代理；不能复现原偏离度,False
2014-09-12,3.381739008042896,SHIBOR_1W+利差调整,3.722780674709562,1.6439423413762289,0,水平代理；不能复现原偏离度,False
2014-09-15,3.390739008042896,SHIBOR_1W+利差调整,3.720147341376229,1.6440515080428957,0,水平代理；不能复现原偏离度,False
2014-09-15,3.390739008042896,SHIBOR_1W+利差调整,3.720147341376229,1.6440515080428957,0,水平代理；不能复现原偏离度,False
2014-09-16,3.3967390080428954,SHIBOR_1W+利差调整,3.716847341376229,1.644160674709562,0,水平代理；不能复现原偏离度,False
2014-09-16,3.3967390080428954,SHIBOR_1W+利差调整,3.716847341376229,1.644160674709562,0,水平代理；不能复现原偏离度,False
2014-09-17,3.4333106951871657,SHIBOR_1W+利差调整,3.713152361853832,1.643841528520499,0,水平代理；不能复现原偏离度,False
2014-09-17,3.4333106951871657,SHIBOR_1W+利差调整,3.713152361853832,1.643841528520499,0,水平代理；不能复现原偏离度,False
2014-09-18,3.446481124497992,SHIBOR_1W+利差调整,3.710589457831325,1.644121124497992,0,水平代理；不能复现原偏离度,False
2014-09-18,3.446481124497992,SHIBOR_1W+利差调整,3.710589457831325,1.644121124497992,0,水平代理；不能复现原偏离度,False
2014-09-19,3.4467390080428952,SHIBOR_1W+利差调整,3.706647341376229,1.6443935080428955,0,水平代理；不能复现原偏离度,False
2014-09-19,3.4467390080428952,SHIBOR_1W+利差调整,3.7066473413762293,1.6443935080428955,0,水平代理；不能复现原偏离度,False
2014-09-22,3.344739008042896,SHIBOR_1W+利差调整,3.6969306747095625,1.6444080080428956,0,水平代理；不能复现原偏离度,False
2014-09-22,3.3447390080428954,SHIBOR_1W+利差调整,3.6969306747095625,1.6444080080428956,0,水平代理；不能复现原偏离度,False
2014-09-23,3.257739008042896,SHIBOR_1W+利差调整,3.684330674709562,1.6444225080428956,0,水平代理；不能复现原偏离度,False
2014-09-23,3.2577390080428956,SHIBOR_1W+利差调整,3.684330674709562,1.6444225080428956,0,水平代理；不能复现原偏离度,False
2014-09-24,3.2883106951871657,SHIBOR_1W+利差调整,3.662585695187166,1.6440086951871655,0,水平代理；不能复现原偏离度,False
2014-09-24,3.2883106951871657,SHIBOR_1W+利差调整,3.662585695187166,1.6440086951871655,0,水平代理；不能复现原偏离度,False
2014-09-25,3.401481124497992,SHIBOR_1W+利差调整,3.651556124497992,1.644193624497992,0,水平代理；不能复现原偏离度,False
2014-09-25,3.401481124497992,SHIBOR_1W+利差调整,3.651556124497992,1.644193624497992,0,水平代理；不能复现原偏离度,False
2014-09-26,3.447481124497992,SHIBOR_1W+利差调整,3.6500227911646586,1.644208124497992,0,水平代理；不能复现原偏离度,False
2014-09-26,3.447481124497992,SHIBOR_1W+利差调整,3.6500227911646586,1.644208124497992,0,水平代理；不能复现原偏离度,False
2014-09-28,3.2193106951871657,SHIBOR_1W+利差调整,3.644069028520499,1.6440521951871656,0,水平代理；不能复现原偏离度,False
2014-09-28,3.2193106951871657,SHIBOR_1W+利差调整,3.644069028520499,1.6440521951871656,0,水平代理；不能复现原偏离度,False
2014-09-29,3.05200455764075,SHIBOR_1W+利差调整,3.636162890974085,1.6447605576407505,0,水平代理；不能复现原偏离度,False
2014-09-29,3.05200455764075,SHIBOR_1W+利差调整,3.636162890974085,1.6447605576407505,0,水平代理；不能复现原偏离度,False
2014-09-30,3.0207390080428955,SHIBOR_1W+利差调整,3.625130674709562,1.6445095080428955,0,水平代理；不能复现原偏离度,False
2014-09-30,3.0207390080428955,SHIBOR_1W+利差调整,3.625130674709562,1.6445095080428955,0,水平代理；不能复现原偏离度,False
2014-10-08,3.0497390080428954,SHIBOR_1W+利差调整,3.6112473413762287,1.6445240080428956,0,水平代理；不能复现原偏离度,False
2014-10-08,3.0497390080428954,SHIBOR_1W+利差调整,3.6112473413762287,1.6445240080428956,0,水平代理；不能复现原偏离度,False
2014-10-09,3.132739008042896,SHIBOR_1W+利差调整,3.5991640080428957,1.6445458413762288,0,水平代理；不能复现原偏离度,False
2014-10-09,3.1327390080428956,SHIBOR_1W+利差调整,3.5991640080428953,1.6445458413762288,0,水平代理；不能复现原偏离度,False
2014-10-10,3.136310695187166,SHIBOR_1W+利差调整,3.586519028520499,1.6441393618538322,0,水平代理；不能复现原偏离度,False
2014-10-10,3.136310695187166,SHIBOR_1W+利差调整,3.586519028520499,1.6441393618538322,0,水平代理；不能复现原偏离度,False
2014-10-11,3.145310695187166,SHIBOR_1W+利差调整,3.5747773618538323,1.6441611951871655,0,水平代理；不能复现原偏离度,False
2014-10-11,3.145310695187166,SHIBOR_1W+利差调整,3.5747773618538323,1.6441611951871655,0,水平代理；不能复现原偏离度,False
2014-10-13,3.1507390080428954,SHIBOR_1W+利差调整,3.5645056747095625,1.6446113413762289,0,水平代理；不能复现原偏离度,False
2014-10-13,3.1507390080428954,SHIBOR_1W+利差调整,3.5645056747095625,1.6446113413762289,0,水平代理；不能复现原偏离度,False
2014-10-14,3.151739008042896,SHIBOR_1W+利差调整,3.553755674709562,1.6446331747095622,0,水平代理；不能复现原偏离度,False
2014-10-14,3.151739008042896,SHIBOR_1W+利差调整,3.553755674709562,1.6446331747095622,0,水平代理；不能复现原偏离度,False
2014-10-15,3.1267390080428954,SHIBOR_1W+利差调整,3.5427390080428958,1.6446550080428954,0,水平代理；不能复现原偏离度,False
2014-10-15,3.1267390080428954,SHIBOR_1W+利差调整,3.5427390080428953,1.6446550080428954,0,水平代理；不能复现原偏离度,False
2014-10-16,3.1157390080428957,SHIBOR_1W+利差调整,3.5313723413762284,1.6446768413762287,0,水平代理；不能复现原偏离度,False
2014-10-16,3.1157390080428953,SHIBOR_1W+利差调整,3.5313723413762284,1.6446768413762287,0,水平代理；不能复现原偏离度,False
2014-10-17,3.096739008042896,SHIBOR_1W+利差调整,3.5189723413762284,1.6446986747095622,0,水平代理；不能复现原偏离度,False
2014-10-17,3.0967390080428956,SHIBOR_1W+利差调整,3.5189723413762284,1.6446986747095622,0,水平代理；不能复现原偏离度,False
2014-10-20,3.082739008042896,SHIBOR_1W+利差调整,3.5037723413762287,1.6447205080428955,0,水平代理；不能复现原偏离度,False
2014-10-20,3.0827390080428954,SHIBOR_1W+利差调整,3.5037723413762287,1.6447205080428955,0,水平代理；不能复现原偏离度,False
2014-10-21,3.0677390080428952,SHIBOR_1W+利差调整,3.4824223413762287,1.6447423413762288,0,水平代理；不能复现原偏离度,False
2014-10-21,3.0677390080428952,SHIBOR_1W+利差调整,3.4824223413762287,1.6447423413762288,0,水平代理；不能复现原偏离度,False
2014-10-22,3.078739008042896,SHIBOR_1W+利差调整,3.462939008042896,1.644792674709562,0,水平代理；不能复现原偏离度,False
2014-10-22,3.0787390080428954,SHIBOR_1W+利差调整,3.4629390080428957,1.644792674709562,0,水平代理；不能复现原偏离度,False
2014-10-23,3.091481124497992,SHIBOR_1W+利差调整,3.443747791164659,1.644585124497992,0,水平代理；不能复现原偏离度,False
2014-10-23,3.091481124497992,SHIBOR_1W+利差调整,3.443747791164659,1.644585124497992,0,水平代理；不能复现原偏离度,False
2014-10-24,3.1717390080428958,SHIBOR_1W+利差调整,3.427539008042895,1.6448933413762288,0,水平代理；不能复现原偏离度,False
2014-10-24,3.1717390080428953,SHIBOR_1W+利差调整,3.427539008042895,1.6448933413762288,0,水平代理；不能复现原偏离度,False
2014-10-27,3.198510695187166,SHIBOR_1W+利差调整,3.412864028520499,1.6445153618538324,0,水平代理；不能复现原偏离度,False
2014-10-27,3.198510695187166,SHIBOR_1W+利差调整,3.412864028520499,1.6445153618538324,0,水平代理；不能复现原偏离度,False
2014-10-28,3.205739008042896,SHIBOR_1W+利差调整,3.3990423413762287,1.6449940080428955,0,水平代理；不能复现原偏离度,False
2014-10-28,3.205739008042896,SHIBOR_1W+利差调整,3.3990423413762287,1.6449940080428955,0,水平代理；不能复现原偏离度,False
2014-10-29,3.286310695187166,SHIBOR_1W+利差调整,3.3846140285205,1.644616028520499,0,水平代理；不能复现原偏离度,False
2014-10-29,3.286310695187166,SHIBOR_1W+利差调整,3.3846140285205,1.644616028520499,0,水平代理；不能复现原偏离度,False
2014-10-30,3.3382390080428954,SHIBOR_1W+利差调整,3.3731173413762288,1.6450946747095625,0,水平代理；不能复现原偏离度,False
2014-10-30,3.3382390080428954,SHIBOR_1W+利差调整,3.3731173413762288,1.6450946747095623,0,水平代理；不能复现原偏离度,False
2014-10-31,3.346739008042896,SHIBOR_1W+利差调整,3.362417341376229,1.6451450080428955,0,水平代理；不能复现原偏离度,False
2014-10-31,3.3467390080428956,SHIBOR_1W+利差调整,3.362417341376229,1.6451450080428955,0,水平代理；不能复现原偏离度,False
2014-11-03,3.332739008042896,SHIBOR_1W+利差调整,3.3532173413762285,1.645195341376229,0,水平代理；不能复现原偏离度,False
2014-11-03,3.3327390080428954,SHIBOR_1W+利差调整,3.3532173413762285,1.645195341376229,0,水平代理；不能复现原偏离度,False
2014-11-04,3.344739008042896,SHIBOR_1W+利差调整,3.3472006747095624,1.6452456747095623,0,水平代理；不能复现原偏离度,False
2014-11-04,3.3447390080428954,SHIBOR_1W+利差调整,3.3472006747095624,1.6452456747095623,0,水平代理；不能复现原偏离度,False
2014-11-05,3.3177390080428952,SHIBOR_1W+利差调整,3.341534008042895,1.6452601747095623,0,水平代理；不能复现原偏离度,False
2014-11-05,3.3177390080428952,SHIBOR_1W+利差调整,3.341534008042895,1.6452601747095623,0,水平代理；不能复现原偏离度,False
2014-11-06,3.2647390080428957,SHIBOR_1W+利差调整,3.335884008042896,1.6452746747095623,0,水平代理；不能复现原偏离度,False
2014-11-06,3.2647390080428953,SHIBOR_1W+利差调整,3.3358840080428958,1.6452746747095623,0,水平代理；不能复现原偏离度,False
2014-11-07,3.2477390080428954,SHIBOR_1W+利差调整,3.330567341376229,1.6452891747095622,0,水平代理；不能复现原偏离度,False
2014-11-07,3.2477390080428954,SHIBOR_1W+利差调整,3.330567341376229,1.6452891747095622,0,水平代理；不能复现原偏离度,False
2014-11-10,3.245739008042896,SHIBOR_1W+利差调整,3.3257173413762287,1.6453036747095622,0,水平代理；不能复现原偏离度,False
2014-11-10,3.2457390080428956,SHIBOR_1W+利差调整,3.3257173413762287,1.6453036747095622,0,水平代理；不能复现原偏离度,False
2014-11-11,3.2207390080428957,SHIBOR_1W+利差调整,3.3209506747095623,1.6453181747095622,0,水平代理；不能复现原偏离度,False
2014-11-11,3.2207390080428953,SHIBOR_1W+利差调整,3.3209506747095623,1.6453181747095622,0,水平代理；不能复现原偏离度,False
2014-11-12,3.216039008042896,SHIBOR_1W+利差调整,3.316222341376229,1.6453326747095622,0,水平代理；不能复现原偏离度,False
2014-11-12,3.2160390080428956,SHIBOR_1W+利差调整,3.316222341376229,1.6453326747095622,0,水平代理；不能复现原偏离度,False
2014-11-13,3.219739008042896,SHIBOR_1W+利差调整,3.311672341376229,1.6453471747095625,0,水平代理；不能复现原偏离度,False
2014-11-13,3.219739008042896,SHIBOR_1W+利差调整,3.311672341376229,1.6453471747095625,0,水平代理；不能复现原偏离度,False
2014-11-14,3.224739008042896,SHIBOR_1W+利差调整,3.3083723413762285,1.645361674709562,0,水平代理；不能复现原偏离度,False
2014-11-14,3.224739008042896,SHIBOR_1W+利差调整,3.3083723413762285,1.645361674709562,0,水平代理；不能复现原偏离度,False
2014-11-17,3.225739008042896,SHIBOR_1W+利差调整,3.3057390080428948,1.645376174709562,0,水平代理；不能复现原偏离度,False
2014-11-17,3.2257390080428956,SHIBOR_1W+利差调整,3.3057390080428948,1.645376174709562,0,水平代理；不能复现原偏离度,False
2014-11-18,3.2170045576407507,SHIBOR_1W+利差调整,3.3030712243074176,1.645656224307417,0,水平代理；不能复现原偏离度,False
2014-11-18,3.2170045576407507,SHIBOR_1W+利差调整,3.3030712243074176,1.645656224307417,0,水平代理；不能复现原偏离度,False
2014-11-19,3.2207390080428957,SHIBOR_1W+利差调整,3.298839008042896,1.6454150080428955,0,水平代理；不能复现原偏离度,False
2014-11-19,3.2207390080428953,SHIBOR_1W+利差调整,3.2988390080428958,1.6454150080428955,0,水平代理；不能复现原偏离度,False
2014-11-20,3.2637390080428954,SHIBOR_1W+利差调整,3.294639008042896,1.645439341376229,0,水平代理；不能复现原偏离度,False
2014-11-20,3.2637390080428954,SHIBOR_1W+利差调整,3.294639008042896,1.645439341376229,0,水平代理；不能复现原偏离度,False
2014-11-21,3.364481124497992,SHIBOR_1W+利差调整,3.2919644578313254,1.6452057911646587,0,水平代理；不能复现原偏离度,False
2014-11-21,3.364481124497992,SHIBOR_1W+利差调整,3.2919644578313254,1.6452057911646587,0,水平代理；不能复现原偏离度,False
2014-11-24,3.369739008042896,SHIBOR_1W+利差调整,3.290639008042896,1.6454880080428955,0,水平代理；不能复现原偏离度,False
2014-11-24,3.369739008042896,SHIBOR_1W+利差调整,3.290639008042896,1.6454880080428955,0,水平代理；不能复现原偏离度,False
2014-11-25,3.4223106951871656,SHIBOR_1W+利差调整,3.288994028520499,1.645084028520499,0,水平代理；不能复现原偏离度,False
2014-11-25,3.4223106951871656,SHIBOR_1W+利差调整,3.288994028520499,1.645084028520499,0,水平代理；不能复现原偏离度,False
2014-11-26,3.4207390080428954,SHIBOR_1W+利差调整,3.2850223413762287,1.6455366747095623,0,水平代理；不能复现原偏离度,False
2014-11-26,3.4207390080428954,SHIBOR_1W+利差调整,3.2850223413762287,1.6455366747095623,0,水平代理；不能复现原偏离度,False
2014-11-27,3.437004557640751,SHIBOR_1W+利差调整,3.278921224307417,1.6458265576407507,0,水平代理；不能复现原偏离度,False
2014-11-27,3.437004557640751,SHIBOR_1W+利差调整,3.278921224307417,1.6458265576407507,0,水平代理；不能复现原偏离度,False
2014-11-28,3.4687390080428955,SHIBOR_1W+利差调整,3.2742890080428952,1.645585341376229,0,水平代理；不能复现原偏离度,False
2014-11-28,3.4687390080428955,SHIBOR_1W+利差调整,3.2742890080428952,1.645585341376229,0,水平代理；不能复现原偏离度,False
2014-12-01,3.5007390080428955,SHIBOR_1W+利差调整,3.2716890080428955,1.6456096747095623,0,水平代理；不能复现原偏离度,False
2014-12-01,3.5007390080428955,SHIBOR_1W+利差调整,3.2716890080428955,1.6456096747095623,0,水平代理；不能复现原偏离度,False
2014-12-02,3.535739008042895,SHIBOR_1W+利差调整,3.271655674709562,1.6456340080428955,0,水平代理；不能复现原偏离度,False
2014-12-02,3.535739008042895,SHIBOR_1W+利差调整,3.271655674709562,1.6456340080428955,0,水平代理；不能复现原偏离度,False
2014-12-03,3.5593106951871656,SHIBOR_1W+利差调整,3.273527361853832,1.6452063618538326,0,水平代理；不能复现原偏离度,False
2014-12-03,3.5593106951871656,SHIBOR_1W+利差调整,3.273527361853832,1.6452063618538326,0,水平代理；不能复现原偏离度,False
2014-12-04,3.5487390080428955,SHIBOR_1W+利差调整,3.2775223413762284,1.645635341376229,0,水平代理；不能复现原偏离度,False
2014-12-04,3.5487390080428955,SHIBOR_1W+利差调整,3.2775223413762284,1.645635341376229,0,水平代理；不能复现原偏离度,False
2014-12-05,3.5367390080428955,SHIBOR_1W+利差调整,3.281489008042896,1.6456360080428956,0,水平代理；不能复现原偏离度,False
2014-12-05,3.5367390080428955,SHIBOR_1W+利差调整,3.281489008042896,1.6456360080428956,0,水平代理；不能复现原偏离度,False
2014-12-08,3.5663106951871657,SHIBOR_1W+利差调整,3.2853773618538327,1.6452083618538325,0,水平代理；不能复现原偏离度,False
2014-12-08,3.5663106951871657,SHIBOR_1W+利差调整,3.2853773618538327,1.6452083618538325,0,水平代理；不能复现原偏离度,False
2014-12-09,3.576739008042896,SHIBOR_1W+利差调整,3.289589008042896,1.6456373413762289,0,水平代理；不能复现原偏离度,False
2014-12-09,3.576739008042896,SHIBOR_1W+利差调整,3.289589008042896,1.6456373413762289,0,水平代理；不能复现原偏离度,False
2014-12-10,3.602481124497992,SHIBOR_1W+利差调整,3.2930144578313256,1.645380124497992,0,水平代理；不能复现原偏离度,False
2014-12-10,3.602481124497992,SHIBOR_1W+利差调整,3.2930144578313256,1.645380124497992,0,水平代理；不能复现原偏离度,False
2014-12-11,3.652739008042895,SHIBOR_1W+利差调整,3.2976390080428954,1.6456386747095622,0,水平代理；不能复现原偏离度,False
2014-12-11,3.652739008042895,SHIBOR_1W+利差调整,3.2976390080428954,1.6456386747095622,0,水平代理；不能复现原偏离度,False
2014-12-12,3.733739008042896,SHIBOR_1W+利差调整,3.303255674709562,1.6456393413762287,0,水平代理；不能复现原偏离度,False
2014-12-12,3.733739008042896,SHIBOR_1W+利差调整,3.303255674709562,1.6456393413762287,0,水平代理；不能复现原偏离度,False
2014-12-15,3.751739008042896,SHIBOR_1W+利差调整,3.3085556747095617,1.6456400080428957,0,水平代理；不能复现原偏离度,False
2014-12-15,3.7517390080428954,SHIBOR_1W+利差调整,3.3085556747095617,1.6456400080428955,0,水平代理；不能复现原偏离度,False
2014-12-16,3.783004557640751,SHIBOR_1W+利差调整,3.3144212243074174,1.6459062243074172,0,水平代理；不能复现原偏离度,False
2014-12-16,3.783004557640751,SHIBOR_1W+利差调整,3.3144212243074174,1.6459062243074172,0,水平代理；不能复现原偏离度,False
2014-12-17,3.838310695187166,SHIBOR_1W+利差调整,3.320260695187166,1.6452560285204991,0,水平代理；不能复现原偏离度,False
2014-12-17,3.838310695187166,SHIBOR_1W+利差调整,3.320260695187166,1.6452560285204991,0,水平代理；不能复现原偏离度,False
2014-12-18,4.171739008042896,SHIBOR_1W+利差调整,3.3344723413762285,1.645728008042895,0,水平代理；不能复现原偏离度,False
2014-12-18,4.171739008042896,SHIBOR_1W+利差调整,3.3344723413762285,1.6457280080428953,0,水平代理；不能复现原偏离度,False
2014-12-19,5.513739008042895,SHIBOR_1W+利差调整,3.372072341376229,1.645771674709562,0,水平代理；不能复现原偏离度,False
2014-12-19,5.513739008042895,SHIBOR_1W+利差调整,3.3720723413762292,1.645771674709562,0,水平代理；不能复现原偏离度,False
2014-12-22,5.928739008042895,SHIBOR_1W+利差调整,3.416072341376229,1.6458153413762286,0,水平代理；不能复现原偏离度,False
2014-12-22,5.928739008042895,SHIBOR_1W+利差调整,3.416072341376229,1.6458153413762286,0,水平代理；不能复现原偏离度,False
2014-12-23,5.799739008042895,SHIBOR_1W+利差调整,3.4560390080428958,1.6458590080428954,0,水平代理；不能复现原偏离度,False
2014-12-23,5.799739008042895,SHIBOR_1W+利差调整,3.4560390080428953,1.6458590080428954,0,水平代理；不能复现原偏离度,False
2014-12-24,5.331739008042895,SHIBOR_1W+利差调整,3.4874390080428954,1.6459026747095622,0,水平代理；不能复现原偏离度,False
2014-12-24,5.331739008042895,SHIBOR_1W+利差调整,3.4874390080428954,1.6459026747095622,0,水平代理；不能复现原偏离度,False
2014-12-25,5.151739008042895,SHIBOR_1W+利差调整,3.5196390080428954,1.6459463413762287,0,水平代理；不能复现原偏离度,False
2014-12-25,5.151739008042895,SHIBOR_1W+利差调整,3.5196390080428954,1.6459463413762287,0,水平代理；不能复现原偏离度,False
2014-12-26,4.961739008042896,SHIBOR_1W+利差调整,3.551472341376228,1.6459900080428955,0,水平代理；不能复现原偏离度,False
2014-12-26,4.961739008042896,SHIBOR_1W+利差调整,3.551472341376228,1.6459900080428955,0,水平代理；不能复现原偏离度,False
2014-12-29,4.860739008042896,SHIBOR_1W+利差调整,3.5821390080428954,1.646033674709562,0,水平代理；不能复现原偏离度,False
2014-12-29,4.860739008042896,SHIBOR_1W+利差调整,3.5821390080428954,1.646033674709562,0,水平代理；不能复现原偏离度,False
2014-12-30,4.785739008042896,SHIBOR_1W+利差调整,3.6110723413762287,1.6460773413762289,0,水平代理；不能复现原偏离度,False
2014-12-30,4.785739008042896,SHIBOR_1W+利差调整,3.6110723413762287,1.6460773413762289,0,水平代理；不能复现原偏离度,False
2014-12-31,4.785739008042896,SHIBOR_1W+利差调整,3.638622341376229,1.646088841376229,0,水平代理；不能复现原偏离度,False
2014-12-31,4.785739008042896,SHIBOR_1W+利差调整,3.638622341376229,1.646088841376229,0,水平代理；不能复现原偏离度,False
2015-01-04,5.029739008042895,SHIBOR_1W+利差调整,3.670172341376229,1.6461003413762287,0,水平代理；不能复现原偏离度,False
2015-01-04,5.029739008042895,SHIBOR_1W+利差调整,3.670172341376229,1.6461003413762287,0,水平代理；不能复现原偏离度,False
2015-01-05,4.871739008042895,SHIBOR_1W+利差调整,3.698939008042895,1.6461118413762288,0,水平代理；不能复现原偏离度,False
2015-01-05,4.871739008042895,SHIBOR_1W+利差调整,3.698939008042895,1.6461118413762288,0,水平代理；不能复现原偏离度,False
2015-01-06,4.387739008042895,SHIBOR_1W+利差调整,3.7195556747095617,1.6461233413762288,0,水平代理；不能复现原偏离度,False
2015-01-06,4.387739008042895,SHIBOR_1W+利差调整,3.7195556747095617,1.6461233413762288,0,水平代理；不能复现原偏离度,False
2015-01-07,4.019739008042896,SHIBOR_1W+利差调整,3.734022341376229,1.646134841376229,0,水平代理；不能复现原偏离度,False
2015-01-07,4.019739008042896,SHIBOR_1W+利差调整,3.734022341376229,1.646134841376229,0,水平代理；不能复现原偏离度,False
2015-01-08,3.891739008042896,SHIBOR_1W+利差调整,3.7467723413762286,1.6461463413762287,0,水平代理；不能复现原偏离度,False
2015-01-08,3.891739008042896,SHIBOR_1W+利差调整,3.7467723413762286,1.6461463413762287,0,水平代理；不能复现原偏离度,False
2015-01-09,3.884739008042896,SHIBOR_1W+利差调整,3.7595890080428953,1.6461578413762288,0,水平代理；不能复现原偏离度,False
2015-01-09,3.884739008042896,SHIBOR_1W+利差调整,3.7595890080428953,1.6461578413762288,0,水平代理；不能复现原偏离度,False
2015-01-12,3.908739008042896,SHIBOR_1W+利差调整,3.773122341376229,1.6461693413762288,0,水平代理；不能复现原偏离度,False
2015-01-12,3.9087390080428954,SHIBOR_1W+利差调整,3.773122341376229,1.6461693413762288,0,水平代理；不能复现原偏离度,False
2015-01-13,3.876739008042896,SHIBOR_1W+利差调整,3.786355674709562,1.6461808413762289,0,水平代理；不能复现原偏离度,False
2015-01-13,3.876739008042896,SHIBOR_1W+利差调整,3.786355674709562,1.6461808413762289,0,水平代理；不能复现原偏离度,False
2015-01-14,3.983739008042896,SHIBOR_1W+利差调整,3.8016223413762287,1.6461923413762287,0,水平代理；不能复现原偏离度,False
2015-01-14,3.9837390080428956,SHIBOR_1W+利差调整,3.8016223413762287,1.6461923413762287,0,水平代理；不能复现原偏离度,False
2015-01-15,3.989739008042896,SHIBOR_1W+利差调整,3.816805674709562,1.6462173413762289,0,水平代理；不能复现原偏离度,False
2015-01-15,3.9897390080428954,SHIBOR_1W+利差调整,3.816805674709562,1.6462173413762287,0,水平代理；不能复现原偏离度,False
2015-01-16,3.9943106951871656,SHIBOR_1W+利差调整,3.831427361853832,1.6458140285204992,0,水平代理；不能复现原偏离度,False
2015-01-16,3.9943106951871656,SHIBOR_1W+利差调整,3.831427361853832,1.6458140285204992,0,水平代理；不能复现原偏离度,False
2015-01-19,3.9773106951871657,SHIBOR_1W+利差调整,3.844860695187166,1.6458390285204991,0,水平代理；不能复现原偏离度,False
2015-01-19,3.9773106951871657,SHIBOR_1W+利差调整,3.844860695187166,1.6458390285204991,0,水平代理；不能复现原偏离度,False
2015-01-20,3.928739008042896,SHIBOR_1W+利差调整,3.857452341376229,1.6462923413762287,0,水平代理；不能复现原偏离度,False
2015-01-20,3.9287390080428954,SHIBOR_1W+利差调整,3.857452341376229,1.6462923413762287,0,水平代理；不能复现原偏离度,False
2015-01-21,3.969739008042896,SHIBOR_1W+利差调整,3.870185674709562,1.6463173413762289,0,水平代理；不能复现原偏离度,False
2015-01-21,3.969739008042896,SHIBOR_1W+利差调整,3.870185674709562,1.6463173413762289,0,水平代理；不能复现原偏离度,False
2015-01-22,4.021739008042895,SHIBOR_1W+利差调整,3.882435674709562,1.6463423413762288,0,水平代理；不能复现原偏离度,False
2015-01-22,4.021739008042895,SHIBOR_1W+利差调整,3.882435674709562,1.6463423413762288,0,水平代理；不能复现原偏离度,False
2015-01-23,4.174739008042895,SHIBOR_1W+利差调整,3.896377341376229,1.6463673413762288,0,水平代理；不能复现原偏离度,False
2015-01-23,4.174739008042895,SHIBOR_1W+利差调整,3.896377341376229,1.6463673413762288,0,水平代理；不能复现原偏离度,False
2015-01-26,4.066739008042895,SHIBOR_1W+利差调整,3.908377341376229,1.6463923413762287,0,水平代理；不能复现原偏离度,False
2015-01-26,4.066739008042895,SHIBOR_1W+利差调整,3.908377341376229,1.6463923413762287,0,水平代理；不能复现原偏离度,False
2015-01-27,4.036739008042896,SHIBOR_1W+利差调整,3.920110674709562,1.6464173413762289,0,水平代理；不能复现原偏离度,False
2015-01-27,4.036739008042896,SHIBOR_1W+利差调整,3.920110674709562,1.6464173413762289,0,水平代理；不能复现原偏离度,False
2015-01-28,4.044739008042896,SHIBOR_1W+利差调整,3.931777341376229,1.6464423413762288,0,水平代理；不能复现原偏离度,False
2015-01-28,4.044739008042896,SHIBOR_1W+利差调整,3.9317773413762285,1.6464423413762288,0,水平代理；不能复现原偏离度,False
2015-01-29,4.075739008042896,SHIBOR_1W+利差调整,3.944410674709562,1.6465365080428955,0,水平代理；不能复现原偏离度,False
2015-01-29,4.075739008042896,SHIBOR_1W+利差调整,3.944410674709562,1.6465365080428955,0,水平代理；不能复现原偏离度,False
2015-01-30,4.172739008042895,SHIBOR_1W+利差调整,3.959544008042896,1.646630674709562,0,水平代理；不能复现原偏离度,False
2015-01-30,4.172739008042895,SHIBOR_1W+利差调整,3.9595440080428954,1.646630674709562,0,水平代理；不能复现原偏离度,False
2015-02-02,4.403739008042895,SHIBOR_1W+利差调整,3.978810674709562,1.6467248413762288,0,水平代理；不能复现原偏离度,False
2015-02-02,4.403739008042895,SHIBOR_1W+利差调整,3.978810674709562,1.6467248413762288,0,水平代理；不能复现原偏离度,False
2015-02-03,4.540039008042895,SHIBOR_1W+利差调整,4.000382341376229,1.6468190080428955,0,水平代理；不能复现原偏离度,False
2015-02-03,4.540039008042895,SHIBOR_1W+利差调整,4.000382341376229,1.6468190080428955,0,水平代理；不能复现原偏离度,False
2015-02-04,4.573739008042895,SHIBOR_1W+利差调整,4.022932341376229,1.646913174709562,0,水平代理；不能复现原偏离度,False
2015-02-04,4.573739008042895,SHIBOR_1W+利差调整,4.022932341376229,1.646913174709562,0,水平代理；不能复现原偏离度,False
2015-02-05,4.558739008042895,SHIBOR_1W+利差调整,4.045310674709563,1.6470073413762287,0,水平代理；不能复现原偏离度,False
2015-02-05,4.558739008042895,SHIBOR_1W+利差调整,4.045310674709563,1.6470073413762287,0,水平代理；不能复现原偏离度,False
2015-02-06,4.505739008042895,SHIBOR_1W+利差调整,4.066744008042895,1.6471015080428957,0,水平代理；不能复现原偏离度,False
2015-02-06,4.505739008042895,SHIBOR_1W+利差调整,4.066744008042895,1.6471015080428957,0,水平代理；不能复现原偏离度,False
2015-02-09,4.481739008042895,SHIBOR_1W+利差调整,4.087694008042896,1.6471956747095622,0,水平代理；不能复现原偏离度,False
2015-02-09,4.481739008042895,SHIBOR_1W+利差调整,4.087694008042896,1.6471956747095622,0,水平代理；不能复现原偏离度,False
2015-02-10,4.46800455764075,SHIBOR_1W+利差调整,4.108659557640751,1.647555390974084,0,水平代理；不能复现原偏离度,False
2015-02-10,4.46800455764075,SHIBOR_1W+利差调整,4.108659557640751,1.647555390974084,0,水平代理；不能复现原偏离度,False
2015-02-11,4.566739008042895,SHIBOR_1W+利差调整,4.130894008042896,1.6473840080428954,0,水平代理；不能复现原偏离度,False
2015-02-11,4.566739008042895,SHIBOR_1W+利差调整,4.130894008042896,1.6473840080428954,0,水平代理；不能复现原偏离度,False
2015-02-12,4.748739008042896,SHIBOR_1W+利差调整,4.156360674709562,1.647399174709562,0,水平代理；不能复现原偏离度,False
2015-02-12,4.748739008042896,SHIBOR_1W+利差调整,4.156360674709562,1.647399174709562,0,水平代理；不能复现原偏离度,False
2015-02-13,4.809739008042896,SHIBOR_1W+利差调整,4.182127341376228,1.6474143413762288,0,水平代理；不能复现原偏离度,False
2015-02-13,4.809739008042896,SHIBOR_1W+利差调整,4.182127341376228,1.6474143413762288,0,水平代理；不能复现原偏离度,False
2015-02-15,4.866739008042895,SHIBOR_1W+利差调整,4.207160674709562,1.6474295080428951,0,水平代理；不能复现原偏离度,False
2015-02-15,4.866739008042895,SHIBOR_1W+利差调整,4.207160674709562,1.6474295080428953,0,水平代理；不能复现原偏离度,False
2015-02-16,4.846739008042896,SHIBOR_1W+利差调整,4.231777341376229,1.647444674709562,0,水平代理；不能复现原偏离度,False
2015-02-16,4.846739008042896,SHIBOR_1W+利差调整,4.231777341376229,1.647444674709562,0,水平代理；不能复现原偏离度,False
2015-02-17,4.895739008042895,SHIBOR_1W+利差调整,4.256327341376229,1.6474598413762287,0,水平代理；不能复现原偏离度,False
2015-02-17,4.895739008042895,SHIBOR_1W+利差调整,4.256327341376229,1.6474598413762287,0,水平代理；不能复现原偏离度,False
2015-02-25,4.914739008042895,SHIBOR_1W+利差调整,4.281227341376228,1.6474750080428953,0,水平代理；不能复现原偏离度,False
2015-02-25,4.914739008042895,SHIBOR_1W+利差调整,4.281227341376228,1.6474750080428953,0,水平代理；不能复现原偏离度,False
2015-02-26,4.863739008042895,SHIBOR_1W+利差调整,4.305010674709562,1.647490174709562,0,水平代理；不能复现原偏离度,False
2015-02-26,4.863739008042895,SHIBOR_1W+利差调整,4.305010674709562,1.647490174709562,0,水平代理；不能复现原偏离度,False
2015-02-27,4.861739008042895,SHIBOR_1W+利差调整,4.3282273413762296,1.6475053413762286,0,水平代理；不能复现原偏离度,False
2015-02-27,4.861739008042895,SHIBOR_1W+利差调整,4.3282273413762296,1.6475053413762286,0,水平代理；不能复现原偏离度,False
2015-02-28,4.918739008042896,SHIBOR_1W+利差调整,4.351860674709561,1.6475205080428954,0,水平代理；不能复现原偏离度,False
2015-02-28,4.918739008042896,SHIBOR_1W+利差调整,4.351860674709561,1.6475205080428954,0,水平代理；不能复现原偏离度,False
2015-03-02,4.894481124497992,SHIBOR_1W+利差调整,4.3742527911646585,1.6472777911646588,0,水平代理；不能复现原偏离度,False
2015-03-02,4.894481124497992,SHIBOR_1W+利差调整,4.3742527911646585,1.6472777911646588,0,水平代理；不能复现原偏离度,False
2015-03-03,4.893739008042895,SHIBOR_1W+利差调整,4.396744008042896,1.6475528413762286,0,水平代理；不能复现原偏离度,False
2015-03-03,4.893739008042895,SHIBOR_1W+利差调整,4.396744008042896,1.6475528413762286,0,水平代理；不能复现原偏离度,False
2015-03-04,4.86400455764075,SHIBOR_1W+利差调整,4.418926224307417,1.6478355576407506,0,水平代理；不能复现原偏离度,False
2015-03-04,4.86400455764075,SHIBOR_1W+利差调整,4.418926224307417,1.6478355576407506,0,水平代理；不能复现原偏离度,False
2015-03-05,4.876004557640751,SHIBOR_1W+利差调整,4.441242890974084,1.6478527243074177,0,水平代理；不能复现原偏离度,False
2015-03-05,4.876004557640751,SHIBOR_1W+利差调整,4.441242890974084,1.6478527243074177,0,水平代理；不能复现原偏离度,False
2015-03-06,4.885739008042895,SHIBOR_1W+利差调整,4.462960674709563,1.647604341376229,0,水平代理；不能复现原偏离度,False
2015-03-06,4.885739008042895,SHIBOR_1W+利差调整,4.462960674709563,1.647604341376229,0,水平代理；不能复现原偏离度,False
2015-03-09,4.919739008042895,SHIBOR_1W+利差调整,4.485344008042896,1.6476215080428953,0,水平代理；不能复现原偏离度,False
2015-03-09,4.919739008042895,SHIBOR_1W+利差调整,4.485344008042896,1.6476215080428953,0,水平代理；不能复现原偏离度,False
2015-03-10,4.909739008042895,SHIBOR_1W+利差调整,4.507127341376229,1.6476386747095622,0,水平代理；不能复现原偏离度,False
2015-03-10,4.909739008042895,SHIBOR_1W+利差调整,4.507127341376229,1.6476386747095622,0,水平代理；不能复现原偏离度,False
2015-03-11,4.919739008042895,SHIBOR_1W+利差调整,4.528244008042895,1.6476558413762288,0,水平代理；不能复现原偏离度,False
2015-03-11,4.919739008042895,SHIBOR_1W+利差调整,4.528244008042895,1.6476558413762288,0,水平代理；不能复现原偏离度,False
2015-03-12,4.897839008042896,SHIBOR_1W+利差调整,4.547645674709562,1.6476730080428954,0,水平代理；不能复现原偏离度,False
2015-03-12,4.8978390080428955,SHIBOR_1W+利差调整,4.547645674709562,1.6476730080428954,0,水平代理；不能复现原偏离度,False
2015-03-13,4.884739008042896,SHIBOR_1W+利差调整,4.566529008042894,1.6476901747095622,0,水平代理；不能复现原偏离度,False
2015-03-13,4.884739008042896,SHIBOR_1W+利差调整,4.566529008042894,1.6476901747095622,0,水平代理；不能复现原偏离度,False
2015-03-16,4.854739008042896,SHIBOR_1W+利差调整,4.584395674709563,1.6477073413762289,0,水平代理；不能复现原偏离度,False
2015-03-16,4.854739008042896,SHIBOR_1W+利差调整,4.584395674709563,1.6477073413762289,0,水平代理；不能复现原偏离度,False
2015-03-17,4.766739008042896,SHIBOR_1W+利差调整,4.5998623413762285,1.6477455080428955,0,水平代理；不能复现原偏离度,False
2015-03-17,4.7667390080428955,SHIBOR_1W+利差调整,4.5998623413762285,1.6477455080428955,0,水平代理；不能复现原偏离度,False
2015-03-18,4.748739008042896,SHIBOR_1W+利差调整,4.609479008042896,1.6477836747095622,0,水平代理；不能复现原偏离度,False
2015-03-18,4.748739008042896,SHIBOR_1W+利差调整,4.609479008042896,1.6477836747095622,0,水平代理；不能复现原偏离度,False
2015-03-19,4.642739008042896,SHIBOR_1W+利差调整,4.594962341376228,1.647821841376229,0,水平代理；不能复现原偏离度,False
2015-03-19,4.642739008042896,SHIBOR_1W+利差调整,4.594962341376228,1.647821841376229,0,水平代理；不能复现原偏离度,False
2015-03-20,4.477739008042896,SHIBOR_1W+利差调整,4.570779008042895,1.6478600080428956,0,水平代理；不能复现原偏离度,False
2015-03-20,4.477739008042896,SHIBOR_1W+利差调整,4.570779008042895,1.6478600080428956,0,水平代理；不能复现原偏离度,False
2015-03-23,4.289739008042895,SHIBOR_1W+利差调整,4.545612341376229,1.647898174709562,0,水平代理；不能复现原偏离度,False
2015-03-23,4.289739008042895,SHIBOR_1W+利差调整,4.545612341376229,1.647898174709562,0,水平代理；不能复现原偏离度,False
2015-03-24,4.179739008042896,SHIBOR_1W+利差调整,4.526412341376228,1.647936341376229,0,水平代理；不能复现原偏离度,False
2015-03-24,4.179739008042896,SHIBOR_1W+利差调整,4.526412341376228,1.647936341376229,0,水平代理；不能复现原偏离度,False
2015-03-25,4.101739008042896,SHIBOR_1W+利差调整,4.508912341376228,1.6479745080428954,0,水平代理；不能复现原偏离度,False
2015-03-25,4.101739008042896,SHIBOR_1W+利差调整,4.508912341376228,1.6479745080428954,0,水平代理；不能复现原偏离度,False
2015-03-26,4.043739008042896,SHIBOR_1W+利差调整,4.493612341376229,1.648012674709562,0,水平代理；不能复现原偏离度,False
2015-03-26,4.043739008042896,SHIBOR_1W+利差调整,4.493612341376229,1.648012674709562,0,水平代理；不能复现原偏离度,False
2015-03-27,4.039739008042895,SHIBOR_1W+利差调整,4.479929008042896,1.6480508413762287,0,水平代理；不能复现原偏离度,False
2015-03-27,4.039739008042895,SHIBOR_1W+利差调整,4.479929008042896,1.6480508413762287,0,水平代理；不能复现原偏离度,False
2015-03-30,4.065481124497992,SHIBOR_1W+利差调整,4.4676711244979925,1.647831124497992,0,水平代理；不能复现原偏离度,False
2015-03-30,4.065481124497992,SHIBOR_1W+利差调整,4.4676711244979925,1.647831124497992,0,水平代理；不能复现原偏离度,False
2015-03-31,4.032739008042896,SHIBOR_1W+利差调整,4.455379008042896,1.648125341376229,0,水平代理；不能复现原偏离度,False
2015-03-31,4.032739008042896,SHIBOR_1W+利差调整,4.455379008042896,1.648125341376229,0,水平代理；不能复现原偏离度,False
2015-04-01,3.900739008042896,SHIBOR_1W+利差调整,4.436562341376229,1.648161674709562,0,水平代理；不能复现原偏离度,False
2015-04-01,3.9007390080428954,SHIBOR_1W+利差调整,4.436562341376229,1.648161674709562,0,水平代理；不能复现原偏离度,False
2015-04-02,3.781739008042895,SHIBOR_1W+利差调整,4.418395674709562,1.6481980080428953,0,水平代理；不能复现原偏离度,False
2015-04-02,3.781739008042895,SHIBOR_1W+利差调整,4.418395674709562,1.6481980080428953,0,水平代理；不能复现原偏离度,False
2015-04-03,3.652739008042895,SHIBOR_1W+利差调整,4.406145674709562,1.6482343413762286,0,水平代理；不能复现原偏离度,False
2015-04-03,3.652739008042895,SHIBOR_1W+利差调整,4.406145674709562,1.6482343413762286,0,水平代理；不能复现原偏离度,False
2015-04-07,3.465739008042896,SHIBOR_1W+利差调整,4.396912341376228,1.648270674709562,0,水平代理；不能复现原偏离度,False
2015-04-07,3.465739008042896,SHIBOR_1W+利差调整,4.396912341376228,1.648270674709562,0,水平代理；不能复现原偏离度,False
2015-04-08,3.3097390080428952,SHIBOR_1W+利差调整,4.3872123413762285,1.6483070080428954,0,水平代理；不能复现原偏离度,False
2015-04-08,3.3097390080428952,SHIBOR_1W+利差调整,4.3872123413762285,1.6483070080428954,0,水平代理；不能复现原偏离度,False
2015-04-09,3.219739008042896,SHIBOR_1W+利差调整,4.376129008042896,1.6483433413762287,0,水平代理；不能复现原偏离度,False
2015-04-09,3.2197390080428954,SHIBOR_1W+利差调整,4.376129008042896,1.6483433413762287,0,水平代理；不能复现原偏离度,False
2015-04-10,3.116739008042896,SHIBOR_1W+利差调整,4.362929008042896,1.648379674709562,0,水平代理；不能复现原偏离度,False
2015-04-10,3.1167390080428956,SHIBOR_1W+利差调整,4.3629290080428955,1.648379674709562,0,水平代理；不能复现原偏离度,False
2015-04-13,3.0957390080428957,SHIBOR_1W+利差调整,4.349912341376228,1.6484160080428951,0,水平代理；不能复现原偏离度,False
2015-04-13,3.0957390080428953,SHIBOR_1W+利差调整,4.349912341376228,1.6484160080428953,0,水平代理；不能复现原偏离度,False
2015-04-14,3.066739008042896,SHIBOR_1W+利差调整,4.334629008042896,1.6484523413762286,0,水平代理；不能复现原偏离度,False
2015-04-14,3.0667390080428953,SHIBOR_1W+利差调整,4.334629008042896,1.6484523413762286,0,水平代理；不能复现原偏离度,False
2015-04-15,3.0267390080428958,SHIBOR_1W+利差调整,4.318579008042897,1.648555174709562,0,水平代理；不能复现原偏离度,False
2015-04-15,3.0267390080428953,SHIBOR_1W+利差调整,4.318579008042897,1.648555174709562,0,水平代理；不能复现原偏离度,False
2015-04-16,3.030739008042896,SHIBOR_1W+利差调整,4.302512341376229,1.6486580080428954,0,水平代理；不能复现原偏离度,False
2015-04-16,3.030739008042896,SHIBOR_1W+利差调整,4.302512341376229,1.6486580080428954,0,水平代理；不能复现原偏离度,False
2015-04-17,3.019739008042896,SHIBOR_1W+利差调整,4.286545674709561,1.6487608413762287,0,水平代理；不能复现原偏离度,False
2015-04-17,3.019739008042896,SHIBOR_1W+利差调整,4.286545674709561,1.6487608413762287,0,水平代理；不能复现原偏离度,False
2015-04-20,2.878739008042896,SHIBOR_1W+利差调整,4.269045674709561,1.648863674709562,0,水平代理；不能复现原偏离度,False
2015-04-20,2.878739008042896,SHIBOR_1W+利差调整,4.269045674709561,1.648863674709562,0,水平代理；不能复现原偏离度,False
2015-04-21,2.7667390080428955,SHIBOR_1W+利差调整,4.248995674709562,1.6489665080428957,0,水平代理；不能复现原偏离度,False
2015-04-21,2.7667390080428955,SHIBOR_1W+利差调整,4.248995674709562,1.6489665080428955,0,水平代理；不能复现原偏离度,False
2015-04-22,2.713310695187166,SHIBOR_1W+利差调整,4.226767361853833,1.648641028520499,0,水平代理；不能复现原偏离度,False
2015-04-22,2.713310695187166,SHIBOR_1W+利差调整,4.226767361853833,1.648641028520499,0,水平代理；不能复现原偏离度,False
2015-04-23,2.6737390080428955,SHIBOR_1W+利差调整,4.202179008042895,1.649172174709562,0,水平代理；不能复现原偏离度,False
2015-04-23,2.6737390080428955,SHIBOR_1W+利差调整,4.202179008042895,1.649172174709562,0,水平代理；不能复现原偏离度,False
2015-04-24,2.635004557640751,SHIBOR_1W+利差调整,4.178577890974084,1.6495405576407507,0,水平代理；不能复现原偏离度,False
2015-04-24,2.635004557640751,SHIBOR_1W+利差调整,4.178577890974084,1.6495405576407507,0,水平代理；不能复现原偏离度,False
2015-04-27,2.5977390080428955,SHIBOR_1W+利差调整,4.154329008042896,1.6493778413762288,0,水平代理；不能复现原偏离度,False
2015-04-27,2.5977390080428955,SHIBOR_1W+利差调整,4.154329008042896,1.6493778413762288,0,水平代理；不能复现原偏离度,False
2015-04-28,2.584481124497992,SHIBOR_1W+利差调整,4.129737791164659,1.6492227911646586,0,水平代理；不能复现原偏离度,False
2015-04-28,2.584481124497992,SHIBOR_1W+利差调整,4.129737791164659,1.6492227911646586,0,水平代理；不能复现原偏离度,False
2015-04-29,2.585310695187166,SHIBOR_1W+利差调整,4.104734028520499,1.649137528520499,0,水平代理；不能复现原偏离度,False
2015-04-29,2.585310695187166,SHIBOR_1W+利差调整,4.104734028520499,1.649137528520499,0,水平代理；不能复现原偏离度,False
2015-04-30,2.577004557640751,SHIBOR_1W+利差调整,4.078827890974084,1.6499165576407506,0,水平代理；不能复现原偏离度,False
2015-04-30,2.577004557640751,SHIBOR_1W+利差调整,4.078827890974084,1.6499165576407506,0,水平代理；不能复现原偏离度,False
2015-05-04,2.5367390080428955,SHIBOR_1W+利差调整,4.047445674709562,1.649736174709562,0,水平代理；不能复现原偏离度,False
2015-05-04,2.5367390080428955,SHIBOR_1W+利差调整,4.047445674709562,1.649736174709562,0,水平代理；不能复现原偏离度,False
2015-05-05,2.5147390080428957,SHIBOR_1W+利差调整,4.013690674709562,1.6498213413762288,0,水平代理；不能复现原偏离度,False
2015-05-05,2.5147390080428953,SHIBOR_1W+利差调整,4.013690674709562,1.6498213413762288,0,水平代理；不能复现原偏离度,False
2015-05-06,2.515739008042896,SHIBOR_1W+利差调整,3.979390674709562,1.6499065080428954,0,水平代理；不能复现原偏离度,False
2015-05-06,2.515739008042896,SHIBOR_1W+利差调整,3.979390674709562,1.6499065080428954,0,水平代理；不能复现原偏离度,False
2015-05-07,2.5017390080428954,SHIBOR_1W+利差调整,3.9451073413762288,1.649991674709562,0,水平代理；不能复现原偏离度,False
2015-05-07,2.5017390080428954,SHIBOR_1W+利差调整,3.9451073413762288,1.649991674709562,0,水平代理；不能复现原偏离度,False
2015-05-08,2.481004557640751,SHIBOR_1W+利差调整,3.911622890974084,1.6503423909740838,0,水平代理；不能复现原偏离度,False
2015-05-08,2.481004557640751,SHIBOR_1W+利差调整,3.911622890974084,1.6503423909740838,0,水平代理；不能复现原偏离度,False
2015-05-11,2.391310695187166,SHIBOR_1W+利差调整,3.876095695187166,1.6497336951871655,0,水平代理；不能复现原偏离度,False
2015-05-11,2.391310695187166,SHIBOR_1W+利差调整,3.876095695187166,1.6497336951871655,0,水平代理；不能复现原偏离度,False
2015-05-12,2.343310695187166,SHIBOR_1W+利差调整,3.840695695187166,1.6498188618538323,0,水平代理；不能复现原偏离度,False
2015-05-12,2.343310695187166,SHIBOR_1W+利差调整,3.840695695187166,1.6498188618538323,0,水平代理；不能复现原偏离度,False
2015-05-13,2.2957390080428954,SHIBOR_1W+利差调整,3.803274008042896,1.6503323413762288,0,水平代理；不能复现原偏离度,False
2015-05-13,2.2957390080428954,SHIBOR_1W+利差调整,3.8032740080428957,1.6503323413762288,0,水平代理；不能复现原偏离度,False
2015-05-14,2.203004557640751,SHIBOR_1W+利差调整,3.761106224307418,1.6506067243074172,0,水平代理；不能复现原偏离度,False
2015-05-14,2.203004557640751,SHIBOR_1W+利差调整,3.761106224307418,1.6506067243074172,0,水平代理；不能复现原偏离度,False
2015-05-15,2.1090045576407506,SHIBOR_1W+利差调整,3.716089557640751,1.6506155576407504,0,水平代理；不能复现原偏离度,False
2015-05-15,2.1090045576407506,SHIBOR_1W+利差调整,3.716089557640751,1.6506155576407504,0,水平代理；不能复现原偏离度,False
2015-05-18,2.0670045576407508,SHIBOR_1W+利差调整,3.669422890974084,1.650624390974084,0,水平代理；不能复现原偏离度,False
2015-05-18,2.0670045576407508,SHIBOR_1W+利差调整,3.669422890974084,1.650624390974084,0,水平代理；不能复现原偏离度,False
2015-05-19,2.07200455764075,SHIBOR_1W+利差调整,3.623172890974084,1.650633224307417,0,水平代理；不能复现原偏离度,False
2015-05-19,2.07200455764075,SHIBOR_1W+利差调整,3.623172890974084,1.650633224307417,0,水平代理；不能复现原偏离度,False
2015-05-20,2.078739008042896,SHIBOR_1W+利差调整,3.575957341376229,1.6503765080428954,0,水平代理；不能复现原偏离度,False
2015-05-20,2.0787390080428954,SHIBOR_1W+利差调整,3.575957341376229,1.6503765080428954,0,水平代理；不能复现原偏离度,False
2015-05-21,2.090739008042896,SHIBOR_1W+利差调整,3.5288906747095625,1.6503853413762288,0,水平代理；不能复现原偏离度,False
2015-05-21,2.0907390080428954,SHIBOR_1W+利差调整,3.5288906747095625,1.6503853413762288,0,水平代理；不能复现原偏离度,False
2015-05-22,2.112739008042896,SHIBOR_1W+利差调整,3.4830406747095624,1.6503941747095623,0,水平代理；不能复现原偏离度,False
2015-05-22,2.112739008042896,SHIBOR_1W+利差调整,3.4830406747095624,1.6503941747095623,0,水平代理；不能复现原偏离度,False
2015-05-25,2.1147390080428954,SHIBOR_1W+利差调整,3.437257341376229,1.6504030080428955,0,水平代理；不能复现原偏离度,False
2015-05-25,2.1147390080428954,SHIBOR_1W+利差调整,3.437257341376229,1.6504030080428955,0,水平代理；不能复现原偏离度,False
2015-05-26,2.115539008042896,SHIBOR_1W+利差调整,3.3905373413762288,1.650411841376229,0,水平代理；不能复现原偏离度,False
2015-05-26,2.1155390080428957,SHIBOR_1W+利差调整,3.3905373413762288,1.650411841376229,0,水平代理；不能复现原偏离度,False
2015-05-27,2.113310695187166,SHIBOR_1W+利差调整,3.343759028520499,1.6499923618538324,0,水平代理；不能复现原偏离度,False
2015-05-27,2.113310695187166,SHIBOR_1W+利差调整,3.343759028520499,1.6499923618538324,0,水平代理；不能复现原偏离度,False
2015-05-28,2.098739008042896,SHIBOR_1W+利差调整,3.297604008042896,1.650554841376229,0,水平代理；不能复现原偏离度,False
2015-05-28,2.098739008042896,SHIBOR_1W+利差调整,3.297604008042896,1.650554841376229,0,水平代理；不能复现原偏离度,False
2015-05-29,2.1187390080428954,SHIBOR_1W+利差调整,3.251854008042896,1.6506890080428955,0,水平代理；不能复现原偏离度,False
2015-05-29,2.1187390080428954,SHIBOR_1W+利差调整,3.251854008042896,1.6506890080428955,0,水平代理；不能复现原偏离度,False
2015-06-01,2.1097390080428955,SHIBOR_1W+利差调整,3.2057540080428955,1.6508231747095623,0,水平代理；不能复现原偏离度,False
2015-06-01,2.1097390080428955,SHIBOR_1W+利差调整,3.2057540080428955,1.6508231747095623,0,水平代理；不能复现原偏离度,False
2015-06-02,2.123739008042896,SHIBOR_1W+利差调整,3.159720674709562,1.6509573413762288,0,水平代理；不能复现原偏离度,False
2015-06-02,2.1237390080428957,SHIBOR_1W+利差调整,3.159720674709562,1.6509573413762288,0,水平代理；不能复现原偏离度,False
2015-06-03,2.2040045576407508,SHIBOR_1W+利差调整,3.114719557640751,1.6513570576407506,0,水平代理；不能复现原偏离度,False
2015-06-03,2.2040045576407508,SHIBOR_1W+利差调整,3.114719557640751,1.6513570576407506,0,水平代理；不能复现原偏离度,False
2015-06-04,2.2690045576407507,SHIBOR_1W+利差调整,3.070702890974084,1.6514912243074171,0,水平代理；不能复现原偏离度,False
2015-06-04,2.2690045576407507,SHIBOR_1W+利差调整,3.070702890974084,1.6514912243074171,0,水平代理；不能复现原偏离度,False
2015-06-05,2.2163106951871656,SHIBOR_1W+利差调整,3.0249590285204992,1.650931528520499,0,水平代理；不能复现原偏离度,False
2015-06-05,2.2163106951871656,SHIBOR_1W+利差调整,3.0249590285204992,1.650931528520499,0,水平代理；不能复现原偏离度,False
2015-06-08,2.189739008042896,SHIBOR_1W+利差调整,2.9802523413762287,1.6514940080428957,0,水平代理；不能复现原偏离度,False
2015-06-08,2.189739008042896,SHIBOR_1W+利差调整,2.9802523413762287,1.6514940080428957,0,水平代理；不能复现原偏离度,False
2015-06-09,2.1960045576407508,SHIBOR_1W+利差调整,2.935701224307417,1.6518937243074172,0,水平代理；不能复现原偏离度,False
2015-06-09,2.1960045576407508,SHIBOR_1W+利差调整,2.935701224307417,1.6518937243074172,0,水平代理；不能复现原偏离度,False
2015-06-10,2.1987390080428955,SHIBOR_1W+利差调整,2.891169008042896,1.6517623413762288,0,水平代理；不能复现原偏离度,False
2015-06-10,2.1987390080428955,SHIBOR_1W+利差调整,2.8911690080428953,1.6517623413762288,0,水平代理；不能复现原偏离度,False
2015-06-11,2.209739008042896,SHIBOR_1W+利差调整,2.8485523413762284,1.6517786747095622,0,水平代理；不能复现原偏离度,False
2015-06-11,2.209739008042896,SHIBOR_1W+利差调整,2.8485523413762284,1.6517786747095622,0,水平代理；不能复现原偏离度,False
2015-06-12,2.2317390080428954,SHIBOR_1W+利差调整,2.8066023413762284,1.6517950080428954,0,水平代理；不能复现原偏离度,False
2015-06-12,2.2317390080428954,SHIBOR_1W+利差调整,2.8066023413762284,1.6517950080428954,0,水平代理；不能复现原偏离度,False
2015-06-15,2.256739008042896,SHIBOR_1W+利差调整,2.766835674709562,1.6518113413762288,0,水平代理；不能复现原偏离度,False
2015-06-15,2.256739008042896,SHIBOR_1W+利差调整,2.766835674709562,1.6518113413762288,0,水平代理；不能复现原偏离度,False
2015-06-16,2.2893106951871656,SHIBOR_1W+利差调整,2.7299406951871656,1.6513993618538323,0,水平代理；不能复现原偏离度,False
2015-06-16,2.2893106951871656,SHIBOR_1W+利差调整,2.7299406951871656,1.6513993618538323,0,水平代理；不能复现原偏离度,False
2015-06-17,2.384481124497992,SHIBOR_1W+利差调整,2.698361124497992,1.651586124497992,0,水平代理；不能复现原偏离度,False
2015-06-17,2.384481124497992,SHIBOR_1W+利差调整,2.698361124497992,1.651586124497992,0,水平代理；不能复现原偏离度,False
2015-06-18,2.625004557640751,SHIBOR_1W+利差调整,2.672967890974084,1.652125890974084,0,水平代理；不能复现原偏离度,False
2015-06-18,2.625004557640751,SHIBOR_1W+利差调整,2.672967890974084,1.652125890974084,0,水平代理；不能复现原偏离度,False
2015-06-19,2.820739008042896,SHIBOR_1W+利差调整,2.6513523413762288,1.651876674709562,0,水平代理；不能复现原偏离度,False
2015-06-19,2.820739008042896,SHIBOR_1W+利差调整,2.6513523413762288,1.651876674709562,0,水平代理；不能复现原偏离度,False
2015-06-23,2.8217390080428952,SHIBOR_1W+利差调整,2.6309856747095623,1.6518930080428955,0,水平代理；不能复现原偏离度,False
2015-06-23,2.8217390080428952,SHIBOR_1W+利差调整,2.6309856747095623,1.6518930080428955,0,水平代理；不能复现原偏离度,False
2015-06-24,2.9547390080428952,SHIBOR_1W+利差调整,2.6129023413762287,1.6519093413762287,0,水平代理；不能复现原偏离度,False
2015-06-24,2.9547390080428952,SHIBOR_1W+利差调整,2.6129023413762287,1.6519093413762287,0,水平代理；不能复现原偏离度,False
2015-06-25,3.0307390080428958,SHIBOR_1W+利差调整,2.5956523413762285,1.651925674709562,0,水平代理；不能复现原偏离度,False
2015-06-25,3.0307390080428953,SHIBOR_1W+利差调整,2.5956523413762285,1.651925674709562,0,水平代理；不能复现原偏离度,False
2015-06-26,3.0677390080428952,SHIBOR_1W+利差调整,2.5795690080428955,1.6520335080428954,0,水平代理；不能复现原偏离度,False
2015-06-26,3.0677390080428952,SHIBOR_1W+利差调整,2.5795690080428955,1.6520335080428954,0,水平代理；不能复现原偏离度,False
2015-06-29,2.9867390080428957,SHIBOR_1W+利差调整,2.564335674709562,1.6521413413762287,0,水平代理；不能复现原偏离度,False
2015-06-29,2.9867390080428953,SHIBOR_1W+利差调整,2.564335674709562,1.6521413413762287,0,水平代理；不能复现原偏离度,False
2015-06-30,2.7987390080428955,SHIBOR_1W+利差调整,2.547952341376229,1.652249174709562,0,水平代理；不能复现原偏离度,False
2015-06-30,2.7987390080428955,SHIBOR_1W+利差调整,2.547952341376229,1.652249174709562,0,水平代理；不能复现原偏离度,False
2015-07-01,2.7487390080428957,SHIBOR_1W+利差调整,2.532885674709562,1.652357008042895,0,水平代理；不能复现原偏离度,False
2015-07-01,2.7487390080428953,SHIBOR_1W+利差调整,2.532885674709562,1.6523570080428953,0,水平代理；不能复现原偏离度,False
2015-07-02,2.858739008042896,SHIBOR_1W+利差调整,2.5227690080428955,1.6524648413762288,0,水平代理；不能复现原偏离度,False
2015-07-02,2.8587390080428956,SHIBOR_1W+利差调整,2.5227690080428955,1.6524648413762288,0,水平代理；不能复现原偏离度,False
2015-07-03,2.9487390080428955,SHIBOR_1W+利差调整,2.5167523413762294,1.6525726747095622,0,水平代理；不能复现原偏离度,False
2015-07-03,2.9487390080428955,SHIBOR_1W+利差调整,2.5167523413762294,1.6525726747095622,0,水平代理；不能复现原偏离度,False
2015-07-06,2.8077390080428954,SHIBOR_1W+利差调整,2.5098856747095626,1.6526805080428957,0,水平代理；不能复现原偏离度,False
2015-07-06,2.8077390080428954,SHIBOR_1W+利差调整,2.5098856747095626,1.6526805080428955,0,水平代理；不能复现原偏离度,False
2015-07-07,2.7563106951871656,SHIBOR_1W+利差调整,2.5034573618538327,1.6523600285204991,0,水平代理；不能复现原偏离度,False
2015-07-07,2.7563106951871656,SHIBOR_1W+利差调整,2.5034573618538327,1.6523600285204991,0,水平代理；不能复现原偏离度,False
2015-07-08,2.7357390080428954,SHIBOR_1W+利差调整,2.497885674709562,1.652896174709562,0,水平代理；不能复现原偏离度,False
2015-07-08,2.7357390080428954,SHIBOR_1W+利差调整,2.497885674709562,1.652896174709562,0,水平代理；不能复现原偏离度,False
2015-07-09,2.7250045576407507,SHIBOR_1W+利差调整,2.492451224307417,1.6532695576407508,0,水平代理；不能复现原偏离度,False
2015-07-09,2.7250045576407507,SHIBOR_1W+利差调整,2.492451224307417,1.6532695576407508,0,水平代理；不能复现原偏离度,False
2015-07-10,2.721310695187166,SHIBOR_1W+利差调整,2.486674028520499,1.6526800285204992,0,水平代理；不能复现原偏离度,False
2015-07-10,2.721310695187166,SHIBOR_1W+利差调整,2.486674028520499,1.6526800285204992,0,水平代理；不能复现原偏离度,False
2015-07-13,2.699481124497992,SHIBOR_1W+利差调整,2.4813277911646585,1.6529547911646587,0,水平代理；不能复现原偏离度,False
2015-07-13,2.699481124497992,SHIBOR_1W+利差调整,2.4813277911646585,1.6529547911646587,0,水平代理；不能复现原偏离度,False
2015-07-14,2.702310695187166,SHIBOR_1W+利差调整,2.475874028520499,1.652888695187166,0,水平代理；不能复现原偏离度,False
2015-07-14,2.702310695187166,SHIBOR_1W+利差调整,2.475874028520499,1.652888695187166,0,水平代理；不能复现原偏离度,False
2015-07-15,2.6963106951871656,SHIBOR_1W+利差调整,2.4728406951871658,1.6529930285204992,0,水平代理；不能复现原偏离度,False
2015-07-15,2.6963106951871656,SHIBOR_1W+利差调整,2.4728406951871658,1.6529930285204992,0,水平代理；不能复现原偏离度,False
2015-07-16,2.6277390080428957,SHIBOR_1W+利差调整,2.4709523413762287,1.653525674709562,0,水平代理；不能复现原偏离度,False
2015-07-16,2.6277390080428953,SHIBOR_1W+利差调整,2.4709523413762287,1.6535256747095621,0,水平代理；不能复现原偏离度,False
2015-07-17,2.6107390080428954,SHIBOR_1W+利差调整,2.469235674709562,1.6536300080428954,0,水平代理；不能复现原偏离度,False
2015-07-17,2.6107390080428954,SHIBOR_1W+利差调整,2.469235674709562,1.6536300080428954,0,水平代理；不能复现原偏离度,False
2015-07-20,2.5957390080428957,SHIBOR_1W+利差调整,2.467935674709562,1.6537343413762289,0,水平代理；不能复现原偏离度,False
2015-07-20,2.5957390080428953,SHIBOR_1W+利差调整,2.467935674709562,1.6537343413762287,0,水平代理；不能复现原偏离度,False
2015-07-21,2.604739008042896,SHIBOR_1W+利差调整,2.4674356747095625,1.653838674709562,0,水平代理；不能复现原偏离度,False
2015-07-21,2.6047390080428956,SHIBOR_1W+利差调整,2.4674356747095625,1.653838674709562,0,水平代理；不能复现原偏离度,False
2015-07-22,2.624739008042896,SHIBOR_1W+利差调整,2.4678856747095623,1.6539430080428954,0,水平代理；不能复现原偏离度,False
2015-07-22,2.6247390080428956,SHIBOR_1W+利差调整,2.4678856747095623,1.6539430080428954,0,水平代理；不能复现原偏离度,False
2015-07-23,2.6867390080428954,SHIBOR_1W+利差调整,2.469585674709562,1.6540473413762289,0,水平代理；不能复现原偏离度,False
2015-07-23,2.6867390080428954,SHIBOR_1W+利差调整,2.469585674709562,1.6540473413762287,0,水平代理；不能复现原偏离度,False
2015-07-24,2.705739008042896,SHIBOR_1W+利差调整,2.4715856747095626,1.654065674709562,0,水平代理；不能复现原偏离度,False
2015-07-24,2.7057390080428956,SHIBOR_1W+利差调整,2.4715856747095626,1.6540656747095621,0,水平代理；不能复现原偏离度,False
2015-07-27,2.705310695187166,SHIBOR_1W+利差调整,2.4733073618538324,1.6536556951871657,0,水平代理；不能复现原偏离度,False
2015-07-27,2.705310695187166,SHIBOR_1W+利差调整,2.4733073618538324,1.6536556951871657,0,水平代理；不能复现原偏离度,False
2015-07-28,2.6987390080428955,SHIBOR_1W+利差调整,2.4764356747095624,1.6541023413762288,0,水平代理；不能复现原偏离度,False
2015-07-28,2.6987390080428955,SHIBOR_1W+利差调整,2.4764356747095624,1.6541023413762288,0,水平代理；不能复现原偏离度,False
2015-07-29,2.6603106951871656,SHIBOR_1W+利差调整,2.478440695187166,1.6536923618538324,0,水平代理；不能复现原偏离度,False
2015-07-29,2.6603106951871656,SHIBOR_1W+利差调整,2.478440695187166,1.6536923618538324,0,水平代理；不能复现原偏离度,False
2015-07-30,2.6490045576407506,SHIBOR_1W+利差调整,2.4813512243074176,1.654404557640751,0,水平代理；不能复现原偏离度,False
2015-07-30,2.6490045576407506,SHIBOR_1W+利差调整,2.4813512243074176,1.654404557640751,0,水平代理；不能复现原偏离度,False
2015-07-31,2.655739008042896,SHIBOR_1W+利差调整,2.483652341376229,1.654157341376229,0,水平代理；不能复现原偏离度,False
2015-07-31,2.655739008042896,SHIBOR_1W+利差调整,2.483652341376229,1.654157341376229,0,水平代理；不能复现原偏离度,False
2015-08-03,2.6417390080428955,SHIBOR_1W+利差调整,2.4863356747095624,1.6541756747095622,0,水平代理；不能复现原偏离度,False
2015-08-03,2.6417390080428955,SHIBOR_1W+利差调整,2.4863356747095624,1.6541756747095622,0,水平代理；不能复现原偏离度,False
2015-08-04,2.629481124497992,SHIBOR_1W+利差调整,2.490044457831325,1.653936124497992,0,水平代理；不能复现原偏离度,False
2015-08-04,2.629481124497992,SHIBOR_1W+利差调整,2.490044457831325,1.653936124497992,0,水平代理；不能复现原偏离度,False
2015-08-05,2.6177390080428955,SHIBOR_1W+利差调整,2.494869008042896,1.6542123413762289,0,水平代理；不能复现原偏离度,False
2015-08-05,2.6177390080428955,SHIBOR_1W+利差调整,2.494869008042896,1.6542123413762289,0,水平代理；不能复现原偏离度,False
2015-08-06,2.5953106951871656,SHIBOR_1W+利差调整,2.499440695187166,1.6538023618538324,0,水平代理；不能复现原偏离度,False
2015-08-06,2.5953106951871656,SHIBOR_1W+利差调整,2.499440695187166,1.6538023618538324,0,水平代理；不能复现原偏离度,False
2015-08-07,2.5993106951871656,SHIBOR_1W+利差调整,2.506057361853833,1.6539380285204992,0,水平代理；不能复现原偏离度,False
2015-08-07,2.5993106951871656,SHIBOR_1W+利差调整,2.506057361853833,1.6539380285204992,0,水平代理；不能复现原偏离度,False
2015-08-10,2.6017390080428955,SHIBOR_1W+利差调整,2.514702341376229,1.6545020080428956,0,水平代理；不能复现原偏离度,False
2015-08-10,2.6017390080428955,SHIBOR_1W+利差调整,2.514702341376229,1.6545020080428956,0,水平代理；不能复现原偏离度,False
2015-08-11,2.609310695187166,SHIBOR_1W+利差调整,2.523324028520499,1.6542093618538325,0,水平代理；不能复现原偏离度,False
2015-08-11,2.609310695187166,SHIBOR_1W+利差调整,2.523324028520499,1.6542093618538325,0,水平代理；不能复现原偏离度,False
2015-08-12,2.6187390080428954,SHIBOR_1W+利差调整,2.5328690080428955,1.654773341376229,0,水平代理；不能复现原偏离度,False
2015-08-12,2.6187390080428954,SHIBOR_1W+利差调整,2.5328690080428955,1.654773341376229,0,水平代理；不能复现原偏离度,False
2015-08-13,2.6277390080428957,SHIBOR_1W+利差调整,2.542019008042895,1.6549090080428956,0,水平代理；不能复现原偏离度,False
2015-08-13,2.6277390080428953,SHIBOR_1W+利差调整,2.542019008042895,1.6549090080428956,0,水平代理；不能复现原偏离度,False
2015-08-14,2.6417390080428955,SHIBOR_1W+利差调整,2.551202341376229,1.6550446747095622,0,水平代理；不能复现原偏离度,False
2015-08-14,2.6417390080428955,SHIBOR_1W+利差调整,2.551202341376229,1.6550446747095622,0,水平代理；不能复现原偏离度,False
2015-08-17,2.6633106951871657,SHIBOR_1W+利差调整,2.5599573618538325,1.6547520285204993,0,水平代理；不能复现原偏离度,False
2015-08-17,2.6633106951871657,SHIBOR_1W+利差调整,2.5599573618538325,1.6547520285204993,0,水平代理；不能复现原偏离度,False
2015-08-18,2.677739008042896,SHIBOR_1W+利差调整,2.569769008042896,1.6553160080428957,0,水平代理；不能复现原偏离度,False
2015-08-18,2.6777390080428956,SHIBOR_1W+利差调整,2.5697690080428957,1.6553160080428955,0,水平代理；不能复现原偏离度,False
2015-08-19,2.6923106951871656,SHIBOR_1W+利差调整,2.578960695187165,1.6550233618538326,0,水平代理；不能复现原偏离度,False
2015-08-19,2.6923106951871656,SHIBOR_1W+利差调整,2.578960695187165,1.6550233618538326,0,水平代理；不能复现原偏离度,False
2015-08-20,2.732739008042896,SHIBOR_1W+利差调整,2.5897056747095624,1.6555873413762288,0,水平代理；不能复现原偏离度,False
2015-08-20,2.732739008042896,SHIBOR_1W+利差调整,2.5897056747095624,1.6555873413762288,0,水平代理；不能复现原偏离度,False
2015-08-21,2.746004557640751,SHIBOR_1W+利差调整,2.6007545576407507,1.655883390974084,0,水平代理；不能复现原偏离度,False
2015-08-21,2.746004557640751,SHIBOR_1W+利差调整,2.6007545576407507,1.655883390974084,0,水平代理；不能复现原偏离度,False
2015-08-24,2.7437390080428954,SHIBOR_1W+利差调整,2.610905674709562,1.6556483413762288,0,水平代理；不能复现原偏离度,False
2015-08-24,2.7437390080428954,SHIBOR_1W+利差调整,2.610905674709562,1.6556483413762288,0,水平代理；不能复现原偏离度,False
2015-08-25,2.7397390080428954,SHIBOR_1W+利差调整,2.621405674709562,1.655678841376229,0,水平代理；不能复现原偏离度,False
2015-08-25,2.7397390080428954,SHIBOR_1W+利差调整,2.621405674709562,1.6556788413762287,0,水平代理；不能复现原偏离度,False
2015-08-26,2.5757390080428952,SHIBOR_1W+利差调整,2.628939008042896,1.6557093413762287,0,水平代理；不能复现原偏离度,False
2015-08-26,2.5757390080428952,SHIBOR_1W+利差调整,2.628939008042896,1.6557093413762287,0,水平代理；不能复现原偏离度,False
2015-08-27,2.5447390080428955,SHIBOR_1W+利差调整,2.634622341376229,1.6557398413762288,0,水平代理；不能复现原偏离度,False
2015-08-27,2.5447390080428955,SHIBOR_1W+利差调整,2.634622341376229,1.6557398413762288,0,水平代理；不能复现原偏离度,False
2015-08-28,2.538739008042896,SHIBOR_1W+利差调整,2.6391223413762286,1.6557703413762288,0,水平代理；不能复现原偏离度,False
2015-08-28,2.538739008042896,SHIBOR_1W+利差调整,2.6391223413762286,1.6557703413762288,0,水平代理；不能复现原偏离度,False
2015-08-31,2.544310695187166,SHIBOR_1W+利差调整,2.644160695187165,1.6553725285204992,0,水平代理；不能复现原偏离度,False
2015-08-31,2.544310695187166,SHIBOR_1W+利差调整,2.644160695187165,1.6553725285204992,0,水平代理；不能复现原偏离度,False
2015-09-01,2.556739008042896,SHIBOR_1W+利差调整,2.650705674709562,1.655831341376229,0,水平代理；不能复现原偏离度,False
2015-09-01,2.5567390080428956,SHIBOR_1W+利差调整,2.650705674709562,1.6558313413762287,0,水平代理；不能复现原偏离度,False
2015-09-02,2.5677390080428952,SHIBOR_1W+利差调整,2.656905674709562,1.6558618413762287,0,水平代理；不能复现原偏离度,False
2015-09-02,2.5677390080428952,SHIBOR_1W+利差调整,2.656905674709562,1.6558618413762287,0,水平代理；不能复现原偏离度,False
2015-09-06,2.556310695187166,SHIBOR_1W+利差调整,2.662444028520499,1.6554640285204991,0,水平代理；不能复现原偏离度,False
2015-09-06,2.556310695187166,SHIBOR_1W+利差调整,2.662444028520499,1.6554640285204991,0,水平代理；不能复现原偏离度,False
2015-09-07,2.556739008042896,SHIBOR_1W+利差调整,2.668655674709562,1.655954174709562,0,水平代理；不能复现原偏离度,False
2015-09-07,2.5567390080428956,SHIBOR_1W+利差调整,2.668655674709562,1.655954174709562,0,水平代理；不能复现原偏离度,False
2015-09-08,2.5487390080428955,SHIBOR_1W+利差调整,2.6739390080428955,1.6560160080428954,0,水平代理；不能复现原偏离度,False
2015-09-08,2.5487390080428955,SHIBOR_1W+利差调整,2.6739390080428955,1.6560160080428954,0,水平代理；不能复现原偏离度,False
2015-09-09,2.5447390080428955,SHIBOR_1W+利差调整,2.6787390080428954,1.6560778413762287,0,水平代理；不能复现原偏离度,False
2015-09-09,2.5447390080428955,SHIBOR_1W+利差调整,2.6787390080428954,1.6560778413762287,0,水平代理；不能复现原偏离度,False
2015-09-10,2.546739008042896,SHIBOR_1W+利差调整,2.683022341376229,1.656139674709562,0,水平代理；不能复现原偏离度,False
2015-09-10,2.546739008042896,SHIBOR_1W+利差调整,2.683022341376229,1.656139674709562,0,水平代理；不能复现原偏离度,False
2015-09-11,2.550004557640751,SHIBOR_1W+利差调整,2.686037890974084,1.6564670576407503,0,水平代理；不能复现原偏离度,False
2015-09-11,2.550004557640751,SHIBOR_1W+利差调整,2.686037890974084,1.6564670576407503,0,水平代理；不能复现原偏离度,False
2015-09-14,2.5407390080428955,SHIBOR_1W+利差调整,2.684372341376229,1.6562633413762289,0,水平代理；不能复现原偏离度,False
2015-09-14,2.5407390080428955,SHIBOR_1W+利差调整,2.684372341376229,1.6562633413762287,0,水平代理；不能复现原偏离度,False
2015-09-15,2.5387390080428958,SHIBOR_1W+利差调整,2.679672341376229,1.656325174709562,0,水平代理；不能复现原偏离度,False
2015-09-15,2.5387390080428953,SHIBOR_1W+利差调整,2.679672341376229,1.656325174709562,0,水平代理；不能复现原偏离度,False
2015-09-16,2.538004557640751,SHIBOR_1W+利差调整,2.675204557640752,1.6566525576407505,0,水平代理；不能复现原偏离度,False
2015-09-16,2.538004557640751,SHIBOR_1W+利差调整,2.675204557640752,1.6566525576407505,0,水平代理；不能复现原偏离度,False
2015-09-17,2.5377390080428954,SHIBOR_1W+利差调整,2.667989008042895,1.6564488413762286,0,水平代理；不能复现原偏离度,False
2015-09-17,2.5377390080428954,SHIBOR_1W+利差调整,2.667989008042895,1.6564488413762286,0,水平代理；不能复现原偏离度,False
2015-09-18,2.5367390080428955,SHIBOR_1W+利差调整,2.6597556747095625,1.656510674709562,0,水平代理；不能复现原偏离度,False
2015-09-18,2.5367390080428955,SHIBOR_1W+利差调整,2.6597556747095625,1.656510674709562,0,水平代理；不能复现原偏离度,False
2015-09-21,2.5377390080428954,SHIBOR_1W+利差调整,2.6509223413762286,1.6565245080428952,0,水平代理；不能复现原偏离度,False
2015-09-21,2.5377390080428954,SHIBOR_1W+利差调整,2.6509223413762286,1.6565245080428952,0,水平代理；不能复现原偏离度,False
2015-09-22,2.543739008042895,SHIBOR_1W+利差调整,2.6435390080428958,1.656538341376229,0,水平代理；不能复现原偏离度,False
2015-09-22,2.543739008042895,SHIBOR_1W+利差调整,2.6435390080428953,1.6565383413762287,0,水平代理；不能复现原偏离度,False
2015-09-23,2.547739008042895,SHIBOR_1W+利差调整,2.639355674709562,1.656552174709562,0,水平代理；不能复现原偏离度,False
2015-09-23,2.547739008042895,SHIBOR_1W+利差调整,2.639355674709562,1.656552174709562,0,水平代理；不能复现原偏离度,False
2015-09-24,2.6267390080428954,SHIBOR_1W+利差调整,2.637322341376229,1.6565660080428952,0,水平代理；不能复现原偏离度,False
2015-09-24,2.6267390080428954,SHIBOR_1W+利差调整,2.637322341376229,1.6565660080428952,0,水平代理；不能复现原偏离度,False
2015-09-25,2.5937390080428955,SHIBOR_1W+利差调整,2.632905674709562,1.6565798413762285,0,水平代理；不能复现原偏离度,False
2015-09-25,2.5937390080428955,SHIBOR_1W+利差调整,2.632905674709562,1.6565798413762285,0,水平代理；不能复现原偏离度,False
2015-09-28,2.5777390080428955,SHIBOR_1W+利差调整,2.6267223413762286,1.656593674709562,0,水平代理；不能复现原偏离度,False
2015-09-28,2.5777390080428955,SHIBOR_1W+利差调整,2.6267223413762286,1.656593674709562,0,水平代理；不能复现原偏离度,False
2015-09-29,2.5657390080428955,SHIBOR_1W+利差调整,2.6226890080428955,1.6566075080428952,0,水平代理；不能复现原偏离度,False
2015-09-29,2.5657390080428955,SHIBOR_1W+利差调整,2.6226890080428955,1.6566075080428952,0,水平代理；不能复现原偏离度,False
2015-09-30,2.554739008042896,SHIBOR_1W+利差调整,2.6193223413762285,1.6566213413762283,0,水平代理；不能复现原偏离度,False
2015-09-30,2.554739008042896,SHIBOR_1W+利差调整,2.6193223413762285,1.6566213413762283,0,水平代理；不能复现原偏离度,False
2015-10-08,2.5467390080428958,SHIBOR_1W+利差调整,2.616172341376229,1.656635174709562,0,水平代理；不能复现原偏离度,False
2015-10-08,2.5467390080428953,SHIBOR_1W+利差调整,2.616172341376229,1.656635174709562,0,水平代理；不能复现原偏离度,False
2015-10-09,2.5467390080428958,SHIBOR_1W+利差调整,2.613205674709562,1.6566490080428953,0,水平代理；不能复现原偏离度,False
2015-10-09,2.5467390080428953,SHIBOR_1W+利差调整,2.613205674709562,1.6566490080428953,0,水平代理；不能复现原偏离度,False
2015-10-10,2.547739008042895,SHIBOR_1W+利差调整,2.6103056747095623,1.6567110080428953,0,水平代理；不能复现原偏离度,False
2015-10-10,2.547739008042895,SHIBOR_1W+利差调整,2.6103056747095623,1.6567110080428953,0,水平代理；不能复现原偏离度,False
2015-10-12,2.543739008042895,SHIBOR_1W+利差调整,2.6077056747095626,1.6567730080428953,0,水平代理；不能复现原偏离度,False
2015-10-12,2.543739008042895,SHIBOR_1W+利差调整,2.6077056747095626,1.6567730080428953,0,水平代理；不能复现原偏离度,False
2015-10-13,2.543739008042895,SHIBOR_1W+利差调整,2.605055674709562,1.6568350080428953,0,水平代理；不能复现原偏离度,False
2015-10-13,2.543739008042895,SHIBOR_1W+利差调整,2.605055674709562,1.6568350080428953,0,水平代理；不能复现原偏离度,False
2015-10-14,2.543739008042895,SHIBOR_1W+利差调整,2.6025056747095623,1.6568970080428953,0,水平代理；不能复现原偏离度,False
2015-10-14,2.543739008042895,SHIBOR_1W+利差调整,2.6025056747095623,1.6568970080428953,0,水平代理；不能复现原偏离度,False
2015-10-15,2.543739008042895,SHIBOR_1W+利差调整,2.601105674709562,1.6569590080428953,0,水平代理；不能复现原偏离度,False
2015-10-15,2.543739008042895,SHIBOR_1W+利差调整,2.601105674709562,1.6569590080428953,0,水平代理；不能复现原偏离度,False
2015-10-16,2.5407390080428955,SHIBOR_1W+利差调整,2.599939008042896,1.657021008042895,0,水平代理；不能复现原偏离度,False
2015-10-16,2.5407390080428955,SHIBOR_1W+利差调整,2.5999390080428957,1.6570210080428953,0,水平代理；不能复现原偏离度,False
2015-10-19,2.5417390080428954,SHIBOR_1W+利差调整,2.599039008042896,1.657083008042895,0,水平代理；不能复现原偏离度,False
2015-10-19,2.5417390080428954,SHIBOR_1W+利差调整,2.5990390080428956,1.6570830080428953,0,水平代理；不能复现原偏离度,False
2015-10-20,2.5407390080428955,SHIBOR_1W+利差调整,2.597972341376229,1.657145008042895,0,水平代理；不能复现原偏离度,False
2015-10-20,2.5407390080428955,SHIBOR_1W+利差调整,2.5979723413762286,1.6571450080428953,0,水平代理；不能复现原偏离度,False
2015-10-21,2.5407390080428955,SHIBOR_1W+利差调整,2.5965723413762287,1.6572070080428951,0,水平代理；不能复现原偏离度,False
2015-10-21,2.5407390080428955,SHIBOR_1W+利差调整,2.5965723413762287,1.6572070080428953,0,水平代理；不能复现原偏离度,False
2015-10-22,2.5427390080428958,SHIBOR_1W+利差调整,2.594172341376229,1.6572690080428951,0,水平代理；不能复现原偏离度,False
2015-10-22,2.5427390080428953,SHIBOR_1W+利差调整,2.594172341376229,1.6572690080428953,0,水平代理；不能复现原偏离度,False
2015-10-23,2.547739008042895,SHIBOR_1W+利差调整,2.5915390080428957,1.6574678413762287,0,水平代理；不能复现原偏离度,False
2015-10-23,2.547739008042895,SHIBOR_1W+利差调整,2.5915390080428953,1.6574678413762287,0,水平代理；不能复现原偏离度,False
2015-10-26,2.4847390080428955,SHIBOR_1W+利差调整,2.587855674709562,1.657666674709562,0,水平代理；不能复现原偏离度,False
2015-10-26,2.4847390080428955,SHIBOR_1W+利差调整,2.587855674709562,1.657666674709562,0,水平代理；不能复现原偏离度,False
2015-10-27,2.443739008042896,SHIBOR_1W+利差调整,2.583605674709562,1.6578655080428957,0,水平代理；不能复现原偏离度,False
2015-10-27,2.4437390080428956,SHIBOR_1W+利差调整,2.583605674709562,1.6578655080428955,0,水平代理；不能复现原偏离度,False
2015-10-28,2.4387390080428952,SHIBOR_1W+利差调整,2.579905674709562,1.6580643413762288,0,水平代理；不能复现原偏离度,False
2015-10-28,2.4387390080428952,SHIBOR_1W+利差调整,2.579905674709562,1.6580643413762288,0,水平代理；不能复现原偏离度,False
2015-10-29,2.437739008042896,SHIBOR_1W+利差调整,2.576389008042895,1.6582631747095622,0,水平代理；不能复现原偏离度,False
2015-10-29,2.4377390080428953,SHIBOR_1W+利差调整,2.576389008042895,1.6582631747095622,0,水平代理；不能复现原偏离度,False
2015-10-30,2.437739008042896,SHIBOR_1W+利差调整,2.572755674709562,1.6584620080428956,0,水平代理；不能复现原偏离度,False
2015-10-30,2.4377390080428953,SHIBOR_1W+利差调整,2.572755674709562,1.6584620080428956,0,水平代理；不能复现原偏离度,False
2015-11-02,2.437739008042896,SHIBOR_1W+利差调整,2.569355674709562,1.6586608413762287,0,水平代理；不能复现原偏离度,False
2015-11-02,2.4377390080428953,SHIBOR_1W+利差调整,2.569355674709562,1.6586608413762287,0,水平代理；不能复现原偏离度,False
2015-11-03,2.4367390080428954,SHIBOR_1W+利差调整,2.5661390080428954,1.658859674709562,0,水平代理；不能复现原偏离度,False
2015-11-03,2.4367390080428954,SHIBOR_1W+利差调整,2.5661390080428954,1.658859674709562,0,水平代理；不能复现原偏离度,False
2015-11-04,2.439739008042896,SHIBOR_1W+利差调整,2.563172341376229,1.6590585080428957,0,水平代理；不能复现原偏离度,False
2015-11-04,2.4397390080428956,SHIBOR_1W+利差调整,2.563172341376229,1.6590585080428955,0,水平代理；不能复现原偏离度,False
2015-11-05,2.4347390080428952,SHIBOR_1W+利差调整,2.560489008042896,1.6592573413762288,0,水平代理；不能复现原偏离度,False
2015-11-05,2.4347390080428952,SHIBOR_1W+利差调整,2.560489008042896,1.6592573413762288,0,水平代理；不能复现原偏离度,False
2015-11-06,2.431739008042896,SHIBOR_1W+利差调整,2.557689008042896,1.6593288413762288,0,水平代理；不能复现原偏离度,False
2015-11-06,2.4317390080428956,SHIBOR_1W+利差调整,2.5576890080428956,1.6593288413762288,0,水平代理；不能复现原偏离度,False
2015-11-09,2.431739008042896,SHIBOR_1W+利差调整,2.5548556747095623,1.6594003413762288,0,水平代理；不能复现原偏离度,False
2015-11-09,2.4317390080428956,SHIBOR_1W+利差调整,2.5548556747095623,1.6594003413762288,0,水平代理；不能复现原偏离度,False
2015-11-10,2.426739008042895,SHIBOR_1W+利差调整,2.551805674709562,1.6594718413762288,0,水平代理；不能复现原偏离度,False
2015-11-10,2.426739008042895,SHIBOR_1W+利差调整,2.551805674709562,1.6594718413762288,0,水平代理；不能复现原偏离度,False
2015-11-11,2.4257390080428958,SHIBOR_1W+利差调整,2.5485890080428955,1.6595433413762288,0,水平代理；不能复现原偏离度,False
2015-11-11,2.4257390080428953,SHIBOR_1W+利差调整,2.5485890080428955,1.6595433413762288,0,水平代理；不能复现原偏离度,False
2015-11-12,2.4257390080428958,SHIBOR_1W+利差调整,2.545222341376229,1.6596148413762288,0,水平代理；不能复现原偏离度,False
2015-11-12,2.4257390080428953,SHIBOR_1W+利差调整,2.545222341376229,1.6596148413762288,0,水平代理；不能复现原偏离度,False
2015-11-13,2.4247390080428954,SHIBOR_1W+利差调整,2.541605674709562,1.6596863413762288,0,水平代理；不能复现原偏离度,False
2015-11-13,2.4247390080428954,SHIBOR_1W+利差调整,2.541605674709562,1.6596863413762288,0,水平代理；不能复现原偏离度,False
2015-11-16,2.4257390080428958,SHIBOR_1W+利差调整,2.537639008042895,1.6597578413762288,0,水平代理；不能复现原偏离度,False
2015-11-16,2.4257390080428953,SHIBOR_1W+利差调整,2.537639008042895,1.6597578413762288,0,水平代理；不能复现原偏离度,False
2015-11-17,2.424310695187166,SHIBOR_1W+利差调整,2.532994028520499,1.6594010285204992,0,水平代理；不能复现原偏离度,False
2015-11-17,2.424310695187166,SHIBOR_1W+利差调整,2.532994028520499,1.6594010285204992,0,水平代理；不能复现原偏离度,False
2015-11-18,2.4253106951871657,SHIBOR_1W+利差调整,2.528544028520499,1.6594725285204992,0,水平代理；不能复现原偏离度,False
2015-11-18,2.4253106951871657,SHIBOR_1W+利差调整,2.528544028520499,1.6594725285204992,0,水平代理；不能复现原偏离度,False
2015-11-19,2.4263106951871656,SHIBOR_1W+利差调整,2.5234440285205,1.6595440285204992,0,水平代理；不能复现原偏离度,False
2015-11-19,2.4263106951871656,SHIBOR_1W+利差调整,2.5234440285205,1.6595440285204992,0,水平代理；不能复现原偏离度,False
2015-11-20,2.4287390080428954,SHIBOR_1W+利差调整,2.518589008042896,1.6600215080428955,0,水平代理；不能复现原偏离度,False
2015-11-20,2.4287390080428954,SHIBOR_1W+利差调整,2.518589008042896,1.6600215080428955,0,水平代理；不能复现原偏离度,False
2015-11-23,2.429739008042896,SHIBOR_1W+利差调整,2.5133556747095627,1.6600706747095622,0,水平代理；不能复现原偏离度,False
2015-11-23,2.429739008042896,SHIBOR_1W+利差调整,2.5133556747095627,1.6600706747095622,0,水平代理；不能复现原偏离度,False
2015-11-24,2.432004557640751,SHIBOR_1W+利差调整,2.508487890974084,1.660385390974084,0,水平代理；不能复现原偏离度,False
2015-11-24,2.432004557640751,SHIBOR_1W+利差调整,2.508487890974084,1.660385390974084,0,水平代理；不能复现原偏离度,False
2015-11-25,2.4327390080428954,SHIBOR_1W+利差调整,2.505839008042896,1.6601690080428957,0,水平代理；不能复现原偏离度,False
2015-11-25,2.4327390080428954,SHIBOR_1W+利差调整,2.505839008042896,1.6601690080428957,0,水平代理；不能复现原偏离度,False
2015-11-26,2.435739008042896,SHIBOR_1W+利差调整,2.5040223413762286,1.660218174709562,0,水平代理；不能复现原偏离度,False
2015-11-26,2.435739008042896,SHIBOR_1W+利差调整,2.5040223413762286,1.660218174709562,0,水平代理；不能复现原偏离度,False
2015-11-27,2.439739008042896,SHIBOR_1W+利差调整,2.502372341376229,1.6602673413762286,0,水平代理；不能复现原偏离度,False
2015-11-27,2.439739008042896,SHIBOR_1W+利差调整,2.502372341376229,1.6602673413762286,0,水平代理；不能复现原偏离度,False
2015-11-30,2.445739008042896,SHIBOR_1W+利差调整,2.5007223413762287,1.6603165080428952,0,水平代理；不能复现原偏离度,False
2015-11-30,2.445739008042896,SHIBOR_1W+利差调整,2.5007223413762287,1.6603165080428952,0,水平代理；不能复现原偏离度,False
2015-12-01,2.440310695187166,SHIBOR_1W+利差调整,2.498360695187165,1.6599373618538324,0,水平代理；不能复现原偏离度,False
2015-12-01,2.440310695187166,SHIBOR_1W+利差调整,2.498360695187165,1.6599373618538324,0,水平代理；不能复现原偏离度,False
2015-12-02,2.439481124497992,SHIBOR_1W+利差调整,2.496397791164659,1.6601569578313256,0,水平代理；不能复现原偏离度,False
2015-12-02,2.439481124497992,SHIBOR_1W+利差调整,2.496397791164659,1.6601569578313256,0,水平代理；不能复现原偏离度,False
2015-12-03,2.43900455764075,SHIBOR_1W+利差调整,2.494954557640751,1.6607295576407506,0,水平代理；不能复现原偏离度,False
2015-12-03,2.43900455764075,SHIBOR_1W+利差调整,2.494954557640751,1.6607295576407506,0,水平代理；不能复现原偏离度,False
2015-12-04,2.440004557640751,SHIBOR_1W+利差调整,2.493004557640751,1.6607990576407503,0,水平代理；不能复现原偏离度,False
2015-12-04,2.440004557640751,SHIBOR_1W+利差调整,2.493004557640751,1.6607990576407503,0,水平代理；不能复现原偏离度,False
2015-12-07,2.437739008042896,SHIBOR_1W+利差调整,2.490889008042895,1.6606030080428953,0,水平代理；不能复现原偏离度,False
2015-12-07,2.437739008042896,SHIBOR_1W+利差调整,2.490889008042895,1.6606030080428953,0,水平代理；不能复现原偏离度,False
2015-12-08,2.4383106951871656,SHIBOR_1W+利差调整,2.488694028520499,1.6602441951871658,0,水平代理；不能复现原偏离度,False
2015-12-08,2.4383106951871656,SHIBOR_1W+利差调整,2.488694028520499,1.6602441951871658,0,水平代理；不能复现原偏离度,False
2015-12-09,2.4407390080428955,SHIBOR_1W+利差调整,2.487355674709562,1.6607420080428952,0,水平代理；不能复现原偏离度,False
2015-12-09,2.4407390080428955,SHIBOR_1W+利差调整,2.487355674709562,1.6607420080428952,0,水平代理；不能复现原偏离度,False
2015-12-10,2.444004557640751,SHIBOR_1W+利差调整,2.4858545576407507,1.6610770576407503,0,水平代理；不能复现原偏离度,False
2015-12-10,2.444004557640751,SHIBOR_1W+利差调整,2.4858545576407507,1.6610770576407503,0,水平代理；不能复现原偏离度,False
2015-12-11,2.4487390080428955,SHIBOR_1W+利差调整,2.484055674709562,1.6608810080428953,0,水平代理；不能复现原偏离度,False
2015-12-11,2.4487390080428955,SHIBOR_1W+利差调整,2.484055674709562,1.6608810080428953,0,水平代理；不能复现原偏离度,False
2015-12-14,2.4500045576407508,SHIBOR_1W+利差调整,2.482837890974084,1.6612160576407504,0,水平代理；不能复现原偏离度,False
2015-12-14,2.4500045576407508,SHIBOR_1W+利差调整,2.482837890974084,1.6612160576407504,0,水平代理；不能复现原偏离度,False
2015-12-15,2.4453106951871657,SHIBOR_1W+利差调整,2.480610695187166,1.6605916951871658,0,水平代理；不能复现原偏离度,False
2015-12-15,2.4453106951871657,SHIBOR_1W+利差调整,2.480610695187166,1.6605916951871658,0,水平代理；不能复现原偏离度,False
2015-12-16,2.448004557640751,SHIBOR_1W+利差调整,2.4798045576407506,1.6613550576407503,0,水平代理；不能复现原偏离度,False
2015-12-16,2.448004557640751,SHIBOR_1W+利差调整,2.4798045576407506,1.6613550576407503,0,水平代理；不能复现原偏离度,False
2015-12-17,2.445481124497992,SHIBOR_1W+利差调整,2.4777644578313254,1.660901124497992,0,水平代理；不能复现原偏离度,False
2015-12-17,2.445481124497992,SHIBOR_1W+利差调整,2.4777644578313254,1.660901124497992,0,水平代理；不能复现原偏离度,False
2015-12-18,2.4647390080428955,SHIBOR_1W+利差调整,2.476805674709562,1.6612125080428952,0,水平代理；不能复现原偏离度,False
2015-12-18,2.4647390080428955,SHIBOR_1W+利差调整,2.476805674709562,1.6612125080428952,0,水平代理；不能复现原偏离度,False
2015-12-21,2.4807390080428955,SHIBOR_1W+利差调整,2.475755674709562,1.6612660080428954,0,水平代理；不能复现原偏离度,False
2015-12-21,2.4807390080428955,SHIBOR_1W+利差调整,2.475755674709562,1.6612660080428954,0,水平代理；不能复现原偏离度,False
2015-12-22,2.488481124497992,SHIBOR_1W+利差调整,2.4745144578313254,1.661061624497992,0,水平代理；不能复现原偏离度,False
2015-12-22,2.488481124497992,SHIBOR_1W+利差调整,2.4745144578313254,1.661061624497992,0,水平代理；不能复现原偏离度,False
2015-12-23,2.4943106951871656,SHIBOR_1W+利差调整,2.472144028520499,1.6609446951871658,0,水平代理；不能复现原偏离度,False
2015-12-23,2.4943106951871656,SHIBOR_1W+利差调整,2.472144028520499,1.6609446951871658,0,水平代理；不能复现原偏离度,False
2015-12-24,2.4943106951871656,SHIBOR_1W+利差调整,2.470494028520499,1.6609981951871655,0,水平代理；不能复现原偏离度,False
2015-12-24,2.4943106951871656,SHIBOR_1W+利差调整,2.470494028520499,1.6609981951871655,0,水平代理；不能复现原偏离度,False
2015-12-25,2.5017390080428954,SHIBOR_1W+利差调整,2.469655674709562,1.6614800080428953,0,水平代理；不能复现原偏离度,False
2015-12-25,2.5017390080428954,SHIBOR_1W+利差调整,2.469655674709562,1.6614800080428953,0,水平代理；不能复现原偏离度,False
2015-12-28,2.5007390080428955,SHIBOR_1W+利差调整,2.4685723413762286,1.6615335080428957,0,水平代理；不能复现原偏离度,False
2015-12-28,2.5007390080428955,SHIBOR_1W+利差调整,2.4685723413762286,1.6615335080428957,0,水平代理；不能复现原偏离度,False
2015-12-29,2.498481124497992,SHIBOR_1W+利差调整,2.467381124497992,1.661329124497992,0,水平代理；不能复现原偏离度,False
2015-12-29,2.498481124497992,SHIBOR_1W+利差调整,2.467381124497992,1.661329124497992,0,水平代理；不能复现原偏离度,False
2015-12-30,2.4983106951871656,SHIBOR_1W+利差调整,2.466410695187166,1.661212195187166,0,水平代理；不能复现原偏离度,False
2015-12-30,2.4983106951871656,SHIBOR_1W+利差调整,2.466410695187166,1.661212195187166,0,水平代理；不能复现原偏离度,False
2015-12-31,2.5017390080428954,SHIBOR_1W+利差调整,2.466089008042895,1.6616940080428957,0,水平代理；不能复现原偏离度,False
2015-12-31,2.5017390080428954,SHIBOR_1W+利差调整,2.466089008042895,1.6616940080428957,0,水平代理；不能复现原偏离度,False
2016-01-04,2.481481124497992,SHIBOR_1W+利差调整,2.464731124497992,1.661499124497992,0,水平代理；不能复现原偏离度,False
2016-01-04,2.481481124497992,SHIBOR_1W+利差调整,2.464731124497992,1.661499124497992,0,水平代理；不能复现原偏离度,False
2016-01-05,2.476310695187166,SHIBOR_1W+利差调整,2.463444028520499,1.661391695187166,0,水平代理；不能复现原偏离度,False
2016-01-05,2.476310695187166,SHIBOR_1W+利差调整,2.463444028520499,1.661391695187166,0,水平代理；不能复现原偏离度,False
2016-01-06,2.468310695187166,SHIBOR_1W+利差调整,2.462194028520499,1.6614546951871658,0,水平代理；不能复现原偏离度,False
2016-01-06,2.468310695187166,SHIBOR_1W+利差调整,2.462194028520499,1.6614546951871658,0,水平代理；不能复现原偏离度,False
2016-01-07,2.459739008042896,SHIBOR_1W+利差调整,2.4612223413762284,1.6619460080428954,0,水平代理；不能复现原偏离度,False
2016-01-07,2.459739008042896,SHIBOR_1W+利差调整,2.4612223413762284,1.6619460080428954,0,水平代理；不能复现原偏离度,False
2016-01-08,2.4547390080428952,SHIBOR_1W+利差调整,2.459739008042896,1.6620090080428953,0,水平代理；不能复现原偏离度,False
2016-01-08,2.4547390080428952,SHIBOR_1W+利差调整,2.459739008042896,1.6620090080428953,0,水平代理；不能复现原偏离度,False
2016-01-11,2.4493106951871657,SHIBOR_1W+利差调整,2.457794028520499,1.6616436951871658,0,水平代理；不能复现原偏离度,False
2016-01-11,2.4493106951871657,SHIBOR_1W+利差调整,2.457794028520499,1.6616436951871658,0,水平代理；不能复现原偏离度,False
2016-01-12,2.4463106951871656,SHIBOR_1W+利差调整,2.4562106951871656,1.661706695187166,0,水平代理；不能复现原偏离度,False
2016-01-12,2.4463106951871656,SHIBOR_1W+利差调整,2.4562106951871656,1.661706695187166,0,水平代理；不能复现原偏离度,False
2016-01-13,2.4463106951871656,SHIBOR_1W+利差调整,2.4546440285205,1.661769695187166,0,水平代理；不能复现原偏离度,False
2016-01-13,2.4463106951871656,SHIBOR_1W+利差调整,2.4546440285205,1.661769695187166,0,水平代理；不能复现原偏离度,False
2016-01-14,2.4463106951871656,SHIBOR_1W+利差调整,2.453077361853832,1.661832695187166,0,水平代理；不能复现原偏离度,False
2016-01-14,2.4463106951871656,SHIBOR_1W+利差调整,2.453077361853832,1.661832695187166,0,水平代理；不能复现原偏离度,False
2016-01-15,2.4493106951871657,SHIBOR_1W+利差调整,2.4515273618538327,1.661895695187166,0,水平代理；不能复现原偏离度,False
2016-01-15,2.4493106951871657,SHIBOR_1W+利差调整,2.4515273618538327,1.661895695187166,0,水平代理；不能复现原偏离度,False
2016-01-18,2.4543106951871656,SHIBOR_1W+利差调整,2.4499773618538323,1.661946861853833,0,水平代理；不能复现原偏离度,False
2016-01-18,2.4543106951871656,SHIBOR_1W+利差调整,2.4499773618538323,1.661946861853833,0,水平代理；不能复现原偏离度,False
2016-01-19,2.4623106951871656,SHIBOR_1W+利差调整,2.449610695187166,1.6619980285204994,0,水平代理；不能复现原偏离度,False
2016-01-19,2.4623106951871656,SHIBOR_1W+利差调整,2.449610695187166,1.6619980285204994,0,水平代理；不能复现原偏离度,False
2016-01-20,2.487310695187166,SHIBOR_1W+利差调整,2.450344028520499,1.662049195187166,0,水平代理；不能复现原偏离度,False
2016-01-20,2.487310695187166,SHIBOR_1W+利差调整,2.450344028520499,1.662049195187166,0,水平代理；不能复现原偏离度,False
2016-01-21,2.551481124497992,SHIBOR_1W+利差调整,2.4523977911646586,1.6622707911646588,0,水平代理；不能复现原偏离度,False
2016-01-21,2.551481124497992,SHIBOR_1W+利差调整,2.4523977911646586,1.6622707911646588,0,水平代理；不能复现原偏离度,False
2016-01-22,2.546739008042896,SHIBOR_1W+利差调整,2.454472341376229,1.6625798413762287,0,水平代理；不能复现原偏离度,False
2016-01-22,2.546739008042896,SHIBOR_1W+利差调整,2.454472341376229,1.6625798413762287,0,水平代理；不能复现原偏离度,False
2016-01-25,2.5227390080428957,SHIBOR_1W+利差调整,2.4558890080428952,1.6626310080428952,0,水平代理；不能复现原偏离度,False
2016-01-25,2.5227390080428953,SHIBOR_1W+利差调整,2.4558890080428952,1.6626310080428952,0,水平代理；不能复现原偏离度,False
2016-01-26,2.5097390080428954,SHIBOR_1W+利差调整,2.4570890080428955,1.662682174709562,0,水平代理；不能复现原偏离度,False
2016-01-26,2.5097390080428954,SHIBOR_1W+利差调整,2.4570890080428955,1.662682174709562,0,水平代理；不能复现原偏离度,False
2016-01-27,2.5057390080428954,SHIBOR_1W+利差调整,2.4582390080428955,1.6627333413762286,0,水平代理；不能复现原偏离度,False
2016-01-27,2.5057390080428954,SHIBOR_1W+利差调整,2.4582390080428955,1.6627333413762286,0,水平代理；不能复现原偏离度,False
2016-01-28,2.5087390080428955,SHIBOR_1W+利差调整,2.4593890080428955,1.6627845080428951,0,水平代理；不能复现原偏离度,False
2016-01-28,2.5087390080428955,SHIBOR_1W+利差调整,2.4593890080428955,1.6627845080428953,0,水平代理；不能复现原偏离度,False
2016-01-29,2.4767390080428955,SHIBOR_1W+利差调整,2.460089008042895,1.662835674709562,0,水平代理；不能复现原偏离度,False
2016-01-29,2.4767390080428955,SHIBOR_1W+利差调整,2.460089008042895,1.662835674709562,0,水平代理；不能复现原偏离度,False
2016-02-01,2.590739008042896,SHIBOR_1W+利差调整,2.4627390080428957,1.662873174709562,0,水平代理；不能复现原偏离度,False
2016-02-01,2.5907390080428954,SHIBOR_1W+利差调整,2.4627390080428953,1.662873174709562,0,水平代理；不能复现原偏离度,False
2016-02-02,2.6017390080428955,SHIBOR_1W+利差调整,2.465572341376229,1.662910674709562,0,水平代理；不能复现原偏离度,False
2016-02-02,2.6017390080428955,SHIBOR_1W+利差调整,2.465572341376229,1.662910674709562,0,水平代理；不能复现原偏离度,False
2016-02-03,2.5997390080428957,SHIBOR_1W+利差调整,2.468455674709562,1.662948174709562,0,水平代理；不能复现原偏离度,False
2016-02-03,2.5997390080428953,SHIBOR_1W+利差调整,2.468455674709562,1.662948174709562,0,水平代理；不能复现原偏离度,False
2016-02-04,2.6017390080428955,SHIBOR_1W+利差调整,2.4713890080428955,1.662985674709562,0,水平代理；不能复现原偏离度,False
2016-02-04,2.6017390080428955,SHIBOR_1W+利差调整,2.4713890080428955,1.662985674709562,0,水平代理；不能复现原偏离度,False
2016-02-05,2.594739008042896,SHIBOR_1W+利差调整,2.474205674709562,1.6630231747095618,0,水平代理；不能复现原偏离度,False
2016-02-05,2.5947390080428954,SHIBOR_1W+利差调整,2.474205674709562,1.6630231747095618,0,水平代理；不能复现原偏离度,False
2016-02-06,2.499739008042896,SHIBOR_1W+利差调整,2.475455674709562,1.663060674709562,0,水平代理；不能复现原偏离度,False
2016-02-06,2.4997390080428956,SHIBOR_1W+利差调整,2.475455674709562,1.663060674709562,0,水平代理；不能复现原偏离度,False
2016-02-14,2.459739008042896,SHIBOR_1W+利差调整,2.476022341376229,1.663098174709562,0,水平代理；不能复现原偏离度,False
2016-02-14,2.4597390080428956,SHIBOR_1W+利差调整,2.476022341376229,1.663098174709562,0,水平代理；不能复现原偏离度,False
2016-02-15,2.4467390080428952,SHIBOR_1W+利差调整,2.4763890080428954,1.6631356747095618,0,水平代理；不能复现原偏离度,False
2016-02-15,2.4467390080428952,SHIBOR_1W+利差调整,2.4763890080428954,1.6631356747095618,0,水平代理；不能复现原偏离度,False
2016-02-16,2.443739008042896,SHIBOR_1W+利差调整,2.476689008042896,1.663173174709562,0,水平代理；不能复现原偏离度,False
2016-02-16,2.4437390080428956,SHIBOR_1W+利差调整,2.4766890080428956,1.663173174709562,0,水平代理；不能复现原偏离度,False
2016-02-17,2.443739008042896,SHIBOR_1W+利差调整,2.476972341376229,1.663210674709562,0,水平代理；不能复现原偏离度,False
2016-02-17,2.4437390080428956,SHIBOR_1W+利差调整,2.476972341376229,1.6632106747095619,0,水平代理；不能复现原偏离度,False
2016-02-18,2.431739008042896,SHIBOR_1W+利差调整,2.4770223413762285,1.663230174709562,0,水平代理；不能复现原偏离度,False
2016-02-18,2.4317390080428956,SHIBOR_1W+利差调整,2.4770223413762285,1.663230174709562,0,水平代理；不能复现原偏离度,False
2016-02-19,2.4327390080428954,SHIBOR_1W+利差调整,2.4770723413762283,1.663249674709562,0,水平代理；不能复现原偏离度,False
2016-02-19,2.4327390080428954,SHIBOR_1W+利差调整,2.4770723413762283,1.663249674709562,0,水平代理；不能复现原偏离度,False
2016-02-22,2.4327390080428954,SHIBOR_1W+利差调整,2.477089008042896,1.663269174709562,0,水平代理；不能复现原偏离度,False
2016-02-22,2.4327390080428954,SHIBOR_1W+利差调整,2.477089008042896,1.663269174709562,0,水平代理；不能复现原偏离度,False
2016-02-23,2.429739008042896,SHIBOR_1W+利差调整,2.4770390080428952,1.663288674709562,0,水平代理；不能复现原偏离度,False
2016-02-23,2.429739008042896,SHIBOR_1W+利差调整,2.4770390080428952,1.663288674709562,0,水平代理；不能复现原偏离度,False
2016-02-24,2.441481124497992,SHIBOR_1W+利差调整,2.476881124497992,1.6630502911646587,0,水平代理；不能复现原偏离度,False
2016-02-24,2.441481124497992,SHIBOR_1W+利差调整,2.476881124497992,1.6630502911646587,0,水平代理；不能复现原偏离度,False
2016-02-25,2.467481124497992,SHIBOR_1W+利差调整,2.477347791164658,1.6630697911646588,0,水平代理；不能复现原偏离度,False
2016-02-25,2.467481124497992,SHIBOR_1W+利差调整,2.477347791164658,1.6630697911646588,0,水平代理；不能复现原偏离度,False
2016-02-26,2.492004557640751,SHIBOR_1W+利差调整,2.4786378909740843,1.6636127243074172,0,水平代理；不能复现原偏离度,False
2016-02-26,2.492004557640751,SHIBOR_1W+利差调整,2.4786378909740843,1.6636127243074172,0,水平代理；不能复现原偏离度,False
2016-02-29,2.4817390080428954,SHIBOR_1W+利差调整,2.4790556747095622,1.663366674709562,0,水平代理；不能复现原偏离度,False
2016-02-29,2.4817390080428954,SHIBOR_1W+利差调整,2.4790556747095622,1.663366674709562,0,水平代理；不能复现原偏离度,False
2016-03-01,2.4550045576407507,SHIBOR_1W+利差调整,2.479571224307417,1.6636517243074171,0,水平代理；不能复现原偏离度,False
2016-03-01,2.4550045576407507,SHIBOR_1W+利差调整,2.479571224307417,1.6636517243074171,0,水平代理；不能复现原偏离度,False
2016-03-02,2.446481124497992,SHIBOR_1W+利差调整,2.479181124497992,1.6631477911646586,0,水平代理；不能复现原偏离度,False
2016-03-02,2.446481124497992,SHIBOR_1W+利差调整,2.479181124497992,1.6631477911646586,0,水平代理；不能复现原偏离度,False
2016-03-03,2.444004557640751,SHIBOR_1W+利差调整,2.479771224307418,1.6636910576407506,0,水平代理；不能复现原偏离度,False
2016-03-03,2.444004557640751,SHIBOR_1W+利差调整,2.479771224307418,1.6636910576407506,0,水平代理；不能复现原偏离度,False
2016-03-04,2.4420045576407508,SHIBOR_1W+利差调整,2.479837890974084,1.663710890974084,0,水平代理；不能复现原偏离度,False
2016-03-04,2.4420045576407508,SHIBOR_1W+利差调整,2.479837890974084,1.663710890974084,0,水平代理；不能复现原偏离度,False
2016-03-07,2.441004557640751,SHIBOR_1W+利差调整,2.479871224307417,1.6637307243074173,0,水平代理；不能复现原偏离度,False
2016-03-07,2.441004557640751,SHIBOR_1W+利差调整,2.479871224307417,1.6637307243074173,0,水平代理；不能复现原偏离度,False
2016-03-08,2.439481124497992,SHIBOR_1W+利差调整,2.479331124497992,1.663227124497992,0,水平代理；不能复现原偏离度,False
2016-03-08,2.439481124497992,SHIBOR_1W+利差调整,2.479331124497992,1.663227124497992,0,水平代理；不能复现原偏离度,False
2016-03-09,2.4387390080428952,SHIBOR_1W+利差调整,2.479505674709562,1.6635048413762288,0,水平代理；不能复现原偏离度,False
2016-03-09,2.4387390080428952,SHIBOR_1W+利差调整,2.479505674709562,1.6635048413762288,0,水平代理；不能复现原偏离度,False
2016-03-10,2.426739008042895,SHIBOR_1W+利差调整,2.479139008042895,1.6635246747095622,0,水平代理；不能复现原偏离度,False
2016-03-10,2.426739008042895,SHIBOR_1W+利差调整,2.479139008042895,1.6635246747095622,0,水平代理；不能复现原偏离度,False
2016-03-11,2.4287390080428954,SHIBOR_1W+利差调整,2.478789008042896,1.6635445080428957,0,水平代理；不能复现原偏离度,False
2016-03-11,2.4287390080428954,SHIBOR_1W+利差调整,2.478789008042896,1.6635445080428957,0,水平代理；不能复现原偏离度,False
2016-03-14,2.427739008042896,SHIBOR_1W+利差调整,2.4784890080428954,1.6635643413762289,0,水平代理；不能复现原偏离度,False
2016-03-14,2.427739008042896,SHIBOR_1W+利差调整,2.4784890080428954,1.6635643413762289,0,水平代理；不能复现原偏离度,False
2016-03-15,2.427739008042896,SHIBOR_1W+利差调整,2.478155674709562,1.6635841747095623,0,水平代理；不能复现原偏离度,False
2016-03-15,2.427739008042896,SHIBOR_1W+利差调整,2.478155674709562,1.6635841747095623,0,水平代理；不能复现原偏离度,False
2016-03-16,2.4287390080428954,SHIBOR_1W+利差调整,2.4778723413762287,1.6636040080428955,0,水平代理；不能复现原偏离度,False
2016-03-16,2.4287390080428954,SHIBOR_1W+利差调整,2.4778723413762287,1.6636040080428955,0,水平代理；不能复现原偏离度,False
2016-03-17,2.434481124497992,SHIBOR_1W+利差调整,2.477114457831325,1.6634917911646585,0,水平代理；不能复现原偏离度,False
2016-03-17,2.434481124497992,SHIBOR_1W+利差调整,2.477114457831325,1.6634917911646585,0,水平代理；不能复现原偏离度,False
2016-03-18,2.441481124497992,SHIBOR_1W+利差调整,2.4764644578313257,1.663637457831325,0,水平代理；不能复现原偏离度,False
2016-03-18,2.441481124497992,SHIBOR_1W+利差调整,2.4764644578313257,1.663637457831325,0,水平代理；不能复现原偏离度,False
2016-03-21,2.4487390080428955,SHIBOR_1W+利差调整,2.476055674709562,1.6640410080428956,0,水平代理；不能复现原偏离度,False
2016-03-21,2.4487390080428955,SHIBOR_1W+利差调整,2.476055674709562,1.6640410080428956,0,水平代理；不能复现原偏离度,False
2016-03-22,2.451481124497992,SHIBOR_1W+利差调整,2.475081124497992,1.6639287911646583,0,水平代理；不能复现原偏离度,False
2016-03-22,2.451481124497992,SHIBOR_1W+利差调整,2.475081124497992,1.6639287911646583,0,水平代理；不能复现原偏离度,False
2016-03-23,2.448004557640751,SHIBOR_1W+利差调整,2.474821224307417,1.664597890974084,0,水平代理；不能复现原偏离度,False
2016-03-23,2.448004557640751,SHIBOR_1W+利差调整,2.474821224307417,1.664597890974084,0,水平代理；不能复现原偏离度,False
2016-03-24,2.443310695187166,SHIBOR_1W+利差调整,2.4731606951871656,1.664049695187166,0,水平代理；不能复现原偏离度,False
2016-03-24,2.443310695187166,SHIBOR_1W+利差调整,2.4731606951871656,1.664049695187166,0,水平代理；不能复现原偏离度,False
2016-03-25,2.4463106951871656,SHIBOR_1W+利差调整,2.472260695187166,1.6641953618538323,0,水平代理；不能复现原偏离度,False
2016-03-25,2.4463106951871656,SHIBOR_1W+利差调整,2.472260695187166,1.6641953618538323,0,水平代理；不能复现原偏离度,False
2016-03-28,2.447310695187166,SHIBOR_1W+利差调整,2.4714106951871657,1.6643410285204991,0,水平代理；不能复现原偏离度,False
2016-03-28,2.447310695187166,SHIBOR_1W+利差调整,2.4714106951871657,1.6643410285204991,0,水平代理；不能复现原偏离度,False
2016-03-29,2.4493106951871657,SHIBOR_1W+利差调整,2.470594028520499,1.664486695187166,0,水平代理；不能复现原偏离度,False
2016-03-29,2.4493106951871657,SHIBOR_1W+利差调整,2.470594028520499,1.664486695187166,0,水平代理；不能复现原偏离度,False
2016-03-30,2.4587390080428952,SHIBOR_1W+利差调整,2.470305674709562,1.665060674709562,0,水平代理；不能复现原偏离度,False
2016-03-30,2.4587390080428952,SHIBOR_1W+利差调整,2.470305674709562,1.665060674709562,0,水平代理；不能复现原偏离度,False
2016-03-31,2.471310695187166,SHIBOR_1W+利差调整,2.4697106951871657,1.6646880285204992,0,水平代理；不能复现原偏离度,False
2016-03-31,2.471310695187166,SHIBOR_1W+利差调整,2.4697106951871657,1.6646880285204992,0,水平代理；不能复现原偏离度,False
2016-04-01,2.466739008042896,SHIBOR_1W+利差调整,2.469972341376229,1.6651720080428951,0,水平代理；不能复现原偏离度,False
2016-04-01,2.466739008042896,SHIBOR_1W+利差调整,2.469972341376229,1.6651720080428951,0,水平代理；不能复现原偏离度,False
2016-04-05,2.4487390080428955,SHIBOR_1W+利差调整,2.469639008042895,1.665227674709562,0,水平代理；不能复现原偏离度,False
2016-04-05,2.4487390080428955,SHIBOR_1W+利差调整,2.469639008042895,1.665227674709562,0,水平代理；不能复现原偏离度,False
2016-04-06,2.4407390080428955,SHIBOR_1W+利差调整,2.4693223413762286,1.665283341376229,0,水平代理；不能复现原偏离度,False
2016-04-06,2.4407390080428955,SHIBOR_1W+利差调整,2.4693223413762286,1.665283341376229,0,水平代理；不能复现原偏离度,False
2016-04-07,2.435310695187166,SHIBOR_1W+利差调整,2.468577361853832,1.664910695187166,0,水平代理；不能复现原偏离度,False
2016-04-07,2.435310695187166,SHIBOR_1W+利差调整,2.468577361853832,1.664910695187166,0,水平代理；不能复现原偏离度,False
2016-04-08,2.433739008042896,SHIBOR_1W+利差调整,2.4687390080428955,1.665394674709562,0,水平代理；不能复现原偏离度,False
2016-04-08,2.433739008042896,SHIBOR_1W+利差调整,2.4687390080428955,1.665394674709562,0,水平代理；不能复现原偏离度,False
2016-04-11,2.4373106951871657,SHIBOR_1W+利差调整,2.4681606951871657,1.665022028520499,0,水平代理；不能复现原偏离度,False
2016-04-11,2.4373106951871657,SHIBOR_1W+利差调整,2.4681606951871657,1.665022028520499,0,水平代理；不能复现原偏离度,False
2016-04-12,2.4413106951871657,SHIBOR_1W+利差调整,2.468077361853832,1.6650776951871658,0,水平代理；不能复现原偏离度,False
2016-04-12,2.4413106951871657,SHIBOR_1W+利差调整,2.468077361853832,1.6650776951871658,0,水平代理；不能复现原偏离度,False
2016-04-13,2.448310695187166,SHIBOR_1W+利差调整,2.468110695187166,1.6651333618538324,0,水平代理；不能复现原偏离度,False
2016-04-13,2.448310695187166,SHIBOR_1W+利差调整,2.468110695187166,1.6651333618538324,0,水平代理；不能复现原偏离度,False
2016-04-14,2.4503106951871656,SHIBOR_1W+利差调整,2.468127361853832,1.665189028520499,0,水平代理；不能复现原偏离度,False
2016-04-14,2.4503106951871656,SHIBOR_1W+利差调整,2.468127361853832,1.665189028520499,0,水平代理；不能复现原偏离度,False
2016-04-15,2.447310695187166,SHIBOR_1W+利差调整,2.468010695187166,1.6654778618538324,0,水平代理；不能复现原偏离度,False
2016-04-15,2.447310695187166,SHIBOR_1W+利差调整,2.468010695187166,1.6654778618538324,0,水平代理；不能复现原偏离度,False
2016-04-18,2.4487390080428955,SHIBOR_1W+利差调整,2.4682056747095618,1.6661950080428956,0,水平代理；不能复现原偏离度,False
2016-04-18,2.4487390080428955,SHIBOR_1W+利差调整,2.4682056747095618,1.6661950080428956,0,水平代理；不能复现原偏离度,False
2016-04-19,2.451739008042896,SHIBOR_1W+利差调整,2.467605674709562,1.6664838413762288,0,水平代理；不能复现原偏离度,False
2016-04-19,2.4517390080428956,SHIBOR_1W+利差调整,2.467605674709562,1.6664838413762288,0,水平代理；不能复现原偏离度,False
2016-04-20,2.4687390080428955,SHIBOR_1W+利差调整,2.4662223413762288,1.666772674709562,0,水平代理；不能复现原偏离度,False
2016-04-20,2.4687390080428955,SHIBOR_1W+利差调整,2.4662223413762288,1.6667726747095621,0,水平代理；不能复现原偏离度,False
2016-04-21,2.4787390080428957,SHIBOR_1W+利差调整,2.4650890080428955,1.6670615080428954,0,水平代理；不能复现原偏离度,False
2016-04-21,2.4787390080428953,SHIBOR_1W+利差调整,2.4650890080428955,1.6670615080428954,0,水平代理；不能复现原偏离度,False
2016-04-22,2.4807390080428955,SHIBOR_1W+利差调整,2.4643890080428954,1.6673503413762287,0,水平代理；不能复现原偏离度,False
2016-04-22,2.4807390080428955,SHIBOR_1W+利差调整,2.4643890080428954,1.6673503413762287,0,水平代理；不能复现原偏离度,False
2016-04-25,2.488310695187166,SHIBOR_1W+利差调整,2.4636106951871657,1.6672108618538326,0,水平代理；不能复现原偏离度,False
2016-04-25,2.488310695187166,SHIBOR_1W+利差调整,2.4636106951871657,1.6672108618538326,0,水平代理；不能复现原偏离度,False
2016-04-26,2.487739008042896,SHIBOR_1W+利差调整,2.463739008042895,1.6679280080428955,0,水平代理；不能复现原偏离度,False
2016-04-26,2.4877390080428956,SHIBOR_1W+利差调整,2.463739008042895,1.6679280080428955,0,水平代理；不能复现原偏离度,False
2016-04-27,2.492310695187166,SHIBOR_1W+利差调整,2.463044028520499,1.6677885285204992,0,水平代理；不能复现原偏离度,False
2016-04-27,2.492310695187166,SHIBOR_1W+利差调整,2.463044028520499,1.6677885285204992,0,水平代理；不能复现原偏离度,False
2016-04-28,2.514739008042896,SHIBOR_1W+利差调整,2.4641056747095624,1.668505674709562,0,水平代理；不能复现原偏离度,False
2016-04-28,2.514739008042896,SHIBOR_1W+利差调整,2.4641056747095624,1.668505674709562,0,水平代理；不能复现原偏离度,False
2016-04-29,2.532310695187166,SHIBOR_1W+利差调整,2.4627106951871656,1.668707695187166,0,水平代理；不能复现原偏离度,False
2016-04-29,2.532310695187166,SHIBOR_1W+利差调整,2.4627106951871656,1.668707695187166,0,水平代理；不能复现原偏离度,False
2016-05-03,2.486739008042896,SHIBOR_1W+利差调整,2.4612223413762284,1.669766341376229,0,水平代理；不能复现原偏离度,False
2016-05-03,2.486739008042896,SHIBOR_1W+利差调整,2.4612223413762284,1.669766341376229,0,水平代理；不能复现原偏离度,False
2016-05-04,2.474739008042896,SHIBOR_1W+利差调整,2.459139008042896,1.6703966747095622,0,水平代理；不能复现原偏离度,False
2016-05-04,2.474739008042896,SHIBOR_1W+利差调整,2.459139008042896,1.6703966747095622,0,水平代理；不能复现原偏离度,False
2016-05-05,2.475739008042896,SHIBOR_1W+利差调整,2.457039008042896,1.6710270080428955,0,水平代理；不能复现原偏离度,False
2016-05-05,2.4757390080428956,SHIBOR_1W+利差调整,2.4570390080428957,1.6710270080428955,0,水平代理；不能复现原偏离度,False
2016-05-06,2.4727390080428955,SHIBOR_1W+利差调整,2.455005674709562,1.6716573413762288,0,水平代理；不能复现原偏离度,False
2016-05-06,2.4727390080428955,SHIBOR_1W+利差调整,2.455005674709562,1.6716573413762288,0,水平代理；不能复现原偏离度,False
2016-05-09,2.4693106951871657,SHIBOR_1W+利差调整,2.4540773618538325,1.6718593618538324,0,水平代理；不能复现原偏离度,False
2016-05-09,2.4693106951871657,SHIBOR_1W+利差调整,2.4540773618538325,1.6718593618538324,0,水平代理；不能复现原偏离度,False
2016-05-10,2.469739008042896,SHIBOR_1W+利差调整,2.4546723413762286,1.6729180080428958,0,水平代理；不能复现原偏离度,False
2016-05-10,2.4697390080428954,SHIBOR_1W+利差调整,2.4546723413762286,1.6729180080428958,0,水平代理；不能复现原偏离度,False
2016-05-11,2.4707390080428957,SHIBOR_1W+利差调整,2.4550723413762285,1.673548341376229,0,水平代理；不能复现原偏离度,False
2016-05-11,2.4707390080428953,SHIBOR_1W+利差调整,2.4550723413762285,1.673548341376229,0,水平代理；不能复现原偏离度,False
2016-05-12,2.471739008042896,SHIBOR_1W+利差调整,2.455539008042896,1.6741786747095624,0,水平代理；不能复现原偏离度,False
2016-05-12,2.4717390080428956,SHIBOR_1W+利差调整,2.4555390080428956,1.6741786747095624,0,水平代理；不能复现原偏离度,False
2016-05-13,2.470739008042896,SHIBOR_1W+利差调整,2.4559890080428954,1.6748090080428957,0,水平代理；不能复现原偏离度,False
2016-05-13,2.470739008042896,SHIBOR_1W+利差调整,2.4559890080428954,1.6748090080428957,0,水平代理；不能复现原偏离度,False
2016-05-16,2.473739008042896,SHIBOR_1W+利差调整,2.456689008042895,1.6750981747095623,0,水平代理；不能复现原偏离度,False
2016-05-16,2.4737390080428954,SHIBOR_1W+利差调整,2.456689008042895,1.6750981747095623,0,水平代理；不能复现原偏离度,False
2016-05-17,2.477739008042896,SHIBOR_1W+利差调整,2.457439008042896,1.675387341376229,0,水平代理；不能复现原偏离度,False
2016-05-17,2.4777390080428954,SHIBOR_1W+利差调整,2.4574390080428956,1.675387341376229,0,水平代理；不能复现原偏离度,False
2016-05-18,2.478739008042896,SHIBOR_1W+利差调整,2.458205674709562,1.6756765080428957,0,水平代理；不能复现原偏离度,False
2016-05-18,2.478739008042896,SHIBOR_1W+利差调整,2.458205674709562,1.6756765080428957,0,水平代理；不能复现原偏离度,False
2016-05-19,2.477739008042896,SHIBOR_1W+利差调整,2.459005674709562,1.6759656747095624,0,水平代理；不能复现原偏离度,False
2016-05-19,2.477739008042896,SHIBOR_1W+利差调整,2.459005674709562,1.6759656747095624,0,水平代理；不能复现原偏离度,False
2016-05-20,2.477739008042896,SHIBOR_1W+利差调整,2.4596056747095623,1.6762548413762288,0,水平代理；不能复现原偏离度,False
2016-05-20,2.4777390080428954,SHIBOR_1W+利差调整,2.4596056747095623,1.6762548413762288,0,水平代理；不能复现原偏离度,False
2016-05-23,2.4767390080428955,SHIBOR_1W+利差调整,2.459755674709562,1.6765440080428955,0,水平代理；不能复现原偏离度,False
2016-05-23,2.4767390080428955,SHIBOR_1W+利差调整,2.459755674709562,1.6765440080428957,0,水平代理；不能复现原偏离度,False
2016-05-24,2.4767390080428955,SHIBOR_1W+利差调整,2.459505674709562,1.6768331747095624,0,水平代理；不能复现原偏离度,False
2016-05-24,2.4767390080428955,SHIBOR_1W+利差调整,2.459505674709562,1.6768331747095624,0,水平代理；不能复现原偏离度,False
2016-05-25,2.4773106951871657,SHIBOR_1W+利差调整,2.4590106951871658,1.676694028520499,0,水平代理；不能复现原偏离度,False
2016-05-25,2.4773106951871657,SHIBOR_1W+利差调整,2.4590106951871658,1.676694028520499,0,水平代理；不能复现原偏离度,False
2016-05-26,2.4783106951871656,SHIBOR_1W+利差调整,2.4594106951871657,1.6769831951871657,0,水平代理；不能复现原偏离度,False
2016-05-26,2.4783106951871656,SHIBOR_1W+利差调整,2.4594106951871657,1.6769831951871657,0,水平代理；不能复现原偏离度,False
2016-05-27,2.479739008042896,SHIBOR_1W+利差调整,2.4603890080428954,1.6777006747095622,0,水平代理；不能复现原偏离度,False
2016-05-27,2.479739008042896,SHIBOR_1W+利差调整,2.4603890080428954,1.6777006747095622,0,水平代理；不能复现原偏离度,False
2016-05-30,2.4807390080428955,SHIBOR_1W+利差调整,2.461005674709562,1.6778491747095623,0,水平代理；不能复现原偏离度,False
2016-05-30,2.4807390080428955,SHIBOR_1W+利差调整,2.461005674709562,1.6778491747095623,0,水平代理；不能复现原偏离度,False
2016-05-31,2.4847390080428955,SHIBOR_1W+利差调整,2.4617223413762286,1.6779976747095622,0,水平代理；不能复现原偏离度,False
2016-05-31,2.4847390080428955,SHIBOR_1W+利差调整,2.4617223413762286,1.6779976747095622,0,水平代理；不能复现原偏离度,False
2016-06-01,2.483739008042896,SHIBOR_1W+利差调整,2.462439008042895,1.678146174709562,0,水平代理；不能复现原偏离度,False
2016-06-01,2.483739008042896,SHIBOR_1W+利差调整,2.462439008042895,1.678146174709562,0,水平代理；不能复现原偏离度,False
2016-06-02,2.4887390080428955,SHIBOR_1W+利差调整,2.463255674709562,1.6782946747095622,0,水平代理；不能复现原偏离度,False
2016-06-02,2.4887390080428955,SHIBOR_1W+利差调整,2.463255674709562,1.6782946747095622,0,水平代理；不能复现原偏离度,False
2016-06-03,2.4847390080428955,SHIBOR_1W+利差调整,2.464022341376229,1.678443174709562,0,水平代理；不能复现原偏离度,False
2016-06-03,2.4847390080428955,SHIBOR_1W+利差调整,2.464022341376229,1.678443174709562,0,水平代理；不能复现原偏离度,False
2016-06-06,2.483739008042896,SHIBOR_1W+利差调整,2.464972341376229,1.6785916747095622,0,水平代理；不能复现原偏离度,False
2016-06-06,2.4837390080428956,SHIBOR_1W+利差调整,2.4649723413762286,1.6785916747095622,0,水平代理；不能复现原偏离度,False
2016-06-07,2.486739008042896,SHIBOR_1W+利差调整,2.465939008042896,1.678740174709562,0,水平代理；不能复现原偏离度,False
2016-06-07,2.486739008042896,SHIBOR_1W+利差调整,2.465939008042896,1.678740174709562,0,水平代理；不能复现原偏离度,False
2016-06-08,2.487739008042896,SHIBOR_1W+利差调整,2.4669390080428952,1.678888674709562,0,水平代理；不能复现原偏离度,False
2016-06-08,2.487739008042896,SHIBOR_1W+利差调整,2.4669390080428952,1.678888674709562,0,水平代理；不能复现原偏离度,False
2016-06-12,2.4897390080428954,SHIBOR_1W+利差调整,2.4679723413762287,1.679037174709562,0,水平代理；不能复现原偏离度,False
2016-06-12,2.4897390080428954,SHIBOR_1W+利差调整,2.4679723413762287,1.679037174709562,0,水平代理；不能复现原偏离度,False
2016-06-13,2.4887390080428955,SHIBOR_1W+利差调整,2.468972341376229,1.679185674709562,0,水平代理；不能复现原偏离度,False
2016-06-13,2.4887390080428955,SHIBOR_1W+利差调整,2.4689723413762286,1.679185674709562,0,水平代理；不能复现原偏离度,False
2016-06-14,2.487739008042896,SHIBOR_1W+利差调整,2.469855674709562,1.679364674709562,0,水平代理；不能复现原偏离度,False
2016-06-14,2.487739008042896,SHIBOR_1W+利差调整,2.469855674709562,1.679364674709562,0,水平代理；不能复现原偏离度,False
2016-06-15,2.487739008042896,SHIBOR_1W+利差调整,2.4706223413762287,1.679543674709562,0,水平代理；不能复现原偏离度,False
2016-06-15,2.4877390080428956,SHIBOR_1W+利差调整,2.4706223413762287,1.679543674709562,0,水平代理；不能复现原偏离度,False
2016-06-16,2.4897390080428954,SHIBOR_1W+利差调整,2.471305674709562,1.679722674709562,0,水平代理；不能复现原偏离度,False
2016-06-16,2.4897390080428954,SHIBOR_1W+利差调整,2.471305674709562,1.679722674709562,0,水平代理；不能复现原偏离度,False
2016-06-17,2.4927390080428955,SHIBOR_1W+利差调整,2.4719890080428955,1.679901674709562,0,水平代理；不能复现原偏离度,False
2016-06-17,2.4927390080428955,SHIBOR_1W+利差调整,2.4719890080428955,1.679901674709562,0,水平代理；不能复现原偏离度,False
2016-06-20,2.4977390080428954,SHIBOR_1W+利差调整,2.472822341376229,1.680080674709562,0,水平代理；不能复现原偏离度,False
2016-06-20,2.4977390080428954,SHIBOR_1W+利差调整,2.472822341376229,1.680080674709562,0,水平代理；不能复现原偏离度,False
2016-06-21,2.5007390080428955,SHIBOR_1W+利差调整,2.4737723413762294,1.6802596747095622,0,水平代理；不能复现原偏离度,False
2016-06-21,2.5007390080428955,SHIBOR_1W+利差调整,2.4737723413762294,1.6802596747095622,0,水平代理；不能复现原偏离度,False
2016-06-22,2.5017390080428954,SHIBOR_1W+利差调整,2.474689008042896,1.680438674709562,0,水平代理；不能复现原偏离度,False
2016-06-22,2.5017390080428954,SHIBOR_1W+利差调整,2.4746890080428954,1.680438674709562,0,水平代理；不能复现原偏离度,False
2016-06-23,2.5047390080428955,SHIBOR_1W+利差调整,2.475639008042896,1.680617674709562,0,水平代理；不能复现原偏离度,False
2016-06-23,2.5047390080428955,SHIBOR_1W+利差调整,2.475639008042896,1.680617674709562,0,水平代理；不能复现原偏离度,False
2016-06-24,2.518004557640751,SHIBOR_1W+利差调整,2.477037890974084,1.6810622243074174,0,水平代理；不能复现原偏离度,False
2016-06-24,2.518004557640751,SHIBOR_1W+利差调整,2.477037890974084,1.6810622243074174,0,水平代理；不能复现原偏离度,False
2016-06-27,2.5213106951871658,SHIBOR_1W+利差调整,2.477394028520499,1.6805473618538325,0,水平代理；不能复现原偏离度,False
2016-06-27,2.5213106951871658,SHIBOR_1W+利差调整,2.477394028520499,1.6805473618538325,0,水平代理；不能复现原偏离度,False
2016-06-28,2.527481124497992,SHIBOR_1W+利差调整,2.478497791164658,1.681190291164659,0,水平代理；不能复现原偏离度,False
2016-06-28,2.527481124497992,SHIBOR_1W+利差调整,2.478497791164658,1.681190291164659,0,水平代理；不能复现原偏离度,False
2016-06-29,2.5327390080428955,SHIBOR_1W+利差调整,2.479855674709562,1.681920674709562,0,水平代理；不能复现原偏离度,False
2016-06-29,2.5327390080428955,SHIBOR_1W+利差调整,2.479855674709562,1.681920674709562,0,水平代理；不能复现原偏离度,False
2016-06-30,2.531739008042895,SHIBOR_1W+利差调整,2.481239008042896,1.6823931747095622,0,水平代理；不能复现原偏离度,False
2016-06-30,2.531739008042895,SHIBOR_1W+利差调整,2.481239008042896,1.6823931747095622,0,水平代理；不能复现原偏离度,False
2016-07-01,2.511739008042896,SHIBOR_1W+利差调整,2.4824223413762287,1.682865674709562,0,水平代理；不能复现原偏离度,False
2016-07-01,2.511739008042896,SHIBOR_1W+利差调整,2.4824223413762287,1.682865674709562,0,水平代理；不能复现原偏离度,False
2016-07-04,2.5017390080428954,SHIBOR_1W+利差调整,2.483522341376229,1.683338174709562,0,水平代理；不能复现原偏离度,False
2016-07-04,2.5017390080428954,SHIBOR_1W+利差调整,2.483522341376229,1.683338174709562,0,水平代理；不能复现原偏离度,False
2016-07-05,2.4907390080428957,SHIBOR_1W+利差调整,2.4844723413762293,1.683810674709562,0,水平代理；不能复现原偏离度,False
2016-07-05,2.4907390080428953,SHIBOR_1W+利差调整,2.4844723413762293,1.683810674709562,0,水平代理；不能复现原偏离度,False
2016-07-06,2.483739008042896,SHIBOR_1W+利差调整,2.485239008042895,1.684283174709562,0,水平代理；不能复现原偏离度,False
2016-07-06,2.483739008042896,SHIBOR_1W+利差调整,2.485239008042895,1.684283174709562,0,水平代理；不能复现原偏离度,False
2016-07-07,2.4767390080428955,SHIBOR_1W+利差调整,2.4858223413762284,1.684755674709562,0,水平代理；不能复现原偏离度,False
2016-07-07,2.4767390080428955,SHIBOR_1W+利差调整,2.4858223413762284,1.684755674709562,0,水平代理；不能复现原偏离度,False
2016-07-08,2.473739008042896,SHIBOR_1W+利差调整,2.4862390080428955,1.685228174709562,0,水平代理；不能复现原偏离度,False
2016-07-08,2.4737390080428954,SHIBOR_1W+利差调整,2.4862390080428955,1.685228174709562,0,水平代理；不能复现原偏离度,False
2016-07-11,2.4693106951871657,SHIBOR_1W+利差调整,2.486127361853833,1.6852723618538326,0,水平代理；不能复现原偏离度,False
2016-07-11,2.4693106951871657,SHIBOR_1W+利差调整,2.486127361853833,1.6852723618538326,0,水平代理；不能复现原偏离度,False
2016-07-12,2.465757908847185,SHIBOR_1W+利差调整,2.486874575513852,1.6858117421805183,0,水平代理；不能复现原偏离度,False
2016-07-12,2.465757908847185,SHIBOR_1W+利差调整,2.486874575513852,1.6858117421805183,0,水平代理；不能复现原偏离度,False
2016-07-13,2.460004557640751,SHIBOR_1W+利差调整,2.4873045576407504,1.6861505576407507,0,水平代理；不能复现原偏离度,False
2016-07-13,2.460004557640751,SHIBOR_1W+利差调整,2.4873045576407504,1.6861505576407507,0,水平代理；不能复现原偏离度,False
2016-07-14,2.4567390080428955,SHIBOR_1W+利差调整,2.487122341376229,1.685977174709562,0,水平代理；不能复现原偏离度,False
2016-07-14,2.4567390080428955,SHIBOR_1W+利差调整,2.487122341376229,1.685977174709562,0,水平代理；不能复现原偏离度,False
2016-07-15,2.4547390080428952,SHIBOR_1W+利差调整,2.486889008042896,1.6860693413762289,0,水平代理；不能复现原偏离度,False
2016-07-15,2.4547390080428952,SHIBOR_1W+利差调整,2.486889008042896,1.6860693413762289,0,水平代理；不能复现原偏离度,False
2016-07-18,2.453739008042896,SHIBOR_1W+利差调整,2.4864723413762286,1.6861615080428956,0,水平代理；不能复现原偏离度,False
2016-07-18,2.4537390080428954,SHIBOR_1W+利差调整,2.4864723413762286,1.6861615080428956,0,水平代理；不能复现原偏离度,False
2016-07-19,2.4547390080428952,SHIBOR_1W+利差调整,2.486039008042896,1.6862536747095622,0,水平代理；不能复现原偏离度,False
2016-07-19,2.4547390080428952,SHIBOR_1W+利差调整,2.4860390080428956,1.6862536747095622,0,水平代理；不能复现原偏离度,False
2016-07-20,2.4547390080428952,SHIBOR_1W+利差调整,2.4854723413762287,1.686345841376229,0,水平代理；不能复现原偏离度,False
2016-07-20,2.4547390080428952,SHIBOR_1W+利差调整,2.4854723413762287,1.686345841376229,0,水平代理；不能复现原偏离度,False
2016-07-21,2.457739008042896,SHIBOR_1W+利差调整,2.484972341376229,1.6864380080428956,0,水平代理；不能复现原偏离度,False
2016-07-21,2.457739008042896,SHIBOR_1W+利差调整,2.484972341376229,1.6864380080428956,0,水平代理；不能复现原偏离度,False
2016-07-22,2.467739008042896,SHIBOR_1W+利差调整,2.4845556747095623,1.6865301747095622,0,水平代理；不能复现原偏离度,False
2016-07-22,2.4677390080428956,SHIBOR_1W+利差调整,2.4845556747095623,1.6865301747095622,0,水平代理；不能复现原偏离度,False
2016-07-25,2.478739008042896,SHIBOR_1W+利差调整,2.483955674709562,1.686622341376229,0,水平代理；不能复现原偏离度,False
2016-07-25,2.478739008042896,SHIBOR_1W+利差调整,2.483955674709562,1.686622341376229,0,水平代理；不能复现原偏离度,False
2016-07-26,2.4947390080428957,SHIBOR_1W+利差调整,2.483322341376229,1.6866425080428955,0,水平代理；不能复现原偏离度,False
2016-07-26,2.4947390080428953,SHIBOR_1W+利差调整,2.483322341376229,1.6866425080428955,0,水平代理；不能复现原偏离度,False
2016-07-27,2.5067390080428957,SHIBOR_1W+利差调整,2.483655674709562,1.686662674709562,0,水平代理；不能复现原偏离度,False
2016-07-27,2.5067390080428953,SHIBOR_1W+利差调整,2.483655674709562,1.686662674709562,0,水平代理；不能复现原偏离度,False
2016-07-28,2.5053106951871658,SHIBOR_1W+利差调整,2.483744028520499,1.686254528520499,0,水平代理；不能复现原偏离度,False
2016-07-28,2.5053106951871658,SHIBOR_1W+利差调整,2.483744028520499,1.686254528520499,0,水平代理；不能复现原偏离度,False
2016-07-29,2.494739008042896,SHIBOR_1W+利差调整,2.484489008042895,1.6867030080428955,0,水平代理；不能复现原偏离度,False
2016-07-29,2.494739008042896,SHIBOR_1W+利差调整,2.484489008042895,1.6867030080428955,0,水平代理；不能复现原偏离度,False
2016-08-01,2.4897390080428954,SHIBOR_1W+利差调整,2.484772341376229,1.686723174709562,0,水平代理；不能复现原偏离度,False
2016-08-01,2.4897390080428954,SHIBOR_1W+利差调整,2.484772341376229,1.6867231747095621,0,水平代理；不能复现原偏离度,False
2016-08-02,2.4847390080428955,SHIBOR_1W+利差调整,2.485022341376229,1.6867433413762287,0,水平代理；不能复现原偏离度,False
2016-08-02,2.4847390080428955,SHIBOR_1W+利差调整,2.485022341376229,1.6867433413762287,0,水平代理；不能复现原偏离度,False
2016-08-03,2.4787390080428957,SHIBOR_1W+利差调整,2.485172341376229,1.686763508042895,0,水平代理；不能复现原偏离度,False
2016-08-03,2.4787390080428953,SHIBOR_1W+利差调整,2.485172341376229,1.6867635080428953,0,水平代理；不能复现原偏离度,False
2016-08-04,2.470739008042896,SHIBOR_1W+利差调整,2.485172341376229,1.686783674709562,0,水平代理；不能复现原偏离度,False
2016-08-04,2.470739008042896,SHIBOR_1W+利差调整,2.485172341376229,1.686783674709562,0,水平代理；不能复现原偏离度,False
2016-08-05,2.463739008042896,SHIBOR_1W+利差调整,2.485039008042896,1.6868038413762287,0,水平代理；不能复现原偏离度,False
2016-08-05,2.463739008042896,SHIBOR_1W+利差调整,2.485039008042896,1.6868038413762287,0,水平代理；不能复现原偏离度,False
2016-08-08,2.4623106951871656,SHIBOR_1W+利差调整,2.4844773618538323,1.6863956951871657,0,水平代理；不能复现原偏离度,False
2016-08-08,2.4623106951871656,SHIBOR_1W+利差调整,2.4844773618538323,1.6863956951871657,0,水平代理；不能复现原偏离度,False
2016-08-09,2.463739008042896,SHIBOR_1W+利差调整,2.4847390080428955,1.6870020080428954,0,水平代理；不能复现原偏离度,False
2016-08-09,2.4637390080428956,SHIBOR_1W+利差调整,2.4847390080428955,1.6870020080428954,0,水平代理；不能复现原偏离度,False
2016-08-10,2.471739008042896,SHIBOR_1W+利差调整,2.484639008042896,1.6871800080428954,0,水平代理；不能复现原偏离度,False
2016-08-10,2.4717390080428956,SHIBOR_1W+利差调整,2.4846390080428957,1.6871800080428954,0,水平代理；不能复现原偏离度,False
2016-08-11,2.4787390080428957,SHIBOR_1W+利差调整,2.4846390080428957,1.6873580080428954,0,水平代理；不能复现原偏离度,False
2016-08-11,2.4787390080428953,SHIBOR_1W+利差调整,2.4846390080428953,1.6873580080428954,0,水平代理；不能复现原偏离度,False
2016-08-12,2.4827390080428957,SHIBOR_1W+利差调整,2.4847223413762287,1.6875360080428954,0,水平代理；不能复现原偏离度,False
2016-08-12,2.4827390080428953,SHIBOR_1W+利差调整,2.4847223413762287,1.6875360080428954,0,水平代理；不能复现原偏离度,False
2016-08-15,2.487839008042896,SHIBOR_1W+利差调整,2.484890674709562,1.6877140080428954,0,水平代理；不能复现原偏离度,False
2016-08-15,2.4878390080428954,SHIBOR_1W+利差调整,2.484890674709562,1.6877140080428954,0,水平代理；不能复现原偏离度,False
2016-08-16,2.4897390080428954,SHIBOR_1W+利差调整,2.485107341376229,1.6878920080428954,0,水平代理；不能复现原偏离度,False
2016-08-16,2.4897390080428954,SHIBOR_1W+利差调整,2.485107341376229,1.6878920080428954,0,水平代理；不能复现原偏离度,False
2016-08-17,2.491739008042896,SHIBOR_1W+利差调整,2.4853573413762287,1.6880700080428952,0,水平代理；不能复现原偏离度,False
2016-08-17,2.4917390080428956,SHIBOR_1W+利差调整,2.4853573413762287,1.6880700080428952,0,水平代理；不能复现原偏离度,False
2016-08-18,2.4937390080428954,SHIBOR_1W+利差调整,2.485624008042896,1.6882480080428952,0,水平代理；不能复现原偏离度,False
2016-08-18,2.4937390080428954,SHIBOR_1W+利差调整,2.485624008042896,1.6882480080428952,0,水平代理；不能复现原偏离度,False
2016-08-19,2.4937390080428954,SHIBOR_1W+利差调整,2.485874008042896,1.6884260080428952,0,水平代理；不能复现原偏离度,False
2016-08-19,2.4937390080428954,SHIBOR_1W+利差调整,2.4858740080428956,1.6884260080428952,0,水平代理；不能复现原偏离度,False
2016-08-22,2.493439008042895,SHIBOR_1W+利差调整,2.486102341376229,1.6886040080428952,0,水平代理；不能复现原偏离度,False
2016-08-22,2.493439008042895,SHIBOR_1W+利差调整,2.486102341376229,1.6886040080428952,0,水平代理；不能复现原偏离度,False
2016-08-23,2.4990045576407507,SHIBOR_1W+利差调整,2.486667890974084,1.6889805576407506,0,水平代理；不能复现原偏离度,False
2016-08-23,2.4990045576407507,SHIBOR_1W+利差调整,2.486667890974084,1.6889805576407506,0,水平代理；不能复现原偏离度,False
2016-08-24,2.5087390080428955,SHIBOR_1W+利差调整,2.486802341376228,1.6888260080428952,0,水平代理；不能复现原偏离度,False
2016-08-24,2.5087390080428955,SHIBOR_1W+利差调整,2.486802341376228,1.6888260080428952,0,水平代理；不能复现原偏离度,False
2016-08-25,2.5107390080428957,SHIBOR_1W+利差调整,2.487252341376229,1.6889370080428954,0,水平代理；不能复现原偏离度,False
2016-08-25,2.5107390080428953,SHIBOR_1W+利差调整,2.487252341376229,1.6889370080428954,0,水平代理；不能复现原偏离度,False
2016-08-26,2.5087390080428955,SHIBOR_1W+利差调整,2.487585674709562,1.6890480080428951,0,水平代理；不能复现原偏离度,False
2016-08-26,2.5087390080428955,SHIBOR_1W+利差调整,2.487585674709562,1.6890480080428953,0,水平代理；不能复现原偏离度,False
2016-08-29,2.5110045576407507,SHIBOR_1W+利差调整,2.488284557640751,1.6894245576407507,0,水平代理；不能复现原偏离度,False
2016-08-29,2.5110045576407507,SHIBOR_1W+利差调整,2.488284557640751,1.6894245576407507,0,水平代理；不能复现原偏离度,False
2016-08-30,2.5127390080428955,SHIBOR_1W+利差调整,2.4885023413762286,1.6892700080428953,0,水平代理；不能复现原偏离度,False
2016-08-30,2.5127390080428955,SHIBOR_1W+利差调整,2.4885023413762286,1.6892700080428953,0,水平代理；不能复现原偏离度,False
2016-08-31,2.515739008042896,SHIBOR_1W+利差调整,2.488985674709562,1.6893810080428953,0,水平代理；不能复现原偏离度,False
2016-08-31,2.5157390080428956,SHIBOR_1W+利差调整,2.488985674709562,1.6893810080428953,0,水平代理；不能复现原偏离度,False
2016-09-01,2.5147390080428957,SHIBOR_1W+利差调整,2.489435674709562,1.6894920080428957,0,水平代理；不能复现原偏离度,False
2016-09-01,2.5147390080428953,SHIBOR_1W+利差调整,2.489435674709562,1.6894920080428955,0,水平代理；不能复现原偏离度,False
2016-09-02,2.515739008042896,SHIBOR_1W+利差调整,2.489869008042896,1.6896030080428954,0,水平代理；不能复现原偏离度,False
2016-09-02,2.515739008042896,SHIBOR_1W+利差调整,2.489869008042896,1.6896030080428954,0,水平代理；不能复现原偏离度,False
2016-09-05,2.515739008042896,SHIBOR_1W+利差调整,2.490319008042896,1.6897140080428954,0,水平代理；不能复现原偏离度,False
2016-09-05,2.515739008042896,SHIBOR_1W+利差调整,2.490319008042896,1.6897140080428954,0,水平代理；不能复现原偏离度,False
2016-09-06,2.5147390080428957,SHIBOR_1W+利差调整,2.4907690080428955,1.6898585080428954,0,水平代理；不能复现原偏离度,False
2016-09-06,2.5147390080428953,SHIBOR_1W+利差调整,2.4907690080428955,1.6898585080428954,0,水平代理；不能复现原偏离度,False
2016-09-07,2.514739008042896,SHIBOR_1W+利差调整,2.491219008042896,1.6900030080428954,0,水平代理；不能复现原偏离度,False
2016-09-07,2.514739008042896,SHIBOR_1W+利差调整,2.491219008042896,1.6900030080428954,0,水平代理；不能复现原偏离度,False
2016-09-08,2.5167390080428955,SHIBOR_1W+利差调整,2.491669008042896,1.6901475080428954,0,水平代理；不能复现原偏离度,False
2016-09-08,2.5167390080428955,SHIBOR_1W+利差调整,2.491669008042896,1.6901475080428954,0,水平代理；不能复现原偏离度,False
2016-09-09,2.5232390080428955,SHIBOR_1W+利差调整,2.492177341376229,1.6902920080428954,0,水平代理；不能复现原偏离度,False
2016-09-09,2.5232390080428955,SHIBOR_1W+利差调整,2.492177341376229,1.6902920080428954,0,水平代理；不能复现原偏离度,False
2016-09-12,2.524310695187166,SHIBOR_1W+利差调整,2.4921990285204987,1.6900081951871655,0,水平代理；不能复现原偏离度,False
2016-09-12,2.524310695187166,SHIBOR_1W+利差调整,2.4921990285204987,1.6900081951871655,0,水平代理；不能复现原偏离度,False
2016-09-13,2.532239008042896,SHIBOR_1W+利差调整,2.493152341376229,1.6905810080428956,0,水平代理；不能复现原偏离度,False
2016-09-13,2.5322390080428954,SHIBOR_1W+利差调整,2.493152341376229,1.6905810080428956,0,水平代理；不能复现原偏离度,False
2016-09-14,2.538739008042896,SHIBOR_1W+利差调整,2.493769008042896,1.6907255080428956,0,水平代理；不能复现原偏离度,False
2016-09-14,2.538739008042896,SHIBOR_1W+利差调整,2.493769008042896,1.6907255080428956,0,水平代理；不能复现原偏离度,False
2016-09-18,2.5407390080428955,SHIBOR_1W+利差调整,2.494369008042895,1.6908700080428956,0,水平代理；不能复现原偏离度,False
2016-09-18,2.5407390080428955,SHIBOR_1W+利差调整,2.494369008042895,1.6908700080428956,0,水平代理；不能复现原偏离度,False
2016-09-19,2.5433106951871656,SHIBOR_1W+利差调整,2.494374028520499,1.690586195187166,0,水平代理；不能复现原偏离度,False
2016-09-19,2.5433106951871656,SHIBOR_1W+利差调整,2.494374028520499,1.690586195187166,0,水平代理；不能复现原偏离度,False
2016-09-20,2.5467390080428958,SHIBOR_1W+利差调整,2.4952190080428958,1.6911590080428955,0,水平代理；不能复现原偏离度,False
2016-09-20,2.5467390080428953,SHIBOR_1W+利差调整,2.4952190080428953,1.6911590080428955,0,水平代理；不能复现原偏离度,False
2016-09-21,2.551739008042895,SHIBOR_1W+利差调整,2.495619008042896,1.691422841376229,0,水平代理；不能复现原偏离度,False
2016-09-21,2.551739008042895,SHIBOR_1W+利差调整,2.495619008042896,1.691422841376229,0,水平代理；不能复现原偏离度,False
2016-09-22,2.554739008042896,SHIBOR_1W+利差调整,2.4959856747095617,1.6916866747095622,0,水平代理；不能复现原偏离度,False
2016-09-22,2.554739008042896,SHIBOR_1W+利差调整,2.4959856747095617,1.6916866747095622,0,水平代理；不能复现原偏离度,False
2016-09-23,2.553004557640751,SHIBOR_1W+利差调整,2.4966012243074176,1.6922160576407506,0,水平代理；不能复现原偏离度,False
2016-09-23,2.553004557640751,SHIBOR_1W+利差调整,2.4966012243074176,1.6922160576407506,0,水平代理；不能复现原偏离度,False
2016-09-26,2.5857390080428955,SHIBOR_1W+利差调整,2.497569008042896,1.692214341376229,0,水平代理；不能复现原偏离度,False
2016-09-26,2.5857390080428955,SHIBOR_1W+利差调整,2.4975690080428956,1.692214341376229,0,水平代理；不能复现原偏离度,False
2016-09-27,2.606004557640751,SHIBOR_1W+利差调整,2.499567890974084,1.6927437243074173,0,水平代理；不能复现原偏离度,False
2016-09-27,2.606004557640751,SHIBOR_1W+利差调整,2.499567890974084,1.6927437243074173,0,水平代理；不能复现原偏离度,False
2016-09-28,2.623004557640751,SHIBOR_1W+利差调整,2.5017678909740844,1.6930075576407506,0,水平代理；不能复现原偏离度,False
2016-09-28,2.623004557640751,SHIBOR_1W+利差调整,2.5017678909740844,1.6930075576407506,0,水平代理；不能复现原偏离度,False
2016-09-29,2.6337390080428955,SHIBOR_1W+利差调整,2.504002341376229,1.693005841376229,0,水平代理；不能复现原偏离度,False
2016-09-29,2.6337390080428955,SHIBOR_1W+利差调整,2.504002341376229,1.693005841376229,0,水平代理；不能复现原偏离度,False
2016-09-30,2.6237390080428957,SHIBOR_1W+利差调整,2.506452341376229,1.693269674709562,0,水平代理；不能复现原偏离度,False
2016-09-30,2.6237390080428953,SHIBOR_1W+利差调整,2.506452341376229,1.6932696747095621,0,水平代理；不能复现原偏离度,False
2016-10-08,2.588739008042896,SHIBOR_1W+利差调整,2.508369008042896,1.6935335080428957,0,水平代理；不能复现原偏离度,False
2016-10-08,2.588739008042896,SHIBOR_1W+利差调整,2.508369008042896,1.6935335080428957,0,水平代理；不能复现原偏离度,False
2016-10-09,2.5717390080428952,SHIBOR_1W+利差调整,2.510069008042896,1.6937973413762288,0,水平代理；不能复现原偏离度,False
2016-10-09,2.5717390080428952,SHIBOR_1W+利差调整,2.510069008042896,1.6937973413762288,0,水平代理；不能复现原偏离度,False
2016-10-10,2.556481124497992,SHIBOR_1W+利差调整,2.5113277911646588,1.693579624497992,0,水平代理；不能复现原偏离度,False
2016-10-10,2.556481124497992,SHIBOR_1W+利差调整,2.5113277911646588,1.693579624497992,0,水平代理；不能复现原偏离度,False
2016-10-11,2.5407390080428955,SHIBOR_1W+利差调整,2.512935674709562,1.693877674709562,0,水平代理；不能复现原偏离度,False
2016-10-11,2.5407390080428955,SHIBOR_1W+利差调整,2.512935674709562,1.693877674709562,0,水平代理；不能复现原偏离度,False
2016-10-12,2.5297390080428954,SHIBOR_1W+利差调整,2.514152341376229,1.6939178413762288,0,水平代理；不能复现原偏离度,False
2016-10-12,2.5297390080428954,SHIBOR_1W+利差调整,2.514152341376229,1.6939178413762288,0,水平代理；不能复现原偏离度,False
2016-10-13,2.5247390080428955,SHIBOR_1W+利差调整,2.5153190080428955,1.693958008042895,0,水平代理；不能复现原偏离度,False
2016-10-13,2.5247390080428955,SHIBOR_1W+利差调整,2.5153190080428955,1.693958008042895,0,水平代理；不能复现原偏离度,False
2016-10-14,2.5207390080428955,SHIBOR_1W+利差调整,2.516435674709562,1.693998174709562,0,水平代理；不能复现原偏离度,False
2016-10-14,2.5207390080428955,SHIBOR_1W+利差调整,2.516435674709562,1.693998174709562,0,水平代理；不能复现原偏离度,False
2016-10-17,2.5217390080428954,SHIBOR_1W+利差调整,2.517552341376229,1.6940383413762288,0,水平代理；不能复现原偏离度,False
2016-10-17,2.5217390080428954,SHIBOR_1W+利差调整,2.517552341376229,1.6940383413762288,0,水平代理；不能复现原偏离度,False
2016-10-18,2.5273106951871656,SHIBOR_1W+利差调整,2.5183406951871654,1.693650195187166,0,水平代理；不能复现原偏离度,False
2016-10-18,2.5273106951871656,SHIBOR_1W+利差调整,2.5183406951871654,1.693650195187166,0,水平代理；不能复现原偏离度,False
2016-10-19,2.5367390080428955,SHIBOR_1W+利差调整,2.5200856747095624,1.694118674709562,0,水平代理；不能复现原偏离度,False
2016-10-19,2.5367390080428955,SHIBOR_1W+利差调整,2.5200856747095624,1.694118674709562,0,水平代理；不能复现原偏离度,False
2016-10-20,2.5433106951871656,SHIBOR_1W+利差调整,2.520924028520499,1.693730528520499,0,水平代理；不能复现原偏离度,False
2016-10-20,2.5433106951871656,SHIBOR_1W+利差调整,2.520924028520499,1.693730528520499,0,水平代理；不能复现原偏离度,False
2016-10-21,2.547481124497992,SHIBOR_1W+利差调整,2.522244457831325,1.693941124497992,0,水平代理；不能复现原偏离度,False
2016-10-21,2.547481124497992,SHIBOR_1W+利差调整,2.522244457831325,1.693941124497992,0,水平代理；不能复现原偏离度,False
2016-10-24,2.5507390080428958,SHIBOR_1W+利差调整,2.523435674709562,1.6944908413762287,0,水平代理；不能复现原偏离度,False
2016-10-24,2.5507390080428953,SHIBOR_1W+利差调整,2.523435674709562,1.6944908413762287,0,水平代理；不能复现原偏离度,False
2016-10-25,2.550481124497992,SHIBOR_1W+利差调整,2.523911124497992,1.6945247911646588,0,水平代理；不能复现原偏离度,False
2016-10-25,2.550481124497992,SHIBOR_1W+利差调整,2.523911124497992,1.6945247911646588,0,水平代理；不能复现原偏离度,False
2016-10-26,2.555739008042895,SHIBOR_1W+利差调整,2.525002341376229,1.6950745080428953,0,水平代理；不能复现原偏离度,False
2016-10-26,2.555739008042895,SHIBOR_1W+利差调整,2.525002341376229,1.6950745080428953,0,水平代理；不能复现原偏离度,False
2016-10-27,2.557310695187166,SHIBOR_1W+利差调整,2.525624028520499,1.6949380285204991,0,水平代理；不能复现原偏离度,False
2016-10-27,2.557310695187166,SHIBOR_1W+利差调整,2.525624028520499,1.6949380285204991,0,水平代理；不能复现原偏离度,False
2016-10-28,2.561481124497992,SHIBOR_1W+利差调整,2.526994457831325,1.6954002911646588,0,水平代理；不能复现原偏离度,False
2016-10-28,2.561481124497992,SHIBOR_1W+利差调整,2.526994457831325,1.6954002911646588,0,水平代理；不能复现原偏离度,False
2016-10-31,2.564310695187166,SHIBOR_1W+利差调整,2.528157361853833,1.6955216951871657,0,水平代理；不能复现原偏离度,False
2016-10-31,2.564310695187166,SHIBOR_1W+利差调整,2.528157361853833,1.6955216951871657,0,水平代理；不能复现原偏离度,False
2016-11-01,2.5623106951871657,SHIBOR_1W+利差调整,2.5295573618538327,1.6958135285204992,0,水平代理；不能复现原偏离度,False
2016-11-01,2.5623106951871657,SHIBOR_1W+利差调整,2.5295573618538327,1.6958135285204992,0,水平代理；不能复现原偏离度,False
2016-11-02,2.560310695187166,SHIBOR_1W+利差调整,2.5310573618538323,1.6961053618538324,0,水平代理；不能复现原偏离度,False
2016-11-02,2.560310695187166,SHIBOR_1W+利差调整,2.5310573618538323,1.6961053618538324,0,水平代理；不能复现原偏离度,False
2016-11-03,2.5547390080428958,SHIBOR_1W+利差调整,2.533002341376229,1.6968255080428951,0,水平代理；不能复现原偏离度,False
2016-11-03,2.5547390080428953,SHIBOR_1W+利差调整,2.533002341376229,1.6968255080428953,0,水平代理；不能复现原偏离度,False
2016-11-04,2.5513106951871656,SHIBOR_1W+利差调整,2.5340573618538325,1.696689028520499,0,水平代理；不能复现原偏离度,False
2016-11-04,2.5513106951871656,SHIBOR_1W+利差调整,2.5340573618538325,1.696689028520499,0,水平代理；不能复现原偏离度,False
2016-11-07,2.545310695187166,SHIBOR_1W+利差调整,2.535424028520499,1.6967166951871655,0,水平代理；不能复现原偏离度,False
2016-11-07,2.545310695187166,SHIBOR_1W+利差调整,2.535424028520499,1.6967166951871655,0,水平代理；不能复现原偏离度,False
2016-11-08,2.5387390080428958,SHIBOR_1W+利差调整,2.5369690080428957,1.697172674709562,0,水平代理；不能复现原偏离度,False
2016-11-08,2.5387390080428953,SHIBOR_1W+利差调整,2.5369690080428953,1.697172674709562,0,水平代理；不能复现原偏离度,False
2016-11-09,2.535739008042895,SHIBOR_1W+利差调整,2.537919008042896,1.6972003413762289,0,水平代理；不能复现原偏离度,False
2016-11-09,2.535739008042895,SHIBOR_1W+利差调整,2.5379190080428957,1.6972003413762287,0,水平代理；不能复现原偏离度,False
2016-11-10,2.539739008042895,SHIBOR_1W+利差调整,2.538869008042896,1.6972280080428954,0,水平代理；不能复现原偏离度,False
2016-11-10,2.539739008042895,SHIBOR_1W+利差调整,2.538869008042896,1.6972280080428954,0,水平代理；不能复现原偏离度,False
2016-11-11,2.548310695187166,SHIBOR_1W+利差调整,2.539455695187166,1.6968273618538323,0,水平代理；不能复现原偏离度,False
2016-11-11,2.548310695187166,SHIBOR_1W+利差调整,2.539455695187166,1.6968273618538323,0,水平代理；不能复现原偏离度,False
2016-11-14,2.5537390080428954,SHIBOR_1W+利差调整,2.540950674709562,1.6972833413762287,0,水平代理；不能复现原偏离度,False
2016-11-14,2.5537390080428954,SHIBOR_1W+利差调整,2.540950674709562,1.6972833413762287,0,水平代理；不能复现原偏离度,False
2016-11-15,2.5617390080428954,SHIBOR_1W+利差调整,2.542117341376229,1.6973110080428957,0,水平代理；不能复现原偏离度,False
2016-11-15,2.5617390080428954,SHIBOR_1W+利差调整,2.542117341376229,1.6973110080428955,0,水平代理；不能复现原偏离度,False
2016-11-16,2.574739008042896,SHIBOR_1W+利差调整,2.5434673413762288,1.6973386747095622,0,水平代理；不能复现原偏离度,False
2016-11-16,2.574739008042896,SHIBOR_1W+利差调整,2.5434673413762288,1.6973386747095622,0,水平代理；不能复现原偏离度,False
2016-11-17,2.582739008042896,SHIBOR_1W+利差调整,2.544950674709562,1.6973663413762288,0,水平代理；不能复现原偏离度,False
2016-11-17,2.582739008042896,SHIBOR_1W+利差调整,2.544950674709562,1.6973663413762288,0,水平代理；不能复现原偏离度,False
2016-11-18,2.590739008042896,SHIBOR_1W+利差调整,2.5465723413762285,1.6973940080428955,0,水平代理；不能复现原偏离度,False
2016-11-18,2.590739008042896,SHIBOR_1W+利差调整,2.5465723413762285,1.6973940080428955,0,水平代理；不能复现原偏离度,False
2016-11-21,2.5943106951871657,SHIBOR_1W+利差调整,2.547744028520498,1.697598195187166,0,水平代理；不能复现原偏离度,False
2016-11-21,2.5943106951871657,SHIBOR_1W+利差调整,2.547744028520498,1.697598195187166,0,水平代理；不能复现原偏离度,False
2016-11-22,2.597004557640751,SHIBOR_1W+利差调整,2.549904557640751,1.6989245576407508,0,水平代理；不能复现原偏离度,False
2016-11-22,2.597004557640751,SHIBOR_1W+利差调整,2.549904557640751,1.6989245576407508,0,水平代理；不能复现原偏离度,False
2016-11-23,2.597310695187166,SHIBOR_1W+利差调整,2.550660695187166,1.698863195187166,0,水平代理；不能复现原偏离度,False
2016-11-23,2.597310695187166,SHIBOR_1W+利差调整,2.550660695187166,1.698863195187166,0,水平代理；不能复现原偏离度,False
2016-11-24,2.598739008042896,SHIBOR_1W+利差调整,2.5525890080428955,1.6999240080428957,0,水平代理；不能复现原偏离度,False
2016-11-24,2.598739008042896,SHIBOR_1W+利差调整,2.5525890080428955,1.6999240080428957,0,水平代理；不能复现原偏离度,False
2016-11-25,2.604739008042896,SHIBOR_1W+利差调整,2.554155674709562,1.7005565080428957,0,水平代理；不能复现原偏离度,False
2016-11-25,2.6047390080428956,SHIBOR_1W+利差调整,2.554155674709562,1.7005565080428955,0,水平代理；不能复现原偏离度,False
2016-11-28,2.612310695187166,SHIBOR_1W+利差调整,2.555394028520499,1.700760695187166,0,水平代理；不能复现原偏离度,False
2016-11-28,2.612310695187166,SHIBOR_1W+利差调整,2.555394028520499,1.700760695187166,0,水平代理；不能复现原偏离度,False
2016-11-29,2.6273106951871656,SHIBOR_1W+利差调整,2.557260695187166,1.701393195187166,0,水平代理；不能复现原偏离度,False
2016-11-29,2.6273106951871656,SHIBOR_1W+利差调整,2.557260695187166,1.701393195187166,0,水平代理；不能复现原偏离度,False
2016-11-30,2.6427390080428954,SHIBOR_1W+利差调整,2.5598223413762287,1.7024540080428956,0,水平代理；不能复现原偏离度,False
2016-11-30,2.6427390080428954,SHIBOR_1W+利差调整,2.5598223413762287,1.7024540080428956,0,水平代理；不能复现原偏离度,False
2016-12-01,2.648739008042895,SHIBOR_1W+利差调整,2.562039008042896,1.7030865080428954,0,水平代理；不能复现原偏离度,False
2016-12-01,2.648739008042895,SHIBOR_1W+利差调整,2.5620390080428956,1.7030865080428954,0,水平代理；不能复现原偏离度,False
2016-12-02,2.647739008042896,SHIBOR_1W+利差调整,2.5642390080428954,1.7037190080428954,0,水平代理；不能复现原偏离度,False
2016-12-02,2.647739008042896,SHIBOR_1W+利差调整,2.5642390080428954,1.7037190080428954,0,水平代理；不能复现原偏离度,False
2016-12-05,2.6440045576407507,SHIBOR_1W+利差调整,2.5666545576407507,1.704002890974084,0,水平代理；不能复现原偏离度,False
2016-12-05,2.6440045576407507,SHIBOR_1W+利差调整,2.5666545576407507,1.704002890974084,0,水平代理；不能复现原偏离度,False
2016-12-06,2.6400045576407507,SHIBOR_1W+利差调整,2.5687378909740843,1.704021224307417,0,水平代理；不能复现原偏离度,False
2016-12-06,2.6400045576407507,SHIBOR_1W+利差调整,2.5687378909740843,1.704021224307417,0,水平代理；不能复现原偏离度,False
2016-12-07,2.6377390080428955,SHIBOR_1W+利差调整,2.5704890080428955,1.7037740080428954,0,水平代理；不能复现原偏离度,False
2016-12-07,2.6377390080428955,SHIBOR_1W+利差调整,2.5704890080428955,1.7037740080428954,0,水平代理；不能复现原偏离度,False
2016-12-08,2.6375390080428955,SHIBOR_1W+利差调整,2.572394008042895,1.7037923413762288,0,水平代理；不能复现原偏离度,False
2016-12-08,2.6375390080428955,SHIBOR_1W+利差调整,2.572394008042895,1.7037923413762288,0,水平代理；不能复现原偏离度,False
2016-12-09,2.639539008042896,SHIBOR_1W+利差调整,2.5743073413762287,1.703810674709562,0,水平代理；不能复现原偏离度,False
2016-12-09,2.639539008042896,SHIBOR_1W+利差调整,2.5743073413762287,1.703810674709562,0,水平代理；不能复现原偏离度,False
2016-12-12,2.640310695187166,SHIBOR_1W+利差调整,2.575687361853832,1.703400695187166,0,水平代理；不能复现原偏离度,False
2016-12-12,2.640310695187166,SHIBOR_1W+利差调整,2.575687361853832,1.703400695187166,0,水平代理；不能复现原偏离度,False
2016-12-13,2.6427390080428954,SHIBOR_1W+利差调整,2.577849008042896,1.7038473413762287,0,水平代理；不能复现原偏离度,False
2016-12-13,2.6427390080428954,SHIBOR_1W+利差调整,2.577849008042896,1.7038473413762287,0,水平代理；不能复现原偏离度,False
2016-12-14,2.6457390080428955,SHIBOR_1W+利差调整,2.579599008042896,1.703865674709562,0,水平代理；不能复现原偏离度,False
2016-12-14,2.6457390080428955,SHIBOR_1W+利差调整,2.579599008042896,1.703865674709562,0,水平代理；不能复现原偏离度,False
2016-12-15,2.651739008042896,SHIBOR_1W+利差调整,2.581399008042895,1.7038840080428954,0,水平代理；不能复现原偏离度,False
2016-12-15,2.651739008042896,SHIBOR_1W+利差调整,2.581399008042895,1.7038840080428954,0,水平代理；不能复现原偏离度,False
2016-12-16,2.665481124497992,SHIBOR_1W+利差调整,2.583124457831325,1.7036444578313252,0,水平代理；不能复现原偏离度,False
2016-12-16,2.665481124497992,SHIBOR_1W+利差调整,2.583124457831325,1.7036444578313252,0,水平代理；不能复现原偏离度,False
2016-12-19,2.6717390080428958,SHIBOR_1W+利差调整,2.585382341376229,1.7043715080428954,0,水平代理；不能复现原偏离度,False
2016-12-19,2.6717390080428953,SHIBOR_1W+利差调整,2.585382341376229,1.7043715080428954,0,水平代理；不能复现原偏离度,False
2016-12-20,2.683810695187166,SHIBOR_1W+利差调整,2.5871123618538325,1.7044123618538325,0,水平代理；不能复现原偏离度,False
2016-12-20,2.683810695187166,SHIBOR_1W+利差调整,2.5871123618538325,1.7044123618538325,0,水平代理；不能复现原偏离度,False
2016-12-21,2.6907390080428955,SHIBOR_1W+利差调整,2.589840674709562,1.7053098413762289,0,水平代理；不能复现原偏离度,False
2016-12-21,2.6907390080428955,SHIBOR_1W+利差调整,2.589840674709562,1.7053098413762287,0,水平代理；不能复现原偏离度,False
2016-12-22,2.6907390080428955,SHIBOR_1W+利差调整,2.591590674709562,1.7057790080428954,0,水平代理；不能复现原偏离度,False
2016-12-22,2.6907390080428955,SHIBOR_1W+利差调整,2.591590674709562,1.7057790080428954,0,水平代理；不能复现原偏离度,False
2016-12-23,2.689739008042896,SHIBOR_1W+利差调整,2.592990674709562,1.706248174709562,0,水平代理；不能复现原偏离度,False
2016-12-23,2.689739008042896,SHIBOR_1W+利差调整,2.592990674709562,1.706248174709562,0,水平代理；不能复现原偏离度,False
2016-12-26,2.691739008042896,SHIBOR_1W+利差调整,2.5941406747095623,1.7067173413762289,0,水平代理；不能复现原偏离度,False
2016-12-26,2.6917390080428953,SHIBOR_1W+利差调整,2.5941406747095623,1.7067173413762289,0,水平代理；不能复现原偏离度,False
2016-12-27,2.693310695187166,SHIBOR_1W+利差调整,2.594712361853832,1.7067581951871658,0,水平代理；不能复现原偏离度,False
2016-12-27,2.693310695187166,SHIBOR_1W+利差调整,2.594712361853832,1.7067581951871658,0,水平代理；不能复现原偏离度,False
2016-12-28,2.6913106951871657,SHIBOR_1W+利差调整,2.595845695187166,1.7072273618538325,0,水平代理；不能复现原偏离度,False
2016-12-28,2.6913106951871657,SHIBOR_1W+利差调整,2.595845695187166,1.7072273618538325,0,水平代理；不能复现原偏离度,False
2016-12-29,2.6907390080428955,SHIBOR_1W+利差调整,2.5979740080428955,1.7081248413762289,0,水平代理；不能复现原偏离度,False
2016-12-29,2.6907390080428955,SHIBOR_1W+利差调整,2.5979740080428955,1.7081248413762289,0,水平代理；不能复现原偏离度,False
2016-12-30,2.689739008042896,SHIBOR_1W+利差调整,2.599940674709562,1.7085940080428954,0,水平代理；不能复现原偏离度,False
2016-12-30,2.6897390080428956,SHIBOR_1W+利差调整,2.599940674709562,1.7085940080428954,0,水平代理；不能复现原偏离度,False
2017-01-03,2.7357390080428954,SHIBOR_1W+利差调整,2.6029240080428955,1.7086690080428957,0,水平代理；不能复现原偏离度,False
2017-01-03,2.7357390080428954,SHIBOR_1W+利差调整,2.6029240080428955,1.7086690080428957,0,水平代理；不能复现原偏离度,False
2017-01-04,2.691481124497992,SHIBOR_1W+利差调整,2.605182791164659,1.7084861244979923,0,水平代理；不能复现原偏离度,False
2017-01-04,2.691481124497992,SHIBOR_1W+利差调整,2.605182791164659,1.7084861244979923,0,水平代理；不能复现原偏离度,False
2017-01-05,2.620310695187166,SHIBOR_1W+利差调整,2.606529028520499,1.7083906951871657,0,水平代理；不能复现原偏离度,False
2017-01-05,2.620310695187166,SHIBOR_1W+利差调整,2.606529028520499,1.7083906951871657,0,水平代理；不能复现原偏离度,False
2017-01-06,2.5877390080428957,SHIBOR_1W+利差调整,2.608007341376229,1.7088940080428954,0,水平代理；不能复现原偏离度,False
2017-01-06,2.5877390080428953,SHIBOR_1W+利差调整,2.608007341376229,1.7088940080428954,0,水平代理；不能复现原偏离度,False
2017-01-09,2.556310695187166,SHIBOR_1W+利差调整,2.6081790285204987,1.7085406951871658,0,水平代理；不能复现原偏离度,False
2017-01-09,2.556310695187166,SHIBOR_1W+利差调整,2.6081790285204987,1.7085406951871658,0,水平代理；不能复现原偏离度,False
2017-01-10,2.5457390080428954,SHIBOR_1W+利差调整,2.6090073413762283,1.7090440080428957,0,水平代理；不能复现原偏离度,False
2017-01-10,2.5457390080428954,SHIBOR_1W+利差调整,2.6090073413762283,1.7090440080428955,0,水平代理；不能复现原偏离度,False
2017-01-11,2.5367390080428955,SHIBOR_1W+利差调整,2.609157341376229,1.7091190080428955,0,水平代理；不能复现原偏离度,False
2017-01-11,2.5367390080428955,SHIBOR_1W+利差调整,2.609157341376229,1.7091190080428955,0,水平代理；不能复现原偏离度,False
2017-01-12,2.5407390080428955,SHIBOR_1W+利差调整,2.609224008042895,1.7091940080428951,0,水平代理；不能复现原偏离度,False
2017-01-12,2.5407390080428955,SHIBOR_1W+利差调整,2.609224008042895,1.7091940080428953,0,水平代理；不能复现原偏离度,False
2017-01-13,2.5447390080428955,SHIBOR_1W+利差调整,2.6092406747095622,1.7092690080428954,0,水平代理；不能复现原偏离度,False
2017-01-13,2.5447390080428955,SHIBOR_1W+利差调整,2.6092406747095622,1.7092690080428954,0,水平代理；不能复现原偏离度,False
2017-01-16,2.570381124497992,SHIBOR_1W+利差调整,2.609364457831325,1.7090861244979922,0,水平代理；不能复现原偏离度,False
2017-01-16,2.570381124497992,SHIBOR_1W+利差调整,2.609364457831325,1.7090861244979922,0,水平代理；不能复现原偏离度,False
2017-01-17,2.612910695187166,SHIBOR_1W+利差调整,2.6102373618538324,1.7090378618538324,0,水平代理；不能复现原偏离度,False
2017-01-17,2.612910695187166,SHIBOR_1W+利差调整,2.6102373618538324,1.7090378618538324,0,水平代理；不能复现原偏离度,False
2017-01-18,2.6509390080428954,SHIBOR_1W+利差调整,2.6123356747095623,1.7095883413762287,0,水平代理；不能复现原偏离度,False
2017-01-18,2.6509390080428954,SHIBOR_1W+利差调整,2.6123356747095623,1.7095883413762287,0,水平代理；不能复现原偏离度,False
2017-01-19,2.6847390080428952,SHIBOR_1W+利差调整,2.614485674709562,1.7097105080428954,0,水平代理；不能复现原偏离度,False
2017-01-19,2.6847390080428952,SHIBOR_1W+利差调整,2.614485674709562,1.7097105080428954,0,水平代理；不能复现原偏离度,False
2017-01-20,2.739481124497992,SHIBOR_1W+利差调整,2.617261124497992,1.7095747911646588,0,水平代理；不能复现原偏离度,False
2017-01-20,2.739481124497992,SHIBOR_1W+利差调整,2.617261124497992,1.7095747911646588,0,水平代理；不能复现原偏离度,False
2017-01-22,2.753739008042896,SHIBOR_1W+利差调整,2.6207190080428955,1.7099548413762289,0,水平代理；不能复现原偏离度,False
2017-01-22,2.753739008042896,SHIBOR_1W+利差调整,2.6207190080428955,1.7099548413762289,0,水平代理；不能复现原偏离度,False
2017-01-23,2.7837390080428954,SHIBOR_1W+利差调整,2.6243690080428954,1.7100770080428955,0,水平代理；不能复现原偏离度,False
2017-01-23,2.7837390080428954,SHIBOR_1W+利差调整,2.6243690080428954,1.7100770080428955,0,水平代理；不能复现原偏离度,False
2017-01-24,2.8083106951871657,SHIBOR_1W+利差调整,2.628040695187165,1.7097708618538323,0,水平代理；不能复现原偏离度,False
2017-01-24,2.8083106951871657,SHIBOR_1W+利差调整,2.628040695187165,1.7097708618538323,0,水平代理；不能复现原偏离度,False
2017-01-25,2.830739008042896,SHIBOR_1W+利差调整,2.632969008042896,1.7103213413762288,0,水平代理；不能复现原偏离度,False
2017-01-25,2.830739008042896,SHIBOR_1W+利差调整,2.632969008042896,1.7103213413762288,0,水平代理；不能复现原偏离度,False
2017-01-26,2.837739008042896,SHIBOR_1W+利差调整,2.637685674709562,1.7104435080428957,0,水平代理；不能复现原偏离度,False
2017-01-26,2.837739008042896,SHIBOR_1W+利差调整,2.637685674709562,1.7104435080428957,0,水平代理；不能复现原偏离度,False
2017-02-03,2.7987390080428955,SHIBOR_1W+利差调整,2.641802341376229,1.710565674709562,0,水平代理；不能复现原偏离度,False
2017-02-03,2.7987390080428955,SHIBOR_1W+利差调整,2.641802341376229,1.710565674709562,0,水平代理；不能复现原偏离度,False
2017-02-04,2.7947390080428955,SHIBOR_1W+利差调整,2.6459523413762285,1.710669841376229,0,水平代理；不能复现原偏离度,False
2017-02-04,2.7947390080428955,SHIBOR_1W+利差调整,2.6459523413762285,1.710669841376229,0,水平代理；不能复现原偏离度,False
2017-02-06,2.774310695187166,SHIBOR_1W+利差调整,2.6494573618538326,1.7103456951871656,0,水平代理；不能复现原偏离度,False
2017-02-06,2.774310695187166,SHIBOR_1W+利差调整,2.6494573618538326,1.7103456951871656,0,水平代理；不能复现原偏离度,False
2017-02-07,2.775039008042896,SHIBOR_1W+利差调整,2.653874008042896,1.7108781747095625,0,水平代理；不能复现原偏离度,False
2017-02-07,2.775039008042896,SHIBOR_1W+利差调整,2.653874008042896,1.7108781747095625,0,水平代理；不能复现原偏离度,False
2017-02-08,2.7797390080428954,SHIBOR_1W+利差调整,2.657874008042896,1.7109823413762288,0,水平代理；不能复现原偏离度,False
2017-02-08,2.7797390080428954,SHIBOR_1W+利差调整,2.6578740080428958,1.7109823413762288,0,水平代理；不能复现原偏离度,False
2017-02-09,2.7807390080428958,SHIBOR_1W+利差调整,2.6617406747095624,1.7110865080428956,0,水平代理；不能复现原偏离度,False
2017-02-09,2.7807390080428953,SHIBOR_1W+利差调整,2.6617406747095624,1.7110865080428956,0,水平代理；不能复现原偏离度,False
2017-02-10,2.7700390080428954,SHIBOR_1W+利差调整,2.6653456747095623,1.7111906747095622,0,水平代理；不能复现原偏离度,False
2017-02-10,2.7700390080428954,SHIBOR_1W+利差调整,2.6653456747095623,1.7111906747095622,0,水平代理；不能复现原偏离度,False
2017-02-13,2.769310695187166,SHIBOR_1W+利差调整,2.668384028520499,1.7108665285204991,0,水平代理；不能复现原偏离度,False
2017-02-13,2.769310695187166,SHIBOR_1W+利差调整,2.668384028520499,1.7108665285204991,0,水平代理；不能复现原偏离度,False
2017-02-14,2.7675390080428954,SHIBOR_1W+利差调整,2.672025674709562,1.7113990080428956,0,水平代理；不能复现原偏离度,False
2017-02-14,2.7675390080428954,SHIBOR_1W+利差调整,2.672025674709562,1.7113990080428956,0,水平代理；不能复现原偏离度,False
2017-02-15,2.773739008042895,SHIBOR_1W+利差调整,2.675209008042896,1.7115031747095624,0,水平代理；不能复现原偏离度,False
2017-02-15,2.773739008042895,SHIBOR_1W+利差调整,2.675209008042896,1.7115031747095624,0,水平代理；不能复现原偏离度,False
2017-02-16,2.790239008042896,SHIBOR_1W+利差调整,2.678534008042896,1.711607341376229,0,水平代理；不能复现原偏离度,False
2017-02-16,2.7902390080428954,SHIBOR_1W+利差调整,2.6785340080428957,1.711607341376229,0,水平代理；不能复现原偏离度,False
2017-02-17,2.810739008042896,SHIBOR_1W+利差调整,2.682134008042896,1.7117010080428956,0,水平代理；不能复现原偏离度,False
2017-02-17,2.810739008042896,SHIBOR_1W+利差调整,2.682134008042896,1.7117010080428956,0,水平代理；不能复现原偏离度,False
2017-02-20,2.8217390080428952,SHIBOR_1W+利差调整,2.6858840080428954,1.7117946747095625,0,水平代理；不能复现原偏离度,False
2017-02-20,2.8217390080428952,SHIBOR_1W+利差调整,2.6858840080428954,1.7117946747095623,0,水平代理；不能复现原偏离度,False
2017-02-21,2.8377390080428957,SHIBOR_1W+利差调整,2.6898840080428954,1.711888341376229,0,水平代理；不能复现原偏离度,False
2017-02-21,2.8377390080428953,SHIBOR_1W+利差调整,2.6898840080428954,1.711888341376229,0,水平代理；不能复现原偏离度,False
2017-02-22,2.852739008042896,SHIBOR_1W+利差调整,2.6941173413762285,1.7119820080428956,0,水平代理；不能复现原偏离度,False
2017-02-22,2.8527390080428954,SHIBOR_1W+利差调整,2.6941173413762285,1.7119820080428956,0,水平代理；不能复现原偏离度,False
2017-02-23,2.862739008042896,SHIBOR_1W+利差调整,2.6984173413762287,1.7120756747095625,0,水平代理；不能复现原偏离度,False
2017-02-23,2.8627390080428956,SHIBOR_1W+利差调整,2.6984173413762287,1.7120756747095625,0,水平代理；不能复现原偏离度,False
2017-02-24,2.8717390080428955,SHIBOR_1W+利差调整,2.702734008042896,1.7121693413762291,0,水平代理；不能复现原偏离度,False
2017-02-24,2.8717390080428955,SHIBOR_1W+利差调整,2.7027340080428957,1.7121693413762291,0,水平代理；不能复现原偏离度,False
2017-02-27,2.8577390080428957,SHIBOR_1W+利差调整,2.706567341376229,1.7122630080428958,0,水平代理；不能复现原偏离度,False
2017-02-27,2.8577390080428953,SHIBOR_1W+利差调整,2.706567341376229,1.7122630080428958,0,水平代理；不能复现原偏离度,False
2017-02-28,2.874739008042896,SHIBOR_1W+利差调整,2.7104340080428955,1.7123566747095624,0,水平代理；不能复现原偏离度,False
2017-02-28,2.8747390080428956,SHIBOR_1W+利差调整,2.7104340080428955,1.7123566747095624,0,水平代理；不能复现原偏离度,False
2017-03-01,2.8757390080428955,SHIBOR_1W+利差调整,2.7142173413762287,1.712450341376229,0,水平代理；不能复现原偏离度,False
2017-03-01,2.8757390080428955,SHIBOR_1W+利差调整,2.7142173413762287,1.712450341376229,0,水平代理；不能复现原偏离度,False
2017-03-02,2.878739008042896,SHIBOR_1W+利差调整,2.7180673413762286,1.7125440080428955,0,水平代理；不能复现原偏离度,False
2017-03-02,2.8787390080428956,SHIBOR_1W+利差调整,2.7180673413762286,1.7125440080428957,0,水平代理；不能复现原偏离度,False
2017-03-03,2.805739008042895,SHIBOR_1W+利差调整,2.720767341376229,1.7126295080428957,0,水平代理；不能复现原偏离度,False
2017-03-03,2.805739008042895,SHIBOR_1W+利差调整,2.720767341376229,1.7126295080428957,0,水平代理；不能复现原偏离度,False
2017-03-06,2.7927390080428958,SHIBOR_1W+利差调整,2.723317341376229,1.7127150080428957,0,水平代理；不能复现原偏离度,False
2017-03-06,2.7927390080428953,SHIBOR_1W+利差调整,2.723317341376229,1.7127150080428957,0,水平代理；不能复现原偏离度,False
2017-03-07,2.7907390080428955,SHIBOR_1W+利差调整,2.725867341376229,1.7128005080428956,0,水平代理；不能复现原偏离度,False
2017-03-07,2.7907390080428955,SHIBOR_1W+利差调整,2.725867341376229,1.7128005080428956,0,水平代理；不能复现原偏离度,False
2017-03-08,2.801739008042895,SHIBOR_1W+利差调整,2.7286040080428955,1.7128860080428956,0,水平代理；不能复现原偏离度,False
2017-03-08,2.801739008042895,SHIBOR_1W+利差调整,2.7286040080428955,1.7128860080428956,0,水平代理；不能复现原偏离度,False
2017-03-09,2.805739008042895,SHIBOR_1W+利差调整,2.731374008042896,1.7129715080428956,0,水平代理；不能复现原偏离度,False
2017-03-09,2.805739008042895,SHIBOR_1W+利差调整,2.731374008042896,1.7129715080428956,0,水平代理；不能复现原偏离度,False
2017-03-10,2.801739008042895,SHIBOR_1W+利差调整,2.734057341376229,1.7130570080428955,0,水平代理；不能复现原偏离度,False
2017-03-10,2.801739008042895,SHIBOR_1W+利差调整,2.734057341376229,1.7130570080428955,0,水平代理；不能复现原偏离度,False
2017-03-13,2.7957390080428954,SHIBOR_1W+利差调整,2.736607341376229,1.7131425080428957,0,水平代理；不能复现原偏离度,False
2017-03-13,2.7957390080428954,SHIBOR_1W+利差调整,2.736607341376229,1.7131425080428955,0,水平代理；不能复现原偏离度,False
2017-03-14,2.7987390080428955,SHIBOR_1W+利差调整,2.7391573413762287,1.7132280080428954,0,水平代理；不能复现原偏离度,False
2017-03-14,2.7987390080428955,SHIBOR_1W+利差调整,2.7391573413762287,1.7132280080428954,0,水平代理；不能复现原偏离度,False
2017-03-15,2.802739008042896,SHIBOR_1W+利差调整,2.7416740080428954,1.7133135080428954,0,水平代理；不能复现原偏离度,False
2017-03-15,2.8027390080428956,SHIBOR_1W+利差调整,2.7416740080428954,1.7133135080428954,0,水平代理；不能复现原偏离度,False
2017-03-16,2.8405390080428954,SHIBOR_1W+利差调整,2.7445873413762287,1.7133990080428954,0,水平代理；不能复现原偏离度,False
2017-03-16,2.8405390080428954,SHIBOR_1W+利差调整,2.7445873413762287,1.7133990080428954,0,水平代理；不能复现原偏离度,False
2017-03-17,2.8717390080428955,SHIBOR_1W+利差调整,2.747920674709562,1.7137795080428957,0,水平代理；不能复现原偏离度,False
2017-03-17,2.8717390080428955,SHIBOR_1W+利差调整,2.747920674709562,1.7137795080428955,0,水平代理；不能复现原偏离度,False
2017-03-20,2.8938390080428955,SHIBOR_1W+利差调整,2.7514140080428957,1.7141600080428954,0,水平代理；不能复现原偏离度,False
2017-03-20,2.8938390080428955,SHIBOR_1W+利差调整,2.7514140080428953,1.7141600080428954,0,水平代理；不能复现原偏离度,False
2017-03-21,2.914739008042895,SHIBOR_1W+利差调整,2.755147341376229,1.7145405080428953,0,水平代理；不能复现原偏离度,False
2017-03-21,2.914739008042895,SHIBOR_1W+利差调整,2.755147341376229,1.7145405080428953,0,水平代理；不能复现原偏离度,False
2017-03-22,2.937739008042896,SHIBOR_1W+利差调整,2.759264008042896,1.7149210080428954,0,水平代理；不能复现原偏离度,False
2017-03-22,2.9377390080428953,SHIBOR_1W+利差调整,2.7592640080428956,1.7149210080428954,0,水平代理；不能复现原偏离度,False
2017-03-23,2.953739008042896,SHIBOR_1W+利差调整,2.763664008042896,1.7153015080428953,0,水平代理；不能复现原偏离度,False
2017-03-23,2.9537390080428954,SHIBOR_1W+利差调整,2.7636640080428956,1.7153015080428953,0,水平代理；不能复现原偏离度,False
2017-03-24,2.930739008042895,SHIBOR_1W+利差调整,2.7676473413762293,1.7156820080428954,0,水平代理；不能复现原偏离度,False
2017-03-24,2.930739008042895,SHIBOR_1W+利差调整,2.7676473413762293,1.7156820080428954,0,水平代理；不能复现原偏离度,False
2017-03-27,2.9460390080428955,SHIBOR_1W+利差调整,2.7718523413762286,1.7160625080428953,0,水平代理；不能复现原偏离度,False
2017-03-27,2.9460390080428955,SHIBOR_1W+利差调整,2.7718523413762286,1.7160625080428953,0,水平代理；不能复现原偏离度,False
2017-03-28,2.937739008042896,SHIBOR_1W+利差调整,2.7759523413762293,1.7164430080428952,0,水平代理；不能复现原偏离度,False
2017-03-28,2.9377390080428953,SHIBOR_1W+利差调整,2.7759523413762293,1.7164430080428952,0,水平代理；不能复现原偏离度,False
2017-03-29,2.9567390080428955,SHIBOR_1W+利差调整,2.7803856747095623,1.7168235080428953,0,水平代理；不能复现原偏离度,False
2017-03-29,2.9567390080428955,SHIBOR_1W+利差调整,2.7803856747095623,1.7168235080428953,0,水平代理；不能复现原偏离度,False
2017-03-30,2.967739008042896,SHIBOR_1W+利差调整,2.785019008042896,1.7172040080428952,0,水平代理；不能复现原偏离度,False
2017-03-30,2.9677390080428956,SHIBOR_1W+利差调整,2.7850190080428954,1.7172040080428952,0,水平代理；不能复现原偏离度,False
2017-03-31,2.9967390080428955,SHIBOR_1W+利差调整,2.7893690080428954,1.7172358413762283,0,水平代理；不能复现原偏离度,False
2017-03-31,2.9967390080428955,SHIBOR_1W+利差调整,2.7893690080428954,1.7172358413762285,0,水平代理；不能复现原偏离度,False
2017-04-01,2.9247390080428954,SHIBOR_1W+利差调整,2.793252341376229,1.717267674709562,0,水平代理；不能复现原偏离度,False
2017-04-01,2.9247390080428954,SHIBOR_1W+利差调整,2.793252341376229,1.7172676747095619,0,水平代理；不能复现原偏离度,False
2017-04-05,2.886739008042896,SHIBOR_1W+利差调整,2.7976856747095624,1.7172995080428952,0,水平代理；不能复现原偏离度,False
2017-04-05,2.8867390080428956,SHIBOR_1W+利差调整,2.7976856747095624,1.7172995080428952,0,水平代理；不能复现原偏离度,False
2017-04-06,2.897339008042896,SHIBOR_1W+利差调整,2.8028456747095616,1.7173313413762286,0,水平代理；不能复现原偏离度,False
2017-04-06,2.8973390080428953,SHIBOR_1W+利差调整,2.8028456747095616,1.7173313413762286,0,水平代理；不能复现原偏离度,False
2017-04-07,2.8877390080428955,SHIBOR_1W+利差调整,2.808362341376229,1.717363174709562,0,水平代理；不能复现原偏离度,False
2017-04-07,2.8877390080428955,SHIBOR_1W+利差调整,2.808362341376229,1.717363174709562,0,水平代理；不能复现原偏离度,False
2017-04-10,2.8537390080428957,SHIBOR_1W+利差调整,2.8134956747095625,1.7173950080428952,0,水平代理；不能复现原偏离度,False
2017-04-10,2.8537390080428953,SHIBOR_1W+利差调整,2.8134956747095625,1.7173950080428952,0,水平代理；不能复现原偏离度,False
2017-04-11,2.8337390080428952,SHIBOR_1W+利差调整,2.8184456747095625,1.7174268413762286,0,水平代理；不能复现原偏离度,False
2017-04-11,2.8337390080428952,SHIBOR_1W+利差调整,2.8184456747095625,1.7174268413762286,0,水平代理；不能复现原偏离度,False
2017-04-12,2.8098390080428954,SHIBOR_1W+利差调整,2.822930674709562,1.717458674709562,0,水平代理；不能复现原偏离度,False
2017-04-12,2.8098390080428954,SHIBOR_1W+利差调整,2.822930674709562,1.717458674709562,0,水平代理；不能复现原偏离度,False
2017-04-13,2.8033390080428955,SHIBOR_1W+利差调整,2.827240674709562,1.7174905080428953,0,水平代理；不能复现原偏离度,False
2017-04-13,2.8033390080428955,SHIBOR_1W+利差调整,2.827240674709562,1.7174905080428953,0,水平代理；不能复现原偏离度,False
2017-04-14,2.820739008042896,SHIBOR_1W+利差调整,2.8314090080428955,1.7175223413762286,0,水平代理；不能复现原偏离度,False
2017-04-14,2.8207390080428953,SHIBOR_1W+利差调整,2.8314090080428955,1.7175223413762286,0,水平代理；不能复现原偏离度,False
2017-04-17,2.836739008042896,SHIBOR_1W+利差调整,2.835132341376229,1.717630841376229,0,水平代理；不能复现原偏离度,False
2017-04-17,2.8367390080428954,SHIBOR_1W+利差调整,2.835132341376229,1.7176308413762287,0,水平代理；不能复现原偏离度,False
2017-04-18,2.864239008042895,SHIBOR_1W+利差调整,2.838687341376229,1.7177393413762283,0,水平代理；不能复现原偏离度,False
2017-04-18,2.864239008042895,SHIBOR_1W+利差调整,2.838687341376229,1.7177393413762285,0,水平代理；不能复现原偏离度,False
2017-04-19,2.898739008042895,SHIBOR_1W+利差调整,2.8422540080428957,1.7178478413762286,0,水平代理；不能复现原偏离度,False
2017-04-19,2.898739008042895,SHIBOR_1W+利差调整,2.8422540080428953,1.7178478413762286,0,水平代理；不能复现原偏离度,False
2017-04-20,2.9047390080428954,SHIBOR_1W+利差调整,2.845004008042895,1.7179563413762289,0,水平代理；不能复现原偏离度,False
2017-04-20,2.9047390080428954,SHIBOR_1W+利差调整,2.845004008042895,1.7179563413762287,0,水平代理；不能复现原偏离度,False
2017-04-21,2.906739008042895,SHIBOR_1W+利差调整,2.8475540080428954,1.7180648413762287,0,水平代理；不能复现原偏离度,False
2017-04-21,2.906739008042895,SHIBOR_1W+利差调整,2.8475540080428954,1.7180648413762287,0,水平代理；不能复现原偏离度,False
2017-04-24,2.9367390080428954,SHIBOR_1W+利差调整,2.850104008042896,1.7181733413762286,0,水平代理；不能复现原偏离度,False
2017-04-24,2.9367390080428954,SHIBOR_1W+利差调整,2.8501040080428957,1.7181733413762286,0,水平代理；不能复现原偏离度,False
2017-04-25,2.9607390080428955,SHIBOR_1W+利差调整,2.852637341376229,1.7182818413762286,0,水平代理；不能复现原偏离度,False
2017-04-25,2.9607390080428955,SHIBOR_1W+利差调整,2.852637341376229,1.7182818413762286,0,水平代理；不能复现原偏离度,False
2017-04-26,2.9670390080428954,SHIBOR_1W+利差调整,2.8549090080428954,1.7183903413762287,0,水平代理；不能复现原偏离度,False
2017-04-26,2.9670390080428954,SHIBOR_1W+利差调整,2.8549090080428954,1.7183903413762287,0,水平代理；不能复现原偏离度,False
2017-04-27,2.9916390080428954,SHIBOR_1W+利差调整,2.857474008042895,1.7184988413762283,0,水平代理；不能复现原偏离度,False
2017-04-27,2.9916390080428954,SHIBOR_1W+利差调整,2.857474008042895,1.7184988413762285,0,水平代理；不能复现原偏离度,False
2017-04-28,3.0166390080428958,SHIBOR_1W+利差调整,2.8611056747095622,1.7186073413762286,0,水平代理；不能复现原偏离度,False
2017-04-28,3.0166390080428953,SHIBOR_1W+利差调整,2.8611056747095622,1.7186073413762286,0,水平代理；不能复现原偏离度,False
2017-05-02,3.019739008042896,SHIBOR_1W+利差调整,2.864855674709562,1.718849674709562,0,水平代理；不能复现原偏离度,False
2017-05-02,3.0197390080428956,SHIBOR_1W+利差调整,2.864855674709562,1.718849674709562,0,水平代理；不能复现原偏离度,False
2017-05-03,3.0597390080428952,SHIBOR_1W+利差调整,2.869605674709562,1.7190920080428953,0,水平代理；不能复现原偏离度,False
2017-05-03,3.0597390080428952,SHIBOR_1W+利差调整,2.869605674709562,1.7190920080428953,0,水平代理；不能复现原偏离度,False
2017-05-04,3.0737390080428955,SHIBOR_1W+利差调整,2.8745840080428957,1.7193343413762288,0,水平代理；不能复现原偏离度,False
2017-05-04,3.0737390080428955,SHIBOR_1W+利差调整,2.8745840080428953,1.7193343413762288,0,水平代理；不能复现原偏离度,False
2017-05-05,3.0653390080428955,SHIBOR_1W+利差调整,2.879344008042895,1.7195766747095622,0,水平代理；不能复现原偏离度,False
2017-05-05,3.0653390080428955,SHIBOR_1W+利差调整,2.879344008042895,1.7195766747095622,0,水平代理；不能复现原偏离度,False
2017-05-08,3.0558390080428954,SHIBOR_1W+利差调整,2.8839290080428954,1.7198190080428954,0,水平代理；不能复现原偏离度,False
2017-05-08,3.0558390080428954,SHIBOR_1W+利差调整,2.8839290080428954,1.7198190080428954,0,水平代理；不能复现原偏离度,False
2017-05-09,3.070039008042895,SHIBOR_1W+利差调整,2.8889290080428958,1.720061341376229,0,水平代理；不能复现原偏离度,False
2017-05-09,3.070039008042895,SHIBOR_1W+利差调整,2.8889290080428953,1.720061341376229,0,水平代理；不能复现原偏离度,False
2017-05-10,3.076739008042896,SHIBOR_1W+利差调整,2.8940456747095618,1.720303674709562,0,水平代理；不能复现原偏离度,False
2017-05-10,3.0767390080428956,SHIBOR_1W+利差调整,2.8940456747095618,1.7203036747095621,0,水平代理；不能复现原偏离度,False
2017-05-11,3.076139008042895,SHIBOR_1W+利差调整,2.8991890080428955,1.7205460080428956,0,水平代理；不能复现原偏离度,False
2017-05-11,3.076139008042895,SHIBOR_1W+利差调整,2.8991890080428955,1.7205460080428956,0,水平代理；不能复现原偏离度,False
2017-05-12,3.0574390080428957,SHIBOR_1W+利差调整,2.9039173413762285,1.720788341376229,0,水平代理；不能复现原偏离度,False
2017-05-12,3.0574390080428953,SHIBOR_1W+利差调整,2.9039173413762285,1.720788341376229,0,水平代理；不能复现原偏离度,False
2017-05-15,3.030039008042896,SHIBOR_1W+利差调整,2.907914008042895,1.7210306747095625,0,水平代理；不能复现原偏离度,False
2017-05-15,3.0300390080428956,SHIBOR_1W+利差调整,2.907914008042895,1.7210306747095623,0,水平代理；不能复现原偏离度,False
2017-05-16,3.0294390080428952,SHIBOR_1W+利差调整,2.9115590080428952,1.7211320080428956,0,水平代理；不能复现原偏离度,False
2017-05-16,3.0294390080428952,SHIBOR_1W+利差调整,2.9115590080428952,1.7211320080428956,0,水平代理；不能复现原偏离度,False
2017-05-17,3.0287390080428955,SHIBOR_1W+利差调整,2.915009008042895,1.7212333413762289,0,水平代理；不能复现原偏离度,False
2017-05-17,3.0287390080428955,SHIBOR_1W+利差调整,2.915009008042895,1.7212333413762289,0,水平代理；不能复现原偏离度,False
2017-05-18,3.0334390080428952,SHIBOR_1W+利差调整,2.918270674709562,1.721334674709562,0,水平代理；不能复现原偏离度,False
2017-05-18,3.0334390080428952,SHIBOR_1W+利差调整,2.918270674709562,1.7213346747095621,0,水平代理；不能复现原偏离度,False
2017-05-19,3.0267390080428958,SHIBOR_1W+利差调整,2.9211706747095625,1.7214360080428956,0,水平代理；不能复现原偏离度,False
2017-05-19,3.0267390080428953,SHIBOR_1W+利差调整,2.9211706747095625,1.7214360080428956,0,水平代理；不能复现原偏离度,False
2017-05-22,3.0146390080428955,SHIBOR_1W+利差调整,2.9237023413762286,1.7215373413762287,0,水平代理；不能复现原偏离度,False
2017-05-22,3.0146390080428955,SHIBOR_1W+利差调整,2.9237023413762286,1.7215373413762287,0,水平代理；不能复现原偏离度,False
2017-05-23,3.0038390080428954,SHIBOR_1W+利差调整,2.925904008042896,1.7216386747095622,0,水平代理；不能复现原偏离度,False
2017-05-23,3.0038390080428954,SHIBOR_1W+利差调整,2.9259040080428957,1.7216386747095622,0,水平代理；不能复现原偏离度,False
2017-05-24,2.9893390080428954,SHIBOR_1W+利差调整,2.928097341376229,1.7217400080428955,0,水平代理；不能复现原偏离度,False
2017-05-24,2.9893390080428954,SHIBOR_1W+利差调整,2.928097341376229,1.7217400080428955,0,水平代理；不能复现原偏离度,False
2017-05-25,2.9897390080428954,SHIBOR_1W+利差调整,2.930014008042895,1.7218413413762288,0,水平代理；不能复现原偏离度,False
2017-05-25,2.9897390080428954,SHIBOR_1W+利差调整,2.930014008042895,1.7218413413762288,0,水平代理；不能复现原偏离度,False
2017-05-26,2.999739008042896,SHIBOR_1W+利差调整,2.9320806747095616,1.721942674709562,0,水平代理；不能复现原偏离度,False
2017-05-26,2.9997390080428956,SHIBOR_1W+利差调整,2.9320806747095616,1.721942674709562,0,水平代理；不能复现原偏离度,False
2017-05-27,3.0007390080428955,SHIBOR_1W+利差调整,2.934114008042896,1.7220440080428954,0,水平代理；不能复现原偏离度,False
2017-05-27,3.0007390080428955,SHIBOR_1W+利差调整,2.9341140080428953,1.7220440080428954,0,水平代理；不能复现原偏离度,False
2017-05-31,3.0027390080428957,SHIBOR_1W+利差调整,2.9373973413762284,1.7220528413762286,0,水平代理；不能复现原偏离度,False
2017-05-31,3.0027390080428953,SHIBOR_1W+利差调整,2.9373973413762284,1.7220528413762286,0,水平代理；不能复现原偏离度,False
2017-06-01,3.0127390080428955,SHIBOR_1W+利差调整,2.941064008042896,1.722061674709562,0,水平代理；不能复现原偏离度,False
2017-06-01,3.0127390080428955,SHIBOR_1W+利差调整,2.9410640080428956,1.722061674709562,0,水平代理；不能复现原偏离度,False
2017-06-02,3.0307390080428958,SHIBOR_1W+利差调整,2.945064008042896,1.7220705080428953,0,水平代理；不能复现原偏离度,False
2017-06-02,3.0307390080428953,SHIBOR_1W+利差调整,2.9450640080428956,1.7220705080428953,0,水平代理；不能复现原偏离度,False
2017-06-05,3.0407390080428955,SHIBOR_1W+利差调整,2.949047341376229,1.7220793413762288,0,水平代理；不能复现原偏离度,False
2017-06-05,3.0407390080428955,SHIBOR_1W+利差调整,2.949047341376229,1.7220793413762288,0,水平代理；不能复现原偏离度,False
2017-06-06,3.042639008042896,SHIBOR_1W+利差调整,2.952995674709562,1.722088174709562,0,水平代理；不能复现原偏离度,False
2017-06-06,3.0426390080428956,SHIBOR_1W+利差调整,2.952995674709562,1.722088174709562,0,水平代理；不能复现原偏离度,False
2017-06-07,3.038639008042896,SHIBOR_1W+利差调整,2.9569440080428957,1.7220970080428952,0,水平代理；不能复现原偏离度,False
2017-06-07,3.0386390080428956,SHIBOR_1W+利差调整,2.9569440080428953,1.7220970080428952,0,水平代理；不能复现原偏离度,False
2017-06-08,3.0406390080428958,SHIBOR_1W+利差调整,2.9610256747095622,1.722105841376229,0,水平代理；不能复现原偏离度,False
2017-06-08,3.0406390080428953,SHIBOR_1W+利差调整,2.9610256747095622,1.7221058413762287,0,水平代理；不能复现原偏离度,False
2017-06-09,3.041639008042895,SHIBOR_1W+利差调整,2.965074008042896,1.722114674709562,0,水平代理；不能复现原偏离度,False
2017-06-09,3.041639008042895,SHIBOR_1W+利差调整,2.9650740080428957,1.722114674709562,0,水平代理；不能复现原偏离度,False
2017-06-12,3.0435390080428952,SHIBOR_1W+利差调整,2.969087341376229,1.7221235080428954,0,水平代理；不能复现原偏离度,False
2017-06-12,3.0435390080428952,SHIBOR_1W+利差调整,2.969087341376229,1.7221235080428954,0,水平代理；不能复现原偏离度,False
2017-06-13,3.0467390080428958,SHIBOR_1W+利差调整,2.972524008042896,1.7221323413762286,0,水平代理；不能复现原偏离度,False
2017-06-13,3.0467390080428953,SHIBOR_1W+利差调整,2.9725240080428956,1.7221323413762286,0,水平代理；不能复现原偏离度,False
2017-06-14,3.0493390080428955,SHIBOR_1W+利差调整,2.9754840080428955,1.7223475080428954,0,水平代理；不能复现原偏离度,False
2017-06-14,3.0493390080428955,SHIBOR_1W+利差调整,2.9754840080428955,1.7223475080428954,0,水平代理；不能复现原偏离度,False
2017-06-15,3.0514390080428955,SHIBOR_1W+利差调整,2.978110674709562,1.722562674709562,0,水平代理；不能复现原偏离度,False
2017-06-15,3.0514390080428955,SHIBOR_1W+利差调整,2.978110674709562,1.722562674709562,0,水平代理；不能复现原偏离度,False
2017-06-16,3.060739008042896,SHIBOR_1W+利差调整,2.9805440080428958,1.7227778413762287,0,水平代理；不能复现原偏离度,False
2017-06-16,3.0607390080428956,SHIBOR_1W+利差调整,2.9805440080428953,1.7227778413762287,0,水平代理；不能复现原偏离度,False
2017-06-19,3.0671390080428957,SHIBOR_1W+利差调整,2.9827006747095623,1.7229930080428957,0,水平代理；不能复现原偏离度,False
2017-06-19,3.0671390080428953,SHIBOR_1W+利差调整,2.9827006747095623,1.7229930080428955,0,水平代理；不能复现原偏离度,False
2017-06-20,3.076739008042896,SHIBOR_1W+利差调整,2.984750674709562,1.723208174709562,0,水平代理；不能复现原偏离度,False
2017-06-20,3.0767390080428956,SHIBOR_1W+利差调整,2.984750674709562,1.723208174709562,0,水平代理；不能复现原偏离度,False
2017-06-21,3.0896390080428957,SHIBOR_1W+利差调整,2.987399008042895,1.7234233413762288,0,水平代理；不能复现原偏离度,False
2017-06-21,3.0896390080428953,SHIBOR_1W+利差调整,2.987399008042895,1.7234233413762288,0,水平代理；不能复现原偏离度,False
2017-06-22,3.0899390080428955,SHIBOR_1W+利差调整,2.989797341376229,1.7236385080428955,0,水平代理；不能复现原偏离度,False
2017-06-22,3.0899390080428955,SHIBOR_1W+利差调整,2.989797341376229,1.7236385080428955,0,水平代理；不能复现原偏离度,False
2017-06-23,3.082739008042896,SHIBOR_1W+利差调整,2.992214008042895,1.7238536747095623,0,水平代理；不能复现原偏离度,False
2017-06-23,3.0827390080428954,SHIBOR_1W+利差调整,2.992214008042895,1.7238536747095623,0,水平代理；不能复现原偏离度,False
2017-06-26,3.0530390080428957,SHIBOR_1W+利差调整,2.9938190080428955,1.724068841376229,0,水平代理；不能复现原偏离度,False
2017-06-26,3.0530390080428953,SHIBOR_1W+利差调整,2.9938190080428955,1.724068841376229,0,水平代理；不能复现原偏离度,False
2017-06-27,3.030139008042896,SHIBOR_1W+利差调整,2.994859008042896,1.7242840080428956,0,水平代理；不能复现原偏离度,False
2017-06-27,3.0301390080428954,SHIBOR_1W+利差调整,2.9948590080428956,1.7242840080428956,0,水平代理；不能复现原偏离度,False
2017-06-28,3.0044390080428958,SHIBOR_1W+利差调整,2.9949873413762287,1.7243021747095624,0,水平代理；不能复现原偏离度,False
2017-06-28,3.0044390080428953,SHIBOR_1W+利差调整,2.9949873413762287,1.7243021747095624,0,水平代理；不能复现原偏离度,False
2017-06-29,2.997439008042895,SHIBOR_1W+利差调整,2.996199008042895,1.724320341376229,0,水平代理；不能复现原偏离度,False
2017-06-29,2.997439008042895,SHIBOR_1W+利差调整,2.996199008042895,1.724320341376229,0,水平代理；不能复现原偏离度,False
2017-06-30,2.9922390080428958,SHIBOR_1W+利差调整,2.9979573413762286,1.7243385080428957,0,水平代理；不能复现原偏离度,False
2017-06-30,2.9922390080428953,SHIBOR_1W+利差调整,2.9979573413762286,1.7243385080428957,0,水平代理；不能复现原偏离度,False
2017-07-03,2.987739008042896,SHIBOR_1W+利差调整,2.999464008042896,1.7243566747095622,0,水平代理；不能复现原偏离度,False
2017-07-03,2.9877390080428956,SHIBOR_1W+利差调整,2.9994640080428954,1.7243566747095622,0,水平代理；不能复现原偏离度,False
2017-07-04,2.9766390080428957,SHIBOR_1W+利差调整,3.000945674709562,1.7243748413762288,0,水平代理；不能复现原偏离度,False
2017-07-04,2.9766390080428953,SHIBOR_1W+利差调整,3.000945674709562,1.7243748413762288,0,水平代理；不能复现原偏离度,False
2017-07-05,2.949539008042896,SHIBOR_1W+利差调整,3.0025423413762287,1.7243930080428955,0,水平代理；不能复现原偏离度,False
2017-07-05,2.9495390080428954,SHIBOR_1W+利差调整,3.0025423413762287,1.7243930080428955,0,水平代理；不能复现原偏离度,False
2017-07-06,2.9386390080428955,SHIBOR_1W+利差调整,3.0042906747095617,1.724411174709562,0,水平代理；不能复现原偏离度,False
2017-07-06,2.9386390080428955,SHIBOR_1W+利差调整,3.0042906747095617,1.724411174709562,0,水平代理；不能复现原偏离度,False
2017-07-07,2.9325390080428955,SHIBOR_1W+利差调整,3.0063356747095624,1.7244293413762288,0,水平代理；不能复现原偏离度,False
2017-07-07,2.9325390080428955,SHIBOR_1W+利差调整,3.0063356747095624,1.7244293413762288,0,水平代理；不能复现原偏离度,False
2017-07-10,2.930739008042895,SHIBOR_1W+利差调整,3.0084590080428955,1.7244475080428956,0,水平代理；不能复现原偏离度,False
2017-07-10,2.930739008042895,SHIBOR_1W+利差调整,3.0084590080428955,1.7244475080428956,0,水平代理；不能复现原偏离度,False
2017-07-11,2.9587390080428952,SHIBOR_1W+利差调整,3.0107590080428954,1.724465674709562,0,水平代理；不能复现原偏离度,False
2017-07-11,2.9587390080428952,SHIBOR_1W+利差调整,3.0107590080428954,1.7244656747095621,0,水平代理；不能复现原偏离度,False
2017-07-12,2.9623390080428957,SHIBOR_1W+利差调整,3.012852341376229,1.7245090080428955,0,水平代理；不能复现原偏离度,False
2017-07-12,2.9623390080428953,SHIBOR_1W+利差调整,3.012852341376229,1.7245090080428955,0,水平代理；不能复现原偏离度,False
2017-07-13,2.9651390080428954,SHIBOR_1W+利差调整,3.014534008042895,1.724552341376229,0,水平代理；不能复现原偏离度,False
2017-07-13,2.9651390080428954,SHIBOR_1W+利差调整,3.014534008042895,1.724552341376229,0,水平代理；不能复现原偏离度,False
2017-07-14,2.949739008042896,SHIBOR_1W+利差调整,3.0153840080428957,1.724595674709562,0,水平代理；不能复现原偏离度,False
2017-07-14,2.9497390080428953,SHIBOR_1W+利差调整,3.0153840080428953,1.724595674709562,0,水平代理；不能复现原偏离度,False
2017-07-17,2.9524390080428957,SHIBOR_1W+利差调整,3.0161790080428954,1.7246390080428955,0,水平代理；不能复现原偏离度,False
2017-07-17,2.9524390080428953,SHIBOR_1W+利差调整,3.0161790080428954,1.7246390080428955,0,水平代理；不能复现原偏离度,False
2017-07-18,2.976039008042896,SHIBOR_1W+利差调整,3.017334008042896,1.724682341376229,0,水平代理；不能复现原偏离度,False
2017-07-18,2.9760390080428953,SHIBOR_1W+利差调整,3.0173340080428956,1.724682341376229,0,水平代理；不能复现原偏离度,False
2017-07-19,2.9887390080428955,SHIBOR_1W+利差调整,3.018200674709562,1.7247256747095625,0,水平代理；不能复现原偏离度,False
2017-07-19,2.9887390080428955,SHIBOR_1W+利差调整,3.018200674709562,1.7247256747095623,0,水平代理；不能复现原偏离度,False
2017-07-20,2.999739008042896,SHIBOR_1W+利差调整,3.018850674709562,1.7247690080428957,0,水平代理；不能复现原偏离度,False
2017-07-20,2.999739008042896,SHIBOR_1W+利差调整,3.018850674709562,1.7247690080428957,0,水平代理；不能复现原偏离度,False
2017-07-21,2.9937390080428954,SHIBOR_1W+利差调整,3.019295674709562,1.7248123413762289,0,水平代理；不能复现原偏离度,False
2017-07-21,2.9937390080428954,SHIBOR_1W+利差调整,3.019295674709562,1.7248123413762289,0,水平代理；不能复现原偏离度,False
2017-07-24,2.991310695187166,SHIBOR_1W+利差调整,3.0188690285205,1.7244273618538324,0,水平代理；不能复现原偏离度,False
2017-07-24,2.991310695187166,SHIBOR_1W+利差调整,3.0188690285205,1.7244273618538324,0,水平代理；不能复现原偏离度,False
2017-07-25,2.995310695187166,SHIBOR_1W+利差调整,3.0185206951871657,1.7244706951871658,0,水平代理；不能复现原偏离度,False
2017-07-25,2.995310695187166,SHIBOR_1W+利差调整,3.0185206951871657,1.7244706951871658,0,水平代理；不能复现原偏离度,False
2017-07-26,2.995310695187166,SHIBOR_1W+利差调整,3.0181206951871657,1.7244890285204992,0,水平代理；不能复现原偏离度,False
2017-07-26,2.995310695187166,SHIBOR_1W+利差调整,3.0181206951871657,1.7244890285204992,0,水平代理；不能复现原偏离度,False
2017-07-27,3.0093390080428954,SHIBOR_1W+利差调整,3.017709008042895,1.7249356747095623,0,水平代理；不能复现原偏离度,False
2017-07-27,3.0093390080428954,SHIBOR_1W+利差调整,3.017709008042895,1.7249356747095623,0,水平代理；不能复现原偏离度,False
2017-07-28,3.0233106951871656,SHIBOR_1W+利差调整,3.016447361853833,1.724525695187166,0,水平代理；不能复现原偏离度,False
2017-07-28,3.0233106951871656,SHIBOR_1W+利差调整,3.016447361853833,1.724525695187166,0,水平代理；不能复现原偏离度,False
2017-07-31,3.028310695187166,SHIBOR_1W+利差调整,3.015837361853833,1.7245440285204992,0,水平代理；不能复现原偏离度,False
2017-07-31,3.028310695187166,SHIBOR_1W+利差调整,3.015837361853833,1.7245440285204992,0,水平代理；不能复现原偏离度,False
2017-08-01,3.032310695187166,SHIBOR_1W+利差调整,3.0154523618538325,1.7245623618538324,0,水平代理；不能复现原偏离度,False
2017-08-01,3.032310695187166,SHIBOR_1W+利差调整,3.0154523618538325,1.7245623618538324,0,水平代理；不能复现原偏离度,False
2017-08-02,3.038739008042896,SHIBOR_1W+利差调整,3.015359008042895,1.7250090080428957,0,水平代理；不能复现原偏离度,False
2017-08-02,3.038739008042896,SHIBOR_1W+利差调整,3.015359008042895,1.7250090080428957,0,水平代理；不能复现原偏离度,False
2017-08-03,3.0303106951871657,SHIBOR_1W+利差调整,3.014164028520499,1.724599028520499,0,水平代理；不能复现原偏离度,False
2017-08-03,3.0303106951871657,SHIBOR_1W+利差调整,3.014164028520499,1.724599028520499,0,水平代理；不能复现原偏离度,False
2017-08-04,3.0120106951871657,SHIBOR_1W+利差调整,3.013102361853832,1.7246173618538323,0,水平代理；不能复现原偏离度,False
2017-08-04,3.0120106951871657,SHIBOR_1W+利差调整,3.013102361853832,1.7246173618538323,0,水平代理；不能复现原偏离度,False
2017-08-07,3.011310695187166,SHIBOR_1W+利差调整,3.0123406951871656,1.724635695187166,0,水平代理；不能复现原偏离度,False
2017-08-07,3.011310695187166,SHIBOR_1W+利差调整,3.0123406951871656,1.724635695187166,0,水平代理；不能复现原偏离度,False
2017-08-08,3.0177390080428954,SHIBOR_1W+利差调整,3.0125640080428955,1.7250823413762288,0,水平代理；不能复现原偏离度,False
2017-08-08,3.0177390080428954,SHIBOR_1W+利差调整,3.0125640080428955,1.7250823413762288,0,水平代理；不能复现原偏离度,False
2017-08-09,3.0284106951871657,SHIBOR_1W+利差调整,3.0121256951871658,1.7249060285204991,0,水平代理；不能复现原偏离度,False
2017-08-09,3.0284106951871657,SHIBOR_1W+利差调整,3.0121256951871658,1.7249060285204991,0,水平代理；不能复现原偏离度,False
2017-08-10,3.023010695187166,SHIBOR_1W+利差调整,3.0120373618538325,1.725158028520499,0,水平代理；不能复现原偏离度,False
2017-08-10,3.023010695187166,SHIBOR_1W+利差调整,3.0120373618538325,1.725158028520499,0,水平代理；不能复现原偏离度,False
2017-08-11,3.018810695187166,SHIBOR_1W+利差调整,3.011800695187166,1.7254100285204992,0,水平代理；不能复现原偏离度,False
2017-08-11,3.018810695187166,SHIBOR_1W+利差调整,3.011800695187166,1.7254100285204992,0,水平代理；不能复现原偏离度,False
2017-08-14,3.0143106951871657,SHIBOR_1W+利差调整,3.0116006951871657,1.725662028520499,0,水平代理；不能复现原偏离度,False
2017-08-14,3.0143106951871657,SHIBOR_1W+利差调整,3.0116006951871657,1.725662028520499,0,水平代理；不能复现原偏离度,False
2017-08-15,3.020310695187166,SHIBOR_1W+利差调整,3.0117023618538328,1.725914028520499,0,水平代理；不能复现原偏离度,False
2017-08-15,3.020310695187166,SHIBOR_1W+利差调整,3.0117023618538328,1.725914028520499,0,水平代理；不能复现原偏离度,False
2017-08-16,3.026739008042896,SHIBOR_1W+利差调整,3.0125123413762287,1.7265943413762288,0,水平代理；不能复现原偏离度,False
2017-08-16,3.026739008042896,SHIBOR_1W+利差调整,3.0125123413762287,1.7265943413762288,0,水平代理；不能复现原偏离度,False
2017-08-17,3.039010695187166,SHIBOR_1W+利差调整,3.012919028520499,1.7264180285204989,0,水平代理；不能复现原偏离度,False
2017-08-17,3.039010695187166,SHIBOR_1W+利差调整,3.012919028520499,1.7264180285204989,0,水平代理；不能复现原偏离度,False
2017-08-18,3.040310695187166,SHIBOR_1W+利差调整,3.013769028520499,1.726670028520499,0,水平代理；不能复现原偏离度,False
2017-08-18,3.040310695187166,SHIBOR_1W+利差调整,3.013769028520499,1.726670028520499,0,水平代理；不能复现原偏离度,False
2017-08-21,3.0433106951871656,SHIBOR_1W+利差调整,3.014502361853832,1.726922028520499,0,水平代理；不能复现原偏离度,False
2017-08-21,3.0433106951871656,SHIBOR_1W+利差调整,3.014502361853832,1.726922028520499,0,水平代理；不能复现原偏离度,False
2017-08-22,3.045239008042896,SHIBOR_1W+利差调整,3.015672341376229,1.7276023413762287,0,水平代理；不能复现原偏离度,False
2017-08-22,3.045239008042896,SHIBOR_1W+利差调整,3.015672341376229,1.7276023413762287,0,水平代理；不能复现原偏离度,False
2017-08-23,3.049281124497992,SHIBOR_1W+利差调整,3.0161944578313253,1.7277619578313257,0,水平代理；不能复现原偏离度,False
2017-08-23,3.049281124497992,SHIBOR_1W+利差调整,3.0161944578313253,1.7277619578313257,0,水平代理；不能复现原偏离度,False
2017-08-24,3.050739008042896,SHIBOR_1W+利差调整,3.017085674709562,1.7284373413762286,0,水平代理；不能复现原偏离度,False
2017-08-24,3.050739008042896,SHIBOR_1W+利差调整,3.017085674709562,1.7284373413762286,0,水平代理；不能复现原偏离度,False
2017-08-25,3.056539008042896,SHIBOR_1W+利差调整,3.017515674709562,1.7288548413762288,0,水平代理；不能复现原偏离度,False
2017-08-25,3.056539008042896,SHIBOR_1W+利差调整,3.017515674709562,1.7288548413762288,0,水平代理；不能复现原偏离度,False
2017-08-28,3.052710695187166,SHIBOR_1W+利差调整,3.017294028520499,1.7288440285204991,0,水平代理；不能复现原偏离度,False
2017-08-28,3.052710695187166,SHIBOR_1W+利差调整,3.017294028520499,1.7288440285204991,0,水平代理；不能复现原偏离度,False
2017-08-29,3.067481124497992,SHIBOR_1W+利差调整,3.0178827911646584,1.7294319578313253,0,水平代理；不能复现原偏离度,False
2017-08-29,3.067481124497992,SHIBOR_1W+利差调整,3.0178827911646584,1.7294319578313253,0,水平代理；不能复现原偏离度,False
2017-08-30,3.0733390080428955,SHIBOR_1W+利差调整,3.018719008042896,1.730107341376229,0,水平代理；不能复现原偏离度,False
2017-08-30,3.0733390080428955,SHIBOR_1W+利差调整,3.0187190080428956,1.730107341376229,0,水平代理；不能复现原偏离度,False
2017-08-31,3.0346390080428955,SHIBOR_1W+利差调整,3.0186190080428954,1.7305248413762286,0,水平代理；不能复现原偏离度,False
2017-08-31,3.0346390080428955,SHIBOR_1W+利差调整,3.0186190080428954,1.7305248413762286,0,水平代理；不能复现原偏离度,False
2017-09-01,3.0227106951871656,SHIBOR_1W+利差调整,3.017882361853833,1.7305140285204992,0,水平代理；不能复现原偏离度,False
2017-09-01,3.0227106951871656,SHIBOR_1W+利差调整,3.017882361853833,1.7305140285204992,0,水平代理；不能复现原偏离度,False
2017-09-04,3.003939008042896,SHIBOR_1W+利差调整,3.017650674709562,1.7313598413762288,0,水平代理；不能复现原偏离度,False
2017-09-04,3.0039390080428956,SHIBOR_1W+利差调整,3.017650674709562,1.7313598413762288,0,水平代理；不能复现原偏离度,False
2017-09-05,2.9669390080428952,SHIBOR_1W+利差调整,3.016320674709562,1.7317773413762287,0,水平代理；不能复现原偏离度,False
2017-09-05,2.9669390080428952,SHIBOR_1W+利差调整,3.016320674709562,1.7317773413762287,0,水平代理；不能复现原偏离度,False
2017-09-06,2.955939008042896,SHIBOR_1W+利差调整,3.0147640080428952,1.7321950080428956,0,水平代理；不能复现原偏离度,False
2017-09-06,2.955939008042896,SHIBOR_1W+利差调整,3.0147640080428952,1.7321950080428956,0,水平代理；不能复现原偏离度,False
2017-09-07,2.9523390080428955,SHIBOR_1W+利差调整,3.013112341376229,1.732612674709562,0,水平代理；不能复现原偏离度,False
2017-09-07,2.9523390080428955,SHIBOR_1W+利差调整,3.013112341376229,1.732612674709562,0,水平代理；不能复现原偏离度,False
2017-09-08,2.949039008042895,SHIBOR_1W+利差调整,3.0112506747095624,1.733030341376229,0,水平代理；不能复现原偏离度,False
2017-09-08,2.949039008042895,SHIBOR_1W+利差调整,3.0112506747095624,1.733030341376229,0,水平代理；不能复现原偏离度,False
2017-09-11,2.947710695187166,SHIBOR_1W+利差调整,3.008839028520499,1.733019695187166,0,水平代理；不能复现原偏离度,False
2017-09-11,2.947710695187166,SHIBOR_1W+利差调整,3.008839028520499,1.733019695187166,0,水平代理；不能复现原偏离度,False
2017-09-12,2.9503390080428957,SHIBOR_1W+利差调整,3.007160674709562,1.7338656747095622,0,水平代理；不能复现原偏离度,False
2017-09-12,2.9503390080428953,SHIBOR_1W+利差调整,3.007160674709562,1.7338656747095622,0,水平代理；不能复现原偏离度,False
2017-09-13,2.9523390080428955,SHIBOR_1W+利差调整,3.0048723413762284,1.7342833413762289,0,水平代理；不能复现原偏离度,False
2017-09-13,2.9523390080428955,SHIBOR_1W+利差调整,3.0048723413762284,1.7342833413762289,0,水平代理；不能复现原偏离度,False
2017-09-14,2.9706390080428955,SHIBOR_1W+利差调整,3.002884008042896,1.7347010080428953,0,水平代理；不能复现原偏离度,False
2017-09-14,2.9706390080428955,SHIBOR_1W+利差调整,3.0028840080428956,1.7347010080428953,0,水平代理；不能复现原偏离度,False
2017-09-15,2.9787390080428957,SHIBOR_1W+利差调整,3.0011506747095624,1.7351186747095622,0,水平代理；不能复现原偏离度,False
2017-09-15,2.9787390080428953,SHIBOR_1W+利差调整,3.0011506747095624,1.7351186747095622,0,水平代理；不能复现原偏离度,False
2017-09-18,2.990739008042896,SHIBOR_1W+利差调整,3.0001123413762287,1.735536341376229,0,水平代理；不能复现原偏离度,False
2017-09-18,2.990739008042896,SHIBOR_1W+利差调整,3.0001123413762287,1.735536341376229,0,水平代理；不能复现原偏离度,False
2017-09-19,3.0143106951871657,SHIBOR_1W+利差调整,2.9994273618538325,1.7355256951871658,0,水平代理；不能复现原偏离度,False
2017-09-19,3.0143106951871657,SHIBOR_1W+利差调整,2.9994273618538325,1.7355256951871658,0,水平代理；不能复现原偏离度,False
2017-09-20,3.015481124497992,SHIBOR_1W+利差调整,2.999786124497992,1.7359994578313254,0,水平代理；不能复现原偏离度,False
2017-09-20,3.015481124497992,SHIBOR_1W+利差调整,2.999786124497992,1.7359994578313254,0,水平代理；不能复现原偏离度,False
2017-09-21,3.0157579088471853,SHIBOR_1W+利差调整,3.0003679088471853,1.7365795755138518,0,水平代理；不能复现原偏离度,False
2017-09-21,3.0157579088471853,SHIBOR_1W+利差调整,3.0003679088471853,1.7365795755138518,0,水平代理；不能复现原偏离度,False
2017-09-22,3.004310695187166,SHIBOR_1W+利差调整,3.000129028520499,1.7364356951871658,0,水平代理；不能复现原偏离度,False
2017-09-22,3.004310695187166,SHIBOR_1W+利差调整,3.000129028520499,1.7364356951871658,0,水平代理；不能复现原偏离度,False
2017-09-25,3.0454390080428952,SHIBOR_1W+利差调整,3.001519008042896,1.737167341376229,0,水平代理；不能复现原偏离度,False
2017-09-25,3.0454390080428952,SHIBOR_1W+利差调整,3.0015190080428957,1.737167341376229,0,水平代理；不能复现原偏离度,False
2017-09-26,3.075581124497992,SHIBOR_1W+利差调整,3.002914457831325,1.7372127911646589,0,水平代理；不能复现原偏离度,False
2017-09-26,3.075581124497992,SHIBOR_1W+利差调整,3.002914457831325,1.7372127911646589,0,水平代理；不能复现原偏离度,False
2017-09-27,3.096139008042895,SHIBOR_1W+利差调整,3.0056156747095617,1.7377740080428956,0,水平代理；不能复现原偏离度,False
2017-09-27,3.096139008042895,SHIBOR_1W+利差调整,3.0056156747095617,1.7377740080428956,0,水平代理；不能复现原偏离度,False
2017-09-28,3.114239008042895,SHIBOR_1W+利差调整,3.0085423413762284,1.738077341376229,0,水平代理；不能复现原偏离度,False
2017-09-28,3.114239008042895,SHIBOR_1W+利差调整,3.0085423413762284,1.738077341376229,0,水平代理；不能复现原偏离度,False
2017-09-29,3.110639008042896,SHIBOR_1W+利差调整,3.011510674709562,1.7383806747095625,0,水平代理；不能复现原偏离度,False
2017-09-29,3.1106390080428956,SHIBOR_1W+利差调整,3.011510674709562,1.7383806747095623,0,水平代理；不能复现原偏离度,False
2017-09-30,3.1138390080428957,SHIBOR_1W+利差调整,3.014562341376229,1.7386840080428956,0,水平代理；不能复现原偏离度,False
2017-09-30,3.1138390080428953,SHIBOR_1W+利差调整,3.014562341376229,1.7386840080428956,0,水平代理；不能复现原偏离度,False
2017-10-09,3.066839008042896,SHIBOR_1W+利差调整,3.016364008042895,1.738987341376229,0,水平代理；不能复现原偏离度,False
2017-10-09,3.0668390080428956,SHIBOR_1W+利差调整,3.016364008042895,1.738987341376229,0,水平代理；不能复现原偏离度,False
2017-10-10,3.0857390080428955,SHIBOR_1W+利差调整,3.018420674709562,1.7393185080428957,0,水平代理；不能复现原偏离度,False
2017-10-10,3.0857390080428955,SHIBOR_1W+利差调整,3.018420674709562,1.7393185080428957,0,水平代理；不能复现原偏离度,False
2017-10-11,3.0714390080428955,SHIBOR_1W+利差调整,3.020192341376229,1.7396496747095622,0,水平代理；不能复现原偏离度,False
2017-10-11,3.0714390080428955,SHIBOR_1W+利差调整,3.020192341376229,1.7396496747095622,0,水平代理；不能复现原偏离度,False
2017-10-12,3.0327390080428955,SHIBOR_1W+利差调整,3.021575674709562,1.739980841376229,0,水平代理；不能复现原偏离度,False
2017-10-12,3.0327390080428955,SHIBOR_1W+利差调整,3.021575674709562,1.739980841376229,0,水平代理；不能复现原偏离度,False
2017-10-13,2.9983390080428958,SHIBOR_1W+利差调整,3.022340674709562,1.7403120080428958,0,水平代理；不能复现原偏离度,False
2017-10-13,2.9983390080428953,SHIBOR_1W+利差调整,3.022340674709562,1.7403120080428958,0,水平代理；不能复现原偏离度,False
2017-10-16,2.9947390080428957,SHIBOR_1W+利差调整,3.0226523413762285,1.7406431747095623,0,水平代理；不能复现原偏离度,False
2017-10-16,2.9947390080428953,SHIBOR_1W+利差调整,3.0226523413762285,1.7406431747095623,0,水平代理；不能复现原偏离度,False
2017-10-17,2.994781124497992,SHIBOR_1W+利差调整,3.022499457831325,1.7407164578313252,0,水平代理；不能复现原偏离度,False
2017-10-17,2.994781124497992,SHIBOR_1W+利差调整,3.022499457831325,1.7407164578313252,0,水平代理；不能复现原偏离度,False
2017-10-18,2.993281124497992,SHIBOR_1W+利差调整,3.022396124497992,1.7410476244979918,0,水平代理；不能复现原偏离度,False
2017-10-18,2.993281124497992,SHIBOR_1W+利差调整,3.022396124497992,1.7410476244979918,0,水平代理；不能复现原偏离度,False
2017-10-19,2.986981124497992,SHIBOR_1W+利差调整,3.0222877911646586,1.7413787911646583,0,水平代理；不能复现原偏离度,False
2017-10-19,2.986981124497992,SHIBOR_1W+利差调整,3.0222877911646586,1.7413787911646583,0,水平代理；不能复现原偏离度,False
2017-10-20,2.984381124497992,SHIBOR_1W+利差调整,3.022169457831325,1.741709957831325,0,水平代理；不能复现原偏离度,False
2017-10-20,2.984381124497992,SHIBOR_1W+利差调整,3.022169457831325,1.741709957831325,0,水平代理；不能复现原偏离度,False
2017-10-23,2.980581124497992,SHIBOR_1W+利差调整,3.021921124497992,1.742041124497992,0,水平代理；不能复现原偏离度,False
2017-10-23,2.980581124497992,SHIBOR_1W+利差调整,3.021921124497992,1.742041124497992,0,水平代理；不能复现原偏离度,False
2017-10-24,2.9806106951871656,SHIBOR_1W+利差调整,3.021505695187166,1.7421735285204991,0,水平代理；不能复现原偏离度,False
2017-10-24,2.9806106951871656,SHIBOR_1W+利差调整,3.021505695187166,1.7421735285204991,0,水平代理；不能复现原偏离度,False
2017-10-25,3.005881124497992,SHIBOR_1W+利差调整,3.021622791164659,1.7426467911646586,0,水平代理；不能复现原偏离度,False
2017-10-25,3.005881124497992,SHIBOR_1W+利差调整,3.021622791164659,1.7426467911646586,0,水平代理；不能复现原偏离度,False
2017-10-26,3.016639008042896,SHIBOR_1W+利差调整,3.021762341376229,1.7432075080428957,0,水平代理；不能复现原偏离度,False
2017-10-26,3.016639008042896,SHIBOR_1W+利差调整,3.021762341376229,1.7432075080428957,0,水平代理；不能复现原偏离度,False
2017-10-27,3.0255390080428954,SHIBOR_1W+利差调整,3.021709008042896,1.743510341376229,0,水平代理；不能复现原偏离度,False
2017-10-27,3.0255390080428954,SHIBOR_1W+利差调整,3.0217090080428957,1.743510341376229,0,水平代理；不能复现原偏离度,False
2017-10-30,3.0343106951871657,SHIBOR_1W+利差调整,3.021314028520499,1.7433848618538326,0,水平代理；不能复现原偏离度,False
2017-10-30,3.0343106951871657,SHIBOR_1W+利差调整,3.021314028520499,1.7433848618538326,0,水平代理；不能复现原偏离度,False
2017-10-31,3.0407390080428955,SHIBOR_1W+利差调整,3.0217756747095623,1.7441160080428957,0,水平代理；不能复现原偏离度,False
2017-10-31,3.0407390080428955,SHIBOR_1W+利差调整,3.0217756747095623,1.7441160080428955,0,水平代理；不能复现原偏离度,False
2017-11-01,3.0407390080428955,SHIBOR_1W+利差调整,3.021942341376229,1.7444188413762287,0,水平代理；不能复现原偏离度,False
2017-11-01,3.0407390080428955,SHIBOR_1W+利差调整,3.021942341376229,1.7444188413762287,0,水平代理；不能复现原偏离度,False
2017-11-02,3.0057390080428954,SHIBOR_1W+利差调整,3.021830674709562,1.7447216747095622,0,水平代理；不能复现原偏离度,False
2017-11-02,3.0057390080428954,SHIBOR_1W+利差调整,3.021830674709562,1.7447216747095622,0,水平代理；不能复现原偏离度,False
2017-11-03,2.9712106951871657,SHIBOR_1W+利差调整,3.0207340285205,1.744596195187166,0,水平代理；不能复现原偏离度,False
2017-11-03,2.9712106951871657,SHIBOR_1W+利差调整,3.0207340285205,1.744596195187166,0,水平代理；不能复现原偏离度,False
2017-11-06,2.943739008042896,SHIBOR_1W+利差调整,3.019929008042895,1.7453273413762287,0,水平代理；不能复现原偏离度,False
2017-11-06,2.9437390080428956,SHIBOR_1W+利差调整,3.019929008042895,1.7453273413762287,0,水平代理；不能复现原偏离度,False
2017-11-07,2.9345390080428952,SHIBOR_1W+利差调整,3.018357341376229,1.7456265080428954,0,水平代理；不能复现原偏离度,False
2017-11-07,2.9345390080428952,SHIBOR_1W+利差调整,3.0183573413762286,1.7456265080428954,0,水平代理；不能复现原偏离度,False
2017-11-08,2.9359390080428955,SHIBOR_1W+利差调整,3.016899008042896,1.745925674709562,0,水平代理；不能复现原偏离度,False
2017-11-08,2.9359390080428955,SHIBOR_1W+利差调整,3.0168990080428957,1.745925674709562,0,水平代理；不能复现原偏离度,False
2017-11-09,2.9573106951871657,SHIBOR_1W+利差调整,3.0154456951871658,1.7457965285204993,0,水平代理；不能复现原偏离度,False
2017-11-09,2.9573106951871657,SHIBOR_1W+利差调整,3.0154456951871658,1.7457965285204993,0,水平代理；不能复现原偏离度,False
2017-11-10,2.9922390080428958,SHIBOR_1W+利差调整,3.0154990080428954,1.7465240080428954,0,水平代理；不能复现原偏离度,False
2017-11-10,2.9922390080428953,SHIBOR_1W+利差调整,3.0154990080428954,1.7465240080428954,0,水平代理；不能复现原偏离度,False
2017-11-13,3.005939008042896,SHIBOR_1W+利差调整,3.0152523413762284,1.746823174709562,0,水平代理；不能复现原偏离度,False
2017-11-13,3.0059390080428954,SHIBOR_1W+利差调整,3.0152523413762284,1.746823174709562,0,水平代理；不能复现原偏离度,False
2017-11-14,3.0232390080428955,SHIBOR_1W+利差调整,3.0151940080428954,1.747122341376229,0,水平代理；不能复现原偏离度,False
2017-11-14,3.0232390080428955,SHIBOR_1W+利差调整,3.0151940080428954,1.747122341376229,0,水平代理；不能复现原偏离度,False
2017-11-15,3.0327390080428955,SHIBOR_1W+利差调整,3.015082341376229,1.7474215080428954,0,水平代理；不能复现原偏离度,False
2017-11-15,3.0327390080428955,SHIBOR_1W+利差调整,3.015082341376229,1.7474215080428954,0,水平代理；不能复现原偏离度,False
2017-11-16,3.0327390080428955,SHIBOR_1W+利差调整,3.014949008042896,1.7477206747095622,0,水平代理；不能复现原偏离度,False
2017-11-16,3.0327390080428955,SHIBOR_1W+利差调整,3.0149490080428953,1.7477206747095622,0,水平代理；不能复现原偏离度,False
2017-11-17,3.011739008042896,SHIBOR_1W+利差调整,3.014415674709562,1.748019841376229,0,水平代理；不能复现原偏离度,False
2017-11-17,3.0117390080428956,SHIBOR_1W+利差调整,3.014415674709562,1.748019841376229,0,水平代理；不能复现原偏离度,False
2017-11-20,3.0057390080428954,SHIBOR_1W+利差调整,3.0137573413762286,1.7483190080428954,0,水平代理；不能复现原偏离度,False
2017-11-20,3.0057390080428954,SHIBOR_1W+利差调整,3.0137573413762286,1.7483190080428954,0,水平代理；不能复现原偏离度,False
2017-11-21,3.007739008042896,SHIBOR_1W+利差调整,3.0130606747095623,1.7483323413762288,0,水平代理；不能复现原偏离度,False
2017-11-21,3.0077390080428956,SHIBOR_1W+利差调整,3.0130606747095623,1.7483323413762288,0,水平代理；不能复现原偏离度,False
2017-11-22,3.0147390080428957,SHIBOR_1W+利差调整,3.0124606747095624,1.748345674709562,0,水平代理；不能复现原偏离度,False
2017-11-22,3.0147390080428953,SHIBOR_1W+利差调整,3.0124606747095624,1.748345674709562,0,水平代理；不能复现原偏离度,False
2017-11-23,3.0177390080428954,SHIBOR_1W+利差调整,3.0118140080428955,1.7483590080428957,0,水平代理；不能复现原偏离度,False
2017-11-23,3.0177390080428954,SHIBOR_1W+利差调整,3.0118140080428955,1.7483590080428955,0,水平代理；不能复现原偏离度,False
2017-11-24,3.019739008042896,SHIBOR_1W+利差调整,3.0112573413762287,1.7483723413762289,0,水平代理；不能复现原偏离度,False
2017-11-24,3.0197390080428956,SHIBOR_1W+利差调整,3.0112573413762287,1.7483723413762287,0,水平代理；不能复现原偏离度,False
2017-11-27,3.0297390080428954,SHIBOR_1W+利差调整,3.010624008042896,1.748385674709562,0,水平代理；不能复现原偏离度,False
2017-11-27,3.0297390080428954,SHIBOR_1W+利差调整,3.0106240080428956,1.748385674709562,0,水平代理；不能复现原偏离度,False
2017-11-28,3.0297390080428954,SHIBOR_1W+利差调整,3.0098973413762287,1.7483990080428955,0,水平代理；不能复现原偏离度,False
2017-11-28,3.0297390080428954,SHIBOR_1W+利差调整,3.0098973413762287,1.7483990080428955,0,水平代理；不能复现原偏离度,False
2017-11-29,3.023739008042895,SHIBOR_1W+利差调整,3.009715674709562,1.7484123413762287,0,水平代理；不能复现原偏离度,False
2017-11-29,3.023739008042895,SHIBOR_1W+利差调整,3.009715674709562,1.7484123413762287,0,水平代理；不能复现原偏离度,False
2017-11-30,3.044481124497992,SHIBOR_1W+利差调整,3.009817791164658,1.7481677911646587,0,水平代理；不能复现原偏离度,False
2017-11-30,3.044481124497992,SHIBOR_1W+利差调整,3.009817791164658,1.7481677911646587,0,水平代理；不能复现原偏离度,False
2017-12-01,2.9973106951871658,SHIBOR_1W+利差调整,3.0095440285205,1.7480106951871657,0,水平代理；不能复现原偏离度,False
2017-12-01,2.9973106951871658,SHIBOR_1W+利差调整,3.0095440285205,1.7480106951871657,0,水平代理；不能复现原偏离度,False
2017-12-04,2.9623106951871656,SHIBOR_1W+利差调整,3.0094740285205,1.748024028520499,0,水平代理；不能复现原偏离度,False
2017-12-04,2.9623106951871656,SHIBOR_1W+利差调整,3.0094740285205,1.748024028520499,0,水平代理；不能复现原偏离度,False
2017-12-05,2.945739008042896,SHIBOR_1W+利差调整,3.0097323413762287,1.7488675080428957,0,水平代理；不能复现原偏离度,False
2017-12-05,2.9457390080428953,SHIBOR_1W+利差调整,3.0097323413762287,1.7488675080428955,0,水平代理；不能复现原偏离度,False
2017-12-06,2.933739008042896,SHIBOR_1W+利差调整,3.0094223413762284,1.749282674709562,0,水平代理；不能复现原偏离度,False
2017-12-06,2.9337390080428953,SHIBOR_1W+利差调整,3.0094223413762284,1.749282674709562,0,水平代理；不能复现原偏离度,False
2017-12-07,2.937739008042896,SHIBOR_1W+利差调整,3.0092340080428954,1.7496978413762287,0,水平代理；不能复现原偏离度,False
2017-12-07,2.9377390080428953,SHIBOR_1W+利差调整,3.0092340080428954,1.7496978413762287,0,水平代理；不能复现原偏离度,False
2017-12-08,2.945739008042896,SHIBOR_1W+利差调整,3.009194008042896,1.7501130080428955,0,水平代理；不能复现原偏离度,False
2017-12-08,2.9457390080428953,SHIBOR_1W+利差调整,3.0091940080428956,1.7501130080428955,0,水平代理；不能复现原偏离度,False
2017-12-11,2.9647390080428955,SHIBOR_1W+利差调整,3.0094340080428954,1.750528174709562,0,水平代理；不能复现原偏离度,False
2017-12-11,2.9647390080428955,SHIBOR_1W+利差调整,3.0094340080428954,1.750528174709562,0,水平代理；不能复现原偏离度,False
2017-12-12,2.9767390080428955,SHIBOR_1W+利差调整,3.0098406747095625,1.7509433413762288,0,水平代理；不能复现原偏离度,False
2017-12-12,2.9767390080428955,SHIBOR_1W+利差调整,3.0098406747095625,1.7509433413762288,0,水平代理；不能复现原偏离度,False
2017-12-13,2.998004557640751,SHIBOR_1W+利差调整,3.010557890974084,1.751624057640751,0,水平代理；不能复现原偏离度,False
2017-12-13,2.998004557640751,SHIBOR_1W+利差调整,3.010557890974084,1.751624057640751,0,水平代理；不能复现原偏离度,False
2017-12-14,3.0150045576407507,SHIBOR_1W+利差调整,3.011157890974084,1.7520392243074174,0,水平代理；不能复现原偏离度,False
2017-12-14,3.0150045576407507,SHIBOR_1W+利差调整,3.011157890974084,1.7520392243074174,0,水平代理；不能复现原偏离度,False
2017-12-15,3.0173106951871658,SHIBOR_1W+利差调整,3.010914028520499,1.7517605285204991,0,水平代理；不能复现原偏离度,False
2017-12-15,3.0173106951871658,SHIBOR_1W+利差调整,3.010914028520499,1.7517605285204991,0,水平代理；不能复现原偏离度,False
2017-12-18,3.0173106951871658,SHIBOR_1W+利差调整,3.0109640285205,1.7521756951871656,0,水平代理；不能复现原偏离度,False
2017-12-18,3.0173106951871658,SHIBOR_1W+利差调整,3.0109640285205,1.7521756951871656,0,水平代理；不能复现原偏离度,False
2017-12-19,3.020004557640751,SHIBOR_1W+利差调整,3.011724557640751,1.7532008909740842,0,水平代理；不能复现原偏离度,False
2017-12-19,3.020004557640751,SHIBOR_1W+利差调整,3.011724557640751,1.7532008909740842,0,水平代理；不能复现原偏离度,False
2017-12-20,3.020481124497992,SHIBOR_1W+利差调整,3.011284457831325,1.7530087911646586,0,水平代理；不能复现原偏离度,False
2017-12-20,3.020481124497992,SHIBOR_1W+利差调整,3.011284457831325,1.7530087911646586,0,水平代理；不能复现原偏离度,False
2017-12-21,3.017481124497992,SHIBOR_1W+利差调整,3.011501124497992,1.753340124497992,0,水平代理；不能复现原偏离度,False
2017-12-21,3.017481124497992,SHIBOR_1W+利差调整,3.011501124497992,1.753340124497992,0,水平代理；不能复现原偏离度,False
2017-12-22,3.013481124497992,SHIBOR_1W+利差调整,3.0109727911646584,1.7536714578313255,0,水平代理；不能复现原偏离度,False
2017-12-22,3.013481124497992,SHIBOR_1W+利差调整,3.0109727911646584,1.7536714578313255,0,水平代理；不能复现原偏离度,False
2017-12-25,3.027481124497992,SHIBOR_1W+利差调整,3.010171124497992,1.7540027911646583,0,水平代理；不能复现原偏离度,False
2017-12-25,3.027481124497992,SHIBOR_1W+利差调整,3.010171124497992,1.7540027911646583,0,水平代理；不能复现原偏离度,False
2017-12-26,3.038481124497992,SHIBOR_1W+利差调整,3.0092144578313254,1.754334124497992,0,水平代理；不能复现原偏离度,False
2017-12-26,3.038481124497992,SHIBOR_1W+利差调整,3.0092144578313254,1.754334124497992,0,水平代理；不能复现原偏离度,False
2017-12-27,3.051481124497992,SHIBOR_1W+利差调整,3.0081727911646587,1.7546654578313252,0,水平代理；不能复现原偏离度,False
2017-12-27,3.051481124497992,SHIBOR_1W+利差调整,3.0081727911646587,1.7546654578313252,0,水平代理；不能复现原偏离度,False
2017-12-28,3.071481124497992,SHIBOR_1W+利差调整,3.0075244578313254,1.754996791164659,0,水平代理；不能复现原偏离度,False
2017-12-28,3.071481124497992,SHIBOR_1W+利差调整,3.0075244578313254,1.754996791164659,0,水平代理；不能复现原偏离度,False
2017-12-29,3.100739008042896,SHIBOR_1W+利差调整,3.007564008042896,1.7555860080428956,0,水平代理；不能复现原偏离度,False
2017-12-29,3.100739008042896,SHIBOR_1W+利差调整,3.007564008042896,1.7555860080428956,0,水平代理；不能复现原偏离度,False
2018-01-02,2.9857390080428954,SHIBOR_1W+利差调整,3.0062123413762287,1.7559173413762288,0,水平代理；不能复现原偏离度,False
2018-01-02,2.9857390080428954,SHIBOR_1W+利差调整,3.0062123413762287,1.7559173413762288,0,水平代理；不能复现原偏离度,False
2018-01-03,2.931739008042896,SHIBOR_1W+利差调整,3.003645674709562,1.756226341376229,0,水平代理；不能复现原偏离度,False
2018-01-03,2.931739008042896,SHIBOR_1W+利差调整,3.003645674709562,1.756226341376229,0,水平代理；不能复现原偏离度,False
2018-01-04,2.906739008042895,SHIBOR_1W+利差调整,3.000900674709562,1.7565353413762288,0,水平代理；不能复现原偏离度,False
2018-01-04,2.906739008042895,SHIBOR_1W+利差调整,3.000900674709562,1.7565353413762288,0,水平代理；不能复现原偏离度,False
2018-01-05,2.891310695187166,SHIBOR_1W+利差调整,2.9981223618538326,1.7564160285204993,0,水平代理；不能复现原偏离度,False
2018-01-05,2.891310695187166,SHIBOR_1W+利差调整,2.9981223618538326,1.7564160285204993,0,水平代理；不能复现原偏离度,False
2018-01-08,2.8837390080428955,SHIBOR_1W+利差调整,2.996640674709562,1.7571533413762288,0,水平代理；不能复现原偏离度,False
2018-01-08,2.8837390080428955,SHIBOR_1W+利差调整,2.996640674709562,1.7571533413762288,0,水平代理；不能复现原偏离度,False
2018-01-09,2.890739008042896,SHIBOR_1W+利差调整,2.9949073413762286,1.757462341376229,0,水平代理；不能复现原偏离度,False
2018-01-09,2.890739008042896,SHIBOR_1W+利差调整,2.9949073413762286,1.757462341376229,0,水平代理；不能复现原偏离度,False
2018-01-10,2.922739008042895,SHIBOR_1W+利差调整,2.9937023413762285,1.7577713413762288,0,水平代理；不能复现原偏离度,False
2018-01-10,2.922739008042895,SHIBOR_1W+利差调整,2.9937023413762285,1.7577713413762288,0,水平代理；不能复现原偏离度,False
2018-01-11,2.9790045576407507,SHIBOR_1W+利差调整,2.9937212243074174,1.758345890974084,0,水平代理；不能复现原偏离度,False
2018-01-11,2.9790045576407507,SHIBOR_1W+利差调整,2.9937212243074174,1.758345890974084,0,水平代理；不能复现原偏离度,False
2018-01-12,3.010739008042896,SHIBOR_1W+利差调整,2.9938473413762288,1.7583893413762288,0,水平代理；不能复现原偏离度,False
2018-01-12,3.010739008042896,SHIBOR_1W+利差调整,2.9938473413762288,1.7583893413762288,0,水平代理；不能复现原偏离度,False
2018-01-15,3.006739008042896,SHIBOR_1W+利差调整,2.9942156747095625,1.758698341376229,0,水平代理；不能复现原偏离度,False
2018-01-15,3.006739008042896,SHIBOR_1W+利差调整,2.9942156747095625,1.758698341376229,0,水平代理；不能复现原偏离度,False
2018-01-16,3.026004557640751,SHIBOR_1W+利差调整,2.9952295576407506,1.759272890974084,0,水平代理；不能复现原偏离度,False
2018-01-16,3.026004557640751,SHIBOR_1W+利差调整,2.9952295576407506,1.759272890974084,0,水平代理；不能复现原偏离度,False
2018-01-17,3.024481124497992,SHIBOR_1W+利差调整,2.995434457831325,1.759078624497992,0,水平代理；不能复现原偏离度,False
2018-01-17,3.024481124497992,SHIBOR_1W+利差调整,2.995434457831325,1.759078624497992,0,水平代理；不能复现原偏离度,False
2018-01-18,3.024310695187166,SHIBOR_1W+利差调整,2.9955740285205,1.7592373618538324,0,水平代理；不能复现原偏离度,False
2018-01-18,3.024310695187166,SHIBOR_1W+利差调整,2.9955740285205,1.7592373618538324,0,水平代理；不能复现原偏离度,False
2018-01-19,3.037757908847185,SHIBOR_1W+利差调整,2.996372908847185,1.7600137421805184,0,水平代理；不能复现原偏离度,False
2018-01-19,3.037757908847185,SHIBOR_1W+利差调整,2.996372908847185,1.7600137421805184,0,水平代理；不能复现原偏离度,False
2018-01-22,3.035481124497992,SHIBOR_1W+利差调整,2.996266124497992,1.760066124497992,0,水平代理；不能复现原偏离度,False
2018-01-22,3.035481124497992,SHIBOR_1W+利差调整,2.996266124497992,1.760066124497992,0,水平代理；不能复现原偏离度,False
2018-01-23,3.0097390080428954,SHIBOR_1W+利差调整,2.996107341376229,1.760653174709562,0,水平代理；不能复现原偏离度,False
2018-01-23,3.0097390080428954,SHIBOR_1W+利差调整,2.996107341376229,1.760653174709562,0,水平代理；不能复现原偏离度,False
2018-01-24,2.9783106951871656,SHIBOR_1W+利差调整,2.994645695187166,1.7605540285204992,0,水平代理；不能复现原偏离度,False
2018-01-24,2.9783106951871656,SHIBOR_1W+利差调整,2.994645695187166,1.7605540285204992,0,水平代理；不能复现原偏离度,False
2018-01-25,2.996281124497992,SHIBOR_1W+利差调整,2.994079457831325,1.7610536244979915,0,水平代理；不能复现原偏离度,False
2018-01-25,2.996281124497992,SHIBOR_1W+利差调整,2.994079457831325,1.7610536244979915,0,水平代理；不能复现原偏离度,False
2018-01-26,2.988481124497992,SHIBOR_1W+利差调整,2.993796124497992,1.761382791164659,0,水平代理；不能复现原偏离度,False
2018-01-26,2.988481124497992,SHIBOR_1W+利差调整,2.993796124497992,1.761382791164659,0,水平代理；不能复现原偏离度,False
2018-01-29,2.9887390080428955,SHIBOR_1W+利差调整,2.994339008042895,1.7619698413762288,0,水平代理；不能复现原偏离度,False
2018-01-29,2.9887390080428955,SHIBOR_1W+利差调整,2.994339008042895,1.7619698413762288,0,水平代理；不能复现原偏离度,False
2018-01-30,2.9847390080428955,SHIBOR_1W+利差调整,2.9950223413762287,1.7622990080428953,0,水平代理；不能复现原偏离度,False
2018-01-30,2.9847390080428955,SHIBOR_1W+利差调整,2.9950223413762287,1.7622990080428953,0,水平代理；不能复现原偏离度,False
2018-01-31,2.9765390080428955,SHIBOR_1W+利差调整,2.995722341376229,1.7625998413762287,0,水平代理；不能复现原偏离度,False
2018-01-31,2.9765390080428955,SHIBOR_1W+利差调整,2.995722341376229,1.7625998413762287,0,水平代理；不能复现原偏离度,False
2018-02-01,2.9392390080428954,SHIBOR_1W+利差调整,2.9957773413762285,1.762900674709562,0,水平代理；不能复现原偏离度,False
2018-02-01,2.9392390080428954,SHIBOR_1W+利差调整,2.9957773413762285,1.762900674709562,0,水平代理；不能复现原偏离度,False
2018-02-02,2.9347390080428952,SHIBOR_1W+利差调整,2.995394008042896,1.763201508042895,0,水平代理；不能复现原偏离度,False
2018-02-02,2.9347390080428952,SHIBOR_1W+利差调整,2.9953940080428954,1.7632015080428953,0,水平代理；不能复现原偏离度,False
2018-02-05,2.9225390080428952,SHIBOR_1W+利差调整,2.9942323413762284,1.7635023413762287,0,水平代理；不能复现原偏离度,False
2018-02-05,2.9225390080428952,SHIBOR_1W+利差调整,2.9942323413762284,1.7635023413762287,0,水平代理；不能复现原偏离度,False
2018-02-06,2.917339008042896,SHIBOR_1W+利差调整,2.9927556747095623,1.7638031747095622,0,水平代理；不能复现原偏离度,False
2018-02-06,2.917339008042896,SHIBOR_1W+利差调整,2.9927556747095623,1.7638031747095622,0,水平代理；不能复现原偏离度,False
2018-02-07,2.9177390080428958,SHIBOR_1W+利差调整,2.9909973413762287,1.7641040080428956,0,水平代理；不能复现原偏离度,False
2018-02-07,2.9177390080428953,SHIBOR_1W+利差调整,2.9909973413762287,1.7641040080428956,0,水平代理；不能复现原偏离度,False
2018-02-08,3.0507390080428958,SHIBOR_1W+利差调整,2.9912973413762285,1.7644048413762288,0,水平代理；不能复现原偏离度,False
2018-02-08,3.0507390080428953,SHIBOR_1W+利差调整,2.9912973413762285,1.7644048413762288,0,水平代理；不能复现原偏离度,False
2018-02-09,3.064310695187166,SHIBOR_1W+利差调整,2.991402361853832,1.7642773618538323,0,水平代理；不能复现原偏离度,False
2018-02-09,3.064310695187166,SHIBOR_1W+利差调整,2.991402361853832,1.7642773618538323,0,水平代理；不能复现原偏离度,False
2018-02-11,3.0637390080428952,SHIBOR_1W+利差调整,2.992697341376229,1.7650065080428956,0,水平代理；不能复现原偏离度,False
2018-02-11,3.0637390080428952,SHIBOR_1W+利差调整,2.992697341376229,1.7650065080428956,0,水平代理；不能复现原偏离度,False
2018-02-12,3.064739008042896,SHIBOR_1W+利差调整,2.993680674709562,1.7653073413762288,0,水平代理；不能复现原偏离度,False
2018-02-12,3.0647390080428956,SHIBOR_1W+利差调整,2.993680674709562,1.7653073413762288,0,水平代理；不能复现原偏离度,False
2018-02-13,3.074739008042896,SHIBOR_1W+利差调整,2.9947973413762283,1.765618341376229,0,水平代理；不能复现原偏离度,False
2018-02-13,3.0747390080428953,SHIBOR_1W+利差调整,2.9947973413762283,1.765618341376229,0,水平代理；不能复现原偏离度,False
2018-02-14,3.056739008042896,SHIBOR_1W+利差调整,2.995497341376229,1.7659293413762287,0,水平代理；不能复现原偏离度,False
2018-02-14,3.056739008042896,SHIBOR_1W+利差调整,2.995497341376229,1.7659293413762287,0,水平代理；不能复现原偏离度,False
2018-02-22,3.0377390080428954,SHIBOR_1W+利差调整,2.995830674709562,1.7662403413762289,0,水平代理；不能复现原偏离度,False
2018-02-22,3.0377390080428954,SHIBOR_1W+利差调整,2.995830674709562,1.7662403413762289,0,水平代理；不能复现原偏离度,False
2018-02-23,3.0273106951871656,SHIBOR_1W+利差调整,2.995535695187165,1.7661230285204992,0,水平代理；不能复现原偏离度,False
2018-02-23,3.0273106951871656,SHIBOR_1W+利差调整,2.995535695187165,1.7661230285204992,0,水平代理；不能复现原偏离度,False
2018-02-24,3.0227390080428957,SHIBOR_1W+利差调整,2.9958473413762285,1.7668623413762288,0,水平代理；不能复现原偏离度,False
2018-02-24,3.0227390080428953,SHIBOR_1W+利差调整,2.9958473413762285,1.7668623413762288,0,水平代理；不能复现原偏离度,False
2018-02-26,3.0167390080428955,SHIBOR_1W+利差调整,2.995630674709562,1.767173341376229,0,水平代理；不能复现原偏离度,False
2018-02-26,3.0167390080428955,SHIBOR_1W+利差调整,2.995630674709562,1.767173341376229,0,水平代理；不能复现原偏离度,False
2018-02-27,3.007739008042896,SHIBOR_1W+利差调整,2.995364008042896,1.767484341376229,0,水平代理；不能复现原偏离度,False
2018-02-27,3.0077390080428956,SHIBOR_1W+利差调整,2.9953640080428956,1.7674843413762287,0,水平代理；不能复现原偏离度,False
2018-02-28,3.052739008042896,SHIBOR_1W+利差调整,2.9954973413762285,1.7677953413762288,0,水平代理；不能复现原偏离度,False
2018-02-28,3.0527390080428956,SHIBOR_1W+利差调整,2.9954973413762285,1.7677953413762288,0,水平代理；不能复现原偏离度,False
2018-03-01,3.0427390080428958,SHIBOR_1W+利差调整,2.9962473413762285,1.7681063413762288,0,水平代理；不能复现原偏离度,False
2018-03-01,3.0427390080428953,SHIBOR_1W+利差调整,2.9962473413762285,1.7681063413762288,0,水平代理；不能复现原偏离度,False
2018-03-02,3.043739008042895,SHIBOR_1W+利差调整,2.997597341376229,1.7684173413762287,0,水平代理；不能复现原偏离度,False
2018-03-02,3.043739008042895,SHIBOR_1W+利差调整,2.997597341376229,1.7684173413762287,0,水平代理；不能复现原偏离度,False
2018-03-05,3.040310695187166,SHIBOR_1W+利差调整,2.9987523618538323,1.7683001951871655,0,水平代理；不能复现原偏离度,False
2018-03-05,3.040310695187166,SHIBOR_1W+利差调整,2.9987523618538323,1.7683001951871655,0,水平代理；不能复现原偏离度,False
2018-03-06,3.0327390080428955,SHIBOR_1W+利差调整,3.000830674709562,1.769039674709562,0,水平代理；不能复现原偏离度,False
2018-03-06,3.0327390080428955,SHIBOR_1W+利差调整,3.000830674709562,1.769039674709562,0,水平代理；不能复现原偏离度,False
2018-03-07,3.019310695187166,SHIBOR_1W+利差调整,3.0017690285204988,1.768922528520499,0,水平代理；不能复现原偏离度,False
2018-03-07,3.019310695187166,SHIBOR_1W+利差调整,3.0017690285204988,1.768922528520499,0,水平代理；不能复现原偏离度,False
2018-03-08,3.0087390080428955,SHIBOR_1W+利差调整,3.0032473413762286,1.7696620080428953,0,水平代理；不能复现原偏离度,False
2018-03-08,3.0087390080428955,SHIBOR_1W+利差调整,3.0032473413762286,1.7696620080428953,0,水平代理；不能复现原偏离度,False
2018-03-09,3.003739008042896,SHIBOR_1W+利差调整,3.003897341376229,1.769973174709562,0,水平代理；不能复现原偏离度,False
2018-03-09,3.0037390080428956,SHIBOR_1W+利差调整,3.003897341376229,1.769973174709562,0,水平代理；不能复现原偏离度,False
2018-03-12,3.0047390080428955,SHIBOR_1W+利差调整,3.0043640080428955,1.7702843413762286,0,水平代理；不能复现原偏离度,False
2018-03-12,3.0047390080428955,SHIBOR_1W+利差调整,3.0043640080428955,1.7702843413762286,0,水平代理；不能复现原偏离度,False
2018-03-13,3.0167390080428955,SHIBOR_1W+利差调整,3.004680674709562,1.7705955080428952,0,水平代理；不能复现原偏离度,False
2018-03-13,3.0167390080428955,SHIBOR_1W+利差调整,3.004680674709562,1.7705955080428952,0,水平代理；不能复现原偏离度,False
2018-03-14,3.015739008042896,SHIBOR_1W+利差调整,3.004697341376229,1.770906674709562,0,水平代理；不能复现原偏离度,False
2018-03-14,3.0157390080428956,SHIBOR_1W+利差调整,3.004697341376229,1.7709066747095619,0,水平代理；不能复现原偏离度,False
2018-03-15,3.0127390080428955,SHIBOR_1W+利差调整,3.004614008042895,1.7712178413762285,0,水平代理；不能复现原偏离度,False
2018-03-15,3.0127390080428955,SHIBOR_1W+利差调整,3.004614008042895,1.7712178413762285,0,水平代理；不能复现原偏离度,False
2018-03-16,3.011739008042896,SHIBOR_1W+利差调整,3.004514008042895,1.7715290080428951,0,水平代理；不能复现原偏离度,False
2018-03-16,3.0117390080428956,SHIBOR_1W+利差调整,3.004514008042895,1.7715290080428951,0,水平代理；不能复现原偏离度,False
2018-03-19,3.0097390080428954,SHIBOR_1W+利差调整,3.004347341376229,1.7718283413762286,0,水平代理；不能复现原偏离度,False
2018-03-19,3.0097390080428954,SHIBOR_1W+利差调整,3.004347341376229,1.7718283413762286,0,水平代理；不能复现原偏离度,False
2018-03-20,3.007739008042896,SHIBOR_1W+利差调整,3.0041306747095624,1.7721276747095618,0,水平代理；不能复现原偏离度,False
2018-03-20,3.0077390080428956,SHIBOR_1W+利差调整,3.0041306747095624,1.7721276747095618,0,水平代理；不能复现原偏离度,False
2018-03-21,3.0047390080428955,SHIBOR_1W+利差调整,3.003914008042896,1.7724270080428952,0,水平代理；不能复现原偏离度,False
2018-03-21,3.0047390080428955,SHIBOR_1W+利差调整,3.0039140080428957,1.7724270080428952,0,水平代理；不能复现原偏离度,False
2018-03-22,3.0005390080428955,SHIBOR_1W+利差调整,3.003694008042895,1.7727263413762286,0,水平代理；不能复现原偏离度,False
2018-03-22,3.0005390080428955,SHIBOR_1W+利差调整,3.003694008042895,1.7727263413762286,0,水平代理；不能复现原偏离度,False
2018-03-23,2.993404557640751,SHIBOR_1W+利差调整,3.0033828909740845,1.7732912243074173,0,水平代理；不能复现原偏离度,False
2018-03-23,2.993404557640751,SHIBOR_1W+利差调整,3.0033828909740845,1.7732912243074173,0,水平代理；不能复现原偏离度,False
2018-03-26,3.0087390080428955,SHIBOR_1W+利差调整,3.002617341376229,1.7733250080428955,0,水平代理；不能复现原偏离度,False
2018-03-26,3.0087390080428955,SHIBOR_1W+利差调整,3.002617341376229,1.7733250080428955,0,水平代理；不能复现原偏离度,False
2018-03-27,3.0207390080428955,SHIBOR_1W+利差调整,3.002100674709562,1.7736243413762287,0,水平代理；不能复现原偏离度,False
2018-03-27,3.0207390080428955,SHIBOR_1W+利差调整,3.002100674709562,1.7736243413762287,0,水平代理；不能复现原偏离度,False
2018-03-28,3.0360045576407506,SHIBOR_1W+利差调整,3.001766224307417,1.774189224307417,0,水平代理；不能复现原偏离度,False
2018-03-28,3.0360045576407506,SHIBOR_1W+利差调整,3.001766224307417,1.774189224307417,0,水平代理；不能复现原偏离度,False
2018-03-29,3.0421106951871657,SHIBOR_1W+利差调整,3.0001023618538323,1.7737946951871657,0,水平代理；不能复现原偏离度,False
2018-03-29,3.0421106951871657,SHIBOR_1W+利差调整,3.0001023618538323,1.7737946951871657,0,水平代理；不能复现原偏离度,False
2018-03-30,3.0629106951871656,SHIBOR_1W+利差调整,3.0013956951871656,1.774094028520499,0,水平代理；不能复现原偏离度,False
2018-03-30,3.0629106951871656,SHIBOR_1W+利差调整,3.0013956951871656,1.774094028520499,0,水平代理；不能复现原偏离度,False
2018-04-02,3.029310695187166,SHIBOR_1W+利差调整,3.003029028520499,1.7743378618538324,0,水平代理；不能复现原偏离度,False
2018-04-02,3.029310695187166,SHIBOR_1W+利差调整,3.003029028520499,1.7743378618538324,0,水平代理；不能复现原偏离度,False
2018-04-03,3.016757908847185,SHIBOR_1W+利差调整,3.005309575513852,1.7750289088471851,0,水平代理；不能复现原偏离度,False
2018-04-03,3.016757908847185,SHIBOR_1W+利差调整,3.005309575513852,1.7750289088471851,0,水平代理；不能复现原偏离度,False
2018-04-04,2.9767390080428955,SHIBOR_1W+利差调整,3.006707341376229,1.7752538413762289,0,水平代理；不能复现原偏离度,False
2018-04-04,2.9767390080428955,SHIBOR_1W+利差调整,3.006707341376229,1.7752538413762289,0,水平代理；不能复现原偏离度,False
2018-04-08,2.9587390080428952,SHIBOR_1W+利差调整,3.0079573413762284,1.7754976747095623,0,水平代理；不能复现原偏离度,False
2018-04-08,2.9587390080428952,SHIBOR_1W+利差调整,3.0079573413762284,1.7754976747095623,0,水平代理；不能复现原偏离度,False
2018-04-09,2.952481124497992,SHIBOR_1W+利差调整,3.008732791164659,1.775483624497992,0,水平代理；不能复现原偏离度,False
2018-04-09,2.952481124497992,SHIBOR_1W+利差调整,3.008732791164659,1.775483624497992,0,水平代理；不能复现原偏离度,False
2018-04-10,2.953739008042896,SHIBOR_1W+利差调整,3.0095073413762288,1.775985341376229,0,水平代理；不能复现原偏离度,False
2018-04-10,2.953739008042896,SHIBOR_1W+利差调整,3.0095073413762288,1.775985341376229,0,水平代理；不能复现原偏离度,False
2018-04-11,2.9507390080428952,SHIBOR_1W+利差调整,3.0090406747095617,1.7762291747095622,0,水平代理；不能复现原偏离度,False
2018-04-11,2.9507390080428952,SHIBOR_1W+利差调整,3.0090406747095617,1.7762291747095622,0,水平代理；不能复现原偏离度,False
2018-04-12,2.9463106951871656,SHIBOR_1W+利差调整,3.007545695187166,1.7760446951871658,0,水平代理；不能复现原偏离度,False
2018-04-12,2.9463106951871656,SHIBOR_1W+利差调整,3.007545695187166,1.7760446951871658,0,水平代理；不能复现原偏离度,False
2018-04-13,2.944310695187166,SHIBOR_1W+利差调整,3.006512361853832,1.7762885285204992,0,水平代理；不能复现原偏离度,False
2018-04-13,2.944310695187166,SHIBOR_1W+利差调整,3.006512361853832,1.7762885285204992,0,水平代理；不能复现原偏离度,False
2018-04-16,2.9487390080428955,SHIBOR_1W+利差调整,3.0056573413762284,1.7769606747095623,0,水平代理；不能复现原偏离度,False
2018-04-16,2.9487390080428955,SHIBOR_1W+利差调整,3.0056573413762284,1.7769606747095623,0,水平代理；不能复现原偏离度,False
2018-04-17,2.9897390080428954,SHIBOR_1W+利差调整,3.005074008042896,1.7772516747095624,0,水平代理；不能复现原偏离度,False
2018-04-17,2.9897390080428954,SHIBOR_1W+利差调整,3.005074008042896,1.7772516747095624,0,水平代理；不能复现原偏离度,False
2018-04-18,3.0047390080428955,SHIBOR_1W+利差调整,3.004740674709562,1.7775426747095622,0,水平代理；不能复现原偏离度,False
2018-04-18,3.0047390080428955,SHIBOR_1W+利差调整,3.004740674709562,1.7775426747095622,0,水平代理；不能复现原偏离度,False
2018-04-19,3.030739008042896,SHIBOR_1W+利差调整,3.0046240080428954,1.7778336747095622,0,水平代理；不能复现原偏离度,False
2018-04-19,3.030739008042896,SHIBOR_1W+利差调整,3.0046240080428954,1.7778336747095622,0,水平代理；不能复现原偏离度,False
2018-04-20,3.039739008042895,SHIBOR_1W+利差调整,3.004690674709562,1.7781246747095625,0,水平代理；不能复现原偏离度,False
2018-04-20,3.039739008042895,SHIBOR_1W+利差调整,3.004690674709562,1.7781246747095625,0,水平代理；不能复现原偏离度,False
2018-04-23,3.046739008042896,SHIBOR_1W+利差调整,3.005307341376229,1.7784156747095623,0,水平代理；不能复现原偏离度,False
2018-04-23,3.046739008042896,SHIBOR_1W+利差调整,3.005307341376229,1.7784156747095623,0,水平代理；不能复现原偏离度,False
2018-04-24,3.0537390080428954,SHIBOR_1W+利差调整,3.0065573413762285,1.778706674709562,0,水平代理；不能复现原偏离度,False
2018-04-24,3.0537390080428954,SHIBOR_1W+利差调整,3.0065573413762285,1.7787066747095621,0,水平代理；不能复现原偏离度,False
2018-04-25,3.0577390080428954,SHIBOR_1W+利差调整,3.007577341376229,1.7789976747095622,0,水平代理；不能复现原偏离度,False
2018-04-25,3.0577390080428954,SHIBOR_1W+利差调整,3.0075773413762286,1.7789976747095622,0,水平代理；不能复现原偏离度,False
2018-04-26,3.071481124497992,SHIBOR_1W+利差调整,3.0087027911646587,1.7790307911646588,0,水平代理；不能复现原偏离度,False
2018-04-26,3.071481124497992,SHIBOR_1W+利差调整,3.0087027911646587,1.7790307911646588,0,水平代理；不能复现原偏离度,False
2018-04-27,3.124739008042896,SHIBOR_1W+利差调整,3.011227341376229,1.7795796747095622,0,水平代理；不能复现原偏离度,False
2018-04-27,3.1247390080428956,SHIBOR_1W+利差调整,3.011227341376229,1.7795796747095622,0,水平代理；不能复现原偏离度,False
2018-04-28,3.118481124497992,SHIBOR_1W+利差调整,3.0132027911646584,1.7796127911646586,0,水平代理；不能复现原偏离度,False
2018-04-28,3.118481124497992,SHIBOR_1W+利差调整,3.0132027911646584,1.7796127911646586,0,水平代理；不能复现原偏离度,False
2018-05-02,3.0383106951871657,SHIBOR_1W+利差调整,3.0140690285204994,1.7794635285204992,0,水平代理；不能复现原偏离度,False
2018-05-02,3.0383106951871657,SHIBOR_1W+利差调整,3.0140690285204994,1.7794635285204992,0,水平代理；不能复现原偏离度,False
2018-05-03,2.9987390080428957,SHIBOR_1W+利差调整,3.0154890080428958,1.779913008042895,0,水平代理；不能复现原偏离度,False
2018-05-03,2.9987390080428953,SHIBOR_1W+利差调整,3.0154890080428953,1.7799130080428953,0,水平代理；不能复现原偏离度,False
2018-05-04,2.952481124497992,SHIBOR_1W+利差调整,3.015531124497992,1.7796762911646586,0,水平代理；不能复现原偏离度,False
2018-05-04,2.952481124497992,SHIBOR_1W+利差调整,3.015531124497992,1.7796762911646586,0,水平代理；不能复现原偏离度,False
2018-05-07,2.914739008042895,SHIBOR_1W+利差调整,3.015659008042896,1.7799553413762288,0,水平代理；不能复现原偏离度,False
2018-05-07,2.914739008042895,SHIBOR_1W+利差调整,3.0156590080428956,1.7799553413762288,0,水平代理；不能复现原偏离度,False
2018-05-08,2.897739008042896,SHIBOR_1W+利差调整,3.015332341376229,1.779976508042895,0,水平代理；不能复现原偏离度,False
2018-05-08,2.897739008042896,SHIBOR_1W+利差调整,3.015332341376229,1.779976508042895,0,水平代理；不能复现原偏离度,False
2018-05-09,2.8807390080428954,SHIBOR_1W+利差调整,3.0147156747095623,1.779997674709562,0,水平代理；不能复现原偏离度,False
2018-05-09,2.8807390080428954,SHIBOR_1W+利差调整,3.0147156747095623,1.779997674709562,0,水平代理；不能复现原偏离度,False
2018-05-10,2.8697390080428957,SHIBOR_1W+利差调整,3.011699008042896,1.7800188413762288,0,水平代理；不能复现原偏离度,False
2018-05-10,2.8697390080428953,SHIBOR_1W+利差调整,3.011699008042896,1.7800188413762288,0,水平代理；不能复现原偏离度,False
2018-05-11,2.8597390080428955,SHIBOR_1W+利差调整,3.0082823413762285,1.7800400080428955,0,水平代理；不能复现原偏离度,False
2018-05-11,2.8597390080428955,SHIBOR_1W+利差调整,3.0082823413762285,1.7800400080428955,0,水平代理；不能复现原偏离度,False
2018-05-14,2.8847390080428954,SHIBOR_1W+利差调整,3.005299008042896,1.780061174709562,0,水平代理；不能复现原偏离度,False
2018-05-14,2.8847390080428954,SHIBOR_1W+利差调整,3.0052990080428956,1.780061174709562,0,水平代理；不能复现原偏离度,False
2018-05-15,2.919310695187166,SHIBOR_1W+利差调整,3.002454028520499,1.7796540285204991,0,水平代理；不能复现原偏离度,False
2018-05-15,2.919310695187166,SHIBOR_1W+利差调整,3.002454028520499,1.7796540285204991,0,水平代理；不能复现原偏离度,False
2018-05-16,2.9817390080428954,SHIBOR_1W+利差调整,3.0013323413762287,1.780355674709562,0,水平代理；不能复现原偏离度,False
2018-05-16,2.9817390080428954,SHIBOR_1W+利差调整,3.0013323413762287,1.7803556747095621,0,水平代理；不能复现原偏离度,False
2018-05-17,2.949739008042896,SHIBOR_1W+利差调整,2.999549008042896,1.7806290080428957,0,水平代理；不能复现原偏离度,False
2018-05-17,2.949739008042896,SHIBOR_1W+利差调整,2.999549008042896,1.7806290080428957,0,水平代理；不能复现原偏离度,False
2018-05-18,2.914739008042895,SHIBOR_1W+利差调整,2.997499008042895,1.7809023413762288,0,水平代理；不能复现原偏离度,False
2018-05-18,2.914739008042895,SHIBOR_1W+利差调整,2.997499008042895,1.7809023413762288,0,水平代理；不能复现原偏离度,False
2018-05-21,2.902739008042895,SHIBOR_1W+利差调整,2.995415674709562,1.7811756747095622,0,水平代理；不能复现原偏离度,False
2018-05-21,2.902739008042895,SHIBOR_1W+利差调整,2.995415674709562,1.7811756747095622,0,水平代理；不能复现原偏离度,False
2018-05-22,2.9017390080428958,SHIBOR_1W+利差调整,2.9933990080428954,1.7814490080428955,0,水平代理；不能复现原偏离度,False
2018-05-22,2.9017390080428953,SHIBOR_1W+利差调整,2.9933990080428954,1.7814490080428955,0,水平代理；不能复现原偏离度,False
2018-05-23,2.898739008042895,SHIBOR_1W+利差调整,2.991432341376229,1.7817223413762289,0,水平代理；不能复现原偏离度,False
2018-05-23,2.898739008042895,SHIBOR_1W+利差调整,2.991432341376229,1.7817223413762289,0,水平代理；不能复现原偏离度,False
2018-05-24,2.8977390080428957,SHIBOR_1W+利差调整,2.989599008042896,1.781995674709562,0,水平代理；不能复现原偏离度,False
2018-05-24,2.8977390080428953,SHIBOR_1W+利差调整,2.9895990080428954,1.781995674709562,0,水平代理；不能复现原偏离度,False
2018-05-25,2.9407390080428955,SHIBOR_1W+利差调整,2.987732341376229,1.7822690080428951,0,水平代理；不能复现原偏离度,False
2018-05-25,2.9407390080428955,SHIBOR_1W+利差调整,2.987732341376229,1.7822690080428953,0,水平代理；不能复现原偏离度,False
2018-05-28,2.9527390080428955,SHIBOR_1W+利差调整,2.986232341376229,1.782542341376229,0,水平代理；不能复现原偏离度,False
2018-05-28,2.9527390080428955,SHIBOR_1W+利差调整,2.986232341376229,1.782542341376229,0,水平代理；不能复现原偏离度,False
2018-05-29,2.9943106951871656,SHIBOR_1W+利差调整,2.9849873618538325,1.7823873618538324,0,水平代理；不能复现原偏离度,False
2018-05-29,2.9943106951871656,SHIBOR_1W+利差调整,2.9849873618538325,1.7823873618538324,0,水平代理；不能复现原偏离度,False
2018-05-30,3.0417390080428954,SHIBOR_1W+利差调整,2.985432341376229,1.7830103413762288,0,水平代理；不能复现原偏离度,False
2018-05-30,3.0417390080428954,SHIBOR_1W+利差调整,2.985432341376229,1.7830103413762288,0,水平代理；不能复现原偏离度,False
2018-05-31,3.0447390080428955,SHIBOR_1W+利差调整,2.985632341376229,1.7832050080428954,0,水平代理；不能复现原偏离度,False
2018-05-31,3.0447390080428955,SHIBOR_1W+利差调整,2.985632341376229,1.7832050080428954,0,水平代理；不能复现原偏离度,False
2018-06-01,3.043739008042895,SHIBOR_1W+利差调整,2.986032341376229,1.783399674709562,0,水平代理；不能复现原偏离度,False
2018-06-01,3.043739008042895,SHIBOR_1W+利差调整,2.986032341376229,1.783399674709562,0,水平代理；不能复现原偏离度,False
2018-06-04,2.9647390080428955,SHIBOR_1W+利差调整,2.985299008042896,1.7835943413762287,0,水平代理；不能复现原偏离度,False
2018-06-04,2.9647390080428955,SHIBOR_1W+利差调整,2.985299008042896,1.7835943413762287,0,水平代理；不能复现原偏离度,False
2018-06-05,2.9487390080428955,SHIBOR_1W+利差调整,2.9843823413762283,1.7837890080428953,0,水平代理；不能复现原偏离度,False
2018-06-05,2.9487390080428955,SHIBOR_1W+利差调整,2.9843823413762283,1.7837890080428953,0,水平代理；不能复现原偏离度,False
2018-06-06,2.9387390080428952,SHIBOR_1W+利差调整,2.983282341376229,1.783983674709562,0,水平代理；不能复现原偏离度,False
2018-06-06,2.9387390080428952,SHIBOR_1W+利差调整,2.983282341376229,1.783983674709562,0,水平代理；不能复现原偏离度,False
2018-06-07,2.9293106951871657,SHIBOR_1W+利差调整,2.9814040285204992,1.7837500285204992,0,水平代理；不能复现原偏离度,False
2018-06-07,2.9293106951871657,SHIBOR_1W+利差调整,2.9814040285204992,1.7837500285204992,0,水平代理；不能复现原偏离度,False
2018-06-08,2.918739008042895,SHIBOR_1W+利差调整,2.980215674709562,1.7843730080428952,0,水平代理；不能复现原偏离度,False
2018-06-08,2.918739008042895,SHIBOR_1W+利差调整,2.980215674709562,1.7843730080428952,0,水平代理；不能复现原偏离度,False
2018-06-11,2.922739008042895,SHIBOR_1W+利差调整,2.9787156747095622,1.784567674709562,0,水平代理；不能复现原偏离度,False
2018-06-11,2.922739008042895,SHIBOR_1W+利差调整,2.9787156747095622,1.784567674709562,0,水平代理；不能复现原偏离度,False
2018-06-12,2.935739008042896,SHIBOR_1W+利差调整,2.977449008042896,1.7847623413762286,0,水平代理；不能复现原偏离度,False
2018-06-12,2.9357390080428956,SHIBOR_1W+利差调整,2.9774490080428957,1.7847623413762286,0,水平代理；不能复现原偏离度,False
2018-06-13,2.9467390080428952,SHIBOR_1W+利差调整,2.9763990080428955,1.784774008042895,0,水平代理；不能复现原偏离度,False
2018-06-13,2.9467390080428952,SHIBOR_1W+利差调整,2.9763990080428955,1.7847740080428953,0,水平代理；不能复现原偏离度,False
2018-06-14,2.955310695187166,SHIBOR_1W+利差调整,2.9751040285205,1.7843573618538326,0,水平代理；不能复现原偏离度,False
2018-06-14,2.955310695187166,SHIBOR_1W+利差调整,2.9751040285205,1.7843573618538326,0,水平代理；不能复现原偏离度,False
2018-06-15,2.9567390080428955,SHIBOR_1W+利差调整,2.974732341376229,1.7847973413762286,0,水平代理；不能复现原偏离度,False
2018-06-15,2.9567390080428955,SHIBOR_1W+利差调整,2.974732341376229,1.7847973413762286,0,水平代理；不能复现原偏离度,False
2018-06-19,2.955739008042896,SHIBOR_1W+利差调整,2.973985674709562,1.784809008042895,0,水平代理；不能复现原偏离度,False
2018-06-19,2.955739008042896,SHIBOR_1W+利差调整,2.973985674709562,1.784809008042895,0,水平代理；不能复现原偏离度,False
2018-06-20,2.9687390080428955,SHIBOR_1W+利差调整,2.973579008042895,1.784820674709562,0,水平代理；不能复现原偏离度,False
2018-06-20,2.9687390080428955,SHIBOR_1W+利差调整,2.973579008042895,1.784820674709562,0,水平代理；不能复现原偏离度,False
2018-06-21,2.971739008042896,SHIBOR_1W+利差调整,2.972962341376229,1.7848323413762288,0,水平代理；不能复现原偏离度,False
2018-06-21,2.9717390080428956,SHIBOR_1W+利差调整,2.972962341376229,1.7848323413762288,0,水平代理；不能复现原偏离度,False
2018-06-22,2.965739008042896,SHIBOR_1W+利差调整,2.972045674709562,1.7848440080428956,0,水平代理；不能复现原偏离度,False
2018-06-22,2.9657390080428954,SHIBOR_1W+利差调整,2.972045674709562,1.7848440080428956,0,水平代理；不能复现原偏离度,False
2018-06-25,2.9727390080428955,SHIBOR_1W+利差调整,2.970995674709562,1.784855674709562,0,水平代理；不能复现原偏离度,False
2018-06-25,2.9727390080428955,SHIBOR_1W+利差调整,2.970995674709562,1.784855674709562,0,水平代理；不能复现原偏离度,False
2018-06-26,2.9773106951871657,SHIBOR_1W+利差调整,2.969487361853832,1.7844390285204992,0,水平代理；不能复现原偏离度,False
2018-06-26,2.9773106951871657,SHIBOR_1W+利差调整,2.969487361853832,1.7844390285204992,0,水平代理；不能复现原偏离度,False
2018-06-27,2.980310695187166,SHIBOR_1W+利差调整,2.9681106951871654,1.7844506951871657,0,水平代理；不能复现原偏离度,False
2018-06-27,2.980310695187166,SHIBOR_1W+利差调整,2.9681106951871654,1.7844506951871657,0,水平代理；不能复现原偏离度,False
2018-06-28,2.987310695187166,SHIBOR_1W+利差调整,2.967410695187166,1.7844871951871657,0,水平代理；不能复现原偏离度,False
2018-06-28,2.987310695187166,SHIBOR_1W+利差调整,2.967410695187166,1.7844871951871657,0,水平代理；不能复现原偏离度,False
2018-06-29,3.0087390080428955,SHIBOR_1W+利差调整,2.967705674709562,1.7849520080428956,0,水平代理；不能复现原偏离度,False
2018-06-29,3.0087390080428955,SHIBOR_1W+利差调整,2.967705674709562,1.7849520080428956,0,水平代理；不能复现原偏离度,False
2018-07-02,2.9263106951871656,SHIBOR_1W+利差调整,2.966444028520499,1.7845601951871657,0,水平代理；不能复现原偏离度,False
2018-07-02,2.9263106951871656,SHIBOR_1W+利差调整,2.966444028520499,1.7845601951871657,0,水平代理；不能复现原偏离度,False
2018-07-03,2.8657390080428957,SHIBOR_1W+利差调整,2.965322341376229,1.7850250080428955,0,水平代理；不能复现原偏离度,False
2018-07-03,2.8657390080428953,SHIBOR_1W+利差调整,2.965322341376229,1.7850250080428955,0,水平代理；不能复现原偏离度,False
2018-07-04,2.8083106951871657,SHIBOR_1W+利差调整,2.962494028520499,1.7846331951871657,0,水平代理；不能复现原偏离度,False
2018-07-04,2.8083106951871657,SHIBOR_1W+利差调整,2.962494028520499,1.7846331951871657,0,水平代理；不能复现原偏离度,False
2018-07-05,2.7517390080428954,SHIBOR_1W+利差调整,2.959555674709562,1.785098008042895,0,水平代理；不能复现原偏离度,False
2018-07-05,2.7517390080428954,SHIBOR_1W+利差调整,2.959555674709562,1.7850980080428953,0,水平代理；不能复现原偏离度,False
2018-07-06,2.7347390080428955,SHIBOR_1W+利差调整,2.9559556747095623,1.7851345080428953,0,水平代理；不能复现原偏离度,False
2018-07-06,2.7347390080428955,SHIBOR_1W+利差调整,2.9559556747095623,1.7851345080428953,0,水平代理；不能复现原偏离度,False
2018-07-09,2.7483106951871656,SHIBOR_1W+利差调整,2.9522273618538324,1.7847426951871657,0,水平代理；不能复现原偏离度,False
2018-07-09,2.7483106951871656,SHIBOR_1W+利差调整,2.9522273618538324,1.7847426951871657,0,水平代理；不能复现原偏离度,False
2018-07-10,2.803310695187166,SHIBOR_1W+利差调整,2.949877361853832,1.7847791951871657,0,水平代理；不能复现原偏离度,False
2018-07-10,2.803310695187166,SHIBOR_1W+利差调整,2.949877361853832,1.7847791951871657,0,水平代理；不能复现原偏离度,False
2018-07-11,2.8253106951871656,SHIBOR_1W+利差调整,2.9478273618538324,1.7848156951871657,0,水平代理；不能复现原偏离度,False
2018-07-11,2.8253106951871656,SHIBOR_1W+利差调整,2.9478273618538324,1.7848156951871657,0,水平代理；不能复现原偏离度,False
2018-07-12,2.832739008042896,SHIBOR_1W+利差调整,2.945639008042896,1.7852773413762286,0,水平代理；不能复现原偏离度,False
2018-07-12,2.8327390080428954,SHIBOR_1W+利差调整,2.9456390080428956,1.7852773413762286,0,水平代理；不能复现原偏离度,False
2018-07-13,2.832739008042896,SHIBOR_1W+利差调整,2.942772341376229,1.785310674709562,0,水平代理；不能复现原偏离度,False
2018-07-13,2.8327390080428954,SHIBOR_1W+利差调整,2.942772341376229,1.785310674709562,0,水平代理；不能复现原偏离度,False
2018-07-16,2.8457390080428957,SHIBOR_1W+利差调整,2.939689008042896,1.7853440080428953,0,水平代理；不能复现原偏离度,False
2018-07-16,2.8457390080428953,SHIBOR_1W+利差调整,2.9396890080428957,1.7853440080428953,0,水平代理；不能复现原偏离度,False
2018-07-17,2.8493106951871656,SHIBOR_1W+利差调整,2.936094028520499,1.784949028520499,0,水平代理；不能复现原偏离度,False
2018-07-17,2.8493106951871656,SHIBOR_1W+利差调整,2.936094028520499,1.784949028520499,0,水平代理；不能复现原偏离度,False
2018-07-18,2.848739008042896,SHIBOR_1W+利差调整,2.933222341376229,1.7854106747095622,0,水平代理；不能复现原偏离度,False
2018-07-18,2.8487390080428954,SHIBOR_1W+利差调整,2.933222341376229,1.7854106747095622,0,水平代理；不能复现原偏离度,False
2018-07-19,2.8293106951871656,SHIBOR_1W+利差调整,2.929060695187166,1.785015695187166,0,水平代理；不能复现原偏离度,False
2018-07-19,2.8293106951871656,SHIBOR_1W+利差调整,2.929060695187166,1.785015695187166,0,水平代理；不能复现原偏离度,False
2018-07-20,2.8217390080428952,SHIBOR_1W+利差调整,2.925555674709562,1.7854773413762288,0,水平代理；不能复现原偏离度,False
2018-07-20,2.8217390080428952,SHIBOR_1W+利差调整,2.925555674709562,1.7854773413762288,0,水平代理；不能复现原偏离度,False
2018-07-23,2.8047390080428958,SHIBOR_1W+利差调整,2.9211056747095623,1.7855106747095622,0,水平代理；不能复现原偏离度,False
2018-07-23,2.8047390080428953,SHIBOR_1W+利差调整,2.9211056747095623,1.7855106747095622,0,水平代理；不能复现原偏离度,False
2018-07-24,2.801739008042895,SHIBOR_1W+利差调整,2.9157223413762288,1.7855440080428957,0,水平代理；不能复现原偏离度,False
2018-07-24,2.801739008042895,SHIBOR_1W+利差调整,2.9157223413762288,1.7855440080428955,0,水平代理；不能复现原偏离度,False
2018-07-25,2.8137390080428952,SHIBOR_1W+利差调整,2.910639008042895,1.7855773413762288,0,水平代理；不能复现原偏离度,False
2018-07-25,2.8137390080428952,SHIBOR_1W+利差调整,2.910639008042895,1.7855773413762288,0,水平代理；不能复现原偏离度,False
2018-07-26,2.806739008042896,SHIBOR_1W+利差调整,2.906772341376229,1.785635674709562,0,水平代理；不能复现原偏离度,False
2018-07-26,2.8067390080428956,SHIBOR_1W+利差调整,2.906772341376229,1.785635674709562,0,水平代理；不能复现原偏离度,False
2018-07-27,2.8007390080428958,SHIBOR_1W+利差调整,2.903472341376229,1.7856940080428956,0,水平代理；不能复现原偏离度,False
2018-07-27,2.8007390080428953,SHIBOR_1W+利差调整,2.903472341376229,1.7856940080428956,0,水平代理；不能复现原偏离度,False
2018-07-30,2.797739008042895,SHIBOR_1W+利差调整,2.9008890080428955,1.7857523413762288,0,水平代理；不能复现原偏离度,False
2018-07-30,2.797739008042895,SHIBOR_1W+利差调整,2.9008890080428955,1.7857523413762288,0,水平代理；不能复现原偏离度,False
2018-07-31,2.794310695187166,SHIBOR_1W+利差调整,2.8984606951871656,1.7853823618538325,0,水平代理；不能复现原偏离度,False
2018-07-31,2.794310695187166,SHIBOR_1W+利差调整,2.8984606951871656,1.7853823618538325,0,水平代理；不能复现原偏离度,False
2018-08-01,2.7687390080428957,SHIBOR_1W+利差调整,2.896739008042895,1.7858690080428956,0,水平代理；不能复现原偏离度,False
2018-08-01,2.7687390080428953,SHIBOR_1W+利差调整,2.896739008042895,1.7858690080428956,0,水平代理；不能复现原偏离度,False
2018-08-02,2.7307390080428955,SHIBOR_1W+利差调整,2.8942390080428955,1.7859273413762289,0,水平代理；不能复现原偏离度,False
2018-08-02,2.7307390080428955,SHIBOR_1W+利差调整,2.8942390080428955,1.7859273413762289,0,水平代理；不能复现原偏离度,False
2018-08-03,2.6713106951871657,SHIBOR_1W+利差调整,2.890510695187165,1.7855573618538323,0,水平代理；不能复现原偏离度,False
2018-08-03,2.6713106951871657,SHIBOR_1W+利差调整,2.890510695187165,1.7855573618538323,0,水平代理；不能复现原偏离度,False
2018-08-06,2.615739008042896,SHIBOR_1W+利差调整,2.8868723413762285,1.7860440080428954,0,水平代理；不能复现原偏离度,False
2018-08-06,2.615739008042896,SHIBOR_1W+利差调整,2.8868723413762285,1.7860440080428954,0,水平代理；不能复现原偏离度,False
2018-08-07,2.5327390080428955,SHIBOR_1W+利差调整,2.881005674709562,1.786102341376229,0,水平代理；不能复现原偏离度,False
2018-08-07,2.5327390080428955,SHIBOR_1W+利差调整,2.881005674709562,1.786102341376229,0,水平代理；不能复现原偏离度,False
2018-08-08,2.491481124497992,SHIBOR_1W+利差调整,2.873614457831325,1.7859027911646588,0,水平代理；不能复现原偏离度,False
2018-08-08,2.491481124497992,SHIBOR_1W+利差调整,2.873614457831325,1.7859027911646588,0,水平代理；不能复现原偏离度,False
2018-08-09,2.596739008042896,SHIBOR_1W+利差调整,2.867455674709562,1.7864120080428956,0,水平代理；不能复现原偏离度,False
2018-08-09,2.596739008042896,SHIBOR_1W+利差调整,2.867455674709562,1.7864120080428956,0,水平代理；不能复现原偏离度,False
2018-08-10,2.572481124497992,SHIBOR_1W+利差调整,2.860914457831325,1.786405457831325,0,水平代理；不能复现原偏离度,False
2018-08-10,2.572481124497992,SHIBOR_1W+利差调整,2.860914457831325,1.786405457831325,0,水平代理；不能复现原偏离度,False
2018-08-13,2.637310695187166,SHIBOR_1W+利差调整,2.8561273618538325,1.7864863618538325,0,水平代理；不能复现原偏离度,False
2018-08-13,2.637310695187166,SHIBOR_1W+利差调整,2.8561273618538325,1.7864863618538325,0,水平代理；不能复现原偏离度,False
2018-08-14,2.7357390080428954,SHIBOR_1W+利差调整,2.853772341376229,1.7871660080428955,0,水平代理；不能复现原偏离度,False
2018-08-14,2.7357390080428954,SHIBOR_1W+利差调整,2.853772341376229,1.7871660080428955,0,水平代理；不能复现原偏离度,False
2018-08-15,2.7587390080428955,SHIBOR_1W+利差调整,2.851389008042895,1.7874173413762289,0,水平代理；不能复现原偏离度,False
2018-08-15,2.7587390080428955,SHIBOR_1W+利差调整,2.851389008042895,1.7874173413762289,0,水平代理；不能复现原偏离度,False
2018-08-16,2.7837390080428954,SHIBOR_1W+利差调整,2.8494723413762286,1.7876686747095625,0,水平代理；不能复现原偏离度,False
2018-08-16,2.7837390080428954,SHIBOR_1W+利差调整,2.8494723413762286,1.7876686747095625,0,水平代理；不能复现原偏离度,False
2018-08-17,2.7967390080428958,SHIBOR_1W+利差调整,2.847789008042896,1.7879200080428954,0,水平代理；不能复现原偏离度,False
2018-08-17,2.7967390080428953,SHIBOR_1W+利差调整,2.8477890080428954,1.7879200080428954,0,水平代理；不能复现原偏离度,False
2018-08-20,2.820739008042896,SHIBOR_1W+利差调整,2.845789008042895,1.788171341376229,0,水平代理；不能复现原偏离度,False
2018-08-20,2.8207390080428953,SHIBOR_1W+利差调整,2.845789008042895,1.788171341376229,0,水平代理；不能复现原偏离度,False
2018-08-21,2.8277390080428955,SHIBOR_1W+利差调整,2.843705674709562,1.7884226747095624,0,水平代理；不能复现原偏离度,False
2018-08-21,2.8277390080428955,SHIBOR_1W+利差调整,2.843705674709562,1.7884226747095624,0,水平代理；不能复现原偏离度,False
2018-08-22,2.8083106951871657,SHIBOR_1W+利差调整,2.8401773618538324,1.7882456951871657,0,水平代理；不能复现原偏离度,False
2018-08-22,2.8083106951871657,SHIBOR_1W+利差调整,2.8401773618538324,1.7882456951871657,0,水平代理；不能复现原偏离度,False
2018-08-23,2.7957390080428954,SHIBOR_1W+利差调整,2.836505674709562,1.7888085080428957,0,水平代理；不能复现原偏离度,False
2018-08-23,2.7957390080428954,SHIBOR_1W+利差调整,2.836505674709562,1.7888085080428957,0,水平代理；不能复现原偏离度,False
2018-08-24,2.7587390080428955,SHIBOR_1W+利差调整,2.8317390080428955,1.7889430080428956,0,水平代理；不能复现原偏离度,False
2018-08-24,2.7587390080428955,SHIBOR_1W+利差调整,2.8317390080428955,1.7889430080428956,0,水平代理；不能复现原偏离度,False
2018-08-27,2.7887390080428958,SHIBOR_1W+利差调整,2.827489008042895,1.7890775080428956,0,水平代理；不能复现原偏离度,False
2018-08-27,2.7887390080428953,SHIBOR_1W+利差调整,2.827489008042895,1.7890775080428956,0,水平代理；不能复现原偏离度,False
2018-08-28,2.793481124497992,SHIBOR_1W+利差调整,2.824381124497992,1.7889541244979918,0,水平代理；不能复现原偏离度,False
2018-08-28,2.793481124497992,SHIBOR_1W+利差调整,2.824381124497992,1.7889541244979918,0,水平代理；不能复现原偏离度,False
2018-08-29,2.792481124497992,SHIBOR_1W+利差调整,2.8217811244979925,1.789088624497992,0,水平代理；不能复现原偏离度,False
2018-08-29,2.792481124497992,SHIBOR_1W+利差调整,2.8217811244979925,1.789088624497992,0,水平代理；不能复现原偏离度,False
2018-08-30,2.786481124497992,SHIBOR_1W+利差调整,2.8192477911646585,1.789223124497992,0,水平代理；不能复现原偏离度,False
2018-08-30,2.786481124497992,SHIBOR_1W+利差调整,2.8192477911646585,1.789223124497992,0,水平代理；不能复现原偏离度,False
2018-08-31,2.7797390080428954,SHIBOR_1W+利差调整,2.8170056747095624,1.7896155080428957,0,水平代理；不能复现原偏离度,False
2018-08-31,2.7797390080428954,SHIBOR_1W+利差调整,2.8170056747095624,1.7896155080428957,0,水平代理；不能复现原偏离度,False
2018-09-03,2.7677390080428954,SHIBOR_1W+利差调整,2.814489008042896,1.7897500080428954,0,水平代理；不能复现原偏离度,False
2018-09-03,2.7677390080428954,SHIBOR_1W+利差调整,2.814489008042896,1.7897500080428954,0,水平代理；不能复现原偏离度,False
2018-09-04,2.7467390080428955,SHIBOR_1W+利差调整,2.811555674709562,1.7898845080428956,0,水平代理；不能复现原偏离度,False
2018-09-04,2.7467390080428955,SHIBOR_1W+利差调整,2.811555674709562,1.7898845080428956,0,水平代理；不能复现原偏离度,False
2018-09-05,2.6987390080428955,SHIBOR_1W+利差调整,2.807605674709562,1.7900190080428957,0,水平代理；不能复现原偏离度,False
2018-09-05,2.6987390080428955,SHIBOR_1W+利差调整,2.807605674709562,1.7900190080428955,0,水平代理；不能复现原偏离度,False
2018-09-06,2.779310695187166,SHIBOR_1W+利差调整,2.8043940285204987,1.789748528520499,0,水平代理；不能复现原偏离度,False
2018-09-06,2.779310695187166,SHIBOR_1W+利差调整,2.8043940285204987,1.789748528520499,0,水平代理；不能复现原偏离度,False
2018-09-07,2.8197390080428955,SHIBOR_1W+利差调整,2.802555674709562,1.790334674709562,0,水平代理；不能复现原偏离度,False
2018-09-07,2.8197390080428955,SHIBOR_1W+利差调整,2.802555674709562,1.790334674709562,0,水平代理；不能复现原偏离度,False
2018-09-10,2.8257390080428952,SHIBOR_1W+利差调整,2.800372341376229,1.7904925080428955,0,水平代理；不能复现原偏离度,False
2018-09-10,2.8257390080428952,SHIBOR_1W+利差调整,2.800372341376229,1.7904925080428955,0,水平代理；不能复现原偏离度,False
2018-09-11,2.832739008042896,SHIBOR_1W+利差调整,2.798322341376229,1.790650341376229,0,水平代理；不能复现原偏离度,False
2018-09-11,2.8327390080428954,SHIBOR_1W+利差调整,2.798322341376229,1.790650341376229,0,水平代理；不能复现原偏离度,False
2018-09-12,2.8217390080428952,SHIBOR_1W+利差调整,2.795872341376229,1.790808174709562,0,水平代理；不能复现原偏离度,False
2018-09-12,2.8217390080428952,SHIBOR_1W+利差调整,2.795872341376229,1.790808174709562,0,水平代理；不能复现原偏离度,False
2018-09-13,2.8097390080428952,SHIBOR_1W+利差调整,2.7931723413762284,1.7909660080428955,0,水平代理；不能复现原偏离度,False
2018-09-13,2.8097390080428952,SHIBOR_1W+利差调整,2.7931723413762284,1.7909660080428955,0,水平代理；不能复现原偏离度,False
2018-09-14,2.7917390080428954,SHIBOR_1W+利差调整,2.7902723413762285,1.7911238413762287,0,水平代理；不能复现原偏离度,False
2018-09-14,2.7917390080428954,SHIBOR_1W+利差调整,2.7902723413762285,1.7911238413762287,0,水平代理；不能复现原偏离度,False
2018-09-17,2.785739008042895,SHIBOR_1W+利差调整,2.787155674709562,1.791281674709562,0,水平代理；不能复现原偏离度,False
2018-09-17,2.785739008042895,SHIBOR_1W+利差调整,2.787155674709562,1.7912816747095621,0,水平代理；不能复现原偏离度,False
2018-09-18,2.8317390080428955,SHIBOR_1W+利差调整,2.784722341376229,1.7914395080428955,0,水平代理；不能复现原偏离度,False
2018-09-18,2.8317390080428955,SHIBOR_1W+利差调整,2.784722341376229,1.7914395080428955,0,水平代理；不能复现原偏离度,False
2018-09-19,2.814739008042896,SHIBOR_1W+利差调整,2.7819556747095624,1.7915973413762287,0,水平代理；不能复现原偏离度,False
2018-09-19,2.8147390080428956,SHIBOR_1W+利差调整,2.7819556747095624,1.7915973413762287,0,水平代理；不能复现原偏离度,False
2018-09-20,2.805739008042895,SHIBOR_1W+利差调整,2.7789223413762287,1.7918285080428955,0,水平代理；不能复现原偏离度,False
2018-09-20,2.805739008042895,SHIBOR_1W+利差调整,2.7789223413762287,1.7918285080428955,0,水平代理；不能复现原偏离度,False
2018-09-21,2.8003106951871657,SHIBOR_1W+利差调整,2.7750273618538324,1.7916313618538324,0,水平代理；不能复现原偏离度,False
2018-09-21,2.8003106951871657,SHIBOR_1W+利差调整,2.7750273618538324,1.7916313618538324,0,水平代理；不能复现原偏离度,False
2018-09-25,2.838739008042896,SHIBOR_1W+利差调整,2.7739890080428955,1.7922908413762288,0,水平代理；不能复现原偏离度,False
2018-09-25,2.838739008042896,SHIBOR_1W+利差调整,2.7739890080428955,1.7922908413762288,0,水平代理；不能复现原偏离度,False
2018-09-26,2.857481124497992,SHIBOR_1W+利差调整,2.7735977911646588,1.792264124497992,0,水平代理；不能复现原偏离度,False
2018-09-26,2.857481124497992,SHIBOR_1W+利差调整,2.7735977911646588,1.792264124497992,0,水平代理；不能复现原偏离度,False
2018-09-27,2.8687390080428954,SHIBOR_1W+利差调整,2.774855674709562,1.7927531747095622,0,水平代理；不能复现原偏离度,False
2018-09-27,2.8687390080428954,SHIBOR_1W+利差调整,2.774855674709562,1.7927531747095622,0,水平代理；不能复现原偏离度,False
2018-09-28,2.876481124497992,SHIBOR_1W+利差调整,2.776681124497992,1.7927264578313251,0,水平代理；不能复现原偏离度,False
2018-09-28,2.876481124497992,SHIBOR_1W+利差调整,2.776681124497992,1.7927264578313251,0,水平代理；不能复现原偏离度,False
2018-09-29,2.929739008042896,SHIBOR_1W+利差调整,2.780189008042896,1.793215508042895,0,水平代理；不能复现原偏离度,False
2018-09-29,2.929739008042896,SHIBOR_1W+利差调整,2.780189008042896,1.793215508042895,0,水平代理；不能复现原偏离度,False
2018-09-30,2.9127390080428954,SHIBOR_1W+利差调整,2.7829223413762287,1.793446674709562,0,水平代理；不能复现原偏离度,False
2018-09-30,2.9127390080428954,SHIBOR_1W+利差调整,2.7829223413762287,1.793446674709562,0,水平代理；不能复现原偏离度,False
2018-10-08,2.803310695187166,SHIBOR_1W+利差调整,2.782494028520499,1.7932495285204992,0,水平代理；不能复现原偏离度,False
2018-10-08,2.803310695187166,SHIBOR_1W+利差调整,2.782494028520499,1.7932495285204992,0,水平代理；不能复现原偏离度,False
2018-10-09,2.7797390080428954,SHIBOR_1W+利差调整,2.782155674709562,1.7939090080428954,0,水平代理；不能复现原偏离度,False
2018-10-09,2.7797390080428954,SHIBOR_1W+利差调整,2.782155674709562,1.7939090080428954,0,水平代理；不能复现原偏离度,False
2018-10-10,2.7647390080428957,SHIBOR_1W+利差调整,2.7810223413762287,1.7939970080428955,0,水平代理；不能复现原偏离度,False
2018-10-10,2.7647390080428953,SHIBOR_1W+利差调整,2.7810223413762287,1.7939970080428955,0,水平代理；不能复现原偏离度,False
2018-10-11,2.757310695187166,SHIBOR_1W+利差调整,2.779344028520499,1.7936566951871658,0,水平代理；不能复现原偏离度,False
2018-10-11,2.757310695187166,SHIBOR_1W+利差调整,2.779344028520499,1.7936566951871658,0,水平代理；不能复现原偏离度,False
2018-10-12,2.761739008042896,SHIBOR_1W+利差调整,2.778372341376228,1.7941730080428957,0,水平代理；不能复现原偏离度,False
2018-10-12,2.7617390080428956,SHIBOR_1W+利差调整,2.7783723413762282,1.7941730080428955,0,水平代理；不能复现原偏离度,False
2018-10-15,2.7587390080428955,SHIBOR_1W+利差调整,2.776855674709562,1.7942610080428956,0,水平代理；不能复现原偏离度,False
2018-10-15,2.7587390080428955,SHIBOR_1W+利差调整,2.776855674709562,1.7942610080428956,0,水平代理；不能复现原偏离度,False
2018-10-16,2.749739008042896,SHIBOR_1W+利差调整,2.775205674709562,1.7943490080428954,0,水平代理；不能复现原偏离度,False
2018-10-16,2.7497390080428956,SHIBOR_1W+利差调整,2.775205674709562,1.7943490080428954,0,水平代理；不能复现原偏离度,False
2018-10-17,2.7507390080428955,SHIBOR_1W+利差调整,2.7738890080428957,1.7944370080428955,0,水平代理；不能复现原偏离度,False
2018-10-17,2.7507390080428955,SHIBOR_1W+利差调整,2.7738890080428953,1.7944370080428955,0,水平代理；不能复现原偏离度,False
2018-10-18,2.757739008042896,SHIBOR_1W+利差调整,2.7728223413762283,1.7945250080428954,0,水平代理；不能复现原偏离度,False
2018-10-18,2.7577390080428956,SHIBOR_1W+利差调整,2.7728223413762283,1.7945250080428954,0,水平代理；不能复现原偏离度,False
2018-10-19,2.7683106951871657,SHIBOR_1W+利差调整,2.7717940285204987,1.7941846951871658,0,水平代理；不能复现原偏离度,False
2018-10-19,2.7683106951871657,SHIBOR_1W+利差调整,2.7717940285204987,1.7941846951871658,0,水平代理；不能复现原偏离度,False
2018-10-22,2.778310695187166,SHIBOR_1W+利差调整,2.771410695187165,1.794272695187166,0,水平代理；不能复现原偏离度,False
2018-10-22,2.778310695187166,SHIBOR_1W+利差调整,2.771410695187165,1.794272695187166,0,水平代理；不能复现原偏离度,False
2018-10-23,2.781739008042895,SHIBOR_1W+利差调整,2.771305674709562,1.7947890080428954,0,水平代理；不能复现原偏离度,False
2018-10-23,2.781739008042895,SHIBOR_1W+利差调整,2.771305674709562,1.7947890080428954,0,水平代理；不能复现原偏离度,False
2018-10-24,2.777739008042895,SHIBOR_1W+利差调整,2.7708223413762285,1.7949383413762288,0,水平代理；不能复现原偏离度,False
2018-10-24,2.777739008042895,SHIBOR_1W+利差调整,2.7708223413762285,1.7949383413762288,0,水平代理；不能复现原偏离度,False
2018-10-25,2.7767390080428958,SHIBOR_1W+利差调整,2.770422341376229,1.795087674709562,0,水平代理；不能复现原偏离度,False
2018-10-25,2.7767390080428953,SHIBOR_1W+利差调整,2.770422341376229,1.795087674709562,0,水平代理；不能复现原偏离度,False
2018-10-26,2.7647390080428957,SHIBOR_1W+利差调整,2.7698723413762285,1.7952370080428954,0,水平代理；不能复现原偏离度,False
2018-10-26,2.7647390080428953,SHIBOR_1W+利差调整,2.7698723413762285,1.7952370080428954,0,水平代理；不能复现原偏离度,False
2018-10-29,2.7557390080428954,SHIBOR_1W+利差调整,2.7692223413762287,1.7953863413762288,0,水平代理；不能复现原偏离度,False
2018-10-29,2.7557390080428954,SHIBOR_1W+利差调整,2.7692223413762287,1.7953863413762288,0,水平代理；不能复现原偏离度,False
2018-10-30,2.7443106951871656,SHIBOR_1W+利差调整,2.768394028520499,1.7951073618538325,0,水平代理；不能复现原偏离度,False
2018-10-30,2.7443106951871656,SHIBOR_1W+利差调整,2.768394028520499,1.7951073618538325,0,水平代理；不能复现原偏离度,False
2018-10-31,2.8613106951871656,SHIBOR_1W+利差调整,2.770577361853832,1.7952566951871658,0,水平代理；不能复现原偏离度,False
2018-10-31,2.8613106951871656,SHIBOR_1W+利差调整,2.770577361853832,1.7952566951871658,0,水平代理；不能复现原偏离度,False
2018-11-01,2.8197390080428955,SHIBOR_1W+利差调整,2.773472341376229,1.7958343413762288,0,水平代理；不能复现原偏离度,False
2018-11-01,2.8197390080428955,SHIBOR_1W+利差调整,2.773472341376229,1.7958343413762288,0,水平代理；不能复现原偏离度,False
2018-11-02,2.795310695187166,SHIBOR_1W+利差调整,2.776044028520499,1.7955553618538322,0,水平代理；不能复现原偏离度,False
2018-11-02,2.795310695187166,SHIBOR_1W+利差调整,2.776044028520499,1.7955553618538322,0,水平代理；不能复现原偏离度,False
2018-11-05,2.7847390080428958,SHIBOR_1W+利差调整,2.7806723413762287,1.7961330080428954,0,水平代理；不能复现原偏离度,False
2018-11-05,2.7847390080428953,SHIBOR_1W+利差调整,2.7806723413762287,1.7961330080428954,0,水平代理；不能复现原偏离度,False
2018-11-06,2.7597390080428954,SHIBOR_1W+利差调整,2.785139008042896,1.7962823413762288,0,水平代理；不能复现原偏离度,False
2018-11-06,2.7597390080428954,SHIBOR_1W+利差调整,2.785139008042896,1.7962823413762288,0,水平代理；不能复现原偏离度,False
2018-11-07,2.741739008042896,SHIBOR_1W+利差调整,2.787555674709562,1.7965325080428955,0,水平代理；不能复现原偏离度,False
2018-11-07,2.7417390080428956,SHIBOR_1W+利差调整,2.787555674709562,1.7965325080428955,0,水平代理；不能复现原偏离度,False
2018-11-08,2.7467390080428955,SHIBOR_1W+利差调整,2.790455674709562,1.796782674709562,0,水平代理；不能复现原偏离度,False
2018-11-08,2.7467390080428955,SHIBOR_1W+利差调整,2.790455674709562,1.796782674709562,0,水平代理；不能复现原偏离度,False
2018-11-09,2.745739008042896,SHIBOR_1W+利差调整,2.792255674709561,1.7970328413762289,0,水平代理；不能复现原偏离度,False
2018-11-09,2.7457390080428956,SHIBOR_1W+利差调整,2.7922556747095615,1.7970328413762289,0,水平代理；不能复现原偏离度,False
2018-11-12,2.7707390080428955,SHIBOR_1W+利差调整,2.7928390080428955,1.7972830080428954,0,水平代理；不能复现原偏离度,False
2018-11-12,2.7707390080428955,SHIBOR_1W+利差调整,2.7928390080428955,1.7972830080428954,0,水平代理；不能复现原偏离度,False
2018-11-13,2.7797390080428954,SHIBOR_1W+利差调整,2.793189008042896,1.797533174709562,0,水平代理；不能复现原偏离度,False
2018-11-13,2.7797390080428954,SHIBOR_1W+利差调整,2.793189008042896,1.797533174709562,0,水平代理；不能复现原偏离度,False
2018-11-14,2.7787390080428955,SHIBOR_1W+利差调整,2.793105674709562,1.7977833413762287,0,水平代理；不能复现原偏离度,False
2018-11-14,2.7787390080428955,SHIBOR_1W+利差调整,2.793105674709562,1.7977833413762287,0,水平代理；不能复现原偏离度,False
2018-11-15,2.775481124497992,SHIBOR_1W+利差调整,2.7924977911646587,1.797775624497992,0,水平代理；不能复现原偏离度,False
2018-11-15,2.775481124497992,SHIBOR_1W+利差调整,2.7924977911646587,1.797775624497992,0,水平代理；不能复现原偏离度,False
2018-11-16,2.7753106951871658,SHIBOR_1W+利差调整,2.7915773618538324,1.7978553618538324,0,水平代理；不能复现原偏离度,False
2018-11-16,2.7753106951871658,SHIBOR_1W+利差调整,2.7915773618538324,1.7978553618538324,0,水平代理；不能复现原偏离度,False
2018-11-19,2.7893106951871656,SHIBOR_1W+利差调整,2.790944028520499,1.7981055285204992,0,水平代理；不能复现原偏离度,False
2018-11-19,2.7893106951871656,SHIBOR_1W+利差调整,2.790944028520499,1.7981055285204992,0,水平代理；不能复现原偏离度,False
2018-11-20,2.811310695187166,SHIBOR_1W+利差调整,2.7909940285205,1.7983556951871658,0,水平代理；不能复现原偏离度,False
2018-11-20,2.811310695187166,SHIBOR_1W+利差调整,2.7909940285205,1.7983556951871658,0,水平代理；不能复现原偏离度,False
2018-11-21,2.802739008042896,SHIBOR_1W+利差调整,2.7915390080428955,1.7988330080428954,0,水平代理；不能复现原偏离度,False
2018-11-21,2.802739008042896,SHIBOR_1W+利差调整,2.7915390080428955,1.7988330080428954,0,水平代理；不能复现原偏离度,False
2018-11-22,2.7887390080428958,SHIBOR_1W+利差调整,2.792039008042896,1.798882008042895,0,水平代理；不能复现原偏离度,False
2018-11-22,2.7887390080428953,SHIBOR_1W+利差调整,2.7920390080428956,1.7988820080428953,0,水平代理；不能复现原偏离度,False
2018-11-23,2.774310695187166,SHIBOR_1W+利差调整,2.7913773618538325,1.7985026951871657,0,水平代理；不能复现原偏离度,False
2018-11-23,2.774310695187166,SHIBOR_1W+利差调整,2.7913773618538325,1.7985026951871657,0,水平代理；不能复现原偏离度,False
2018-11-26,2.790310695187166,SHIBOR_1W+利差调整,2.791327361853832,1.7985516951871656,0,水平代理；不能复现原偏离度,False
2018-11-26,2.790310695187166,SHIBOR_1W+利差调整,2.791327361853832,1.7985516951871656,0,水平代理；不能复现原偏离度,False
2018-11-27,2.789739008042895,SHIBOR_1W+利差调整,2.791705674709562,1.7990290080428957,0,水平代理；不能复现原偏离度,False
2018-11-27,2.789739008042895,SHIBOR_1W+利差调整,2.791705674709562,1.7990290080428957,0,水平代理；不能复现原偏离度,False
2018-11-28,2.7967390080428958,SHIBOR_1W+利差调整,2.7918723413762283,1.7990780080428954,0,水平代理；不能复现原偏离度,False
2018-11-28,2.7967390080428953,SHIBOR_1W+利差调整,2.7918723413762283,1.7990780080428954,0,水平代理；不能复现原偏离度,False
2018-11-29,2.796739008042896,SHIBOR_1W+利差调整,2.792155674709562,1.7991270080428954,0,水平代理；不能复现原偏离度,False
2018-11-29,2.796739008042896,SHIBOR_1W+利差调整,2.792155674709562,1.7991270080428954,0,水平代理；不能复现原偏离度,False
2018-11-30,2.8157390080428955,SHIBOR_1W+利差调整,2.792955674709562,1.7991760080428956,0,水平代理；不能复现原偏离度,False
2018-11-30,2.8157390080428955,SHIBOR_1W+利差调整,2.792955674709562,1.7991760080428956,0,水平代理；不能复现原偏离度,False
2018-12-03,2.7647390080428957,SHIBOR_1W+利差调整,2.7932556747095623,1.7992250080428955,0,水平代理；不能复现原偏离度,False
2018-12-03,2.7647390080428953,SHIBOR_1W+利差调整,2.7932556747095623,1.7992250080428955,0,水平代理；不能复现原偏离度,False
2018-12-04,2.7673106951871658,SHIBOR_1W+利差调整,2.7939773618538326,1.7988456951871656,0,水平代理；不能复现原偏离度,False
2018-12-04,2.7673106951871658,SHIBOR_1W+利差调整,2.7939773618538326,1.7988456951871656,0,水平代理；不能复现原偏离度,False
2018-12-05,2.727739008042896,SHIBOR_1W+利差调整,2.793539008042896,1.799547841376229,0,水平代理；不能复现原偏离度,False
2018-12-05,2.7277390080428954,SHIBOR_1W+利差调整,2.7935390080428957,1.799547841376229,0,水平代理；不能复现原偏离度,False
2018-12-06,2.7467390080428955,SHIBOR_1W+利差调整,2.7923223413762286,1.799821674709562,0,水平代理；不能复现原偏离度,False
2018-12-06,2.7467390080428955,SHIBOR_1W+利差调整,2.7923223413762286,1.7998216747095621,0,水平代理；不能复现原偏离度,False
2018-12-07,2.757739008042896,SHIBOR_1W+利差调整,2.791189008042896,1.8000955080428955,0,水平代理；不能复现原偏离度,False
2018-12-07,2.757739008042896,SHIBOR_1W+利差调整,2.791189008042896,1.8000955080428955,0,水平代理；不能复现原偏离度,False
2018-12-10,2.761739008042896,SHIBOR_1W+利差调整,2.790005674709562,1.800369341376229,0,水平代理；不能复现原偏离度,False
2018-12-10,2.7617390080428956,SHIBOR_1W+利差调整,2.790005674709562,1.800369341376229,0,水平代理；不能复现原偏离度,False
2018-12-11,2.7707390080428955,SHIBOR_1W+利差调整,2.7891556747095625,1.800643174709562,0,水平代理；不能复现原偏离度,False
2018-12-11,2.7707390080428955,SHIBOR_1W+利差调整,2.7891556747095625,1.800643174709562,0,水平代理；不能复现原偏离度,False
2018-12-12,2.7727390080428957,SHIBOR_1W+利差调整,2.788539008042896,1.8009170080428956,0,水平代理；不能复现原偏离度,False
2018-12-12,2.7727390080428953,SHIBOR_1W+利差调整,2.788539008042896,1.8009170080428956,0,水平代理；不能复现原偏离度,False
2018-12-13,2.782310695187166,SHIBOR_1W+利差调整,2.787960695187166,1.800762528520499,0,水平代理；不能复现原偏离度,False
2018-12-13,2.782310695187166,SHIBOR_1W+利差调整,2.787960695187166,1.800762528520499,0,水平代理；不能复现原偏离度,False
2018-12-14,2.8297390080428952,SHIBOR_1W+利差调整,2.789122341376229,1.8014646747095624,0,水平代理；不能复现原偏离度,False
2018-12-14,2.8297390080428952,SHIBOR_1W+利差调整,2.789122341376229,1.8014646747095622,0,水平代理；不能复现原偏离度,False
2018-12-17,2.8437390080428955,SHIBOR_1W+利差调整,2.7893223413762285,1.801738508042896,0,水平代理；不能复现原偏离度,False
2018-12-17,2.8437390080428955,SHIBOR_1W+利差调整,2.7893223413762285,1.8017385080428956,0,水平代理；不能复现原偏离度,False
2018-12-18,2.840739008042896,SHIBOR_1W+利差调整,2.789755674709562,1.8020123413762288,0,水平代理；不能复现原偏离度,False
2018-12-18,2.840739008042896,SHIBOR_1W+利差调整,2.789755674709562,1.8020123413762288,0,水平代理；不能复现原偏离度,False
2018-12-19,2.836739008042896,SHIBOR_1W+利差调整,2.790272341376229,1.8022063413762288,0,水平代理；不能复现原偏离度,False
2018-12-19,2.8367390080428954,SHIBOR_1W+利差调整,2.790272341376229,1.8022063413762288,0,水平代理；不能复现原偏离度,False
2018-12-20,2.822739008042896,SHIBOR_1W+利差调整,2.7906390080428958,1.8024003413762288,0,水平代理；不能复现原偏离度,False
2018-12-20,2.8227390080428956,SHIBOR_1W+利差调整,2.7906390080428953,1.8024003413762288,0,水平代理；不能复现原偏离度,False
2018-12-21,2.795481124497992,SHIBOR_1W+利差调整,2.789664457831325,1.8023364578313248,0,水平代理；不能复现原偏离度,False
2018-12-21,2.795481124497992,SHIBOR_1W+利差调整,2.789664457831325,1.8023364578313248,0,水平代理；不能复现原偏离度,False
2018-12-24,2.805739008042895,SHIBOR_1W+利差调整,2.789055674709562,1.802788341376229,0,水平代理；不能复现原偏离度,False
2018-12-24,2.805739008042895,SHIBOR_1W+利差调整,2.789055674709562,1.8027883413762287,0,水平代理；不能复现原偏离度,False
2018-12-25,2.7997390080428954,SHIBOR_1W+利差调整,2.7879056747095623,1.8029823413762287,0,水平代理；不能复现原偏离度,False
2018-12-25,2.7997390080428954,SHIBOR_1W+利差调整,2.7879056747095623,1.8029823413762287,0,水平代理；不能复现原偏离度,False
2018-12-26,2.818739008042896,SHIBOR_1W+利差调整,2.786939008042895,1.8031763413762287,0,水平代理；不能复现原偏离度,False
2018-12-26,2.818739008042896,SHIBOR_1W+利差调整,2.786939008042895,1.8031763413762287,0,水平代理；不能复现原偏离度,False
2018-12-27,2.841481124497992,SHIBOR_1W+利差调整,2.785214457831325,1.803112457831325,0,水平代理；不能复现原偏离度,False
2018-12-27,2.841481124497992,SHIBOR_1W+利差调整,2.785214457831325,1.803112457831325,0,水平代理；不能复现原偏离度,False
2018-12-28,2.867310695187166,SHIBOR_1W+利差调整,2.7842940285205,1.803136028520499,0,水平代理；不能复现原偏离度,False
2018-12-28,2.867310695187166,SHIBOR_1W+利差调整,2.7842940285205,1.803136028520499,0,水平代理；不能复现原偏离度,False
2018-12-29,3.0497390080428954,SHIBOR_1W+利差调整,2.788822341376229,1.8037583413762288,0,水平代理；不能复现原偏离度,False
2018-12-29,3.0497390080428954,SHIBOR_1W+利差调整,2.788822341376229,1.8037583413762286,0,水平代理；不能复现原偏离度,False
2019-01-02,2.780739008042896,SHIBOR_1W+利差调整,2.788839008042895,1.8039523413762288,0,水平代理；不能复现原偏离度,False
2019-01-02,2.780739008042896,SHIBOR_1W+利差调整,2.788839008042895,1.8039523413762288,0,水平代理；不能复现原偏离度,False
2019-01-03,2.693481124497992,SHIBOR_1W+利差调整,2.7873977911646586,1.803760124497992,0,水平代理；不能复现原偏离度,False
2019-01-03,2.693481124497992,SHIBOR_1W+利差调整,2.7873977911646586,1.803760124497992,0,水平代理；不能复现原偏离度,False
2019-01-04,2.709739008042896,SHIBOR_1W+利差调整,2.7868556747095625,1.804083674709562,0,水平代理；不能复现原偏离度,False
2019-01-04,2.709739008042896,SHIBOR_1W+利差调整,2.7868556747095625,1.804083674709562,0,水平代理；不能复现原偏离度,False
2019-01-07,2.6217390080428955,SHIBOR_1W+利差调整,2.784522341376229,1.8041493413762288,0,水平代理；不能复现原偏离度,False
2019-01-07,2.6217390080428955,SHIBOR_1W+利差调整,2.784522341376229,1.8041493413762286,0,水平代理；不能复现原偏离度,False
2019-01-08,2.518739008042896,SHIBOR_1W+利差调整,2.780522341376229,1.804215008042896,0,水平代理；不能复现原偏离度,False
2019-01-08,2.518739008042896,SHIBOR_1W+利差调整,2.780522341376229,1.804215008042896,0,水平代理；不能复现原偏离度,False
2019-01-09,2.6217390080428955,SHIBOR_1W+利差调整,2.778389008042895,1.804280674709562,0,水平代理；不能复现原偏离度,False
2019-01-09,2.6217390080428955,SHIBOR_1W+利差调整,2.778389008042895,1.804280674709562,0,水平代理；不能复现原偏离度,False
2019-01-10,2.733739008042896,SHIBOR_1W+利差调整,2.778105674709562,1.8043463413762288,0,水平代理；不能复现原偏离度,False
2019-01-10,2.7337390080428956,SHIBOR_1W+利差调整,2.778105674709562,1.8043463413762288,0,水平代理；不能复现原偏离度,False
2019-01-11,2.701739008042896,SHIBOR_1W+利差调整,2.777172341376229,1.804412008042896,0,水平代理；不能复现原偏离度,False
2019-01-11,2.701739008042896,SHIBOR_1W+利差调整,2.777172341376229,1.804412008042896,0,水平代理；不能复现原偏离度,False
2019-01-14,2.7757390080428954,SHIBOR_1W+利差调整,2.777289008042896,1.804477674709562,0,水平代理；不能复现原偏离度,False
2019-01-14,2.7757390080428954,SHIBOR_1W+利差调整,2.7772890080428954,1.804477674709562,0,水平代理；不能复现原偏离度,False
2019-01-15,2.7987390080428955,SHIBOR_1W+利差调整,2.777622341376229,1.8045433413762288,0,水平代理；不能复现原偏离度,False
2019-01-15,2.7987390080428955,SHIBOR_1W+利差调整,2.777622341376229,1.8045433413762288,0,水平代理；不能复现原偏离度,False
2019-01-16,2.7867390080428955,SHIBOR_1W+利差调整,2.7777056747095625,1.804609008042896,0,水平代理；不能复现原偏离度,False
2019-01-16,2.7867390080428955,SHIBOR_1W+利差调整,2.7777056747095625,1.804609008042896,0,水平代理；不能复现原偏离度,False
2019-01-17,2.757739008042896,SHIBOR_1W+利差调整,2.777372341376229,1.804912508042896,0,水平代理；不能复现原偏离度,False
2019-01-17,2.757739008042896,SHIBOR_1W+利差调整,2.777372341376229,1.804912508042896,0,水平代理；不能复现原偏离度,False
2019-01-18,2.7647390080428957,SHIBOR_1W+利差调整,2.777172341376229,1.805216008042896,0,水平代理；不能复现原偏离度,False
2019-01-18,2.7647390080428953,SHIBOR_1W+利差调整,2.777172341376229,1.8052160080428956,0,水平代理；不能复现原偏离度,False
2019-01-21,2.740739008042896,SHIBOR_1W+利差调整,2.776772341376229,1.805519508042896,0,水平代理；不能复现原偏离度,False
2019-01-21,2.740739008042896,SHIBOR_1W+利差调整,2.776772341376229,1.805519508042896,0,水平代理；不能复现原偏离度,False
2019-01-22,2.7247390080428957,SHIBOR_1W+利差调整,2.776255674709562,1.805823008042896,0,水平代理；不能复现原偏离度,False
2019-01-22,2.7247390080428953,SHIBOR_1W+利差调整,2.776255674709562,1.8058230080428956,0,水平代理；不能复现原偏离度,False
2019-01-23,2.730757908847185,SHIBOR_1W+利差调整,2.7760412421805185,1.8061454088471849,0,水平代理；不能复现原偏离度,False
2019-01-23,2.730757908847185,SHIBOR_1W+利差调整,2.7760412421805185,1.8061454088471849,0,水平代理；不能复现原偏离度,False
2019-01-24,2.7627390080428955,SHIBOR_1W+利差调整,2.7743723413762287,1.806430008042896,0,水平代理；不能复现原偏离度,False
2019-01-24,2.7627390080428955,SHIBOR_1W+利差调整,2.7743723413762287,1.8064300080428957,0,水平代理；不能复现原偏离度,False
2019-01-25,2.7723106951871657,SHIBOR_1W+利差调整,2.773160695187166,1.8063051951871656,0,水平代理；不能复现原偏离度,False
2019-01-25,2.7723106951871657,SHIBOR_1W+利差调整,2.773160695187166,1.8063051951871656,0,水平代理；不能复现原偏离度,False
2019-01-28,2.806481124497992,SHIBOR_1W+利差调整,2.7735144578313253,1.806779124497992,0,水平代理；不能复现原偏离度,False
2019-01-28,2.806481124497992,SHIBOR_1W+利差调整,2.7735144578313253,1.806779124497992,0,水平代理；不能复现原偏离度,False
2019-01-29,2.9127390080428954,SHIBOR_1W+利差调整,2.7759056747095623,1.807340508042896,0,水平代理；不能复现原偏离度,False
2019-01-29,2.9127390080428954,SHIBOR_1W+利差调整,2.7759056747095623,1.807340508042896,0,水平代理；不能复现原偏离度,False
2019-01-30,2.911481124497992,SHIBOR_1W+利差调整,2.778181124497992,1.807386124497992,0,水平代理；不能复现原偏离度,False
2019-01-30,2.911481124497992,SHIBOR_1W+利差调整,2.778181124497992,1.807386124497992,0,水平代理；不能复现原偏离度,False
2019-01-31,2.9023106951871656,SHIBOR_1W+利差调整,2.7806940285205,1.8073066951871657,0,水平代理；不能复现原偏离度,False
2019-01-31,2.9023106951871656,SHIBOR_1W+利差调整,2.7806940285205,1.8073066951871657,0,水平代理；不能复现原偏离度,False
2019-02-01,2.8683106951871657,SHIBOR_1W+利差调整,2.782727361853832,1.8073976951871653,0,水平代理；不能复现原偏离度,False
2019-02-01,2.8683106951871657,SHIBOR_1W+利差调整,2.782727361853832,1.8073976951871653,0,水平代理；不能复现原偏离度,False
2019-02-02,2.5183106951871657,SHIBOR_1W+利差调整,2.7789440285205,1.8074886951871656,0,水平代理；不能复现原偏离度,False
2019-02-02,2.5183106951871657,SHIBOR_1W+利差调整,2.7789440285205,1.8074886951871656,0,水平代理；不能复现原偏离度,False
2019-02-03,2.4807390080428955,SHIBOR_1W+利差调整,2.774539008042895,1.8080080080428955,0,水平代理；不能复现原偏离度,False
2019-02-03,2.4807390080428955,SHIBOR_1W+利差调整,2.774539008042895,1.8080080080428955,0,水平代理；不能复现原偏离度,False
2019-02-11,2.7427390080428955,SHIBOR_1W+利差调整,2.773922341376229,1.808099008042896,0,水平代理；不能复现原偏离度,False
2019-02-11,2.7427390080428955,SHIBOR_1W+利差调整,2.773922341376229,1.8080990080428956,0,水平代理；不能复现原偏离度,False
2019-02-12,2.6597390080428958,SHIBOR_1W+利差调整,2.7719390080428954,1.808190008042896,0,水平代理；不能复现原偏离度,False
2019-02-12,2.6597390080428953,SHIBOR_1W+利差调整,2.7719390080428954,1.8081900080428956,0,水平代理；不能复现原偏离度,False
2019-02-13,2.5087390080428955,SHIBOR_1W+利差调整,2.767489008042895,1.808281008042896,0,水平代理；不能复现原偏离度,False
2019-02-13,2.5087390080428955,SHIBOR_1W+利差调整,2.767489008042895,1.8082810080428957,0,水平代理；不能复现原偏离度,False
2019-02-14,2.4767390080428955,SHIBOR_1W+利差调整,2.7625056747095624,1.808372008042896,0,水平代理；不能复现原偏离度,False
2019-02-14,2.4767390080428955,SHIBOR_1W+利差调整,2.7625056747095624,1.8083720080428956,0,水平代理；不能复现原偏离度,False
2019-02-15,2.4977390080428954,SHIBOR_1W+利差调整,2.7576390080428954,1.808463008042896,0,水平代理；不能复现原偏离度,False
2019-02-15,2.4977390080428954,SHIBOR_1W+利差调整,2.7576390080428954,1.8084630080428956,0,水平代理；不能复现原偏离度,False
2019-02-18,2.5417390080428954,SHIBOR_1W+利差调整,2.7531390080428952,1.808554008042896,0,水平代理；不能复现原偏离度,False
2019-02-18,2.5417390080428954,SHIBOR_1W+利差调整,2.7531390080428952,1.8085540080428957,0,水平代理；不能复现原偏离度,False
2019-02-19,2.5447390080428955,SHIBOR_1W+利差调整,2.7488390080428955,1.808601508042896,0,水平代理；不能复现原偏离度,False
2019-02-19,2.5447390080428955,SHIBOR_1W+利差调整,2.7488390080428955,1.808601508042896,0,水平代理；不能复现原偏离度,False
2019-02-20,2.523739008042895,SHIBOR_1W+利差调整,2.7444223413762288,1.808649008042896,0,水平代理；不能复现原偏离度,False
2019-02-20,2.523739008042895,SHIBOR_1W+利差调整,2.7444223413762288,1.8086490080428956,0,水平代理；不能复现原偏离度,False
2019-02-21,2.545757908847185,SHIBOR_1W+利差调整,2.740624575513851,1.808715408847185,0,水平代理；不能复现原偏离度,False
2019-02-21,2.545757908847185,SHIBOR_1W+利差调整,2.740624575513851,1.808715408847185,0,水平代理；不能复现原偏离度,False
2019-02-22,2.746310695187166,SHIBOR_1W+利差调整,2.7394440285204995,1.8083156951871653,0,水平代理；不能复现原偏离度,False
2019-02-22,2.746310695187166,SHIBOR_1W+利差调整,2.7394440285204995,1.8083156951871653,0,水平代理；不能复现原偏离度,False
2019-02-25,2.8043106951871657,SHIBOR_1W+利差调整,2.739694028520499,1.8083631951871657,0,水平代理；不能复现原偏离度,False
2019-02-25,2.8043106951871657,SHIBOR_1W+利差调整,2.739694028520499,1.8083631951871657,0,水平代理；不能复现原偏离度,False
2019-02-26,2.891310695187166,SHIBOR_1W+利差调整,2.7412773618538324,1.8084106951871657,0,水平代理；不能复现原偏离度,False
2019-02-26,2.891310695187166,SHIBOR_1W+利差调整,2.7412773618538324,1.8084106951871657,0,水平代理；不能复现原偏离度,False
2019-02-27,2.8963106951871658,SHIBOR_1W+利差调整,2.7429440285205,1.8084581951871657,0,水平代理；不能复现原偏离度,False
2019-02-27,2.8963106951871658,SHIBOR_1W+利差调整,2.7429440285205,1.8084581951871657,0,水平代理；不能复现原偏离度,False
2019-02-28,2.804739008042896,SHIBOR_1W+利差调整,2.743189008042896,1.8089340080428955,0,水平代理；不能复现原偏离度,False
2019-02-28,2.804739008042896,SHIBOR_1W+利差调整,2.743189008042896,1.8089340080428955,0,水平代理；不能复现原偏离度,False
2019-03-01,2.6577390080428955,SHIBOR_1W+利差调整,2.741405674709562,1.808981508042896,0,水平代理；不能复现原偏离度,False
2019-03-01,2.6577390080428955,SHIBOR_1W+利差调整,2.741405674709562,1.808981508042896,0,水平代理；不能复现原偏离度,False
2019-03-04,2.5267390080428958,SHIBOR_1W+利差调整,2.7373890080428955,1.8090290080428957,0,水平代理；不能复现原偏离度,False
2019-03-04,2.5267390080428953,SHIBOR_1W+利差调整,2.7373890080428955,1.8090290080428955,0,水平代理；不能复现原偏离度,False
2019-03-05,2.7207390080428957,SHIBOR_1W+利差调整,2.7372723413762285,1.8093280080428955,0,水平代理；不能复现原偏离度,False
2019-03-05,2.7207390080428953,SHIBOR_1W+利差调整,2.7372723413762285,1.8093280080428955,0,水平代理；不能复现原偏离度,False
2019-03-06,2.6347390080428954,SHIBOR_1W+利差调整,2.735405674709562,1.8096270080428956,0,水平代理；不能复现原偏离度,False
2019-03-06,2.6347390080428954,SHIBOR_1W+利差调整,2.735405674709562,1.8096270080428953,0,水平代理；不能复现原偏离度,False
2019-03-07,2.6637390080428958,SHIBOR_1W+利差调整,2.733839008042896,1.809926008042896,0,水平代理；不能复现原偏离度,False
2019-03-07,2.6637390080428953,SHIBOR_1W+利差调整,2.7338390080428954,1.8099260080428956,0,水平代理；不能复现原偏离度,False
2019-03-08,2.5347390080428958,SHIBOR_1W+利差调整,2.730055674709562,1.810225008042896,0,水平代理；不能复现原偏离度,False
2019-03-08,2.5347390080428953,SHIBOR_1W+利差调整,2.730055674709562,1.8102250080428957,0,水平代理；不能复现原偏离度,False
2019-03-11,2.5417390080428954,SHIBOR_1W+利差调整,2.726239008042896,1.810524008042896,0,水平代理；不能复现原偏离度,False
2019-03-11,2.5417390080428954,SHIBOR_1W+利差调整,2.726239008042896,1.810524008042896,0,水平代理；不能复现原偏离度,False
2019-03-12,2.7477390080428954,SHIBOR_1W+利差调整,2.7258223413762286,1.8108230080428955,0,水平代理；不能复现原偏离度,False
2019-03-12,2.7477390080428954,SHIBOR_1W+利差调整,2.7258223413762286,1.8108230080428955,0,水平代理；不能复现原偏离度,False
2019-03-13,2.639739008042896,SHIBOR_1W+利差调整,2.723439008042896,1.811122008042896,0,水平代理；不能复现原偏离度,False
2019-03-13,2.639739008042896,SHIBOR_1W+利差调整,2.723439008042896,1.811122008042896,0,水平代理；不能复现原偏离度,False
2019-03-14,2.7447390080428957,SHIBOR_1W+利差调整,2.722022341376229,1.811421008042896,0,水平代理；不能复现原偏离度,False
2019-03-14,2.7447390080428953,SHIBOR_1W+利差调整,2.722022341376229,1.8114210080428956,0,水平代理；不能复现原偏离度,False
2019-03-15,2.874739008042896,SHIBOR_1W+利差调整,2.7225390080428955,1.811720008042896,0,水平代理；不能复现原偏离度,False
2019-03-15,2.8747390080428956,SHIBOR_1W+利差调整,2.7225390080428955,1.8117200080428957,0,水平代理；不能复现原偏离度,False
2019-03-18,2.8557390080428955,SHIBOR_1W+利差调整,2.722789008042896,1.8120190080428955,0,水平代理；不能复现原偏离度,False
2019-03-18,2.8557390080428955,SHIBOR_1W+利差调整,2.7227890080428954,1.8120190080428955,0,水平代理；不能复现原偏离度,False
2019-03-19,2.8757390080428955,SHIBOR_1W+利差调整,2.723439008042896,1.8120493413762289,0,水平代理；不能复现原偏离度,False
2019-03-19,2.8757390080428955,SHIBOR_1W+利差调整,2.723439008042896,1.8120493413762289,0,水平代理；不能复现原偏离度,False
2019-03-20,2.8577390080428957,SHIBOR_1W+利差调整,2.724022341376229,1.8120796747095624,0,水平代理；不能复现原偏离度,False
2019-03-20,2.8577390080428953,SHIBOR_1W+利差调整,2.724022341376229,1.8120796747095622,0,水平代理；不能复现原偏离度,False
2019-03-21,2.830739008042896,SHIBOR_1W+利差调整,2.7246056747095624,1.812110008042896,0,水平代理；不能复现原偏离度,False
2019-03-21,2.830739008042896,SHIBOR_1W+利差调整,2.7246056747095624,1.812110008042896,0,水平代理；不能复现原偏离度,False
2019-03-22,2.810739008042896,SHIBOR_1W+利差调整,2.724689008042896,1.812140341376229,0,水平代理；不能复现原偏离度,False
2019-03-22,2.810739008042896,SHIBOR_1W+利差调整,2.724689008042896,1.812140341376229,0,水平代理；不能复现原偏离度,False
2019-03-25,2.814739008042896,SHIBOR_1W+利差调整,2.7249390080428952,1.812170674709562,0,水平代理；不能复现原偏离度,False
2019-03-25,2.8147390080428956,SHIBOR_1W+利差调整,2.7249390080428952,1.812170674709562,0,水平代理；不能复现原偏离度,False
2019-03-26,2.850739008042896,SHIBOR_1W+利差调整,2.725472341376229,1.812201008042896,0,水平代理；不能复现原偏离度,False
2019-03-26,2.850739008042896,SHIBOR_1W+利差调整,2.725472341376229,1.812201008042896,0,水平代理；不能复现原偏离度,False
2019-03-27,2.943739008042896,SHIBOR_1W+利差调整,2.727172341376229,1.8122313413762288,0,水平代理；不能复现原偏离度,False
2019-03-27,2.9437390080428956,SHIBOR_1W+利差调整,2.727172341376229,1.8122313413762288,0,水平代理；不能复现原偏离度,False
2019-03-28,2.851310695187166,SHIBOR_1W+利差调整,2.7264773618538323,1.8118333618538325,0,水平代理；不能复现原偏离度,False
2019-03-28,2.851310695187166,SHIBOR_1W+利差调整,2.7264773618538323,1.8118333618538325,0,水平代理；不能复现原偏离度,False
2019-03-29,2.844481124497992,SHIBOR_1W+利差调整,2.723231124497992,1.812034124497992,0,水平代理；不能复现原偏离度,False
2019-03-29,2.844481124497992,SHIBOR_1W+利差调整,2.723231124497992,1.812034124497992,0,水平代理；不能复现原偏离度,False
2019-04-01,2.725739008042896,SHIBOR_1W+利差调整,2.722572341376229,1.8123223413762288,0,水平代理；不能复现原偏离度,False
2019-04-01,2.725739008042896,SHIBOR_1W+利差调整,2.722572341376229,1.8123223413762288,0,水平代理；不能复现原偏离度,False
2019-04-02,2.599739008042896,SHIBOR_1W+利差调整,2.721005674709562,1.8123436747095625,0,水平代理；不能复现原偏离度,False
2019-04-02,2.599739008042896,SHIBOR_1W+利差调整,2.721005674709562,1.8123436747095625,0,水平代理；不能复现原偏离度,False
2019-04-03,2.503739008042896,SHIBOR_1W+利差调整,2.7175723413762283,1.812365008042896,0,水平代理；不能复现原偏离度,False
2019-04-03,2.503739008042896,SHIBOR_1W+利差调整,2.7175723413762283,1.812365008042896,0,水平代理；不能复现原偏离度,False
2019-04-04,2.564757908847185,SHIBOR_1W+利差调整,2.716641242180519,1.8124052421805183,0,水平代理；不能复现原偏离度,False
2019-04-04,2.564757908847185,SHIBOR_1W+利差调整,2.716641242180519,1.8124052421805183,0,水平代理；不能复现原偏离度,False
2019-04-08,2.6297390080428955,SHIBOR_1W+利差调整,2.718472341376229,1.812407674709562,0,水平代理；不能复现原偏离度,False
2019-04-08,2.6297390080428955,SHIBOR_1W+利差调整,2.718472341376229,1.812407674709562,0,水平代理；不能复现原偏离度,False
2019-04-09,2.6157390080428957,SHIBOR_1W+利差调整,2.718372341376229,1.8124290080428955,0,水平代理；不能复现原偏离度,False
2019-04-09,2.6157390080428953,SHIBOR_1W+利差调整,2.718372341376229,1.8124290080428955,0,水平代理；不能复现原偏离度,False
2019-04-10,2.800739008042896,SHIBOR_1W+利差调整,2.719489008042896,1.8124503413762287,0,水平代理；不能复现原偏离度,False
2019-04-10,2.800739008042896,SHIBOR_1W+利差调整,2.719489008042896,1.8124503413762287,0,水平代理；不能复现原偏离度,False
2019-04-11,2.803481124497992,SHIBOR_1W+利差调整,2.720931124497992,1.8122137911646583,0,水平代理；不能复现原偏离度,False
2019-04-11,2.803481124497992,SHIBOR_1W+利差调整,2.720931124497992,1.8122137911646583,0,水平代理；不能复现原偏离度,False
2019-04-12,2.8157390080428955,SHIBOR_1W+利差调整,2.7218556747095617,1.8124930080428956,0,水平代理；不能复现原偏离度,False
2019-04-12,2.8157390080428955,SHIBOR_1W+利差调整,2.7218556747095617,1.8124930080428954,0,水平代理；不能复现原偏离度,False
2019-04-15,2.918481124497992,SHIBOR_1W+利差调整,2.723597791164659,1.8122564578313247,0,水平代理；不能复现原偏离度,False
2019-04-15,2.918481124497992,SHIBOR_1W+利差调整,2.723597791164659,1.8122564578313247,0,水平代理；不能复现原偏离度,False
2019-04-16,2.933739008042896,SHIBOR_1W+利差调整,2.726305674709562,1.812535674709562,0,水平代理；不能复现原偏离度,False
2019-04-16,2.933739008042896,SHIBOR_1W+利差调整,2.726305674709562,1.812535674709562,0,水平代理；不能复现原偏离度,False
2019-04-17,2.9347390080428952,SHIBOR_1W+利差调整,2.729255674709562,1.8129933413762287,0,水平代理；不能复现原偏离度,False
2019-04-17,2.9347390080428952,SHIBOR_1W+利差调整,2.729255674709562,1.8129933413762287,0,水平代理；不能复现原偏离度,False
2019-04-18,2.8963106951871658,SHIBOR_1W+利差调整,2.7310273618538323,1.8130226951871664,0,水平代理；不能复现原偏离度,False
2019-04-18,2.8963106951871658,SHIBOR_1W+利差调整,2.7310273618538323,1.8130226951871664,0,水平代理；不能复现原偏离度,False
2019-04-19,2.838739008042896,SHIBOR_1W+利差调整,2.733089008042896,1.813908674709562,0,水平代理；不能复现原偏离度,False
2019-04-19,2.8387390080428956,SHIBOR_1W+利差调整,2.733089008042896,1.813908674709562,0,水平代理；不能复现原偏离度,False
2019-04-22,2.800739008042896,SHIBOR_1W+利差调整,2.734355674709562,1.814366341376229,0,水平代理；不能复现原偏离度,False
2019-04-22,2.800739008042896,SHIBOR_1W+利差调整,2.734355674709562,1.814366341376229,0,水平代理；不能复现原偏离度,False
2019-04-23,2.846739008042896,SHIBOR_1W+利差调整,2.7362890080428954,1.8148240080428957,0,水平代理；不能复现原偏离度,False
2019-04-23,2.8467390080428956,SHIBOR_1W+利差调整,2.7362890080428954,1.8148240080428955,0,水平代理；不能复现原偏离度,False
2019-04-24,2.910739008042895,SHIBOR_1W+利差调整,2.738755674709562,1.815281674709562,0,水平代理；不能复现原偏离度,False
2019-04-24,2.910739008042895,SHIBOR_1W+利差调整,2.738755674709562,1.815281674709562,0,水平代理；不能复现原偏离度,False
2019-04-25,2.931739008042896,SHIBOR_1W+利差调整,2.741405674709562,1.815739341376229,0,水平代理；不能复现原偏离度,False
2019-04-25,2.9317390080428956,SHIBOR_1W+利差调整,2.741405674709562,1.815739341376229,0,水平代理；不能复现原偏离度,False
2019-04-26,2.8817390080428957,SHIBOR_1W+利差调整,2.742655674709562,1.8161970080428955,0,水平代理；不能复现原偏离度,False
2019-04-26,2.8817390080428953,SHIBOR_1W+利差调整,2.742655674709562,1.8161970080428955,0,水平代理；不能复现原偏离度,False
2019-04-28,2.851310695187166,SHIBOR_1W+利差调整,2.7412106951871658,1.8162263618538328,0,水平代理；不能复现原偏离度,False
2019-04-28,2.851310695187166,SHIBOR_1W+利差调整,2.7412106951871658,1.8162263618538328,0,水平代理；不能复现原偏离度,False
2019-04-29,2.837739008042896,SHIBOR_1W+利差调整,2.740405674709562,1.817112341376229,0,水平代理；不能复现原偏离度,False
2019-04-29,2.837739008042896,SHIBOR_1W+利差调整,2.740405674709562,1.817112341376229,0,水平代理；不能复现原偏离度,False
2019-04-30,2.8297390080428952,SHIBOR_1W+利差调整,2.739189008042896,1.8174421747095624,0,水平代理；不能复现原偏离度,False
2019-04-30,2.8297390080428952,SHIBOR_1W+利差调整,2.7391890080428953,1.8174421747095624,0,水平代理；不能复现原偏离度,False
2019-05-05,2.6757390080428958,SHIBOR_1W+利差调整,2.7359723413762285,1.817772008042896,0,水平代理；不能复现原偏离度,False
2019-05-05,2.6757390080428953,SHIBOR_1W+利差调整,2.7359723413762285,1.8177720080428956,0,水平代理；不能复现原偏离度,False
2019-05-06,2.674810695187166,SHIBOR_1W+利差调整,2.7381523618538326,1.817673528520499,0,水平代理；不能复现原偏离度,False
2019-05-06,2.674810695187166,SHIBOR_1W+利差调整,2.7381523618538326,1.817673528520499,0,水平代理；不能复现原偏离度,False
2019-05-07,2.495739008042896,SHIBOR_1W+利差调整,2.738830674709562,1.8184316747095624,0,水平代理；不能复现原偏离度,False
2019-05-07,2.4957390080428956,SHIBOR_1W+利差调整,2.738830674709562,1.8184316747095624,0,水平代理；不能复现原偏离度,False
2019-05-08,2.432310695187166,SHIBOR_1W+利差调整,2.733235695187166,1.8183331951871653,0,水平代理；不能复现原偏离度,False
2019-05-08,2.432310695187166,SHIBOR_1W+利差调整,2.733235695187166,1.8183331951871653,0,水平代理；不能复现原偏离度,False
2019-05-09,2.719739008042896,SHIBOR_1W+利差调整,2.734664008042896,1.819091341376229,0,水平代理；不能复现原偏离度,False
2019-05-09,2.7197390080428954,SHIBOR_1W+利差调整,2.7346640080428957,1.819091341376229,0,水平代理；不能复现原偏离度,False
2019-05-10,2.714310695187166,SHIBOR_1W+利差调整,2.737669028520499,1.8189928618538325,0,水平代理；不能复现原偏离度,False
2019-05-10,2.714310695187166,SHIBOR_1W+利差调整,2.737669028520499,1.8189928618538325,0,水平代理；不能复现原偏离度,False
2019-05-13,2.725739008042896,SHIBOR_1W+利差调整,2.742247341376229,1.819751008042896,0,水平代理；不能复现原偏离度,False
2019-05-13,2.7257390080428956,SHIBOR_1W+利差调整,2.742247341376229,1.8197510080428956,0,水平代理；不能复现原偏离度,False
2019-05-14,2.796739008042896,SHIBOR_1W+利差调整,2.747230674709562,1.820080841376229,0,水平代理；不能复现原偏离度,False
2019-05-14,2.796739008042896,SHIBOR_1W+利差调整,2.747230674709562,1.820080841376229,0,水平代理；不能复现原偏离度,False
2019-05-15,2.787310695187166,SHIBOR_1W+利差调整,2.7509023618538326,1.819982361853832,0,水平代理；不能复现原偏离度,False
2019-05-15,2.787310695187166,SHIBOR_1W+利差调整,2.7509023618538326,1.819982361853832,0,水平代理；不能复现原偏离度,False
2019-05-16,2.754004557640751,SHIBOR_1W+利差调整,2.7550795576407507,1.820705890974084,0,水平代理；不能复现原偏离度,False
2019-05-16,2.754004557640751,SHIBOR_1W+利差调整,2.7550795576407507,1.820705890974084,0,水平代理；不能复现原偏离度,False
2019-05-17,2.7357390080428954,SHIBOR_1W+利差调整,2.7583473413762287,1.8204700080428955,0,水平代理；不能复现原偏离度,False
2019-05-17,2.7357390080428954,SHIBOR_1W+利差调整,2.7583473413762287,1.8204700080428955,0,水平代理；不能复现原偏离度,False
2019-05-20,2.824739008042896,SHIBOR_1W+利差调整,2.762997341376229,1.8204996747095623,0,水平代理；不能复现原偏离度,False
2019-05-20,2.824739008042896,SHIBOR_1W+利差调整,2.762997341376229,1.8204996747095623,0,水平代理；不能复现原偏离度,False
2019-05-21,2.8453106951871656,SHIBOR_1W+利差调整,2.764219028520499,1.820101028520499,0,水平代理；不能复现原偏离度,False
2019-05-21,2.8453106951871656,SHIBOR_1W+利差调整,2.764219028520499,1.820101028520499,0,水平代理；不能复现原偏离度,False
2019-05-22,2.8370045576407508,SHIBOR_1W+利差调整,2.7654462243074174,1.8208245576407505,0,水平代理；不能复现原偏离度,False
2019-05-22,2.8370045576407508,SHIBOR_1W+利差调整,2.7654462243074174,1.8208245576407505,0,水平代理；不能复现原偏离度,False
2019-05-23,2.794310695187166,SHIBOR_1W+利差调整,2.7631356951871657,1.8201603618538325,0,水平代理；不能复现原偏离度,False
2019-05-23,2.794310695187166,SHIBOR_1W+利差调整,2.7631356951871657,1.8201603618538325,0,水平代理；不能复现原偏离度,False
2019-05-24,2.7387390080428955,SHIBOR_1W+利差调整,2.760930674709562,1.820618341376229,0,水平代理；不能复现原偏离度,False
2019-05-24,2.7387390080428955,SHIBOR_1W+利差调整,2.760930674709562,1.820618341376229,0,水平代理；不能复现原偏离度,False
2019-05-27,2.8573106951871656,SHIBOR_1W+利差调整,2.761385695187166,1.8202196951871656,0,水平代理；不能复现原偏离度,False
2019-05-27,2.8573106951871656,SHIBOR_1W+利差调整,2.761385695187166,1.8202196951871656,0,水平代理；不能复现原偏离度,False
2019-05-28,2.969739008042896,SHIBOR_1W+利差调整,2.767014008042896,1.820677674709562,0,水平代理；不能复现原偏离度,False
2019-05-28,2.969739008042896,SHIBOR_1W+利差调整,2.767014008042896,1.820677674709562,0,水平代理；不能复现原偏离度,False
2019-05-29,2.931310695187166,SHIBOR_1W+利差调整,2.773335695187166,1.8202790285204995,0,水平代理；不能复现原偏离度,False
2019-05-29,2.931310695187166,SHIBOR_1W+利差调整,2.773335695187166,1.8202790285204995,0,水平代理；不能复现原偏离度,False
2019-05-30,2.811757908847185,SHIBOR_1W+利差调整,2.775299575513852,1.8211257421805185,0,水平代理；不能复现原偏离度,False
2019-05-30,2.811757908847185,SHIBOR_1W+利差调整,2.775299575513852,1.8211257421805185,0,水平代理；不能复现原偏离度,False
2019-05-31,2.796481124497992,SHIBOR_1W+利差调整,2.7777227911646585,1.8212484578313253,0,水平代理；不能复现原偏离度,False
2019-05-31,2.796481124497992,SHIBOR_1W+利差调整,2.7777227911646585,1.8212484578313253,0,水平代理；不能复现原偏离度,False
2019-06-03,2.6993106951871657,SHIBOR_1W+利差调整,2.7781523618538326,1.8214775285204992,0,水平代理；不能复现原偏离度,False
2019-06-03,2.6993106951871657,SHIBOR_1W+利差调整,2.7781523618538326,1.8214775285204992,0,水平代理；不能复现原偏离度,False
2019-06-04,2.545310695187166,SHIBOR_1W+利差调整,2.7783356951871663,1.8218770285205,0,水平代理；不能复现原偏离度,False
2019-06-04,2.545310695187166,SHIBOR_1W+利差调整,2.7783356951871663,1.8218770285205,0,水平代理；不能复现原偏离度,False
2019-06-05,2.6183106951871657,SHIBOR_1W+利差调整,2.779619028520499,1.8222765285204992,0,水平代理；不能复现原偏离度,False
2019-06-05,2.6183106951871657,SHIBOR_1W+利差调整,2.779619028520499,1.8222765285204992,0,水平代理；不能复现原偏离度,False
2019-06-06,2.7187390080428955,SHIBOR_1W+利差调整,2.779564008042896,1.823104341376229,0,水平代理；不能复现原偏离度,False
2019-06-06,2.7187390080428955,SHIBOR_1W+利差调整,2.779564008042896,1.8231043413762287,0,水平代理；不能复现原偏离度,False
2019-06-10,2.750310695187166,SHIBOR_1W+利差调整,2.780985695187165,1.8230755285205,0,水平代理；不能复现原偏离度,False
2019-06-10,2.750310695187166,SHIBOR_1W+利差调整,2.780985695187165,1.8230755285205,0,水平代理；不能复现原偏离度,False
2019-06-11,2.7357390080428954,SHIBOR_1W+利差调整,2.7812640080428954,1.823903341376229,0,水平代理；不能复现原偏离度,False
2019-06-11,2.7357390080428954,SHIBOR_1W+利差调整,2.7812640080428954,1.8239033413762287,0,水平代理；不能复现原偏离度,False
2019-06-12,2.7107390080428955,SHIBOR_1W+利差调整,2.778530674709562,1.8243028413762288,0,水平代理；不能复现原偏离度,False
2019-06-12,2.7107390080428955,SHIBOR_1W+利差调整,2.778530674709562,1.8243028413762288,0,水平代理；不能复现原偏离度,False
2019-06-13,2.729739008042896,SHIBOR_1W+利差调整,2.776430674709562,1.8247023413762289,0,水平代理；不能复现原偏离度,False
2019-06-13,2.7297390080428956,SHIBOR_1W+利差调整,2.776430674709562,1.8247023413762287,0,水平代理；不能复现原偏离度,False
2019-06-14,2.711739008042896,SHIBOR_1W+利差调整,2.7736973413762285,1.8247423413762287,0,水平代理；不能复现原偏离度,False
2019-06-14,2.7117390080428954,SHIBOR_1W+利差调整,2.7736973413762285,1.8247423413762287,0,水平代理；不能复现原偏离度,False
2019-06-17,2.637310695187166,SHIBOR_1W+利差调整,2.769602361853833,1.824354028520499,0,水平代理；不能复现原偏离度,False
2019-06-17,2.637310695187166,SHIBOR_1W+利差调整,2.769602361853833,1.824354028520499,0,水平代理；不能复现原偏离度,False
2019-06-18,2.5457390080428954,SHIBOR_1W+利差调整,2.765280674709562,1.8248223413762288,0,水平代理；不能复现原偏离度,False
2019-06-18,2.5457390080428954,SHIBOR_1W+利差调整,2.765280674709562,1.8248223413762288,0,水平代理；不能复现原偏离度,False
2019-06-19,2.5327390080428955,SHIBOR_1W+利差调整,2.7606473413762287,1.8248623413762288,0,水平代理；不能复现原偏离度,False
2019-06-19,2.5327390080428955,SHIBOR_1W+利差调整,2.7606473413762287,1.8248623413762288,0,水平代理；不能复现原偏离度,False
2019-06-20,2.594739008042896,SHIBOR_1W+利差调整,2.756980674709562,1.8249023413762289,0,水平代理；不能复现原偏离度,False
2019-06-20,2.5947390080428954,SHIBOR_1W+利差调整,2.756980674709562,1.8249023413762289,0,水平代理；不能复现原偏离度,False
2019-06-21,2.5623106951871657,SHIBOR_1W+利差调整,2.7517523618538324,1.824514028520499,0,水平代理；不能复现原偏离度,False
2019-06-21,2.5623106951871657,SHIBOR_1W+利差调整,2.7517523618538324,1.824514028520499,0,水平代理；不能复现原偏离度,False
2019-06-24,2.472310695187166,SHIBOR_1W+利差调整,2.7439023618538325,1.824554028520499,0,水平代理；不能复现原偏离度,False
2019-06-24,2.472310695187166,SHIBOR_1W+利差调整,2.7439023618538325,1.824554028520499,0,水平代理；不能复现原偏离度,False
2019-06-25,2.612739008042896,SHIBOR_1W+利差调整,2.740347341376229,1.8250223413762288,0,水平代理；不能复现原偏离度,False
2019-06-25,2.6127390080428956,SHIBOR_1W+利差调整,2.740347341376229,1.8250223413762288,0,水平代理；不能复现原偏离度,False
2019-06-26,2.5633106951871656,SHIBOR_1W+利差调整,2.735235695187165,1.824634028520499,0,水平代理；不能复现原偏离度,False
2019-06-26,2.5633106951871656,SHIBOR_1W+利差调整,2.735235695187165,1.824634028520499,0,水平代理；不能复现原偏离度,False
2019-06-27,2.7563106951871656,SHIBOR_1W+利差调整,2.735752361853833,1.824674028520499,0,水平代理；不能复现原偏离度,False
2019-06-27,2.7563106951871656,SHIBOR_1W+利差调整,2.735752361853833,1.824674028520499,0,水平代理；不能复现原偏离度,False
2019-06-28,2.750310695187166,SHIBOR_1W+利差调整,2.738269028520499,1.8248711951871657,0,水平代理；不能复现原偏离度,False
2019-06-28,2.750310695187166,SHIBOR_1W+利差调整,2.738269028520499,1.8248711951871657,0,水平代理；不能复现原偏离度,False
2019-07-01,2.4653106951871657,SHIBOR_1W+利差调整,2.737635695187166,1.8250683618538324,0,水平代理；不能复现原偏离度,False
2019-07-01,2.4653106951871657,SHIBOR_1W+利差调整,2.737635695187166,1.8250683618538324,0,水平代理；不能复现原偏离度,False
2019-07-02,2.178310695187166,SHIBOR_1W+利差调整,2.7312023618538324,1.825265528520499,0,水平代理；不能复现原偏离度,False
2019-07-02,2.178310695187166,SHIBOR_1W+利差调整,2.7312023618538324,1.825265528520499,0,水平代理；不能复现原偏离度,False
2019-07-03,2.291310695187166,SHIBOR_1W+利差调整,2.725569028520499,1.8254626951871653,0,水平代理；不能复现原偏离度,False
2019-07-03,2.291310695187166,SHIBOR_1W+利差调整,2.725569028520499,1.8254626951871653,0,水平代理；不能复现原偏离度,False
2019-07-04,2.2853106951871656,SHIBOR_1W+利差调整,2.720069028520499,1.8256598618538324,0,水平代理；不能复现原偏离度,False
2019-07-04,2.2853106951871656,SHIBOR_1W+利差调整,2.720069028520499,1.8256598618538324,0,水平代理；不能复现原偏离度,False
2019-07-05,2.4173106951871657,SHIBOR_1W+利差调整,2.713685695187166,1.8258570285204991,0,水平代理；不能复现原偏离度,False
2019-07-05,2.4173106951871657,SHIBOR_1W+利差调整,2.713685695187166,1.8258570285204991,0,水平代理；不能复现原偏离度,False
2019-07-08,2.5953106951871656,SHIBOR_1W+利差调整,2.7102190285204992,1.8260541951871656,0,水平代理；不能复现原偏离度,False
2019-07-08,2.5953106951871656,SHIBOR_1W+利差调整,2.7102190285204992,1.8260541951871656,0,水平代理；不能复现原偏离度,False
2019-07-09,2.686310695187166,SHIBOR_1W+利差调整,2.708069028520499,1.8262513618538323,0,水平代理；不能复现原偏离度,False
2019-07-09,2.686310695187166,SHIBOR_1W+利差调整,2.708069028520499,1.8262513618538323,0,水平代理；不能复现原偏离度,False
2019-07-10,2.689481124497992,SHIBOR_1W+利差调整,2.704422791164659,1.8266189578313248,0,水平代理；不能复现原偏离度,False
2019-07-10,2.689481124497992,SHIBOR_1W+利差调整,2.704422791164659,1.8266189578313248,0,水平代理；不能复现原偏离度,False
2019-07-11,2.643739008042896,SHIBOR_1W+利差调整,2.6998473413762287,1.8270740080428955,0,水平代理；不能复现原偏离度,False
2019-07-11,2.643739008042896,SHIBOR_1W+利差调整,2.6998473413762287,1.8270740080428955,0,水平代理；不能复现原偏离度,False
2019-07-12,2.705310695187166,SHIBOR_1W+利差调整,2.6956023618538323,1.826841195187166,0,水平代理；不能复现原偏离度,False
2019-07-12,2.705310695187166,SHIBOR_1W+利差调整,2.6956023618538323,1.826841195187166,0,水平代理；不能复现原偏离度,False
2019-07-15,2.816004557640751,SHIBOR_1W+利差调整,2.6949462243074174,1.8277305576407508,0,水平代理；不能复现原偏离度,False
2019-07-15,2.816004557640751,SHIBOR_1W+利差调整,2.6949462243074174,1.8277305576407508,0,水平代理；不能复现原偏离度,False
2019-07-16,2.871004557640751,SHIBOR_1W+利差调整,2.695479557640751,1.8279260576407508,0,水平代理；不能复现原偏离度,False
2019-07-16,2.871004557640751,SHIBOR_1W+利差调整,2.695479557640751,1.8279260576407508,0,水平代理；不能复现原偏离度,False
2019-07-17,2.880481124497992,SHIBOR_1W+利差调整,2.696289457831325,1.827598124497992,0,水平代理；不能复现原偏离度,False
2019-07-17,2.880481124497992,SHIBOR_1W+利差调整,2.696289457831325,1.827598124497992,0,水平代理；不能复现原偏离度,False
2019-07-18,2.894310695187166,SHIBOR_1W+利差调整,2.696919028520499,1.827623195187165,0,水平代理；不能复现原偏离度,False
2019-07-18,2.894310695187166,SHIBOR_1W+利差调整,2.696919028520499,1.827623195187165,0,水平代理；不能复现原偏离度,False
2019-07-19,2.900004557640751,SHIBOR_1W+利差调整,2.697429557640751,1.8285125576407508,0,水平代理；不能复现原偏离度,False
2019-07-19,2.900004557640751,SHIBOR_1W+利差调整,2.697429557640751,1.8285125576407508,0,水平代理；不能复现原偏离度,False
2019-07-22,2.838310695187166,SHIBOR_1W+利差调整,2.6951856951871656,1.8280141951871656,0,水平代理；不能复现原偏离度,False
2019-07-22,2.838310695187166,SHIBOR_1W+利差调整,2.6951856951871656,1.8280141951871656,0,水平代理；不能复现原偏离度,False
2019-07-23,2.7807390080428958,SHIBOR_1W+利差调整,2.6939306747095624,1.8286380080428957,0,水平代理；不能复现原偏离度,False
2019-07-23,2.7807390080428953,SHIBOR_1W+利差调整,2.6939306747095624,1.8286380080428954,0,水平代理；不能复现原偏离度,False
2019-07-24,2.7080045576407508,SHIBOR_1W+利差调整,2.6917962243074176,1.8290990576407504,0,水平代理；不能复现原偏离度,False
2019-07-24,2.7080045576407508,SHIBOR_1W+利差调整,2.6917962243074176,1.8290990576407504,0,水平代理；不能复现原偏离度,False
2019-07-25,2.7890045576407507,SHIBOR_1W+利差调整,2.690979557640751,1.8292945576407509,0,水平代理；不能复现原偏离度,False
2019-07-25,2.7890045576407507,SHIBOR_1W+利差调整,2.690979557640751,1.8292945576407509,0,水平代理；不能复现原偏离度,False
2019-07-26,2.7933106951871656,SHIBOR_1W+利差调整,2.689685695187166,1.8287218618538323,0,水平代理；不能复现原偏离度,False
2019-07-26,2.7933106951871656,SHIBOR_1W+利差调整,2.689685695187166,1.8287218618538323,0,水平代理；不能复现原偏离度,False
2019-07-29,2.803310695187166,SHIBOR_1W+利差调整,2.691819028520499,1.828843028520499,0,水平代理；不能复现原偏离度,False
2019-07-29,2.803310695187166,SHIBOR_1W+利差调整,2.691819028520499,1.828843028520499,0,水平代理；不能复现原偏离度,False
2019-07-30,2.8093106951871656,SHIBOR_1W+利差调整,2.694060695187166,1.8289641951871656,0,水平代理；不能复现原偏离度,False
2019-07-30,2.8093106951871656,SHIBOR_1W+利差调整,2.694060695187166,1.8289641951871656,0,水平代理；不能复现原偏离度,False
2019-07-31,2.819310695187166,SHIBOR_1W+利差调整,2.6994606951871654,1.8290853618538323,0,水平代理；不能复现原偏离度,False
2019-07-31,2.819310695187166,SHIBOR_1W+利差调整,2.6994606951871654,1.8290853618538323,0,水平代理；不能复现原偏离度,False
2019-08-01,2.784481124497992,SHIBOR_1W+利差调整,2.705497791164659,1.8293769578313253,0,水平代理；不能复现原偏离度,False
2019-08-01,2.784481124497992,SHIBOR_1W+利差调整,2.705497791164659,1.8293769578313253,0,水平代理；不能复现原偏离度,False
2019-08-02,2.7940045576407506,SHIBOR_1W+利差调整,2.7072545576407507,1.8300215576407504,0,水平代理；不能复现原偏离度,False
2019-08-02,2.7940045576407506,SHIBOR_1W+利差调整,2.7072545576407507,1.8300215576407504,0,水平代理；不能复现原偏离度,False
2019-08-05,2.765310695187166,SHIBOR_1W+利差调整,2.707410695187165,1.8294488618538325,0,水平代理；不能复现原偏离度,False
2019-08-05,2.765310695187166,SHIBOR_1W+利差调整,2.707410695187165,1.8294488618538325,0,水平代理；不能复现原偏离度,False
2019-08-06,2.640310695187166,SHIBOR_1W+利差调整,2.705994028520499,1.829570028520499,0,水平代理；不能复现原偏离度,False
2019-08-06,2.640310695187166,SHIBOR_1W+利差调整,2.705994028520499,1.829570028520499,0,水平代理；不能复现原偏离度,False
2019-08-07,2.666310695187166,SHIBOR_1W+利差调整,2.7038273618538327,1.8296911951871653,0,水平代理；不能复现原偏离度,False
2019-08-07,2.666310695187166,SHIBOR_1W+利差调整,2.7038273618538327,1.8296911951871653,0,水平代理；不能复现原偏离度,False
2019-08-08,2.7243106951871656,SHIBOR_1W+利差调整,2.7027773618538324,1.8298123618538324,0,水平代理；不能复现原偏离度,False
2019-08-08,2.7243106951871656,SHIBOR_1W+利差调整,2.7027773618538324,1.8298123618538324,0,水平代理；不能复现原偏离度,False
2019-08-09,2.790310695187166,SHIBOR_1W+利差调整,2.7033940285204987,1.8300053618538328,0,水平代理；不能复现原偏离度,False
2019-08-09,2.790310695187166,SHIBOR_1W+利差调整,2.7033940285204987,1.8300053618538328,0,水平代理；不能复现原偏离度,False
2019-08-12,2.802310695187166,SHIBOR_1W+利差调整,2.704510695187166,1.830198361853833,0,水平代理；不能复现原偏离度,False
2019-08-12,2.802310695187166,SHIBOR_1W+利差调整,2.704510695187166,1.830198361853833,0,水平代理；不能复现原偏离度,False
2019-08-13,2.849739008042896,SHIBOR_1W+利差调整,2.705355674709561,1.8308196747095624,0,水平代理；不能复现原偏离度,False
2019-08-13,2.849739008042896,SHIBOR_1W+利差调整,2.705355674709561,1.8308196747095624,0,水平代理；不能复现原偏离度,False
2019-08-14,2.8420045576407507,SHIBOR_1W+利差调整,2.705554557640751,1.8312782243074173,0,水平代理；不能复现原偏离度,False
2019-08-14,2.8420045576407507,SHIBOR_1W+利差调整,2.705554557640751,1.8312782243074173,0,水平代理；不能复现原偏离度,False
2019-08-15,2.8243106951871657,SHIBOR_1W+利差调整,2.7046606951871657,1.8307773618538328,0,水平代理；不能复现原偏离度,False
2019-08-15,2.8243106951871657,SHIBOR_1W+利差调整,2.7046606951871657,1.8307773618538328,0,水平代理；不能复现原偏离度,False
2019-08-16,2.819310695187166,SHIBOR_1W+利差调整,2.7050773618538324,1.8309703618538329,0,水平代理；不能复现原偏离度,False
2019-08-16,2.819310695187166,SHIBOR_1W+利差调整,2.7050773618538324,1.8309703618538329,0,水平代理；不能复现原偏离度,False
2019-08-19,2.818739008042896,SHIBOR_1W+利差调整,2.706839008042896,1.8315916747095624,0,水平代理；不能复现原偏离度,False
2019-08-19,2.818739008042896,SHIBOR_1W+利差调整,2.706839008042896,1.8315916747095624,0,水平代理；不能复现原偏离度,False
2019-08-20,2.811004557640751,SHIBOR_1W+利差调整,2.706321224307417,1.8320502243074173,0,水平代理；不能复现原偏离度,False
2019-08-20,2.811004557640751,SHIBOR_1W+利差调整,2.706321224307417,1.8320502243074173,0,水平代理；不能复现原偏离度,False
2019-08-21,2.799481124497992,SHIBOR_1W+利差调整,2.702964457831325,1.8317197911646588,0,水平代理；不能复现原偏离度,False
2019-08-21,2.799481124497992,SHIBOR_1W+利差调整,2.702964457831325,1.8317197911646588,0,水平代理；不能复现原偏离度,False
2019-08-22,2.788757908847185,SHIBOR_1W+利差调整,2.7008579088471847,1.832189575513852,0,水平代理；不能复现原偏离度,False
2019-08-22,2.788757908847185,SHIBOR_1W+利差调整,2.7008579088471847,1.832189575513852,0,水平代理；不能复现原偏离度,False
2019-08-23,2.797481124497992,SHIBOR_1W+利差调整,2.7003477911646585,1.8319309578313248,0,水平代理；不能复现原偏离度,False
2019-08-23,2.797481124497992,SHIBOR_1W+利差调整,2.7003477911646585,1.8319309578313248,0,水平代理；不能复现原偏离度,False
2019-08-26,2.815481124497992,SHIBOR_1W+利差调整,2.700664457831325,1.831949124497992,0,水平代理；不能复现原偏离度,False
2019-08-26,2.815481124497992,SHIBOR_1W+利差调整,2.700664457831325,1.831949124497992,0,水平代理；不能复现原偏离度,False
2019-08-27,2.8333106951871656,SHIBOR_1W+利差调整,2.702727361853832,1.8317968618538327,0,水平代理；不能复现原偏离度,False
2019-08-27,2.8333106951871656,SHIBOR_1W+利差调整,2.702727361853832,1.8317968618538327,0,水平代理；不能复现原偏离度,False
2019-08-28,2.8283106951871657,SHIBOR_1W+利差调整,2.707444028520499,1.8318150285205,0,水平代理；不能复现原偏离度,False
2019-08-28,2.8283106951871657,SHIBOR_1W+利差调整,2.707444028520499,1.8318150285205,0,水平代理；不能复现原偏离度,False
2019-08-29,2.816681124497992,SHIBOR_1W+利差调整,2.710917791164659,1.832003624497992,0,水平代理；不能复现原偏离度,False
2019-08-29,2.816681124497992,SHIBOR_1W+利差调整,2.710917791164659,1.832003624497992,0,水平代理；不能复现原偏离度,False
2019-08-30,2.811310695187166,SHIBOR_1W+利差调整,2.7122973618538326,1.8318513618538328,0,水平代理；不能复现原偏离度,False
2019-08-30,2.811310695187166,SHIBOR_1W+利差调整,2.7122973618538326,1.8318513618538328,0,水平代理；不能复现原偏离度,False
2019-09-02,2.799310695187166,SHIBOR_1W+利差调整,2.7131140285205,1.8318695285205,0,水平代理；不能复现原偏离度,False
2019-09-02,2.799310695187166,SHIBOR_1W+利差调整,2.7131140285205,1.8318695285205,0,水平代理；不能复现原偏离度,False
2019-09-03,2.7563106951871656,SHIBOR_1W+利差调整,2.7134640285204994,1.8318876951871657,0,水平代理；不能复现原偏离度,False
2019-09-03,2.7563106951871656,SHIBOR_1W+利差调整,2.7134640285204994,1.8318876951871657,0,水平代理；不能复现原偏离度,False
2019-09-04,2.7507390080428955,SHIBOR_1W+利差调整,2.714559008042896,1.832334174709562,0,水平代理；不能复现原偏离度,False
2019-09-04,2.7507390080428955,SHIBOR_1W+利差调整,2.7145590080428956,1.832334174709562,0,水平代理；不能复现原偏离度,False
2019-09-05,2.7827390080428955,SHIBOR_1W+利差调整,2.715442341376229,1.8323523413762288,0,水平代理；不能复现原偏离度,False
2019-09-05,2.7827390080428955,SHIBOR_1W+利差调整,2.715442341376229,1.8323523413762288,0,水平代理；不能复现原偏离度,False
2019-09-06,2.7987390080428955,SHIBOR_1W+利差调整,2.7168923413762287,1.8323773413762288,0,水平代理；不能复现原偏离度,False
2019-09-06,2.7987390080428955,SHIBOR_1W+利差调整,2.7168923413762287,1.8323773413762288,0,水平代理；不能复现原偏离度,False
2019-09-09,2.7987390080428955,SHIBOR_1W+利差调整,2.719575674709562,1.832402341376229,0,水平代理；不能复现原偏离度,False
2019-09-09,2.7987390080428955,SHIBOR_1W+利差调整,2.719575674709562,1.832402341376229,0,水平代理；不能复现原偏离度,False
2019-09-10,2.7747390080428955,SHIBOR_1W+利差调整,2.7233923413762287,1.8324273413762289,0,水平代理；不能复现原偏离度,False
2019-09-10,2.7747390080428955,SHIBOR_1W+利差调整,2.7233923413762287,1.8324273413762289,0,水平代理；不能复现原偏离度,False
2019-09-11,2.7917390080428954,SHIBOR_1W+利差调整,2.727709008042895,1.8324523413762288,0,水平代理；不能复现原偏离度,False
2019-09-11,2.7917390080428954,SHIBOR_1W+利差调整,2.727709008042895,1.8324523413762288,0,水平代理；不能复现原偏离度,False
2019-09-12,2.7967390080428958,SHIBOR_1W+利差调整,2.731075674709562,1.832477341376229,0,水平代理；不能复现原偏离度,False
2019-09-12,2.7967390080428953,SHIBOR_1W+利差调整,2.731075674709562,1.832477341376229,0,水平代理；不能复现原偏离度,False
2019-09-16,2.7887390080428958,SHIBOR_1W+利差调整,2.734842341376229,1.832502341376229,0,水平代理；不能复现原偏离度,False
2019-09-16,2.7887390080428953,SHIBOR_1W+利差调整,2.734842341376229,1.832502341376229,0,水平代理；不能复现原偏离度,False
2019-09-17,2.7847390080428958,SHIBOR_1W+利差调整,2.740042341376229,1.8325273413762289,0,水平代理；不能复现原偏离度,False
2019-09-17,2.7847390080428953,SHIBOR_1W+利差调整,2.740042341376229,1.8325273413762289,0,水平代理；不能复现原偏离度,False
2019-09-18,2.8007390080428958,SHIBOR_1W+利差调整,2.743175674709562,1.8325523413762288,0,水平代理；不能复现原偏离度,False
2019-09-18,2.8007390080428953,SHIBOR_1W+利差调整,2.743175674709562,1.8325523413762288,0,水平代理；不能复现原偏离度,False
2019-09-19,2.8557390080428955,SHIBOR_1W+利差调整,2.748042341376229,1.832577341376229,0,水平代理；不能复现原偏离度,False
2019-09-19,2.8557390080428955,SHIBOR_1W+利差调整,2.748042341376229,1.832577341376229,0,水平代理；不能复现原偏离度,False
2019-09-20,2.8777390080428957,SHIBOR_1W+利差调整,2.7500590080428955,1.832602341376229,0,水平代理；不能复现原偏离度,False
2019-09-20,2.8777390080428953,SHIBOR_1W+利差调整,2.7500590080428955,1.832602341376229,0,水平代理；不能复现原偏离度,False
2019-09-23,2.878739008042896,SHIBOR_1W+利差调整,2.752192341376229,1.8326593413762289,0,水平代理；不能复现原偏离度,False
2019-09-23,2.8787390080428956,SHIBOR_1W+利差调整,2.752192341376229,1.8326593413762289,0,水平代理；不能复现原偏离度,False
2019-09-24,2.822739008042896,SHIBOR_1W+利差调整,2.7581423413762285,1.8327163413762289,0,水平代理；不能复现原偏离度,False
2019-09-24,2.8227390080428956,SHIBOR_1W+利差调整,2.7581423413762285,1.8327163413762289,0,水平代理；不能复现原偏离度,False
2019-09-25,2.7187390080428955,SHIBOR_1W+利差调整,2.767142341376229,1.8327733413762288,0,水平代理；不能复现原偏离度,False
2019-09-25,2.7187390080428955,SHIBOR_1W+利差调整,2.767142341376229,1.8327733413762288,0,水平代理；不能复现原偏离度,False
2019-09-26,2.723739008042896,SHIBOR_1W+利差调整,2.7743423413762285,1.8328303413762288,0,水平代理；不能复现原偏离度,False
2019-09-26,2.7237390080428954,SHIBOR_1W+利差调整,2.7743423413762285,1.8328303413762288,0,水平代理；不能复现原偏离度,False
2019-09-27,2.7367390080428957,SHIBOR_1W+利差调整,2.781859008042895,1.8328873413762288,0,水平代理；不能复现原偏离度,False
2019-09-27,2.7367390080428953,SHIBOR_1W+利差调整,2.781859008042895,1.8328873413762288,0,水平代理；不能复现原偏离度,False
2019-09-29,2.838739008042896,SHIBOR_1W+利差调整,2.788875674709561,1.8329443413762287,0,水平代理；不能复现原偏离度,False
2019-09-29,2.8387390080428956,SHIBOR_1W+利差调整,2.7888756747095615,1.8329443413762287,0,水平代理；不能复现原偏离度,False
2019-09-30,2.9897390080428954,SHIBOR_1W+利差调整,2.795442341376229,1.8330013413762287,0,水平代理；不能复现原偏离度,False
2019-09-30,2.9897390080428954,SHIBOR_1W+利差调整,2.795442341376229,1.8330013413762287,0,水平代理；不能复现原偏离度,False
2019-10-08,2.834739008042896,SHIBOR_1W+利差调整,2.7979090080428954,1.8330583413762287,0,水平代理；不能复现原偏离度,False
2019-10-08,2.8347390080428956,SHIBOR_1W+利差调整,2.7979090080428954,1.8330583413762287,0,水平代理；不能复现原偏离度,False
2019-10-09,2.773739008042895,SHIBOR_1W+利差调整,2.799309008042896,1.833115341376229,0,水平代理；不能复现原偏离度,False
2019-10-09,2.773739008042895,SHIBOR_1W+利差调整,2.799309008042896,1.833115341376229,0,水平代理；不能复现原偏离度,False
2019-10-10,2.741310695187166,SHIBOR_1W+利差调整,2.800514028520499,1.832744028520499,0,水平代理；不能复现原偏离度,False
2019-10-10,2.741310695187166,SHIBOR_1W+利差调整,2.800514028520499,1.832744028520499,0,水平代理；不能复现原偏离度,False
2019-10-11,2.702481124497992,SHIBOR_1W+利差调整,2.800634457831325,1.8330192911646588,0,水平代理；不能复现原偏离度,False
2019-10-11,2.702481124497992,SHIBOR_1W+利差调整,2.800634457831325,1.8330192911646588,0,水平代理；不能复现原偏离度,False
2019-10-12,2.738004557640751,SHIBOR_1W+利差调整,2.799857890974084,1.8336475576407507,0,水平代理；不能复现原偏离度,False
2019-10-12,2.738004557640751,SHIBOR_1W+利差调整,2.799857890974084,1.8336475576407507,0,水平代理；不能复现原偏离度,False
2019-10-14,2.7973106951871656,SHIBOR_1W+利差调整,2.7979473618538324,1.833058528520499,0,水平代理；不能复现原偏离度,False
2019-10-14,2.7973106951871656,SHIBOR_1W+利差调整,2.7979473618538324,1.833058528520499,0,水平代理；不能复现原偏离度,False
2019-10-15,2.830310695187166,SHIBOR_1W+利差调整,2.797114028520499,1.8331633618538323,0,水平代理；不能复现原偏离度,False
2019-10-15,2.830310695187166,SHIBOR_1W+利差调整,2.797114028520499,1.8331633618538323,0,水平代理；不能复现原偏离度,False
2019-10-16,2.8330045576407508,SHIBOR_1W+利差调整,2.796774557640751,1.8339620576407507,0,水平代理；不能复现原偏离度,False
2019-10-16,2.8330045576407508,SHIBOR_1W+利差调整,2.796774557640751,1.8339620576407507,0,水平代理；不能复现原偏离度,False
2019-10-17,2.8093106951871656,SHIBOR_1W+利差调整,2.794580695187165,1.833373028520499,0,水平代理；不能复现原偏离度,False
2019-10-17,2.8093106951871656,SHIBOR_1W+利差调整,2.794580695187165,1.833373028520499,0,水平代理；不能复现原偏离度,False
2019-10-18,2.8373106951871656,SHIBOR_1W+利差调整,2.794564028520499,1.8334778618538323,0,水平代理；不能复现原偏离度,False
2019-10-18,2.8373106951871656,SHIBOR_1W+利差调整,2.794564028520499,1.8334778618538323,0,水平代理；不能复现原偏离度,False
2019-10-21,2.837481124497992,SHIBOR_1W+利差调整,2.7956844578313254,1.833753124497992,0,水平代理；不能复现原偏离度,False
2019-10-21,2.837481124497992,SHIBOR_1W+利差调整,2.7956844578313254,1.833753124497992,0,水平代理；不能复现原偏离度,False
2019-10-22,2.936004557640751,SHIBOR_1W+利差调整,2.800007890974084,1.834381390974084,0,水平代理；不能复现原偏离度,False
2019-10-22,2.936004557640751,SHIBOR_1W+利差调整,2.800007890974084,1.834381390974084,0,水平代理；不能复现原偏离度,False
2019-10-23,2.839310695187166,SHIBOR_1W+利差调整,2.8001640285204994,1.8337923618538323,0,水平代理；不能复现原偏离度,False
2019-10-23,2.839310695187166,SHIBOR_1W+利差调整,2.8001640285204994,1.8337923618538323,0,水平代理；不能复现原偏离度,False
2019-10-24,2.807481124497992,SHIBOR_1W+利差调整,2.8005677911646587,1.8341562911646585,0,水平代理；不能复现原偏离度,False
2019-10-24,2.807481124497992,SHIBOR_1W+利差调整,2.8005677911646587,1.8341562911646585,0,水平代理；不能复现原偏离度,False
2019-10-25,2.815481124497992,SHIBOR_1W+利差调整,2.8007677911646587,1.834349791164659,0,水平代理；不能复现原偏离度,False
2019-10-25,2.815481124497992,SHIBOR_1W+利差调整,2.8007677911646587,1.834349791164659,0,水平代理；不能复现原偏离度,False
2019-10-28,2.8173106951871656,SHIBOR_1W+利差调整,2.8007306951871653,1.8343728618538324,0,水平代理；不能复现原偏离度,False
2019-10-28,2.8173106951871656,SHIBOR_1W+利差调整,2.8007306951871653,1.8343728618538324,0,水平代理；不能复现原偏离度,False
2019-10-29,2.8170045576407508,SHIBOR_1W+利差调整,2.801374557640751,1.8352602243074168,0,水平代理；不能复现原偏离度,False
2019-10-29,2.8170045576407508,SHIBOR_1W+利差调整,2.801374557640751,1.8352602243074168,0,水平代理；不能复现原偏离度,False
2019-10-30,2.8293106951871656,SHIBOR_1W+利差调整,2.801430695187166,1.8347598618538323,0,水平代理；不能复现原偏离度,False
2019-10-30,2.8293106951871656,SHIBOR_1W+利差调整,2.801430695187166,1.8347598618538323,0,水平代理；不能复现原偏离度,False
2019-10-31,2.831481124497992,SHIBOR_1W+利差调整,2.8022344578313256,1.8351237911646587,0,水平代理；不能复现原偏离度,False
2019-10-31,2.831481124497992,SHIBOR_1W+利差调整,2.8022344578313256,1.8351237911646587,0,水平代理；不能复现原偏离度,False
2019-11-01,2.762310695187166,SHIBOR_1W+利差调整,2.802014028520499,1.8351468618538325,0,水平代理；不能复现原偏离度,False
2019-11-01,2.762310695187166,SHIBOR_1W+利差调整,2.802014028520499,1.8351468618538325,0,水平代理；不能复现原偏离度,False
2019-11-04,2.6753106951871657,SHIBOR_1W+利差调整,2.8025973618538327,1.8353403618538324,0,水平代理；不能复现原偏离度,False
2019-11-04,2.6753106951871657,SHIBOR_1W+利差调整,2.8025973618538327,1.8353403618538324,0,水平代理；不能复现原偏离度,False
2019-11-05,2.644310695187166,SHIBOR_1W+利差调整,2.8022306951871654,1.8355338618538324,0,水平代理；不能复现原偏离度,False
2019-11-05,2.644310695187166,SHIBOR_1W+利差调整,2.8022306951871654,1.8355338618538324,0,水平代理；不能复现原偏离度,False
2019-11-06,2.6923106951871656,SHIBOR_1W+利差调整,2.801697361853833,1.8357273618538323,0,水平代理；不能复现原偏离度,False
2019-11-06,2.6923106951871656,SHIBOR_1W+利差调整,2.801697361853833,1.8357273618538323,0,水平代理；不能复现原偏离度,False
2019-11-07,2.742004557640751,SHIBOR_1W+利差调整,2.801574557640751,1.8364305576407505,0,水平代理；不能复现原偏离度,False
2019-11-07,2.742004557640751,SHIBOR_1W+利差调整,2.801574557640751,1.8364305576407505,0,水平代理；不能复现原偏离度,False
2019-11-08,2.7163106951871656,SHIBOR_1W+利差调整,2.7994473618538325,1.835746028520499,0,水平代理；不能复现原偏离度,False
2019-11-08,2.7163106951871656,SHIBOR_1W+利差调整,2.7994473618538325,1.835746028520499,0,水平代理；不能复现原偏离度,False
2019-11-11,2.701310695187166,SHIBOR_1W+利差调整,2.7969806951871656,1.8357553618538325,0,水平代理；不能复现原偏离度,False
2019-11-11,2.701310695187166,SHIBOR_1W+利差调整,2.7969806951871656,1.8357553618538325,0,水平代理；不能复现原偏离度,False
2019-11-12,2.796004557640751,SHIBOR_1W+利差调整,2.796907890974084,1.8364585576407504,0,水平代理；不能复现原偏离度,False
2019-11-12,2.796004557640751,SHIBOR_1W+利差调整,2.796907890974084,1.8364585576407504,0,水平代理；不能复现原偏离度,False
2019-11-13,2.82200455764075,SHIBOR_1W+利差调整,2.796857890974084,1.836467890974084,0,水平代理；不能复现原偏离度,False
2019-11-13,2.82200455764075,SHIBOR_1W+利差调整,2.796857890974084,1.836467890974084,0,水平代理；不能复现原偏离度,False
2019-11-14,2.8283106951871657,SHIBOR_1W+利差调整,2.796314028520499,1.8357833618538324,0,水平代理；不能复现原偏离度,False
2019-11-14,2.8283106951871657,SHIBOR_1W+利差调整,2.796314028520499,1.8357833618538324,0,水平代理；不能复现原偏离度,False
2019-11-15,2.883481124497992,SHIBOR_1W+利差调整,2.797567791164659,1.835963124497992,0,水平代理；不能复现原偏离度,False
2019-11-15,2.883481124497992,SHIBOR_1W+利差调整,2.797567791164659,1.835963124497992,0,水平代理；不能复现原偏离度,False
2019-11-18,2.874310695187166,SHIBOR_1W+利差调整,2.7984640285205,1.8358020285204992,0,水平代理；不能复现原偏离度,False
2019-11-18,2.874310695187166,SHIBOR_1W+利差调整,2.7984640285205,1.8358020285204992,0,水平代理；不能复现原偏离度,False
2019-11-19,2.757310695187166,SHIBOR_1W+利差调整,2.7977640285204988,1.8358113618538323,0,水平代理；不能复现原偏离度,False
2019-11-19,2.757310695187166,SHIBOR_1W+利差调整,2.7977640285204988,1.8358113618538323,0,水平代理；不能复现原偏离度,False
2019-11-20,2.6440045576407507,SHIBOR_1W+利差调整,2.7960412243074173,1.8365145576407509,0,水平代理；不能复现原偏离度,False
2019-11-20,2.6440045576407507,SHIBOR_1W+利差调整,2.7960412243074173,1.8365145576407509,0,水平代理；不能复现原偏离度,False
2019-11-21,2.572739008042896,SHIBOR_1W+利差调整,2.792025674709562,1.836561508042896,0,水平代理；不能复现原偏离度,False
2019-11-21,2.572739008042896,SHIBOR_1W+利差调整,2.792025674709562,1.836561508042896,0,水平代理；不能复现原偏离度,False
2019-11-22,2.683004557640751,SHIBOR_1W+利差调整,2.79007455764075,1.8371395576407508,0,水平代理；不能复现原偏离度,False
2019-11-22,2.683004557640751,SHIBOR_1W+利差调整,2.79007455764075,1.8371395576407508,0,水平代理；不能复现原偏离度,False
2019-11-25,2.742481124497992,SHIBOR_1W+利差调整,2.7880344578313254,1.836928624497992,0,水平代理；不能复现原偏离度,False
2019-11-25,2.742481124497992,SHIBOR_1W+利差调整,2.7880344578313254,1.836928624497992,0,水平代理；不能复现原偏离度,False
2019-11-26,2.744481124497992,SHIBOR_1W+利差调整,2.786634457831325,1.837241124497992,0,水平代理；不能复现原偏离度,False
2019-11-26,2.744481124497992,SHIBOR_1W+利差调整,2.786634457831325,1.837241124497992,0,水平代理；不能复现原偏离度,False
2019-11-27,2.735481124497992,SHIBOR_1W+利差调整,2.785281124497992,1.837553624497992,0,水平代理；不能复现原偏离度,False
2019-11-27,2.735481124497992,SHIBOR_1W+利差调整,2.785281124497992,1.837553624497992,0,水平代理；不能复现原偏离度,False
2019-11-28,2.744004557640751,SHIBOR_1W+利差调整,2.784671224307417,1.8383895576407507,0,水平代理；不能复现原偏离度,False
2019-11-28,2.744004557640751,SHIBOR_1W+利差调整,2.784671224307417,1.8383895576407507,0,水平代理；不能复现原偏离度,False
2019-11-29,2.754004557640751,SHIBOR_1W+利差调整,2.783904557640751,1.838702057640751,0,水平代理；不能复现原偏离度,False
2019-11-29,2.754004557640751,SHIBOR_1W+利差调整,2.783904557640751,1.838702057640751,0,水平代理；不能复现原偏离度,False
2019-12-02,2.625004557640751,SHIBOR_1W+利差调整,2.781704557640751,1.8390145576407508,0,水平代理；不能复现原偏离度,False
2019-12-02,2.625004557640751,SHIBOR_1W+利差调整,2.781704557640751,1.8390145576407508,0,水平代理；不能复现原偏离度,False
2019-12-03,2.4893106951871657,SHIBOR_1W+利差调整,2.7766606951871657,1.838633195187166,0,水平代理；不能复现原偏离度,False
2019-12-03,2.4893106951871657,SHIBOR_1W+利差调整,2.7766606951871657,1.838633195187166,0,水平代理；不能复现原偏离度,False
2019-12-04,2.572481124497992,SHIBOR_1W+利差调整,2.773331124497992,1.839116124497992,0,水平代理；不能复现原偏离度,False
2019-12-04,2.572481124497992,SHIBOR_1W+利差调整,2.773331124497992,1.839116124497992,0,水平代理；不能复现原偏离度,False
2019-12-05,2.579481124497992,SHIBOR_1W+利差调整,2.769681124497992,1.839212291164659,0,水平代理；不能复现原偏离度,False
2019-12-05,2.579481124497992,SHIBOR_1W+利差调整,2.769681124497992,1.839212291164659,0,水平代理；不能复现原偏离度,False
2019-12-06,2.628481124497992,SHIBOR_1W+利差调整,2.7668477911646585,1.8393084578313248,0,水平代理；不能复现原偏离度,False
2019-12-06,2.628481124497992,SHIBOR_1W+利差调整,2.7668477911646585,1.8393084578313248,0,水平代理；不能复现原偏离度,False
2019-12-09,2.6523106951871656,SHIBOR_1W+利差调整,2.7646440285204994,1.8392341951871656,0,水平代理；不能复现原偏离度,False
2019-12-09,2.6523106951871656,SHIBOR_1W+利差调整,2.7646440285204994,1.8392341951871656,0,水平代理；不能复现原偏离度,False
2019-12-10,2.596310695187166,SHIBOR_1W+利差调整,2.761394028520499,1.8393303618538328,0,水平代理；不能复现原偏离度,False
2019-12-10,2.596310695187166,SHIBOR_1W+利差调整,2.761394028520499,1.8393303618538328,0,水平代理；不能复现原偏离度,False
2019-12-11,2.6393106951871657,SHIBOR_1W+利差调整,2.758777361853832,1.8394265285204991,0,水平代理；不能复现原偏离度,False
2019-12-11,2.6393106951871657,SHIBOR_1W+利差调整,2.758777361853832,1.8394265285204991,0,水平代理；不能复现原偏离度,False
2019-12-12,2.577310695187166,SHIBOR_1W+利差调整,2.755260695187166,1.8395226951871653,0,水平代理；不能复现原偏离度,False
2019-12-12,2.577310695187166,SHIBOR_1W+利差调整,2.755260695187166,1.8395226951871653,0,水平代理；不能复现原偏离度,False
2019-12-13,2.620739008042896,SHIBOR_1W+利差调整,2.752955674709562,1.840047174709562,0,水平代理；不能复现原偏离度,False
2019-12-13,2.620739008042896,SHIBOR_1W+利差调整,2.752955674709562,1.840047174709562,0,水平代理；不能复现原偏离度,False
2019-12-16,2.6785045576407507,SHIBOR_1W+利差调整,2.751179557640751,1.840408890974084,0,水平代理；不能复现原偏离度,False
2019-12-16,2.6785045576407507,SHIBOR_1W+利差调整,2.751179557640751,1.840408890974084,0,水平代理；不能复现原偏离度,False
2019-12-17,2.735004557640751,SHIBOR_1W+利差调整,2.7491628909740844,1.840505057640751,0,水平代理；不能复现原偏离度,False
2019-12-17,2.735004557640751,SHIBOR_1W+利差调整,2.7491628909740844,1.840505057640751,0,水平代理；不能复现原偏离度,False
2019-12-18,2.732004557640751,SHIBOR_1W+利差调整,2.7467295576407507,1.8406012243074168,0,水平代理；不能复现原偏离度,False
2019-12-18,2.732004557640751,SHIBOR_1W+利差调整,2.7467295576407507,1.8406012243074168,0,水平代理；不能复现原偏离度,False
2019-12-19,2.705481124497992,SHIBOR_1W+利差调整,2.7433227911646587,1.8403364578313253,0,水平代理；不能复现原偏离度,False
2019-12-19,2.705481124497992,SHIBOR_1W+利差调整,2.7433227911646587,1.8403364578313253,0,水平代理；不能复现原偏离度,False
2019-12-20,2.675481124497992,SHIBOR_1W+利差调整,2.740872791164658,1.8405951244979923,0,水平代理；不能复现原偏离度,False
2019-12-20,2.675481124497992,SHIBOR_1W+利差调整,2.740872791164658,1.8405951244979923,0,水平代理；不能复现原偏离度,False
2019-12-23,2.6000045576407507,SHIBOR_1W+利差调整,2.7394128909740845,1.841377224307417,0,水平代理；不能复现原偏离度,False
2019-12-23,2.6000045576407507,SHIBOR_1W+利差调整,2.7394128909740845,1.841377224307417,0,水平代理；不能复现原偏离度,False
2019-12-24,2.597004557640751,SHIBOR_1W+利差调整,2.7372962243074173,1.841635890974084,0,水平代理；不能复现原偏离度,False
2019-12-24,2.597004557640751,SHIBOR_1W+利差调整,2.7372962243074173,1.841635890974084,0,水平代理；不能复现原偏离度,False
2019-12-25,2.6953106951871657,SHIBOR_1W+利差调整,2.7359190285205,1.8412006951871656,0,水平代理；不能复现原偏离度,False
2019-12-25,2.6953106951871657,SHIBOR_1W+利差调整,2.7359190285205,1.8412006951871656,0,水平代理；不能复现原偏离度,False
2019-12-26,2.753310695187166,SHIBOR_1W+利差调整,2.7345023618538327,1.8414593618538324,0,水平代理；不能复现原偏离度,False
2019-12-26,2.753310695187166,SHIBOR_1W+利差调整,2.7345023618538327,1.8414593618538324,0,水平代理；不能复现原偏离度,False
2019-12-27,2.725310695187166,SHIBOR_1W+利差调整,2.7301023618538323,1.8417180285205,0,水平代理；不能复现原偏离度,False
2019-12-27,2.725310695187166,SHIBOR_1W+利差调整,2.7301023618538323,1.8417180285205,0,水平代理；不能复现原偏离度,False
2019-12-30,2.7643106951871657,SHIBOR_1W+利差调整,2.728935695187166,1.841976695187166,0,水平代理；不能复现原偏离度,False
2019-12-30,2.7643106951871657,SHIBOR_1W+利差调整,2.728935695187166,1.841976695187166,0,水平代理；不能复现原偏离度,False
2019-12-31,2.883310695187166,SHIBOR_1W+利差调整,2.7307690285205,1.8422353618538323,0,水平代理；不能复现原偏离度,False
2019-12-31,2.883310695187166,SHIBOR_1W+利差调整,2.7307690285205,1.8422353618538323,0,水平代理；不能复现原偏离度,False
2020-01-02,2.5800045576407507,SHIBOR_1W+利差调整,2.728762890974084,1.843187890974084,0,水平代理；不能复现原偏离度,False
2020-01-02,2.5800045576407507,SHIBOR_1W+利差调整,2.728762890974084,1.843187890974084,0,水平代理；不能复现原偏离度,False
2020-01-03,2.495481124497992,SHIBOR_1W+利差调整,2.7247894578313256,1.842669624497992,0,水平代理；不能复现原偏离度,False
2020-01-03,2.495481124497992,SHIBOR_1W+利差调整,2.7247894578313256,1.842669624497992,0,水平代理；不能复现原偏离度,False
2020-01-06,2.3653106951871656,SHIBOR_1W+利差调整,2.718419028520499,1.8425043618538328,0,水平代理；不能复现原偏离度,False
2020-01-06,2.3653106951871656,SHIBOR_1W+利差调整,2.718419028520499,1.8425043618538328,0,水平代理；不能复现原偏离度,False
2020-01-07,2.405739008042896,SHIBOR_1W+利差调整,2.712314008042896,1.8429378413762287,0,水平代理；不能复现原偏离度,False
2020-01-07,2.405739008042896,SHIBOR_1W+利差调整,2.712314008042896,1.8429378413762287,0,水平代理；不能复现原偏离度,False
2020-01-08,2.4663106951871656,SHIBOR_1W+利差调整,2.7058190285205,1.8425146951871656,0,水平代理；不能复现原偏离度,False
2020-01-08,2.4663106951871656,SHIBOR_1W+利差调整,2.7058190285205,1.8425146951871656,0,水平代理；不能复现原偏离度,False
2020-01-09,2.616739008042896,SHIBOR_1W+利差调整,2.7026473413762284,1.8429481747095624,0,水平代理；不能复现原偏离度,False
2020-01-09,2.616739008042896,SHIBOR_1W+利差调整,2.7026473413762284,1.8429481747095624,0,水平代理；不能复现原偏离度,False
2020-01-10,2.633310695187166,SHIBOR_1W+利差调整,2.6992856951871658,1.8425250285205,0,水平代理；不能复现原偏离度,False
2020-01-10,2.633310695187166,SHIBOR_1W+利差调整,2.6992856951871658,1.8425250285205,0,水平代理；不能复现原偏离度,False
2020-01-13,2.668739008042895,SHIBOR_1W+利差调整,2.6968973413762285,1.842958508042896,0,水平代理；不能复现原偏离度,False
2020-01-13,2.668739008042895,SHIBOR_1W+利差调整,2.6968973413762285,1.842958508042896,0,水平代理；不能复现原偏离度,False
2020-01-14,2.800739008042896,SHIBOR_1W+利差调整,2.6962806747095622,1.842963674709562,0,水平代理；不能复现原偏离度,False
2020-01-14,2.800739008042896,SHIBOR_1W+利差调整,2.6962806747095622,1.842963674709562,0,水平代理；不能复现原偏离度,False
2020-01-15,2.864004557640751,SHIBOR_1W+利差调整,2.6953462243074173,1.843234390974084,0,水平代理；不能复现原偏离度,False
2020-01-15,2.864004557640751,SHIBOR_1W+利差调整,2.6953462243074173,1.843234390974084,0,水平代理；不能复现原偏离度,False
2020-01-16,2.809481124497992,SHIBOR_1W+利差调整,2.694322791164659,1.842716124497992,0,水平代理；不能复现原偏离度,False
2020-01-16,2.809481124497992,SHIBOR_1W+利差调整,2.694322791164659,1.842716124497992,0,水平代理；不能复现原偏离度,False
2020-01-17,2.7867390080428955,SHIBOR_1W+利差调整,2.6942306747095626,1.842997174709562,0,水平代理；不能复现原偏离度,False
2020-01-17,2.7867390080428955,SHIBOR_1W+利差调整,2.6942306747095626,1.842997174709562,0,水平代理；不能复现原偏离度,False
2020-01-19,2.7547390080428955,SHIBOR_1W+利差调整,2.6932140080428955,1.8430203413762287,0,水平代理；不能复现原偏离度,False
2020-01-19,2.7547390080428955,SHIBOR_1W+利差调整,2.6932140080428955,1.8430203413762287,0,水平代理；不能复现原偏离度,False
2020-01-20,2.753739008042896,SHIBOR_1W+利差调整,2.6921473413762285,1.8430435080428955,0,水平代理；不能复现原偏离度,False
2020-01-20,2.753739008042896,SHIBOR_1W+利差调整,2.6921473413762285,1.8430435080428955,0,水平代理；不能复现原偏离度,False
2020-01-21,2.7477390080428954,SHIBOR_1W+利差调整,2.690997341376229,1.843066674709562,0,水平代理；不能复现原偏离度,False
2020-01-21,2.7477390080428954,SHIBOR_1W+利差调整,2.690997341376229,1.843066674709562,0,水平代理；不能复现原偏离度,False
2020-01-22,2.753739008042896,SHIBOR_1W+利差调整,2.6897306747095624,1.8430898413762289,0,水平代理；不能复现原偏离度,False
2020-01-22,2.7537390080428956,SHIBOR_1W+利差调整,2.6897306747095624,1.8430898413762287,0,水平代理；不能复现原偏离度,False
2020-01-23,2.695739008042896,SHIBOR_1W+利差调整,2.6874640080428955,1.8431130080428952,0,水平代理；不能复现原偏离度,False
2020-01-23,2.695739008042896,SHIBOR_1W+利差调整,2.6874640080428955,1.8431130080428952,0,水平代理；不能复现原偏离度,False
2020-02-03,2.753739008042896,SHIBOR_1W+利差调整,2.6873140080428954,1.843136174709562,0,水平代理；不能复现原偏离度,False
2020-02-03,2.7537390080428956,SHIBOR_1W+利差调整,2.6873140080428954,1.843136174709562,0,水平代理；不能复现原偏离度,False
2020-02-04,2.5623106951871657,SHIBOR_1W+利差调整,2.685002361853833,1.8427310285204992,0,水平代理；不能复现原偏离度,False
2020-02-04,2.5623106951871657,SHIBOR_1W+利差调整,2.685002361853833,1.8427310285204992,0,水平代理；不能复现原偏离度,False
2020-02-05,2.4897390080428954,SHIBOR_1W+利差调整,2.6828473413762293,1.843182508042896,0,水平代理；不能复现原偏离度,False
2020-02-05,2.4897390080428954,SHIBOR_1W+利差调整,2.6828473413762293,1.843182508042896,0,水平代理；不能复现原偏离度,False
2020-02-06,2.5127390080428955,SHIBOR_1W+利差调整,2.6798473413762287,1.843205674709562,0,水平代理；不能复现原偏离度,False
2020-02-06,2.5127390080428955,SHIBOR_1W+利差调整,2.6798473413762287,1.843205674709562,0,水平代理；不能复现原偏离度,False
2020-02-07,2.4527390080428955,SHIBOR_1W+利差调整,2.675030674709562,1.8434973413762288,0,水平代理；不能复现原偏离度,False
2020-02-07,2.4527390080428955,SHIBOR_1W+利差调整,2.675030674709562,1.8434973413762288,0,水平代理；不能复现原偏离度,False
2020-02-10,2.435481124497992,SHIBOR_1W+利差调整,2.670089457831325,1.843531124497992,0,水平代理；不能复现原偏离度,False
2020-02-10,2.435481124497992,SHIBOR_1W+利差调整,2.670089457831325,1.843531124497992,0,水平代理；不能复现原偏离度,False
2020-02-11,2.3717390080428955,SHIBOR_1W+利差调整,2.664847341376229,1.8440806747095624,0,水平代理；不能复现原偏离度,False
2020-02-11,2.3717390080428955,SHIBOR_1W+利差调整,2.664847341376229,1.8440806747095624,0,水平代理；不能复现原偏离度,False
2020-02-12,2.4327390080428954,SHIBOR_1W+利差调整,2.658797341376229,1.8443723413762287,0,水平代理；不能复现原偏离度,False
2020-02-12,2.4327390080428954,SHIBOR_1W+利差调整,2.658797341376229,1.8443723413762287,0,水平代理；不能复现原偏离度,False
2020-02-13,2.470739008042896,SHIBOR_1W+利差调整,2.652947341376229,1.8446640080428955,0,水平代理；不能复现原偏离度,False
2020-02-13,2.470739008042896,SHIBOR_1W+利差调整,2.652947341376229,1.8446640080428955,0,水平代理；不能复现原偏离度,False
2020-02-14,2.379310695187166,SHIBOR_1W+利差调整,2.645035695187166,1.8445273618538325,0,水平代理；不能复现原偏离度,False
2020-02-14,2.379310695187166,SHIBOR_1W+利差调整,2.645035695187166,1.8445273618538325,0,水平代理；不能复现原偏离度,False
2020-02-17,2.4077390080428955,SHIBOR_1W+利差调整,2.637530674709562,1.845247341376229,0,水平代理；不能复现原偏离度,False
2020-02-17,2.4077390080428955,SHIBOR_1W+利差调整,2.637530674709562,1.845247341376229,0,水平代理；不能复现原偏离度,False
2020-02-18,2.439739008042896,SHIBOR_1W+利差调整,2.630280674709562,1.8455390080428955,0,水平代理；不能复现原偏离度,False
2020-02-18,2.4397390080428956,SHIBOR_1W+利差调整,2.630280674709562,1.8455390080428955,0,水平代理；不能复现原偏离度,False
2020-02-19,2.414739008042895,SHIBOR_1W+利差调整,2.624564008042896,1.8458306747095623,0,水平代理；不能复现原偏离度,False
2020-02-19,2.414739008042895,SHIBOR_1W+利差调整,2.624564008042896,1.8458306747095623,0,水平代理；不能复现原偏离度,False
2020-02-20,2.4543106951871656,SHIBOR_1W+利差调整,2.6209856951871657,1.845694028520499,0,水平代理；不能复现原偏离度,False
2020-02-20,2.4543106951871656,SHIBOR_1W+利差调整,2.6209856951871657,1.845694028520499,0,水平代理；不能复现原偏离度,False
2020-02-21,2.3917390080428955,SHIBOR_1W+利差调整,2.618397341376229,1.8462218413762288,0,水平代理；不能复现原偏离度,False
2020-02-21,2.3917390080428955,SHIBOR_1W+利差调整,2.618397341376229,1.8462218413762288,0,水平代理；不能复现原偏离度,False
2020-02-24,2.322739008042896,SHIBOR_1W+利差调整,2.612397341376229,1.846321341376229,0,水平代理；不能复现原偏离度,False
2020-02-24,2.3227390080428956,SHIBOR_1W+利差调整,2.612397341376229,1.846321341376229,0,水平代理；不能复现原偏离度,False
2020-02-25,2.3497390080428957,SHIBOR_1W+利差调整,2.605847341376229,1.8464208413762289,0,水平代理；不能复现原偏离度,False
2020-02-25,2.3497390080428953,SHIBOR_1W+利差调整,2.605847341376229,1.8464208413762289,0,水平代理；不能复现原偏离度,False
2020-02-26,2.3297390080428952,SHIBOR_1W+利差调整,2.598930674709562,1.8465203413762288,0,水平代理；不能复现原偏离度,False
2020-02-26,2.3297390080428952,SHIBOR_1W+利差调整,2.598930674709562,1.8465203413762288,0,水平代理；不能复现原偏离度,False
2020-02-27,2.338739008042896,SHIBOR_1W+利差调整,2.592314008042896,1.8466198413762287,0,水平代理；不能复现原偏离度,False
2020-02-27,2.338739008042896,SHIBOR_1W+利差调整,2.592314008042896,1.8466198413762287,0,水平代理；不能复现原偏离度,False
2020-02-28,2.5207390080428955,SHIBOR_1W+利差调整,2.5885973413762287,1.8467193413762288,0,水平代理；不能复现原偏离度,False
2020-02-28,2.5207390080428955,SHIBOR_1W+利差调整,2.5885973413762287,1.8467193413762288,0,水平代理；不能复现原偏离度,False
2020-03-02,2.2757390080428954,SHIBOR_1W+利差调整,2.580630674709562,1.8468188413762288,0,水平代理；不能复现原偏离度,False
2020-03-02,2.2757390080428954,SHIBOR_1W+利差调整,2.580630674709562,1.8468188413762288,0,水平代理；不能复现原偏离度,False
2020-03-03,2.240739008042896,SHIBOR_1W+利差调整,2.574230674709562,1.846918341376229,0,水平代理；不能复现原偏离度,False
2020-03-03,2.240739008042896,SHIBOR_1W+利差调整,2.574230674709562,1.846918341376229,0,水平代理；不能复现原偏离度,False
2020-03-04,2.1987390080428955,SHIBOR_1W+利差调整,2.569380674709562,1.8470178413762288,0,水平代理；不能复现原偏离度,False
2020-03-04,2.1987390080428955,SHIBOR_1W+利差调整,2.569380674709562,1.8470178413762288,0,水平代理；不能复现原偏离度,False
2020-03-05,2.2357390080428954,SHIBOR_1W+利差调整,2.563764008042895,1.8471173413762287,0,水平代理；不能复现原偏离度,False
2020-03-05,2.2357390080428954,SHIBOR_1W+利差调整,2.563764008042895,1.8471173413762287,0,水平代理；不能复现原偏离度,False
2020-03-06,2.181739008042896,SHIBOR_1W+利差调整,2.5571306747095623,1.847173508042896,0,水平代理；不能复现原偏离度,False
2020-03-06,2.181739008042896,SHIBOR_1W+利差调整,2.5571306747095623,1.847173508042896,0,水平代理；不能复现原偏离度,False
2020-03-09,2.2207390080428957,SHIBOR_1W+利差调整,2.550330674709562,1.847229674709562,0,水平代理；不能复现原偏离度,False
2020-03-09,2.2207390080428953,SHIBOR_1W+利差调整,2.550330674709562,1.847229674709562,0,水平代理；不能复现原偏离度,False
2020-03-10,2.3877390080428955,SHIBOR_1W+利差调整,2.545914008042895,1.8472858413762288,0,水平代理；不能复现原偏离度,False
2020-03-10,2.3877390080428955,SHIBOR_1W+利差调整,2.545914008042895,1.8472858413762288,0,水平代理；不能复现原偏离度,False
2020-03-11,2.4467390080428952,SHIBOR_1W+利差调整,2.543414008042895,1.8473420080428955,0,水平代理；不能复现原偏离度,False
2020-03-11,2.4467390080428952,SHIBOR_1W+利差调整,2.543414008042895,1.8473420080428953,0,水平代理；不能复现原偏离度,False
2020-03-12,2.455739008042896,SHIBOR_1W+利差调整,2.5403473413762288,1.847398174709562,0,水平代理；不能复现原偏离度,False
2020-03-12,2.455739008042896,SHIBOR_1W+利差调整,2.5403473413762288,1.847398174709562,0,水平代理；不能复现原偏离度,False
2020-03-13,2.398739008042895,SHIBOR_1W+利差调整,2.5373640080428954,1.8474543413762288,0,水平代理；不能复现原偏离度,False
2020-03-13,2.398739008042895,SHIBOR_1W+利差调整,2.5373640080428954,1.8474543413762288,0,水平代理；不能复现原偏离度,False
2020-03-16,2.345739008042896,SHIBOR_1W+利差调整,2.5327806747095623,1.8475105080428955,0,水平代理；不能复现原偏离度,False
2020-03-16,2.345739008042896,SHIBOR_1W+利差调整,2.5327806747095623,1.8475105080428955,0,水平代理；不能复现原偏离度,False
2020-03-17,2.042739008042896,SHIBOR_1W+利差调整,2.522189008042896,1.847566674709562,0,水平代理；不能复现原偏离度,False
2020-03-17,2.042739008042896,SHIBOR_1W+利差调整,2.522189008042896,1.847566674709562,0,水平代理；不能复现原偏离度,False
2020-03-18,1.8977390080428955,SHIBOR_1W+利差调整,2.508239008042896,1.8476228413762288,0,水平代理；不能复现原偏离度,False
2020-03-18,1.8977390080428955,SHIBOR_1W+利差调整,2.508239008042896,1.8476228413762288,0,水平代理；不能复现原偏离度,False
2020-03-19,2.039739008042896,SHIBOR_1W+利差调整,2.496705674709562,1.8476790080428955,0,水平代理；不能复现原偏离度,False
2020-03-19,2.039739008042896,SHIBOR_1W+利差调整,2.496705674709562,1.8476790080428955,0,水平代理；不能复现原偏离度,False
2020-03-20,2.091739008042896,SHIBOR_1W+利差调整,2.4864723413762286,1.847858174709562,0,水平代理；不能复现原偏离度,False
2020-03-20,2.0917390080428957,SHIBOR_1W+利差调整,2.4864723413762286,1.847858174709562,0,水平代理；不能复现原偏离度,False
2020-03-23,1.951739008042896,SHIBOR_1W+利差调整,2.4744056747095624,1.8480373413762288,0,水平代理；不能复现原偏离度,False
2020-03-23,1.951739008042896,SHIBOR_1W+利差调整,2.4744056747095624,1.8480373413762288,0,水平代理；不能复现原偏离度,False
2020-03-24,1.839739008042896,SHIBOR_1W+利差调整,2.461739008042896,1.848216508042896,0,水平代理；不能复现原偏离度,False
2020-03-24,1.839739008042896,SHIBOR_1W+利差调整,2.461739008042896,1.848216508042896,0,水平代理；不能复现原偏离度,False
2020-03-25,1.8917390080428955,SHIBOR_1W+利差调整,2.449989008042896,1.848395674709562,0,水平代理；不能复现原偏离度,False
2020-03-25,1.8917390080428955,SHIBOR_1W+利差调整,2.4499890080428957,1.848395674709562,0,水平代理；不能复现原偏离度,False
2020-03-26,1.866739008042896,SHIBOR_1W+利差调整,2.4361723413762286,1.8485748413762289,0,水平代理；不能复现原偏离度,False
2020-03-26,1.866739008042896,SHIBOR_1W+利差调整,2.4361723413762286,1.8485748413762289,0,水平代理；不能复现原偏离度,False
2020-03-27,1.9157390080428955,SHIBOR_1W+利差调整,2.422205674709562,1.8487540080428952,0,水平代理；不能复现原偏离度,False
2020-03-27,1.9157390080428955,SHIBOR_1W+利差调整,2.422205674709562,1.8487540080428952,0,水平代理；不能复现原偏离度,False
2020-03-30,2.3097390080428952,SHIBOR_1W+利差调整,2.4152723413762285,1.848933174709562,0,水平代理；不能复现原偏离度,False
2020-03-30,2.3097390080428952,SHIBOR_1W+利差调整,2.4152723413762285,1.848933174709562,0,水平代理；不能复现原偏离度,False
2020-03-31,2.293739008042895,SHIBOR_1W+利差调整,2.407422341376229,1.8491123413762287,0,水平代理；不能复现原偏离度,False
2020-03-31,2.293739008042895,SHIBOR_1W+利差调整,2.4074223413762286,1.8491123413762287,0,水平代理；不能复现原偏离度,False
2020-04-01,2.1507390080428954,SHIBOR_1W+利差调整,2.3952056747095622,1.8492915080428955,0,水平代理；不能复现原偏离度,False
2020-04-01,2.1507390080428954,SHIBOR_1W+利差调整,2.3952056747095622,1.8492915080428955,0,水平代理；不能复现原偏离度,False
2020-04-02,2.003739008042896,SHIBOR_1W+利差调整,2.385605674709562,1.849470674709562,0,水平代理；不能复现原偏离度,False
2020-04-02,2.0037390080428956,SHIBOR_1W+利差调整,2.385605674709562,1.849470674709562,0,水平代理；不能复现原偏离度,False
2020-04-03,1.9777390080428956,SHIBOR_1W+利差调整,2.376972341376229,1.849620674709562,0,水平代理；不能复现原偏离度,False
2020-04-03,1.9777390080428954,SHIBOR_1W+利差调整,2.376972341376229,1.849620674709562,0,水平代理；不能复现原偏离度,False
2020-04-07,1.9197390080428955,SHIBOR_1W+利差调整,2.3695390080428957,1.849770674709562,0,水平代理；不能复现原偏离度,False
2020-04-07,1.9197390080428953,SHIBOR_1W+利差调整,2.3695390080428953,1.8497706747095621,0,水平代理；不能复现原偏离度,False
2020-04-08,1.8857390080428955,SHIBOR_1W+利差调整,2.3608723413762287,1.849920674709562,0,水平代理；不能复现原偏离度,False
2020-04-08,1.8857390080428955,SHIBOR_1W+利差调整,2.3608723413762287,1.849920674709562,0,水平代理；不能复现原偏离度,False
2020-04-09,1.826739008042896,SHIBOR_1W+利差调整,2.3502056747095623,1.850070674709562,0,水平代理；不能复现原偏离度,False
2020-04-09,1.826739008042896,SHIBOR_1W+利差调整,2.3502056747095623,1.850070674709562,0,水平代理；不能复现原偏离度,False
2020-04-10,1.9597390080428956,SHIBOR_1W+利差调整,2.339255674709562,1.850220674709562,0,水平代理；不能复现原偏离度,False
2020-04-10,1.9597390080428954,SHIBOR_1W+利差调整,2.339255674709562,1.850220674709562,0,水平代理；不能复现原偏离度,False
2020-04-13,1.997739008042896,SHIBOR_1W+利差调整,2.328655674709562,1.850370674709562,0,水平代理；不能复现原偏离度,False
2020-04-13,1.997739008042896,SHIBOR_1W+利差调整,2.328655674709562,1.850370674709562,0,水平代理；不能复现原偏离度,False
2020-04-14,1.8537390080428957,SHIBOR_1W+利差调整,2.315072341376229,1.8505206747095624,0,水平代理；不能复现原偏离度,False
2020-04-14,1.8537390080428955,SHIBOR_1W+利差调整,2.315072341376229,1.8505206747095622,0,水平代理；不能复现原偏离度,False
2020-04-15,1.7787390080428953,SHIBOR_1W+利差调整,2.298039008042895,1.850670674709562,0,水平代理；不能复现原偏离度,False
2020-04-15,1.7787390080428953,SHIBOR_1W+利差调整,2.298039008042895,1.850670674709562,0,水平代理；不能复现原偏离度,False
2020-04-16,1.8033106951871656,SHIBOR_1W+利差调整,2.279944028520499,1.8503923618538325,0,水平代理；不能复现原偏离度,False
2020-04-16,1.8033106951871656,SHIBOR_1W+利差调整,2.279944028520499,1.8503923618538325,0,水平代理；不能复现原偏离度,False
2020-04-17,1.8837390080428955,SHIBOR_1W+利差调整,2.264939008042896,1.850970674709562,0,水平代理；不能复现原偏离度,False
2020-04-17,1.8837390080428955,SHIBOR_1W+利差调整,2.264939008042896,1.850970674709562,0,水平代理；不能复现原偏离度,False
2020-04-20,1.880739008042896,SHIBOR_1W+利差调整,2.2498390080428954,1.8515691747095624,0,水平代理；不能复现原偏离度,False
2020-04-20,1.880739008042896,SHIBOR_1W+利差调整,2.2498390080428954,1.8515691747095624,0,水平代理；不能复现原偏离度,False
2020-04-21,1.7527390080428955,SHIBOR_1W+利差调整,2.2331390080428952,1.8521676747095623,0,水平代理；不能复现原偏离度,False
2020-04-21,1.7527390080428955,SHIBOR_1W+利差调整,2.2331390080428952,1.8521676747095623,0,水平代理；不能复现原偏离度,False
2020-04-22,1.7227390080428957,SHIBOR_1W+利差调整,2.215955674709562,1.852766174709562,0,水平代理；不能复现原偏离度,False
2020-04-22,1.7227390080428957,SHIBOR_1W+利差调整,2.215955674709562,1.852766174709562,0,水平代理；不能复现原偏离度,False
2020-04-23,1.809739008042896,SHIBOR_1W+利差调整,2.2003223413762285,1.8533646747095625,0,水平代理；不能复现原偏离度,False
2020-04-23,1.809739008042896,SHIBOR_1W+利差调整,2.2003223413762285,1.8533646747095625,0,水平代理；不能复现原偏离度,False
2020-04-24,1.864739008042896,SHIBOR_1W+利差调整,2.185505674709562,1.853963174709562,0,水平代理；不能复现原偏离度,False
2020-04-24,1.864739008042896,SHIBOR_1W+利差调整,2.185505674709562,1.853963174709562,0,水平代理；不能复现原偏离度,False
2020-04-26,1.804739008042896,SHIBOR_1W+利差调整,2.1706556747095624,1.854561674709562,0,水平代理；不能复现原偏离度,False
2020-04-26,1.804739008042896,SHIBOR_1W+利差调整,2.1706556747095624,1.854561674709562,0,水平代理；不能复现原偏离度,False
2020-04-27,1.920739008042896,SHIBOR_1W+利差调整,2.1567723413762283,1.8551601747095623,0,水平代理；不能复现原偏离度,False
2020-04-27,1.920739008042896,SHIBOR_1W+利差调整,2.1567723413762283,1.8551601747095623,0,水平代理；不能复现原偏离度,False
2020-04-28,1.7667390080428955,SHIBOR_1W+利差调整,2.1435056747095618,1.855758674709562,0,水平代理；不能复现原偏离度,False
2020-04-28,1.7667390080428955,SHIBOR_1W+利差调整,2.1435056747095618,1.855758674709562,0,水平代理；不能复现原偏离度,False
2020-04-29,1.9017390080428955,SHIBOR_1W+利差调整,2.133705674709562,1.8563571747095624,0,水平代理；不能复现原偏离度,False
2020-04-29,1.9017390080428955,SHIBOR_1W+利差调整,2.133705674709562,1.8563571747095624,0,水平代理；不能复现原偏离度,False
2020-04-30,2.0657390080428955,SHIBOR_1W+利差调整,2.126255674709562,1.856955674709562,0,水平代理；不能复现原偏离度,False
2020-04-30,2.0657390080428955,SHIBOR_1W+利差调整,2.126255674709562,1.856955674709562,0,水平代理；不能复现原偏离度,False
2020-05-06,2.011739008042896,SHIBOR_1W+利差调整,2.118905674709562,1.8591231747095625,0,水平代理；不能复现原偏离度,False
2020-05-06,2.0117390080428956,SHIBOR_1W+利差调整,2.118905674709562,1.8591231747095625,0,水平代理；不能复现原偏离度,False
2020-05-07,1.9847390080428955,SHIBOR_1W+利差调整,2.111389008042896,1.861290674709563,0,水平代理；不能复现原偏离度,False
2020-05-07,1.9847390080428955,SHIBOR_1W+利差调整,2.111389008042896,1.861290674709563,0,水平代理；不能复现原偏离度,False
2020-05-08,1.955739008042896,SHIBOR_1W+利差调整,2.104455674709562,1.8634581747095624,0,水平代理；不能复现原偏离度,False
2020-05-08,1.955739008042896,SHIBOR_1W+利差调整,2.104455674709562,1.8634581747095624,0,水平代理；不能复现原偏离度,False
2020-05-09,1.6277390080428955,SHIBOR_1W+利差调整,2.091039008042896,1.8656256747095628,0,水平代理；不能复现原偏离度,False
2020-05-09,1.6277390080428955,SHIBOR_1W+利差调整,2.091039008042896,1.8656256747095628,0,水平代理；不能复现原偏离度,False
2020-05-11,1.825739008042896,SHIBOR_1W+利差调整,2.080289008042896,1.867793174709562,0,水平代理；不能复现原偏离度,False
2020-05-11,1.825739008042896,SHIBOR_1W+利差调整,2.080289008042896,1.867793174709562,0,水平代理；不能复现原偏离度,False
2020-05-12,1.7147390080428957,SHIBOR_1W+利差调整,2.069205674709562,1.8699606747095625,0,水平代理；不能复现原偏离度,False
2020-05-12,1.7147390080428957,SHIBOR_1W+利差调整,2.069205674709562,1.8699606747095625,0,水平代理；不能复现原偏离度,False
2020-05-13,1.6317390080428955,SHIBOR_1W+利差调整,2.056272341376229,1.872128174709563,0,水平代理；不能复现原偏离度,False
2020-05-13,1.6317390080428955,SHIBOR_1W+利差调整,2.056272341376229,1.872128174709563,0,水平代理；不能复现原偏离度,False
2020-05-14,1.6607390080428954,SHIBOR_1W+利差调整,2.043289008042896,1.8742956747095625,0,水平代理；不能复现原偏离度,False
2020-05-14,1.6607390080428954,SHIBOR_1W+利差调整,2.0432890080428954,1.8742956747095623,0,水平代理；不能复现原偏离度,False
2020-05-15,1.803739008042896,SHIBOR_1W+利差调整,2.033105674709562,1.8764631747095628,0,水平代理；不能复现原偏离度,False
2020-05-15,1.803739008042896,SHIBOR_1W+利差调整,2.033105674709562,1.8764631747095628,0,水平代理；不能复现原偏离度,False
2020-05-18,1.7097390080428954,SHIBOR_1W+利差调整,2.020689008042896,1.878630674709562,0,水平代理；不能复现原偏离度,False
2020-05-18,1.7097390080428954,SHIBOR_1W+利差调整,2.0206890080428956,1.878630674709562,0,水平代理；不能复现原偏离度,False
2020-05-19,1.667739008042895,SHIBOR_1W+利差调整,2.0086223413762285,1.8789846747095624,0,水平代理；不能复现原偏离度,False
2020-05-19,1.6677390080428953,SHIBOR_1W+利差调整,2.0086223413762285,1.8789846747095622,0,水平代理；不能复现原偏离度,False
2020-05-20,1.6807390080428954,SHIBOR_1W+利差调整,1.9979223413762288,1.8793386747095624,0,水平代理；不能复现原偏离度,False
2020-05-20,1.6807390080428954,SHIBOR_1W+利差调整,1.9979223413762288,1.8793386747095622,0,水平代理；不能复现原偏离度,False
2020-05-21,1.7027390080428957,SHIBOR_1W+利差调整,1.9871390080428952,1.879692674709562,0,水平代理；不能复现原偏离度,False
2020-05-21,1.7027390080428957,SHIBOR_1W+利差调整,1.9871390080428952,1.879692674709562,0,水平代理；不能复现原偏离度,False
2020-05-22,1.7417390080428954,SHIBOR_1W+利差调整,1.9773390080428956,1.880046674709562,0,水平代理；不能复现原偏离度,False
2020-05-22,1.7417390080428954,SHIBOR_1W+利差调整,1.9773390080428954,1.880046674709562,0,水平代理；不能复现原偏离度,False
2020-05-25,1.9317390080428956,SHIBOR_1W+利差调整,1.970555674709562,1.880400674709562,0,水平代理；不能复现原偏离度,False
2020-05-25,1.9317390080428953,SHIBOR_1W+利差调整,1.970555674709562,1.880400674709562,0,水平代理；不能复现原偏离度,False
2020-05-26,2.0547390080428958,SHIBOR_1W+利差调整,1.962789008042896,1.8807546747095625,0,水平代理；不能复现原偏离度,False
2020-05-26,2.0547390080428953,SHIBOR_1W+利差调整,1.9627890080428956,1.8807546747095623,0,水平代理；不能复现原偏离度,False
2020-05-27,2.164739008042895,SHIBOR_1W+利差调整,1.960939008042896,1.8811086747095624,0,水平代理；不能复现原偏离度,False
2020-05-27,2.164739008042895,SHIBOR_1W+利差调整,1.960939008042896,1.8811086747095624,0,水平代理；不能复现原偏离度,False
2020-05-28,2.3257390080428952,SHIBOR_1W+利差调整,1.9623556747095623,1.8814626747095624,0,水平代理；不能复现原偏离度,False
2020-05-28,2.3257390080428952,SHIBOR_1W+利差调整,1.9623556747095623,1.8814626747095622,0,水平代理；不能复现原偏离度,False
2020-05-29,2.297739008042895,SHIBOR_1W+利差调整,1.964005674709562,1.8818166747095624,0,水平代理；不能复现原偏离度,False
2020-05-29,2.297739008042895,SHIBOR_1W+利差调整,1.964005674709562,1.8818166747095622,0,水平代理；不能复现原偏离度,False
2020-06-01,2.1057390080428955,SHIBOR_1W+利差调整,1.9618390080428956,1.882170674709562,0,水平代理；不能复现原偏离度,False
2020-06-01,2.1057390080428955,SHIBOR_1W+利差调整,1.9618390080428953,1.8821706747095621,0,水平代理；不能复现原偏离度,False
2020-06-02,1.819739008042896,SHIBOR_1W+利差调整,1.9558056747095625,1.884847508042896,0,水平代理；不能复现原偏离度,False
2020-06-02,1.819739008042896,SHIBOR_1W+利差调整,1.9558056747095625,1.884847508042896,0,水平代理；不能复现原偏离度,False
2020-06-03,2.1177390080428955,SHIBOR_1W+利差调整,1.9540890080428956,1.88752434137623,0,水平代理；不能复现原偏离度,False
2020-06-03,2.1177390080428955,SHIBOR_1W+利差调整,1.9540890080428954,1.88752434137623,0,水平代理；不能复现原偏离度,False
2020-06-04,2.1477390080428957,SHIBOR_1W+利差调整,1.9500890080428956,1.8902011747095624,0,水平代理；不能复现原偏离度,False
2020-06-04,2.1477390080428953,SHIBOR_1W+利差调整,1.9500890080428954,1.8902011747095624,0,水平代理；不能复现原偏离度,False
2020-06-05,2.1337390080428955,SHIBOR_1W+利差调整,1.9448723413762288,1.8928780080428964,0,水平代理；不能复现原偏离度,False
2020-06-05,2.1337390080428955,SHIBOR_1W+利差调整,1.9448723413762288,1.8928780080428964,0,水平代理；不能复现原偏离度,False
2020-06-08,2.088310695187166,SHIBOR_1W+利差调整,1.9383273618538328,1.8951265285204992,0,水平代理；不能复现原偏离度,False
2020-06-08,2.088310695187166,SHIBOR_1W+利差调整,1.9383273618538328,1.8951265285204992,0,水平代理；不能复现原偏离度,False
2020-06-09,2.0937390080428955,SHIBOR_1W+利差调整,1.933672341376229,1.8982316747095629,0,水平代理；不能复现原偏离度,False
2020-06-09,2.0937390080428955,SHIBOR_1W+利差调整,1.9336723413762287,1.8982316747095629,0,水平代理；不能复现原偏离度,False
2020-06-10,2.1267390080428954,SHIBOR_1W+利差调整,1.9300223413762287,1.900908508042897,0,水平代理；不能复现原偏离度,False
2020-06-10,2.1267390080428954,SHIBOR_1W+利差调整,1.9300223413762287,1.9009085080428967,0,水平代理；不能复现原偏离度,False
2020-06-11,2.1677390080428958,SHIBOR_1W+利差调整,1.932105674709562,1.9035853413762287,0,水平代理；不能复现原偏离度,False
2020-06-11,2.1677390080428953,SHIBOR_1W+利差调整,1.932105674709562,1.9035853413762291,0,水平代理；不能复现原偏离度,False
2020-06-12,2.1627390080428954,SHIBOR_1W+利差调整,1.936522341376229,1.9062621747095632,0,水平代理；不能复现原偏离度,False
2020-06-12,2.1627390080428954,SHIBOR_1W+利差调整,1.936522341376229,1.9062621747095632,0,水平代理；不能复现原偏离度,False
2020-06-15,2.0017390080428954,SHIBOR_1W+利差调整,1.9358890080428957,1.908939008042896,0,水平代理；不能复现原偏离度,False
2020-06-15,2.0017390080428954,SHIBOR_1W+利差调整,1.9358890080428954,1.9089390080428956,0,水平代理；不能复现原偏离度,False
2020-06-16,2.0377390080428954,SHIBOR_1W+利差调整,1.9349890080428955,1.9089961747095625,0,水平代理；不能复现原偏离度,False
2020-06-16,2.0377390080428954,SHIBOR_1W+利差调整,1.9349890080428953,1.9089961747095623,0,水平代理；不能复现原偏离度,False
2020-06-17,2.203739008042896,SHIBOR_1W+利差调整,1.9391890080428955,1.909053341376229,0,水平代理；不能复现原偏离度,False
2020-06-17,2.2037390080428954,SHIBOR_1W+利差调整,1.9391890080428953,1.909053341376229,0,水平代理；不能复现原偏离度,False
2020-06-18,2.246310695187166,SHIBOR_1W+利差调整,1.945544028520499,1.9086821951871653,0,水平代理；不能复现原偏离度,False
2020-06-18,2.246310695187166,SHIBOR_1W+利差调整,1.945544028520499,1.9086821951871653,0,水平代理；不能复现原偏离度,False
2020-06-19,2.293739008042895,SHIBOR_1W+利差调整,1.9526723413762288,1.9091676747095625,0,水平代理；不能复现原偏离度,False
2020-06-19,2.293739008042895,SHIBOR_1W+利差调整,1.9526723413762286,1.9091676747095623,0,水平代理；不能复现原偏离度,False
2020-06-22,2.2963106951871657,SHIBOR_1W+利差调整,1.959410695187166,1.908796528520499,0,水平代理；不能复现原偏离度,False
2020-06-22,2.2963106951871657,SHIBOR_1W+利差调整,1.959410695187166,1.908796528520499,0,水平代理；不能复现原偏离度,False
2020-06-23,2.2967390080428958,SHIBOR_1W+利差调整,1.9661890080428956,1.9092820080428956,0,水平代理；不能复现原偏离度,False
2020-06-23,2.2967390080428953,SHIBOR_1W+利差调整,1.9661890080428954,1.9092820080428954,0,水平代理；不能复现原偏离度,False
2020-06-24,2.319310695187166,SHIBOR_1W+利差调整,1.9659273618538324,1.9089108618538324,0,水平代理；不能复现原偏离度,False
2020-06-24,2.319310695187166,SHIBOR_1W+利差调整,1.9659273618538324,1.9089108618538324,0,水平代理；不能复现原偏离度,False
2020-06-28,2.328739008042896,SHIBOR_1W+利差调整,1.9669390080428957,1.9093963413762287,0,水平代理；不能复现原偏离度,False
2020-06-28,2.3287390080428954,SHIBOR_1W+利差调整,1.9669390080428955,1.9093963413762287,0,水平代理；不能复现原偏离度,False
2020-06-29,2.3277390080428955,SHIBOR_1W+利差调整,1.9698890080428957,1.9094535080428956,0,水平代理；不能复现原偏离度,False
2020-06-29,2.3277390080428955,SHIBOR_1W+利差调整,1.9698890080428955,1.9094535080428954,0,水平代理；不能复现原偏离度,False
2020-06-30,2.374739008042896,SHIBOR_1W+利差调整,1.976072341376229,1.909510674709562,0,水平代理；不能复现原偏离度,False
2020-06-30,2.3747390080428956,SHIBOR_1W+利差调整,1.9760723413762287,1.909510674709562,0,水平代理；不能复现原偏离度,False
2020-07-01,2.241310695187166,SHIBOR_1W+利差调整,1.9800440285204992,1.9111335285205,0,水平代理；不能复现原偏离度,False
2020-07-01,2.241310695187166,SHIBOR_1W+利差调整,1.9800440285204992,1.9111335285205,0,水平代理；不能复现原偏离度,False
2020-07-02,2.152739008042895,SHIBOR_1W+利差调整,1.984355674709562,1.9136130080428964,0,水平代理；不能复现原偏离度,False
2020-07-02,2.152739008042895,SHIBOR_1W+利差调整,1.984355674709562,1.9136130080428964,0,水平代理；不能复现原偏离度,False
2020-07-03,2.1267390080428954,SHIBOR_1W+利差调整,1.9883723413762289,1.9156641747095624,0,水平代理；不能复现原偏离度,False
2020-07-03,2.1267390080428954,SHIBOR_1W+利差调整,1.9883723413762289,1.9156641747095622,0,水平代理；不能复现原偏离度,False
2020-07-06,1.9407390080428957,SHIBOR_1W+利差调整,1.9902723413762289,1.9177153413762291,0,水平代理；不能复现原偏离度,False
2020-07-06,1.9407390080428955,SHIBOR_1W+利差调整,1.9902723413762289,1.9177153413762293,0,水平代理；不能复现原偏离度,False
2020-07-07,2.238310695187166,SHIBOR_1W+利差调整,1.994494028520499,1.9193381951871653,0,水平代理；不能复现原偏离度,False
2020-07-07,2.238310695187166,SHIBOR_1W+利差调整,1.994494028520499,1.9193381951871653,0,水平代理；不能复现原偏离度,False
2020-07-08,2.2837390080428954,SHIBOR_1W+利差调整,1.9996890080428955,1.9218176747095623,0,水平代理；不能复现原偏离度,False
2020-07-08,2.2837390080428954,SHIBOR_1W+利差调整,1.9996890080428955,1.9218176747095626,0,水平代理；不能复现原偏离度,False
2020-07-09,2.338739008042896,SHIBOR_1W+利差调整,2.0077723413762287,1.9238688413762297,0,水平代理；不能复现原偏离度,False
2020-07-09,2.3387390080428956,SHIBOR_1W+利差调整,2.0077723413762287,1.9238688413762297,0,水平代理；不能复现原偏离度,False
2020-07-10,2.3497390080428957,SHIBOR_1W+利差调整,2.017289008042896,1.9259200080428955,0,水平代理；不能复现原偏离度,False
2020-07-10,2.3497390080428953,SHIBOR_1W+利差调整,2.0172890080428956,1.9259200080428955,0,水平代理；不能复现原偏离度,False
2020-07-13,2.347310695187166,SHIBOR_1W+利差调整,2.0259273618538325,1.927542861853833,0,水平代理；不能复现原偏离度,False
2020-07-13,2.347310695187166,SHIBOR_1W+利差调整,2.0259273618538325,1.927542861853833,0,水平代理；不能复现原偏离度,False
2020-07-14,2.2947390080428955,SHIBOR_1W+利差调整,2.033205674709562,1.9300223413762287,0,水平代理；不能复现原偏离度,False
2020-07-14,2.2947390080428955,SHIBOR_1W+利差调整,2.033205674709562,1.9300223413762287,0,水平代理；不能复现原偏离度,False
2020-07-15,2.2967390080428958,SHIBOR_1W+利差调整,2.040139008042895,1.930230674709562,0,水平代理；不能复现原偏离度,False
2020-07-15,2.2967390080428953,SHIBOR_1W+利差调整,2.040139008042895,1.930230674709562,0,水平代理；不能复现原偏离度,False
2020-07-16,2.3957390080428955,SHIBOR_1W+利差调整,2.050855674709562,1.9304390080428957,0,水平代理；不能复现原偏离度,False
2020-07-16,2.3957390080428955,SHIBOR_1W+利差调整,2.050855674709562,1.9304390080428955,0,水平代理；不能复现原偏离度,False
2020-07-17,2.373739008042896,SHIBOR_1W+利差调整,2.0617056747095623,1.9306473413762288,0,水平代理；不能复现原偏离度,False
2020-07-17,2.373739008042896,SHIBOR_1W+利差调整,2.0617056747095623,1.9306473413762288,0,水平代理；不能复现原偏离度,False
2020-07-20,2.3297390080428952,SHIBOR_1W+利差调整,2.070372341376229,1.9308556747095624,0,水平代理；不能复现原偏离度,False
2020-07-20,2.3297390080428952,SHIBOR_1W+利差调整,2.070372341376229,1.9308556747095622,0,水平代理；不能复现原偏离度,False
2020-07-21,2.2477390080428954,SHIBOR_1W+利差调整,2.0767556747095623,1.9310640080428956,0,水平代理；不能复现原偏离度,False
2020-07-21,2.2477390080428954,SHIBOR_1W+利差调整,2.0767556747095623,1.9310640080428954,0,水平代理；不能复现原偏离度,False
2020-07-22,2.1547390080428954,SHIBOR_1W+利差调整,2.082589008042896,1.9312723413762287,0,水平代理；不能复现原偏离度,False
2020-07-22,2.1547390080428954,SHIBOR_1W+利差调整,2.0825890080428957,1.9312723413762287,0,水平代理；不能复现原偏离度,False
2020-07-23,2.3533106951871656,SHIBOR_1W+利差调整,2.0893773618538325,1.9310523618538329,0,水平代理；不能复现原偏离度,False
2020-07-23,2.3533106951871656,SHIBOR_1W+利差调整,2.0893773618538325,1.9310523618538329,0,水平代理；不能复现原偏离度,False
2020-07-24,2.293739008042895,SHIBOR_1W+利差调整,2.0985890080428957,1.9316890080428957,0,水平代理；不能复现原偏离度,False
2020-07-24,2.293739008042895,SHIBOR_1W+利差调整,2.0985890080428953,1.9316890080428955,0,水平代理；不能复现原偏离度,False
2020-07-27,2.348739008042896,SHIBOR_1W+利差调整,2.106039008042896,1.9318973413762288,0,水平代理；不能复现原偏离度,False
2020-07-27,2.3487390080428954,SHIBOR_1W+利差调整,2.1060390080428957,1.9318973413762288,0,水平代理；不能复现原偏离度,False
2020-07-28,2.346739008042896,SHIBOR_1W+利差调整,2.1107223413762286,1.932105674709562,0,水平代理；不能复现原偏离度,False
2020-07-28,2.3467390080428956,SHIBOR_1W+利差调整,2.1107223413762286,1.932105674709562,0,水平代理；不能复现原偏离度,False
2020-07-29,2.320739008042896,SHIBOR_1W+利差调整,2.115872341376229,1.9322623413762288,0,水平代理；不能复现原偏离度,False
2020-07-29,2.3207390080428953,SHIBOR_1W+利差调整,2.115872341376229,1.9322623413762288,0,水平代理；不能复现原偏离度,False
2020-07-30,2.3297390080428952,SHIBOR_1W+利差调整,2.121622341376229,1.9324190080428956,0,水平代理；不能复现原偏离度,False
2020-07-30,2.3297390080428952,SHIBOR_1W+利差调整,2.121622341376229,1.9324190080428953,0,水平代理；不能复现原偏离度,False
2020-07-31,2.382739008042896,SHIBOR_1W+利差调整,2.128739008042895,1.932575674709562,0,水平代理；不能复现原偏离度,False
2020-07-31,2.3827390080428956,SHIBOR_1W+利差调整,2.128739008042895,1.932575674709562,0,水平代理；不能复现原偏离度,False
2020-08-03,2.189739008042896,SHIBOR_1W+利差调整,2.1381056747095624,1.9327323413762287,0,水平代理；不能复现原偏离度,False
2020-08-03,2.1897390080428956,SHIBOR_1W+利差调整,2.1381056747095624,1.9327323413762287,0,水平代理；不能复现原偏离度,False
2020-08-04,2.289481124497992,SHIBOR_1W+利差调整,2.1455811244979923,1.932631124497992,0,水平代理；不能复现原偏离度,False
2020-08-04,2.289481124497992,SHIBOR_1W+利差调整,2.1455811244979923,1.932631124497992,0,水平代理；不能复现原偏离度,False
2020-08-05,2.2087390080428952,SHIBOR_1W+利差调整,2.154072341376229,1.933045674709562,0,水平代理；不能复现原偏离度,False
2020-08-05,2.2087390080428952,SHIBOR_1W+利差调整,2.154072341376229,1.9330456747095621,0,水平代理；不能复现原偏离度,False
2020-08-06,2.2207390080428957,SHIBOR_1W+利差调整,2.1638890080428954,1.9332023413762287,0,水平代理；不能复现原偏离度,False
2020-08-06,2.2207390080428953,SHIBOR_1W+利差调整,2.1638890080428954,1.9332023413762287,0,水平代理；不能复现原偏离度,False
2020-08-07,2.3517390080428955,SHIBOR_1W+利差调整,2.175405674709562,1.9333590080428955,0,水平代理；不能复现原偏离度,False
2020-08-07,2.3517390080428955,SHIBOR_1W+利差调整,2.175405674709562,1.9333590080428955,0,水平代理；不能复现原偏离度,False
2020-08-10,2.3483106951871657,SHIBOR_1W+利差调整,2.1840606951871657,1.9330873618538325,0,水平代理；不能复现原偏离度,False
2020-08-10,2.3483106951871657,SHIBOR_1W+利差调整,2.1840606951871657,1.9330873618538325,0,水平代理；不能复现原偏离度,False
2020-08-11,2.3957390080428955,SHIBOR_1W+利差调整,2.195922341376229,1.933672341376229,0,水平代理；不能复现原偏离度,False
2020-08-11,2.3957390080428955,SHIBOR_1W+利差调整,2.195922341376229,1.933672341376229,0,水平代理；不能复现原偏离度,False
2020-08-12,2.3923106951871658,SHIBOR_1W+利差调整,2.2075773618538324,1.9333756951871657,0,水平代理；不能复现原偏离度,False
2020-08-12,2.3923106951871658,SHIBOR_1W+利差调整,2.2075773618538324,1.9333756951871657,0,水平代理；不能复现原偏离度,False
2020-08-13,2.3837390080428955,SHIBOR_1W+利差调整,2.2197223413762286,1.933935674709562,0,水平代理；不能复现原偏离度,False
2020-08-13,2.3837390080428955,SHIBOR_1W+利差调整,2.2197223413762286,1.933935674709562,0,水平代理；不能复现原偏离度,False
2020-08-14,2.3687390080428954,SHIBOR_1W+利差调整,2.230822341376229,1.9340673413762288,0,水平代理；不能复现原偏离度,False
2020-08-14,2.3687390080428954,SHIBOR_1W+利差调整,2.230822341376229,1.9340673413762286,0,水平代理；不能复现原偏离度,False
2020-08-17,2.3597390080428955,SHIBOR_1W+利差调整,2.2411223413762285,1.9341990080428957,0,水平代理；不能复现原偏离度,False
2020-08-17,2.3597390080428955,SHIBOR_1W+利差调整,2.2411223413762285,1.9341990080428955,0,水平代理；不能复现原偏离度,False
2020-08-18,2.336739008042896,SHIBOR_1W+利差调整,2.2478723413762287,1.934330674709562,0,水平代理；不能复现原偏离度,False
2020-08-18,2.3367390080428954,SHIBOR_1W+利差调整,2.2478723413762287,1.934330674709562,0,水平代理；不能复现原偏离度,False
2020-08-19,2.350739008042896,SHIBOR_1W+利差调整,2.252805674709562,1.9344623413762287,0,水平代理；不能复现原偏离度,False
2020-08-19,2.3507390080428956,SHIBOR_1W+利差调整,2.252805674709562,1.9344623413762287,0,水平代理；不能复现原偏离度,False
2020-08-20,2.3957390080428955,SHIBOR_1W+利差调整,2.2566556747095623,1.9345940080428956,0,水平代理；不能复现原偏离度,False
2020-08-20,2.3957390080428955,SHIBOR_1W+利差调整,2.2566556747095623,1.9345940080428954,0,水平代理；不能复现原偏离度,False
2020-08-21,2.426739008042895,SHIBOR_1W+利差调整,2.258339008042896,1.934725674709562,0,水平代理；不能复现原偏离度,False
2020-08-21,2.426739008042895,SHIBOR_1W+利差调整,2.2583390080428956,1.934725674709562,0,水平代理；不能复现原偏离度,False
2020-08-24,2.3767390080428954,SHIBOR_1W+利差调整,2.2596556747095624,1.934857341376229,0,水平代理；不能复现原偏离度,False
2020-08-24,2.3767390080428954,SHIBOR_1W+利差调整,2.2596556747095624,1.9348573413762287,0,水平代理；不能复现原偏离度,False
2020-08-25,2.3877390080428955,SHIBOR_1W+利差调整,2.264355674709562,1.9349890080428955,0,水平代理；不能复现原偏离度,False
2020-08-25,2.3877390080428955,SHIBOR_1W+利差调整,2.264355674709562,1.9349890080428953,0,水平代理；不能复现原偏离度,False
2020-08-26,2.3687390080428954,SHIBOR_1W+利差调整,2.273505674709562,1.9349918413762288,0,水平代理；不能复现原偏离度,False
2020-08-26,2.3687390080428954,SHIBOR_1W+利差调整,2.273505674709562,1.9349918413762286,0,水平代理；不能复现原偏离度,False
2020-08-27,2.328739008042896,SHIBOR_1W+利差调整,2.2770223413762287,1.9349946747095617,0,水平代理；不能复现原偏离度,False
2020-08-27,2.3287390080428954,SHIBOR_1W+利差调整,2.2770223413762287,1.9349946747095619,0,水平代理；不能复现原偏离度,False
2020-08-28,2.3817390080428957,SHIBOR_1W+利差调整,2.2809223413762285,1.9349975080428956,0,水平代理；不能复现原偏离度,False
2020-08-28,2.3817390080428953,SHIBOR_1W+利差调整,2.2809223413762285,1.9349975080428954,0,水平代理；不能复现原偏离度,False
2020-08-31,2.374739008042896,SHIBOR_1W+利差调整,2.2849390080428957,1.935000341376229,0,水平代理；不能复现原偏离度,False
2020-08-31,2.3747390080428956,SHIBOR_1W+利差调整,2.2849390080428953,1.9350003413762287,0,水平代理；不能复现原偏离度,False
2020-09-01,2.3577390080428957,SHIBOR_1W+利差调整,2.2894223413762287,1.935003174709562,0,水平代理；不能复现原偏离度,False
2020-09-01,2.3577390080428953,SHIBOR_1W+利差调整,2.2894223413762287,1.935003174709562,0,水平代理；不能复现原偏离度,False
2020-09-02,2.3477390080428955,SHIBOR_1W+利差调整,2.293655674709562,1.9350060080428952,0,水平代理；不能复现原偏离度,False
2020-09-02,2.3477390080428955,SHIBOR_1W+利差调整,2.293655674709562,1.9350060080428952,0,水平代理；不能复现原偏离度,False
2020-09-03,2.3437390080428955,SHIBOR_1W+利差调整,2.2972723413762286,1.9350088413762283,0,水平代理；不能复现原偏离度,False
2020-09-03,2.3437390080428955,SHIBOR_1W+利差调整,2.2972723413762286,1.9350088413762285,0,水平代理；不能复现原偏离度,False
2020-09-04,2.3577390080428957,SHIBOR_1W+利差调整,2.300439008042895,1.935011674709562,0,水平代理；不能复现原偏离度,False
2020-09-04,2.3577390080428953,SHIBOR_1W+利差调整,2.300439008042895,1.935011674709562,0,水平代理；不能复现原偏离度,False
2020-09-07,2.346739008042896,SHIBOR_1W+利差调整,2.3035056747095624,1.9350145080428955,0,水平代理；不能复现原偏离度,False
2020-09-07,2.3467390080428956,SHIBOR_1W+利差调整,2.3035056747095624,1.9350145080428953,0,水平代理；不能复现原偏离度,False
2020-09-08,2.3577390080428957,SHIBOR_1W+利差调整,2.3094390080428955,1.9350173413762288,0,水平代理；不能复现原偏离度,False
2020-09-08,2.3577390080428953,SHIBOR_1W+利差调整,2.3094390080428955,1.9350173413762286,0,水平代理；不能复现原偏离度,False
2020-09-09,2.3397390080428955,SHIBOR_1W+利差调整,2.314472341376229,1.9351045080428952,0,水平代理；不能复现原偏离度,False
2020-09-09,2.3397390080428955,SHIBOR_1W+利差调整,2.314472341376229,1.9351045080428952,0,水平代理；不能复现原偏离度,False
2020-09-10,2.2747390080428955,SHIBOR_1W+利差调整,2.315655674709562,1.935191674709562,0,水平代理；不能复现原偏离度,False
2020-09-10,2.2747390080428955,SHIBOR_1W+利差调整,2.315655674709562,1.935191674709562,0,水平代理；不能复现原偏离度,False
2020-09-11,2.308739008042896,SHIBOR_1W+利差调整,2.3166890080428955,1.9352788413762287,0,水平代理；不能复现原偏离度,False
2020-09-11,2.3087390080428953,SHIBOR_1W+利差调整,2.3166890080428955,1.9352788413762287,0,水平代理；不能复现原偏离度,False
2020-09-14,2.3077390080428954,SHIBOR_1W+利差调整,2.3169223413762285,1.9353660080428956,0,水平代理；不能复现原偏离度,False
2020-09-14,2.3077390080428954,SHIBOR_1W+利差调整,2.3169223413762285,1.9353660080428954,0,水平代理；不能复现原偏离度,False
2020-09-15,2.2797390080428954,SHIBOR_1W+利差调整,2.316639008042896,1.935453174709562,0,水平代理；不能复现原偏离度,False
2020-09-15,2.2797390080428954,SHIBOR_1W+利差调整,2.3166390080428956,1.935453174709562,0,水平代理；不能复现原偏离度,False
2020-09-16,2.3317390080428955,SHIBOR_1W+利差调整,2.3172223413762287,1.9355403413762289,0,水平代理；不能复现原偏离度,False
2020-09-16,2.3317390080428955,SHIBOR_1W+利差调整,2.3172223413762287,1.9355403413762287,0,水平代理；不能复现原偏离度,False
2020-09-17,2.3457390080428957,SHIBOR_1W+利差调整,2.3176556747095622,1.9356275080428955,0,水平代理；不能复现原偏离度,False
2020-09-17,2.3457390080428953,SHIBOR_1W+利差调整,2.3176556747095622,1.9356275080428955,0,水平代理；不能复现原偏离度,False
2020-09-18,2.3797390080428955,SHIBOR_1W+利差调整,2.318505674709562,1.9357146747095624,0,水平代理；不能复现原偏离度,False
2020-09-18,2.3797390080428955,SHIBOR_1W+利差调整,2.318505674709562,1.9357146747095622,0,水平代理；不能复现原偏离度,False
2020-09-21,2.4087390080428954,SHIBOR_1W+利差调整,2.3198556747095624,1.9358018413762288,0,水平代理；不能复现原偏离度,False
2020-09-21,2.4087390080428954,SHIBOR_1W+利差调整,2.3198556747095624,1.9358018413762288,0,水平代理；不能复现原偏离度,False
2020-09-22,2.4787390080428957,SHIBOR_1W+利差调整,2.321589008042895,1.9358890080428957,0,水平代理；不能复现原偏离度,False
2020-09-22,2.4787390080428953,SHIBOR_1W+利差调整,2.321589008042895,1.9358890080428954,0,水平代理；不能复现原偏离度,False
2020-09-23,2.2957390080428954,SHIBOR_1W+利差调整,2.3224890080428957,1.9359523413762287,0,水平代理；不能复现原偏离度,False
2020-09-23,2.2957390080428954,SHIBOR_1W+利差调整,2.3224890080428953,1.9359523413762287,0,水平代理；不能复现原偏离度,False
2020-09-24,2.2947390080428955,SHIBOR_1W+利差调整,2.324855674709562,1.9360156747095625,0,水平代理；不能复现原偏离度,False
2020-09-24,2.2947390080428955,SHIBOR_1W+利差调整,2.324855674709562,1.9360156747095623,0,水平代理；不能复现原偏离度,False
2020-09-25,2.1907390080428955,SHIBOR_1W+利差调整,2.325922341376229,1.936079008042896,0,水平代理；不能复现原偏离度,False
2020-09-25,2.1907390080428955,SHIBOR_1W+利差调整,2.325922341376229,1.9360790080428956,0,水平代理；不能复现原偏离度,False
2020-09-27,2.099739008042896,SHIBOR_1W+利差调整,2.328572341376229,1.9361423413762289,0,水平代理；不能复现原偏离度,False
2020-09-27,2.0997390080428957,SHIBOR_1W+利差调整,2.328572341376229,1.9361423413762289,0,水平代理；不能复现原偏离度,False
2020-09-28,2.564739008042896,SHIBOR_1W+利差调整,2.334005674709562,1.9362056747095624,0,水平代理；不能复现原偏离度,False
2020-09-28,2.5647390080428956,SHIBOR_1W+利差调整,2.334005674709562,1.9362056747095622,0,水平代理；不能复现原偏离度,False
2020-09-29,2.429739008042896,SHIBOR_1W+利差调整,2.336439008042895,1.936269008042896,0,水平代理；不能复现原偏离度,False
2020-09-29,2.429739008042896,SHIBOR_1W+利差调整,2.336439008042895,1.936269008042896,0,水平代理；不能复现原偏离度,False
2020-09-30,2.477481124497992,SHIBOR_1W+利差调整,2.3384977911646585,1.9360744578313247,0,水平代理；不能复现原偏离度,False
2020-09-30,2.477481124497992,SHIBOR_1W+利差调整,2.3384977911646585,1.9360744578313247,0,水平代理；不能复现原偏离度,False
2020-10-09,2.320739008042896,SHIBOR_1W+利差调整,2.338272341376229,1.9363956747095623,0,水平代理；不能复现原偏离度,False
2020-10-09,2.320739008042896,SHIBOR_1W+利差调整,2.338272341376229,1.9363956747095623,0,水平代理；不能复现原偏离度,False
2020-10-10,2.1753106951871657,SHIBOR_1W+利差调整,2.334977361853832,1.9360306951871653,0,水平代理；不能复现原偏离度,False
2020-10-10,2.1753106951871657,SHIBOR_1W+利差调整,2.334977361853832,1.9360306951871653,0,水平代理；不能复现原偏离度,False
2020-10-12,2.219739008042896,SHIBOR_1W+利差调整,2.334155674709562,1.936522341376229,0,水平代理；不能复现原偏离度,False
2020-10-12,2.219739008042896,SHIBOR_1W+利差调整,2.334155674709562,1.936522341376229,0,水平代理；不能复现原偏离度,False
2020-10-13,2.2387390080428955,SHIBOR_1W+利差调整,2.333189008042895,1.9367456747095624,0,水平代理；不能复现原偏离度,False
2020-10-13,2.2387390080428955,SHIBOR_1W+利差调整,2.333189008042895,1.9367456747095624,0,水平代理；不能复现原偏离度,False
2020-10-14,2.2827390080428955,SHIBOR_1W+利差调整,2.331305674709562,1.936969008042896,0,水平代理；不能复现原偏离度,False
2020-10-14,2.2827390080428955,SHIBOR_1W+利差调整,2.331305674709562,1.936969008042896,0,水平代理；不能复现原偏离度,False
2020-10-15,2.3373106951871656,SHIBOR_1W+利差调整,2.3302773618538324,1.9367640285204992,0,水平代理；不能复现原偏离度,False
2020-10-15,2.3373106951871656,SHIBOR_1W+利差调整,2.3302773618538324,1.9367640285204992,0,水平代理；不能复现原偏离度,False
2020-10-16,2.345739008042896,SHIBOR_1W+利差调整,2.330972341376229,1.9374156747095623,0,水平代理；不能复现原偏离度,False
2020-10-16,2.345739008042896,SHIBOR_1W+利差调整,2.330972341376229,1.9374156747095623,0,水平代理；不能复现原偏离度,False
2020-10-19,2.376757908847185,SHIBOR_1W+利差调整,2.3331412421805187,1.937657908847185,0,水平代理；不能复现原偏离度,False
2020-10-19,2.376757908847185,SHIBOR_1W+利差调整,2.3331412421805187,1.937657908847185,0,水平代理；不能复现原偏离度,False
2020-10-20,2.4077390080428955,SHIBOR_1W+利差调整,2.337339008042896,1.9378623413762288,0,水平代理；不能复现原偏离度,False
2020-10-20,2.4077390080428955,SHIBOR_1W+利差调整,2.337339008042896,1.9378623413762288,0,水平代理；不能复现原偏离度,False
2020-10-21,2.3533106951871656,SHIBOR_1W+利差调整,2.3369106951871657,1.9376573618538329,0,水平代理；不能复现原偏离度,False
2020-10-21,2.3533106951871656,SHIBOR_1W+利差调整,2.3369106951871657,1.9376573618538329,0,水平代理；不能复现原偏离度,False
2020-10-22,2.336739008042896,SHIBOR_1W+利差调整,2.338055674709562,1.9383090080428955,0,水平代理；不能复现原偏离度,False
2020-10-22,2.336739008042896,SHIBOR_1W+利差调整,2.338055674709562,1.9383090080428955,0,水平代理；不能复现原偏离度,False
2020-10-23,2.351310695187166,SHIBOR_1W+利差调整,2.337677361853833,1.9381040285205,0,水平代理；不能复现原偏离度,False
2020-10-23,2.351310695187166,SHIBOR_1W+利差调整,2.337677361853833,1.9381040285205,0,水平代理；不能复现原偏离度,False
2020-10-26,2.373739008042896,SHIBOR_1W+利差调整,2.338555674709562,1.938755674709562,0,水平代理；不能复现原偏离度,False
2020-10-26,2.373739008042896,SHIBOR_1W+利差调整,2.338555674709562,1.938755674709562,0,水平代理；不能复现原偏离度,False
2020-10-27,2.476310695187166,SHIBOR_1W+利差调整,2.3407273618538325,1.938370695187166,0,水平代理；不能复现原偏离度,False
2020-10-27,2.476310695187166,SHIBOR_1W+利差调整,2.3407273618538325,1.938370695187166,0,水平代理；不能复现原偏离度,False
2020-10-28,2.531739008042895,SHIBOR_1W+利差调整,2.3445223413762286,1.9388423413762288,0,水平代理；不能复现原偏离度,False
2020-10-28,2.531739008042895,SHIBOR_1W+利差调整,2.3445223413762286,1.9388423413762288,0,水平代理；不能复现原偏离度,False
2020-10-29,2.499310695187166,SHIBOR_1W+利差调整,2.3460440285205,1.9384573618538328,0,水平代理；不能复现原偏离度,False
2020-10-29,2.499310695187166,SHIBOR_1W+利差调整,2.3460440285205,1.9384573618538328,0,水平代理；不能复现原偏离度,False
2020-10-30,2.564739008042896,SHIBOR_1W+利差调整,2.3527223413762286,1.9389290080428956,0,水平代理；不能复现原偏离度,False
2020-10-30,2.5647390080428956,SHIBOR_1W+利差调整,2.3527223413762286,1.9389290080428954,0,水平代理；不能复现原偏离度,False
2020-11-02,2.6107390080428954,SHIBOR_1W+利差调整,2.358072341376229,1.9389723413762288,0,水平代理；不能复现原偏离度,False
2020-11-02,2.6107390080428954,SHIBOR_1W+利差调整,2.3580723413762286,1.9389723413762288,0,水平代理；不能复现原偏离度,False
2020-11-03,2.326739008042896,SHIBOR_1W+利差调整,2.3600390080428952,1.939015674709562,0,水平代理；不能复现原偏离度,False
2020-11-03,2.3267390080428956,SHIBOR_1W+利差调整,2.3600390080428952,1.939015674709562,0,水平代理；不能复现原偏离度,False
2020-11-04,2.2387390080428955,SHIBOR_1W+利差调整,2.360339008042895,1.9390590080428955,0,水平代理；不能复现原偏离度,False
2020-11-04,2.2387390080428955,SHIBOR_1W+利差调整,2.360339008042895,1.9390590080428953,0,水平代理；不能复现原偏离度,False
2020-11-05,2.217739008042896,SHIBOR_1W+利差调整,2.358105674709562,1.9391023413762287,0,水平代理；不能复现原偏离度,False
2020-11-05,2.2177390080428956,SHIBOR_1W+利差调整,2.358105674709562,1.9391023413762287,0,水平代理；不能复现原偏离度,False
2020-11-06,2.3617390080428957,SHIBOR_1W+利差调整,2.358322341376229,1.939145674709562,0,水平代理；不能复现原偏离度,False
2020-11-06,2.3617390080428953,SHIBOR_1W+利差调整,2.358322341376229,1.939145674709562,0,水平代理；不能复现原偏离度,False
2020-11-09,2.418739008042895,SHIBOR_1W+利差调整,2.358705674709562,1.9391890080428955,0,水平代理；不能复现原偏离度,False
2020-11-09,2.418739008042895,SHIBOR_1W+利差调整,2.358705674709562,1.9391890080428953,0,水平代理；不能复现原偏离度,False
2020-11-10,2.4157390080428955,SHIBOR_1W+利差调整,2.3590890080428952,1.939309174709562,0,水平代理；不能复现原偏离度,False
2020-11-10,2.4157390080428955,SHIBOR_1W+利差调整,2.3590890080428952,1.939309174709562,0,水平代理；不能复现原偏离度,False
2020-11-11,2.4527390080428955,SHIBOR_1W+利差调整,2.360239008042896,1.939429341376229,0,水平代理；不能复现原偏离度,False
2020-11-11,2.4527390080428955,SHIBOR_1W+利差调整,2.360239008042896,1.939429341376229,0,水平代理；不能复现原偏离度,False
2020-11-12,2.4813106951871657,SHIBOR_1W+利差调整,2.3616940285205,1.9391211951871656,0,水平代理；不能复现原偏离度,False
2020-11-12,2.4813106951871657,SHIBOR_1W+利差调整,2.3616940285205,1.9391211951871656,0,水平代理；不能复现原偏离度,False
2020-11-13,2.5797390080428952,SHIBOR_1W+利差调整,2.365789008042895,1.939669674709562,0,水平代理；不能复现原偏离度,False
2020-11-13,2.5797390080428952,SHIBOR_1W+利差调整,2.365789008042895,1.939669674709562,0,水平代理；不能复现原偏离度,False
2020-11-16,2.4853106951871657,SHIBOR_1W+利差调整,2.367844028520499,1.9393615285205,0,水平代理；不能复现原偏离度,False
2020-11-16,2.4853106951871657,SHIBOR_1W+利差调整,2.367844028520499,1.9393615285205,0,水平代理；不能复现原偏离度,False
2020-11-17,2.3847390080428954,SHIBOR_1W+利差调整,2.368839008042896,1.9399100080428957,0,水平代理；不能复现原偏离度,False
2020-11-17,2.3847390080428954,SHIBOR_1W+利差调整,2.3688390080428956,1.9399100080428955,0,水平代理；不能复现原偏离度,False
2020-11-18,2.3567390080428954,SHIBOR_1W+利差调整,2.368189008042896,1.940030174709562,0,水平代理；不能复现原偏离度,False
2020-11-18,2.3567390080428954,SHIBOR_1W+利差调整,2.3681890080428953,1.940030174709562,0,水平代理；不能复现原偏离度,False
2020-11-19,2.3777390080428957,SHIBOR_1W+利差调整,2.367372341376229,1.9401503413762289,0,水平代理；不能复现原偏离度,False
2020-11-19,2.3777390080428953,SHIBOR_1W+利差调整,2.367372341376229,1.9401503413762287,0,水平代理；不能复现原偏离度,False
2020-11-20,2.374739008042896,SHIBOR_1W+利差调整,2.3673390080428955,1.9402705080428957,0,水平代理；不能复现原偏离度,False
2020-11-20,2.3747390080428956,SHIBOR_1W+利差调整,2.3673390080428955,1.9402705080428955,0,水平代理；不能复现原偏离度,False
2020-11-23,2.3397390080428955,SHIBOR_1W+利差调整,2.366539008042895,1.940390674709562,0,水平代理；不能复现原偏离度,False
2020-11-23,2.3397390080428955,SHIBOR_1W+利差调整,2.366539008042895,1.940390674709562,0,水平代理；不能复现原偏离度,False
2020-11-24,2.378739008042896,SHIBOR_1W+利差调整,2.366705674709562,1.9406900080428957,0,水平代理；不能复现原偏离度,False
2020-11-24,2.3787390080428956,SHIBOR_1W+利差调整,2.366705674709562,1.9406900080428955,0,水平代理；不能复现原偏离度,False
2020-11-25,2.370739008042896,SHIBOR_1W+利差调整,2.367405674709562,1.940989341376229,0,水平代理；不能复现原偏离度,False
2020-11-25,2.3707390080428956,SHIBOR_1W+利差调整,2.367405674709562,1.940989341376229,0,水平代理；不能复现原偏离度,False
2020-11-26,2.4407390080428955,SHIBOR_1W+利差调整,2.368389008042896,1.941288674709562,0,水平代理；不能复现原偏离度,False
2020-11-26,2.4407390080428955,SHIBOR_1W+利差调整,2.3683890080428958,1.9412886747095621,0,水平代理；不能复现原偏离度,False
2020-11-27,2.4827390080428957,SHIBOR_1W+利差调整,2.370189008042896,1.941588008042896,0,水平代理；不能复现原偏离度,False
2020-11-27,2.4827390080428953,SHIBOR_1W+利差调整,2.3701890080428956,1.9415880080428956,0,水平代理；不能复现原偏离度,False
2020-11-30,2.5027390080428957,SHIBOR_1W+利差调整,2.372605674709562,1.9418873413762288,0,水平代理；不能复现原偏离度,False
2020-11-30,2.5027390080428953,SHIBOR_1W+利差调整,2.372605674709562,1.9418873413762288,0,水平代理；不能复现原偏离度,False
2020-12-01,2.1187390080428954,SHIBOR_1W+利差调整,2.3687890080428957,1.9421866747095624,0,水平代理；不能复现原偏离度,False
2020-12-01,2.1187390080428954,SHIBOR_1W+利差调整,2.3687890080428953,1.9421866747095622,0,水平代理；不能复现原偏离度,False
2020-12-02,2.071739008042896,SHIBOR_1W+利差调整,2.364255674709562,1.942486008042896,0,水平代理；不能复现原偏离度,False
2020-12-02,2.0717390080428957,SHIBOR_1W+利差调整,2.364255674709562,1.9424860080428956,0,水平代理；不能复现原偏离度,False
2020-12-03,2.2507390080428955,SHIBOR_1W+利差调整,2.3624723413762285,1.9427853413762288,0,水平代理；不能复现原偏离度,False
2020-12-03,2.2507390080428955,SHIBOR_1W+利差调整,2.3624723413762285,1.9427853413762288,0,水平代理；不能复现原偏离度,False
2020-12-04,2.2627390080428955,SHIBOR_1W+利差调整,2.3610723413762287,1.9430846747095625,0,水平代理；不能复现原偏离度,False
2020-12-04,2.2627390080428955,SHIBOR_1W+利差调整,2.3610723413762287,1.9430846747095623,0,水平代理；不能复现原偏离度,False
2020-12-07,2.265739008042896,SHIBOR_1W+利差调整,2.359539008042895,1.9433840080428957,0,水平代理；不能复现原偏离度,False
2020-12-07,2.2657390080428956,SHIBOR_1W+利差调整,2.359539008042895,1.9433840080428955,0,水平代理；不能复现原偏离度,False
2020-12-08,2.2477390080428954,SHIBOR_1W+利差调整,2.358005674709562,1.9435328413762287,0,水平代理；不能复现原偏离度,False
2020-12-08,2.2477390080428954,SHIBOR_1W+利差调整,2.358005674709562,1.9435328413762287,0,水平代理；不能复现原偏离度,False
2020-12-09,2.2207390080428957,SHIBOR_1W+利差调整,2.3571056747095627,1.9436816747095624,0,水平代理；不能复现原偏离度,False
2020-12-09,2.2207390080428953,SHIBOR_1W+利差调整,2.3571056747095627,1.9436816747095622,0,水平代理；不能复现原偏离度,False
2020-12-10,2.209739008042896,SHIBOR_1W+利差调整,2.3554556747095616,1.9438305080428957,0,水平代理；不能复现原偏离度,False
2020-12-10,2.2097390080428956,SHIBOR_1W+利差调整,2.3554556747095616,1.9438305080428955,0,水平代理；不能复现原偏离度,False
2020-12-11,2.324739008042896,SHIBOR_1W+利差调整,2.3557390080428955,1.9439793413762287,0,水平代理；不能复现原偏离度,False
2020-12-11,2.3247390080428953,SHIBOR_1W+利差调整,2.3557390080428955,1.9439793413762287,0,水平代理；不能复现原偏离度,False
2020-12-14,2.289739008042895,SHIBOR_1W+利差调整,2.355905674709562,1.944128174709562,0,水平代理；不能复现原偏离度,False
2020-12-14,2.289739008042895,SHIBOR_1W+利差调整,2.355905674709562,1.944128174709562,0,水平代理；不能复现原偏离度,False
2020-12-15,2.2087390080428952,SHIBOR_1W+利差调整,2.3538556747095623,1.9442770080428955,0,水平代理；不能复现原偏离度,False
2020-12-15,2.2087390080428952,SHIBOR_1W+利差调整,2.3538556747095623,1.9442770080428955,0,水平代理；不能复现原偏离度,False
2020-12-16,1.9617390080428956,SHIBOR_1W+利差调整,2.347455674709562,1.9444258413762288,0,水平代理；不能复现原偏离度,False
2020-12-16,1.9617390080428954,SHIBOR_1W+利差调整,2.347455674709562,1.9444258413762288,0,水平代理；不能复现原偏离度,False
2020-12-17,2.107739008042896,SHIBOR_1W+利差调整,2.342922341376229,1.944574674709562,0,水平代理；不能复现原偏离度,False
2020-12-17,2.1077390080428957,SHIBOR_1W+利差调整,2.342922341376229,1.944574674709562,0,水平代理；不能复现原偏离度,False
2020-12-18,2.2947390080428955,SHIBOR_1W+利差调整,2.3410223413762288,1.9447235080428955,0,水平代理；不能复现原偏离度,False
2020-12-18,2.2947390080428955,SHIBOR_1W+利差调整,2.3410223413762288,1.9447235080428955,0,水平代理；不能复现原偏离度,False
2020-12-21,2.1967390080428952,SHIBOR_1W+利差调整,2.336322341376229,1.9448723413762288,0,水平代理；不能复现原偏离度,False
2020-12-21,2.1967390080428952,SHIBOR_1W+利差调整,2.336322341376229,1.9448723413762288,0,水平代理；不能复现原偏离度,False
2020-12-22,2.207739008042896,SHIBOR_1W+利差调整,2.3348556747095626,1.9449823413762288,0,水平代理；不能复现原偏离度,False
2020-12-22,2.2077390080428954,SHIBOR_1W+利差调整,2.3348556747095626,1.9449823413762288,0,水平代理；不能复现原偏离度,False
2020-12-23,2.2107390080428955,SHIBOR_1W+利差调整,2.333455674709562,1.9450923413762289,0,水平代理；不能复现原偏离度,False
2020-12-23,2.2107390080428955,SHIBOR_1W+利差调整,2.333455674709562,1.9450923413762289,0,水平代理；不能复现原偏离度,False
2020-12-24,1.9207390080428957,SHIBOR_1W+利差调整,2.328955674709562,1.9452023413762287,0,水平代理；不能复现原偏离度,False
2020-12-24,1.9207390080428954,SHIBOR_1W+利差调整,2.328955674709562,1.9452023413762287,0,水平代理；不能复现原偏离度,False
2020-12-25,2.297739008042895,SHIBOR_1W+利差调整,2.3322556747095624,1.9453123413762288,0,水平代理；不能复现原偏离度,False
2020-12-25,2.297739008042895,SHIBOR_1W+利差调整,2.3322556747095624,1.9453123413762288,0,水平代理；不能复现原偏离度,False
2020-12-28,2.2797390080428954,SHIBOR_1W+利差调整,2.3275056747095624,1.9454223413762288,0,水平代理；不能复现原偏离度,False
2020-12-28,2.2797390080428954,SHIBOR_1W+利差调整,2.3275056747095624,1.9454223413762288,0,水平代理；不能复现原偏离度,False
2020-12-29,2.410739008042895,SHIBOR_1W+利差调整,2.3271890080428954,1.9455323413762289,0,水平代理；不能复现原偏离度,False
2020-12-29,2.410739008042895,SHIBOR_1W+利差调整,2.3271890080428954,1.9455323413762289,0,水平代理；不能复现原偏离度,False
2020-12-30,2.4543106951871656,SHIBOR_1W+利差调整,2.326377361853832,1.945214028520499,0,水平代理；不能复现原偏离度,False
2020-12-30,2.4543106951871656,SHIBOR_1W+利差调整,2.326377361853832,1.945214028520499,0,水平代理；不能复现原偏离度,False
2020-12-31,2.527739008042895,SHIBOR_1W+利差调整,2.330255674709562,1.9457523413762288,0,水平代理；不能复现原偏离度,False
2020-12-31,2.527739008042895,SHIBOR_1W+利差调整,2.330255674709562,1.9457523413762288,0,水平代理；不能复现原偏离度,False
2021-01-04,2.139739008042896,SHIBOR_1W+利差调整,2.3296556747095623,1.9458623413762288,0,水平代理；不能复现原偏离度,False
2021-01-04,2.1397390080428957,SHIBOR_1W+利差调整,2.3296556747095623,1.9458623413762288,0,水平代理；不能复现原偏离度,False
2021-01-05,1.968739008042896,SHIBOR_1W+利差调整,2.3254723413762286,1.9459723413762289,0,水平代理；不能复现原偏离度,False
2021-01-05,1.968739008042896,SHIBOR_1W+利差调整,2.3254723413762286,1.9459723413762289,0,水平代理；不能复现原偏离度,False
2021-01-06,2.112739008042896,SHIBOR_1W+利差调整,2.3233723413762286,1.9460951747095625,0,水平代理；不能复现原偏离度,False
2021-01-06,2.1127390080428956,SHIBOR_1W+利差调整,2.3233723413762286,1.9460951747095623,0,水平代理；不能复现原偏离度,False
2021-01-07,2.0017390080428954,SHIBOR_1W+利差调整,2.3186890080428952,1.9462180080428957,0,水平代理；不能复现原偏离度,False
2021-01-07,2.0017390080428954,SHIBOR_1W+利差调整,2.3186890080428952,1.9462180080428955,0,水平代理；不能复现原偏离度,False
2021-01-08,2.2877390080428954,SHIBOR_1W+利差调整,2.317855674709562,1.9463408413762289,0,水平代理；不能复现原偏离度,False
2021-01-08,2.2877390080428954,SHIBOR_1W+利差调整,2.317855674709562,1.9463408413762289,0,水平代理；不能复现原偏离度,False
2021-01-11,2.2947390080428955,SHIBOR_1W+利差调整,2.317005674709562,1.9464636747095625,0,水平代理；不能复现原偏离度,False
2021-01-11,2.2947390080428955,SHIBOR_1W+利差调整,2.317005674709562,1.9464636747095623,0,水平代理；不能复现原偏离度,False
2021-01-12,2.131739008042896,SHIBOR_1W+利差调整,2.3129223413762285,1.9465865080428957,0,水平代理；不能复现原偏离度,False
2021-01-12,2.1317390080428957,SHIBOR_1W+利差调整,2.3129223413762285,1.9465865080428955,0,水平代理；不能复现原偏离度,False
2021-01-13,2.1457390080428955,SHIBOR_1W+利差调整,2.308555674709562,1.9467093413762289,0,水平代理；不能复现原偏离度,False
2021-01-13,2.1457390080428955,SHIBOR_1W+利差调整,2.308555674709562,1.9467093413762289,0,水平代理；不能复现原偏离度,False
2021-01-14,2.1597390080428958,SHIBOR_1W+利差调整,2.3053223413762285,1.946832174709562,0,水平代理；不能复现原偏离度,False
2021-01-14,2.1597390080428953,SHIBOR_1W+利差调整,2.3053223413762285,1.946832174709562,0,水平代理；不能复现原偏离度,False
2021-01-15,2.2707390080428955,SHIBOR_1W+利差调整,2.304222341376229,1.946955008042896,0,水平代理；不能复现原偏离度,False
2021-01-15,2.2707390080428955,SHIBOR_1W+利差调整,2.304222341376229,1.946955008042896,0,水平代理；不能复现原偏离度,False
2021-01-18,2.323310695187166,SHIBOR_1W+利差调整,2.303327361853832,1.946649528520499,0,水平代理；不能复现原偏离度,False
2021-01-18,2.323310695187166,SHIBOR_1W+利差调整,2.303327361853832,1.946649528520499,0,水平代理；不能复现原偏离度,False
2021-01-19,2.413739008042896,SHIBOR_1W+利差调整,2.304422341376229,1.947200674709562,0,水平代理；不能复现原偏离度,False
2021-01-19,2.413739008042896,SHIBOR_1W+利差调整,2.304422341376229,1.947200674709562,0,水平代理；不能复现原偏离度,False
2021-01-20,2.6397390080428957,SHIBOR_1W+利差调整,2.3071390080428955,1.9474895080428956,0,水平代理；不能复现原偏离度,False
2021-01-20,2.6397390080428953,SHIBOR_1W+利差调整,2.3071390080428955,1.9474895080428953,0,水平代理；不能复现原偏离度,False
2021-01-21,2.5057390080428954,SHIBOR_1W+利差调整,2.306705674709562,1.9477783413762289,0,水平代理；不能复现原偏离度,False
2021-01-21,2.5057390080428954,SHIBOR_1W+利差调整,2.306705674709562,1.9477783413762289,0,水平代理；不能复现原偏离度,False
2021-01-22,2.4177390080428958,SHIBOR_1W+利差调整,2.3053390080428957,1.948067174709562,0,水平代理；不能复现原偏离度,False
2021-01-22,2.4177390080428953,SHIBOR_1W+利差调整,2.3053390080428953,1.9480671747095621,0,水平代理；不能复现原偏离度,False
2021-01-25,2.4427390080428952,SHIBOR_1W+利差调整,2.303305674709562,1.9483560080428957,0,水平代理；不能复现原偏离度,False
2021-01-25,2.4427390080428952,SHIBOR_1W+利差调整,2.303305674709562,1.9483560080428954,0,水平代理；不能复现原偏离度,False
2021-01-26,2.874310695187166,SHIBOR_1W+利差调整,2.3072773618538323,1.948216528520499,0,水平代理；不能复现原偏离度,False
2021-01-26,2.874310695187166,SHIBOR_1W+利差调整,2.3072773618538323,1.948216528520499,0,水平代理；不能复现原偏离度,False
2021-01-27,3.1157390080428957,SHIBOR_1W+利差调整,2.3208556747095623,1.948933674709562,0,水平代理；不能复现原偏离度,False
2021-01-27,3.1157390080428953,SHIBOR_1W+利差调整,2.3208556747095623,1.948933674709562,0,水平代理；不能复现原偏离度,False
2021-01-28,3.1273106951871656,SHIBOR_1W+利差调整,2.335244028520499,1.948794195187166,0,水平代理；不能复现原偏离度,False
2021-01-28,3.1273106951871656,SHIBOR_1W+利差调整,2.335244028520499,1.948794195187166,0,水平代理；不能复现原偏离度,False
2021-01-29,3.217739008042896,SHIBOR_1W+利差调整,2.3523390080428954,1.9495113413762288,0,水平代理；不能复现原偏离度,False
2021-01-29,3.217739008042896,SHIBOR_1W+利差调整,2.3523390080428954,1.9495113413762288,0,水平代理；不能复现原偏离度,False
2021-02-01,3.340739008042896,SHIBOR_1W+利差调整,2.3686556747095624,1.949800174709562,0,水平代理；不能复现原偏离度,False
2021-02-01,3.340739008042896,SHIBOR_1W+利差调整,2.3686556747095624,1.949800174709562,0,水平代理；不能复现原偏离度,False
2021-02-02,2.3877390080428955,SHIBOR_1W+利差调整,2.3681390080428955,1.950089008042896,0,水平代理；不能复现原偏离度,False
2021-02-02,2.3877390080428955,SHIBOR_1W+利差调整,2.3681390080428955,1.950089008042896,0,水平代理；不能复现原偏离度,False
2021-02-03,2.2923106951871657,SHIBOR_1W+利差调整,2.3656606951871657,1.9499190285205,0,水平代理；不能复现原偏离度,False
2021-02-03,2.2923106951871657,SHIBOR_1W+利差调整,2.3656606951871657,1.9499190285205,0,水平代理；不能复现原偏离度,False
2021-02-04,2.470739008042896,SHIBOR_1W+利差调整,2.366389008042895,1.950605674709562,0,水平代理；不能复现原偏离度,False
2021-02-04,2.470739008042896,SHIBOR_1W+利差调整,2.366389008042895,1.950605674709562,0,水平代理；不能复现原偏离度,False
2021-02-05,2.4847390080428955,SHIBOR_1W+利差调整,2.3664390080428954,1.950864008042896,0,水平代理；不能复现原偏离度,False
2021-02-05,2.4847390080428955,SHIBOR_1W+利差调整,2.3664390080428954,1.950864008042896,0,水平代理；不能复现原偏离度,False
2021-02-07,2.495739008042896,SHIBOR_1W+利差调整,2.365039008042896,1.9511223413762289,0,水平代理；不能复现原偏离度,False
2021-02-07,2.495739008042896,SHIBOR_1W+利差调整,2.365039008042896,1.9511223413762289,0,水平代理；不能复现原偏离度,False
2021-02-08,2.487310695187166,SHIBOR_1W+利差调整,2.364644028520499,1.9509523618538325,0,水平代理；不能复现原偏离度,False
2021-02-08,2.487310695187166,SHIBOR_1W+利差调整,2.364644028520499,1.9509523618538325,0,水平代理；不能复现原偏离度,False
2021-02-09,2.5717390080428952,SHIBOR_1W+利差调整,2.368189008042896,1.951639008042896,0,水平代理；不能复现原偏离度,False
2021-02-09,2.5717390080428952,SHIBOR_1W+利差调整,2.368189008042896,1.951639008042896,0,水平代理；不能复现原偏离度,False
2021-02-10,2.3637390080428955,SHIBOR_1W+利差调整,2.368305674709562,1.9518973413762288,0,水平代理；不能复现原偏离度,False
2021-02-10,2.3637390080428955,SHIBOR_1W+利差调整,2.368305674709562,1.9518973413762288,0,水平代理；不能复现原偏离度,False
2021-02-18,2.3597390080428955,SHIBOR_1W+利差调整,2.368005674709562,1.952155674709562,0,水平代理；不能复现原偏离度,False
2021-02-18,2.3597390080428955,SHIBOR_1W+利差调整,2.368005674709562,1.952155674709562,0,水平代理；不能复现原偏离度,False
2021-02-19,2.197739008042896,SHIBOR_1W+利差调整,2.365055674709562,1.9524140080428956,0,水平代理；不能复现原偏离度,False
2021-02-19,2.1977390080428956,SHIBOR_1W+利差调整,2.365055674709562,1.9524140080428953,0,水平代理；不能复现原偏离度,False
2021-02-20,2.1107390080428954,SHIBOR_1W+利差调整,2.361239008042895,1.9526723413762288,0,水平代理；不能复现原偏离度,False
2021-02-20,2.1107390080428954,SHIBOR_1W+利差调整,2.361239008042895,1.9526723413762286,0,水平代理；不能复现原偏离度,False
2021-02-22,2.352739008042896,SHIBOR_1W+利差调整,2.360805674709562,1.9528140080428955,0,水平代理；不能复现原偏离度,False
2021-02-22,2.3527390080428954,SHIBOR_1W+利差调整,2.360805674709562,1.9528140080428953,0,水平代理；不能复现原偏离度,False
2021-02-23,2.4237390080428955,SHIBOR_1W+利差调整,2.3616890080428954,1.952955674709562,0,水平代理；不能复现原偏离度,False
2021-02-23,2.4237390080428955,SHIBOR_1W+利差调整,2.3616890080428954,1.952955674709562,0,水平代理；不能复现原偏离度,False
2021-02-24,2.2603106951871657,SHIBOR_1W+利差调整,2.3582606951871656,1.9526690285204995,0,水平代理；不能复现原偏离度,False
2021-02-24,2.2603106951871657,SHIBOR_1W+利差调整,2.3582606951871656,1.9526690285204995,0,水平代理；不能复现原偏离度,False
2021-02-25,2.361739008042896,SHIBOR_1W+利差调整,2.3566723413762287,1.953239008042896,0,水平代理；不能复现原偏离度,False
2021-02-25,2.361739008042896,SHIBOR_1W+利差调整,2.3566723413762287,1.953239008042896,0,水平代理；不能复现原偏离度,False
2021-02-26,2.3603106951871657,SHIBOR_1W+利差调整,2.3538773618538325,1.9529523618538325,0,水平代理；不能复现原偏离度,False
2021-02-26,2.3603106951871657,SHIBOR_1W+利差调整,2.3538773618538325,1.9529523618538325,0,水平代理；不能复现原偏离度,False
2021-03-01,2.362739008042896,SHIBOR_1W+利差调整,2.358372341376229,1.9535223413762288,0,水平代理；不能复现原偏离度,False
2021-03-01,2.362739008042896,SHIBOR_1W+利差调整,2.358372341376229,1.9535223413762288,0,水平代理；不能复现原偏离度,False
2021-03-02,2.303481124497992,SHIBOR_1W+利差调整,2.3619811244979925,1.953406124497992,0,水平代理；不能复现原偏离度,False
2021-03-02,2.303481124497992,SHIBOR_1W+利差调整,2.3619811244979925,1.953406124497992,0,水平代理；不能复现原偏离度,False
2021-03-03,2.0367390080428955,SHIBOR_1W+利差调整,2.3586723413762285,1.953805674709562,0,水平代理；不能复现原偏离度,False
2021-03-03,2.0367390080428955,SHIBOR_1W+利差调整,2.3586723413762285,1.953805674709562,0,水平代理；不能复现原偏离度,False
2021-03-04,2.307310695187166,SHIBOR_1W+利差调整,2.3589940285205,1.9535190285204995,0,水平代理；不能复现原偏离度,False
2021-03-04,2.307310695187166,SHIBOR_1W+利差调整,2.3589940285205,1.9535190285204995,0,水平代理；不能复现原偏离度,False
2021-03-05,2.1457390080428955,SHIBOR_1W+利差调整,2.3574223413762287,1.954089008042896,0,水平代理；不能复现原偏离度,False
2021-03-05,2.1457390080428955,SHIBOR_1W+利差调整,2.3574223413762287,1.954089008042896,0,水平代理；不能复现原偏离度,False
2021-03-08,2.290310695187166,SHIBOR_1W+利差调整,2.3577106951871656,1.953832361853833,0,水平代理；不能复现原偏离度,False
2021-03-08,2.290310695187166,SHIBOR_1W+利差调整,2.3577106951871656,1.953832361853833,0,水平代理；不能复现原偏离度,False
2021-03-09,2.213739008042896,SHIBOR_1W+利差调整,2.358022341376228,1.9544323413762288,0,水平代理；不能复现原偏离度,False
2021-03-09,2.213739008042896,SHIBOR_1W+利差调整,2.358022341376228,1.9544323413762288,0,水平代理；不能复现原偏离度,False
2021-03-10,2.1847390080428952,SHIBOR_1W+利差调整,2.357605674709562,1.9546040080428957,0,水平代理；不能复现原偏离度,False
2021-03-10,2.1847390080428952,SHIBOR_1W+利差调整,2.357605674709562,1.9546040080428955,0,水平代理；不能复现原偏离度,False
2021-03-11,2.2067390080428955,SHIBOR_1W+利差调整,2.3556390080428957,1.954775674709562,0,水平代理；不能复现原偏离度,False
2021-03-11,2.2067390080428955,SHIBOR_1W+利差调整,2.3556390080428953,1.9547756747095621,0,水平代理；不能复现原偏离度,False
2021-03-12,2.2807390080428958,SHIBOR_1W+利差调整,2.355489008042896,1.9549473413762288,0,水平代理；不能复现原偏离度,False
2021-03-12,2.2807390080428953,SHIBOR_1W+利差调整,2.3554890080428956,1.9549473413762288,0,水平代理；不能复现原偏离度,False
2021-03-15,2.4217390080428958,SHIBOR_1W+利差调整,2.359039008042896,1.9551190080428955,0,水平代理；不能复现原偏离度,False
2021-03-15,2.4217390080428953,SHIBOR_1W+利差调整,2.359039008042896,1.9551190080428955,0,水平代理；不能复现原偏离度,False
2021-03-16,2.3757390080428955,SHIBOR_1W+利差调整,2.365939008042896,1.9552906747095624,0,水平代理；不能复现原偏离度,False
2021-03-16,2.3757390080428955,SHIBOR_1W+利差调整,2.3659390080428957,1.9552906747095622,0,水平代理；不能复现原偏离度,False
2021-03-17,2.3137390080428952,SHIBOR_1W+利差调整,2.369372341376229,1.9554623413762289,0,水平代理；不能复现原偏离度,False
2021-03-17,2.3137390080428952,SHIBOR_1W+利差调整,2.369372341376229,1.9554623413762289,0,水平代理；不能复现原偏离度,False
2021-03-18,2.3437390080428955,SHIBOR_1W+利差调整,2.370189008042895,1.955634008042896,0,水平代理；不能复现原偏离度,False
2021-03-18,2.3437390080428955,SHIBOR_1W+利差调整,2.370189008042895,1.9556340080428956,0,水平代理；不能复现原偏离度,False
2021-03-19,2.345739008042896,SHIBOR_1W+利差调整,2.3726723413762287,1.9558056747095625,0,水平代理；不能复现原偏离度,False
2021-03-19,2.345739008042896,SHIBOR_1W+利差调整,2.3726723413762287,1.9558056747095625,0,水平代理；不能复现原偏离度,False
2021-03-22,2.3097390080428952,SHIBOR_1W+利差调整,2.3743723413762288,1.9558376747095625,0,水平代理；不能复现原偏离度,False
2021-03-22,2.3097390080428952,SHIBOR_1W+利差调整,2.3743723413762288,1.9558376747095623,0,水平代理；不能复现原偏离度,False
2021-03-23,2.314739008042896,SHIBOR_1W+利差调整,2.3761056747095624,1.955869674709562,0,水平代理；不能复现原偏离度,False
2021-03-23,2.3147390080428956,SHIBOR_1W+利差调整,2.3761056747095624,1.955869674709562,0,水平代理；不能复现原偏离度,False
2021-03-24,2.1387390080428954,SHIBOR_1W+利差调整,2.3797390080428955,1.955901674709562,0,水平代理；不能复现原偏离度,False
2021-03-24,2.1387390080428954,SHIBOR_1W+利差调整,2.3797390080428955,1.955901674709562,0,水平代理；不能复现原偏离度,False
2021-03-25,2.340739008042896,SHIBOR_1W+利差调整,2.380455674709562,1.955933674709562,0,水平代理；不能复现原偏离度,False
2021-03-25,2.3407390080428954,SHIBOR_1W+利差调整,2.380455674709562,1.9559336747095621,0,水平代理；不能复现原偏离度,False
2021-03-26,2.3197390080428955,SHIBOR_1W+利差调整,2.3811223413762286,1.955965674709562,0,水平代理；不能复现原偏离度,False
2021-03-26,2.3197390080428955,SHIBOR_1W+利差调整,2.3811223413762286,1.955965674709562,0,水平代理；不能复现原偏离度,False
2021-03-29,2.304739008042896,SHIBOR_1W+利差调整,2.3793556747095623,1.955997674709562,0,水平代理；不能复现原偏离度,False
2021-03-29,2.304739008042896,SHIBOR_1W+利差调整,2.3793556747095623,1.955997674709562,0,水平代理；不能复现原偏离度,False
2021-03-30,2.382739008042896,SHIBOR_1W+利差调整,2.378155674709562,1.956029674709562,0,水平代理；不能复现原偏离度,False
2021-03-30,2.3827390080428956,SHIBOR_1W+利差调整,2.378155674709562,1.956029674709562,0,水平代理；不能复现原偏离度,False
2021-03-31,2.397739008042896,SHIBOR_1W+利差调整,2.375989008042895,1.956061674709562,0,水平代理；不能复现原偏离度,False
2021-03-31,2.397739008042896,SHIBOR_1W+利差调整,2.375989008042895,1.956061674709562,0,水平代理；不能复现原偏离度,False
2021-04-01,2.301739008042895,SHIBOR_1W+利差调整,2.378689008042896,1.9560936747095616,0,水平代理；不能复现原偏离度,False
2021-04-01,2.301739008042895,SHIBOR_1W+利差调整,2.3786890080428957,1.9560936747095619,0,水平代理；不能复现原偏离度,False
2021-04-02,2.2917390080428954,SHIBOR_1W+利差调整,2.3840723413762293,1.956125674709562,0,水平代理；不能复现原偏离度,False
2021-04-02,2.2917390080428954,SHIBOR_1W+利差调整,2.3840723413762293,1.956125674709562,0,水平代理；不能复现原偏离度,False
2021-04-06,2.1913106951871657,SHIBOR_1W+利差调整,2.384960695187166,1.956068695187166,0,水平代理；不能复现原偏离度,False
2021-04-06,2.1913106951871657,SHIBOR_1W+利差调整,2.384960695187166,1.956068695187166,0,水平代理；不能复现原偏离度,False
2021-04-07,2.0857390080428955,SHIBOR_1W+利差调整,2.3867890080428955,1.956868341376229,0,水平代理；不能复现原偏离度,False
2021-04-07,2.0857390080428955,SHIBOR_1W+利差调整,2.3867890080428955,1.956868341376229,0,水平代理；不能复现原偏离度,False
2021-04-08,2.160739008042895,SHIBOR_1W+利差调整,2.3846723413762287,1.957239674709562,0,水平代理；不能复现原偏离度,False
2021-04-08,2.160739008042895,SHIBOR_1W+利差调整,2.3846723413762287,1.957239674709562,0,水平代理；不能复现原偏离度,False
2021-04-09,2.2007390080428952,SHIBOR_1W+利差调整,2.383105674709562,1.957611008042896,0,水平代理；不能复现原偏离度,False
2021-04-09,2.2007390080428952,SHIBOR_1W+利差调整,2.383105674709562,1.957611008042896,0,水平代理；不能复现原偏离度,False
2021-04-12,2.1967390080428952,SHIBOR_1W+利差调整,2.384189008042896,1.9579823413762285,0,水平代理；不能复现原偏离度,False
2021-04-12,2.1967390080428952,SHIBOR_1W+利差调整,2.3841890080428954,1.9579823413762285,0,水平代理；不能复现原偏离度,False
2021-04-13,2.207739008042896,SHIBOR_1W+利差调整,2.3852223413762283,1.958353674709562,0,水平代理；不能复现原偏离度,False
2021-04-13,2.2077390080428954,SHIBOR_1W+利差调整,2.3852223413762283,1.958353674709562,0,水平代理；不能复现原偏离度,False
2021-04-14,2.209739008042896,SHIBOR_1W+利差调整,2.386055674709562,1.9587250080428955,0,水平代理；不能复现原偏离度,False
2021-04-14,2.2097390080428956,SHIBOR_1W+利差调整,2.386055674709562,1.9587250080428955,0,水平代理；不能复现原偏离度,False
2021-04-15,2.2047390080428952,SHIBOR_1W+利差调整,2.384955674709562,1.9590963413762288,0,水平代理；不能复现原偏离度,False
2021-04-15,2.2047390080428952,SHIBOR_1W+利差调整,2.384955674709562,1.9590963413762288,0,水平代理；不能复现原偏离度,False
2021-04-16,2.3457390080428957,SHIBOR_1W+利差调整,2.385322341376229,1.959467674709562,0,水平代理；不能复现原偏离度,False
2021-04-16,2.3457390080428953,SHIBOR_1W+利差调整,2.385322341376229,1.959467674709562,0,水平代理；不能复现原偏离度,False
2021-04-19,2.3727390080428954,SHIBOR_1W+利差调整,2.384639008042896,1.9598390080428956,0,水平代理；不能复现原偏离度,False
2021-04-19,2.3727390080428954,SHIBOR_1W+利差调整,2.3846390080428956,1.9598390080428953,0,水平代理；不能复现原偏离度,False
2021-04-20,2.342739008042896,SHIBOR_1W+利差调整,2.379689008042895,1.9599490080428956,0,水平代理；不能复现原偏离度,False
2021-04-20,2.3427390080428956,SHIBOR_1W+利差调整,2.379689008042895,1.9599490080428954,0,水平代理；不能复现原偏离度,False
2021-04-21,2.2797390080428954,SHIBOR_1W+利差调整,2.3759223413762287,1.960059008042896,0,水平代理；不能复现原偏离度,False
2021-04-21,2.2797390080428954,SHIBOR_1W+利差调整,2.3759223413762287,1.960059008042896,0,水平代理；不能复现原偏离度,False
2021-04-22,2.2963106951871657,SHIBOR_1W+利差调整,2.373477361853832,1.9597406951871656,0,水平代理；不能复现原偏离度,False
2021-04-22,2.2963106951871657,SHIBOR_1W+利差调整,2.373477361853832,1.9597406951871656,0,水平代理；不能复现原偏离度,False
2021-04-23,2.285739008042895,SHIBOR_1W+利差调整,2.371289008042896,1.960279008042896,0,水平代理；不能复现原偏离度,False
2021-04-23,2.285739008042895,SHIBOR_1W+利差调整,2.371289008042896,1.960279008042896,0,水平代理；不能复现原偏离度,False
2021-04-25,2.346739008042896,SHIBOR_1W+利差调整,2.3624890080428957,1.9603890080428956,0,水平代理；不能复现原偏离度,False
2021-04-25,2.3467390080428956,SHIBOR_1W+利差调整,2.3624890080428953,1.9603890080428954,0,水平代理；不能复现原偏离度,False
2021-04-26,2.3927390080428954,SHIBOR_1W+利差调整,2.3504390080428954,1.960499008042896,0,水平代理；不能复现原偏离度,False
2021-04-26,2.3927390080428954,SHIBOR_1W+利差调整,2.3504390080428954,1.960499008042896,0,水平代理；不能复现原偏离度,False
2021-04-27,2.380481124497992,SHIBOR_1W+利差调整,2.337731124497992,1.960351124497992,0,水平代理；不能复现原偏离度,False
2021-04-27,2.380481124497992,SHIBOR_1W+利差调整,2.337731124497992,1.960351124497992,0,水平代理；不能复现原偏离度,False
2021-04-28,2.3357390080428955,SHIBOR_1W+利差调整,2.323289008042896,1.960719008042896,0,水平代理；不能复现原偏离度,False
2021-04-28,2.3357390080428955,SHIBOR_1W+利差调整,2.323289008042896,1.960719008042896,0,水平代理；不能复现原偏离度,False
2021-04-29,2.398481124497992,SHIBOR_1W+利差调整,2.307331124497992,1.960571124497992,0,水平代理；不能复现原偏离度,False
2021-04-29,2.398481124497992,SHIBOR_1W+利差调整,2.307331124497992,1.960571124497992,0,水平代理；不能复现原偏离度,False
2021-04-30,2.482739008042896,SHIBOR_1W+利差调整,2.3091723413762284,1.960939008042896,0,水平代理；不能复现原偏离度,False
2021-04-30,2.482739008042896,SHIBOR_1W+利差调整,2.3091723413762284,1.960939008042896,0,水平代理；不能复现原偏离度,False
2021-05-06,2.2987390080428955,SHIBOR_1W+利差调整,2.309272341376229,1.9610290080428956,0,水平代理；不能复现原偏离度,False
2021-05-06,2.2987390080428955,SHIBOR_1W+利差调整,2.309272341376229,1.9610290080428954,0,水平代理；不能复现原偏离度,False
2021-05-07,2.086739008042896,SHIBOR_1W+利差调整,2.302872341376229,1.9611190080428955,0,水平代理；不能复现原偏离度,False
2021-05-07,2.086739008042896,SHIBOR_1W+利差调整,2.302872341376229,1.9611190080428955,0,水平代理；不能复现原偏离度,False
2021-05-08,2.055481124497992,SHIBOR_1W+利差调整,2.295464457831325,1.960951124497992,0,水平代理；不能复现原偏离度,False
2021-05-08,2.055481124497992,SHIBOR_1W+利差调整,2.295464457831325,1.960951124497992,0,水平代理；不能复现原偏离度,False
2021-05-10,2.055310695187166,SHIBOR_1W+利差调整,2.2879606951871656,1.9608706951871653,0,水平代理；不能复现原偏离度,False
2021-05-10,2.055310695187166,SHIBOR_1W+利差调整,2.2879606951871656,1.9608706951871653,0,水平代理；不能复现原偏离度,False
2021-05-11,2.2250045576407507,SHIBOR_1W+利差调整,2.284271224307417,1.9616545576407507,0,水平代理；不能复现原偏离度,False
2021-05-11,2.2250045576407507,SHIBOR_1W+利差调整,2.284271224307417,1.9616545576407507,0,水平代理；不能复现原偏离度,False
2021-05-12,2.175481124497992,SHIBOR_1W+利差调整,2.2771477911646585,1.961221124497992,0,水平代理；不能复现原偏离度,False
2021-05-12,2.175481124497992,SHIBOR_1W+利差调整,2.2771477911646585,1.961221124497992,0,水平代理；不能复现原偏离度,False
2021-05-13,2.2287390080428957,SHIBOR_1W+利差调整,2.2751556747095623,1.9615690080428956,0,水平代理；不能复现原偏离度,False
2021-05-13,2.2287390080428953,SHIBOR_1W+利差调整,2.2751556747095623,1.9615690080428954,0,水平代理；不能复现原偏离度,False
2021-05-14,2.220481124497992,SHIBOR_1W+利差调整,2.272581124497992,1.961401124497992,0,水平代理；不能复现原偏离度,False
2021-05-14,2.220481124497992,SHIBOR_1W+利差调整,2.272581124497992,1.961401124497992,0,水平代理；不能复现原偏离度,False
2021-05-17,2.341481124497992,SHIBOR_1W+利差调整,2.274981124497992,1.961491124497992,0,水平代理；不能复现原偏离度,False
2021-05-17,2.341481124497992,SHIBOR_1W+利差调整,2.274981124497992,1.961491124497992,0,水平代理；不能复现原偏离度,False
2021-05-18,2.342739008042896,SHIBOR_1W+利差调整,2.2791056747095624,1.9618390080428956,0,水平代理；不能复现原偏离度,False
2021-05-18,2.3427390080428956,SHIBOR_1W+利差调整,2.2791056747095624,1.9618390080428953,0,水平代理；不能复现原偏离度,False
2021-05-19,2.295481124497992,SHIBOR_1W+利差调整,2.277897791164658,1.9616327911646587,0,水平代理；不能复现原偏离度,False
2021-05-19,2.295481124497992,SHIBOR_1W+利差调整,2.277897791164658,1.9616327911646587,0,水平代理；不能复现原偏离度,False
2021-05-20,2.311481124497992,SHIBOR_1W+利差调整,2.276031124497992,1.9616844578313253,0,水平代理；不能复现原偏离度,False
2021-05-20,2.311481124497992,SHIBOR_1W+利差调整,2.276031124497992,1.9616844578313253,0,水平代理；不能复现原偏离度,False
2021-05-21,2.306310695187166,SHIBOR_1W+利差调整,2.2766273618538326,1.9615656951871656,0,水平代理；不能复现原偏离度,False
2021-05-21,2.306310695187166,SHIBOR_1W+利差调整,2.2766273618538326,1.9615656951871656,0,水平代理；不能复现原偏离度,False
2021-05-24,2.302310695187166,SHIBOR_1W+利差调整,2.275644028520499,1.9616173618538324,0,水平代理；不能复现原偏离度,False
2021-05-24,2.302310695187166,SHIBOR_1W+利差调整,2.275644028520499,1.9616173618538324,0,水平代理；不能复现原偏离度,False
2021-05-25,2.4003106951871658,SHIBOR_1W+利差调整,2.2763106951871657,1.961669028520499,0,水平代理；不能复现原偏离度,False
2021-05-25,2.4003106951871658,SHIBOR_1W+利差调整,2.2763106951871657,1.961669028520499,0,水平代理；不能复现原偏离度,False
2021-05-26,2.415481124497992,SHIBOR_1W+利差调整,2.277364457831325,1.961891124497992,0,水平代理；不能复现原偏离度,False
2021-05-26,2.415481124497992,SHIBOR_1W+利差调整,2.277364457831325,1.961891124497992,0,水平代理；不能复现原偏离度,False
2021-05-27,2.408310695187166,SHIBOR_1W+利差调整,2.2789440285205,1.9617723618538323,0,水平代理；不能复现原偏离度,False
2021-05-27,2.408310695187166,SHIBOR_1W+利差调整,2.2789440285205,1.9617723618538323,0,水平代理；不能复现原偏离度,False
2021-05-28,2.424310695187166,SHIBOR_1W+利差调整,2.2854106951871658,1.961824028520499,0,水平代理；不能复现原偏离度,False
2021-05-28,2.424310695187166,SHIBOR_1W+利差调整,2.2854106951871658,1.961824028520499,0,水平代理；不能复现原偏离度,False
2021-05-31,2.6490045576407506,SHIBOR_1W+利差调整,2.291787890974084,1.9625695576407507,0,水平代理；不能复现原偏离度,False
2021-05-31,2.6490045576407506,SHIBOR_1W+利差调整,2.291787890974084,1.9625695576407507,0,水平代理；不能复现原偏离度,False
2021-06-01,2.379481124497992,SHIBOR_1W+利差调整,2.295164457831325,1.9620977911646589,0,水平代理；不能复现原偏离度,False
2021-06-01,2.379481124497992,SHIBOR_1W+利差调整,2.295164457831325,1.9620977911646589,0,水平代理；不能复现原偏离度,False
2021-06-02,2.302310695187166,SHIBOR_1W+利差调整,2.2951940285205,1.9619706951871656,0,水平代理；不能复现原偏离度,False
2021-06-02,2.302310695187166,SHIBOR_1W+利差调整,2.2951940285205,1.9619706951871656,0,水平代理；不能复现原偏离度,False
2021-06-03,2.238310695187166,SHIBOR_1W+利差调整,2.295610695187165,1.962014028520499,0,水平代理；不能复现原偏离度,False
2021-06-03,2.238310695187166,SHIBOR_1W+利差调整,2.295610695187165,1.962014028520499,0,水平代理；不能复现原偏离度,False
2021-06-04,2.3333106951871656,SHIBOR_1W+利差调整,2.298094028520499,1.9620573618538324,0,水平代理；不能复现原偏离度,False
2021-06-04,2.3333106951871656,SHIBOR_1W+利差调整,2.298094028520499,1.9620573618538324,0,水平代理；不能复现原偏离度,False
2021-06-07,2.3997390080428955,SHIBOR_1W+利差调整,2.301739008042895,1.962529008042896,0,水平代理；不能复现原偏离度,False
2021-06-07,2.3997390080428955,SHIBOR_1W+利差调整,2.301739008042895,1.9625290080428957,0,水平代理；不能复现原偏离度,False
2021-06-08,2.4137390080428958,SHIBOR_1W+利差调整,2.3039556747095618,1.9625723413762288,0,水平代理；不能复现原偏离度,False
2021-06-08,2.4137390080428953,SHIBOR_1W+利差调整,2.3039556747095618,1.9625723413762288,0,水平代理；不能复现原偏离度,False
2021-06-09,2.4173106951871657,SHIBOR_1W+利差调整,2.303460695187165,1.9621873618538324,0,水平代理；不能复现原偏离度,False
2021-06-09,2.4173106951871657,SHIBOR_1W+利差调整,2.303460695187165,1.9621873618538324,0,水平代理；不能复现原偏离度,False
2021-06-10,2.2930045576407507,SHIBOR_1W+利差调整,2.302771224307417,1.9629245576407504,0,水平代理；不能复现原偏离度,False
2021-06-10,2.2930045576407507,SHIBOR_1W+利差调整,2.302771224307417,1.9629245576407504,0,水平代理；不能复现原偏离度,False
2021-06-11,2.3157390080428955,SHIBOR_1W+利差调整,2.302539008042895,1.962702341376229,0,水平代理；不能复现原偏离度,False
2021-06-11,2.3157390080428955,SHIBOR_1W+利差调整,2.302539008042895,1.962702341376229,0,水平代理；不能复现原偏离度,False
2021-06-15,2.384004557640751,SHIBOR_1W+利差调整,2.3034712243074176,1.9630112243074167,0,水平代理；不能复现原偏离度,False
2021-06-15,2.384004557640751,SHIBOR_1W+利差调整,2.3034712243074176,1.9630112243074167,0,水平代理；不能复现原偏离度,False
2021-06-16,2.3450045576407508,SHIBOR_1W+利差调整,2.303454557640751,1.9630545576407503,0,水平代理；不能复现原偏离度,False
2021-06-16,2.3450045576407508,SHIBOR_1W+利差调整,2.303454557640751,1.9630545576407503,0,水平代理；不能复现原偏离度,False
2021-06-17,2.32600455764075,SHIBOR_1W+利差调整,2.303721224307417,1.963176224307417,0,水平代理；不能复现原偏离度,False
2021-06-17,2.32600455764075,SHIBOR_1W+利差调整,2.303721224307417,1.963176224307417,0,水平代理；不能复现原偏离度,False
2021-06-18,2.3523106951871657,SHIBOR_1W+利差调整,2.3036606951871663,1.962604028520499,0,水平代理；不能复现原偏离度,False
2021-06-18,2.3523106951871657,SHIBOR_1W+利差调整,2.3036606951871663,1.962604028520499,0,水平代理；不能复现原偏离度,False
2021-06-21,2.404004557640751,SHIBOR_1W+利差调整,2.3087712243074177,1.9634195576407505,0,水平代理；不能复现原偏离度,False
2021-06-21,2.404004557640751,SHIBOR_1W+利差调整,2.3087712243074177,1.9634195576407505,0,水平代理；不能复现原偏离度,False
2021-06-22,2.484004557640751,SHIBOR_1W+利差调整,2.3111545576407506,1.9635412243074173,0,水平代理；不能复现原偏离度,False
2021-06-22,2.484004557640751,SHIBOR_1W+利差调整,2.3111545576407506,1.9635412243074173,0,水平代理；不能复现原偏离度,False
2021-06-23,2.4223106951871656,SHIBOR_1W+利差调整,2.3121773618538324,1.962969028520499,0,水平代理；不能复现原偏离度,False
2021-06-23,2.4223106951871656,SHIBOR_1W+利差调整,2.3121773618538324,1.962969028520499,0,水平代理；不能复现原偏离度,False
2021-06-24,2.4003106951871658,SHIBOR_1W+利差调整,2.313777361853832,1.9630906951871656,0,水平代理；不能复现原偏离度,False
2021-06-24,2.4003106951871658,SHIBOR_1W+利差调整,2.313777361853832,1.9630906951871656,0,水平代理；不能复现原偏离度,False
2021-06-25,2.342310695187166,SHIBOR_1W+利差调整,2.3131106951871656,1.9632123618538329,0,水平代理；不能复现原偏离度,False
2021-06-25,2.342310695187166,SHIBOR_1W+利差调整,2.3131106951871656,1.9632123618538329,0,水平代理；不能复现原偏离度,False
2021-06-28,2.404310695187166,SHIBOR_1W+利差调整,2.3132273618538326,1.9633340285204992,0,水平代理；不能复现原偏离度,False
2021-06-28,2.404310695187166,SHIBOR_1W+利差调整,2.3132273618538326,1.9633340285204992,0,水平代理；不能复现原偏离度,False
2021-06-29,2.577310695187166,SHIBOR_1W+利差调整,2.3178273618538325,1.963455695187166,0,水平代理；不能复现原偏离度,False
2021-06-29,2.577310695187166,SHIBOR_1W+利差调整,2.3178273618538325,1.963455695187166,0,水平代理；不能复现原偏离度,False
2021-06-30,2.5513106951871656,SHIBOR_1W+利差调整,2.3221606951871654,1.9635773618538328,0,水平代理；不能复现原偏离度,False
2021-06-30,2.5513106951871656,SHIBOR_1W+利差调整,2.3221606951871654,1.9635773618538328,0,水平代理；不能复现原偏离度,False
2021-07-01,2.3323106951871657,SHIBOR_1W+利差调整,2.3245106951871657,1.9637275285205,0,水平代理；不能复现原偏离度,False
2021-07-01,2.3323106951871657,SHIBOR_1W+利差调整,2.3245106951871657,1.9637275285205,0,水平代理；不能复现原偏离度,False
2021-07-02,2.0920045576407507,SHIBOR_1W+利差调整,2.325304557640751,1.9645715576407503,0,水平代理；不能复现原偏离度,False
2021-07-02,2.0920045576407507,SHIBOR_1W+利差调整,2.325304557640751,1.9645715576407503,0,水平代理；不能复现原偏离度,False
2021-07-05,2.1803106951871656,SHIBOR_1W+利差调整,2.3249440285204988,1.9640278618538325,0,水平代理；不能复现原偏离度,False
2021-07-05,2.1803106951871656,SHIBOR_1W+利差调整,2.3249440285204988,1.9640278618538325,0,水平代理；不能复现原偏离度,False
2021-07-06,2.1923106951871656,SHIBOR_1W+利差调整,2.324810695187166,1.9641780285204995,0,水平代理；不能复现原偏离度,False
2021-07-06,2.1923106951871656,SHIBOR_1W+利差调整,2.324810695187166,1.9641780285204995,0,水平代理；不能复现原偏离度,False
2021-07-07,2.2753106951871658,SHIBOR_1W+利差调整,2.3261273618538327,1.9643281951871656,0,水平代理；不能复现原偏离度,False
2021-07-07,2.2753106951871658,SHIBOR_1W+利差调整,2.3261273618538327,1.9643281951871656,0,水平代理；不能复现原偏离度,False
2021-07-08,2.2610045576407507,SHIBOR_1W+利差调整,2.3277045576407507,1.9651722243074168,0,水平代理；不能复现原偏离度,False
2021-07-08,2.2610045576407507,SHIBOR_1W+利差调整,2.3277045576407507,1.9651722243074168,0,水平代理；不能复现原偏离度,False
2021-07-09,2.366310695187166,SHIBOR_1W+利差调整,2.329627361853833,1.9646285285204992,0,水平代理；不能复现原偏离度,False
2021-07-09,2.366310695187166,SHIBOR_1W+利差调整,2.329627361853833,1.9646285285204992,0,水平代理；不能复现原偏离度,False
2021-07-12,2.3093106951871656,SHIBOR_1W+利差调整,2.3313773618538325,1.9647786951871653,0,水平代理；不能复现原偏离度,False
2021-07-12,2.3093106951871656,SHIBOR_1W+利差调整,2.3313773618538325,1.9647786951871653,0,水平代理；不能复现原偏离度,False
2021-07-13,2.339310695187166,SHIBOR_1W+利差调整,2.3312773618538327,1.9649288618538323,0,水平代理；不能复现原偏离度,False
2021-07-13,2.339310695187166,SHIBOR_1W+利差调整,2.3312773618538327,1.9649288618538323,0,水平代理；不能复现原偏离度,False
2021-07-14,2.32600455764075,SHIBOR_1W+利差调整,2.331187890974084,1.965772890974084,0,水平代理；不能复现原偏离度,False
2021-07-14,2.32600455764075,SHIBOR_1W+利差调整,2.331187890974084,1.965772890974084,0,水平代理；不能复现原偏离度,False
2021-07-15,2.3250045576407508,SHIBOR_1W+利差调整,2.3308878909740844,1.9658410576407503,0,水平代理；不能复现原偏离度,False
2021-07-15,2.3250045576407508,SHIBOR_1W+利差调整,2.3308878909740844,1.9658410576407503,0,水平代理；不能复现原偏离度,False
2021-07-16,2.348004557640751,SHIBOR_1W+利差调整,2.3320212243074177,1.9659092243074168,0,水平代理；不能复现原偏离度,False
2021-07-16,2.348004557640751,SHIBOR_1W+利差调整,2.3320212243074177,1.9659092243074168,0,水平代理；不能复现原偏离度,False
2021-07-19,2.30200455764075,SHIBOR_1W+利差调整,2.33210455764075,1.965977390974084,0,水平代理；不能复现原偏离度,False
2021-07-19,2.30200455764075,SHIBOR_1W+利差调整,2.33210455764075,1.965977390974084,0,水平代理；不能复现原偏离度,False
2021-07-20,2.3450045576407508,SHIBOR_1W+利差调整,2.333087890974084,1.9660455576407507,0,水平代理；不能复现原偏离度,False
2021-07-20,2.3450045576407508,SHIBOR_1W+利差调整,2.333087890974084,1.9660455576407507,0,水平代理；不能复现原偏离度,False
2021-07-21,2.364481124497992,SHIBOR_1W+利差调整,2.3328644578313256,1.9655902911646583,0,水平代理；不能复现原偏离度,False
2021-07-21,2.364481124497992,SHIBOR_1W+利差调整,2.3328644578313256,1.9655902911646583,0,水平代理；不能复现原偏离度,False
2021-07-22,2.326481124497992,SHIBOR_1W+利差调整,2.331764457831325,1.9656584578313248,0,水平代理；不能复现原偏离度,False
2021-07-22,2.326481124497992,SHIBOR_1W+利差调整,2.331764457831325,1.9656584578313248,0,水平代理；不能复现原偏离度,False
2021-07-23,2.2893106951871656,SHIBOR_1W+利差调整,2.3300773618538324,1.9655561951871656,0,水平代理；不能复现原偏离度,False
2021-07-23,2.2893106951871656,SHIBOR_1W+利差调整,2.3300773618538324,1.9655561951871656,0,水平代理；不能复现原偏离度,False
2021-07-26,2.3603106951871657,SHIBOR_1W+利差调整,2.330494028520499,1.9656243618538325,0,水平代理；不能复现原偏离度,False
2021-07-26,2.3603106951871657,SHIBOR_1W+利差调整,2.330494028520499,1.9656243618538325,0,水平代理；不能复现原偏离度,False
2021-07-27,2.456310695187166,SHIBOR_1W+利差调整,2.331460695187166,1.965692528520499,0,水平代理；不能复现原偏离度,False
2021-07-27,2.456310695187166,SHIBOR_1W+利差调整,2.331460695187166,1.965692528520499,0,水平代理；不能复现原偏离度,False
2021-07-28,2.5023106951871656,SHIBOR_1W+利差调整,2.331794028520499,1.9657606951871656,0,水平代理；不能复现原偏离度,False
2021-07-28,2.5023106951871656,SHIBOR_1W+利差调整,2.331794028520499,1.9657606951871656,0,水平代理；不能复现原偏离度,False
2021-07-29,2.404004557640751,SHIBOR_1W+利差调整,2.334237890974084,1.9664712243074167,0,水平代理；不能复现原偏离度,False
2021-07-29,2.404004557640751,SHIBOR_1W+利差调整,2.334237890974084,1.9664712243074167,0,水平代理；不能复现原偏离度,False
2021-07-30,2.43100455764075,SHIBOR_1W+利差调整,2.3399712243074173,1.966487890974084,0,水平代理；不能复现原偏离度,False
2021-07-30,2.43100455764075,SHIBOR_1W+利差调整,2.3399712243074173,1.966487890974084,0,水平代理；不能复现原偏离度,False
2021-08-02,2.217481124497992,SHIBOR_1W+利差调整,2.3421477911646584,1.965981124497992,0,水平代理；不能复现原偏离度,False
2021-08-02,2.217481124497992,SHIBOR_1W+利差调整,2.3421477911646584,1.965981124497992,0,水平代理；不能复现原偏离度,False
2021-08-03,2.1873106951871657,SHIBOR_1W+利差调整,2.3441773618538324,1.965827361853832,0,水平代理；不能复现原偏离度,False
2021-08-03,2.1873106951871657,SHIBOR_1W+利差调整,2.3441773618538324,1.965827361853832,0,水平代理；不能复现原偏离度,False
2021-08-04,2.186310695187166,SHIBOR_1W+利差调整,2.343544028520499,1.965844028520499,0,水平代理；不能复现原偏离度,False
2021-08-04,2.186310695187166,SHIBOR_1W+利差调整,2.343544028520499,1.965844028520499,0,水平代理；不能复现原偏离度,False
2021-08-05,2.1170045576407506,SHIBOR_1W+利差调整,2.3432545576407504,1.9665545576407504,0,水平代理；不能复现原偏离度,False
2021-08-05,2.1170045576407506,SHIBOR_1W+利差调整,2.3432545576407504,1.9665545576407504,0,水平代理；不能复现原偏离度,False
2021-08-06,2.140757908847185,SHIBOR_1W+利差调整,2.341541242180518,1.966324575513852,0,水平代理；不能复现原偏离度,False
2021-08-06,2.140757908847185,SHIBOR_1W+利差调整,2.341541242180518,1.966324575513852,0,水平代理；不能复现原偏离度,False
2021-08-09,2.291310695187166,SHIBOR_1W+利差调整,2.3422773618538324,1.965894028520499,0,水平代理；不能复现原偏离度,False
2021-08-09,2.291310695187166,SHIBOR_1W+利差调整,2.3422773618538324,1.965894028520499,0,水平代理；不能复现原偏离度,False
2021-08-10,2.494481124497992,SHIBOR_1W+利差调整,2.3449977911646585,1.966081124497992,0,水平代理；不能复现原偏离度,False
2021-08-10,2.494481124497992,SHIBOR_1W+利差调整,2.3449977911646585,1.966081124497992,0,水平代理；不能复现原偏离度,False
2021-08-11,2.2940045576407506,SHIBOR_1W+利差调整,2.344704557640751,1.9666212243074173,0,水平代理；不能复现原偏离度,False
2021-08-11,2.2940045576407506,SHIBOR_1W+利差调整,2.344704557640751,1.9666212243074173,0,水平代理；不能复现原偏离度,False
2021-08-12,2.296757908847185,SHIBOR_1W+利差调整,2.344474575513852,1.9664329088471848,0,水平代理；不能复现原偏离度,False
2021-08-12,2.296757908847185,SHIBOR_1W+利差调整,2.344474575513852,1.9664329088471848,0,水平代理；不能复现原偏离度,False
2021-08-13,2.343757908847185,SHIBOR_1W+利差调整,2.3450079088471854,1.9664912421805183,0,水平代理；不能复现原偏离度,False
2021-08-13,2.343757908847185,SHIBOR_1W+利差调整,2.3450079088471854,1.9664912421805183,0,水平代理；不能复现原偏离度,False
2021-08-16,2.339310695187166,SHIBOR_1W+利差调整,2.3451106951871656,1.9661023618538325,0,水平代理；不能复现原偏离度,False
2021-08-16,2.339310695187166,SHIBOR_1W+利差调整,2.3451106951871656,1.9661023618538325,0,水平代理；不能复现原偏离度,False
2021-08-17,2.2853106951871656,SHIBOR_1W+利差调整,2.344827361853832,1.9661606951871653,0,水平代理；不能复现原偏离度,False
2021-08-17,2.2853106951871656,SHIBOR_1W+利差调整,2.344827361853832,1.9661606951871653,0,水平代理；不能复现原偏离度,False
2021-08-18,2.2003106951871656,SHIBOR_1W+利差调整,2.3414940285205,1.966219028520499,0,水平代理；不能复现原偏离度,False
2021-08-18,2.2003106951871656,SHIBOR_1W+利差调整,2.3414940285205,1.966219028520499,0,水平代理；不能复现原偏离度,False
2021-08-19,2.237310695187166,SHIBOR_1W+利差调整,2.3385273618538323,1.9662773618538325,0,水平代理；不能复现原偏离度,False
2021-08-19,2.237310695187166,SHIBOR_1W+利差调整,2.3385273618538323,1.9662773618538325,0,水平代理；不能复现原偏离度,False
2021-08-20,2.261739008042896,SHIBOR_1W+利差调整,2.3365056747095623,1.9667640080428956,0,水平代理；不能复现原偏离度,False
2021-08-20,2.2617390080428956,SHIBOR_1W+利差调整,2.3365056747095623,1.9667640080428954,0,水平代理；不能复现原偏离度,False
2021-08-23,2.306739008042896,SHIBOR_1W+利差调整,2.334539008042895,1.966822341376229,0,水平代理；不能复现原偏离度,False
2021-08-23,2.3067390080428956,SHIBOR_1W+利差调整,2.334539008042895,1.9668223413762287,0,水平代理；不能复现原偏离度,False
2021-08-24,2.370739008042896,SHIBOR_1W+利差调整,2.329905674709562,1.9668806747095624,0,水平代理；不能复现原偏离度,False
2021-08-24,2.3707390080428956,SHIBOR_1W+利差调整,2.329905674709562,1.9668806747095622,0,水平代理；不能复现原偏离度,False
2021-08-25,2.4573106951871657,SHIBOR_1W+利差调整,2.330777361853833,1.9665106951871656,0,水平代理；不能复现原偏离度,False
2021-08-25,2.4573106951871657,SHIBOR_1W+利差调整,2.330777361853833,1.9665106951871656,0,水平代理；不能复现原偏离度,False
2021-08-26,2.465739008042896,SHIBOR_1W+利差调整,2.333922341376229,1.967234008042896,0,水平代理；不能复现原偏离度,False
2021-08-26,2.4657390080428954,SHIBOR_1W+利差调整,2.333922341376229,1.9672340080428956,0,水平代理；不能复现原偏离度,False
2021-08-27,2.475739008042896,SHIBOR_1W+利差调整,2.337872341376229,1.9675290080428955,0,水平代理；不能复现原偏离度,False
2021-08-27,2.4757390080428956,SHIBOR_1W+利差调整,2.3378723413762286,1.9675290080428955,0,水平代理；不能复现原偏离度,False
2021-08-30,2.4547390080428952,SHIBOR_1W+利差调整,2.339889008042896,1.9678240080428957,0,水平代理；不能复现原偏离度,False
2021-08-30,2.4547390080428952,SHIBOR_1W+利差调整,2.3398890080428956,1.9678240080428955,0,水平代理；不能复现原偏离度,False
2021-08-31,2.4687390080428955,SHIBOR_1W+利差调整,2.341039008042896,1.968119008042896,0,水平代理；不能复现原偏离度,False
2021-08-31,2.4687390080428955,SHIBOR_1W+利差调整,2.3410390080428956,1.9681190080428956,0,水平代理；不能复现原偏离度,False
2021-09-01,2.2507390080428955,SHIBOR_1W+利差调整,2.338322341376229,1.9684140080428956,0,水平代理；不能复现原偏离度,False
2021-09-01,2.2507390080428955,SHIBOR_1W+利差调整,2.338322341376229,1.9684140080428953,0,水平代理；不能复现原偏离度,False
2021-09-02,2.221739008042896,SHIBOR_1W+利差调整,2.3350556747095625,1.9687090080428955,0,水平代理；不能复现原偏离度,False
2021-09-02,2.2217390080428956,SHIBOR_1W+利差调整,2.3350556747095625,1.9687090080428955,0,水平代理；不能复现原偏离度,False
2021-09-03,2.205739008042896,SHIBOR_1W+利差调整,2.333605674709562,1.969004008042896,0,水平代理；不能复现原偏离度,False
2021-09-03,2.2057390080428956,SHIBOR_1W+利差调整,2.333605674709562,1.9690040080428957,0,水平代理；不能复现原偏离度,False
2021-09-06,2.297739008042895,SHIBOR_1W+利差调整,2.333305674709562,1.969299008042896,0,水平代理；不能复现原偏离度,False
2021-09-06,2.297739008042895,SHIBOR_1W+利差调整,2.333305674709562,1.9692990080428956,0,水平代理；不能复现原偏离度,False
2021-09-07,2.344739008042896,SHIBOR_1W+利差调整,2.3326556747095624,1.9695940080428955,0,水平代理；不能复现原偏离度,False
2021-09-07,2.3447390080428954,SHIBOR_1W+利差调整,2.3326556747095624,1.9695940080428955,0,水平代理；不能复现原偏离度,False
2021-09-08,2.3477390080428955,SHIBOR_1W+利差调整,2.3327056747095622,1.9698890080428957,0,水平代理；不能复现原偏离度,False
2021-09-08,2.3477390080428955,SHIBOR_1W+利差调整,2.3327056747095622,1.9698890080428955,0,水平代理；不能复现原偏离度,False
2021-09-09,2.3047390080428958,SHIBOR_1W+利差调整,2.3323556747095617,1.969955674709562,0,水平代理；不能复现原偏离度,False
2021-09-09,2.3047390080428953,SHIBOR_1W+利差调整,2.3323556747095617,1.9699556747095621,0,水平代理；不能复现原偏离度,False
2021-09-10,2.3457390080428957,SHIBOR_1W+利差调整,2.332239008042895,1.9700223413762288,0,水平代理；不能复现原偏离度,False
2021-09-10,2.3457390080428953,SHIBOR_1W+利差调整,2.332239008042895,1.9700223413762288,0,水平代理；不能复现原偏离度,False
2021-09-13,2.3497390080428957,SHIBOR_1W+利差调整,2.3313390080428955,1.9700890080428957,0,水平代理；不能复现原偏离度,False
2021-09-13,2.3497390080428953,SHIBOR_1W+利差调整,2.3313390080428955,1.9700890080428954,0,水平代理；不能复现原偏离度,False
2021-09-14,2.426739008042895,SHIBOR_1W+利差调整,2.3303890080428955,1.970155674709562,0,水平代理；不能复现原偏离度,False
2021-09-14,2.426739008042895,SHIBOR_1W+利差调整,2.3303890080428955,1.970155674709562,0,水平代理；不能复现原偏离度,False
2021-09-15,2.3597390080428955,SHIBOR_1W+利差调整,2.3293390080428957,1.9702223413762288,0,水平代理；不能复现原偏离度,False
2021-09-15,2.3597390080428955,SHIBOR_1W+利差调整,2.3293390080428953,1.9702223413762288,0,水平代理；不能复现原偏离度,False
2021-09-16,2.3807390080428954,SHIBOR_1W+利差调整,2.329005674709562,1.9702890080428956,0,水平代理；不能复现原偏离度,False
2021-09-16,2.3807390080428954,SHIBOR_1W+利差调整,2.329005674709562,1.9702890080428954,0,水平代理；不能复现原偏离度,False
2021-09-17,2.5447390080428955,SHIBOR_1W+利差调整,2.3323723413762285,1.970355674709562,0,水平代理；不能复现原偏离度,False
2021-09-17,2.5447390080428955,SHIBOR_1W+利差调整,2.3323723413762285,1.970355674709562,0,水平代理；不能复现原偏离度,False
2021-09-18,2.3807390080428954,SHIBOR_1W+利差调整,2.331972341376229,1.9704223413762287,0,水平代理；不能复现原偏离度,False
2021-09-18,2.3807390080428954,SHIBOR_1W+利差调整,2.3319723413762286,1.9704223413762287,0,水平代理；不能复现原偏离度,False
2021-09-22,2.378739008042896,SHIBOR_1W+利差调整,2.328655674709562,1.9704890080428956,0,水平代理；不能复现原偏离度,False
2021-09-22,2.3787390080428956,SHIBOR_1W+利差调整,2.328655674709562,1.9704890080428954,0,水平代理；不能复现原偏离度,False
2021-09-23,2.3357390080428955,SHIBOR_1W+利差调整,2.325055674709562,1.970555674709562,0,水平代理；不能复现原偏离度,False
2021-09-23,2.3357390080428955,SHIBOR_1W+利差调整,2.325055674709562,1.970555674709562,0,水平代理；不能复现原偏离度,False
2021-09-24,2.3657390080428957,SHIBOR_1W+利差调整,2.3256056747095624,1.9707205080428956,0,水平代理；不能复现原偏离度,False
2021-09-24,2.3657390080428953,SHIBOR_1W+利差调整,2.3256056747095624,1.9707205080428953,0,水平代理；不能复现原偏离度,False
2021-09-26,2.336739008042896,SHIBOR_1W+利差调整,2.329689008042896,1.9708853413762288,0,水平代理；不能复现原偏离度,False
2021-09-26,2.3367390080428954,SHIBOR_1W+利差调整,2.329689008042896,1.9708853413762288,0,水平代理；不能复现原偏离度,False
2021-09-27,2.1303106951871658,SHIBOR_1W+利差调整,2.3284273618538327,1.9706218618538325,0,水平代理；不能复现原偏离度,False
2021-09-27,2.1303106951871658,SHIBOR_1W+利差调整,2.3284273618538327,1.9706218618538325,0,水平代理；不能复现原偏离度,False
2021-09-28,2.261481124497992,SHIBOR_1W+利差调整,2.3297477911646585,1.970957124497992,0,水平代理；不能复现原偏离度,False
2021-09-28,2.261481124497992,SHIBOR_1W+利差调整,2.3297477911646585,1.970957124497992,0,水平代理；不能复现原偏离度,False
2021-09-29,2.596481124497992,SHIBOR_1W+利差调整,2.3350977911646584,1.9711219578313253,0,水平代理；不能复现原偏离度,False
2021-09-29,2.596481124497992,SHIBOR_1W+利差调整,2.3350977911646584,1.9711219578313253,0,水平代理；不能复现原偏离度,False
2021-09-30,2.412481124497992,SHIBOR_1W+利差调整,2.3376311244979915,1.9712867911646588,0,水平代理；不能复现原偏离度,False
2021-09-30,2.412481124497992,SHIBOR_1W+利差调整,2.3376311244979915,1.9712867911646588,0,水平代理；不能复现原偏离度,False
2021-10-08,2.316481124497992,SHIBOR_1W+利差调整,2.3367977911646585,1.971451624497992,0,水平代理；不能复现原偏离度,False
2021-10-08,2.316481124497992,SHIBOR_1W+利差调整,2.3367977911646585,1.971451624497992,0,水平代理；不能复现原偏离度,False
2021-10-09,2.0423106951871657,SHIBOR_1W+利差调整,2.3321773618538324,1.971446028520499,0,水平代理；不能复现原偏离度,False
2021-10-09,2.0423106951871657,SHIBOR_1W+利差调整,2.3321773618538324,1.971446028520499,0,水平代理；不能复现原偏离度,False
2021-10-11,2.3453106951871656,SHIBOR_1W+利差调整,2.332277361853832,1.9716108618538328,0,水平代理；不能复现原偏离度,False
2021-10-11,2.3453106951871656,SHIBOR_1W+利差调整,2.332277361853832,1.9716108618538328,0,水平代理；不能复现原偏离度,False
2021-10-12,2.31400455764075,SHIBOR_1W+利差调整,2.332771224307417,1.9724695576407505,0,水平代理；不能复现原偏离度,False
2021-10-12,2.31400455764075,SHIBOR_1W+利差调整,2.332771224307417,1.9724695576407505,0,水平代理；不能复现原偏离度,False
2021-10-13,2.348481124497992,SHIBOR_1W+利差调整,2.332647791164659,1.9723329578313256,0,水平代理；不能复现原偏离度,False
2021-10-13,2.348481124497992,SHIBOR_1W+利差调整,2.332647791164659,1.9723329578313256,0,水平代理；不能复现原偏离度,False
2021-10-14,2.3443106951871657,SHIBOR_1W+利差调整,2.3324273618538323,1.9725493618538328,0,水平代理；不能复现原偏离度,False
2021-10-14,2.3443106951871657,SHIBOR_1W+利差调整,2.3324273618538323,1.9725493618538328,0,水平代理；不能复现原偏离度,False
2021-10-15,2.278310695187166,SHIBOR_1W+利差调整,2.332044028520499,1.9729361951871656,0,水平代理；不能复现原偏离度,False
2021-10-15,2.278310695187166,SHIBOR_1W+利差调整,2.332044028520499,1.9729361951871656,0,水平代理；不能复现原偏离度,False
2021-10-18,2.3203106951871657,SHIBOR_1W+利差调整,2.331644028520499,1.9733230285204992,0,水平代理；不能复现原偏离度,False
2021-10-18,2.3203106951871657,SHIBOR_1W+利差调整,2.331644028520499,1.9733230285204992,0,水平代理；不能复现原偏离度,False
2021-10-19,2.429481124497992,SHIBOR_1W+利差调整,2.332897791164659,1.973880291164659,0,水平代理；不能复现原偏离度,False
2021-10-19,2.429481124497992,SHIBOR_1W+利差调整,2.332897791164659,1.973880291164659,0,水平代理；不能复现原偏离度,False
2021-10-20,2.367481124497992,SHIBOR_1W+利差调整,2.333581124497992,1.974267124497992,0,水平代理；不能复现原偏离度,False
2021-10-20,2.367481124497992,SHIBOR_1W+利差调整,2.333581124497992,1.974267124497992,0,水平代理；不能复现原偏离度,False
2021-10-21,2.201310695187166,SHIBOR_1W+利差调整,2.331944028520499,1.9744835285205,0,水平代理；不能复现原偏离度,False
2021-10-21,2.201310695187166,SHIBOR_1W+利差调整,2.331944028520499,1.9744835285205,0,水平代理；不能复现原偏离度,False
2021-10-22,2.202310695187166,SHIBOR_1W+利差调整,2.329310695187166,1.9748703618538324,0,水平代理；不能复现原偏离度,False
2021-10-22,2.202310695187166,SHIBOR_1W+利差调整,2.329310695187166,1.9748703618538324,0,水平代理；不能复现原偏离度,False
2021-10-25,2.389481124497992,SHIBOR_1W+利差调整,2.3283644578313254,1.9754276244979925,0,水平代理；不能复现原偏离度,False
2021-10-25,2.389481124497992,SHIBOR_1W+利差调整,2.3283644578313254,1.9754276244979925,0,水平代理；不能复现原偏离度,False
2021-10-26,2.408481124497992,SHIBOR_1W+利差调整,2.3267977911646587,1.9758144578313253,0,水平代理；不能复现原偏离度,False
2021-10-26,2.408481124497992,SHIBOR_1W+利差调整,2.3267977911646587,1.9758144578313253,0,水平代理；不能复现原偏离度,False
2021-10-27,2.414757908847185,SHIBOR_1W+利差调整,2.3272579088471854,1.9762179088471847,0,水平代理；不能复现原偏离度,False
2021-10-27,2.414757908847185,SHIBOR_1W+利差调整,2.3272579088471854,1.9762179088471847,0,水平代理；不能复现原偏离度,False
2021-10-28,2.447310695187166,SHIBOR_1W+利差调整,2.327094028520499,1.9758973618538325,0,水平代理；不能复现原偏离度,False
2021-10-28,2.447310695187166,SHIBOR_1W+利差调整,2.327094028520499,1.9758973618538325,0,水平代理；不能复现原偏离度,False
2021-10-29,2.4453106951871657,SHIBOR_1W+利差调整,2.330894028520499,1.976024028520499,0,水平代理；不能复现原偏离度,False
2021-10-29,2.4453106951871657,SHIBOR_1W+利差调整,2.330894028520499,1.976024028520499,0,水平代理；不能复现原偏离度,False
2021-11-01,2.314310695187166,SHIBOR_1W+利差调整,2.3330106951871654,1.9761506951871657,0,水平代理；不能复现原偏离度,False
2021-11-01,2.314310695187166,SHIBOR_1W+利差调整,2.3330106951871654,1.9761506951871657,0,水平代理；不能复现原偏离度,False
2021-11-02,2.331310695187166,SHIBOR_1W+利差调整,2.3354273618538324,1.9762773618538323,0,水平代理；不能复现原偏离度,False
2021-11-02,2.331310695187166,SHIBOR_1W+利差调整,2.3354273618538324,1.9762773618538323,0,水平代理；不能复现原偏离度,False
2021-11-03,2.283481124497992,SHIBOR_1W+利差调整,2.338381124497992,1.976574457831325,0,水平代理；不能复现原偏离度,False
2021-11-03,2.283481124497992,SHIBOR_1W+利差调整,2.338381124497992,1.976574457831325,0,水平代理；不能复现原偏离度,False
2021-11-04,2.2787390080428955,SHIBOR_1W+利差调整,2.340939008042896,1.9769590080428956,0,水平代理；不能复现原偏离度,False
2021-11-04,2.2787390080428955,SHIBOR_1W+利差调整,2.3409390080428953,1.9769590080428954,0,水平代理；不能复现原偏离度,False
2021-11-05,2.2757390080428954,SHIBOR_1W+利差调整,2.3406723413762287,1.977085674709562,0,水平代理；不能复现原偏离度,False
2021-11-05,2.2757390080428954,SHIBOR_1W+利差调整,2.3406723413762287,1.977085674709562,0,水平代理；不能复现原偏离度,False
2021-11-08,2.267481124497992,SHIBOR_1W+利差调整,2.336631124497992,1.9769544578313247,0,水平代理；不能复现原偏离度,False
2021-11-08,2.267481124497992,SHIBOR_1W+利差调整,2.336631124497992,1.9769544578313247,0,水平代理；不能复现原偏离度,False
2021-11-09,2.3377390080428957,SHIBOR_1W+利差调整,2.337622341376229,1.9773390080428956,0,水平代理；不能复现原偏离度,False
2021-11-09,2.3377390080428953,SHIBOR_1W+利差调整,2.337622341376229,1.9773390080428954,0,水平代理；不能复现原偏离度,False
2021-11-10,2.2887390080428958,SHIBOR_1W+利差调整,2.3374890080428954,1.977557841376229,0,水平代理；不能复现原偏离度,False
2021-11-10,2.2887390080428953,SHIBOR_1W+利差调整,2.3374890080428954,1.977557841376229,0,水平代理；不能复现原偏离度,False
2021-11-11,2.2597390080428954,SHIBOR_1W+利差调整,2.3360890080428955,1.9777766747095624,0,水平代理；不能复现原偏离度,False
2021-11-11,2.2597390080428954,SHIBOR_1W+利差调整,2.3360890080428955,1.9777766747095624,0,水平代理；不能复现原偏离度,False
2021-11-12,2.270310695187166,SHIBOR_1W+利差调整,2.334510695187166,1.9775671951871656,0,水平代理；不能复现原偏离度,False
2021-11-12,2.270310695187166,SHIBOR_1W+利差调整,2.334510695187166,1.9775671951871656,0,水平代理；不能复现原偏离度,False
2021-11-15,2.2467390080428955,SHIBOR_1W+利差调整,2.334289008042896,1.978214341376229,0,水平代理；不能复现原偏离度,False
2021-11-15,2.2467390080428955,SHIBOR_1W+利差调整,2.334289008042896,1.978214341376229,0,水平代理；不能复现原偏离度,False
2021-11-16,2.2427390080428955,SHIBOR_1W+利差调整,2.3349890080428954,1.9784331747095625,0,水平代理；不能复现原偏离度,False
2021-11-16,2.2427390080428955,SHIBOR_1W+利差调整,2.3349890080428954,1.9784331747095625,0,水平代理；不能复现原偏离度,False
2021-11-17,2.328739008042896,SHIBOR_1W+利差调整,2.3365056747095623,1.9786520080428955,0,水平代理；不能复现原偏离度,False
2021-11-17,2.328739008042896,SHIBOR_1W+利差调整,2.3365056747095623,1.9786520080428955,0,水平代理；不能复现原偏离度,False
2021-11-18,2.318739008042896,SHIBOR_1W+利差调整,2.337455674709562,1.978870841376229,0,水平代理；不能复现原偏离度,False
2021-11-18,2.3187390080428956,SHIBOR_1W+利差调整,2.337455674709562,1.978870841376229,0,水平代理；不能复现原偏离度,False
2021-11-19,2.3177390080428952,SHIBOR_1W+利差调整,2.337639008042896,1.9790896747095623,0,水平代理；不能复现原偏离度,False
2021-11-19,2.3177390080428952,SHIBOR_1W+利差调整,2.337639008042896,1.9790896747095623,0,水平代理；不能复现原偏离度,False
2021-11-22,2.2553106951871658,SHIBOR_1W+利差调整,2.3352940285204995,1.9788801951871653,0,水平代理；不能复现原偏离度,False
2021-11-22,2.2553106951871658,SHIBOR_1W+利差调整,2.3352940285204995,1.9788801951871653,0,水平代理；不能复现原偏离度,False
2021-11-23,2.316739008042896,SHIBOR_1W+利差调整,2.333372341376229,1.9795273413762289,0,水平代理；不能复现原偏离度,False
2021-11-23,2.3167390080428953,SHIBOR_1W+利差调整,2.333372341376229,1.9795273413762289,0,水平代理；不能复现原偏离度,False
2021-11-24,2.4157390080428955,SHIBOR_1W+利差调整,2.3325390080428954,1.9796218413762288,0,水平代理；不能复现原偏离度,False
2021-11-24,2.4157390080428955,SHIBOR_1W+利差调整,2.3325390080428954,1.9796218413762288,0,水平代理；不能复现原偏离度,False
2021-11-25,2.3777390080428957,SHIBOR_1W+利差调整,2.330905674709562,1.9797163413762289,0,水平代理；不能复现原偏离度,False
2021-11-25,2.3777390080428953,SHIBOR_1W+利差调整,2.330905674709562,1.9797163413762289,0,水平代理；不能复现原偏离度,False
2021-11-26,2.3937390080428957,SHIBOR_1W+利差调整,2.329889008042896,1.9798108413762288,0,水平代理；不能复现原偏离度,False
2021-11-26,2.3937390080428953,SHIBOR_1W+利差调整,2.3298890080428953,1.9798108413762288,0,水平代理；不能复现原偏离度,False
2021-11-29,2.3857390080428957,SHIBOR_1W+利差调整,2.328505674709562,1.9799053413762289,0,水平代理；不能复现原偏离度,False
2021-11-29,2.3857390080428953,SHIBOR_1W+利差调整,2.328505674709562,1.9799053413762289,0,水平代理；不能复现原偏离度,False
2021-11-30,2.443481124497992,SHIBOR_1W+利差调整,2.3314644578313253,1.979741957831325,0,水平代理；不能复现原偏离度,False
2021-11-30,2.443481124497992,SHIBOR_1W+利差调整,2.3314644578313253,1.979741957831325,0,水平代理；不能复现原偏离度,False
2021-12-01,2.2677390080428954,SHIBOR_1W+利差调整,2.3324890080428955,1.9800943413762289,0,水平代理；不能复现原偏离度,False
2021-12-01,2.2677390080428954,SHIBOR_1W+利差调整,2.3324890080428955,1.9800943413762289,0,水平代理；不能复现原偏离度,False
2021-12-02,2.2467390080428955,SHIBOR_1W+利差调整,2.3331723413762284,1.9801888413762287,0,水平代理；不能复现原偏离度,False
2021-12-02,2.2467390080428955,SHIBOR_1W+利差调整,2.3331723413762284,1.9801888413762287,0,水平代理；不能复现原偏离度,False
2021-12-03,2.224739008042896,SHIBOR_1W+利差调整,2.331955674709562,1.9802833413762289,0,水平代理；不能复现原偏离度,False
2021-12-03,2.224739008042896,SHIBOR_1W+利差调整,2.331955674709562,1.9802833413762289,0,水平代理；不能复现原偏离度,False
2021-12-06,2.2753106951871658,SHIBOR_1W+利差调整,2.3303773618538326,1.9799495285204995,0,水平代理；不能复现原偏离度,False
2021-12-06,2.2753106951871658,SHIBOR_1W+利差调整,2.3303773618538326,1.9799495285204995,0,水平代理；不能复现原偏离度,False
2021-12-07,2.305739008042895,SHIBOR_1W+利差调整,2.330105674709562,1.9804723413762289,0,水平代理；不能复现原偏离度,False
2021-12-07,2.305739008042895,SHIBOR_1W+利差调整,2.330105674709562,1.9804723413762286,0,水平代理；不能复现原偏离度,False
2021-12-08,2.348739008042896,SHIBOR_1W+利差调整,2.330839008042896,1.980860674709562,0,水平代理；不能复现原偏离度,False
2021-12-08,2.348739008042896,SHIBOR_1W+利差调整,2.330839008042896,1.980860674709562,0,水平代理；不能复现原偏离度,False
2021-12-09,2.366739008042896,SHIBOR_1W+利差调整,2.331189008042896,1.9812490080428955,0,水平代理；不能复现原偏离度,False
2021-12-09,2.3667390080428956,SHIBOR_1W+利差调整,2.331189008042896,1.9812490080428955,0,水平代理；不能复现原偏离度,False
2021-12-10,2.330739008042896,SHIBOR_1W+利差调整,2.3308723413762285,1.9816373413762287,0,水平代理；不能复现原偏离度,False
2021-12-10,2.3307390080428956,SHIBOR_1W+利差调整,2.3308723413762285,1.9816373413762287,0,水平代理；不能复现原偏离度,False
2021-12-13,2.3437390080428955,SHIBOR_1W+利差调整,2.3294890080428954,1.982025674709562,0,水平代理；不能复现原偏离度,False
2021-12-13,2.3437390080428955,SHIBOR_1W+利差调整,2.3294890080428954,1.9820256747095621,0,水平代理；不能复现原偏离度,False
2021-12-14,2.3567390080428954,SHIBOR_1W+利差调整,2.3294390080428955,1.9824140080428956,0,水平代理；不能复现原偏离度,False
2021-12-14,2.3567390080428954,SHIBOR_1W+利差调整,2.3294390080428955,1.9824140080428954,0,水平代理；不能复现原偏离度,False
2021-12-15,2.3477390080428955,SHIBOR_1W+利差调整,2.3288890080428954,1.9828023413762288,0,水平代理；不能复现原偏离度,False
2021-12-15,2.3477390080428955,SHIBOR_1W+利差调整,2.3288890080428954,1.9828023413762288,0,水平代理；不能复现原偏离度,False
2021-12-16,2.3557390080428955,SHIBOR_1W+利差调整,2.3257390080428952,1.9831906747095625,0,水平代理；不能复现原偏离度,False
2021-12-16,2.3557390080428955,SHIBOR_1W+利差调整,2.3257390080428952,1.9831906747095622,0,水平代理；不能复现原偏离度,False
2021-12-17,2.297739008042895,SHIBOR_1W+利差调整,2.324355674709562,1.9835790080428957,0,水平代理；不能复现原偏离度,False
2021-12-17,2.297739008042895,SHIBOR_1W+利差调整,2.324355674709562,1.9835790080428954,0,水平代理；不能复现原偏离度,False
2021-12-20,2.2677390080428954,SHIBOR_1W+利差调整,2.322505674709562,1.9839673413762289,0,水平代理；不能复现原偏离度,False
2021-12-20,2.2677390080428954,SHIBOR_1W+利差调整,2.322505674709562,1.9839673413762289,0,水平代理；不能复现原偏离度,False
2021-12-21,2.233739008042896,SHIBOR_1W+利差调整,2.320805674709562,1.984355674709562,0,水平代理；不能复现原偏离度,False
2021-12-21,2.2337390080428956,SHIBOR_1W+利差调整,2.320805674709562,1.984355674709562,0,水平代理；不能复现原偏离度,False
2021-12-22,2.158310695187166,SHIBOR_1W+利差调整,2.316927361853833,1.9842056951871656,0,水平代理；不能复现原偏离度,False
2021-12-22,2.158310695187166,SHIBOR_1W+利差调整,2.316927361853833,1.9842056951871656,0,水平代理；不能复现原偏离度,False
2021-12-23,2.1697390080428955,SHIBOR_1W+利差调整,2.3145723413762287,1.9849123413762289,0,水平代理；不能复现原偏离度,False
2021-12-23,2.1697390080428955,SHIBOR_1W+利差调整,2.3145723413762287,1.9849123413762289,0,水平代理；不能复现原偏离度,False
2021-12-24,2.0897390080428955,SHIBOR_1W+利差调整,2.313889008042896,1.985190674709562,0,水平代理；不能复现原偏离度,False
2021-12-24,2.0897390080428955,SHIBOR_1W+利差调整,2.313889008042896,1.985190674709562,0,水平代理；不能复现原偏离度,False
2021-12-27,2.4587390080428952,SHIBOR_1W+利差调整,2.317172341376229,1.985469008042896,0,水平代理；不能复现原偏离度,False
2021-12-27,2.4587390080428952,SHIBOR_1W+利差调整,2.317172341376229,1.985469008042896,0,水平代理；不能复现原偏离度,False
2021-12-28,2.391310695187166,SHIBOR_1W+利差调整,2.3133273618538324,1.9853190285204991,0,水平代理；不能复现原偏离度,False
2021-12-28,2.391310695187166,SHIBOR_1W+利差调整,2.3133273618538324,1.9853190285204991,0,水平代理；不能复现原偏离度,False
2021-12-29,2.3967390080428954,SHIBOR_1W+利差调整,2.313489008042896,1.986025674709562,0,水平代理；不能复现原偏离度,False
2021-12-29,2.3967390080428954,SHIBOR_1W+利差调整,2.313489008042896,1.986025674709562,0,水平代理；不能复现原偏离度,False
2021-12-30,2.467739008042896,SHIBOR_1W+利差调整,2.3160056747095625,1.9863040080428955,0,水平代理；不能复现原偏离度,False
2021-12-30,2.467739008042896,SHIBOR_1W+利差调整,2.3160056747095625,1.9863040080428955,0,水平代理；不能复现原偏离度,False
2021-12-31,2.4177390080428958,SHIBOR_1W+利差调整,2.3222556747095617,1.986582341376229,0,水平代理；不能复现原偏离度,False
2021-12-31,2.4177390080428953,SHIBOR_1W+利差调整,2.3222556747095617,1.9865823413762287,0,水平代理；不能复现原偏离度,False
2022-01-04,2.245739008042896,SHIBOR_1W+利差调整,2.3205890080428957,1.986860674709562,0,水平代理；不能复现原偏离度,False
2022-01-04,2.2457390080428956,SHIBOR_1W+利差调整,2.3205890080428953,1.986860674709562,0,水平代理；不能复现原偏离度,False
2022-01-05,2.2947390080428955,SHIBOR_1W+利差调整,2.320272341376229,1.9871390080428952,0,水平代理；不能复现原偏离度,False
2022-01-05,2.2947390080428955,SHIBOR_1W+利差调整,2.320272341376229,1.9871390080428952,0,水平代理；不能复现原偏离度,False
2022-01-06,2.1887390080428952,SHIBOR_1W+利差调整,2.317605674709562,1.9872623413762287,0,水平代理；不能复现原偏离度,False
2022-01-06,2.1887390080428952,SHIBOR_1W+利差调整,2.317605674709562,1.9872623413762287,0,水平代理；不能复现原偏离度,False
2022-01-07,2.249739008042896,SHIBOR_1W+利差调整,2.3160223413762284,1.987385674709562,0,水平代理；不能复现原偏离度,False
2022-01-07,2.2497390080428956,SHIBOR_1W+利差调整,2.3160223413762284,1.987385674709562,0,水平代理；不能复现原偏离度,False
2022-01-10,2.2397390080428954,SHIBOR_1W+利差调整,2.315372341376229,1.9875090080428957,0,水平代理；不能复现原偏离度,False
2022-01-10,2.2397390080428954,SHIBOR_1W+利差调整,2.315372341376229,1.9875090080428954,0,水平代理；不能复现原偏离度,False
2022-01-11,2.277739008042895,SHIBOR_1W+利差调整,2.314655674709562,1.987632341376229,0,水平代理；不能复现原偏离度,False
2022-01-11,2.277739008042895,SHIBOR_1W+利差调整,2.314655674709562,1.9876323413762287,0,水平代理；不能复现原偏离度,False
2022-01-12,2.2447390080428957,SHIBOR_1W+利差调整,2.3115723413762286,1.987755674709562,0,水平代理；不能复现原偏离度,False
2022-01-12,2.2447390080428953,SHIBOR_1W+利差调整,2.3115723413762286,1.987755674709562,0,水平代理；不能复现原偏离度,False
2022-01-13,2.348739008042896,SHIBOR_1W+利差调整,2.311255674709562,1.9878790080428956,0,水平代理；不能复现原偏离度,False
2022-01-13,2.3487390080428954,SHIBOR_1W+利差调整,2.311255674709562,1.9878790080428954,0,水平代理；不能复现原偏离度,False
2022-01-14,2.3597390080428955,SHIBOR_1W+利差调整,2.3138890080428958,1.9880023413762289,0,水平代理；不能复现原偏离度,False
2022-01-14,2.3597390080428955,SHIBOR_1W+利差调整,2.3138890080428953,1.9880023413762289,0,水平代理；不能复现原偏离度,False
2022-01-17,2.3297390080428952,SHIBOR_1W+利差调整,2.316005674709562,1.988125674709562,0,水平代理；不能复现原偏离度,False
2022-01-17,2.3297390080428952,SHIBOR_1W+利差调整,2.316005674709562,1.9881256747095621,0,水平代理；不能复现原偏离度,False
2022-01-18,2.2347390080428955,SHIBOR_1W+利差调整,2.3134223413762287,1.988249008042896,0,水平代理；不能复现原偏离度,False
2022-01-18,2.2347390080428955,SHIBOR_1W+利差调整,2.3134223413762287,1.9882490080428956,0,水平代理；不能复现原偏离度,False
2022-01-19,2.273739008042895,SHIBOR_1W+利差调整,2.3111723413762286,1.9883723413762289,0,水平代理；不能复现原偏离度,False
2022-01-19,2.273739008042895,SHIBOR_1W+利差调整,2.3111723413762286,1.9883723413762289,0,水平代理；不能复现原偏离度,False
2022-01-20,2.2597390080428954,SHIBOR_1W+利差调整,2.3085890080428952,1.988562341376229,0,水平代理；不能复现原偏离度,False
2022-01-20,2.2597390080428954,SHIBOR_1W+利差调整,2.3085890080428952,1.988562341376229,0,水平代理；不能复现原偏离度,False
2022-01-21,2.2587390080428955,SHIBOR_1W+利差调整,2.3054390080428955,1.988752341376229,0,水平代理；不能复现原偏离度,False
2022-01-21,2.2587390080428955,SHIBOR_1W+利差调整,2.3054390080428955,1.988752341376229,0,水平代理；不能复现原偏离度,False
2022-01-24,2.2787390080428955,SHIBOR_1W+利差调整,2.302655674709562,1.9889423413762288,0,水平代理；不能复现原偏离度,False
2022-01-24,2.2787390080428955,SHIBOR_1W+利差调整,2.302655674709562,1.9889423413762288,0,水平代理；不能复现原偏离度,False
2022-01-25,2.2397390080428954,SHIBOR_1W+利差调整,2.3014056747095624,1.989132341376229,0,水平代理；不能复现原偏离度,False
2022-01-25,2.2397390080428954,SHIBOR_1W+利差调整,2.3014056747095624,1.989132341376229,0,水平代理；不能复现原偏离度,False
2022-01-26,2.234310695187166,SHIBOR_1W+利差调整,2.299360695187166,1.988894028520499,0,水平代理；不能复现原偏离度,False
2022-01-26,2.234310695187166,SHIBOR_1W+利差调整,2.299360695187166,1.988894028520499,0,水平代理；不能复现原偏离度,False
2022-01-27,2.267004557640751,SHIBOR_1W+利差调整,2.2997712243074173,1.989777890974084,0,水平代理；不能复现原偏离度,False
2022-01-27,2.267004557640751,SHIBOR_1W+利差调整,2.2997712243074173,1.989777890974084,0,水平代理；不能复现原偏离度,False
2022-01-28,2.3967390080428954,SHIBOR_1W+利差调整,2.3014723413762286,1.989702341376229,0,水平代理；不能复现原偏离度,False
2022-01-28,2.3967390080428954,SHIBOR_1W+利差调整,2.3014723413762286,1.989702341376229,0,水平代理；不能复现原偏离度,False
2022-01-29,2.3973106951871657,SHIBOR_1W+利差调整,2.3030773618538323,1.9894640285204992,0,水平代理；不能复现原偏离度,False
2022-01-29,2.3973106951871657,SHIBOR_1W+利差调整,2.3030773618538323,1.9894640285204992,0,水平代理；不能复现原偏离度,False
2022-01-30,2.418757908847185,SHIBOR_1W+利差调整,2.3060412421805183,1.9901012421805184,0,水平代理；不能复现原偏离度,False
2022-01-30,2.418757908847185,SHIBOR_1W+利差调整,2.3060412421805183,1.9901012421805184,0,水平代理；不能复现原偏离度,False
2022-02-07,2.248481124497992,SHIBOR_1W+利差调整,2.304281124497992,1.9900144578313248,0,水平代理；不能复现原偏离度,False
2022-02-07,2.248481124497992,SHIBOR_1W+利差调整,2.304281124497992,1.9900144578313248,0,水平代理；不能复现原偏离度,False
2022-02-08,2.233739008042896,SHIBOR_1W+利差调整,2.303622341376229,1.990737341376229,0,水平代理；不能复现原偏离度,False
2022-02-08,2.2337390080428956,SHIBOR_1W+利差调整,2.303622341376229,1.990737341376229,0,水平代理；不能复现原偏离度,False
2022-02-09,2.156757908847185,SHIBOR_1W+利差调整,2.301924575513852,1.9912212421805189,0,水平代理；不能复现原偏离度,False
2022-02-09,2.156757908847185,SHIBOR_1W+利差调整,2.301924575513852,1.9912212421805189,0,水平代理；不能复现原偏离度,False
2022-02-10,2.1120045576407507,SHIBOR_1W+利差调整,2.299521224307417,1.991932890974084,0,水平代理；不能复现原偏离度,False
2022-02-10,2.1120045576407507,SHIBOR_1W+利差调整,2.299521224307417,1.991932890974084,0,水平代理；不能复现原偏离度,False
2022-02-11,2.1677390080428958,SHIBOR_1W+利差调整,2.297939008042895,1.9921323413762289,0,水平代理；不能复现原偏离度,False
2022-02-11,2.1677390080428953,SHIBOR_1W+利差调整,2.297939008042895,1.9921323413762289,0,水平代理；不能复现原偏离度,False
2022-02-14,2.169310695187166,SHIBOR_1W+利差调整,2.296294028520499,1.9921690285204992,0,水平代理；不能复现原偏离度,False
2022-02-14,2.169310695187166,SHIBOR_1W+利差调整,2.296294028520499,1.9921690285204992,0,水平代理；不能复现原偏离度,False
2022-02-15,2.1463106951871658,SHIBOR_1W+利差调整,2.2932606951871657,1.9926340285204995,0,水平代理；不能复现原偏离度,False
2022-02-15,2.1463106951871658,SHIBOR_1W+利差调整,2.2932606951871657,1.9926340285204995,0,水平代理；不能复现原偏离度,False
2022-02-16,2.2033106951871657,SHIBOR_1W+利差调整,2.291344028520499,1.9930990285204992,0,水平代理；不能复现原偏离度,False
2022-02-16,2.2033106951871657,SHIBOR_1W+利差调整,2.291344028520499,1.9930990285204992,0,水平代理；不能复现原偏离度,False
2022-02-17,2.1483106951871656,SHIBOR_1W+利差调整,2.2885273618538324,1.9935640285204992,0,水平代理；不能复现原偏离度,False
2022-02-17,2.1483106951871656,SHIBOR_1W+利差调整,2.2885273618538324,1.9935640285204992,0,水平代理；不能复现原偏离度,False
2022-02-18,2.2447390080428957,SHIBOR_1W+利差调整,2.288772341376229,1.9944573413762288,0,水平代理；不能复现原偏离度,False
2022-02-18,2.2447390080428953,SHIBOR_1W+利差调整,2.288772341376229,1.9944573413762288,0,水平代理；不能复现原偏离度,False
2022-02-21,2.286310695187166,SHIBOR_1W+利差调整,2.287844028520499,1.994494028520499,0,水平代理；不能复现原偏离度,False
2022-02-21,2.286310695187166,SHIBOR_1W+利差调整,2.287844028520499,1.994494028520499,0,水平代理；不能复现原偏离度,False
2022-02-22,2.3377390080428957,SHIBOR_1W+利差调整,2.2869723413762286,1.9951995080428957,0,水平代理；不能复现原偏离度,False
2022-02-22,2.3377390080428953,SHIBOR_1W+利差调整,2.2869723413762286,1.9951995080428953,0,水平代理；不能复现原偏离度,False
2022-02-23,2.322739008042896,SHIBOR_1W+利差调整,2.2860556747095626,1.995476674709562,0,水平代理；不能复现原偏离度,False
2022-02-23,2.3227390080428956,SHIBOR_1W+利差调整,2.2860556747095626,1.995476674709562,0,水平代理；不能复现原偏离度,False
2022-02-24,2.3333106951871656,SHIBOR_1W+利差调整,2.284627361853832,1.9953255285204992,0,水平代理；不能复现原偏离度,False
2022-02-24,2.3333106951871656,SHIBOR_1W+利差调整,2.284627361853832,1.9953255285204992,0,水平代理；不能复现原偏离度,False
2022-02-25,2.4687390080428955,SHIBOR_1W+利差调整,2.286439008042896,1.9960310080428956,0,水平代理；不能复现原偏离度,False
2022-02-25,2.4687390080428955,SHIBOR_1W+利差调整,2.286439008042896,1.9960310080428953,0,水平代理；不能复现原偏离度,False
2022-02-28,2.395310695187166,SHIBOR_1W+利差调整,2.285210695187166,1.9958798618538325,0,水平代理；不能复现原偏离度,False
2022-02-28,2.395310695187166,SHIBOR_1W+利差调整,2.285210695187166,1.9958798618538325,0,水平代理；不能复现原偏离度,False
2022-03-01,2.175481124497992,SHIBOR_1W+利差调整,2.283847791164659,1.9963274578313253,0,水平代理；不能复现原偏离度,False
2022-03-01,2.175481124497992,SHIBOR_1W+利差调整,2.283847791164659,1.9963274578313253,0,水平代理；不能复现原偏离度,False
2022-03-02,2.1923106951871656,SHIBOR_1W+利差调整,2.2827773618538325,1.996434195187166,0,水平代理；不能复现原偏离度,False
2022-03-02,2.1923106951871656,SHIBOR_1W+利差调整,2.2827773618538325,1.996434195187166,0,水平代理；不能复现原偏离度,False
2022-03-03,2.1513106951871657,SHIBOR_1W+利差调整,2.281560695187166,1.9967113618538328,0,水平代理；不能复现原偏离度,False
2022-03-03,2.1513106951871657,SHIBOR_1W+利差调整,2.281560695187166,1.9967113618538328,0,水平代理；不能复现原偏离度,False
2022-03-04,2.194310695187166,SHIBOR_1W+利差调整,2.280210695187166,1.9969885285205,0,水平代理；不能复现原偏离度,False
2022-03-04,2.194310695187166,SHIBOR_1W+利差调整,2.280210695187166,1.9969885285205,0,水平代理；不能复现原偏离度,False
2022-03-07,2.2147390080428955,SHIBOR_1W+利差调整,2.2791223413762287,1.9976940080428955,0,水平代理；不能复现原偏离度,False
2022-03-07,2.2147390080428955,SHIBOR_1W+利差调整,2.2791223413762287,1.9976940080428953,0,水平代理；不能复现原偏离度,False
2022-03-08,2.2607390080428957,SHIBOR_1W+利差调整,2.277655674709562,1.9977168413762287,0,水平代理；不能复现原偏离度,False
2022-03-08,2.2607390080428953,SHIBOR_1W+利差调整,2.277655674709562,1.9977168413762287,0,水平代理；不能复现原偏离度,False
2022-03-09,2.205310695187166,SHIBOR_1W+利差调整,2.2745440285204994,1.9973113618538323,0,水平代理；不能复现原偏离度,False
2022-03-09,2.205310695187166,SHIBOR_1W+利差调整,2.2745440285204994,1.9973113618538323,0,水平代理；不能复现原偏离度,False
2022-03-10,2.228739008042896,SHIBOR_1W+利差调整,2.2732723413762286,1.997762508042896,0,水平代理；不能复现原偏离度,False
2022-03-10,2.228739008042896,SHIBOR_1W+利差调整,2.2732723413762286,1.997762508042896,0,水平代理；不能复现原偏离度,False
2022-03-11,2.2487390080428957,SHIBOR_1W+利差调整,2.2716890080428955,1.9977853413762288,0,水平代理；不能复现原偏离度,False
2022-03-11,2.2487390080428953,SHIBOR_1W+利差调整,2.2716890080428955,1.9977853413762288,0,水平代理；不能复现原偏离度,False
2022-03-14,2.2507390080428955,SHIBOR_1W+利差调整,2.269922341376229,1.997808174709562,0,水平代理；不能复现原偏离度,False
2022-03-14,2.2507390080428955,SHIBOR_1W+利差调整,2.269922341376229,1.997808174709562,0,水平代理；不能复现原偏离度,False
2022-03-15,2.268739008042896,SHIBOR_1W+利差调整,2.268605674709562,1.997831008042896,0,水平代理；不能复现原偏离度,False
2022-03-15,2.268739008042896,SHIBOR_1W+利差调整,2.268605674709562,1.997831008042896,0,水平代理；不能复现原偏离度,False
2022-03-16,2.261739008042896,SHIBOR_1W+利差调整,2.2670390080428957,1.9978538413762288,0,水平代理；不能复现原偏离度,False
2022-03-16,2.2617390080428956,SHIBOR_1W+利差调整,2.2670390080428953,1.9978538413762288,0,水平代理；不能复现原偏离度,False
2022-03-17,2.229739008042896,SHIBOR_1W+利差调整,2.2659056747095625,1.9978766747095624,0,水平代理；不能复现原偏离度,False
2022-03-17,2.2297390080428956,SHIBOR_1W+利差调整,2.2659056747095625,1.9978766747095622,0,水平代理；不能复现原偏离度,False
2022-03-18,2.219739008042896,SHIBOR_1W+利差调整,2.265105674709562,1.997899508042896,0,水平代理；不能复现原偏离度,False
2022-03-18,2.219739008042896,SHIBOR_1W+利差调整,2.265105674709562,1.997899508042896,0,水平代理；不能复现原偏离度,False
2022-03-21,2.2507390080428955,SHIBOR_1W+利差调整,2.265389008042896,1.9979223413762288,0,水平代理；不能复现原偏离度,False
2022-03-21,2.2507390080428955,SHIBOR_1W+利差调整,2.2653890080428956,1.9979223413762288,0,水平代理；不能复现原偏离度,False
2022-03-22,2.219739008042896,SHIBOR_1W+利差调整,2.2664056747095622,1.9980990080428955,0,水平代理；不能复现原偏离度,False
2022-03-22,2.219739008042896,SHIBOR_1W+利差调整,2.2664056747095622,1.9980990080428955,0,水平代理；不能复现原偏离度,False
2022-03-23,2.2207390080428957,SHIBOR_1W+利差调整,2.267255674709562,1.9982756747095625,0,水平代理；不能复现原偏离度,False
2022-03-23,2.2207390080428953,SHIBOR_1W+利差调整,2.267255674709562,1.9982756747095622,0,水平代理；不能复现原偏离度,False
2022-03-24,2.2027390080428955,SHIBOR_1W+利差调整,2.269139008042896,1.9984523413762287,0,水平代理；不能复现原偏离度,False
2022-03-24,2.2027390080428955,SHIBOR_1W+利差调整,2.2691390080428957,1.9984523413762287,0,水平代理；不能复现原偏离度,False
2022-03-25,2.3537390080428957,SHIBOR_1W+利差调整,2.267389008042896,1.9986290080428957,0,水平代理；不能复现原偏离度,False
2022-03-25,2.3537390080428953,SHIBOR_1W+利差调整,2.2673890080428953,1.9986290080428954,0,水平代理；不能复现原偏离度,False
2022-03-28,2.334739008042896,SHIBOR_1W+利差调整,2.2664390080428958,1.9988056747095624,0,水平代理；不能复现原偏离度,False
2022-03-28,2.3347390080428956,SHIBOR_1W+利差调整,2.2664390080428953,1.9988056747095622,0,水平代理；不能复现原偏离度,False
2022-03-29,2.2917390080428954,SHIBOR_1W+利差调整,2.2646890080428954,1.9989823413762289,0,水平代理；不能复现原偏离度,False
2022-03-29,2.2917390080428954,SHIBOR_1W+利差调整,2.2646890080428954,1.9989823413762289,0,水平代理；不能复现原偏离度,False
2022-03-30,2.3173106951871656,SHIBOR_1W+利差调整,2.2617606951871654,1.9987306951871653,0,水平代理；不能复现原偏离度,False
2022-03-30,2.3173106951871656,SHIBOR_1W+利差调整,2.2617606951871654,1.9987306951871653,0,水平代理；不能复现原偏离度,False
2022-03-31,2.3437390080428955,SHIBOR_1W+利差调整,2.2609556747095625,1.999335674709562,0,水平代理；不能复现原偏离度,False
2022-03-31,2.3437390080428955,SHIBOR_1W+利差调整,2.2609556747095625,1.999335674709562,0,水平代理；不能复现原偏离度,False
2022-04-01,2.1633106951871657,SHIBOR_1W+利差调整,2.2591606951871657,1.999084028520499,0,水平代理；不能复现原偏离度,False
2022-04-01,2.1633106951871657,SHIBOR_1W+利差调整,2.2591606951871657,1.999084028520499,0,水平代理；不能复现原偏离度,False
2022-04-02,1.9837390080428956,SHIBOR_1W+利差调整,2.2544056747095618,1.9996890080428955,0,水平代理；不能复现原偏离度,False
2022-04-02,1.9837390080428954,SHIBOR_1W+利差调整,2.2544056747095618,1.9996890080428955,0,水平代理；不能复现原偏离度,False
2022-04-06,2.1507390080428954,SHIBOR_1W+利差调整,2.2537723413762287,2.0002041747095625,0,水平代理；不能复现原偏离度,False
2022-04-06,2.1507390080428954,SHIBOR_1W+利差调整,2.2537723413762287,2.0002041747095625,0,水平代理；不能复现原偏离度,False
2022-04-07,2.197739008042896,SHIBOR_1W+利差调整,2.2529056747095617,2.000719341376229,0,水平代理；不能复现原偏离度,False
2022-04-07,2.1977390080428956,SHIBOR_1W+利差调整,2.2529056747095617,2.000719341376229,0,水平代理；不能复现原偏离度,False
2022-04-08,2.131739008042896,SHIBOR_1W+利差调整,2.251105674709562,2.0012345080428955,0,水平代理；不能复现原偏离度,False
2022-04-08,2.1317390080428957,SHIBOR_1W+利差调整,2.251105674709562,2.0012345080428955,0,水平代理；不能复现原偏离度,False
2022-04-11,2.0937390080428955,SHIBOR_1W+利差调整,2.248039008042896,2.001749674709562,0,水平代理；不能复现原偏离度,False
2022-04-11,2.0937390080428955,SHIBOR_1W+利差调整,2.2480390080428956,2.001749674709562,0,水平代理；不能复现原偏离度,False
2022-04-12,2.1867390080428954,SHIBOR_1W+利差调整,2.247072341376229,2.002264841376229,0,水平代理；不能复现原偏离度,False
2022-04-12,2.1867390080428954,SHIBOR_1W+利差调整,2.247072341376229,2.002264841376229,0,水平代理；不能复现原偏离度,False
2022-04-13,2.112739008042896,SHIBOR_1W+利差调整,2.2431390080428955,2.002780008042896,0,水平代理；不能复现原偏离度,False
2022-04-13,2.1127390080428956,SHIBOR_1W+利差调整,2.2431390080428955,2.0027800080428957,0,水平代理；不能复现原偏离度,False
2022-04-14,2.051739008042896,SHIBOR_1W+利差调整,2.238005674709562,2.0032951747095624,0,水平代理；不能复现原偏离度,False
2022-04-14,2.0517390080428957,SHIBOR_1W+利差调整,2.238005674709562,2.0032951747095624,0,水平代理；不能复现原偏离度,False
2022-04-15,1.9687390080428957,SHIBOR_1W+利差调整,2.231989008042896,2.0038103413762287,0,水平代理；不能复现原偏离度,False
2022-04-15,1.9687390080428955,SHIBOR_1W+利差调整,2.2319890080428957,2.0038103413762287,0,水平代理；不能复现原偏离度,False
2022-04-18,2.0227390080428957,SHIBOR_1W+利差调整,2.2284556747095623,2.004325508042896,0,水平代理；不能复现原偏离度,False
2022-04-18,2.0227390080428953,SHIBOR_1W+利差调整,2.2284556747095623,2.004325508042896,0,水平代理；不能复现原偏离度,False
2022-04-19,1.9477390080428956,SHIBOR_1W+利差调整,2.223022341376229,2.004840674709562,0,水平代理；不能复现原偏离度,False
2022-04-19,1.9477390080428953,SHIBOR_1W+利差调整,2.223022341376229,2.004840674709562,0,水平代理；不能复现原偏离度,False
2022-04-20,2.083739008042896,SHIBOR_1W+利差调整,2.220089008042896,2.005133841376229,0,水平代理；不能复现原偏离度,False
2022-04-20,2.0837390080428957,SHIBOR_1W+利差调整,2.220089008042896,2.005133841376229,0,水平代理；不能复现原偏离度,False
2022-04-21,1.9510045576407504,SHIBOR_1W+利差调整,2.2152212243074176,2.005692557640751,0,水平代理；不能复现原偏离度,False
2022-04-21,1.9510045576407504,SHIBOR_1W+利差调整,2.2152212243074176,2.005692557640751,0,水平代理；不能复现原偏离度,False
2022-04-22,1.8463106951871653,SHIBOR_1W+利差调整,2.207327361853833,2.0052918618538325,0,水平代理；不能复现原偏离度,False
2022-04-22,1.8463106951871653,SHIBOR_1W+利差调整,2.207327361853833,2.0052918618538325,0,水平代理；不能复现原偏离度,False
2022-04-24,1.9553106951871653,SHIBOR_1W+利差调整,2.2025940285204992,2.0055850285204992,0,水平代理；不能复现原偏离度,False
2022-04-24,1.9553106951871653,SHIBOR_1W+利差调整,2.2025940285204992,2.0055850285204992,0,水平代理；不能复现原偏离度,False
2022-04-25,1.858481124497992,SHIBOR_1W+利差调整,2.196497791164659,2.006048624497992,0,水平代理；不能复现原偏离度,False
2022-04-25,1.858481124497992,SHIBOR_1W+利差调整,2.196497791164659,2.006048624497992,0,水平代理；不能复现原偏离度,False
2022-04-26,1.8273106951871656,SHIBOR_1W+利差调整,2.1890106951871653,2.0061713618538324,0,水平代理；不能复现原偏离度,False
2022-04-26,1.8273106951871656,SHIBOR_1W+利差调整,2.1890106951871653,2.0061713618538324,0,水平代理；不能复现原偏离度,False
2022-04-27,1.8893106951871657,SHIBOR_1W+利差调整,2.1805606951871663,2.006464528520499,0,水平代理；不能复现原偏离度,False
2022-04-27,1.8893106951871657,SHIBOR_1W+利差调整,2.1805606951871663,2.006464528520499,0,水平代理；不能复现原偏离度,False
2022-04-28,2.0263106951871657,SHIBOR_1W+利差调整,2.174377361853833,2.006757695187166,0,水平代理；不能复现原偏离度,False
2022-04-28,2.0263106951871657,SHIBOR_1W+利差调整,2.174377361853833,2.006757695187166,0,水平代理；不能复现原偏离度,False
2022-04-29,2.152739008042895,SHIBOR_1W+利差调整,2.1703723413762286,2.0074791747095624,0,水平代理；不能复现原偏离度,False
2022-04-29,2.152739008042895,SHIBOR_1W+利差调整,2.1703723413762286,2.0074791747095624,0,水平代理；不能复现原偏离度,False
2022-05-05,2.049310695187166,SHIBOR_1W+利差调整,2.1666273618538328,2.007344028520499,0,水平代理；不能复现原偏离度,False
2022-05-05,2.049310695187166,SHIBOR_1W+利差调整,2.1666273618538328,2.007344028520499,0,水平代理；不能复现原偏离度,False
2022-05-06,1.9353106951871657,SHIBOR_1W+利差调整,2.161660695187166,2.007429028520499,0,水平代理；不能复现原偏离度,False
2022-05-06,1.9353106951871657,SHIBOR_1W+利差调整,2.161660695187166,2.007429028520499,0,水平代理；不能复现原偏离度,False
2022-05-07,1.8453106951871656,SHIBOR_1W+利差调整,2.1564773618538324,2.007514028520499,0,水平代理；不能复现原偏离度,False
2022-05-07,1.8453106951871656,SHIBOR_1W+利差调整,2.1564773618538324,2.007514028520499,0,水平代理；不能复现原偏离度,False
2022-05-09,1.9603106951871656,SHIBOR_1W+利差调整,2.1539606951871657,2.007599028520499,0,水平代理；不能复现原偏离度,False
2022-05-09,1.9603106951871656,SHIBOR_1W+利差调整,2.1539606951871657,2.007599028520499,0,水平代理；不能复现原偏离度,False
2022-05-10,1.7763106951871657,SHIBOR_1W+利差调整,2.147444028520499,2.007684028520499,0,水平代理；不能复现原偏离度,False
2022-05-10,1.7763106951871657,SHIBOR_1W+利差调整,2.147444028520499,2.007684028520499,0,水平代理；不能复现原偏离度,False
2022-05-11,1.8547390080428956,SHIBOR_1W+利差调整,2.142622341376229,2.0081973413762286,0,水平代理；不能复现原偏离度,False
2022-05-11,1.8547390080428954,SHIBOR_1W+利差调整,2.142622341376229,2.0081973413762286,0,水平代理；不能复现原偏离度,False
2022-05-12,1.8603106951871653,SHIBOR_1W+利差调整,2.1374273618538324,2.007854028520499,0,水平代理；不能复现原偏离度,False
2022-05-12,1.8603106951871653,SHIBOR_1W+利差调整,2.1374273618538324,2.007854028520499,0,水平代理；不能复现原偏离度,False
2022-05-13,1.8177390080428957,SHIBOR_1W+利差调整,2.1314223413762288,2.0083673413762284,0,水平代理；不能复现原偏离度,False
2022-05-13,1.8177390080428955,SHIBOR_1W+利差调整,2.1314223413762288,2.0083673413762284,0,水平代理；不能复现原偏离度,False
2022-05-16,1.8603106951871653,SHIBOR_1W+利差调整,2.126194028520499,2.008024028520499,0,水平代理；不能复现原偏离度,False
2022-05-16,1.8603106951871653,SHIBOR_1W+利差调整,2.126194028520499,2.008024028520499,0,水平代理；不能复现原偏离度,False
2022-05-17,1.7307390080428957,SHIBOR_1W+利差调整,2.118055674709562,2.0085373413762286,0,水平代理；不能复现原偏离度,False
2022-05-17,1.7307390080428955,SHIBOR_1W+利差调整,2.118055674709562,2.0085373413762286,0,水平代理；不能复现原偏离度,False
2022-05-18,1.7933106951871658,SHIBOR_1W+利差调整,2.109410695187166,2.008194028520499,0,水平代理；不能复现原偏离度,False
2022-05-18,1.7933106951871658,SHIBOR_1W+利差调整,2.109410695187166,2.008194028520499,0,水平代理；不能复现原偏离度,False
2022-05-19,1.8003106951871657,SHIBOR_1W+利差调整,2.1004606951871656,2.0089858618538323,0,水平代理；不能复现原偏离度,False
2022-05-19,1.8003106951871657,SHIBOR_1W+利差调整,2.1004606951871656,2.0089858618538323,0,水平代理；不能复现原偏离度,False
2022-05-20,1.811481124497992,SHIBOR_1W+利差调整,2.0921144578313253,2.009948124497992,0,水平代理；不能复现原偏离度,False
2022-05-20,1.811481124497992,SHIBOR_1W+利差调整,2.0921144578313253,2.009948124497992,0,水平代理；不能复现原偏离度,False
2022-05-23,1.8397390080428957,SHIBOR_1W+利差调整,2.084139008042895,2.010997841376229,0,水平代理；不能复现原偏离度,False
2022-05-23,1.8397390080428955,SHIBOR_1W+利差调整,2.084139008042895,2.010997841376229,0,水平代理；不能复现原偏离度,False
2022-05-24,1.8277390080428957,SHIBOR_1W+利差调整,2.073455674709562,2.0117896747095623,0,水平代理；不能复现原偏离度,False
2022-05-24,1.8277390080428955,SHIBOR_1W+利差调整,2.073455674709562,2.0117896747095623,0,水平代理；不能复现原偏离度,False
2022-05-25,1.9320045576407503,SHIBOR_1W+利差调整,2.065987890974084,2.0128470576407507,0,水平代理；不能复现原偏离度,False
2022-05-25,1.9320045576407503,SHIBOR_1W+利差调整,2.065987890974084,2.0128470576407507,0,水平代理；不能复现原偏离度,False
2022-05-26,1.9117390080428955,SHIBOR_1W+利差调整,2.0613223413762287,2.0133733413762287,0,水平代理；不能复现原偏离度,False
2022-05-26,1.9117390080428953,SHIBOR_1W+利差调整,2.0613223413762287,2.0133733413762287,0,水平代理；不能复现原偏离度,False
2022-05-27,1.923481124497992,SHIBOR_1W+利差调整,2.056581124497992,2.0139072911646587,0,水平代理；不能复现原偏离度,False
2022-05-27,1.923481124497992,SHIBOR_1W+利差调整,2.056581124497992,2.0139072911646587,0,水平代理；不能复现原偏离度,False
2022-05-30,1.9603106951871656,SHIBOR_1W+利差调整,2.053227361853833,2.014528695187166,0,水平代理；不能复现原偏离度,False
2022-05-30,1.9603106951871656,SHIBOR_1W+利差调整,2.053227361853833,2.014528695187166,0,水平代理；不能复现原偏离度,False
2022-05-31,2.044757908847185,SHIBOR_1W+利差调整,2.051174575513852,2.0157677421805187,0,水平代理；不能复现原偏离度,False
2022-05-31,2.044757908847185,SHIBOR_1W+利差调整,2.051174575513852,2.0157677421805187,0,水平代理；不能复现原偏离度,False
2022-06-01,1.798481124497992,SHIBOR_1W+利差调整,2.043964457831325,2.0162827911646586,0,水平代理；不能复现原偏离度,False
2022-06-01,1.798481124497992,SHIBOR_1W+利差调整,2.043964457831325,2.0162827911646586,0,水平代理；不能复现原偏离度,False
2022-06-02,1.8207390080428956,SHIBOR_1W+利差调整,2.036889008042895,2.016615508042896,0,水平代理；不能复现原偏离度,False
2022-06-02,1.8207390080428953,SHIBOR_1W+利差调整,2.036889008042895,2.0166155080428956,0,水平代理；不能复现原偏离度,False
2022-06-06,1.8473106951871656,SHIBOR_1W+利差调整,2.030494028520499,2.0162620285204995,0,水平代理；不能复现原偏离度,False
2022-06-06,1.8473106951871656,SHIBOR_1W+利差调整,2.030494028520499,2.0162620285204995,0,水平代理；不能复现原偏离度,False
2022-06-07,1.854481124497992,SHIBOR_1W+利差调整,2.024431124497992,2.016507291164659,0,水平代理；不能复现原偏离度,False
2022-06-07,1.854481124497992,SHIBOR_1W+利差调整,2.024431124497992,2.016507291164659,0,水平代理；不能复现原偏离度,False
2022-06-08,1.8353106951871656,SHIBOR_1W+利差调整,2.0173773618538324,2.016411695187166,0,水平代理；不能复现原偏离度,False
2022-06-08,1.8353106951871656,SHIBOR_1W+利差调整,2.0173773618538324,2.016411695187166,0,水平代理；不能复现原偏离度,False
2022-06-09,1.8533106951871656,SHIBOR_1W+利差调整,2.010760695187166,2.016486528520499,1,水平代理；不能复现原偏离度,False
2022-06-09,1.8533106951871656,SHIBOR_1W+利差调整,2.010760695187166,2.016486528520499,1,水平代理；不能复现原偏离度,False
2022-06-10,1.8213106951871656,SHIBOR_1W+利差调整,2.003310695187166,2.0139716951871662,1,水平代理；不能复现原偏离度,False
2022-06-10,1.8213106951871656,SHIBOR_1W+利差调整,2.003310695187166,2.0139716951871662,1,水平代理；不能复现原偏离度,False
2022-06-13,1.8467390080428956,SHIBOR_1W+利差调整,1.9968223413762287,2.0104190080428954,1,水平代理；不能复现原偏离度,False
2022-06-13,1.8467390080428954,SHIBOR_1W+利差调整,1.9968223413762287,2.0104190080428954,1,水平代理；不能复现原偏离度,False
2022-06-14,1.8027390080428956,SHIBOR_1W+利差调整,1.989705674709562,2.0084523413762287,1,水平代理；不能复现原偏离度,False
2022-06-14,1.8027390080428953,SHIBOR_1W+利差调整,1.989705674709562,2.0084523413762287,1,水平代理；不能复现原偏离度,False
2022-06-15,1.8547390080428956,SHIBOR_1W+利差调整,1.9836223413762288,2.0074791747095624,1,水平代理；不能复现原偏离度,False
2022-06-15,1.8547390080428954,SHIBOR_1W+利差调整,1.9836223413762288,2.0074791747095624,1,水平代理；不能复现原偏离度,False
2022-06-16,1.8343106951871653,SHIBOR_1W+利差调整,1.9762606951871653,2.0044123618538325,1,水平代理；不能复现原偏离度,False
2022-06-16,1.8343106951871653,SHIBOR_1W+利差调整,1.9762606951871653,2.0044123618538325,1,水平代理；不能复现原偏离度,False
2022-06-17,1.8837390080428955,SHIBOR_1W+利差调整,1.971089008042896,2.003849174709562,1,水平代理；不能复现原偏离度,False
2022-06-17,1.8837390080428955,SHIBOR_1W+利差调整,1.9710890080428956,2.003849174709562,1,水平代理；不能复现原偏离度,False
2022-06-20,1.9753106951871653,SHIBOR_1W+利差调整,1.9665773618538325,2.000070695187166,1,水平代理；不能复现原偏离度,False
2022-06-20,1.9753106951871653,SHIBOR_1W+利差调整,1.9665773618538325,2.000070695187166,1,水平代理；不能复现原偏离度,False
2022-06-21,1.9427390080428957,SHIBOR_1W+利差调整,1.9626723413762288,1.9984523413762287,1,水平代理；不能复现原偏离度,False
2022-06-21,1.9427390080428955,SHIBOR_1W+利差调整,1.9626723413762288,1.9984523413762287,1,水平代理；不能复现原偏离度,False
2022-06-22,1.9293106951871657,SHIBOR_1W+利差调整,1.9551773618538324,1.9973570285204991,1,水平代理；不能复现原偏离度,False
2022-06-22,1.9293106951871657,SHIBOR_1W+利差调整,1.9551773618538324,1.9973570285204991,1,水平代理；不能复现原偏离度,False
2022-06-23,1.9017390080428955,SHIBOR_1W+利差调整,1.9483890080428956,1.997258174709562,1,水平代理；不能复现原偏离度,False
2022-06-23,1.9017390080428953,SHIBOR_1W+利差调整,1.9483890080428954,1.997258174709562,1,水平代理；不能复现原偏离度,False
2022-06-24,1.9967390080428955,SHIBOR_1W+利差调整,1.9434723413762287,1.9960623413762288,1,水平代理；不能复现原偏离度,False
2022-06-24,1.9967390080428955,SHIBOR_1W+利差调整,1.9434723413762287,1.9960623413762286,1,水平代理；不能复现原偏离度,False
2022-06-27,2.1387390080428954,SHIBOR_1W+利差调整,1.9404890080428956,1.993527341376229,1,水平代理；不能复现原偏离度,False
2022-06-27,2.1387390080428954,SHIBOR_1W+利差调整,1.9404890080428954,1.993527341376229,1,水平代理；不能复现原偏离度,False
2022-06-28,2.1267390080428954,SHIBOR_1W+利差调整,1.936872341376229,1.9901590080428957,1,水平代理；不能复现原偏离度,False
2022-06-28,2.1267390080428954,SHIBOR_1W+利差调整,1.936872341376229,1.9901590080428955,1,水平代理；不能复现原偏离度,False
2022-06-29,2.1717390080428958,SHIBOR_1W+利差调整,1.9370056747095623,1.9895723413762287,1,水平代理；不能复现原偏离度,False
2022-06-29,2.1717390080428953,SHIBOR_1W+利差调整,1.9370056747095623,1.9895723413762287,1,水平代理；不能复现原偏离度,False
2022-06-30,2.346310695187166,SHIBOR_1W+利差调整,1.9426273618538328,1.987944028520499,1,水平代理；不能复现原偏离度,False
2022-06-30,2.346310695187166,SHIBOR_1W+利差调整,1.9426273618538328,1.987944028520499,1,水平代理；不能复现原偏离度,False
2022-07-01,1.9447390080428957,SHIBOR_1W+利差调整,1.9396223413762288,1.9872623413762287,1,水平代理；不能复现原偏离度,False
2022-07-01,1.9447390080428955,SHIBOR_1W+利差调整,1.9396223413762288,1.9872623413762287,1,水平代理；不能复现原偏离度,False
2022-07-04,1.770310695187166,SHIBOR_1W+利差调整,1.9320773618538325,1.9844840285204992,1,水平代理；不能复现原偏离度,False
2022-07-04,1.770310695187166,SHIBOR_1W+利差调整,1.9320773618538325,1.9844840285204992,1,水平代理；不能复现原偏离度,False
2022-07-05,1.8153106951871656,SHIBOR_1W+利差调整,1.9268106951871653,1.983414028520499,1,水平代理；不能复现原偏离度,False
2022-07-05,1.8153106951871656,SHIBOR_1W+利差调整,1.9268106951871653,1.983414028520499,1,水平代理；不能复现原偏离度,False
2022-07-06,1.7873106951871658,SHIBOR_1W+利差调整,1.9217106951871656,1.9813040285204992,1,水平代理；不能复现原偏离度,False
2022-07-06,1.7873106951871658,SHIBOR_1W+利差调整,1.9217106951871656,1.9813040285204992,1,水平代理；不能复现原偏离度,False
2022-07-07,1.7727390080428953,SHIBOR_1W+利差调整,1.915239008042896,1.9799998413762288,1,水平代理；不能复现原偏离度,False
2022-07-07,1.7727390080428953,SHIBOR_1W+利差调整,1.9152390080428956,1.9799998413762288,1,水平代理；不能复现原偏离度,False
2022-07-08,1.7977390080428954,SHIBOR_1W+利差调整,1.9099890080428956,1.9786520080428955,1,水平代理；不能复现原偏离度,False
2022-07-08,1.7977390080428954,SHIBOR_1W+利差调整,1.9099890080428954,1.9786520080428955,1,水平代理；不能复现原偏离度,False
2022-07-11,1.7737390080428954,SHIBOR_1W+利差调整,1.905355674709562,1.9771440080428957,1,水平代理；不能复现原偏离度,False
2022-07-11,1.7737390080428954,SHIBOR_1W+利差调整,1.9053556747095621,1.9771440080428955,1,水平代理；不能复现原偏离度,False
2022-07-12,1.767481124497992,SHIBOR_1W+利差调整,1.9017477911646583,1.9763077911646587,1,水平代理；不能复现原偏离度,False
2022-07-12,1.767481124497992,SHIBOR_1W+利差调整,1.9017477911646583,1.9763077911646587,1,水平代理；不能复现原偏离度,False
2022-07-13,1.7637390080428954,SHIBOR_1W+利差调整,1.8976890080428956,1.9756855080428957,1,水平代理；不能复现原偏离度,False
2022-07-13,1.7637390080428954,SHIBOR_1W+利差调整,1.8976890080428954,1.9756855080428954,1,水平代理；不能复现原偏离度,False
2022-07-14,1.7757390080428954,SHIBOR_1W+利差调整,1.8948223413762288,1.9722040080428955,1,水平代理；不能复现原偏离度,False
2022-07-14,1.7757390080428954,SHIBOR_1W+利差调整,1.8948223413762288,1.9722040080428953,1,水平代理；不能复现原偏离度,False
2022-07-15,1.7393106951871655,SHIBOR_1W+利差调整,1.8886606951871656,1.970772195187166,1,水平代理；不能复现原偏离度,False
2022-07-15,1.7393106951871655,SHIBOR_1W+利差调整,1.8886606951871656,1.970772195187166,1,水平代理；不能复现原偏离度,False
2022-07-18,1.792739008042895,SHIBOR_1W+利差调整,1.886455674709562,1.9706623413762288,1,水平代理；不能复现原偏离度,False
2022-07-18,1.7927390080428953,SHIBOR_1W+利差调整,1.886455674709562,1.9706623413762288,1,水平代理；不能复现原偏离度,False
2022-07-19,1.7757390080428954,SHIBOR_1W+利差调整,1.885272341376229,1.9700890080428957,1,水平代理；不能复现原偏离度,False
2022-07-19,1.7757390080428954,SHIBOR_1W+利差调整,1.885272341376229,1.9700890080428954,1,水平代理；不能复现原偏离度,False
2022-07-20,1.8257390080428957,SHIBOR_1W+利差调整,1.883105674709562,1.9681590080428957,1,水平代理；不能复现原偏离度,False
2022-07-20,1.8257390080428955,SHIBOR_1W+利差调整,1.883105674709562,1.9681590080428955,1,水平代理；不能复现原偏离度,False
2022-07-21,1.8257390080428957,SHIBOR_1W+利差调整,1.882555674709562,1.9669723413762288,1,水平代理；不能复现原偏离度,False
2022-07-21,1.8257390080428955,SHIBOR_1W+利差调整,1.882555674709562,1.9669723413762288,1,水平代理；不能复现原偏离度,False
2022-07-22,1.7813106951871658,SHIBOR_1W+利差调整,1.8813606951871653,1.9662773618538325,1,水平代理；不能复现原偏离度,False
2022-07-22,1.7813106951871658,SHIBOR_1W+利差调整,1.8813606951871653,1.9662773618538325,1,水平代理；不能复现原偏离度,False
2022-07-25,1.7853106951871658,SHIBOR_1W+利差调整,1.8796273618538324,1.9658773618538323,1,水平代理；不能复现原偏离度,False
2022-07-25,1.7853106951871658,SHIBOR_1W+利差调整,1.8796273618538324,1.9658773618538323,1,水平代理；不能复现原偏离度,False
2022-07-26,1.7783106951871657,SHIBOR_1W+利差调整,1.8754940285204995,1.9656243618538325,1,水平代理；不能复现原偏离度,False
2022-07-26,1.7783106951871657,SHIBOR_1W+利差调整,1.8754940285204995,1.9656243618538325,1,水平代理；不能复现原偏离度,False
2022-07-27,1.7597390080428954,SHIBOR_1W+利差调整,1.8693723413762289,1.9653571747095624,1,水平代理；不能复现原偏离度,False
2022-07-27,1.7597390080428954,SHIBOR_1W+利差调整,1.8693723413762287,1.9653571747095622,1,水平代理；不能复现原偏离度,False
2022-07-28,1.6927390080428957,SHIBOR_1W+利差调整,1.8634223413762288,1.964005674709562,1,水平代理；不能复现原偏离度,False
2022-07-28,1.6927390080428955,SHIBOR_1W+利差调整,1.8634223413762288,1.964005674709562,1,水平代理；不能复现原偏离度,False
2022-07-29,1.8517390080428957,SHIBOR_1W+利差调整,1.862022341376229,1.9629106747095624,1,水平代理；不能复现原偏离度,False
2022-07-29,1.8517390080428955,SHIBOR_1W+利差调整,1.8620223413762287,1.9629106747095622,1,水平代理；不能复现原偏离度,False
2022-08-01,1.7067390080428957,SHIBOR_1W+利差调整,1.8597056747095624,1.962695674709562,1,水平代理；不能复现原偏离度,False
2022-08-01,1.7067390080428955,SHIBOR_1W+利差调整,1.8597056747095622,1.962695674709562,1,水平代理；不能复现原偏离度,False
2022-08-02,1.6723106951871658,SHIBOR_1W+利差调整,1.8544773618538324,1.9620223618538324,1,水平代理；不能复现原偏离度,False
2022-08-02,1.6723106951871658,SHIBOR_1W+利差调整,1.8544773618538324,1.9620223618538324,1,水平代理；不能复现原偏离度,False
2022-08-03,1.5313106951871658,SHIBOR_1W+利差调整,1.850394028520499,1.9616173618538324,1,水平代理；不能复现原偏离度,False
2022-08-03,1.5313106951871658,SHIBOR_1W+利差调整,1.850394028520499,1.9616173618538324,1,水平代理；不能复现原偏离度,False
2022-08-04,1.5273106951871658,SHIBOR_1W+利差调整,1.844944028520499,1.9609606951871656,1,水平代理；不能复现原偏离度,False
2022-08-04,1.5273106951871658,SHIBOR_1W+利差调整,1.844944028520499,1.9609606951871656,1,水平代理；不能复现原偏离度,False
2022-08-05,1.5307390080428953,SHIBOR_1W+利差调整,1.8398723413762288,1.9604990080428957,1,水平代理；不能复现原偏离度,False
2022-08-05,1.5307390080428953,SHIBOR_1W+利差调整,1.8398723413762286,1.9604990080428955,1,水平代理；不能复现原偏离度,False
2022-08-08,1.5373106951871658,SHIBOR_1W+利差调整,1.8347773618538323,1.958296695187166,1,水平代理；不能复现原偏离度,False
2022-08-08,1.5373106951871658,SHIBOR_1W+利差调整,1.8347773618538323,1.958296695187166,1,水平代理；不能复现原偏离度,False
2022-08-09,1.5557390080428954,SHIBOR_1W+利差调整,1.8301223413762289,1.956061674709562,1,水平代理；不能复现原偏离度,False
2022-08-09,1.5557390080428954,SHIBOR_1W+利差调整,1.8301223413762286,1.956061674709562,1,水平代理；不能复现原偏离度,False
2022-08-10,1.5763106951871655,SHIBOR_1W+利差调整,1.8271273618538324,1.9553573618538325,1,水平代理；不能复现原偏离度,False
2022-08-10,1.5763106951871655,SHIBOR_1W+利差调整,1.8271273618538324,1.9553573618538325,1,水平代理；不能复现原偏离度,False
2022-08-11,1.550739008042895,SHIBOR_1W+利差调整,1.8235056747095624,1.9556056747095625,1,水平代理；不能复现原偏离度,False
2022-08-11,1.5507390080428953,SHIBOR_1W+利差调整,1.8235056747095622,1.9556056747095623,1,水平代理；不能复现原偏离度,False
2022-08-12,1.559481124497992,SHIBOR_1W+利差调整,1.819231124497992,1.9539827911646588,1,水平代理；不能复现原偏离度,False
2022-08-12,1.559481124497992,SHIBOR_1W+利差调整,1.819231124497992,1.9539827911646588,1,水平代理；不能复现原偏离度,False
2022-08-15,1.5713106951871658,SHIBOR_1W+利差调整,1.8150606951871653,1.9525273618538328,1,水平代理；不能复现原偏离度,False
2022-08-15,1.5713106951871658,SHIBOR_1W+利差调整,1.8150606951871653,1.9525273618538328,1,水平代理；不能复现原偏离度,False
2022-08-16,1.5383106951871657,SHIBOR_1W+利差调整,1.8100440285204988,1.9504356951871653,1,水平代理；不能复现原偏离度,False
2022-08-16,1.5383106951871657,SHIBOR_1W+利差调整,1.8100440285204988,1.9504356951871653,1,水平代理；不能复现原偏离度,False
2022-08-17,1.613310695187166,SHIBOR_1W+利差调整,1.8064773618538323,1.948640695187165,1,水平代理；不能复现原偏离度,False
2022-08-17,1.613310695187166,SHIBOR_1W+利差调整,1.8064773618538323,1.948640695187165,1,水平代理；不能复现原偏离度,False
2022-08-18,1.6257390080428955,SHIBOR_1W+利差调整,1.801805674709562,1.9477948413762287,1,水平代理；不能复现原偏离度,False
2022-08-18,1.6257390080428955,SHIBOR_1W+利差调整,1.801805674709562,1.9477948413762287,1,水平代理；不能复现原偏离度,False
2022-08-19,1.6557390080428953,SHIBOR_1W+利差调整,1.7975390080428957,1.9467093413762289,1,水平代理；不能复现原偏离度,False
2022-08-19,1.6557390080428953,SHIBOR_1W+利差调整,1.7975390080428955,1.9467093413762289,1,水平代理；不能复现原偏离度,False
2022-08-22,1.655639008042895,SHIBOR_1W+利差调整,1.7930706747095622,1.945642341376229,1,水平代理；不能复现原偏离度,False
2022-08-22,1.6556390080428953,SHIBOR_1W+利差调整,1.7930706747095622,1.945642341376229,1,水平代理；不能复现原偏离度,False
2022-08-23,1.645310695187166,SHIBOR_1W+利差调整,1.7873923618538323,1.944164028520499,1,水平代理；不能复现原偏离度,False
2022-08-23,1.645310695187166,SHIBOR_1W+利差调整,1.7873923618538323,1.944164028520499,1,水平代理；不能复现原偏离度,False
2022-08-24,1.5917390080428957,SHIBOR_1W+利差调整,1.780270674709562,1.9434635080428957,1,水平代理；不能复现原偏离度,False
2022-08-24,1.5917390080428955,SHIBOR_1W+利差调整,1.780270674709562,1.9434635080428955,1,水平代理；不能复现原偏离度,False
2022-08-25,1.6613106951871657,SHIBOR_1W+利差调整,1.7775590285204992,1.9429556951871656,1,水平代理；不能复现原偏离度,False
2022-08-25,1.6613106951871657,SHIBOR_1W+利差调整,1.7775590285204992,1.9429556951871656,1,水平代理；不能复现原偏离度,False
2022-08-26,1.8917390080428955,SHIBOR_1W+利差调整,1.779170674709562,1.9430885080428952,1,水平代理；不能复现原偏离度,False
2022-08-26,1.8917390080428955,SHIBOR_1W+利差调整,1.7791706747095621,1.9430885080428952,1,水平代理；不能复现原偏离度,False
2022-08-29,1.7857390080428954,SHIBOR_1W+利差调整,1.7781373413762287,1.9410023413762287,1,水平代理；不能复现原偏离度,False
2022-08-29,1.7857390080428954,SHIBOR_1W+利差调整,1.7781373413762287,1.9410023413762287,1,水平代理；不能复现原偏离度,False
2022-08-30,1.7957390080428954,SHIBOR_1W+利差调整,1.7771540080428956,1.940420174709562,1,水平代理；不能复现原偏离度,False
2022-08-30,1.7957390080428954,SHIBOR_1W+利差调整,1.7771540080428956,1.940420174709562,1,水平代理；不能复现原偏离度,False
2022-08-31,1.9267390080428957,SHIBOR_1W+利差调整,1.778670674709562,1.9399296747095625,1,水平代理；不能复现原偏离度,False
2022-08-31,1.9267390080428954,SHIBOR_1W+利差调整,1.778670674709562,1.9399296747095622,1,水平代理；不能复现原偏离度,False
2022-09-01,1.6437390080428955,SHIBOR_1W+利差调整,1.775170674709562,1.939405674709562,1,水平代理；不能复现原偏离度,False
2022-09-01,1.6437390080428955,SHIBOR_1W+利差调整,1.775170674709562,1.939405674709562,1,水平代理；不能复现原偏离度,False
2022-09-02,1.6567390080428954,SHIBOR_1W+利差调整,1.772420674709562,1.939015674709562,1,水平代理；不能复现原偏离度,False
2022-09-02,1.6567390080428954,SHIBOR_1W+利差调整,1.7724206747095619,1.939015674709562,1,水平代理；不能复现原偏离度,False
2022-09-05,1.5557390080428954,SHIBOR_1W+利差调整,1.7675706747095623,1.938230674709562,1,水平代理；不能复现原偏离度,False
2022-09-05,1.5557390080428954,SHIBOR_1W+利差调整,1.7675706747095623,1.9382306747095621,1,水平代理；不能复现原偏离度,False
2022-09-06,1.5953106951871658,SHIBOR_1W+利差调整,1.7636923618538325,1.9365506951871656,1,水平代理；不能复现原偏离度,False
2022-09-06,1.5953106951871658,SHIBOR_1W+利差调整,1.7636923618538325,1.9365506951871656,1,水平代理；不能复现原偏离度,False
2022-09-07,1.6707390080428954,SHIBOR_1W+利差调整,1.7610540080428954,1.936837341376229,1,水平代理；不能复现原偏离度,False
2022-09-07,1.6707390080428954,SHIBOR_1W+利差调整,1.7610540080428954,1.936837341376229,1,水平代理；不能复现原偏离度,False
2022-09-08,1.6487390080428954,SHIBOR_1W+利差调整,1.7579540080428953,1.936522341376229,1,水平代理；不能复现原偏离度,False
2022-09-08,1.6487390080428954,SHIBOR_1W+利差调整,1.7579540080428953,1.936522341376229,1,水平代理；不能复现原偏离度,False
2022-09-09,1.6223106951871658,SHIBOR_1W+利差调整,1.7531756951871658,1.9355240285204995,1,水平代理；不能复现原偏离度,False
2022-09-09,1.6223106951871658,SHIBOR_1W+利差调整,1.7531756951871658,1.9355240285204995,1,水平代理；不能复现原偏离度,False
2022-09-13,1.6673106951871657,SHIBOR_1W+利差调整,1.7480423618538323,1.934763361853833,1,水平代理；不能复现原偏离度,False
2022-09-13,1.6673106951871657,SHIBOR_1W+利差调整,1.7480423618538323,1.934763361853833,1,水平代理；不能复现原偏离度,False
2022-09-14,1.7037390080428954,SHIBOR_1W+利差调整,1.7444873413762287,1.9349975080428956,1,水平代理；不能复现原偏离度,False
2022-09-14,1.7037390080428954,SHIBOR_1W+利差调整,1.7444873413762287,1.9349975080428954,1,水平代理；不能复现原偏离度,False
2022-09-15,1.693481124497992,SHIBOR_1W+利差调整,1.740296124497992,1.933941124497992,1,水平代理；不能复现原偏离度,False
2022-09-15,1.693481124497992,SHIBOR_1W+利差调整,1.740296124497992,1.933941124497992,1,水平代理；不能复现原偏离度,False
2022-09-16,1.789481124497992,SHIBOR_1W+利差调整,1.7384294578313253,1.932831124497992,1,水平代理；不能复现原偏离度,False
2022-09-16,1.789481124497992,SHIBOR_1W+利差调整,1.7384294578313253,1.932831124497992,1,水平代理；不能复现原偏离度,False
2022-09-19,1.8457579088471847,SHIBOR_1W+利差调整,1.7361895755138517,1.932364575513852,1,水平代理；不能复现原偏离度,False
2022-09-19,1.8457579088471847,SHIBOR_1W+利差调整,1.7361895755138517,1.932364575513852,1,水平代理；不能复现原偏离度,False
2022-09-20,1.8333106951871656,SHIBOR_1W+利差调整,1.730659028520499,1.9310523618538329,1,水平代理；不能复现原偏离度,False
2022-09-20,1.8333106951871656,SHIBOR_1W+利差调整,1.730659028520499,1.9310523618538329,1,水平代理；不能复现原偏离度,False
2022-09-21,1.8723106951871653,SHIBOR_1W+利差调整,1.7264256951871657,1.9290373618538328,1,水平代理；不能复现原偏离度,False
2022-09-21,1.8723106951871653,SHIBOR_1W+利差调整,1.7264256951871657,1.9290373618538328,1,水平代理；不能复现原偏离度,False
2022-09-22,1.7923106951871657,SHIBOR_1W+利差调整,1.7201090285204992,1.926300695187166,1,水平代理；不能复现原偏离度,False
2022-09-22,1.7923106951871657,SHIBOR_1W+利差调整,1.7201090285204992,1.926300695187166,1,水平代理；不能复现原偏离度,False
2022-09-23,1.754310695187166,SHIBOR_1W+利差调整,1.7102423618538325,1.9217106951871656,1,水平代理；不能复现原偏离度,False
2022-09-23,1.754310695187166,SHIBOR_1W+利差调整,1.7102423618538325,1.9217106951871656,1,水平代理；不能复现原偏离度,False
2022-09-26,1.9867390080428955,SHIBOR_1W+利差调整,1.711370674709562,1.915929008042896,1,水平代理；不能复现原偏离度,False
2022-09-26,1.9867390080428955,SHIBOR_1W+利差调整,1.711370674709562,1.9159290080428957,1,水平代理；不能复现原偏离度,False
2022-09-27,1.8437390080428957,SHIBOR_1W+利差调整,1.7125873413762287,1.911039008042896,1,水平代理；不能复现原偏离度,False
2022-09-27,1.8437390080428955,SHIBOR_1W+利差调整,1.7125873413762287,1.9110390080428956,1,水平代理；不能复现原偏离度,False
2022-09-28,1.8937390080428955,SHIBOR_1W+利差调整,1.7138873413762288,1.909654174709562,1,水平代理；不能复现原偏离度,False
2022-09-28,1.8937390080428955,SHIBOR_1W+利差调整,1.7138873413762288,1.9096541747095621,1,水平代理；不能复现原偏离度,False
2022-09-29,2.161310695187166,SHIBOR_1W+利差调整,1.719692361853833,1.9087393618538324,1,水平代理；不能复现原偏离度,False
2022-09-29,2.161310695187166,SHIBOR_1W+利差调整,1.719692361853833,1.9087393618538324,1,水平代理；不能复现原偏离度,False
2022-09-30,2.201481124497992,SHIBOR_1W+利差调整,1.727012791164659,1.906889457831325,1,水平代理；不能复现原偏离度,False
2022-09-30,2.201481124497992,SHIBOR_1W+利差调整,1.727012791164659,1.906889457831325,1,水平代理；不能复现原偏离度,False
2022-10-08,1.8457390080428957,SHIBOR_1W+利差调整,1.7280706747095622,1.9040156747095625,1,水平代理；不能复现原偏离度,False
2022-10-08,1.8457390080428955,SHIBOR_1W+利差调整,1.7280706747095622,1.9040156747095622,1,水平代理；不能复现原偏离度,False
2022-10-09,1.7627390080428955,SHIBOR_1W+利差调整,1.7278873413762288,1.9007106747095623,1,水平代理；不能复现原偏离度,False
2022-10-09,1.7627390080428955,SHIBOR_1W+利差调整,1.7278873413762288,1.9007106747095626,1,水平代理；不能复现原偏离度,False
2022-10-10,1.643310695187166,SHIBOR_1W+利差调整,1.7253923618538325,1.896687361853833,1,水平代理；不能复现原偏离度,False
2022-10-10,1.643310695187166,SHIBOR_1W+利差调整,1.7253923618538325,1.896687361853833,1,水平代理；不能复现原偏离度,False
2022-10-11,1.767481124497992,SHIBOR_1W+利差调整,1.7256294578313252,1.893991124497992,1,水平代理；不能复现原偏离度,False
2022-10-11,1.767481124497992,SHIBOR_1W+利差调整,1.7256294578313252,1.893991124497992,1,水平代理；不能复现原偏离度,False
2022-10-12,1.7573106951871658,SHIBOR_1W+利差调整,1.725159028520499,1.8886606951871656,1,水平代理；不能复现原偏离度,False
2022-10-12,1.7573106951871658,SHIBOR_1W+利差调整,1.725159028520499,1.8886606951871656,1,水平代理；不能复现原偏离度,False
2022-10-13,1.7843106951871657,SHIBOR_1W+利差调整,1.725909028520499,1.8862906951871656,1,水平代理；不能复现原偏离度,False
2022-10-13,1.7843106951871657,SHIBOR_1W+利差调整,1.725909028520499,1.8862906951871656,1,水平代理；不能复现原偏离度,False
2022-10-14,1.740310695187166,SHIBOR_1W+利差调整,1.7250423618538326,1.885080695187166,1,水平代理；不能复现原偏离度,False
2022-10-14,1.740310695187166,SHIBOR_1W+利差调整,1.7250423618538326,1.885080695187166,1,水平代理；不能复现原偏离度,False
2022-10-17,1.7047390080428957,SHIBOR_1W+利差调整,1.7242873413762287,1.883755674709562,1,水平代理；不能复现原偏离度,False
2022-10-17,1.7047390080428955,SHIBOR_1W+利差调整,1.7242873413762287,1.883755674709562,1,水平代理；不能复现原偏离度,False
2022-10-18,1.6767390080428954,SHIBOR_1W+利差调整,1.7218040080428954,1.882775674709562,1,水平代理；不能复现原偏离度,False
2022-10-18,1.6767390080428954,SHIBOR_1W+利差调整,1.7218040080428954,1.882775674709562,1,水平代理；不能复现原偏离度,False
2022-10-19,1.6937390080428951,SHIBOR_1W+利差调整,1.7196040080428954,1.8823631747095624,1,水平代理；不能复现原偏离度,False
2022-10-19,1.6937390080428953,SHIBOR_1W+利差调整,1.7196040080428954,1.8823631747095622,1,水平代理；不能复现原偏离度,False
2022-10-20,1.7277390080428954,SHIBOR_1W+利差调整,1.7187040080428957,1.8820180080428957,1,水平代理；不能复现原偏离度,False
2022-10-20,1.7277390080428954,SHIBOR_1W+利差调整,1.7187040080428955,1.8820180080428954,1,水平代理；不能复现原偏离度,False
2022-10-21,1.8287390080428956,SHIBOR_1W+利差调整,1.719420674709562,1.8812690080428955,1,水平代理；不能复现原偏离度,False
2022-10-21,1.8287390080428954,SHIBOR_1W+利差调整,1.719420674709562,1.8812690080428955,1,水平代理；不能复现原偏离度,False
2022-10-24,1.8727390080428956,SHIBOR_1W+利差调整,1.7209873413762289,1.879770674709562,1,水平代理；不能复现原偏离度,False
2022-10-24,1.8727390080428954,SHIBOR_1W+利差调整,1.7209873413762289,1.879770674709562,1,水平代理；不能复现原偏离度,False
2022-10-25,2.0223106951871657,SHIBOR_1W+利差调整,1.7249423618538324,1.8779315285205,1,水平代理；不能复现原偏离度,False
2022-10-25,2.0223106951871657,SHIBOR_1W+利差调整,1.7249423618538324,1.8779315285205,1,水平代理；不能复现原偏离度,False
2022-10-26,2.141310695187166,SHIBOR_1W+利差调整,1.732425695187166,1.8754940285204995,1,水平代理；不能复现原偏离度,False
2022-10-26,2.141310695187166,SHIBOR_1W+利差调整,1.732425695187166,1.8754940285204995,1,水平代理；不能复现原偏离度,False
2022-10-27,2.1593106951871657,SHIBOR_1W+利差调整,1.7375590285204991,1.869599028520499,1,水平代理；不能复现原偏离度,False
2022-10-27,2.1593106951871657,SHIBOR_1W+利差调整,1.7375590285204991,1.869599028520499,1,水平代理；不能复现原偏离度,False
2022-10-28,2.1097390080428955,SHIBOR_1W+利差调整,1.7447040080428953,1.864612341376229,1,水平代理；不能复现原偏离度,False
2022-10-28,2.1097390080428955,SHIBOR_1W+利差调整,1.7447040080428953,1.864612341376229,1,水平代理；不能复现原偏离度,False
2022-10-31,2.098739008042896,SHIBOR_1W+利差调整,1.7518040080428954,1.8624423413762288,1,水平代理；不能复现原偏离度,False
2022-10-31,2.0987390080428954,SHIBOR_1W+利差调整,1.7518040080428954,1.8624423413762288,1,水平代理；不能复现原偏离度,False
2022-11-01,1.9753106951871653,SHIBOR_1W+利差调整,1.7587756951871658,1.8602040285205,1,水平代理；不能复现原偏离度,False
2022-11-01,1.9753106951871653,SHIBOR_1W+利差调整,1.7587756951871658,1.8602040285205,1,水平代理；不能复现原偏离度,False
2022-11-02,1.9177390080428955,SHIBOR_1W+利差调整,1.7657040080428954,1.858330674709562,1,水平代理；不能复现原偏离度,False
2022-11-02,1.9177390080428953,SHIBOR_1W+利差调整,1.7657040080428954,1.858330674709562,1,水平代理；不能复现原偏离度,False
2022-11-03,1.8647390080428956,SHIBOR_1W+利差调整,1.771270674709562,1.856135674709562,1,水平代理；不能复现原偏离度,False
2022-11-03,1.8647390080428954,SHIBOR_1W+利差调整,1.7712706747095621,1.856135674709562,1,水平代理；不能复现原偏离度,False
2022-11-04,1.8487390080428956,SHIBOR_1W+利差调整,1.7764540080428952,1.8537251747095624,1,水平代理；不能复现原偏离度,False
2022-11-04,1.8487390080428954,SHIBOR_1W+利差调整,1.7764540080428952,1.8537251747095624,1,水平代理；不能复现原偏离度,False
2022-11-07,1.932757908847185,SHIBOR_1W+利差调整,1.7827562421805183,1.850959908847185,1,水平代理；不能复现原偏离度,False
2022-11-07,1.932757908847185,SHIBOR_1W+利差调整,1.7827562421805183,1.850959908847185,1,水平代理；不能复现原偏离度,False
2022-11-08,1.9587390080428957,SHIBOR_1W+利差调整,1.7891040080428957,1.850687174709562,1,水平代理；不能复现原偏离度,False
2022-11-08,1.9587390080428955,SHIBOR_1W+利差调整,1.7891040080428955,1.8506871747095621,1,水平代理；不能复现原偏离度,False
2022-11-09,2.0017390080428954,SHIBOR_1W+利差调整,1.796620674709562,1.849470674709562,1,水平代理；不能复现原偏离度,False
2022-11-09,2.0017390080428954,SHIBOR_1W+利差调整,1.796620674709562,1.849470674709562,1,水平代理；不能复现原偏离度,False
2022-11-10,2.084310695187166,SHIBOR_1W+利差调整,1.8049423618538325,1.8474298618538323,1,水平代理；不能复现原偏离度,False
2022-11-10,2.084310695187166,SHIBOR_1W+利差调整,1.8049423618538325,1.8474298618538323,1,水平代理；不能复现原偏离度,False
2022-11-11,2.034481124497992,SHIBOR_1W+利差调整,1.812829457831325,1.8469717911646588,1,水平代理；不能复现原偏离度,False
2022-11-11,2.034481124497992,SHIBOR_1W+利差调整,1.812829457831325,1.8469717911646588,1,水平代理；不能复现原偏离度,False
2022-11-14,1.9923106951871656,SHIBOR_1W+利差调整,1.8202256951871656,1.845992528520499,1,水平代理；不能复现原偏离度,False
2022-11-14,1.9923106951871656,SHIBOR_1W+利差调整,1.8202256951871656,1.845992528520499,1,水平代理；不能复现原偏离度,False
2022-11-15,2.075739008042896,SHIBOR_1W+利差调整,1.8283540080428955,1.8456723413762288,1,水平代理；不能复现原偏离度,False
2022-11-15,2.0757390080428957,SHIBOR_1W+利差调整,1.8283540080428955,1.8456723413762288,1,水平代理；不能复现原偏离度,False
2022-11-16,2.144310695187166,SHIBOR_1W+利差调整,1.8365756951871657,1.8438606951871657,1,水平代理；不能复现原偏离度,False
2022-11-16,2.144310695187166,SHIBOR_1W+利差调整,1.8365756951871657,1.8438606951871657,1,水平代理；不能复现原偏离度,False
2022-11-17,2.0097390080428954,SHIBOR_1W+利差调整,1.842904008042896,1.8431130080428952,1,水平代理；不能复现原偏离度,False
2022-11-17,2.0097390080428954,SHIBOR_1W+利差调整,1.8429040080428956,1.8431130080428952,1,水平代理；不能复现原偏离度,False
2022-11-18,1.9377390080428956,SHIBOR_1W+利差调整,1.8476056747095624,1.8429585080428956,0,水平代理；不能复现原偏离度,False
2022-11-18,1.9377390080428953,SHIBOR_1W+利差调整,1.8476056747095622,1.8429585080428954,0,水平代理；不能复现原偏离度,False
2022-11-21,1.8217390080428957,SHIBOR_1W+利差调整,1.8505390080428956,1.842963674709562,0,水平代理；不能复现原偏离度,False
2022-11-21,1.8217390080428955,SHIBOR_1W+利差调整,1.8505390080428954,1.8429636747095621,0,水平代理；不能复现原偏离度,False
2022-11-22,1.8113106951871656,SHIBOR_1W+利差调整,1.853777361853833,1.8425405285204992,0,水平代理；不能复现原偏离度,False
2022-11-22,1.8113106951871656,SHIBOR_1W+利差调整,1.853777361853833,1.8425405285204992,0,水平代理；不能复现原偏离度,False
2022-11-23,1.8197390080428957,SHIBOR_1W+利差调整,1.8568390080428956,1.8429740080428956,0,水平代理；不能复现原偏离度,False
2022-11-23,1.8197390080428955,SHIBOR_1W+利差调整,1.8568390080428954,1.8429740080428954,0,水平代理；不能复现原偏离度,False
2022-11-24,1.9153106951871657,SHIBOR_1W+利差调整,1.8568106951871657,1.8425688618538325,0,水平代理；不能复现原偏离度,False
2022-11-24,1.9153106951871657,SHIBOR_1W+利差调整,1.8568106951871657,1.8425688618538325,0,水平代理；不能复现原偏离度,False
2022-11-25,1.8907390080428956,SHIBOR_1W+利差调整,1.8589890080428952,1.8430203413762287,0,水平代理；不能复现原偏离度,False
2022-11-25,1.8907390080428954,SHIBOR_1W+利差调整,1.8589890080428952,1.8430203413762287,0,水平代理；不能复现原偏离度,False
2022-11-28,2.027739008042896,SHIBOR_1W+利差调整,1.862855674709562,1.8430435080428955,0,水平代理；不能复现原偏离度,False
2022-11-28,2.0277390080428956,SHIBOR_1W+利差调整,1.862855674709562,1.8430435080428953,0,水平代理；不能复现原偏离度,False
2022-11-29,2.0120045576407506,SHIBOR_1W+利差调整,1.864537890974084,1.8433322243074173,0,水平代理；不能复现原偏离度,False
2022-11-29,2.0120045576407506,SHIBOR_1W+利差调整,1.864537890974084,1.8433322243074173,0,水平代理；不能复现原偏离度,False
2022-11-30,2.061310695187166,SHIBOR_1W+利差调整,1.870810695187166,1.8426615285204992,0,水平代理；不能复现原偏离度,False
2022-11-30,2.061310695187166,SHIBOR_1W+利差调整,1.870810695187166,1.8426615285204992,0,水平代理；不能复现原偏离度,False
2022-12-01,1.8757390080428955,SHIBOR_1W+利差调整,1.8748890080428957,1.8431130080428952,0,水平代理；不能复现原偏离度,False
2022-12-01,1.8757390080428955,SHIBOR_1W+利差调整,1.8748890080428955,1.8431130080428952,0,水平代理；不能复现原偏离度,False
2022-12-02,1.8393106951871656,SHIBOR_1W+利差调整,1.879194028520499,1.8427078618538328,0,水平代理；不能复现原偏离度,False
2022-12-02,1.8393106951871656,SHIBOR_1W+利差调整,1.879194028520499,1.8427078618538328,0,水平代理；不能复现原偏离度,False
2022-12-05,1.8353106951871656,SHIBOR_1W+利差调整,1.883194028520499,1.8427310285204992,0,水平代理；不能复现原偏离度,False
2022-12-05,1.8353106951871656,SHIBOR_1W+利差调整,1.883194028520499,1.8427310285204992,0,水平代理；不能复现原偏离度,False
2022-12-06,1.8237390080428957,SHIBOR_1W+利差调整,1.8861723413762288,1.8431825080428956,0,水平代理；不能复现原偏离度,False
2022-12-06,1.8237390080428955,SHIBOR_1W+利差调整,1.8861723413762286,1.8431825080428954,0,水平代理；不能复现原偏离度,False
2022-12-07,1.8093106951871656,SHIBOR_1W+利差调整,1.8884273618538323,1.8427773618538328,0,水平代理；不能复现原偏离度,False
2022-12-07,1.8093106951871656,SHIBOR_1W+利差调整,1.8884273618538323,1.8427773618538328,0,水平代理；不能复现原偏离度,False
2022-12-08,1.856757908847185,SHIBOR_1W+利差调整,1.892774575513852,1.8434412421805184,0,水平代理；不能复现原偏离度,False
2022-12-08,1.856757908847185,SHIBOR_1W+利差调整,1.892774575513852,1.8434412421805184,0,水平代理；不能复现原偏离度,False
2022-12-09,1.9057390080428955,SHIBOR_1W+利差调整,1.8967223413762289,1.8436390080428957,0,水平代理；不能复现原偏离度,False
2022-12-09,1.9057390080428953,SHIBOR_1W+利差调整,1.8967223413762289,1.8436390080428955,0,水平代理；不能复现原偏离度,False
2022-12-12,1.7567390080428955,SHIBOR_1W+利差调整,1.8976056747095624,1.843855674709562,0,水平代理；不能复现原偏离度,False
2022-12-12,1.7567390080428955,SHIBOR_1W+利差调整,1.8976056747095622,1.843855674709562,0,水平代理；不能复现原偏离度,False
2022-12-13,1.894310695187165,SHIBOR_1W+利差调整,1.9005273618538323,1.8436440285204991,0,水平代理；不能复现原偏离度,False
2022-12-13,1.894310695187165,SHIBOR_1W+利差调整,1.9005273618538323,1.8436440285204991,0,水平代理；不能复现原偏离度,False
2022-12-14,1.8153106951871656,SHIBOR_1W+利差调整,1.9009606951871656,1.8438606951871657,0,水平代理；不能复现原偏离度,False
2022-12-14,1.8153106951871656,SHIBOR_1W+利差调整,1.9009606951871656,1.8438606951871657,0,水平代理；不能复现原偏离度,False
2022-12-15,1.7727390080428953,SHIBOR_1W+利差调整,1.900172341376229,1.844505674709562,0,水平代理；不能复现原偏离度,False
2022-12-15,1.7727390080428953,SHIBOR_1W+利差调整,1.900172341376229,1.844505674709562,0,水平代理；不能复现原偏离度,False
2022-12-16,1.8987390080428956,SHIBOR_1W+利差调整,1.9012556747095624,1.8447223413762288,0,水平代理；不能复现原偏离度,False
2022-12-16,1.8987390080428954,SHIBOR_1W+利差调整,1.9012556747095624,1.8447223413762288,0,水平代理；不能复现原偏离度,False
2022-12-19,1.9467390080428957,SHIBOR_1W+利差调整,1.9024890080428956,1.844939008042896,0,水平代理；不能复现原偏离度,False
2022-12-19,1.9467390080428955,SHIBOR_1W+利差调整,1.9024890080428953,1.8449390080428956,0,水平代理；不能复现原偏离度,False
2022-12-20,1.9537390080428956,SHIBOR_1W+利差调整,1.9051723413762287,1.8451556747095623,0,水平代理；不能复现原偏离度,False
2022-12-20,1.9537390080428954,SHIBOR_1W+利差调整,1.9051723413762287,1.8451556747095623,0,水平代理；不能复现原偏离度,False
2022-12-21,1.8337390080428957,SHIBOR_1W+利差调整,1.906489008042896,1.8453723413762289,0,水平代理；不能复现原偏离度,False
2022-12-21,1.8337390080428955,SHIBOR_1W+利差调整,1.9064890080428956,1.8453723413762289,0,水平代理；不能复现原偏离度,False
2022-12-22,1.7257390080428954,SHIBOR_1W+利差调整,1.9021390080428957,1.845447341376229,0,水平代理；不能复现原偏离度,False
2022-12-22,1.7257390080428954,SHIBOR_1W+利差调整,1.9021390080428955,1.845447341376229,0,水平代理；不能复现原偏离度,False
2022-12-23,1.8337390080428957,SHIBOR_1W+利差调整,1.9019723413762288,1.845522341376229,0,水平代理；不能复现原偏离度,False
2022-12-23,1.8337390080428955,SHIBOR_1W+利差调整,1.9019723413762288,1.845522341376229,0,水平代理；不能复现原偏离度,False
2022-12-26,2.107739008042896,SHIBOR_1W+利差调整,1.905539008042896,1.8455973413762288,0,水平代理；不能复现原偏离度,False
2022-12-26,2.1077390080428957,SHIBOR_1W+利差调整,1.9055390080428956,1.8455973413762288,0,水平代理；不能复现原偏离度,False
2022-12-27,2.1503106951871658,SHIBOR_1W+利差调整,1.9049273618538325,1.845244028520499,0,水平代理；不能复现原偏离度,False
2022-12-27,2.1503106951871658,SHIBOR_1W+利差调整,1.9049273618538325,1.845244028520499,0,水平代理；不能复现原偏离度,False
2022-12-28,2.165310695187166,SHIBOR_1W+利差调整,1.9043273618538323,1.845319028520499,0,水平代理；不能复现原偏离度,False
2022-12-28,2.165310695187166,SHIBOR_1W+利差调整,1.9043273618538323,1.845319028520499,0,水平代理；不能复现原偏离度,False
2022-12-29,2.407310695187166,SHIBOR_1W+利差调整,1.913694028520499,1.845394028520499,0,水平代理；不能复现原偏离度,False
2022-12-29,2.407310695187166,SHIBOR_1W+利差调整,1.913694028520499,1.845394028520499,0,水平代理；不能复现原偏离度,False
2022-12-30,2.3697390080428957,SHIBOR_1W+利差调整,1.9242390080428955,1.845897341376229,0,水平代理；不能复现原偏离度,False
2022-12-30,2.3697390080428953,SHIBOR_1W+利差调整,1.9242390080428955,1.845897341376229,0,水平代理；不能复现原偏离度,False
2023-01-03,2.0670045576407508,SHIBOR_1W+利差调整,1.931554557640751,1.846237890974084,0,水平代理；不能复现原偏离度,False
2023-01-03,2.0670045576407508,SHIBOR_1W+利差调整,1.931554557640751,1.846237890974084,0,水平代理；不能复现原偏离度,False
2023-01-04,1.728481124497992,SHIBOR_1W+利差调整,1.930381124497992,1.8457894578313248,0,水平代理；不能复现原偏离度,False
2023-01-04,1.728481124497992,SHIBOR_1W+利差调整,1.930381124497992,1.8457894578313248,0,水平代理；不能复现原偏离度,False
2023-01-05,1.5343106951871657,SHIBOR_1W+利差调整,1.9264940285204992,1.845694028520499,0,水平代理；不能复现原偏离度,False
2023-01-05,1.5343106951871657,SHIBOR_1W+利差调整,1.9264940285204992,1.845694028520499,0,水平代理；不能复现原偏离度,False
2023-01-06,1.727004557640751,SHIBOR_1W+利差调整,1.9262212243074173,1.846487390974084,0,水平代理；不能复现原偏离度,False
2023-01-06,1.727004557640751,SHIBOR_1W+利差调整,1.9262212243074173,1.846487390974084,0,水平代理；不能复现原偏离度,False
2023-01-09,1.8753106951871656,SHIBOR_1W+利差调整,1.9277773618538323,1.845893028520499,0,水平代理；不能复现原偏离度,False
2023-01-09,1.8753106951871656,SHIBOR_1W+利差调整,1.9277773618538323,1.845893028520499,0,水平代理；不能复现原偏离度,False
2023-01-10,2.079739008042896,SHIBOR_1W+利差调整,1.934455674709562,1.8464208413762289,0,水平代理；不能复现原偏离度,False
2023-01-10,2.0797390080428957,SHIBOR_1W+利差调整,1.934455674709562,1.8464208413762289,0,水平代理；不能复现原偏离度,False
2023-01-11,2.1423106951871658,SHIBOR_1W+利差调整,1.941794028520499,1.846092028520499,0,水平代理；不能复现原偏离度,False
2023-01-11,2.1423106951871658,SHIBOR_1W+利差调整,1.941794028520499,1.846092028520499,0,水平代理；不能复现原偏离度,False
2023-01-12,2.1383106951871658,SHIBOR_1W+利差调整,1.949210695187166,1.846191528520499,0,水平代理；不能复现原偏离度,False
2023-01-12,2.1383106951871658,SHIBOR_1W+利差调整,1.949210695187166,1.846191528520499,0,水平代理；不能复现原偏离度,False
2023-01-13,2.0863106951871657,SHIBOR_1W+利差调整,1.9551940285204992,1.846291028520499,0,水平代理；不能复现原偏离度,False
2023-01-13,2.0863106951871657,SHIBOR_1W+利差调整,1.9551940285204992,1.846291028520499,0,水平代理；不能复现原偏离度,False
2023-01-16,2.2007390080428952,SHIBOR_1W+利差调整,1.961822341376229,1.8468188413762288,0,水平代理；不能复现原偏离度,False
2023-01-16,2.2007390080428952,SHIBOR_1W+利差调整,1.961822341376229,1.8468188413762288,0,水平代理；不能复现原偏离度,False
2023-01-17,2.3413106951871656,SHIBOR_1W+利差调整,1.9692106951871653,1.8464900285204988,0,水平代理；不能复现原偏离度,False
2023-01-17,2.3413106951871656,SHIBOR_1W+利差调整,1.9692106951871653,1.8464900285204988,0,水平代理；不能复现原偏离度,False
2023-01-18,2.2813106951871656,SHIBOR_1W+利差调整,1.9735273618538325,1.846589528520499,0,水平代理；不能复现原偏离度,False
2023-01-18,2.2813106951871656,SHIBOR_1W+利差调整,1.9735273618538325,1.846589528520499,0,水平代理；不能复现原偏离度,False
2023-01-19,2.427310695187166,SHIBOR_1W+利差调整,1.978294028520499,1.8466890285204989,0,水平代理；不能复现原偏离度,False
2023-01-19,2.427310695187166,SHIBOR_1W+利差调整,1.978294028520499,1.8466890285204989,0,水平代理；不能复现原偏离度,False
2023-01-20,2.1343106951871658,SHIBOR_1W+利差调整,1.9778773618538323,1.846737861853832,0,水平代理；不能复现原偏离度,False
2023-01-20,2.1343106951871658,SHIBOR_1W+利差调整,1.9778773618538323,1.846737861853832,0,水平代理；不能复现原偏离度,False
2023-01-28,2.0617390080428954,SHIBOR_1W+利差调整,1.977505674709562,1.8472150080428955,0,水平代理；不能复现原偏离度,False
2023-01-28,2.0617390080428954,SHIBOR_1W+利差调整,1.977505674709562,1.8472150080428955,0,水平代理；不能复现原偏离度,False
2023-01-29,2.0007390080428955,SHIBOR_1W+利差调整,1.9758723413762287,1.8472638413762288,0,水平代理；不能复现原偏离度,False
2023-01-29,2.0007390080428955,SHIBOR_1W+利差调整,1.9758723413762287,1.8472638413762288,0,水平代理；不能复现原偏离度,False
2023-01-30,2.1967390080428952,SHIBOR_1W+利差调整,1.9795556747095624,1.847312674709562,0,水平代理；不能复现原偏离度,False
2023-01-30,2.1967390080428952,SHIBOR_1W+利差调整,1.9795556747095622,1.847312674709562,0,水平代理；不能复现原偏离度,False
2023-01-31,2.2677390080428954,SHIBOR_1W+利差调整,1.9853890080428955,1.847361508042896,0,水平代理；不能复现原偏离度,False
2023-01-31,2.2677390080428954,SHIBOR_1W+利差调整,1.9853890080428953,1.8473615080428956,0,水平代理；不能复现原偏离度,False
2023-02-01,2.1920045576407508,SHIBOR_1W+利差调整,1.991104557640751,1.847675890974084,0,水平代理；不能复现原偏离度,False
2023-02-01,2.1920045576407508,SHIBOR_1W+利差调整,1.991104557640751,1.847675890974084,0,水平代理；不能复现原偏离度,False
2023-02-02,2.1057390080428955,SHIBOR_1W+利差调整,1.995122341376229,1.847459174709562,0,水平代理；不能复现原偏离度,False
2023-02-02,2.1057390080428955,SHIBOR_1W+利差调整,1.9951223413762287,1.8474591747095621,0,水平代理；不能复现原偏离度,False
2023-02-03,1.9963106951871656,SHIBOR_1W+利差调整,1.9957606951871656,1.8470796951871653,0,水平代理；不能复现原偏离度,False
2023-02-03,1.9963106951871656,SHIBOR_1W+利差调整,1.9957606951871656,1.8470796951871653,0,水平代理；不能复现原偏离度,False
2023-02-06,2.153481124497992,SHIBOR_1W+利差调整,1.999181124497992,1.8472989578313253,0,水平代理；不能复现原偏离度,False
2023-02-06,2.153481124497992,SHIBOR_1W+利差调整,1.999181124497992,1.8472989578313253,0,水平代理；不能复现原偏离度,False
2023-02-07,2.2323106951871656,SHIBOR_1W+利差调整,2.0028606951871657,1.8471773618538323,0,水平代理；不能复现原偏离度,False
2023-02-07,2.2323106951871656,SHIBOR_1W+利差调整,2.0028606951871657,1.8471773618538323,0,水平代理；不能复现原偏离度,False
2023-02-08,2.3403106951871657,SHIBOR_1W+利差调整,2.0071273618538323,1.847184695187165,0,水平代理；不能复现原偏离度,False
2023-02-08,2.3403106951871657,SHIBOR_1W+利差调整,2.0071273618538323,1.847184695187165,0,水平代理；不能复现原偏离度,False
2023-02-09,2.3443106951871657,SHIBOR_1W+利差调整,2.012294028520499,1.847192028520499,0,水平代理；不能复现原偏离度,False
2023-02-09,2.3443106951871657,SHIBOR_1W+利差调整,2.012294028520499,1.847192028520499,0,水平代理；不能复现原偏离度,False
2023-02-10,2.107739008042896,SHIBOR_1W+利差调整,2.0146390080428955,1.847627674709562,0,水平代理；不能复现原偏离度,False
2023-02-10,2.1077390080428957,SHIBOR_1W+利差调整,2.0146390080428955,1.8476276747095621,0,水平代理；不能复现原偏离度,False
2023-02-13,2.0697390080428955,SHIBOR_1W+利差调整,2.0145390080428958,1.8476350080428956,0,水平代理；不能复现原偏离度,False
2023-02-13,2.0697390080428955,SHIBOR_1W+利差调整,2.0145390080428953,1.8476350080428954,0,水平代理；不能复现原偏离度,False
2023-02-14,2.153481124497992,SHIBOR_1W+利差调整,2.014431124497992,1.8473844578313248,0,水平代理；不能复现原偏离度,False
2023-02-14,2.153481124497992,SHIBOR_1W+利差调整,2.014431124497992,1.8473844578313248,0,水平代理；不能复现原偏离度,False
2023-02-15,2.142481124497992,SHIBOR_1W+利差调整,2.0166477911646585,1.847391791164659,0,水平代理；不能复现原偏离度,False
2023-02-15,2.142481124497992,SHIBOR_1W+利差调整,2.0166477911646585,1.847391791164659,0,水平代理；不能复现原偏离度,False
2023-02-16,2.241310695187166,SHIBOR_1W+利差调整,2.0215440285205,1.847228695187166,0,水平代理；不能复现原偏离度,False
2023-02-16,2.241310695187166,SHIBOR_1W+利差调整,2.0215440285205,1.847228695187166,0,水平代理；不能复现原偏离度,False
2023-02-17,2.3443106951871657,SHIBOR_1W+利差调整,2.030260695187166,1.8472360285204992,0,水平代理；不能复现原偏离度,False
2023-02-17,2.3443106951871657,SHIBOR_1W+利差调整,2.030260695187166,1.8472360285204992,0,水平代理；不能复现原偏离度,False
2023-02-20,2.250481124497992,SHIBOR_1W+利差调整,2.0377477911646587,1.8474137911646589,0,水平代理；不能复现原偏离度,False
2023-02-20,2.250481124497992,SHIBOR_1W+利差调整,2.0377477911646587,1.8474137911646589,0,水平代理；不能复现原偏离度,False
2023-02-21,2.2827390080428955,SHIBOR_1W+利差调整,2.0457223413762287,1.8476790080428955,0,水平代理；不能复现原偏离度,False
2023-02-21,2.2827390080428955,SHIBOR_1W+利差调整,2.0457223413762287,1.8476790080428953,0,水平代理；不能复现原偏离度,False
2023-02-22,2.3047390080428958,SHIBOR_1W+利差调整,2.0522056747095623,1.847858174709562,0,水平代理；不能复现原偏离度,False
2023-02-22,2.3047390080428953,SHIBOR_1W+利差调整,2.0522056747095623,1.847858174709562,0,水平代理；不能复现原偏离度,False
2023-02-23,2.309481124497992,SHIBOR_1W+利差调整,2.058931124497992,1.8477794578313256,0,水平代理；不能复现原偏离度,False
2023-02-23,2.309481124497992,SHIBOR_1W+利差调整,2.058931124497992,1.8477794578313256,0,水平代理；不能复现原偏离度,False
2023-02-24,2.3897390080428957,SHIBOR_1W+利差调整,2.065222341376229,1.8482165080428956,0,水平代理；不能复现原偏离度,False
2023-02-24,2.3897390080428953,SHIBOR_1W+利差调整,2.065222341376229,1.8482165080428954,0,水平代理；不能复现原偏离度,False
2023-02-27,2.323310695187166,SHIBOR_1W+利差调整,2.069994028520499,1.8479673618538328,0,水平代理；不能复现原偏离度,False
2023-02-27,2.323310695187166,SHIBOR_1W+利差调整,2.069994028520499,1.8479673618538328,0,水平代理；不能复现原偏离度,False
2023-02-28,2.498481124497992,SHIBOR_1W+利差调整,2.077447791164659,1.8483169578313248,0,水平代理；不能复现原偏离度,False
2023-02-28,2.498481124497992,SHIBOR_1W+利差调整,2.077447791164659,1.8483169578313248,0,水平代理；不能复现原偏离度,False
2023-03-01,2.2367390080428957,SHIBOR_1W+利差调整,2.083722341376229,1.8487540080428952,0,水平代理；不能复现原偏离度,False
2023-03-01,2.2367390080428953,SHIBOR_1W+利差调整,2.083722341376229,1.8487540080428952,0,水平代理；不能复现原偏离度,False
2023-03-02,2.139739008042896,SHIBOR_1W+利差调整,2.088722341376229,1.848933174709562,0,水平代理；不能复现原偏离度,False
2023-03-02,2.1397390080428957,SHIBOR_1W+利差调整,2.088722341376229,1.848933174709562,0,水平代理；不能复现原偏离度,False
2023-03-03,2.077310695187166,SHIBOR_1W+利差调整,2.0923273618538323,1.8486840285204995,0,水平代理；不能复现原偏离度,False
2023-03-03,2.077310695187166,SHIBOR_1W+利差调整,2.0923273618538323,1.8486840285204995,0,水平代理；不能复现原偏离度,False
2023-03-06,1.9623106951871656,SHIBOR_1W+利差调整,2.094644028520499,1.848863195187166,0,水平代理；不能复现原偏离度,False
2023-03-06,1.9623106951871656,SHIBOR_1W+利差调整,2.094644028520499,1.848863195187166,0,水平代理；不能复现原偏离度,False
2023-03-07,2.019739008042896,SHIBOR_1W+利差调整,2.098572341376229,1.849470674709562,0,水平代理；不能复现原偏离度,False
2023-03-07,2.0197390080428956,SHIBOR_1W+利差调整,2.098572341376229,1.849470674709562,0,水平代理；不能复现原偏离度,False
2023-03-08,2.061310695187166,SHIBOR_1W+利差调整,2.1015606951871657,1.849149195187166,0,水平代理；不能复现原偏离度,False
2023-03-08,2.061310695187166,SHIBOR_1W+利差调整,2.1015606951871657,1.849149195187166,0,水平代理；不能复现原偏离度,False
2023-03-09,2.067739008042896,SHIBOR_1W+利差调整,2.1046890080428957,1.8496843413762287,0,水平代理；不能复现原偏离度,False
2023-03-09,2.0677390080428957,SHIBOR_1W+利差调整,2.1046890080428953,1.8496843413762287,0,水平代理；不能复现原偏离度,False
2023-03-10,2.159757908847185,SHIBOR_1W+利差调整,2.111424575513852,1.849810075513852,0,水平代理；不能复现原偏离度,False
2023-03-10,2.159757908847185,SHIBOR_1W+利差调整,2.111424575513852,1.849810075513852,0,水平代理；不能复现原偏离度,False
2023-03-13,2.1057390080428955,SHIBOR_1W+利差调整,2.114922341376229,1.8498980080428955,0,水平代理；不能复现原偏离度,False
2023-03-13,2.1057390080428955,SHIBOR_1W+利差调整,2.114922341376229,1.8498980080428953,0,水平代理；不能复现原偏离度,False
2023-03-14,2.201310695187166,SHIBOR_1W+利差调整,2.1209273618538327,1.8495765285205,0,水平代理；不能复现原偏离度,False
2023-03-14,2.201310695187166,SHIBOR_1W+利差调整,2.1209273618538327,1.8495765285205,0,水平代理；不能复现原偏离度,False
2023-03-15,2.2353106951871657,SHIBOR_1W+利差调整,2.1286440285205,1.8496833618538324,0,水平代理；不能复现原偏离度,False
2023-03-15,2.2353106951871657,SHIBOR_1W+利差调整,2.1286440285205,1.8496833618538324,0,水平代理；不能复现原偏离度,False
2023-03-16,2.323310695187166,SHIBOR_1W+利差调整,2.1357273618538324,1.8497901951871656,0,水平代理；不能复现原偏离度,False
2023-03-16,2.323310695187166,SHIBOR_1W+利差调整,2.1357273618538324,1.8497901951871656,0,水平代理；不能复现原偏离度,False
2023-03-17,2.2327390080428957,SHIBOR_1W+利差调整,2.1409223413762293,1.8503253413762288,0,水平代理；不能复现原偏离度,False
2023-03-17,2.2327390080428953,SHIBOR_1W+利差调整,2.1409223413762293,1.8503253413762286,0,水平代理；不能复现原偏离度,False
2023-03-20,2.3097390080428952,SHIBOR_1W+利差调整,2.146855674709562,1.850432174709562,0,水平代理；不能复现原偏离度,False
2023-03-20,2.3097390080428952,SHIBOR_1W+利差调整,2.146855674709562,1.850432174709562,0,水平代理；不能复现原偏离度,False
2023-03-21,2.344739008042896,SHIBOR_1W+利差调整,2.155372341376229,1.8505390080428956,0,水平代理；不能复现原偏离度,False
2023-03-21,2.3447390080428954,SHIBOR_1W+利差调整,2.155372341376229,1.8505390080428954,0,水平代理；不能复现原偏离度,False
2023-03-22,2.224739008042896,SHIBOR_1W+利差调整,2.1636890080428954,1.8505673413762287,0,水平代理；不能复现原偏离度,False
2023-03-22,2.224739008042896,SHIBOR_1W+利差调整,2.1636890080428954,1.8505673413762287,0,水平代理；不能复现原偏离度,False
2023-03-23,2.083739008042896,SHIBOR_1W+利差调整,2.1678556747095623,1.850595674709562,0,水平代理；不能复现原偏离度,False
2023-03-23,2.083739008042896,SHIBOR_1W+利差调整,2.1678556747095623,1.850595674709562,0,水平代理；不能复现原偏离度,False
2023-03-24,1.8497390080428957,SHIBOR_1W+利差调整,2.163555674709562,1.8506240080428955,0,水平代理；不能复现原偏离度,False
2023-03-24,1.8497390080428955,SHIBOR_1W+利差调整,2.163555674709562,1.8506240080428955,0,水平代理；不能复现原偏离度,False
2023-03-27,2.2637390080428954,SHIBOR_1W+利差调整,2.165439008042896,1.8506523413762288,0,水平代理；不能复现原偏离度,False
2023-03-27,2.2637390080428954,SHIBOR_1W+利差调整,2.165439008042896,1.8506523413762288,0,水平代理；不能复现原偏离度,False
2023-03-28,2.1747390080428954,SHIBOR_1W+利差调整,2.1655890080428954,1.850680674709562,0,水平代理；不能复现原偏离度,False
2023-03-28,2.1747390080428954,SHIBOR_1W+利差调整,2.1655890080428954,1.850680674709562,0,水平代理；不能复现原偏离度,False
2023-03-29,2.3037390080428954,SHIBOR_1W+利差调整,2.163855674709562,1.8507090080428956,0,水平代理；不能复现原偏离度,False
2023-03-29,2.3037390080428954,SHIBOR_1W+利差调整,2.163855674709562,1.8507090080428954,0,水平代理；不能复现原偏离度,False
2023-03-30,2.2907390080428955,SHIBOR_1W+利差调整,2.1625390080428954,1.8507373413762287,0,水平代理；不能复现原偏离度,False
2023-03-30,2.2907390080428955,SHIBOR_1W+利差调整,2.1625390080428954,1.8507373413762287,0,水平代理；不能复现原偏离度,False
2023-03-31,2.3617390080428957,SHIBOR_1W+利差调整,2.1674556747095624,1.8507656747095624,0,水平代理；不能复现原偏离度,False
2023-03-31,2.3617390080428953,SHIBOR_1W+利差调整,2.1674556747095624,1.8507656747095622,0,水平代理；不能复现原偏离度,False
2023-04-03,2.070739008042896,SHIBOR_1W+利差调整,2.1731556747095624,1.8507940080428955,0,水平代理；不能复现原偏离度,False
2023-04-03,2.070739008042896,SHIBOR_1W+利差调整,2.1731556747095624,1.8507940080428955,0,水平代理；不能复现原偏离度,False
2023-04-04,2.0167390080428955,SHIBOR_1W+利差调整,2.181189008042895,1.8508223413762288,0,水平代理；不能复现原偏离度,False
2023-04-04,2.0167390080428955,SHIBOR_1W+利差调整,2.181189008042895,1.8508223413762288,0,水平代理；不能复现原偏离度,False
2023-04-06,2.124739008042896,SHIBOR_1W+利差调整,2.1878223413762288,1.8508371747095624,0,水平代理；不能复现原偏离度,False
2023-04-06,2.1247390080428956,SHIBOR_1W+利差调整,2.1878223413762288,1.8508371747095622,0,水平代理；不能复现原偏离度,False
2023-04-07,2.143739008042896,SHIBOR_1W+利差调整,2.192289008042896,1.8508520080428956,0,水平代理；不能复现原偏离度,False
2023-04-07,2.1437390080428957,SHIBOR_1W+利差调整,2.192289008042896,1.8508520080428954,0,水平代理；不能复现原偏离度,False
2023-04-10,2.1507390080428954,SHIBOR_1W+利差调整,2.193472341376229,1.8508668413762288,0,水平代理；不能复现原偏离度,False
2023-04-10,2.1507390080428954,SHIBOR_1W+利差调整,2.193472341376229,1.8508668413762288,0,水平代理；不能复现原偏离度,False
2023-04-11,2.131739008042896,SHIBOR_1W+利差调整,2.1932890080428957,1.850881674709562,0,水平代理；不能复现原偏离度,False
2023-04-11,2.1317390080428957,SHIBOR_1W+利差调整,2.1932890080428953,1.850881674709562,0,水平代理；不能复现原偏离度,False
2023-04-12,2.143739008042896,SHIBOR_1W+利差调整,2.1933723413762283,1.8508965080428956,0,水平代理；不能复现原偏离度,False
2023-04-12,2.1437390080428957,SHIBOR_1W+利差调整,2.1933723413762283,1.8508965080428954,0,水平代理；不能复现原偏离度,False
2023-04-13,2.144739008042896,SHIBOR_1W+利差调整,2.1943390080428955,1.8509113413762288,0,水平代理；不能复现原偏离度,False
2023-04-13,2.144739008042896,SHIBOR_1W+利差调整,2.1943390080428955,1.8509113413762288,0,水平代理；不能复现原偏离度,False
2023-04-14,2.1467390080428954,SHIBOR_1W+利差调整,2.193439008042896,1.850926174709562,0,水平代理；不能复现原偏离度,False
2023-04-14,2.1467390080428954,SHIBOR_1W+利差调整,2.193439008042896,1.850926174709562,0,水平代理；不能复现原偏离度,False
2023-04-17,2.1947390080428955,SHIBOR_1W+利差调整,2.190989008042896,1.850941008042896,0,水平代理；不能复现原偏离度,False
2023-04-17,2.1947390080428955,SHIBOR_1W+利差调整,2.190989008042896,1.850941008042896,0,水平代理；不能复现原偏离度,False
2023-04-18,2.224739008042896,SHIBOR_1W+利差调整,2.190039008042896,1.8509558413762288,0,水平代理；不能复现原偏离度,False
2023-04-18,2.224739008042896,SHIBOR_1W+利差调整,2.190039008042896,1.8509558413762288,0,水平代理；不能复现原偏离度,False
2023-04-19,2.2437390080428954,SHIBOR_1W+利差调整,2.1869723413762285,1.850970674709562,0,水平代理；不能复现原偏离度,False
2023-04-19,2.2437390080428954,SHIBOR_1W+利差调整,2.1869723413762285,1.850970674709562,0,水平代理；不能复现原偏离度,False
2023-04-20,2.2477390080428954,SHIBOR_1W+利差调整,2.188855674709562,1.851294174709562,0,水平代理；不能复现原偏离度,False
2023-04-20,2.2477390080428954,SHIBOR_1W+利差调整,2.188855674709562,1.8512941747095621,0,水平代理；不能复现原偏离度,False
2023-04-21,2.3457390080428957,SHIBOR_1W+利差调整,2.193589008042895,1.851617674709562,0,水平代理；不能复现原偏离度,False
2023-04-21,2.3457390080428953,SHIBOR_1W+利差调整,2.193589008042895,1.851617674709562,0,水平代理；不能复现原偏离度,False
2023-04-23,2.2427390080428955,SHIBOR_1W+利差调整,2.1976223413762286,1.851941174709562,0,水平代理；不能复现原偏离度,False
2023-04-23,2.2427390080428955,SHIBOR_1W+利差调整,2.1976223413762286,1.851941174709562,0,水平代理；不能复现原偏离度,False
2023-04-24,2.2637390080428954,SHIBOR_1W+利差调整,2.1987390080428955,1.852264674709562,0,水平代理；不能复现原偏离度,False
2023-04-24,2.2637390080428954,SHIBOR_1W+利差调整,2.1987390080428955,1.8522646747095621,0,水平代理；不能复现原偏离度,False
2023-04-25,2.168739008042895,SHIBOR_1W+利差调整,2.1970890080428958,1.852588174709562,0,水平代理；不能复现原偏离度,False
2023-04-25,2.168739008042895,SHIBOR_1W+利差调整,2.1970890080428953,1.852588174709562,0,水平代理；不能复现原偏离度,False
2023-04-26,2.2087390080428952,SHIBOR_1W+利差调整,2.197372341376229,1.8529116747095624,0,水平代理；不能复现原偏离度,False
2023-04-26,2.2087390080428952,SHIBOR_1W+利差调整,2.197372341376229,1.8529116747095622,0,水平代理；不能复现原偏离度,False
2023-04-27,2.357739008042896,SHIBOR_1W+利差调整,2.2015723413762287,1.853235174709562,0,水平代理；不能复现原偏离度,False
2023-04-27,2.357739008042896,SHIBOR_1W+利差调整,2.2015723413762287,1.853235174709562,0,水平代理；不能复现原偏离度,False
2023-04-28,2.4467390080428952,SHIBOR_1W+利差调整,2.2090723413762285,1.853558674709562,0,水平代理；不能复现原偏离度,False
2023-04-28,2.4467390080428952,SHIBOR_1W+利差调整,2.2090723413762285,1.853558674709562,0,水平代理；不能复现原偏离度,False
2023-05-04,2.1097390080428955,SHIBOR_1W+利差调整,2.208339008042896,1.8538821747095624,0,水平代理；不能复现原偏离度,False
2023-05-04,2.1097390080428955,SHIBOR_1W+利差调整,2.2083390080428957,1.8538821747095622,0,水平代理；不能复现原偏离度,False
2023-05-05,1.9617390080428956,SHIBOR_1W+利差调整,2.203822341376229,1.854205674709562,0,水平代理；不能复现原偏离度,False
2023-05-05,1.9617390080428954,SHIBOR_1W+利差调整,2.203822341376229,1.854205674709562,0,水平代理；不能复现原偏离度,False
2023-05-06,1.8917390080428955,SHIBOR_1W+利差调整,2.196339008042896,1.854275674709562,0,水平代理；不能复现原偏离度,False
2023-05-06,1.8917390080428955,SHIBOR_1W+利差调整,2.1963390080428957,1.8542756747095621,0,水平代理；不能复现原偏离度,False
2023-05-08,1.941739008042896,SHIBOR_1W+利差调整,2.189622341376229,1.854345674709562,0,水平代理；不能复现原偏离度,False
2023-05-08,1.941739008042896,SHIBOR_1W+利差调整,2.189622341376229,1.854345674709562,0,水平代理；不能复现原偏离度,False
2023-05-09,1.9717390080428956,SHIBOR_1W+利差调整,2.187355674709562,1.854415674709562,0,水平代理；不能复现原偏离度,False
2023-05-09,1.9717390080428954,SHIBOR_1W+利差调整,2.187355674709562,1.8544156747095621,0,水平代理；不能复现原偏离度,False
2023-05-10,2.0487390080428955,SHIBOR_1W+利差调整,2.187005674709562,1.8544856747095624,0,水平代理；不能复现原偏离度,False
2023-05-10,2.0487390080428955,SHIBOR_1W+利差调整,2.187005674709562,1.8544856747095622,0,水平代理；不能复现原偏离度,False
2023-05-11,1.949739008042896,SHIBOR_1W+利差调整,2.183605674709562,1.8545556747095624,0,水平代理；不能复现原偏离度,False
2023-05-11,1.949739008042896,SHIBOR_1W+利差调整,2.183605674709562,1.8545556747095624,0,水平代理；不能复现原偏离度,False
2023-05-12,1.975739008042896,SHIBOR_1W+利差调整,2.1808223413762287,1.8546256747095624,0,水平代理；不能复现原偏离度,False
2023-05-12,1.975739008042896,SHIBOR_1W+利差调整,2.1808223413762287,1.8546256747095624,0,水平代理；不能复现原偏离度,False
2023-05-15,2.0207390080428955,SHIBOR_1W+利差调整,2.177139008042895,1.8546956747095624,0,水平代理；不能复现原偏离度,False
2023-05-15,2.0207390080428955,SHIBOR_1W+利差调整,2.177139008042895,1.8546956747095622,0,水平代理；不能复现原偏离度,False
2023-05-16,1.9127390080428956,SHIBOR_1W+利差调整,2.1699390080428955,1.8547656747095624,0,水平代理；不能复现原偏离度,False
2023-05-16,1.9127390080428954,SHIBOR_1W+利差调整,2.1699390080428955,1.8547656747095622,0,水平代理；不能复现原偏离度,False
2023-05-17,1.9907390080428955,SHIBOR_1W+利差调整,2.1656056747095622,1.8548356747095625,0,水平代理；不能复现原偏离度,False
2023-05-17,1.9907390080428955,SHIBOR_1W+利差调整,2.1656056747095622,1.8548356747095622,0,水平代理；不能复现原偏离度,False
2023-05-18,1.9067390080428956,SHIBOR_1W+利差调整,2.159339008042896,1.8549056747095625,0,水平代理；不能复现原偏离度,False
2023-05-18,1.9067390080428954,SHIBOR_1W+利差调整,2.159339008042896,1.8549056747095622,0,水平代理；不能复现原偏离度,False
2023-05-19,2.056739008042896,SHIBOR_1W+利差调整,2.155205674709562,1.8550990080428955,0,水平代理；不能复现原偏离度,False
2023-05-19,2.056739008042896,SHIBOR_1W+利差调整,2.155205674709562,1.8550990080428955,0,水平代理；不能复现原偏离度,False
2023-05-22,2.043739008042896,SHIBOR_1W+利差调整,2.150772341376229,1.855292341376229,0,水平代理；不能复现原偏离度,False
2023-05-22,2.043739008042896,SHIBOR_1W+利差调整,2.150772341376229,1.855292341376229,0,水平代理；不能复现原偏离度,False
2023-05-23,1.970739008042896,SHIBOR_1W+利差调整,2.143789008042895,1.8554856747095625,0,水平代理；不能复现原偏离度,False
2023-05-23,1.970739008042896,SHIBOR_1W+利差调整,2.143789008042895,1.8554856747095625,0,水平代理；不能复现原偏离度,False
2023-05-24,1.9087390080428956,SHIBOR_1W+利差调整,2.1368723413762285,1.8556790080428955,0,水平代理；不能复现原偏离度,False
2023-05-24,1.9087390080428954,SHIBOR_1W+利差调整,2.1368723413762285,1.8556790080428955,0,水平代理；不能复现原偏离度,False
2023-05-25,2.054739008042896,SHIBOR_1W+利差调整,2.129472341376229,1.8558723413762288,0,水平代理；不能复现原偏离度,False
2023-05-25,2.054739008042896,SHIBOR_1W+利差调整,2.129472341376229,1.8558723413762288,0,水平代理；不能复现原偏离度,False
2023-05-26,2.1387390080428954,SHIBOR_1W+利差调整,2.1278390080428955,1.856065674709562,0,水平代理；不能复现原偏离度,False
2023-05-26,2.1387390080428954,SHIBOR_1W+利差调整,2.1278390080428955,1.856065674709562,0,水平代理；不能复现原偏离度,False
2023-05-29,2.083739008042896,SHIBOR_1W+利差调整,2.1269056747095623,1.856259008042896,0,水平代理；不能复现原偏离度,False
2023-05-29,2.0837390080428957,SHIBOR_1W+利差调整,2.1269056747095623,1.8562590080428956,0,水平代理；不能复现原偏离度,False
2023-05-30,2.139739008042896,SHIBOR_1W+利差调整,2.1279390080428957,1.8564523413762288,0,水平代理；不能复现原偏离度,False
2023-05-30,2.1397390080428957,SHIBOR_1W+利差调整,2.1279390080428953,1.8564523413762288,0,水平代理；不能复现原偏离度,False
2023-05-31,2.2047390080428952,SHIBOR_1W+利差调整,2.131972341376229,1.856645674709562,0,水平代理；不能复现原偏离度,False
2023-05-31,2.2047390080428952,SHIBOR_1W+利差调整,2.131972341376229,1.856645674709562,0,水平代理；不能复现原偏离度,False
2023-06-01,1.9947390080428955,SHIBOR_1W+利差调整,2.131555674709562,1.8568390080428956,0,水平代理；不能复现原偏离度,False
2023-06-01,1.9947390080428955,SHIBOR_1W+利差调整,2.131555674709562,1.8568390080428954,0,水平代理；不能复现原偏离度,False
2023-06-02,1.960739008042896,SHIBOR_1W+利差调整,2.129872341376229,1.856850674709562,0,水平代理；不能复现原偏离度,False
2023-06-02,1.960739008042896,SHIBOR_1W+利差调整,2.129872341376229,1.856850674709562,0,水平代理；不能复现原偏离度,False
2023-06-05,1.9937390080428956,SHIBOR_1W+利差调整,2.1286390080428954,1.8568623413762289,0,水平代理；不能复现原偏离度,False
2023-06-05,1.9937390080428954,SHIBOR_1W+利差调整,2.1286390080428954,1.8568623413762286,0,水平代理；不能复现原偏离度,False
2023-06-06,1.9137390080428955,SHIBOR_1W+利差调整,2.124539008042896,1.8568740080428956,0,水平代理；不能复现原偏离度,False
2023-06-06,1.9137390080428953,SHIBOR_1W+利差调整,2.1245390080428956,1.8568740080428954,0,水平代理；不能复现原偏离度,False
2023-06-07,2.0017390080428954,SHIBOR_1W+利差调整,2.122805674709562,1.856885674709562,0,水平代理；不能复现原偏离度,False
2023-06-07,2.0017390080428954,SHIBOR_1W+利差调整,2.122805674709562,1.856885674709562,0,水平代理；不能复现原偏离度,False
2023-06-08,1.9967390080428955,SHIBOR_1W+利差调整,2.119389008042896,1.8568973413762289,0,水平代理；不能复现原偏离度,False
2023-06-08,1.9967390080428955,SHIBOR_1W+利差调整,2.1193890080428957,1.8568973413762286,0,水平代理；不能复现原偏离度,False
2023-06-09,1.9727390080428957,SHIBOR_1W+利差调整,2.115005674709562,1.8569090080428956,0,水平代理；不能复现原偏离度,False
2023-06-09,1.9727390080428955,SHIBOR_1W+利差调整,2.115005674709562,1.8569090080428954,0,水平代理；不能复现原偏离度,False
2023-06-12,1.976739008042896,SHIBOR_1W+利差调整,2.109222341376229,1.856920674709562,0,水平代理；不能复现原偏离度,False
2023-06-12,1.976739008042896,SHIBOR_1W+利差调整,2.109222341376229,1.856920674709562,0,水平代理；不能复现原偏离度,False
2023-06-13,1.9867390080428955,SHIBOR_1W+利差调整,2.105122341376229,1.8569323413762289,0,水平代理；不能复现原偏离度,False
2023-06-13,1.9867390080428955,SHIBOR_1W+利差调整,2.105122341376229,1.8569323413762289,0,水平代理；不能复现原偏离度,False
2023-06-14,1.9927390080428955,SHIBOR_1W+利差调整,2.0998390080428955,1.8569440080428952,0,水平代理；不能复现原偏离度,False
2023-06-14,1.9927390080428955,SHIBOR_1W+利差调整,2.0998390080428955,1.8569440080428952,0,水平代理；不能复现原偏离度,False
2023-06-15,1.985739008042896,SHIBOR_1W+利差调整,2.093855674709562,1.856955674709562,0,水平代理；不能复现原偏离度,False
2023-06-15,1.985739008042896,SHIBOR_1W+利差调整,2.093855674709562,1.856955674709562,0,水平代理；不能复现原偏离度,False
2023-06-16,2.071739008042896,SHIBOR_1W+利差调整,2.091305674709562,1.8569840080428952,0,水平代理；不能复现原偏离度,False
2023-06-16,2.071739008042896,SHIBOR_1W+利差调整,2.091305674709562,1.8569840080428952,0,水平代理；不能复现原偏离度,False
2023-06-19,2.1303106951871658,SHIBOR_1W+利差调整,2.091660695187166,1.856584028520499,0,水平代理；不能复现原偏离度,False
2023-06-19,2.1303106951871658,SHIBOR_1W+利差调整,2.091660695187166,1.856584028520499,0,水平代理；不能复现原偏离度,False
2023-06-20,2.189310695187166,SHIBOR_1W+利差调整,2.0973273618538326,1.8566123618538324,0,水平代理；不能复现原偏离度,False
2023-06-20,2.189310695187166,SHIBOR_1W+利差调整,2.0973273618538326,1.8566123618538324,0,水平代理；不能复现原偏离度,False
2023-06-21,2.1553106951871657,SHIBOR_1W+利差调整,2.0955273618538324,1.8566406951871657,0,水平代理；不能复现原偏离度,False
2023-06-21,2.1553106951871657,SHIBOR_1W+利差调整,2.0955273618538324,1.8566406951871657,0,水平代理；不能复现原偏离度,False
2023-06-25,2.096739008042896,SHIBOR_1W+利差调整,2.094655674709562,1.8570973413762288,0,水平代理；不能复现原偏离度,False
2023-06-25,2.0967390080428956,SHIBOR_1W+利差调整,2.094655674709562,1.8570973413762286,0,水平代理；不能复现原偏离度,False
2023-06-26,2.0133106951871658,SHIBOR_1W+利差调整,2.0893940285205,1.8566973618538325,0,水平代理；不能复现原偏离度,False
2023-06-26,2.0133106951871658,SHIBOR_1W+利差调整,2.0893940285205,1.8566973618538325,0,水平代理；不能复现原偏离度,False
2023-06-27,1.9977390080428956,SHIBOR_1W+利差调整,2.084939008042896,1.8571540080428957,0,水平代理；不能复现原偏离度,False
2023-06-27,1.9977390080428954,SHIBOR_1W+利差调整,2.0849390080428956,1.8571540080428954,0,水平代理；不能复现原偏离度,False
2023-06-28,2.0133106951871658,SHIBOR_1W+利差调整,2.078710695187166,1.856754028520499,0,水平代理；不能复现原偏离度,False
2023-06-28,2.0133106951871658,SHIBOR_1W+利差调整,2.078710695187166,1.856754028520499,0,水平代理；不能复现原偏离度,False
2023-06-29,2.0307390080428958,SHIBOR_1W+利差调整,2.0784723413762287,1.8572106747095625,0,水平代理；不能复现原偏离度,False
2023-06-29,2.0307390080428953,SHIBOR_1W+利差调整,2.0784723413762287,1.8572106747095622,0,水平代理；不能复现原偏离度,False
2023-06-30,2.209739008042896,SHIBOR_1W+利差调整,2.081689008042896,1.8572390080428955,0,水平代理；不能复现原偏离度,False
2023-06-30,2.2097390080428956,SHIBOR_1W+利差调整,2.0816890080428956,1.8572390080428955,0,水平代理；不能复现原偏离度,False
2023-07-03,1.9413106951871657,SHIBOR_1W+利差调整,2.078210695187166,1.8569856951871653,0,水平代理；不能复现原偏离度,False
2023-07-03,1.9413106951871657,SHIBOR_1W+利差调整,2.078210695187166,1.8569856951871653,0,水平代理；不能复现原偏离度,False
2023-07-04,1.9043106951871656,SHIBOR_1W+利差调整,2.0742273618538323,1.857160695187165,0,水平代理；不能复现原偏离度,False
2023-07-04,1.9043106951871656,SHIBOR_1W+利差调整,2.0742273618538323,1.857160695187165,0,水平代理；不能复现原偏离度,False
2023-07-05,1.9547390080428957,SHIBOR_1W+利差调整,2.071389008042896,1.8577640080428957,0,水平代理；不能复现原偏离度,False
2023-07-05,1.9547390080428955,SHIBOR_1W+利差调整,2.0713890080428956,1.8577640080428954,0,水平代理；不能复现原偏离度,False
2023-07-06,1.9093106951871657,SHIBOR_1W+利差调整,2.067260695187166,1.8575106951871656,0,水平代理；不能复现原偏离度,False
2023-07-06,1.9093106951871657,SHIBOR_1W+利差调整,2.067260695187166,1.8575106951871656,0,水平代理；不能复现原偏离度,False
2023-07-07,1.9253106951871657,SHIBOR_1W+利差调整,2.063627361853833,1.8576856951871656,0,水平代理；不能复现原偏离度,False
2023-07-07,1.9253106951871657,SHIBOR_1W+利差调整,2.063627361853833,1.8576856951871656,0,水平代理；不能复现原偏离度,False
2023-07-10,1.8723106951871653,SHIBOR_1W+利差调整,2.0590940285205,1.857860695187166,0,水平代理；不能复现原偏离度,False
2023-07-10,1.8723106951871653,SHIBOR_1W+利差调整,2.0590940285205,1.857860695187166,0,水平代理；不能复现原偏离度,False
2023-07-11,1.8907390080428956,SHIBOR_1W+利差调整,2.055255674709562,1.8584640080428956,0,水平代理；不能复现原偏离度,False
2023-07-11,1.8907390080428954,SHIBOR_1W+利差调整,2.055255674709562,1.8584640080428954,0,水平代理；不能复现原偏离度,False
2023-07-12,1.927481124497992,SHIBOR_1W+利差调整,2.0505477911646586,1.858381124497992,0,水平代理；不能复现原偏离度,False
2023-07-12,1.927481124497992,SHIBOR_1W+利差调整,2.0505477911646586,1.858381124497992,0,水平代理；不能复现原偏离度,False
2023-07-13,1.9283106951871656,SHIBOR_1W+利差调整,2.045444028520499,1.8583856951871656,0,水平代理；不能复现原偏离度,False
2023-07-13,1.9283106951871656,SHIBOR_1W+利差调整,2.045444028520499,1.8583856951871656,0,水平代理；不能复现原偏离度,False
2023-07-14,1.952481124497992,SHIBOR_1W+利差调整,2.040764457831325,1.858731124497992,0,水平代理；不能复现原偏离度,False
2023-07-14,1.952481124497992,SHIBOR_1W+利差调整,2.040764457831325,1.858731124497992,0,水平代理；不能复现原偏离度,False
2023-07-17,2.006481124497992,SHIBOR_1W+利差调整,2.0367477911646588,1.8588027911646587,0,水平代理；不能复现原偏离度,False
2023-07-17,2.006481124497992,SHIBOR_1W+利差调整,2.0367477911646588,1.8588027911646587,0,水平代理；不能复现原偏离度,False
2023-07-18,2.0387390080428958,SHIBOR_1W+利差调整,2.0318890080428957,1.8591323413762288,0,水平代理；不能复现原偏离度,False
2023-07-18,2.0387390080428953,SHIBOR_1W+利差调整,2.0318890080428953,1.8591323413762286,0,水平代理；不能复现原偏离度,False
2023-07-19,2.018310695187166,SHIBOR_1W+利差调整,2.0277273618538323,1.8587756951871657,0,水平代理；不能复现原偏离度,False
2023-07-19,2.018310695187166,SHIBOR_1W+利差调整,2.0277273618538323,1.8587756951871657,0,水平代理；不能复现原偏离度,False
2023-07-20,1.9783106951871656,SHIBOR_1W+利差调整,2.0229773618538323,1.8588473618538324,0,水平代理；不能复现原偏离度,False
2023-07-20,1.9783106951871656,SHIBOR_1W+利差调整,2.0229773618538323,1.8588473618538324,0,水平代理；不能复现原偏离度,False
2023-07-21,1.9723106951871656,SHIBOR_1W+利差调整,2.019710695187166,1.858919028520499,0,水平代理；不能复现原偏离度,False
2023-07-21,1.9723106951871656,SHIBOR_1W+利差调整,2.019710695187166,1.858919028520499,0,水平代理；不能复现原偏离度,False
2023-07-24,1.9547390080428957,SHIBOR_1W+利差调整,2.015905674709562,1.8594190080428956,0,水平代理；不能复现原偏离度,False
2023-07-24,1.9547390080428955,SHIBOR_1W+利差调整,2.015905674709562,1.8594190080428954,0,水平代理；不能复现原偏离度,False
2023-07-25,1.9897390080428956,SHIBOR_1W+利差调整,2.009772341376229,1.859490674709562,0,水平代理；不能复现原偏离度,False
2023-07-25,1.9897390080428954,SHIBOR_1W+利差调整,2.009772341376229,1.859490674709562,0,水平代理；不能复现原偏离度,False
2023-07-26,1.9997390080428956,SHIBOR_1W+利差调整,2.002322341376229,1.8595623413762288,0,水平代理；不能复现原偏离度,False
2023-07-26,1.9997390080428954,SHIBOR_1W+利差调整,2.002322341376229,1.8595623413762288,0,水平代理；不能复现原偏离度,False
2023-07-27,1.9647390080428957,SHIBOR_1W+利差调整,1.9999056747095625,1.8596340080428957,0,水平代理；不能复现原偏离度,False
2023-07-27,1.9647390080428955,SHIBOR_1W+利差调整,1.9999056747095623,1.8596340080428955,0,水平代理；不能复现原偏离度,False
2023-07-28,1.9723106951871656,SHIBOR_1W+利差调整,1.9996606951871656,1.8592773618538323,0,水平代理；不能复现原偏离度,False
2023-07-28,1.9723106951871656,SHIBOR_1W+利差调整,1.9996606951871656,1.8592773618538323,0,水平代理；不能复现原偏离度,False
2023-07-31,2.109481124497992,SHIBOR_1W+利差调整,2.003464457831325,1.8596794578313247,0,水平代理；不能复现原偏离度,False
2023-07-31,2.109481124497992,SHIBOR_1W+利差调整,2.003464457831325,1.8596794578313247,0,水平代理；不能复现原偏离度,False
2023-08-01,1.9523106951871656,SHIBOR_1W+利差调整,2.0034773618538324,1.8597406951871656,0,水平代理；不能复现原偏离度,False
2023-08-01,1.9523106951871656,SHIBOR_1W+利差调整,2.0034773618538324,1.8597406951871656,0,水平代理；不能复现原偏离度,False
2023-08-02,1.9237390080428955,SHIBOR_1W+利差调整,2.003105674709562,1.860400674709562,0,水平代理；不能复现原偏离度,False
2023-08-02,1.9237390080428953,SHIBOR_1W+利差调整,2.003105674709562,1.860400674709562,0,水平代理；不能复现原偏离度,False
2023-08-03,1.8173106951871656,SHIBOR_1W+利差调整,1.9988273618538324,1.8602040285205,0,水平代理；不能复现原偏离度,False
2023-08-03,1.8173106951871656,SHIBOR_1W+利差调整,1.9988273618538324,1.8602040285205,0,水平代理；不能复现原偏离度,False
2023-08-04,1.786739008042895,SHIBOR_1W+利差调整,1.9965390080428955,1.8608640080428955,0,水平代理；不能复现原偏离度,False
2023-08-04,1.7867390080428953,SHIBOR_1W+利差调整,1.9965390080428953,1.8608640080428955,0,水平代理；不能复现原偏离度,False
2023-08-07,1.72,FDR007(定盘利率),1.9918555169340464,1.8606673618538323,0,水平代理；不能复现原偏离度,True
2023-08-07,1.72,FDR007(定盘利率),1.9918555169340464,1.8606673618538323,0,水平代理；不能复现原偏离度,True
2023-08-08,1.9217390080428955,SHIBOR_1W+利差调整,1.9933556747095624,1.8613273413762288,0,水平代理；不能复现原偏离度,False
2023-08-08,1.9217390080428953,SHIBOR_1W+利差调整,1.9933556747095622,1.8613273413762288,0,水平代理；不能复现原偏离度,False
2023-08-09,1.9287390080428957,SHIBOR_1W+利差调整,1.993622341376229,1.8615590080428956,0,水平代理；不能复现原偏离度,False
2023-08-09,1.9287390080428954,SHIBOR_1W+利差调整,1.993622341376229,1.8615590080428954,0,水平代理；不能复现原偏离度,False
2023-08-10,1.9047390080428956,SHIBOR_1W+利差调整,1.992189008042896,1.861790674709562,0,水平代理；不能复现原偏离度,False
2023-08-10,1.9047390080428954,SHIBOR_1W+利差调整,1.9921890080428957,1.861790674709562,0,水平代理；不能复现原偏离度,False
2023-08-11,1.78,FDR007(定盘利率),1.9807014705882355,1.8615940285205,0,水平代理；不能复现原偏离度,True
2023-08-11,1.78,FDR007(定盘利率),1.9807014705882355,1.8615940285205,0,水平代理；不能复现原偏离度,True
2023-08-14,1.85,FDR007(定盘利率),1.9890266912421808,1.862105674709562,0,水平代理；不能复现原偏离度,True
2023-08-14,1.85,FDR007(定盘利率),1.9890266912421806,1.8621056747095621,0,水平代理；不能复现原偏离度,True
2023-08-15,1.93,FDR007(定盘利率),1.987131041108132,1.8621890080428956,0,水平代理；不能复现原偏离度,True
2023-08-15,1.93,FDR007(定盘利率),1.9871310411081322,1.8621890080428953,0,水平代理；不能复现原偏离度,True
2023-08-16,1.9,FDR007(定盘利率),1.9859520576407508,1.8622723413762288,0,水平代理；不能复现原偏离度,True
2023-08-16,1.9,FDR007(定盘利率),1.9859520576407508,1.8622723413762288,0,水平代理；不能复现原偏离度,True
2023-08-17,1.95,FDR007(定盘利率),1.986639740840036,1.862355674709562,0,水平代理；不能复现原偏离度,True
2023-08-17,1.95,FDR007(定盘利率),1.9866397408400358,1.862355674709562,0,水平代理；不能复现原偏离度,True
2023-08-18,1.95,FDR007(定盘利率),1.973158912655972,1.8620106951871656,0,水平代理；不能复现原偏离度,True
2023-08-18,1.95,FDR007(定盘利率),1.973158912655972,1.8620106951871656,0,水平代理；不能复现原偏离度,True
2023-08-21,1.95,FDR007(定盘利率),1.9700204010695188,1.8620940285204992,0,水平代理；不能复现原偏离度,True
2023-08-21,1.95,FDR007(定盘利率),1.9700204010695188,1.8620940285204992,0,水平代理；不能复现原偏离度,True
2023-08-22,1.95,FDR007(定盘利率),1.9795194571045576,1.862605674709562,0,水平代理；不能复现原偏离度,True
2023-08-22,1.95,FDR007(定盘利率),1.9795194571045578,1.862605674709562,0,水平代理；不能复现原偏离度,True
2023-08-23,1.93,FDR007(定盘利率),1.9760238069705092,1.8626890080428955,0,水平代理；不能复现原偏离度,True
2023-08-23,1.93,FDR007(定盘利率),1.9760238069705094,1.8626890080428953,0,水平代理；不能复现原偏离度,True
2023-08-24,1.85,FDR007(定盘利率),1.9701114901697945,1.8627723413762287,0,水平代理；不能复现原偏离度,True
2023-08-24,1.85,FDR007(定盘利率),1.9701114901697945,1.8627723413762287,0,水平代理；不能复现原偏离度,True
2023-08-25,2.15,FDR007(定盘利率),1.9726991733690795,1.862855674709562,0,水平代理；不能复现原偏离度,True
2023-08-25,2.15,FDR007(定盘利率),1.9726991733690795,1.862855674709562,0,水平代理；不能复现原偏离度,True
2023-08-28,2.2,FDR007(定盘利率),1.9766868565683644,1.8629123413762283,0,水平代理；不能复现原偏离度,True
2023-08-28,2.2,FDR007(定盘利率),1.9766868565683644,1.8629123413762285,0,水平代理；不能复现原偏离度,True
2023-08-29,2.25,FDR007(定盘利率),1.9693948058902275,1.862711124497992,0,水平代理；不能复现原偏离度,True
2023-08-29,2.25,FDR007(定盘利率),1.9693948058902275,1.862711124497992,0,水平代理；不能复现原偏离度,True
2023-08-30,2.4,FDR007(定盘利率),1.9890622229669348,1.863025674709562,0,水平代理；不能复现原偏离度,True
2023-08-30,2.4,FDR007(定盘利率),1.9890622229669348,1.863025674709562,0,水平代理；不能复现原偏离度,True
2023-08-31,2.28,FDR007(定盘利率),1.99369990616622,1.8630823413762287,0,水平代理；不能复现原偏离度,True
2023-08-31,2.28,FDR007(定盘利率),1.99369990616622,1.8630823413762287,0,水平代理；不能复现原偏离度,True
2023-09-01,1.95,FDR007(定盘利率),1.9812571301247768,1.862710695187166,0,水平代理；不能复现原偏离度,True
2023-09-01,1.95,FDR007(定盘利率),1.9812571301247768,1.862710695187166,0,水平代理；不能复现原偏离度,True
2023-09-04,1.86,FDR007(定盘利率),1.991041939231457,1.863195674709562,0,水平代理；不能复现原偏离度,True
2023-09-04,1.86,FDR007(定盘利率),1.9910419392314567,1.863195674709562,0,水平代理；不能复现原偏离度,True
2023-09-05,1.85,FDR007(定盘利率),1.977280106951872,1.8628240285205,0,水平代理；不能复现原偏离度,True
2023-09-05,1.85,FDR007(定盘利率),1.977280106951872,1.8628240285205,0,水平代理；不能复现原偏离度,True
2023-09-06,1.88,FDR007(定盘利率),1.968185688114388,1.8635745576407503,0,水平代理；不能复现原偏离度,True
2023-09-06,1.88,FDR007(定盘利率),1.968185688114388,1.8635745576407503,0,水平代理；不能复现原偏离度,True
2023-09-07,2.0,FDR007(定盘利率),1.9872716554959784,1.8633656747095624,0,水平代理；不能复现原偏离度,True
2023-09-07,2.0,FDR007(定盘利率),1.9872716554959784,1.8633656747095622,0,水平代理；不能复现原偏离度,True
2023-09-08,2.0,FDR007(定盘利率),1.987509338695264,1.8634223413762288,0,水平代理；不能复现原偏离度,True
2023-09-08,2.0,FDR007(定盘利率),1.9875093386952636,1.8634223413762288,0,水平代理；不能复现原偏离度,True
2023-09-11,2.05,FDR007(定盘利率),1.9755260606060605,1.8630790285204992,0,水平代理；不能复现原偏离度,True
2023-09-11,2.05,FDR007(定盘利率),1.9755260606060605,1.8630790285204992,0,水平代理；不能复现原偏离度,True
2023-09-12,2.0,FDR007(定盘利率),1.9733542156862744,1.8631640285205,0,水平代理；不能复现原偏离度,True
2023-09-12,2.0,FDR007(定盘利率),1.9733542156862744,1.8631640285205,0,水平代理；不能复现原偏离度,True
2023-09-13,1.98,FDR007(定盘利率),1.981472388293119,1.8636773413762289,0,水平代理；不能复现原偏离度,True
2023-09-13,1.98,FDR007(定盘利率),1.981472388293119,1.8636773413762289,0,水平代理；不能复现原偏离度,True
2023-09-14,2.05,FDR007(定盘利率),1.979710071492404,1.8637623413762288,0,水平代理；不能复现原偏离度,True
2023-09-14,2.05,FDR007(定盘利率),1.9797100714924036,1.8637623413762288,0,水平代理；不能复现原偏离度,True
2023-09-15,2.0,FDR007(定盘利率),1.978097754691689,1.8638473413762289,0,水平代理；不能复现原偏离度,True
2023-09-15,2.0,FDR007(定盘利率),1.978097754691689,1.8638473413762289,0,水平代理；不能复现原偏离度,True
2023-09-18,2.08,FDR007(定盘利率),1.9676168360071304,1.8635040285204991,0,水平代理；不能复现原偏离度,True
2023-09-18,2.08,FDR007(定盘利率),1.9676168360071304,1.8635040285204991,0,水平代理；不能复现原偏离度,True
2023-09-19,2.15,FDR007(定盘利率),1.9817397877569256,1.8640173413762289,0,水平代理；不能复现原偏离度,True
2023-09-19,2.15,FDR007(定盘利率),1.9817397877569256,1.8640173413762289,0,水平代理；不能复现原偏离度,True
2023-09-20,2.15,FDR007(定盘利率),1.984010804289544,1.8641023413762288,0,水平代理；不能复现原偏离度,True
2023-09-20,2.15,FDR007(定盘利率),1.984010804289544,1.8641023413762288,0,水平代理；不能复现原偏离度,True
2023-09-21,2.15,FDR007(定盘利率),1.9859984874888288,1.8641873413762289,0,水平代理；不能复现原偏离度,True
2023-09-21,2.15,FDR007(定盘利率),1.9859984874888292,1.8641873413762289,0,水平代理；不能复现原偏离度,True
2023-09-22,2.0,FDR007(定盘利率),1.9825028373547808,1.8642723413762288,0,水平代理；不能复现原偏离度,True
2023-09-22,2.0,FDR007(定盘利率),1.9825028373547808,1.8642723413762288,0,水平代理；不能复现原偏离度,True
2023-09-25,1.9725,FDR007(定盘利率),1.983015520554066,1.8647823413762288,0,水平代理；不能复现原偏离度,True
2023-09-25,1.9725,FDR007(定盘利率),1.983015520554066,1.8647823413762288,0,水平代理；不能复现原偏离度,True
2023-09-26,1.95,FDR007(定盘利率),1.983769870420018,1.865292341376229,0,水平代理；不能复现原偏离度,True
2023-09-26,1.95,FDR007(定盘利率),1.983769870420018,1.865292341376229,0,水平代理；不能复现原偏离度,True
2023-09-27,1.83,FDR007(定盘利率),1.981690886952636,1.8658023413762288,0,水平代理；不能复现原偏离度,True
2023-09-27,1.83,FDR007(定盘利率),1.981690886952636,1.8658023413762288,0,水平代理；不能复现原偏离度,True
2023-09-28,2.2,FDR007(定盘利率),1.9865285701519213,1.8663123413762288,0,水平代理；不能复现原偏离度,True
2023-09-28,2.2,FDR007(定盘利率),1.9865285701519213,1.8663123413762288,0,水平代理；不能复现原偏离度,True
2023-10-07,1.85,FDR007(定盘利率),1.9852662533512064,1.8668223413762288,0,水平代理；不能复现原偏离度,True
2023-10-07,1.85,FDR007(定盘利率),1.9852662533512064,1.8668223413762288,0,水平代理；不能复现原偏离度,True
2023-10-08,1.8,FDR007(定盘利率),1.984053936550492,1.8673323413762288,0,水平代理；不能复现原偏离度,True
2023-10-08,1.8,FDR007(定盘利率),1.984053936550492,1.8673323413762288,0,水平代理；不能复现原偏离度,True
2023-10-09,2.01,FDR007(定盘利率),1.9860416197497768,1.8678423413762288,0,水平代理；不能复现原偏离度,True
2023-10-09,2.01,FDR007(定盘利率),1.9860416197497766,1.8678423413762288,0,水平代理；不能复现原偏离度,True
2023-10-10,2.05,FDR007(定盘利率),1.988079302949061,1.8683523413762289,0,水平代理；不能复现原偏离度,True
2023-10-10,2.05,FDR007(定盘利率),1.9880793029490615,1.8683523413762286,0,水平代理；不能复现原偏离度,True
2023-10-11,2.14,FDR007(定盘利率),1.9916003194816805,1.8688623413762289,0,水平代理；不能复现原偏离度,True
2023-10-11,2.14,FDR007(定盘利率),1.9916003194816803,1.8688623413762289,0,水平代理；不能复现原偏离度,True
2023-10-12,2.1,FDR007(定盘利率),1.994054669347632,1.8693723413762289,0,水平代理；不能复现原偏离度,True
2023-10-12,2.1,FDR007(定盘利率),1.994054669347632,1.8693723413762287,0,水平代理；不能复现原偏离度,True
2023-10-13,2.05,FDR007(定盘利率),1.99477568588025,1.8695590080428957,0,水平代理；不能复现原偏离度,True
2023-10-13,2.05,FDR007(定盘利率),1.9947756858802501,1.8695590080428954,0,水平代理；不能复现原偏离度,True
2023-10-16,2.05,FDR007(定盘利率),1.9834923172905523,1.8693173618538328,0,水平代理；不能复现原偏离度,True
2023-10-16,2.05,FDR007(定盘利率),1.9834923172905523,1.8693173618538328,0,水平代理；不能复现原偏离度,True
2023-10-17,2.0,FDR007(定盘利率),1.9832212248995984,1.869674457831325,0,水平代理；不能复现原偏离度,True
2023-10-17,2.0,FDR007(定盘利率),1.9832212248995984,1.869674457831325,0,水平代理；不能复现原偏离度,True
2023-10-18,2.05,FDR007(定盘利率),1.9843819607843136,1.869690695187166,0,水平代理；不能复现原偏离度,True
2023-10-18,2.05,FDR007(定盘利率),1.9843819607843136,1.869690695187166,0,水平代理；不能复现原偏离度,True
2023-10-19,2.3,FDR007(定盘利率),1.9898434491978607,1.8698773618538325,0,水平代理；不能复现原偏离度,True
2023-10-19,2.3,FDR007(定盘利率),1.9898434491978607,1.8698773618538325,0,水平代理；不能复现原偏离度,True
2023-10-20,2.8,FDR007(定盘利率),2.003938270944741,1.8700640285204992,0,水平代理；不能复现原偏离度,True
2023-10-20,2.8,FDR007(定盘利率),2.003938270944741,1.8700640285204992,0,水平代理；不能复现原偏离度,True
2023-10-23,2.6,FDR007(定盘利率),2.0255517850759603,1.870679008042896,0,水平代理；不能复现原偏离度,True
2023-10-23,2.6,FDR007(定盘利率),2.0255517850759603,1.8706790080428957,0,水平代理；不能复现原偏离度,True
2023-10-24,2.7,FDR007(定盘利率),2.037222801608579,1.8708656747095624,0,水平代理；不能复现原偏离度,True
2023-10-24,2.7,FDR007(定盘利率),2.037222801608579,1.8708656747095622,0,水平代理；不能复现原偏离度,True
2023-10-25,2.8,FDR007(定盘利率),2.051143818141197,1.871052341376229,0,水平代理；不能复现原偏离度,True
2023-10-25,2.8,FDR007(定盘利率),2.051143818141197,1.871052341376229,0,水平代理；不能复现原偏离度,True
2023-10-26,2.5,FDR007(定盘利率),2.048517557932264,1.870810695187166,0,水平代理；不能复现原偏离度,True
2023-10-26,2.5,FDR007(定盘利率),2.048517557932264,1.870810695187166,0,水平代理；不能复现原偏离度,True
2023-10-27,2.5,FDR007(定盘利率),2.055040408299866,1.871346124497992,0,水平代理；不能复现原偏离度,True
2023-10-27,2.5,FDR007(定盘利率),2.055040408299866,1.871346124497992,0,水平代理；不能复现原偏离度,True
2023-10-30,2.5,FDR007(定盘利率),2.0755568677390523,1.871969008042896,0,水平代理；不能复现原偏离度,True
2023-10-30,2.5,FDR007(定盘利率),2.0755568677390523,1.8719690080428957,0,水平代理；不能复现原偏离度,True
2023-10-31,2.5,FDR007(定盘利率),2.0851612176050045,1.872334008042896,0,水平代理；不能复现原偏离度,True
2023-10-31,2.5,FDR007(定盘利率),2.0851612176050045,1.8723340080428956,0,水平代理；不能复现原偏离度,True
2023-11-01,2.4,FDR007(定盘利率),2.08348017825312,1.872270695187166,0,水平代理；不能复现原偏离度,True
2023-11-01,2.4,FDR007(定盘利率),2.08348017825312,1.872270695187166,0,水平代理；不能复现原偏离度,True
2023-11-02,2.0,FDR007(定盘利率),2.098419917336908,1.8730640080428955,0,水平代理；不能复现原偏离度,True
2023-11-02,2.0,FDR007(定盘利率),2.098419917336908,1.8730640080428955,0,水平代理；不能复现原偏离度,True
2023-11-03,1.82,FDR007(定盘利率),2.097357600536193,1.873429008042896,0,水平代理；不能复现原偏离度,True
2023-11-03,1.82,FDR007(定盘利率),2.097357600536193,1.8734290080428957,0,水平代理；不能复现原偏离度,True
2023-11-06,2.0,FDR007(定盘利率),2.0986619504021444,1.873794008042896,0,水平代理；不能复现原偏离度,True
2023-11-06,2.0,FDR007(定盘利率),2.0986619504021444,1.8737940080428956,0,水平代理；不能复现原偏离度,True
2023-11-07,2.03,FDR007(定盘利率),2.1003496336014296,1.874159008042896,0,水平代理；不能复现原偏离度,True
2023-11-07,2.03,FDR007(定盘利率),2.1003496336014296,1.8741590080428956,0,水平代理；不能复现原偏离度,True
2023-11-08,2.05,FDR007(定盘利率),2.1027706501340484,1.8745240080428955,0,水平代理；不能复现原偏离度,True
2023-11-08,2.05,FDR007(定盘利率),2.1027706501340484,1.8745240080428955,0,水平代理；不能复现原偏离度,True
2023-11-09,2.05,FDR007(定盘利率),2.104875,1.8744606951871656,0,水平代理；不能复现原偏离度,True
2023-11-09,2.05,FDR007(定盘利率),2.104875,1.8744606951871656,0,水平代理；不能复现原偏离度,True
2023-11-10,2.03,FDR007(定盘利率),2.107875,1.8745640285204992,0,水平代理；不能复现原偏离度,True
2023-11-10,2.03,FDR007(定盘利率),2.107875,1.8745640285204992,0,水平代理；不能复现原偏离度,True
2023-11-13,2.05,FDR007(定盘利率),2.109875,1.8750956747095624,0,水平代理；不能复现原偏离度,True
2023-11-13,2.05,FDR007(定盘利率),2.109875,1.8750956747095622,0,水平代理；不能复现原偏离度,True
2023-11-14,2.2,FDR007(定盘利率),2.114875,1.8751990080428955,0,水平代理；不能复现原偏离度,True
2023-11-14,2.2,FDR007(定盘利率),2.114875,1.8751990080428953,0,水平代理；不能复现原偏离度,True
2023-11-15,2.22,FDR007(定盘利率),2.119375,1.8753023413762289,0,水平代理；不能复现原偏离度,True
2023-11-15,2.22,FDR007(定盘利率),2.1193750000000002,1.8753023413762286,0,水平代理；不能复现原偏离度,True
2023-11-16,2.2,FDR007(定盘利率),2.1235416666666667,1.875405674709562,0,水平代理；不能复现原偏离度,True
2023-11-16,2.2,FDR007(定盘利率),2.1235416666666667,1.875405674709562,0,水平代理；不能复现原偏离度,True
2023-11-17,2.25,FDR007(定盘利率),2.1285416666666666,1.875080695187166,0,水平代理；不能复现原偏离度,True
2023-11-17,2.25,FDR007(定盘利率),2.1285416666666666,1.875080695187166,0,水平代理；不能复现原偏离度,True
2023-11-20,2.25,FDR007(定盘利率),2.133541666666667,1.8751840285205,0,水平代理；不能复现原偏离度,True
2023-11-20,2.25,FDR007(定盘利率),2.133541666666667,1.8751840285205,0,水平代理；不能复现原偏离度,True
2023-11-21,2.2,FDR007(定盘利率),2.1380416666666666,1.8752873618538328,0,水平代理；不能复现原偏离度,True
2023-11-21,2.2,FDR007(定盘利率),2.1380416666666666,1.8752873618538328,0,水平代理；不能复现原偏离度,True
2023-11-22,2.2,FDR007(定盘利率),2.143875,1.8758190080428951,0,水平代理；不能复现原偏离度,True
2023-11-22,2.2,FDR007(定盘利率),2.143875,1.8758190080428951,0,水平代理；不能复现原偏离度,True
2023-11-23,2.25,FDR007(定盘利率),2.145541666666667,1.8759223413762285,0,水平代理；不能复现原偏离度,True
2023-11-23,2.25,FDR007(定盘利率),2.145541666666667,1.8759223413762285,0,水平代理；不能复现原偏离度,True
2023-11-24,2.96,FDR007(定盘利率),2.158208333333333,1.876193174709562,0,水平代理；不能复现原偏离度,True
2023-11-24,2.96,FDR007(定盘利率),2.1582083333333335,1.876193174709562,0,水平代理；不能复现原偏离度,True
2023-11-27,3.3,FDR007(定盘利率),2.175708333333333,1.8764640080428956,0,水平代理；不能复现原偏离度,True
2023-11-27,3.3,FDR007(定盘利率),2.175708333333333,1.8764640080428954,0,水平代理；不能复现原偏离度,True
2023-11-28,3.4,FDR007(定盘利率),2.192375,1.8763065285205,0,水平代理；不能复现原偏离度,True
2023-11-28,3.4,FDR007(定盘利率),2.192375,1.8763065285205,0,水平代理；不能复现原偏离度,True
2023-11-29,3.6,FDR007(定盘利率),2.2143749999999995,1.8765773618538328,0,水平代理；不能复现原偏离度,True
2023-11-29,3.6,FDR007(定盘利率),2.2143749999999995,1.8765773618538328,0,水平代理；不能复现原偏离度,True
2023-11-30,2.75,FDR007(定盘利率),2.227708333333333,1.8768481951871656,0,水平代理；不能复现原偏离度,True
2023-11-30,2.75,FDR007(定盘利率),2.227708333333333,1.8768481951871656,0,水平代理；不能复现原偏离度,True
2023-12-01,2.15,FDR007(定盘利率),2.232541666666666,1.8775473413762287,0,水平代理；不能复现原偏离度,True
2023-12-01,2.15,FDR007(定盘利率),2.2325416666666666,1.8775473413762287,0,水平代理；不能复现原偏离度,True
2023-12-04,2.1,FDR007(定盘利率),2.236708333333333,1.877818174709562,0,水平代理；不能复现原偏离度,True
2023-12-04,2.1,FDR007(定盘利率),2.236708333333333,1.8778181747095621,0,水平代理；不能复现原偏离度,True
2023-12-05,2.25,FDR007(定盘利率),2.242875,1.8780890080428956,0,水平代理；不能复现原偏离度,True
2023-12-05,2.25,FDR007(定盘利率),2.2428749999999997,1.8780890080428954,0,水平代理；不能复现原偏离度,True
2023-12-06,2.25,FDR007(定盘利率),2.2470416666666666,1.8783598413762288,0,水平代理；不能复现原偏离度,True
2023-12-06,2.25,FDR007(定盘利率),2.2470416666666666,1.8783598413762288,0,水平代理；不能复现原偏离度,True
2023-12-07,2.25,FDR007(定盘利率),2.251208333333333,1.878630674709562,0,水平代理；不能复现原偏离度,True
2023-12-07,2.25,FDR007(定盘利率),2.251208333333333,1.878630674709562,0,水平代理；不能复现原偏离度,True
2023-12-08,2.3,FDR007(定盘利率),2.255375,1.8783015285205,0,水平代理；不能复现原偏离度,True
2023-12-08,2.3,FDR007(定盘利率),2.255375,1.8783015285205,0,水平代理；不能复现原偏离度,True
2023-12-11,2.35,FDR007(定盘利率),2.2612083333333333,1.8788290080428955,0,水平代理；不能复现原偏离度,True
2023-12-11,2.35,FDR007(定盘利率),2.2612083333333333,1.8788290080428953,0,水平代理；不能复现原偏离度,True
2023-12-12,2.4,FDR007(定盘利率),2.2682083333333334,1.8784998618538329,0,水平代理；不能复现原偏离度,True
2023-12-12,2.4,FDR007(定盘利率),2.2682083333333334,1.8784998618538329,0,水平代理；不能复现原偏离度,True
2023-12-13,2.25,FDR007(定盘利率),2.271541666666667,1.8785990285204992,0,水平代理；不能复现原偏离度,True
2023-12-13,2.25,FDR007(定盘利率),2.271541666666667,1.8785990285204992,0,水平代理；不能复现原偏离度,True
2023-12-14,2.25,FDR007(定盘利率),2.2757083333333337,1.878698195187166,0,水平代理；不能复现原偏离度,True
2023-12-14,2.25,FDR007(定盘利率),2.2757083333333337,1.878698195187166,0,水平代理；不能复现原偏离度,True
2023-12-15,2.2,FDR007(定盘利率),2.277708333333333,1.8787973618538325,0,水平代理；不能复现原偏离度,True
2023-12-15,2.2,FDR007(定盘利率),2.277708333333333,1.8787973618538325,0,水平代理；不能复现原偏离度,True
2023-12-18,2.2,FDR007(定盘利率),2.278541666666667,1.879324841376229,0,水平代理；不能复现原偏离度,True
2023-12-18,2.2,FDR007(定盘利率),2.278541666666667,1.8793248413762287,0,水平代理；不能复现原偏离度,True
2023-12-19,2.2,FDR007(定盘利率),2.279375,1.8794240080428957,0,水平代理；不能复现原偏离度,True
2023-12-19,2.2,FDR007(定盘利率),2.279375,1.8794240080428954,0,水平代理；不能复现原偏离度,True
2023-12-20,2.2,FDR007(定盘利率),2.2802083333333334,1.8790948618538328,0,水平代理；不能复现原偏离度,True
2023-12-20,2.2,FDR007(定盘利率),2.2802083333333334,1.8790948618538328,0,水平代理；不能复现原偏离度,True
2023-12-21,2.02,FDR007(定盘利率),2.2805416666666667,1.8796412421805184,0,水平代理；不能复现原偏离度,True
2023-12-21,2.02,FDR007(定盘利率),2.2805416666666667,1.8796412421805184,0,水平代理；不能复现原偏离度,True
2023-12-22,2.05,FDR007(定盘利率),2.281833333333333,1.879665674709562,0,水平代理；不能复现原偏离度,True
2023-12-22,2.05,FDR007(定盘利率),2.281833333333333,1.879665674709562,0,水平代理；不能复现原偏离度,True
2023-12-25,1.8117,FDR007(定盘利率),2.2795283333333334,1.8797090080428955,0,水平代理；不能复现原偏离度,True
2023-12-25,1.8117,FDR007(定盘利率),2.2795283333333334,1.8797090080428955,0,水平代理；不能复现原偏离度,True
2023-12-26,4.35,FDR007(定盘利率),2.321528333333333,1.8797523413762287,0,水平代理；不能复现原偏离度,True
2023-12-26,4.35,FDR007(定盘利率),2.321528333333333,1.8797523413762287,0,水平代理；不能复现原偏离度,True
2023-12-27,4.0,FDR007(定盘利率),2.351528333333333,1.879795674709562,0,水平代理；不能复现原偏离度,True
2023-12-27,4.0,FDR007(定盘利率),2.351528333333333,1.879795674709562,0,水平代理；不能复现原偏离度,True
2023-12-28,3.2,FDR007(定盘利率),2.3740283333333334,1.8798390080428955,0,水平代理；不能复现原偏离度,True
2023-12-28,3.2,FDR007(定盘利率),2.3740283333333334,1.8798390080428955,0,水平代理；不能复现原偏离度,True
2023-12-29,2.4,FDR007(定盘利率),2.384028333333333,1.879882341376229,0,水平代理；不能复现原偏离度,True
2023-12-29,2.4,FDR007(定盘利率),2.384028333333333,1.8798823413762287,0,水平代理；不能复现原偏离度,True
2024-01-02,2.1,FDR007(定盘利率),2.3855283333333333,1.879925674709562,0,水平代理；不能复现原偏离度,True
2024-01-02,2.1,FDR007(定盘利率),2.3855283333333333,1.879925674709562,0,水平代理；不能复现原偏离度,True
2024-01-03,2.15,FDR007(定盘利率),2.387195,1.8799690080428957,0,水平代理；不能复现原偏离度,True
2024-01-03,2.15,FDR007(定盘利率),2.3871949999999997,1.8799690080428955,0,水平代理；不能复现原偏离度,True
2024-01-04,2.25,FDR007(定盘利率),2.389028333333333,1.879584028520499,0,水平代理；不能复现原偏离度,True
2024-01-04,2.25,FDR007(定盘利率),2.389028333333333,1.879584028520499,0,水平代理；不能复现原偏离度,True
2024-01-05,2.15,FDR007(定盘利率),2.3898616666666666,1.880055674709562,0,水平代理；不能复现原偏离度,True
2024-01-05,2.15,FDR007(定盘利率),2.3898616666666666,1.880055674709562,0,水平代理；不能复现原偏离度,True
2024-01-08,2.2,FDR007(定盘利率),2.3923616666666665,1.8802290080428956,0,水平代理；不能复现原偏离度,True
2024-01-08,2.2,FDR007(定盘利率),2.3923616666666665,1.8802290080428954,0,水平代理；不能复现原偏离度,True
2024-01-09,2.29,FDR007(定盘利率),2.3963616666666665,1.8804023413762287,0,水平代理；不能复现原偏离度,True
2024-01-09,2.29,FDR007(定盘利率),2.3963616666666665,1.8804023413762287,0,水平代理；不能复现原偏离度,True
2024-01-10,2.2,FDR007(定盘利率),2.399695,1.880575674709562,0,水平代理；不能复现原偏离度,True
2024-01-10,2.2,FDR007(定盘利率),2.399695,1.880575674709562,0,水平代理；不能复现原偏离度,True
2024-01-11,2.2,FDR007(定盘利率),2.402195,1.8807490080428957,0,水平代理；不能复现原偏离度,True
2024-01-11,2.2,FDR007(定盘利率),2.402195,1.8807490080428955,0,水平代理；不能复现原偏离度,True
2024-01-12,2.2,FDR007(定盘利率),2.4005283333333334,1.881187890974084,0,水平代理；不能复现原偏离度,True
2024-01-12,2.2,FDR007(定盘利率),2.4005283333333334,1.881187890974084,0,水平代理；不能复现原偏离度,True
2024-01-15,2.25,FDR007(定盘利率),2.3913616666666666,1.8813612243074167,0,水平代理；不能复现原偏离度,True
2024-01-15,2.25,FDR007(定盘利率),2.3913616666666666,1.8813612243074167,0,水平代理；不能复现原偏离度,True
2024-01-16,2.25,FDR007(定盘利率),2.3855283333333333,1.8815345576407507,0,水平代理；不能复现原偏离度,True
2024-01-16,2.25,FDR007(定盘利率),2.3855283333333333,1.8815345576407507,0,水平代理；不能复现原偏离度,True
2024-01-17,2.3,FDR007(定盘利率),2.3788616666666664,1.881014028520499,0,水平代理；不能复现原偏离度,True
2024-01-17,2.3,FDR007(定盘利率),2.3788616666666664,1.881014028520499,0,水平代理；不能复现原偏离度,True
2024-01-18,2.2,FDR007(定盘利率),2.368861666666666,1.8818812243074168,0,水平代理；不能复现原偏离度,True
2024-01-18,2.2,FDR007(定盘利率),2.368861666666666,1.8818812243074168,0,水平代理；不能复现原偏离度,True
2024-01-19,2.15,FDR007(定盘利率),2.3630283333333333,1.8820545576407504,0,水平代理；不能复现原偏离度,True
2024-01-19,2.15,FDR007(定盘利率),2.3630283333333333,1.8820545576407504,0,水平代理；不能复现原偏离度,True
2024-01-22,2.1,FDR007(定盘利率),2.3563616666666665,1.8820927243074173,0,水平代理；不能复现原偏离度,True
2024-01-22,2.1,FDR007(定盘利率),2.3563616666666665,1.8820927243074173,0,水平代理；不能复现原偏离度,True
2024-01-23,2.15,FDR007(定盘利率),2.3505283333333336,1.882130890974084,0,水平代理；不能复现原偏离度,True
2024-01-23,2.15,FDR007(定盘利率),2.3505283333333336,1.882130890974084,0,水平代理；不能复现原偏离度,True
2024-01-24,2.12,FDR007(定盘利率),2.344195,1.8821690576407504,0,水平代理；不能复现原偏离度,True
2024-01-24,2.12,FDR007(定盘利率),2.344195,1.8821690576407504,0,水平代理；不能复现原偏离度,True
2024-01-25,2.35,FDR007(定盘利率),2.3433616666666666,1.8822072243074173,0,水平代理；不能复现原偏离度,True
2024-01-25,2.35,FDR007(定盘利率),2.3433616666666666,1.8822072243074173,0,水平代理；不能复现原偏离度,True
2024-01-26,2.4,FDR007(定盘利率),2.3500283333333334,1.882245390974084,0,水平代理；不能复现原偏离度,True
2024-01-26,2.4,FDR007(定盘利率),2.3500283333333334,1.882245390974084,0,水平代理；不能复现原偏离度,True
2024-01-29,2.5,FDR007(定盘利率),2.361361666666667,1.8822835576407508,0,水平代理；不能复现原偏离度,True
2024-01-29,2.5,FDR007(定盘利率),2.361361666666667,1.8822835576407508,0,水平代理；不能复现原偏离度,True
2024-01-30,2.35,FDR007(定盘利率),2.367195,1.8823217243074173,0,水平代理；不能复现原偏离度,True
2024-01-30,2.35,FDR007(定盘利率),2.367195,1.8823217243074173,0,水平代理；不能复现原偏离度,True
2024-01-31,2.35,FDR007(定盘利率),2.3725283333333334,1.882359890974084,0,水平代理；不能复现原偏离度,True
2024-01-31,2.35,FDR007(定盘利率),2.3725283333333334,1.882359890974084,0,水平代理；不能复现原偏离度,True
2024-02-01,1.95,FDR007(定盘利率),2.370861666666667,1.8817041951871656,0,水平代理；不能复现原偏离度,True
2024-02-01,1.95,FDR007(定盘利率),2.370861666666667,1.8817041951871656,0,水平代理；不能复现原偏离度,True
2024-02-02,2.21,FDR007(定盘利率),2.373528333333333,1.8824362243074173,0,水平代理；不能复现原偏离度,True
2024-02-02,2.21,FDR007(定盘利率),2.373528333333333,1.8824362243074173,0,水平代理；不能复现原偏离度,True
2024-02-04,1.9544,FDR007(定盘利率),2.372268333333333,1.8817808618538323,0,水平代理；不能复现原偏离度,True
2024-02-04,1.9544,FDR007(定盘利率),2.372268333333333,1.8817808618538323,0,水平代理；不能复现原偏离度,True
2024-02-05,1.931,FDR007(定盘利率),2.3702850000000004,1.8818193618538324,0,水平代理；不能复现原偏离度,True
2024-02-05,1.931,FDR007(定盘利率),2.3702850000000004,1.8818193618538324,0,水平代理；不能复现原偏离度,True
2024-02-06,1.95,FDR007(定盘利率),2.366118333333333,1.882286174709562,0,水平代理；不能复现原偏离度,True
2024-02-06,1.95,FDR007(定盘利率),2.366118333333333,1.882286174709562,0,水平代理；不能复现原偏离度,True
2024-02-07,1.95,FDR007(定盘利率),2.3616183333333334,1.882324674709562,0,水平代理；不能复现原偏离度,True
2024-02-07,1.95,FDR007(定盘利率),2.3616183333333334,1.882324674709562,0,水平代理；不能复现原偏离度,True
2024-02-08,1.8,FDR007(定盘利率),2.3549516666666666,1.8823631747095624,0,水平代理；不能复现原偏离度,True
2024-02-08,1.8,FDR007(定盘利率),2.3549516666666666,1.8823631747095624,0,水平代理；不能复现原偏离度,True
2024-02-09,1.85,FDR007(定盘利率),2.348285,1.882401674709562,0,水平代理；不能复现原偏离度,True
2024-02-09,1.85,FDR007(定盘利率),2.348285,1.882401674709562,0,水平代理；不能复现原偏离度,True
2024-02-18,1.81,FDR007(定盘利率),2.3409516666666668,1.8820118618538324,0,水平代理；不能复现原偏离度,True
2024-02-18,1.81,FDR007(定盘利率),2.3409516666666668,1.8820118618538324,0,水平代理；不能复现原偏离度,True
2024-02-19,2.05,FDR007(定盘利率),2.3384516666666664,1.8827442243074173,0,水平代理；不能复现原偏离度,True
2024-02-19,2.05,FDR007(定盘利率),2.3384516666666664,1.8827442243074173,0,水平代理；不能复现原偏离度,True
2024-02-20,1.95,FDR007(定盘利率),2.334285,1.882517174709562,0,水平代理；不能复现原偏离度,True
2024-02-20,1.95,FDR007(定盘利率),2.334285,1.882517174709562,0,水平代理；不能复现原偏离度,True
2024-02-21,2.0,FDR007(定盘利率),2.330118333333333,1.8821273618538323,0,水平代理；不能复现原偏离度,True
2024-02-21,2.0,FDR007(定盘利率),2.330118333333333,1.8821273618538323,0,水平代理；不能复现原偏离度,True
2024-02-22,2.0,FDR007(定盘利率),2.314118333333333,1.8821823618538325,0,水平代理；不能复现原偏离度,True
2024-02-22,2.0,FDR007(定盘利率),2.314118333333333,1.8821823618538325,0,水平代理；不能复现原偏离度,True
2024-02-23,2.2,FDR007(定盘利率),2.2957850000000004,1.8824077911646588,0,水平代理；不能复现原偏离度,True
2024-02-23,2.2,FDR007(定盘利率),2.2957850000000004,1.8824077911646588,0,水平代理；不能复现原偏离度,True
2024-02-26,2.15,FDR007(定盘利率),2.274951666666667,1.882720674709562,0,水平代理；不能复现原偏离度,True
2024-02-26,2.15,FDR007(定盘利率),2.274951666666667,1.882720674709562,0,水平代理；不能复现原偏离度,True
2024-02-27,2.15,FDR007(定盘利率),2.250785,1.8823473618538324,0,水平代理；不能复现原偏离度,True
2024-02-27,2.15,FDR007(定盘利率),2.250785,1.8823473618538324,0,水平代理；不能复现原偏离度,True
2024-02-28,2.1,FDR007(定盘利率),2.239951666666667,1.8824023618538328,0,水平代理；不能复现原偏离度,True
2024-02-28,2.1,FDR007(定盘利率),2.239951666666667,1.8824023618538328,0,水平代理；不能复现原偏离度,True
2024-02-29,2.05,FDR007(定盘利率),2.238285,1.882885674709562,0,水平代理；不能复现原偏离度,True
2024-02-29,2.05,FDR007(定盘利率),2.238285,1.882885674709562,0,水平代理；不能复现原偏离度,True
2024-03-01,2.0,FDR007(定盘利率),2.2366183333333334,1.8825123618538329,0,水平代理；不能复现原偏离度,True
2024-03-01,2.0,FDR007(定盘利率),2.2366183333333334,1.8825123618538329,0,水平代理；不能复现原偏离度,True
2024-03-04,2.0,FDR007(定盘利率),2.232451666666667,1.8825673618538328,0,水平代理；不能复现原偏离度,True
2024-03-04,2.0,FDR007(定盘利率),2.232451666666667,1.8825673618538328,0,水平代理；不能复现原偏离度,True
2024-03-05,2.04,FDR007(定盘利率),2.2289516666666667,1.883050674709562,0,水平代理；不能复现原偏离度,True
2024-03-05,2.04,FDR007(定盘利率),2.2289516666666667,1.883050674709562,0,水平代理；不能复现原偏离度,True
2024-03-06,2.05,FDR007(定盘利率),2.2256183333333337,1.883105674709562,0,水平代理；不能复现原偏离度,True
2024-03-06,2.05,FDR007(定盘利率),2.2256183333333337,1.883105674709562,0,水平代理；不能复现原偏离度,True
2024-03-07,2.0,FDR007(定盘利率),2.2206183333333334,1.8827290285204992,0,水平代理；不能复现原偏离度,True
2024-03-07,2.0,FDR007(定盘利率),2.2206183333333334,1.8827290285204992,0,水平代理；不能复现原偏离度,True
2024-03-08,2.0,FDR007(定盘利率),2.214785,1.882780695187166,0,水平代理；不能复现原偏离度,True
2024-03-08,2.0,FDR007(定盘利率),2.214785,1.882780695187166,0,水平代理；不能复现原偏离度,True
2024-03-11,2.0,FDR007(定盘利率),2.208118333333333,1.8828323618538323,0,水平代理；不能复现原偏离度,True
2024-03-11,2.0,FDR007(定盘利率),2.208118333333333,1.8828323618538323,0,水平代理；不能复现原偏离度,True
2024-03-12,2.0,FDR007(定盘利率),2.2039516666666668,1.8833123413762287,0,水平代理；不能复现原偏离度,True
2024-03-12,2.0,FDR007(定盘利率),2.2039516666666668,1.8833123413762287,0,水平代理；不能复现原偏离度,True
2024-03-13,2.0,FDR007(定盘利率),2.199785,1.8833640080428955,0,水平代理；不能复现原偏离度,True
2024-03-13,2.0,FDR007(定盘利率),2.199785,1.8833640080428955,0,水平代理；不能复现原偏离度,True
2024-03-14,2.0,FDR007(定盘利率),2.196451666666667,1.883415674709562,0,水平代理；不能复现原偏离度,True
2024-03-14,2.0,FDR007(定盘利率),2.196451666666667,1.883415674709562,0,水平代理；不能复现原偏离度,True
2024-03-15,2.0,FDR007(定盘利率),2.193118333333333,1.8834673413762288,0,水平代理；不能复现原偏离度,True
2024-03-15,2.0,FDR007(定盘利率),2.193118333333333,1.8834673413762288,0,水平代理；不能复现原偏离度,True
2024-03-18,2.0,FDR007(定盘利率),2.189785,1.8835190080428956,0,水平代理；不能复现原偏离度,True
2024-03-18,2.0,FDR007(定盘利率),2.189785,1.8835190080428954,0,水平代理；不能复现原偏离度,True
2024-03-19,2.0,FDR007(定盘利率),2.1864516666666662,1.8835706747095624,0,水平代理；不能复现原偏离度,True
2024-03-19,2.0,FDR007(定盘利率),2.1864516666666662,1.8835706747095622,0,水平代理；不能复现原偏离度,True
2024-03-20,2.0,FDR007(定盘利率),2.1861183333333334,1.8836223413762287,0,水平代理；不能复现原偏离度,True
2024-03-20,2.0,FDR007(定盘利率),2.1861183333333334,1.8836223413762287,0,水平代理；不能复现原偏离度,True
2024-03-21,2.0,FDR007(定盘利率),2.185285,1.8837873413762287,0,水平代理；不能复现原偏离度,True
2024-03-21,2.0,FDR007(定盘利率),2.185285,1.8837873413762287,0,水平代理；不能复现原偏离度,True
2024-03-22,2.05,FDR007(定盘利率),2.189256666666666,1.8835240285204995,0,水平代理；不能复现原偏离度,True
2024-03-22,2.05,FDR007(定盘利率),2.189256666666666,1.8835240285204995,0,水平代理；不能复现原偏离度,True
2024-03-25,2.4,FDR007(定盘利率),2.1567566666666664,1.8841173413762289,0,水平代理；不能复现原偏离度,True
2024-03-25,2.4,FDR007(定盘利率),2.1567566666666664,1.8841173413762289,0,水平代理；不能复现原偏离度,True
2024-03-26,2.4,FDR007(定盘利率),2.13009,1.8842823413762289,0,水平代理；不能复现原偏离度,True
2024-03-26,2.4,FDR007(定盘利率),2.13009,1.8842823413762289,0,水平代理；不能复现原偏离度,True
2024-03-27,2.45,FDR007(定盘利率),2.11759,1.8844473413762288,0,水平代理；不能复现原偏离度,True
2024-03-27,2.45,FDR007(定盘利率),2.11759,1.8844473413762288,0,水平代理；不能复现原偏离度,True
2024-03-28,2.35,FDR007(定盘利率),2.116756666666667,1.8846123413762288,0,水平代理；不能复现原偏离度,True
2024-03-28,2.35,FDR007(定盘利率),2.116756666666667,1.8846123413762288,0,水平代理；不能复现原偏离度,True
2024-03-29,2.3,FDR007(定盘利率),2.12009,1.884777341376229,0,水平代理；不能复现原偏离度,True
2024-03-29,2.3,FDR007(定盘利率),2.12009,1.884777341376229,0,水平代理；不能复现原偏离度,True
2024-04-01,2.05,FDR007(定盘利率),2.1184233333333333,1.884942341376229,0,水平代理；不能复现原偏离度,True
2024-04-01,2.05,FDR007(定盘利率),2.1184233333333333,1.884942341376229,0,水平代理；不能复现原偏离度,True
2024-04-02,2.1,FDR007(定盘利率),2.1159233333333334,1.885107341376229,0,水平代理；不能复现原偏离度,True
2024-04-02,2.1,FDR007(定盘利率),2.1159233333333334,1.885107341376229,0,水平代理；不能复现原偏离度,True
2024-04-03,2.0,FDR007(定盘利率),2.113423333333333,1.885272341376229,0,水平代理；不能复现原偏离度,True
2024-04-03,2.0,FDR007(定盘利率),2.1134233333333334,1.885272341376229,0,水平代理；不能复现原偏离度,True
2024-04-07,1.85,FDR007(定盘利率),2.10759,1.8853623413762288,0,水平代理；不能复现原偏离度,True
2024-04-07,1.85,FDR007(定盘利率),2.10759,1.8853623413762288,0,水平代理；不能复现原偏离度,True
2024-04-08,2.0,FDR007(定盘利率),2.1027566666666666,1.8850240285205,0,水平代理；不能复现原偏离度,True
2024-04-08,2.0,FDR007(定盘利率),2.1027566666666666,1.8850240285205,0,水平代理；不能复现原偏离度,True
2024-04-09,1.95,FDR007(定盘利率),2.09859,1.885542341376229,0,水平代理；不能复现原偏离度,True
2024-04-09,1.95,FDR007(定盘利率),2.09859,1.885542341376229,0,水平代理；不能复现原偏离度,True
2024-04-10,1.9,FDR007(定盘利率),2.09359,1.8856323413762288,0,水平代理；不能复现原偏离度,True
2024-04-10,1.9,FDR007(定盘利率),2.09359,1.8856323413762288,0,水平代理；不能复现原偏离度,True
2024-04-11,1.92,FDR007(定盘利率),2.088923333333333,1.8857223413762287,0,水平代理；不能复现原偏离度,True
2024-04-11,1.92,FDR007(定盘利率),2.0889233333333332,1.8857223413762287,0,水平代理；不能复现原偏离度,True
2024-04-12,1.9,FDR007(定盘利率),2.08309,1.8858123413762289,0,水平代理；不能复现原偏离度,True
2024-04-12,1.9,FDR007(定盘利率),2.08309,1.8858123413762287,0,水平代理；不能复现原偏离度,True
2024-04-15,1.9,FDR007(定盘利率),2.0772566666666665,1.8854740285204992,0,水平代理；不能复现原偏离度,True
2024-04-15,1.9,FDR007(定盘利率),2.0772566666666665,1.8854740285204992,0,水平代理；不能复现原偏离度,True
2024-04-16,1.9,FDR007(定盘利率),2.07059,1.8859923413762287,0,水平代理；不能复现原偏离度,True
2024-04-16,1.9,FDR007(定盘利率),2.07059,1.8859923413762287,0,水平代理；不能复现原偏离度,True
2024-04-17,1.95,FDR007(定盘利率),2.0664233333333333,1.8860823413762289,0,水平代理；不能复现原偏离度,True
2024-04-17,1.95,FDR007(定盘利率),2.0664233333333333,1.8860823413762289,0,水平代理；不能复现原偏离度,True
2024-04-18,1.9,FDR007(定盘利率),2.062256666666667,1.8861723413762288,0,水平代理；不能复现原偏离度,True
2024-04-18,1.9,FDR007(定盘利率),2.062256666666667,1.8861723413762288,0,水平代理；不能复现原偏离度,True
2024-04-19,1.9,FDR007(定盘利率),2.058923333333333,1.8857723618538325,0,水平代理；不能复现原偏离度,True
2024-04-19,1.9,FDR007(定盘利率),2.058923333333333,1.8857723618538325,0,水平代理；不能复现原偏离度,True
2024-04-22,1.9,FDR007(定盘利率),2.054756666666667,1.8862290080428952,0,水平代理；不能复现原偏离度,True
2024-04-22,1.9,FDR007(定盘利率),2.054756666666667,1.8862290080428952,0,水平代理；不能复现原偏离度,True
2024-04-23,1.9,FDR007(定盘利率),2.05109,1.8862573413762287,0,水平代理；不能复现原偏离度,True
2024-04-23,1.9,FDR007(定盘利率),2.05109,1.8862573413762287,0,水平代理；不能复现原偏离度,True
2024-04-24,1.9,FDR007(定盘利率),2.04359,1.886285674709562,0,水平代理；不能复现原偏离度,True
2024-04-24,1.9,FDR007(定盘利率),2.04359,1.886285674709562,0,水平代理；不能复现原偏离度,True
2024-04-25,1.98,FDR007(定盘利率),2.03659,1.8858856951871656,0,水平代理；不能复现原偏离度,True
2024-04-25,1.98,FDR007(定盘利率),2.03659,1.8858856951871656,0,水平代理；不能复现原偏离度,True
2024-04-26,1.95,FDR007(定盘利率),2.027423333333333,1.8859140285204992,0,水平代理；不能复现原偏离度,True
2024-04-26,1.95,FDR007(定盘利率),2.027423333333333,1.8859140285204992,0,水平代理；不能复现原偏离度,True
2024-04-28,1.98,FDR007(定盘利率),2.021256666666667,1.8863706747095617,0,水平代理；不能复现原偏离度,True
2024-04-28,1.98,FDR007(定盘利率),2.021256666666667,1.8863706747095617,0,水平代理；不能复现原偏离度,True
2024-04-29,2.08,FDR007(定盘利率),2.0167566666666668,1.8863990080428956,0,水平代理；不能复现原偏离度,True
2024-04-29,2.08,FDR007(定盘利率),2.0167566666666668,1.8863990080428954,0,水平代理；不能复现原偏离度,True
2024-04-30,2.1,FDR007(定盘利率),2.0192566666666667,1.885999028520499,0,水平代理；不能复现原偏离度,True
2024-04-30,2.1,FDR007(定盘利率),2.0192566666666667,1.885999028520499,0,水平代理；不能复现原偏离度,True
2024-05-06,1.95,FDR007(定盘利率),2.0149233333333334,1.886455674709562,0,水平代理；不能复现原偏离度,True
2024-05-06,1.95,FDR007(定盘利率),2.0149233333333334,1.886455674709562,0,水平代理；不能复现原偏离度,True
2024-05-07,1.9,FDR007(定盘利率),2.0140166666666666,1.886695674709562,0,水平代理；不能复现原偏离度,True
2024-05-07,1.9,FDR007(定盘利率),2.0140166666666666,1.886695674709562,0,水平代理；不能复现原偏离度,True
2024-05-08,1.9,FDR007(定盘利率),2.0135,1.8865073618538324,0,水平代理；不能复现原偏离度,True
2024-05-08,1.9,FDR007(定盘利率),2.0135,1.8865073618538324,0,水平代理；不能复现原偏离度,True
2024-05-09,1.9,FDR007(定盘利率),2.0126666666666666,1.887175674709562,0,水平代理；不能复现原偏离度,True
2024-05-09,1.9,FDR007(定盘利率),2.0126666666666666,1.887175674709562,0,水平代理；不能复现原偏离度,True
2024-05-10,1.87,FDR007(定盘利率),2.0113333333333334,1.887415674709562,0,水平代理；不能复现原偏离度,True
2024-05-10,1.87,FDR007(定盘利率),2.0113333333333334,1.887415674709562,0,水平代理；不能复现原偏离度,True
2024-05-11,1.85,FDR007(定盘利率),2.0121666666666664,1.887655674709562,0,水平代理；不能复现原偏离度,True
2024-05-11,1.85,FDR007(定盘利率),2.0121666666666664,1.887655674709562,0,水平代理；不能复现原偏离度,True
2024-05-13,1.88,FDR007(定盘利率),2.0126666666666666,1.887895674709562,0,水平代理；不能复现原偏离度,True
2024-05-13,1.88,FDR007(定盘利率),2.0126666666666666,1.887895674709562,0,水平代理；不能复现原偏离度,True
2024-05-14,1.85,FDR007(定盘利率),2.013333333333333,1.888135674709562,0,水平代理；不能复现原偏离度,True
2024-05-14,1.85,FDR007(定盘利率),2.013333333333333,1.888135674709562,0,水平代理；不能复现原偏离度,True
2024-05-15,1.82,FDR007(定盘利率),2.0095,1.888375674709562,0,水平代理；不能复现原偏离度,True
2024-05-15,1.82,FDR007(定盘利率),2.0095,1.888375674709562,0,水平代理；不能复现原偏离度,True
2024-05-16,1.82,FDR007(定盘利率),2.0073333333333334,1.888615674709562,0,水平代理；不能复现原偏离度,True
2024-05-16,1.82,FDR007(定盘利率),2.0073333333333334,1.888615674709562,0,水平代理；不能复现原偏离度,True
2024-05-17,1.8,FDR007(定盘利率),2.004,1.888855674709562,0,水平代理；不能复现原偏离度,True
2024-05-17,1.8,FDR007(定盘利率),2.004,1.888855674709562,0,水平代理；不能复现原偏离度,True
2024-05-20,1.81,FDR007(定盘利率),2.000833333333333,1.8888790080428952,0,水平代理；不能复现原偏离度,True
2024-05-20,1.81,FDR007(定盘利率),2.0008333333333335,1.8888790080428952,0,水平代理；不能复现原偏离度,True
2024-05-21,1.85,FDR007(定盘利率),1.995,1.8889023413762287,0,水平代理；不能复现原偏离度,True
2024-05-21,1.85,FDR007(定盘利率),1.995,1.8889023413762287,0,水平代理；不能复现原偏离度,True
2024-05-22,1.85,FDR007(定盘利率),1.99,1.888925674709562,0,水平代理；不能复现原偏离度,True
2024-05-22,1.85,FDR007(定盘利率),1.99,1.888925674709562,0,水平代理；不能复现原偏离度,True
2024-05-23,1.83,FDR007(定盘利率),1.9846666666666664,1.888949008042896,0,水平代理；不能复现原偏离度,True
2024-05-23,1.83,FDR007(定盘利率),1.9846666666666664,1.888949008042896,0,水平代理；不能复现原偏离度,True
2024-05-24,1.82,FDR007(定盘利率),1.98,1.8889723413762287,0,水平代理；不能复现原偏离度,True
2024-05-24,1.82,FDR007(定盘利率),1.98,1.8889723413762287,0,水平代理；不能复现原偏离度,True
2024-05-27,1.95,FDR007(定盘利率),1.9783333333333333,1.888995674709562,0,水平代理；不能复现原偏离度,True
2024-05-27,1.95,FDR007(定盘利率),1.9783333333333333,1.888995674709562,0,水平代理；不能复现原偏离度,True
2024-05-28,1.95,FDR007(定盘利率),1.9775,1.8890190080428957,0,水平代理；不能复现原偏离度,True
2024-05-28,1.95,FDR007(定盘利率),1.9775,1.8890190080428955,0,水平代理；不能复现原偏离度,True
2024-05-29,1.98,FDR007(定盘利率),1.9771666666666663,1.888614028520499,0,水平代理；不能复现原偏离度,True
2024-05-29,1.98,FDR007(定盘利率),1.9771666666666663,1.888614028520499,0,水平代理；不能复现原偏离度,True
2024-05-30,1.95,FDR007(定盘利率),1.9756666666666665,1.8890656747095624,0,水平代理；不能复现原偏离度,True
2024-05-30,1.95,FDR007(定盘利率),1.9756666666666665,1.8890656747095622,0,水平代理；不能复现原偏离度,True
2024-05-31,1.88,FDR007(定盘利率),1.9728333333333328,1.889089008042896,0,水平代理；不能复现原偏离度,True
2024-05-31,1.88,FDR007(定盘利率),1.9728333333333328,1.889089008042896,0,水平代理；不能复现原偏离度,True
2024-06-03,1.84,FDR007(定盘利率),1.9701666666666668,1.8894556747095623,0,水平代理；不能复现原偏离度,True
2024-06-03,1.84,FDR007(定盘利率),1.9701666666666668,1.8894556747095623,0,水平代理；不能复现原偏离度,True
2024-06-04,1.83,FDR007(定盘利率),1.9673333333333327,1.889822341376229,0,水平代理；不能复现原偏离度,True
2024-06-04,1.83,FDR007(定盘利率),1.9673333333333327,1.889822341376229,0,水平代理；不能复现原偏离度,True
2024-06-05,1.84,FDR007(定盘利率),1.9646666666666663,1.889760695187166,0,水平代理；不能复现原偏离度,True
2024-06-05,1.84,FDR007(定盘利率),1.9646666666666663,1.889760695187166,0,水平代理；不能复现原偏离度,True
2024-06-06,1.84,FDR007(定盘利率),1.962,1.8902977911646588,0,水平代理；不能复现原偏离度,True
2024-06-06,1.84,FDR007(定盘利率),1.962,1.8902977911646588,0,水平代理；不能复现原偏离度,True
2024-06-07,1.85,FDR007(定盘利率),1.9595,1.8909223413762288,0,水平代理；不能复现原偏离度,True
2024-06-07,1.85,FDR007(定盘利率),1.9595,1.8909223413762288,0,水平代理；不能复现原偏离度,True
2024-06-11,1.83,FDR007(定盘利率),1.9566666666666668,1.891289008042896,0,水平代理；不能复现原偏离度,True
2024-06-11,1.83,FDR007(定盘利率),1.9566666666666668,1.8912890080428957,0,水平代理；不能复现原偏离度,True
2024-06-12,1.83,FDR007(定盘利率),1.9538333333333333,1.891397791164659,0,水平代理；不能复现原偏离度,True
2024-06-12,1.83,FDR007(定盘利率),1.9538333333333333,1.891397791164659,0,水平代理；不能复现原偏离度,True
2024-06-13,1.83,FDR007(定盘利率),1.951,1.892022341376229,0,水平代理；不能复现原偏离度,True
2024-06-13,1.83,FDR007(定盘利率),1.951,1.892022341376229,0,水平代理；不能复现原偏离度,True
2024-06-14,1.83,FDR007(定盘利率),1.9481666666666664,1.892131124497992,0,水平代理；不能复现原偏离度,True
2024-06-14,1.83,FDR007(定盘利率),1.9481666666666664,1.892131124497992,0,水平代理；不能复现原偏离度,True
2024-06-17,1.85,FDR007(定盘利率),1.9456666666666669,1.8923273618538323,0,水平代理；不能复现原偏离度,True
2024-06-17,1.85,FDR007(定盘利率),1.9456666666666669,1.8923273618538323,0,水平代理；不能复现原偏离度,True
2024-06-18,1.89,FDR007(定盘利率),1.9438333333333333,1.8927044578313248,0,水平代理；不能复现原偏离度,True
2024-06-18,1.89,FDR007(定盘利率),1.9438333333333333,1.8927044578313248,0,水平代理；不能复现原偏离度,True
2024-06-19,1.91,FDR007(定盘利率),1.9415,1.893169008042896,0,水平代理；不能复现原偏离度,True
2024-06-19,1.91,FDR007(定盘利率),1.9415,1.893169008042896,0,水平代理；不能复现原偏离度,True
2024-06-20,1.9,FDR007(定盘利率),1.9331666666666665,1.8933756747095625,0,水平代理；不能复现原偏离度,True
2024-06-20,1.9,FDR007(定盘利率),1.9331666666666665,1.8933756747095623,0,水平代理；不能复现原偏离度,True
2024-06-21,2.03,FDR007(定盘利率),1.927,1.893582341376229,0,水平代理；不能复现原偏离度,True
2024-06-21,2.03,FDR007(定盘利率),1.927,1.893582341376229,0,水平代理；不能复现原偏离度,True
2024-06-24,2.35,FDR007(定盘利率),1.9253333333333336,1.893531124497992,0,水平代理；不能复现原偏离度,True
2024-06-24,2.35,FDR007(定盘利率),1.9253333333333336,1.893531124497992,0,水平代理；不能复现原偏离度,True
2024-06-25,2.3,FDR007(定盘利率),1.9245,1.8939956747095623,0,水平代理；不能复现原偏离度,True
2024-06-25,2.3,FDR007(定盘利率),1.9245,1.8939956747095623,0,水平代理；不能复现原偏离度,True
2024-06-26,2.3,FDR007(定盘利率),1.9245,1.8937740285204991,0,水平代理；不能复现原偏离度,True
2024-06-26,2.3,FDR007(定盘利率),1.9245,1.8937740285204991,0,水平代理；不能复现原偏离度,True
2024-06-27,2.35,FDR007(定盘利率),1.9295,1.894409008042896,0,水平代理；不能复现原偏离度,True
2024-06-27,2.35,FDR007(定盘利率),1.9295,1.894409008042896,0,水平代理；不能复现原偏离度,True
2024-06-28,2.3,FDR007(定盘利率),1.9328333333333336,1.8946156747095624,0,水平代理；不能复现原偏离度,True
2024-06-28,2.3,FDR007(定盘利率),1.9328333333333336,1.8946156747095622,0,水平代理；不能复现原偏离度,True
2024-07-01,1.95,FDR007(定盘利率),1.932,1.8948223413762288,0,水平代理；不能复现原偏离度,True
2024-07-01,1.95,FDR007(定盘利率),1.932,1.8948223413762288,0,水平代理；不能复现原偏离度,True
2024-07-02,1.85,FDR007(定盘利率),1.932,1.895012341376229,0,水平代理；不能复现原偏离度,True
2024-07-02,1.85,FDR007(定盘利率),1.932,1.895012341376229,0,水平代理；不能复现原偏离度,True
2024-07-03,1.85,FDR007(定盘利率),1.9295,1.894774028520499,0,水平代理；不能复现原偏离度,True
2024-07-03,1.85,FDR007(定盘利率),1.9295,1.894774028520499,0,水平代理；不能复现原偏离度,True
2024-07-04,1.83,FDR007(定盘利率),1.9275,1.8953923413762288,0,水平代理；不能复现原偏离度,True
2024-07-04,1.83,FDR007(定盘利率),1.9274999999999998,1.8953923413762288,0,水平代理；不能复现原偏离度,True
2024-07-05,1.85,FDR007(定盘利率),1.9266666666666663,1.895154028520499,0,水平代理；不能复现原偏离度,True
2024-07-05,1.85,FDR007(定盘利率),1.9266666666666663,1.895154028520499,0,水平代理；不能复现原偏离度,True
2024-07-08,1.87,FDR007(定盘利率),1.9258333333333333,1.8957723413762289,0,水平代理；不能复现原偏离度,True
2024-07-08,1.87,FDR007(定盘利率),1.9258333333333333,1.8957723413762289,0,水平代理；不能复现原偏离度,True
2024-07-09,1.87,FDR007(定盘利率),1.9253333333333336,1.8955340285204991,0,水平代理；不能复现原偏离度,True
2024-07-09,1.87,FDR007(定盘利率),1.9253333333333336,1.8955340285204991,0,水平代理；不能复现原偏离度,True
2024-07-10,1.85,FDR007(定盘利率),1.9245,1.896152341376229,0,水平代理；不能复现原偏离度,True
2024-07-10,1.85,FDR007(定盘利率),1.9244999999999999,1.896152341376229,0,水平代理；不能复现原偏离度,True
2024-07-11,1.83,FDR007(定盘利率),1.9233333333333331,1.8963423413762288,0,水平代理；不能复现原偏离度,True
2024-07-11,1.83,FDR007(定盘利率),1.9233333333333333,1.8963423413762288,0,水平代理；不能复现原偏离度,True
2024-07-12,1.84,FDR007(定盘利率),1.9215,1.896532341376229,0,水平代理；不能复现原偏离度,True
2024-07-12,1.84,FDR007(定盘利率),1.9214999999999998,1.896532341376229,0,水平代理；不能复现原偏离度,True
2024-07-15,1.85,FDR007(定盘利率),1.9206666666666667,1.8967223413762289,0,水平代理；不能复现原偏离度,True
2024-07-15,1.85,FDR007(定盘利率),1.9206666666666667,1.8967223413762289,0,水平代理；不能复现原偏离度,True
2024-07-16,1.92,FDR007(定盘利率),1.921,1.896810674709562,0,水平代理；不能复现原偏离度,True
2024-07-16,1.92,FDR007(定盘利率),1.921,1.896810674709562,0,水平代理；不能复现原偏离度,True
2024-07-17,1.9,FDR007(定盘利率),1.921,1.896641124497992,0,水平代理；不能复现原偏离度,True
2024-07-17,1.9,FDR007(定盘利率),1.921,1.896641124497992,0,水平代理；不能复现原偏离度,True
2024-07-18,1.9,FDR007(定盘利率),1.921,1.8969873413762288,0,水平代理；不能复现原偏离度,True
2024-07-18,1.9,FDR007(定盘利率),1.921,1.8969873413762288,0,水平代理；不能复现原偏离度,True
2024-07-19,1.9,FDR007(定盘利率),1.921,1.8966473618538324,0,水平代理；不能复现原偏离度,True
2024-07-19,1.9,FDR007(定盘利率),1.921,1.8966473618538324,0,水平代理；不能复现原偏离度,True
2024-07-22,1.85,FDR007(定盘利率),1.9188333333333327,1.8967356951871657,0,水平代理；不能复现原偏离度,True
2024-07-22,1.85,FDR007(定盘利率),1.9188333333333327,1.8967356951871657,0,水平代理；不能复现原偏离度,True
2024-07-23,1.85,FDR007(定盘利率),1.917166666666667,1.8968240285204991,0,水平代理；不能复现原偏离度,True
2024-07-23,1.85,FDR007(定盘利率),1.917166666666667,1.8968240285204991,0,水平代理；不能复现原偏离度,True
2024-07-24,1.85,FDR007(定盘利率),1.915,1.8973406747095625,0,水平代理；不能复现原偏离度,True
2024-07-24,1.85,FDR007(定盘利率),1.915,1.8973406747095622,0,水平代理；不能复现原偏离度,True
2024-07-25,2.0,FDR007(定盘利率),1.9136666666666668,1.8974290080428955,0,水平代理；不能复现原偏离度,True
2024-07-25,2.0,FDR007(定盘利率),1.9136666666666668,1.8974290080428955,0,水平代理；不能复现原偏离度,True
2024-07-26,1.99,FDR007(定盘利率),1.9118333333333333,1.897517341376229,0,水平代理；不能复现原偏离度,True
2024-07-26,1.99,FDR007(定盘利率),1.9118333333333335,1.897517341376229,0,水平代理；不能复现原偏离度,True
2024-07-29,1.95,FDR007(定盘利率),1.9118333333333333,1.8973477911646583,0,水平代理；不能复现原偏离度,True
2024-07-29,1.95,FDR007(定盘利率),1.9118333333333333,1.8973477911646583,0,水平代理；不能复现原偏离度,True
2024-07-30,1.93,FDR007(定盘利率),1.9123333333333328,1.897614008042896,0,水平代理；不能复现原偏离度,True
2024-07-30,1.93,FDR007(定盘利率),1.9123333333333332,1.8976140080428956,0,水平代理；不能复现原偏离度,True
2024-07-31,1.9,FDR007(定盘利率),1.9123333333333332,1.8976223413762288,0,水平代理；不能复现原偏离度,True
2024-07-31,1.9,FDR007(定盘利率),1.9123333333333334,1.8976223413762288,0,水平代理；不能复现原偏离度,True
2024-08-01,1.85,FDR007(定盘利率),1.9115,1.8972023618538325,0,水平代理；不能复现原偏离度,True
2024-08-01,1.85,FDR007(定盘利率),1.9115,1.8972023618538325,0,水平代理；不能复现原偏离度,True
2024-08-02,1.82,FDR007(定盘利率),1.9106666666666667,1.8976390080428955,0,水平代理；不能复现原偏离度,True
2024-08-02,1.82,FDR007(定盘利率),1.9106666666666667,1.8976390080428955,0,水平代理；不能复现原偏离度,True
2024-08-05,1.8,FDR007(定盘利率),1.9098333333333333,1.8976473413762287,0,水平代理；不能复现原偏离度,True
2024-08-05,1.8,FDR007(定盘利率),1.9098333333333335,1.8976473413762287,0,水平代理；不能复现原偏离度,True
2024-08-06,1.84,FDR007(定盘利率),1.909166666666667,1.897655674709562,0,水平代理；不能复现原偏离度,True
2024-08-06,1.84,FDR007(定盘利率),1.909166666666667,1.897655674709562,0,水平代理；不能复现原偏离度,True
2024-08-07,1.83,FDR007(定盘利率),1.9088333333333332,1.8976640080428957,0,水平代理；不能复现原偏离度,True
2024-08-07,1.83,FDR007(定盘利率),1.9088333333333334,1.8976640080428955,0,水平代理；不能复现原偏离度,True
2024-08-08,1.85,FDR007(定盘利率),1.909333333333333,1.8972440285204992,0,水平代理；不能复现原偏离度,True
2024-08-08,1.85,FDR007(定盘利率),1.909333333333333,1.8972440285204992,0,水平代理；不能复现原偏离度,True
2024-08-09,1.86,FDR007(定盘利率),1.91,1.8972523618538328,0,水平代理；不能复现原偏离度,True
2024-08-09,1.86,FDR007(定盘利率),1.91,1.8972523618538328,0,水平代理；不能复现原偏离度,True
2024-08-12,1.92,FDR007(定盘利率),1.912,1.897260695187166,0,水平代理；不能复现原偏离度,True
2024-08-12,1.92,FDR007(定盘利率),1.912,1.897260695187166,0,水平代理；不能复现原偏离度,True
2024-08-13,1.95,FDR007(定盘利率),1.9143333333333328,1.8979373413762288,0,水平代理；不能复现原偏离度,True
2024-08-13,1.95,FDR007(定盘利率),1.9143333333333332,1.8979373413762288,0,水平代理；不能复现原偏离度,True
2024-08-14,1.92,FDR007(定盘利率),1.9155,1.8981856747095625,0,水平代理；不能复现原偏离度,True
2024-08-14,1.92,FDR007(定盘利率),1.9155000000000002,1.8981856747095622,0,水平代理；不能复现原偏离度,True
2024-08-15,1.9,FDR007(定盘利率),1.9163333333333328,1.898434008042896,0,水平代理；不能复现原偏离度,True
2024-08-15,1.9,FDR007(定盘利率),1.9163333333333332,1.8984340080428956,0,水平代理；不能复现原偏离度,True
2024-08-16,1.86,FDR007(定盘利率),1.9168333333333332,1.898682341376229,0,水平代理；不能复现原偏离度,True
2024-08-16,1.86,FDR007(定盘利率),1.9168333333333334,1.898682341376229,0,水平代理；不能复现原偏离度,True
2024-08-19,1.85,FDR007(定盘利率),1.917333333333333,1.8985023618538328,0,水平代理；不能复现原偏离度,True
2024-08-19,1.85,FDR007(定盘利率),1.917333333333333,1.8985023618538328,0,水平代理；不能复现原偏离度,True
2024-08-20,1.86,FDR007(定盘利率),1.9158333333333333,1.898921124497992,0,水平代理；不能复现原偏离度,True
2024-08-20,1.86,FDR007(定盘利率),1.9158333333333333,1.898921124497992,0,水平代理；不能复现原偏离度,True
2024-08-21,1.88,FDR007(定盘利率),1.9146666666666663,1.8989990285205,0,水平代理；不能复现原偏离度,True
2024-08-21,1.88,FDR007(定盘利率),1.9146666666666663,1.8989990285205,0,水平代理；不能复现原偏离度,True
2024-08-22,1.91,FDR007(定盘利率),1.9135,1.8996756747095624,0,水平代理；不能复现原偏离度,True
2024-08-22,1.91,FDR007(定盘利率),1.9135,1.8996756747095624,0,水平代理；不能复现原偏离度,True
2024-08-23,1.92,FDR007(定盘利率),1.913,1.899495695187166,0,水平代理；不能复现原偏离度,True
2024-08-23,1.92,FDR007(定盘利率),1.913,1.899495695187166,0,水平代理；不能复现原偏离度,True
2024-08-26,2.05,FDR007(定盘利率),1.9158333333333333,1.900172341376229,0,水平代理；不能复现原偏离度,True
2024-08-26,2.05,FDR007(定盘利率),1.9158333333333333,1.900172341376229,0,水平代理；不能复现原偏离度,True
2024-08-27,2.0,FDR007(定盘利率),1.9185,1.900269575513852,0,水平代理；不能复现原偏离度,True
2024-08-27,2.0,FDR007(定盘利率),1.9185,1.900269575513852,0,水平代理；不能复现原偏离度,True
2024-08-28,1.9,FDR007(定盘利率),1.9196666666666664,1.900329008042896,0,水平代理；不能复现原偏离度,True
2024-08-28,1.9,FDR007(定盘利率),1.9196666666666666,1.9003290080428956,0,水平代理；不能复现原偏离度,True
2024-08-29,1.9,FDR007(定盘利率),1.9206666666666667,1.9001494578313247,0,水平代理；不能复现原偏离度,True
2024-08-29,1.9,FDR007(定盘利率),1.9206666666666667,1.9001494578313247,0,水平代理；不能复现原偏离度,True
2024-08-30,1.87,FDR007(定盘利率),1.921166666666667,1.9004856747095624,0,水平代理；不能复现原偏离度,True
2024-08-30,1.87,FDR007(定盘利率),1.921166666666667,1.9004856747095624,0,水平代理；不能复现原偏离度,True
2024-09-02,1.85,FDR007(定盘利率),1.921166666666667,1.9001356951871653,0,水平代理；不能复现原偏离度,True
2024-09-02,1.85,FDR007(定盘利率),1.921166666666667,1.9001356951871653,0,水平代理；不能复现原偏离度,True
2024-09-03,1.86,FDR007(定盘利率),1.9216666666666669,1.9002140285204991,0,水平代理；不能复现原偏离度,True
2024-09-03,1.86,FDR007(定盘利率),1.9216666666666669,1.9002140285204991,0,水平代理；不能复现原偏离度,True
2024-09-04,1.9,FDR007(定盘利率),1.9228333333333332,1.9007206747095624,0,水平代理；不能复现原偏离度,True
2024-09-04,1.9,FDR007(定盘利率),1.9228333333333334,1.9007206747095622,0,水平代理；不能复现原偏离度,True
2024-09-05,1.89,FDR007(定盘利率),1.9238333333333333,1.9007990080428956,0,水平代理；不能复现原偏离度,True
2024-09-05,1.89,FDR007(定盘利率),1.9238333333333335,1.9007990080428954,0,水平代理；不能复现原偏离度,True
2024-09-06,1.9,FDR007(定盘利率),1.925,1.9008773413762288,0,水平代理；不能复现原偏离度,True
2024-09-06,1.9,FDR007(定盘利率),1.925,1.9008773413762288,0,水平代理；不能复现原偏离度,True
2024-09-09,1.93,FDR007(定盘利率),1.9263333333333328,1.9005273618538323,0,水平代理；不能复现原偏离度,True
2024-09-09,1.93,FDR007(定盘利率),1.9263333333333328,1.9005273618538323,0,水平代理；不能复现原偏离度,True
2024-09-10,1.95,FDR007(定盘利率),1.9273333333333331,1.900985674709562,0,水平代理；不能复现原偏离度,True
2024-09-10,1.95,FDR007(定盘利率),1.9273333333333333,1.900985674709562,0,水平代理；不能复现原偏离度,True
2024-09-11,1.94,FDR007(定盘利率),1.9278333333333333,1.901015674709562,0,水平代理；不能复现原偏离度,True
2024-09-11,1.94,FDR007(定盘利率),1.9278333333333333,1.901015674709562,0,水平代理；不能复现原偏离度,True
2024-09-12,1.9,FDR007(定盘利率),1.9278333333333333,1.901045674709562,0,水平代理；不能复现原偏离度,True
2024-09-12,1.9,FDR007(定盘利率),1.9278333333333333,1.901045674709562,0,水平代理；不能复现原偏离度,True
2024-09-13,1.95,FDR007(定盘利率),1.9265,1.901075674709562,0,水平代理；不能复现原偏离度,True
2024-09-13,1.95,FDR007(定盘利率),1.9265,1.901075674709562,0,水平代理；不能复现原偏离度,True
2024-09-14,1.8,FDR007(定盘利率),1.917333333333333,1.9011056747095625,0,水平代理；不能复现原偏离度,True
2024-09-14,1.8,FDR007(定盘利率),1.9173333333333331,1.9011056747095623,0,水平代理；不能复现原偏离度,True
2024-09-18,1.9,FDR007(定盘利率),1.9106666666666667,1.9011356747095625,0,水平代理；不能复现原偏离度,True
2024-09-18,1.9,FDR007(定盘利率),1.9106666666666667,1.9011356747095622,0,水平代理；不能复现原偏离度,True
2024-09-19,2.0,FDR007(定盘利率),1.9056666666666664,1.9011656747095624,0,水平代理；不能复现原偏离度,True
2024-09-19,2.0,FDR007(定盘利率),1.9056666666666666,1.9011656747095622,0,水平代理；不能复现原偏离度,True
2024-09-20,2.0,FDR007(定盘利率),1.8998333333333333,1.9011956747095624,1,水平代理；不能复现原偏离度,True
2024-09-20,2.0,FDR007(定盘利率),1.8998333333333335,1.9011956747095622,1,水平代理；不能复现原偏离度,True
2024-09-23,2.0,FDR007(定盘利率),1.8948333333333331,1.9008773413762288,1,水平代理；不能复现原偏离度,True
2024-09-23,2.0,FDR007(定盘利率),1.8948333333333334,1.9008773413762288,1,水平代理；不能复现原偏离度,True
2024-09-24,2.05,FDR007(定盘利率),1.8965,1.8998333333333333,1,水平代理；不能复现原偏离度,True
2024-09-24,2.05,FDR007(定盘利率),1.8965,1.8998333333333333,1,水平代理；不能复现原偏离度,True
2024-09-25,2.0,FDR007(定盘利率),1.899,1.899867234137623,1,水平代理；不能复现原偏离度,True
2024-09-25,2.0,FDR007(定盘利率),1.899,1.899867234137623,1,水平代理；不能复现原偏离度,True
2024-09-26,2.05,FDR007(定盘利率),1.9023333333333332,1.899166666666667,0,水平代理；不能复现原偏离度,True
2024-09-26,2.05,FDR007(定盘利率),1.9023333333333334,1.8991666666666667,0,水平代理；不能复现原偏离度,True
2024-09-27,1.9,FDR007(定盘利率),1.9035,1.89922320855615,0,水平代理；不能复现原偏离度,True
2024-09-27,1.9,FDR007(定盘利率),1.9035,1.89922320855615,0,水平代理；不能复现原偏离度,True
2024-09-29,1.8,FDR007(定盘利率),1.902666666666667,1.8992976114082,0,水平代理；不能复现原偏离度,True
2024-09-29,1.8,FDR007(定盘利率),1.902666666666667,1.8992976114082,0,水平代理；不能复现原偏离度,True
2024-09-30,2.4,FDR007(定盘利率),1.9115,1.8994166666666668,0,水平代理；不能复现原偏离度,True
2024-09-30,2.4,FDR007(定盘利率),1.9115,1.8994166666666668,0,水平代理；不能复现原偏离度,True
2024-10-08,1.9,FDR007(定盘利率),1.912,1.8994464171123,0,水平代理；不能复现原偏离度,True
2024-10-08,1.9,FDR007(定盘利率),1.912,1.8994464171123,0,水平代理；不能复现原偏离度,True
2024-10-09,2.05,FDR007(定盘利率),1.915333333333333,1.8995208199643496,0,水平代理；不能复现原偏离度,True
2024-10-09,2.05,FDR007(定盘利率),1.915333333333333,1.8995208199643496,0,水平代理；不能复现原偏离度,True
2024-10-10,2.1,FDR007(定盘利率),1.9198333333333333,1.8995952228164,0,水平代理；不能复现原偏离度,True
2024-10-10,2.1,FDR007(定盘利率),1.9198333333333333,1.8995952228164,0,水平代理；不能复现原偏离度,True
2024-10-11,1.9,FDR007(定盘利率),1.9208333333333327,1.899669625668449,0,水平代理；不能复现原偏离度,True
2024-10-11,1.9,FDR007(定盘利率),1.9208333333333327,1.899669625668449,0,水平代理；不能复现原偏离度,True
2024-10-12,1.57,FDR007(定盘利率),1.9161666666666664,1.8997440285204992,0,水平代理；不能复现原偏离度,True
2024-10-12,1.57,FDR007(定盘利率),1.9161666666666664,1.8997440285204992,0,水平代理；不能复现原偏离度,True
2024-10-14,1.92,FDR007(定盘利率),1.9161666666666664,1.8997529590017823,0,水平代理；不能复现原偏离度,True
2024-10-14,1.92,FDR007(定盘利率),1.9161666666666664,1.8997529590017823,0,水平代理；不能复现原偏离度,True
2024-10-15,1.88,FDR007(定盘利率),1.9158333333333333,1.8999011349419128,0,水平代理；不能复现原偏离度,True
2024-10-15,1.88,FDR007(定盘利率),1.9158333333333333,1.8999011349419128,0,水平代理；不能复现原偏离度,True
2024-10-16,1.9,FDR007(定盘利率),1.9158333333333333,1.899935035746202,0,水平代理；不能复现原偏离度,True
2024-10-16,1.9,FDR007(定盘利率),1.9158333333333333,1.8999350357462021,0,水平代理；不能复现原偏离度,True
2024-10-17,1.88,FDR007(定盘利率),1.9155,1.899968936550492,0,水平代理；不能复现原偏离度,True
2024-10-17,1.88,FDR007(定盘利率),1.9155000000000002,1.8999689365504917,0,水平代理；不能复现原偏离度,True
2024-10-18,1.85,FDR007(定盘利率),1.9155,1.9000028373547813,0,水平代理；不能复现原偏离度,True
2024-10-18,1.85,FDR007(定盘利率),1.9155,1.9000028373547813,0,水平代理；不能复现原偏离度,True
2024-10-21,1.92,FDR007(定盘利率),1.9166666666666667,1.9000367381590708,0,水平代理；不能复现原偏离度,True
2024-10-21,1.92,FDR007(定盘利率),1.9166666666666667,1.9000367381590708,0,水平代理；不能复现原偏离度,True
2024-10-22,1.92,FDR007(定盘利率),1.9178333333333333,1.9000706389633604,0,水平代理；不能复现原偏离度,True
2024-10-22,1.92,FDR007(定盘利率),1.9178333333333333,1.9000706389633604,0,水平代理；不能复现原偏离度,True
2024-10-23,1.9,FDR007(定盘利率),1.9161666666666664,1.90010453976765,0,水平代理；不能复现原偏离度,True
2024-10-23,1.9,FDR007(定盘利率),1.9161666666666666,1.90010453976765,0,水平代理；不能复现原偏离度,True
2024-10-24,1.9,FDR007(定盘利率),1.9146666666666663,1.9001384405719397,0,水平代理；不能复现原偏离度,True
2024-10-24,1.9,FDR007(定盘利率),1.9146666666666665,1.9001384405719395,0,水平代理；不能复现原偏离度,True
2024-10-25,2.0,FDR007(定盘利率),1.9155,1.900172341376229,0,水平代理；不能复现原偏离度,True
2024-10-25,2.0,FDR007(定盘利率),1.9155,1.900172341376229,0,水平代理；不能复现原偏离度,True
2024-10-28,1.93,FDR007(定盘利率),1.9155,1.9002506747095624,0,水平代理；不能复现原偏离度,True
2024-10-28,1.93,FDR007(定盘利率),1.9155,1.9002506747095624,0,水平代理；不能复现原偏离度,True
2024-10-29,1.9,FDR007(定盘利率),1.9155,1.900329008042896,0,水平代理；不能复现原偏离度,True
2024-10-29,1.9,FDR007(定盘利率),1.9155,1.900329008042896,0,水平代理；不能复现原偏离度,True
2024-10-30,1.9,FDR007(定盘利率),1.9163333333333328,1.900407341376229,0,水平代理；不能复现原偏离度,True
2024-10-30,1.9,FDR007(定盘利率),1.9163333333333328,1.900407341376229,0,水平代理；不能复现原偏离度,True
2024-10-31,1.87,FDR007(定盘利率),1.917166666666667,1.9004856747095624,0,水平代理；不能复现原偏离度,True
2024-10-31,1.87,FDR007(定盘利率),1.917166666666667,1.9004856747095624,0,水平代理；不能复现原偏离度,True
2024-11-01,1.79,FDR007(定盘利率),1.917,1.900564008042896,0,水平代理；不能复现原偏离度,True
2024-11-01,1.79,FDR007(定盘利率),1.917,1.900564008042896,0,水平代理；不能复现原偏离度,True
2024-11-04,1.78,FDR007(定盘利率),1.916,1.9006423413762288,0,水平代理；不能复现原偏离度,True
2024-11-04,1.78,FDR007(定盘利率),1.916,1.9006423413762288,0,水平代理；不能复现原偏离度,True
2024-11-05,1.79,FDR007(定盘利率),1.915333333333333,1.9007206747095624,0,水平代理；不能复现原偏离度,True
2024-11-05,1.79,FDR007(定盘利率),1.9153333333333333,1.9007206747095622,0,水平代理；不能复现原偏离度,True
2024-11-06,1.79,FDR007(定盘利率),1.9143333333333328,1.9007990080428956,0,水平代理；不能复现原偏离度,True
2024-11-06,1.79,FDR007(定盘利率),1.9143333333333332,1.9007990080428954,0,水平代理；不能复现原偏离度,True
2024-11-07,1.8,FDR007(定盘利率),1.913333333333333,1.9008773413762288,0,水平代理；不能复现原偏离度,True
2024-11-07,1.8,FDR007(定盘利率),1.913333333333333,1.9008773413762288,0,水平代理；不能复现原偏离度,True
2024-11-08,1.8,FDR007(定盘利率),1.9113333333333336,1.900955674709562,0,水平代理；不能复现原偏离度,True
2024-11-08,1.8,FDR007(定盘利率),1.9113333333333336,1.900955674709562,0,水平代理；不能复现原偏离度,True
2024-11-11,1.88,FDR007(定盘利率),1.9101666666666663,1.900985674709562,0,水平代理；不能复现原偏离度,True
2024-11-11,1.88,FDR007(定盘利率),1.9101666666666663,1.900985674709562,0,水平代理；不能复现原偏离度,True
2024-11-12,1.9,FDR007(定盘利率),1.9098333333333333,1.901015674709562,0,水平代理；不能复现原偏离度,True
2024-11-12,1.9,FDR007(定盘利率),1.9098333333333335,1.9010156747095621,0,水平代理；不能复现原偏离度,True
2024-11-13,1.9,FDR007(定盘利率),1.9098333333333333,1.901045674709562,0,水平代理；不能复现原偏离度,True
2024-11-13,1.9,FDR007(定盘利率),1.9098333333333335,1.901045674709562,0,水平代理；不能复现原偏离度,True
2024-11-14,1.89,FDR007(定盘利率),1.9103333333333332,1.901075674709562,0,水平代理；不能复现原偏离度,True
2024-11-14,1.89,FDR007(定盘利率),1.9103333333333334,1.901075674709562,0,水平代理；不能复现原偏离度,True
2024-11-15,1.85,FDR007(定盘利率),1.9103333333333328,1.9011056747095625,0,水平代理；不能复现原偏离度,True
2024-11-15,1.85,FDR007(定盘利率),1.9103333333333332,1.9011056747095623,0,水平代理；不能复现原偏离度,True
2024-11-18,1.85,FDR007(定盘利率),1.9101666666666663,1.9011356747095625,0,水平代理；不能复现原偏离度,True
2024-11-18,1.85,FDR007(定盘利率),1.9101666666666666,1.9011356747095622,0,水平代理；不能复现原偏离度,True
2024-11-19,1.84,FDR007(定盘利率),1.9095,1.9011656747095624,0,水平代理；不能复现原偏离度,True
2024-11-19,1.84,FDR007(定盘利率),1.9095000000000002,1.9011656747095622,0,水平代理；不能复现原偏离度,True
2024-11-20,1.84,FDR007(定盘利率),1.9083333333333332,1.9011956747095624,0,水平代理；不能复现原偏离度,True
2024-11-20,1.84,FDR007(定盘利率),1.9083333333333334,1.9011956747095622,0,水平代理；不能复现原偏离度,True
2024-11-21,1.84,FDR007(定盘利率),1.907,1.9012256747095624,0,水平代理；不能复现原偏离度,True
2024-11-21,1.84,FDR007(定盘利率),1.907,1.9012256747095624,0,水平代理；不能复现原偏离度,True
2024-11-22,1.82,FDR007(定盘利率),1.903166666666667,1.9012556747095624,0,水平代理；不能复现原偏离度,True
2024-11-22,1.82,FDR007(定盘利率),1.903166666666667,1.9012556747095624,0,水平代理；不能复现原偏离度,True
2024-11-25,1.9,FDR007(定盘利率),1.9015,1.901269008042896,0,水平代理；不能复现原偏离度,True
2024-11-25,1.9,FDR007(定盘利率),1.9015,1.901269008042896,0,水平代理；不能复现原偏离度,True
2024-11-26,1.83,FDR007(定盘利率),1.9003333333333328,1.901282341376229,1,水平代理；不能复现原偏离度,True
2024-11-26,1.83,FDR007(定盘利率),1.9003333333333328,1.901282341376229,1,水平代理；不能复现原偏离度,True
2024-11-27,1.8,FDR007(定盘利率),1.8986666666666667,1.901045674709562,1,水平代理；不能复现原偏离度,True
2024-11-27,1.8,FDR007(定盘利率),1.8986666666666667,1.901045674709562,1,水平代理；不能复现原偏离度,True
2024-11-28,1.82,FDR007(定盘利率),1.8978333333333333,1.9005822698838248,1,水平代理；不能复现原偏离度,True
2024-11-28,1.82,FDR007(定盘利率),1.8978333333333333,1.9005822698838248,1,水平代理；不能复现原偏离度,True
2024-11-29,1.8,FDR007(定盘利率),1.897,1.900252837354781,1,水平代理；不能复现原偏离度,True
2024-11-29,1.8,FDR007(定盘利率),1.897,1.900252837354781,1,水平代理；不能复现原偏离度,True
2024-12-02,1.73,FDR007(定盘利率),1.8948333333333327,1.9000367381590708,1,水平代理；不能复现原偏离度,True
2024-12-02,1.73,FDR007(定盘利率),1.8948333333333327,1.9000367381590708,1,水平代理；不能复现原偏离度,True
2024-12-03,1.75,FDR007(定盘利率),1.8923333333333332,1.8995833333333332,1,水平代理；不能复现原偏离度,True
2024-12-03,1.75,FDR007(定盘利率),1.8923333333333334,1.8995833333333334,1,水平代理；不能复现原偏离度,True
2024-12-04,1.79,FDR007(定盘利率),1.890666666666667,1.8989333333333331,1,水平代理；不能复现原偏离度,True
2024-12-04,1.79,FDR007(定盘利率),1.890666666666667,1.8989333333333334,1,水平代理；不能复现原偏离度,True
2024-12-05,1.82,FDR007(定盘利率),1.8893333333333333,1.8985833333333333,1,水平代理；不能复现原偏离度,True
2024-12-05,1.82,FDR007(定盘利率),1.8893333333333333,1.8985833333333335,1,水平代理；不能复现原偏离度,True
2024-12-06,1.85,FDR007(定盘利率),1.888,1.8978333333333333,1,水平代理；不能复现原偏离度,True
2024-12-06,1.85,FDR007(定盘利率),1.8879999999999997,1.8978333333333335,1,水平代理；不能复现原偏离度,True
2024-12-09,1.88,FDR007(定盘利率),1.8868333333333327,1.8973179590017828,1,水平代理；不能复现原偏离度,True
2024-12-09,1.88,FDR007(定盘利率),1.8868333333333327,1.8973179590017828,1,水平代理；不能复现原偏离度,True
2024-12-10,1.93,FDR007(定盘利率),1.8866666666666667,1.8976223413762288,1,水平代理；不能复现原偏离度,True
2024-12-10,1.93,FDR007(定盘利率),1.8866666666666667,1.8976223413762288,1,水平代理；不能复现原偏离度,True
2024-12-11,1.86,FDR007(定盘利率),1.886,1.8971817024128683,1,水平代理；不能复现原偏离度,True
2024-12-11,1.86,FDR007(定盘利率),1.886,1.8971817024128685,1,水平代理；不能复现原偏离度,True
2024-12-12,1.95,FDR007(定盘利率),1.886,1.8968334048257367,1,水平代理；不能复现原偏离度,True
2024-12-12,1.95,FDR007(定盘利率),1.886,1.8968334048257371,1,水平代理；不能复现原偏离度,True
2024-12-13,1.93,FDR007(定盘利率),1.8881666666666668,1.8966111706881144,1,水平代理；不能复现原偏离度,True
2024-12-13,1.93,FDR007(定盘利率),1.8881666666666668,1.8966111706881144,1,水平代理；不能复现原偏离度,True
2024-12-16,1.95,FDR007(定盘利率),1.889,1.8958333333333333,1,水平代理；不能复现原偏离度,True
2024-12-16,1.95,FDR007(定盘利率),1.889,1.8958333333333333,1,水平代理；不能复现原偏离度,True
2024-12-17,2.05,FDR007(定盘利率),1.8898333333333333,1.8948333333333327,1,水平代理；不能复现原偏离度,True
2024-12-17,2.05,FDR007(定盘利率),1.8898333333333333,1.8948333333333327,1,水平代理；不能复现原偏离度,True
2024-12-18,1.93,FDR007(定盘利率),1.8886666666666665,1.8948311349419125,1,水平代理；不能复现原偏离度,True
2024-12-18,1.93,FDR007(定盘利率),1.8886666666666665,1.8948311349419125,1,水平代理；不能复现原偏离度,True
2024-12-19,1.84,FDR007(定盘利率),1.886,1.8941879590017825,1,水平代理；不能复现原偏离度,True
2024-12-19,1.84,FDR007(定盘利率),1.886,1.8941879590017825,1,水平代理；不能复现原偏离度,True
2024-12-20,1.8,FDR007(定盘利率),1.8818333333333328,1.8927556747095624,1,水平代理；不能复现原偏离度,True
2024-12-20,1.8,FDR007(定盘利率),1.8818333333333328,1.8927556747095624,1,水平代理；不能复现原偏离度,True
2024-12-23,1.73,FDR007(定盘利率),1.8773333333333333,1.8923755674709564,1,水平代理；不能复现原偏离度,True
2024-12-23,1.73,FDR007(定盘利率),1.8773333333333333,1.8923755674709564,1,水平代理；不能复现原偏离度,True
2024-12-24,1.73,FDR007(定盘利率),1.872,1.891,1,水平代理；不能复现原偏离度,True
2024-12-24,1.73,FDR007(定盘利率),1.872,1.891,1,水平代理；不能复现原偏离度,True
2024-12-25,2.05,FDR007(定盘利率),1.8745,1.890083333333333,1,水平代理；不能复现原偏离度,True
2024-12-25,2.05,FDR007(定盘利率),1.8745,1.890083333333333,1,水平代理；不能复现原偏离度,True
2024-12-26,2.24,FDR007(定盘利率),1.8818333333333328,1.8895333333333333,1,水平代理；不能复现原偏离度,True
2024-12-26,2.24,FDR007(定盘利率),1.8818333333333332,1.8895333333333333,1,水平代理；不能复现原偏离度,True
2024-12-27,2.3,FDR007(定盘利率),1.8801666666666668,1.8892111706881145,1,水平代理；不能复现原偏离度,True
2024-12-27,2.3,FDR007(定盘利率),1.8801666666666668,1.8892111706881145,1,水平代理；不能复现原偏离度,True
2024-12-30,2.2,FDR007(定盘利率),1.8851666666666669,1.8890534048257368,1,水平代理；不能复现原偏离度,True
2024-12-30,2.2,FDR007(定盘利率),1.8851666666666669,1.8890534048257368,1,水平代理；不能复现原偏离度,True
2024-12-31,2.2,FDR007(定盘利率),1.8876666666666668,1.8889567024128684,1,水平代理；不能复现原偏离度,True
2024-12-31,2.2,FDR007(定盘利率),1.8876666666666668,1.8889567024128684,1,水平代理；不能复现原偏离度,True
2025-01-02,1.8,FDR007(定盘利率),1.8826666666666665,1.8888178731009828,1,水平代理；不能复现原偏离度,True
2025-01-02,1.8,FDR007(定盘利率),1.8826666666666665,1.8888178731009828,1,水平代理；不能复现原偏离度,True
2025-01-03,1.83,FDR007(定盘利率),1.8815,1.8886166666666664,1,水平代理；不能复现原偏离度,True
2025-01-03,1.83,FDR007(定盘利率),1.8815,1.8886166666666664,1,水平代理；不能复现原偏离度,True
2025-01-06,1.67,FDR007(定盘利率),1.8831666666666669,1.8881666666666668,1,水平代理；不能复现原偏离度,True
2025-01-06,1.67,FDR007(定盘利率),1.8831666666666667,1.8881666666666668,1,水平代理；不能复现原偏离度,True
2025-01-07,1.6,FDR007(定盘利率),1.877833333333333,1.8880166666666665,1,水平代理；不能复现原偏离度,True
2025-01-07,1.6,FDR007(定盘利率),1.877833333333333,1.8880166666666665,1,水平代理；不能复现原偏离度,True
2025-01-08,1.63,FDR007(定盘利率),1.8736666666666664,1.8877333333333333,1,水平代理；不能复现原偏离度,True
2025-01-08,1.63,FDR007(定盘利率),1.8736666666666666,1.8877333333333335,1,水平代理；不能复现原偏离度,True
2025-01-09,1.68,FDR007(定盘利率),1.87,1.8870833333333332,1,水平代理；不能复现原偏离度,True
2025-01-09,1.68,FDR007(定盘利率),1.87,1.8870833333333334,1,水平代理；不能复现原偏离度,True
2025-01-10,1.78,FDR007(定盘利率),1.8683333333333327,1.8867333333333332,1,水平代理；不能复现原偏离度,True
2025-01-10,1.78,FDR007(定盘利率),1.8683333333333332,1.8867333333333334,1,水平代理；不能复现原偏离度,True
2025-01-13,2.1,FDR007(定盘利率),1.8725,1.8865611706881145,1,水平代理；不能复现原偏离度,True
2025-01-13,2.1,FDR007(定盘利率),1.8725,1.8865611706881142,1,水平代理；不能复现原偏离度,True
2025-01-14,2.4,FDR007(定盘利率),1.8805,1.8863423413762288,1,水平代理；不能复现原偏离度,True
2025-01-14,2.4,FDR007(定盘利率),1.8805,1.8863423413762288,1,水平代理；不能复现原偏离度,True
2025-01-15,2.45,FDR007(定盘利率),1.8893333333333333,1.88612063896336,0,水平代理；不能复现原偏离度,True
2025-01-15,2.45,FDR007(定盘利率),1.8893333333333333,1.88612063896336,0,水平代理；不能复现原偏离度,True
2025-01-16,3.3,FDR007(定盘利率),1.9126666666666663,1.8861378731009828,0,水平代理；不能复现原偏离度,True
2025-01-16,3.3,FDR007(定盘利率),1.9126666666666663,1.8861378731009828,0,水平代理；不能复现原偏离度,True
2025-01-17,2.5,FDR007(定盘利率),1.9226666666666667,1.8861551072386056,0,水平代理；不能复现原偏离度,True
2025-01-17,2.5,FDR007(定盘利率),1.9226666666666667,1.8861551072386058,0,水平代理；不能复现原偏离度,True
2025-01-20,2.4,FDR007(定盘利率),1.9293333333333331,1.8861723413762288,0,水平代理；不能复现原偏离度,True
2025-01-20,2.4,FDR007(定盘利率),1.9293333333333333,1.8861723413762286,0,水平代理；不能复现原偏离度,True
2025-01-21,2.4,FDR007(定盘利率),1.9371666666666665,1.8862006747095617,0,水平代理；不能复现原偏离度,True
2025-01-21,2.4,FDR007(定盘利率),1.9371666666666665,1.8862006747095619,0,水平代理；不能复现原偏离度,True
2025-01-22,2.15,FDR007(定盘利率),1.9413333333333331,1.8862290080428952,0,水平代理；不能复现原偏离度,True
2025-01-22,2.15,FDR007(定盘利率),1.9413333333333334,1.8862290080428952,0,水平代理；不能复现原偏离度,True
2025-01-23,2.3,FDR007(定盘利率),1.948,1.8862573413762287,0,水平代理；不能复现原偏离度,True
2025-01-23,2.3,FDR007(定盘利率),1.948,1.8862573413762287,0,水平代理；不能复现原偏离度,True
2025-01-24,2.5,FDR007(定盘利率),1.9585,1.886285674709562,0,水平代理；不能复现原偏离度,True
2025-01-24,2.5,FDR007(定盘利率),1.9585,1.886285674709562,0,水平代理；不能复现原偏离度,True
2025-01-26,2.0,FDR007(定盘利率),1.962,1.8863140080428955,0,水平代理；不能复现原偏离度,True
2025-01-26,2.0,FDR007(定盘利率),1.962,1.8863140080428955,0,水平代理；不能复现原偏离度,True
2025-01-27,1.9,FDR007(定盘利率),1.964,1.8863423413762288,0,水平代理；不能复现原偏离度,True
2025-01-27,1.9,FDR007(定盘利率),1.964,1.8863423413762288,0,水平代理；不能复现原偏离度,True
2025-02-05,2.05,FDR007(定盘利率),1.9683333333333333,1.8860191532976829,0,水平代理；不能复现原偏离度,True
2025-02-05,2.05,FDR007(定盘利率),1.9683333333333333,1.8860191532976829,0,水平代理；不能复现原偏离度,True
2025-02-06,1.85,FDR007(定盘利率),1.9693333333333327,1.886399008042896,0,水平代理；不能复现原偏离度,True
2025-02-06,1.85,FDR007(定盘利率),1.9693333333333327,1.886399008042896,0,水平代理；不能复现原偏离度,True
2025-02-07,1.8,FDR007(定盘利率),1.9693333333333336,1.8864273413762287,0,水平代理；不能复现原偏离度,True
2025-02-07,1.8,FDR007(定盘利率),1.9693333333333336,1.8864273413762287,0,水平代理；不能复现原偏离度,True
2025-02-08,1.7,FDR007(定盘利率),1.9676666666666665,1.886455674709562,0,水平代理；不能复现原偏离度,True
2025-02-08,1.7,FDR007(定盘利率),1.9676666666666665,1.886455674709562,0,水平代理；不能复现原偏离度,True
2025-02-10,1.8,FDR007(定盘利率),1.9663333333333333,1.886091292335116,0,水平代理；不能复现原偏离度,True
2025-02-10,1.8,FDR007(定盘利率),1.9663333333333333,1.886091292335116,0,水平代理；不能复现原偏离度,True
2025-02-11,1.98,FDR007(定盘利率),1.967666666666667,1.886497873100983,0,水平代理；不能复现原偏离度,True
2025-02-11,1.98,FDR007(定盘利率),1.967666666666667,1.886497873100983,0,水平代理；不能复现原偏离度,True
2025-02-12,1.9,FDR007(定盘利率),1.967666666666667,1.886338453815261,0,水平代理；不能复现原偏离度,True
2025-02-12,1.9,FDR007(定盘利率),1.967666666666667,1.886338453815261,0,水平代理；不能复现原偏离度,True
2025-02-13,1.8,FDR007(定盘利率),1.9661666666666664,1.886540071492404,0,水平代理；不能复现原偏离度,True
2025-02-13,1.8,FDR007(定盘利率),1.9661666666666666,1.8865400714924039,0,水平代理；不能复现原偏离度,True
2025-02-14,2.0,FDR007(定盘利率),1.9686666666666668,1.8865611706881145,0,水平代理；不能复现原偏离度,True
2025-02-14,2.0,FDR007(定盘利率),1.9686666666666668,1.8865611706881145,0,水平代理；不能复现原偏离度,True
2025-02-17,2.08,FDR007(定盘利率),1.9725,1.886410944741533,0,水平代理；不能复现原偏离度,True
2025-02-17,2.08,FDR007(定盘利率),1.9725,1.886410944741533,0,水平代理；不能复现原偏离度,True
2025-02-18,2.5,FDR007(定盘利率),1.9835,1.886603369079536,0,水平代理；不能复现原偏离度,True
2025-02-18,2.5,FDR007(定盘利率),1.9835,1.886603369079536,0,水平代理；不能复现原偏离度,True
2025-02-19,2.1,FDR007(定盘利率),1.9878333333333336,1.886624468275245,0,水平代理；不能复现原偏离度,True
2025-02-19,2.1,FDR007(定盘利率),1.9878333333333336,1.886624468275245,0,水平代理；不能复现原偏离度,True
2025-02-20,2.15,FDR007(定盘利率),1.993,1.8866455674709564,0,水平代理；不能复现原偏离度,True
2025-02-20,2.15,FDR007(定盘利率),1.993,1.8866455674709564,0,水平代理；不能复现原偏离度,True
2025-02-21,2.35,FDR007(定盘利率),2.0018333333333334,1.8866666666666667,0,水平代理；不能复现原偏离度,True
2025-02-21,2.35,FDR007(定盘利率),2.0018333333333334,1.8866666666666667,0,水平代理；不能复现原偏离度,True
2025-02-24,2.45,FDR007(定盘利率),2.011,1.8866833333333333,0,水平代理；不能复现原偏离度,True
2025-02-24,2.45,FDR007(定盘利率),2.011,1.8866833333333333,0,水平代理；不能复现原偏离度,True
2025-02-25,2.33,FDR007(定盘利率),2.019333333333333,1.8867,0,水平代理；不能复现原偏离度,True
2025-02-25,2.33,FDR007(定盘利率),2.0193333333333334,1.8867,0,水平代理；不能复现原偏离度,True
2025-02-26,2.3,FDR007(定盘利率),2.0276666666666667,1.8867166666666668,0,水平代理；不能复现原偏离度,True
2025-02-26,2.3,FDR007(定盘利率),2.0276666666666667,1.8867166666666668,0,水平代理；不能复现原偏离度,True
2025-02-27,2.45,FDR007(定盘利率),2.0381666666666667,1.8867333333333332,0,水平代理；不能复现原偏离度,True
2025-02-27,2.45,FDR007(定盘利率),2.0381666666666667,1.8867333333333334,0,水平代理；不能复现原偏离度,True
2025-02-28,2.2,FDR007(定盘利率),2.044833333333333,1.88675,0,水平代理；不能复现原偏离度,True
2025-02-28,2.2,FDR007(定盘利率),2.044833333333333,1.88675,0,水平代理；不能复现原偏离度,True
2025-03-03,1.95,FDR007(定盘利率),2.0485,1.8867666666666667,0,水平代理；不能复现原偏离度,True
2025-03-03,1.95,FDR007(定盘利率),2.0485,1.8867666666666667,0,水平代理；不能复现原偏离度,True
2025-03-04,1.78,FDR007(定盘利率),2.049,1.8867833333333333,0,水平代理；不能复现原偏离度,True
2025-03-04,1.78,FDR007(定盘利率),2.049,1.8867833333333333,0,水平代理；不能复现原偏离度,True
2025-03-05,1.8,FDR007(定盘利率),2.049166666666667,1.8868,0,水平代理；不能复现原偏离度,True
2025-03-05,1.8,FDR007(定盘利率),2.049166666666667,1.8868,0,水平代理；不能复现原偏离度,True
2025-03-06,1.8,FDR007(定盘利率),2.048833333333333,1.8868166666666668,0,水平代理；不能复现原偏离度,True
2025-03-06,1.8,FDR007(定盘利率),2.048833333333333,1.8868166666666668,0,水平代理；不能复现原偏离度,True
2025-03-07,1.82,FDR007(定盘利率),2.0483333333333333,1.8868333333333327,0,水平代理；不能复现原偏离度,True
2025-03-07,1.82,FDR007(定盘利率),2.0483333333333333,1.8868333333333327,0,水平代理；不能复现原偏离度,True
2025-03-10,1.83,FDR007(定盘利率),2.0475,1.8869166666666668,0,水平代理；不能复现原偏离度,True
2025-03-10,1.83,FDR007(定盘利率),2.0475,1.8869166666666668,0,水平代理；不能复现原偏离度,True
2025-03-11,1.83,FDR007(定盘利率),2.0458333333333334,1.887,0,水平代理；不能复现原偏离度,True
2025-03-11,1.83,FDR007(定盘利率),2.0458333333333334,1.887,0,水平代理；不能复现原偏离度,True
2025-03-12,1.83,FDR007(定盘利率),2.045333333333333,1.8870833333333332,0,水平代理；不能复现原偏离度,True
2025-03-12,1.83,FDR007(定盘利率),2.0453333333333332,1.8870833333333334,0,水平代理；不能复现原偏离度,True
2025-03-13,1.82,FDR007(定盘利率),2.0431666666666666,1.8871666666666669,0,水平代理；不能复现原偏离度,True
2025-03-13,1.82,FDR007(定盘利率),2.0431666666666666,1.8871666666666669,0,水平代理；不能复现原偏离度,True
2025-03-14,1.83,FDR007(定盘利率),2.0415,1.88725,0,水平代理；不能复现原偏离度,True
2025-03-14,1.83,FDR007(定盘利率),2.0415,1.88725,0,水平代理；不能复现原偏离度,True
2025-03-17,1.92,FDR007(定盘利率),2.041,1.8873333333333333,0,水平代理；不能复现原偏离度,True
2025-03-17,1.92,FDR007(定盘利率),2.041,1.8873333333333335,0,水平代理；不能复现原偏离度,True
2025-03-18,1.99,FDR007(定盘利率),2.04,1.8874166666666667,0,水平代理；不能复现原偏离度,True
2025-03-18,1.99,FDR007(定盘利率),2.04,1.8874166666666667,0,水平代理；不能复现原偏离度,True
2025-03-19,2.1,FDR007(定盘利率),2.0428333333333333,1.8875,0,水平代理；不能复现原偏离度,True
2025-03-19,2.1,FDR007(定盘利率),2.0428333333333333,1.8875000000000002,0,水平代理；不能复现原偏离度,True
2025-03-20,2.0,FDR007(定盘利率),2.0455,1.8875833333333336,0,水平代理；不能复现原偏离度,True
2025-03-20,2.0,FDR007(定盘利率),2.0455,1.8875833333333336,0,水平代理；不能复现原偏离度,True
2025-03-21,1.84,FDR007(定盘利率),2.0461666666666667,1.8876666666666668,0,水平代理；不能复现原偏离度,True
2025-03-21,1.84,FDR007(定盘利率),2.0461666666666667,1.8876666666666668,0,水平代理；不能复现原偏离度,True
2025-03-24,1.82,FDR007(定盘利率),2.0476666666666667,1.8877,0,水平代理；不能复现原偏离度,True
2025-03-24,1.82,FDR007(定盘利率),2.0476666666666667,1.8877000000000002,0,水平代理；不能复现原偏离度,True
2025-03-25,2.3,FDR007(定盘利率),2.057166666666667,1.8877333333333333,0,水平代理；不能复现原偏离度,True
2025-03-25,2.3,FDR007(定盘利率),2.057166666666667,1.8877333333333335,0,水平代理；不能复现原偏离度,True
2025-03-26,2.3,FDR007(定盘利率),2.061333333333333,1.8877666666666664,0,水平代理；不能复现原偏离度,True
2025-03-26,2.3,FDR007(定盘利率),2.0613333333333332,1.8877666666666666,0,水平代理；不能复现原偏离度,True
2025-03-27,2.3,FDR007(定盘利率),2.062333333333333,1.8878,0,水平代理；不能复现原偏离度,True
2025-03-27,2.3,FDR007(定盘利率),2.062333333333333,1.8878,0,水平代理；不能复现原偏离度,True
2025-03-28,2.33,FDR007(定盘利率),2.0628333333333333,1.8878333333333333,0,水平代理；不能复现原偏离度,True
2025-03-28,2.33,FDR007(定盘利率),2.0628333333333333,1.8878333333333333,0,水平代理；不能复现原偏离度,True
2025-03-31,2.25,FDR007(定盘利率),2.0636666666666668,1.8878666666666664,0,水平代理；不能复现原偏离度,True
2025-03-31,2.25,FDR007(定盘利率),2.0636666666666668,1.8878666666666664,0,水平代理；不能复现原偏离度,True
2025-04-01,1.98,FDR007(定盘利率),2.06,1.8879,0,水平代理；不能复现原偏离度,True
2025-04-01,1.98,FDR007(定盘利率),2.06,1.8879,0,水平代理；不能复现原偏离度,True
2025-04-02,1.93,FDR007(定盘利率),2.0621666666666667,1.887933333333333,0,水平代理；不能复现原偏离度,True
2025-04-02,1.93,FDR007(定盘利率),2.0621666666666667,1.887933333333333,0,水平代理；不能复现原偏离度,True
2025-04-03,1.75,FDR007(定盘利率),2.060833333333333,1.8879666666666663,0,水平代理；不能复现原偏离度,True
2025-04-03,1.75,FDR007(定盘利率),2.060833333333333,1.8879666666666663,0,水平代理；不能复现原偏离度,True
2025-04-07,1.75,FDR007(定盘利率),2.0621666666666667,1.888,0,水平代理；不能复现原偏离度,True
2025-04-07,1.75,FDR007(定盘利率),2.0621666666666667,1.8879999999999997,0,水平代理；不能复现原偏离度,True
2025-04-08,1.88,FDR007(定盘利率),2.0668333333333333,1.8880166666666665,0,水平代理；不能复现原偏离度,True
2025-04-08,1.88,FDR007(定盘利率),2.0668333333333333,1.8880166666666665,0,水平代理；不能复现原偏离度,True
2025-04-09,1.87,FDR007(定盘利率),2.0708333333333333,1.8880333333333328,0,水平代理；不能复现原偏离度,True
2025-04-09,1.87,FDR007(定盘利率),2.0708333333333333,1.8880333333333328,0,水平代理；不能复现原偏离度,True
2025-04-10,1.76,FDR007(定盘利率),2.0721666666666665,1.88805,0,水平代理；不能复现原偏离度,True
2025-04-10,1.76,FDR007(定盘利率),2.0721666666666665,1.88805,0,水平代理；不能复现原偏离度,True
2025-04-11,1.72,FDR007(定盘利率),2.0711666666666666,1.8880666666666668,0,水平代理；不能复现原偏离度,True
2025-04-11,1.72,FDR007(定盘利率),2.0711666666666666,1.8880666666666668,0,水平代理；不能复现原偏离度,True
2025-04-14,1.75,FDR007(定盘利率),2.065333333333333,1.888083333333333,0,水平代理；不能复现原偏离度,True
2025-04-14,1.75,FDR007(定盘利率),2.065333333333333,1.888083333333333,0,水平代理；不能复现原偏离度,True
2025-04-15,1.73,FDR007(定盘利率),2.0541666666666667,1.8881,0,水平代理；不能复现原偏离度,True
2025-04-15,1.73,FDR007(定盘利率),2.0541666666666667,1.8881,0,水平代理；不能复现原偏离度,True
2025-04-16,1.74,FDR007(定盘利率),2.0423333333333336,1.8881166666666669,0,水平代理；不能复现原偏离度,True
2025-04-16,1.74,FDR007(定盘利率),2.0423333333333336,1.8881166666666667,0,水平代理；不能复现原偏离度,True
2025-04-17,1.73,FDR007(定盘利率),2.0161666666666664,1.8881333333333332,0,水平代理；不能复现原偏离度,True
2025-04-17,1.73,FDR007(定盘利率),2.0161666666666664,1.8881333333333334,0,水平代理；不能复现原偏离度,True
2025-04-18,1.72,FDR007(定盘利率),2.0031666666666665,1.88815,0,水平代理；不能复现原偏离度,True
2025-04-18,1.72,FDR007(定盘利率),2.0031666666666665,1.88815,0,水平代理；不能复现原偏离度,True
2025-04-21,1.73,FDR007(定盘利率),1.992,1.8881666666666663,0,水平代理；不能复现原偏离度,True
2025-04-21,1.73,FDR007(定盘利率),1.992,1.8881666666666663,0,水平代理；不能复现原偏离度,True
2025-04-22,1.73,FDR007(定盘利率),1.9808333333333332,1.8882166666666669,0,水平代理；不能复现原偏离度,True
2025-04-22,1.73,FDR007(定盘利率),1.9808333333333334,1.8882166666666667,0,水平代理；不能复现原偏离度,True
2025-04-23,1.71,FDR007(定盘利率),1.9735,1.8882666666666668,0,水平代理；不能复现原偏离度,True
2025-04-23,1.71,FDR007(定盘利率),1.9735,1.8882666666666668,0,水平代理；不能复现原偏离度,True
2025-04-24,1.8,FDR007(定盘利率),1.9651666666666665,1.8883166666666664,0,水平代理；不能复现原偏离度,True
2025-04-24,1.8,FDR007(定盘利率),1.9651666666666665,1.8883166666666666,0,水平代理；不能复现原偏离度,True
2025-04-25,1.65,FDR007(定盘利率),1.951,1.8883666666666667,0,水平代理；不能复现原偏离度,True
2025-04-25,1.65,FDR007(定盘利率),1.951,1.8883666666666667,0,水平代理；不能复现原偏离度,True
2025-04-27,1.7,FDR007(定盘利率),1.946,1.8884166666666664,0,水平代理；不能复现原偏离度,True
2025-04-27,1.7,FDR007(定盘利率),1.9460000000000002,1.8884166666666666,0,水平代理；不能复现原偏离度,True
2025-04-28,1.78,FDR007(定盘利率),1.944,1.8884666666666663,0,水平代理；不能复现原偏离度,True
2025-04-28,1.78,FDR007(定盘利率),1.944,1.8884666666666665,0,水平代理；不能复现原偏离度,True
2025-04-29,1.8,FDR007(定盘利率),1.9398333333333333,1.8885166666666664,0,水平代理；不能复现原偏离度,True
2025-04-29,1.8,FDR007(定盘利率),1.9398333333333333,1.8885166666666666,0,水平代理；不能复现原偏离度,True
2025-04-30,1.83,FDR007(定盘利率),1.9395,1.8883752228163992,0,水平代理；不能复现原偏离度,True
2025-04-30,1.83,FDR007(定盘利率),1.9395,1.8883752228163992,0,水平代理；不能复现原偏离度,True
2025-05-06,1.76,FDR007(定盘利率),1.9388333333333327,1.8886166666666664,0,水平代理；不能复现原偏离度,True
2025-05-06,1.76,FDR007(定盘利率),1.9388333333333327,1.8886166666666664,0,水平代理；不能复现原偏离度,True
2025-05-07,1.72,FDR007(定盘利率),1.9391666666666667,1.8884273618538323,0,水平代理；不能复现原偏离度,True
2025-05-07,1.72,FDR007(定盘利率),1.9391666666666667,1.8884273618538323,0,水平代理；不能复现原偏离度,True
2025-05-08,1.65,FDR007(定盘利率),1.9366666666666668,1.8884506951871656,0,水平代理；不能复现原偏离度,True
2025-05-08,1.65,FDR007(定盘利率),1.9366666666666668,1.8884506951871656,0,水平代理；不能复现原偏离度,True
2025-05-09,1.6,FDR007(定盘利率),1.9303333333333328,1.8884740285204995,0,水平代理；不能复现原偏离度,True
2025-05-09,1.6,FDR007(定盘利率),1.9303333333333328,1.8884740285204995,0,水平代理；不能复现原偏离度,True
2025-05-12,1.56,FDR007(定盘利率),1.9246666666666663,1.8884973618538323,0,水平代理；不能复现原偏离度,True
2025-05-12,1.56,FDR007(定盘利率),1.9246666666666663,1.8884973618538323,0,水平代理；不能复现原偏离度,True
2025-05-13,1.53,FDR007(定盘利率),1.9201666666666664,1.8885206951871656,0,水平代理；不能复现原偏离度,True
2025-05-13,1.53,FDR007(定盘利率),1.9201666666666664,1.8885206951871656,0,水平代理；不能复现原偏离度,True
2025-05-14,1.55,FDR007(定盘利率),1.9126666666666663,1.8885440285204995,0,水平代理；不能复现原偏离度,True
2025-05-14,1.55,FDR007(定盘利率),1.9126666666666663,1.8885440285204995,0,水平代理；不能复现原偏离度,True
2025-05-15,1.55,FDR007(定盘利率),1.9038333333333333,1.8885673618538328,0,水平代理；不能复现原偏离度,True
2025-05-15,1.55,FDR007(定盘利率),1.9038333333333333,1.8885673618538328,0,水平代理；不能复现原偏离度,True
2025-05-16,1.63,FDR007(定盘利率),1.8893333333333333,1.8885906951871656,0,水平代理；不能复现原偏离度,True
2025-05-16,1.63,FDR007(定盘利率),1.8893333333333333,1.8885906951871656,0,水平代理；不能复现原偏离度,True
2025-05-19,1.65,FDR007(定盘利率),1.8818333333333328,1.8888178731009828,1,水平代理；不能复现原偏离度,True
2025-05-19,1.65,FDR007(定盘利率),1.8818333333333328,1.8888178731009828,1,水平代理；不能复现原偏离度,True
2025-05-20,1.6,FDR007(定盘利率),1.8726666666666667,1.8886166666666664,1,水平代理；不能复现原偏离度,True
2025-05-20,1.6,FDR007(定盘利率),1.8726666666666667,1.8886166666666666,1,水平代理；不能复现原偏离度,True
2025-05-21,1.59,FDR007(定盘利率),1.86,1.8881666666666668,1,水平代理；不能复现原偏离度,True
2025-05-21,1.59,FDR007(定盘利率),1.86,1.8881666666666668,1,水平代理；不能复现原偏离度,True
2025-05-22,1.58,FDR007(定盘利率),1.8455,1.8880166666666665,1,水平代理；不能复现原偏离度,True
2025-05-22,1.58,FDR007(定盘利率),1.8455,1.8880166666666665,1,水平代理；不能复现原偏离度,True
2025-05-23,1.63,FDR007(定盘利率),1.8338333333333336,1.8877333333333333,1,水平代理；不能复现原偏离度,True
2025-05-23,1.63,FDR007(定盘利率),1.8338333333333336,1.8877333333333333,1,水平代理；不能复现原偏离度,True
2025-05-26,1.7,FDR007(定盘利率),1.8238333333333328,1.8870833333333332,1,水平代理；不能复现原偏离度,True
2025-05-26,1.7,FDR007(定盘利率),1.8238333333333332,1.8870833333333334,1,水平代理；不能复现原偏离度,True
2025-05-27,1.7,FDR007(定盘利率),1.8113333333333328,1.8867333333333332,1,水平代理；不能复现原偏离度,True
2025-05-27,1.7,FDR007(定盘利率),1.8113333333333332,1.8867333333333334,1,水平代理；不能复现原偏离度,True
2025-05-28,1.7,FDR007(定盘利率),1.803,1.8865611706881145,1,水平代理；不能复现原偏离度,True
2025-05-28,1.7,FDR007(定盘利率),1.803,1.8865611706881145,1,水平代理；不能复现原偏离度,True
2025-05-29,1.75,FDR007(定盘利率),1.7996666666666667,1.8863423413762288,1,水平代理；不能复现原偏离度,True
2025-05-29,1.75,FDR007(定盘利率),1.7996666666666667,1.8863423413762288,1,水平代理；不能复现原偏离度,True
2025-05-30,1.75,FDR007(定盘利率),1.7991666666666668,1.886,1,水平代理；不能复现原偏离度,True
2025-05-30,1.75,FDR007(定盘利率),1.7991666666666668,1.886,1,水平代理；不能复现原偏离度,True
2025-06-03,1.59,FDR007(定盘利率),1.7956666666666667,1.886,1,水平代理；不能复现原偏离度,True
2025-06-03,1.59,FDR007(定盘利率),1.7956666666666667,1.886,1,水平代理；不能复现原偏离度,True
2025-06-04,1.58,FDR007(定盘利率),1.7920000000000005,1.886,1,水平代理；不能复现原偏离度,True
2025-06-04,1.58,FDR007(定盘利率),1.7920000000000003,1.886,1,水平代理；不能复现原偏离度,True
2025-06-05,1.57,FDR007(定盘利率),1.7878333333333332,1.886,1,水平代理；不能复现原偏离度,True
2025-06-05,1.57,FDR007(定盘利率),1.7878333333333332,1.886,1,水平代理；不能复现原偏离度,True
2025-06-06,1.56,FDR007(定盘利率),1.7833333333333334,1.88522440285205,1,水平代理；不能复现原偏离度,True
2025-06-06,1.56,FDR007(定盘利率),1.7833333333333334,1.88522440285205,1,水平代理；不能复现原偏离度,True
2025-06-09,1.55,FDR007(定盘利率),1.7786666666666666,1.885187801608579,1,水平代理；不能复现原偏离度,True
2025-06-09,1.55,FDR007(定盘利率),1.7786666666666666,1.885187801608579,1,水平代理；不能复现原偏离度,True
2025-06-10,1.55,FDR007(定盘利率),1.7740000000000002,1.88408563896336,1,水平代理；不能复现原偏离度,True
2025-06-10,1.55,FDR007(定盘利率),1.7740000000000002,1.8840856389633602,1,水平代理；不能复现原偏离度,True
2025-06-11,1.56,FDR007(定盘利率),1.7696666666666665,1.8833489365504916,1,水平代理；不能复现原偏离度,True
2025-06-11,1.56,FDR007(定盘利率),1.7696666666666665,1.8833489365504914,1,水平代理；不能复现原偏离度,True
2025-06-12,1.59,FDR007(定盘利率),1.7656666666666667,1.883268945487042,1,水平代理；不能复现原偏离度,True
2025-06-12,1.59,FDR007(定盘利率),1.7656666666666667,1.883268945487042,1,水平代理；不能复现原偏离度,True
2025-06-13,1.59,FDR007(定盘利率),1.7601666666666669,1.882930071492404,1,水平代理；不能复现原偏离度,True
2025-06-13,1.59,FDR007(定盘利率),1.7601666666666669,1.882930071492404,1,水平代理；不能复现原偏离度,True
2025-06-16,1.57,FDR007(定盘利率),1.7531666666666663,1.8826333690795352,1,水平代理；不能复现原偏离度,True
2025-06-16,1.57,FDR007(定盘利率),1.7531666666666665,1.8826333690795352,1,水平代理；不能复现原偏离度,True
2025-06-17,1.55,FDR007(定盘利率),1.744,1.882478674709562,1,水平代理；不能复现原偏离度,True
2025-06-17,1.55,FDR007(定盘利率),1.744,1.882478674709562,1,水平代理；不能复现原偏离度,True
2025-06-18,1.56,FDR007(定盘利率),1.7366666666666668,1.8818333333333328,1,水平代理；不能复现原偏离度,True
2025-06-18,1.56,FDR007(定盘利率),1.7366666666666668,1.8818333333333328,1,水平代理；不能复现原偏离度,True
2025-06-19,1.5679,FDR007(定盘利率),1.7321316666666668,1.8818333333333328,1,水平代理；不能复现原偏离度,True
2025-06-19,1.5679,FDR007(定盘利率),1.7321316666666668,1.8818333333333328,1,水平代理；不能复现原偏离度,True
2025-06-20,1.6,FDR007(定盘利率),1.728465,1.8818333333333328,1,水平代理；不能复现原偏离度,True
2025-06-20,1.6,FDR007(定盘利率),1.728465,1.8818333333333332,1,水平代理；不能复现原偏离度,True
2025-06-23,1.57,FDR007(定盘利率),1.7162983333333337,1.8818333333333328,1,水平代理；不能复现原偏离度,True
2025-06-23,1.57,FDR007(定盘利率),1.7162983333333335,1.8818333333333332,1,水平代理；不能复现原偏离度,True
2025-06-24,1.85,FDR007(定盘利率),1.7087983333333334,1.8818333333333328,1,水平代理；不能复现原偏离度,True
2025-06-24,1.85,FDR007(定盘利率),1.7087983333333334,1.8818333333333328,1,水平代理；不能复现原偏离度,True
2025-06-25,1.83,FDR007(定盘利率),1.700965,1.881615603217158,1,水平代理；不能复现原偏离度,True
2025-06-25,1.83,FDR007(定盘利率),1.700965,1.881615603217158,1,水平代理；不能复现原偏离度,True
2025-06-26,1.84,FDR007(定盘利率),1.6927983333333334,1.880930347593583,1,水平代理；不能复现原偏离度,True
2025-06-26,1.84,FDR007(定盘利率),1.6927983333333334,1.880930347593583,1,水平代理；不能复现原偏离度,True
2025-06-27,1.85,FDR007(定盘利率),1.6861316666666668,1.8803666666666667,1,水平代理；不能复现原偏离度,True
2025-06-27,1.85,FDR007(定盘利率),1.6861316666666668,1.8803666666666667,1,水平代理；不能复现原偏离度,True
2025-06-30,1.95,FDR007(定盘利率),1.6856316666666666,1.8800048752228165,1,水平代理；不能复现原偏离度,True
2025-06-30,1.95,FDR007(定盘利率),1.6856316666666666,1.8800048752228165,1,水平代理；不能复现原偏离度,True
2025-07-01,1.6036,FDR007(定盘利率),1.6801916666666663,1.88011091152815,1,水平代理；不能复现原偏离度,True
2025-07-01,1.6036,FDR007(定盘利率),1.6801916666666663,1.88011091152815,1,水平代理；不能复现原偏离度,True
2025-07-02,1.58,FDR007(定盘利率),1.6773583333333333,1.8795231747095624,1,水平代理；不能复现原偏离度,True
2025-07-02,1.58,FDR007(定盘利率),1.6773583333333333,1.8795231747095622,1,水平代理；不能复现原偏离度,True
2025-07-03,1.52,FDR007(定盘利率),1.6735250000000002,1.8782023618538328,1,水平代理；不能复现原偏离度,True
2025-07-03,1.52,FDR007(定盘利率),1.6735250000000002,1.8782023618538328,1,水平代理；不能复现原偏离度,True
2025-07-04,1.5,FDR007(定盘利率),1.6671916666666668,1.877887279116466,1,水平代理；不能复现原偏离度,True
2025-07-04,1.5,FDR007(定盘利率),1.6671916666666668,1.877887279116466,1,水平代理；不能复现原偏离度,True
2025-07-07,1.5,FDR007(定盘利率),1.661025,1.8774333333333333,1,水平代理；不能复现原偏离度,True
2025-07-07,1.5,FDR007(定盘利率),1.661025,1.8774333333333333,1,水平代理；不能复现原偏离度,True
2025-07-08,1.51,FDR007(定盘利率),1.656858333333333,1.8760458199643493,1,水平代理；不能复现原偏离度,True
2025-07-08,1.51,FDR007(定盘利率),1.656858333333333,1.8760458199643493,1,水平代理；不能复现原偏离度,True
2025-07-09,1.51,FDR007(定盘利率),1.6533583333333337,1.8748976114082,1,水平代理；不能复现原偏离度,True
2025-07-09,1.51,FDR007(定盘利率),1.6533583333333337,1.8748976114082,1,水平代理；不能复现原偏离度,True
2025-07-10,1.53,FDR007(定盘利率),1.6496916666666668,1.874694504021448,1,水平代理；不能复现原偏离度,True
2025-07-10,1.53,FDR007(定盘利率),1.6496916666666668,1.8746945040214478,1,水平代理；不能复现原偏离度,True
2025-07-11,1.52,FDR007(定盘利率),1.6461916666666667,1.8741666666666668,1,水平代理；不能复现原偏离度,True
2025-07-11,1.52,FDR007(定盘利率),1.6461916666666667,1.8741666666666668,1,水平代理；不能复现原偏离度,True
2025-07-14,1.55,FDR007(定盘利率),1.643025,1.8733666666666664,1,水平代理；不能复现原偏离度,True
2025-07-14,1.55,FDR007(定盘利率),1.643025,1.8733666666666666,1,水平代理；不能复现原偏离度,True
2025-07-15,1.6,FDR007(定盘利率),1.6408583333333333,1.8726333333333327,1,水平代理；不能复现原偏离度,True
2025-07-15,1.6,FDR007(定盘利率),1.6408583333333333,1.8726333333333327,1,水平代理；不能复现原偏离度,True
2025-07-16,1.54,FDR007(定盘利率),1.6378583333333334,1.87245,1,水平代理；不能复现原偏离度,True
2025-07-16,1.54,FDR007(定盘利率),1.6378583333333334,1.8724500000000002,1,水平代理；不能复现原偏离度,True
2025-07-17,1.54,FDR007(定盘利率),1.6346916666666669,1.872,1,水平代理；不能复现原偏离度,True
2025-07-17,1.54,FDR007(定盘利率),1.6346916666666669,1.872,1,水平代理；不能复现原偏离度,True
2025-07-18,1.5,FDR007(定盘利率),1.6308583333333333,1.871315107238606,1,水平代理；不能复现原偏离度,True
2025-07-18,1.5,FDR007(定盘利率),1.6308583333333333,1.871315107238606,1,水平代理；不能复现原偏离度,True
2025-07-21,1.5,FDR007(定盘利率),1.6273583333333337,1.8702478016085795,1,水平代理；不能复现原偏离度,True
2025-07-21,1.5,FDR007(定盘利率),1.6273583333333337,1.8702478016085795,1,水平代理；不能复现原偏离度,True
2025-07-22,1.48,FDR007(定盘利率),1.6220250000000005,1.86956063896336,1,水平代理；不能复现原偏离度,True
2025-07-22,1.48,FDR007(定盘利率),1.6220250000000003,1.86956063896336,1,水平代理；不能复现原偏离度,True
2025-07-23,1.5,FDR007(定盘利率),1.619525,1.8687489365504917,1,水平代理；不能复现原偏离度,True
2025-07-23,1.5,FDR007(定盘利率),1.619525,1.8687489365504915,1,水平代理；不能复现原偏离度,True
2025-07-24,1.6,FDR007(定盘利率),1.6178583333333334,1.866302837354781,1,水平代理；不能复现原偏离度,True
2025-07-24,1.6,FDR007(定盘利率),1.6178583333333334,1.866302837354781,1,水平代理；不能复现原偏离度,True
2025-07-25,1.75,FDR007(定盘利率),1.6173583333333332,1.8639323413762288,1,水平代理；不能复现原偏离度,True
2025-07-25,1.75,FDR007(定盘利率),1.6173583333333332,1.8639323413762288,1,水平代理；不能复现原偏离度,True
2025-07-28,1.64,FDR007(定盘利率),1.6146916666666666,1.8632523413762287,1,水平代理；不能复现原偏离度,True
2025-07-28,1.64,FDR007(定盘利率),1.6146916666666666,1.8632523413762287,1,水平代理；不能复现原偏离度,True
2025-07-29,1.62,FDR007(定盘利率),1.6111916666666668,1.862431124497992,1,水平代理；不能复现原偏离度,True
2025-07-29,1.62,FDR007(定盘利率),1.6111916666666668,1.862431124497992,1,水平代理；不能复现原偏离度,True
2025-07-30,1.63,FDR007(定盘利率),1.609025,1.8618201072386056,1,水平代理；不能复现原偏离度,True
2025-07-30,1.63,FDR007(定盘利率),1.609025,1.8618201072386058,1,水平代理；不能复现原偏离度,True
2025-07-31,1.6,FDR007(定盘利率),1.607025,1.86,1,水平代理；不能复现原偏离度,True
2025-07-31,1.6,FDR007(定盘利率),1.607025,1.86,1,水平代理；不能复现原偏离度,True
2025-08-01,1.5,FDR007(定盘利率),1.604525,1.8593496256684487,1,水平代理；不能复现原偏离度,True
2025-08-01,1.5,FDR007(定盘利率),1.604525,1.8593496256684487,1,水平代理；不能复现原偏离度,True
2025-08-04,1.48,FDR007(定盘利率),1.6025250000000002,1.8587040285204992,1,水平代理；不能复现原偏离度,True
2025-08-04,1.48,FDR007(定盘利率),1.6025250000000002,1.8587040285204992,1,水平代理；不能复现原偏离度,True
2025-08-05,1.47,FDR007(定盘利率),1.601025,1.8577640080428957,1,水平代理；不能复现原偏离度,True
2025-08-05,1.47,FDR007(定盘利率),1.601025,1.8577640080428954,1,水平代理；不能复现原偏离度,True
2025-08-06,1.48,FDR007(定盘利率),1.600191666666667,1.8570690080428955,1,水平代理；不能复现原偏离度,True
2025-08-06,1.48,FDR007(定盘利率),1.6001916666666667,1.8570690080428953,1,水平代理；不能复现原偏离度,True
2025-08-07,1.49,FDR007(定盘利率),1.5991916666666666,1.8568973413762289,1,水平代理；不能复现原偏离度,True
2025-08-07,1.49,FDR007(定盘利率),1.5991916666666666,1.8568973413762286,1,水平代理；不能复现原偏离度,True
2025-08-08,1.46,FDR007(定盘利率),1.5976916666666665,1.8556373618538324,1,水平代理；不能复现原偏离度,True
2025-08-08,1.46,FDR007(定盘利率),1.5976916666666665,1.8556373618538324,1,水平代理；不能复现原偏离度,True
2025-08-11,1.46,FDR007(定盘利率),1.5948583333333337,1.8546956747095624,1,水平代理；不能复现原偏离度,True
2025-08-11,1.46,FDR007(定盘利率),1.5948583333333335,1.8546956747095622,1,水平代理；不能复现原偏离度,True
2025-08-12,1.46,FDR007(定盘利率),1.5916916666666665,1.853558674709562,1,水平代理；不能复现原偏离度,True
2025-08-12,1.46,FDR007(定盘利率),1.5916916666666665,1.853558674709562,1,水平代理；不能复现原偏离度,True
2025-08-13,1.48,FDR007(定盘利率),1.5896916666666667,1.850527528520499,1,水平代理；不能复现原偏离度,True
2025-08-13,1.48,FDR007(定盘利率),1.5896916666666667,1.850527528520499,1,水平代理；不能复现原偏离度,True
2025-08-14,1.48,FDR007(定盘利率),1.5878583333333334,1.8508223413762288,1,水平代理；不能复现原偏离度,True
2025-08-14,1.48,FDR007(定盘利率),1.5878583333333334,1.8508223413762288,1,水平代理；不能复现原偏离度,True
2025-08-15,1.49,FDR007(定盘利率),1.586358333333333,1.8505673413762287,1,水平代理；不能复现原偏离度,True
2025-08-15,1.49,FDR007(定盘利率),1.5863583333333333,1.8505673413762287,1,水平代理；不能复现原偏离度,True
2025-08-18,1.5,FDR007(定盘利率),1.5841916666666669,1.8496843413762287,1,水平代理；不能复现原偏离度,True
2025-08-18,1.5,FDR007(定盘利率),1.5841916666666667,1.8496843413762287,1,水平代理；不能复现原偏离度,True
2025-08-19,1.57,FDR007(定盘利率),1.5820250000000002,1.8482165080428956,1,水平代理；不能复现原偏离度,True
2025-08-19,1.57,FDR007(定盘利率),1.5820250000000002,1.8482165080428954,1,水平代理；不能复现原偏离度,True
2025-08-20,1.58,FDR007(定盘利率),1.580025,1.847635008042896,1,水平代理；不能复现原偏离度,True
2025-08-20,1.58,FDR007(定盘利率),1.580025,1.847635008042896,1,水平代理；不能复现原偏离度,True
2025-08-21,1.55,FDR007(定盘利率),1.577525,1.847361508042896,1,水平代理；不能复现原偏离度,True
2025-08-21,1.55,FDR007(定盘利率),1.577525,1.847361508042896,1,水平代理；不能复现原偏离度,True
2025-08-22,1.5,FDR007(定盘利率),1.5733583333333334,1.8467193413762288,1,水平代理；不能复现原偏离度,True
2025-08-22,1.5,FDR007(定盘利率),1.5733583333333334,1.8467193413762288,1,水平代理；不能复现原偏离度,True
2025-08-25,1.58,FDR007(定盘利率),1.570525,1.8459356389633603,1,水平代理；不能复现原偏离度,True
2025-08-25,1.58,FDR007(定盘利率),1.570525,1.8459356389633603,1,水平代理；不能复现原偏离度,True
2025-08-26,1.53,FDR007(定盘利率),1.5695249999999998,1.845474468275246,1,水平代理；不能复现原偏离度,True
2025-08-26,1.53,FDR007(定盘利率),1.5695249999999998,1.845474468275246,1,水平代理；不能复现原偏离度,True
2025-08-27,1.54,FDR007(定盘利率),1.5688583333333337,1.8451556747095623,1,水平代理；不能复现原偏离度,True
2025-08-27,1.54,FDR007(定盘利率),1.5688583333333335,1.8451556747095623,1,水平代理；不能复现原偏离度,True
2025-08-28,1.57,FDR007(定盘利率),1.5688583333333337,1.843205674709562,1,水平代理；不能复现原偏离度,True
2025-08-28,1.57,FDR007(定盘利率),1.5688583333333335,1.843205674709562,1,水平代理；不能复现原偏离度,True
2025-08-29,1.52,FDR007(定盘利率),1.5681916666666669,1.842997174709562,1,水平代理；不能复现原偏离度,True
2025-08-29,1.52,FDR007(定盘利率),1.5681916666666669,1.842997174709562,1,水平代理；不能复现原偏离度,True
2025-09-01,1.47,FDR007(定盘利率),1.5668583333333337,1.842932674709562,1,水平代理；不能复现原偏离度,True
2025-09-01,1.47,FDR007(定盘利率),1.5668583333333337,1.842932674709562,1,水平代理；不能复现原偏离度,True
2025-09-02,1.46,FDR007(定盘利率),1.5653583333333334,1.8429095080428957,1,水平代理；不能复现原偏离度,True
2025-09-02,1.46,FDR007(定盘利率),1.5653583333333334,1.8429095080428954,1,水平代理；不能复现原偏离度,True
2025-09-03,1.47,FDR007(定盘利率),1.5638583333333334,1.8413630080428955,1,水平代理；不能复现原偏离度,True
2025-09-03,1.47,FDR007(定盘利率),1.5638583333333334,1.8413630080428953,1,水平代理；不能复现原偏离度,True
2025-09-04,1.46,FDR007(定盘利率),1.561691666666667,1.8401040080428952,1,水平代理；不能复现原偏离度,True
2025-09-04,1.46,FDR007(定盘利率),1.561691666666667,1.8401040080428952,1,水平代理；不能复现原偏离度,True
2025-09-05,1.46,FDR007(定盘利率),1.559525,1.8396730080428956,1,水平代理；不能复现原偏离度,True
2025-09-05,1.46,FDR007(定盘利率),1.559525,1.8396730080428954,1,水平代理；不能复现原偏离度,True
2025-09-08,1.48,FDR007(定盘利率),1.5580250000000002,1.838663008042896,1,水平代理；不能复现原偏离度,True
2025-09-08,1.48,FDR007(定盘利率),1.5580250000000002,1.838663008042896,1,水平代理；不能复现原偏离度,True
2025-09-09,1.49,FDR007(定盘利率),1.557025,1.8368530080428955,1,水平代理；不能复现原偏离度,True
2025-09-09,1.49,FDR007(定盘利率),1.5570249999999999,1.8368530080428955,1,水平代理；不能复现原偏离度,True
2025-09-10,1.5,FDR007(定盘利率),1.5560250000000002,1.836239674709562,1,水平代理；不能复现原偏离度,True
2025-09-10,1.5,FDR007(定盘利率),1.5560250000000002,1.836239674709562,1,水平代理；不能复现原偏离度,True
2025-09-11,1.49,FDR007(定盘利率),1.5547266666666666,1.836155674709562,1,水平代理；不能复现原偏离度,True
2025-09-11,1.49,FDR007(定盘利率),1.5547266666666666,1.836155674709562,1,水平代理；不能复现原偏离度,True
2025-09-12,1.46,FDR007(定盘利率),1.5523933333333335,1.8353006747095624,1,水平代理；不能复现原偏离度,True
2025-09-12,1.46,FDR007(定盘利率),1.5523933333333335,1.8353006747095624,1,水平代理；不能复现原偏离度,True
2025-09-15,1.49,FDR007(定盘利率),1.55106,1.834417674709562,1,水平代理；不能复现原偏离度,True
2025-09-15,1.49,FDR007(定盘利率),1.55106,1.834417674709562,1,水平代理；不能复现原偏离度,True
2025-09-16,1.5,FDR007(定盘利率),1.5452266666666667,1.833949535746202,1,水平代理；不能复现原偏离度,True
2025-09-16,1.5,FDR007(定盘利率),1.5452266666666667,1.833949535746202,1,水平代理；不能复现原偏离度,True
2025-09-17,1.56,FDR007(定盘利率),1.5407266666666668,1.8334367381590704,1,水平代理；不能复现原偏离度,True
2025-09-17,1.56,FDR007(定盘利率),1.5407266666666668,1.8334367381590706,1,水平代理；不能复现原偏离度,True
2025-09-18,1.56,FDR007(定盘利率),1.53606,1.8328873413762288,1,水平代理；不能复现原偏离度,True
2025-09-18,1.56,FDR007(定盘利率),1.53606,1.8328873413762288,1,水平代理；不能复现原偏离度,True
2025-09-19,1.52,FDR007(定盘利率),1.53056,1.832502341376229,1,水平代理；不能复现原偏离度,True
2025-09-19,1.52,FDR007(定盘利率),1.5305600000000001,1.832502341376229,1,水平代理；不能复现原偏离度,True
2025-09-22,1.53,FDR007(定盘利率),1.52356,1.8318695285205,1,水平代理；不能复现原偏离度,True
2025-09-22,1.53,FDR007(定盘利率),1.52356,1.8318695285205,1,水平代理；不能复现原偏离度,True
2025-09-23,1.53,FDR007(定盘利率),1.522333333333333,1.8313563618538329,1,水平代理；不能复现原偏离度,True
2025-09-23,1.53,FDR007(定盘利率),1.522333333333333,1.8313563618538329,1,水平代理；不能复现原偏离度,True
2025-09-24,1.6,FDR007(定盘利率),1.5226666666666666,1.8302288413762289,1,水平代理；不能复现原偏离度,True
2025-09-24,1.6,FDR007(定盘利率),1.5226666666666666,1.8302288413762287,1,水平代理；不能复现原偏离度,True
2025-09-25,1.9,FDR007(定盘利率),1.529,1.8301223413762289,1,水平代理；不能复现原偏离度,True
2025-09-25,1.9,FDR007(定盘利率),1.529,1.8301223413762289,1,水平代理；不能复现原偏离度,True
2025-09-26,1.53,FDR007(定盘利率),1.5295,1.828710028520499,1,水平代理；不能复现原偏离度,True
2025-09-26,1.53,FDR007(定盘利率),1.5295,1.828710028520499,1,水平代理；不能复现原偏离度,True
2025-09-28,1.6,FDR007(定盘利率),1.5311666666666668,1.8280606951871656,1,水平代理；不能复现原偏离度,True
2025-09-28,1.6,FDR007(定盘利率),1.5311666666666668,1.8280606951871656,1,水平代理；不能复现原偏离度,True
2025-09-29,1.92,FDR007(定盘利率),1.538,1.8273668618538323,1,水平代理；不能复现原偏离度,True
2025-09-29,1.92,FDR007(定盘利率),1.538,1.8273668618538323,1,水平代理；不能复现原偏离度,True
2025-09-30,1.65,FDR007(定盘利率),1.540333333333333,1.8270087911646584,1,水平代理；不能复现原偏离度,True
2025-09-30,1.65,FDR007(定盘利率),1.540333333333333,1.8270087911646584,1,水平代理；不能复现原偏离度,True
2025-10-09,1.54,FDR007(定盘利率),1.5405,1.8260881747095623,1,水平代理；不能复现原偏离度,True
2025-10-09,1.54,FDR007(定盘利率),1.5405,1.8260881747095623,1,水平代理；不能复现原偏离度,True
2025-10-10,1.5,FDR007(定盘利率),1.540166666666667,1.824942341376229,1,水平代理；不能复现原偏离度,True
2025-10-10,1.5,FDR007(定盘利率),1.5401666666666667,1.8249423413762287,1,水平代理；不能复现原偏离度,True
2025-10-11,1.4,FDR007(定盘利率),1.5376666666666667,1.824141819964349,1,水平代理；不能复现原偏离度,True
2025-10-11,1.4,FDR007(定盘利率),1.5376666666666667,1.824141819964349,1,水平代理；不能复现原偏离度,True
2025-10-13,1.48,FDR007(定盘利率),1.5356666666666667,1.823767801608579,1,水平代理；不能复现原偏离度,True
2025-10-13,1.48,FDR007(定盘利率),1.5356666666666667,1.823767801608579,1,水平代理；不能复现原偏离度,True
2025-10-14,1.48,FDR007(定盘利率),1.5346666666666666,1.823225841376229,1,水平代理；不能复现原偏离度,True
2025-10-14,1.48,FDR007(定盘利率),1.5346666666666666,1.823225841376229,1,水平代理；不能复现原偏离度,True
2025-10-15,1.49,FDR007(定盘利率),1.5338333333333334,1.8207073413762287,1,水平代理；不能复现原偏离度,True
2025-10-15,1.49,FDR007(定盘利率),1.5338333333333334,1.8207073413762287,1,水平代理；不能复现原偏离度,True
2025-10-16,1.48,FDR007(定盘利率),1.5335,1.8206593413762289,1,水平代理；不能复现原偏离度,True
2025-10-16,1.48,FDR007(定盘利率),1.5334999999999999,1.8206593413762286,1,水平代理；不能复现原偏离度,True
2025-10-17,1.48,FDR007(定盘利率),1.5331666666666666,1.8202014578313253,1,水平代理；不能复现原偏离度,True
2025-10-17,1.48,FDR007(定盘利率),1.5331666666666666,1.8202014578313253,1,水平代理；不能复现原偏离度,True
2025-10-20,1.48,FDR007(定盘利率),1.5331666666666668,1.8193371951871653,1,水平代理；不能复现原偏离度,True
2025-10-20,1.48,FDR007(定盘利率),1.5331666666666668,1.8193371951871653,1,水平代理；不能复现原偏离度,True
2025-10-21,1.47,FDR007(定盘利率),1.5326666666666668,1.8176346951871656,1,水平代理；不能复现原偏离度,True
2025-10-21,1.47,FDR007(定盘利率),1.5326666666666668,1.8176346951871656,1,水平代理；不能复现原偏离度,True
2025-10-22,1.48,FDR007(定盘利率),1.5306666666666664,1.8158723618538324,1,水平代理；不能复现原偏离度,True
2025-10-22,1.48,FDR007(定盘利率),1.5306666666666664,1.8158723618538324,1,水平代理；不能复现原偏离度,True
2025-10-23,1.48,FDR007(定盘利率),1.5261666666666664,1.8145283413762288,1,水平代理；不能复现原偏离度,True
2025-10-23,1.48,FDR007(定盘利率),1.5261666666666664,1.8145283413762288,1,水平代理；不能复现原偏离度,True
2025-10-24,1.48,FDR007(定盘利率),1.5235,1.8129218413762287,1,水平代理；不能复现原偏离度,True
2025-10-24,1.48,FDR007(定盘利率),1.5234999999999999,1.8129218413762287,1,水平代理；不能复现原偏离度,True
2025-10-27,1.65,FDR007(定盘利率),1.524,1.812064695187166,1,水平代理；不能复现原偏离度,True
2025-10-27,1.65,FDR007(定盘利率),1.524,1.812064695187166,1,水平代理；不能复现原偏离度,True
2025-10-28,1.63,FDR007(定盘利率),1.524,1.812292008042896,1,水平代理；不能复现原偏离度,True
2025-10-28,1.63,FDR007(定盘利率),1.524,1.812292008042896,1,水平代理；不能复现原偏离度,True
2025-10-29,1.6,FDR007(定盘利率),1.524,1.8120190080428955,1,水平代理；不能复现原偏离度,True
2025-10-29,1.6,FDR007(定盘利率),1.524,1.8120190080428955,1,水平代理；不能复现原偏离度,True
2025-10-30,1.57,FDR007(定盘利率),1.5251666666666668,1.8114019008042888,1,水平代理；不能复现原偏离度,True
2025-10-30,1.57,FDR007(定盘利率),1.5251666666666668,1.8114019008042888,1,水平代理；不能复现原偏离度,True
2025-10-31,1.5,FDR007(定盘利率),1.5255,1.8106445397676496,1,水平代理；不能复现原偏离度,True
2025-10-31,1.5,FDR007(定盘利率),1.5255,1.8106445397676496,1,水平代理；不能复现原偏离度,True
2025-11-03,1.47,FDR007(定盘利率),1.5255,1.809462008042896,1,水平代理；不能复现原偏离度,True
2025-11-03,1.47,FDR007(定盘利率),1.5255,1.8094620080428956,1,水平代理；不能复现原偏离度,True
2025-11-04,1.47,FDR007(定盘利率),1.5253333333333332,1.808744008042896,1,水平代理；不能复现原偏离度,True
2025-11-04,1.47,FDR007(定盘利率),1.5253333333333332,1.8087440080428956,1,水平代理；不能复现原偏离度,True
2025-11-05,1.47,FDR007(定盘利率),1.525,1.808099008042896,1,水平代理；不能复现原偏离度,True
2025-11-05,1.47,FDR007(定盘利率),1.525,1.8080990080428956,1,水平代理；不能复现原偏离度,True
2025-11-06,1.47,FDR007(定盘利率),1.5251666666666666,1.8073486747095624,1,水平代理；不能复现原偏离度,True
2025-11-06,1.47,FDR007(定盘利率),1.5251666666666666,1.8073486747095624,1,水平代理；不能复现原偏离度,True
2025-11-07,1.48,FDR007(定盘利率),1.5255,1.8060168618538324,1,水平代理；不能复现原偏离度,True
2025-11-07,1.48,FDR007(定盘利率),1.5255,1.8060168618538324,1,水平代理；不能复现原偏离度,True
2025-11-10,1.5,FDR007(定盘利率),1.526166666666667,1.8052183413762288,1,水平代理；不能复现原偏离度,True
2025-11-10,1.5,FDR007(定盘利率),1.526166666666667,1.8052183413762288,1,水平代理；不能复现原偏离度,True
2025-11-11,1.52,FDR007(定盘利率),1.5268333333333333,1.8045433413762288,1,水平代理；不能复现原偏离度,True
2025-11-11,1.52,FDR007(定盘利率),1.5268333333333333,1.8045433413762288,1,水平代理；不能复现原偏离度,True
2025-11-12,1.51,FDR007(定盘利率),1.5273333333333334,1.8039523413762288,1,水平代理；不能复现原偏离度,True
2025-11-12,1.51,FDR007(定盘利率),1.5273333333333334,1.8039523413762286,1,水平代理；不能复现原偏离度,True
2025-11-13,1.5,FDR007(定盘利率),1.5275,1.803095234137623,1,水平代理；不能复现原偏离度,True
2025-11-13,1.5,FDR007(定盘利率),1.5275,1.803095234137623,1,水平代理；不能复现原偏离度,True
2025-11-14,1.5,FDR007(定盘利率),1.5275,1.802209873100983,1,水平代理；不能复现原偏离度,True
2025-11-14,1.5,FDR007(定盘利率),1.5275,1.802209873100983,1,水平代理；不能复现原偏离度,True
2025-11-17,1.54,FDR007(定盘利率),1.527,1.8014393618538322,1,水平代理；不能复现原偏离度,True
2025-11-17,1.54,FDR007(定盘利率),1.527,1.8014393618538322,1,水平代理；不能复现原偏离度,True
2025-11-18,1.54,FDR007(定盘利率),1.526333333333333,1.800350944741533,1,水平代理；不能复现原偏离度,True
2025-11-18,1.54,FDR007(定盘利率),1.526333333333333,1.800350944741533,1,水平代理；不能复现原偏离度,True
2025-11-19,1.53,FDR007(定盘利率),1.526,1.7994166666666669,1,水平代理；不能复现原偏离度,True
2025-11-19,1.53,FDR007(定盘利率),1.526,1.7994166666666669,1,水平代理；不能复现原偏离度,True
2025-11-20,1.51,FDR007(定盘利率),1.526166666666667,1.799231071492404,1,水平代理；不能复现原偏离度,True
2025-11-20,1.51,FDR007(定盘利率),1.526166666666667,1.799231071492404,1,水平代理；不能复现原偏离度,True
2025-11-21,1.51,FDR007(定盘利率),1.525,1.7990518690795354,1,水平代理；不能复现原偏离度,True
2025-11-21,1.51,FDR007(定盘利率),1.525,1.7990518690795354,1,水平代理；不能复现原偏离度,True
2025-11-24,1.58,FDR007(定盘利率),1.5258333333333334,1.7985350080428957,1,水平代理；不能复现原偏离度,True
2025-11-24,1.58,FDR007(定盘利率),1.5258333333333334,1.7985350080428955,1,水平代理；不能复现原偏离度,True
2025-11-25,1.54,FDR007(定盘利率),1.5258333333333334,1.7974471747095622,1,水平代理；不能复现原偏离度,True
2025-11-25,1.54,FDR007(定盘利率),1.5258333333333334,1.7974471747095622,1,水平代理；不能复现原偏离度,True
2025-11-26,1.53,FDR007(定盘利率),1.5251666666666668,1.796620674709562,1,水平代理；不能复现原偏离度,True
2025-11-26,1.53,FDR007(定盘利率),1.5251666666666668,1.796620674709562,1,水平代理；不能复现原偏离度,True
2025-11-27,1.53,FDR007(定盘利率),1.5253333333333334,1.7963161747095622,1,水平代理；不能复现原偏离度,True
2025-11-27,1.53,FDR007(定盘利率),1.5253333333333334,1.7963161747095622,1,水平代理；不能复现原偏离度,True
2025-11-28,1.53,FDR007(定盘利率),1.526333333333333,1.795704139037433,1,水平代理；不能复现原偏离度,True
2025-11-28,1.53,FDR007(定盘利率),1.526333333333333,1.795704139037433,1,水平代理；不能复现原偏离度,True
2025-12-01,1.5,FDR007(定盘利率),1.527,1.795052305630027,1,水平代理；不能复现原偏离度,True
2025-12-01,1.5,FDR007(定盘利率),1.527,1.795052305630027,1,水平代理；不能复现原偏离度,True
2025-12-02,1.49,FDR007(定盘利率),1.5273333333333334,1.7942610080428956,1,水平代理；不能复现原偏离度,True
2025-12-02,1.49,FDR007(定盘利率),1.5273333333333334,1.7942610080428956,1,水平代理；不能复现原偏离度,True
2025-12-03,1.49,FDR007(定盘利率),1.5278333333333334,1.7934898413762288,1,水平代理；不能复现原偏离度,True
2025-12-03,1.49,FDR007(定盘利率),1.5278333333333334,1.7934898413762288,1,水平代理；不能复现原偏离度,True
2025-12-04,1.5,FDR007(定盘利率),1.5285,1.7926424048257374,1,水平代理；不能复现原偏离度,True
2025-12-04,1.5,FDR007(定盘利率),1.5285,1.7926424048257374,1,水平代理；不能复现原偏离度,True
2025-12-05,1.51,FDR007(定盘利率),1.529,1.791879202412869,1,水平代理；不能复现原偏离度,True
2025-12-05,1.51,FDR007(定盘利率),1.529,1.791879202412869,1,水平代理；不能复现原偏离度,True
2025-12-08,1.5,FDR007(定盘利率),1.5291666666666666,1.791281674709562,1,水平代理；不能复现原偏离度,True
2025-12-08,1.5,FDR007(定盘利率),1.5291666666666666,1.7912816747095621,1,水平代理；不能复现原偏离度,True
2025-12-09,1.5,FDR007(定盘利率),1.5291666666666666,1.7899275080428956,1,水平代理；不能复现原偏离度,True
2025-12-09,1.5,FDR007(定盘利率),1.5291666666666666,1.7899275080428956,1,水平代理；不能复现原偏离度,True
2025-12-10,1.49,FDR007(定盘利率),1.5291666666666666,1.7886756951871658,1,水平代理；不能复现原偏离度,True
2025-12-10,1.49,FDR007(定盘利率),1.5291666666666666,1.7886756951871658,1,水平代理；不能复现原偏离度,True
2025-12-11,1.5,FDR007(定盘利率),1.5298333333333332,1.7887170080428956,1,水平代理；不能复现原偏离度,True
2025-12-11,1.5,FDR007(定盘利率),1.5298333333333332,1.7887170080428956,1,水平代理；不能复现原偏离度,True
2025-12-12,1.52,FDR007(定盘利率),1.5303333333333335,1.7880014682752456,1,水平代理；不能复现原偏离度,True
2025-12-12,1.52,FDR007(定盘利率),1.5303333333333335,1.7880014682752456,1,水平代理；不能复现原偏离度,True
2025-12-15,1.52,FDR007(定盘利率),1.5306666666666666,1.7878244722966934,1,水平代理；不能复现原偏离度,True
2025-12-15,1.52,FDR007(定盘利率),1.5306666666666666,1.7878244722966934,1,水平代理；不能复现原偏离度,True
2025-12-16,1.5,FDR007(定盘利率),1.5296666666666667,1.7865667911646588,1,水平代理；不能复现原偏离度,True
2025-12-16,1.5,FDR007(定盘利率),1.5296666666666667,1.7865667911646588,1,水平代理；不能复现原偏离度,True
2025-12-17,1.5,FDR007(定盘利率),1.5286666666666666,1.7858690080428956,1,水平代理；不能复现原偏离度,True
2025-12-17,1.5,FDR007(定盘利率),1.5286666666666666,1.7858690080428956,1,水平代理；不能复现原偏离度,True
2025-12-18,1.5,FDR007(定盘利率),1.528333333333333,1.785015695187166,1,水平代理；不能复现原偏离度,True
2025-12-18,1.5,FDR007(定盘利率),1.528333333333333,1.785015695187166,1,水平代理；不能复现原偏离度,True
2025-12-19,1.52,FDR007(定盘利率),1.528166666666667,1.7851345080428953,1,水平代理；不能复现原偏离度,True
2025-12-19,1.52,FDR007(定盘利率),1.528166666666667,1.7851345080428953,1,水平代理；不能复现原偏离度,True
2025-12-22,1.52,FDR007(定盘利率),1.5279999999999998,1.7844273618538324,1,水平代理；不能复现原偏离度,True
2025-12-22,1.52,FDR007(定盘利率),1.5279999999999998,1.7844273618538324,1,水平代理；不能复现原偏离度,True
2025-12-23,1.53,FDR007(定盘利率),1.5268333333333333,1.784619440571939,1,水平代理；不能复现原偏离度,True
2025-12-23,1.53,FDR007(定盘利率),1.5268333333333333,1.784619440571939,1,水平代理；不能复现原偏离度,True
2025-12-24,1.5,FDR007(定盘利率),1.5201666666666669,1.7833333333333334,1,水平代理；不能复现原偏离度,True
2025-12-24,1.5,FDR007(定盘利率),1.5201666666666667,1.7833333333333334,1,水平代理；不能复现原偏离度,True
2025-12-25,1.6,FDR007(定盘利率),1.5213333333333334,1.7828674405719391,1,水平代理；不能复现原偏离度,True
2025-12-25,1.6,FDR007(定盘利率),1.5213333333333334,1.7828674405719391,1,水平代理；不能复现原偏离度,True
2025-12-26,1.53,FDR007(定盘利率),1.5201666666666669,1.7827530080428955,1,水平代理；不能复现原偏离度,True
2025-12-26,1.53,FDR007(定盘利率),1.5201666666666669,1.7827530080428955,1,水平代理；不能复现原偏离度,True
2025-12-29,1.85,FDR007(定盘利率),1.519,1.7810106747095622,1,水平代理；不能复现原偏离度,True
2025-12-29,1.85,FDR007(定盘利率),1.519,1.7810106747095622,1,水平代理；不能复现原偏离度,True
2025-12-30,2.15,FDR007(定盘利率),1.5273333333333334,1.780157674709562,1,水平代理；不能复现原偏离度,True
2025-12-30,2.15,FDR007(定盘利率),1.5273333333333334,1.780157674709562,1,水平代理；不能复现原偏离度,True
2025-12-31,2.2,FDR007(定盘利率),1.538333333333333,1.7795481951871657,1,水平代理；不能复现原偏离度,True
2025-12-31,2.2,FDR007(定盘利率),1.538333333333333,1.7795481951871657,1,水平代理；不能复现原偏离度,True
2026-01-04,1.45,FDR007(定盘利率),1.5375,1.7791623618538324,1,水平代理；不能复现原偏离度,True
2026-01-04,1.45,FDR007(定盘利率),1.5375,1.7791623618538324,1,水平代理；不能复现原偏离度,True
2026-01-05,1.49,FDR007(定盘利率),1.539,1.779020674709562,1,水平代理；不能复现原偏离度,True
2026-01-05,1.49,FDR007(定盘利率),1.5390000000000001,1.779020674709562,1,水平代理；不能复现原偏离度,True
2026-01-06,1.49,FDR007(定盘利率),1.5391666666666668,1.7785818057040998,1,水平代理；不能复现原偏离度,True
2026-01-06,1.49,FDR007(定盘利率),1.5391666666666668,1.7785818057040998,1,水平代理；不能复现原偏离度,True
2026-01-07,1.52,FDR007(定盘利率),1.5398333333333334,1.778189028520499,1,水平代理；不能复现原偏离度,True
2026-01-07,1.52,FDR007(定盘利率),1.5398333333333334,1.778189028520499,1,水平代理；不能复现原偏离度,True
2026-01-08,1.52,FDR007(定盘利率),1.540333333333333,1.777709028520499,1,水平代理；不能复现原偏离度,True
2026-01-08,1.52,FDR007(定盘利率),1.540333333333333,1.777709028520499,1,水平代理；不能复现原偏离度,True
2026-01-09,1.52,FDR007(定盘利率),1.541,1.778002341376229,1,水平代理；不能复现原偏离度,True
2026-01-09,1.52,FDR007(定盘利率),1.541,1.778002341376229,1,水平代理；不能复现原偏离度,True
2026-01-12,1.52,FDR007(定盘利率),1.5416666666666667,1.7773206747095622,1,水平代理；不能复现原偏离度,True
2026-01-12,1.52,FDR007(定盘利率),1.5416666666666667,1.7773206747095622,1,水平代理；不能复现原偏离度,True
2026-01-13,1.57,FDR007(定盘利率),1.5431666666666668,1.7770186747095622,1,水平代理；不能复现原偏离度,True
2026-01-13,1.57,FDR007(定盘利率),1.5431666666666668,1.7770186747095622,1,水平代理；不能复现原偏离度,True
2026-01-14,1.6,FDR007(定盘利率),1.5453333333333332,1.776656674709562,1,水平代理；不能复现原偏离度,True
2026-01-14,1.6,FDR007(定盘利率),1.5453333333333332,1.776656674709562,1,水平代理；不能复现原偏离度,True
2026-01-15,1.55,FDR007(定盘利率),1.5464999999999998,1.7758123413762286,1,水平代理；不能复现原偏离度,True
2026-01-15,1.55,FDR007(定盘利率),1.5464999999999998,1.7758123413762286,1,水平代理；不能复现原偏离度,True
2026-01-16,1.53,FDR007(定盘利率),1.5473333333333334,1.7749113413762287,1,水平代理；不能复现原偏离度,True
2026-01-16,1.53,FDR007(定盘利率),1.5473333333333334,1.7749113413762287,1,水平代理；不能复现原偏离度,True
2026-01-19,1.54,FDR007(定盘利率),1.5483333333333331,1.7743656389633602,1,水平代理；不能复现原偏离度,True
2026-01-19,1.54,FDR007(定盘利率),1.5483333333333333,1.7743656389633602,1,水平代理；不能复现原偏离度,True
2026-01-20,1.56,FDR007(定盘利率),1.5468333333333333,1.7736841349419126,1,水平代理；不能复现原偏离度,True
2026-01-20,1.56,FDR007(定盘利率),1.5468333333333333,1.7736841349419126,1,水平代理；不能复现原偏离度,True
2026-01-21,1.54,FDR007(定盘利率),1.5453333333333332,1.7723315080428952,1,水平代理；不能复现原偏离度,True
2026-01-21,1.54,FDR007(定盘利率),1.5453333333333332,1.7723315080428952,1,水平代理；不能复现原偏离度,True
2026-01-22,1.55,FDR007(定盘利率),1.5445,1.7715290080428951,1,水平代理；不能复现原偏离度,True
2026-01-22,1.55,FDR007(定盘利率),1.5445,1.7715290080428951,1,水平代理；不能复现原偏离度,True
2026-01-23,1.55,FDR007(定盘利率),1.544166666666667,1.7712965080428955,1,水平代理；不能复现原偏离度,True
2026-01-23,1.55,FDR007(定盘利率),1.5441666666666667,1.7712965080428955,1,水平代理；不能复现原偏离度,True
2026-01-26,1.64,FDR007(定盘利率),1.5465000000000002,1.7699874682752457,1,水平代理；不能复现原偏离度,True
2026-01-26,1.64,FDR007(定盘利率),1.5465000000000002,1.7699874682752457,1,水平代理；不能复现原偏离度,True
2026-01-27,1.63,FDR007(定盘利率),1.5491666666666668,1.76879213896336,1,水平代理；不能复现原偏离度,True
2026-01-27,1.63,FDR007(定盘利率),1.5491666666666668,1.76879213896336,1,水平代理；不能复现原偏离度,True
2026-01-28,1.62,FDR007(定盘利率),1.5516666666666667,1.767909341376229,1,水平代理；不能复现原偏离度,True
2026-01-28,1.62,FDR007(定盘利率),1.5516666666666667,1.767909341376229,1,水平代理；不能复现原偏离度,True
2026-01-29,1.62,FDR007(定盘利率),1.5541666666666667,1.7666373413762289,1,水平代理；不能复现原偏离度,True
2026-01-29,1.62,FDR007(定盘利率),1.5541666666666667,1.7666373413762289,1,水平代理；不能复现原偏离度,True
2026-01-30,1.64,FDR007(定盘利率),1.557,1.7656890714924038,1,水平代理；不能复现原偏离度,True
2026-01-30,1.64,FDR007(定盘利率),1.557,1.7656890714924038,1,水平代理；不能复现原偏离度,True
2026-02-02,1.55,FDR007(定盘利率),1.5581666666666665,1.7655588690795354,1,水平代理；不能复现原偏离度,True
2026-02-02,1.55,FDR007(定盘利率),1.5581666666666665,1.7655588690795354,1,水平代理；不能复现原偏离度,True
2026-02-03,1.56,FDR007(定盘利率),1.5591666666666666,1.7646416951871655,1,水平代理；不能复现原偏离度,True
2026-02-03,1.56,FDR007(定盘利率),1.5591666666666666,1.7646416951871655,1,水平代理；不能复现原偏离度,True
2026-02-04,1.56,FDR007(定盘利率),1.5598333333333334,1.7635101951871657,1,水平代理；不能复现原偏离度,True
2026-02-04,1.56,FDR007(定盘利率),1.5598333333333334,1.7635101951871657,1,水平代理；不能复现原偏离度,True
2026-02-05,1.57,FDR007(定盘利率),1.5608333333333335,1.7622990080428953,1,水平代理；不能复现原偏离度,True
2026-02-05,1.57,FDR007(定盘利率),1.5608333333333335,1.7622990080428953,1,水平代理；不能复现原偏离度,True
2026-02-06,1.56,FDR007(定盘利率),1.5618333333333332,1.7611785080428954,1,水平代理；不能复现原偏离度,True
2026-02-06,1.56,FDR007(定盘利率),1.5618333333333332,1.7611785080428954,1,水平代理；不能复现原偏离度,True
2026-02-09,1.6,FDR007(定盘利率),1.5635,1.7603441349419124,1,水平代理；不能复现原偏离度,True
2026-02-09,1.6,FDR007(定盘利率),1.5635000000000001,1.7603441349419124,1,水平代理；不能复现原偏离度,True
2026-02-10,1.6,FDR007(定盘利率),1.5645,1.7594928056300267,1,水平代理；不能复现原偏离度,True
2026-02-10,1.6,FDR007(定盘利率),1.5645,1.7594928056300267,1,水平代理；不能复现原偏离度,True
2026-02-11,1.62,FDR007(定盘利率),1.5658333333333334,1.7590860080428954,1,水平代理；不能复现原偏离度,True
2026-02-11,1.62,FDR007(定盘利率),1.5658333333333334,1.7590860080428954,1,水平代理；不能复现原偏离度,True
2026-02-12,1.65,FDR007(定盘利率),1.5678333333333332,1.758480674709562,1,水平代理；不能复现原偏离度,True
2026-02-12,1.65,FDR007(定盘利率),1.5678333333333332,1.758480674709562,1,水平代理；不能复现原偏离度,True
2026-02-13,1.56,FDR007(定盘利率),1.5686666666666664,1.7571393413762286,1,水平代理；不能复现原偏离度,True
2026-02-13,1.56,FDR007(定盘利率),1.5686666666666664,1.7571393413762286,1,水平代理；不能复现原偏离度,True
2026-02-14,1.4,FDR007(定盘利率),1.5668333333333335,1.7552233413762288,1,水平代理；不能复现原偏离度,True
2026-02-14,1.4,FDR007(定盘利率),1.5668333333333335,1.7552233413762288,1,水平代理；不能复现原偏离度,True
2026-02-24,1.63,FDR007(定盘利率),1.5676666666666668,1.7535165397676495,1,水平代理；不能复现原偏离度,True
2026-02-24,1.63,FDR007(定盘利率),1.5676666666666668,1.7535165397676495,1,水平代理；不能复现原偏离度,True
2026-02-25,1.6,FDR007(定盘利率),1.5686666666666669,1.7531104008042897,1,水平代理；不能复现原偏离度,True
2026-02-25,1.6,FDR007(定盘利率),1.5686666666666667,1.7531104008042895,1,水平代理；不能复现原偏离度,True
2026-02-26,1.58,FDR007(定盘利率),1.5695,1.7526040080428953,1,水平代理；不能复现原偏离度,True
2026-02-26,1.58,FDR007(定盘利率),1.5695000000000001,1.7526040080428953,1,水平代理；不能复现原偏离度,True
2026-02-27,1.55,FDR007(定盘利率),1.5698333333333332,1.7518840080428957,1,水平代理；不能复现原偏离度,True
2026-02-27,1.55,FDR007(定盘利率),1.5698333333333332,1.7518840080428955,1,水平代理；不能复现原偏离度,True
2026-02-28,1.5,FDR007(定盘利率),1.5693333333333337,1.7487090285204994,1,水平代理；不能复现原偏离度,True
2026-02-28,1.5,FDR007(定盘利率),1.5693333333333337,1.7487090285204994,1,水平代理；不能复现原偏离度,True
2026-03-02,1.56,FDR007(定盘利率),1.5703333333333334,1.7484578413762286,1,水平代理；不能复现原偏离度,True
2026-03-02,1.56,FDR007(定盘利率),1.5703333333333334,1.7484578413762286,1,水平代理；不能复现原偏离度,True
2026-03-03,1.52,FDR007(定盘利率),1.5708333333333333,1.7483723413762289,1,水平代理；不能复现原偏离度,True
2026-03-03,1.52,FDR007(定盘利率),1.5708333333333333,1.7483723413762289,1,水平代理；不能复现原偏离度,True
2026-03-04,1.52,FDR007(定盘利率),1.5713333333333332,1.746823174709562,1,水平代理；不能复现原偏离度,True
2026-03-04,1.52,FDR007(定盘利率),1.5713333333333332,1.746823174709562,1,水平代理；不能复现原偏离度,True
2026-03-05,1.52,FDR007(定盘利率),1.5716666666666668,1.7450780080428954,1,水平代理；不能复现原偏离度,True
2026-03-05,1.52,FDR007(定盘利率),1.5716666666666668,1.7450780080428954,1,水平代理；不能复现原偏离度,True
2026-03-06,1.52,FDR007(定盘利率),1.5718333333333334,1.7446390080428953,1,水平代理；不能复现原偏离度,True
2026-03-06,1.52,FDR007(定盘利率),1.5718333333333334,1.7446390080428953,1,水平代理；不能复现原偏离度,True
2026-03-09,1.52,FDR007(定盘利率),1.5721666666666667,1.744389873100983,1,水平代理；不能复现原偏离度,True
2026-03-09,1.52,FDR007(定盘利率),1.5721666666666667,1.744389873100983,1,水平代理；不能复现原偏离度,True
2026-03-10,1.52,FDR007(定盘利率),1.5725,1.7437870695187168,1,水平代理；不能复现原偏离度,True
2026-03-10,1.52,FDR007(定盘利率),1.5725,1.7437870695187168,1,水平代理；不能复现原偏离度,True
2026-03-11,1.52,FDR007(定盘利率),1.573,1.741870695187166,1,水平代理；不能复现原偏离度,True
2026-03-11,1.52,FDR007(定盘利率),1.573,1.741870695187166,1,水平代理；不能复现原偏离度,True
2026-03-12,1.53,FDR007(定盘利率),1.5735,1.740300195187166,1,水平代理；不能复现原偏离度,True
2026-03-12,1.53,FDR007(定盘利率),1.5735,1.740300195187166,1,水平代理；不能复现原偏离度,True
2026-03-13,1.52,FDR007(定盘利率),1.5735,1.7393006747095625,1,水平代理；不能复现原偏离度,True
2026-03-13,1.52,FDR007(定盘利率),1.5735,1.7393006747095623,1,水平代理；不能复现原偏离度,True
2026-03-16,1.52,FDR007(定盘利率),1.5735,1.7387773413762289,1,水平代理；不能复现原偏离度,True
2026-03-16,1.52,FDR007(定盘利率),1.5735,1.7387773413762289,1,水平代理；不能复现原偏离度,True
2026-03-17,1.51,FDR007(定盘利率),1.5736666666666668,1.7382673413762288,1,水平代理；不能复现原偏离度,True
2026-03-17,1.51,FDR007(定盘利率),1.5736666666666668,1.7382673413762288,1,水平代理；不能复现原偏离度,True
2026-03-18,1.5,FDR007(定盘利率),1.5736666666666668,1.7374597788203754,1,水平代理；不能复现原偏离度,True
2026-03-18,1.5,FDR007(定盘利率),1.5736666666666668,1.7374597788203754,1,水平代理；不能复现原偏离度,True
2026-03-19,1.49,FDR007(定盘利率),1.5735,1.7364682698838247,1,水平代理；不能复现原偏离度,True
2026-03-19,1.49,FDR007(定盘利率),1.5735,1.7364682698838247,1,水平代理；不能复现原偏离度,True
2026-03-20,1.49,FDR007(定盘利率),1.5730000000000002,1.736105674709562,1,水平代理；不能复现原偏离度,True
2026-03-20,1.49,FDR007(定盘利率),1.5730000000000002,1.736105674709562,1,水平代理；不能复现原偏离度,True
2026-03-23,1.49,FDR007(定盘利率),1.5725000000000002,1.7353340080428956,1,水平代理；不能复现原偏离度,True
2026-03-23,1.49,FDR007(定盘利率),1.5725000000000002,1.7353340080428956,1,水平代理；不能复现原偏离度,True
2026-03-24,1.49,FDR007(定盘利率),1.5718333333333334,1.7327817739052729,1,水平代理；不能复现原偏离度,True
2026-03-24,1.49,FDR007(定盘利率),1.5718333333333334,1.7327817739052729,1,水平代理；不能复现原偏离度,True
2026-03-25,1.52,FDR007(定盘利率),1.572166666666667,1.7321316666666668,1,水平代理；不能复现原偏离度,True
2026-03-25,1.52,FDR007(定盘利率),1.572166666666667,1.7321316666666668,1,水平代理；不能复现原偏离度,True
2026-03-26,1.53,FDR007(定盘利率),1.5710000000000002,1.7318127739052729,1,水平代理；不能复现原偏离度,True
2026-03-26,1.53,FDR007(定盘利率),1.5710000000000002,1.7318127739052727,1,水平代理；不能复现原偏离度,True
2026-03-27,1.51,FDR007(定盘利率),1.5706666666666669,1.7312253413762286,1,水平代理；不能复现原偏离度,True
2026-03-27,1.51,FDR007(定盘利率),1.5706666666666669,1.7312253413762286,1,水平代理；不能复现原偏离度,True
2026-03-30,1.51,FDR007(定盘利率),1.5650000000000002,1.7292517024128686,1,水平代理；不能复现原偏离度,True
2026-03-30,1.51,FDR007(定盘利率),1.5650000000000002,1.7292517024128686,1,水平代理；不能复现原偏离度,True
2026-03-31,1.49,FDR007(定盘利率),1.554,1.7279714171122995,1,水平代理；不能复现原偏离度,True
2026-03-31,1.49,FDR007(定盘利率),1.554,1.7279714171122995,1,水平代理；不能复现原偏离度,True
2026-04-01,1.47,FDR007(定盘利率),1.5418333333333334,1.7275506951871658,1,水平代理；不能复现原偏离度,True
2026-04-01,1.47,FDR007(定盘利率),1.5418333333333334,1.7275506951871658,1,水平代理；不能复现原偏离度,True
2026-04-02,1.44,FDR007(定盘利率),1.5416666666666667,1.7277733413762288,1,水平代理；不能复现原偏离度,True
2026-04-02,1.44,FDR007(定盘利率),1.5416666666666667,1.7277733413762288,1,水平代理；不能复现原偏离度,True
2026-04-03,1.41,FDR007(定盘利率),1.540333333333333,1.7275028413762288,1,水平代理；不能复现原偏离度,True
2026-04-03,1.41,FDR007(定盘利率),1.5403333333333333,1.7275028413762288,1,水平代理；不能复现原偏离度,True
2026-04-07,1.41,FDR007(定盘利率),1.539,1.726759028520499,1,水平代理；不能复现原偏离度,True
2026-04-07,1.41,FDR007(定盘利率),1.539,1.726759028520499,1,水平代理；不能复现原偏离度,True
2026-04-08,1.41,FDR007(定盘利率),1.5371666666666668,1.7268023413762288,1,水平代理；不能复现原偏离度,True
2026-04-08,1.41,FDR007(定盘利率),1.5371666666666668,1.7268023413762288,1,水平代理；不能复现原偏离度,True
2026-04-09,1.42,FDR007(定盘利率),1.5355,1.7263373413762289,1,水平代理；不能复现原偏离度,True
2026-04-09,1.42,FDR007(定盘利率),1.5354999999999999,1.7263373413762289,1,水平代理；不能复现原偏离度,True
2026-04-10,1.42,FDR007(定盘利率),1.5338333333333334,1.7259323413762289,1,水平代理；不能复现原偏离度,True
2026-04-10,1.42,FDR007(定盘利率),1.5338333333333334,1.7259323413762289,1,水平代理；不能复现原偏离度,True
2026-04-13,1.42,FDR007(定盘利率),1.5321666666666665,1.725405695187166,1,水平代理；不能复现原偏离度,True
2026-04-13,1.42,FDR007(定盘利率),1.5321666666666665,1.725405695187166,1,水平代理；不能复现原偏离度,True
2026-04-14,1.42,FDR007(定盘利率),1.5296666666666667,1.7256573413762288,1,水平代理；不能复现原偏离度,True
2026-04-14,1.42,FDR007(定盘利率),1.5296666666666667,1.7256573413762288,1,水平代理；不能复现原偏离度,True
2026-04-15,1.42,FDR007(定盘利率),1.5266666666666666,1.7250890285204992,1,水平代理；不能复现原偏离度,True
2026-04-15,1.42,FDR007(定盘利率),1.5266666666666666,1.7250890285204992,1,水平代理；不能复现原偏离度,True
2026-04-16,1.42,FDR007(定盘利率),1.5245,1.7254206747095622,1,水平代理；不能复现原偏离度,True
2026-04-16,1.42,FDR007(定盘利率),1.5245,1.7254206747095622,1,水平代理；不能复现原偏离度,True
2026-04-17,1.41,FDR007(定盘利率),1.5225000000000002,1.7252553413762288,1,水平代理；不能复现原偏离度,True
2026-04-17,1.41,FDR007(定盘利率),1.5225000000000002,1.7252553413762288,1,水平代理；不能复现原偏离度,True
2026-04-20,1.42,FDR007(定盘利率),1.5204999999999995,1.725027341376229,1,水平代理；不能复现原偏离度,True
2026-04-20,1.42,FDR007(定盘利率),1.5204999999999997,1.725027341376229,1,水平代理；不能复现原偏离度,True
2026-04-21,1.41,FDR007(定盘利率),1.518,1.7248123413762289,1,水平代理；不能复现原偏离度,True
2026-04-21,1.41,FDR007(定盘利率),1.518,1.7248123413762289,1,水平代理；不能复现原偏离度,True
2026-04-22,1.4,FDR007(定盘利率),1.5156666666666667,1.7244478413762288,1,水平代理；不能复现原偏离度,True
2026-04-22,1.4,FDR007(定盘利率),1.5156666666666667,1.7244478413762288,1,水平代理；不能复现原偏离度,True
2026-04-23,1.4,FDR007(定盘利率),1.5131666666666668,1.7242873413762287,1,水平代理；不能复现原偏离度,True
2026-04-23,1.4,FDR007(定盘利率),1.5131666666666668,1.7242873413762287,1,水平代理；不能复现原偏离度,True
2026-04-24,1.38,FDR007(定盘利率),1.5103333333333333,1.7238560285204991,1,水平代理；不能复现原偏离度,True
2026-04-24,1.38,FDR007(定盘利率),1.5103333333333333,1.7238560285204991,1,水平代理；不能复现原偏离度,True
2026-04-27,1.38,FDR007(定盘利率),1.506,1.7221343618538325,1,水平代理；不能复现原偏离度,True
2026-04-27,1.38,FDR007(定盘利率),1.506,1.7221343618538325,1,水平代理；不能复现原偏离度,True
2026-04-28,1.4,FDR007(定盘利率),1.5021666666666669,1.7220705080428953,1,水平代理；不能复现原偏离度,True
2026-04-28,1.4,FDR007(定盘利率),1.5021666666666667,1.7220705080428953,1,水平代理；不能复现原偏离度,True
2026-04-29,1.4,FDR007(定盘利率),1.4985,1.7214716951871658,1,水平代理；不能复现原偏离度,True
2026-04-29,1.4,FDR007(定盘利率),1.4985,1.7214716951871658,1,水平代理；不能复现原偏离度,True
2026-04-30,1.4,FDR007(定盘利率),1.4948333333333332,1.7214173413762288,1,水平代理；不能复现原偏离度,True
2026-04-30,1.4,FDR007(定盘利率),1.4948333333333332,1.7214173413762288,1,水平代理；不能复现原偏离度,True
2026-05-06,1.4,FDR007(定盘利率),1.4908333333333337,1.721013341376229,1,水平代理；不能复现原偏离度,True
2026-05-06,1.4,FDR007(定盘利率),1.4908333333333335,1.721013341376229,1,水平代理；不能复现原偏离度,True
2026-05-07,1.4,FDR007(定盘利率),1.4883333333333335,1.7208523413762289,1,水平代理；不能复现原偏离度,True
2026-05-07,1.4,FDR007(定盘利率),1.4883333333333335,1.7208523413762289,1,水平代理；不能复现原偏离度,True
2026-05-08,1.37,FDR007(定盘利率),1.4851666666666667,1.7204540080428954,1,水平代理；不能复现原偏离度,True
2026-05-08,1.37,FDR007(定盘利率),1.4851666666666667,1.7204540080428954,1,水平代理；不能复现原偏离度,True
2026-05-09,1.34,FDR007(定盘利率),1.4815,1.7200690080428955,1,水平代理；不能复现原偏离度,True
2026-05-09,1.34,FDR007(定盘利率),1.4815,1.7200690080428955,1,水平代理；不能复现原偏离度,True
2026-05-11,1.37,FDR007(定盘利率),1.4781666666666666,1.719622908847185,1,水平代理；不能复现原偏离度,True
2026-05-11,1.37,FDR007(定盘利率),1.4781666666666666,1.719622908847185,1,水平代理；不能复现原偏离度,True
2026-05-12,1.36,FDR007(定盘利率),1.4748333333333334,1.7194390080428954,1,水平代理；不能复现原偏离度,True
2026-05-12,1.36,FDR007(定盘利率),1.4748333333333334,1.7194390080428954,1,水平代理；不能复现原偏离度,True
2026-05-13,1.35,FDR007(定盘利率),1.4706666666666666,1.7188473413762289,1,水平代理；不能复现原偏离度,True
2026-05-13,1.35,FDR007(定盘利率),1.4706666666666666,1.7188473413762289,1,水平代理；不能复现原偏离度,True
2026-05-14,1.35,FDR007(定盘利率),1.4665,1.718636341376229,1,水平代理；不能复现原偏离度,True
2026-05-14,1.35,FDR007(定盘利率),1.4665,1.718636341376229,1,水平代理；不能复现原偏离度,True
2026-05-15,1.37,FDR007(定盘利率),1.4623333333333333,1.7179563413762289,1,水平代理；不能复现原偏离度,True
2026-05-15,1.37,FDR007(定盘利率),1.4623333333333333,1.7179563413762289,1,水平代理；不能复现原偏离度,True
2026-05-18,1.36,FDR007(定盘利率),1.4575,1.717363174709562,1,水平代理；不能复现原偏离度,True
2026-05-18,1.36,FDR007(定盘利率),1.4575,1.717363174709562,1,水平代理；不能复现原偏离度,True
2026-05-19,1.36,FDR007(定盘利率),1.4541666666666666,1.7168417381590706,1,水平代理；不能复现原偏离度,True
2026-05-19,1.36,FDR007(定盘利率),1.4541666666666666,1.7168417381590706,1,水平代理；不能复现原偏离度,True
2026-05-20,1.36,FDR007(定盘利率),1.4534999999999998,1.715575035746202,1,水平代理；不能复现原偏离度,True
2026-05-20,1.36,FDR007(定盘利率),1.4534999999999998,1.715575035746202,1,水平代理；不能复现原偏离度,True
2026-05-21,1.37,FDR007(定盘利率),1.4491666666666667,1.7135317911646586,1,水平代理；不能复现原偏离度,True
2026-05-21,1.37,FDR007(定盘利率),1.4491666666666667,1.7135317911646586,1,水平代理；不能复现原偏离度,True
2026-05-22,1.38,FDR007(定盘利率),1.4455,1.7128895285204992,1,水平代理；不能复现原偏离度,True
2026-05-22,1.38,FDR007(定盘利率),1.4455,1.7128895285204992,1,水平代理；不能复现原偏离度,True
2026-05-25,1.4,FDR007(定盘利率),1.4425,1.7125873413762287,1,水平代理；不能复现原偏离度,True
2026-05-25,1.4,FDR007(定盘利率),1.4425,1.7125873413762287,1,水平代理；不能复现原偏离度,True
2026-05-26,1.39,FDR007(定盘利率),1.4398333333333333,1.712120028520499,1,水平代理；不能复现原偏离度,True
2026-05-26,1.39,FDR007(定盘利率),1.4398333333333333,1.712120028520499,1,水平代理；不能复现原偏离度,True
2026-05-27,1.38,FDR007(定盘利率),1.4378333333333333,1.7117946747095625,1,水平代理；不能复现原偏离度,True
2026-05-27,1.38,FDR007(定盘利率),1.4378333333333333,1.7117946747095623,1,水平代理；不能复现原偏离度,True
2026-05-28,1.38,FDR007(定盘利率),1.4348333333333334,1.7114416747095622,1,水平代理；不能复现原偏离度,True
2026-05-28,1.38,FDR007(定盘利率),1.4348333333333334,1.7114416747095622,1,水平代理；不能复现原偏离度,True
2026-05-29,1.39,FDR007(定盘利率),1.4326666666666663,1.7109506747095622,1,水平代理；不能复现原偏离度,True
2026-05-29,1.39,FDR007(定盘利率),1.4326666666666665,1.7109506747095622,1,水平代理；不能复现原偏离度,True
2026-06-01,1.37,FDR007(定盘利率),1.4301666666666668,1.710618174709562,1,水平代理；不能复现原偏离度,True
2026-06-01,1.37,FDR007(定盘利率),1.4301666666666668,1.7106181747095621,1,水平代理；不能复现原偏离度,True
2026-06-02,1.38,FDR007(定盘利率),1.4278333333333333,1.7096486951871657,1,水平代理；不能复现原偏离度,True
2026-06-02,1.38,FDR007(定盘利率),1.4278333333333333,1.7096486951871657,1,水平代理；不能复现原偏离度,True
2026-06-03,1.38,FDR007(定盘利率),1.4254999999999998,1.708880486631016,1,水平代理；不能复现原偏离度,True
2026-06-03,1.38,FDR007(定盘利率),1.4254999999999998,1.708880486631016,1,水平代理；不能复现原偏离度,True
2026-06-04,1.38,FDR007(定盘利率),1.4231666666666667,1.7087574682752458,1,水平代理；不能复现原偏离度,True
2026-06-04,1.38,FDR007(定盘利率),1.4231666666666667,1.7087574682752458,1,水平代理；不能复现原偏离度,True
2026-06-05,1.39,FDR007(定盘利率),1.421,1.7081248413762289,1,水平代理；不能复现原偏离度,True
2026-06-05,1.39,FDR007(定盘利率),1.421,1.7081248413762289,1,水平代理；不能复现原偏离度,True
2026-06-08,1.41,FDR007(定盘利率),1.4191666666666665,1.7039023413762286,1,水平代理；不能复现原偏离度,True
2026-06-08,1.41,FDR007(定盘利率),1.4191666666666665,1.7039023413762286,1,水平代理；不能复现原偏离度,True
2026-06-09,1.41,FDR007(定盘利率),1.417166666666667,1.703737341376229,1,水平代理；不能复现原偏离度,True
2026-06-09,1.41,FDR007(定盘利率),1.4171666666666667,1.7037373413762287,1,水平代理；不能复现原偏离度,True
2026-06-10,1.42,FDR007(定盘利率),1.4155,1.7015158016085792,1,水平代理；不能复现原偏离度,True
2026-06-10,1.42,FDR007(定盘利率),1.4155,1.7015158016085792,1,水平代理；不能复现原偏离度,True
2026-06-11,1.44,FDR007(定盘利率),1.4141666666666666,1.6981654866310163,1,水平代理；不能复现原偏离度,True
2026-06-11,1.44,FDR007(定盘利率),1.4141666666666666,1.6981654866310163,1,水平代理；不能复现原偏离度,True
2026-06-12,1.47,FDR007(定盘利率),1.4135,1.6972280080428954,1,水平代理；不能复现原偏离度,True
2026-06-12,1.47,FDR007(定盘利率),1.4135,1.6972280080428954,1,水平代理；不能复现原偏离度,True
2026-06-15,1.47,FDR007(定盘利率),1.4129999999999998,1.6952298618538324,1,水平代理；不能复现原偏离度,True
2026-06-15,1.47,FDR007(定盘利率),1.4129999999999998,1.6952298618538324,1,水平代理；不能复现原偏离度,True
2026-06-16,1.49,FDR007(定盘利率),1.413,1.6940383413762288,1,水平代理；不能复现原偏离度,True
2026-06-16,1.49,FDR007(定盘利率),1.413,1.6940383413762288,1,水平代理；不能复现原偏离度,True
2026-06-17,1.48,FDR007(定盘利率),1.4128333333333332,1.6934976389633605,1,水平代理；不能复现原偏离度,True
2026-06-17,1.48,FDR007(定盘利率),1.4128333333333332,1.6934976389633603,1,水平代理；不能复现原偏离度,True
2026-06-18,1.48,FDR007(定盘利率),1.4126666666666663,1.6924704682752458,1,水平代理；不能复现原偏离度,True
2026-06-18,1.48,FDR007(定盘利率),1.4126666666666663,1.6924704682752458,1,水平代理；不能复现原偏离度,True
2026-06-22,1.48,FDR007(定盘利率),1.4125,1.6910145080428955,1,水平代理；不能复现原偏离度,True
2026-06-22,1.48,FDR007(定盘利率),1.4125,1.6910145080428955,1,水平代理；不能复现原偏离度,True
2026-06-23,1.53,FDR007(定盘利率),1.4126666666666663,1.6897140080428954,1,水平代理；不能复现原偏离度,True
2026-06-23,1.53,FDR007(定盘利率),1.4126666666666665,1.6897140080428954,1,水平代理；不能复现原偏离度,True
2026-06-24,1.57,FDR007(定盘利率),1.413333333333333,1.6887150080428952,1,水平代理；不能复现原偏离度,True
2026-06-24,1.57,FDR007(定盘利率),1.4133333333333333,1.6887150080428952,1,水平代理；不能复现原偏离度,True
2026-06-25,1.55,FDR007(定盘利率),1.414,1.6871800080428954,1,水平代理；不能复现原偏离度,True
2026-06-25,1.55,FDR007(定盘利率),1.414,1.6871800080428954,1,水平代理；不能复现原偏离度,True
2026-06-26,1.5,FDR007(定盘利率),1.4138333333333333,1.686682841376229,1,水平代理；不能复现原偏离度,True
2026-06-26,1.5,FDR007(定盘利率),1.4138333333333333,1.686682841376229,1,水平代理；不能复现原偏离度,True
2026-06-29,1.48,FDR007(定盘利率),1.4136666666666666,1.6861566114081996,1,水平代理；不能复现原偏离度,True
2026-06-29,1.48,FDR007(定盘利率),1.4136666666666666,1.6861566114081996,1,水平代理；不能复现原偏离度,True
2026-06-30,1.54,FDR007(定盘利率),1.4148333333333334,1.6858816666666667,1,水平代理；不能复现原偏离度,True
2026-06-30,1.54,FDR007(定盘利率),1.4148333333333334,1.6858816666666667,1,水平代理；不能复现原偏离度,True
2026-07-01,1.5,FDR007(定盘利率),1.4158333333333333,1.685487944741533,1,水平代理；不能复现原偏离度,True
2026-07-01,1.5,FDR007(定盘利率),1.4158333333333333,1.685487944741533,1,水平代理；不能复现原偏离度,True
2026-07-02,1.5,FDR007(定盘利率),1.4173333333333331,1.6842348690795357,1,水平代理；不能复现原偏离度,True
2026-07-02,1.5,FDR007(定盘利率),1.4173333333333331,1.6842348690795355,1,水平代理；不能复现原偏离度,True
2026-07-03,1.43,FDR007(定盘利率),1.4176666666666666,1.680818873100983,1,水平代理；不能复现原偏离度,True
2026-07-03,1.43,FDR007(定盘利率),1.4176666666666666,1.680818873100983,1,水平代理；不能复现原偏离度,True
2026-07-06,1.42,FDR007(定盘利率),1.4178333333333333,1.6800910674709562,1,水平代理；不能复现原偏离度,True
2026-07-06,1.42,FDR007(定盘利率),1.4178333333333333,1.6800910674709562,1,水平代理；不能复现原偏离度,True
2026-07-07,1.43,FDR007(定盘利率),1.418,1.679185674709562,1,水平代理；不能复现原偏离度,True
2026-07-07,1.43,FDR007(定盘利率),1.418,1.679185674709562,1,水平代理；不能复现原偏离度,True
2026-07-08,1.43,FDR007(定盘利率),1.4181666666666668,1.6778491747095623,1,水平代理；不能复现原偏离度,True
2026-07-08,1.43,FDR007(定盘利率),1.4181666666666668,1.6778491747095623,1,水平代理；不能复现原偏离度,True
2026-07-09,1.43,FDR007(定盘利率),1.4183333333333334,1.6772895561497323,1,水平代理；不能复现原偏离度,True
2026-07-09,1.43,FDR007(定盘利率),1.4183333333333334,1.6772895561497323,1,水平代理；不能复现原偏离度,True
2026-07-10,1.42,FDR007(定盘利率),1.4183333333333332,1.675573805630027,1,水平代理；不能复现原偏离度,True
2026-07-10,1.42,FDR007(定盘利率),1.4183333333333332,1.675573805630027,1,水平代理；不能复现原偏离度,True
2026-07-13,1.425,FDR007(定盘利率),1.4184166666666669,1.6740386032171584,1,水平代理；不能复现原偏离度,True
2026-07-13,1.425,FDR007(定盘利率),1.4184166666666669,1.6740386032171584,1,水平代理；不能复现原偏离度,True
2026-07-14,1.43,FDR007(定盘利率),1.4185833333333335,1.6710153373547811,1,水平代理；不能复现原偏离度,True
2026-07-14,1.43,FDR007(定盘利率),1.4185833333333335,1.6710153373547811,1,水平代理；不能复现原偏离度,True
2026-07-15,1.44,FDR007(定盘利率),1.4190833333333333,1.667980071492404,1,水平代理；不能复现原偏离度,True
2026-07-15,1.44,FDR007(定盘利率),1.4190833333333333,1.667980071492404,1,水平代理；不能复现原偏离度,True
2026-07-16,1.44,FDR007(定盘利率),1.4194166666666668,1.6667193690795354,1,水平代理；不能复现原偏离度,True
2026-07-16,1.44,FDR007(定盘利率),1.4194166666666668,1.6667193690795354,1,水平代理；不能复现原偏离度,True
2026-07-17,1.44,FDR007(定盘利率),1.4199166666666667,1.6650776951871658,1,水平代理；不能复现原偏离度,True
2026-07-17,1.44,FDR007(定盘利率),1.4199166666666667,1.6650776951871658,1,水平代理；不能复现原偏离度,True
2026-07-20,1.43,FDR007(定盘利率),1.4204166666666669,1.6649150080428954,1,水平代理；不能复现原偏离度,True
2026-07-20,1.43,FDR007(定盘利率),1.4204166666666669,1.6649150080428954,1,水平代理；不能复现原偏离度,True
2026-07-21,1.43,FDR007(定盘利率),1.4209166666666666,1.6636040080428955,1,水平代理；不能复现原偏离度,True
2026-07-21,1.43,FDR007(定盘利率),1.4209166666666666,1.6636040080428955,1,水平代理；不能复现原偏离度,True
2026-07-22,1.425,FDR007(定盘利率),1.4216666666666666,1.6634255080428957,1,水平代理；不能复现原偏离度,True
2026-07-22,1.425,FDR007(定盘利率),1.4216666666666666,1.6634255080428957,1,水平代理；不能复现原偏离度,True
2026-07-23,1.42,FDR007(定盘利率),1.4223333333333334,1.663249674709562,1,水平代理；不能复现原偏离度,True
2026-07-23,1.42,FDR007(定盘利率),1.4223333333333334,1.663249674709562,1,水平代理；不能复现原偏离度,True
2026-07-24,1.41,FDR007(定盘利率),1.4225,1.662948174709562,1,水平代理；不能复现原偏离度,True
2026-07-24,1.41,FDR007(定盘利率),1.4224999999999999,1.662948174709562,1,水平代理；不能复现原偏离度,True
2026-07-27,1.44,FDR007(定盘利率),1.4231666666666667,1.6627942243074174,1,水平代理；不能复现原偏离度,True
2026-07-27,1.44,FDR007(定盘利率),1.4231666666666667,1.6627942243074174,1,水平代理；不能复现原偏离度,True
2026-07-28,1.47,FDR007(定盘利率),1.4243333333333337,1.6620090080428953,1,水平代理；不能复现原偏离度,True
2026-07-28,1.47,FDR007(定盘利率),1.4243333333333337,1.6620090080428953,1,水平代理；不能复现原偏离度,True
2026-07-29,1.5,FDR007(定盘利率),1.4259999999999995,1.6611694171122997,1,水平代理；不能复现原偏离度,True
2026-07-29,1.5,FDR007(定盘利率),1.4259999999999995,1.6611694171122997,1,水平代理；不能复现原偏离度,True
2026-07-30,1.49,FDR007(定盘利率),1.4275,1.6609367085561495,1,水平代理；不能复现原偏离度,True
2026-07-30,1.49,FDR007(定盘利率),1.4275,1.6609367085561495,1,水平代理；不能复现原偏离度,True
2026-07-31,1.46,FDR007(定盘利率),1.4289999999999998,1.6605916951871658,1,水平代理；不能复现原偏离度,True
2026-07-31,1.46,FDR007(定盘利率),1.4289999999999998,1.6605916951871658,1,水平代理；不能复现原偏离度,True
2026-08-03,1.44,FDR007(定盘利率),1.4306666666666668,1.6604148413762283,1,水平代理；不能复现原偏离度,True
2026-08-03,1.44,FDR007(定盘利率),1.4306666666666668,1.6604148413762283,1,水平代理；不能复现原偏离度,True
2026-08-04,1.43,FDR007(定盘利率),1.4316666666666664,1.6597144578313252,1,水平代理；不能复现原偏离度,True
2026-08-04,1.43,FDR007(定盘利率),1.4316666666666664,1.6597144578313252,1,水平代理；不能复现原偏离度,True
2026-08-05,1.43,FDR007(定盘利率),1.4328333333333334,1.6593288413762288,1,水平代理；不能复现原偏离度,True
2026-08-05,1.43,FDR007(定盘利率),1.4328333333333334,1.6593288413762288,1,水平代理；不能复现原偏离度,True
2026-08-06,1.42,FDR007(定盘利率),1.434,1.657252472370767,1,水平代理；不能复现原偏离度,True
2026-08-06,1.42,FDR007(定盘利率),1.434,1.657252472370767,1,水平代理；不能复现原偏离度,True
2026-08-07,1.41,FDR007(定盘利率),1.4349999999999998,1.656845986631016,1,水平代理；不能复现原偏离度,True
2026-08-07,1.41,FDR007(定盘利率),1.4349999999999998,1.656845986631016,1,水平代理；不能复现原偏离度,True
2026-08-10,1.42,FDR007(定盘利率),1.4358333333333335,1.6567327381590704,1,水平代理；不能复现原偏离度,True
2026-08-10,1.42,FDR007(定盘利率),1.4358333333333335,1.6567327381590704,1,水平代理；不能复现原偏离度,True
2026-08-11,1.42,FDR007(定盘利率),1.4368333333333334,1.6565798413762285,1,水平代理；不能复现原偏离度,True
2026-08-11,1.42,FDR007(定盘利率),1.4368333333333334,1.6565798413762285,1,水平代理；不能复现原偏离度,True
2026-08-12,1.43,FDR007(定盘利率),1.438,1.6562633413762289,1,水平代理；不能复现原偏离度,True
2026-08-12,1.43,FDR007(定盘利率),1.438,1.6562633413762287,1,水平代理；不能复现原偏离度,True
