date,shibor_1w,ma60,historical_q10,signal_score
2006-10-08,2.293,,,0
2006-10-08,2.293,,,0
2006-10-09,2.296,,,0
2006-10-09,2.296,,,0
2006-10-10,2.2971,,,0
2006-10-10,2.2971,,,0
2006-10-11,2.2932,,,0
2006-10-11,2.2932,,,0
2006-10-12,2.2904,,,0
2006-10-12,2.2904,,,0
2006-10-13,2.2919,,,0
2006-10-13,2.2919,,,0
2006-10-16,2.3144,,,0
2006-10-16,2.3144,,,0
2006-10-17,2.379,,,0
2006-10-17,2.379,,,0
2006-10-18,2.4628,,,0
2006-10-18,2.4628,,,0
2006-10-19,2.4922,,,0
2006-10-19,2.4922,,,0
2006-10-20,2.4901,,,0
2006-10-20,2.4901,,,0
2006-10-23,2.4775,,,0
2006-10-23,2.4775,,,0
2006-10-24,2.4782,,,0
2006-10-24,2.4782,,,0
2006-10-25,2.4322,,,0
2006-10-25,2.4322,,,0
2006-10-26,2.3887,,,0
2006-10-26,2.3887,,,0
2006-10-27,2.3696,,,0
2006-10-27,2.3696,,,0
2006-10-30,2.3931,,,0
2006-10-30,2.3931,,,0
2006-10-31,2.4514,,,0
2006-10-31,2.4514,,,0
2006-11-01,2.4803,,,0
2006-11-01,2.4803,,,0
2006-11-02,2.488,,,0
2006-11-02,2.488,,,0
2006-11-03,2.4527,,,0
2006-11-03,2.4527,,,0
2006-11-06,2.5751,,,0
2006-11-06,2.5751,,,0
2006-11-07,2.6931,,,0
2006-11-07,2.6931,,,0
2006-11-08,2.8443,,,0
2006-11-08,2.8443,,,0
2006-11-09,2.9405,,,0
2006-11-09,2.9405,,,0
2006-11-10,3.1975,,,0
2006-11-10,3.1975,,,0
2006-11-13,3.2409,,,0
2006-11-13,3.2409,,,0
2006-11-14,3.6395,,,0
2006-11-14,3.6395,,,0
2006-11-15,3.6929,,,0
2006-11-15,3.6929,,,0
2006-11-16,3.5343,,,0
2006-11-16,3.5343,,,0
2006-11-17,3.8258,,,0
2006-11-17,3.8258,,,0
2006-11-20,3.9409,,,0
2006-11-20,3.9409,,,0
2006-11-21,4.0016,,,0
2006-11-21,4.0016,,,0
2006-11-22,3.7091,,,0
2006-11-22,3.7091,,,0
2006-11-23,3.7165,,,0
2006-11-23,3.7165,,,0
2006-11-24,3.8861,,,0
2006-11-24,3.8861,,,0
2006-11-27,3.1747,,,0
2006-11-27,3.1747,,,0
2006-11-28,3.0728,,,0
2006-11-28,3.0728,,,0
2006-11-29,2.5137,,,0
2006-11-29,2.5137,,,0
2006-11-30,2.427,,,0
2006-11-30,2.427,,,0
2006-12-01,2.3851,,,0
2006-12-01,2.3851,,,0
2006-12-04,2.3543,,,0
2006-12-04,2.3543,,,0
2006-12-05,2.3165,,,0
2006-12-05,2.3165,,,0
2006-12-06,2.2959,,,0
2006-12-06,2.2959,,,0
2006-12-07,2.2643,,,0
2006-12-07,2.2643,,,0
2006-12-08,2.2463,,,0
2006-12-08,2.2463,,,0
2006-12-11,2.2424,,,0
2006-12-11,2.2424,,,0
2006-12-12,2.2101,,,0
2006-12-12,2.2101,,,0
2006-12-13,2.2283,,,0
2006-12-13,2.2283,,,0
2006-12-14,2.0627,,,0
2006-12-14,2.0627,,,0
2006-12-15,2.0486,,,0
2006-12-15,2.0486,,,0
2006-12-18,2.0248,,,0
2006-12-18,2.0248,,,0
2006-12-19,2.0222,,,0
2006-12-19,2.0222,,,0
2006-12-20,1.9789,,,0
2006-12-20,1.9789,,,0
2006-12-21,1.9016,,,0
2006-12-21,1.9016,,,0
2006-12-22,2.052,,,0
2006-12-22,2.052,,,0
2006-12-25,2.2896,,,0
2006-12-25,2.2896,,,0
2006-12-26,2.2841,,,0
2006-12-26,2.2841,,,0
2006-12-27,2.2785,,,0
2006-12-27,2.2785,,,0
2006-12-28,2.0753,2.6083266666666662,,0
2006-12-28,2.0753,2.6083266666666662,,0
2006-12-29,1.9641,2.602845,,0
2006-12-29,1.9641,2.602845,,0
2006-12-30,1.9182,2.596548333333333,,0
2006-12-30,1.9182,2.5965483333333332,,0
2006-12-31,1.6321,2.585465,,0
2006-12-31,1.6321,2.585465,,0
2007-01-04,1.5238,2.5726416666666667,,0
2007-01-04,1.5238,2.5726416666666667,,0
2007-01-05,1.5057,2.5595633333333336,,0
2007-01-05,1.5057,2.5595633333333336,,0
2007-01-08,1.4524,2.545571666666667,,0
2007-01-08,1.4524,2.545571666666667,,0
2007-01-09,1.4405,2.531006666666667,,0
2007-01-09,1.4405,2.531006666666667,,0
2007-01-10,1.4262,2.5151266666666663,,0
2007-01-10,1.4262,2.5151266666666663,,0
2007-01-11,1.4122,2.4976166666666666,,0
2007-01-11,1.4122,2.4976166666666666,,0
2007-01-12,1.4047,2.479491666666666,,0
2007-01-12,1.4047,2.4794916666666666,,0
2007-01-15,1.38,2.46099,,0
2007-01-15,1.38,2.4609900000000002,,0
2007-01-16,1.3733,2.4425866666666662,,0
2007-01-16,1.3733,2.4425866666666662,,0
2007-01-17,1.4986,2.42626,,0
2007-01-17,1.4986,2.42626,,0
2007-01-18,1.5048,2.4108033333333334,,0
2007-01-18,1.5048,2.4108033333333334,,0
2007-01-19,1.5485,2.3968,,0
2007-01-19,1.5485,2.3968,,0
2007-01-22,1.7726,2.38685,,0
2007-01-22,1.7726,2.38685,,0
2007-01-23,1.9648,2.3797116666666667,,0
2007-01-23,1.9648,2.3797116666666667,,0
2007-01-24,2.0061,2.37229,,0
2007-01-24,2.0061,2.3722899999999996,,0
2007-01-25,2.0159,2.36455,,0
2007-01-25,2.0159,2.36455,,0
2007-01-26,2.0703,2.357588333333333,,0
2007-01-26,2.0703,2.357588333333333,,0
2007-01-29,2.103,2.35176,,0
2007-01-29,2.103,2.35176,,0
2007-01-30,2.1022,2.343878333333333,,0
2007-01-30,2.1022,2.3438783333333335,,0
2007-01-31,2.0919,2.333858333333333,,0
2007-01-31,2.0919,2.333858333333333,,0
2007-02-01,2.0817,2.3211483333333334,,0
2007-02-01,2.0817,2.3211483333333334,,0
2007-02-02,1.9916,2.305333333333333,,0
2007-02-02,1.9916,2.305333333333333,,0
2007-02-05,2.0718,2.2865716666666667,,0
2007-02-05,2.0718,2.2865716666666667,,0
2007-02-06,2.1745,2.2687983333333333,,0
2007-02-06,2.1745,2.2687983333333333,,0
2007-02-07,2.5376,2.250433333333333,,0
2007-02-07,2.5376,2.2504333333333335,,0
2007-02-08,3.5244,2.247625,,0
2007-02-08,3.5244,2.2476249999999998,,0
2007-02-09,4.1485,2.2578616666666664,,0
2007-02-09,4.1485,2.2578616666666664,,0
2007-02-12,4.4692,2.2685850000000003,,0
2007-02-12,4.4692,2.2685850000000003,,0
2007-02-13,3.4622,2.260606666666667,,0
2007-02-13,3.4622,2.260606666666667,,0
2007-02-14,3.9964,2.26052,,0
2007-02-14,3.9964,2.26052,,0
2007-02-15,3.4817,2.25673,,0
2007-02-15,3.4817,2.2567299999999997,,0
2007-02-16,2.1513,2.230643333333333,,0
2007-02-16,2.1513,2.230643333333333,,0
2007-02-17,1.5133,2.1910966666666667,,0
2007-02-17,1.5133,2.1910966666666667,,0
2007-02-25,2.9102,2.1866883333333336,,0
2007-02-25,2.9102,2.1866883333333336,,0
2007-02-26,2.6662,2.179911666666667,,0
2007-02-26,2.6662,2.179911666666667,,0
2007-02-27,2.5313,2.180205,,0
2007-02-27,2.5313,2.180205,,0
2007-02-28,1.9919,2.172953333333333,,0
2007-02-28,1.9919,2.1729533333333335,,0
2007-03-01,1.7584,2.1625083333333333,,0
2007-03-01,1.7584,2.1625083333333333,,0
2007-03-02,1.6838,2.151333333333333,,0
2007-03-02,1.6838,2.1513333333333335,,0
2007-03-05,1.6676,2.140518333333333,,0
2007-03-05,1.6676,2.140518333333333,,0
2007-03-06,1.6145,2.1291616666666666,,0
2007-03-06,1.6145,2.1291616666666666,,0
2007-03-07,1.5498,2.117253333333333,,0
2007-03-07,1.5498,2.117253333333333,,0
2007-03-08,1.5316,2.1053416666666664,,0
2007-03-08,1.5316,2.1053416666666664,,0
2007-03-09,1.4956,2.092895,,0
2007-03-09,1.4956,2.092895,,0
2007-03-12,1.477,2.0806766666666667,,0
2007-03-12,1.477,2.0806766666666667,,0
2007-03-13,1.4605,2.06788,,0
2007-03-13,1.4605,2.06788,,0
2007-03-14,1.4419,2.057533333333333,,0
2007-03-14,1.4419,2.057533333333333,,0
2007-03-15,1.4426,2.047433333333333,,0
2007-03-15,1.4426,2.047433333333333,,0
2007-03-16,1.5164,2.03896,,0
2007-03-16,1.5164,2.03896,,0
2007-03-19,1.6647,2.0330016666666664,,0
2007-03-19,1.6647,2.0330016666666664,,0
2007-03-20,1.7033,2.0284083333333336,,0
2007-03-20,1.7033,2.0284083333333336,,0
2007-03-21,1.7584,2.026021666666667,,0
2007-03-21,1.7584,2.026021666666667,,0
2007-03-22,1.8069,2.0219366666666665,,0
2007-03-22,1.8069,2.0219366666666665,,0
2007-03-23,1.865,2.01486,,0
2007-03-23,1.865,2.01486,,0
2007-03-26,1.9487,2.00927,,0
2007-03-26,1.9487,2.00927,,0
2007-03-27,1.9582,2.003931666666667,,0
2007-03-27,1.9582,2.003931666666667,,0
2007-03-28,1.9658,2.0021066666666667,,0
2007-03-28,1.9658,2.0021066666666667,,0
2007-03-29,1.9729,2.002253333333333,,0
2007-03-29,1.9729,2.002253333333333,,0
2007-03-30,1.9704,2.0031233333333334,,0
2007-03-30,1.9704,2.0031233333333334,,0
2007-04-02,1.9442,2.008325,,0
2007-04-02,1.9442,2.008325,,0
2007-04-03,1.9476,2.015388333333333,,0
2007-04-03,1.9476,2.015388333333333,,0
2007-04-04,1.9553,2.0228816666666667,,0
2007-04-04,1.9553,2.0228816666666667,,0
2007-04-05,1.9923,2.03188,,0
2007-04-05,1.9923,2.0318799999999997,,0
2007-04-06,2.1854,2.044295,,0
2007-04-06,2.1854,2.044295,,0
2007-04-09,2.2959,2.05879,,0
2007-04-09,2.2959,2.05879,,0
2007-04-10,2.3751,2.0748383333333336,,0
2007-04-10,2.3751,2.0748383333333336,,0
2007-04-11,2.3681,2.090895,,0
2007-04-11,2.3681,2.090895,,0
2007-04-12,2.3879,2.107693333333333,,0
2007-04-12,2.3879,2.107693333333333,,0
2007-04-13,2.4901,2.126306666666667,,0
2007-04-13,2.4901,2.126306666666667,,0
2007-04-16,2.9612,2.1506833333333333,,0
2007-04-16,2.9612,2.1506833333333333,,0
2007-04-17,2.9549,2.174851666666666,,0
2007-04-17,2.9549,2.1748516666666666,,0
2007-04-18,3.3773,2.205331666666667,,0
2007-04-18,3.3773,2.205331666666667,,0
2007-04-19,4.0704,2.2436283333333336,,0
2007-04-19,4.0704,2.2436283333333336,,0
2007-04-20,4.2113,2.28107,,0
2007-04-20,4.2113,2.28107,,0
2007-04-23,4.4717,2.3221633333333336,,0
2007-04-23,4.4717,2.3221633333333336,,0
2007-04-24,4.7138,2.367128333333333,,0
2007-04-24,4.7138,2.3671283333333335,,0
2007-04-25,4.7253,2.4113783333333334,,0
2007-04-25,4.7253,2.4113783333333334,,0
2007-04-26,4.3519,2.4488600000000003,,0
2007-04-26,4.3519,2.4488600000000003,,0
2007-04-27,3.672,2.475023333333333,,0
2007-04-27,3.672,2.475023333333333,,0
2007-04-28,2.2483,2.47763,,0
2007-04-28,2.2483,2.47763,,0
2007-04-29,2.0869,2.4777166666666663,,0
2007-04-29,2.0869,2.4777166666666663,,0
2007-04-30,1.8459,2.475288333333333,,0
2007-04-30,1.8459,2.475288333333333,,0
2007-05-08,1.7977,2.47072,,0
2007-05-08,1.7977,2.47072,,0
2007-05-09,1.7957,2.464406666666666,,0
2007-05-09,1.7957,2.4644066666666666,,0
2007-05-10,1.872,2.453313333333333,,0
2007-05-10,1.872,2.453313333333333,,0
2007-05-11,3.0215,2.4449316666666667,,0
2007-05-11,3.0215,2.4449316666666667,,0
2007-05-14,3.1985,2.4290983333333336,,0
2007-05-14,3.1985,2.4290983333333336,,0
2007-05-15,3.055,2.4055283333333337,,0
2007-05-15,3.055,2.4055283333333337,,0
2007-05-16,2.9977,2.3977866666666667,,0
2007-05-16,2.9977,2.3977866666666667,,0
2007-05-17,2.8732,2.379066666666667,,0
2007-05-17,2.8732,2.379066666666667,,0
2007-05-18,2.5784,2.364011666666667,,0
2007-05-18,2.5784,2.364011666666667,,0
2007-05-21,2.5142,2.37006,,0
2007-05-21,2.5142,2.37006,,0
2007-05-22,2.479,2.386155,,0
2007-05-22,2.479,2.386155,,0
2007-05-23,2.4026,2.377695000000001,,0
2007-05-23,2.4026,2.3776950000000006,,0
2007-05-24,2.374,2.372825,,0
2007-05-24,2.374,2.372825,,0
2007-05-25,2.3541,2.3698716666666666,,0
2007-05-25,2.3541,2.3698716666666666,,0
2007-05-28,2.3385,2.3756483333333334,,0
2007-05-28,2.3385,2.3756483333333334,,0
2007-05-29,2.3078,2.384805,,0
2007-05-29,2.3078,2.384805,,0
2007-05-30,2.3211,2.3954266666666664,,0
2007-05-30,2.3211,2.3954266666666664,,0
2007-05-31,2.4683,2.4087716666666665,,0
2007-05-31,2.4683,2.4087716666666665,,0
2007-06-01,2.8158,2.428793333333333,,0
2007-06-01,2.8158,2.428793333333333,,0
2007-06-04,2.8437,2.4503583333333334,,0
2007-06-04,2.8437,2.4503583333333334,,0
2007-06-05,2.8228,2.4718783333333336,,0
2007-06-05,2.8228,2.4718783333333336,,0
2007-06-06,2.7825,2.493326666666667,,0
2007-06-06,2.7825,2.493326666666667,,0
2007-06-07,2.4934,2.510266666666667,,0
2007-06-07,2.4934,2.510266666666667,,0
2007-06-08,2.3407,2.524936666666667,,0
2007-06-08,2.3407,2.524936666666667,,0
2007-06-11,2.2923,2.53911,,0
2007-06-11,2.2923,2.53911,,0
2007-06-12,2.2733,2.552955,,0
2007-06-12,2.2733,2.552955,,0
2007-06-13,2.2666,2.5654583333333334,,0
2007-06-13,2.2666,2.5654583333333334,,0
2007-06-14,3.2694,2.592203333333333,,0
2007-06-14,3.2694,2.592203333333333,,0
2007-06-15,4.2764,2.635088333333333,,0
2007-06-15,4.2764,2.6350883333333335,,0
2007-06-18,4.3086,2.677591666666667,,0
2007-06-18,4.3086,2.677591666666667,,0
2007-06-19,4.0318,2.7146733333333333,,0
2007-06-19,4.0318,2.7146733333333333,,0
2007-06-20,3.0003,2.733595,,0
2007-06-20,3.0003,2.7335949999999998,,0
2007-06-21,2.3143,2.739688333333333,,0
2007-06-21,2.3143,2.739688333333333,,0
2007-06-22,2.2034,2.7437750000000003,,0
2007-06-22,2.2034,2.7437750000000003,,0
2007-06-25,2.0187,2.7446566666666667,,0
2007-06-25,2.0187,2.7446566666666667,,0
2007-06-26,1.9597,2.744436666666666,,0
2007-06-26,1.9597,2.7444366666666666,,0
2007-06-27,1.8487,2.742408333333333,,0
2007-06-27,1.8487,2.742408333333333,,0
2007-06-28,1.7813,2.7396933333333333,,0
2007-06-28,1.7813,2.7396933333333333,,0
2007-06-29,2.8411,2.754585,,0
2007-06-29,2.8411,2.754585,,0
2007-07-02,3.5784,2.7816366666666665,,0
2007-07-02,3.5784,2.7816366666666665,,0
2007-07-03,3.9778,2.814728333333333,,0
2007-07-03,3.9778,2.814728333333333,,0
2007-07-04,2.4292,2.818791666666667,,0
2007-07-04,2.4292,2.818791666666667,,0
2007-07-05,2.4034,2.820583333333333,,0
2007-07-05,2.4034,2.820583333333333,,0
2007-07-06,2.3688,2.8204783333333334,,0
2007-07-06,2.3688,2.8204783333333334,,0
2007-07-09,2.7629,2.827058333333333,,0
2007-07-09,2.7629,2.827058333333333,,0
2007-07-10,3.7785,2.850235,,0
2007-07-10,3.7785,2.850235,,0
2007-07-11,3.9055,2.8738250000000005,,0
2007-07-11,3.9055,2.8738250000000005,,0
2007-07-12,3.2488,2.8786183333333333,,0
2007-07-12,3.2488,2.8786183333333333,,0
2007-07-13,3.1911,2.8825550000000004,,0
2007-07-13,3.1911,2.8825550000000004,,0
2007-07-16,2.8813,2.8742883333333333,,0
2007-07-16,2.8813,2.8742883333333333,,0
2007-07-17,2.8011,2.853133333333333,,0
2007-07-17,2.8011,2.853133333333333,,0
2007-07-18,2.2269,2.82006,,0
2007-07-18,2.2269,2.82006,,0
2007-07-19,2.1786,2.7818416666666663,,0
2007-07-19,2.1786,2.7818416666666663,,0
2007-07-20,2.1186,2.7385883333333334,,0
2007-07-20,2.1186,2.7385883333333334,,0
2007-07-23,2.1548,2.6957466666666665,,0
2007-07-23,2.1548,2.6957466666666665,,0
2007-07-24,2.1526,2.659091666666667,,0
2007-07-24,2.1526,2.659091666666667,,0
2007-07-25,2.1492,2.6337116666666662,,0
2007-07-25,2.1492,2.6337116666666662,,0
2007-07-26,2.1224,2.631613333333333,,0
2007-07-26,2.1224,2.631613333333333,,0
2007-07-27,2.1271,2.632283333333333,,0
2007-07-27,2.1271,2.6322833333333335,,0
2007-07-30,2.1021,2.636553333333333,,0
2007-07-30,2.1021,2.6365533333333335,,0
2007-07-31,2.6896,2.651418333333333,,0
2007-07-31,2.6896,2.651418333333333,,0
2007-08-01,2.715,2.66674,,0
2007-08-01,2.715,2.66674,,0
2007-08-02,2.1912,2.67206,,0
2007-08-02,2.1912,2.67206,,0
2007-08-03,2.0342,2.655605,,0
2007-08-03,2.0342,2.655605,,0
2007-08-06,2.0067,2.635741666666666,,0
2007-08-06,2.0067,2.6357416666666666,,0
2007-08-07,2.0513,2.619013333333333,,0
2007-08-07,2.0513,2.619013333333333,,0
2007-08-08,2.147,2.604835,,0
2007-08-08,2.147,2.604835,,0
2007-08-09,2.16,2.5929483333333336,,0
2007-08-09,2.16,2.5929483333333336,,0
2007-08-10,2.2593,2.58763,,0
2007-08-10,2.2593,2.58763,,0
2007-08-13,2.1831,2.582111666666667,,0
2007-08-13,2.1831,2.582111666666667,,0
2007-08-14,2.1284,2.576268333333333,,0
2007-08-14,2.1284,2.576268333333333,,0
2007-08-15,2.0857,2.5709866666666668,,0
2007-08-15,2.0857,2.5709866666666668,,0
2007-08-16,1.9783,2.5643916666666664,,0
2007-08-16,1.9783,2.5643916666666664,,0
2007-08-17,1.974,2.558056666666667,,0
2007-08-17,1.974,2.558056666666667,,0
2007-08-20,1.9747,2.5519933333333333,,0
2007-08-20,1.9747,2.5519933333333333,,0
2007-08-21,1.9643,2.5462683333333334,,0
2007-08-21,1.9643,2.5462683333333334,,0
2007-08-22,2.1983,2.5442216666666666,,0
2007-08-22,2.1983,2.5442216666666666,,0
2007-08-23,2.3812,2.54277,,0
2007-08-23,2.3812,2.54277,,0
2007-08-24,2.4498,2.5366700000000004,,0
2007-08-24,2.4498,2.5366700000000004,,0
2007-08-27,2.3673,2.5287300000000004,,0
2007-08-27,2.3673,2.5287300000000004,,0
2007-08-28,2.4415,2.522375,,0
2007-08-28,2.4415,2.522375,,0
2007-08-29,2.443,2.5167166666666665,,0
2007-08-29,2.443,2.5167166666666665,,0
2007-08-30,2.6883,2.519965,,0
2007-08-30,2.6883,2.519965,,0
2007-08-31,2.4961,2.522555,,0
2007-08-31,2.4961,2.5225549999999997,,0
2007-09-03,2.4963,2.525955,,0
2007-09-03,2.4963,2.525955,,0
2007-09-04,2.2348,2.525313333333333,,0
2007-09-04,2.2348,2.5253133333333335,,0
2007-09-05,2.3683,2.5270083333333333,,0
2007-09-05,2.3683,2.5270083333333333,,0
2007-09-06,2.4385,2.51316,,0
2007-09-06,2.4385,2.51316,,0
2007-09-07,2.8066,2.4886633333333337,,0
2007-09-07,2.8066,2.4886633333333337,,0
2007-09-10,3.61,2.47702,,0
2007-09-10,3.61,2.47702,,0
2007-09-11,3.8512,2.47401,,0
2007-09-11,3.8512,2.47401,,0
2007-09-12,3.891,2.488855,,0
2007-09-12,3.891,2.488855,,0
2007-09-13,4.0208,2.5172966666666667,,0
2007-09-13,4.0208,2.5172966666666667,,0
2007-09-14,5.7509,2.5764216666666666,,0
2007-09-14,5.7509,2.5764216666666666,,0
2007-09-17,5.9463,2.641881666666667,,0
2007-09-17,5.9463,2.641881666666667,,0
2007-09-18,5.9535,2.708445,,0
2007-09-18,5.9535,2.7084449999999998,,0
2007-09-19,6.4762,2.78557,,0
2007-09-19,6.4762,2.78557,,0
2007-09-20,6.7893,2.8690366666666667,,0
2007-09-20,6.7893,2.8690366666666667,,0
2007-09-21,6.9608,2.937698333333333,,0
2007-09-21,6.9608,2.937698333333333,,0
2007-09-24,6.9561,2.993993333333333,,0
2007-09-24,6.9561,2.9939933333333335,,0
2007-09-25,7.0296,3.0448566666666665,,0
2007-09-25,7.0296,3.0448566666666665,,0
2007-09-26,4.8686,3.085513333333333,,0
2007-09-26,4.8686,3.085513333333333,,0
2007-09-27,3.3056,3.10055,,0
2007-09-27,3.3056,3.1005499999999997,,0
2007-09-28,2.038,3.0950366666666667,,0
2007-09-28,2.038,3.0950366666666667,,0
2007-09-29,1.9525,3.08153,,0
2007-09-29,1.9525,3.08153,,0
2007-09-30,1.9878,3.051685,,0
2007-09-30,1.9878,3.051685,,0
2007-10-08,2.0299,3.020425,,0
2007-10-08,2.0299,3.020425,,0
2007-10-09,2.0418,3.000308333333334,,0
2007-10-09,2.0418,3.000308333333334,,0
2007-10-10,2.0736,2.9816833333333337,,0
2007-10-10,2.0736,2.9816833333333337,,0
2007-10-11,2.1003,2.968666666666666,,0
2007-10-11,2.1003,2.968666666666666,,0
2007-10-12,2.2317,2.9591766666666666,,0
2007-10-12,2.2317,2.9591766666666666,,0
2007-10-15,2.3043,2.9604666666666666,,0
2007-10-15,2.3043,2.9604666666666666,,0
2007-10-16,2.3111,2.962675,,0
2007-10-16,2.3111,2.962675,,0
2007-10-17,2.3622,2.966735,,0
2007-10-17,2.3622,2.966735,,0
2007-10-18,2.3765,2.97043,,0
2007-10-18,2.3765,2.97043,,0
2007-10-19,2.4901,2.976055,,0
2007-10-19,2.4901,2.976055,,0
2007-10-22,3.1127,2.9921133333333336,,0
2007-10-22,3.1127,2.9921133333333336,,0
2007-10-23,5.6935,3.0516316666666667,,0
2007-10-23,5.6935,3.0516316666666667,,0
2007-10-24,7.9953,3.149435,,0
2007-10-24,7.9953,3.149435,,0
2007-10-25,8.747,3.260183333333333,,0
2007-10-25,8.747,3.260183333333333,,0
2007-10-26,10.0824,3.383396666666667,,0
2007-10-26,10.0824,3.383396666666667,,0
2007-10-29,2.9373,3.3871016666666667,,0
2007-10-29,2.9373,3.3871016666666667,,0
2007-10-30,2.8277,3.39771,,0
2007-10-30,2.8277,3.39771,,0
2007-10-31,2.9119,3.412338333333333,,0
2007-10-31,2.9119,3.412338333333333,,0
2007-11-01,2.9994,3.4288833333333333,,0
2007-11-01,2.9994,3.4288833333333333,,0
2007-11-02,3.0685,3.4458366666666667,,0
2007-11-02,3.0685,3.4458366666666667,,0
2007-11-05,3.0522,3.4609233333333336,,0
2007-11-05,3.0522,3.4609233333333336,,0
2007-11-06,3.0424,3.47563,,0
2007-11-06,3.0424,3.4756299999999998,,0
2007-11-07,3.0081,3.48811,,0
2007-11-07,3.0081,3.48811,,0
2007-11-08,2.6551,3.4959766666666665,,0
2007-11-08,2.6551,3.4959766666666665,,0
2007-11-09,2.8027,3.507215,,0
2007-11-09,2.8027,3.507215,,0
2007-11-12,2.4014,3.5124766666666662,,0
2007-11-12,2.4014,3.5124766666666662,,0
2007-11-13,2.2729,3.517386666666667,,0
2007-11-13,2.2729,3.517386666666667,,0
2007-11-14,2.1487,3.5202983333333333,,0
2007-11-14,2.1487,3.5202983333333333,,0
2007-11-15,2.1499,3.5232183333333333,,0
2007-11-15,2.1499,3.5232183333333333,,0
2007-11-16,2.0724,3.52502,,0
2007-11-16,2.0724,3.5250199999999996,,0
2007-11-19,3.0408,3.539061666666667,,0
2007-11-19,3.0408,3.539061666666667,,0
2007-11-20,3.9973,3.5659966666666665,,0
2007-11-20,3.9973,3.5659966666666665,,0
2007-11-21,4.277,3.5964499999999995,,0
2007-11-21,4.277,3.5964499999999995,,0
2007-11-22,2.2612,3.5946816666666663,,0
2007-11-22,2.2612,3.5946816666666663,,0
2007-11-23,2.763,3.60004,,0
2007-11-23,2.763,3.60004,,0
2007-11-26,2.7718,3.60552,,0
2007-11-26,2.7718,3.6055200000000003,,0
2007-11-27,2.7198,3.606045,,0
2007-11-27,2.7198,3.606045,,0
2007-11-28,2.114,3.599676666666667,,0
2007-11-28,2.114,3.599676666666667,,0
2007-11-29,2.929,3.6068883333333335,,0
2007-11-29,2.929,3.6068883333333335,,0
2007-11-30,3.0539,3.62054,,0
2007-11-30,3.0539,3.62054,,0
2007-12-03,4.1335,3.64996,,0
2007-12-03,4.1335,3.64996,,0
2007-12-04,4.2877,3.68078,,0
2007-12-04,4.2877,3.68078,,0
2007-12-05,4.1806,3.70368,,0
2007-12-05,4.1806,3.70368,,0
2007-12-06,4.0401,3.710848333333333,,0
2007-12-06,4.0401,3.7108483333333333,,0
2007-12-07,2.6161,3.690263333333333,,0
2007-12-07,2.6161,3.6902633333333332,,0
2007-12-10,2.4939,3.6669783333333337,,0
2007-12-10,2.4939,3.6669783333333337,,0
2007-12-11,4.1013,3.66832,,0
2007-12-11,4.1013,3.66832,,0
2007-12-12,4.3563,3.6450766666666663,,0
2007-12-12,4.3563,3.6450766666666667,,0
2007-12-13,4.8123,3.6261766666666655,,0
2007-12-13,4.8123,3.6261766666666655,,0
2007-12-14,3.4585,3.5845933333333333,,0
2007-12-14,3.4585,3.5845933333333333,,0
2007-12-17,3.2059,3.530088333333333,,0
2007-12-17,3.2059,3.530088333333333,,0
2007-12-18,2.9164,3.46554,,0
2007-12-18,2.9164,3.46554,,0
2007-12-19,2.4268,3.389973333333333,,0
2007-12-19,2.4268,3.389973333333333,,0
2007-12-20,2.3875,3.3138300000000003,,0
2007-12-20,2.3875,3.3138300000000003,,0
2007-12-21,2.1818,3.233033333333333,,0
2007-12-21,2.1818,3.233033333333333,,0
2007-12-24,2.0822,3.186593333333333,,0
2007-12-24,2.0822,3.186593333333333,,0
2007-12-25,2.0216,3.1651933333333333,,0
2007-12-25,2.0216,3.1651933333333333,,0
2007-12-26,2.3803,3.170898333333333,,0
2007-12-26,2.3803,3.170898333333333,,0
2007-12-27,2.3181,3.1769916666666664,2.1074581666666665,0
2007-12-27,2.3181,3.1769916666666664,2.1074581666666665,0
2007-12-28,2.4898,3.1853583333333333,2.107693333333333,0
2007-12-28,2.4898,3.1853583333333333,2.107693333333333,0
2007-12-29,2.6005,3.1948683333333334,2.108649333333333,0
2007-12-29,2.6005,3.1948683333333334,2.108649333333333,0
2008-01-02,2.8624,3.208545,2.109605333333333,0
2008-01-02,2.8624,3.208545,2.109605333333333,0
2008-01-03,2.937,3.222935,2.110561333333333,0
2008-01-03,2.937,3.222935,2.110561333333333,0
2008-01-04,2.8432,3.235316666666667,2.111517333333333,0
2008-01-04,2.8432,3.235316666666667,2.111517333333333,0
2008-01-07,2.7214,3.243478333333333,2.112473333333333,0
2008-01-07,2.7214,3.243478333333333,2.112473333333333,0
2008-01-08,2.3719,3.244605,2.1134293333333334,0
2008-01-08,2.3719,3.244605,2.1134293333333334,0
2008-01-09,2.3985,3.246061666666667,2.1143853333333333,0
2008-01-09,2.3985,3.246061666666667,2.1143853333333333,0
2008-01-10,2.4238,3.247088333333333,2.1153413333333333,0
2008-01-10,2.4238,3.247088333333333,2.1153413333333333,0
2008-01-11,2.0358,3.24141,2.1162973333333333,0
2008-01-11,2.0358,3.24141,2.1162973333333333,0
2008-01-14,2.007,3.2333583333333333,2.117253333333333,0
2008-01-14,2.007,3.2333583333333333,2.117253333333333,0
2008-01-15,2.2437,3.218875,2.1181586666666665,0
2008-01-15,2.2437,3.218875,2.1181586666666665,0
2008-01-16,2.5686,3.166793333333333,2.119064,0
2008-01-16,2.5686,3.166793333333333,2.119064,0
2008-01-17,2.735,3.0791216666666665,2.119969333333333,0
2008-01-17,2.735,3.0791216666666665,2.119969333333333,0
2008-01-18,2.6494,2.977495,2.1208746666666665,0
2008-01-18,2.6494,2.977495,2.1208746666666665,0
2008-01-21,2.7233,2.854843333333333,2.12178,0
2008-01-21,2.7233,2.854843333333333,2.12178,0
2008-01-22,4.4169,2.879503333333333,2.122685333333333,0
2008-01-22,4.4169,2.879503333333333,2.122685333333333,0
2008-01-23,4.8248,2.9127883333333333,2.123590666666667,0
2008-01-23,4.8248,2.9127883333333333,2.123590666666667,0
2008-01-24,5.193,2.950806666666667,2.124496,0
2008-01-24,5.193,2.950806666666667,2.124496,0
2008-01-25,3.5719,2.9603483333333336,2.125401333333333,0
2008-01-25,3.5719,2.9603483333333336,2.125401333333333,0
2008-01-28,3.0046,2.959283333333333,2.126306666666667,0
2008-01-28,3.0046,2.959283333333333,2.126306666666667,0
2008-01-29,2.9959,2.958345,2.1265921666666667,0
2008-01-29,2.9959,2.958345,2.1265921666666667,0
2008-01-30,3.2497,2.9618,2.1268776666666667,0
2008-01-30,3.2497,2.9618,2.1268776666666667,0
2008-01-31,3.2285,2.9654733333333336,2.1271631666666666,0
2008-01-31,3.2285,2.9654733333333336,2.1271631666666666,0
2008-02-01,3.1306,2.9733983333333334,2.1274486666666665,0
2008-02-01,3.1306,2.9733983333333334,2.1274486666666665,0
2008-02-02,2.9576,2.9759800000000003,2.1277341666666665,0
2008-02-02,2.9576,2.9759800000000003,2.1277341666666665,0
2008-02-03,2.9082,2.984426666666667,2.128019666666667,0
2008-02-03,2.9082,2.984426666666667,2.128019666666667,0
2008-02-04,2.8894,2.9947016666666664,2.128305166666667,0
2008-02-04,2.8894,2.9947016666666664,2.128305166666667,0
2008-02-05,2.5757,3.001818333333333,2.1285906666666667,0
2008-02-05,2.5757,3.001818333333333,2.1285906666666667,0
2008-02-13,2.5974,3.0092766666666666,2.1288761666666667,0
2008-02-13,2.5974,3.0092766666666666,2.1288761666666667,0
2008-02-14,2.5956,3.017996666666667,2.1291616666666666,0
2008-02-14,2.5956,3.017996666666667,2.1291616666666666,0
2008-02-15,2.604,3.0107166666666667,2.130297333333333,0
2008-02-15,2.604,3.0107166666666667,2.1302973333333335,0
2008-02-18,2.5594,2.9867516666666662,2.131433,0
2008-02-18,2.5594,2.9867516666666662,2.131433,0
2008-02-19,2.5772,2.9584216666666667,2.132568666666667,0
2008-02-19,2.5772,2.9584216666666667,2.132568666666667,0
2008-02-20,2.6436,2.964795,2.133704333333333,0
2008-02-20,2.6436,2.964795,2.133704333333333,0
2008-02-21,3.8456,2.982838333333333,2.13484,0
2008-02-21,3.8456,2.9828383333333335,2.1348399999999996,0
2008-02-22,3.7484,2.999115,2.1359756666666665,0
2008-02-22,3.7484,2.999115,2.1359756666666665,0
2008-02-25,4.4083,3.0272566666666667,2.1371113333333334,0
2008-02-25,4.4083,3.0272566666666667,2.1371113333333334,0
2008-02-26,4.2134,3.0622466666666663,2.138247,0
2008-02-26,4.2134,3.0622466666666663,2.138247,0
2008-02-27,2.8717,3.0612916666666665,2.1393826666666667,0
2008-02-27,2.8717,3.0612916666666665,2.1393826666666667,0
2008-02-28,2.8214,3.0574166666666667,2.140518333333333,0
2008-02-28,2.8214,3.0574166666666667,2.140518333333333,0
2008-02-29,2.8255,3.035616666666667,2.141534833333333,0
2008-02-29,2.8255,3.035616666666667,2.141534833333333,0
2008-03-03,2.8168,3.011101666666667,2.142551333333333,0
2008-03-03,2.8168,3.011101666666667,2.142551333333333,0
2008-03-04,2.6216,2.9851183333333333,2.143567833333333,0
2008-03-04,2.6216,2.9851183333333333,2.143567833333333,0
2008-03-05,2.5884,2.960923333333333,2.144584333333333,0
2008-03-05,2.5884,2.960923333333333,2.144584333333333,0
2008-03-06,2.5764,2.960261666666667,2.145600833333333,0
2008-03-06,2.5764,2.960261666666667,2.145600833333333,0
2008-03-07,2.3757,2.9582916666666663,2.1466173333333334,0
2008-03-07,2.3757,2.9582916666666663,2.1466173333333334,0
2008-03-10,2.3203,2.928608333333333,2.1476338333333334,0
2008-03-10,2.3203,2.928608333333333,2.1476338333333334,0
2008-03-11,2.5213,2.898025,2.1486503333333333,0
2008-03-11,2.5213,2.898025,2.1486503333333333,0
2008-03-12,2.6727,2.862365,2.1496668333333333,0
2008-03-12,2.6727,2.862365,2.1496668333333333,0
2008-03-13,2.5808,2.8477366666666666,2.1506833333333333,0
2008-03-13,2.5808,2.8477366666666666,2.1506833333333333,0
2008-03-14,2.5485,2.83678,2.150748333333333,0
2008-03-14,2.5485,2.83678,2.150748333333333,0
2008-03-17,2.5233,2.830228333333333,2.150813333333333,0
2008-03-17,2.5233,2.830228333333333,2.150813333333333,0
2008-03-18,2.4829,2.831163333333333,2.150878333333333,0
2008-03-18,2.4829,2.8311633333333335,2.1508783333333334,0
2008-03-19,2.4586,2.832348333333333,2.150943333333333,0
2008-03-19,2.4586,2.832348333333333,2.150943333333333,0
2008-03-20,2.4349,2.836566666666667,2.1510083333333334,0
2008-03-20,2.4349,2.836566666666667,2.1510083333333334,0
2008-03-21,2.4193,2.842185,2.1510733333333336,0
2008-03-21,2.4193,2.842185,2.1510733333333336,0
2008-03-24,2.3971,2.848443333333333,2.1511383333333334,0
2008-03-24,2.3971,2.848443333333333,2.1511383333333334,0
2008-03-25,2.3832,2.848491666666667,2.1512033333333336,0
2008-03-25,2.3832,2.848491666666667,2.1512033333333336,0
2008-03-26,2.4676,2.8509833333333336,2.1512683333333333,0
2008-03-26,2.4676,2.8509833333333336,2.1512683333333333,0
2008-03-27,2.3846,2.84923,2.151333333333333,0
2008-03-27,2.3846,2.84923,2.1513333333333335,0
2008-03-28,2.3876,2.8456816666666667,2.152450833333333,0
2008-03-28,2.3876,2.8456816666666667,2.152450833333333,0
2008-03-31,2.8836,2.846035,2.1535683333333333,0
2008-03-31,2.8836,2.846035,2.1535683333333333,0
2008-04-01,3.1008,2.848765,2.1546858333333336,0
2008-04-01,3.1008,2.848765,2.1546858333333336,0
2008-04-02,3.1539,2.853943333333333,2.155803333333333,0
2008-04-02,3.1539,2.853943333333333,2.155803333333333,0
2008-04-03,2.7796,2.854913333333333,2.1569208333333334,0
2008-04-03,2.7796,2.854913333333333,2.1569208333333334,0
2008-04-07,3.2093,2.8688700000000003,2.1580383333333333,0
2008-04-07,3.2093,2.8688700000000003,2.1580383333333333,0
2008-04-08,3.4941,2.88713,2.159155833333333,0
2008-04-08,3.4941,2.88713,2.159155833333333,0
2008-04-09,3.9241,2.912135,2.160273333333333,0
2008-04-09,3.9241,2.912135,2.160273333333333,0
2008-04-10,3.455,2.935788333333333,2.1613908333333334,0
2008-04-10,3.455,2.935788333333333,2.1613908333333334,0
2008-04-11,2.8371,2.9496233333333333,2.1625083333333333,0
2008-04-11,2.8371,2.9496233333333333,2.1625083333333333,0
2008-04-14,3.0032,2.962281666666667,2.163552833333333,0
2008-04-14,3.0032,2.962281666666667,2.163552833333333,0
2008-04-15,3.216,2.973071666666667,2.164597333333333,0
2008-04-15,3.216,2.973071666666667,2.164597333333333,0
2008-04-16,3.3166,2.982765,2.1656418333333334,0
2008-04-16,3.3166,2.982765,2.1656418333333334,0
2008-04-17,3.3252,2.994028333333333,2.1666863333333333,0
2008-04-17,3.3252,2.994028333333333,2.1666863333333333,0
2008-04-18,2.8635,2.996365,2.1677308333333336,0
2008-04-18,2.8635,2.996365,2.1677308333333336,0
2008-04-21,2.8147,2.969661666666667,2.168775333333333,0
2008-04-21,2.8147,2.969661666666667,2.1687753333333335,0
2008-04-22,2.7908,2.9357616666666666,2.1698198333333334,0
2008-04-22,2.7908,2.9357616666666666,2.1698198333333334,0
2008-04-23,2.6984,2.894185,2.1708643333333333,0
2008-04-23,2.6984,2.894185,2.1708643333333333,0
2008-04-24,2.6875,2.879445,2.1719088333333336,0
2008-04-24,2.6875,2.8794449999999996,2.1719088333333336,0
2008-04-25,2.8919,2.8775666666666666,2.172953333333333,0
2008-04-25,2.8919,2.8775666666666666,2.172953333333333,0
2008-04-28,2.8548,2.875215,2.1731431666666667,0
2008-04-28,2.8548,2.875215,2.1731431666666667,0
2008-04-29,2.9408,2.8700666666666668,2.173333,0
2008-04-29,2.9408,2.8700666666666668,2.173333,0
2008-04-30,2.8442,2.8636616666666663,2.1735228333333336,0
2008-04-30,2.8442,2.8636616666666663,2.1735228333333336,0
2008-05-04,2.8024,2.858191666666667,2.173712666666667,0
2008-05-04,2.8024,2.858191666666667,2.173712666666667,0
2008-05-05,2.9475,2.858023333333333,2.1739025,0
2008-05-05,2.9475,2.858023333333333,2.1739025,0
2008-05-06,2.9511,2.858738333333333,2.1740923333333333,0
2008-05-06,2.9511,2.858738333333333,2.1740923333333333,0
2008-05-07,3.0324,2.861121666666667,2.1742821666666665,0
2008-05-07,3.0324,2.861121666666667,2.1742821666666665,0
2008-05-08,3.0113,2.868381666666666,2.174472,0
2008-05-08,3.0113,2.868381666666666,2.174472,0
2008-05-09,2.9447,2.87417,2.1746618333333334,0
2008-05-09,2.9447,2.87417,2.1746618333333334,0
2008-05-12,3.128,2.883043333333333,2.174851666666666,0
2008-05-12,3.128,2.883043333333333,2.174851666666666,0
2008-05-13,3.2881,2.894445,2.1753576666666667,0
2008-05-13,3.2881,2.894445,2.1753576666666667,0
2008-05-14,3.3722,2.9079916666666668,2.175863666666667,0
2008-05-14,3.3722,2.9079916666666668,2.175863666666667,0
2008-05-15,3.4828,2.923085,2.1763696666666665,0
2008-05-15,3.4828,2.923085,2.1763696666666665,0
2008-05-16,3.9612,2.9450450000000004,2.1768756666666667,0
2008-05-16,3.9612,2.9450450000000004,2.1768756666666667,0
2008-05-19,3.9409,2.946633333333333,2.1773816666666668,0
2008-05-19,3.9409,2.946633333333333,2.1773816666666668,0
2008-05-20,3.951,2.95001,2.177887666666667,0
2008-05-20,3.951,2.95001,2.177887666666667,0
2008-05-21,3.76,2.939205,2.178393666666667,0
2008-05-21,3.76,2.939205,2.178393666666667,0
2008-05-22,3.8651,2.9334,2.1788996666666667,0
2008-05-22,3.8651,2.9334,2.1788996666666667,0
2008-05-23,3.5336,2.944431666666667,2.179405666666667,0
2008-05-23,3.5336,2.944431666666667,2.179405666666667,0
2008-05-26,3.4797,2.9554033333333334,2.179911666666667,0
2008-05-26,3.4797,2.9554033333333334,2.179911666666667,0
2008-05-27,3.4238,2.965375,2.1799410000000004,0
2008-05-27,3.4238,2.965375,2.1799410000000004,0
2008-05-28,3.0743,2.9696666666666665,2.1799703333333333,0
2008-05-28,3.0743,2.9696666666666665,2.1799703333333333,0
2008-05-29,3.2011,2.979325,2.179999666666667,0
2008-05-29,3.2011,2.9793250000000002,2.179999666666667,0
2008-05-30,3.1339,2.9884166666666667,2.180029,0
2008-05-30,3.1339,2.9884166666666667,2.180029,0
2008-06-02,3.1369,2.997758333333333,2.180058333333333,0
2008-06-02,3.1369,2.997758333333333,2.180058333333333,0
2008-06-03,3.1201,3.010165,2.180087666666666,0
2008-06-03,3.1201,3.010165,2.180087666666666,0
2008-06-04,3.2773,3.026115,2.180117,0
2008-06-04,3.2773,3.026115,2.180117,0
2008-06-05,3.3075,3.0392183333333334,2.180146333333333,0
2008-06-05,3.3075,3.0392183333333334,2.180146333333333,0
2008-06-06,3.3309,3.050188333333333,2.1801756666666665,0
2008-06-06,3.3309,3.050188333333333,2.1801756666666665,0
2008-06-10,4.991,3.090358333333333,2.180205,0
2008-06-10,4.991,3.090358333333333,2.180205,0
2008-06-11,4.1237,3.116611666666666,2.1808533333333333,0
2008-06-11,4.1237,3.116611666666666,2.1808533333333333,0
2008-06-12,3.5518,3.1337533333333334,2.1815016666666667,0
2008-06-12,3.5518,3.1337533333333334,2.1815016666666667,0
2008-06-13,3.356,3.148305,2.18215,0
2008-06-13,3.356,3.148305,2.18215,0
2008-06-16,3.3501,3.163163333333333,2.1827983333333334,0
2008-06-16,3.3501,3.163163333333333,2.1827983333333334,0
2008-06-17,3.2258,3.1763449999999995,2.1834466666666668,0
2008-06-17,3.2258,3.1763449999999995,2.1834466666666668,0
2008-06-18,3.1923,3.1892283333333333,2.184095,0
2008-06-18,3.1923,3.1892283333333333,2.184095,0
2008-06-19,3.3777,3.2055716666666667,2.184743333333333,0
2008-06-19,3.3777,3.2055716666666667,2.184743333333333,0
2008-06-20,3.2246,3.2195949999999995,2.185391666666667,0
2008-06-20,3.2246,3.2195949999999995,2.185391666666667,0
2008-06-23,3.0668,3.229581666666667,2.18604,0
2008-06-23,3.0668,3.229581666666667,2.18604,0
2008-06-24,3.1053,3.2415933333333333,2.1866883333333336,0
2008-06-24,3.1053,3.2415933333333333,2.1866883333333336,0
2008-06-25,3.1663,3.254571666666666,2.187129166666667,0
2008-06-25,3.1663,3.254571666666666,2.187129166666667,0
2008-06-26,3.2893,3.261333333333333,2.18757,0
2008-06-26,3.2893,3.261333333333333,2.18757,0
2008-06-27,3.2921,3.2645216666666665,2.1880108333333337,0
2008-06-27,3.2921,3.2645216666666665,2.1880108333333337,0
2008-06-30,3.2936,3.26685,2.188451666666667,0
2008-06-30,3.2936,3.26685,2.188451666666667,0
2008-07-01,2.9996,3.270516666666667,2.1888925,0
2008-07-01,2.9996,3.270516666666667,2.1888925,0
2008-07-02,3.1575,3.2696533333333333,2.1893333333333334,0
2008-07-02,3.1575,3.2696533333333333,2.1893333333333334,0
2008-07-03,2.9005,3.25976,2.1897741666666666,0
2008-07-03,2.9005,3.25976,2.1897741666666666,0
2008-07-04,2.8995,3.242683333333333,2.190215,0
2008-07-04,2.8995,3.242683333333333,2.1902150000000002,0
2008-07-07,3.0316,3.2356266666666667,2.190655833333333,0
2008-07-07,3.0316,3.2356266666666667,2.190655833333333,0
2008-07-08,3.196,3.241608333333333,2.1910966666666667,0
2008-07-08,3.196,3.241608333333333,2.1910966666666667,0
2008-07-09,3.1309,3.2437366666666665,2.1925201666666667,0
2008-07-09,3.1309,3.2437366666666665,2.1925201666666667,0
2008-07-10,2.9269,3.2389183333333333,2.1939436666666667,0
2008-07-10,2.9269,3.2389183333333333,2.1939436666666667,0
2008-07-11,2.7678,3.2297716666666663,2.1953671666666668,0
2008-07-11,2.7678,3.2297716666666663,2.1953671666666668,0
2008-07-14,3.0097,3.2245133333333333,2.196790666666667,0
2008-07-14,3.0097,3.2245133333333333,2.196790666666667,0
2008-07-15,3.0576,3.227748333333333,2.198214166666667,0
2008-07-15,3.0576,3.2277483333333334,2.198214166666667,0
2008-07-16,2.906,3.22927,2.199637666666667,0
2008-07-16,2.906,3.22927,2.199637666666667,0
2008-07-17,3.0402,3.2334266666666664,2.201061166666667,0
2008-07-17,3.0402,3.2334266666666664,2.201061166666667,0
2008-07-18,3.1625,3.241161666666667,2.202484666666667,0
2008-07-18,3.1625,3.241161666666667,2.202484666666667,0
2008-07-21,3.0678,3.2475,2.203908166666667,0
2008-07-21,3.0678,3.2475,2.203908166666667,0
2008-07-22,3.0253,3.2497233333333337,2.205331666666667,0
2008-07-22,3.0253,3.2497233333333337,2.205331666666667,0
2008-07-23,2.9716,3.25167,2.207862833333333,0
2008-07-23,2.9716,3.25167,2.2078628333333334,0
2008-07-24,3.0842,3.2540600000000004,2.2103940000000004,0
2008-07-24,3.0842,3.2540600000000004,2.2103940000000004,0
2008-07-25,3.0816,3.258016666666667,2.212925166666667,0
2008-07-25,3.0816,3.258016666666667,2.212925166666667,0
2008-07-28,3.161,3.263993333333333,2.215456333333334,0
2008-07-28,3.161,3.263993333333333,2.215456333333334,0
2008-07-29,3.4189,3.27185,2.2179875000000004,0
2008-07-29,3.4189,3.27185,2.2179875000000004,0
2008-07-30,3.4256,3.2797583333333336,2.220518666666667,0
2008-07-30,3.4256,3.2797583333333336,2.220518666666667,0
2008-07-31,3.7695,3.292043333333333,2.223049833333333,0
2008-07-31,3.7695,3.292043333333333,2.2230498333333335,0
2008-08-01,3.7905,3.3050300000000004,2.2255810000000005,0
2008-08-01,3.7905,3.3050300000000004,2.2255810000000005,0
2008-08-04,3.8679,3.3204166666666666,2.228112166666667,0
2008-08-04,3.8679,3.3204166666666666,2.228112166666667,0
2008-08-05,3.9556,3.33421,2.230643333333333,0
2008-08-05,3.9556,3.33421,2.230643333333333,0
2008-08-06,3.7928,3.3426216666666666,2.2319418333333334,0
2008-08-06,3.7928,3.3426216666666666,2.2319418333333334,0
2008-08-07,3.2452,3.3405050000000003,2.2332403333333337,0
2008-08-07,3.2452,3.3405050000000003,2.2332403333333337,0
2008-08-08,3.1664,3.3352316666666666,2.2345388333333336,0
2008-08-08,3.1664,3.3352316666666666,2.2345388333333336,0
2008-08-11,3.1493,3.3217,2.235837333333333,0
2008-08-11,3.1493,3.3217,2.235837333333333,0
2008-08-12,3.1176,3.307978333333333,2.2371358333333333,0
2008-08-12,3.1176,3.3079783333333332,2.2371358333333333,0
2008-08-13,3.1478,3.294591666666667,2.2384343333333336,0
2008-08-13,3.1478,3.294591666666667,2.2384343333333336,0
2008-08-14,3.2425,3.285966666666667,2.239732833333333,0
2008-08-14,3.2425,3.285966666666667,2.2397328333333335,0
2008-08-15,2.7893,3.2680366666666667,2.241031333333334,0
2008-08-15,2.7893,3.2680366666666667,2.241031333333334,0
2008-08-18,3.2775,3.263768333333333,2.2423298333333337,0
2008-08-18,3.2775,3.263768333333333,2.2423298333333337,0
2008-08-19,3.1142,3.2576766666666668,2.2436283333333336,0
2008-08-19,3.1142,3.2576766666666668,2.2436283333333336,0
2008-08-20,3.1087,3.252425,2.244028,0
2008-08-20,3.1087,3.252425,2.244028,0
2008-08-21,3.0214,3.251543333333333,2.2444276666666667,0
2008-08-21,3.0214,3.251543333333333,2.2444276666666667,0
2008-08-22,3.0949,3.2497733333333327,2.2448273333333333,0
2008-08-22,3.0949,3.2497733333333327,2.2448273333333333,0
2008-08-25,3.0003,3.2475466666666666,2.245227,0
2008-08-25,3.0003,3.2475466666666666,2.245227,0
2008-08-26,3.0351,3.24585,2.2456266666666664,0
2008-08-26,3.0351,3.24585,2.2456266666666664,0
2008-08-27,3.0317,3.2443766666666667,2.246026333333333,0
2008-08-27,3.0317,3.2443766666666667,2.246026333333333,0
2008-08-28,3.2155,3.2433466666666666,2.246426,0
2008-08-28,3.2155,3.2433466666666666,2.246426,0
2008-08-29,3.0584,3.239195,2.2468256666666666,0
2008-08-29,3.0584,3.239195,2.2468256666666666,0
2008-09-01,3.1008,3.23536,2.247225333333333,0
2008-09-01,3.1008,3.23536,2.247225333333333,0
2008-09-02,3.0702,3.2033466666666666,2.247625,0
2008-09-02,3.0702,3.2033466666666666,2.247625,0
2008-09-03,3.043,3.185335,2.2479058333333333,0
2008-09-03,3.043,3.1853350000000002,2.2479058333333333,0
2008-09-04,3.1553,3.178726666666667,2.2481866666666663,0
2008-09-04,3.1553,3.178726666666667,2.2481866666666663,0
2008-09-05,3.0098,3.1729566666666664,2.2484675,0
2008-09-05,3.0098,3.1729566666666664,2.2484675,0
2008-09-08,2.9246,3.165865,2.2487483333333333,0
2008-09-08,2.9246,3.165865,2.2487483333333333,0
2008-09-09,3.0546,3.1630116666666668,2.2490291666666664,0
2008-09-09,3.0546,3.1630116666666668,2.2490291666666664,0
2008-09-10,3.0,3.159806666666667,2.24931,0
2008-09-10,3.0,3.159806666666667,2.24931,0
2008-09-11,3.0104,3.1536850000000003,2.249590833333333,0
2008-09-11,3.0104,3.1536850000000003,2.2495908333333334,0
2008-09-12,3.0213,3.150296666666667,2.249871666666667,0
2008-09-12,3.0213,3.150296666666667,2.249871666666667,0
2008-09-16,2.9946,3.149093333333333,2.2501525,0
2008-09-16,2.9946,3.1490933333333335,2.2501525,0
2008-09-17,3.0968,3.148951666666667,2.250433333333333,0
2008-09-17,3.0968,3.148951666666667,2.250433333333333,0
2008-09-18,3.2109,3.1496950000000004,2.2510630000000003,0
2008-09-18,3.2109,3.1496950000000004,2.2510630000000003,0
2008-09-19,3.3333,3.150428333333333,2.2516926666666666,0
2008-09-19,3.3333,3.150428333333333,2.2516926666666666,0
2008-09-22,3.4429,3.1529416666666665,2.2523223333333333,0
2008-09-22,3.4429,3.1529416666666665,2.2523223333333333,0
2008-09-23,3.4229,3.1550966666666667,2.252952,0
2008-09-23,3.4229,3.1550966666666667,2.252952,0
2008-09-24,3.3263,3.1605416666666666,2.2535816666666664,0
2008-09-24,3.3263,3.1605416666666666,2.2535816666666664,0
2008-09-25,3.3419,3.163615,2.254211333333333,0
2008-09-25,3.3419,3.163615,2.254211333333333,0
2008-09-26,3.4247,3.1723516666666662,2.254841,0
2008-09-26,3.4247,3.1723516666666662,2.254841,0
2008-09-27,3.4531,3.1815783333333334,2.255470666666666,0
2008-09-27,3.4531,3.1815783333333334,2.255470666666666,0
2008-09-28,3.2467,3.1851633333333336,2.256100333333333,0
2008-09-28,3.2467,3.1851633333333336,2.256100333333333,0
2008-10-06,3.5519,3.191095,2.25673,0
2008-10-06,3.5519,3.191095,2.25673,0
2008-10-07,3.7313,3.2011016666666663,2.256843166666666,0
2008-10-07,3.7313,3.2011016666666663,2.256843166666666,0
2008-10-08,3.3576,3.20828,2.256956333333333,0
2008-10-08,3.3576,3.2082800000000002,2.256956333333333,0
2008-10-09,3.3075,3.2172750000000003,2.2570695,0
2008-10-09,3.3075,3.2172750000000003,2.2570695,0
2008-10-10,3.42,3.2241133333333334,2.2571826666666666,0
2008-10-10,3.42,3.2241133333333334,2.2571826666666666,0
2008-10-13,3.3231,3.2285383333333333,2.257295833333333,0
2008-10-13,3.3231,3.2285383333333333,2.257295833333333,0
2008-10-14,3.15,3.232605,2.257409,0
2008-10-14,3.15,3.232605,2.257409,0
2008-10-15,3.2242,3.235671666666667,2.2575221666666665,0
2008-10-15,3.2242,3.235671666666667,2.2575221666666665,0
2008-10-16,3.2,3.2362966666666666,2.257635333333333,0
2008-10-16,3.2,3.2362966666666666,2.257635333333333,0
2008-10-17,3.0825,3.236541666666667,2.2577485,0
2008-10-17,3.0825,3.236541666666667,2.2577485,0
2008-10-20,3.0017,3.2361483333333334,2.2578616666666664,0
2008-10-20,3.0017,3.2361483333333334,2.2578616666666664,0
2008-10-21,2.9921,3.2364900000000003,2.2581275,0
2008-10-21,2.9921,3.2364900000000003,2.2581275,0
2008-10-22,2.9171,3.233705,2.2583933333333333,0
2008-10-22,2.9171,3.233705,2.2583933333333333,0
2008-10-23,2.9958,3.2322750000000005,2.2586591666666664,0
2008-10-23,2.9958,3.2322750000000005,2.2586591666666664,0
2008-10-24,2.9807,3.22927,2.258925,0
2008-10-24,2.9807,3.22927,2.258925,0
2008-10-27,2.9171,3.2209066666666666,2.2591908333333333,0
2008-10-27,2.9171,3.2209066666666666,2.2591908333333333,0
2008-10-28,2.8953,3.2120683333333333,2.2594566666666664,0
2008-10-28,2.8953,3.2120683333333333,2.2594566666666664,0
2008-10-29,2.9342,3.1981466666666667,2.2597225,0
2008-10-29,2.9342,3.1981466666666667,2.2597225,0
2008-10-30,2.9138,3.183535,2.2599883333333333,0
2008-10-30,2.9138,3.183535,2.2599883333333333,0
2008-10-31,2.8018,3.165766666666667,2.260254166666667,0
2008-10-31,2.8018,3.165766666666667,2.260254166666667,0
2008-11-03,2.8763,3.1477783333333336,2.26052,0
2008-11-03,2.8763,3.1477783333333336,2.26052,0
2008-11-04,2.9363,3.133503333333333,2.260528666666666,0
2008-11-04,2.9363,3.133503333333333,2.260528666666666,0
2008-11-05,2.8658,3.12718,2.2605373333333336,0
2008-11-05,2.8658,3.12718,2.2605373333333336,0
2008-11-06,2.8462,3.121843333333333,2.260546,0
2008-11-06,2.8462,3.121843333333333,2.260546,0
2008-11-07,2.7877,3.115816666666667,2.2605546666666667,0
2008-11-07,2.7877,3.115816666666667,2.2605546666666667,0
2008-11-10,2.7898,3.1103533333333333,2.2605633333333337,0
2008-11-10,2.7898,3.1103533333333333,2.2605633333333337,0
2008-11-11,2.7813,3.104245,2.260572,0
2008-11-11,2.7813,3.1042449999999997,2.2605720000000002,0
2008-11-12,2.7804,3.096543333333333,2.260580666666667,0
2008-11-12,2.7804,3.0965433333333334,2.260580666666667,0
2008-11-13,2.6842,3.0947916666666666,2.2605893333333333,0
2008-11-13,2.6842,3.0947916666666666,2.2605893333333333,0
2008-11-14,2.7121,3.0853683333333333,2.2605980000000003,0
2008-11-14,2.7121,3.0853683333333333,2.2605980000000003,0
2008-11-17,2.6925,3.07834,2.260606666666667,0
2008-11-17,2.6925,3.07834,2.260606666666667,0
2008-11-18,2.6252,3.070281666666667,2.2614045000000003,0
2008-11-18,2.6252,3.070281666666667,2.2614045000000003,0
2008-11-19,2.6267,3.0637033333333337,2.2622023333333336,0
2008-11-19,2.6267,3.0637033333333337,2.2622023333333336,0
2008-11-20,2.5938,3.0553516666666667,2.263000166666667,0
2008-11-20,2.5938,3.0553516666666667,2.263000166666667,0
2008-11-21,2.5067,3.0471250000000003,2.2637980000000004,0
2008-11-21,2.5067,3.0471250000000003,2.2637980000000004,0
2008-11-24,2.5888,3.039686666666667,2.264595833333334,0
2008-11-24,2.5888,3.039686666666667,2.264595833333334,0
2008-11-25,2.5696,3.031985,2.2653936666666667,0
2008-11-25,2.5696,3.031985,2.2653936666666667,0
2008-11-26,2.5353,3.0206483333333334,2.2661915,0
2008-11-26,2.5353,3.0206483333333334,2.2661915,0
2008-11-27,1.9808,3.0026883333333334,2.266989333333333,0
2008-11-27,1.9808,3.0026883333333334,2.2669893333333335,0
2008-11-28,2.0983,2.98598,2.267787166666667,0
2008-11-28,2.0983,2.98598,2.267787166666667,0
2008-12-01,1.9767,2.967755,2.2685850000000003,0
2008-12-01,1.9767,2.967755,2.2685850000000003,0
2008-12-02,1.9683,2.9498433333333334,2.268606333333333,0
2008-12-02,1.9683,2.9498433333333334,2.2686063333333335,0
2008-12-03,1.9761,2.93019,2.2686276666666667,0
2008-12-03,1.9761,2.93019,2.2686276666666667,0
2008-12-04,1.9708,2.912873333333333,2.2686490000000004,0
2008-12-04,1.9708,2.912873333333333,2.2686490000000004,0
2008-12-05,1.85,2.8949633333333336,2.2686703333333336,0
2008-12-05,1.85,2.8949633333333336,2.2686703333333336,0
2008-12-08,1.8408,2.874733333333333,2.2686916666666668,0
2008-12-08,1.8408,2.874733333333333,2.2686916666666668,0
2008-12-09,1.7475,2.853858333333333,2.268713,0
2008-12-09,1.7475,2.853858333333333,2.268713,0
2008-12-10,1.5742,2.8299216666666664,2.268734333333333,0
2008-12-10,1.5742,2.8299216666666664,2.268734333333333,0
2008-12-11,1.4579,2.803865,2.268755666666667,0
2008-12-11,1.4579,2.803865,2.268755666666667,0
2008-12-12,1.535,2.779538333333333,2.268777,0
2008-12-12,1.535,2.7795383333333334,2.268777,0
2008-12-15,1.5212,2.7532783333333333,2.2687983333333333,0
2008-12-15,1.5212,2.7532783333333333,2.2687983333333333,0
2008-12-16,1.5107,2.7249416666666666,2.2700255,0
2008-12-16,1.5107,2.7249416666666666,2.2700255,0
2008-12-17,1.4511,2.6935716666666667,2.271252666666667,0
2008-12-17,1.4511,2.6935716666666667,2.271252666666667,0
2008-12-18,1.3975,2.6594816666666667,2.2724798333333336,0
2008-12-18,1.3975,2.6594816666666667,2.2724798333333336,0
2008-12-19,1.4008,2.62578,2.273707,0
2008-12-19,1.4008,2.62578,2.273707,0
2008-12-22,1.3775,2.5933,2.2749341666666667,0
2008-12-22,1.3775,2.5932999999999997,2.2749341666666667,0
2008-12-23,1.3667,2.56038,2.276161333333333,0
2008-12-23,1.3667,2.56038,2.2761613333333335,0
2008-12-24,1.2051,2.523386666666667,2.2773885000000003,0
2008-12-24,1.2051,2.523386666666667,2.2773885000000003,0
2008-12-25,1.2082,2.4859716666666665,2.278615666666667,0
2008-12-25,1.2082,2.4859716666666665,2.278615666666667,0
2008-12-26,1.2044,2.4519333333333337,2.2798428333333334,0
2008-12-26,1.2044,2.4519333333333337,2.2798428333333334,0
2008-12-29,1.1617,2.4120966666666663,2.28107,0
2008-12-29,1.1617,2.4120966666666663,2.28107,0
2008-12-30,1.0757,2.367836666666667,2.281620166666667,0
2008-12-30,1.0757,2.367836666666667,2.281620166666667,0
2008-12-31,1.0058,2.32864,2.2821703333333336,0
2008-12-31,1.0058,2.32864,2.2821703333333336,0
2009-01-04,0.9857,2.289943333333333,2.2827205,0
2009-01-04,0.9857,2.289943333333333,2.2827205,0
2009-01-05,0.9983,2.2495816666666664,2.2832706666666667,1
2009-01-05,0.9983,2.2495816666666664,2.2832706666666667,1
2009-01-06,0.99,2.2106966666666663,2.2749341666666667,1
2009-01-06,0.99,2.2106966666666663,2.2749341666666667,1
2009-01-07,1.0038,2.174926666666667,2.268713,1
2009-01-07,1.0038,2.174926666666667,2.268713,1
2009-01-08,0.988,2.1376566666666665,2.2661915,1
2009-01-08,0.988,2.1376566666666665,2.2661915,1
2009-01-09,0.9439,2.100055,2.2605893333333333,1
2009-01-09,0.9439,2.100055,2.2605893333333333,1
2009-01-12,0.9263,2.064118333333333,2.260254166666667,1
2009-01-12,0.9263,2.0641183333333335,2.260254166666667,1
2009-01-13,0.9217,2.0294516666666667,2.2578616666666664,1
2009-01-13,0.9217,2.0294516666666667,2.2578616666666664,1
2009-01-14,0.9203,1.9949216666666667,2.256843166666666,1
2009-01-14,0.9203,1.9949216666666667,2.256843166666666,1
2009-01-15,0.9004,1.96131,2.2516926666666666,1
2009-01-15,0.9004,1.96131,2.2516926666666666,1
2009-01-16,0.9121,1.9265816666666664,2.2498371666666666,1
2009-01-16,0.9121,1.9265816666666664,2.2498371666666666,1
2009-01-19,0.9075,1.8920283333333332,2.2484076666666666,1
2009-01-19,0.9075,1.8920283333333334,2.2484076666666666,1
2009-01-20,0.8815,1.8581016666666663,2.2456266666666664,1
2009-01-20,0.8815,1.8581016666666665,2.2456266666666664,1
2009-01-21,0.9371,1.825465,2.2384343333333336,1
2009-01-21,0.9371,1.8254650000000001,2.2384343333333336,1
2009-01-22,1.0254,1.7936516666666666,2.2246593333333333,1
2009-01-22,1.0254,1.7936516666666666,2.2246593333333333,1
2009-01-23,1.0267,1.7622,2.2096236666666664,1
2009-01-23,1.0267,1.7622,2.2096236666666664,1
2009-01-24,0.9833,1.7318916666666666,2.203908166666667,1
2009-01-24,0.9833,1.7318916666666666,2.203908166666667,1
2009-02-01,0.9258,1.6993833333333332,2.1910966666666667,1
2009-02-01,0.9258,1.6993833333333332,2.1910966666666667,1
2009-02-02,0.9083,1.6655833333333334,2.187129166666667,1
2009-02-02,0.9083,1.6655833333333334,2.187129166666667,1
2009-02-03,0.9314,1.6333433333333331,2.1815016666666667,1
2009-02-03,0.9314,1.6333433333333331,2.1815016666666667,1
2009-02-04,0.9404,1.60158,2.179999666666667,1
2009-02-04,0.9404,1.60158,2.179999666666667,1
2009-02-05,0.9399,1.5707833333333334,2.1769206666666667,1
2009-02-05,0.9399,1.5707833333333334,2.1769206666666667,1
2009-02-06,0.9358,1.5398833333333333,2.1748891666666665,1
2009-02-06,0.9358,1.5398833333333333,2.1748891666666665,1
2009-02-09,0.9375,1.5091533333333331,2.1740923333333333,1
2009-02-09,0.9375,1.5091533333333333,2.1740923333333333,1
2009-02-10,0.9395,1.4784716666666666,2.1698198333333334,1
2009-02-10,0.9395,1.4784716666666666,2.1698198333333334,1
2009-02-11,0.9348,1.449315,2.160273333333333,1
2009-02-11,0.9348,1.449315,2.1602733333333335,1
2009-02-12,0.9325,1.419655,2.1512683333333333,1
2009-02-12,0.9325,1.419655,2.1512683333333333,1
2009-02-13,0.9575,1.3907383333333334,2.1506833333333333,1
2009-02-13,0.9575,1.3907383333333334,2.1506833333333333,1
2009-02-16,0.9525,1.3628600000000002,2.141534833333333,1
2009-02-16,0.9525,1.3628600000000002,2.141534833333333,1
2009-02-17,0.9533,1.33497,2.138229,1
2009-02-17,0.9533,1.33497,2.138229,1
2009-02-18,0.9538,1.3076366666666668,2.1317101666666667,1
2009-02-18,0.9538,1.3076366666666668,2.1317101666666667,1
2009-02-19,0.95,1.281691666666667,2.1274486666666665,1
2009-02-19,0.95,1.2816916666666667,2.1274486666666665,1
2009-02-20,0.9742,1.254781666666667,2.12178,1
2009-02-20,0.9742,1.2547816666666667,2.12178,1
2009-02-23,0.9938,1.2285183333333334,2.1134293333333334,1
2009-02-23,0.9938,1.2285183333333334,2.1134293333333334,1
2009-02-24,0.9558,1.2021933333333332,2.106987833333333,1
2009-02-24,0.9558,1.2021933333333332,2.106987833333333,1
2009-02-25,0.9483,1.184985,2.104284333333333,1
2009-02-25,0.9483,1.184985,2.104284333333333,1
2009-02-26,0.9404,1.1656866666666663,2.099339,1
2009-02-26,0.9404,1.1656866666666665,2.0993389999999996,1
2009-02-27,0.9488,1.1485550000000002,2.092895,1
2009-02-27,0.9488,1.1485550000000002,2.092895,1
2009-03-02,0.9471,1.131535,2.091095,1
2009-03-02,0.9471,1.131535,2.091095,1
2009-03-03,0.9475,1.114391666666667,2.082720333333333,1
2009-03-03,0.9475,1.1143916666666667,2.0827203333333335,1
2009-03-04,0.9433,1.0972666666666666,2.0765898333333337,1
2009-03-04,0.9433,1.0972666666666666,2.0765898333333337,1
2009-03-05,0.9421,1.082135,2.070663333333333,1
2009-03-05,0.9421,1.082135,2.0706633333333335,1
2009-03-06,0.9275,1.0669133333333332,2.065999166666667,1
2009-03-06,0.9275,1.0669133333333332,2.065999166666667,1
2009-03-09,0.9617,1.0538166666666666,2.061987,1
2009-03-09,0.9617,1.0538166666666666,2.0619870000000002,1
2009-03-10,0.945,1.04333,2.0584130000000003,1
2009-03-10,0.945,1.0433299999999999,2.0584130000000003,1
2009-03-11,0.9475,1.0348233333333334,2.0555133333333333,1
2009-03-11,0.9475,1.0348233333333334,2.0555133333333333,1
2009-03-12,0.9383,1.0248783333333331,2.0471195,1
2009-03-12,0.9383,1.0248783333333333,2.0471195,1
2009-03-13,0.9392,1.0151783333333333,2.044295,1
2009-03-13,0.9392,1.0151783333333333,2.044295,1
2009-03-16,0.9592,1.0059866666666666,2.0394935,1
2009-03-16,0.9592,1.0059866666666666,2.0394935,1
2009-03-17,0.9446,0.997545,2.034193333333333,1
2009-03-17,0.9446,0.997545,2.034193333333333,1
2009-03-18,0.9188,0.9895666666666668,2.0322165,1
2009-03-18,0.9188,0.9895666666666667,2.0322164999999996,1
2009-03-19,0.9588,0.9822,2.030423,1
2009-03-19,0.9588,0.9822,2.030423,1
2009-03-20,0.9667,0.9753533333333332,2.02893,1
2009-03-20,0.9667,0.9753533333333333,2.02893,1
2009-03-23,0.9633,0.96863,2.0274536666666667,1
2009-03-23,0.9633,0.9686299999999999,2.0274536666666667,1
2009-03-24,0.9383,0.9641833333333332,2.0250796666666666,1
2009-03-24,0.9383,0.9641833333333333,2.0250796666666666,1
2009-03-25,0.9329,0.959595,2.0226926666666665,1
2009-03-25,0.9329,0.959595,2.0226926666666665,1
2009-03-26,0.9292,0.9550083333333332,2.021281833333333,1
2009-03-26,0.9292,0.9550083333333333,2.021281833333333,1
2009-03-27,0.9528,0.9515266666666666,2.015388333333333,1
2009-03-27,0.9528,0.9515266666666666,2.015388333333333,1
2009-03-30,0.9433,0.94932,2.0149128333333333,1
2009-03-30,0.9433,0.9493199999999999,2.0149128333333333,1
2009-03-31,0.9354,0.9481466666666666,2.010388,1
2009-03-31,0.9354,0.9481466666666666,2.010388,1
2009-04-01,0.9425,0.9474266666666668,2.0086085,1
2009-04-01,0.9425,0.9474266666666668,2.0086085,1
2009-04-02,0.9408,0.9464683333333334,2.0056890000000003,1
2009-04-02,0.9408,0.9464683333333334,2.0056890000000003,1
2009-04-03,0.9408,0.9456483333333332,2.0035275,1
2009-04-03,0.9408,0.9456483333333332,2.0035275,1
2009-04-07,0.9475,0.94471,2.0027753333333336,1
2009-04-07,0.9475,0.94471,2.0027753333333336,1
2009-04-08,0.9438,0.9439733333333334,2.002209333333333,1
2009-04-08,0.9438,0.9439733333333334,2.002209333333333,1
2009-04-09,0.94,0.9439083333333332,2.0006696666666666,1
2009-04-09,0.94,0.9439083333333332,2.0006696666666666,1
2009-04-10,0.9371,0.9440883333333332,1.9915605000000005,1
2009-04-10,0.9371,0.9440883333333332,1.9915605000000005,1
2009-04-13,0.9229,0.9441083333333332,1.96131,1
2009-04-13,0.9229,0.9441083333333332,1.96131,1
2009-04-14,0.9163,0.9440416666666668,1.9300545,1
2009-04-14,0.9163,0.9440416666666668,1.9300545,1
2009-04-15,0.9175,0.9443266666666668,1.898939,1
2009-04-15,0.9175,0.9443266666666668,1.8989390000000002,1
2009-04-16,0.9208,0.9444716666666668,1.8682796666666668,1
2009-04-16,0.9208,0.9444716666666668,1.8682796666666668,1
2009-04-17,0.92,0.94468,1.8385196666666668,1
2009-04-17,0.92,0.94468,1.8385196666666668,1
2009-04-20,0.9125,0.9451966666666666,1.8095583333333327,1
2009-04-20,0.9125,0.9451966666666666,1.8095583333333327,1
2009-04-21,0.9183,0.9448833333333332,1.781071,1
2009-04-21,0.9183,0.9448833333333332,1.781071,1
2009-04-22,0.9371,0.9434116666666666,1.7531075,1
2009-04-22,0.9371,0.9434116666666666,1.7531075,1
2009-04-23,0.9475,0.9420916666666668,1.72539,1
2009-04-23,0.9475,0.9420916666666668,1.72539,1
2009-04-24,0.9617,0.9417316666666667,1.6960033333333335,1
2009-04-24,0.9617,0.9417316666666667,1.6960033333333335,1
2009-04-27,0.9558,0.9422316666666668,1.6655833333333334,1
2009-04-27,0.9558,0.9422316666666668,1.6655833333333334,1
2009-04-28,0.9429,0.9428083333333334,1.6365673333333333,1
2009-04-28,0.9429,0.9428083333333334,1.6365673333333333,1
2009-04-29,0.9408,0.942965,1.607932666666667,1
2009-04-29,0.9408,0.942965,1.607932666666667,1
2009-04-30,0.9417,0.9429866666666666,1.5800223333333334,1
2009-04-30,0.9417,0.9429866666666666,1.5800223333333334,1
2009-05-04,0.9421,0.9430233333333332,1.5522433333333334,1
2009-05-04,0.9421,0.9430233333333332,1.5522433333333334,1
2009-05-05,0.9325,0.9429683333333332,1.5245183333333334,1
2009-05-05,0.9325,0.9429683333333332,1.5245183333333334,1
2009-05-06,0.9275,0.9428016666666666,1.4968806666666667,1
2009-05-06,0.9275,0.9428016666666666,1.4968806666666667,1
2009-05-07,0.9311,0.9426616666666666,1.4697246666666668,1
2009-05-07,0.9311,0.9426616666666666,1.4697246666666668,1
2009-05-08,0.9267,0.9425266666666666,1.443383,1
2009-05-08,0.9267,0.9425266666666666,1.443383,1
2009-05-11,0.9283,0.9424566666666666,1.4167633333333334,1
2009-05-11,0.9283,0.9424566666666666,1.4167633333333334,1
2009-05-12,0.9438,0.9422283333333332,1.3907383333333334,1
2009-05-12,0.9438,0.9422283333333332,1.3907383333333334,1
2009-05-13,0.9433,0.942075,1.3656478333333335,1
2009-05-13,0.9433,0.942075,1.3656478333333335,1
2009-05-14,0.9413,0.941875,1.340548,1
2009-05-14,0.9413,0.941875,1.340548,1
2009-05-15,0.9483,0.9417833333333332,1.3158366666666668,1
2009-05-15,0.9483,0.9417833333333332,1.3158366666666668,1
2009-05-18,0.9479,0.9417483333333332,1.292069666666667,1
2009-05-18,0.9479,0.9417483333333332,1.292069666666667,1
2009-05-19,0.9525,0.9413866666666668,1.268236666666667,1
2009-05-19,0.9525,0.9413866666666667,1.2682366666666667,1
2009-05-20,0.9503,0.9406616666666668,1.244276333333333,1
2009-05-20,0.9503,0.9406616666666668,1.244276333333333,1
2009-05-21,0.9538,0.9406283333333332,1.2206208333333337,1
2009-05-21,0.9538,0.9406283333333332,1.2206208333333337,1
2009-05-22,0.9617,0.9408516666666668,1.1987516666666669,1
2009-05-22,0.9617,0.9408516666666668,1.1987516666666669,1
2009-05-25,0.9579,0.9411433333333332,1.1830551666666669,1
2009-05-25,0.9579,0.9411433333333332,1.1830551666666667,1
2009-05-26,0.9546,0.94124,1.1656866666666663,1
2009-05-26,0.9546,0.9412400000000001,1.1656866666666665,1
2009-05-27,0.9554,0.9413783333333332,1.150268166666667,1
2009-05-27,0.9554,0.9413783333333332,1.150268166666667,1
2009-05-31,0.9529,0.9414683333333334,1.134939,1
2009-05-31,0.9529,0.9414683333333334,1.134939,1
2009-06-01,0.9417,0.9414416666666666,1.1195346666666668,1
2009-06-01,0.9417,0.9414416666666666,1.1195346666666668,1
2009-06-02,0.9403,0.9414116666666666,1.1041166666666666,1
2009-06-02,0.9403,0.9414116666666666,1.1041166666666666,1
2009-06-03,0.9463,0.941725,1.0897008333333331,1
2009-06-03,0.9463,0.941725,1.0897008333333331,1
2009-06-04,0.9454,0.9414533333333334,1.0760463333333332,1
2009-06-04,0.9454,0.9414533333333334,1.0760463333333332,1
2009-06-05,0.9448,0.94145,1.0629843333333333,1
2009-06-05,0.9448,0.94145,1.0629843333333333,1
2009-06-08,0.9413,0.9413466666666666,1.0517193333333332,1
2009-06-08,0.9413,0.9413466666666666,1.0517193333333332,1
2009-06-09,0.9461,0.9414766666666666,1.042479333333333,1
2009-06-09,0.9461,0.9414766666666666,1.042479333333333,1
2009-06-10,0.94,0.94149,1.0348233333333334,1
2009-06-10,0.94,0.94149,1.0348233333333334,1
2009-06-11,0.9408,0.9411833333333331,1.0258728333333331,1
2009-06-11,0.9408,0.9411833333333333,1.0258728333333333,1
2009-06-12,0.9408,0.94112,1.0171183333333331,1
2009-06-12,0.9408,0.9411200000000001,1.0171183333333333,1
2009-06-15,0.9425,0.941515,1.0087441666666666,1
2009-06-15,0.9425,0.941515,1.0087441666666666,1
2009-06-16,0.9421,0.9412366666666668,1.0009216666666667,1
2009-06-16,0.9421,0.9412366666666667,1.0009216666666667,1
2009-06-17,0.9425,0.9408333333333334,0.9935558333333334,1
2009-06-17,0.9425,0.9408333333333334,0.9935558333333334,1
2009-06-18,0.9525,0.9406533333333332,0.98662,1
2009-06-18,0.9525,0.9406533333333333,0.98662,1
2009-06-19,0.9967,0.9416266666666666,0.980146,1
2009-06-19,0.9967,0.9416266666666666,0.980146,1
2009-06-22,1.0892,0.9442316666666668,0.9740086666666666,1
2009-06-22,1.0892,0.9442316666666667,0.9740086666666666,1
2009-06-23,1.1,0.9470783333333334,0.9681853333333332,1
2009-06-23,1.1,0.9470783333333334,0.9681853333333332,1
2009-06-24,1.185,0.9509483333333334,0.9641833333333332,1
2009-06-24,1.185,0.9509483333333334,0.9641833333333333,1
2009-06-25,1.1288,0.95404,0.9600538333333332,1
2009-06-25,1.1288,0.9540400000000001,0.9600538333333333,1
2009-06-26,1.1717,0.9579783333333334,0.9559256666666668,0
2009-06-26,1.1717,0.9579783333333334,0.9559256666666667,0
2009-06-29,1.19,0.9621033333333332,0.9558993333333332,0
2009-06-29,1.19,0.9621033333333332,0.9558993333333332,0
2009-06-30,1.2117,0.9666183333333334,0.9561963333333334,0
2009-06-30,1.2117,0.9666183333333334,0.9561963333333334,0
2009-07-01,1.1767,0.97055,0.9564933333333334,0
2009-07-01,1.1767,0.9705499999999999,0.9564933333333334,0
2009-07-02,1.295,0.9763416666666668,0.9567903333333334,0
2009-07-02,1.295,0.9763416666666667,0.9567903333333334,0
2009-07-03,1.2493,0.9814333333333332,0.9570873333333334,0
2009-07-03,1.2493,0.9814333333333332,0.9570873333333334,0
2009-07-06,1.2325,0.9863083333333332,0.9573843333333334,0
2009-07-06,1.2325,0.9863083333333333,0.9573843333333334,0
2009-07-07,1.2208,0.9910366666666668,0.9576813333333334,0
2009-07-07,1.2208,0.9910366666666667,0.9576813333333334,0
2009-07-08,1.2178,0.9959516666666668,0.9579783333333334,0
2009-07-08,1.2178,0.9959516666666667,0.9579783333333334,0
2009-07-09,1.2271,1.0011316666666668,0.95814,0
2009-07-09,1.2271,1.0011316666666668,0.95814,0
2009-07-10,1.225,1.0062566666666666,0.9583016666666668,0
2009-07-10,1.225,1.0062566666666666,0.9583016666666667,0
2009-07-13,1.2608,1.0119233333333333,0.9584633333333332,0
2009-07-13,1.2608,1.0119233333333333,0.9584633333333333,0
2009-07-14,1.3742,1.0194933333333334,0.958625,0
2009-07-14,1.3742,1.0194933333333334,0.9586250000000001,0
2009-07-15,1.4367,1.02823,0.9587866666666668,0
2009-07-15,1.4367,1.02823,0.9587866666666668,0
2009-07-16,1.5158,1.0381883333333333,0.9589483333333332,0
2009-07-16,1.5158,1.0381883333333333,0.9589483333333332,0
2009-07-17,1.5334,1.0481266666666669,0.95911,0
2009-07-17,1.5334,1.0481266666666669,0.95911,0
2009-07-20,1.6936,1.0605616666666668,0.9592716666666666,0
2009-07-20,1.6936,1.0605616666666668,0.9592716666666666,0
2009-07-21,2.0971,1.0794849999999998,0.9594333333333334,0
2009-07-21,2.0971,1.0794849999999998,0.9594333333333334,0
2009-07-22,2.0283,1.09736,0.959595,0
2009-07-22,2.0283,1.09736,0.959595,0
2009-07-23,1.94,1.1139783333333333,0.9598458333333332,0
2009-07-23,1.94,1.1139783333333333,0.9598458333333332,0
2009-07-24,1.7117,1.1268266666666666,0.9600966666666666,0
2009-07-24,1.7117,1.1268266666666666,0.9600966666666666,0
2009-07-27,1.6025,1.13784,0.9603475,0
2009-07-27,1.6025,1.13784,0.9603475,0
2009-07-28,1.56,1.1481383333333333,0.9605983333333332,0
2009-07-28,1.56,1.1481383333333333,0.9605983333333333,0
2009-07-29,1.5042,1.1576666666666666,0.9608491666666666,0
2009-07-29,1.5042,1.1576666666666666,0.9608491666666666,0
2009-07-30,1.6429,1.16959,0.9611,0
2009-07-30,1.6429,1.16959,0.9611,0
2009-07-31,1.9325,1.18628,0.9613508333333332,0
2009-07-31,1.9325,1.18628,0.9613508333333333,0
2009-08-03,2.1267,1.20628,0.9616016666666668,0
2009-08-03,2.1267,1.20628,0.9616016666666667,0
2009-08-04,1.5042,1.2158783333333332,0.9618525,0
2009-08-04,1.5042,1.2158783333333332,0.9618525,0
2009-08-05,1.8063,1.2302533333333334,0.9621033333333332,0
2009-08-05,1.8063,1.2302533333333334,0.9621033333333333,0
2009-08-06,1.6225,1.2415733333333336,0.9623113333333332,0
2009-08-06,1.6225,1.2415733333333336,0.9623113333333333,0
2009-08-07,1.6013,1.2525733333333335,0.9625193333333332,0
2009-08-07,1.6013,1.2525733333333335,0.9625193333333333,0
2009-08-10,1.6136,1.263661666666667,0.9627273333333332,0
2009-08-10,1.6136,1.263661666666667,0.9627273333333333,0
2009-08-11,1.5433,1.273585,0.9629353333333334,0
2009-08-11,1.5433,1.273585,0.9629353333333334,0
2009-08-12,1.4738,1.2822733333333334,0.9631433333333332,0
2009-08-12,1.4738,1.2822733333333334,0.9631433333333332,0
2009-08-13,1.4442,1.290505,0.9633513333333332,0
2009-08-13,1.4442,1.290505,0.9633513333333333,0
2009-08-14,1.4086,1.298085,0.9635593333333332,0
2009-08-14,1.4086,1.298085,0.9635593333333333,0
2009-08-17,1.4067,1.3055016666666668,0.9637673333333332,0
2009-08-17,1.4067,1.3055016666666668,0.9637673333333333,0
2009-08-18,1.295,1.3111199999999998,0.9639753333333332,0
2009-08-18,1.295,1.3111199999999998,0.9639753333333333,0
2009-08-19,1.2729,1.316425,0.9641833333333332,0
2009-08-19,1.2729,1.316425,0.9641833333333333,0
2009-08-20,1.2675,1.3216266666666667,0.9644268333333332,0
2009-08-20,1.2675,1.3216266666666667,0.9644268333333333,0
2009-08-21,1.254,1.326645,0.9646703333333332,0
2009-08-21,1.254,1.326645,0.9646703333333333,0
2009-08-24,1.2736,1.3321766666666666,0.9649138333333332,0
2009-08-24,1.2736,1.3321766666666666,0.9649138333333332,0
2009-08-25,1.3467,1.33895,0.9651573333333332,0
2009-08-25,1.3467,1.3389499999999999,0.9651573333333333,0
2009-08-26,1.3704,1.346018333333333,0.9654008333333332,0
2009-08-26,1.3704,1.3460183333333333,0.9654008333333333,0
2009-08-27,1.3611,1.3529466666666667,0.9656443333333332,0
2009-08-27,1.3611,1.3529466666666667,0.9656443333333333,0
2009-08-28,1.3875,1.360325,0.9658878333333334,0
2009-08-28,1.3875,1.360325,0.9658878333333334,0
2009-08-31,1.465,1.3690533333333332,0.9661313333333332,0
2009-08-31,1.465,1.3690533333333332,0.9661313333333333,0
2009-09-01,1.3246,1.3753616666666666,0.9663748333333334,0
2009-09-01,1.3246,1.3753616666666666,0.9663748333333334,0
2009-09-02,1.5725,1.3859033333333337,0.9666183333333334,0
2009-09-02,1.5725,1.3859033333333335,0.9666183333333334,0
2009-09-03,1.6854,1.3983133333333335,0.9668195,0
2009-09-03,1.6854,1.3983133333333335,0.9668195,0
2009-09-04,1.7513,1.411821666666667,0.9670206666666666,0
2009-09-04,1.7513,1.411821666666667,0.9670206666666666,0
2009-09-07,1.7258,1.4248766666666666,0.9672218333333332,0
2009-09-07,1.7258,1.4248766666666666,0.9672218333333332,0
2009-09-08,1.7096,1.437668333333333,0.967423,0
2009-09-08,1.7096,1.437668333333333,0.967423,0
2009-09-09,1.6583,1.4495983333333335,0.9676241666666666,0
2009-09-09,1.6583,1.4495983333333335,0.9676241666666666,0
2009-09-10,1.564,1.45979,0.9678253333333332,0
2009-09-10,1.564,1.45979,0.9678253333333332,0
2009-09-11,1.3825,1.46622,0.9680265,0
2009-09-11,1.3825,1.46622,0.9680265,0
2009-09-14,1.4425,1.4721083333333334,0.9682276666666666,0
2009-09-14,1.4425,1.4721083333333334,0.9682276666666666,0
2009-09-15,1.4517,1.47797,0.9684288333333332,0
2009-09-15,1.4517,1.47797,0.9684288333333332,0
2009-09-16,1.4529,1.482435,0.96863,0
2009-09-16,1.4529,1.482435,0.96863,0
2009-09-17,1.4654,1.488045,0.9688219999999998,0
2009-09-17,1.4654,1.488045,0.9688219999999998,0
2009-09-18,1.5158,1.49378,0.969014,0
2009-09-18,1.5158,1.49378,0.969014,0
2009-09-21,1.6213,1.5009683333333332,0.969206,0
2009-09-21,1.6213,1.5009683333333332,0.969206,0
2009-09-22,1.5921,1.5073083333333337,0.969398,0
2009-09-22,1.5921,1.5073083333333337,0.969398,0
2009-09-23,1.5617,1.513725,0.96959,0
2009-09-23,1.5617,1.513725,0.96959,0
2009-09-24,1.7775,1.5217666666666667,0.969782,0
2009-09-24,1.7775,1.5217666666666667,0.969782,0
2009-09-25,1.6275,1.52807,0.969974,0
2009-09-25,1.6275,1.52807,0.969974,0
2009-09-27,1.6025,1.534236666666667,0.970166,0
2009-09-27,1.6025,1.534236666666667,0.970166,0
2009-09-28,1.5717,1.540085,0.970358,0
2009-09-28,1.5717,1.540085,0.970358,0
2009-09-29,1.6603,1.54746,0.97055,0
2009-09-29,1.6603,1.54746,0.97055,0
2009-09-30,1.7983,1.55698,0.9710303333333332,0
2009-09-30,1.7983,1.55698,0.9710303333333332,0
2009-10-09,1.6983,1.5648683333333335,0.9715106666666666,0
2009-10-09,1.6983,1.5648683333333335,0.9715106666666666,0
2009-10-10,1.6808,1.5718683333333334,0.971991,0
2009-10-10,1.6808,1.5718683333333334,0.971991,0
2009-10-12,1.5857,1.5753933333333334,0.9724713333333332,0
2009-10-12,1.5857,1.5753933333333334,0.9724713333333332,0
2009-10-13,1.5767,1.5777266666666667,0.9729516666666668,0
2009-10-13,1.5767,1.5777266666666667,0.9729516666666668,0
2009-10-14,1.5528,1.5783433333333334,0.973432,0
2009-10-14,1.5528,1.5783433333333334,0.973432,0
2009-10-15,1.5224,1.57816,0.9739123333333332,0
2009-10-15,1.5224,1.57816,0.9739123333333332,0
2009-10-16,1.5223,1.575305,0.9743926666666666,0
2009-10-16,1.5223,1.575305,0.9743926666666666,0
2009-10-19,1.5271,1.565805,0.974873,0
2009-10-19,1.5271,1.565805,0.974873,0
2009-10-20,1.5098,1.5571633333333332,0.9753533333333332,0
2009-10-20,1.5098,1.5571633333333332,0.9753533333333332,0
2009-10-21,1.5329,1.5503783333333334,0.9754521666666668,0
2009-10-21,1.5329,1.5503783333333334,0.9754521666666668,0
2009-10-22,1.5125,1.5470583333333334,0.975551,0
2009-10-22,1.5125,1.5470583333333334,0.975551,0
2009-10-23,1.4442,1.54442,0.9756498333333332,0
2009-10-23,1.4442,1.54442,0.9756498333333332,0
2009-10-26,1.4733,1.542975,0.9757486666666666,0
2009-10-26,1.4733,1.542975,0.9757486666666666,0
2009-10-27,1.4376,1.541865,0.9758475,0
2009-10-27,1.4376,1.541865,0.9758475,0
2009-10-28,1.4687,1.5389616666666666,0.9759463333333334,0
2009-10-28,1.4687,1.5389616666666666,0.9759463333333334,0
2009-10-29,1.4525,1.5309616666666666,0.9760451666666666,0
2009-10-29,1.4525,1.5309616666666666,0.9760451666666666,0
2009-10-30,1.3683,1.5183216666666666,0.976144,0
2009-10-30,1.3683,1.5183216666666666,0.976144,0
2009-11-02,1.34,1.5155850000000002,0.9762428333333332,0
2009-11-02,1.34,1.5155850000000002,0.9762428333333333,0
2009-11-03,1.4658,1.50991,0.9763416666666668,0
2009-11-03,1.4658,1.50991,0.9763416666666667,0
2009-11-04,1.4038,1.5062649999999995,0.9768508333333332,0
2009-11-04,1.4038,1.5062649999999997,0.9768508333333333,0
2009-11-05,1.4463,1.5036816666666666,0.97736,0
2009-11-05,1.4463,1.5036816666666666,0.97736,0
2009-11-06,1.4405,1.5007966666666668,0.9778691666666668,0
2009-11-06,1.4405,1.5007966666666668,0.9778691666666667,0
2009-11-09,1.4558,1.4993383333333334,0.9783783333333332,0
2009-11-09,1.4558,1.4993383333333334,0.9783783333333333,0
2009-11-10,1.4807,1.499453333333333,0.9788875,0
2009-11-10,1.4807,1.499453333333333,0.9788874999999999,0
2009-11-11,1.4592,1.4997033333333334,0.9793966666666668,0
2009-11-11,1.4592,1.4997033333333334,0.9793966666666667,0
2009-11-12,1.4651,1.500645,0.9799058333333333,0
2009-11-12,1.4651,1.500645,0.9799058333333333,0
2009-11-13,1.4708,1.5017133333333337,0.980415,0
2009-11-13,1.4708,1.5017133333333335,0.9804149999999999,0
2009-11-16,1.3567,1.5027416666666666,0.9809241666666666,0
2009-11-16,1.3567,1.5027416666666666,0.9809241666666666,0
2009-11-17,1.4196,1.505186666666667,0.9814333333333332,0
2009-11-17,1.4196,1.5051866666666667,0.9814333333333333,0
2009-11-18,1.4058,1.507491666666667,0.98151,0
2009-11-18,1.4058,1.507491666666667,0.98151,0
2009-11-19,1.3908,1.5097716666666663,0.9815866666666666,0
2009-11-19,1.3908,1.5097716666666665,0.9815866666666666,0
2009-11-20,1.4384,1.5125183333333334,0.9816633333333332,0
2009-11-20,1.4384,1.5125183333333334,0.9816633333333332,0
2009-11-23,1.4608,1.51442,0.98174,0
2009-11-23,1.4608,1.51442,0.98174,0
2009-11-24,1.4025,1.514955,0.9818166666666666,0
2009-11-24,1.4025,1.514955,0.9818166666666666,0
2009-11-25,1.4296,1.5160966666666666,0.9818933333333332,0
2009-11-25,1.4296,1.5160966666666666,0.9818933333333332,0
2009-11-26,1.4217,1.5166666666666666,0.98197,0
2009-11-26,1.4217,1.5166666666666666,0.98197,0
2009-11-27,1.4533,1.5164716666666669,0.9820466666666666,0
2009-11-27,1.4533,1.5164716666666669,0.9820466666666666,0
2009-11-30,1.469,1.518878333333333,0.9821233333333332,0
2009-11-30,1.469,1.5188783333333333,0.9821233333333333,0
2009-12-01,1.4517,1.516865,0.9822,0
2009-12-01,1.4517,1.516865,0.9822,0
2009-12-02,1.4675,1.5132333333333332,0.9826108333333332,0
2009-12-02,1.4675,1.5132333333333332,0.9826108333333333,0
2009-12-03,1.4882,1.5088483333333331,0.9830216666666668,0
2009-12-03,1.4882,1.5088483333333331,0.9830216666666667,0
2009-12-04,1.4963,1.5050233333333334,0.9834325,0
2009-12-04,1.4963,1.5050233333333334,0.9834325,0
2009-12-07,1.4892,1.50135,0.9838433333333332,0
2009-12-07,1.4892,1.50135,0.9838433333333333,0
2009-12-08,1.4575,1.4980033333333334,0.9842541666666668,0
2009-12-08,1.4575,1.4980033333333334,0.9842541666666667,0
2009-12-09,1.4767,1.4965483333333334,0.984665,0
2009-12-09,1.4767,1.4965483333333334,0.984665,0
2009-12-10,1.4567,1.497785,0.9850758333333334,0
2009-12-10,1.4567,1.497785,0.9850758333333334,0
2009-12-11,1.4858,1.4985066666666669,0.9854866666666666,0
2009-12-11,1.4858,1.4985066666666669,0.9854866666666666,0
2009-12-14,1.4754,1.4989016666666666,0.9858975,0
2009-12-14,1.4754,1.4989016666666666,0.9858975,0
2009-12-15,1.4525,1.498895,0.9863083333333332,0
2009-12-15,1.4525,1.498895,0.9863083333333333,0
2009-12-16,1.4508,1.4986516666666667,0.9866341666666668,0
2009-12-16,1.4508,1.4986516666666667,0.9866341666666668,0
2009-12-17,1.4551,1.49764,0.98696,0
2009-12-17,1.4551,1.49764,0.9869600000000001,0
2009-12-18,1.4558,1.4948816666666669,0.9872858333333332,0
2009-12-18,1.4558,1.4948816666666669,0.9872858333333333,0
2009-12-21,1.4454,1.4924366666666666,0.9876116666666668,0
2009-12-21,1.4454,1.4924366666666666,0.9876116666666668,0
2009-12-22,1.447,1.490525,0.9879375,0
2009-12-22,1.447,1.490525,0.9879375,0
2009-12-23,1.4086,1.484376666666667,0.9882633333333334,0
2009-12-23,1.4086,1.484376666666667,0.9882633333333334,0
2009-12-24,1.39,1.4804183333333334,0.9885891666666669,0
2009-12-24,1.39,1.4804183333333334,0.9885891666666667,0
2009-12-25,1.4358,1.47764,0.988915,0
2009-12-25,1.4358,1.47764,0.988915,0
2009-12-28,1.5367,1.477056666666667,0.9892408333333332,0
2009-12-28,1.5367,1.4770566666666667,0.9892408333333333,0
2009-12-29,1.5788,1.4756983333333331,0.9895666666666668,0
2009-12-29,1.5788,1.4756983333333333,0.9895666666666667,0
2009-12-30,1.5808,1.4720733333333331,0.9897136666666668,0
2009-12-30,1.5808,1.4720733333333333,0.9897136666666667,0
2009-12-31,1.565,1.4698516666666666,0.9898606666666668,0
2009-12-31,1.565,1.4698516666666666,0.9898606666666667,0
2010-01-04,1.4225,1.4655466666666668,0.9900076666666668,0
2010-01-04,1.4225,1.4655466666666668,0.9900076666666667,0
2010-01-05,1.4004,1.4624583333333334,0.9901546666666668,0
2010-01-05,1.4004,1.4624583333333334,0.9901546666666667,0
2010-01-06,1.4002,1.4595166666666666,0.9903016666666666,0
2010-01-06,1.4002,1.4595166666666666,0.9903016666666666,0
2010-01-07,1.3942,1.4568733333333332,0.9904486666666668,0
2010-01-07,1.3942,1.4568733333333332,0.9904486666666668,0
2010-01-08,1.3993,1.454821666666667,0.9905956666666668,0
2010-01-08,1.3993,1.454821666666667,0.9905956666666668,0
2010-01-11,1.3696,1.4522766666666669,0.9907426666666668,0
2010-01-11,1.3696,1.4522766666666669,0.9907426666666668,0
2010-01-12,1.4354,1.4507483333333333,0.9908896666666668,0
2010-01-12,1.4354,1.4507483333333333,0.9908896666666668,0
2010-01-13,1.395,1.448835,0.9910366666666668,0
2010-01-13,1.395,1.448835,0.9910366666666668,0
2010-01-14,1.4475,1.4474116666666668,0.9915281666666668,0
2010-01-14,1.4475,1.4474116666666668,0.9915281666666668,0
2010-01-15,1.415,1.4457866666666666,0.9920196666666669,0
2010-01-15,1.415,1.4457866666666666,0.9920196666666669,0
2010-01-18,1.4042,1.44512,0.9925111666666666,0
2010-01-18,1.4042,1.44512,0.9925111666666666,0
2010-01-19,1.3613,1.4432533333333333,0.9930026666666668,0
2010-01-19,1.3613,1.4432533333333333,0.9930026666666667,0
2010-01-20,1.4579,1.4435916666666668,0.9934941666666668,0
2010-01-20,1.4579,1.4435916666666668,0.9934941666666667,0
2010-01-21,1.4125,1.442655,0.9939856666666668,0
2010-01-21,1.4125,1.442655,0.9939856666666668,0
2010-01-22,1.4813,1.4431350000000005,0.9944771666666667,0
2010-01-22,1.4813,1.4431350000000005,0.9944771666666667,0
2010-01-25,1.3892,1.4434833333333332,0.9949686666666668,0
2010-01-25,1.3892,1.4434833333333332,0.9949686666666667,0
2010-01-26,1.5396,1.44681,0.9954601666666668,0
2010-01-26,1.5396,1.44681,0.9954601666666668,0
2010-01-27,1.5483,1.4481849999999998,0.9959516666666668,0
2010-01-27,1.5483,1.4481849999999998,0.9959516666666667,0
2010-01-28,1.8508,1.4556350000000002,0.996111,0
2010-01-28,1.8508,1.4556350000000002,0.9961110000000001,0
2010-01-29,1.8542,1.4624333333333333,0.9962703333333334,0
2010-01-29,1.8542,1.4624333333333333,0.9962703333333334,0
2010-02-01,1.8208,1.4687716666666666,0.9964296666666668,0
2010-02-01,1.8208,1.4687716666666666,0.9964296666666668,0
2010-02-02,1.7892,1.4743283333333332,0.996589,0
2010-02-02,1.7892,1.4743283333333332,0.996589,0
2010-02-03,1.77,1.4791500000000002,0.9967483333333332,0
2010-02-03,1.77,1.4791500000000002,0.9967483333333332,0
2010-02-04,1.7792,1.4844833333333334,0.9969076666666667,0
2010-02-04,1.7792,1.4844833333333334,0.9969076666666667,0
2010-02-05,1.7292,1.488885,0.997067,0
2010-02-05,1.7292,1.488885,0.997067,0
2010-02-08,1.8158,1.494635,0.9972263333333332,0
2010-02-08,1.8158,1.494635,0.9972263333333332,0
2010-02-09,1.8942,1.5035933333333331,0.9973856666666668,0
2010-02-09,1.8942,1.5035933333333333,0.9973856666666667,0
2010-02-10,1.8358,1.51053,0.997545,0
2010-02-10,1.8358,1.51053,0.997545,0
2010-02-11,2.7208,1.5324466666666663,0.9979036666666669,0
2010-02-11,2.7208,1.5324466666666663,0.9979036666666669,0
2010-02-12,2.4833,1.550655,0.9982623333333334,0
2010-02-12,2.4833,1.550655,0.9982623333333334,0
2010-02-20,2.1104,1.561855,0.998621,0
2010-02-20,2.1104,1.561855,0.998621,0
2010-02-21,1.5058,1.5626050000000002,0.9989796666666668,0
2010-02-21,1.5058,1.5626050000000002,0.9989796666666667,0
2010-02-22,1.4758,1.5638266666666667,0.9993383333333334,0
2010-02-22,1.4758,1.5638266666666667,0.9993383333333334,0
2010-02-23,1.5996,1.56666,0.999697,0
2010-02-23,1.5996,1.56666,0.9996970000000001,0
2010-02-24,1.65,1.5704649999999998,1.000055666666667,0
2010-02-24,1.65,1.5704649999999998,1.000055666666667,0
2010-02-25,1.6829,1.5742916666666666,1.0004143333333335,0
2010-02-25,1.6829,1.5742916666666666,1.0004143333333335,0
2010-02-26,1.6642,1.577545,1.000773,0
2010-02-26,1.6642,1.577545,1.0007730000000001,0
2010-03-01,1.6508,1.5808633333333333,1.0011316666666668,0
2010-03-01,1.6508,1.5808633333333333,1.0011316666666668,0
2010-03-02,1.718,1.585038333333333,1.001617166666667,0
2010-03-02,1.718,1.5850383333333333,1.0016171666666667,0
2010-03-03,1.7388,1.589215,1.0021026666666668,0
2010-03-03,1.7388,1.589215,1.0021026666666668,0
2010-03-04,1.6783,1.5922483333333333,1.0025881666666667,0
2010-03-04,1.6783,1.5922483333333333,1.0025881666666667,0
2010-03-05,1.6879,1.59556,1.0030736666666666,0
2010-03-05,1.6879,1.59556,1.0030736666666666,0
2010-03-08,1.6392,1.598588333333333,1.0035591666666668,0
2010-03-08,1.6392,1.598588333333333,1.0035591666666668,0
2010-03-09,1.6642,1.601713333333333,1.0040446666666667,0
2010-03-09,1.6642,1.601713333333333,1.0040446666666667,0
2010-03-10,1.7058,1.605865,1.0045301666666666,0
2010-03-10,1.7058,1.605865,1.0045301666666666,0
2010-03-11,1.6846,1.6091783333333334,1.0050156666666668,0
2010-03-11,1.6846,1.6091783333333334,1.0050156666666668,0
2010-03-12,1.6608,1.6122683333333332,1.005501166666667,0
2010-03-12,1.6608,1.6122683333333332,1.005501166666667,0
2010-03-15,1.65,1.61556,1.0059866666666666,0
2010-03-15,1.65,1.61556,1.0059866666666666,0
2010-03-16,1.6313,1.6185683333333332,1.0060136666666666,0
2010-03-16,1.6313,1.6185683333333332,1.0060136666666666,0
2010-03-17,1.6417,1.621678333333333,1.0060406666666666,0
2010-03-17,1.6417,1.621678333333333,1.0060406666666666,0
2010-03-18,1.6425,1.62479,1.0060676666666666,0
2010-03-18,1.6425,1.62479,1.0060676666666666,0
2010-03-19,1.625,1.6277833333333334,1.0060946666666666,0
2010-03-19,1.625,1.6277833333333334,1.0060946666666666,0
2010-03-22,1.5933,1.630221666666667,1.0061216666666666,0
2010-03-22,1.5933,1.6302216666666667,1.0061216666666666,0
2010-03-23,1.5832,1.6331316666666666,1.0061486666666666,0
2010-03-23,1.5832,1.6331316666666666,1.0061486666666666,0
2010-03-24,1.5667,1.6360766666666666,1.0061756666666666,0
2010-03-24,1.5667,1.6360766666666666,1.0061756666666666,0
2010-03-25,1.5596,1.63814,1.0062026666666666,0
2010-03-25,1.5596,1.63814,1.0062026666666666,0
2010-03-26,1.5586,1.638505,1.0062296666666666,0
2010-03-26,1.5586,1.6385049999999999,1.0062296666666666,0
2010-03-29,1.5499,1.6380233333333332,1.0062566666666666,0
2010-03-29,1.5499,1.6380233333333332,1.0062566666666666,0
2010-03-30,1.6297,1.6388383333333332,1.0068233333333334,0
2010-03-30,1.6297,1.6388383333333332,1.0068233333333334,0
2010-03-31,1.6,1.6394216666666668,1.00739,0
2010-03-31,1.6,1.6394216666666668,1.00739,0
2010-04-01,1.5733,1.641935,1.0079566666666666,0
2010-04-01,1.5733,1.6419350000000001,1.0079566666666666,0
2010-04-02,1.5758,1.644858333333333,1.0085233333333332,0
2010-04-02,1.5758,1.644858333333333,1.0085233333333332,0
2010-04-06,1.5917,1.64805,1.00909,0
2010-04-06,1.5917,1.64805,1.00909,0
2010-04-07,1.6633,1.652535,1.0096566666666666,0
2010-04-07,1.6633,1.652535,1.0096566666666666,0
2010-04-08,1.68,1.6572133333333334,1.0102233333333333,0
2010-04-08,1.68,1.6572133333333334,1.0102233333333333,0
2010-04-09,1.6742,1.6622899999999998,1.01079,0
2010-04-09,1.6742,1.6622899999999998,1.01079,0
2010-04-12,1.6458,1.6657966666666666,1.011356666666667,0
2010-04-12,1.6458,1.6657966666666666,1.0113566666666667,0
2010-04-13,1.6696,1.6703733333333337,1.0119233333333333,0
2010-04-13,1.6696,1.6703733333333335,1.0119233333333333,0
2010-04-14,1.6454,1.673671666666667,1.0122488333333333,0
2010-04-14,1.6454,1.673671666666667,1.0122488333333333,0
2010-04-15,1.6725,1.6779633333333337,1.0125743333333332,0
2010-04-15,1.6725,1.6779633333333335,1.0125743333333332,0
2010-04-16,1.6638,1.6822899999999998,1.0128998333333332,0
2010-04-16,1.6638,1.6822899999999998,1.0128998333333332,0
2010-04-19,1.6099,1.6864333333333337,1.0132253333333332,0
2010-04-19,1.6099,1.6864333333333337,1.0132253333333332,0
2010-04-20,1.6369,1.6894166666666666,1.0135508333333334,0
2010-04-20,1.6369,1.6894166666666666,1.0135508333333334,0
2010-04-21,1.6633,1.6935966666666666,1.0138763333333334,0
2010-04-21,1.6633,1.6935966666666666,1.0138763333333334,0
2010-04-22,1.6396,1.696235,1.0142018333333334,0
2010-04-22,1.6396,1.696235,1.0142018333333334,0
2010-04-23,1.6715,1.70094,1.0145273333333331,0
2010-04-23,1.6715,1.7009400000000001,1.0145273333333333,0
2010-04-26,1.6471,1.7027316666666663,1.014852833333333,0
2010-04-26,1.6471,1.7027316666666665,1.0148528333333333,0
2010-04-27,1.6383,1.7042316666666666,1.0151783333333333,0
2010-04-27,1.6383,1.7042316666666666,1.0151783333333333,0
2010-04-28,1.6196,1.700378333333333,1.0156098333333334,0
2010-04-28,1.6196,1.700378333333333,1.0156098333333334,0
2010-04-29,1.6025,1.6961833333333334,1.0160413333333334,0
2010-04-29,1.6025,1.6961833333333334,1.0160413333333334,0
2010-04-30,1.6079,1.692635,1.0164728333333333,0
2010-04-30,1.6079,1.692635,1.0164728333333333,0
2010-05-04,1.6017,1.68951,1.0169043333333334,0
2010-05-04,1.6017,1.68951,1.0169043333333334,0
2010-05-05,1.6483,1.6874816666666663,1.017335833333333,0
2010-05-05,1.6483,1.6874816666666665,1.0173358333333333,0
2010-05-06,1.6821,1.6858633333333335,1.0177673333333337,0
2010-05-06,1.6821,1.6858633333333335,1.0177673333333335,0
2010-05-07,1.7033,1.6854316666666669,1.0181988333333334,0
2010-05-07,1.7033,1.6854316666666667,1.0181988333333334,0
2010-05-10,1.7,1.683501666666667,1.0186303333333333,0
2010-05-10,1.7,1.683501666666667,1.0186303333333333,0
2010-05-11,1.7042,1.680335,1.0190618333333334,0
2010-05-11,1.7042,1.6803350000000001,1.0190618333333334,0
2010-05-12,1.7175,1.6783633333333332,1.0194933333333334,0
2010-05-12,1.7175,1.6783633333333332,1.0194933333333334,0
2010-05-13,1.7279,1.661815,1.0200318333333334,0
2010-05-13,1.7279,1.661815,1.0200318333333334,0
2010-05-14,1.747,1.6495433333333334,1.0205703333333334,0
2010-05-14,1.747,1.6495433333333334,1.0205703333333334,0
2010-05-17,1.7346,1.64328,1.0211088333333334,0
2010-05-17,1.7346,1.64328,1.0211088333333334,0
2010-05-18,1.7392,1.6471699999999998,1.0216473333333334,0
2010-05-18,1.7392,1.6471699999999998,1.0216473333333334,0
2010-05-19,1.7683,1.6520450000000002,1.0221858333333331,0
2010-05-19,1.7683,1.6520450000000002,1.0221858333333331,0
2010-05-20,1.7933,1.6552733333333332,1.0227243333333331,0
2010-05-20,1.7933,1.6552733333333332,1.0227243333333331,0
2010-05-21,1.8058,1.65787,1.0232628333333331,0
2010-05-21,1.8058,1.65787,1.0232628333333331,0
2010-05-24,1.865,1.660905,1.0238013333333331,0
2010-05-24,1.865,1.660905,1.0238013333333331,0
2010-05-25,1.9267,1.66528,1.0243398333333331,0
2010-05-25,1.9267,1.66528,1.0243398333333331,0
2010-05-26,2.1721,1.6739683333333335,1.0248783333333331,0
2010-05-26,2.1721,1.6739683333333335,1.0248783333333331,0
2010-05-27,2.4167,1.6856133333333332,1.0252135,0
2010-05-27,2.4167,1.6856133333333332,1.0252135,0
2010-05-28,2.39,1.6964666666666666,1.0255486666666669,0
2010-05-28,2.39,1.6964666666666666,1.0255486666666669,0
2010-05-31,2.5033,1.7102166666666667,1.025883833333333,0
2010-05-31,2.5033,1.7102166666666667,1.025883833333333,0
2010-06-01,3.2008,1.7354316666666665,1.026219,0
2010-06-01,3.2008,1.7354316666666665,1.026219,0
2010-06-02,3.2796,1.7627716666666666,1.0265541666666669,0
2010-06-02,3.2796,1.7627716666666666,1.0265541666666669,0
2010-06-03,3.1946,1.7882783333333334,1.026889333333333,0
2010-06-03,3.1946,1.7882783333333334,1.0268893333333333,0
2010-06-04,2.2078,1.796645,1.0272245,0
2010-06-04,2.2078,1.796645,1.0272245,0
2010-06-07,1.9136,1.8004616666666666,1.0275596666666666,0
2010-06-07,1.9136,1.8004616666666666,1.0275596666666666,0
2010-06-08,2.1963,1.809386666666667,1.027894833333333,0
2010-06-08,2.1963,1.809386666666667,1.0278948333333333,0
2010-06-09,2.2129,1.818768333333333,1.02823,0
2010-06-09,2.2129,1.818768333333333,1.02823,0
2010-06-10,2.4725,1.8327883333333328,1.028889333333333,0
2010-06-10,2.4725,1.8327883333333328,1.028889333333333,0
2010-06-11,2.7317,1.850955,1.029548666666667,0
2010-06-11,2.7317,1.850955,1.029548666666667,0
2010-06-12,2.7733,1.8698016666666668,1.030208,0
2010-06-12,2.7733,1.8698016666666668,1.030208,0
2010-06-13,2.6858,1.8874816666666667,1.0308673333333334,0
2010-06-13,2.6858,1.8874816666666667,1.0308673333333334,0
2010-06-17,2.6175,1.9045516666666664,1.0315266666666667,0
2010-06-17,2.6175,1.9045516666666664,1.0315266666666667,0
2010-06-18,2.6883,1.92297,1.032186,0
2010-06-18,2.6883,1.9229699999999998,1.032186,0
2010-06-21,2.6467,1.94097,1.0328453333333334,0
2010-06-21,2.6467,1.94097,1.0328453333333334,0
2010-06-22,2.8257,1.9620716666666669,1.0335046666666667,0
2010-06-22,2.8257,1.9620716666666669,1.0335046666666667,0
2010-06-23,2.7083,1.9812333333333327,1.034164,0
2010-06-23,2.7083,1.9812333333333327,1.034164,0
2010-06-24,2.8708,2.003248333333333,1.0348233333333334,0
2010-06-24,2.8708,2.003248333333333,1.0348233333333334,0
2010-06-25,3.1458,2.028516666666667,1.0351598333333334,0
2010-06-25,3.1458,2.028516666666667,1.0351598333333334,0
2010-06-28,2.8192,2.048836666666667,1.0354963333333334,0
2010-06-28,2.8192,2.048836666666667,1.0354963333333334,0
2010-06-29,2.8702,2.0704516666666666,1.035832833333333,0
2010-06-29,2.8702,2.0704516666666666,1.0358328333333333,0
2010-06-30,2.6192,2.087841666666667,1.0361693333333333,0
2010-06-30,2.6192,2.087841666666667,1.0361693333333333,0
2010-07-01,2.6542,2.10555,1.0365058333333337,0
2010-07-01,2.6542,2.10555,1.0365058333333335,0
2010-07-02,2.6079,2.121293333333333,1.0368423333333334,0
2010-07-02,2.6079,2.121293333333333,1.0368423333333334,0
2010-07-05,2.5838,2.1363566666666665,1.0371788333333334,0
2010-07-05,2.5838,2.1363566666666665,1.0371788333333334,0
2010-07-06,2.6767,2.153065,1.0375153333333331,0
2010-07-06,2.6767,2.153065,1.0375153333333331,0
2010-07-07,2.4485,2.166443333333333,1.0378518333333333,0
2010-07-07,2.4485,2.166443333333333,1.0378518333333333,0
2010-07-08,2.4233,2.179005,1.0381883333333333,0
2010-07-08,2.4233,2.179005,1.0381883333333333,0
2010-07-09,2.2918,2.1897783333333334,1.0387025,0
2010-07-09,2.2918,2.1897783333333334,1.0387024999999999,0
2010-07-12,2.0667,2.196348333333333,1.039216666666667,0
2010-07-12,2.0667,2.196348333333333,1.0392166666666667,0
2010-07-13,1.9892,2.2017716666666667,1.0397308333333333,0
2010-07-13,1.9892,2.2017716666666667,1.0397308333333333,0
2010-07-14,1.7966,2.204883333333333,1.040245,0
2010-07-14,1.7966,2.2048833333333335,1.0402449999999999,0
2010-07-15,1.8621,2.2086366666666666,1.040759166666667,0
2010-07-15,1.8621,2.2086366666666666,1.0407591666666667,0
2010-07-16,1.86,2.211915,1.0412733333333333,0
2010-07-16,1.86,2.211915,1.0412733333333333,0
2010-07-19,1.85,2.2154216666666664,1.0417875,0
2010-07-19,1.85,2.2154216666666664,1.0417874999999999,0
2010-07-20,1.8192,2.217883333333333,1.042301666666667,0
2010-07-20,1.8192,2.2178833333333334,1.0423016666666667,0
2010-07-21,1.8458,2.2211950000000003,1.0428158333333333,0
2010-07-21,1.8458,2.2211950000000003,1.0428158333333333,0
2010-07-22,1.7167,2.222501666666667,1.04333,0
2010-07-22,1.7167,2.222501666666667,1.04333,0
2010-07-23,1.7808,2.225188333333333,1.0438096666666663,0
2010-07-23,1.7808,2.2251883333333335,1.0438096666666665,0
2010-07-26,1.73,2.227313333333333,1.0442893333333332,0
2010-07-26,1.73,2.2273133333333335,1.0442893333333332,0
2010-07-27,1.7346,2.229425,1.044769,0
2010-07-27,1.7346,2.229425,1.044769,0
2010-07-28,1.685,2.2308133333333333,1.0452486666666667,0
2010-07-28,1.685,2.2308133333333333,1.0452486666666667,0
2010-07-29,1.6883,2.23148,1.0457283333333334,0
2010-07-29,1.6883,2.23148,1.0457283333333334,0
2010-07-30,1.6825,2.231486666666667,1.046208,0
2010-07-30,1.6825,2.231486666666667,1.046208,0
2010-08-02,1.6425,2.2304733333333333,1.046687666666667,0
2010-08-02,1.6425,2.2304733333333333,1.0466876666666667,0
2010-08-03,1.6792,2.2301266666666666,1.0471673333333331,0
2010-08-03,1.6792,2.2301266666666666,1.0471673333333333,0
2010-08-04,1.6306,2.2289,1.047647,0
2010-08-04,1.6306,2.2289,1.047647,0
2010-08-05,1.6875,2.2284,1.0481266666666669,0
2010-08-05,1.6875,2.2284,1.0481266666666669,0
2010-08-06,1.7004,2.2279416666666663,1.0486956666666667,0
2010-08-06,1.7004,2.2279416666666663,1.0486956666666667,0
2010-08-09,1.6917,2.22702,1.0492646666666667,0
2010-08-09,1.6917,2.22702,1.0492646666666667,0
2010-08-10,1.7317,2.2269716666666666,1.0498336666666668,0
2010-08-10,1.7317,2.2269716666666666,1.0498336666666668,0
2010-08-11,1.7068,2.226431666666666,1.0504026666666666,0
2010-08-11,1.7068,2.226431666666666,1.0504026666666666,0
2010-08-12,1.7263,2.225731666666667,1.0509716666666666,0
2010-08-12,1.7263,2.225731666666667,1.0509716666666666,0
2010-08-13,1.7348,2.2247566666666665,1.051540666666667,0
2010-08-13,1.7348,2.2247566666666665,1.0515406666666667,0
2010-08-16,1.77,2.2241599999999995,1.0521096666666667,0
2010-08-16,1.77,2.2241599999999995,1.0521096666666667,0
2010-08-17,1.7875,2.222868333333333,1.0526786666666668,0
2010-08-17,1.7875,2.222868333333333,1.0526786666666668,0
2010-08-18,1.7725,2.220298333333333,1.0532476666666666,0
2010-08-18,1.7725,2.220298333333333,1.0532476666666666,0
2010-08-19,1.7418,2.2131266666666667,1.0538166666666666,0
2010-08-19,1.7418,2.2131266666666667,1.0538166666666666,0
2010-08-20,1.7448,2.201928333333333,1.0544911666666668,0
2010-08-20,1.7448,2.201928333333333,1.0544911666666668,0
2010-08-23,1.7288,2.190908333333333,1.055165666666667,0
2010-08-23,1.7288,2.190908333333333,1.055165666666667,0
2010-08-24,1.75,2.1783533333333334,1.0558401666666668,0
2010-08-24,1.75,2.1783533333333334,1.0558401666666668,0
2010-08-25,1.7661,2.1544416666666666,1.0565146666666667,0
2010-08-25,1.7661,2.1544416666666666,1.0565146666666667,0
2010-08-26,1.8321,2.130316666666667,1.0571891666666668,0
2010-08-26,1.8321,2.130316666666667,1.0571891666666668,0
2010-08-27,2.2142,2.113976666666667,1.0578636666666668,0
2010-08-27,2.2142,2.113976666666667,1.0578636666666668,0
2010-08-30,2.285,2.115263333333333,1.058538166666667,0
2010-08-30,2.285,2.115263333333333,1.058538166666667,0
2010-08-31,2.9489,2.132518333333333,1.0592126666666668,0
2010-08-31,2.9489,2.132518333333333,1.0592126666666668,0
2010-09-01,2.9856,2.1456733333333333,1.059887166666667,0
2010-09-01,2.9856,2.1456733333333333,1.059887166666667,0
2010-09-02,2.4836,2.150185,1.0605616666666668,0
2010-09-02,2.4836,2.150185,1.0605616666666668,0
2010-09-03,2.3375,2.147935,1.0611968333333337,0
2010-09-03,2.3375,2.147935,1.0611968333333337,0
2010-09-06,2.2456,2.1398333333333337,1.061832,0
2010-09-06,2.2456,2.1398333333333337,1.061832,0
2010-09-07,2.2558,2.1312083333333334,1.0624671666666667,0
2010-09-07,2.2558,2.1312083333333334,1.0624671666666667,0
2010-09-08,2.2333,2.123666666666667,1.0631023333333334,0
2010-09-08,2.2333,2.123666666666667,1.0631023333333334,0
2010-09-09,2.2865,2.11815,1.0637375,0
2010-09-09,2.2865,2.11815,1.0637375,0
2010-09-10,2.2782,2.111315,1.0643726666666666,0
2010-09-10,2.2782,2.111315,1.0643726666666666,0
2010-09-13,2.4008,2.1072166666666665,1.0650078333333333,0
2010-09-13,2.4008,2.1072166666666665,1.0650078333333333,0
2010-09-14,2.3863,2.099893333333333,1.065643,0
2010-09-14,2.3863,2.099893333333333,1.065643,0
2010-09-15,2.2364,2.0920283333333334,1.0662781666666663,0
2010-09-15,2.2364,2.0920283333333334,1.0662781666666663,0
2010-09-16,2.5275,2.0863066666666668,1.0669133333333332,0
2010-09-16,2.5275,2.0863066666666668,1.0669133333333332,0
2010-09-17,2.035,2.0677933333333334,1.0681705,0
2010-09-17,2.035,2.0677933333333334,1.0681705,0
2010-09-19,1.9948,2.054053333333333,1.0694276666666664,0
2010-09-19,1.9948,2.0540533333333335,1.0694276666666664,0
2010-09-20,2.2433,2.043605,1.0706848333333332,0
2010-09-20,2.2433,2.043605,1.0706848333333332,0
2010-09-21,2.3133,2.0385066666666662,1.071942,0
2010-09-21,2.3133,2.0385066666666662,1.071942,0
2010-09-25,2.2509,2.031785,1.0731991666666665,0
2010-09-25,2.2509,2.031785,1.0731991666666665,0
2010-09-26,2.8967,2.036598333333333,1.0744563333333332,0
2010-09-26,2.8967,2.0365983333333335,1.0744563333333332,0
2010-09-27,2.4424,2.0342416666666665,1.0757134999999998,0
2010-09-27,2.4424,2.0342416666666665,1.0757134999999998,0
2010-09-28,2.5502,2.0321333333333333,1.0769706666666663,0
2010-09-28,2.5502,2.0321333333333333,1.0769706666666663,0
2010-09-29,2.69,2.0361583333333333,1.0782278333333333,0
2010-09-29,2.69,2.0361583333333333,1.0782278333333333,0
2010-09-30,2.8408,2.0431166666666667,1.0794849999999998,0
2010-09-30,2.8408,2.0431166666666667,1.0794849999999998,0
2010-10-08,2.6925,2.049795,1.0797499999999998,0
2010-10-08,2.6925,2.049795,1.0797499999999998,0
2010-10-09,1.9129,2.047231666666667,1.080015,0
2010-10-09,1.9129,2.047231666666667,1.080015,0
2010-10-11,1.9563,2.046683333333333,1.08028,0
2010-10-11,1.9563,2.046683333333333,1.08028,0
2010-10-12,1.9025,2.048448333333333,1.080545,0
2010-10-12,1.9025,2.048448333333333,1.080545,0
2010-10-13,1.9125,2.0492883333333336,1.08081,0
2010-10-13,1.9125,2.0492883333333336,1.08081,0
2010-10-14,1.9383,2.050593333333333,1.081075,0
2010-10-14,1.9383,2.050593333333333,1.081075,0
2010-10-15,1.9342,2.0519966666666667,1.08134,0
2010-10-15,1.9342,2.0519966666666667,1.08134,0
2010-10-18,1.9421,2.054045,1.081605,0
2010-10-18,1.9421,2.054045,1.081605,0
2010-10-19,1.9113,2.055136666666667,1.08187,0
2010-10-19,1.9113,2.055136666666667,1.08187,0
2010-10-20,1.9617,2.0592200000000003,1.082135,0
2010-10-20,1.9617,2.0592200000000003,1.082135,0
2010-10-21,1.9342,2.0617766666666664,1.0836481666666669,0
2010-10-21,1.9342,2.0617766666666664,1.0836481666666669,0
2010-10-22,1.9358,2.065206666666666,1.0851613333333334,0
2010-10-22,1.9358,2.0652066666666666,1.0851613333333334,0
2010-10-25,1.9475,2.068755,1.0866745000000002,0
2010-10-25,1.9475,2.068755,1.0866745000000002,0
2010-10-26,1.95,2.073171666666666,1.0881876666666668,0
2010-10-26,1.95,2.0731716666666666,1.0881876666666668,0
2010-10-27,2.0333,2.0789216666666666,1.0897008333333331,0
2010-10-27,2.0333,2.0789216666666666,1.0897008333333333,0
2010-10-28,2.0256,2.08464,1.091214,0
2010-10-28,2.0256,2.08464,1.0912140000000001,0
2010-10-29,2.0211,2.09095,1.0927271666666667,0
2010-10-29,2.0211,2.09095,1.0927271666666667,0
2010-11-01,1.9963,2.096235,1.0942403333333337,0
2010-11-01,1.9963,2.096235,1.0942403333333335,0
2010-11-02,1.8204,2.0993983333333333,1.0957535,0
2010-11-02,1.8204,2.0993983333333333,1.0957535,0
2010-11-03,1.8183,2.1015783333333333,1.0972666666666666,0
2010-11-03,1.8183,2.1015783333333333,1.0972666666666666,0
2010-11-04,1.821,2.103588333333333,1.097276,0
2010-11-04,1.821,2.103588333333333,1.097276,0
2010-11-05,1.6038,2.102123333333333,1.0972853333333332,0
2010-11-05,1.6038,2.102123333333333,1.0972853333333332,0
2010-11-08,1.634,2.100495,1.0972946666666663,0
2010-11-08,1.634,2.100495,1.0972946666666665,0
2010-11-09,1.6396,2.099375,1.0973039999999998,0
2010-11-09,1.6396,2.0993749999999998,1.0973039999999998,0
2010-11-10,1.6344,2.097843333333333,1.0973133333333331,0
2010-11-10,1.6344,2.097843333333333,1.0973133333333331,0
2010-11-11,1.6733,2.096818333333333,1.097322666666667,0
2010-11-11,1.6733,2.096818333333333,1.097322666666667,0
2010-11-12,1.6908,2.095498333333333,1.097332,0
2010-11-12,1.6908,2.095498333333333,1.097332,0
2010-11-15,1.7832,2.0954266666666665,1.0973413333333333,0
2010-11-15,1.7832,2.0954266666666665,1.0973413333333333,0
2010-11-16,1.7445,2.09496,1.0973506666666666,0
2010-11-16,1.7445,2.09496,1.0973506666666666,0
2010-11-17,1.915,2.097846666666667,1.09736,0
2010-11-17,1.915,2.097846666666667,1.09736,0
2010-11-18,1.9946,2.10201,1.0990218333333337,0
2010-11-18,1.9946,2.10201,1.0990218333333335,0
2010-11-19,2.07,2.107696666666667,1.1006836666666666,0
2010-11-19,2.07,2.107696666666667,1.1006836666666666,0
2010-11-22,2.1492,2.11435,1.1023455000000002,0
2010-11-22,2.1492,2.11435,1.1023455000000002,0
2010-11-23,2.2193,2.121903333333333,1.1040073333333331,0
2010-11-23,2.2193,2.1219033333333335,1.1040073333333333,0
2010-11-24,2.3263,2.13014,1.1056691666666665,0
2010-11-24,2.3263,2.13014,1.1056691666666665,0
2010-11-25,2.4792,2.1345566666666667,1.107331,0
2010-11-25,2.4792,2.1345566666666667,1.107331,0
2010-11-26,2.7117,2.141668333333333,1.1089928333333334,0
2010-11-26,2.7117,2.1416683333333335,1.1089928333333334,0
2010-11-29,2.6717,2.137048333333333,1.1106546666666668,0
2010-11-29,2.6717,2.1370483333333334,1.1106546666666668,0
2010-11-30,3.3263,2.142726666666667,1.1123165000000002,0
2010-11-30,3.3263,2.142726666666667,1.1123165000000002,0
2010-12-01,3.3458,2.157096666666667,1.1139783333333333,0
2010-12-01,3.3458,2.157096666666667,1.1139783333333333,0
2010-12-02,3.3471,2.173923333333333,1.1140196666666666,0
2010-12-02,3.3471,2.173923333333333,1.1140196666666666,0
2010-12-03,3.3325,2.192038333333333,1.114061,0
2010-12-03,3.3325,2.1920383333333335,1.114061,0
2010-12-06,3.0871,2.205893333333333,1.1141023333333333,0
2010-12-06,3.0871,2.2058933333333335,1.1141023333333333,0
2010-12-07,2.2078,2.2054683333333336,1.1141436666666666,0
2010-12-07,2.2078,2.2054683333333336,1.1141436666666666,0
2010-12-08,2.5029,2.209075,1.114185,0
2010-12-08,2.5029,2.209075,1.114185,0
2010-12-09,2.4889,2.2125866666666667,1.114226333333333,0
2010-12-09,2.4889,2.2125866666666667,1.114226333333333,0
2010-12-10,2.4933,2.214128333333333,1.1142676666666669,0
2010-12-10,2.4933,2.2141283333333335,1.1142676666666667,0
2010-12-13,2.5527,2.2169016666666663,1.114309,0
2010-12-13,2.5527,2.2169016666666663,1.114309,0
2010-12-14,3.2958,2.234558333333333,1.114350333333333,0
2010-12-14,3.2958,2.234558333333333,1.114350333333333,0
2010-12-15,3.6158,2.2526966666666666,1.114391666666667,0
2010-12-15,3.6158,2.2526966666666666,1.114391666666667,0
2010-12-16,3.3358,2.2743766666666665,1.1156351666666668,0
2010-12-16,3.3358,2.2743766666666665,1.1156351666666668,0
2010-12-17,3.7008,2.30281,1.1168786666666668,0
2010-12-17,3.7008,2.30281,1.1168786666666668,0
2010-12-20,3.5025,2.3237966666666665,1.1181221666666668,0
2010-12-20,3.5025,2.3237966666666665,1.1181221666666668,0
2010-12-21,4.08,2.353241666666667,1.1193656666666667,0
2010-12-21,4.08,2.353241666666667,1.1193656666666667,0
2010-12-22,4.1583,2.385031666666667,1.1206091666666669,0
2010-12-22,4.1583,2.385031666666667,1.1206091666666667,0
2010-12-23,5.6617,2.431115,1.1218526666666668,0
2010-12-23,5.6617,2.431115,1.1218526666666668,0
2010-12-24,4.9308,2.4725883333333334,1.1230961666666668,0
2010-12-24,4.9308,2.4725883333333334,1.1230961666666668,0
2010-12-27,5.2983,2.51839,1.1243396666666667,0
2010-12-27,5.2983,2.51839,1.1243396666666667,0
2010-12-28,5.7621,2.5695916666666667,1.1255831666666667,0
2010-12-28,5.7621,2.5695916666666667,1.1255831666666667,0
2010-12-29,6.0563,2.623183333333333,1.1268266666666666,0
2010-12-29,6.0563,2.623183333333333,1.1268266666666666,0
2010-12-30,6.2853,2.6830633333333336,1.1272975,0
2010-12-30,6.2853,2.6830633333333336,1.1272975,0
2010-12-31,6.3867,2.7576266666666664,1.1277683333333333,0
2010-12-31,6.3867,2.7576266666666664,1.1277683333333333,0
2011-01-04,4.3108,2.7968683333333333,1.128239166666667,0
2011-01-04,4.3108,2.7968683333333333,1.1282391666666667,0
2011-01-05,3.2192,2.818813333333333,1.12871,0
2011-01-05,3.2192,2.818813333333333,1.12871,0
2011-01-06,3.1567,2.83955,1.1291808333333333,0
2011-01-06,3.1567,2.83955,1.1291808333333333,0
2011-01-07,2.7996,2.853905,1.1296516666666667,0
2011-01-07,2.7996,2.853905,1.1296516666666667,0
2011-01-10,2.3725,2.86121,1.1301225,0
2011-01-10,2.3725,2.86121,1.1301225,0
2011-01-11,2.4375,2.8694666666666664,1.1305933333333331,0
2011-01-11,2.4375,2.8694666666666664,1.1305933333333331,0
2011-01-12,2.4853,2.8790333333333336,1.1310641666666668,0
2011-01-12,2.4853,2.8790333333333336,1.1310641666666668,0
2011-01-13,2.3075,2.8847966666666665,1.131535,0
2011-01-13,2.3075,2.8847966666666665,1.131535,0
2011-01-14,2.5458,2.89499,1.1321655,0
2011-01-14,2.5458,2.89499,1.1321655,0
2011-01-17,2.5713,2.905581666666667,1.132796,0
2011-01-17,2.5713,2.905581666666667,1.132796,0
2011-01-18,2.7675,2.919248333333333,1.1334265,0
2011-01-18,2.7675,2.919248333333333,1.1334265,0
2011-01-19,4.0588,2.954395,1.134057,0
2011-01-19,4.0588,2.954395,1.134057,0
2011-01-20,6.0767,3.021785,1.1346875,0
2011-01-20,6.0767,3.021785,1.1346875,0
2011-01-21,7.3208,3.110038333333333,1.135318,0
2011-01-21,7.3208,3.110038333333333,1.135318,0
2011-01-24,5.4242,3.1667566666666667,1.1359485,0
2011-01-24,5.4242,3.1667566666666667,1.1359485,0
2011-01-25,7.7033,3.2618733333333334,1.136579,0
2011-01-25,7.7033,3.2618733333333334,1.136579,0
2011-01-26,7.8725,3.3627416666666665,1.1372095,0
2011-01-26,7.8725,3.3627416666666665,1.1372095,0
2011-01-27,8.4058,3.472533333333333,1.13784,0
2011-01-27,8.4058,3.472533333333333,1.13784,0
2011-01-28,8.1883,3.578655,1.1388698333333334,0
2011-01-28,8.1883,3.578655,1.1388698333333334,0
2011-01-30,8.5117,3.693786666666667,1.1398996666666668,0
2011-01-30,8.5117,3.693786666666667,1.1398996666666668,0
2011-01-31,8.2192,3.80354,1.1409295000000002,0
2011-01-31,8.2192,3.80354,1.1409295000000002,0
2011-02-01,3.3692,3.832366666666666,1.141959333333333,0
2011-02-01,3.3692,3.832366666666666,1.141959333333333,0
2011-02-09,4.0903,3.873298333333333,1.1429891666666667,0
2011-02-09,4.0903,3.873298333333333,1.1429891666666667,0
2011-02-10,3.9717,3.911605,1.144019,0
2011-02-10,3.9717,3.911605,1.1440190000000001,0
2011-02-11,3.971,3.949608333333333,1.1450488333333333,0
2011-02-11,3.971,3.949608333333333,1.1450488333333333,0
2011-02-12,2.6412,3.963908333333333,1.1460786666666667,0
2011-02-12,2.6412,3.963908333333333,1.1460786666666667,0
2011-02-14,2.7067,3.979945,1.1471085,0
2011-02-14,2.7067,3.979945,1.1471085,0
2011-02-15,2.6245,3.99177,1.1481383333333333,0
2011-02-15,2.6245,3.9917700000000003,1.1481383333333333,0
2011-02-16,2.5882,4.001663333333333,1.14818,0
2011-02-16,2.5882,4.001663333333333,1.14818,0
2011-02-17,2.925,4.015913333333334,1.1482216666666667,0
2011-02-17,2.925,4.015913333333334,1.1482216666666667,0
2011-02-18,2.7949,4.026675,1.1482633333333334,0
2011-02-18,2.7949,4.026675,1.1482633333333334,0
2011-02-21,6.0942,4.091256666666667,1.148305,0
2011-02-21,6.0942,4.091256666666667,1.1483050000000001,0
2011-02-22,6.2533,4.1567066666666665,1.1483466666666668,0
2011-02-22,6.2533,4.1567066666666665,1.1483466666666668,0
2011-02-23,6.2033,4.218775,1.1483883333333331,0
2011-02-23,6.2033,4.218775,1.1483883333333333,0
2011-02-24,3.4463,4.231018333333333,1.14843,0
2011-02-24,3.4463,4.231018333333333,1.14843,0
2011-02-25,3.1492,4.238976666666667,1.1484716666666668,0
2011-02-25,3.1492,4.238976666666667,1.1484716666666668,0
2011-02-28,2.9967,4.233483333333333,1.1485133333333335,0
2011-02-28,2.9967,4.233483333333333,1.1485133333333335,0
2011-03-01,2.9958,4.22765,1.1485550000000002,0
2011-03-01,2.9958,4.22765,1.1485550000000002,0
2011-03-02,2.9942,4.221768333333333,1.149466166666667,0
2011-03-02,2.9942,4.221768333333333,1.149466166666667,0
2011-03-03,2.4392,4.20688,1.1503773333333336,0
2011-03-03,2.4392,4.20688,1.1503773333333336,0
2011-03-04,2.2092,4.192248333333334,1.1512885000000002,0
2011-03-04,2.2092,4.192248333333334,1.1512885000000002,0
2011-03-07,2.163,4.1915016666666665,1.1521996666666667,0
2011-03-07,2.163,4.1915016666666665,1.1521996666666667,0
2011-03-08,2.2033,4.186508333333333,1.1531108333333333,0
2011-03-08,2.2033,4.186508333333333,1.1531108333333333,0
2011-03-09,2.1513,4.180881666666667,1.154022,0
2011-03-09,2.1513,4.180881666666667,1.154022,0
2011-03-10,2.2575,4.176951666666667,1.154933166666667,0
2011-03-10,2.2575,4.176951666666667,1.154933166666667,0
2011-03-11,2.0508,4.168586666666667,1.1558443333333337,0
2011-03-11,2.0508,4.168586666666667,1.1558443333333337,0
2011-03-14,2.0467,4.1477683333333335,1.1567555,0
2011-03-14,2.0467,4.1477683333333335,1.1567555,0
2011-03-15,1.9917,4.1207,1.1576666666666666,0
2011-03-15,1.9917,4.1207,1.1576666666666666,0
2011-03-16,1.9933,4.098325,1.1584686666666666,0
2011-03-16,1.9933,4.098325,1.1584686666666666,0
2011-03-17,1.9983,4.06995,1.1592706666666666,0
2011-03-17,1.9983,4.06995,1.1592706666666666,0
2011-03-18,1.9967,4.044853333333333,1.1600726666666668,0
2011-03-18,1.9967,4.044853333333333,1.1600726666666668,0
2011-03-21,2.96,4.026186666666666,1.1608746666666667,0
2011-03-21,2.96,4.026186666666666,1.1608746666666667,0
2011-03-22,2.8283,4.00402,1.1616766666666667,0
2011-03-22,2.8283,4.00402,1.1616766666666667,0
2011-03-23,2.7133,3.95488,1.1624786666666669,0
2011-03-23,2.7133,3.95488,1.1624786666666669,0
2011-03-24,2.7,3.9177,1.1632806666666666,0
2011-03-24,2.7,3.9177,1.1632806666666666,0
2011-03-25,2.2342,3.866631666666667,1.1640826666666666,0
2011-03-25,2.2342,3.866631666666667,1.1640826666666666,0
2011-03-28,2.3058,3.8090266666666666,1.1648846666666666,0
2011-03-28,2.3058,3.8090266666666666,1.1648846666666666,0
2011-03-29,2.0842,3.742825,1.1656866666666663,0
2011-03-29,2.0842,3.742825,1.1656866666666663,0
2011-03-30,2.6071,3.681521666666667,1.1660769999999998,0
2011-03-30,2.6071,3.681521666666667,1.1660769999999998,0
2011-03-31,2.8183,3.622048333333333,1.1664673333333333,0
2011-03-31,2.8183,3.622048333333333,1.1664673333333333,0
2011-04-01,2.7821,3.5965700000000003,1.1668576666666666,0
2011-04-01,2.7821,3.5965700000000003,1.1668576666666666,0
2011-04-02,2.2783,3.5808883333333337,1.1672479999999998,0
2011-04-02,2.2783,3.5808883333333337,1.1672479999999998,0
2011-04-06,2.3883,3.5680816666666666,1.1676383333333331,0
2011-04-06,2.3883,3.5680816666666666,1.1676383333333331,0
2011-04-07,2.0625,3.5557966666666667,1.1680286666666666,0
2011-04-07,2.0625,3.5557966666666667,1.1680286666666666,0
2011-04-08,2.4692,3.557408333333333,1.168419,0
2011-04-08,2.4692,3.557408333333333,1.168419,0
2011-04-11,1.9938,3.550013333333333,1.1688093333333334,0
2011-04-11,1.9938,3.550013333333333,1.1688093333333334,0
2011-04-12,1.9517,3.54112,1.1691996666666666,0
2011-04-12,1.9517,3.54112,1.1691996666666666,0
2011-04-13,1.9658,3.5354250000000005,1.16959,0
2011-04-13,1.9658,3.5354250000000005,1.16959,0
2011-04-14,2.3782,3.5326316666666666,1.1711295,0
2011-04-14,2.3782,3.5326316666666666,1.1711295,0
2011-04-15,2.3513,3.528965,1.172669,0
2011-04-15,2.3513,3.528965,1.172669,0
2011-04-18,2.695,3.527756666666667,1.1742085,0
2011-04-18,2.695,3.527756666666667,1.1742085,0
2011-04-19,2.9598,3.50944,1.175748,0
2011-04-19,2.9598,3.50944,1.175748,0
2011-04-20,2.9992,3.4581483333333334,1.1772874999999998,0
2011-04-20,2.9992,3.4581483333333334,1.1772874999999998,0
2011-04-21,3.9275,3.401593333333333,1.178827,0
2011-04-21,3.9275,3.401593333333333,1.178827,0
2011-04-22,3.5496,3.37035,1.1803665,0
2011-04-22,3.5496,3.37035,1.1803665,0
2011-04-25,4.0542,3.3095316666666665,1.181906,0
2011-04-25,4.0542,3.3095316666666665,1.1819060000000001,0
2011-04-26,4.4275,3.2521150000000003,1.1834455,0
2011-04-26,4.4275,3.2521150000000003,1.1834455,0
2011-04-27,3.7533,3.174573333333333,1.184985,0
2011-04-27,3.7533,3.174573333333333,1.184985,0
2011-04-28,3.0392,3.088755,1.1851145,0
2011-04-28,3.0392,3.088755,1.1851145,0
2011-04-29,2.94,2.995893333333333,1.185244,0
2011-04-29,2.94,2.995893333333333,1.185244,0
2011-05-03,2.9492,2.9080600000000003,1.1853735,0
2011-05-03,2.9492,2.9080600000000003,1.1853735,0
2011-05-04,2.9983,2.901878333333334,1.185503,0
2011-05-04,2.9983,2.901878333333334,1.185503,0
2011-05-05,2.965,2.883123333333333,1.1856325,0
2011-05-05,2.965,2.883123333333333,1.1856325,0
2011-05-06,2.7817,2.86329,1.185762,0
2011-05-06,2.7817,2.8632899999999997,1.185762,0
2011-05-09,2.7458,2.84287,1.1858915,0
2011-05-09,2.7458,2.84287,1.1858915,0
2011-05-10,2.7783,2.845155,1.186021,0
2011-05-10,2.7783,2.845155,1.186021,0
2011-05-11,2.7883,2.846515000000001,1.1861505,0
2011-05-11,2.7883,2.8465150000000006,1.1861505,0
2011-05-12,2.7729,2.848988333333333,1.18628,0
2011-05-12,2.7729,2.8489883333333332,1.18628,0
2011-05-13,3.5542,2.865088333333333,1.1878713333333335,0
2011-05-13,3.5542,2.8650883333333335,1.1878713333333335,0
2011-05-16,4.5983,2.8929766666666668,1.1894626666666668,0
2011-05-16,4.5983,2.8929766666666668,1.1894626666666668,0
2011-05-17,4.6375,2.9236866666666668,1.191054,0
2011-05-17,4.6375,2.9236866666666668,1.191054,0
2011-05-18,3.269,2.8766000000000003,1.1926453333333331,0
2011-05-18,3.269,2.8766000000000003,1.1926453333333333,0
2011-05-19,3.5283,2.8311833333333336,1.1942366666666666,0
2011-05-19,3.5283,2.8311833333333336,1.1942366666666666,0
2011-05-20,3.9892,2.794281666666667,1.195828,0
2011-05-20,3.9892,2.794281666666667,1.195828,0
2011-05-23,4.7108,2.8153566666666667,1.1974193333333334,0
2011-05-23,4.7108,2.8153566666666667,1.1974193333333334,0
2011-05-24,4.73,2.8417033333333337,1.199010666666667,0
2011-05-24,4.73,2.8417033333333337,1.1990106666666667,0
2011-05-25,5.305,2.880175,1.200602,0
2011-05-25,5.305,2.880175,1.200602,0
2011-05-26,5.0883,2.91505,1.2021933333333332,0
2011-05-26,5.0883,2.91505,1.2021933333333332,0
2011-05-27,4.3958,2.93841,1.202602,0
2011-05-27,4.3958,2.9384099999999997,1.202602,0
2011-05-30,3.2008,2.951103333333333,1.203010666666667,0
2011-05-30,3.2008,2.951103333333333,1.203010666666667,0
2011-05-31,3.8467,2.9783950000000003,1.2034193333333334,0
2011-05-31,3.8467,2.9783950000000003,1.2034193333333334,0
2011-06-01,3.9167,3.007623333333333,1.203828,0
2011-06-01,3.9167,3.007623333333333,1.203828,0
2011-06-02,3.5033,3.02929,1.2042366666666666,0
2011-06-02,3.5033,3.02929,1.2042366666666666,0
2011-06-03,3.5075,3.051893333333333,1.2046453333333331,0
2011-06-03,3.5075,3.051893333333333,1.2046453333333333,0
2011-06-07,3.2292,3.0680883333333333,1.205054,0
2011-06-07,3.2292,3.0680883333333333,1.205054,0
2011-06-08,3.71,3.0957416666666666,1.2054626666666668,0
2011-06-08,3.71,3.0957416666666666,1.2054626666666668,0
2011-06-09,4.1017,3.1299916666666667,1.2058713333333333,0
2011-06-09,4.1017,3.1299916666666667,1.2058713333333333,0
2011-06-10,4.6142,3.1737,1.20628,0
2011-06-10,4.6142,3.1737,1.20628,0
2011-06-13,4.5317,3.2160066666666665,1.2072398333333334,0
2011-06-13,4.5317,3.2160066666666665,1.2072398333333334,0
2011-06-14,4.1592,3.2520216666666664,1.2081996666666668,0
2011-06-14,4.1592,3.2520216666666664,1.2081996666666668,0
2011-06-15,6.1825,3.321785,1.2091595000000002,0
2011-06-15,6.1825,3.3217849999999998,1.2091595000000002,0
2011-06-16,6.6,3.382451666666667,1.210119333333333,0
2011-06-16,6.6,3.382451666666667,1.210119333333333,0
2011-06-17,6.6842,3.4467166666666667,1.2110791666666665,0
2011-06-17,6.6842,3.4467166666666667,1.2110791666666665,0
2011-06-20,7.4958,3.526425,1.212039,0
2011-06-20,7.4958,3.526425,1.212039,0
2011-06-21,8.3267,3.620203333333333,1.2129988333333332,0
2011-06-21,8.3267,3.620203333333333,1.2129988333333332,0
2011-06-22,8.835,3.7302166666666654,1.2139586666666666,0
2011-06-22,8.835,3.7302166666666663,1.2139586666666666,0
2011-06-23,9.0708,3.842966666666667,1.2149185,0
2011-06-23,9.0708,3.842966666666667,1.2149185,0
2011-06-24,8.67,3.95273,1.2158783333333332,0
2011-06-24,8.67,3.95273,1.2158783333333332,0
2011-06-27,7.2617,4.030306666666666,1.217142333333333,0
2011-06-27,7.2617,4.030306666666666,1.2171423333333333,0
2011-06-28,6.4925,4.091543333333333,1.2184063333333333,0
2011-06-28,6.4925,4.091543333333333,1.2184063333333333,0
2011-06-29,6.3283,4.150646666666666,1.2196703333333334,0
2011-06-29,6.3283,4.150646666666666,1.2196703333333334,0
2011-06-30,6.5986,4.222651666666667,1.2209343333333331,0
2011-06-30,6.5986,4.222651666666667,1.2209343333333331,0
2011-07-01,5.9483,4.281985000000001,1.2221983333333333,0
2011-07-01,5.9483,4.281985000000001,1.2221983333333333,0
2011-07-04,4.7617,4.326971666666666,1.2234623333333334,0
2011-07-04,4.7617,4.326971666666666,1.2234623333333334,0
2011-07-05,6.7992,4.399138333333334,1.2247263333333334,0
2011-07-05,6.7992,4.399138333333334,1.2247263333333334,0
2011-07-06,7.4367,4.489853333333333,1.2259903333333335,0
2011-07-06,7.4367,4.489853333333333,1.2259903333333335,0
2011-07-07,5.6133,4.550880000000001,1.2272543333333334,0
2011-07-07,5.6133,4.550880000000001,1.2272543333333334,0
2011-07-08,6.2542,4.622353333333334,1.2285183333333334,0
2011-07-08,6.2542,4.622353333333334,1.2285183333333334,0
2011-07-11,5.3283,4.671521666666667,1.2286918333333334,0
2011-07-11,5.3283,4.671521666666667,1.2286918333333334,0
2011-07-12,4.8683,4.713471666666666,1.2288653333333337,0
2011-07-12,4.8683,4.713471666666666,1.2288653333333337,0
2011-07-13,3.6975,4.73018,1.2290388333333333,0
2011-07-13,3.6975,4.73018,1.2290388333333333,0
2011-07-14,4.8042,4.7609200000000005,1.2292123333333334,0
2011-07-14,4.8042,4.7609200000000005,1.2292123333333334,0
2011-07-15,4.0925,4.779141666666666,1.2293858333333334,0
2011-07-15,4.0925,4.779141666666666,1.2293858333333334,0
2011-07-18,4.5217,4.789045,1.2295593333333334,0
2011-07-18,4.5217,4.789045,1.2295593333333334,0
2011-07-19,4.5817,4.806246666666667,1.2297328333333335,0
2011-07-19,4.5817,4.806246666666667,1.2297328333333335,0
2011-07-20,5.3533,4.827898333333334,1.229906333333333,0
2011-07-20,5.3533,4.827898333333334,1.2299063333333333,0
2011-07-21,5.7742,4.850343333333333,1.2300798333333334,0
2011-07-21,5.7742,4.850343333333333,1.2300798333333334,0
2011-07-22,5.42,4.878121666666667,1.2302533333333334,0
2011-07-22,5.42,4.878121666666667,1.2302533333333334,0
2011-07-25,5.2592,4.915121666666666,1.2313853333333336,0
2011-07-25,5.2592,4.915121666666666,1.2313853333333336,0
2011-07-26,4.9908,4.949301666666667,1.2325173333333337,0
2011-07-26,4.9908,4.949301666666667,1.2325173333333337,0
2011-07-27,4.9583,4.982786666666668,1.2336493333333336,0
2011-07-27,4.9583,4.982786666666668,1.2336493333333336,0
2011-07-28,5.0467,5.0169266666666665,1.2347813333333335,0
2011-07-28,5.0467,5.0169266666666665,1.2347813333333335,0
2011-07-29,5.1142,5.052746666666667,1.2359133333333334,0
2011-07-29,5.1142,5.052746666666667,1.2359133333333334,0
2011-08-01,5.0121,5.08992,1.2370453333333336,0
2011-08-01,5.0121,5.08992,1.2370453333333336,0
2011-08-02,4.8732,5.125376666666667,1.2381773333333337,0
2011-08-02,4.8732,5.125376666666667,1.2381773333333337,0
2011-08-03,4.0992,5.147391666666667,1.2393093333333338,0
2011-08-03,4.0992,5.147391666666667,1.2393093333333338,0
2011-08-04,3.2666,5.155363333333333,1.2404413333333335,0
2011-08-04,3.2666,5.155363333333333,1.2404413333333335,0
2011-08-05,3.01,5.159315,1.2415733333333336,0
2011-08-05,3.01,5.159315,1.2415733333333336,0
2011-08-08,3.0,5.150078333333334,1.2426733333333335,0
2011-08-08,3.0,5.150078333333334,1.2426733333333337,0
2011-08-09,3.0933,5.124995,1.2437733333333336,0
2011-08-09,3.0933,5.124995,1.2437733333333336,0
2011-08-10,3.1058,5.099466666666666,1.2448733333333335,0
2011-08-10,3.1058,5.099466666666666,1.2448733333333337,0
2011-08-11,3.0967,5.096595,1.2459733333333336,0
2011-08-11,3.0967,5.096595,1.2459733333333336,0
2011-08-12,3.0825,5.089165,1.2470733333333337,0
2011-08-12,3.0825,5.089165,1.2470733333333337,0
2011-08-15,3.2375,5.0766366666666665,1.2481733333333336,0
2011-08-15,3.2375,5.0766366666666665,1.2481733333333336,0
2011-08-16,3.2129,5.051671666666667,1.2492733333333337,0
2011-08-16,3.2129,5.051671666666667,1.2492733333333337,0
2011-08-17,3.2167,5.0264500000000005,1.2503733333333338,0
2011-08-17,3.2167,5.0264500000000005,1.2503733333333338,0
2011-08-18,3.7658,5.000796666666667,1.2514733333333337,0
2011-08-18,3.7658,5.000796666666667,1.2514733333333337,0
2011-08-19,4.3033,4.987713333333334,1.2525733333333335,0
2011-08-19,4.3033,4.987713333333334,1.2525733333333335,0
2011-08-22,4.9667,4.997228333333334,1.2527941666666669,0
2011-08-22,4.9667,4.997228333333334,1.2527941666666669,0
2011-08-23,5.19,5.030381666666667,1.2530150000000002,0
2011-08-23,5.19,5.030381666666667,1.2530150000000002,0
2011-08-24,4.4383,5.040241666666666,1.2532358333333335,0
2011-08-24,4.4383,5.040241666666666,1.2532358333333335,0
2011-08-25,4.4825,5.049671666666667,1.2534566666666669,0
2011-08-25,4.4825,5.049671666666667,1.2534566666666669,0
2011-08-26,4.0558,5.05888,1.2536775000000002,0
2011-08-26,4.0558,5.05888,1.2536775000000002,0
2011-08-29,4.3961,5.07369,1.2538983333333331,0
2011-08-29,4.3961,5.07369,1.2538983333333333,0
2011-08-30,4.975,5.102786666666666,1.254119166666667,0
2011-08-30,4.975,5.102786666666666,1.2541191666666667,0
2011-08-31,4.955,5.123536666666666,1.25434,0
2011-08-31,4.955,5.123536666666666,1.25434,0
2011-09-01,4.7658,5.134605,1.2545608333333331,0
2011-09-01,4.7658,5.134605,1.2545608333333333,0
2011-09-02,4.2021,5.127736666666666,1.254781666666667,0
2011-09-02,4.2021,5.127736666666666,1.2547816666666667,0
2011-09-05,4.8775,5.1335,1.255669666666667,0
2011-09-05,4.8775,5.1335,1.2556696666666667,0
2011-09-06,4.4883,5.138985,1.256557666666667,0
2011-09-06,4.4883,5.138985,1.256557666666667,0
2011-09-07,4.3625,5.108651666666668,1.257445666666667,0
2011-09-07,4.3625,5.108651666666668,1.257445666666667,0
2011-09-08,4.01,5.065485,1.258333666666667,0
2011-09-08,4.01,5.065485,1.258333666666667,0
2011-09-09,3.6233,5.01447,1.259221666666667,0
2011-09-09,3.6233,5.01447,1.259221666666667,0
2011-09-13,3.2817,4.944235,1.260109666666667,0
2011-09-13,3.2817,4.944235,1.260109666666667,0
2011-09-14,3.2883,4.860261666666667,1.260997666666667,0
2011-09-14,3.2883,4.860261666666667,1.260997666666667,0
2011-09-15,3.3433,4.7687333333333335,1.261885666666667,0
2011-09-15,3.3433,4.7687333333333335,1.261885666666667,0
2011-09-16,3.3202,4.67289,1.262773666666667,0
2011-09-16,3.3202,4.67289,1.262773666666667,0
2011-09-19,3.55,4.587556666666667,1.263661666666667,0
2011-09-19,3.55,4.587556666666667,1.263661666666667,0
2011-09-20,3.9933,4.533083333333334,1.2646540000000004,0
2011-09-20,3.9933,4.533083333333334,1.2646540000000004,0
2011-09-21,4.079,4.492858333333333,1.2656463333333337,0
2011-09-21,4.079,4.492858333333333,1.2656463333333337,0
2011-09-22,3.9025,4.452428333333333,1.266638666666667,0
2011-09-22,3.9025,4.452428333333333,1.266638666666667,0
2011-09-23,4.1633,4.41184,1.2676310000000002,0
2011-09-23,4.1633,4.41184,1.2676310000000002,0
2011-09-26,3.81,4.376201666666666,1.2686233333333334,0
2011-09-26,3.81,4.376201666666666,1.2686233333333334,0
2011-09-27,4.6667,4.374618333333332,1.269615666666667,0
2011-09-27,4.6667,4.374618333333332,1.269615666666667,0
2011-09-28,4.81,4.341465,1.2706080000000002,0
2011-09-28,4.81,4.3414649999999995,1.2706080000000002,0
2011-09-29,5.0675,4.3019783333333335,1.2716003333333334,0
2011-09-29,5.0675,4.3019783333333335,1.2716003333333334,0
2011-09-30,5.0025,4.291798333333333,1.2725926666666667,0
2011-09-30,5.0025,4.291798333333333,1.2725926666666667,0
2011-10-08,4.9667,4.27034,1.273585,0
2011-10-08,4.9667,4.27034,1.273585,0
2011-10-09,4.795,4.261451666666667,1.2743956666666667,0
2011-10-09,4.795,4.261451666666667,1.2743956666666667,0
2011-10-10,4.4283,4.254118333333333,1.2752063333333334,0
2011-10-10,4.4283,4.2541183333333334,1.2752063333333334,0
2011-10-11,4.1975,4.262451666666666,1.2760170000000002,0
2011-10-11,4.1975,4.262451666666666,1.2760170000000002,0
2011-10-12,3.3158,4.237645,1.2768276666666667,0
2011-10-12,3.3158,4.237645,1.2768276666666667,0
2011-10-13,3.1517,4.221965,1.2776383333333334,0
2011-10-13,3.1517,4.221965,1.2776383333333334,0
2011-10-14,3.1475,4.199061666666667,1.2784490000000002,0
2011-10-14,3.1475,4.199061666666667,1.2784490000000002,0
2011-10-17,3.34,4.178366666666666,1.279259666666667,0
2011-10-17,3.34,4.178366666666666,1.279259666666667,0
2011-10-18,3.4933,4.147366666666667,1.2800703333333334,0
2011-10-18,3.4933,4.147366666666667,1.2800703333333334,0
2011-10-19,3.3517,4.106991666666667,1.2808810000000002,0
2011-10-19,3.3517,4.106991666666667,1.2808810000000002,0
2011-10-20,3.4575,4.074283333333333,1.281691666666667,0
2011-10-20,3.4575,4.074283333333333,1.281691666666667,0
2011-10-21,3.4342,4.043866666666666,1.2817498333333333,0
2011-10-21,3.4342,4.043866666666666,1.2817498333333333,0
2011-10-24,3.4033,4.017408333333333,1.281808,0
2011-10-24,3.4033,4.017408333333333,1.281808,0
2011-10-25,3.99,4.00127,1.2818661666666666,0
2011-10-25,3.99,4.00127,1.2818661666666666,0
2011-10-26,4.0917,3.9853533333333337,1.2819243333333334,0
2011-10-26,4.0917,3.9853533333333337,1.2819243333333334,0
2011-10-27,4.5417,3.9758116666666665,1.2819825,0
2011-10-27,4.5417,3.9758116666666665,1.2819825,0
2011-10-28,4.9792,3.975263333333333,1.2820406666666666,0
2011-10-28,4.9792,3.975263333333333,1.2820406666666666,0
2011-10-31,4.9433,3.976431666666667,1.2820988333333334,0
2011-10-31,4.9433,3.976431666666667,1.2820988333333334,0
2011-11-01,4.3542,3.980681666666667,1.282157,0
2011-11-01,4.3542,3.980681666666667,1.282157,0
2011-11-02,3.6958,3.987835,1.2822151666666668,0
2011-11-02,3.6958,3.9878349999999996,1.2822151666666668,0
2011-11-03,3.3975,3.994293333333333,1.2822733333333334,0
2011-11-03,3.3975,3.994293333333333,1.2822733333333334,0
2011-11-04,3.4983,4.002598333333333,1.2830965,0
2011-11-04,3.4983,4.002598333333333,1.2830965,0
2011-11-07,3.5683,4.010515,1.2839196666666668,0
2011-11-07,3.5683,4.010515,1.2839196666666668,0
2011-11-08,3.5583,4.018056666666666,1.2847428333333335,0
2011-11-08,3.5583,4.018056666666666,1.2847428333333335,0
2011-11-09,3.5183,4.025083333333333,1.285566,0
2011-11-09,3.5183,4.025083333333333,1.285566,0
2011-11-10,3.4767,4.031653333333334,1.2863891666666667,0
2011-11-10,3.4767,4.031653333333334,1.2863891666666667,0
2011-11-11,3.5,4.036028333333333,1.2872123333333334,0
2011-11-11,3.5,4.036028333333333,1.2872123333333334,0
2011-11-14,3.3067,4.037591666666667,1.2880355,0
2011-11-14,3.3067,4.037591666666667,1.2880355,0
2011-11-15,3.2975,4.038938333333333,1.2888586666666668,0
2011-11-15,3.2975,4.038938333333333,1.2888586666666668,0
2011-11-16,3.345,4.031924999999999,1.2896818333333333,0
2011-11-16,3.345,4.031924999999999,1.2896818333333333,0
2011-11-17,3.5525,4.019411666666667,1.290505,0
2011-11-17,3.5525,4.019411666666667,1.290505,0
2011-11-18,3.6994,3.99829,1.291263,0
2011-11-18,3.6994,3.99829,1.291263,0
2011-11-21,4.2092,3.9819433333333336,1.292021,0
2011-11-21,4.2092,3.9819433333333336,1.292021,0
2011-11-22,4.4117,3.9815,1.292779,0
2011-11-22,4.4117,3.9815,1.2927790000000001,0
2011-11-23,4.3325,3.979,1.293537,0
2011-11-23,4.3325,3.9789999999999996,1.293537,0
2011-11-24,4.105,3.97982,1.294295,0
2011-11-24,4.105,3.9798199999999997,1.294295,0
2011-11-25,4.0358,3.973815,1.295053,0
2011-11-25,4.0358,3.973815,1.295053,0
2011-11-28,3.9833,3.9572866666666666,1.295811,0
2011-11-28,3.9833,3.9572866666666666,1.295811,0
2011-11-29,3.6375,3.935328333333333,1.296569,0
2011-11-29,3.6375,3.935328333333333,1.296569,0
2011-11-30,3.9642,3.9219683333333335,1.297327,0
2011-11-30,3.9642,3.9219683333333335,1.297327,0
2011-12-01,3.9717,3.9181283333333337,1.298085,0
2011-12-01,3.9717,3.9181283333333337,1.298085,0
2011-12-02,3.6446,3.89758,1.2988266666666666,0
2011-12-02,3.6446,3.89758,1.2988266666666666,0
2011-12-05,3.2933,3.877663333333333,1.2995683333333332,0
2011-12-05,3.2933,3.877663333333333,1.2995683333333332,0
2011-12-06,3.3942,3.861525,1.30031,0
2011-12-06,3.3942,3.861525,1.30031,0
2011-12-07,3.4308,3.851871666666667,1.3010516666666667,0
2011-12-07,3.4308,3.851871666666667,1.3010516666666667,0
2011-12-08,3.4692,3.849303333333333,1.3017933333333334,0
2011-12-08,3.4692,3.849303333333333,1.3017933333333334,0
2011-12-09,3.5308,3.853455,1.302535,0
2011-12-09,3.5308,3.853455,1.302535,0
2011-12-12,3.5392,3.8576366666666666,1.3032766666666666,0
2011-12-12,3.5392,3.8576366666666666,1.3032766666666666,0
2011-12-13,3.4975,3.860206666666667,1.3040183333333335,0
2011-12-13,3.4975,3.860206666666667,1.3040183333333335,0
2011-12-14,3.21,3.85837,1.30476,0
2011-12-14,3.21,3.8583700000000003,1.3047600000000001,0
2011-12-15,3.4492,3.85669,1.3055016666666668,0
2011-12-15,3.4492,3.85669,1.3055016666666668,0
2011-12-16,3.0583,3.8411066666666662,1.3057151666666669,0
2011-12-16,3.0583,3.8411066666666667,1.3057151666666669,0
2011-12-19,3.0075,3.823248333333333,1.3059286666666667,0
2011-12-19,3.0075,3.823248333333333,1.3059286666666667,0
2011-12-20,3.2208,3.811886666666666,1.3061421666666668,0
2011-12-20,3.2208,3.811886666666666,1.3061421666666668,0
2011-12-21,3.5983,3.80247,1.3063556666666667,0
2011-12-21,3.5983,3.80247,1.3063556666666667,0
2011-12-22,3.7733,3.8018583333333336,1.3065691666666668,0
2011-12-22,3.7733,3.8018583333333336,1.3065691666666668,0
2011-12-23,3.7392,3.7864,1.3067826666666669,0
2011-12-23,3.7392,3.7864,1.3067826666666669,0
2011-12-26,4.0958,3.7744966666666655,1.3069961666666667,0
2011-12-26,4.0958,3.7744966666666655,1.3069961666666667,0
2011-12-27,4.3842,3.763108333333333,1.3072096666666668,0
2011-12-27,4.3842,3.763108333333333,1.3072096666666668,0
2011-12-28,4.7292,3.758553333333333,1.3074231666666667,0
2011-12-28,4.7292,3.758553333333333,1.3074231666666667,0
2011-12-29,5.4192,3.766095,1.3076366666666668,0
2011-12-29,5.4192,3.766095,1.3076366666666668,0
2011-12-30,5.5808,3.7791916666666663,1.3079850000000002,0
2011-12-30,5.5808,3.7791916666666667,1.3079850000000002,0
2011-12-31,6.33,3.8108866666666663,1.3083333333333331,0
2011-12-31,6.33,3.8108866666666668,1.3083333333333333,0
2012-01-04,4.0208,3.807941666666667,1.3086816666666667,0
2012-01-04,4.0208,3.807941666666667,1.3086816666666667,0
2012-01-05,4.5042,3.8277483333333335,1.30903,0
2012-01-05,4.5042,3.8277483333333335,1.30903,0
2012-01-06,4.3008,3.8469,1.3093783333333333,0
2012-01-06,4.3008,3.8469,1.3093783333333333,0
2012-01-09,4.5083,3.86958,1.3097266666666667,0
2012-01-09,4.5083,3.86958,1.3097266666666667,0
2012-01-10,4.1017,3.882275,1.310075,0
2012-01-10,4.1017,3.882275,1.3100749999999999,0
2012-01-11,3.9958,3.89065,1.3104233333333333,0
2012-01-11,3.9958,3.89065,1.3104233333333333,0
2012-01-12,4.1658,3.904218333333333,1.3107716666666664,0
2012-01-12,4.1658,3.904218333333333,1.3107716666666664,0
2012-01-13,4.8383,3.927231666666666,1.3111199999999998,0
2012-01-13,4.8383,3.927231666666666,1.3111199999999998,0
2012-01-16,5.585,3.9630783333333337,1.3116504999999998,0
2012-01-16,5.585,3.9630783333333337,1.3116504999999998,0
2012-01-17,7.4117,4.029885,1.3121809999999998,0
2012-01-17,7.4117,4.029885,1.3121809999999998,0
2012-01-18,7.9,4.0950516666666665,1.3127115,0
2012-01-18,7.9,4.0950516666666665,1.3127115,0
2012-01-19,6.0117,4.127051666666667,1.313242,0
2012-01-19,6.0117,4.127051666666667,1.313242,0
2012-01-20,4.9917,4.134551666666667,1.3137724999999998,0
2012-01-20,4.9917,4.134551666666667,1.3137724999999998,0
2012-01-21,3.9308,4.117078333333334,1.314303,0
2012-01-21,3.9308,4.117078333333334,1.314303,0
2012-01-29,4.2308,4.105203333333333,1.3148335,0
2012-01-29,4.2308,4.105203333333333,1.3148335,0
2012-01-30,4.3463,4.1050716666666665,1.315364,0
2012-01-30,4.3463,4.1050716666666665,1.315364,0
2012-01-31,4.3142,4.115378333333333,1.3158945,0
2012-01-31,4.3142,4.115378333333333,1.3158945,0
2012-02-01,4.3567,4.131365,1.316425,0
2012-02-01,4.3567,4.131365,1.316425,0
2012-02-02,4.3267,4.145171666666666,1.3169451666666667,0
2012-02-02,4.3267,4.145171666666666,1.3169451666666667,0
2012-02-03,3.3125,4.140908333333333,1.3174653333333333,0
2012-02-03,3.3125,4.140908333333333,1.3174653333333333,0
2012-02-06,3.4425,4.138978333333333,1.3179855,0
2012-02-06,3.4425,4.138978333333333,1.3179855,0
2012-02-07,3.5,4.138673333333333,1.3185056666666668,0
2012-02-07,3.5,4.138673333333333,1.3185056666666668,0
2012-02-08,3.7108,4.142575,1.3190258333333331,0
2012-02-08,3.7108,4.142575,1.3190258333333331,0
2012-02-09,3.6708,4.145421666666667,1.319546,0
2012-02-09,3.6708,4.145421666666667,1.319546,0
2012-02-10,3.6408,4.150989999999999,1.3200661666666669,0
2012-02-10,3.6408,4.150989999999999,1.3200661666666667,0
2012-02-13,3.6515,4.15689,1.3205863333333334,0
2012-02-13,3.6515,4.15689,1.3205863333333334,0
2012-02-14,3.77,4.163973333333334,1.3211065000000002,0
2012-02-14,3.77,4.163973333333334,1.3211065000000002,0
2012-02-15,3.885,4.169515,1.3216266666666667,0
2012-02-15,3.885,4.169515,1.3216266666666667,0
2012-02-16,4.3283,4.179996666666667,1.3221285,0
2012-02-16,4.3283,4.179996666666667,1.3221285,0
2012-02-17,5.1792,4.196163333333333,1.3226303333333336,0
2012-02-17,5.1792,4.196163333333333,1.3226303333333336,0
2012-02-20,5.3472,4.211755,1.3231321666666669,0
2012-02-20,5.3472,4.211755,1.3231321666666669,0
2012-02-21,5.1233,4.224935,1.3236340000000002,0
2012-02-21,5.1233,4.224935,1.3236340000000002,0
2012-02-22,5.0317,4.24038,1.3241358333333335,0
2012-02-22,5.0317,4.24038,1.3241358333333335,0
2012-02-23,5.485,4.2645333333333335,1.3246376666666666,0
2012-02-23,5.485,4.2645333333333335,1.3246376666666666,0
2012-02-24,4.4817,4.27284,1.3251395,0
2012-02-24,4.4817,4.27284,1.3251395,0
2012-02-27,3.645,4.272965,1.3256413333333334,0
2012-02-27,3.645,4.272965,1.3256413333333334,0
2012-02-28,3.6533,4.267783333333333,1.3261431666666668,0
2012-02-28,3.6533,4.267783333333333,1.3261431666666668,0
2012-02-29,3.4717,4.259449999999999,1.326645,0
2012-02-29,3.4717,4.259449999999999,1.326645,0
2012-03-01,3.2642,4.25311,1.3271981666666668,0
2012-03-01,3.2642,4.25311,1.3271981666666668,0
2012-03-02,3.2683,4.252693333333333,1.3277513333333335,0
2012-03-02,3.2683,4.252693333333333,1.3277513333333335,0
2012-03-05,3.1392,4.248443333333333,1.3283045,0
2012-03-05,3.1392,4.248443333333333,1.3283045,0
2012-03-06,3.1298,4.243426666666666,1.3288576666666667,0
2012-03-06,3.1298,4.243426666666666,1.3288576666666667,0
2012-03-07,3.09,4.237106666666667,1.3294108333333332,0
2012-03-07,3.09,4.237106666666667,1.3294108333333332,0
2012-03-08,2.9325,4.227135,1.329964,0
2012-03-08,2.9325,4.227135,1.329964,0
2012-03-09,2.9683,4.21762,1.3305171666666666,0
2012-03-09,2.9683,4.21762,1.3305171666666666,0
2012-03-12,2.7958,4.205925,1.3310703333333334,0
2012-03-12,2.7958,4.205925,1.3310703333333334,0
2012-03-13,2.9958,4.202355,1.3316234999999998,0
2012-03-13,2.9958,4.202355,1.3316234999999998,0
2012-03-14,3.0,4.194868333333333,1.3321766666666666,0
2012-03-14,3.0,4.194868333333333,1.3321766666666666,0
2012-03-15,2.8808,4.19191,1.332456,0
2012-03-15,2.8808,4.19191,1.3324559999999999,0
2012-03-16,2.8975,4.190076666666666,1.3327353333333334,0
2012-03-16,2.8975,4.190076666666666,1.3327353333333334,0
2012-03-19,2.8883,4.184535,1.333014666666667,0
2012-03-19,2.8883,4.184535,1.333014666666667,0
2012-03-20,2.9983,4.1745350000000006,1.333294,0
2012-03-20,2.9983,4.1745350000000006,1.333294,0
2012-03-21,3.0758,4.16291,1.3335733333333333,0
2012-03-21,3.0758,4.16291,1.3335733333333333,0
2012-03-22,3.1683,4.153395,1.3338526666666666,0
2012-03-22,3.1683,4.153395,1.3338526666666666,0
2012-03-23,2.9758,4.134728333333333,1.334132,0
2012-03-23,2.9758,4.134728333333333,1.334132,0
2012-03-26,3.2983,4.11663,1.3344113333333334,0
2012-03-26,3.2983,4.11663,1.3344113333333334,0
2012-03-27,3.2442,4.09188,1.3346906666666667,0
2012-03-27,3.2442,4.09188,1.3346906666666667,0
2012-03-28,3.525,4.060309999999999,1.33497,0
2012-03-28,3.525,4.060309999999999,1.33497,0
2012-03-29,3.4954,4.025553333333334,1.335368,0
2012-03-29,3.4954,4.025553333333334,1.335368,0
2012-03-30,3.7067,3.9818316666666655,1.335766,0
2012-03-30,3.7067,3.9818316666666655,1.335766,0
2012-03-31,3.4415,3.9721766666666665,1.336164,0
2012-03-31,3.4415,3.9721766666666665,1.336164,0
2012-04-01,3.44,3.95444,1.336562,0
2012-04-01,3.44,3.95444,1.336562,0
2012-04-05,3.9658,3.9488566666666665,1.33696,0
2012-04-05,3.9658,3.9488566666666665,1.33696,0
2012-04-06,4.2258,3.944148333333333,1.3373579999999998,0
2012-04-06,4.2258,3.944148333333333,1.3373579999999998,0
2012-04-09,3.7442,3.93819,1.337756,0
2012-04-09,3.7442,3.9381899999999996,1.337756,0
2012-04-10,3.7008,3.933273333333333,1.3381539999999998,0
2012-04-10,3.7008,3.933273333333333,1.3381539999999998,0
2012-04-11,3.7808,3.926856666666666,1.338552,0
2012-04-11,3.7808,3.926856666666666,1.338552,0
2012-04-12,3.7992,3.909538333333333,1.33895,0
2012-04-12,3.7992,3.909538333333333,1.3389499999999999,0
2012-04-13,3.7942,3.8796916666666665,1.3396568333333332,0
2012-04-13,3.7942,3.8796916666666665,1.3396568333333332,0
2012-04-16,3.8,3.8194966666666654,1.3403636666666667,0
2012-04-16,3.8,3.8194966666666663,1.3403636666666667,0
2012-04-17,3.7517,3.750358333333333,1.3410705,0
2012-04-17,3.7517,3.750358333333333,1.3410705,0
2012-04-18,3.7488,3.712643333333333,1.3417773333333334,0
2012-04-18,3.7488,3.7126433333333333,1.3417773333333334,0
2012-04-19,3.8025,3.6928233333333336,1.3424841666666665,0
2012-04-19,3.8025,3.6928233333333336,1.3424841666666665,0
2012-04-20,3.9525,3.693185,1.3431909999999998,0
2012-04-20,3.9525,3.693185,1.3431909999999998,0
2012-04-23,3.7642,3.685408333333333,1.3438978333333331,0
2012-04-23,3.7642,3.685408333333333,1.3438978333333331,0
2012-04-24,3.7967,3.6762483333333336,1.344604666666667,0
2012-04-24,3.7967,3.6762483333333336,1.3446046666666667,0
2012-04-25,3.9133,3.669566666666667,1.3453115,0
2012-04-25,3.9133,3.669566666666667,1.3453115,0
2012-04-26,3.9708,3.663135,1.346018333333333,0
2012-04-26,3.9708,3.663135,1.346018333333333,0
2012-04-27,3.8725,3.655565,1.346711166666667,0
2012-04-27,3.8725,3.655565,1.3467111666666667,0
2012-04-28,3.7796,3.66335,1.347404,0
2012-04-28,3.7796,3.66335,1.347404,0
2012-05-02,3.8,3.669308333333333,1.3480968333333334,0
2012-05-02,3.8,3.6693083333333334,1.3480968333333334,0
2012-05-03,3.8529,3.67519,1.3487896666666668,0
2012-05-03,3.8529,3.67519,1.3487896666666668,0
2012-05-04,3.8292,3.6771633333333336,1.3494825,0
2012-05-04,3.8292,3.6771633333333336,1.3494825000000001,0
2012-05-07,3.7729,3.678865,1.3501753333333333,0
2012-05-07,3.7729,3.678865,1.3501753333333333,0
2012-05-08,3.6917,3.679713333333333,1.3508681666666669,0
2012-05-08,3.6917,3.6797133333333334,1.3508681666666669,0
2012-05-09,3.3108,3.674035,1.3515610000000002,0
2012-05-09,3.3108,3.674035,1.3515610000000002,0
2012-05-10,3.2258,3.664965,1.3522538333333334,0
2012-05-10,3.2258,3.664965,1.3522538333333334,0
2012-05-11,3.1867,3.6533266666666666,1.3529466666666667,0
2012-05-11,3.1867,3.6533266666666666,1.3529466666666667,0
2012-05-14,3.1433,3.633576666666667,1.3536845,0
2012-05-14,3.1433,3.633576666666667,1.3536845,0
2012-05-15,2.8292,3.5944100000000003,1.3544223333333336,0
2012-05-15,2.8292,3.5944100000000003,1.3544223333333336,0
2012-05-16,2.7867,3.551735,1.3551601666666668,0
2012-05-16,2.7867,3.551735,1.3551601666666668,0
2012-05-17,2.68,3.511013333333333,1.355898,0
2012-05-17,2.68,3.511013333333333,1.355898,0
2012-05-18,2.6858,3.471915,1.3566358333333333,0
2012-05-18,2.6858,3.471915,1.3566358333333333,0
2012-05-21,2.6742,3.425068333333334,1.3573736666666667,0
2012-05-21,2.6742,3.425068333333334,1.3573736666666667,0
2012-05-22,2.6925,3.395248333333333,1.3581115,0
2012-05-22,2.6925,3.3952483333333334,1.3581115000000001,0
2012-05-23,2.4196,3.3748250000000004,1.3588493333333334,0
2012-05-23,2.4196,3.3748250000000004,1.3588493333333334,0
2012-05-24,2.2277,3.351065,1.3595871666666668,0
2012-05-24,2.2277,3.351065,1.3595871666666668,0
2012-05-25,2.5025,3.334911666666667,1.360325,0
2012-05-25,2.5025,3.334911666666667,1.360325,0
2012-05-28,2.4958,3.322105,1.3605785,0
2012-05-28,2.4958,3.322105,1.3605785,0
2012-05-29,2.5733,3.310521666666667,1.360832,0
2012-05-29,2.5733,3.310521666666667,1.360832,0
2012-05-30,2.3217,3.2968966666666666,1.3610855000000002,0
2012-05-30,2.3217,3.2968966666666666,1.3610855000000002,0
2012-05-31,2.1375,3.280358333333333,1.361339,0
2012-05-31,2.1375,3.280358333333333,1.361339,0
2012-06-01,2.3442,3.2679283333333333,1.3615925,0
2012-06-01,2.3442,3.2679283333333333,1.3615925,0
2012-06-04,2.5183,3.261025,1.361846,0
2012-06-04,2.5183,3.261025,1.361846,0
2012-06-05,2.5967,3.2548316666666666,1.3620995000000002,0
2012-06-05,2.5967,3.2548316666666666,1.3620995000000002,0
2012-06-06,2.5667,3.2510133333333333,1.362353,0
2012-06-06,2.5667,3.2510133333333333,1.362353,0
2012-06-07,2.675,3.2456666666666667,1.3626065000000005,0
2012-06-07,2.675,3.2456666666666667,1.3626065000000003,0
2012-06-08,2.4567,3.236611666666667,1.3628600000000002,0
2012-06-08,2.4567,3.236611666666667,1.3628600000000002,0
2012-06-11,2.4154,3.228855,1.3634793333333337,0
2012-06-11,2.4154,3.228855,1.3634793333333335,0
2012-06-12,2.5325,3.222771666666667,1.3640986666666668,0
2012-06-12,2.5325,3.222771666666667,1.3640986666666668,0
2012-06-13,2.6883,3.2194383333333336,1.364718,0
2012-06-13,2.6883,3.2194383333333336,1.364718,0
2012-06-14,2.695,3.214383333333333,1.3653373333333334,0
2012-06-14,2.695,3.214383333333333,1.3653373333333334,0
2012-06-15,2.7196,3.2084466666666667,1.3659566666666667,0
2012-06-15,2.7196,3.2084466666666667,1.3659566666666667,0
2012-06-18,2.5567,3.198253333333333,1.366576,0
2012-06-18,2.5567,3.198253333333333,1.366576,0
2012-06-19,2.9242,3.1973933333333333,1.367195333333333,0
2012-06-19,2.9242,3.1973933333333333,1.3671953333333333,0
2012-06-20,3.4163,3.1993599999999995,1.3678146666666666,0
2012-06-20,3.4163,3.1993599999999995,1.3678146666666666,0
2012-06-21,4.3083,3.217095,1.368434,0
2012-06-21,4.3083,3.217095,1.368434,0
2012-06-25,4.2175,3.2286366666666666,1.3690533333333332,0
2012-06-25,4.2175,3.2286366666666666,1.3690533333333332,0
2012-06-26,4.28,3.241713333333333,1.3696841666666666,0
2012-06-26,4.28,3.241713333333333,1.3696841666666666,0
2012-06-27,4.1708,3.249448333333333,1.370315,0
2012-06-27,4.1708,3.2494483333333335,1.370315,0
2012-06-28,3.925,3.2575066666666666,1.3709458333333333,0
2012-06-28,3.925,3.2575066666666666,1.3709458333333333,0
2012-06-29,4.1083,3.268645,1.3715766666666669,0
2012-06-29,4.1083,3.268645,1.3715766666666669,0
2012-07-02,4.1567,3.271826666666667,1.3722075,0
2012-07-02,4.1567,3.271826666666667,1.3722075,0
2012-07-03,4.165,3.2708133333333334,1.3728383333333332,0
2012-07-03,4.165,3.2708133333333334,1.3728383333333332,0
2012-07-04,3.8558,3.272673333333334,1.3734691666666667,0
2012-07-04,3.8558,3.272673333333334,1.3734691666666667,0
2012-07-05,3.99,3.277493333333333,1.3741,0
2012-07-05,3.99,3.277493333333333,1.3741,0
2012-07-06,3.4308,3.27166,1.3747308333333332,0
2012-07-06,3.4308,3.27166,1.3747308333333332,0
2012-07-09,3.3442,3.264076666666667,1.3753616666666666,0
2012-07-09,3.3442,3.264076666666667,1.3753616666666666,0
2012-07-10,3.3142,3.2560766666666665,1.3764158333333332,0
2012-07-10,3.3142,3.2560766666666665,1.3764158333333332,0
2012-07-11,3.2663,3.247181666666667,1.3774700000000002,0
2012-07-11,3.2663,3.247181666666667,1.3774700000000002,0
2012-07-12,3.1908,3.2378333333333336,1.3785241666666668,0
2012-07-12,3.1908,3.2378333333333336,1.3785241666666668,0
2012-07-13,3.3317,3.230881666666667,1.3795783333333334,0
2012-07-13,3.3317,3.230881666666667,1.3795783333333334,0
2012-07-16,3.2746,3.222083333333333,1.3806325,0
2012-07-16,3.2746,3.222083333333333,1.3806325,0
2012-07-17,3.2771,3.2108266666666667,1.3816866666666667,0
2012-07-17,3.2771,3.2108266666666667,1.3816866666666667,0
2012-07-18,3.45,3.2055900000000004,1.3827408333333335,0
2012-07-18,3.45,3.2055900000000004,1.3827408333333335,0
2012-07-19,3.5225,3.20102,1.3837950000000003,0
2012-07-19,3.5225,3.2010199999999998,1.3837950000000003,0
2012-07-20,3.5642,3.1952016666666667,1.384849166666667,0
2012-07-20,3.5642,3.1952016666666667,1.384849166666667,0
2012-07-23,3.5533,3.1882433333333333,1.3859033333333337,0
2012-07-23,3.5533,3.1882433333333333,1.3859033333333337,0
2012-07-24,3.3717,3.1798966666666666,1.3863868333333331,0
2012-07-24,3.3717,3.1798966666666666,1.3863868333333333,0
2012-07-25,3.3375,3.172528333333333,1.3868703333333336,0
2012-07-25,3.3375,3.172528333333333,1.3868703333333336,0
2012-07-26,3.3767,3.1654733333333334,1.3873538333333335,0
2012-07-26,3.3767,3.1654733333333334,1.3873538333333335,0
2012-07-27,3.1092,3.153078333333333,1.3878373333333336,0
2012-07-27,3.1092,3.153078333333333,1.3878373333333336,0
2012-07-30,3.1233,3.141313333333333,1.3883208333333334,0
2012-07-30,3.1233,3.141313333333333,1.3883208333333334,0
2012-07-31,3.3508,3.134278333333333,1.3888043333333333,0
2012-07-31,3.3508,3.1342783333333335,1.3888043333333333,0
2012-08-01,3.4175,3.1297083333333333,1.3892878333333336,0
2012-08-01,3.4175,3.1297083333333333,1.3892878333333336,0
2012-08-02,3.4992,3.132848333333333,1.3897713333333337,0
2012-08-02,3.4992,3.1328483333333335,1.3897713333333335,0
2012-08-03,3.3917,3.135613333333333,1.3902548333333336,0
2012-08-03,3.3917,3.135613333333333,1.3902548333333336,0
2012-08-06,3.4,3.139168333333333,1.3907383333333334,0
2012-08-06,3.4,3.139168333333333,1.3907383333333334,0
2012-08-07,3.2575,3.1410716666666665,1.3914958333333334,0
2012-08-07,3.2575,3.1410716666666665,1.3914958333333334,0
2012-08-08,3.2533,3.14814,1.3922533333333336,0
2012-08-08,3.2533,3.14814,1.3922533333333336,0
2012-08-09,3.3117,3.15689,1.3930108333333335,0
2012-08-09,3.3117,3.15689,1.3930108333333335,0
2012-08-10,3.3,3.1672233333333333,1.3937683333333335,0
2012-08-10,3.3,3.1672233333333333,1.3937683333333335,0
2012-08-13,3.3383,3.178098333333333,1.3945258333333337,0
2012-08-13,3.3383,3.178098333333333,1.3945258333333337,0
2012-08-14,3.3417,3.189223333333333,1.3952833333333334,0
2012-08-14,3.3417,3.189223333333333,1.3952833333333334,0
2012-08-15,3.4,3.201015,1.3960408333333336,0
2012-08-15,3.4,3.201015,1.3960408333333336,0
2012-08-16,3.525,3.219438333333333,1.3967983333333336,0
2012-08-16,3.525,3.219438333333333,1.3967983333333336,0
2012-08-17,3.9025,3.2473516666666664,1.3975558333333336,0
2012-08-17,3.9025,3.2473516666666664,1.3975558333333336,0
2012-08-20,3.585,3.2653933333333334,1.3983133333333335,0
2012-08-20,3.585,3.2653933333333334,1.3983133333333335,0
2012-08-21,3.7458,3.2862266666666664,1.3996641666666667,0
2012-08-21,3.7458,3.2862266666666664,1.3996641666666667,0
2012-08-22,3.8,3.306671666666667,1.4010150000000003,0
2012-08-22,3.8,3.306671666666667,1.4010150000000003,0
2012-08-23,3.8,3.33131,1.4023658333333338,0
2012-08-23,3.8,3.33131,1.4023658333333338,0
2012-08-24,3.62,3.356018333333333,1.403716666666667,0
2012-08-24,3.62,3.356018333333333,1.403716666666667,0
2012-08-27,3.4508,3.3744616666666665,1.4050675000000004,0
2012-08-27,3.4508,3.3744616666666665,1.4050675000000004,0
2012-08-28,3.0817,3.3838516666666667,1.4064183333333335,0
2012-08-28,3.0817,3.3838516666666667,1.4064183333333335,0
2012-08-29,3.5279,3.3993716666666667,1.4077691666666672,0
2012-08-29,3.5279,3.3993716666666667,1.4077691666666672,0
2012-08-30,3.5842,3.41633,1.4091200000000004,0
2012-08-30,3.5842,3.41633,1.4091200000000004,0
2012-08-31,3.5108,3.43026,1.4104708333333338,0
2012-08-31,3.5108,3.4302599999999996,1.4104708333333338,0
2012-09-03,3.3917,3.4458433333333334,1.411821666666667,0
2012-09-03,3.3917,3.4458433333333334,1.411821666666667,0
2012-09-04,2.5025,3.447295,1.412605,0
2012-09-04,2.5025,3.4472949999999996,1.412605,0
2012-09-05,3.4275,3.4622116666666667,1.4133883333333337,0
2012-09-05,3.4275,3.4622116666666667,1.4133883333333337,0
2012-09-06,3.4017,3.474101666666667,1.414171666666667,0
2012-09-06,3.4017,3.474101666666667,1.414171666666667,0
2012-09-07,3.3908,3.485698333333333,1.4149550000000002,0
2012-09-07,3.3908,3.485698333333333,1.4149550000000002,0
2012-09-10,3.0025,3.4904133333333336,1.4157383333333335,0
2012-09-10,3.0025,3.4904133333333336,1.4157383333333335,0
2012-09-11,2.9973,3.497756666666666,1.416521666666667,0
2012-09-11,2.9973,3.4977566666666666,1.4165216666666667,0
2012-09-12,3.4346,3.506263333333333,1.4173050000000005,0
2012-09-12,3.4346,3.5062633333333335,1.4173050000000003,0
2012-09-13,3.435,3.506575,1.4180883333333334,0
2012-09-13,3.435,3.506575,1.4180883333333334,0
2012-09-14,3.3633,3.490825,1.4188716666666663,0
2012-09-14,3.3633,3.490825,1.4188716666666663,0
2012-09-17,3.2433,3.4745883333333336,1.419655,0
2012-09-17,3.2433,3.4745883333333336,1.419655,0
2012-09-18,3.1408,3.455601666666667,1.4201771666666665,0
2012-09-18,3.1408,3.455601666666667,1.4201771666666665,0
2012-09-19,3.3017,3.4411166666666664,1.420699333333333,0
2012-09-19,3.3017,3.4411166666666664,1.4206993333333333,0
2012-09-20,3.9075,3.440825,1.4212215,0
2012-09-20,3.9075,3.440825,1.4212215,0
2012-09-21,4.4258,3.4461166666666667,1.4217436666666663,0
2012-09-21,4.4258,3.4461166666666667,1.4217436666666663,0
2012-09-24,4.4975,3.451796666666666,1.4222658333333331,0
2012-09-24,4.4975,3.4517966666666666,1.4222658333333333,0
2012-09-25,4.7408,3.461393333333333,1.422788,0
2012-09-25,4.7408,3.4613933333333335,1.422788,0
2012-09-26,3.7417,3.459491666666666,1.4233101666666668,0
2012-09-26,3.7417,3.459491666666666,1.4233101666666668,0
2012-09-27,3.7692,3.455811666666667,1.4238323333333334,0
2012-09-27,3.7692,3.455811666666667,1.4238323333333334,0
2012-09-28,2.8275,3.4457566666666666,1.4243545,0
2012-09-28,2.8275,3.4457566666666666,1.4243545,0
2012-09-29,3.1867,3.4431316666666665,1.4248766666666666,0
2012-09-29,3.1867,3.4431316666666665,1.4248766666666666,0
2012-10-08,3.8125,3.4514366666666665,1.426155833333333,0
2012-10-08,3.8125,3.4514366666666665,1.426155833333333,0
2012-10-09,3.7508,3.4595116666666663,1.4274350000000002,0
2012-10-09,3.7508,3.4595116666666663,1.4274350000000002,0
2012-10-10,3.16,3.4589983333333336,1.4287141666666667,0
2012-10-10,3.16,3.4589983333333336,1.4287141666666667,0
2012-10-11,3.1608,3.45615,1.4299933333333334,0
2012-10-11,3.1608,3.45615,1.4299933333333334,0
2012-10-12,3.1725,3.454448333333333,1.4312725,0
2012-10-12,3.1725,3.454448333333333,1.4312725,0
2012-10-15,2.7742,3.446066666666667,1.4325516666666664,0
2012-10-15,2.7742,3.446066666666667,1.4325516666666664,0
2012-10-16,2.7933,3.4351216666666664,1.4338308333333336,0
2012-10-16,2.7933,3.4351216666666664,1.4338308333333336,0
2012-10-17,2.8508,3.423926666666667,1.43511,0
2012-10-17,2.8508,3.423926666666667,1.43511,0
2012-10-18,2.68,3.40919,1.4363891666666668,0
2012-10-18,2.68,3.40919,1.4363891666666668,0
2012-10-19,2.6868,3.3947483333333333,1.437668333333333,0
2012-10-19,2.6868,3.3947483333333333,1.437668333333333,0
2012-10-22,2.7075,3.3836783333333336,1.438167,0
2012-10-22,2.7075,3.3836783333333336,1.438167,0
2012-10-23,2.905,3.37647,1.4386656666666668,0
2012-10-23,2.905,3.37647,1.4386656666666668,0
2012-10-24,3.1467,3.3726366666666663,1.4391643333333335,0
2012-10-24,3.1467,3.3726366666666663,1.4391643333333335,0
2012-10-25,3.6175,3.381108333333333,1.439663,0
2012-10-25,3.6175,3.381108333333333,1.4396630000000001,0
2012-10-26,3.5867,3.388831666666667,1.4401616666666666,0
2012-10-26,3.5867,3.388831666666667,1.4401616666666666,0
2012-10-29,4.1958,3.402915,1.4406603333333332,0
2012-10-29,4.1958,3.4029149999999997,1.4406603333333332,0
2012-10-30,3.2361,3.399891666666667,1.441159,0
2012-10-30,3.2361,3.399891666666667,1.441159,0
2012-10-31,3.2183,3.39521,1.4416576666666667,0
2012-10-31,3.2183,3.39521,1.4416576666666667,0
2012-11-01,3.4223,3.39572,1.4421563333333334,0
2012-11-01,3.4223,3.39572,1.4421563333333334,0
2012-11-02,3.4267,3.3961650000000003,1.442655,0
2012-11-02,3.4267,3.3961650000000003,1.442655,0
2012-11-05,3.3308,3.397386666666667,1.442703,0
2012-11-05,3.3308,3.397386666666667,1.442703,0
2012-11-06,3.1952,3.396418333333333,1.442751,0
2012-11-06,3.1952,3.3964183333333335,1.4427510000000001,0
2012-11-07,3.1229,3.3932716666666667,1.4427990000000002,0
2012-11-07,3.1229,3.3932716666666667,1.4427990000000002,0
2012-11-08,3.2792,3.392925,1.4428470000000002,0
2012-11-08,3.2792,3.392925,1.4428470000000002,0
2012-11-09,3.1133,3.3891750000000003,1.442895,0
2012-11-09,3.1133,3.3891750000000003,1.442895,0
2012-11-12,3.0825,3.384855,1.442943,0
2012-11-12,3.0825,3.384855,1.442943,0
2012-11-13,3.1505,3.3806966666666662,1.442991,0
2012-11-13,3.1505,3.3806966666666662,1.4429910000000001,0
2012-11-14,3.3483,3.377751666666667,1.4430390000000002,0
2012-11-14,3.3483,3.377751666666667,1.4430390000000002,0
2012-11-15,3.3167,3.367988333333334,1.4430870000000002,0
2012-11-15,3.3167,3.367988333333334,1.4430870000000002,0
2012-11-16,2.9075,3.3566966666666667,1.4431350000000005,0
2012-11-16,2.9075,3.3566966666666667,1.4431350000000005,0
2012-11-19,3.2042,3.34767,1.4431468333333335,0
2012-11-19,3.2042,3.34767,1.4431468333333335,0
2012-11-20,3.3425,3.3400449999999995,1.443158666666667,0
2012-11-20,3.3425,3.3400449999999995,1.443158666666667,0
2012-11-21,3.1975,3.330003333333333,1.4431705,0
2012-11-21,3.1975,3.330003333333333,1.4431705,0
2012-11-22,3.2183,3.3233083333333338,1.4431823333333336,0
2012-11-22,3.2183,3.3233083333333338,1.4431823333333336,0
2012-11-23,2.8467,3.3132400000000004,1.4431941666666668,0
2012-11-23,2.8467,3.3132400000000004,1.4431941666666668,0
2012-11-26,2.8458,3.309308333333333,1.443206,0
2012-11-26,2.8458,3.3093083333333335,1.443206,0
2012-11-27,2.8708,3.2983566666666677,1.4432178333333334,0
2012-11-27,2.8708,3.2983566666666673,1.4432178333333334,0
2012-11-28,3.3617,3.2946483333333334,1.4432296666666666,0
2012-11-28,3.3617,3.2946483333333334,1.4432296666666666,0
2012-11-29,3.3408,3.291815,1.4432415,0
2012-11-29,3.3408,3.291815,1.4432415,0
2012-11-30,3.3867,3.2917316666666663,1.4432533333333333,0
2012-11-30,3.3867,3.2917316666666663,1.4432533333333333,0
2012-12-03,3.3572,3.3059766666666666,1.4432763333333332,0
2012-12-03,3.3572,3.3059766666666666,1.4432763333333332,0
2012-12-04,2.883,3.2969016666666664,1.4432993333333333,0
2012-12-04,2.883,3.2969016666666664,1.4432993333333333,0
2012-12-05,2.8,3.286873333333333,1.4433223333333334,0
2012-12-05,2.8,3.286873333333333,1.4433223333333334,0
2012-12-06,2.883,3.27841,1.4433453333333333,0
2012-12-06,2.883,3.27841,1.4433453333333333,0
2012-12-07,3.054,3.279268333333333,1.4433683333333334,0
2012-12-07,3.054,3.279268333333333,1.4433683333333334,0
2012-12-10,3.024,3.279713333333333,1.4433913333333332,0
2012-12-10,3.024,3.2797133333333335,1.4433913333333332,0
2012-12-11,3.008,3.272603333333333,1.4434143333333334,0
2012-12-11,3.008,3.2726033333333335,1.4434143333333334,0
2012-12-12,3.016,3.26562,1.4434373333333332,0
2012-12-12,3.016,3.2656199999999997,1.4434373333333332,0
2012-12-13,2.66,3.2538983333333333,1.4434603333333331,0
2012-12-13,2.66,3.2538983333333333,1.4434603333333333,0
2012-12-14,3.0,3.249843333333333,1.4434833333333332,0
2012-12-14,3.0,3.249843333333333,1.4434833333333332,0
2012-12-17,3.0185,3.247805,1.4434941666666663,0
2012-12-17,3.0185,3.247805,1.4434941666666665,0
2012-12-18,2.999,3.24276,1.443505,0
2012-12-18,2.999,3.24276,1.443505,0
2012-12-19,3.043,3.2283516666666667,1.443515833333333,0
2012-12-19,3.043,3.2283516666666667,1.443515833333333,0
2012-12-20,3.45,3.212088333333333,1.4435266666666666,0
2012-12-20,3.45,3.212088333333333,1.4435266666666666,0
2012-12-21,3.396,3.19373,1.4435375,0
2012-12-21,3.396,3.19373,1.4435375000000001,0
2012-12-24,3.179,3.1676999999999995,1.4435483333333334,0
2012-12-24,3.179,3.1676999999999995,1.4435483333333334,0
2012-12-25,3.812,3.168871666666667,1.4435591666666667,0
2012-12-25,3.812,3.168871666666667,1.4435591666666667,0
2012-12-26,3.894,3.170951666666667,1.44357,0
2012-12-26,3.894,3.170951666666667,1.44357,0
2012-12-27,3.991,3.1903433333333333,1.4435808333333335,0
2012-12-27,3.991,3.1903433333333333,1.4435808333333335,0
2012-12-28,4.067,3.2050150000000004,1.4435916666666668,0
2012-12-28,4.067,3.2050150000000004,1.4435916666666668,0
2012-12-31,4.58,3.2178066666666667,1.4437445000000002,0
2012-12-31,4.58,3.2178066666666667,1.4437445000000002,0
2013-01-04,4.048,3.22276,1.4438973333333336,0
2013-01-04,4.048,3.22276,1.4438973333333336,0
2013-01-05,3.801,3.233443333333333,1.4440501666666667,0
2013-01-05,3.801,3.233443333333333,1.4440501666666667,0
2013-01-06,3.6,3.240763333333333,1.444203,0
2013-01-06,3.6,3.240763333333333,1.444203,0
2013-01-07,3.2,3.2412216666666667,1.4443558333333333,0
2013-01-07,3.2,3.2412216666666667,1.4443558333333333,0
2013-01-08,3.15,3.247485,1.4445086666666669,0
2013-01-08,3.15,3.247485,1.4445086666666669,0
2013-01-09,3.0245,3.251338333333334,1.4446615,0
2013-01-09,3.0245,3.251338333333334,1.4446615,0
2013-01-10,2.999,3.253808333333333,1.4448143333333334,0
2013-01-10,2.999,3.253808333333333,1.4448143333333334,0
2013-01-11,2.746,3.2549083333333337,1.4449671666666666,0
2013-01-11,2.746,3.2549083333333337,1.4449671666666666,0
2013-01-14,2.794,3.256695,1.44512,0
2013-01-14,2.794,3.256695,1.44512,0
2013-01-15,2.871,3.25942,1.4451866666666666,0
2013-01-15,2.871,3.25942,1.4451866666666666,0
2013-01-16,2.788,3.25747,1.4452533333333333,0
2013-01-16,2.788,3.2574699999999996,1.4452533333333333,0
2013-01-17,2.805,3.2517750000000003,1.44532,0
2013-01-17,2.805,3.2517750000000003,1.44532,0
2013-01-18,2.89,3.23965,1.4453866666666666,0
2013-01-18,2.89,3.23965,1.4453866666666666,0
2013-01-21,2.991,3.229721666666667,1.4454533333333333,0
2013-01-21,2.991,3.229721666666667,1.4454533333333333,0
2013-01-22,2.994,3.2096916666666666,1.44552,0
2013-01-22,2.994,3.2096916666666666,1.44552,0
2013-01-23,2.9848,3.205503333333333,1.4455866666666666,0
2013-01-23,2.9848,3.205503333333333,1.4455866666666666,0
2013-01-24,2.824,3.1989316666666667,1.4456533333333332,0
2013-01-24,2.824,3.1989316666666667,1.4456533333333332,0
2013-01-25,2.698,3.18686,1.44572,0
2013-01-25,2.698,3.1868600000000002,1.44572,0
2013-01-28,2.992,3.179615,1.4457866666666666,0
2013-01-28,2.992,3.179615,1.4457866666666666,0
2013-01-29,3.0995,3.1757599999999995,1.445889,0
2013-01-29,3.0995,3.1757599999999995,1.445889,0
2013-01-30,3.236,3.17644,1.4459913333333332,0
2013-01-30,3.236,3.17644,1.4459913333333332,0
2013-01-31,3.233,3.178275,1.4460936666666666,0
2013-01-31,3.233,3.178275,1.4460936666666666,0
2013-02-01,3.34,3.179288333333333,1.4461959999999998,0
2013-02-01,3.34,3.179288333333333,1.4461959999999998,0
2013-02-04,3.4,3.1840666666666664,1.4462983333333332,0
2013-02-04,3.4,3.1840666666666664,1.4462983333333332,0
2013-02-05,3.338,3.188325,1.446400666666667,0
2013-02-05,3.338,3.188325,1.446400666666667,0
2013-02-06,3.696,3.1974166666666672,1.446503,0
2013-02-06,3.696,3.1974166666666672,1.4465029999999999,0
2013-02-07,4.1,3.209945,1.4466053333333333,0
2013-02-07,4.1,3.209945,1.4466053333333333,0
2013-02-08,3.513,3.213216666666667,1.4467076666666665,0
2013-02-08,3.513,3.213216666666667,1.4467076666666665,0
2013-02-16,2.831,3.2119416666666667,1.44681,0
2013-02-16,2.831,3.2119416666666667,1.44681,0
2013-02-17,2.986,3.208305,1.4468701666666666,0
2013-02-17,2.986,3.208305,1.4468701666666666,0
2013-02-18,2.9286,3.2014066666666667,1.4469303333333332,0
2013-02-18,2.9286,3.2014066666666667,1.4469303333333332,0
2013-02-19,2.949,3.197265,1.4469905,0
2013-02-19,2.949,3.197265,1.4469905,0
2013-02-20,2.949,3.1927766666666666,1.4470506666666667,0
2013-02-20,2.949,3.1927766666666666,1.4470506666666667,0
2013-02-21,2.998,3.195298333333333,1.4471108333333331,0
2013-02-21,2.998,3.195298333333333,1.4471108333333333,0
2013-02-22,3.091,3.199385,1.447171,0
2013-02-22,3.091,3.199385,1.447171,0
2013-02-25,3.31,3.206705,1.4472311666666666,0
2013-02-25,3.31,3.206705,1.4472311666666666,0
2013-02-26,3.811,3.2141933333333337,1.4472913333333337,0
2013-02-26,3.811,3.2141933333333337,1.4472913333333335,0
2013-02-27,4.225,3.22893,1.4473515,0
2013-02-27,4.225,3.22893,1.4473515,0
2013-02-28,4.267,3.243601666666667,1.4474116666666668,0
2013-02-28,4.267,3.243601666666667,1.4474116666666668,0
2013-03-01,4.476,3.2622483333333334,1.447489,0
2013-03-01,4.476,3.2622483333333334,1.447489,0
2013-03-04,4.313,3.2860816666666666,1.4475663333333333,0
2013-03-04,4.313,3.2860816666666666,1.4475663333333333,0
2013-03-05,3.189,3.2925650000000006,1.4476436666666668,0
2013-03-05,3.189,3.2925650000000006,1.4476436666666668,0
2013-03-06,2.998,3.294481666666667,1.447721,0
2013-03-06,2.998,3.294481666666667,1.447721,0
2013-03-07,2.519,3.285565,1.4477983333333333,0
2013-03-07,2.519,3.285565,1.4477983333333333,0
2013-03-08,2.496,3.276765,1.4478756666666666,0
2013-03-08,2.496,3.2767649999999997,1.4478756666666666,0
2013-03-11,2.998,3.2765983333333333,1.4479529999999998,0
2013-03-11,2.998,3.2765983333333333,1.4479529999999998,0
2013-03-12,3.07,3.2774983333333334,1.4480303333333333,0
2013-03-12,3.07,3.2774983333333334,1.4480303333333333,0
2013-03-13,3.035,3.283748333333333,1.4481076666666666,0
2013-03-13,3.035,3.2837483333333335,1.4481076666666666,0
2013-03-14,3.084,3.2851483333333333,1.4481849999999998,0
2013-03-14,3.084,3.2851483333333333,1.4481849999999998,0
2013-03-15,3.3905,3.291348333333333,1.4482499999999998,0
2013-03-15,3.3905,3.291348333333333,1.4482499999999998,0
2013-03-18,3.086,3.292798333333333,1.4483149999999998,0
2013-03-18,3.086,3.292798333333333,1.4483149999999998,0
2013-03-19,2.973,3.291631666666667,1.4483799999999998,0
2013-03-19,2.973,3.291631666666667,1.4483799999999998,0
2013-03-20,3.278,3.288765,1.4484449999999998,0
2013-03-20,3.278,3.2887649999999997,1.4484449999999998,0
2013-03-21,3.04,3.282831666666667,1.4485099999999995,0
2013-03-21,3.04,3.282831666666667,1.4485099999999995,0
2013-03-22,2.979,3.2794983333333336,1.448575,0
2013-03-22,2.979,3.2794983333333336,1.448575,0
2013-03-25,2.923,3.2646816666666667,1.44864,0
2013-03-25,2.923,3.2646816666666667,1.44864,0
2013-03-26,3.025,3.250198333333333,1.448705,0
2013-03-26,3.025,3.250198333333333,1.448705,0
2013-03-27,2.849,3.231165,1.44877,0
2013-03-27,2.849,3.231165,1.44877,0
2013-03-28,3.177,3.2163316666666666,1.448835,0
2013-03-28,3.177,3.2163316666666666,1.448835,0
2013-03-29,3.394,3.196565,1.448883,0
2013-03-29,3.394,3.196565,1.448883,0
2013-04-01,3.404,3.1858316666666666,1.448931,0
2013-04-01,3.404,3.1858316666666666,1.448931,0
2013-04-02,3.407,3.179265,1.4489789999999998,0
2013-04-02,3.407,3.179265,1.4489789999999998,0
2013-04-03,3.297,3.174215,1.4490269999999998,0
2013-04-03,3.297,3.174215,1.4490269999999998,0
2013-04-07,3.323,3.1762650000000003,1.449075,0
2013-04-07,3.323,3.1762650000000003,1.449075,0
2013-04-08,3.279,3.178415,1.449123,0
2013-04-08,3.279,3.178415,1.449123,0
2013-04-09,3.288,3.1828066666666666,1.449171,0
2013-04-09,3.288,3.1828066666666666,1.449171,0
2013-04-10,3.217,3.18644,1.4492189999999998,0
2013-04-10,3.217,3.18644,1.4492189999999998,0
2013-04-11,3.035,3.1912566666666664,1.449267,0
2013-04-11,3.035,3.1912566666666664,1.449267,0
2013-04-12,2.97,3.19419,1.449315,0
2013-04-12,2.97,3.19419,1.449315,0
2013-04-15,2.981,3.1960233333333337,1.4493433333333332,0
2013-04-15,2.981,3.1960233333333337,1.4493433333333332,0
2013-04-16,3.044,3.2002900000000003,1.4493716666666667,0
2013-04-16,3.044,3.2002900000000003,1.4493716666666667,0
2013-04-17,3.013,3.2037566666666666,1.4494,0
2013-04-17,3.013,3.2037566666666666,1.4494,0
2013-04-18,2.895,3.20384,1.449428333333333,0
2013-04-18,2.895,3.20384,1.4494283333333333,0
2013-04-19,3.085,3.2054066666666667,1.4494566666666668,0
2013-04-19,3.085,3.2054066666666667,1.4494566666666668,0
2013-04-22,3.123,3.207556666666667,1.449485,0
2013-04-22,3.123,3.207556666666667,1.4494850000000001,0
2013-04-23,3.57,3.21731,1.4495133333333334,0
2013-04-23,3.57,3.21731,1.4495133333333334,0
2013-04-24,4.754,3.249476666666667,1.4495416666666667,0
2013-04-24,4.754,3.249476666666667,1.4495416666666667,0
2013-04-25,5.021,3.288193333333333,1.4495700000000002,0
2013-04-25,5.021,3.2881933333333335,1.4495700000000002,0
2013-04-26,3.527,3.2971099999999995,1.4495983333333335,0
2013-04-26,3.527,3.2971099999999995,1.4495983333333335,0
2013-04-27,3.52,3.3041183333333337,1.4497133333333336,0
2013-04-27,3.52,3.3041183333333337,1.4497133333333336,0
2013-04-28,3.03,3.300685,1.4498283333333335,0
2013-04-28,3.03,3.300685,1.4498283333333335,0
2013-05-02,2.919,3.2954516666666662,1.4499433333333336,0
2013-05-02,2.919,3.2954516666666662,1.4499433333333336,0
2013-05-03,3.237,3.2937350000000003,1.4500583333333334,0
2013-05-03,3.237,3.2937350000000003,1.4500583333333334,0
2013-05-06,3.221,3.2907516666666665,1.450173333333333,0
2013-05-06,3.221,3.2907516666666665,1.4501733333333333,0
2013-05-07,3.176,3.288051666666667,1.4502883333333334,0
2013-05-07,3.176,3.288051666666667,1.4502883333333334,0
2013-05-08,2.984,3.276185,1.4504033333333337,0
2013-05-08,2.984,3.276185,1.4504033333333335,0
2013-05-09,3.106,3.259618333333333,1.4505183333333334,0
2013-05-09,3.106,3.259618333333333,1.4505183333333334,0
2013-05-10,2.971,3.250585,1.4506333333333334,0
2013-05-10,2.971,3.250585,1.4506333333333334,0
2013-05-13,2.901,3.2517516666666664,1.4507483333333333,0
2013-05-13,2.901,3.2517516666666664,1.4507483333333333,0
2013-05-14,2.774,3.248218333333333,1.450901166666667,0
2013-05-14,2.774,3.248218333333333,1.450901166666667,0
2013-05-15,2.767,3.245525,1.451054,0
2013-05-15,2.767,3.245525,1.451054,0
2013-05-16,3.192,3.249575,1.4512068333333332,0
2013-05-16,3.192,3.249575,1.4512068333333332,0
2013-05-17,3.5858,3.260188333333333,1.4513596666666666,0
2013-05-17,3.5858,3.2601883333333332,1.4513596666666666,0
2013-05-20,4.23,3.2807216666666665,1.4515125,0
2013-05-20,4.23,3.2807216666666665,1.4515125,0
2013-05-21,4.375,3.3021216666666664,1.4516653333333334,0
2013-05-21,4.375,3.3021216666666664,1.4516653333333334,0
2013-05-22,3.952,3.3128216666666663,1.4518181666666667,0
2013-05-22,3.952,3.3128216666666663,1.4518181666666667,0
2013-05-23,4.192,3.319171666666666,1.451971,0
2013-05-23,4.192,3.3191716666666666,1.451971,0
2013-05-24,4.151,3.317938333333333,1.4521238333333333,0
2013-05-24,4.151,3.317938333333333,1.4521238333333333,0
2013-05-27,4.08,3.3148216666666666,1.4522766666666669,0
2013-05-27,4.08,3.3148216666666666,1.4522766666666667,0
2013-05-28,3.503,3.298605,1.4525311666666667,0
2013-05-28,3.503,3.298605,1.4525311666666667,0
2013-05-29,3.67,3.287888333333333,1.4527856666666668,0
2013-05-29,3.67,3.2878883333333335,1.4527856666666668,0
2013-05-30,4.144,3.303805,1.4530401666666668,0
2013-05-30,4.144,3.303805,1.4530401666666668,0
2013-05-31,4.781,3.333521666666667,1.4532946666666666,0
2013-05-31,4.781,3.333521666666667,1.4532946666666666,0
2013-06-03,4.628,3.3686716666666663,1.453549166666667,0
2013-06-03,4.628,3.3686716666666663,1.453549166666667,0
2013-06-04,4.716,3.405671666666667,1.4538036666666667,0
2013-06-04,4.716,3.405671666666667,1.4538036666666667,0
2013-06-05,4.739,3.4346883333333333,1.4540581666666668,0
2013-06-05,4.739,3.4346883333333333,1.4540581666666668,0
2013-06-06,5.137,3.469138333333333,1.4543126666666668,0
2013-06-06,5.137,3.469138333333333,1.4543126666666668,0
2013-06-07,6.657,3.529505,1.4545671666666666,0
2013-06-07,6.657,3.529505,1.4545671666666666,0
2013-06-08,7.603,3.6048216666666666,1.454821666666667,0
2013-06-08,7.603,3.6048216666666666,1.4548216666666667,0
2013-06-09,6.612,3.658513333333333,1.454903,0
2013-06-09,6.612,3.658513333333333,1.454903,0
2013-06-13,6.08,3.7084133333333336,1.4549843333333334,0
2013-06-13,6.08,3.7084133333333336,1.4549843333333334,0
2013-06-14,6.811,3.77238,1.4550656666666668,0
2013-06-14,6.811,3.77238,1.4550656666666668,0
2013-06-17,6.848,3.83188,1.4551470000000002,0
2013-06-17,6.848,3.83188,1.4551470000000002,0
2013-06-18,6.703,3.89293,1.4552283333333331,0
2013-06-18,6.703,3.89293,1.4552283333333331,0
2013-06-19,8.075,3.977863333333333,1.4553096666666667,0
2013-06-19,8.075,3.977863333333333,1.4553096666666667,0
2013-06-20,11.004,4.112546666666667,1.455391,0
2013-06-20,11.004,4.112546666666667,1.455391,0
2013-06-21,8.543,4.204513333333333,1.4554723333333337,0
2013-06-21,8.543,4.204513333333333,1.4554723333333337,0
2013-06-24,7.311,4.27888,1.4555536666666669,0
2013-06-24,7.311,4.27888,1.4555536666666669,0
2013-06-25,7.644,4.35333,1.4556350000000002,0
2013-06-25,7.644,4.35333,1.4556350000000002,0
2013-06-26,7.201,4.41678,1.4557588333333336,0
2013-06-26,7.201,4.41678,1.4557588333333336,0
2013-06-27,6.684,4.471446666666667,1.4558826666666669,0
2013-06-27,6.684,4.471446666666667,1.4558826666666669,0
2013-06-28,6.163,4.517379999999999,1.4560065000000002,0
2013-06-28,6.163,4.517379999999999,1.4560065000000002,0
2013-07-01,5.423,4.552813333333333,1.4561303333333335,0
2013-07-01,5.423,4.552813333333333,1.4561303333333335,0
2013-07-02,4.75,4.576596666666666,1.4562541666666666,0
2013-07-02,4.75,4.576596666666666,1.4562541666666666,0
2013-07-03,4.242,4.592646666666666,1.4563780000000002,0
2013-07-03,4.242,4.592646666666666,1.4563780000000002,0
2013-07-04,3.938,4.60348,1.4565018333333333,0
2013-07-04,3.938,4.60348,1.4565018333333333,0
2013-07-05,3.816,4.613463333333333,1.4566256666666666,0
2013-07-05,3.816,4.613463333333333,1.4566256666666666,0
2013-07-08,3.656,4.6238133333333336,1.4567495,0
2013-07-08,3.656,4.6238133333333336,1.4567495,0
2013-07-09,3.596,4.634246666666667,1.4568733333333332,0
2013-07-09,3.596,4.634246666666667,1.4568733333333332,0
2013-07-10,3.59,4.644396666666666,1.4571376666666669,0
2013-07-10,3.59,4.644396666666666,1.4571376666666667,0
2013-07-11,3.81,4.657163333333333,1.457402,0
2013-07-11,3.81,4.657163333333333,1.4574019999999999,0
2013-07-12,3.8,4.670280000000001,1.4576663333333333,0
2013-07-12,3.8,4.670280000000001,1.4576663333333333,0
2013-07-15,3.809,4.685513333333333,1.4579306666666665,0
2013-07-15,3.809,4.685513333333333,1.4579306666666665,0
2013-07-16,3.706,4.6958633333333335,1.458195,0
2013-07-16,3.706,4.6958633333333335,1.458195,0
2013-07-17,3.596,4.7037466666666665,1.458459333333333,0
2013-07-17,3.596,4.7037466666666665,1.4584593333333333,0
2013-07-18,3.634,4.704813333333334,1.4587236666666663,0
2013-07-18,3.634,4.704813333333334,1.4587236666666663,0
2013-07-19,3.745,4.687996666666667,1.458988,0
2013-07-19,3.745,4.687996666666667,1.458988,0
2013-07-22,3.925,4.66973,1.4592523333333332,0
2013-07-22,3.925,4.6697299999999995,1.4592523333333332,0
2013-07-23,3.959,4.67693,1.4595166666666666,0
2013-07-23,3.959,4.67693,1.4595166666666666,0
2013-07-24,4.011,4.685113333333334,1.459544,0
2013-07-24,4.011,4.685113333333334,1.459544,0
2013-07-25,4.132,4.70348,1.459571333333333,0
2013-07-25,4.132,4.70348,1.459571333333333,0
2013-07-26,4.351,4.727346666666667,1.4595986666666667,0
2013-07-26,4.351,4.727346666666667,1.4595986666666667,0
2013-07-29,5.057,4.75768,1.459626,0
2013-07-29,5.057,4.75768,1.459626,0
2013-07-30,4.972,4.786863333333333,1.4596533333333332,0
2013-07-30,4.972,4.786863333333333,1.4596533333333332,0
2013-07-31,4.971,4.81678,1.4596806666666666,0
2013-07-31,4.971,4.81678,1.4596806666666666,0
2013-08-01,4.545,4.842796666666668,1.459708,0
2013-08-01,4.545,4.842796666666668,1.459708,0
2013-08-02,4.314,4.86293,1.4597353333333334,0
2013-08-02,4.314,4.86293,1.4597353333333334,0
2013-08-05,4.356,4.8860133333333335,1.4597626666666668,0
2013-08-05,4.356,4.8860133333333335,1.4597626666666668,0
2013-08-06,4.066,4.90543,1.45979,0
2013-08-06,4.066,4.90543,1.4597900000000001,0
2013-08-07,3.873,4.923746666666667,1.4600543333333336,0
2013-08-07,3.873,4.923746666666667,1.4600543333333336,0
2013-08-08,3.7585,4.940271666666667,1.4603186666666668,0
2013-08-08,3.7585,4.940271666666667,1.4603186666666668,0
2013-08-09,3.64,4.947738333333334,1.4605830000000002,0
2013-08-09,3.64,4.947738333333334,1.4605830000000002,0
2013-08-12,3.648,4.948775,1.4608473333333334,0
2013-08-12,3.648,4.9487749999999995,1.4608473333333334,0
2013-08-13,3.702,4.939975,1.4611116666666666,0
2013-08-13,3.702,4.939975,1.4611116666666666,0
2013-08-14,3.855,4.931308333333333,1.461376,0
2013-08-14,3.855,4.931308333333333,1.461376,0
2013-08-15,3.994,4.932008333333333,1.4616403333333334,0
2013-08-15,3.994,4.932008333333333,1.4616403333333334,0
2013-08-16,3.772,4.925008333333333,1.4619046666666666,0
2013-08-16,3.772,4.925008333333333,1.4619046666666666,0
2013-08-19,4.092,4.924025,1.462169,0
2013-08-19,4.092,4.924025,1.462169,0
2013-08-20,4.428,4.929824999999999,1.4624333333333333,0
2013-08-20,4.428,4.929824999999999,1.4624333333333333,0
2013-08-21,4.219,4.9417583333333335,1.4624358333333334,0
2013-08-21,4.219,4.9417583333333335,1.4624358333333334,0
2013-08-22,4.115,4.949174999999999,1.4624383333333333,0
2013-08-22,4.115,4.949174999999999,1.4624383333333333,0
2013-08-23,4.149,4.949258333333334,1.4624408333333334,0
2013-08-23,4.149,4.949258333333334,1.4624408333333334,0
2013-08-26,4.023,4.936625,1.462443333333333,0
2013-08-26,4.023,4.936625,1.4624433333333333,0
2013-08-27,4.209,4.929641666666666,1.4624458333333332,0
2013-08-27,4.209,4.929641666666666,1.4624458333333332,0
2013-08-28,4.259,4.9220250000000005,1.4624483333333334,0
2013-08-28,4.259,4.9220250000000005,1.4624483333333334,0
2013-08-29,4.318,4.915008333333333,1.4624508333333337,0
2013-08-29,4.318,4.915008333333333,1.4624508333333335,0
2013-08-30,3.7355,4.891649999999999,1.4624533333333334,0
2013-08-30,3.7355,4.891649999999999,1.4624533333333334,0
2013-09-02,3.742,4.843066666666667,1.4624558333333335,0
2013-09-02,3.742,4.843066666666667,1.4624558333333335,0
2013-09-03,3.75,4.77885,1.4624583333333334,0
2013-09-03,3.75,4.77885,1.4624583333333334,0
2013-09-04,3.498,4.72695,1.4627671666666668,0
2013-09-04,3.498,4.72695,1.4627671666666668,0
2013-09-05,3.456,4.683216666666667,1.463076,0
2013-09-05,3.456,4.683216666666667,1.463076,0
2013-09-06,3.469,4.627516666666667,1.4633848333333337,0
2013-09-06,3.469,4.627516666666667,1.4633848333333337,0
2013-09-09,3.554,4.572616666666667,1.463693666666667,0
2013-09-09,3.554,4.572616666666667,1.463693666666667,0
2013-09-10,3.625,4.521316666666666,1.4640025,0
2013-09-10,3.625,4.521316666666666,1.4640025,0
2013-09-11,3.482,4.444766666666666,1.4643113333333335,0
2013-09-11,3.482,4.444766666666666,1.4643113333333335,0
2013-09-12,3.494,4.319599999999999,1.4646201666666667,0
2013-09-12,3.494,4.319599999999999,1.4646201666666667,0
2013-09-13,3.57,4.236716666666667,1.464929,0
2013-09-13,3.57,4.236716666666667,1.4649290000000001,0
2013-09-16,3.469,4.1726833333333335,1.4652378333333334,0
2013-09-16,3.469,4.1726833333333335,1.4652378333333334,0
2013-09-17,3.583,4.105,1.4655466666666668,0
2013-09-17,3.583,4.105,1.4655466666666668,0
2013-09-18,3.749,4.047466666666667,1.4656140000000002,0
2013-09-18,3.749,4.047466666666667,1.4656140000000002,0
2013-09-22,3.991,4.002583333333333,1.4656813333333334,0
2013-09-22,3.991,4.002583333333333,1.4656813333333334,0
2013-09-23,4.232,3.9704,1.4657486666666668,0
2013-09-23,4.232,3.9703999999999997,1.4657486666666668,0
2013-09-24,4.44,3.9540166666666665,1.465816,0
2013-09-24,4.44,3.9540166666666665,1.465816,0
2013-09-25,3.916,3.940116666666667,1.4658833333333334,0
2013-09-25,3.916,3.940116666666667,1.4658833333333334,0
2013-09-26,4.055,3.937,1.4659506666666668,0
2013-09-26,4.055,3.937,1.4659506666666668,0
2013-09-27,3.646,3.932133333333333,1.466018,0
2013-09-27,3.646,3.932133333333333,1.466018,0
2013-09-29,3.749,3.9310166666666655,1.4660853333333337,0
2013-09-29,3.749,3.9310166666666664,1.4660853333333335,0
2013-09-30,4.203,3.9401333333333337,1.4661526666666669,0
2013-09-30,4.203,3.9401333333333337,1.4661526666666667,0
2013-10-08,4.393,3.953416666666667,1.46622,0
2013-10-08,4.393,3.953416666666667,1.46622,0
2013-10-09,4.502,3.968616666666667,1.4664751666666669,0
2013-10-09,4.502,3.968616666666667,1.4664751666666669,0
2013-10-10,4.48,3.979783333333333,1.4667303333333337,0
2013-10-10,4.48,3.979783333333333,1.4667303333333337,0
2013-10-11,4.26,3.98745,1.4669855,0
2013-10-11,4.26,3.98745,1.4669855,0
2013-10-12,4.246,3.9947333333333335,1.4672406666666666,0
2013-10-12,4.246,3.9947333333333335,1.4672406666666666,0
2013-10-14,3.855,3.997216666666666,1.4674958333333334,0
2013-10-14,3.855,3.997216666666666,1.4674958333333334,0
2013-10-15,3.845,4.001366666666667,1.467751,0
2013-10-15,3.845,4.001366666666667,1.467751,0
2013-10-16,3.314,3.996033333333334,1.4680061666666666,0
2013-10-16,3.314,3.996033333333334,1.4680061666666666,0
2013-10-17,3.35,3.98945,1.4682613333333334,0
2013-10-17,3.35,3.98945,1.4682613333333334,0
2013-10-18,3.485,3.9821166666666663,1.4685165,0
2013-10-18,3.485,3.9821166666666667,1.4685165,0
2013-10-21,3.548,3.9752666666666663,1.4687716666666666,0
2013-10-21,3.548,3.9752666666666667,1.4687716666666666,0
2013-10-22,3.558,3.9677166666666666,1.4688796666666666,0
2013-10-22,3.558,3.9677166666666666,1.4688796666666666,0
2013-10-23,3.992,3.9653833333333335,1.4689876666666666,0
2013-10-23,3.992,3.9653833333333335,1.4689876666666666,0
2013-10-24,4.68,3.9708666666666663,1.4690956666666666,0
2013-10-24,4.68,3.9708666666666668,1.4690956666666666,0
2013-10-25,4.891,3.9681,1.4692036666666666,0
2013-10-25,4.891,3.9681,1.4692036666666666,0
2013-10-28,4.894,3.9668,1.4693116666666666,0
2013-10-28,4.894,3.9668,1.4693116666666666,0
2013-10-29,4.947,3.9664,1.4694196666666666,0
2013-10-29,4.947,3.9664,1.4694196666666666,0
2013-10-30,5.593,3.983866666666666,1.4695276666666666,0
2013-10-30,5.593,3.983866666666666,1.4695276666666666,0
2013-10-31,4.993,3.9951833333333338,1.4696356666666666,0
2013-10-31,4.993,3.9951833333333338,1.4696356666666666,0
2013-11-01,4.61,3.999416666666667,1.4697436666666666,0
2013-11-01,4.61,3.999416666666667,1.4697436666666666,0
2013-11-04,4.423,4.005366666666666,1.4698516666666666,0
2013-11-04,4.423,4.005366666666666,1.4698516666666666,0
2013-11-05,4.232,4.01135,1.4700738333333332,0
2013-11-05,4.232,4.01135,1.4700738333333332,0
2013-11-06,3.866,4.013141666666667,1.470296,0
2013-11-06,3.866,4.013141666666667,1.470296,0
2013-11-07,3.891,4.0173250000000005,1.470518166666667,0
2013-11-07,3.891,4.0173250000000005,1.4705181666666667,0
2013-11-08,3.939,4.022175,1.470740333333333,0
2013-11-08,3.939,4.022175,1.470740333333333,0
2013-11-11,3.78,4.023475,1.4709625,0
2013-11-11,3.78,4.023475,1.4709625,0
2013-11-12,3.545,4.018308333333334,1.4711846666666666,0
2013-11-12,3.545,4.018308333333334,1.4711846666666666,0
2013-11-13,3.635,4.012325,1.4714068333333334,0
2013-11-13,3.635,4.012325,1.4714068333333334,0
2013-11-14,4.193,4.019341666666667,1.471629,0
2013-11-14,4.193,4.019341666666667,1.471629,0
2013-11-15,5.311,4.039658333333334,1.4718511666666667,0
2013-11-15,5.311,4.039658333333334,1.4718511666666667,0
2013-11-18,5.357,4.055141666666667,1.4720733333333331,0
2013-11-18,5.357,4.055141666666667,1.4720733333333333,0
2013-11-19,4.83,4.065325,1.4720768333333334,0
2013-11-19,4.83,4.065325,1.4720768333333334,0
2013-11-20,4.751,4.075925,1.4720803333333334,0
2013-11-20,4.751,4.075925,1.4720803333333334,0
2013-11-21,4.708,4.085241666666667,1.4720838333333333,0
2013-11-21,4.708,4.085241666666667,1.4720838333333333,0
2013-11-22,4.763,4.097575,1.4720873333333333,0
2013-11-22,4.763,4.097575,1.4720873333333333,0
2013-11-25,4.74,4.106425,1.4720908333333331,0
2013-11-25,4.74,4.106425,1.4720908333333333,0
2013-11-26,4.6775,4.1134,1.4720943333333334,0
2013-11-26,4.6775,4.1134,1.4720943333333334,0
2013-11-27,4.663,4.11915,1.4720978333333334,0
2013-11-27,4.663,4.11915,1.4720978333333334,0
2013-11-28,4.823,4.137275,1.4721013333333333,0
2013-11-28,4.823,4.137275,1.4721013333333333,0
2013-11-29,4.666,4.152675,1.4721048333333333,0
2013-11-29,4.666,4.152675,1.4721048333333333,0
2013-12-02,4.571,4.166358333333333,1.4721083333333334,0
2013-12-02,4.571,4.166358333333333,1.4721083333333334,0
2013-12-03,4.6,4.184724999999999,1.4723303333333333,0
2013-12-03,4.6,4.184724999999999,1.4723303333333333,0
2013-12-04,4.577,4.203408333333333,1.4725523333333337,0
2013-12-04,4.577,4.203408333333333,1.4725523333333335,0
2013-12-05,4.558,4.221558333333333,1.4727743333333334,0
2013-12-05,4.558,4.221558333333333,1.4727743333333334,0
2013-12-06,4.55,4.238158333333334,1.4729963333333334,0
2013-12-06,4.55,4.238158333333334,1.4729963333333334,0
2013-12-09,4.485,4.252491666666667,1.4732183333333333,0
2013-12-09,4.485,4.252491666666667,1.4732183333333333,0
2013-12-10,4.444,4.268525,1.4734403333333332,0
2013-12-10,4.444,4.268525,1.4734403333333332,0
2013-12-11,4.329,4.282441666666667,1.4736623333333334,0
2013-12-11,4.329,4.282441666666667,1.4736623333333334,0
2013-12-12,4.305,4.294691666666667,1.4738843333333334,0
2013-12-12,4.305,4.294691666666667,1.4738843333333334,0
2013-12-13,4.3,4.308541666666667,1.4741063333333333,0
2013-12-13,4.3,4.308541666666667,1.4741063333333333,0
2013-12-16,4.358,4.321458333333333,1.4743283333333332,0
2013-12-16,4.358,4.321458333333333,1.4743283333333332,0
2013-12-17,4.459,4.333291666666667,1.4744653333333333,0
2013-12-17,4.459,4.333291666666667,1.4744653333333333,0
2013-12-18,5.902,4.365141666666667,1.4746023333333331,0
2013-12-18,5.902,4.365141666666667,1.4746023333333331,0
2013-12-19,6.472,4.402474999999999,1.4747393333333332,0
2013-12-19,6.472,4.402474999999999,1.4747393333333332,0
2013-12-20,7.654,4.456041666666667,1.4748763333333332,0
2013-12-20,7.654,4.456041666666667,1.4748763333333332,0
2013-12-23,8.843,4.538158333333333,1.4750133333333333,0
2013-12-23,8.843,4.538158333333333,1.4750133333333333,0
2013-12-24,6.197,4.573858333333333,1.4751503333333331,0
2013-12-24,6.197,4.573858333333333,1.4751503333333333,0
2013-12-25,5.616,4.606691666666666,1.4752873333333334,0
2013-12-25,5.616,4.606691666666666,1.4752873333333334,0
2013-12-26,5.329,4.633025,1.4754243333333332,0
2013-12-26,5.329,4.633025,1.4754243333333332,0
2013-12-27,5.067,4.647425,1.4755613333333333,0
2013-12-27,5.067,4.647425,1.4755613333333333,0
2013-12-30,4.841,4.654891666666667,1.4756983333333331,0
2013-12-30,4.841,4.654891666666667,1.4756983333333331,0
2013-12-31,5.25,4.6673583333333335,1.4758341666666668,0
2013-12-31,5.25,4.6673583333333335,1.4758341666666668,0
2014-01-02,4.981,4.675708333333334,1.47597,0
2014-01-02,4.981,4.675708333333334,1.47597,0
2014-01-03,4.711,4.683224999999999,1.4761058333333337,0
2014-01-03,4.711,4.683224999999999,1.4761058333333335,0
2014-01-06,4.633,4.689674999999999,1.476241666666667,0
2014-01-06,4.633,4.689674999999999,1.476241666666667,0
2014-01-07,4.259,4.696408333333333,1.4763775,0
2014-01-07,4.259,4.696408333333333,1.4763775,0
2014-01-08,4.126,4.701091666666667,1.4765133333333331,0
2014-01-08,4.126,4.701091666666667,1.4765133333333333,0
2014-01-09,4.02,4.712858333333333,1.4766491666666668,0
2014-01-09,4.02,4.712858333333333,1.4766491666666668,0
2014-01-10,4.041,4.724375,1.476785,0
2014-01-10,4.041,4.724375,1.476785,0
2014-01-13,4.013,4.733175,1.4769208333333337,0
2014-01-13,4.013,4.733175,1.4769208333333337,0
2014-01-14,4.0036,4.7407683333333335,1.477056666666667,0
2014-01-14,4.0036,4.7407683333333335,1.4770566666666667,0
2014-01-15,3.965,4.747551666666667,1.477115,0
2014-01-15,3.965,4.747551666666667,1.477115,0
2014-01-16,4.256,4.751951666666667,1.4771733333333334,0
2014-01-16,4.256,4.751951666666667,1.4771733333333334,0
2014-01-17,4.776,4.753551666666667,1.4772316666666667,0
2014-01-17,4.776,4.753551666666667,1.4772316666666667,0
2014-01-20,6.329,4.777518333333334,1.47729,0
2014-01-20,6.329,4.777518333333334,1.47729,0
2014-01-21,5.535,4.788201666666667,1.4773483333333337,0
2014-01-21,5.535,4.788201666666667,1.4773483333333337,0
2014-01-22,5.224,4.792818333333333,1.4774066666666668,0
2014-01-22,5.224,4.792818333333333,1.4774066666666668,0
2014-01-23,5.293,4.787818333333333,1.477465,0
2014-01-23,5.293,4.787818333333333,1.477465,0
2014-01-24,4.449,4.7787516666666665,1.4775233333333333,0
2014-01-24,4.449,4.7787516666666665,1.4775233333333333,0
2014-01-26,4.717,4.780535,1.4775816666666668,0
2014-01-26,4.717,4.780535,1.4775816666666668,0
2014-01-27,4.689,4.7849683333333335,1.47764,0
2014-01-27,4.689,4.7849683333333335,1.47764,0
2014-01-28,4.9657,4.797196666666667,1.477673,0
2014-01-28,4.9657,4.797196666666667,1.477673,0
2014-01-29,5.108,4.817896666666666,1.477706,0
2014-01-29,5.108,4.817896666666666,1.477706,0
2014-01-30,4.983,4.836096666666666,1.477739,0
2014-01-30,4.983,4.836096666666666,1.4777390000000001,0
2014-02-07,5.409,4.860596666666667,1.477772,0
2014-02-07,5.409,4.860596666666667,1.477772,0
2014-02-08,5.25,4.885096666666668,1.477805,0
2014-02-08,5.25,4.8850966666666675,1.477805,0
2014-02-10,5.299,4.9143300000000005,1.477838,0
2014-02-10,5.299,4.9143300000000005,1.477838,0
2014-02-11,5.201,4.940430000000001,1.477871,0
2014-02-11,5.201,4.940430000000001,1.477871,0
2014-02-12,5.178,4.956846666666667,1.477904,0
2014-02-12,5.178,4.956846666666667,1.477904,0
2014-02-13,5.021,4.9520133333333325,1.477937,0
2014-02-13,5.021,4.9520133333333325,1.477937,0
2014-02-14,4.436,4.936663333333334,1.47797,0
2014-02-14,4.436,4.936663333333334,1.47797,0
2014-02-17,3.879,4.920813333333332,1.4780201666666666,0
2014-02-17,3.879,4.920813333333332,1.4780201666666666,0
2014-02-18,3.743,4.904013333333333,1.4780703333333334,0
2014-02-18,3.743,4.904013333333333,1.4780703333333334,0
2014-02-19,3.762,4.8882466666666655,1.4781205,0
2014-02-19,3.762,4.8882466666666655,1.4781205,0
2014-02-20,3.703,4.87058,1.4781706666666667,0
2014-02-20,3.703,4.87058,1.4781706666666667,0
2014-02-21,3.595,4.851496666666666,1.478220833333333,0
2014-02-21,3.595,4.851496666666666,1.478220833333333,0
2014-02-24,3.339,4.829188333333333,1.478271,0
2014-02-24,3.339,4.829188333333333,1.478271,0
2014-02-25,3.278,4.806105,1.478321166666667,0
2014-02-25,3.278,4.806105,1.4783211666666667,0
2014-02-26,3.072,4.7769216666666665,1.4783713333333333,0
2014-02-26,3.072,4.7769216666666665,1.4783713333333333,0
2014-02-27,3.43,4.756321666666667,1.4784215,0
2014-02-27,3.43,4.756321666666667,1.4784215,0
2014-02-28,3.529,4.738955000000001,1.4784716666666666,0
2014-02-28,3.529,4.738955000000001,1.4784716666666666,0
2014-03-03,2.821,4.7093050000000005,1.4785395,0
2014-03-03,2.821,4.7093050000000005,1.4785395,0
2014-03-04,3.5135,4.69158,1.4786073333333334,0
2014-03-04,3.5135,4.69158,1.4786073333333334,0
2014-03-05,3.798,4.678913333333333,1.4786751666666669,0
2014-03-05,3.798,4.678913333333333,1.4786751666666669,0
2014-03-06,2.486,4.644513333333333,1.478743,0
2014-03-06,2.486,4.644513333333333,1.4787430000000001,0
2014-03-07,2.403,4.609813333333333,1.4788108333333334,0
2014-03-07,2.403,4.609813333333333,1.4788108333333334,0
2014-03-10,2.358,4.575046666666667,1.478878666666667,0
2014-03-10,2.358,4.575046666666667,1.478878666666667,0
2014-03-11,2.258,4.54053,1.4789465000000002,0
2014-03-11,2.258,4.54053,1.4789465000000002,0
2014-03-12,2.211,4.50563,1.4790143333333334,0
2014-03-12,2.211,4.50563,1.4790143333333334,0
2014-03-13,2.5,4.47563,1.479082166666667,0
2014-03-13,2.5,4.47563,1.479082166666667,0
2014-03-14,2.527,4.4451133333333335,1.4791500000000002,0
2014-03-14,2.527,4.4451133333333335,1.4791500000000002,0
2014-03-17,2.671,4.415313333333333,1.4792768333333337,0
2014-03-17,2.671,4.415313333333333,1.4792768333333337,0
2014-03-18,2.88,4.3649466666666665,1.4794036666666668,0
2014-03-18,2.88,4.3649466666666665,1.4794036666666668,0
2014-03-19,3.422,4.314113333333333,1.4795305,0
2014-03-19,3.422,4.314113333333333,1.4795305,0
2014-03-20,3.474,4.244446666666667,1.4796573333333334,0
2014-03-20,3.474,4.244446666666667,1.4796573333333334,0
2014-03-21,3.6,4.157063333333333,1.479784166666667,0
2014-03-21,3.6,4.157063333333333,1.4797841666666667,0
2014-03-24,3.578,4.113413333333333,1.4799110000000002,0
2014-03-24,3.578,4.113413333333333,1.4799110000000002,0
2014-03-25,3.6295,4.080305,1.4800378333333335,0
2014-03-25,3.6295,4.080305,1.4800378333333335,0
2014-03-26,3.868,4.055955,1.4801646666666668,0
2014-03-26,3.868,4.055955,1.4801646666666668,0
2014-03-27,4.812,4.051705,1.4802915,0
2014-03-27,4.812,4.051705,1.4802915,0
2014-03-28,4.168,4.040488333333333,1.4804183333333334,0
2014-03-28,4.168,4.040488333333333,1.4804183333333334,0
2014-03-31,4.184,4.0227216666666665,1.48062,0
2014-03-31,4.184,4.0227216666666665,1.48062,0
2014-04-01,4.205,4.009788333333334,1.4808216666666667,0
2014-04-01,4.205,4.009788333333334,1.4808216666666667,0
2014-04-02,4.225,4.001688333333333,1.4810233333333334,0
2014-04-02,4.225,4.001688333333333,1.4810233333333334,0
2014-04-03,4.103,3.992855,1.481225,0
2014-04-03,4.103,3.992855,1.481225,0
2014-04-04,2.997,3.9718216666666666,1.481426666666667,0
2014-04-04,2.997,3.9718216666666666,1.4814266666666667,0
2014-04-08,3.591,3.962905,1.481628333333333,0
2014-04-08,3.591,3.9629049999999997,1.4816283333333333,0
2014-04-09,3.67,3.9570716666666663,1.48183,0
2014-04-09,3.67,3.9570716666666668,1.48183,0
2014-04-10,3.708,3.9515216666666655,1.4820316666666666,0
2014-04-10,3.708,3.9515216666666664,1.4820316666666666,0
2014-04-11,3.701,3.946321666666667,1.4822333333333333,0
2014-04-11,3.701,3.946321666666667,1.4822333333333333,0
2014-04-14,3.57,3.939095,1.482435,0
2014-04-14,3.57,3.939095,1.482435,0
2014-04-15,3.444,3.930411666666666,1.4826291666666669,0
2014-04-15,3.444,3.9304116666666666,1.4826291666666667,0
2014-04-16,2.726,3.9049116666666666,1.4828233333333334,0
2014-04-16,2.726,3.9049116666666666,1.4828233333333334,0
2014-04-17,2.721,3.8706616666666656,1.4830175,0
2014-04-17,2.721,3.8706616666666656,1.4830175,0
2014-04-18,2.761,3.811195,1.4832116666666666,0
2014-04-18,2.761,3.811195,1.4832116666666666,0
2014-04-21,2.713,3.7641616666666655,1.483405833333333,0
2014-04-21,2.713,3.7641616666666655,1.483405833333333,0
2014-04-22,3.029,3.727578333333333,1.4836,0
2014-04-22,3.029,3.727578333333333,1.4836,0
2014-04-23,3.08,3.690695,1.4837941666666667,0
2014-04-23,3.08,3.690695,1.4837941666666667,0
2014-04-24,3.521,3.6752283333333335,1.4839883333333332,0
2014-04-24,3.521,3.6752283333333335,1.4839883333333332,0
2014-04-25,3.503,3.654995,1.4841825,0
2014-04-25,3.503,3.654995,1.4841825,0
2014-04-28,4.025,3.6439283333333337,1.484376666666667,0
2014-04-28,4.025,3.6439283333333337,1.484376666666667,0
2014-04-29,4.0738,3.629063333333333,1.4843873333333333,0
2014-04-29,4.0738,3.629063333333333,1.4843873333333333,0
2014-04-30,4.134,3.61283,1.484398,0
2014-04-30,4.134,3.61283,1.484398,0
2014-05-04,3.683,3.5911633333333333,1.4844086666666667,0
2014-05-04,3.683,3.5911633333333333,1.4844086666666667,0
2014-05-05,3.14,3.553346666666667,1.484419333333333,0
2014-05-05,3.14,3.553346666666667,1.4844193333333333,0
2014-05-06,3.092,3.51738,1.48443,0
2014-05-06,3.092,3.51738,1.4844300000000001,0
2014-05-07,3.1125,3.480938333333333,1.4844406666666667,0
2014-05-07,3.1125,3.4809383333333335,1.4844406666666667,0
2014-05-08,3.204,3.447655,1.4844513333333331,0
2014-05-08,3.204,3.4476549999999997,1.4844513333333333,0
2014-05-09,3.194,3.4145883333333336,1.484462,0
2014-05-09,3.194,3.4145883333333336,1.484462,0
2014-05-12,3.18,3.383905,1.4844726666666668,0
2014-05-12,3.18,3.383905,1.4844726666666668,0
2014-05-13,3.181,3.362988333333333,1.4844833333333334,0
2014-05-13,3.181,3.3629883333333335,1.4844833333333334,0
2014-05-14,3.236,3.3522716666666668,1.4848395,0
2014-05-14,3.236,3.3522716666666668,1.4848395,0
2014-05-15,3.1355,3.3421466666666664,1.4851956666666668,0
2014-05-15,3.1355,3.3421466666666664,1.4851956666666668,0
2014-05-16,3.129,3.331596666666667,1.4855518333333335,0
2014-05-16,3.129,3.331596666666667,1.4855518333333335,0
2014-05-19,3.1,3.321546666666667,1.485908,0
2014-05-19,3.1,3.321546666666667,1.485908,0
2014-05-20,3.361,3.317646666666666,1.4862641666666667,0
2014-05-20,3.361,3.317646666666666,1.4862641666666667,0
2014-05-21,3.353,3.31788,1.4866203333333334,0
2014-05-21,3.353,3.31788,1.4866203333333334,0
2014-05-22,3.419,3.3202300000000005,1.4869765,0
2014-05-22,3.419,3.3202300000000005,1.4869765,0
2014-05-23,3.405,3.32578,1.4873326666666669,0
2014-05-23,3.405,3.32578,1.4873326666666669,0
2014-05-26,3.195,3.3218633333333334,1.4876888333333331,0
2014-05-26,3.195,3.3218633333333334,1.4876888333333331,0
2014-05-27,3.247,3.317163333333333,1.488045,0
2014-05-27,3.247,3.317163333333333,1.488045,0
2014-05-28,3.2,3.3234800000000004,1.488129,0
2014-05-28,3.2,3.3234800000000004,1.488129,0
2014-05-29,3.215,3.318505,1.488213,0
2014-05-29,3.215,3.318505,1.488213,0
2014-05-30,3.23,3.309038333333333,1.488297,0
2014-05-30,3.23,3.3090383333333335,1.488297,0
2014-06-03,3.18,3.320605,1.488381,0
2014-06-03,3.18,3.320605,1.488381,0
2014-06-04,3.152,3.333088333333333,1.488465,0
2014-06-04,3.152,3.333088333333333,1.488465,0
2014-06-05,3.07,3.344955,1.488549,0
2014-06-05,3.07,3.344955,1.488549,0
2014-06-06,3.15,3.359821666666667,1.488633,0
2014-06-06,3.15,3.359821666666667,1.488633,0
2014-06-09,3.13,3.375138333333333,1.488717,0
2014-06-09,3.13,3.375138333333333,1.488717,0
2014-06-10,3.13,3.385638333333333,1.488801,0
2014-06-10,3.13,3.385638333333333,1.488801,0
2014-06-11,3.15,3.396021666666667,1.488885,0
2014-06-11,3.15,3.396021666666667,1.488885,0
2014-06-12,3.154,3.4040716666666664,1.489049,0
2014-06-12,3.154,3.4040716666666664,1.489049,0
2014-06-13,3.04,3.4067383333333336,1.489213,0
2014-06-13,3.04,3.4067383333333336,1.4892130000000001,0
2014-06-16,3.006,3.399805,1.489377,0
2014-06-16,3.006,3.399805,1.489377,0
2014-06-17,3.031,3.3924216666666664,1.489541,0
2014-06-17,3.031,3.3924216666666664,1.489541,0
2014-06-18,3.074,3.383655,1.489705,0
2014-06-18,3.074,3.383655,1.489705,0
2014-06-19,3.093,3.375571666666666,1.489869,0
2014-06-19,3.093,3.3755716666666666,1.489869,0
2014-06-20,3.402,3.37178,1.4900330000000002,0
2014-06-20,3.402,3.37178,1.4900330000000002,0
2014-06-23,3.448,3.3647800000000005,1.490197,0
2014-06-23,3.448,3.3647800000000005,1.490197,0
2014-06-24,3.483,3.34263,1.490361,0
2014-06-24,3.483,3.3426299999999998,1.490361,0
2014-06-25,3.464,3.3308966666666664,1.490525,0
2014-06-25,3.464,3.3308966666666664,1.490525,0
2014-06-26,3.552,3.3203633333333333,1.4907161666666668,0
2014-06-26,3.552,3.3203633333333333,1.4907161666666668,0
2014-06-27,3.781,3.313296666666667,1.4909073333333334,0
2014-06-27,3.781,3.313296666666667,1.4909073333333334,0
2014-06-30,3.867,3.3073300000000003,1.4910985,0
2014-06-30,3.867,3.3073300000000003,1.4910985,0
2014-07-01,4.421,3.31263,1.4912896666666666,0
2014-07-01,4.421,3.31263,1.4912896666666666,0
2014-07-02,3.927,3.32813,1.4914808333333334,0
2014-07-02,3.927,3.32813,1.4914808333333334,0
2014-07-03,3.393,3.32483,1.491672,0
2014-07-03,3.393,3.32483,1.491672,0
2014-07-04,3.42,3.320663333333333,1.4918631666666666,0
2014-07-04,3.42,3.320663333333333,1.4918631666666666,0
2014-07-07,3.421,3.31588,1.4920543333333334,0
2014-07-07,3.421,3.31588,1.4920543333333334,0
2014-07-08,3.52,3.312863333333333,1.4922455,0
2014-07-08,3.52,3.312863333333333,1.4922455,0
2014-07-09,3.736,3.31563,1.4924366666666666,0
2014-07-09,3.736,3.31563,1.4924366666666666,0
2014-07-10,3.711,3.32008,1.492571,0
2014-07-10,3.711,3.32008,1.492571,0
2014-07-11,3.723,3.336696666666666,1.492705333333333,0
2014-07-11,3.723,3.3366966666666666,1.4927053333333333,0
2014-07-14,3.7035,3.3530716666666662,1.4928396666666668,0
2014-07-14,3.7035,3.3530716666666662,1.4928396666666668,0
2014-07-15,3.646,3.3678216666666665,1.492974,0
2014-07-15,3.646,3.3678216666666665,1.492974,0
2014-07-16,3.65,3.3834383333333333,1.4931083333333333,0
2014-07-16,3.65,3.3834383333333333,1.4931083333333333,0
2014-07-17,3.641,3.393638333333333,1.4932426666666667,0
2014-07-17,3.641,3.3936383333333335,1.4932426666666667,0
2014-07-18,3.651,3.403155,1.4933770000000002,0
2014-07-18,3.651,3.403155,1.4933770000000002,0
2014-07-21,3.694,3.406038333333333,1.4935113333333334,0
2014-07-21,3.694,3.4060383333333335,1.4935113333333334,0
2014-07-22,3.848,3.411788333333333,1.4936456666666669,0
2014-07-22,3.848,3.411788333333333,1.4936456666666669,0
2014-07-23,4.202,3.414738333333333,1.49378,0
2014-07-23,4.202,3.414738333333333,1.49378,0
2014-07-24,4.101,3.415191666666667,1.4938655,0
2014-07-24,4.101,3.415191666666667,1.4938655,0
2014-07-25,4.081,3.414308333333333,1.493951,0
2014-07-25,4.081,3.414308333333333,1.493951,0
2014-07-28,4.013,3.4198083333333336,1.4940365,0
2014-07-28,4.013,3.4198083333333336,1.4940365,0
2014-07-29,3.907,3.4325916666666667,1.494122,0
2014-07-29,3.907,3.4325916666666667,1.494122,0
2014-07-30,3.914,3.4462916666666668,1.4942075,0
2014-07-30,3.914,3.4462916666666668,1.4942075,0
2014-07-31,3.98,3.4607499999999995,1.494293,0
2014-07-31,3.98,3.4607499999999995,1.494293,0
2014-08-01,3.907,3.472466666666667,1.4943785,0
2014-08-01,3.907,3.472466666666667,1.4943785,0
2014-08-04,3.842,3.4832666666666667,1.494464,0
2014-08-04,3.842,3.4832666666666667,1.494464,0
2014-08-05,3.738,3.492566666666667,1.4945495,0
2014-08-05,3.738,3.492566666666667,1.4945495,0
2014-08-06,3.559,3.498866666666667,1.494635,0
2014-08-06,3.559,3.498866666666667,1.494635,0
2014-08-07,3.511,3.50345,1.4946596666666667,0
2014-08-07,3.511,3.50345,1.4946596666666667,0
2014-08-08,3.457,3.508808333333333,1.4946843333333333,0
2014-08-08,3.457,3.508808333333333,1.4946843333333333,0
2014-08-11,3.42,3.513658333333333,1.494709,0
2014-08-11,3.42,3.513658333333333,1.494709,0
2014-08-12,3.39,3.518491666666667,1.4947336666666666,0
2014-08-12,3.39,3.518491666666667,1.4947336666666666,0
2014-08-13,3.36,3.518475,1.4947583333333334,0
2014-08-13,3.36,3.518475,1.4947583333333334,0
2014-08-14,3.353,3.518475,1.4947830000000002,0
2014-08-14,3.353,3.518475,1.4947830000000002,0
2014-08-15,3.346,3.517258333333333,1.4948076666666668,0
2014-08-15,3.346,3.517258333333333,1.4948076666666668,0
2014-08-18,3.276,3.515108333333333,1.4948323333333335,0
2014-08-18,3.276,3.515108333333333,1.4948323333333335,0
2014-08-19,3.237,3.515808333333333,1.494857,0
2014-08-19,3.237,3.515808333333333,1.494857,0
2014-08-20,3.246,3.5157916666666664,1.4948816666666669,0
2014-08-20,3.246,3.5157916666666664,1.4948816666666669,0
2014-08-21,3.312,3.517658333333333,1.4950483333333335,0
2014-08-21,3.312,3.517658333333333,1.4950483333333335,0
2014-08-22,3.369,3.5202250000000004,1.4952150000000002,0
2014-08-22,3.369,3.5202250000000004,1.4952150000000002,0
2014-08-25,3.363,3.5224416666666665,1.4953816666666668,0
2014-08-25,3.363,3.5224416666666665,1.4953816666666668,0
2014-08-26,3.318,3.5247416666666664,1.4955483333333337,0
2014-08-26,3.318,3.5247416666666664,1.4955483333333335,0
2014-08-27,3.349,3.528025,1.495715,0
2014-08-27,3.349,3.528025,1.4957150000000001,0
2014-08-28,3.538,3.5358250000000004,1.4958816666666668,0
2014-08-28,3.538,3.5358250000000004,1.4958816666666668,0
2014-08-29,3.672,3.544525,1.4960483333333334,0
2014-08-29,3.672,3.544525,1.4960483333333334,0
2014-09-01,3.584,3.552091666666667,1.496215,0
2014-09-01,3.584,3.552091666666667,1.496215,0
2014-09-02,3.51,3.558425,1.4963816666666667,0
2014-09-02,3.51,3.558425,1.4963816666666667,0
2014-09-03,3.391,3.5624416666666665,1.4965483333333334,0
2014-09-03,3.391,3.5624416666666665,1.4965483333333334,0
2014-09-04,3.275,3.564458333333333,1.4966575,0
2014-09-04,3.275,3.564458333333333,1.4966575,0
2014-09-05,3.188,3.566925,1.4967666666666668,0
2014-09-05,3.188,3.566925,1.4967666666666668,0
2014-09-09,3.152,3.569358333333333,1.4968758333333334,0
2014-09-09,3.152,3.569358333333333,1.4968758333333334,0
2014-09-10,3.161,3.5715250000000003,1.496985,0
2014-09-10,3.161,3.5715250000000003,1.496985,0
2014-09-11,3.203,3.573675,1.4970941666666668,0
2014-09-11,3.203,3.573675,1.4970941666666668,0
2014-09-12,3.235,3.576041666666667,1.4972033333333334,0
2014-09-12,3.235,3.576041666666667,1.4972033333333334,0
2014-09-15,3.244,3.573408333333333,1.4973125,0
2014-09-15,3.244,3.573408333333333,1.4973125,0
2014-09-16,3.25,3.5701083333333328,1.4974216666666669,0
2014-09-16,3.25,3.5701083333333328,1.4974216666666667,0
2014-09-17,3.287,3.566841666666667,1.4975308333333337,0
2014-09-17,3.287,3.566841666666667,1.4975308333333337,0
2014-09-18,3.3,3.564108333333334,1.49764,0
2014-09-18,3.3,3.564108333333334,1.49764,0
2014-09-19,3.3,3.559908333333333,1.4976545,0
2014-09-19,3.3,3.559908333333333,1.4976545,0
2014-09-22,3.198,3.550191666666666,1.497669,0
2014-09-22,3.198,3.550191666666666,1.4976690000000001,0
2014-09-23,3.111,3.5375916666666662,1.4976835,0
2014-09-23,3.111,3.5375916666666662,1.4976835,0
2014-09-24,3.142,3.5162750000000003,1.497698,0
2014-09-24,3.142,3.5162750000000003,1.497698,0
2014-09-25,3.255,3.505075,1.4977125,0
2014-09-25,3.255,3.505075,1.4977125,0
2014-09-26,3.301,3.5035416666666666,1.497727,0
2014-09-26,3.301,3.5035416666666666,1.497727,0
2014-09-28,3.073,3.497758333333333,1.4977415,0
2014-09-28,3.073,3.497758333333333,1.4977415,0
2014-09-29,2.905,3.4891583333333336,1.497756,0
2014-09-29,2.905,3.4891583333333336,1.497756,0
2014-09-30,2.874,3.4783916666666665,1.4977705,0
2014-09-30,2.874,3.4783916666666665,1.4977705,0
2014-10-08,2.903,3.4645083333333333,1.497785,0
2014-10-08,2.903,3.4645083333333333,1.497785,0
2014-10-09,2.986,3.452425,1.4978068333333332,0
2014-10-09,2.986,3.452425,1.4978068333333332,0
2014-10-10,2.99,3.440208333333333,1.4978286666666667,0
2014-10-10,2.99,3.440208333333333,1.4978286666666667,0
2014-10-11,2.999,3.428466666666667,1.4978505,0
2014-10-11,2.999,3.428466666666667,1.4978505,0
2014-10-13,3.004,3.4177666666666666,1.4978723333333333,0
2014-10-13,3.004,3.4177666666666666,1.4978723333333333,0
2014-10-14,3.005,3.4070166666666664,1.4978941666666667,0
2014-10-14,3.005,3.4070166666666664,1.4978941666666667,0
2014-10-15,2.98,3.396,1.497916,0
2014-10-15,2.98,3.396,1.497916,0
2014-10-16,2.969,3.3846333333333334,1.4979378333333333,0
2014-10-16,2.969,3.3846333333333334,1.4979378333333333,0
2014-10-17,2.95,3.3722333333333334,1.4979596666666666,0
2014-10-17,2.95,3.3722333333333334,1.4979596666666666,0
2014-10-20,2.936,3.3570333333333333,1.4979815,0
2014-10-20,2.936,3.3570333333333333,1.4979815,0
2014-10-21,2.921,3.3356833333333333,1.4980033333333334,0
2014-10-21,2.921,3.3356833333333333,1.4980033333333334,0
2014-10-22,2.932,3.3162,1.4980536666666666,0
2014-10-22,2.932,3.3162,1.4980536666666666,0
2014-10-23,2.945,3.297266666666667,1.498104,0
2014-10-23,2.945,3.297266666666667,1.498104,0
2014-10-24,3.025,3.2808,1.4981543333333334,0
2014-10-24,3.025,3.2807999999999997,1.4981543333333334,0
2014-10-27,3.0522,3.266553333333333,1.4982046666666666,0
2014-10-27,3.0522,3.266553333333333,1.4982046666666666,0
2014-10-28,3.059,3.2523033333333333,1.498255,0
2014-10-28,3.059,3.2523033333333333,1.498255,0
2014-10-29,3.14,3.238303333333333,1.4983053333333334,0
2014-10-29,3.14,3.238303333333333,1.4983053333333334,0
2014-10-30,3.1915,3.2263783333333333,1.4983556666666666,0
2014-10-30,3.1915,3.2263783333333333,1.4983556666666666,0
2014-10-31,3.2,3.2156783333333334,1.498406,0
2014-10-31,3.2,3.2156783333333334,1.498406,0
2014-11-03,3.186,3.206478333333333,1.4984563333333334,0
2014-11-03,3.186,3.2064783333333335,1.4984563333333334,0
2014-11-04,3.198,3.2004616666666665,1.4985066666666669,0
2014-11-04,3.198,3.2004616666666665,1.4985066666666667,0
2014-11-05,3.171,3.194795,1.498521166666667,0
2014-11-05,3.171,3.194795,1.4985211666666667,0
2014-11-06,3.118,3.1891450000000003,1.4985356666666667,0
2014-11-06,3.118,3.1891450000000003,1.4985356666666667,0
2014-11-07,3.101,3.183828333333333,1.4985501666666667,0
2014-11-07,3.101,3.1838283333333335,1.4985501666666667,0
2014-11-10,3.099,3.178978333333333,1.4985646666666668,0
2014-11-10,3.099,3.1789783333333332,1.4985646666666668,0
2014-11-11,3.074,3.174211666666667,1.4985791666666666,0
2014-11-11,3.074,3.174211666666667,1.4985791666666666,0
2014-11-12,3.0693,3.169483333333333,1.4985936666666666,0
2014-11-12,3.0693,3.1694833333333334,1.4985936666666666,0
2014-11-13,3.073,3.164933333333333,1.4986081666666666,0
2014-11-13,3.073,3.164933333333333,1.4986081666666666,0
2014-11-14,3.078,3.161633333333333,1.4986226666666669,0
2014-11-14,3.078,3.161633333333333,1.4986226666666669,0
2014-11-17,3.079,3.159,1.498637166666667,0
2014-11-17,3.079,3.159,1.4986371666666667,0
2014-11-18,3.07,3.1560666666666664,1.4986516666666667,0
2014-11-18,3.07,3.1560666666666664,1.4986516666666667,0
2014-11-19,3.074,3.1521,1.498676,0
2014-11-19,3.074,3.1521,1.4986760000000001,0
2014-11-20,3.117,3.1479,1.4987003333333333,0
2014-11-20,3.117,3.1479,1.4987003333333333,0
2014-11-21,3.218,3.1454833333333334,1.4987246666666667,0
2014-11-21,3.218,3.1454833333333334,1.4987246666666667,0
2014-11-24,3.223,3.1439,1.498749,0
2014-11-24,3.223,3.1439,1.498749,0
2014-11-25,3.276,3.1426833333333333,1.4987733333333333,0
2014-11-25,3.276,3.1426833333333333,1.4987733333333333,0
2014-11-26,3.274,3.1382833333333333,1.4987976666666667,0
2014-11-26,3.274,3.1382833333333333,1.4987976666666667,0
2014-11-27,3.29,3.1319166666666667,1.498822,0
2014-11-27,3.29,3.1319166666666667,1.498822,0
2014-11-28,3.322,3.12755,1.4988463333333335,0
2014-11-28,3.322,3.12755,1.4988463333333335,0
2014-12-01,3.354,3.12495,1.498870666666667,0
2014-12-01,3.354,3.1249499999999997,1.4988706666666667,0
2014-12-02,3.389,3.1249166666666666,1.498895,0
2014-12-02,3.389,3.1249166666666666,1.498895,0
2014-12-03,3.413,3.127216666666667,1.4988956666666668,0
2014-12-03,3.413,3.127216666666667,1.4988956666666668,0
2014-12-04,3.402,3.130783333333333,1.4988963333333334,0
2014-12-04,3.402,3.130783333333333,1.4988963333333334,0
2014-12-05,3.39,3.13475,1.498897,0
2014-12-05,3.39,3.13475,1.498897,0
2014-12-08,3.42,3.1390666666666664,1.498897666666667,0
2014-12-08,3.42,3.1390666666666664,1.498897666666667,0
2014-12-09,3.43,3.14285,1.4988983333333334,0
2014-12-09,3.43,3.14285,1.4988983333333334,0
2014-12-10,3.456,3.146533333333333,1.498899,0
2014-12-10,3.456,3.146533333333333,1.498899,0
2014-12-11,3.506,3.1509,1.4988996666666667,0
2014-12-11,3.506,3.1509,1.4988996666666667,0
2014-12-12,3.587,3.156516666666667,1.4989003333333333,0
2014-12-12,3.587,3.156516666666667,1.4989003333333333,0
2014-12-15,3.605,3.1618166666666667,1.498901,0
2014-12-15,3.605,3.1618166666666667,1.498901,0
2014-12-16,3.636,3.1674166666666665,1.4989016666666666,0
2014-12-16,3.636,3.1674166666666665,1.4989016666666666,0
2014-12-17,3.692,3.17395,1.4989453333333334,0
2014-12-17,3.692,3.17395,1.4989453333333334,0
2014-12-18,4.025,3.187733333333333,1.498989,0
2014-12-18,4.025,3.1877333333333335,1.498989,0
2014-12-19,5.367,3.2253333333333334,1.499032666666667,0
2014-12-19,5.367,3.2253333333333334,1.4990326666666667,0
2014-12-22,5.782,3.269333333333333,1.4990763333333332,0
2014-12-22,5.782,3.2693333333333334,1.4990763333333332,0
2014-12-23,5.653,3.3093,1.49912,0
2014-12-23,5.653,3.3093,1.49912,0
2014-12-24,5.185,3.3407,1.4991636666666668,0
2014-12-24,5.185,3.3407,1.4991636666666668,0
2014-12-25,5.005,3.3729,1.4992073333333331,0
2014-12-25,5.005,3.3729,1.4992073333333333,0
2014-12-26,4.815,3.404733333333333,1.499251,0
2014-12-26,4.815,3.404733333333333,1.4992510000000001,0
2014-12-29,4.714,3.4354,1.4992946666666669,0
2014-12-29,4.714,3.4354,1.4992946666666667,0
2014-12-30,4.639,3.4643333333333337,1.4993383333333334,0
2014-12-30,4.639,3.4643333333333337,1.4993383333333334,0
2014-12-31,4.639,3.491883333333333,1.4993498333333335,0
2014-12-31,4.639,3.491883333333333,1.4993498333333335,0
2015-01-04,4.883,3.5234333333333336,1.499361333333333,0
2015-01-04,4.883,3.5234333333333336,1.499361333333333,0
2015-01-05,4.725,3.5522,1.4993728333333334,0
2015-01-05,4.725,3.5521999999999996,1.4993728333333334,0
2015-01-06,4.241,3.5728166666666668,1.4993843333333332,0
2015-01-06,4.241,3.5728166666666668,1.4993843333333332,0
2015-01-07,3.873,3.587283333333333,1.4993958333333333,0
2015-01-07,3.873,3.587283333333333,1.4993958333333333,0
2015-01-08,3.745,3.6000333333333336,1.499407333333333,0
2015-01-08,3.745,3.6000333333333336,1.499407333333333,0
2015-01-09,3.738,3.61285,1.4994188333333331,0
2015-01-09,3.738,3.61285,1.4994188333333331,0
2015-01-12,3.762,3.6263833333333335,1.4994303333333332,0
2015-01-12,3.762,3.6263833333333335,1.4994303333333332,0
2015-01-13,3.73,3.6396166666666665,1.499441833333333,0
2015-01-13,3.73,3.6396166666666665,1.499441833333333,0
2015-01-14,3.837,3.654883333333333,1.499453333333333,0
2015-01-14,3.837,3.6548833333333333,1.499453333333333,0
2015-01-15,3.843,3.6700666666666666,1.499478333333333,0
2015-01-15,3.843,3.6700666666666666,1.499478333333333,0
2015-01-16,3.848,3.6851166666666666,1.4995033333333332,0
2015-01-16,3.848,3.6851166666666666,1.4995033333333332,0
2015-01-19,3.831,3.69855,1.4995283333333331,0
2015-01-19,3.831,3.69855,1.4995283333333331,0
2015-01-20,3.782,3.7107133333333335,1.4995533333333333,0
2015-01-20,3.782,3.7107133333333335,1.4995533333333333,0
2015-01-21,3.823,3.7234466666666655,1.4995783333333332,0
2015-01-21,3.823,3.7234466666666655,1.4995783333333332,0
2015-01-22,3.875,3.735696666666666,1.4996033333333332,0
2015-01-22,3.875,3.735696666666666,1.4996033333333332,0
2015-01-23,4.028,3.749638333333334,1.4996283333333331,0
2015-01-23,4.028,3.749638333333334,1.4996283333333331,0
2015-01-26,3.92,3.761638333333333,1.4996533333333333,0
2015-01-26,3.92,3.761638333333333,1.4996533333333333,0
2015-01-27,3.89,3.773371666666667,1.4996783333333334,0
2015-01-27,3.89,3.773371666666667,1.4996783333333334,0
2015-01-28,3.898,3.7850383333333335,1.4997033333333334,0
2015-01-28,3.898,3.7850383333333335,1.4997033333333334,0
2015-01-29,3.929,3.7976716666666666,1.4997975,0
2015-01-29,3.929,3.7976716666666666,1.4997975,0
2015-01-30,4.026,3.812805,1.4998916666666666,0
2015-01-30,4.026,3.8128049999999996,1.4998916666666666,0
2015-02-02,4.257,3.8320716666666654,1.4999858333333334,0
2015-02-02,4.257,3.8320716666666663,1.4999858333333334,0
2015-02-03,4.3933,3.853643333333333,1.50008,0
2015-02-03,4.3933,3.853643333333333,1.50008,0
2015-02-04,4.427,3.876193333333333,1.5001741666666666,0
2015-02-04,4.427,3.876193333333333,1.5001741666666666,0
2015-02-05,4.412,3.8985716666666663,1.500268333333333,0
2015-02-05,4.412,3.8985716666666668,1.5002683333333333,0
2015-02-06,4.359,3.920005,1.5003625,0
2015-02-06,4.359,3.920005,1.5003625,0
2015-02-09,4.335,3.940955,1.5004566666666668,0
2015-02-09,4.335,3.940955,1.5004566666666668,0
2015-02-10,4.321,3.961655,1.5005508333333333,0
2015-02-10,4.321,3.961655,1.5005508333333333,0
2015-02-11,4.42,3.984155,1.500645,0
2015-02-11,4.42,3.9841550000000003,1.500645,0
2015-02-12,4.602,4.009621666666667,1.5006601666666668,0
2015-02-12,4.602,4.009621666666667,1.5006601666666668,0
2015-02-13,4.663,4.035388333333334,1.5006753333333334,0
2015-02-13,4.663,4.035388333333334,1.5006753333333334,0
2015-02-15,4.72,4.060421666666667,1.5006905,0
2015-02-15,4.72,4.060421666666667,1.5006905000000001,0
2015-02-16,4.7,4.085038333333333,1.5007056666666667,0
2015-02-16,4.7,4.085038333333333,1.5007056666666667,0
2015-02-17,4.749,4.109588333333333,1.5007208333333333,0
2015-02-17,4.749,4.109588333333333,1.5007208333333333,0
2015-02-25,4.768,4.1344883333333335,1.500736,0
2015-02-25,4.768,4.1344883333333335,1.500736,0
2015-02-26,4.717,4.158271666666667,1.5007511666666669,0
2015-02-26,4.717,4.158271666666667,1.5007511666666669,0
2015-02-27,4.715,4.181488333333333,1.5007663333333334,0
2015-02-27,4.715,4.181488333333333,1.5007663333333334,0
2015-02-28,4.772,4.205121666666667,1.5007815000000002,0
2015-02-28,4.772,4.205121666666667,1.5007815000000002,0
2015-03-02,4.748,4.2277716666666665,1.5007966666666668,0
2015-03-02,4.748,4.2277716666666665,1.5007966666666668,0
2015-03-03,4.747,4.250005,1.5008138333333334,0
2015-03-03,4.747,4.250005,1.5008138333333334,0
2015-03-04,4.717,4.271921666666667,1.500831,0
2015-03-04,4.717,4.271921666666667,1.500831,0
2015-03-05,4.729,4.294238333333333,1.5008481666666666,0
2015-03-05,4.729,4.294238333333333,1.5008481666666666,0
2015-03-06,4.739,4.316221666666666,1.5008653333333333,0
2015-03-06,4.739,4.316221666666666,1.5008653333333333,0
2015-03-09,4.773,4.338605,1.5008825,0
2015-03-09,4.773,4.338605,1.5008825,0
2015-03-10,4.763,4.360388333333333,1.5008996666666667,0
2015-03-10,4.763,4.360388333333333,1.5008996666666667,0
2015-03-11,4.773,4.381505000000001,1.5009168333333334,0
2015-03-11,4.773,4.381505000000001,1.5009168333333334,0
2015-03-12,4.7511,4.400906666666667,1.500934,0
2015-03-12,4.7511,4.400906666666667,1.500934,0
2015-03-13,4.738,4.419790000000001,1.5009511666666666,0
2015-03-13,4.738,4.419790000000001,1.5009511666666666,0
2015-03-16,4.708,4.437656666666666,1.5009683333333332,0
2015-03-16,4.708,4.437656666666666,1.5009683333333332,0
2015-03-17,4.62,4.453123333333334,1.5010065,0
2015-03-17,4.62,4.453123333333334,1.5010065,0
2015-03-18,4.602,4.462739999999999,1.5010446666666666,0
2015-03-18,4.602,4.462739999999999,1.5010446666666666,0
2015-03-19,4.496,4.448223333333333,1.5010828333333333,0
2015-03-19,4.496,4.448223333333333,1.5010828333333333,0
2015-03-20,4.331,4.42404,1.501121,0
2015-03-20,4.331,4.42404,1.501121,0
2015-03-23,4.143,4.398873333333333,1.5011591666666666,0
2015-03-23,4.143,4.398873333333333,1.5011591666666666,0
2015-03-24,4.033,4.379673333333334,1.5011973333333333,0
2015-03-24,4.033,4.379673333333334,1.5011973333333333,0
2015-03-25,3.955,4.362173333333333,1.5012355,0
2015-03-25,3.955,4.362173333333333,1.5012355,0
2015-03-26,3.897,4.346873333333333,1.5012736666666666,0
2015-03-26,3.897,4.346873333333333,1.5012736666666666,0
2015-03-27,3.893,4.33319,1.5013118333333333,0
2015-03-27,3.893,4.33319,1.5013118333333333,0
2015-03-30,3.919,4.32119,1.50135,0
2015-03-30,3.919,4.32119,1.50135,0
2015-03-31,3.886,4.30864,1.5013863333333333,0
2015-03-31,3.886,4.30864,1.5013863333333333,0
2015-04-01,3.754,4.2898233333333335,1.5014226666666666,0
2015-04-01,3.754,4.2898233333333335,1.5014226666666666,0
2015-04-02,3.635,4.271656666666667,1.501459,0
2015-04-02,3.635,4.271656666666667,1.501459,0
2015-04-03,3.506,4.259406666666667,1.5014953333333334,0
2015-04-03,3.506,4.259406666666667,1.5014953333333334,0
2015-04-07,3.319,4.250173333333334,1.5015316666666667,0
2015-04-07,3.319,4.250173333333334,1.5015316666666667,0
2015-04-08,3.163,4.240473333333333,1.501568,0
2015-04-08,3.163,4.240473333333333,1.501568,0
2015-04-09,3.073,4.22939,1.501604333333333,0
2015-04-09,3.073,4.2293899999999995,1.5016043333333333,0
2015-04-10,2.97,4.21619,1.5016406666666668,0
2015-04-10,2.97,4.21619,1.5016406666666668,0
2015-04-13,2.949,4.203173333333334,1.5016770000000002,0
2015-04-13,2.949,4.203173333333334,1.5016770000000002,0
2015-04-14,2.92,4.18789,1.5017133333333337,0
2015-04-14,2.92,4.1878899999999994,1.5017133333333335,0
2015-04-15,2.88,4.17184,1.5018161666666667,0
2015-04-15,2.88,4.17184,1.5018161666666667,0
2015-04-16,2.884,4.155773333333333,1.501919,0
2015-04-16,2.884,4.155773333333333,1.501919,0
2015-04-17,2.873,4.139806666666667,1.5020218333333335,0
2015-04-17,2.873,4.139806666666667,1.5020218333333335,0
2015-04-20,2.732,4.122306666666666,1.5021246666666668,0
2015-04-20,2.732,4.122306666666666,1.5021246666666668,0
2015-04-21,2.62,4.102256666666666,1.5022275,0
2015-04-21,2.62,4.102256666666666,1.5022275,0
2015-04-22,2.567,4.080456666666667,1.502330333333333,0
2015-04-22,2.567,4.080456666666667,1.502330333333333,0
2015-04-23,2.527,4.05544,1.5024331666666666,0
2015-04-23,2.527,4.05544,1.5024331666666666,0
2015-04-24,2.488,4.031573333333333,1.502536,0
2015-04-24,2.488,4.031573333333333,1.502536,0
2015-04-27,2.451,4.00759,1.5026388333333334,0
2015-04-27,2.451,4.00759,1.5026388333333334,0
2015-04-28,2.438,3.983256666666666,1.5027416666666666,0
2015-04-28,2.438,3.983256666666666,1.5027416666666666,0
2015-04-29,2.439,3.958423333333333,1.5028268333333332,0
2015-04-29,2.439,3.958423333333333,1.5028268333333332,0
2015-04-30,2.43,3.931823333333333,1.502912,0
2015-04-30,2.43,3.931823333333333,1.502912,0
2015-05-04,2.39,3.9007066666666663,1.5029971666666666,0
2015-05-04,2.39,3.9007066666666668,1.5029971666666666,0
2015-05-05,2.368,3.8669516666666666,1.5030823333333334,0
2015-05-05,2.368,3.8669516666666666,1.5030823333333334,0
2015-05-06,2.369,3.8326516666666666,1.5031675,0
2015-05-06,2.369,3.8326516666666666,1.5031675,0
2015-05-07,2.355,3.798368333333333,1.5032526666666666,0
2015-05-07,2.355,3.7983683333333333,1.5032526666666666,0
2015-05-08,2.334,3.764618333333333,1.5033378333333334,0
2015-05-08,2.334,3.764618333333333,1.5033378333333334,0
2015-05-11,2.245,3.729785,1.503423,0
2015-05-11,2.245,3.729785,1.503423,0
2015-05-12,2.197,3.694385,1.5035081666666668,0
2015-05-12,2.197,3.694385,1.5035081666666668,0
2015-05-13,2.149,3.656535,1.5035933333333331,0
2015-05-13,2.149,3.656535,1.5035933333333333,0
2015-05-14,2.056,3.614101666666666,1.5036021666666666,0
2015-05-14,2.056,3.614101666666666,1.5036021666666666,0
2015-05-15,1.962,3.5690850000000003,1.503611,0
2015-05-15,1.962,3.5690850000000003,1.503611,0
2015-05-18,1.92,3.522418333333333,1.5036198333333333,0
2015-05-18,1.92,3.522418333333333,1.5036198333333333,0
2015-05-19,1.925,3.4761683333333333,1.5036286666666667,0
2015-05-19,1.925,3.4761683333333333,1.5036286666666667,0
2015-05-20,1.932,3.429218333333333,1.5036375,0
2015-05-20,1.932,3.429218333333333,1.5036375,0
2015-05-21,1.944,3.3821516666666667,1.5036463333333332,0
2015-05-21,1.944,3.3821516666666667,1.5036463333333332,0
2015-05-22,1.966,3.3363016666666665,1.5036551666666669,0
2015-05-22,1.966,3.3363016666666665,1.5036551666666669,0
2015-05-25,1.968,3.290518333333333,1.503664,0
2015-05-25,1.968,3.2905183333333334,1.503664,0
2015-05-26,1.9688,3.2437983333333333,1.5036728333333331,0
2015-05-26,1.9688,3.2437983333333333,1.5036728333333333,0
2015-05-27,1.967,3.197448333333333,1.5036816666666666,0
2015-05-27,1.967,3.197448333333333,1.5036816666666666,0
2015-05-28,1.952,3.1508650000000005,1.5038158333333334,0
2015-05-28,1.952,3.1508650000000005,1.5038158333333334,0
2015-05-29,1.972,3.105115,1.50395,0
2015-05-29,1.972,3.105115,1.50395,0
2015-06-01,1.963,3.0590150000000005,1.5040841666666669,0
2015-06-01,1.963,3.0590150000000005,1.5040841666666667,0
2015-06-02,1.977,3.012981666666667,1.5042183333333332,0
2015-06-02,1.977,3.012981666666667,1.5042183333333332,0
2015-06-03,2.057,2.967715,1.5043525,0
2015-06-03,2.057,2.967715,1.5043525,0
2015-06-04,2.122,2.9236983333333333,1.5044866666666667,0
2015-06-04,2.122,2.9236983333333333,1.5044866666666667,0
2015-06-05,2.07,2.878648333333333,1.5046208333333333,0
2015-06-05,2.07,2.878648333333333,1.5046208333333333,0
2015-06-08,2.043,2.8335133333333333,1.504755,0
2015-06-08,2.043,2.8335133333333333,1.504755,0
2015-06-09,2.049,2.7886966666666666,1.5048891666666666,0
2015-06-09,2.049,2.7886966666666666,1.5048891666666666,0
2015-06-10,2.052,2.7444300000000004,1.5050233333333334,0
2015-06-10,2.052,2.7444300000000004,1.5050233333333334,0
2015-06-11,2.063,2.7018133333333334,1.5050396666666668,0
2015-06-11,2.063,2.7018133333333334,1.5050396666666668,0
2015-06-12,2.085,2.659863333333333,1.505056,0
2015-06-12,2.085,2.659863333333333,1.505056,0
2015-06-15,2.11,2.6200966666666665,1.5050723333333331,0
2015-06-15,2.11,2.6200966666666665,1.5050723333333331,0
2015-06-16,2.143,2.58363,1.5050886666666667,0
2015-06-16,2.143,2.58363,1.5050886666666667,0
2015-06-17,2.238,2.55188,1.505105,0
2015-06-17,2.238,2.55188,1.505105,0
2015-06-18,2.478,2.525963333333334,1.505121333333333,0
2015-06-18,2.478,2.525963333333334,1.505121333333333,0
2015-06-19,2.674,2.5046133333333334,1.5051376666666667,0
2015-06-19,2.674,2.5046133333333334,1.5051376666666667,0
2015-06-23,2.675,2.4842466666666665,1.505154,0
2015-06-23,2.675,2.4842466666666665,1.505154,0
2015-06-24,2.808,2.4661633333333333,1.5051703333333333,0
2015-06-24,2.808,2.4661633333333333,1.5051703333333333,0
2015-06-25,2.884,2.448913333333333,1.505186666666667,0
2015-06-25,2.884,2.448913333333333,1.5051866666666667,0
2015-06-26,2.921,2.43283,1.5052945,0
2015-06-26,2.921,2.43283,1.5052945,0
2015-06-29,2.84,2.417596666666667,1.5054023333333333,0
2015-06-29,2.84,2.417596666666667,1.5054023333333333,0
2015-06-30,2.652,2.401213333333333,1.5055101666666666,0
2015-06-30,2.652,2.401213333333333,1.5055101666666666,0
2015-07-01,2.602,2.3861466666666664,1.505618,0
2015-07-01,2.602,2.3861466666666664,1.505618,0
2015-07-02,2.712,2.37603,1.5057258333333332,0
2015-07-02,2.712,2.37603,1.5057258333333332,0
2015-07-03,2.802,2.370013333333333,1.5058336666666663,0
2015-07-03,2.802,2.370013333333333,1.5058336666666665,0
2015-07-06,2.661,2.3631466666666667,1.5059414999999998,0
2015-07-06,2.661,2.3631466666666667,1.5059414999999998,0
2015-07-07,2.61,2.357146666666667,1.5060493333333331,0
2015-07-07,2.61,2.357146666666667,1.5060493333333331,0
2015-07-08,2.589,2.3511466666666667,1.5061571666666664,0
2015-07-08,2.589,2.3511466666666667,1.5061571666666664,0
2015-07-09,2.578,2.3454466666666667,1.5062649999999995,0
2015-07-09,2.578,2.3454466666666667,1.5062649999999995,0
2015-07-10,2.575,2.3403633333333334,1.5063693333333332,0
2015-07-10,2.575,2.3403633333333334,1.5063693333333332,0
2015-07-13,2.553,2.3348466666666665,1.5064736666666665,0
2015-07-13,2.553,2.3348466666666665,1.5064736666666665,0
2015-07-14,2.556,2.3295633333333337,1.506578,0
2015-07-14,2.556,2.3295633333333337,1.506578,0
2015-07-15,2.55,2.32653,1.5066823333333332,0
2015-07-15,2.55,2.32653,1.5066823333333332,0
2015-07-16,2.481,2.324213333333333,1.5067866666666667,0
2015-07-16,2.481,2.3242133333333332,1.5067866666666667,0
2015-07-17,2.464,2.3224966666666664,1.506891,0
2015-07-17,2.464,2.3224966666666664,1.506891,0
2015-07-20,2.449,2.321196666666667,1.5069953333333337,0
2015-07-20,2.449,2.321196666666667,1.5069953333333335,0
2015-07-21,2.458,2.320696666666667,1.5070996666666667,0
2015-07-21,2.458,2.320696666666667,1.5070996666666667,0
2015-07-22,2.478,2.3211466666666665,1.5072040000000002,0
2015-07-22,2.478,2.3211466666666665,1.5072040000000002,0
2015-07-23,2.54,2.3228466666666665,1.5073083333333337,0
2015-07-23,2.54,2.3228466666666665,1.5073083333333335,0
2015-07-24,2.559,2.3248466666666667,1.5073266666666667,0
2015-07-24,2.559,2.3248466666666667,1.5073266666666667,0
2015-07-27,2.559,2.3269966666666666,1.5073450000000002,0
2015-07-27,2.559,2.3269966666666666,1.5073450000000002,0
2015-07-28,2.552,2.329696666666666,1.5073633333333334,0
2015-07-28,2.552,2.329696666666666,1.5073633333333334,0
2015-07-29,2.514,2.33213,1.5073816666666668,0
2015-07-29,2.514,2.33213,1.5073816666666668,0
2015-07-30,2.502,2.334346666666667,1.5074,0
2015-07-30,2.502,2.334346666666667,1.5074,0
2015-07-31,2.509,2.3369133333333334,1.5074183333333333,0
2015-07-31,2.509,2.3369133333333334,1.5074183333333333,0
2015-08-03,2.495,2.3395966666666665,1.5074366666666668,0
2015-08-03,2.495,2.3395966666666665,1.5074366666666668,0
2015-08-04,2.483,2.343563333333333,1.507455,0
2015-08-04,2.483,2.343563333333333,1.507455,0
2015-08-05,2.471,2.34813,1.5074733333333334,0
2015-08-05,2.471,2.34813,1.5074733333333334,0
2015-08-06,2.449,2.35313,1.507491666666667,0
2015-08-06,2.449,2.35313,1.507491666666667,0
2015-08-07,2.453,2.3597466666666667,1.5076273333333334,0
2015-08-07,2.453,2.3597466666666667,1.5076273333333334,0
2015-08-10,2.455,2.3679633333333334,1.507763,0
2015-08-10,2.455,2.3679633333333334,1.507763,0
2015-08-11,2.463,2.377013333333333,1.5078986666666667,0
2015-08-11,2.463,2.377013333333333,1.5078986666666667,0
2015-08-12,2.472,2.38613,1.5080343333333333,0
2015-08-12,2.472,2.38613,1.5080343333333333,0
2015-08-13,2.481,2.39528,1.5081699999999998,0
2015-08-13,2.481,2.39528,1.5081699999999998,0
2015-08-14,2.495,2.404463333333333,1.5083056666666663,0
2015-08-14,2.495,2.404463333333333,1.5083056666666665,0
2015-08-17,2.517,2.4136466666666667,1.5084413333333333,0
2015-08-17,2.517,2.4136466666666667,1.5084413333333333,0
2015-08-18,2.531,2.42303,1.5085769999999998,0
2015-08-18,2.531,2.42303,1.5085769999999998,0
2015-08-19,2.546,2.43265,1.5087126666666666,0
2015-08-19,2.546,2.43265,1.5087126666666666,0
2015-08-20,2.586,2.4429666666666665,1.5088483333333331,0
2015-08-20,2.586,2.4429666666666665,1.5088483333333331,0
2015-08-21,2.599,2.45375,1.5088788333333332,0
2015-08-21,2.599,2.45375,1.5088788333333332,0
2015-08-24,2.597,2.464166666666667,1.5089093333333332,0
2015-08-24,2.597,2.464166666666667,1.5089093333333332,0
2015-08-25,2.593,2.4746666666666663,1.5089398333333333,0
2015-08-25,2.593,2.4746666666666663,1.5089398333333333,0
2015-08-26,2.429,2.4822,1.5089703333333333,0
2015-08-26,2.429,2.4822,1.5089703333333333,0
2015-08-27,2.398,2.487883333333333,1.5090008333333331,0
2015-08-27,2.398,2.487883333333333,1.5090008333333331,0
2015-08-28,2.392,2.4923833333333336,1.5090313333333332,0
2015-08-28,2.392,2.4923833333333336,1.5090313333333332,0
2015-08-31,2.398,2.49785,1.5090618333333332,0
2015-08-31,2.398,2.49785,1.5090618333333332,0
2015-09-01,2.41,2.5039666666666665,1.5090923333333333,0
2015-09-01,2.41,2.5039666666666665,1.5090923333333333,0
2015-09-02,2.421,2.510166666666667,1.5091228333333333,0
2015-09-02,2.421,2.510166666666667,1.5091228333333333,0
2015-09-06,2.41,2.5161333333333333,1.5091533333333331,0
2015-09-06,2.41,2.5161333333333333,1.5091533333333331,0
2015-09-07,2.41,2.521916666666667,1.5092151666666669,0
2015-09-07,2.41,2.521916666666667,1.5092151666666667,0
2015-09-08,2.402,2.5272,1.509277,0
2015-09-08,2.402,2.5271999999999997,1.509277,0
2015-09-09,2.398,2.5320000000000005,1.5093388333333333,0
2015-09-09,2.398,2.5320000000000005,1.5093388333333333,0
2015-09-10,2.4,2.536283333333333,1.5094006666666666,0
2015-09-10,2.4,2.536283333333333,1.5094006666666666,0
2015-09-11,2.403,2.5390333333333337,1.5094625,0
2015-09-11,2.403,2.5390333333333337,1.5094625,0
2015-09-14,2.394,2.537633333333333,1.5095243333333332,0
2015-09-14,2.394,2.537633333333333,1.5095243333333332,0
2015-09-15,2.392,2.5329333333333333,1.5095861666666666,0
2015-09-15,2.392,2.5329333333333333,1.5095861666666666,0
2015-09-16,2.391,2.5282,1.509648,0
2015-09-16,2.391,2.5282,1.509648,0
2015-09-17,2.391,2.52125,1.5097098333333332,0
2015-09-17,2.391,2.52125,1.5097098333333332,0
2015-09-18,2.39,2.5130166666666667,1.5097716666666663,0
2015-09-18,2.39,2.5130166666666667,1.5097716666666665,0
2015-09-21,2.391,2.504183333333333,1.5097854999999998,0
2015-09-21,2.391,2.504183333333333,1.5097854999999998,0
2015-09-22,2.397,2.4968,1.5097993333333333,0
2015-09-22,2.397,2.4968,1.5097993333333333,0
2015-09-23,2.401,2.4926166666666663,1.5098131666666663,0
2015-09-23,2.401,2.4926166666666663,1.5098131666666665,0
2015-09-24,2.48,2.4905833333333334,1.509827,0
2015-09-24,2.48,2.4905833333333334,1.509827,0
2015-09-25,2.447,2.486166666666666,1.5098408333333333,0
2015-09-25,2.447,2.4861666666666666,1.5098408333333333,0
2015-09-28,2.431,2.4799833333333337,1.5098546666666666,0
2015-09-28,2.431,2.4799833333333337,1.5098546666666666,0
2015-09-29,2.419,2.47595,1.5098685,0
2015-09-29,2.419,2.4759499999999997,1.5098685,0
2015-09-30,2.408,2.472583333333333,1.509882333333333,0
2015-09-30,2.408,2.472583333333333,1.509882333333333,0
2015-10-08,2.4,2.4694333333333334,1.5098961666666668,0
2015-10-08,2.4,2.4694333333333334,1.5098961666666668,0
2015-10-09,2.4,2.466466666666667,1.50991,0
2015-10-09,2.4,2.466466666666667,1.50991,0
2015-10-10,2.401,2.4635666666666665,1.509972,0
2015-10-10,2.401,2.4635666666666665,1.509972,0
2015-10-12,2.397,2.4609666666666663,1.510034,0
2015-10-12,2.397,2.4609666666666663,1.510034,0
2015-10-13,2.397,2.4583166666666667,1.510096,0
2015-10-13,2.397,2.4583166666666667,1.510096,0
2015-10-14,2.397,2.455766666666667,1.510158,0
2015-10-14,2.397,2.455766666666667,1.5101580000000001,0
2015-10-15,2.397,2.4543666666666666,1.51022,0
2015-10-15,2.397,2.4543666666666666,1.51022,0
2015-10-16,2.394,2.4532000000000003,1.510282,0
2015-10-16,2.394,2.4532000000000003,1.510282,0
2015-10-19,2.395,2.4523,1.510344,0
2015-10-19,2.395,2.4523,1.510344,0
2015-10-20,2.394,2.4512333333333336,1.510406,0
2015-10-20,2.394,2.4512333333333336,1.510406,0
2015-10-21,2.394,2.449833333333333,1.510468,0
2015-10-21,2.394,2.449833333333333,1.510468,0
2015-10-22,2.396,2.4474333333333336,1.51053,0
2015-10-22,2.396,2.4474333333333336,1.51053,0
2015-10-23,2.401,2.4448,1.5107288333333333,0
2015-10-23,2.401,2.4448,1.5107288333333333,0
2015-10-26,2.338,2.441116666666667,1.510927666666667,0
2015-10-26,2.338,2.441116666666667,1.5109276666666667,0
2015-10-27,2.297,2.436866666666667,1.5111265,0
2015-10-27,2.297,2.436866666666667,1.5111265,0
2015-10-28,2.292,2.4331666666666667,1.5113253333333334,0
2015-10-28,2.292,2.4331666666666667,1.5113253333333334,0
2015-10-29,2.291,2.42965,1.5115241666666668,0
2015-10-29,2.291,2.42965,1.5115241666666668,0
2015-10-30,2.291,2.426016666666667,1.511723,0
2015-10-30,2.291,2.426016666666667,1.5117230000000001,0
2015-11-02,2.291,2.422616666666667,1.5119218333333333,0
2015-11-02,2.291,2.422616666666667,1.5119218333333333,0
2015-11-03,2.29,2.4194,1.512120666666667,0
2015-11-03,2.29,2.4194,1.5121206666666667,0
2015-11-04,2.293,2.416433333333333,1.5123195,0
2015-11-04,2.293,2.416433333333333,1.5123195,0
2015-11-05,2.288,2.4137500000000003,1.5125183333333334,0
2015-11-05,2.288,2.4137500000000003,1.5125183333333334,0
2015-11-06,2.285,2.41095,1.5125898333333334,0
2015-11-06,2.285,2.41095,1.5125898333333334,0
2015-11-09,2.285,2.4081166666666665,1.5126613333333334,0
2015-11-09,2.285,2.4081166666666665,1.5126613333333334,0
2015-11-10,2.28,2.405066666666667,1.5127328333333334,0
2015-11-10,2.28,2.405066666666667,1.5127328333333334,0
2015-11-11,2.279,2.40185,1.5128043333333334,0
2015-11-11,2.279,2.40185,1.5128043333333334,0
2015-11-12,2.279,2.398483333333333,1.5128758333333332,0
2015-11-12,2.279,2.398483333333333,1.5128758333333332,0
2015-11-13,2.278,2.3948666666666667,1.5129473333333332,0
2015-11-13,2.278,2.3948666666666667,1.5129473333333332,0
2015-11-16,2.279,2.3909,1.5130188333333332,0
2015-11-16,2.279,2.3909000000000002,1.5130188333333332,0
2015-11-17,2.278,2.386683333333333,1.5130903333333332,0
2015-11-17,2.278,2.386683333333333,1.5130903333333332,0
2015-11-18,2.279,2.382233333333333,1.5131618333333332,0
2015-11-18,2.279,2.382233333333333,1.5131618333333332,0
2015-11-19,2.28,2.377133333333333,1.5132333333333332,0
2015-11-19,2.28,2.377133333333333,1.5132333333333332,0
2015-11-20,2.282,2.37185,1.5132825,0
2015-11-20,2.282,2.37185,1.5132825,0
2015-11-23,2.283,2.3666166666666664,1.5133316666666663,0
2015-11-23,2.283,2.3666166666666664,1.5133316666666663,0
2015-11-24,2.285,2.361483333333333,1.5133808333333332,0
2015-11-24,2.285,2.361483333333333,1.5133808333333332,0
2015-11-25,2.286,2.3591,1.5134299999999998,0
2015-11-25,2.286,2.3591,1.5134299999999998,0
2015-11-26,2.289,2.3572833333333336,1.5134791666666665,0
2015-11-26,2.289,2.3572833333333336,1.5134791666666665,0
2015-11-27,2.293,2.355633333333333,1.5135283333333334,0
2015-11-27,2.293,2.355633333333333,1.5135283333333334,0
2015-11-30,2.299,2.3539833333333333,1.5135775,0
2015-11-30,2.299,2.3539833333333333,1.5135775,0
2015-12-01,2.294,2.35205,1.513626666666667,0
2015-12-01,2.294,2.35205,1.513626666666667,0
2015-12-02,2.293,2.3499166666666667,1.513675833333333,0
2015-12-02,2.293,2.3499166666666667,1.513675833333333,0
2015-12-03,2.292,2.3479499999999995,1.513725,0
2015-12-03,2.292,2.3479499999999995,1.513725,0
2015-12-04,2.293,2.346,1.5137945,0
2015-12-04,2.293,2.346,1.5137945,0
2015-12-07,2.291,2.34415,1.513864,0
2015-12-07,2.291,2.34415,1.513864,0
2015-12-08,2.292,2.342383333333333,1.5139335,0
2015-12-08,2.292,2.342383333333333,1.5139335,0
2015-12-09,2.294,2.340616666666667,1.514003,0
2015-12-09,2.294,2.340616666666667,1.514003,0
2015-12-10,2.297,2.33885,1.5140725000000002,0
2015-12-10,2.297,2.33885,1.5140725000000002,0
2015-12-11,2.302,2.3373166666666667,1.514142,0
2015-12-11,2.302,2.3373166666666667,1.514142,0
2015-12-14,2.303,2.335833333333333,1.5142115,0
2015-12-14,2.303,2.335833333333333,1.5142115,0
2015-12-15,2.299,2.3343,1.514281,0
2015-12-15,2.299,2.3343,1.514281,0
2015-12-16,2.301,2.3328,1.5143505000000002,0
2015-12-16,2.301,2.3328,1.5143505000000002,0
2015-12-17,2.299,2.331283333333333,1.51442,0
2015-12-17,2.299,2.331283333333333,1.51442,0
2015-12-18,2.318,2.3300666666666667,1.5144735,0
2015-12-18,2.318,2.3300666666666667,1.5144735,0
2015-12-21,2.334,2.329016666666667,1.5145270000000002,0
2015-12-21,2.334,2.329016666666667,1.5145270000000002,0
2015-12-22,2.342,2.328033333333333,1.5145805,0
2015-12-22,2.342,2.328033333333333,1.5145805,0
2015-12-23,2.348,2.3258333333333336,1.514634,0
2015-12-23,2.348,2.3258333333333336,1.514634,0
2015-12-24,2.348,2.324183333333333,1.5146875,0
2015-12-24,2.348,2.324183333333333,1.5146875,0
2015-12-25,2.355,2.3229166666666665,1.514741,0
2015-12-25,2.355,2.3229166666666665,1.514741,0
2015-12-28,2.354,2.321833333333333,1.5147945,0
2015-12-28,2.354,2.321833333333333,1.5147945,0
2015-12-29,2.352,2.3209,1.514848,0
2015-12-29,2.352,2.3209,1.514848,0
2015-12-30,2.352,2.3201,1.5149015,0
2015-12-30,2.352,2.3201,1.5149015,0
2015-12-31,2.355,2.31935,1.514955,0
2015-12-31,2.355,2.31935,1.514955,0
2016-01-04,2.335,2.31825,1.515018,0
2016-01-04,2.335,2.31825,1.515018,0
2016-01-05,2.33,2.317133333333333,1.515081,0
2016-01-05,2.33,2.317133333333333,1.515081,0
2016-01-06,2.322,2.3158833333333333,1.515144,0
2016-01-06,2.322,2.3158833333333333,1.515144,0
2016-01-07,2.313,2.314483333333333,1.5152070000000002,0
2016-01-07,2.313,2.314483333333333,1.5152070000000002,0
2016-01-08,2.308,2.313,1.51527,0
2016-01-08,2.308,2.313,1.51527,0
2016-01-11,2.303,2.3114833333333333,1.515333,0
2016-01-11,2.303,2.3114833333333333,1.515333,0
2016-01-12,2.3,2.3099,1.5153960000000002,0
2016-01-12,2.3,2.3099,1.5153960000000002,0
2016-01-13,2.3,2.308333333333333,1.515459,0
2016-01-13,2.3,2.308333333333333,1.515459,0
2016-01-14,2.3,2.306766666666667,1.5155220000000005,0
2016-01-14,2.3,2.306766666666667,1.5155220000000005,0
2016-01-15,2.303,2.3052166666666665,1.5155850000000002,0
2016-01-15,2.303,2.3052166666666665,1.5155850000000002,0
2016-01-18,2.308,2.3036666666666665,1.515636166666667,0
2016-01-18,2.308,2.3036666666666665,1.515636166666667,0
2016-01-19,2.316,2.3033,1.5156873333333334,0
2016-01-19,2.316,2.3033,1.5156873333333334,0
2016-01-20,2.341,2.3040333333333334,1.5157385,0
2016-01-20,2.341,2.3040333333333334,1.5157385,0
2016-01-21,2.405,2.3059166666666666,1.5157896666666668,0
2016-01-21,2.405,2.3059166666666666,1.5157896666666668,0
2016-01-22,2.4,2.307733333333333,1.5158408333333333,0
2016-01-22,2.4,2.307733333333333,1.5158408333333333,0
2016-01-25,2.376,2.3091500000000003,1.515892,0
2016-01-25,2.376,2.3091500000000003,1.515892,0
2016-01-26,2.363,2.31035,1.5159431666666667,0
2016-01-26,2.363,2.31035,1.5159431666666667,0
2016-01-27,2.359,2.3115,1.5159943333333334,0
2016-01-27,2.359,2.3115,1.5159943333333334,0
2016-01-28,2.362,2.31265,1.5160455,0
2016-01-28,2.362,2.31265,1.5160455,0
2016-01-29,2.33,2.31335,1.5160966666666666,0
2016-01-29,2.33,2.31335,1.5160966666666666,0
2016-02-01,2.444,2.3160000000000003,1.5161341666666668,0
2016-02-01,2.444,2.3160000000000003,1.5161341666666668,0
2016-02-02,2.455,2.318833333333333,1.5161716666666667,0
2016-02-02,2.455,2.318833333333333,1.5161716666666667,0
2016-02-03,2.453,2.3217166666666667,1.5162091666666668,0
2016-02-03,2.453,2.3217166666666667,1.5162091666666668,0
2016-02-04,2.455,2.32465,1.5162466666666667,0
2016-02-04,2.455,2.32465,1.5162466666666667,0
2016-02-05,2.448,2.3274666666666666,1.5162841666666669,0
2016-02-05,2.448,2.3274666666666666,1.5162841666666669,0
2016-02-06,2.353,2.3287166666666668,1.5163216666666668,0
2016-02-06,2.353,2.3287166666666668,1.5163216666666668,0
2016-02-14,2.313,2.329283333333333,1.516359166666667,0
2016-02-14,2.313,2.329283333333333,1.516359166666667,0
2016-02-15,2.3,2.32965,1.5163966666666668,0
2016-02-15,2.3,2.32965,1.5163966666666668,0
2016-02-16,2.297,2.32995,1.516434166666667,0
2016-02-16,2.297,2.3299499999999997,1.516434166666667,0
2016-02-17,2.297,2.330233333333333,1.5164716666666669,0
2016-02-17,2.297,2.330233333333333,1.5164716666666669,0
2016-02-18,2.285,2.330283333333333,1.516491166666667,0
2016-02-18,2.285,2.330283333333333,1.516491166666667,0
2016-02-19,2.286,2.3303333333333334,1.5165106666666668,0
2016-02-19,2.286,2.3303333333333334,1.5165106666666668,0
2016-02-22,2.286,2.33035,1.5165301666666668,0
2016-02-22,2.286,2.33035,1.5165301666666668,0
2016-02-23,2.283,2.3303000000000003,1.516549666666667,0
2016-02-23,2.283,2.3303000000000003,1.516549666666667,0
2016-02-24,2.295,2.3304,1.5165691666666667,0
2016-02-24,2.295,2.3304,1.5165691666666667,0
2016-02-25,2.321,2.330866666666666,1.5165886666666668,0
2016-02-25,2.321,2.330866666666666,1.5165886666666668,0
2016-02-26,2.345,2.331633333333333,1.5166081666666666,0
2016-02-26,2.345,2.331633333333333,1.5166081666666666,0
2016-02-29,2.335,2.3323166666666664,1.5166276666666667,0
2016-02-29,2.335,2.3323166666666664,1.5166276666666667,0
2016-03-01,2.308,2.3325666666666662,1.5166471666666663,0
2016-03-01,2.308,2.3325666666666662,1.5166471666666663,0
2016-03-02,2.3,2.3327000000000004,1.5166666666666666,0
2016-03-02,2.3,2.3327000000000004,1.5166666666666666,0
2016-03-03,2.297,2.3327666666666667,1.5166865,0
2016-03-03,2.297,2.3327666666666667,1.5166865,0
2016-03-04,2.295,2.3328333333333333,1.5167063333333333,0
2016-03-04,2.295,2.3328333333333333,1.5167063333333333,0
2016-03-07,2.294,2.332866666666667,1.5167261666666667,0
2016-03-07,2.294,2.332866666666667,1.5167261666666667,0
2016-03-08,2.293,2.33285,1.516746,0
2016-03-08,2.293,2.33285,1.516746,0
2016-03-09,2.292,2.3327666666666667,1.5167658333333334,0
2016-03-09,2.292,2.3327666666666667,1.5167658333333334,0
2016-03-10,2.28,2.3324000000000003,1.5167856666666666,0
2016-03-10,2.28,2.3324000000000003,1.5167856666666666,0
2016-03-11,2.282,2.33205,1.5168055,0
2016-03-11,2.282,2.33205,1.5168055,0
2016-03-14,2.281,2.33175,1.5168253333333332,0
2016-03-14,2.281,2.33175,1.5168253333333332,0
2016-03-15,2.281,2.3314166666666667,1.516845166666667,0
2016-03-15,2.281,2.3314166666666667,1.516845166666667,0
2016-03-16,2.282,2.3311333333333337,1.516865,0
2016-03-16,2.282,2.3311333333333337,1.516865,0
2016-03-17,2.288,2.330633333333333,1.5170106666666665,0
2016-03-17,2.288,2.330633333333333,1.5170106666666665,0
2016-03-18,2.295,2.3299833333333333,1.517156333333333,0
2016-03-18,2.295,2.3299833333333333,1.517156333333333,0
2016-03-21,2.302,2.3293166666666667,1.517302,0
2016-03-21,2.302,2.3293166666666667,1.517302,0
2016-03-22,2.305,2.3286,1.5174476666666663,0
2016-03-22,2.305,2.3286,1.5174476666666663,0
2016-03-23,2.301,2.327816666666666,1.5175933333333331,0
2016-03-23,2.301,2.327816666666666,1.5175933333333331,0
2016-03-24,2.297,2.32685,1.517739,0
2016-03-24,2.297,2.32685,1.517739,0
2016-03-25,2.3,2.32595,1.5178846666666663,0
2016-03-25,2.3,2.32595,1.5178846666666663,0
2016-03-28,2.301,2.3251,1.5180303333333331,0
2016-03-28,2.301,2.3251,1.5180303333333331,0
2016-03-29,2.303,2.3242833333333333,1.518176,0
2016-03-29,2.303,2.3242833333333333,1.518176,0
2016-03-30,2.312,2.323566666666667,1.5183216666666666,0
2016-03-30,2.312,2.323566666666667,1.5183216666666666,0
2016-03-31,2.325,2.3234,1.5183773333333332,0
2016-03-31,2.325,2.3234,1.5183773333333332,0
2016-04-01,2.32,2.323233333333333,1.518433,0
2016-04-01,2.32,2.323233333333333,1.518433,0
2016-04-05,2.302,2.3229,1.5184886666666666,0
2016-04-05,2.302,2.3229,1.5184886666666666,0
2016-04-06,2.294,2.322583333333333,1.5185443333333333,0
2016-04-06,2.294,2.322583333333333,1.5185443333333333,0
2016-04-07,2.289,2.3222666666666667,1.5186,0
2016-04-07,2.289,2.3222666666666667,1.5186,0
2016-04-08,2.287,2.3220000000000005,1.5186556666666666,0
2016-04-08,2.287,2.3220000000000005,1.5186556666666666,0
2016-04-11,2.291,2.32185,1.5187113333333333,0
2016-04-11,2.291,2.32185,1.5187113333333333,0
2016-04-12,2.295,2.3217666666666665,1.518767,0
2016-04-12,2.295,2.3217666666666665,1.518767,0
2016-04-13,2.302,2.3218,1.5188226666666669,0
2016-04-13,2.302,2.3218,1.5188226666666669,0
2016-04-14,2.304,2.3218166666666664,1.518878333333333,0
2016-04-14,2.304,2.3218166666666664,1.518878333333333,0
2016-04-15,2.301,2.3217000000000003,1.5191671666666666,0
2016-04-15,2.301,2.3217000000000003,1.5191671666666666,0
2016-04-18,2.302,2.321466666666667,1.519456,0
2016-04-18,2.302,2.321466666666667,1.519456,0
2016-04-19,2.305,2.320866666666667,1.5197448333333334,0
2016-04-19,2.305,2.320866666666667,1.5197448333333334,0
2016-04-20,2.322,2.3194833333333333,1.5200336666666667,0
2016-04-20,2.322,2.3194833333333333,1.5200336666666667,0
2016-04-21,2.332,2.31835,1.5203225,0
2016-04-21,2.332,2.31835,1.5203225,0
2016-04-22,2.334,2.31765,1.520611333333333,0
2016-04-22,2.334,2.31765,1.520611333333333,0
2016-04-25,2.342,2.3173,1.5209001666666668,0
2016-04-25,2.342,2.3173,1.5209001666666668,0
2016-04-26,2.341,2.317,1.521189,0
2016-04-26,2.341,2.317,1.5211890000000001,0
2016-04-27,2.346,2.316733333333333,1.5214778333333334,0
2016-04-27,2.346,2.316733333333333,1.5214778333333334,0
2016-04-28,2.368,2.3173666666666666,1.5217666666666667,0
2016-04-28,2.368,2.3173666666666666,1.5217666666666667,0
2016-04-29,2.386,2.3164,1.5223970000000002,0
2016-04-29,2.386,2.3164,1.5223970000000002,0
2016-05-03,2.34,2.314483333333333,1.5230273333333335,0
2016-05-03,2.34,2.3144833333333334,1.5230273333333335,0
2016-05-04,2.328,2.3124,1.5236576666666668,0
2016-05-04,2.328,2.3124,1.5236576666666668,0
2016-05-05,2.329,2.3103,1.524288,0
2016-05-05,2.329,2.3103,1.524288,0
2016-05-06,2.326,2.308266666666667,1.5249183333333334,0
2016-05-06,2.326,2.308266666666667,1.5249183333333334,0
2016-05-09,2.323,2.3077666666666667,1.5255486666666669,0
2016-05-09,2.323,2.3077666666666667,1.5255486666666669,0
2016-05-10,2.323,2.307933333333333,1.5261790000000002,0
2016-05-10,2.323,2.307933333333333,1.5261790000000002,0
2016-05-11,2.324,2.308333333333333,1.5268093333333337,0
2016-05-11,2.324,2.308333333333333,1.5268093333333335,0
2016-05-12,2.325,2.3088,1.5274396666666668,0
2016-05-12,2.325,2.3087999999999997,1.5274396666666668,0
2016-05-13,2.324,2.30925,1.52807,0
2016-05-13,2.324,2.30925,1.52807,0
2016-05-16,2.327,2.30995,1.5283591666666667,0
2016-05-16,2.327,2.30995,1.5283591666666667,0
2016-05-17,2.331,2.3107,1.5286483333333334,0
2016-05-17,2.331,2.3107,1.5286483333333334,0
2016-05-18,2.332,2.311466666666667,1.5289375,0
2016-05-18,2.332,2.311466666666667,1.5289375,0
2016-05-19,2.331,2.3122666666666665,1.5292266666666667,0
2016-05-19,2.331,2.3122666666666665,1.5292266666666667,0
2016-05-20,2.331,2.3128666666666664,1.5295158333333334,0
2016-05-20,2.331,2.3128666666666664,1.5295158333333334,0
2016-05-23,2.33,2.313016666666667,1.529805,0
2016-05-23,2.33,2.313016666666667,1.529805,0
2016-05-24,2.33,2.312766666666667,1.5300941666666668,0
2016-05-24,2.33,2.312766666666667,1.5300941666666668,0
2016-05-25,2.331,2.3127,1.5303833333333332,0
2016-05-25,2.331,2.3127,1.5303833333333332,0
2016-05-26,2.332,2.3131,1.5306725,0
2016-05-26,2.332,2.3131,1.5306725,0
2016-05-27,2.333,2.31365,1.5309616666666666,0
2016-05-27,2.333,2.31365,1.5309616666666666,0
2016-05-30,2.334,2.3142666666666667,1.5311101666666669,0
2016-05-30,2.334,2.3142666666666667,1.5311101666666667,0
2016-05-31,2.338,2.314983333333333,1.5312586666666663,0
2016-05-31,2.338,2.314983333333333,1.5312586666666665,0
2016-06-01,2.337,2.3157,1.5314071666666669,0
2016-06-01,2.337,2.3157,1.5314071666666667,0
2016-06-02,2.342,2.3165166666666663,1.5315556666666663,0
2016-06-02,2.342,2.3165166666666663,1.5315556666666665,0
2016-06-03,2.338,2.3172833333333336,1.5317041666666666,0
2016-06-03,2.338,2.3172833333333336,1.5317041666666666,0
2016-06-06,2.337,2.318233333333333,1.5318526666666663,0
2016-06-06,2.337,2.318233333333333,1.5318526666666663,0
2016-06-07,2.34,2.3192000000000004,1.5320011666666666,0
2016-06-07,2.34,2.3192000000000004,1.5320011666666666,0
2016-06-08,2.341,2.3202000000000003,1.5321496666666663,0
2016-06-08,2.341,2.3202000000000003,1.5321496666666665,0
2016-06-12,2.343,2.3212333333333333,1.5322981666666666,0
2016-06-12,2.343,2.3212333333333333,1.5322981666666666,0
2016-06-13,2.342,2.3222333333333327,1.5324466666666663,0
2016-06-13,2.342,2.3222333333333327,1.5324466666666663,0
2016-06-14,2.341,2.3231166666666665,1.5326256666666669,0
2016-06-14,2.341,2.3231166666666665,1.5326256666666669,0
2016-06-15,2.341,2.3238833333333333,1.5328046666666666,0
2016-06-15,2.341,2.3238833333333333,1.5328046666666666,0
2016-06-16,2.343,2.3245666666666667,1.5329836666666667,0
2016-06-16,2.343,2.3245666666666667,1.5329836666666667,0
2016-06-17,2.346,2.32525,1.533162666666667,0
2016-06-17,2.346,2.3252499999999996,1.5331626666666667,0
2016-06-20,2.351,2.326083333333333,1.5333416666666668,0
2016-06-20,2.351,2.3260833333333335,1.5333416666666668,0
2016-06-21,2.354,2.327033333333333,1.5335206666666668,0
2016-06-21,2.354,2.327033333333333,1.5335206666666668,0
2016-06-22,2.355,2.32795,1.533699666666667,0
2016-06-22,2.355,2.32795,1.533699666666667,0
2016-06-23,2.358,2.3289,1.5338786666666668,0
2016-06-23,2.358,2.3289,1.5338786666666668,0
2016-06-24,2.371,2.3300333333333336,1.534057666666667,0
2016-06-24,2.371,2.3300333333333336,1.534057666666667,0
2016-06-27,2.375,2.3310833333333334,1.534236666666667,0
2016-06-27,2.375,2.3310833333333334,1.534236666666667,0
2016-06-28,2.381,2.332016666666667,1.534709166666667,0
2016-06-28,2.381,2.332016666666667,1.534709166666667,0
2016-06-29,2.386,2.333116666666667,1.5351816666666669,0
2016-06-29,2.386,2.333116666666667,1.5351816666666669,0
2016-06-30,2.385,2.3345,1.5356541666666668,0
2016-06-30,2.385,2.3345,1.5356541666666668,0
2016-07-01,2.365,2.3356833333333338,1.5361266666666669,0
2016-07-01,2.365,2.3356833333333338,1.5361266666666669,0
2016-07-04,2.355,2.336783333333333,1.5365991666666667,0
2016-07-04,2.355,2.336783333333333,1.5365991666666667,0
2016-07-05,2.344,2.337733333333333,1.5370716666666668,0
2016-07-05,2.344,2.337733333333333,1.5370716666666668,0
2016-07-06,2.337,2.3385,1.5375441666666667,0
2016-07-06,2.337,2.3385000000000002,1.5375441666666667,0
2016-07-07,2.33,2.3390833333333334,1.5380166666666666,0
2016-07-07,2.33,2.3390833333333334,1.5380166666666666,0
2016-07-08,2.327,2.3395,1.538489166666667,0
2016-07-08,2.327,2.3395,1.5384891666666667,0
2016-07-11,2.323,2.3398166666666667,1.5389616666666666,0
2016-07-11,2.323,2.3398166666666667,1.5389616666666666,0
2016-07-12,2.319,2.3401166666666664,1.5390538333333332,0
2016-07-12,2.319,2.3401166666666664,1.5390538333333332,0
2016-07-13,2.313,2.3403,1.539146,0
2016-07-13,2.313,2.3403,1.539146,0
2016-07-14,2.31,2.340383333333333,1.5392381666666666,0
2016-07-14,2.31,2.3403833333333335,1.5392381666666666,0
2016-07-15,2.308,2.34015,1.5393303333333332,0
2016-07-15,2.308,2.34015,1.5393303333333332,0
2016-07-18,2.307,2.339733333333333,1.5394225,0
2016-07-18,2.307,2.339733333333333,1.5394225,0
2016-07-19,2.308,2.3393,1.5395146666666666,0
2016-07-19,2.308,2.3393,1.5395146666666666,0
2016-07-20,2.308,2.3387333333333333,1.5396068333333333,0
2016-07-20,2.308,2.3387333333333333,1.5396068333333333,0
2016-07-21,2.311,2.3382333333333336,1.539699,0
2016-07-21,2.311,2.3382333333333336,1.539699,0
2016-07-22,2.321,2.337816666666667,1.5397911666666666,0
2016-07-22,2.321,2.337816666666667,1.5397911666666666,0
2016-07-25,2.332,2.337216666666667,1.5398833333333333,0
2016-07-25,2.332,2.337216666666667,1.5398833333333333,0
2016-07-26,2.348,2.336583333333334,1.5399035,0
2016-07-26,2.348,2.336583333333334,1.5399035,0
2016-07-27,2.36,2.3369166666666668,1.5399236666666667,0
2016-07-27,2.36,2.3369166666666668,1.5399236666666667,0
2016-07-28,2.359,2.3374333333333337,1.5399438333333333,0
2016-07-28,2.359,2.3374333333333337,1.5399438333333333,0
2016-07-29,2.348,2.33775,1.539964,0
2016-07-29,2.348,2.3377499999999998,1.539964,0
2016-08-01,2.343,2.3380333333333336,1.5399841666666667,0
2016-08-01,2.343,2.3380333333333336,1.5399841666666667,0
2016-08-02,2.338,2.338283333333333,1.5400043333333333,0
2016-08-02,2.338,2.3382833333333335,1.5400043333333333,0
2016-08-03,2.332,2.3384333333333336,1.5400245,0
2016-08-03,2.332,2.3384333333333336,1.5400245,0
2016-08-04,2.324,2.3384333333333336,1.5400446666666667,0
2016-08-04,2.324,2.3384333333333336,1.5400446666666667,0
2016-08-05,2.317,2.3383,1.5400648333333335,0
2016-08-05,2.317,2.3383,1.5400648333333335,0
2016-08-08,2.316,2.3381666666666665,1.540085,0
2016-08-08,2.316,2.3381666666666665,1.5400850000000001,0
2016-08-09,2.317,2.338,1.5402630000000002,0
2016-08-09,2.317,2.338,1.5402630000000002,0
2016-08-10,2.325,2.3379,1.5404410000000002,0
2016-08-10,2.325,2.3379,1.5404410000000002,0
2016-08-11,2.332,2.3379,1.5406190000000002,0
2016-08-11,2.332,2.3379,1.5406190000000002,0
2016-08-12,2.336,2.3379833333333333,1.5407970000000002,0
2016-08-12,2.336,2.3379833333333333,1.5407970000000002,0
2016-08-15,2.3411,2.338151666666667,1.540975,0
2016-08-15,2.3411,2.338151666666667,1.540975,0
2016-08-16,2.343,2.3383683333333334,1.5411530000000002,0
2016-08-16,2.343,2.3383683333333334,1.5411530000000002,0
2016-08-17,2.345,2.338618333333333,1.541331,0
2016-08-17,2.345,2.3386183333333332,1.541331,0
2016-08-18,2.347,2.338885,1.541509,0
2016-08-18,2.347,2.338885,1.541509,0
2016-08-19,2.347,2.339135,1.541687,0
2016-08-19,2.347,2.339135,1.541687,0
2016-08-22,2.3467,2.339363333333333,1.541865,0
2016-08-22,2.3467,2.3393633333333335,1.541865,0
2016-08-23,2.352,2.3396633333333337,1.541976,0
2016-08-23,2.352,2.3396633333333337,1.541976,0
2016-08-24,2.362,2.3400633333333336,1.542087,0
2016-08-24,2.362,2.3400633333333336,1.542087,0
2016-08-25,2.364,2.340513333333333,1.542198,0
2016-08-25,2.364,2.340513333333333,1.542198,0
2016-08-26,2.362,2.3408466666666667,1.542309,0
2016-08-26,2.362,2.3408466666666667,1.542309,0
2016-08-29,2.364,2.34128,1.54242,0
2016-08-29,2.364,2.34128,1.54242,0
2016-08-30,2.366,2.341763333333333,1.542531,0
2016-08-30,2.366,2.341763333333333,1.542531,0
2016-08-31,2.369,2.3422466666666666,1.542642,0
2016-08-31,2.369,2.3422466666666666,1.542642,0
2016-09-01,2.368,2.3426966666666664,1.542753,0
2016-09-01,2.368,2.3426966666666664,1.542753,0
2016-09-02,2.369,2.34313,1.542864,0
2016-09-02,2.369,2.34313,1.542864,0
2016-09-05,2.369,2.34358,1.542975,0
2016-09-05,2.369,2.34358,1.542975,0
2016-09-06,2.368,2.3440300000000005,1.5431195,0
2016-09-06,2.368,2.3440300000000005,1.5431195,0
2016-09-07,2.368,2.34448,1.543264,0
2016-09-07,2.368,2.34448,1.543264,0
2016-09-08,2.37,2.34493,1.5434085,0
2016-09-08,2.37,2.34493,1.5434085,0
2016-09-09,2.3765,2.345438333333333,1.543553,0
2016-09-09,2.3765,2.345438333333333,1.543553,0
2016-09-12,2.378,2.3458883333333334,1.5436975,0
2016-09-12,2.378,2.3458883333333334,1.5436975,0
2016-09-13,2.3855,2.346413333333333,1.543842,0
2016-09-13,2.3855,2.346413333333333,1.543842,0
2016-09-14,2.392,2.34703,1.5439865,0
2016-09-14,2.392,2.34703,1.5439865,0
2016-09-18,2.394,2.34763,1.544131,0
2016-09-18,2.394,2.34763,1.544131,0
2016-09-19,2.397,2.348063333333333,1.5442755,0
2016-09-19,2.397,2.348063333333333,1.5442755,0
2016-09-20,2.4,2.34848,1.54442,0
2016-09-20,2.4,2.34848,1.54442,0
2016-09-21,2.405,2.34888,1.5446838333333333,0
2016-09-21,2.405,2.34888,1.5446838333333333,0
2016-09-22,2.408,2.3492466666666663,1.5449476666666666,0
2016-09-22,2.408,2.3492466666666663,1.5449476666666666,0
2016-09-23,2.406,2.3495966666666663,1.5452115,0
2016-09-23,2.406,2.3495966666666663,1.5452115,0
2016-09-26,2.439,2.35083,1.545475333333333,0
2016-09-26,2.439,2.35083,1.5454753333333333,0
2016-09-27,2.459,2.3525633333333333,1.5457391666666669,0
2016-09-27,2.459,2.3525633333333333,1.5457391666666669,0
2016-09-28,2.476,2.354763333333333,1.546003,0
2016-09-28,2.476,2.354763333333333,1.546003,0
2016-09-29,2.487,2.357263333333333,1.5462668333333334,0
2016-09-29,2.487,2.357263333333333,1.5462668333333334,0
2016-09-30,2.477,2.359713333333333,1.5465306666666667,0
2016-09-30,2.477,2.359713333333333,1.5465306666666667,0
2016-10-08,2.442,2.36163,1.5467945,0
2016-10-08,2.442,2.36163,1.5467945,0
2016-10-09,2.425,2.36333,1.5470583333333334,0
2016-10-09,2.425,2.36333,1.5470583333333334,0
2016-10-10,2.41,2.3648466666666668,1.5470985000000002,0
2016-10-10,2.41,2.3648466666666668,1.5470985000000002,0
2016-10-11,2.394,2.3661966666666667,1.5471386666666669,0
2016-10-11,2.394,2.3661966666666667,1.5471386666666669,0
2016-10-12,2.383,2.367413333333333,1.5471788333333334,0
2016-10-12,2.383,2.367413333333333,1.5471788333333334,0
2016-10-13,2.378,2.36858,1.547219,0
2016-10-13,2.378,2.36858,1.5472190000000001,0
2016-10-14,2.374,2.369696666666667,1.5472591666666666,0
2016-10-14,2.374,2.369696666666667,1.5472591666666666,0
2016-10-17,2.375,2.370813333333333,1.5472993333333334,0
2016-10-17,2.375,2.370813333333333,1.5472993333333334,0
2016-10-18,2.381,2.37203,1.5473395,0
2016-10-18,2.381,2.37203,1.5473395,0
2016-10-19,2.39,2.373346666666667,1.5473796666666668,0
2016-10-19,2.39,2.373346666666667,1.5473796666666668,0
2016-10-20,2.397,2.374613333333333,1.547419833333333,0
2016-10-20,2.397,2.3746133333333335,1.5474198333333333,0
2016-10-21,2.401,2.375763333333333,1.54746,0
2016-10-21,2.401,2.375763333333333,1.54746,0
2016-10-24,2.404,2.3766966666666667,1.5477518333333335,0
2016-10-24,2.404,2.3766966666666667,1.5477518333333335,0
2016-10-25,2.404,2.37743,1.5480436666666668,0
2016-10-25,2.404,2.37743,1.5480436666666668,0
2016-10-26,2.409,2.3782633333333334,1.5483355,0
2016-10-26,2.409,2.3782633333333334,1.5483355,0
2016-10-27,2.411,2.3793133333333336,1.5486273333333334,0
2016-10-27,2.411,2.3793133333333336,1.5486273333333334,0
2016-10-28,2.415,2.380513333333333,1.5489191666666668,0
2016-10-28,2.415,2.380513333333333,1.5489191666666668,0
2016-10-31,2.418,2.3818466666666667,1.549211,0
2016-10-31,2.418,2.3818466666666667,1.549211,0
2016-11-01,2.416,2.3832466666666665,1.5495028333333334,0
2016-11-01,2.416,2.3832466666666665,1.5495028333333334,0
2016-11-02,2.414,2.3847466666666666,1.5497946666666669,0
2016-11-02,2.414,2.3847466666666666,1.5497946666666669,0
2016-11-03,2.408,2.3862633333333334,1.5500865,0
2016-11-03,2.408,2.3862633333333334,1.5500865000000001,0
2016-11-04,2.405,2.3877466666666667,1.5503783333333334,0
2016-11-04,2.405,2.3877466666666667,1.5503783333333334,0
2016-11-07,2.399,2.389113333333333,1.5504060000000002,0
2016-11-07,2.399,2.389113333333333,1.5504060000000002,0
2016-11-08,2.392,2.3902300000000003,1.5504336666666667,0
2016-11-08,2.392,2.3902300000000003,1.5504336666666667,0
2016-11-09,2.389,2.39118,1.5504613333333337,0
2016-11-09,2.389,2.39118,1.5504613333333335,0
2016-11-10,2.393,2.3921300000000003,1.550489,0
2016-11-10,2.393,2.3921300000000003,1.550489,0
2016-11-11,2.402,2.393145,1.5505166666666668,0
2016-11-11,2.402,2.393145,1.5505166666666668,0
2016-11-14,2.407,2.394211666666666,1.5505443333333333,0
2016-11-14,2.407,2.394211666666666,1.5505443333333333,0
2016-11-15,2.415,2.3953783333333334,1.550572,0
2016-11-15,2.415,2.3953783333333334,1.550572,0
2016-11-16,2.428,2.3967283333333333,1.5505996666666666,0
2016-11-16,2.428,2.3967283333333333,1.5505996666666666,0
2016-11-17,2.436,2.398211666666666,1.5506273333333334,0
2016-11-17,2.436,2.398211666666666,1.5506273333333334,0
2016-11-18,2.444,2.399833333333333,1.550655,0
2016-11-18,2.444,2.399833333333333,1.550655,0
2016-11-21,2.448,2.401433333333333,1.5512875000000002,0
2016-11-21,2.448,2.401433333333333,1.5512875000000002,0
2016-11-22,2.45,2.4029,1.55192,0
2016-11-22,2.45,2.4029,1.55192,0
2016-11-23,2.451,2.40435,1.5525525,0
2016-11-23,2.451,2.40435,1.5525525,0
2016-11-24,2.452,2.40585,1.553185,0
2016-11-24,2.452,2.40585,1.553185,0
2016-11-25,2.458,2.4074166666666668,1.5538175,0
2016-11-25,2.458,2.4074166666666668,1.5538175,0
2016-11-28,2.466,2.4090833333333337,1.55445,0
2016-11-28,2.466,2.4090833333333337,1.55445,0
2016-11-29,2.481,2.41095,1.5550825,0
2016-11-29,2.481,2.41095,1.5550825,0
2016-11-30,2.496,2.413083333333333,1.5557150000000002,0
2016-11-30,2.496,2.4130833333333332,1.5557150000000002,0
2016-12-01,2.502,2.4153,1.5563475,0
2016-12-01,2.502,2.4153000000000002,1.5563475,0
2016-12-02,2.501,2.4175,1.55698,0
2016-12-02,2.501,2.4175,1.55698,0
2016-12-05,2.497,2.4196499999999994,1.5569983333333333,0
2016-12-05,2.497,2.4196499999999994,1.5569983333333333,0
2016-12-06,2.493,2.421733333333333,1.5570166666666667,0
2016-12-06,2.493,2.421733333333333,1.5570166666666667,0
2016-12-07,2.491,2.42375,1.557035,0
2016-12-07,2.491,2.42375,1.557035,0
2016-12-08,2.4908,2.425655,1.5570533333333334,0
2016-12-08,2.4908,2.425655,1.5570533333333334,0
2016-12-09,2.4928,2.4275683333333333,1.5570716666666666,0
2016-12-09,2.4928,2.4275683333333333,1.5570716666666666,0
2016-12-12,2.494,2.4293766666666667,1.55709,0
2016-12-12,2.494,2.4293766666666667,1.55709,0
2016-12-13,2.496,2.43111,1.557108333333333,0
2016-12-13,2.496,2.43111,1.5571083333333333,0
2016-12-14,2.499,2.43286,1.5571266666666663,0
2016-12-14,2.499,2.43286,1.5571266666666663,0
2016-12-15,2.505,2.43466,1.557145,0
2016-12-15,2.505,2.43466,1.557145,0
2016-12-16,2.519,2.436643333333333,1.5571633333333332,0
2016-12-16,2.519,2.436643333333333,1.5571633333333332,0
2016-12-19,2.525,2.4386433333333333,1.5576325,0
2016-12-19,2.525,2.4386433333333333,1.5576325,0
2016-12-20,2.5375,2.4408016666666668,1.5581016666666667,0
2016-12-20,2.5375,2.4408016666666668,1.5581016666666667,0
2016-12-21,2.544,2.4431016666666667,1.5585708333333332,0
2016-12-21,2.544,2.4431016666666667,1.5585708333333332,0
2016-12-22,2.544,2.444851666666666,1.55904,0
2016-12-22,2.544,2.444851666666666,1.55904,0
2016-12-23,2.543,2.446251666666667,1.5595091666666665,0
2016-12-23,2.543,2.446251666666667,1.5595091666666665,0
2016-12-26,2.545,2.447401666666667,1.5599783333333337,0
2016-12-26,2.545,2.447401666666667,1.5599783333333337,0
2016-12-27,2.547,2.448401666666667,1.5604475,0
2016-12-27,2.547,2.448401666666667,1.5604475,0
2016-12-28,2.545,2.449535,1.5609166666666667,0
2016-12-28,2.545,2.449535,1.5609166666666667,0
2016-12-29,2.544,2.451235,1.5613858333333333,0
2016-12-29,2.544,2.451235,1.5613858333333333,0
2016-12-30,2.543,2.4532016666666663,1.561855,0
2016-12-30,2.543,2.4532016666666663,1.561855,0
2017-01-03,2.589,2.456185,1.56193,0
2017-01-03,2.589,2.456185,1.56193,0
2017-01-04,2.545,2.458701666666667,1.562005,0
2017-01-04,2.545,2.458701666666667,1.562005,0
2017-01-05,2.474,2.460218333333333,1.56208,0
2017-01-05,2.474,2.460218333333333,1.56208,0
2017-01-06,2.441,2.4612683333333334,1.5621550000000002,0
2017-01-06,2.441,2.4612683333333334,1.5621550000000002,0
2017-01-09,2.41,2.4618683333333333,1.56223,0
2017-01-09,2.41,2.4618683333333333,1.56223,0
2017-01-10,2.399,2.4622683333333333,1.562305,0
2017-01-10,2.399,2.4622683333333333,1.562305,0
2017-01-11,2.39,2.4624183333333334,1.56238,0
2017-01-11,2.39,2.4624183333333334,1.56238,0
2017-01-12,2.394,2.462485,1.562455,0
2017-01-12,2.394,2.462485,1.5624550000000001,0
2017-01-13,2.398,2.462501666666667,1.5625300000000002,0
2017-01-13,2.398,2.462501666666667,1.5625300000000002,0
2017-01-16,2.4239,2.462883333333333,1.5626050000000002,0
2017-01-16,2.4239,2.4628833333333335,1.5626050000000002,0
2017-01-17,2.4666,2.4639266666666666,1.562727166666667,0
2017-01-17,2.4666,2.4639266666666666,1.562727166666667,0
2017-01-18,2.5042,2.465596666666667,1.5628493333333335,0
2017-01-18,2.5042,2.465596666666667,1.5628493333333335,0
2017-01-19,2.538,2.4677466666666663,1.5629715000000002,0
2017-01-19,2.538,2.4677466666666663,1.5629715000000002,0
2017-01-20,2.593,2.47078,1.5630936666666668,0
2017-01-20,2.593,2.47078,1.5630936666666668,0
2017-01-22,2.607,2.47398,1.5632158333333337,0
2017-01-22,2.607,2.47398,1.5632158333333335,0
2017-01-23,2.637,2.47763,1.563338,0
2017-01-23,2.637,2.47763,1.5633380000000001,0
2017-01-24,2.662,2.48173,1.5634601666666668,0
2017-01-24,2.662,2.48173,1.5634601666666668,0
2017-01-25,2.684,2.48623,1.5635823333333334,0
2017-01-25,2.684,2.48623,1.5635823333333334,0
2017-01-26,2.691,2.490946666666667,1.5637045,0
2017-01-26,2.691,2.490946666666667,1.5637045,0
2017-02-03,2.652,2.4950633333333334,1.5638266666666667,0
2017-02-03,2.652,2.4950633333333334,1.5638266666666667,0
2017-02-04,2.648,2.499213333333333,1.5639308333333335,0
2017-02-04,2.648,2.499213333333333,1.5639308333333335,0
2017-02-06,2.628,2.503146666666667,1.564035,0
2017-02-06,2.628,2.503146666666667,1.564035,0
2017-02-07,2.6283,2.507135,1.5641391666666669,0
2017-02-07,2.6283,2.507135,1.5641391666666669,0
2017-02-08,2.633,2.511135,1.5642433333333334,0
2017-02-08,2.633,2.511135,1.5642433333333334,0
2017-02-09,2.634,2.515001666666667,1.5643475000000002,0
2017-02-09,2.634,2.515001666666667,1.5643475000000002,0
2017-02-10,2.6233,2.5186066666666664,1.5644516666666668,0
2017-02-10,2.6233,2.5186066666666664,1.5644516666666668,0
2017-02-13,2.623,2.522073333333333,1.5645558333333336,0
2017-02-13,2.623,2.522073333333333,1.5645558333333336,0
2017-02-14,2.6208,2.5252866666666667,1.5646600000000002,0
2017-02-14,2.6208,2.5252866666666667,1.5646600000000002,0
2017-02-15,2.627,2.52847,1.564764166666667,0
2017-02-15,2.627,2.52847,1.564764166666667,0
2017-02-16,2.6435,2.531795,1.5648683333333335,0
2017-02-16,2.6435,2.5317950000000002,1.5648683333333335,0
2017-02-17,2.664,2.5353950000000003,1.5649620000000002,0
2017-02-17,2.664,2.5353950000000003,1.5649620000000002,0
2017-02-20,2.675,2.539145,1.5650556666666668,0
2017-02-20,2.675,2.539145,1.5650556666666668,0
2017-02-21,2.691,2.543145,1.5651493333333335,0
2017-02-21,2.691,2.543145,1.5651493333333335,0
2017-02-22,2.706,2.547378333333333,1.5652430000000002,0
2017-02-22,2.706,2.5473783333333335,1.5652430000000002,0
2017-02-23,2.716,2.5516783333333333,1.5653366666666668,0
2017-02-23,2.716,2.5516783333333333,1.5653366666666668,0
2017-02-24,2.725,2.555995,1.5654303333333337,0
2017-02-24,2.725,2.555995,1.5654303333333335,0
2017-02-27,2.711,2.5598283333333334,1.565524,0
2017-02-27,2.711,2.5598283333333334,1.5655240000000001,0
2017-02-28,2.728,2.5636950000000005,1.5656176666666668,0
2017-02-28,2.728,2.5636950000000005,1.5656176666666668,0
2017-03-01,2.729,2.5674783333333333,1.5657113333333337,0
2017-03-01,2.729,2.5674783333333333,1.5657113333333335,0
2017-03-02,2.732,2.571328333333333,1.565805,0
2017-03-02,2.732,2.571328333333333,1.5658050000000001,0
2017-03-03,2.659,2.5740283333333336,1.5658905,0
2017-03-03,2.659,2.5740283333333336,1.5658905,0
2017-03-06,2.646,2.576578333333333,1.565976,0
2017-03-06,2.646,2.576578333333333,1.565976,0
2017-03-07,2.644,2.5791283333333337,1.5660615,0
2017-03-07,2.644,2.5791283333333337,1.5660615,0
2017-03-08,2.655,2.581865,1.566147,0
2017-03-08,2.655,2.581865,1.566147,0
2017-03-09,2.659,2.584635,1.5662325,0
2017-03-09,2.659,2.584635,1.5662325,0
2017-03-10,2.655,2.5873183333333336,1.566318,0
2017-03-10,2.655,2.5873183333333336,1.566318,0
2017-03-13,2.649,2.589868333333333,1.5664035,0
2017-03-13,2.649,2.5898683333333334,1.5664035,0
2017-03-14,2.652,2.5924183333333333,1.566489,0
2017-03-14,2.652,2.5924183333333333,1.566489,0
2017-03-15,2.656,2.594935,1.5665745,0
2017-03-15,2.656,2.594935,1.5665745,0
2017-03-16,2.6938,2.5978483333333333,1.56666,0
2017-03-16,2.6938,2.5978483333333333,1.56666,0
2017-03-17,2.725,2.6011816666666667,1.5670405,0
2017-03-17,2.725,2.6011816666666667,1.5670405,0
2017-03-20,2.7471,2.6046750000000003,1.567421,0
2017-03-20,2.7471,2.6046750000000003,1.567421,0
2017-03-21,2.768,2.6084083333333328,1.5678014999999998,0
2017-03-21,2.768,2.6084083333333328,1.5678014999999998,0
2017-03-22,2.791,2.612525,1.568182,0
2017-03-22,2.791,2.612525,1.568182,0
2017-03-23,2.807,2.616925,1.5685625,0
2017-03-23,2.807,2.616925,1.5685624999999999,0
2017-03-24,2.784,2.620908333333333,1.568943,0
2017-03-24,2.784,2.620908333333333,1.568943,0
2017-03-27,2.7993,2.625113333333333,1.5693235,0
2017-03-27,2.7993,2.625113333333333,1.5693234999999999,0
2017-03-28,2.791,2.6292133333333334,1.5697039999999998,0
2017-03-28,2.791,2.6292133333333334,1.5697039999999998,0
2017-03-29,2.81,2.6336466666666665,1.5700845,0
2017-03-29,2.81,2.6336466666666665,1.5700844999999999,0
2017-03-30,2.821,2.6382800000000004,1.5704649999999998,0
2017-03-30,2.821,2.6382800000000004,1.5704649999999998,0
2017-03-31,2.85,2.64263,1.5704968333333331,0
2017-03-31,2.85,2.64263,1.5704968333333331,0
2017-04-01,2.778,2.646513333333333,1.5705286666666665,0
2017-04-01,2.778,2.646513333333333,1.5705286666666665,0
2017-04-05,2.74,2.650946666666667,1.5705604999999998,0
2017-04-05,2.74,2.650946666666667,1.5705604999999998,0
2017-04-06,2.7506,2.6561066666666666,1.5705923333333331,0
2017-04-06,2.7506,2.6561066666666666,1.5705923333333331,0
2017-04-07,2.741,2.661623333333333,1.5706241666666667,0
2017-04-07,2.741,2.6616233333333335,1.5706241666666667,0
2017-04-10,2.707,2.6667566666666667,1.570656,0
2017-04-10,2.707,2.6667566666666667,1.570656,0
2017-04-11,2.687,2.6717066666666667,1.5706878333333334,0
2017-04-11,2.687,2.6717066666666667,1.5706878333333334,0
2017-04-12,2.6631,2.6761916666666665,1.5707196666666667,0
2017-04-12,2.6631,2.6761916666666665,1.5707196666666667,0
2017-04-13,2.6566,2.6805016666666663,1.5707515,0
2017-04-13,2.6566,2.6805016666666663,1.5707515,0
2017-04-14,2.674,2.68467,1.5707833333333334,0
2017-04-14,2.674,2.6846699999999997,1.5707833333333334,0
2017-04-17,2.69,2.688393333333333,1.5708918333333337,0
2017-04-17,2.69,2.688393333333333,1.5708918333333335,0
2017-04-18,2.7175,2.6919483333333334,1.571000333333333,0
2017-04-18,2.7175,2.6919483333333334,1.5710003333333333,0
2017-04-19,2.752,2.6955150000000003,1.5711088333333334,0
2017-04-19,2.752,2.6955150000000003,1.5711088333333334,0
2017-04-20,2.758,2.698265,1.5712173333333337,0
2017-04-20,2.758,2.6982649999999997,1.5712173333333335,0
2017-04-21,2.76,2.700815,1.5713258333333333,0
2017-04-21,2.76,2.700815,1.5713258333333333,0
2017-04-24,2.79,2.703365,1.5714343333333334,0
2017-04-24,2.79,2.703365,1.5714343333333334,0
2017-04-25,2.814,2.705898333333333,1.5715428333333334,0
2017-04-25,2.814,2.705898333333333,1.5715428333333334,0
2017-04-26,2.8203,2.70817,1.5716513333333335,0
2017-04-26,2.8203,2.70817,1.5716513333333335,0
2017-04-27,2.8449,2.710735,1.5717598333333334,0
2017-04-27,2.8449,2.7107349999999997,1.5717598333333334,0
2017-04-28,2.8699,2.7143666666666664,1.5718683333333334,0
2017-04-28,2.8699,2.7143666666666664,1.5718683333333334,0
2017-05-02,2.873,2.7181166666666665,1.5721106666666669,0
2017-05-02,2.873,2.7181166666666665,1.5721106666666669,0
2017-05-03,2.913,2.7228666666666665,1.572353,0
2017-05-03,2.913,2.7228666666666665,1.5723530000000001,0
2017-05-04,2.927,2.727845,1.5725953333333331,0
2017-05-04,2.927,2.727845,1.5725953333333333,0
2017-05-05,2.9186,2.732605,1.5728376666666668,0
2017-05-05,2.9186,2.732605,1.5728376666666668,0
2017-05-08,2.9091,2.73719,1.57308,0
2017-05-08,2.9091,2.73719,1.57308,0
2017-05-09,2.9233,2.74219,1.5733223333333335,0
2017-05-09,2.9233,2.74219,1.5733223333333335,0
2017-05-10,2.93,2.747306666666667,1.5735646666666667,0
2017-05-10,2.93,2.747306666666667,1.5735646666666667,0
2017-05-11,2.9294,2.75245,1.573807,0
2017-05-11,2.9294,2.75245,1.573807,0
2017-05-12,2.9107,2.757178333333333,1.5740493333333334,0
2017-05-12,2.9107,2.7571783333333335,1.5740493333333334,0
2017-05-15,2.8833,2.761175,1.5742916666666666,0
2017-05-15,2.8833,2.761175,1.5742916666666666,0
2017-05-16,2.8827,2.76482,1.574393,0
2017-05-16,2.8827,2.76482,1.574393,0
2017-05-17,2.882,2.76827,1.5744943333333332,0
2017-05-17,2.882,2.7682700000000002,1.5744943333333332,0
2017-05-18,2.8867,2.7715316666666667,1.5745956666666667,0
2017-05-18,2.8867,2.7715316666666667,1.5745956666666667,0
2017-05-19,2.88,2.774431666666666,1.574697,0
2017-05-19,2.88,2.774431666666666,1.574697,0
2017-05-22,2.8679,2.7769633333333337,1.5747983333333333,0
2017-05-22,2.8679,2.7769633333333337,1.5747983333333333,0
2017-05-23,2.8571,2.7791650000000003,1.5748996666666666,0
2017-05-23,2.8571,2.7791650000000003,1.5748996666666666,0
2017-05-24,2.8426,2.781358333333333,1.575001,0
2017-05-24,2.8426,2.781358333333333,1.5750009999999999,0
2017-05-25,2.843,2.783275,1.5751023333333334,0
2017-05-25,2.843,2.783275,1.5751023333333334,0
2017-05-26,2.853,2.7853416666666666,1.575203666666667,0
2017-05-26,2.853,2.7853416666666666,1.5752036666666667,0
2017-05-27,2.854,2.787375,1.575305,0
2017-05-27,2.854,2.787375,1.575305,0
2017-05-31,2.856,2.790658333333333,1.5753138333333334,0
2017-05-31,2.856,2.790658333333333,1.5753138333333334,0
2017-06-01,2.866,2.794325,1.5753226666666666,0
2017-06-01,2.866,2.794325,1.5753226666666666,0
2017-06-02,2.884,2.798325,1.5753315,0
2017-06-02,2.884,2.7983249999999997,1.5753315,0
2017-06-05,2.894,2.8023083333333334,1.5753403333333331,0
2017-06-05,2.894,2.8023083333333334,1.5753403333333333,0
2017-06-06,2.8959,2.806256666666667,1.5753491666666668,0
2017-06-06,2.8959,2.806256666666667,1.5753491666666668,0
2017-06-07,2.8919,2.8102050000000003,1.575358,0
2017-06-07,2.8919,2.8102050000000003,1.575358,0
2017-06-08,2.8939,2.814286666666667,1.5753668333333333,0
2017-06-08,2.8939,2.814286666666667,1.5753668333333333,0
2017-06-09,2.8949,2.8183350000000003,1.5753756666666667,0
2017-06-09,2.8949,2.8183350000000003,1.5753756666666667,0
2017-06-12,2.8968,2.822348333333333,1.5753845000000002,0
2017-06-12,2.8968,2.8223483333333332,1.5753845000000002,0
2017-06-13,2.9,2.825785,1.5753933333333334,0
2017-06-13,2.9,2.825785,1.5753933333333334,0
2017-06-14,2.9026,2.828745,1.5756085000000002,0
2017-06-14,2.9026,2.828745,1.5756085000000002,0
2017-06-15,2.9047,2.8313716666666666,1.5758236666666667,0
2017-06-15,2.9047,2.8313716666666666,1.5758236666666667,0
2017-06-16,2.914,2.833805,1.5760388333333335,0
2017-06-16,2.914,2.833805,1.5760388333333335,0
2017-06-19,2.9204,2.8359616666666665,1.576254,0
2017-06-19,2.9204,2.8359616666666665,1.576254,0
2017-06-20,2.93,2.8380116666666666,1.5764691666666666,0
2017-06-20,2.93,2.8380116666666666,1.5764691666666666,0
2017-06-21,2.9429,2.84066,1.5766843333333334,0
2017-06-21,2.9429,2.84066,1.5766843333333334,0
2017-06-22,2.9432,2.843058333333333,1.5768995,0
2017-06-22,2.9432,2.843058333333333,1.5768995,0
2017-06-23,2.936,2.845475,1.5771146666666669,0
2017-06-23,2.936,2.845475,1.5771146666666667,0
2017-06-26,2.9063,2.84708,1.5773298333333334,0
2017-06-26,2.9063,2.8470799999999996,1.5773298333333334,0
2017-06-27,2.8834,2.84812,1.577545,0
2017-06-27,2.8834,2.84812,1.577545,0
2017-06-28,2.8577,2.8482483333333333,1.5775631666666667,0
2017-06-28,2.8577,2.8482483333333333,1.5775631666666667,0
2017-06-29,2.8507,2.84946,1.5775813333333333,0
2017-06-29,2.8507,2.84946,1.5775813333333333,0
2017-06-30,2.8455,2.8512183333333336,1.5775995,0
2017-06-30,2.8455,2.8512183333333336,1.5775995,0
2017-07-03,2.841,2.852725,1.5776176666666666,0
2017-07-03,2.841,2.852725,1.5776176666666666,0
2017-07-04,2.8299,2.854206666666667,1.5776358333333331,0
2017-07-04,2.8299,2.854206666666667,1.5776358333333333,0
2017-07-05,2.8028,2.855803333333333,1.577654,0
2017-07-05,2.8028,2.8558033333333332,1.5776540000000001,0
2017-07-06,2.7919,2.8575516666666663,1.5776721666666669,0
2017-07-06,2.7919,2.8575516666666663,1.5776721666666669,0
2017-07-07,2.7858,2.859596666666667,1.5776903333333334,0
2017-07-07,2.7858,2.859596666666667,1.5776903333333334,0
2017-07-10,2.784,2.86172,1.5777085,0
2017-07-10,2.784,2.86172,1.5777085,0
2017-07-11,2.812,2.86402,1.5777266666666667,0
2017-07-11,2.812,2.86402,1.5777266666666667,0
2017-07-12,2.8156,2.8661133333333333,1.57777,0
2017-07-12,2.8156,2.8661133333333333,1.57777,0
2017-07-13,2.8184,2.867795,1.5778133333333333,0
2017-07-13,2.8184,2.867795,1.5778133333333333,0
2017-07-14,2.803,2.868645,1.577856666666667,0
2017-07-14,2.803,2.868645,1.577856666666667,0
2017-07-17,2.8057,2.86944,1.5779,0
2017-07-17,2.8057,2.86944,1.5779,0
2017-07-18,2.8293,2.870595,1.5779433333333333,0
2017-07-18,2.8293,2.870595,1.5779433333333333,0
2017-07-19,2.842,2.871461666666667,1.5779866666666666,0
2017-07-19,2.842,2.871461666666667,1.5779866666666666,0
2017-07-20,2.853,2.872111666666667,1.57803,0
2017-07-20,2.853,2.872111666666667,1.57803,0
2017-07-21,2.847,2.872556666666666,1.5780733333333334,0
2017-07-21,2.847,2.872556666666666,1.5780733333333334,0
2017-07-24,2.845,2.872558333333333,1.5781166666666666,0
2017-07-24,2.845,2.872558333333333,1.5781166666666666,0
2017-07-25,2.849,2.8722100000000004,1.57816,0
2017-07-25,2.849,2.8722100000000004,1.57816,0
2017-07-26,2.849,2.8718100000000004,1.5781783333333337,0
2017-07-26,2.849,2.8718100000000004,1.5781783333333337,0
2017-07-27,2.8626,2.87097,1.5781966666666667,0
2017-07-27,2.8626,2.87097,1.5781966666666667,0
2017-07-28,2.877,2.870136666666667,1.578215,0
2017-07-28,2.877,2.870136666666667,1.578215,0
2017-07-31,2.882,2.869526666666667,1.5782333333333334,0
2017-07-31,2.882,2.869526666666667,1.5782333333333334,0
2017-08-01,2.886,2.8691416666666663,1.5782516666666666,0
2017-08-01,2.886,2.8691416666666663,1.5782516666666666,0
2017-08-02,2.892,2.86862,1.57827,0
2017-08-02,2.892,2.86862,1.57827,0
2017-08-03,2.884,2.8678533333333336,1.5782883333333333,0
2017-08-03,2.884,2.8678533333333336,1.5782883333333333,0
2017-08-04,2.8657,2.866791666666667,1.5783066666666667,0
2017-08-04,2.8657,2.866791666666667,1.5783066666666667,0
2017-08-07,2.865,2.86603,1.5783250000000002,0
2017-08-07,2.865,2.86603,1.5783250000000002,0
2017-08-08,2.871,2.865825,1.5783433333333334,0
2017-08-08,2.871,2.865825,1.5783433333333334,0
2017-08-09,2.8821,2.865815,1.5785953333333336,0
2017-08-09,2.8821,2.865815,1.5785953333333336,0
2017-08-10,2.8767,2.8657266666666668,1.5788473333333333,0
2017-08-10,2.8767,2.8657266666666668,1.5788473333333333,0
2017-08-11,2.8725,2.8654900000000003,1.5790993333333334,0
2017-08-11,2.8725,2.8654900000000003,1.5790993333333334,0
2017-08-14,2.868,2.8652900000000003,1.5793513333333336,0
2017-08-14,2.868,2.8652900000000003,1.5793513333333336,0
2017-08-15,2.874,2.8653916666666666,1.5796033333333337,0
2017-08-15,2.874,2.8653916666666666,1.5796033333333337,0
2017-08-16,2.88,2.865773333333333,1.5798553333333334,0
2017-08-16,2.88,2.865773333333333,1.5798553333333334,0
2017-08-17,2.8927,2.866608333333333,1.5801073333333333,0
2017-08-17,2.8927,2.866608333333333,1.5801073333333333,0
2017-08-18,2.894,2.867458333333333,1.5803593333333334,0
2017-08-18,2.894,2.867458333333333,1.5803593333333334,0
2017-08-21,2.897,2.868191666666667,1.5806113333333334,0
2017-08-21,2.897,2.868191666666667,1.5806113333333334,0
2017-08-22,2.8985,2.868933333333333,1.5808633333333333,0
2017-08-22,2.8985,2.868933333333333,1.5808633333333333,0
2017-08-23,2.9028,2.869713333333334,1.5812808333333337,0
2017-08-23,2.9028,2.869713333333334,1.5812808333333337,0
2017-08-24,2.904,2.870346666666667,1.5816983333333332,0
2017-08-24,2.904,2.870346666666667,1.5816983333333332,0
2017-08-25,2.9098,2.8707766666666665,1.5821158333333334,0
2017-08-25,2.9098,2.8707766666666665,1.5821158333333334,0
2017-08-28,2.9064,2.870983333333333,1.5825333333333331,0
2017-08-28,2.9064,2.870983333333333,1.5825333333333331,0
2017-08-29,2.921,2.8714016666666664,1.5829508333333333,0
2017-08-29,2.921,2.8714016666666664,1.5829508333333333,0
2017-08-30,2.9266,2.87198,1.5833683333333337,0
2017-08-30,2.9266,2.8719799999999998,1.5833683333333335,0
2017-08-31,2.8879,2.8718799999999995,1.5837858333333332,0
2017-08-31,2.8879,2.8718799999999995,1.5837858333333332,0
2017-09-01,2.8764,2.871571666666666,1.5842033333333334,0
2017-09-01,2.8764,2.871571666666666,1.5842033333333334,0
2017-09-04,2.8572,2.8709116666666668,1.5846208333333334,0
2017-09-04,2.8572,2.8709116666666668,1.5846208333333334,0
2017-09-05,2.8202,2.869581666666667,1.585038333333333,0
2017-09-05,2.8202,2.869581666666667,1.5850383333333333,0
2017-09-06,2.8092,2.868025,1.5854560000000002,0
2017-09-06,2.8092,2.868025,1.5854560000000002,0
2017-09-07,2.8056,2.866373333333333,1.5858736666666666,0
2017-09-07,2.8056,2.866373333333333,1.5858736666666666,0
2017-09-08,2.8023,2.8645116666666666,1.5862913333333335,0
2017-09-08,2.8023,2.8645116666666666,1.5862913333333335,0
2017-09-11,2.8014,2.862528333333333,1.586709,0
2017-09-11,2.8014,2.862528333333333,1.5867090000000001,0
2017-09-12,2.8036,2.860421666666667,1.5871266666666668,0
2017-09-12,2.8036,2.860421666666667,1.5871266666666668,0
2017-09-13,2.8056,2.8581333333333334,1.5875443333333334,0
2017-09-13,2.8056,2.8581333333333334,1.5875443333333334,0
2017-09-14,2.8239,2.856145,1.587962,0
2017-09-14,2.8239,2.856145,1.587962,0
2017-09-15,2.832,2.8544116666666666,1.5883796666666667,0
2017-09-15,2.832,2.8544116666666666,1.5883796666666667,0
2017-09-18,2.844,2.8533733333333333,1.5887973333333336,0
2017-09-18,2.844,2.8533733333333333,1.5887973333333336,0
2017-09-19,2.868,2.8531166666666663,1.589215,0
2017-09-19,2.868,2.8531166666666663,1.589215,0
2017-09-20,2.869,2.853305,1.5895183333333334,0
2017-09-20,2.869,2.8533049999999998,1.5895183333333334,0
2017-09-21,2.869,2.85361,1.589821666666667,0
2017-09-21,2.869,2.85361,1.5898216666666667,0
2017-09-22,2.858,2.8538183333333333,1.590125,0
2017-09-22,2.858,2.8538183333333333,1.590125,0
2017-09-25,2.8987,2.85478,1.590428333333333,0
2017-09-25,2.8987,2.85478,1.5904283333333333,0
2017-09-26,2.9291,2.8564333333333334,1.5907316666666669,0
2017-09-26,2.9291,2.8564333333333334,1.5907316666666669,0
2017-09-27,2.9494,2.8588766666666667,1.591035,0
2017-09-27,2.9494,2.8588766666666667,1.591035,0
2017-09-28,2.9675,2.861803333333333,1.5913383333333333,0
2017-09-28,2.9675,2.8618033333333335,1.5913383333333333,0
2017-09-29,2.9639,2.8647716666666665,1.5916416666666666,0
2017-09-29,2.9639,2.8647716666666665,1.5916416666666666,0
2017-09-30,2.9671,2.8678233333333334,1.591945,0
2017-09-30,2.9671,2.8678233333333334,1.591945,0
2017-10-09,2.9201,2.869625,1.5922483333333333,0
2017-10-09,2.9201,2.869625,1.5922483333333333,0
2017-10-10,2.939,2.8716816666666665,1.5925795,0
2017-10-10,2.939,2.8716816666666665,1.5925795,0
2017-10-11,2.9247,2.873453333333333,1.5929106666666666,0
2017-10-11,2.9247,2.873453333333333,1.5929106666666666,0
2017-10-12,2.886,2.8748366666666665,1.5932418333333334,0
2017-10-12,2.886,2.8748366666666665,1.5932418333333334,0
2017-10-13,2.8516,2.875601666666667,1.593573,0
2017-10-13,2.8516,2.875601666666667,1.5935730000000001,0
2017-10-16,2.848,2.875913333333333,1.593904166666667,0
2017-10-16,2.848,2.8759133333333335,1.5939041666666667,0
2017-10-17,2.8483,2.876018333333333,1.5942353333333334,0
2017-10-17,2.8483,2.876018333333333,1.5942353333333334,0
2017-10-18,2.8468,2.875915,1.5945665,0
2017-10-18,2.8468,2.875915,1.5945665,0
2017-10-19,2.8405,2.875806666666667,1.5948976666666668,0
2017-10-19,2.8405,2.875806666666667,1.5948976666666668,0
2017-10-20,2.8379,2.8756883333333336,1.5952288333333335,0
2017-10-20,2.8379,2.8756883333333336,1.5952288333333335,0
2017-10-23,2.8341,2.87544,1.59556,0
2017-10-23,2.8341,2.8754399999999998,1.59556,0
2017-10-24,2.8343,2.875195,1.5958628333333336,0
2017-10-24,2.8343,2.875195,1.5958628333333336,0
2017-10-25,2.8594,2.8751416666666665,1.5961656666666666,0
2017-10-25,2.8594,2.8751416666666665,1.5961656666666666,0
2017-10-26,2.8699,2.875023333333333,1.5964685,0
2017-10-26,2.8699,2.8750233333333335,1.5964685,0
2017-10-27,2.8788,2.87497,1.596771333333333,0
2017-10-27,2.8788,2.87497,1.5967713333333333,0
2017-10-30,2.888,2.8750033333333334,1.5970741666666666,0
2017-10-30,2.888,2.8750033333333334,1.5970741666666666,0
2017-10-31,2.894,2.875036666666667,1.597377,0
2017-10-31,2.894,2.875036666666667,1.597377,0
2017-11-01,2.894,2.8752033333333333,1.597679833333333,0
2017-11-01,2.894,2.8752033333333333,1.597679833333333,0
2017-11-02,2.859,2.8750916666666666,1.5979826666666666,0
2017-11-02,2.859,2.8750916666666666,1.5979826666666666,0
2017-11-03,2.8249,2.8744233333333336,1.5982854999999998,0
2017-11-03,2.8249,2.8744233333333336,1.5982854999999998,0
2017-11-06,2.797,2.87319,1.598588333333333,0
2017-11-06,2.797,2.87319,1.598588333333333,0
2017-11-07,2.7878,2.871618333333333,1.5988874999999998,0
2017-11-07,2.7878,2.871618333333333,1.5988874999999998,0
2017-11-08,2.7892,2.87016,1.5991866666666663,0
2017-11-08,2.7892,2.87016,1.5991866666666663,0
2017-11-09,2.811,2.869135,1.5994858333333333,0
2017-11-09,2.811,2.869135,1.5994858333333333,0
2017-11-10,2.8455,2.86876,1.599785,0
2017-11-10,2.8455,2.86876,1.599785,0
2017-11-13,2.8592,2.868513333333333,1.6000841666666663,0
2017-11-13,2.8592,2.8685133333333335,1.6000841666666665,0
2017-11-14,2.8765,2.868455,1.6003833333333333,0
2017-11-14,2.8765,2.868455,1.6003833333333333,0
2017-11-15,2.886,2.8683433333333337,1.6006824999999998,0
2017-11-15,2.886,2.8683433333333337,1.6006824999999998,0
2017-11-16,2.886,2.86821,1.6009816666666667,0
2017-11-16,2.886,2.86821,1.6009816666666667,0
2017-11-17,2.865,2.8676766666666667,1.6012808333333337,0
2017-11-17,2.865,2.8676766666666667,1.6012808333333337,0
2017-11-20,2.859,2.867018333333333,1.60158,0
2017-11-20,2.859,2.867018333333333,1.60158,0
2017-11-21,2.861,2.8663216666666664,1.6015933333333334,0
2017-11-21,2.861,2.8663216666666664,1.6015933333333334,0
2017-11-22,2.868,2.8657216666666665,1.6016066666666666,0
2017-11-22,2.868,2.8657216666666665,1.6016066666666666,0
2017-11-23,2.871,2.865075,1.60162,0
2017-11-23,2.871,2.865075,1.60162,0
2017-11-24,2.873,2.8645183333333337,1.6016333333333332,0
2017-11-24,2.873,2.8645183333333337,1.6016333333333332,0
2017-11-27,2.883,2.863885,1.6016466666666669,0
2017-11-27,2.883,2.8638850000000002,1.6016466666666667,0
2017-11-28,2.883,2.863158333333333,1.60166,0
2017-11-28,2.883,2.8631583333333332,1.60166,0
2017-11-29,2.877,2.862976666666667,1.6016733333333333,0
2017-11-29,2.877,2.862976666666667,1.6016733333333333,0
2017-11-30,2.898,2.863336666666666,1.6016866666666667,0
2017-11-30,2.898,2.863336666666666,1.6016866666666667,0
2017-12-01,2.851,2.863233333333333,1.6017,0
2017-12-01,2.851,2.863233333333333,1.6017,0
2017-12-04,2.816,2.863163333333333,1.601713333333333,0
2017-12-04,2.816,2.863163333333333,1.601713333333333,0
2017-12-05,2.799,2.8629933333333337,1.6021285,0
2017-12-05,2.799,2.8629933333333337,1.6021285,0
2017-12-06,2.787,2.862683333333334,1.6025436666666666,0
2017-12-06,2.787,2.862683333333334,1.6025436666666666,0
2017-12-07,2.791,2.8624950000000005,1.602958833333333,0
2017-12-07,2.791,2.8624950000000005,1.602958833333333,0
2017-12-08,2.799,2.862455,1.603374,0
2017-12-08,2.799,2.862455,1.603374,0
2017-12-11,2.818,2.862695,1.6037891666666666,0
2017-12-11,2.818,2.862695,1.6037891666666666,0
2017-12-12,2.83,2.8631016666666667,1.6042043333333336,0
2017-12-12,2.83,2.8631016666666667,1.6042043333333336,0
2017-12-13,2.851,2.8635533333333334,1.6046195,0
2017-12-13,2.851,2.8635533333333334,1.6046195,0
2017-12-14,2.868,2.8641533333333333,1.6050346666666668,0
2017-12-14,2.868,2.8641533333333333,1.6050346666666668,0
2017-12-15,2.871,2.8646033333333336,1.6054498333333336,0
2017-12-15,2.871,2.8646033333333336,1.6054498333333336,0
2017-12-18,2.871,2.864653333333333,1.605865,0
2017-12-18,2.871,2.864653333333333,1.605865,0
2017-12-19,2.873,2.86472,1.6061963333333336,0
2017-12-19,2.873,2.86472,1.6061963333333336,0
2017-12-20,2.874,2.8648033333333336,1.6065276666666668,0
2017-12-20,2.874,2.8648033333333336,1.6065276666666668,0
2017-12-21,2.871,2.86502,1.606859,0
2017-12-21,2.871,2.86502,1.606859,0
2017-12-22,2.867,2.864491666666667,1.6071903333333335,0
2017-12-22,2.867,2.864491666666667,1.6071903333333335,0
2017-12-25,2.881,2.86369,1.6075216666666667,0
2017-12-25,2.881,2.86369,1.6075216666666667,0
2017-12-26,2.892,2.8627333333333334,1.6078530000000002,0
2017-12-26,2.892,2.8627333333333334,1.6078530000000002,0
2017-12-27,2.905,2.8616916666666667,1.6081843333333334,0
2017-12-27,2.905,2.8616916666666667,1.6081843333333334,0
2017-12-28,2.925,2.8610433333333334,1.608515666666667,0
2017-12-28,2.925,2.8610433333333334,1.608515666666667,0
2017-12-29,2.954,2.860825,1.608847,0
2017-12-29,2.954,2.860825,1.608847,0
2018-01-02,2.839,2.8594733333333333,1.6091783333333334,0
2018-01-02,2.839,2.8594733333333333,1.6091783333333334,0
2018-01-03,2.785,2.8569066666666667,1.6094873333333335,0
2018-01-03,2.785,2.8569066666666667,1.6094873333333335,0
2018-01-04,2.76,2.854161666666667,1.6097963333333334,0
2018-01-04,2.76,2.854161666666667,1.6097963333333334,0
2018-01-05,2.745,2.851811666666667,1.6101053333333333,0
2018-01-05,2.745,2.851811666666667,1.6101053333333333,0
2018-01-08,2.737,2.8499016666666668,1.6104143333333334,0
2018-01-08,2.737,2.8499016666666668,1.6104143333333334,0
2018-01-09,2.744,2.8481683333333336,1.6107233333333333,0
2018-01-09,2.744,2.8481683333333336,1.6107233333333333,0
2018-01-10,2.776,2.846963333333333,1.6110323333333334,0
2018-01-10,2.776,2.846963333333333,1.6110323333333334,0
2018-01-11,2.832,2.8467166666666666,1.6113413333333333,0
2018-01-11,2.832,2.8467166666666666,1.6113413333333333,0
2018-01-12,2.864,2.847108333333333,1.6116503333333332,0
2018-01-12,2.864,2.847108333333333,1.6116503333333332,0
2018-01-15,2.86,2.8474766666666667,1.6119593333333333,0
2018-01-15,2.86,2.8474766666666667,1.6119593333333333,0
2018-01-16,2.879,2.848225,1.6122683333333332,0
2018-01-16,2.879,2.848225,1.6122683333333332,0
2018-01-17,2.878,2.8489533333333337,1.6125975,0
2018-01-17,2.878,2.8489533333333337,1.6125975,0
2018-01-18,2.878,2.849263333333333,1.6129266666666664,0
2018-01-18,2.878,2.849263333333333,1.6129266666666664,0
2018-01-19,2.891,2.849615,1.6132558333333331,0
2018-01-19,2.891,2.849615,1.6132558333333333,0
2018-01-22,2.889,2.849785,1.613585,0
2018-01-22,2.889,2.849785,1.613585,0
2018-01-23,2.863,2.849368333333333,1.6139141666666663,0
2018-01-23,2.863,2.849368333333333,1.6139141666666663,0
2018-01-24,2.832,2.848335,1.6142433333333333,0
2018-01-24,2.832,2.8483349999999996,1.6142433333333333,0
2018-01-25,2.8498,2.847598333333333,1.6145724999999995,0
2018-01-25,2.8498,2.847598333333333,1.6145724999999997,0
2018-01-26,2.842,2.847315,1.614901666666667,0
2018-01-26,2.842,2.847315,1.614901666666667,0
2018-01-29,2.842,2.8476,1.6152308333333334,0
2018-01-29,2.842,2.8476,1.6152308333333334,0
2018-01-30,2.838,2.8482833333333333,1.61556,0
2018-01-30,2.838,2.8482833333333333,1.6155599999999999,0
2018-01-31,2.8298,2.848983333333333,1.6158608333333333,0
2018-01-31,2.8298,2.8489833333333334,1.6158608333333333,0
2018-02-01,2.7925,2.849038333333333,1.6161616666666665,0
2018-02-01,2.7925,2.849038333333333,1.6161616666666665,0
2018-02-02,2.788,2.848655,1.6164625,0
2018-02-02,2.788,2.848655,1.6164625,0
2018-02-05,2.7758,2.847493333333333,1.616763333333333,0
2018-02-05,2.7758,2.847493333333333,1.616763333333333,0
2018-02-06,2.7706,2.8460166666666664,1.6170641666666663,0
2018-02-06,2.7706,2.8460166666666664,1.6170641666666665,0
2018-02-07,2.771,2.8442583333333333,1.617365,0
2018-02-07,2.771,2.8442583333333333,1.617365,0
2018-02-08,2.904,2.844558333333333,1.6176658333333331,0
2018-02-08,2.904,2.844558333333333,1.6176658333333331,0
2018-02-09,2.918,2.845091666666667,1.6179666666666666,0
2018-02-09,2.918,2.845091666666667,1.6179666666666666,0
2018-02-11,2.917,2.8459583333333334,1.6182675,0
2018-02-11,2.917,2.8459583333333334,1.6182675,0
2018-02-12,2.918,2.846941666666667,1.6185683333333332,0
2018-02-12,2.918,2.846941666666667,1.6185683333333332,0
2018-02-13,2.928,2.8480583333333334,1.6188793333333331,0
2018-02-13,2.928,2.8480583333333334,1.6188793333333331,0
2018-02-14,2.91,2.848758333333333,1.619190333333333,0
2018-02-14,2.91,2.848758333333333,1.619190333333333,0
2018-02-22,2.891,2.8490916666666664,1.6195013333333332,0
2018-02-22,2.891,2.8490916666666664,1.6195013333333332,0
2018-02-23,2.881,2.849225,1.6198123333333332,0
2018-02-23,2.881,2.8492249999999997,1.6198123333333332,0
2018-02-24,2.876,2.849108333333333,1.6201233333333331,0
2018-02-24,2.876,2.849108333333333,1.6201233333333331,0
2018-02-26,2.87,2.848891666666667,1.6204343333333333,0
2018-02-26,2.87,2.848891666666667,1.6204343333333333,0
2018-02-27,2.861,2.848625,1.620745333333333,0
2018-02-27,2.861,2.8486249999999997,1.620745333333333,0
2018-02-28,2.906,2.848758333333333,1.6210563333333332,0
2018-02-28,2.906,2.8487583333333335,1.6210563333333332,0
2018-03-01,2.896,2.849508333333333,1.6213673333333332,0
2018-03-01,2.896,2.8495083333333335,1.6213673333333332,0
2018-03-02,2.897,2.850858333333333,1.621678333333333,0
2018-03-02,2.897,2.8508583333333335,1.621678333333333,0
2018-03-05,2.894,2.8524416666666665,1.6219895,0
2018-03-05,2.894,2.8524416666666665,1.6219895,0
2018-03-06,2.886,2.8540916666666667,1.6223006666666664,0
2018-03-06,2.886,2.8540916666666667,1.6223006666666664,0
2018-03-07,2.873,2.855458333333333,1.6226118333333333,0
2018-03-07,2.873,2.855458333333333,1.6226118333333333,0
2018-03-08,2.862,2.856508333333333,1.622923,0
2018-03-08,2.862,2.856508333333333,1.622923,0
2018-03-09,2.857,2.857158333333333,1.6232341666666663,0
2018-03-09,2.857,2.857158333333333,1.6232341666666663,0
2018-03-12,2.858,2.857625,1.6235453333333334,0
2018-03-12,2.858,2.8576249999999996,1.6235453333333334,0
2018-03-13,2.87,2.8579416666666666,1.6238564999999998,0
2018-03-13,2.87,2.8579416666666666,1.6238564999999998,0
2018-03-14,2.869,2.8579583333333334,1.624167666666667,0
2018-03-14,2.869,2.8579583333333334,1.624167666666667,0
2018-03-15,2.866,2.857875,1.624478833333333,0
2018-03-15,2.866,2.857875,1.624478833333333,0
2018-03-16,2.865,2.857775,1.62479,0
2018-03-16,2.865,2.857775,1.62479,0
2018-03-19,2.863,2.857608333333333,1.6250893333333334,0
2018-03-19,2.863,2.857608333333333,1.6250893333333334,0
2018-03-20,2.861,2.8573916666666666,1.6253886666666666,0
2018-03-20,2.861,2.8573916666666666,1.6253886666666666,0
2018-03-21,2.858,2.857175,1.625688,0
2018-03-21,2.858,2.857175,1.625688,0
2018-03-22,2.8538,2.856955,1.6259873333333337,0
2018-03-22,2.8538,2.856955,1.6259873333333337,0
2018-03-23,2.8464,2.856378333333333,1.6262866666666669,0
2018-03-23,2.8464,2.856378333333333,1.6262866666666669,0
2018-03-26,2.862,2.855878333333333,1.626586,0
2018-03-26,2.862,2.855878333333333,1.626586,0
2018-03-27,2.874,2.8553616666666666,1.6268853333333333,0
2018-03-27,2.874,2.8553616666666666,1.6268853333333333,0
2018-03-28,2.889,2.854761666666667,1.6271846666666667,0
2018-03-28,2.889,2.854761666666667,1.6271846666666667,0
2018-03-29,2.8958,2.8537916666666665,1.6274840000000002,0
2018-03-29,2.8958,2.8537916666666665,1.6274840000000002,0
2018-03-30,2.9166,2.8550850000000003,1.6277833333333334,0
2018-03-30,2.9166,2.8550850000000003,1.6277833333333334,0
2018-04-02,2.883,2.8567183333333337,1.6280271666666668,0
2018-04-02,2.883,2.8567183333333337,1.6280271666666668,0
2018-04-03,2.87,2.858551666666666,1.628271,0
2018-04-03,2.87,2.858551666666666,1.628271,0
2018-04-04,2.83,2.8599683333333337,1.6285148333333337,0
2018-04-04,2.83,2.8599683333333337,1.6285148333333337,0
2018-04-08,2.812,2.861218333333333,1.628758666666667,0
2018-04-08,2.812,2.861218333333333,1.628758666666667,0
2018-04-09,2.806,2.8622516666666664,1.6290025,0
2018-04-09,2.806,2.8622516666666664,1.6290025,0
2018-04-10,2.807,2.862768333333334,1.6292463333333334,0
2018-04-10,2.807,2.862768333333334,1.6292463333333334,0
2018-04-11,2.804,2.8623016666666663,1.6294901666666666,0
2018-04-11,2.804,2.8623016666666663,1.6294901666666666,0
2018-04-12,2.8,2.861235,1.629734,0
2018-04-12,2.8,2.861235,1.629734,0
2018-04-13,2.798,2.8602016666666668,1.6299778333333337,0
2018-04-13,2.798,2.8602016666666668,1.6299778333333335,0
2018-04-16,2.802,2.858918333333333,1.630221666666667,0
2018-04-16,2.802,2.858918333333333,1.630221666666667,0
2018-04-17,2.843,2.858335,1.6305126666666667,0
2018-04-17,2.843,2.858335,1.6305126666666667,0
2018-04-18,2.858,2.8580016666666666,1.6308036666666663,0
2018-04-18,2.858,2.8580016666666666,1.6308036666666665,0
2018-04-19,2.884,2.857885,1.6310946666666668,0
2018-04-19,2.884,2.857885,1.6310946666666668,0
2018-04-20,2.893,2.8579516666666667,1.6313856666666668,0
2018-04-20,2.893,2.8579516666666667,1.6313856666666668,0
2018-04-23,2.9,2.8585683333333334,1.6316766666666669,0
2018-04-23,2.9,2.8585683333333334,1.6316766666666669,0
2018-04-24,2.907,2.8598183333333336,1.6319676666666667,0
2018-04-24,2.907,2.8598183333333336,1.6319676666666667,0
2018-04-25,2.911,2.860838333333333,1.6322586666666663,0
2018-04-25,2.911,2.860838333333333,1.6322586666666665,0
2018-04-26,2.925,2.862221666666667,1.6325496666666668,0
2018-04-26,2.925,2.862221666666667,1.6325496666666668,0
2018-04-27,2.978,2.864488333333333,1.6328406666666668,0
2018-04-27,2.978,2.8644883333333335,1.6328406666666668,0
2018-04-28,2.972,2.8667216666666664,1.6331316666666666,0
2018-04-28,2.972,2.8667216666666664,1.6331316666666666,0
2018-05-02,2.892,2.867758333333333,1.6331528333333334,0
2018-05-02,2.892,2.867758333333333,1.6331528333333334,0
2018-05-03,2.852,2.86875,1.633174,0
2018-05-03,2.852,2.86875,1.633174,0
2018-05-04,2.806,2.86905,1.6331951666666666,0
2018-05-04,2.806,2.86905,1.6331951666666666,0
2018-05-07,2.768,2.86892,1.6332163333333332,0
2018-05-07,2.768,2.86892,1.6332163333333332,0
2018-05-08,2.751,2.8685933333333336,1.6332375,0
2018-05-08,2.751,2.8685933333333336,1.6332375,0
2018-05-09,2.734,2.8679766666666664,1.6332586666666666,0
2018-05-09,2.734,2.8679766666666664,1.6332586666666666,0
2018-05-10,2.723,2.8649600000000004,1.6332798333333332,0
2018-05-10,2.723,2.8649600000000004,1.6332798333333332,0
2018-05-11,2.713,2.861543333333333,1.633301,0
2018-05-11,2.713,2.861543333333333,1.633301,0
2018-05-14,2.738,2.85856,1.6333221666666664,0
2018-05-14,2.738,2.85856,1.6333221666666664,0
2018-05-15,2.773,2.8561433333333333,1.6333433333333331,0
2018-05-15,2.773,2.8561433333333333,1.6333433333333331,0
2018-05-16,2.835,2.8545933333333333,1.6336166666666665,0
2018-05-16,2.835,2.8545933333333333,1.6336166666666665,0
2018-05-17,2.803,2.85281,1.6338899999999998,0
2018-05-17,2.803,2.85281,1.6338899999999998,0
2018-05-18,2.768,2.85076,1.6341633333333332,0
2018-05-18,2.768,2.85076,1.6341633333333332,0
2018-05-21,2.756,2.848676666666667,1.6344366666666663,0
2018-05-21,2.756,2.848676666666667,1.6344366666666663,0
2018-05-22,2.755,2.84666,1.63471,0
2018-05-22,2.755,2.84666,1.6347099999999999,0
2018-05-23,2.752,2.8446933333333333,1.6349833333333332,0
2018-05-23,2.752,2.8446933333333333,1.6349833333333332,0
2018-05-24,2.751,2.8428600000000004,1.6352566666666666,0
2018-05-24,2.751,2.8428600000000004,1.6352566666666666,0
2018-05-25,2.794,2.840993333333333,1.63553,0
2018-05-25,2.794,2.840993333333333,1.63553,0
2018-05-28,2.806,2.839493333333333,1.6358033333333333,0
2018-05-28,2.806,2.839493333333333,1.6358033333333333,0
2018-05-29,2.848,2.8386766666666663,1.6360766666666666,0
2018-05-29,2.848,2.8386766666666663,1.6360766666666666,0
2018-05-30,2.895,2.838693333333333,1.6362713333333334,0
2018-05-30,2.895,2.838693333333333,1.6362713333333334,0
2018-05-31,2.898,2.838893333333333,1.636466,0
2018-05-31,2.898,2.838893333333333,1.636466,0
2018-06-01,2.897,2.839293333333333,1.6366606666666663,0
2018-06-01,2.897,2.839293333333333,1.6366606666666663,0
2018-06-04,2.818,2.83856,1.636855333333333,0
2018-06-04,2.818,2.83856,1.636855333333333,0
2018-06-05,2.802,2.8376433333333333,1.63705,0
2018-06-05,2.802,2.8376433333333333,1.63705,0
2018-06-06,2.792,2.836543333333333,1.637244666666667,0
2018-06-06,2.792,2.836543333333333,1.6372446666666667,0
2018-06-07,2.783,2.835093333333333,1.6374393333333332,0
2018-06-07,2.783,2.8350933333333335,1.6374393333333332,0
2018-06-08,2.772,2.833476666666667,1.6376339999999998,0
2018-06-08,2.772,2.833476666666667,1.6376339999999998,0
2018-06-11,2.776,2.831976666666667,1.6378286666666666,0
2018-06-11,2.776,2.831976666666667,1.6378286666666666,0
2018-06-12,2.789,2.8307100000000003,1.6380233333333332,0
2018-06-12,2.789,2.8307100000000003,1.6380233333333332,0
2018-06-13,2.8,2.82966,1.638035,0
2018-06-13,2.8,2.82966,1.638035,0
2018-06-14,2.809,2.828793333333333,1.6380466666666664,0
2018-06-14,2.809,2.828793333333333,1.6380466666666664,0
2018-06-15,2.81,2.827993333333333,1.6380583333333332,0
2018-06-15,2.81,2.827993333333333,1.6380583333333332,0
2018-06-19,2.809,2.827246666666667,1.63807,0
2018-06-19,2.809,2.827246666666667,1.63807,0
2018-06-20,2.822,2.82684,1.6380816666666664,0
2018-06-20,2.822,2.82684,1.6380816666666664,0
2018-06-21,2.825,2.826223333333333,1.6380933333333332,0
2018-06-21,2.825,2.826223333333333,1.6380933333333332,0
2018-06-22,2.819,2.825306666666667,1.638105,0
2018-06-22,2.819,2.825306666666667,1.638105,0
2018-06-25,2.826,2.8242566666666664,1.6381166666666669,0
2018-06-25,2.826,2.8242566666666664,1.6381166666666669,0
2018-06-26,2.831,2.823176666666667,1.6381283333333332,0
2018-06-26,2.831,2.823176666666667,1.6381283333333332,0
2018-06-27,2.834,2.8218,1.63814,0
2018-06-27,2.834,2.8218,1.63814,0
2018-06-28,2.841,2.8211,1.6381765,0
2018-06-28,2.841,2.8211,1.6381765,0
2018-06-29,2.862,2.820966666666666,1.638213,0
2018-06-29,2.862,2.8209666666666666,1.638213,0
2018-07-02,2.78,2.820133333333333,1.6382495,0
2018-07-02,2.78,2.820133333333333,1.6382495,0
2018-07-03,2.719,2.8185833333333337,1.638286,0
2018-07-03,2.719,2.8185833333333337,1.638286,0
2018-07-04,2.662,2.816183333333333,1.6383225,0
2018-07-04,2.662,2.8161833333333335,1.6383225,0
2018-07-05,2.605,2.812816666666666,1.638359,0
2018-07-05,2.605,2.812816666666666,1.638359,0
2018-07-06,2.588,2.8092166666666665,1.6383955,0
2018-07-06,2.588,2.8092166666666665,1.6383955,0
2018-07-09,2.602,2.8059166666666666,1.638432,0
2018-07-09,2.602,2.8059166666666666,1.6384319999999999,0
2018-07-10,2.657,2.8035666666666668,1.6384685,0
2018-07-10,2.657,2.8035666666666668,1.6384684999999999,0
2018-07-11,2.679,2.8015166666666667,1.638505,0
2018-07-11,2.679,2.8015166666666667,1.6385049999999999,0
2018-07-12,2.686,2.7989,1.6385383333333332,0
2018-07-12,2.686,2.7989,1.6385383333333332,0
2018-07-13,2.686,2.7960333333333334,1.6385716666666663,0
2018-07-13,2.686,2.7960333333333334,1.6385716666666665,0
2018-07-16,2.699,2.79295,1.638605,0
2018-07-16,2.699,2.79295,1.6386049999999999,0
2018-07-17,2.703,2.7897833333333333,1.6386383333333332,0
2018-07-17,2.703,2.7897833333333333,1.6386383333333332,0
2018-07-18,2.702,2.786483333333333,1.6386716666666663,0
2018-07-18,2.702,2.7864833333333334,1.6386716666666665,0
2018-07-19,2.683,2.78275,1.638705,0
2018-07-19,2.683,2.78275,1.6387049999999999,0
2018-07-20,2.675,2.7788166666666667,1.6387383333333332,0
2018-07-20,2.675,2.7788166666666667,1.6387383333333332,0
2018-07-23,2.658,2.7743666666666664,1.6387716666666663,0
2018-07-23,2.658,2.7743666666666664,1.6387716666666663,0
2018-07-24,2.655,2.768983333333333,1.6388049999999998,0
2018-07-24,2.655,2.768983333333333,1.6388049999999998,0
2018-07-25,2.667,2.7639,1.6388383333333332,0
2018-07-25,2.667,2.7639,1.6388383333333332,0
2018-07-26,2.66,2.7600333333333333,1.6388966666666664,0
2018-07-26,2.66,2.7600333333333333,1.6388966666666664,0
2018-07-27,2.654,2.756733333333333,1.638955,0
2018-07-27,2.654,2.756733333333333,1.638955,0
2018-07-30,2.651,2.75415,1.6390133333333332,0
2018-07-30,2.651,2.75415,1.6390133333333332,0
2018-07-31,2.648,2.75215,1.6390716666666667,0
2018-07-31,2.648,2.75215,1.6390716666666667,0
2018-08-01,2.622,2.75,1.63913,0
2018-08-01,2.622,2.75,1.63913,0
2018-08-02,2.584,2.7475,1.6391883333333332,0
2018-08-02,2.584,2.7475,1.6391883333333332,0
2018-08-03,2.525,2.7442,1.6392466666666667,0
2018-08-03,2.525,2.7441999999999998,1.6392466666666667,0
2018-08-06,2.469,2.740133333333333,1.639305,0
2018-08-06,2.469,2.740133333333333,1.639305,0
2018-08-07,2.386,2.734266666666667,1.6393633333333335,0
2018-08-07,2.386,2.734266666666667,1.6393633333333335,0
2018-08-08,2.345,2.7271333333333336,1.6394216666666668,0
2018-08-08,2.345,2.7271333333333336,1.6394216666666668,0
2018-08-09,2.45,2.7207166666666667,1.6396730000000002,0
2018-08-09,2.45,2.7207166666666667,1.6396730000000002,0
2018-08-10,2.426,2.714433333333333,1.639924333333333,0
2018-08-10,2.426,2.7144333333333335,1.6399243333333333,0
2018-08-13,2.491,2.7098166666666668,1.640175666666667,0
2018-08-13,2.491,2.7098166666666668,1.640175666666667,0
2018-08-14,2.589,2.7070333333333334,1.6404270000000003,0
2018-08-14,2.589,2.7070333333333334,1.6404270000000003,0
2018-08-15,2.612,2.70465,1.6406783333333337,0
2018-08-15,2.612,2.70465,1.6406783333333337,0
2018-08-16,2.637,2.702733333333333,1.6409296666666668,0
2018-08-16,2.637,2.702733333333333,1.6409296666666668,0
2018-08-17,2.65,2.70105,1.641181,0
2018-08-17,2.65,2.70105,1.641181,0
2018-08-20,2.674,2.69905,1.6414323333333336,0
2018-08-20,2.674,2.69905,1.6414323333333336,0
2018-08-21,2.681,2.6969666666666665,1.641683666666667,0
2018-08-21,2.681,2.6969666666666665,1.641683666666667,0
2018-08-22,2.662,2.693866666666666,1.641935,0
2018-08-22,2.662,2.6938666666666666,1.6419350000000001,0
2018-08-23,2.649,2.6897666666666664,1.6420695,0
2018-08-23,2.649,2.6897666666666664,1.6420695,0
2018-08-24,2.612,2.685,1.6422040000000002,0
2018-08-24,2.612,2.685,1.6422040000000002,0
2018-08-27,2.642,2.6807499999999997,1.6423385,0
2018-08-27,2.642,2.6807499999999993,1.6423385000000001,0
2018-08-28,2.647,2.6779,1.642473,0
2018-08-28,2.647,2.6779,1.642473,0
2018-08-29,2.646,2.6753,1.6426075,0
2018-08-29,2.646,2.6753,1.6426075,0
2018-08-30,2.64,2.672766666666667,1.642742,0
2018-08-30,2.64,2.672766666666667,1.6427420000000001,0
2018-08-31,2.633,2.670266666666666,1.6428765,0
2018-08-31,2.633,2.670266666666666,1.6428765,0
2018-09-03,2.621,2.66775,1.643011,0
2018-09-03,2.621,2.66775,1.643011,0
2018-09-04,2.6,2.6648166666666664,1.6431455,0
2018-09-04,2.6,2.6648166666666664,1.6431455000000001,0
2018-09-05,2.552,2.6608666666666667,1.64328,0
2018-09-05,2.552,2.6608666666666667,1.64328,0
2018-09-06,2.633,2.658083333333333,1.6434378333333337,0
2018-09-06,2.633,2.658083333333333,1.6434378333333335,0
2018-09-07,2.673,2.6558166666666665,1.643595666666667,0
2018-09-07,2.673,2.6558166666666665,1.643595666666667,0
2018-09-10,2.679,2.653633333333333,1.6437535,0
2018-09-10,2.679,2.653633333333333,1.6437535,0
2018-09-11,2.686,2.6515833333333334,1.6439113333333335,0
2018-09-11,2.686,2.6515833333333334,1.6439113333333335,0
2018-09-12,2.675,2.649133333333333,1.6440691666666667,0
2018-09-12,2.675,2.649133333333333,1.6440691666666667,0
2018-09-13,2.663,2.6464333333333334,1.644227,0
2018-09-13,2.663,2.6464333333333334,1.644227,0
2018-09-14,2.645,2.643533333333333,1.6443848333333333,0
2018-09-14,2.645,2.643533333333333,1.6443848333333333,0
2018-09-17,2.639,2.6404166666666664,1.6445426666666667,0
2018-09-17,2.639,2.6404166666666664,1.6445426666666667,0
2018-09-18,2.685,2.637983333333333,1.6447005,0
2018-09-18,2.685,2.637983333333333,1.6447005,0
2018-09-19,2.668,2.6352166666666665,1.644858333333333,0
2018-09-19,2.668,2.6352166666666665,1.6448583333333333,0
2018-09-20,2.659,2.632183333333333,1.6450895,0
2018-09-20,2.659,2.632183333333333,1.6450895,0
2018-09-21,2.654,2.6287166666666666,1.6453206666666669,0
2018-09-21,2.654,2.6287166666666666,1.6453206666666669,0
2018-09-25,2.692,2.62725,1.6455518333333332,0
2018-09-25,2.692,2.6272499999999996,1.6455518333333332,0
2018-09-26,2.711,2.6271166666666668,1.645783,0
2018-09-26,2.711,2.6271166666666668,1.645783,0
2018-09-27,2.722,2.628116666666666,1.6460141666666666,0
2018-09-27,2.722,2.628116666666666,1.6460141666666666,0
2018-09-28,2.73,2.6302000000000003,1.6462453333333331,0
2018-09-28,2.73,2.6302000000000003,1.6462453333333333,0
2018-09-29,2.783,2.6334500000000003,1.6464765,0
2018-09-29,2.783,2.6334500000000003,1.6464765,0
2018-09-30,2.766,2.6361833333333338,1.6467076666666665,0
2018-09-30,2.766,2.6361833333333338,1.6467076666666665,0
2018-10-08,2.657,2.6361833333333333,1.6469388333333332,0
2018-10-08,2.657,2.6361833333333333,1.6469388333333332,0
2018-10-09,2.633,2.6354166666666665,1.6471699999999998,0
2018-10-09,2.633,2.6354166666666665,1.6471699999999998,0
2018-10-10,2.618,2.6342833333333333,1.647258,0
2018-10-10,2.618,2.6342833333333333,1.647258,0
2018-10-11,2.611,2.633033333333333,1.6473459999999998,0
2018-10-11,2.611,2.633033333333333,1.6473459999999998,0
2018-10-12,2.615,2.6316333333333333,1.6474339999999998,0
2018-10-12,2.615,2.6316333333333333,1.6474339999999998,0
2018-10-15,2.612,2.6301166666666664,1.647522,0
2018-10-15,2.612,2.6301166666666664,1.647522,0
2018-10-16,2.603,2.6284666666666667,1.6476099999999998,0
2018-10-16,2.603,2.6284666666666667,1.6476099999999998,0
2018-10-17,2.604,2.62715,1.647698,0
2018-10-17,2.604,2.62715,1.647698,0
2018-10-18,2.611,2.6260833333333333,1.647786,0
2018-10-18,2.611,2.6260833333333333,1.647786,0
2018-10-19,2.622,2.6254833333333334,1.647874,0
2018-10-19,2.622,2.6254833333333334,1.647874,0
2018-10-22,2.632,2.6251,1.647962,0
2018-10-22,2.632,2.6251,1.647962,0
2018-10-23,2.635,2.6245666666666665,1.64805,0
2018-10-23,2.635,2.6245666666666665,1.64805,0
2018-10-24,2.631,2.624083333333333,1.6481993333333331,0
2018-10-24,2.631,2.624083333333333,1.6481993333333333,0
2018-10-25,2.63,2.6236833333333336,1.648348666666667,0
2018-10-25,2.63,2.6236833333333336,1.6483486666666667,0
2018-10-26,2.618,2.623133333333333,1.648498,0
2018-10-26,2.618,2.6231333333333335,1.648498,0
2018-10-29,2.609,2.6224833333333333,1.6486473333333334,0
2018-10-29,2.609,2.6224833333333333,1.6486473333333334,0
2018-10-30,2.598,2.6220833333333333,1.648796666666667,0
2018-10-30,2.598,2.6220833333333333,1.648796666666667,0
2018-10-31,2.715,2.6242666666666667,1.648946,0
2018-10-31,2.715,2.6242666666666667,1.648946,0
2018-11-01,2.673,2.6267333333333336,1.6490953333333334,0
2018-11-01,2.673,2.6267333333333336,1.6490953333333334,0
2018-11-02,2.649,2.6297333333333337,1.6492446666666667,0
2018-11-02,2.649,2.6297333333333337,1.6492446666666667,0
2018-11-05,2.638,2.633933333333333,1.649394,0
2018-11-05,2.638,2.633933333333333,1.649394,0
2018-11-06,2.613,2.6384,1.6495433333333334,0
2018-11-06,2.613,2.6384,1.6495433333333334,0
2018-11-07,2.595,2.640816666666667,1.6497935,0
2018-11-07,2.595,2.640816666666667,1.6497935,0
2018-11-08,2.6,2.6437166666666667,1.650043666666667,0
2018-11-08,2.6,2.6437166666666667,1.6500436666666667,0
2018-11-09,2.599,2.6455166666666665,1.6502938333333337,0
2018-11-09,2.599,2.6455166666666665,1.6502938333333337,0
2018-11-12,2.624,2.6461,1.6505440000000002,0
2018-11-12,2.624,2.6461,1.6505440000000002,0
2018-11-13,2.633,2.64645,1.6507941666666668,0
2018-11-13,2.633,2.64645,1.6507941666666668,0
2018-11-14,2.632,2.6463666666666668,1.6510443333333336,0
2018-11-14,2.632,2.6463666666666668,1.6510443333333336,0
2018-11-15,2.629,2.6460166666666667,1.6512945,0
2018-11-15,2.629,2.6460166666666667,1.6512945,0
2018-11-16,2.629,2.6452666666666667,1.6515446666666669,0
2018-11-16,2.629,2.6452666666666667,1.6515446666666669,0
2018-11-19,2.643,2.644633333333333,1.6517948333333337,0
2018-11-19,2.643,2.644633333333333,1.6517948333333337,0
2018-11-20,2.665,2.644683333333333,1.6520450000000002,0
2018-11-20,2.665,2.644683333333333,1.6520450000000002,0
2018-11-21,2.656,2.6448000000000005,1.6520940000000002,0
2018-11-21,2.656,2.6448000000000005,1.6520940000000002,0
2018-11-22,2.642,2.6453,1.652143,0
2018-11-22,2.642,2.6453,1.6521430000000001,0
2018-11-23,2.628,2.6450666666666667,1.652192,0
2018-11-23,2.628,2.6450666666666667,1.652192,0
2018-11-26,2.644,2.6450166666666663,1.652241,0
2018-11-26,2.644,2.6450166666666663,1.652241,0
2018-11-27,2.643,2.644966666666667,1.6522900000000005,0
2018-11-27,2.643,2.644966666666667,1.6522900000000005,0
2018-11-28,2.65,2.6451333333333333,1.6523390000000002,0
2018-11-28,2.65,2.6451333333333333,1.6523390000000002,0
2018-11-29,2.65,2.645416666666667,1.6523880000000002,0
2018-11-29,2.65,2.645416666666667,1.6523880000000002,0
2018-11-30,2.669,2.6462166666666667,1.6524370000000002,0
2018-11-30,2.669,2.6462166666666667,1.6524370000000002,0
2018-12-03,2.618,2.6465166666666664,1.652486,0
2018-12-03,2.618,2.6465166666666664,1.6524860000000001,0
2018-12-04,2.621,2.6476666666666664,1.652535,0
2018-12-04,2.621,2.6476666666666664,1.652535,0
2018-12-05,2.581,2.6468,1.6528088333333335,0
2018-12-05,2.581,2.6468,1.6528088333333335,0
2018-12-06,2.6,2.6455833333333336,1.6530826666666667,0
2018-12-06,2.6,2.6455833333333336,1.6530826666666667,0
2018-12-07,2.611,2.64445,1.6533565,0
2018-12-07,2.611,2.64445,1.6533565,0
2018-12-10,2.615,2.643266666666667,1.653630333333333,0
2018-12-10,2.615,2.643266666666667,1.6536303333333333,0
2018-12-11,2.624,2.642416666666667,1.6539041666666665,0
2018-12-11,2.624,2.642416666666667,1.6539041666666665,0
2018-12-12,2.626,2.6418000000000004,1.654178,0
2018-12-12,2.626,2.6418000000000004,1.654178,0
2018-12-13,2.636,2.64165,1.6544518333333331,0
2018-12-13,2.636,2.64165,1.6544518333333331,0
2018-12-14,2.683,2.642383333333333,1.6547256666666663,0
2018-12-14,2.683,2.642383333333333,1.6547256666666663,0
2018-12-17,2.697,2.642583333333333,1.6549995,0
2018-12-17,2.697,2.6425833333333335,1.6549995,0
2018-12-18,2.694,2.6430166666666666,1.6552733333333332,0
2018-12-18,2.694,2.6430166666666666,1.6552733333333332,0
2018-12-19,2.69,2.643533333333333,1.6554673333333332,0
2018-12-19,2.69,2.643533333333333,1.6554673333333332,0
2018-12-20,2.676,2.6439000000000004,1.6556613333333332,0
2018-12-20,2.676,2.6439000000000004,1.6556613333333332,0
2018-12-21,2.649,2.643183333333333,1.6558553333333332,0
2018-12-21,2.649,2.6431833333333334,1.6558553333333332,0
2018-12-24,2.659,2.6423166666666664,1.6560493333333333,0
2018-12-24,2.659,2.6423166666666664,1.6560493333333333,0
2018-12-25,2.653,2.6411666666666664,1.6562433333333333,0
2018-12-25,2.653,2.6411666666666664,1.6562433333333333,0
2018-12-26,2.672,2.6402,1.656437333333333,0
2018-12-26,2.672,2.6402,1.6564373333333333,0
2018-12-27,2.695,2.6387333333333336,1.6566313333333331,0
2018-12-27,2.695,2.6387333333333336,1.6566313333333331,0
2018-12-28,2.721,2.637983333333333,1.6568253333333334,0
2018-12-28,2.721,2.637983333333333,1.6568253333333334,0
2018-12-29,2.903,2.6420833333333333,1.6570193333333334,0
2018-12-29,2.903,2.6420833333333333,1.6570193333333334,0
2019-01-02,2.634,2.6421,1.6572133333333334,0
2019-01-02,2.634,2.6421,1.6572133333333334,0
2019-01-03,2.547,2.640916666666667,1.6572790000000002,0
2019-01-03,2.547,2.640916666666667,1.6572790000000002,0
2019-01-04,2.563,2.6401166666666667,1.657344666666667,0
2019-01-04,2.563,2.6401166666666667,1.6573446666666667,0
2019-01-07,2.475,2.637783333333333,1.6574103333333334,0
2019-01-07,2.475,2.637783333333333,1.6574103333333334,0
2019-01-08,2.372,2.6337833333333336,1.6574760000000002,0
2019-01-08,2.372,2.6337833333333336,1.6574760000000002,0
2019-01-09,2.475,2.63165,1.6575416666666667,0
2019-01-09,2.475,2.63165,1.6575416666666667,0
2019-01-10,2.587,2.631366666666666,1.6576073333333334,0
2019-01-10,2.587,2.6313666666666666,1.6576073333333334,0
2019-01-11,2.555,2.6304333333333334,1.657673,0
2019-01-11,2.555,2.6304333333333334,1.657673,0
2019-01-14,2.629,2.63055,1.6577386666666667,0
2019-01-14,2.629,2.63055,1.6577386666666667,0
2019-01-15,2.652,2.6308833333333337,1.6578043333333334,0
2019-01-15,2.652,2.6308833333333337,1.6578043333333334,0
2019-01-16,2.64,2.6309666666666667,1.65787,0
2019-01-16,2.64,2.6309666666666667,1.65787,0
2019-01-17,2.611,2.630633333333334,1.6581735,0
2019-01-17,2.611,2.630633333333334,1.6581735,0
2019-01-18,2.618,2.6304333333333334,1.658477,0
2019-01-18,2.618,2.6304333333333334,1.658477,0
2019-01-21,2.594,2.630033333333333,1.6587805,0
2019-01-21,2.594,2.630033333333333,1.6587805,0
2019-01-22,2.578,2.629516666666667,1.659084,0
2019-01-22,2.578,2.629516666666667,1.659084,0
2019-01-23,2.584,2.6292833333333334,1.6593874999999998,0
2019-01-23,2.584,2.6292833333333334,1.6593874999999998,0
2019-01-24,2.616,2.6276333333333333,1.659691,0
2019-01-24,2.616,2.6276333333333333,1.659691,0
2019-01-25,2.626,2.62685,1.6599944999999998,0
2019-01-25,2.626,2.6268499999999997,1.6599944999999998,0
2019-01-28,2.66,2.627033333333333,1.6602979999999998,0
2019-01-28,2.66,2.627033333333333,1.6602979999999998,0
2019-01-29,2.766,2.629166666666667,1.6606015,0
2019-01-29,2.766,2.629166666666667,1.6606015,0
2019-01-30,2.765,2.6317,1.660905,0
2019-01-30,2.765,2.6317,1.6609049999999999,0
2019-01-31,2.756,2.634383333333333,1.660996,0
2019-01-31,2.756,2.634383333333333,1.660996,0
2019-02-01,2.722,2.636416666666667,1.661087,0
2019-02-01,2.722,2.636416666666667,1.661087,0
2019-02-02,2.372,2.632633333333333,1.6611779999999998,0
2019-02-02,2.372,2.632633333333333,1.6611779999999998,0
2019-02-03,2.334,2.6278,1.661269,0
2019-02-03,2.334,2.6278,1.661269,0
2019-02-11,2.596,2.627183333333333,1.66136,0
2019-02-11,2.596,2.627183333333333,1.66136,0
2019-02-12,2.513,2.6252,1.661451,0
2019-02-12,2.513,2.6252,1.661451,0
2019-02-13,2.362,2.62075,1.661542,0
2019-02-13,2.362,2.62075,1.661542,0
2019-02-14,2.33,2.6157666666666666,1.661633,0
2019-02-14,2.33,2.6157666666666666,1.661633,0
2019-02-15,2.351,2.6109,1.661724,0
2019-02-15,2.351,2.6109,1.661724,0
2019-02-18,2.395,2.6064,1.661815,0
2019-02-18,2.395,2.6064,1.661815,0
2019-02-19,2.398,2.6021,1.6618625,0
2019-02-19,2.398,2.6020999999999996,1.6618625,0
2019-02-20,2.377,2.5976833333333333,1.66191,0
2019-02-20,2.377,2.5976833333333333,1.66191,0
2019-02-21,2.399,2.5938666666666665,1.6619575,0
2019-02-21,2.399,2.5938666666666665,1.6619575,0
2019-02-22,2.6,2.5931333333333333,1.662005,0
2019-02-22,2.6,2.5931333333333333,1.662005,0
2019-02-25,2.658,2.5933833333333336,1.6620525,0
2019-02-25,2.658,2.5933833333333336,1.6620525,0
2019-02-26,2.745,2.594966666666666,1.6621,0
2019-02-26,2.745,2.594966666666666,1.6621,0
2019-02-27,2.75,2.5966333333333336,1.6621475,0
2019-02-27,2.75,2.5966333333333336,1.6621475,0
2019-02-28,2.658,2.59645,1.662195,0
2019-02-28,2.658,2.59645,1.6621949999999999,0
2019-03-01,2.511,2.594666666666667,1.6622424999999998,0
2019-03-01,2.511,2.594666666666667,1.6622424999999998,0
2019-03-04,2.38,2.59065,1.6622899999999998,0
2019-03-04,2.38,2.5906499999999997,1.6622899999999998,0
2019-03-05,2.574,2.5905333333333336,1.662589,0
2019-03-05,2.574,2.5905333333333336,1.662589,0
2019-03-06,2.488,2.5886666666666667,1.662888,0
2019-03-06,2.488,2.5886666666666667,1.662888,0
2019-03-07,2.517,2.5871,1.663187,0
2019-03-07,2.517,2.5871,1.663187,0
2019-03-08,2.388,2.5833166666666667,1.663486,0
2019-03-08,2.388,2.5833166666666667,1.663486,0
2019-03-11,2.395,2.5795000000000003,1.6637849999999998,0
2019-03-11,2.395,2.5795000000000003,1.6637849999999998,0
2019-03-12,2.601,2.5790833333333336,1.664084,0
2019-03-12,2.601,2.5790833333333336,1.664084,0
2019-03-13,2.493,2.5767,1.664383,0
2019-03-13,2.493,2.5767,1.664383,0
2019-03-14,2.598,2.575283333333333,1.664682,0
2019-03-14,2.598,2.575283333333333,1.664682,0
2019-03-15,2.728,2.5758,1.6649810000000005,0
2019-03-15,2.728,2.5758,1.6649810000000005,0
2019-03-18,2.709,2.5760500000000004,1.66528,0
2019-03-18,2.709,2.5760500000000004,1.66528,0
2019-03-19,2.729,2.5767,1.6653103333333334,0
2019-03-19,2.729,2.5767,1.6653103333333334,0
2019-03-20,2.711,2.5772833333333334,1.6653406666666668,0
2019-03-20,2.711,2.5772833333333334,1.6653406666666668,0
2019-03-21,2.684,2.5778666666666665,1.6653710000000002,0
2019-03-21,2.684,2.5778666666666665,1.6653710000000002,0
2019-03-22,2.664,2.57795,1.6654013333333335,0
2019-03-22,2.664,2.57795,1.6654013333333335,0
2019-03-25,2.668,2.5782000000000003,1.6654316666666666,0
2019-03-25,2.668,2.5782000000000003,1.6654316666666666,0
2019-03-26,2.704,2.578733333333333,1.665462,0
2019-03-26,2.704,2.578733333333333,1.665462,0
2019-03-27,2.797,2.580433333333333,1.6654923333333334,0
2019-03-27,2.797,2.580433333333333,1.6654923333333334,0
2019-03-28,2.705,2.5801666666666665,1.6655226666666667,0
2019-03-28,2.705,2.5801666666666665,1.6655226666666667,0
2019-03-29,2.698,2.57675,1.665553,0
2019-03-29,2.698,2.57675,1.665553,0
2019-04-01,2.579,2.5758333333333336,1.6655833333333334,0
2019-04-01,2.579,2.5758333333333336,1.6655833333333334,0
2019-04-02,2.453,2.5742666666666665,1.6656046666666668,0
2019-04-02,2.453,2.5742666666666665,1.6656046666666668,0
2019-04-03,2.357,2.5708333333333333,1.665626,0
2019-04-03,2.357,2.5708333333333333,1.665626,0
2019-04-04,2.418,2.5698833333333337,1.6656473333333337,0
2019-04-04,2.418,2.5698833333333337,1.6656473333333335,0
2019-04-08,2.483,2.571733333333333,1.665668666666667,0
2019-04-08,2.483,2.571733333333333,1.665668666666667,0
2019-04-09,2.469,2.571633333333333,1.66569,0
2019-04-09,2.469,2.571633333333333,1.6656900000000001,0
2019-04-10,2.654,2.57275,1.665711333333333,0
2019-04-10,2.654,2.57275,1.665711333333333,0
2019-04-11,2.657,2.57445,1.6657326666666663,0
2019-04-11,2.657,2.57445,1.6657326666666665,0
2019-04-12,2.669,2.5751166666666667,1.665754,0
2019-04-12,2.669,2.5751166666666667,1.665754,0
2019-04-15,2.772,2.577116666666667,1.6657753333333334,0
2019-04-15,2.772,2.577116666666667,1.6657753333333334,0
2019-04-16,2.787,2.5795666666666666,1.6657966666666666,0
2019-04-16,2.787,2.5795666666666666,1.6657966666666666,0
2019-04-17,2.788,2.5825166666666663,1.6662543333333333,0
2019-04-17,2.788,2.5825166666666663,1.6662543333333333,0
2019-04-18,2.75,2.5847166666666666,1.6667120000000002,0
2019-04-18,2.75,2.5847166666666666,1.6667120000000002,0
2019-04-19,2.692,2.5863500000000004,1.6671696666666669,0
2019-04-19,2.692,2.5863500000000004,1.6671696666666669,0
2019-04-22,2.654,2.587616666666667,1.6676273333333336,0
2019-04-22,2.654,2.587616666666667,1.6676273333333336,0
2019-04-23,2.7,2.58955,1.668085,0
2019-04-23,2.7,2.58955,1.668085,0
2019-04-24,2.764,2.592016666666667,1.6685426666666667,0
2019-04-24,2.764,2.592016666666667,1.6685426666666667,0
2019-04-25,2.785,2.594666666666667,1.6690003333333336,0
2019-04-25,2.785,2.594666666666667,1.6690003333333336,0
2019-04-26,2.735,2.5959166666666667,1.669458,0
2019-04-26,2.735,2.5959166666666667,1.669458,0
2019-04-28,2.705,2.5949,1.669915666666667,0
2019-04-28,2.705,2.5949,1.669915666666667,0
2019-04-29,2.691,2.5936666666666666,1.6703733333333337,0
2019-04-29,2.691,2.5936666666666666,1.6703733333333337,0
2019-04-30,2.683,2.59245,1.670703166666667,0
2019-04-30,2.683,2.59245,1.670703166666667,0
2019-05-05,2.529,2.589233333333333,1.6710330000000002,0
2019-05-05,2.529,2.589233333333333,1.6710330000000002,0
2019-05-06,2.5285,2.591841666666667,1.6713628333333337,0
2019-05-06,2.5285,2.591841666666667,1.6713628333333337,0
2019-05-07,2.349,2.5920916666666667,1.671692666666667,0
2019-05-07,2.349,2.5920916666666667,1.671692666666667,0
2019-05-08,2.286,2.586925,1.6720225000000002,0
2019-05-08,2.286,2.586925,1.6720225000000002,0
2019-05-09,2.573,2.587925,1.6723523333333334,0
2019-05-09,2.573,2.587925,1.6723523333333334,0
2019-05-10,2.568,2.591358333333333,1.672682166666667,0
2019-05-10,2.568,2.591358333333333,1.672682166666667,0
2019-05-13,2.579,2.595508333333333,1.6730120000000002,0
2019-05-13,2.579,2.595508333333333,1.6730120000000002,0
2019-05-14,2.65,2.600491666666666,1.6733418333333334,0
2019-05-14,2.65,2.600491666666666,1.6733418333333334,0
2019-05-15,2.641,2.604591666666667,1.673671666666667,0
2019-05-15,2.641,2.604591666666667,1.673671666666667,0
2019-05-16,2.607,2.6080750000000004,1.6737013333333333,0
2019-05-16,2.607,2.6080750000000004,1.6737013333333333,0
2019-05-17,2.589,2.6116083333333338,1.673731,0
2019-05-17,2.589,2.6116083333333338,1.673731,0
2019-05-20,2.678,2.6162583333333336,1.673760666666667,0
2019-05-20,2.678,2.6162583333333336,1.673760666666667,0
2019-05-21,2.699,2.6179083333333333,1.6737903333333335,0
2019-05-21,2.699,2.6179083333333333,1.6737903333333335,0
2019-05-22,2.69,2.6184416666666666,1.67382,0
2019-05-22,2.69,2.6184416666666666,1.67382,0
2019-05-23,2.648,2.616825,1.673849666666667,0
2019-05-23,2.648,2.616825,1.6738496666666667,0
2019-05-24,2.592,2.6141916666666662,1.6738793333333335,0
2019-05-24,2.592,2.6141916666666662,1.6738793333333335,0
2019-05-27,2.711,2.615075,1.673909,0
2019-05-27,2.711,2.615075,1.673909,0
2019-05-28,2.823,2.620275,1.673938666666667,0
2019-05-28,2.823,2.620275,1.673938666666667,0
2019-05-29,2.785,2.627025,1.6739683333333335,0
2019-05-29,2.785,2.627025,1.6739683333333335,0
2019-05-30,2.665,2.6285416666666666,1.6743678333333336,0
2019-05-30,2.665,2.6285416666666666,1.6743678333333336,0
2019-05-31,2.65,2.631241666666667,1.6747673333333335,0
2019-05-31,2.65,2.631241666666667,1.6747673333333335,0
2019-06-03,2.553,2.631841666666667,1.6751668333333336,0
2019-06-03,2.553,2.631841666666667,1.6751668333333336,0
2019-06-04,2.399,2.632025,1.6755663333333335,0
2019-06-04,2.399,2.632025,1.6755663333333337,0
2019-06-05,2.472,2.633308333333333,1.6759658333333336,0
2019-06-05,2.472,2.633308333333333,1.6759658333333336,0
2019-06-06,2.572,2.6328249999999995,1.6763653333333337,0
2019-06-06,2.572,2.6328249999999995,1.6763653333333337,0
2019-06-10,2.604,2.634675,1.6767648333333336,0
2019-06-10,2.604,2.634675,1.6767648333333336,0
2019-06-11,2.589,2.6345250000000004,1.6771643333333337,0
2019-06-11,2.589,2.6345250000000004,1.6771643333333335,0
2019-06-12,2.564,2.6317916666666665,1.6775638333333336,0
2019-06-12,2.564,2.6317916666666665,1.6775638333333336,0
2019-06-13,2.583,2.6296916666666665,1.6779633333333337,0
2019-06-13,2.583,2.6296916666666665,1.6779633333333337,0
2019-06-14,2.565,2.626958333333333,1.6780033333333335,0
2019-06-14,2.565,2.626958333333333,1.6780033333333335,0
2019-06-17,2.491,2.623291666666667,1.678043333333333,0
2019-06-17,2.491,2.623291666666667,1.678043333333333,0
2019-06-18,2.399,2.6185416666666668,1.6780833333333334,0
2019-06-18,2.399,2.6185416666666668,1.6780833333333334,0
2019-06-19,2.386,2.6139083333333337,1.6781233333333334,0
2019-06-19,2.386,2.6139083333333337,1.6781233333333334,0
2019-06-20,2.448,2.610241666666667,1.6781633333333337,0
2019-06-20,2.448,2.610241666666667,1.6781633333333337,0
2019-06-21,2.416,2.6054416666666667,1.6782033333333333,0
2019-06-21,2.416,2.6054416666666667,1.6782033333333333,0
2019-06-24,2.326,2.5975916666666667,1.6782433333333333,0
2019-06-24,2.326,2.5975916666666667,1.6782433333333333,0
2019-06-25,2.466,2.593608333333333,1.6782833333333331,0
2019-06-25,2.466,2.593608333333333,1.6782833333333331,0
2019-06-26,2.417,2.5889250000000006,1.6783233333333332,0
2019-06-26,2.417,2.5889250000000006,1.6783233333333332,0
2019-06-27,2.61,2.589441666666666,1.6783633333333332,0
2019-06-27,2.61,2.589441666666666,1.6783633333333332,0
2019-06-28,2.604,2.5919583333333334,1.6785605,0
2019-06-28,2.604,2.5919583333333334,1.6785605,0
2019-07-01,2.319,2.591325,1.6787576666666666,0
2019-07-01,2.319,2.591325,1.6787576666666666,0
2019-07-02,2.032,2.5848916666666666,1.6789548333333333,0
2019-07-02,2.032,2.5848916666666666,1.6789548333333333,0
2019-07-03,2.145,2.579258333333333,1.679152,0
2019-07-03,2.145,2.579258333333333,1.679152,0
2019-07-04,2.139,2.573758333333333,1.679349166666667,0
2019-07-04,2.139,2.573758333333333,1.679349166666667,0
2019-07-05,2.271,2.567375,1.6795463333333334,0
2019-07-05,2.271,2.567375,1.6795463333333334,0
2019-07-08,2.449,2.563908333333333,1.6797435,0
2019-07-08,2.449,2.563908333333333,1.6797435,0
2019-07-09,2.54,2.561758333333333,1.6799406666666667,0
2019-07-09,2.54,2.561758333333333,1.6799406666666667,0
2019-07-10,2.543,2.5579416666666663,1.6801378333333334,0
2019-07-10,2.543,2.5579416666666663,1.6801378333333334,0
2019-07-11,2.497,2.5531083333333338,1.680335,0
2019-07-11,2.497,2.5531083333333338,1.680335,0
2019-07-12,2.559,2.549291666666667,1.6805305,0
2019-07-12,2.559,2.549291666666667,1.6805305,0
2019-07-15,2.669,2.5479416666666665,1.6807260000000002,0
2019-07-15,2.669,2.5479416666666665,1.6807260000000002,0
2019-07-16,2.724,2.5484750000000003,1.6809215000000002,0
2019-07-16,2.724,2.5484750000000003,1.6809215000000002,0
2019-07-17,2.734,2.549808333333333,1.6811170000000002,0
2019-07-17,2.734,2.549808333333333,1.6811170000000002,0
2019-07-18,2.748,2.550608333333334,1.6813125,0
2019-07-18,2.748,2.550608333333334,1.6813125,0
2019-07-19,2.753,2.550425,1.681508,0
2019-07-19,2.753,2.550425,1.681508,0
2019-07-22,2.692,2.548875,1.6817035,0
2019-07-22,2.692,2.548875,1.6817035,0
2019-07-23,2.634,2.547191666666666,1.681899,0
2019-07-23,2.634,2.547191666666666,1.681899,0
2019-07-24,2.561,2.544791666666667,1.6820944999999998,0
2019-07-24,2.561,2.544791666666667,1.6820944999999998,0
2019-07-25,2.642,2.543975,1.6822899999999998,0
2019-07-25,2.642,2.543975,1.6822899999999998,0
2019-07-26,2.647,2.543375,1.6824111666666666,0
2019-07-26,2.647,2.543375,1.6824111666666666,0
2019-07-29,2.657,2.5455083333333333,1.6825323333333333,0
2019-07-29,2.657,2.5455083333333333,1.6825323333333333,0
2019-07-30,2.663,2.54775,1.6826535,0
2019-07-30,2.663,2.54775,1.6826535,0
2019-07-31,2.673,2.5531500000000005,1.6827746666666668,0
2019-07-31,2.673,2.5531500000000005,1.6827746666666668,0
2019-08-01,2.638,2.559016666666667,1.6828958333333333,0
2019-08-01,2.638,2.559016666666667,1.6828958333333333,0
2019-08-02,2.647,2.5602500000000004,1.6830170000000002,0
2019-08-02,2.647,2.5602500000000004,1.6830170000000002,0
2019-08-05,2.619,2.5611,1.683138166666667,0
2019-08-05,2.619,2.5611,1.683138166666667,0
2019-08-06,2.494,2.559683333333333,1.6832593333333334,0
2019-08-06,2.494,2.559683333333333,1.6832593333333334,0
2019-08-07,2.52,2.5575166666666664,1.6833805000000002,0
2019-08-07,2.52,2.5575166666666664,1.6833805000000002,0
2019-08-08,2.578,2.556466666666666,1.683501666666667,0
2019-08-08,2.578,2.556466666666666,1.683501666666667,0
2019-08-09,2.644,2.557083333333333,1.683694666666667,0
2019-08-09,2.644,2.557083333333333,1.683694666666667,0
2019-08-12,2.656,2.5582,1.683887666666667,0
2019-08-12,2.656,2.5582,1.683887666666667,0
2019-08-13,2.703,2.5586166666666665,1.6840806666666668,0
2019-08-13,2.703,2.5586166666666665,1.6840806666666668,0
2019-08-14,2.695,2.55855,1.684273666666667,0
2019-08-14,2.695,2.55855,1.684273666666667,0
2019-08-15,2.678,2.55835,1.6844666666666668,0
2019-08-15,2.678,2.55835,1.6844666666666668,0
2019-08-16,2.673,2.558766666666666,1.6846596666666669,0
2019-08-16,2.673,2.558766666666666,1.6846596666666669,0
2019-08-19,2.672,2.5601,1.6848526666666668,0
2019-08-19,2.672,2.5601,1.6848526666666668,0
2019-08-20,2.664,2.5593166666666667,1.6850456666666669,0
2019-08-20,2.664,2.5593166666666667,1.6850456666666669,0
2019-08-21,2.653,2.556483333333333,1.6852386666666668,0
2019-08-21,2.653,2.5564833333333334,1.6852386666666668,0
2019-08-22,2.642,2.5541,1.6854316666666669,0
2019-08-22,2.642,2.5541,1.6854316666666667,0
2019-08-23,2.651,2.5538666666666665,1.6854498333333334,0
2019-08-23,2.651,2.5538666666666665,1.6854498333333334,0
2019-08-26,2.669,2.554183333333333,1.685468,0
2019-08-26,2.669,2.554183333333333,1.685468,0
2019-08-27,2.687,2.5564166666666663,1.6854861666666667,0
2019-08-27,2.687,2.5564166666666663,1.6854861666666667,0
2019-08-28,2.682,2.561133333333333,1.6855043333333333,0
2019-08-28,2.682,2.561133333333333,1.6855043333333333,0
2019-08-29,2.6702,2.564436666666667,1.6855224999999998,0
2019-08-29,2.6702,2.564436666666667,1.6855224999999998,0
2019-08-30,2.665,2.565986666666667,1.6855406666666666,0
2019-08-30,2.665,2.565986666666667,1.6855406666666666,0
2019-09-02,2.653,2.566803333333333,1.6855588333333331,0
2019-09-02,2.653,2.566803333333333,1.6855588333333333,0
2019-09-03,2.61,2.567153333333333,1.685577,0
2019-09-03,2.61,2.567153333333333,1.6855769999999999,0
2019-09-04,2.604,2.56782,1.6855951666666666,0
2019-09-04,2.604,2.5678199999999998,1.6855951666666666,0
2019-09-05,2.636,2.568703333333333,1.6856133333333332,0
2019-09-05,2.636,2.568703333333333,1.6856133333333332,0
2019-09-06,2.652,2.5701533333333333,1.6856383333333331,0
2019-09-06,2.652,2.5701533333333333,1.6856383333333331,0
2019-09-09,2.652,2.5728366666666664,1.6856633333333333,0
2019-09-09,2.652,2.5728366666666664,1.6856633333333333,0
2019-09-10,2.628,2.576653333333333,1.6856883333333332,0
2019-09-10,2.628,2.5766533333333332,1.6856883333333332,0
2019-09-11,2.645,2.58097,1.6857133333333334,0
2019-09-11,2.645,2.5809699999999998,1.6857133333333334,0
2019-09-12,2.65,2.5843366666666663,1.6857383333333331,0
2019-09-12,2.65,2.5843366666666663,1.6857383333333333,0
2019-09-16,2.642,2.588103333333333,1.6857633333333333,0
2019-09-16,2.642,2.588103333333333,1.6857633333333333,0
2019-09-17,2.638,2.593303333333333,1.6857883333333334,0
2019-09-17,2.638,2.593303333333333,1.6857883333333334,0
2019-09-18,2.654,2.5964366666666665,1.6858133333333334,0
2019-09-18,2.654,2.5964366666666665,1.6858133333333334,0
2019-09-19,2.709,2.601303333333333,1.6858383333333335,0
2019-09-19,2.709,2.601303333333333,1.6858383333333335,0
2019-09-20,2.731,2.60332,1.6858633333333335,0
2019-09-20,2.731,2.60332,1.6858633333333335,0
2019-09-23,2.732,2.6054533333333327,1.6859203333333337,0
2019-09-23,2.732,2.6054533333333327,1.6859203333333337,0
2019-09-24,2.676,2.611403333333333,1.6859773333333334,0
2019-09-24,2.676,2.611403333333333,1.6859773333333334,0
2019-09-25,2.572,2.6204033333333334,1.6860343333333334,0
2019-09-25,2.572,2.6204033333333334,1.6860343333333334,0
2019-09-26,2.577,2.627603333333333,1.6860913333333334,0
2019-09-26,2.577,2.627603333333333,1.6860913333333334,0
2019-09-27,2.59,2.63512,1.6861483333333336,0
2019-09-27,2.59,2.63512,1.6861483333333336,0
2019-09-29,2.692,2.6421366666666666,1.6862053333333336,0
2019-09-29,2.692,2.6421366666666666,1.6862053333333336,0
2019-09-30,2.843,2.648703333333333,1.6862623333333335,0
2019-09-30,2.843,2.648703333333333,1.6862623333333335,0
2019-10-08,2.688,2.65117,1.6863193333333335,0
2019-10-08,2.688,2.65117,1.6863193333333335,0
2019-10-09,2.627,2.65257,1.6863763333333337,0
2019-10-09,2.627,2.65257,1.6863763333333337,0
2019-10-10,2.595,2.654203333333333,1.6864333333333337,0
2019-10-10,2.595,2.654203333333333,1.6864333333333337,0
2019-10-11,2.556,2.6541533333333334,1.6865381666666668,0
2019-10-11,2.556,2.6541533333333334,1.6865381666666668,0
2019-10-12,2.591,2.6528533333333333,1.686643,0
2019-10-12,2.591,2.6528533333333333,1.686643,0
2019-10-14,2.651,2.651636666666666,1.6867478333333334,0
2019-10-14,2.651,2.651636666666666,1.6867478333333334,0
2019-10-15,2.684,2.6508033333333336,1.6868526666666668,0
2019-10-15,2.684,2.6508033333333336,1.6868526666666668,0
2019-10-16,2.686,2.64977,1.6869575,0
2019-10-16,2.686,2.64977,1.6869575,0
2019-10-17,2.663,2.64827,1.6870623333333334,0
2019-10-17,2.663,2.64827,1.6870623333333334,0
2019-10-18,2.691,2.6482533333333333,1.6871671666666668,0
2019-10-18,2.691,2.6482533333333333,1.6871671666666668,0
2019-10-21,2.691,2.6492033333333334,1.687272,0
2019-10-21,2.691,2.6492033333333334,1.687272,0
2019-10-22,2.789,2.6530033333333334,1.6873768333333332,0
2019-10-22,2.789,2.6530033333333334,1.6873768333333332,0
2019-10-23,2.693,2.653853333333333,1.6874816666666663,0
2019-10-23,2.693,2.653853333333333,1.6874816666666663,0
2019-10-24,2.661,2.6540866666666663,1.6876751666666665,0
2019-10-24,2.661,2.6540866666666663,1.6876751666666665,0
2019-10-25,2.669,2.6542866666666667,1.687868666666667,0
2019-10-25,2.669,2.6542866666666667,1.687868666666667,0
2019-10-28,2.671,2.65442,1.6880621666666666,0
2019-10-28,2.671,2.65442,1.6880621666666666,0
2019-10-29,2.67,2.65437,1.6882556666666666,0
2019-10-29,2.67,2.65437,1.6882556666666666,0
2019-10-30,2.683,2.65512,1.6884491666666666,0
2019-10-30,2.683,2.65512,1.6884491666666666,0
2019-10-31,2.685,2.6557533333333336,1.6886426666666663,0
2019-10-31,2.685,2.6557533333333336,1.6886426666666663,0
2019-11-01,2.616,2.6557033333333333,1.6888361666666667,0
2019-11-01,2.616,2.6557033333333333,1.6888361666666667,0
2019-11-04,2.529,2.6562866666666665,1.6890296666666669,0
2019-11-04,2.529,2.6562866666666665,1.6890296666666669,0
2019-11-05,2.498,2.6559200000000005,1.6892231666666666,0
2019-11-05,2.498,2.6559200000000005,1.6892231666666666,0
2019-11-06,2.546,2.655386666666667,1.6894166666666666,0
2019-11-06,2.546,2.655386666666667,1.6894166666666666,0
2019-11-07,2.595,2.65457,1.689426,0
2019-11-07,2.595,2.65457,1.689426,0
2019-11-08,2.57,2.6531366666666667,1.6894353333333332,0
2019-11-08,2.57,2.6531366666666667,1.6894353333333332,0
2019-11-11,2.555,2.65067,1.6894446666666667,0
2019-11-11,2.555,2.65067,1.6894446666666667,0
2019-11-12,2.649,2.649903333333333,1.689454,0
2019-11-12,2.649,2.649903333333333,1.689454,0
2019-11-13,2.675,2.649853333333333,1.689463333333333,0
2019-11-13,2.675,2.649853333333333,1.689463333333333,0
2019-11-14,2.682,2.6500033333333333,1.6894726666666666,0
2019-11-14,2.682,2.6500033333333333,1.6894726666666666,0
2019-11-15,2.737,2.6510866666666666,1.689482,0
2019-11-15,2.737,2.6510866666666666,1.689482,0
2019-11-18,2.728,2.652153333333333,1.6894913333333337,0
2019-11-18,2.728,2.652153333333333,1.6894913333333337,0
2019-11-19,2.611,2.651453333333333,1.6895006666666668,0
2019-11-19,2.611,2.651453333333333,1.6895006666666668,0
2019-11-20,2.497,2.649036666666667,1.68951,0
2019-11-20,2.497,2.649036666666667,1.68951,0
2019-11-21,2.426,2.6452866666666663,1.6898225000000002,0
2019-11-21,2.426,2.6452866666666663,1.6898225000000002,0
2019-11-22,2.536,2.6430700000000003,1.6901350000000002,0
2019-11-22,2.536,2.6430700000000003,1.6901350000000002,0
2019-11-25,2.596,2.6415533333333334,1.6904475,0
2019-11-25,2.596,2.6415533333333334,1.6904475,0
2019-11-26,2.598,2.640153333333333,1.69076,0
2019-11-26,2.598,2.640153333333333,1.69076,0
2019-11-27,2.589,2.6388,1.6910725,0
2019-11-27,2.589,2.6388,1.6910725,0
2019-11-28,2.597,2.6376666666666666,1.691385,0
2019-11-28,2.597,2.6376666666666666,1.691385,0
2019-11-29,2.607,2.6369,1.6916975,0
2019-11-29,2.607,2.6369,1.6916975,0
2019-12-02,2.478,2.6347,1.69201,0
2019-12-02,2.478,2.6347,1.69201,0
2019-12-03,2.343,2.63035,1.6923225,0
2019-12-03,2.343,2.63035,1.6923225,0
2019-12-04,2.426,2.62685,1.692635,0
2019-12-04,2.426,2.62685,1.692635,0
2019-12-05,2.433,2.6232,1.692731166666667,0
2019-12-05,2.433,2.6232,1.692731166666667,0
2019-12-06,2.482,2.620366666666667,1.6928273333333332,0
2019-12-06,2.482,2.620366666666667,1.6928273333333332,0
2019-12-09,2.506,2.618333333333333,1.6929235,0
2019-12-09,2.506,2.618333333333333,1.6929235,0
2019-12-10,2.45,2.615083333333333,1.6930196666666666,0
2019-12-10,2.45,2.615083333333333,1.6930196666666666,0
2019-12-11,2.493,2.612466666666667,1.6931158333333332,0
2019-12-11,2.493,2.612466666666667,1.6931158333333332,0
2019-12-12,2.431,2.60895,1.693212,0
2019-12-12,2.431,2.60895,1.693212,0
2019-12-13,2.474,2.606216666666667,1.6933081666666667,0
2019-12-13,2.474,2.606216666666667,1.6933081666666667,0
2019-12-16,2.5315,2.604175,1.6934043333333333,0
2019-12-16,2.5315,2.604175,1.6934043333333333,0
2019-12-17,2.588,2.6021583333333336,1.6935005,0
2019-12-17,2.588,2.6021583333333336,1.6935005,0
2019-12-18,2.585,2.5997250000000003,1.6935966666666666,0
2019-12-18,2.585,2.5997250000000003,1.6935966666666666,0
2019-12-19,2.559,2.596841666666667,1.6938553333333333,0
2019-12-19,2.559,2.596841666666667,1.6938553333333333,0
2019-12-20,2.529,2.5943916666666667,1.694114,0
2019-12-20,2.529,2.5943916666666667,1.694114,0
2019-12-23,2.453,2.592408333333333,1.6943726666666667,0
2019-12-23,2.453,2.592408333333333,1.6943726666666667,0
2019-12-24,2.45,2.5902916666666664,1.6946313333333334,0
2019-12-24,2.45,2.5902916666666664,1.6946313333333334,0
2019-12-25,2.549,2.589608333333333,1.69489,0
2019-12-25,2.549,2.589608333333333,1.69489,0
2019-12-26,2.607,2.588191666666667,1.6951486666666666,0
2019-12-26,2.607,2.588191666666667,1.6951486666666666,0
2019-12-27,2.579,2.583791666666667,1.6954073333333337,0
2019-12-27,2.579,2.583791666666667,1.6954073333333337,0
2019-12-30,2.618,2.582625,1.695666,0
2019-12-30,2.618,2.582625,1.695666,0
2019-12-31,2.737,2.584458333333333,1.6959246666666667,0
2019-12-31,2.737,2.584458333333333,1.6959246666666667,0
2020-01-02,2.433,2.581758333333333,1.6961833333333334,0
2020-01-02,2.433,2.581758333333333,1.6961833333333334,0
2020-01-03,2.349,2.578308333333333,1.6961885,0
2020-01-03,2.349,2.578308333333333,1.6961885,0
2020-01-06,2.219,2.572108333333333,1.6961936666666666,0
2020-01-06,2.219,2.572108333333333,1.6961936666666666,0
2020-01-07,2.259,2.565575,1.696198833333333,0
2020-01-07,2.259,2.565575,1.696198833333333,0
2020-01-08,2.32,2.559508333333333,1.696204,0
2020-01-08,2.32,2.5595083333333335,1.696204,0
2020-01-09,2.47,2.555908333333333,1.6962091666666668,0
2020-01-09,2.47,2.5559083333333334,1.6962091666666668,0
2020-01-10,2.487,2.5529750000000004,1.6962143333333333,0
2020-01-10,2.487,2.5529750000000004,1.6962143333333333,0
2020-01-13,2.522,2.550158333333333,1.6962195,0
2020-01-13,2.522,2.5501583333333335,1.6962195,0
2020-01-14,2.654,2.549541666666667,1.6962246666666667,0
2020-01-14,2.654,2.549541666666667,1.6962246666666667,0
2020-01-15,2.717,2.5483416666666665,1.6962298333333332,0
2020-01-15,2.717,2.5483416666666665,1.6962298333333332,0
2020-01-16,2.663,2.5478416666666663,1.696235,0
2020-01-16,2.663,2.5478416666666663,1.696235,0
2020-01-17,2.64,2.5474916666666667,1.6962581666666663,0
2020-01-17,2.64,2.5474916666666667,1.6962581666666665,0
2020-01-19,2.608,2.546475,1.6962813333333333,0
2020-01-19,2.608,2.546475,1.6962813333333333,0
2020-01-20,2.607,2.545408333333333,1.6963045,0
2020-01-20,2.607,2.545408333333333,1.6963045,0
2020-01-21,2.601,2.544258333333333,1.696327666666667,0
2020-01-21,2.601,2.544258333333333,1.696327666666667,0
2020-01-22,2.607,2.5429916666666665,1.6963508333333333,0
2020-01-22,2.607,2.5429916666666665,1.6963508333333333,0
2020-01-23,2.549,2.540725,1.6963739999999998,0
2020-01-23,2.549,2.540725,1.6963739999999998,0
2020-02-03,2.607,2.540575,1.6963971666666666,0
2020-02-03,2.607,2.540575,1.6963971666666666,0
2020-02-04,2.416,2.538691666666667,1.6964203333333332,0
2020-02-04,2.416,2.538691666666667,1.6964203333333332,0
2020-02-05,2.343,2.536108333333333,1.6964435,0
2020-02-05,2.343,2.536108333333333,1.6964435,0
2020-02-06,2.366,2.5331083333333333,1.6964666666666666,0
2020-02-06,2.366,2.5331083333333333,1.6964666666666666,0
2020-02-07,2.306,2.5282916666666666,1.6967583333333334,0
2020-02-07,2.306,2.5282916666666666,1.6967583333333334,0
2020-02-10,2.289,2.5236083333333337,1.69705,0
2020-02-10,2.289,2.5236083333333337,1.69705,0
2020-02-11,2.225,2.518108333333333,1.6973416666666663,0
2020-02-11,2.225,2.518108333333333,1.6973416666666665,0
2020-02-12,2.286,2.512058333333333,1.697633333333333,0
2020-02-12,2.286,2.5120583333333335,1.6976333333333333,0
2020-02-13,2.324,2.5062083333333334,1.697925,0
2020-02-13,2.324,2.5062083333333334,1.697925,0
2020-02-14,2.233,2.498725,1.6982166666666667,0
2020-02-14,2.233,2.498725,1.6982166666666667,0
2020-02-17,2.261,2.4907916666666665,1.6985083333333333,0
2020-02-17,2.261,2.4907916666666665,1.6985083333333333,0
2020-02-18,2.293,2.4835416666666665,1.6988,0
2020-02-18,2.293,2.4835416666666665,1.6988,0
2020-02-19,2.268,2.477825,1.6990916666666669,0
2020-02-19,2.268,2.477825,1.6990916666666669,0
2020-02-20,2.308,2.4746749999999995,1.6993833333333332,0
2020-02-20,2.308,2.4746749999999995,1.6993833333333332,0
2020-02-21,2.245,2.471658333333333,1.6994828333333334,0
2020-02-21,2.245,2.471658333333333,1.6994828333333334,0
2020-02-24,2.176,2.4656583333333333,1.6995823333333333,0
2020-02-24,2.176,2.4656583333333333,1.6995823333333333,0
2020-02-25,2.203,2.459108333333333,1.6996818333333332,0
2020-02-25,2.203,2.459108333333333,1.6996818333333332,0
2020-02-26,2.183,2.4521916666666668,1.6997813333333334,0
2020-02-26,2.183,2.4521916666666668,1.6997813333333334,0
2020-02-27,2.192,2.4455750000000003,1.6998808333333333,0
2020-02-27,2.192,2.4455750000000003,1.6998808333333333,0
2020-02-28,2.374,2.4418583333333337,1.6999803333333334,0
2020-02-28,2.374,2.4418583333333337,1.6999803333333334,0
2020-03-02,2.129,2.433891666666667,1.7000798333333331,0
2020-03-02,2.129,2.433891666666667,1.7000798333333331,0
2020-03-03,2.094,2.4274916666666666,1.7001793333333333,0
2020-03-03,2.094,2.4274916666666666,1.7001793333333333,0
2020-03-04,2.052,2.422641666666667,1.7002788333333334,0
2020-03-04,2.052,2.422641666666667,1.7002788333333334,0
2020-03-05,2.089,2.417025,1.700378333333333,0
2020-03-05,2.089,2.417025,1.700378333333333,0
2020-03-06,2.035,2.410391666666667,1.7004345,0
2020-03-06,2.035,2.410391666666667,1.7004345,0
2020-03-09,2.074,2.4035916666666663,1.7004906666666668,0
2020-03-09,2.074,2.4035916666666663,1.7004906666666668,0
2020-03-10,2.241,2.399175,1.7005468333333331,0
2020-03-10,2.241,2.399175,1.7005468333333331,0
2020-03-11,2.3,2.396675,1.700603,0
2020-03-11,2.3,2.396675,1.700603,0
2020-03-12,2.309,2.3936083333333333,1.7006591666666666,0
2020-03-12,2.309,2.3936083333333333,1.7006591666666666,0
2020-03-13,2.252,2.390625,1.7007153333333334,0
2020-03-13,2.252,2.390625,1.7007153333333334,0
2020-03-16,2.199,2.3860416666666664,1.7007715,0
2020-03-16,2.199,2.3860416666666664,1.7007715,0
2020-03-17,1.896,2.37545,1.7008276666666668,0
2020-03-17,1.896,2.37545,1.7008276666666668,0
2020-03-18,1.751,2.3615,1.7008838333333334,0
2020-03-18,1.751,2.3615,1.7008838333333334,0
2020-03-19,1.893,2.3499666666666665,1.70094,0
2020-03-19,1.893,2.3499666666666665,1.7009400000000001,0
2020-03-20,1.945,2.339733333333333,1.7011191666666667,0
2020-03-20,1.945,2.339733333333333,1.7011191666666667,0
2020-03-23,1.805,2.3276666666666666,1.7012983333333336,0
2020-03-23,1.805,2.3276666666666666,1.7012983333333336,0
2020-03-24,1.693,2.315,1.7014775,0
2020-03-24,1.693,2.315,1.7014775,0
2020-03-25,1.745,2.30325,1.7016566666666668,0
2020-03-25,1.745,2.30325,1.7016566666666668,0
2020-03-26,1.72,2.2894333333333337,1.7018358333333334,0
2020-03-26,1.72,2.2894333333333337,1.7018358333333334,0
2020-03-27,1.769,2.2754666666666665,1.702015,0
2020-03-27,1.769,2.2754666666666665,1.702015,0
2020-03-30,2.163,2.268533333333333,1.702194166666667,0
2020-03-30,2.163,2.268533333333333,1.7021941666666667,0
2020-03-31,2.147,2.260683333333333,1.7023733333333333,0
2020-03-31,2.147,2.260683333333333,1.7023733333333333,0
2020-04-01,2.004,2.248466666666667,1.7025525,0
2020-04-01,2.004,2.248466666666667,1.7025525,0
2020-04-02,1.857,2.238866666666667,1.7027316666666663,0
2020-04-02,1.857,2.238866666666667,1.7027316666666663,0
2020-04-03,1.831,2.230233333333333,1.7028816666666666,0
2020-04-03,1.831,2.230233333333333,1.7028816666666666,0
2020-04-07,1.773,2.2228,1.7030316666666667,0
2020-04-07,1.773,2.2228,1.7030316666666667,0
2020-04-08,1.739,2.2141333333333337,1.7031816666666666,0
2020-04-08,1.739,2.2141333333333337,1.7031816666666666,0
2020-04-09,1.68,2.2034666666666665,1.703331666666667,0
2020-04-09,1.68,2.2034666666666665,1.703331666666667,0
2020-04-10,1.813,2.1925166666666667,1.7034816666666666,0
2020-04-10,1.813,2.1925166666666667,1.7034816666666666,0
2020-04-13,1.851,2.1819166666666665,1.7036316666666669,0
2020-04-13,1.851,2.1819166666666665,1.7036316666666669,0
2020-04-14,1.707,2.168333333333333,1.7037816666666667,0
2020-04-14,1.707,2.168333333333333,1.7037816666666667,0
2020-04-15,1.632,2.1513,1.7039316666666666,0
2020-04-15,1.632,2.1513,1.7039316666666666,0
2020-04-16,1.657,2.133633333333333,1.7040816666666667,0
2020-04-16,1.657,2.133633333333333,1.7040816666666667,0
2020-04-17,1.737,2.1182,1.7042316666666666,0
2020-04-17,1.737,2.1182,1.7042316666666666,0
2020-04-20,1.734,2.1031,1.7048301666666668,0
2020-04-20,1.734,2.1031,1.7048301666666668,0
2020-04-21,1.606,2.0864,1.705428666666667,0
2020-04-21,1.606,2.0864,1.705428666666667,0
2020-04-22,1.576,2.0692166666666667,1.7060271666666669,0
2020-04-22,1.576,2.0692166666666667,1.7060271666666669,0
2020-04-23,1.663,2.053583333333333,1.7066256666666668,0
2020-04-23,1.663,2.053583333333333,1.7066256666666668,0
2020-04-24,1.718,2.0387666666666666,1.7072241666666668,0
2020-04-24,1.718,2.0387666666666666,1.7072241666666668,0
2020-04-26,1.658,2.0239166666666666,1.7078226666666667,0
2020-04-26,1.658,2.0239166666666666,1.7078226666666667,0
2020-04-27,1.774,2.0100333333333333,1.7084211666666669,0
2020-04-27,1.774,2.0100333333333333,1.7084211666666669,0
2020-04-28,1.62,1.9967666666666664,1.7090196666666668,0
2020-04-28,1.62,1.9967666666666666,1.7090196666666668,0
2020-04-29,1.755,1.9869666666666668,1.709618166666667,0
2020-04-29,1.755,1.9869666666666668,1.709618166666667,0
2020-04-30,1.919,1.9795166666666664,1.7102166666666667,0
2020-04-30,1.919,1.9795166666666666,1.7102166666666667,0
2020-05-06,1.865,1.9721666666666664,1.7123841666666673,0
2020-05-06,1.865,1.9721666666666666,1.7123841666666673,0
2020-05-07,1.838,1.96465,1.7145516666666676,0
2020-05-07,1.838,1.9646499999999998,1.7145516666666676,0
2020-05-08,1.809,1.9577166666666663,1.716719166666667,0
2020-05-08,1.809,1.9577166666666663,1.716719166666667,0
2020-05-09,1.481,1.9443,1.7188866666666671,0
2020-05-09,1.481,1.9443,1.7188866666666673,0
2020-05-11,1.679,1.93355,1.7210541666666668,0
2020-05-11,1.679,1.93355,1.7210541666666668,0
2020-05-12,1.568,1.9224666666666663,1.723221666666667,0
2020-05-12,1.568,1.9224666666666665,1.723221666666667,0
2020-05-13,1.485,1.9095333333333333,1.7253891666666676,0
2020-05-13,1.485,1.9095333333333333,1.7253891666666676,0
2020-05-14,1.514,1.89655,1.7275566666666669,0
2020-05-14,1.514,1.89655,1.7275566666666669,0
2020-05-15,1.657,1.8863666666666667,1.7297241666666674,0
2020-05-15,1.657,1.8863666666666667,1.7297241666666674,0
2020-05-18,1.563,1.87395,1.7318916666666666,0
2020-05-18,1.563,1.87395,1.7318916666666666,0
2020-05-19,1.521,1.861883333333333,1.7322456666666666,0
2020-05-19,1.521,1.861883333333333,1.7322456666666666,0
2020-05-20,1.534,1.8511833333333332,1.7325996666666668,0
2020-05-20,1.534,1.8511833333333334,1.7325996666666668,0
2020-05-21,1.556,1.8404,1.7329536666666665,0
2020-05-21,1.556,1.8404,1.7329536666666665,0
2020-05-22,1.595,1.8306,1.7333076666666667,0
2020-05-22,1.595,1.8306,1.7333076666666667,0
2020-05-25,1.785,1.8238166666666664,1.7336616666666664,0
2020-05-25,1.785,1.8238166666666664,1.7336616666666664,0
2020-05-26,1.908,1.81605,1.7340156666666666,0
2020-05-26,1.908,1.81605,1.7340156666666666,0
2020-05-27,2.018,1.8142,1.7343696666666666,0
2020-05-27,2.018,1.8142,1.7343696666666666,0
2020-05-28,2.179,1.8156166666666669,1.7347236666666666,0
2020-05-28,2.179,1.8156166666666667,1.7347236666666666,0
2020-05-29,2.151,1.8172666666666664,1.7350776666666663,0
2020-05-29,2.151,1.8172666666666666,1.7350776666666665,0
2020-06-01,1.959,1.8151,1.7354316666666665,0
2020-06-01,1.959,1.8151000000000002,1.7354316666666665,0
2020-06-02,1.673,1.8090666666666664,1.7381085000000005,0
2020-06-02,1.673,1.8090666666666666,1.7381085000000005,0
2020-06-03,1.971,1.80735,1.7407853333333343,0
2020-06-03,1.971,1.80735,1.7407853333333343,0
2020-06-04,2.001,1.80335,1.7434621666666668,0
2020-06-04,2.001,1.80335,1.7434621666666668,0
2020-06-05,1.987,1.7981333333333334,1.7461390000000008,0
2020-06-05,1.987,1.7981333333333334,1.7461390000000008,0
2020-06-08,1.942,1.7920166666666666,1.7488158333333332,0
2020-06-08,1.942,1.7920166666666666,1.7488158333333332,0
2020-06-09,1.947,1.7869333333333337,1.7514926666666673,0
2020-06-09,1.947,1.7869333333333335,1.7514926666666673,0
2020-06-10,1.98,1.783283333333333,1.754169500000001,0
2020-06-10,1.98,1.783283333333333,1.754169500000001,0
2020-06-11,2.021,1.7853666666666663,1.7568463333333335,0
2020-06-11,2.021,1.7853666666666663,1.7568463333333335,0
2020-06-12,2.016,1.7897833333333333,1.7595231666666675,0
2020-06-12,2.016,1.7897833333333333,1.7595231666666675,0
2020-06-15,1.855,1.78915,1.7622,0
2020-06-15,1.855,1.78915,1.7622,0
2020-06-16,1.891,1.78825,1.7622571666666669,0
2020-06-16,1.891,1.78825,1.7622571666666669,0
2020-06-17,2.057,1.79245,1.762314333333333,0
2020-06-17,2.057,1.7924499999999999,1.7623143333333333,0
2020-06-18,2.1,1.7992333333333337,1.7623715,0
2020-06-18,2.1,1.7992333333333335,1.7623715,0
2020-06-19,2.147,1.8059333333333327,1.7624286666666666,0
2020-06-19,2.147,1.8059333333333332,1.7624286666666666,0
2020-06-22,2.15,1.8131,1.7624858333333333,0
2020-06-22,2.15,1.8131,1.7624858333333333,0
2020-06-23,2.15,1.81945,1.762543,0
2020-06-23,2.15,1.81945,1.762543,0
2020-06-24,2.173,1.8196166666666664,1.7626001666666666,0
2020-06-24,2.173,1.8196166666666664,1.7626001666666666,0
2020-06-28,2.182,1.8202,1.7626573333333333,0
2020-06-28,2.182,1.8202,1.7626573333333333,0
2020-06-29,2.181,1.82315,1.7627145,0
2020-06-29,2.181,1.82315,1.7627145,0
2020-06-30,2.228,1.8293333333333333,1.7627716666666666,0
2020-06-30,2.228,1.8293333333333335,1.7627716666666666,0
2020-07-01,2.095,1.8337333333333332,1.7648228333333338,0
2020-07-01,2.095,1.8337333333333334,1.7648228333333338,0
2020-07-02,2.006,1.837616666666667,1.766874000000001,0
2020-07-02,2.006,1.8376166666666667,1.766874000000001,0
2020-07-03,1.98,1.8416333333333328,1.7689251666666668,0
2020-07-03,1.98,1.8416333333333328,1.7689251666666668,0
2020-07-06,1.794,1.8435333333333332,1.770976333333334,0
2020-07-06,1.794,1.8435333333333335,1.770976333333334,0
2020-07-07,2.092,1.8481833333333333,1.7730275,0
2020-07-07,2.092,1.8481833333333335,1.7730275,0
2020-07-08,2.137,1.85295,1.7750786666666671,0
2020-07-08,2.137,1.85295,1.7750786666666671,0
2020-07-09,2.192,1.861033333333333,1.7771298333333343,0
2020-07-09,2.192,1.861033333333333,1.7771298333333343,0
2020-07-10,2.203,1.87055,1.779181,0
2020-07-10,2.203,1.8705500000000002,1.7791810000000001,0
2020-07-13,2.201,1.8796166666666667,1.7812321666666673,0
2020-07-13,2.201,1.8796166666666667,1.7812321666666673,0
2020-07-14,2.148,1.8864666666666667,1.783283333333333,0
2020-07-14,2.148,1.8864666666666667,1.7832833333333333,0
2020-07-15,2.15,1.8934,1.7834916666666667,0
2020-07-15,2.15,1.8934000000000002,1.7834916666666667,0
2020-07-16,2.249,1.904116666666667,1.7837,0
2020-07-16,2.249,1.9041166666666667,1.7837,0
2020-07-17,2.227,1.914966666666667,1.7839083333333332,0
2020-07-17,2.227,1.914966666666667,1.7839083333333332,0
2020-07-20,2.183,1.9236333333333333,1.7841166666666666,0
2020-07-20,2.183,1.9236333333333333,1.7841166666666666,0
2020-07-21,2.101,1.9300166666666667,1.784325,0
2020-07-21,2.101,1.9300166666666667,1.784325,0
2020-07-22,2.008,1.93585,1.784533333333333,0
2020-07-22,2.008,1.9358499999999998,1.784533333333333,0
2020-07-23,2.207,1.9430666666666667,1.7847416666666664,0
2020-07-23,2.207,1.9430666666666667,1.7847416666666664,0
2020-07-24,2.147,1.95185,1.7849499999999998,0
2020-07-24,2.147,1.95185,1.7849499999999998,0
2020-07-27,2.202,1.9593,1.7851583333333332,0
2020-07-27,2.202,1.9593,1.7851583333333332,0
2020-07-28,2.2,1.9639833333333327,1.7853666666666663,0
2020-07-28,2.2,1.9639833333333327,1.7853666666666663,0
2020-07-29,2.174,1.9691333333333327,1.7855233333333331,0
2020-07-29,2.174,1.9691333333333327,1.7855233333333331,0
2020-07-30,2.183,1.974883333333333,1.78568,0
2020-07-30,2.183,1.9748833333333333,1.78568,0
2020-07-31,2.236,1.982,1.7858366666666663,0
2020-07-31,2.236,1.982,1.7858366666666665,0
2020-08-03,2.043,1.9913666666666667,1.785993333333333,0
2020-08-03,2.043,1.9913666666666667,1.7859933333333333,0
2020-08-04,2.143,1.9991,1.78615,0
2020-08-04,2.143,1.9990999999999999,1.78615,0
2020-08-05,2.062,2.0073333333333334,1.7863066666666667,0
2020-08-05,2.062,2.0073333333333334,1.7863066666666667,0
2020-08-06,2.074,2.01715,1.7864633333333335,0
2020-08-06,2.074,2.01715,1.7864633333333335,0
2020-08-07,2.205,2.0286666666666666,1.78662,0
2020-08-07,2.205,2.0286666666666666,1.78662,0
2020-08-10,2.202,2.03775,1.786776666666667,0
2020-08-10,2.202,2.03775,1.786776666666667,0
2020-08-11,2.249,2.0491833333333336,1.7869333333333337,0
2020-08-11,2.249,2.0491833333333336,1.7869333333333335,0
2020-08-12,2.246,2.0612666666666666,1.787065,0
2020-08-12,2.246,2.0612666666666666,1.7870650000000001,0
2020-08-13,2.237,2.072983333333333,1.7871966666666668,0
2020-08-13,2.237,2.072983333333333,1.7871966666666668,0
2020-08-14,2.222,2.084083333333333,1.7873283333333334,0
2020-08-14,2.222,2.0840833333333335,1.7873283333333334,0
2020-08-17,2.213,2.094383333333333,1.78746,0
2020-08-17,2.213,2.0943833333333335,1.78746,0
2020-08-18,2.19,2.1011333333333333,1.7875916666666667,0
2020-08-18,2.19,2.1011333333333333,1.7875916666666667,0
2020-08-19,2.204,2.1060666666666665,1.787723333333333,0
2020-08-19,2.204,2.1060666666666665,1.7877233333333333,0
2020-08-20,2.249,2.1099166666666664,1.787855,0
2020-08-20,2.249,2.1099166666666664,1.787855,0
2020-08-21,2.28,2.1116,1.7879866666666666,0
2020-08-21,2.28,2.1116,1.7879866666666666,0
2020-08-24,2.23,2.1129166666666666,1.7881183333333333,0
2020-08-24,2.23,2.1129166666666666,1.7881183333333333,0
2020-08-25,2.241,2.1176166666666667,1.78825,0
2020-08-25,2.241,2.1176166666666667,1.78825,0
2020-08-26,2.222,2.1267666666666667,1.7882528333333332,0
2020-08-26,2.222,2.1267666666666667,1.7882528333333332,0
2020-08-27,2.182,2.1302833333333333,1.788255666666667,0
2020-08-27,2.182,2.1302833333333333,1.7882556666666667,0
2020-08-28,2.235,2.134183333333333,1.7882585,0
2020-08-28,2.235,2.134183333333333,1.7882585,0
2020-08-31,2.228,2.1382,1.7882613333333333,0
2020-08-31,2.228,2.1382,1.7882613333333333,0
2020-09-01,2.211,2.1426833333333333,1.7882641666666663,0
2020-09-01,2.211,2.1426833333333333,1.7882641666666665,0
2020-09-02,2.201,2.146916666666667,1.788267,0
2020-09-02,2.201,2.146916666666667,1.788267,0
2020-09-03,2.197,2.150533333333333,1.7882698333333331,0
2020-09-03,2.197,2.150533333333333,1.7882698333333333,0
2020-09-04,2.211,2.1537,1.7882726666666666,0
2020-09-04,2.211,2.1537,1.7882726666666666,0
2020-09-07,2.2,2.156766666666667,1.7882755,0
2020-09-07,2.2,2.156766666666667,1.7882755000000001,0
2020-09-08,2.211,2.1627,1.7882783333333334,0
2020-09-08,2.211,2.1627,1.7882783333333334,0
2020-09-09,2.193,2.167733333333333,1.7883655,0
2020-09-09,2.193,2.167733333333333,1.7883655,0
2020-09-10,2.128,2.1689166666666666,1.7884526666666667,0
2020-09-10,2.128,2.1689166666666666,1.7884526666666667,0
2020-09-11,2.162,2.16995,1.788539833333333,0
2020-09-11,2.162,2.16995,1.7885398333333333,0
2020-09-14,2.161,2.1701833333333336,1.7886270000000002,0
2020-09-14,2.161,2.1701833333333336,1.7886270000000002,0
2020-09-15,2.133,2.1699,1.7887141666666668,0
2020-09-15,2.133,2.1698999999999997,1.7887141666666668,0
2020-09-16,2.185,2.170483333333333,1.7888013333333337,0
2020-09-16,2.185,2.170483333333333,1.7888013333333337,0
2020-09-17,2.199,2.1709166666666664,1.7888885,0
2020-09-17,2.199,2.1709166666666664,1.7888885,0
2020-09-18,2.233,2.171766666666667,1.7889756666666667,0
2020-09-18,2.233,2.171766666666667,1.7889756666666667,0
2020-09-21,2.262,2.1731166666666666,1.7890628333333334,0
2020-09-21,2.262,2.1731166666666666,1.7890628333333334,0
2020-09-22,2.332,2.17485,1.78915,0
2020-09-22,2.332,2.17485,1.78915,0
2020-09-23,2.149,2.1757500000000003,1.789213333333333,0
2020-09-23,2.149,2.1757500000000003,1.789213333333333,0
2020-09-24,2.148,2.178116666666667,1.7892766666666666,0
2020-09-24,2.148,2.178116666666667,1.7892766666666666,0
2020-09-25,2.044,2.179183333333333,1.78934,0
2020-09-25,2.044,2.179183333333333,1.78934,0
2020-09-27,1.953,2.181833333333334,1.7894033333333332,0
2020-09-27,1.953,2.181833333333334,1.7894033333333332,0
2020-09-28,2.418,2.1872666666666665,1.7894666666666668,0
2020-09-28,2.418,2.1872666666666665,1.7894666666666668,0
2020-09-29,2.283,2.1897,1.78953,0
2020-09-29,2.283,2.1897,1.78953,0
2020-09-30,2.331,2.1920166666666665,1.7895933333333334,0
2020-09-30,2.331,2.1920166666666665,1.7895933333333334,0
2020-10-09,2.174,2.191533333333333,1.789656666666667,0
2020-10-09,2.174,2.191533333333333,1.789656666666667,0
2020-10-10,2.029,2.1886666666666668,1.78972,0
2020-10-10,2.029,2.1886666666666668,1.78972,0
2020-10-12,2.073,2.1874166666666666,1.7897833333333333,0
2020-10-12,2.073,2.1874166666666666,1.7897833333333333,0
2020-10-13,2.092,2.18645,1.7900066666666667,0
2020-10-13,2.092,2.18645,1.7900066666666667,0
2020-10-14,2.136,2.1845666666666665,1.79023,0
2020-10-14,2.136,2.1845666666666665,1.79023,0
2020-10-15,2.191,2.183966666666666,1.7904533333333332,0
2020-10-15,2.191,2.183966666666666,1.7904533333333332,0
2020-10-16,2.199,2.184233333333333,1.7906766666666667,0
2020-10-16,2.199,2.1842333333333332,1.7906766666666667,0
2020-10-19,2.23,2.186383333333333,1.7909,0
2020-10-19,2.23,2.186383333333333,1.7909,0
2020-10-20,2.261,2.1905999999999994,1.7911233333333334,0
2020-10-20,2.261,2.1905999999999994,1.7911233333333334,0
2020-10-21,2.207,2.1906000000000003,1.7913466666666666,0
2020-10-21,2.207,2.1906000000000003,1.7913466666666666,0
2020-10-22,2.19,2.191316666666667,1.79157,0
2020-10-22,2.19,2.191316666666667,1.7915699999999999,0
2020-10-23,2.205,2.1913666666666667,1.7917933333333331,0
2020-10-23,2.205,2.1913666666666667,1.7917933333333333,0
2020-10-26,2.227,2.1918166666666665,1.7920166666666666,0
2020-10-26,2.227,2.1918166666666665,1.7920166666666666,0
2020-10-27,2.33,2.194416666666667,1.79206,0
2020-10-27,2.33,2.194416666666667,1.79206,0
2020-10-28,2.385,2.197783333333333,1.7921033333333332,0
2020-10-28,2.385,2.197783333333333,1.7921033333333332,0
2020-10-29,2.353,2.199733333333333,1.7921466666666666,0
2020-10-29,2.353,2.199733333333333,1.7921466666666666,0
2020-10-30,2.418,2.2059833333333336,1.79219,0
2020-10-30,2.418,2.2059833333333336,1.79219,0
2020-11-02,2.464,2.2113333333333336,1.7922333333333331,0
2020-11-02,2.464,2.2113333333333336,1.7922333333333331,0
2020-11-03,2.18,2.2133,1.7922766666666663,0
2020-11-03,2.18,2.2133,1.7922766666666665,0
2020-11-04,2.092,2.2136,1.79232,0
2020-11-04,2.092,2.2136,1.79232,0
2020-11-05,2.071,2.2113666666666663,1.7923633333333333,0
2020-11-05,2.071,2.2113666666666663,1.7923633333333333,0
2020-11-06,2.215,2.211583333333333,1.7924066666666665,0
2020-11-06,2.215,2.211583333333333,1.7924066666666665,0
2020-11-09,2.272,2.211966666666666,1.79245,0
2020-11-09,2.272,2.2119666666666666,1.7924499999999999,0
2020-11-10,2.269,2.2123500000000003,1.792570166666667,0
2020-11-10,2.269,2.2123500000000003,1.7925701666666667,0
2020-11-11,2.306,2.2135,1.7926903333333333,0
2020-11-11,2.306,2.2135000000000002,1.7926903333333333,0
2020-11-12,2.335,2.215383333333333,1.7928105,0
2020-11-12,2.335,2.2153833333333335,1.7928104999999999,0
2020-11-13,2.433,2.21905,1.792930666666667,0
2020-11-13,2.433,2.21905,1.7929306666666667,0
2020-11-16,2.339,2.2215333333333334,1.7930508333333333,0
2020-11-16,2.339,2.2215333333333334,1.7930508333333333,0
2020-11-17,2.238,2.2221,1.793171,0
2020-11-17,2.238,2.2221,1.793171,0
2020-11-18,2.21,2.2214499999999995,1.7932911666666669,0
2020-11-18,2.21,2.2214499999999995,1.7932911666666667,0
2020-11-19,2.231,2.220633333333333,1.7934113333333332,0
2020-11-19,2.231,2.2206333333333332,1.7934113333333332,0
2020-11-20,2.228,2.2206,1.7935315,0
2020-11-20,2.228,2.2205999999999997,1.7935315,0
2020-11-23,2.193,2.2198,1.7936516666666666,0
2020-11-23,2.193,2.2198,1.7936516666666666,0
2020-11-24,2.232,2.219966666666666,1.793951,0
2020-11-24,2.232,2.2199666666666666,1.793951,0
2020-11-25,2.224,2.220666666666667,1.7942503333333335,0
2020-11-25,2.224,2.220666666666667,1.7942503333333335,0
2020-11-26,2.294,2.22165,1.7945496666666667,0
2020-11-26,2.294,2.22165,1.7945496666666667,0
2020-11-27,2.336,2.22345,1.794849,0
2020-11-27,2.336,2.2234499999999997,1.7948490000000001,0
2020-11-30,2.356,2.225866666666667,1.7951483333333331,0
2020-11-30,2.356,2.225866666666667,1.7951483333333333,0
2020-12-01,1.972,2.2220500000000003,1.7954476666666668,0
2020-12-01,1.972,2.2220500000000003,1.7954476666666668,0
2020-12-02,1.925,2.217516666666667,1.7957470000000002,0
2020-12-02,1.925,2.217516666666667,1.7957470000000002,0
2020-12-03,2.104,2.215733333333333,1.7960463333333334,0
2020-12-03,2.104,2.215733333333333,1.7960463333333334,0
2020-12-04,2.116,2.2143333333333337,1.7963456666666668,0
2020-12-04,2.116,2.2143333333333337,1.7963456666666668,0
2020-12-07,2.119,2.2128,1.796645,0
2020-12-07,2.119,2.2128,1.796645,0
2020-12-08,2.101,2.211266666666667,1.796793833333333,0
2020-12-08,2.101,2.211266666666667,1.7967938333333333,0
2020-12-09,2.074,2.210366666666667,1.7969426666666668,0
2020-12-09,2.074,2.210366666666667,1.7969426666666668,0
2020-12-10,2.063,2.2087166666666667,1.7970915,0
2020-12-10,2.063,2.2087166666666667,1.7970915,0
2020-12-11,2.178,2.209,1.797240333333333,0
2020-12-11,2.178,2.209,1.797240333333333,0
2020-12-14,2.143,2.209166666666667,1.7973891666666666,0
2020-12-14,2.143,2.209166666666667,1.7973891666666666,0
2020-12-15,2.062,2.207116666666667,1.797538,0
2020-12-15,2.062,2.207116666666667,1.797538,0
2020-12-16,1.815,2.2007166666666667,1.7976868333333331,0
2020-12-16,1.815,2.2007166666666667,1.7976868333333331,0
2020-12-17,1.961,2.196183333333333,1.7978356666666666,0
2020-12-17,1.961,2.196183333333333,1.7978356666666666,0
2020-12-18,2.148,2.194283333333333,1.7979845,0
2020-12-18,2.148,2.194283333333333,1.7979845,0
2020-12-21,2.05,2.189583333333333,1.7981333333333334,0
2020-12-21,2.05,2.189583333333333,1.7981333333333334,0
2020-12-22,2.061,2.1881166666666667,1.7982433333333334,0
2020-12-22,2.061,2.1881166666666667,1.7982433333333334,0
2020-12-23,2.064,2.186716666666667,1.7983533333333337,0
2020-12-23,2.064,2.186716666666667,1.7983533333333335,0
2020-12-24,1.774,2.1822166666666667,1.7984633333333333,0
2020-12-24,1.774,2.1822166666666667,1.7984633333333333,0
2020-12-25,2.151,2.1855166666666666,1.7985733333333334,0
2020-12-25,2.151,2.1855166666666666,1.7985733333333334,0
2020-12-28,2.133,2.1807666666666665,1.7986833333333334,0
2020-12-28,2.133,2.1807666666666665,1.7986833333333334,0
2020-12-29,2.264,2.18045,1.7987933333333337,0
2020-12-29,2.264,2.18045,1.7987933333333335,0
2020-12-30,2.308,2.180066666666667,1.7989033333333335,0
2020-12-30,2.308,2.180066666666667,1.7989033333333335,0
2020-12-31,2.381,2.1835166666666668,1.7990133333333334,0
2020-12-31,2.381,2.1835166666666668,1.7990133333333334,0
2021-01-04,1.993,2.1829166666666664,1.7991233333333334,0
2021-01-04,1.993,2.1829166666666664,1.7991233333333334,0
2021-01-05,1.822,2.178733333333333,1.7992333333333337,0
2021-01-05,1.822,2.178733333333333,1.7992333333333337,0
2021-01-06,1.966,2.1766333333333336,1.7993561666666669,0
2021-01-06,1.966,2.1766333333333336,1.7993561666666669,0
2021-01-07,1.855,2.1719500000000003,1.799479,0
2021-01-07,1.855,2.1719500000000003,1.799479,0
2021-01-08,2.141,2.1711166666666672,1.7996018333333337,0
2021-01-08,2.141,2.1711166666666672,1.7996018333333335,0
2021-01-11,2.148,2.170266666666667,1.7997246666666669,0
2021-01-11,2.148,2.170266666666667,1.7997246666666669,0
2021-01-12,1.985,2.1661833333333336,1.7998475,0
2021-01-12,1.985,2.1661833333333336,1.7998475,0
2021-01-13,1.999,2.1618166666666667,1.7999703333333334,0
2021-01-13,1.999,2.1618166666666667,1.7999703333333334,0
2021-01-14,2.013,2.158583333333333,1.8000931666666666,0
2021-01-14,2.013,2.158583333333333,1.8000931666666666,0
2021-01-15,2.124,2.157483333333333,1.800216,0
2021-01-15,2.124,2.157483333333333,1.800216,0
2021-01-18,2.177,2.1570166666666664,1.8003388333333334,0
2021-01-18,2.177,2.1570166666666664,1.8003388333333334,0
2021-01-19,2.267,2.1576833333333334,1.8004616666666666,0
2021-01-19,2.267,2.1576833333333334,1.8004616666666666,0
2021-01-20,2.493,2.1604,1.8007505,0
2021-01-20,2.493,2.1604,1.8007505,0
2021-01-21,2.359,2.159966666666667,1.8010393333333334,0
2021-01-21,2.359,2.159966666666667,1.8010393333333334,0
2021-01-22,2.271,2.1586,1.8013281666666665,0
2021-01-22,2.271,2.1586,1.8013281666666665,0
2021-01-25,2.296,2.156566666666667,1.801617,0
2021-01-25,2.296,2.156566666666667,1.801617,0
2021-01-26,2.728,2.160966666666667,1.801905833333333,0
2021-01-26,2.728,2.160966666666667,1.801905833333333,0
2021-01-27,2.969,2.174116666666667,1.8021946666666664,0
2021-01-27,2.969,2.174116666666667,1.8021946666666664,0
2021-01-28,2.981,2.1889333333333334,1.8024835,0
2021-01-28,2.981,2.1889333333333334,1.8024835,0
2021-01-29,3.071,2.2056,1.8027723333333328,0
2021-01-29,3.071,2.2056,1.8027723333333332,0
2021-02-01,3.194,2.2219166666666665,1.8030611666666665,0
2021-02-01,3.194,2.2219166666666665,1.8030611666666665,0
2021-02-02,2.241,2.2214,1.80335,0
2021-02-02,2.241,2.2214,1.8033499999999998,0
2021-02-03,2.146,2.21935,1.8036083333333333,0
2021-02-03,2.146,2.21935,1.8036083333333333,0
2021-02-04,2.324,2.21965,1.8038666666666665,0
2021-02-04,2.324,2.21965,1.8038666666666665,0
2021-02-05,2.338,2.2197,1.804125,0
2021-02-05,2.338,2.2197,1.804125,0
2021-02-07,2.349,2.2183,1.8043833333333328,0
2021-02-07,2.349,2.2183,1.8043833333333328,0
2021-02-08,2.341,2.2183333333333333,1.8046416666666665,0
2021-02-08,2.341,2.2183333333333333,1.8046416666666665,0
2021-02-09,2.425,2.22145,1.8049,0
2021-02-09,2.425,2.22145,1.8049,0
2021-02-10,2.217,2.2215666666666665,1.8051583333333328,0
2021-02-10,2.217,2.2215666666666665,1.8051583333333328,0
2021-02-18,2.213,2.2212666666666667,1.8054166666666664,0
2021-02-18,2.213,2.2212666666666667,1.8054166666666664,0
2021-02-19,2.051,2.2183166666666665,1.805675,0
2021-02-19,2.051,2.2183166666666665,1.805675,0
2021-02-20,1.964,2.2145,1.8059333333333327,0
2021-02-20,1.964,2.2145,1.8059333333333327,0
2021-02-22,2.206,2.214066666666667,1.806075,0
2021-02-22,2.206,2.214066666666667,1.806075,0
2021-02-23,2.277,2.21495,1.8062166666666664,0
2021-02-23,2.277,2.21495,1.8062166666666664,0
2021-02-24,2.114,2.2119500000000003,1.8063583333333333,0
2021-02-24,2.114,2.2119500000000003,1.8063583333333333,0
2021-02-25,2.215,2.2099333333333333,1.8065,0
2021-02-25,2.215,2.2099333333333333,1.8065,0
2021-02-26,2.214,2.2075666666666667,1.8066416666666667,0
2021-02-26,2.214,2.2075666666666667,1.8066416666666667,0
2021-03-01,2.216,2.211633333333333,1.8067833333333332,0
2021-03-01,2.216,2.211633333333333,1.8067833333333334,0
2021-03-02,2.157,2.2155,1.806925,0
2021-03-02,2.157,2.2155,1.8069250000000001,0
2021-03-03,1.89,2.211933333333333,1.8070666666666664,0
2021-03-03,1.89,2.2119333333333335,1.8070666666666666,0
2021-03-04,2.161,2.2126833333333336,1.8072083333333333,0
2021-03-04,2.161,2.2126833333333336,1.8072083333333333,0
2021-03-05,1.999,2.2106833333333338,1.80735,0
2021-03-05,1.999,2.2106833333333338,1.80735,0
2021-03-08,2.144,2.2114000000000003,1.8075216666666667,0
2021-03-08,2.144,2.2114000000000003,1.8075216666666667,0
2021-03-09,2.067,2.2112833333333333,1.8076933333333332,0
2021-03-09,2.067,2.2112833333333333,1.8076933333333334,0
2021-03-10,2.038,2.210866666666667,1.807865,0
2021-03-10,2.038,2.210866666666667,1.807865,0
2021-03-11,2.06,2.2089,1.8080366666666667,0
2021-03-11,2.06,2.2089,1.8080366666666667,0
2021-03-12,2.134,2.20875,1.8082083333333332,0
2021-03-12,2.134,2.20875,1.8082083333333334,0
2021-03-15,2.275,2.2123,1.80838,0
2021-03-15,2.275,2.2123,1.80838,0
2021-03-16,2.229,2.2192000000000003,1.8085516666666668,0
2021-03-16,2.229,2.2192000000000003,1.8085516666666668,0
2021-03-17,2.167,2.222633333333333,1.8087233333333328,0
2021-03-17,2.167,2.222633333333333,1.8087233333333328,0
2021-03-18,2.197,2.22345,1.808895,0
2021-03-18,2.197,2.2234499999999997,1.808895,0
2021-03-19,2.199,2.2259333333333333,1.8090666666666664,0
2021-03-19,2.199,2.2259333333333333,1.8090666666666664,0
2021-03-22,2.163,2.227633333333334,1.8090986666666664,0
2021-03-22,2.163,2.227633333333334,1.8090986666666664,0
2021-03-23,2.168,2.2293666666666665,1.8091306666666669,0
2021-03-23,2.168,2.2293666666666665,1.8091306666666669,0
2021-03-24,1.992,2.233,1.8091626666666667,0
2021-03-24,1.992,2.233,1.8091626666666667,0
2021-03-25,2.194,2.2337166666666666,1.8091946666666667,0
2021-03-25,2.194,2.2337166666666666,1.8091946666666667,0
2021-03-26,2.173,2.234383333333333,1.8092266666666668,0
2021-03-26,2.173,2.234383333333333,1.8092266666666668,0
2021-03-29,2.158,2.232616666666667,1.8092586666666668,0
2021-03-29,2.158,2.232616666666667,1.8092586666666668,0
2021-03-30,2.236,2.2314166666666666,1.8092906666666668,0
2021-03-30,2.236,2.2314166666666666,1.8092906666666668,0
2021-03-31,2.251,2.22925,1.8093226666666669,0
2021-03-31,2.251,2.22925,1.8093226666666669,0
2021-04-01,2.155,2.23195,1.8093546666666669,0
2021-04-01,2.155,2.23195,1.8093546666666669,0
2021-04-02,2.145,2.237333333333333,1.809386666666667,0
2021-04-02,2.145,2.237333333333333,1.809386666666667,0
2021-04-06,2.045,2.2386500000000003,1.809758,0
2021-04-06,2.045,2.2386500000000003,1.8097580000000002,0
2021-04-07,1.939,2.24005,1.8101293333333337,0
2021-04-07,1.939,2.24005,1.8101293333333337,0
2021-04-08,2.014,2.2379333333333333,1.8105006666666668,0
2021-04-08,2.014,2.2379333333333333,1.8105006666666668,0
2021-04-09,2.054,2.236366666666667,1.8108720000000005,0
2021-04-09,2.054,2.236366666666667,1.8108720000000005,0
2021-04-12,2.05,2.23745,1.811243333333333,0
2021-04-12,2.05,2.23745,1.8112433333333335,0
2021-04-13,2.061,2.2384833333333334,1.8116146666666668,0
2021-04-13,2.061,2.2384833333333334,1.8116146666666668,0
2021-04-14,2.063,2.2393166666666664,1.811986,0
2021-04-14,2.063,2.2393166666666664,1.811986,0
2021-04-15,2.058,2.2382166666666667,1.8123573333333327,0
2021-04-15,2.058,2.2382166666666667,1.8123573333333327,0
2021-04-16,2.199,2.238583333333333,1.8127286666666669,0
2021-04-16,2.199,2.238583333333333,1.8127286666666669,0
2021-04-19,2.226,2.2379,1.8131,0
2021-04-19,2.226,2.2379,1.8131,0
2021-04-20,2.196,2.23295,1.81321,0
2021-04-20,2.196,2.23295,1.81321,0
2021-04-21,2.133,2.2291833333333333,1.81332,0
2021-04-21,2.133,2.2291833333333333,1.81332,0
2021-04-22,2.15,2.2271666666666667,1.81343,0
2021-04-22,2.15,2.2271666666666667,1.81343,0
2021-04-23,2.139,2.22455,1.81354,0
2021-04-23,2.139,2.22455,1.81354,0
2021-04-25,2.2,2.21575,1.81365,0
2021-04-25,2.2,2.21575,1.81365,0
2021-04-26,2.246,2.2036999999999995,1.81376,0
2021-04-26,2.246,2.2036999999999995,1.81376,0
2021-04-27,2.234,2.19125,1.81387,0
2021-04-27,2.234,2.1912499999999997,1.81387,0
2021-04-28,2.189,2.17655,1.81398,0
2021-04-28,2.189,2.17655,1.81398,0
2021-04-29,2.252,2.1608500000000004,1.81409,0
2021-04-29,2.252,2.1608500000000004,1.81409,0
2021-04-30,2.336,2.162433333333333,1.8142,0
2021-04-30,2.336,2.1624333333333334,1.8142,0
2021-05-06,2.152,2.1625333333333336,1.81429,0
2021-05-06,2.152,2.1625333333333336,1.81429,0
2021-05-07,1.94,2.156133333333333,1.81438,0
2021-05-07,1.94,2.156133333333333,1.81438,0
2021-05-08,1.909,2.148983333333333,1.81447,0
2021-05-08,1.909,2.148983333333333,1.81447,0
2021-05-10,1.909,2.14165,1.81456,0
2021-05-10,1.909,2.14165,1.81456,0
2021-05-11,2.078,2.137266666666666,1.81465,0
2021-05-11,2.078,2.137266666666666,1.81465,0
2021-05-12,2.029,2.1306666666666665,1.81474,0
2021-05-12,2.029,2.1306666666666665,1.81474,0
2021-05-13,2.082,2.128416666666667,1.81483,0
2021-05-13,2.082,2.128416666666667,1.81483,0
2021-05-14,2.074,2.1261,1.81492,0
2021-05-14,2.074,2.1261,1.81492,0
2021-05-17,2.195,2.1285,1.81501,0
2021-05-17,2.195,2.1285,1.81501,0
2021-05-18,2.196,2.132366666666667,1.8151,0
2021-05-18,2.196,2.132366666666667,1.8151,0
2021-05-19,2.149,2.131416666666667,1.8151516666666667,0
2021-05-19,2.149,2.131416666666667,1.8151516666666667,0
2021-05-20,2.165,2.12955,1.8152033333333333,0
2021-05-20,2.165,2.12955,1.8152033333333333,0
2021-05-21,2.16,2.1303166666666664,1.815255,0
2021-05-21,2.16,2.1303166666666664,1.815255,0
2021-05-24,2.156,2.1293333333333333,1.8153066666666668,0
2021-05-24,2.156,2.1293333333333333,1.8153066666666668,0
2021-05-25,2.254,2.13,1.8153583333333332,0
2021-05-25,2.254,2.13,1.8153583333333334,0
2021-05-26,2.269,2.130883333333333,1.81541,0
2021-05-26,2.269,2.130883333333333,1.81541,0
2021-05-27,2.262,2.132633333333333,1.8154616666666668,0
2021-05-27,2.262,2.132633333333333,1.8154616666666668,0
2021-05-28,2.278,2.1391,1.815513333333333,0
2021-05-28,2.278,2.1391,1.8155133333333333,0
2021-05-31,2.502,2.1447833333333337,1.815565,0
2021-05-31,2.502,2.1447833333333337,1.815565,0
2021-06-01,2.233,2.148683333333333,1.8156166666666669,0
2021-06-01,2.233,2.148683333333333,1.8156166666666669,0
2021-06-02,2.156,2.148883333333333,1.81566,0
2021-06-02,2.156,2.148883333333333,1.81566,0
2021-06-03,2.092,2.1493,1.8157033333333328,0
2021-06-03,2.092,2.1493,1.8157033333333328,0
2021-06-04,2.187,2.1517833333333334,1.8157466666666664,0
2021-06-04,2.187,2.1517833333333334,1.8157466666666664,0
2021-06-07,2.253,2.155,1.81579,0
2021-06-07,2.253,2.155,1.81579,0
2021-06-08,2.267,2.1572166666666663,1.8158333333333327,0
2021-06-08,2.267,2.1572166666666663,1.8158333333333327,0
2021-06-09,2.271,2.15715,1.8158766666666664,0
2021-06-09,2.271,2.15715,1.8158766666666664,0
2021-06-10,2.146,2.1557666666666666,1.81592,0
2021-06-10,2.146,2.1557666666666666,1.81592,0
2021-06-11,2.169,2.1558,1.8159633333333327,0
2021-06-11,2.169,2.1558,1.8159633333333327,0
2021-06-15,2.237,2.1564666666666668,1.8160066666666663,0
2021-06-15,2.237,2.1564666666666668,1.8160066666666663,0
2021-06-16,2.198,2.15645,1.81605,0
2021-06-16,2.198,2.15645,1.81605,0
2021-06-17,2.179,2.1567166666666666,1.8161716666666667,0
2021-06-17,2.179,2.1567166666666666,1.8161716666666667,0
2021-06-18,2.206,2.15735,1.816293333333333,0
2021-06-18,2.206,2.15735,1.816293333333333,0
2021-06-21,2.257,2.161766666666667,1.816415,0
2021-06-21,2.257,2.161766666666667,1.816415,0
2021-06-22,2.337,2.16415,1.816536666666667,0
2021-06-22,2.337,2.16415,1.816536666666667,0
2021-06-23,2.276,2.1658666666666666,1.8166583333333333,0
2021-06-23,2.276,2.1658666666666666,1.8166583333333333,0
2021-06-24,2.254,2.167466666666667,1.81678,0
2021-06-24,2.254,2.167466666666667,1.81678,0
2021-06-25,2.196,2.1668000000000003,1.8169016666666664,0
2021-06-25,2.196,2.1668000000000003,1.8169016666666664,0
2021-06-28,2.258,2.166916666666667,1.8170233333333328,0
2021-06-28,2.258,2.166916666666667,1.8170233333333328,0
2021-06-29,2.431,2.1715166666666668,1.817145,0
2021-06-29,2.431,2.1715166666666668,1.817145,0
2021-06-30,2.405,2.17585,1.8172666666666664,0
2021-06-30,2.405,2.17585,1.8172666666666664,0
2021-07-01,2.186,2.1782,1.8174168333333327,0
2021-07-01,2.186,2.1782,1.8174168333333327,0
2021-07-02,1.945,2.1783,1.817567,0
2021-07-02,1.945,2.1783,1.817567,0
2021-07-05,2.034,2.1786333333333334,1.8177171666666667,0
2021-07-05,2.034,2.1786333333333334,1.8177171666666667,0
2021-07-06,2.046,2.1785,1.8178673333333333,0
2021-07-06,2.046,2.1785,1.8178673333333333,0
2021-07-07,2.129,2.1798166666666665,1.8180175,0
2021-07-07,2.129,2.1798166666666665,1.8180175,0
2021-07-08,2.114,2.1807000000000003,1.8181676666666664,0
2021-07-08,2.114,2.1807000000000003,1.8181676666666664,0
2021-07-09,2.22,2.183316666666667,1.8183178333333327,0
2021-07-09,2.22,2.183316666666667,1.8183178333333327,0
2021-07-12,2.163,2.1850666666666667,1.818468,0
2021-07-12,2.163,2.1850666666666667,1.818468,0
2021-07-13,2.193,2.1849666666666665,1.8186181666666668,0
2021-07-13,2.193,2.1849666666666665,1.8186181666666668,0
2021-07-14,2.179,2.184183333333333,1.818768333333333,0
2021-07-14,2.179,2.184183333333333,1.818768333333333,0
2021-07-15,2.178,2.183883333333333,1.8188365,0
2021-07-15,2.178,2.183883333333333,1.8188365,0
2021-07-16,2.201,2.185016666666667,1.8189046666666664,0
2021-07-16,2.201,2.185016666666667,1.8189046666666664,0
2021-07-19,2.155,2.1851,1.8189728333333333,0
2021-07-19,2.155,2.1851,1.8189728333333333,0
2021-07-20,2.198,2.1860833333333334,1.819041,0
2021-07-20,2.198,2.1860833333333334,1.819041,0
2021-07-21,2.218,2.186383333333333,1.8191091666666668,0
2021-07-21,2.218,2.186383333333333,1.8191091666666668,0
2021-07-22,2.18,2.185283333333333,1.8191773333333328,0
2021-07-22,2.18,2.185283333333333,1.8191773333333328,0
2021-07-23,2.143,2.183766666666666,1.8192455,0
2021-07-23,2.143,2.183766666666666,1.8192455,0
2021-07-26,2.214,2.184183333333333,1.8193136666666667,0
2021-07-26,2.214,2.184183333333333,1.8193136666666667,0
2021-07-27,2.31,2.18515,1.8193818333333327,0
2021-07-27,2.31,2.18515,1.8193818333333327,0
2021-07-28,2.356,2.185483333333333,1.81945,0
2021-07-28,2.356,2.185483333333333,1.81945,0
2021-07-29,2.257,2.187233333333333,1.8194666666666663,0
2021-07-29,2.257,2.187233333333333,1.8194666666666663,0
2021-07-30,2.284,2.192966666666666,1.819483333333333,0
2021-07-30,2.284,2.192966666666666,1.819483333333333,0
2021-08-02,2.071,2.195666666666667,1.8195,0
2021-08-02,2.071,2.195666666666667,1.8195,0
2021-08-03,2.041,2.197866666666667,1.819516666666667,0
2021-08-03,2.041,2.197866666666667,1.819516666666667,0
2021-08-04,2.04,2.1972333333333336,1.8195333333333328,0
2021-08-04,2.04,2.1972333333333336,1.8195333333333328,0
2021-08-05,1.97,2.19625,1.81955,0
2021-08-05,1.97,2.19625,1.81955,0
2021-08-06,1.994,2.194783333333333,1.8195666666666663,0
2021-08-06,1.994,2.1947833333333335,1.8195666666666666,0
2021-08-09,2.145,2.195966666666666,1.819583333333333,0
2021-08-09,2.145,2.1959666666666666,1.819583333333333,0
2021-08-10,2.348,2.198516666666667,1.8196,0
2021-08-10,2.348,2.198516666666667,1.8195999999999999,0
2021-08-11,2.147,2.1977,1.8196166666666664,0
2021-08-11,2.147,2.1977,1.8196166666666664,0
2021-08-12,2.15,2.1977166666666665,1.819675,0
2021-08-12,2.15,2.1977166666666665,1.8196749999999997,0
2021-08-13,2.197,2.19825,1.8197333333333328,0
2021-08-13,2.197,2.19825,1.8197333333333332,0
2021-08-16,2.193,2.1988,1.8197916666666665,0
2021-08-16,2.193,2.1988,1.8197916666666665,0
2021-08-17,2.139,2.198516666666667,1.81985,0
2021-08-17,2.139,2.198516666666667,1.81985,0
2021-08-18,2.054,2.195183333333333,1.8199083333333328,0
2021-08-18,2.054,2.195183333333333,1.8199083333333332,0
2021-08-19,2.091,2.1922166666666665,1.8199666666666665,0
2021-08-19,2.091,2.1922166666666665,1.8199666666666665,0
2021-08-20,2.115,2.1897666666666664,1.820025,0
2021-08-20,2.115,2.1897666666666664,1.820025,0
2021-08-23,2.16,2.1878,1.8200833333333333,0
2021-08-23,2.16,2.1878,1.8200833333333333,0
2021-08-24,2.224,2.1831666666666663,1.8201416666666668,0
2021-08-24,2.224,2.1831666666666663,1.8201416666666668,0
2021-08-25,2.311,2.184466666666667,1.8202,0
2021-08-25,2.311,2.184466666666667,1.8202,0
2021-08-26,2.319,2.187183333333333,1.820495,0
2021-08-26,2.319,2.187183333333333,1.8204950000000002,0
2021-08-27,2.329,2.191133333333333,1.82079,0
2021-08-27,2.329,2.191133333333333,1.8207900000000001,0
2021-08-30,2.308,2.19315,1.821085,0
2021-08-30,2.308,2.19315,1.821085,0
2021-08-31,2.322,2.1943,1.82138,0
2021-08-31,2.322,2.1942999999999997,1.82138,0
2021-09-01,2.104,2.191583333333333,1.821675,0
2021-09-01,2.104,2.1915833333333334,1.821675,0
2021-09-02,2.075,2.1883166666666667,1.82197,0
2021-09-02,2.075,2.1883166666666667,1.82197,0
2021-09-03,2.059,2.1868666666666665,1.822265,0
2021-09-03,2.059,2.1868666666666665,1.822265,0
2021-09-06,2.151,2.1865666666666663,1.82256,0
2021-09-06,2.151,2.1865666666666663,1.82256,0
2021-09-07,2.198,2.1859166666666665,1.822855,0
2021-09-07,2.198,2.1859166666666665,1.822855,0
2021-09-08,2.201,2.185966666666667,1.82315,0
2021-09-08,2.201,2.185966666666667,1.8231499999999998,0
2021-09-09,2.158,2.1856166666666668,1.8232166666666665,0
2021-09-09,2.158,2.1856166666666668,1.8232166666666665,0
2021-09-10,2.199,2.1855,1.8232833333333327,0
2021-09-10,2.199,2.1854999999999998,1.8232833333333331,0
2021-09-13,2.203,2.1846,1.82335,0
2021-09-13,2.203,2.1846,1.82335,0
2021-09-14,2.28,2.18365,1.823416666666667,0
2021-09-14,2.28,2.18365,1.823416666666667,0
2021-09-15,2.213,2.1826,1.823483333333333,0
2021-09-15,2.213,2.1826,1.823483333333333,0
2021-09-16,2.234,2.1822666666666666,1.82355,0
2021-09-16,2.234,2.1822666666666666,1.82355,0
2021-09-17,2.398,2.185633333333333,1.8236166666666669,0
2021-09-17,2.398,2.185633333333333,1.8236166666666669,0
2021-09-18,2.234,2.185233333333333,1.823683333333333,0
2021-09-18,2.234,2.185233333333333,1.823683333333333,0
2021-09-22,2.232,2.181916666666667,1.82375,0
2021-09-22,2.232,2.181916666666667,1.82375,0
2021-09-23,2.189,2.178316666666667,1.8238166666666664,0
2021-09-23,2.189,2.178316666666667,1.8238166666666664,0
2021-09-24,2.219,2.1788666666666665,1.8239815,0
2021-09-24,2.219,2.1788666666666665,1.8239815,0
2021-09-26,2.19,2.18295,1.8241463333333328,0
2021-09-26,2.19,2.18295,1.8241463333333328,0
2021-09-27,1.984,2.1821166666666665,1.8243111666666667,0
2021-09-27,1.984,2.1821166666666665,1.8243111666666667,0
2021-09-28,2.115,2.1832666666666665,1.824476,0
2021-09-28,2.115,2.1832666666666665,1.824476,0
2021-09-29,2.45,2.188616666666667,1.8246408333333333,0
2021-09-29,2.45,2.188616666666667,1.8246408333333333,0
2021-09-30,2.266,2.19115,1.8248056666666668,0
2021-09-30,2.266,2.19115,1.8248056666666668,0
2021-10-08,2.17,2.190316666666667,1.8249705,0
2021-10-08,2.17,2.190316666666667,1.8249705,0
2021-10-09,1.896,2.185866666666666,1.825135333333333,0
2021-10-09,1.896,2.185866666666666,1.825135333333333,0
2021-10-11,2.199,2.185966666666667,1.8253001666666668,0
2021-10-11,2.199,2.185966666666667,1.8253001666666668,0
2021-10-12,2.167,2.185766666666667,1.825465,0
2021-10-12,2.167,2.185766666666667,1.825465,0
2021-10-13,2.202,2.186166666666667,1.8258518333333336,0
2021-10-13,2.202,2.186166666666667,1.8258518333333336,0
2021-10-14,2.198,2.1861166666666665,1.826238666666667,0
2021-10-14,2.198,2.1861166666666665,1.826238666666667,0
2021-10-15,2.132,2.1857333333333333,1.8266255,0
2021-10-15,2.132,2.1857333333333333,1.8266255,0
2021-10-18,2.174,2.1853333333333333,1.8270123333333337,0
2021-10-18,2.174,2.1853333333333333,1.8270123333333337,0
2021-10-19,2.283,2.1864166666666667,1.827399166666667,0
2021-10-19,2.283,2.1864166666666667,1.827399166666667,0
2021-10-20,2.221,2.1871,1.827786,0
2021-10-20,2.221,2.1871,1.827786,0
2021-10-21,2.055,2.185633333333333,1.8281728333333336,0
2021-10-21,2.055,2.1856333333333335,1.8281728333333336,0
2021-10-22,2.056,2.1830000000000003,1.8285596666666668,0
2021-10-22,2.056,2.1830000000000003,1.8285596666666668,0
2021-10-25,2.243,2.1818833333333334,1.8289465000000005,0
2021-10-25,2.243,2.1818833333333334,1.8289465000000005,0
2021-10-26,2.262,2.180316666666667,1.8293333333333333,0
2021-10-26,2.262,2.180316666666667,1.8293333333333335,0
2021-10-27,2.268,2.1805000000000003,1.82946,0
2021-10-27,2.268,2.1805000000000003,1.82946,0
2021-10-28,2.301,2.1807833333333333,1.829586666666667,0
2021-10-28,2.301,2.1807833333333333,1.829586666666667,0
2021-10-29,2.299,2.1845833333333333,1.8297133333333333,0
2021-10-29,2.299,2.1845833333333333,1.8297133333333333,0
2021-11-01,2.168,2.1867,1.82984,0
2021-11-01,2.168,2.1867,1.82984,0
2021-11-02,2.185,2.1891166666666666,1.8299666666666667,0
2021-11-02,2.185,2.1891166666666666,1.8299666666666667,0
2021-11-03,2.137,2.1919,1.830093333333333,0
2021-11-03,2.137,2.1919,1.830093333333333,0
2021-11-04,2.132,2.1942,1.83022,0
2021-11-04,2.132,2.1942,1.8302200000000002,0
2021-11-05,2.129,2.1939333333333333,1.8303466666666668,0
2021-11-05,2.129,2.1939333333333333,1.8303466666666668,0
2021-11-08,2.121,2.19015,1.8304733333333327,0
2021-11-08,2.121,2.19015,1.8304733333333327,0
2021-11-09,2.191,2.1908833333333333,1.8306,0
2021-11-09,2.191,2.1908833333333333,1.8306,0
2021-11-10,2.142,2.1907500000000004,1.8308188333333333,0
2021-11-10,2.142,2.1907500000000004,1.8308188333333333,0
2021-11-11,2.113,2.18935,1.8310376666666668,0
2021-11-11,2.113,2.18935,1.8310376666666668,0
2021-11-12,2.124,2.1882,1.8312565,0
2021-11-12,2.124,2.1882,1.8312565,0
2021-11-15,2.1,2.1875500000000003,1.8314753333333331,0
2021-11-15,2.1,2.1875500000000003,1.8314753333333333,0
2021-11-16,2.096,2.1882500000000005,1.8316941666666664,0
2021-11-16,2.096,2.1882500000000005,1.8316941666666664,0
2021-11-17,2.182,2.1897666666666664,1.831913,0
2021-11-17,2.182,2.1897666666666664,1.831913,0
2021-11-18,2.172,2.1907166666666664,1.8321318333333327,0
2021-11-18,2.172,2.1907166666666664,1.8321318333333327,0
2021-11-19,2.171,2.1909,1.832350666666667,0
2021-11-19,2.171,2.1909,1.832350666666667,0
2021-11-22,2.109,2.1889833333333333,1.8325695,0
2021-11-22,2.109,2.1889833333333333,1.8325695,0
2021-11-23,2.17,2.186633333333333,1.8327883333333328,0
2021-11-23,2.17,2.1866333333333334,1.8327883333333332,0
2021-11-24,2.269,2.1858000000000004,1.832882833333333,0
2021-11-24,2.269,2.1858000000000004,1.832882833333333,0
2021-11-25,2.231,2.184166666666667,1.8329773333333328,0
2021-11-25,2.231,2.184166666666667,1.8329773333333332,0
2021-11-26,2.247,2.18315,1.8330718333333331,0
2021-11-26,2.247,2.18315,1.8330718333333333,0
2021-11-29,2.239,2.181766666666667,1.8331663333333332,0
2021-11-29,2.239,2.181766666666667,1.8331663333333335,0
2021-11-30,2.297,2.1849833333333333,1.8332608333333331,0
2021-11-30,2.297,2.1849833333333333,1.8332608333333333,0
2021-12-01,2.121,2.18575,1.8333553333333332,0
2021-12-01,2.121,2.18575,1.8333553333333334,0
2021-12-02,2.1,2.186433333333333,1.8334498333333331,0
2021-12-02,2.1,2.1864333333333335,1.8334498333333333,0
2021-12-03,2.078,2.185216666666667,1.8335443333333332,0
2021-12-03,2.078,2.185216666666667,1.8335443333333334,0
2021-12-06,2.129,2.1840666666666664,1.8336388333333336,0
2021-12-06,2.129,2.1840666666666664,1.8336388333333336,0
2021-12-07,2.159,2.1833666666666667,1.8337333333333332,0
2021-12-07,2.159,2.1833666666666667,1.8337333333333334,0
2021-12-08,2.202,2.1841000000000004,1.8341216666666669,0
2021-12-08,2.202,2.1841000000000004,1.8341216666666669,0
2021-12-09,2.22,2.18445,1.8345100000000003,0
2021-12-09,2.22,2.18445,1.8345100000000003,0
2021-12-10,2.184,2.184133333333333,1.8348983333333333,0
2021-12-10,2.184,2.184133333333333,1.8348983333333333,0
2021-12-13,2.197,2.18275,1.835286666666667,0
2021-12-13,2.197,2.18275,1.835286666666667,0
2021-12-14,2.21,2.1827,1.835675,0
2021-12-14,2.21,2.1827,1.835675,0
2021-12-15,2.201,2.18215,1.8360633333333327,0
2021-12-15,2.201,2.18215,1.8360633333333327,0
2021-12-16,2.209,2.179,1.8364516666666668,0
2021-12-16,2.209,2.179,1.8364516666666668,0
2021-12-17,2.151,2.1776166666666668,1.83684,0
2021-12-17,2.151,2.1776166666666668,1.83684,0
2021-12-20,2.121,2.175766666666666,1.8372283333333332,0
2021-12-20,2.121,2.1757666666666666,1.8372283333333335,0
2021-12-21,2.087,2.1740666666666666,1.837616666666667,0
2021-12-21,2.087,2.1740666666666666,1.8376166666666667,0
2021-12-22,2.012,2.170616666666666,1.837895,0
2021-12-22,2.012,2.1706166666666666,1.837895,0
2021-12-23,2.023,2.1678333333333333,1.8381733333333332,0
2021-12-23,2.023,2.1678333333333333,1.8381733333333334,0
2021-12-24,1.943,2.16715,1.8384516666666668,0
2021-12-24,1.943,2.16715,1.8384516666666668,0
2021-12-27,2.312,2.170433333333333,1.83873,0
2021-12-27,2.312,2.1704333333333334,1.8387300000000002,0
2021-12-28,2.245,2.1670166666666666,1.8390083333333331,0
2021-12-28,2.245,2.1670166666666666,1.8390083333333334,0
2021-12-29,2.25,2.16675,1.8392866666666667,0
2021-12-29,2.25,2.16675,1.8392866666666667,0
2021-12-30,2.321,2.1692666666666667,1.839565,0
2021-12-30,2.321,2.1692666666666667,1.8395650000000001,0
2021-12-31,2.271,2.1755166666666663,1.8398433333333333,0
2021-12-31,2.271,2.1755166666666663,1.8398433333333335,0
2022-01-04,2.099,2.1738500000000003,1.8401216666666669,0
2022-01-04,2.099,2.1738500000000003,1.8401216666666669,0
2022-01-05,2.148,2.1735333333333333,1.8404,0
2022-01-05,2.148,2.1735333333333333,1.8404,0
2022-01-06,2.042,2.170866666666667,1.8405233333333333,0
2022-01-06,2.042,2.170866666666667,1.8405233333333333,0
2022-01-07,2.103,2.169283333333333,1.8406466666666668,0
2022-01-07,2.103,2.169283333333333,1.8406466666666668,0
2022-01-10,2.093,2.168633333333333,1.84077,0
2022-01-10,2.093,2.168633333333333,1.84077,0
2022-01-11,2.131,2.1679166666666663,1.8408933333333333,0
2022-01-11,2.131,2.1679166666666663,1.8408933333333333,0
2022-01-12,2.098,2.164833333333333,1.8410166666666667,0
2022-01-12,2.098,2.164833333333333,1.8410166666666667,0
2022-01-13,2.202,2.164516666666666,1.84114,0
2022-01-13,2.202,2.164516666666666,1.84114,0
2022-01-14,2.213,2.16715,1.8412633333333333,0
2022-01-14,2.213,2.16715,1.8412633333333335,0
2022-01-17,2.183,2.1692666666666667,1.8413866666666667,0
2022-01-17,2.183,2.1692666666666667,1.8413866666666667,0
2022-01-18,2.088,2.1666833333333333,1.84151,0
2022-01-18,2.088,2.1666833333333333,1.84151,0
2022-01-19,2.127,2.164433333333333,1.8416333333333328,0
2022-01-19,2.127,2.164433333333333,1.8416333333333328,0
2022-01-20,2.113,2.16185,1.8418233333333336,0
2022-01-20,2.113,2.16185,1.8418233333333336,0
2022-01-21,2.112,2.1587,1.8420133333333333,0
2022-01-21,2.112,2.1587,1.8420133333333333,0
2022-01-24,2.132,2.1559166666666667,1.8422033333333327,0
2022-01-24,2.132,2.1559166666666667,1.8422033333333327,0
2022-01-25,2.093,2.1546666666666665,1.842393333333333,0
2022-01-25,2.093,2.1546666666666665,1.8423933333333335,0
2022-01-26,2.088,2.15305,1.8425833333333328,0
2022-01-26,2.088,2.15305,1.8425833333333328,0
2022-01-27,2.12,2.1527666666666665,1.8427733333333336,0
2022-01-27,2.12,2.1527666666666665,1.8427733333333336,0
2022-01-28,2.25,2.154733333333333,1.8429633333333333,0
2022-01-28,2.25,2.154733333333333,1.8429633333333333,0
2022-01-29,2.251,2.156766666666667,1.8431533333333328,0
2022-01-29,2.251,2.156766666666667,1.8431533333333328,0
2022-01-30,2.272,2.159283333333333,1.8433433333333336,0
2022-01-30,2.272,2.159283333333333,1.8433433333333336,0
2022-02-07,2.102,2.1578,1.8435333333333328,0
2022-02-07,2.102,2.1578,1.8435333333333328,0
2022-02-08,2.087,2.156883333333333,1.8439983333333336,0
2022-02-08,2.087,2.1568833333333335,1.8439983333333336,0
2022-02-09,2.01,2.1551666666666667,1.8444633333333336,0
2022-02-09,2.01,2.1551666666666667,1.8444633333333338,0
2022-02-10,1.965,2.152516666666666,1.8449283333333333,0
2022-02-10,1.965,2.152516666666666,1.8449283333333333,0
2022-02-11,2.021,2.1512,1.8453933333333337,0
2022-02-11,2.021,2.1512000000000002,1.8453933333333337,0
2022-02-14,2.023,2.149983333333333,1.8458583333333336,0
2022-02-14,2.023,2.149983333333333,1.8458583333333336,0
2022-02-15,2.0,2.14695,1.846323333333333,0
2022-02-15,2.0,2.14695,1.846323333333333,0
2022-02-16,2.057,2.145033333333333,1.8467883333333337,0
2022-02-16,2.057,2.145033333333333,1.8467883333333337,0
2022-02-17,2.002,2.142216666666667,1.8472533333333336,0
2022-02-17,2.002,2.142216666666667,1.8472533333333336,0
2022-02-18,2.098,2.142033333333333,1.8477183333333336,0
2022-02-18,2.098,2.142033333333333,1.8477183333333336,0
2022-02-21,2.14,2.1415333333333337,1.8481833333333333,0
2022-02-21,2.14,2.1415333333333337,1.8481833333333335,0
2022-02-22,2.191,2.140233333333333,1.8484605000000005,0
2022-02-22,2.191,2.140233333333333,1.8484605000000003,0
2022-02-23,2.176,2.1393166666666668,1.8487376666666668,0
2022-02-23,2.176,2.1393166666666668,1.8487376666666668,0
2022-02-24,2.187,2.138316666666667,1.8490148333333327,0
2022-02-24,2.187,2.138316666666667,1.8490148333333327,0
2022-02-25,2.322,2.1397,1.849292,0
2022-02-25,2.322,2.1397,1.8492920000000002,0
2022-02-28,2.249,2.1389,1.8495691666666667,0
2022-02-28,2.249,2.1389,1.8495691666666667,0
2022-03-01,2.029,2.1373666666666664,1.8498463333333333,0
2022-03-01,2.029,2.1373666666666664,1.8498463333333333,0
2022-03-02,2.046,2.1364666666666663,1.8501235,0
2022-03-02,2.046,2.1364666666666663,1.8501235,0
2022-03-03,2.005,2.13525,1.8504006666666664,0
2022-03-03,2.005,2.13525,1.8504006666666666,0
2022-03-04,2.048,2.1339,1.8506778333333327,0
2022-03-04,2.048,2.1339,1.8506778333333327,0
2022-03-07,2.068,2.1323833333333333,1.850955,0
2022-03-07,2.068,2.1323833333333333,1.850955,0
2022-03-08,2.114,2.130916666666667,1.850977833333333,0
2022-03-08,2.114,2.130916666666667,1.850977833333333,0
2022-03-09,2.059,2.128233333333333,1.8510006666666663,0
2022-03-09,2.059,2.128233333333333,1.8510006666666665,0
2022-03-10,2.082,2.1265333333333336,1.8510235,0
2022-03-10,2.082,2.1265333333333336,1.8510235,0
2022-03-11,2.102,2.12495,1.8510463333333331,0
2022-03-11,2.102,2.12495,1.8510463333333333,0
2022-03-14,2.104,2.123183333333333,1.8510691666666663,0
2022-03-14,2.104,2.123183333333333,1.8510691666666665,0
2022-03-15,2.122,2.1218666666666666,1.851092,0
2022-03-15,2.122,2.1218666666666666,1.851092,0
2022-03-16,2.115,2.1203,1.8511148333333327,0
2022-03-16,2.115,2.1203,1.8511148333333327,0
2022-03-17,2.083,2.119166666666666,1.8511376666666668,0
2022-03-17,2.083,2.1191666666666666,1.8511376666666668,0
2022-03-18,2.073,2.1183666666666663,1.8511605,0
2022-03-18,2.073,2.1183666666666663,1.8511605,0
2022-03-21,2.104,2.11865,1.8511833333333332,0
2022-03-21,2.104,2.11865,1.8511833333333334,0
2022-03-22,2.073,2.119666666666667,1.85136,0
2022-03-22,2.073,2.119666666666667,1.8513600000000001,0
2022-03-23,2.074,2.1205166666666666,1.8515366666666668,0
2022-03-23,2.074,2.1205166666666666,1.8515366666666668,0
2022-03-24,2.056,2.1224,1.851713333333333,0
2022-03-24,2.056,2.1224,1.8517133333333333,0
2022-03-25,2.207,2.12065,1.85189,0
2022-03-25,2.207,2.12065,1.85189,0
2022-03-28,2.188,2.1197,1.8520666666666667,0
2022-03-28,2.188,2.1197,1.8520666666666667,0
2022-03-29,2.145,2.11795,1.8522433333333332,0
2022-03-29,2.145,2.11795,1.8522433333333335,0
2022-03-30,2.171,2.11545,1.85242,0
2022-03-30,2.171,2.11545,1.8524200000000002,0
2022-03-31,2.197,2.114216666666666,1.852596666666667,0
2022-03-31,2.197,2.1142166666666666,1.8525966666666667,0
2022-04-01,2.017,2.11285,1.8527733333333332,0
2022-04-01,2.017,2.11285,1.8527733333333334,0
2022-04-02,1.837,2.1076666666666664,1.85295,0
2022-04-02,1.837,2.1076666666666664,1.85295,0
2022-04-06,2.004,2.1070333333333333,1.8534651666666668,0
2022-04-06,2.004,2.1070333333333333,1.8534651666666668,0
2022-04-07,2.051,2.1061666666666667,1.8539803333333336,0
2022-04-07,2.051,2.1061666666666667,1.8539803333333336,0
2022-04-08,1.985,2.1043666666666665,1.8544955,0
2022-04-08,1.985,2.1043666666666665,1.8544955,0
2022-04-11,1.947,2.1013,1.8550106666666668,0
2022-04-11,1.947,2.1013,1.8550106666666668,0
2022-04-12,2.04,2.1003333333333334,1.855525833333333,0
2022-04-12,2.04,2.1003333333333334,1.855525833333333,0
2022-04-13,1.966,2.0964,1.856041,0
2022-04-13,1.966,2.0964,1.856041,0
2022-04-14,1.905,2.091266666666667,1.8565561666666668,0
2022-04-14,1.905,2.091266666666667,1.8565561666666668,0
2022-04-15,1.822,2.08525,1.8570713333333333,0
2022-04-15,1.822,2.08525,1.8570713333333333,0
2022-04-18,1.876,2.081716666666667,1.8575865,0
2022-04-18,1.876,2.081716666666667,1.8575865,0
2022-04-19,1.801,2.076283333333333,1.8581016666666663,0
2022-04-19,1.801,2.076283333333333,1.8581016666666663,0
2022-04-20,1.937,2.07335,1.858394833333333,0
2022-04-20,1.937,2.07335,1.858394833333333,0
2022-04-21,1.804,2.068216666666667,1.858688,0
2022-04-21,1.804,2.068216666666667,1.858688,0
2022-04-22,1.7,2.0610166666666667,1.8589811666666665,0
2022-04-22,1.7,2.0610166666666667,1.8589811666666665,0
2022-04-24,1.809,2.056283333333333,1.8592743333333333,0
2022-04-24,1.809,2.056283333333333,1.8592743333333333,0
2022-04-25,1.712,2.0500166666666666,1.8595675,0
2022-04-25,1.712,2.0500166666666666,1.8595674999999998,0
2022-04-26,1.681,2.0427,1.8598606666666664,0
2022-04-26,1.681,2.0427,1.8598606666666664,0
2022-04-27,1.743,2.03425,1.8601538333333327,0
2022-04-27,1.743,2.0342499999999997,1.8601538333333332,0
2022-04-28,1.88,2.0280666666666667,1.860447,0
2022-04-28,1.88,2.0280666666666667,1.860447,0
2022-04-29,2.006,2.023633333333333,1.8607401666666663,0
2022-04-29,2.006,2.023633333333333,1.8607401666666665,0
2022-05-05,1.903,2.020316666666667,1.861033333333333,0
2022-05-05,1.903,2.020316666666667,1.861033333333333,0
2022-05-06,1.789,2.01535,1.8611183333333328,0
2022-05-06,1.789,2.01535,1.8611183333333328,0
2022-05-07,1.699,2.0101666666666667,1.861203333333333,0
2022-05-07,1.699,2.0101666666666667,1.861203333333333,0
2022-05-09,1.814,2.00765,1.8612883333333328,0
2022-05-09,1.814,2.00765,1.8612883333333332,0
2022-05-10,1.63,2.001133333333333,1.861373333333333,0
2022-05-10,1.63,2.001133333333333,1.8613733333333333,0
2022-05-11,1.708,1.9958833333333328,1.8614583333333328,0
2022-05-11,1.708,1.9958833333333328,1.8614583333333328,0
2022-05-12,1.714,1.9911166666666664,1.861543333333333,0
2022-05-12,1.714,1.9911166666666666,1.8615433333333333,0
2022-05-13,1.671,1.984683333333333,1.8616283333333328,0
2022-05-13,1.671,1.984683333333333,1.8616283333333328,0
2022-05-16,1.714,1.9798833333333328,1.861713333333333,0
2022-05-16,1.714,1.9798833333333328,1.861713333333333,0
2022-05-17,1.584,1.9713166666666664,1.8617983333333328,0
2022-05-17,1.584,1.9713166666666664,1.8617983333333328,0
2022-05-18,1.647,1.9631,1.861883333333333,0
2022-05-18,1.647,1.9631,1.861883333333333,0
2022-05-19,1.654,1.95415,1.8626751666666668,0
2022-05-19,1.654,1.9541499999999998,1.8626751666666668,0
2022-05-20,1.665,1.945633333333333,1.8634670000000004,0
2022-05-20,1.665,1.945633333333333,1.8634670000000004,0
2022-05-23,1.693,1.9374,1.8642588333333328,0
2022-05-23,1.693,1.9374,1.8642588333333328,0
2022-05-24,1.681,1.9267166666666664,1.865050666666667,0
2022-05-24,1.681,1.9267166666666664,1.865050666666667,0
2022-05-25,1.785,1.9189833333333333,1.8658425,0
2022-05-25,1.785,1.9189833333333333,1.8658425,0
2022-05-26,1.765,1.9145833333333333,1.8666343333333333,0
2022-05-26,1.765,1.9145833333333333,1.8666343333333333,0
2022-05-27,1.777,1.9101,1.8674261666666672,0
2022-05-27,1.777,1.9101,1.8674261666666672,0
2022-05-30,1.814,1.9069166666666668,1.868218,0
2022-05-30,1.814,1.9069166666666668,1.8682180000000002,0
2022-05-31,1.898,1.9044166666666664,1.8690098333333336,0
2022-05-31,1.898,1.9044166666666666,1.8690098333333338,0
2022-06-01,1.652,1.8974833333333327,1.8698016666666668,0
2022-06-01,1.652,1.8974833333333327,1.8698016666666668,0
2022-06-02,1.674,1.89015,1.8698765,0
2022-06-02,1.674,1.8901499999999998,1.8698765000000002,0
2022-06-06,1.701,1.884183333333333,1.8699513333333333,0
2022-06-06,1.701,1.884183333333333,1.8699513333333333,0
2022-06-07,1.708,1.87795,1.8700261666666669,0
2022-06-07,1.708,1.8779499999999998,1.8700261666666669,0
2022-06-08,1.689,1.8710666666666669,1.870101,0
2022-06-08,1.689,1.8710666666666669,1.870101,0
2022-06-09,1.707,1.86445,1.8701758333333336,1
2022-06-09,1.707,1.8644500000000002,1.8701758333333336,1
2022-06-10,1.675,1.857,1.867661,1
2022-06-10,1.675,1.857,1.8676610000000002,1
2022-06-13,1.7,1.8500833333333333,1.86368,1
2022-06-13,1.7,1.8500833333333333,1.8636800000000002,1
2022-06-14,1.656,1.8429666666666664,1.861713333333333,1
2022-06-14,1.656,1.8429666666666666,1.8617133333333333,1
2022-06-15,1.708,1.8368833333333332,1.8607401666666663,1
2022-06-15,1.708,1.8368833333333334,1.8607401666666665,1
2022-06-16,1.688,1.82995,1.8581016666666663,1
2022-06-16,1.688,1.82995,1.8581016666666663,1
2022-06-17,1.737,1.82435,1.8571101666666667,1
2022-06-17,1.737,1.82435,1.8571101666666667,1
2022-06-20,1.829,1.8202666666666665,1.8537600000000003,1
2022-06-20,1.829,1.8202666666666665,1.8537600000000003,1
2022-06-21,1.796,1.8159333333333327,1.851713333333333,1
2022-06-21,1.796,1.8159333333333327,1.851713333333333,1
2022-06-22,1.783,1.8088666666666664,1.851046333333333,1
2022-06-22,1.783,1.8088666666666664,1.851046333333333,1
2022-06-23,1.755,1.80165,1.8505191666666665,1
2022-06-23,1.755,1.80165,1.8505191666666665,1
2022-06-24,1.85,1.7967333333333333,1.8493233333333332,1
2022-06-24,1.85,1.7967333333333333,1.8493233333333334,1
2022-06-27,1.992,1.79375,1.8467883333333337,1
2022-06-27,1.992,1.79375,1.8467883333333337,1
2022-06-28,1.98,1.7901333333333334,1.84342,1
2022-06-28,1.98,1.7901333333333334,1.84342,1
2022-06-29,2.025,1.790266666666667,1.842833333333333,1
2022-06-29,2.025,1.7902666666666667,1.8428333333333333,1
2022-06-30,2.2,1.7963166666666666,1.8416333333333332,1
2022-06-30,2.2,1.7963166666666666,1.8416333333333335,1
2022-07-01,1.798,1.7928833333333332,1.8405233333333333,1
2022-07-01,1.798,1.7928833333333332,1.8405233333333333,1
2022-07-04,1.624,1.7857666666666667,1.8381733333333332,1
2022-07-04,1.624,1.7857666666666667,1.8381733333333334,1
2022-07-05,1.669,1.7805,1.8371033333333333,1
2022-07-05,1.669,1.7805,1.8371033333333333,1
2022-07-06,1.641,1.7754,1.8349933333333333,1
2022-07-06,1.641,1.7754,1.8349933333333335,1
2022-07-07,1.626,1.7685,1.8332608333333331,1
2022-07-07,1.626,1.7685,1.8332608333333333,1
2022-07-08,1.651,1.76325,1.831913,1
2022-07-08,1.651,1.76325,1.831913,1
2022-07-11,1.627,1.758616666666667,1.830405,1
2022-07-11,1.627,1.758616666666667,1.830405,1
2022-07-12,1.621,1.7552666666666668,1.829826666666667,1
2022-07-12,1.621,1.7552666666666668,1.829826666666667,1
2022-07-13,1.617,1.75095,1.8289465000000005,1
2022-07-13,1.617,1.75095,1.8289465000000003,1
2022-07-14,1.629,1.7480833333333332,1.825465,1
2022-07-14,1.629,1.7480833333333332,1.8254650000000001,1
2022-07-15,1.593,1.7423499999999998,1.8244615,1
2022-07-15,1.593,1.7423499999999998,1.8244615,1
2022-07-18,1.646,1.7397166666666666,1.8239233333333331,1
2022-07-18,1.646,1.7397166666666666,1.8239233333333333,1
2022-07-19,1.629,1.7385333333333333,1.82335,1
2022-07-19,1.629,1.7385333333333333,1.82335,1
2022-07-20,1.679,1.7363666666666666,1.82142,1
2022-07-20,1.679,1.7363666666666666,1.82142,1
2022-07-21,1.679,1.7358166666666663,1.8202333333333327,1
2022-07-21,1.679,1.7358166666666663,1.8202333333333327,1
2022-07-22,1.635,1.73505,1.8199666666666665,1
2022-07-22,1.635,1.73505,1.8199666666666665,1
2022-07-25,1.639,1.7333166666666666,1.8195666666666663,1
2022-07-25,1.639,1.7333166666666666,1.8195666666666663,1
2022-07-26,1.632,1.7291833333333335,1.8193136666666667,1
2022-07-26,1.632,1.7291833333333335,1.8193136666666667,1
2022-07-27,1.613,1.7226333333333337,1.8186181666666668,1
2022-07-27,1.613,1.7226333333333337,1.8186181666666668,1
2022-07-28,1.546,1.7166833333333331,1.8172666666666664,1
2022-07-28,1.546,1.7166833333333333,1.8172666666666666,1
2022-07-29,1.705,1.7152833333333333,1.8161716666666667,1
2022-07-29,1.705,1.7152833333333333,1.8161716666666667,1
2022-08-01,1.56,1.7129666666666663,1.8159566666666669,1
2022-08-01,1.56,1.7129666666666663,1.8159566666666669,1
2022-08-02,1.526,1.7081666666666668,1.8157116666666664,1
2022-08-02,1.526,1.7081666666666668,1.8157116666666664,1
2022-08-03,1.385,1.7040833333333332,1.8153066666666668,1
2022-08-03,1.385,1.7040833333333332,1.8153066666666668,1
2022-08-04,1.381,1.6986333333333332,1.81465,1
2022-08-04,1.381,1.6986333333333332,1.81465,1
2022-08-05,1.384,1.6931333333333332,1.81376,1
2022-08-05,1.384,1.6931333333333332,1.81376,1
2022-08-08,1.391,1.6884666666666668,1.811986,1
2022-08-08,1.391,1.6884666666666668,1.811986,1
2022-08-09,1.409,1.6833833333333332,1.8093226666666669,1
2022-08-09,1.409,1.6833833333333332,1.8093226666666669,1
2022-08-10,1.43,1.6808166666666666,1.8090466666666667,1
2022-08-10,1.43,1.6808166666666666,1.8090466666666667,1
2022-08-11,1.404,1.6767666666666663,1.8088666666666664,1
2022-08-11,1.404,1.6767666666666663,1.8088666666666664,1
2022-08-12,1.413,1.6727500000000002,1.8075016666666668,1
2022-08-12,1.413,1.6727500000000002,1.8075016666666668,1
2022-08-15,1.425,1.66875,1.8062166666666664,1
2022-08-15,1.425,1.66875,1.8062166666666666,1
2022-08-16,1.392,1.6637333333333333,1.804125,1
2022-08-16,1.392,1.6637333333333333,1.8041249999999998,1
2022-08-17,1.467,1.6601666666666666,1.80233,1
2022-08-17,1.467,1.6601666666666666,1.80233,1
2022-08-18,1.479,1.655066666666667,1.8010558333333333,1
2022-08-18,1.479,1.6550666666666667,1.8010558333333333,1
2022-08-19,1.509,1.6508,1.7999703333333334,1
2022-08-19,1.509,1.6508,1.7999703333333334,1
2022-08-22,1.5089,1.6463316666666663,1.7989033333333335,1
2022-08-22,1.5089,1.6463316666666665,1.7989033333333335,1
2022-08-23,1.499,1.6410816666666668,1.7978533333333333,1
2022-08-23,1.499,1.6410816666666668,1.7978533333333333,1
2022-08-24,1.445,1.6335316666666666,1.7967245,1
2022-08-24,1.445,1.6335316666666666,1.7967245,1
2022-08-25,1.515,1.6312483333333332,1.796645,1
2022-08-25,1.515,1.6312483333333332,1.796645,1
2022-08-26,1.745,1.6324316666666667,1.7963494999999998,1
2022-08-26,1.745,1.6324316666666667,1.7963494999999998,1
2022-08-29,1.639,1.6313983333333333,1.794263333333333,1
2022-08-29,1.639,1.6313983333333333,1.794263333333333,1
2022-08-30,1.649,1.630415,1.7936811666666663,1
2022-08-30,1.649,1.630415,1.7936811666666665,1
2022-08-31,1.78,1.6319316666666666,1.7931906666666666,1
2022-08-31,1.78,1.6319316666666666,1.7931906666666666,1
2022-09-01,1.497,1.6284316666666667,1.7926666666666664,1
2022-09-01,1.497,1.6284316666666667,1.7926666666666664,1
2022-09-02,1.51,1.6256816666666667,1.7922766666666663,1
2022-09-02,1.51,1.6256816666666667,1.7922766666666663,1
2022-09-05,1.409,1.620831666666667,1.7914916666666667,1
2022-09-05,1.409,1.620831666666667,1.7914916666666667,1
2022-09-06,1.449,1.6173816666666665,1.79024,1
2022-09-06,1.449,1.6173816666666665,1.79024,1
2022-09-07,1.524,1.614315,1.7900983333333331,1
2022-09-07,1.524,1.614315,1.7900983333333331,1
2022-09-08,1.502,1.611215,1.7897833333333333,1
2022-09-08,1.502,1.611215,1.7897833333333333,1
2022-09-09,1.476,1.606865,1.789213333333333,1
2022-09-09,1.476,1.606865,1.7892133333333333,1
2022-09-13,1.521,1.6017316666666668,1.7884526666666667,1
2022-09-13,1.521,1.6017316666666668,1.7884526666666667,1
2022-09-14,1.557,1.597748333333333,1.7882585,1
2022-09-14,1.557,1.597748333333333,1.7882585,1
2022-09-15,1.547,1.593815,1.78746,1
2022-09-15,1.547,1.593815,1.78746,1
2022-09-16,1.643,1.5919483333333335,1.78635,1
2022-09-16,1.643,1.5919483333333335,1.78635,1
2022-09-19,1.699,1.5894316666666666,1.7856066666666666,1
2022-09-19,1.699,1.5894316666666666,1.7856066666666666,1
2022-09-20,1.687,1.5843483333333337,1.7847416666666664,1
2022-09-20,1.687,1.5843483333333335,1.7847416666666664,1
2022-09-21,1.726,1.580115,1.7827266666666668,1
2022-09-21,1.726,1.580115,1.7827266666666668,1
2022-09-22,1.646,1.5737983333333334,1.7799900000000002,1
2022-09-22,1.646,1.5737983333333334,1.7799900000000002,1
2022-09-23,1.608,1.5639316666666667,1.7754,1
2022-09-23,1.608,1.5639316666666667,1.7754,1
2022-09-26,1.84,1.5646316666666666,1.76919,1
2022-09-26,1.84,1.5646316666666666,1.76919,1
2022-09-27,1.697,1.565848333333333,1.7643000000000002,1
2022-09-27,1.697,1.565848333333333,1.7643000000000002,1
2022-09-28,1.747,1.5671483333333331,1.7629151666666667,1
2022-09-28,1.747,1.5671483333333331,1.7629151666666667,1
2022-09-29,2.015,1.573381666666667,1.7624286666666666,1
2022-09-29,2.015,1.5733816666666667,1.7624286666666666,1
2022-09-30,2.055,1.580531666666667,1.7604083333333334,1
2022-09-30,2.055,1.5805316666666667,1.7604083333333334,1
2022-10-08,1.699,1.5813316666666668,1.757276666666667,1
2022-10-08,1.699,1.5813316666666668,1.757276666666667,1
2022-10-09,1.616,1.5811483333333334,1.753971666666667,1
2022-10-09,1.616,1.5811483333333334,1.753971666666667,1
2022-10-10,1.497,1.5790816666666667,1.7503766666666667,1
2022-10-10,1.497,1.5790816666666667,1.7503766666666667,1
2022-10-11,1.621,1.5791483333333332,1.74751,1
2022-10-11,1.621,1.5791483333333332,1.74751,1
2022-10-12,1.611,1.5788483333333334,1.7423499999999998,1
2022-10-12,1.611,1.5788483333333334,1.7423499999999998,1
2022-10-13,1.638,1.5795983333333334,1.73998,1
2022-10-13,1.638,1.5795983333333334,1.73998,1
2022-10-14,1.594,1.5787316666666666,1.73877,1
2022-10-14,1.594,1.5787316666666666,1.73877,1
2022-10-17,1.558,1.577548333333333,1.7370166666666669,1
2022-10-17,1.558,1.5775483333333333,1.7370166666666667,1
2022-10-18,1.53,1.5750649999999995,1.7360366666666665,1
2022-10-18,1.53,1.5750649999999995,1.7360366666666665,1
2022-10-19,1.547,1.5728650000000002,1.7356241666666663,1
2022-10-19,1.547,1.5728650000000002,1.7356241666666663,1
2022-10-20,1.581,1.5719649999999998,1.7352789999999998,1
2022-10-20,1.581,1.5719649999999998,1.7352789999999998,1
2022-10-21,1.682,1.5726816666666668,1.73453,1
2022-10-21,1.682,1.5726816666666668,1.7345300000000001,1
2022-10-24,1.726,1.5742483333333332,1.7330316666666663,1
2022-10-24,1.726,1.5742483333333332,1.7330316666666663,1
2022-10-25,1.876,1.5786316666666669,1.7316208333333334,1
2022-10-25,1.876,1.5786316666666667,1.7316208333333334,1
2022-10-26,1.995,1.586115,1.7291833333333335,1
2022-10-26,1.995,1.586115,1.7291833333333335,1
2022-10-27,2.013,1.5912483333333332,1.7232883333333335,1
2022-10-27,2.013,1.5912483333333332,1.7232883333333335,1
2022-10-28,1.963,1.597965,1.7178733333333336,1
2022-10-28,1.963,1.597965,1.7178733333333336,1
2022-10-31,1.952,1.605065,1.7157033333333334,1
2022-10-31,1.952,1.605065,1.7157033333333334,1
2022-11-01,1.829,1.612465,1.7138933333333333,1
2022-11-01,1.829,1.612465,1.7138933333333333,1
2022-11-02,1.771,1.618965,1.7115916666666666,1
2022-11-02,1.771,1.618965,1.7115916666666666,1
2022-11-03,1.718,1.6245316666666667,1.709396666666667,1
2022-11-03,1.718,1.6245316666666667,1.709396666666667,1
2022-11-04,1.702,1.629715,1.706986166666667,1
2022-11-04,1.702,1.629715,1.706986166666667,1
2022-11-07,1.786,1.6359983333333332,1.704202,1
2022-11-07,1.786,1.6359983333333332,1.704202,1
2022-11-08,1.812,1.642365,1.7039481666666665,1
2022-11-08,1.812,1.642365,1.7039481666666665,1
2022-11-09,1.855,1.6498816666666667,1.7027316666666663,1
2022-11-09,1.855,1.6498816666666667,1.7027316666666665,1
2022-11-10,1.938,1.6586316666666667,1.7011191666666667,1
2022-11-10,1.938,1.6586316666666667,1.7011191666666667,1
2022-11-11,1.888,1.666348333333333,1.7004906666666668,1
2022-11-11,1.888,1.666348333333333,1.7004906666666668,1
2022-11-14,1.846,1.673915,1.6996818333333332,1
2022-11-14,1.846,1.673915,1.6996818333333332,1
2022-11-15,1.929,1.681615,1.6989333333333332,1
2022-11-15,1.929,1.681615,1.6989333333333332,1
2022-11-16,1.998,1.690265,1.69755,1
2022-11-16,1.998,1.690265,1.69755,1
2022-11-17,1.863,1.696165,1.6963739999999998,1
2022-11-17,1.863,1.6961650000000001,1.6963739999999998,1
2022-11-18,1.791,1.7008666666666667,1.6962195,0
2022-11-18,1.791,1.7008666666666667,1.6962195,0
2022-11-21,1.675,1.7038,1.6962246666666667,0
2022-11-21,1.675,1.7038,1.6962246666666667,0
2022-11-22,1.665,1.707466666666667,1.6962298333333332,0
2022-11-22,1.665,1.7074666666666667,1.6962298333333332,0
2022-11-23,1.673,1.7101000000000002,1.696235,0
2022-11-23,1.673,1.7101000000000002,1.696235,0
2022-11-24,1.769,1.7105,1.6962581666666663,0
2022-11-24,1.769,1.7105,1.6962581666666663,0
2022-11-25,1.744,1.71225,1.6962813333333333,0
2022-11-25,1.744,1.71225,1.6962813333333333,0
2022-11-28,1.881,1.7161166666666667,1.6963045,0
2022-11-28,1.881,1.7161166666666667,1.6963044999999999,0
2022-11-29,1.865,1.7175333333333334,1.696327666666667,0
2022-11-29,1.865,1.7175333333333334,1.696327666666667,0
2022-11-30,1.915,1.7245,1.6963508333333333,0
2022-11-30,1.915,1.7245,1.6963508333333333,0
2022-12-01,1.729,1.72815,1.6963739999999998,0
2022-12-01,1.729,1.7281499999999999,1.6963739999999998,0
2022-12-02,1.693,1.732883333333333,1.6963971666666666,0
2022-12-02,1.693,1.7328833333333333,1.6963971666666666,0
2022-12-05,1.689,1.7368833333333336,1.6964203333333332,0
2022-12-05,1.689,1.7368833333333336,1.6964203333333332,0
2022-12-06,1.677,1.7394333333333334,1.6964435,0
2022-12-06,1.677,1.7394333333333334,1.6964435,0
2022-12-07,1.663,1.7421166666666668,1.6964666666666666,0
2022-12-07,1.663,1.7421166666666668,1.6964666666666666,0
2022-12-08,1.71,1.7460166666666666,1.696683333333333,0
2022-12-08,1.71,1.7460166666666666,1.6966833333333333,0
2022-12-09,1.759,1.7499833333333332,1.6969,0
2022-12-09,1.759,1.7499833333333332,1.6969,0
2022-12-12,1.61,1.7508666666666668,1.6971166666666666,0
2022-12-12,1.61,1.7508666666666668,1.6971166666666666,0
2022-12-13,1.748,1.7542166666666668,1.6973333333333334,0
2022-12-13,1.748,1.7542166666666668,1.6973333333333334,0
2022-12-14,1.669,1.75465,1.69755,0
2022-12-14,1.669,1.75465,1.69755,0
2022-12-15,1.626,1.7534333333333334,1.6977666666666666,0
2022-12-15,1.626,1.7534333333333334,1.6977666666666666,0
2022-12-16,1.752,1.7545166666666667,1.6979833333333334,0
2022-12-16,1.752,1.7545166666666667,1.6979833333333334,0
2022-12-19,1.8,1.75575,1.6982,0
2022-12-19,1.8,1.75575,1.6982,0
2022-12-20,1.807,1.7584333333333333,1.698416666666667,0
2022-12-20,1.807,1.7584333333333333,1.698416666666667,0
2022-12-21,1.687,1.75975,1.6986333333333332,0
2022-12-21,1.687,1.75975,1.6986333333333332,0
2022-12-22,1.579,1.7554000000000003,1.6987083333333333,0
2022-12-22,1.579,1.7554000000000003,1.6987083333333333,0
2022-12-23,1.687,1.7552333333333334,1.698783333333333,0
2022-12-23,1.687,1.7552333333333334,1.698783333333333,0
2022-12-26,1.961,1.7588,1.6988583333333331,0
2022-12-26,1.961,1.7588000000000001,1.6988583333333331,0
2022-12-27,2.004,1.758616666666667,1.6989333333333332,0
2022-12-27,2.004,1.758616666666667,1.6989333333333332,0
2022-12-28,2.019,1.7580166666666666,1.6990083333333332,0
2022-12-28,2.019,1.7580166666666666,1.6990083333333332,0
2022-12-29,2.261,1.7673833333333335,1.6990833333333333,0
2022-12-29,2.261,1.7673833333333335,1.6990833333333333,0
2022-12-30,2.223,1.7775,1.699158333333333,0
2022-12-30,2.223,1.7775,1.6991583333333333,0
2023-01-03,1.92,1.78455,1.6992333333333332,0
2023-01-03,1.92,1.78455,1.6992333333333332,0
2023-01-04,1.582,1.7839,1.6993083333333332,0
2023-01-04,1.582,1.7839,1.6993083333333332,0
2023-01-05,1.388,1.7801833333333337,1.6993833333333332,0
2023-01-05,1.388,1.7801833333333337,1.6993833333333332,0
2023-01-06,1.58,1.779216666666667,1.6994828333333334,0
2023-01-06,1.58,1.779216666666667,1.6994828333333334,0
2023-01-09,1.729,1.7814666666666668,1.6995823333333333,0
2023-01-09,1.729,1.7814666666666668,1.6995823333333333,0
2023-01-10,1.933,1.7877166666666666,1.6996818333333332,0
2023-01-10,1.933,1.7877166666666666,1.6996818333333332,0
2023-01-11,1.996,1.7954833333333335,1.6997813333333334,0
2023-01-11,1.996,1.7954833333333335,1.6997813333333334,0
2023-01-12,1.992,1.8029,1.6998808333333333,0
2023-01-12,1.992,1.8029,1.6998808333333333,0
2023-01-13,1.94,1.8088833333333327,1.6999803333333334,0
2023-01-13,1.94,1.8088833333333327,1.6999803333333334,0
2023-01-16,2.054,1.8150833333333332,1.7000798333333331,0
2023-01-16,2.054,1.8150833333333334,1.7000798333333333,0
2023-01-17,2.195,1.8229,1.7001793333333333,0
2023-01-17,2.195,1.8229,1.7001793333333333,0
2023-01-18,2.135,1.8272166666666665,1.7002788333333334,0
2023-01-18,2.135,1.8272166666666665,1.7002788333333334,0
2023-01-19,2.281,1.8319833333333333,1.700378333333333,0
2023-01-19,2.281,1.8319833333333333,1.700378333333333,0
2023-01-20,1.988,1.8315666666666668,1.7004271666666666,0
2023-01-20,1.988,1.8315666666666668,1.7004271666666666,0
2023-01-28,1.915,1.8307666666666669,1.700476,0
2023-01-28,1.915,1.8307666666666669,1.700476,0
2023-01-29,1.854,1.8291333333333333,1.7005248333333334,0
2023-01-29,1.854,1.8291333333333335,1.7005248333333334,0
2023-01-30,2.05,1.8328166666666668,1.7005736666666669,0
2023-01-30,2.05,1.8328166666666668,1.7005736666666667,0
2023-01-31,2.121,1.83865,1.7006225,0
2023-01-31,2.121,1.83865,1.7006225,0
2023-02-01,2.045,1.8441,1.7006713333333334,0
2023-02-01,2.045,1.8441,1.7006713333333334,0
2023-02-02,1.959,1.8483833333333333,1.7007201666666667,0
2023-02-02,1.959,1.8483833333333333,1.7007201666666667,0
2023-02-03,1.85,1.84945,1.700769,0
2023-02-03,1.85,1.84945,1.700769,0
2023-02-06,2.007,1.8527,1.7008178333333337,0
2023-02-06,2.007,1.8527,1.7008178333333337,0
2023-02-07,2.086,1.85655,1.7008666666666667,0
2023-02-07,2.086,1.85655,1.7008666666666667,0
2023-02-08,2.194,1.8608166666666668,1.700874,0
2023-02-08,2.194,1.8608166666666668,1.700874,0
2023-02-09,2.198,1.865983333333333,1.7008813333333337,0
2023-02-09,2.198,1.865983333333333,1.7008813333333337,0
2023-02-10,1.961,1.8679,1.7008886666666667,0
2023-02-10,1.961,1.8679,1.7008886666666667,0
2023-02-13,1.923,1.8678,1.7008960000000002,0
2023-02-13,1.923,1.8678,1.7008960000000002,0
2023-02-14,2.007,1.86795,1.7009033333333334,0
2023-02-14,2.007,1.86795,1.7009033333333334,0
2023-02-15,1.996,1.8701666666666663,1.700910666666667,0
2023-02-15,1.996,1.8701666666666665,1.7009106666666667,0
2023-02-16,2.095,1.8752333333333333,1.7009180000000002,0
2023-02-16,2.095,1.8752333333333333,1.7009180000000002,0
2023-02-17,2.198,1.88395,1.7009253333333334,0
2023-02-17,2.198,1.88395,1.7009253333333334,0
2023-02-20,2.104,1.8912666666666669,1.7009326666666669,0
2023-02-20,2.104,1.8912666666666669,1.7009326666666669,0
2023-02-21,2.136,1.8989833333333328,1.70094,0
2023-02-21,2.136,1.8989833333333332,1.7009400000000001,0
2023-02-22,2.158,1.9054666666666664,1.7011191666666667,0
2023-02-22,2.158,1.9054666666666664,1.7011191666666667,0
2023-02-23,2.163,1.91245,1.7012983333333336,0
2023-02-23,2.163,1.91245,1.7012983333333336,0
2023-02-24,2.243,1.918483333333333,1.7014775,0
2023-02-24,2.243,1.918483333333333,1.7014775,0
2023-02-27,2.177,1.9236833333333327,1.7016566666666668,0
2023-02-27,2.177,1.9236833333333332,1.7016566666666668,0
2023-02-28,2.352,1.9309666666666667,1.7018358333333334,0
2023-02-28,2.352,1.9309666666666667,1.7018358333333334,0
2023-03-01,2.09,1.9369833333333333,1.702015,0
2023-03-01,2.09,1.9369833333333333,1.702015,0
2023-03-02,1.993,1.9419833333333327,1.702194166666667,0
2023-03-02,1.993,1.9419833333333327,1.702194166666667,0
2023-03-03,1.931,1.9460166666666665,1.7023733333333333,0
2023-03-03,1.931,1.9460166666666665,1.7023733333333333,0
2023-03-06,1.816,1.9483333333333333,1.7025525,0
2023-03-06,1.816,1.9483333333333335,1.7025525,0
2023-03-07,1.873,1.9518333333333333,1.7027316666666663,0
2023-03-07,1.873,1.9518333333333333,1.7027316666666665,0
2023-03-08,1.915,1.95525,1.7028385,0
2023-03-08,1.915,1.95525,1.7028385,0
2023-03-09,1.921,1.95795,1.7029453333333333,0
2023-03-09,1.921,1.95795,1.7029453333333333,0
2023-03-10,2.013,1.9646666666666663,1.7030521666666665,0
2023-03-10,2.013,1.9646666666666666,1.7030521666666665,0
2023-03-13,1.959,1.9681833333333327,1.703159,0
2023-03-13,1.959,1.9681833333333327,1.703159,0
2023-03-14,2.055,1.974616666666667,1.7032658333333333,0
2023-03-14,2.055,1.9746166666666667,1.7032658333333333,0
2023-03-15,2.089,1.9823333333333333,1.7033726666666666,0
2023-03-15,2.089,1.9823333333333333,1.7033726666666666,0
2023-03-16,2.177,1.9894166666666664,1.7034795,0
2023-03-16,2.177,1.9894166666666666,1.7034795,0
2023-03-17,2.086,1.9941833333333328,1.7035863333333332,0
2023-03-17,2.086,1.9941833333333332,1.7035863333333332,0
2023-03-20,2.163,2.0001166666666665,1.7036931666666666,0
2023-03-20,2.163,2.0001166666666665,1.7036931666666666,0
2023-03-21,2.198,2.008633333333333,1.7038,0
2023-03-21,2.198,2.008633333333333,1.7038,0
2023-03-22,2.078,2.01695,1.7038283333333333,0
2023-03-22,2.078,2.01695,1.7038283333333333,0
2023-03-23,1.937,2.0211166666666665,1.7038566666666666,0
2023-03-23,1.937,2.0211166666666665,1.7038566666666666,0
2023-03-24,1.703,2.0168166666666667,1.703885,0
2023-03-24,1.703,2.0168166666666667,1.7038849999999999,0
2023-03-27,2.117,2.0187,1.7039133333333332,0
2023-03-27,2.117,2.0187,1.7039133333333332,0
2023-03-28,2.028,2.01885,1.703941666666667,0
2023-03-28,2.028,2.01885,1.7039416666666667,0
2023-03-29,2.157,2.017116666666667,1.70397,0
2023-03-29,2.157,2.017116666666667,1.70397,0
2023-03-30,2.144,2.0158,1.7039983333333333,0
2023-03-30,2.144,2.0158,1.7039983333333333,0
2023-03-31,2.215,2.020716666666667,1.7040266666666666,0
2023-03-31,2.215,2.020716666666667,1.7040266666666666,0
2023-04-03,1.924,2.0264166666666665,1.704055,0
2023-04-03,1.924,2.0264166666666665,1.704055,0
2023-04-04,1.87,2.03445,1.7040833333333332,0
2023-04-04,1.87,2.03445,1.7040833333333332,0
2023-04-06,1.978,2.0410833333333334,1.7040981666666666,0
2023-04-06,1.978,2.0410833333333334,1.7040981666666666,0
2023-04-07,1.997,2.04555,1.7041129999999998,0
2023-04-07,1.997,2.04555,1.7041129999999998,0
2023-04-10,2.004,2.046733333333333,1.7041278333333332,0
2023-04-10,2.004,2.0467333333333335,1.7041278333333332,0
2023-04-11,1.985,2.04655,1.7041426666666666,0
2023-04-11,1.985,2.04655,1.7041426666666666,0
2023-04-12,1.997,2.0466333333333333,1.7041575,0
2023-04-12,1.997,2.0466333333333333,1.7041575,0
2023-04-13,1.998,2.0476,1.7041723333333332,0
2023-04-13,1.998,2.0476,1.7041723333333332,0
2023-04-14,2.0,2.0467,1.7041871666666666,0
2023-04-14,2.0,2.0467,1.7041871666666666,0
2023-04-17,2.048,2.04425,1.704202,0
2023-04-17,2.048,2.04425,1.704202,0
2023-04-18,2.078,2.0433,1.7042168333333332,0
2023-04-18,2.078,2.0433,1.7042168333333332,0
2023-04-19,2.097,2.0402333333333336,1.7042316666666666,0
2023-04-19,2.097,2.0402333333333336,1.7042316666666666,0
2023-04-20,2.101,2.042116666666667,1.7045551666666667,0
2023-04-20,2.101,2.042116666666667,1.7045551666666667,0
2023-04-21,2.199,2.04685,1.7048786666666669,0
2023-04-21,2.199,2.04685,1.7048786666666669,0
2023-04-23,2.096,2.050883333333333,1.7052021666666666,0
2023-04-23,2.096,2.050883333333333,1.7052021666666666,0
2023-04-24,2.117,2.052,1.7055256666666667,0
2023-04-24,2.117,2.052,1.7055256666666667,0
2023-04-25,2.022,2.05035,1.7058491666666666,0
2023-04-25,2.022,2.05035,1.7058491666666666,0
2023-04-26,2.062,2.0506333333333333,1.7061726666666668,0
2023-04-26,2.062,2.0506333333333333,1.7061726666666668,0
2023-04-27,2.211,2.0548333333333333,1.7064961666666667,0
2023-04-27,2.211,2.0548333333333333,1.7064961666666667,0
2023-04-28,2.3,2.0623333333333336,1.7068196666666666,0
2023-04-28,2.3,2.0623333333333336,1.7068196666666666,0
2023-05-04,1.963,2.0616,1.7071431666666668,0
2023-05-04,1.963,2.0616,1.7071431666666668,0
2023-05-05,1.815,2.0570833333333334,1.707466666666667,0
2023-05-05,1.815,2.0570833333333334,1.7074666666666667,0
2023-05-06,1.745,2.0496,1.7075366666666667,0
2023-05-06,1.745,2.0496,1.7075366666666667,0
2023-05-08,1.795,2.0428833333333336,1.7076066666666667,0
2023-05-08,1.795,2.0428833333333336,1.7076066666666667,0
2023-05-09,1.825,2.0406166666666667,1.7076766666666667,0
2023-05-09,1.825,2.0406166666666667,1.7076766666666667,0
2023-05-10,1.902,2.0402666666666667,1.7077466666666667,0
2023-05-10,1.902,2.0402666666666667,1.7077466666666667,0
2023-05-11,1.803,2.0368666666666666,1.7078166666666668,0
2023-05-11,1.803,2.0368666666666666,1.7078166666666668,0
2023-05-12,1.829,2.034083333333333,1.7078866666666668,0
2023-05-12,1.829,2.034083333333333,1.7078866666666668,0
2023-05-15,1.874,2.0304,1.7079566666666668,0
2023-05-15,1.874,2.0303999999999998,1.7079566666666668,0
2023-05-16,1.766,2.0232,1.7080266666666668,0
2023-05-16,1.766,2.0232,1.7080266666666668,0
2023-05-17,1.844,2.0188666666666664,1.7080966666666668,0
2023-05-17,1.844,2.0188666666666664,1.7080966666666668,0
2023-05-18,1.76,2.0126,1.7081666666666668,0
2023-05-18,1.76,2.0126,1.7081666666666668,0
2023-05-19,1.91,2.008466666666666,1.70836,0
2023-05-19,1.91,2.008466666666666,1.70836,0
2023-05-22,1.897,2.0040333333333336,1.7085533333333336,0
2023-05-22,1.897,2.0040333333333336,1.7085533333333336,0
2023-05-23,1.824,1.99705,1.7087466666666669,0
2023-05-23,1.824,1.99705,1.7087466666666669,0
2023-05-24,1.762,1.9901333333333333,1.70894,0
2023-05-24,1.762,1.9901333333333333,1.7089400000000001,0
2023-05-25,1.908,1.9827333333333328,1.7091333333333334,0
2023-05-25,1.908,1.9827333333333332,1.7091333333333334,0
2023-05-26,1.992,1.9811,1.7093266666666669,0
2023-05-26,1.992,1.9811,1.7093266666666669,0
2023-05-29,1.937,1.9801666666666664,1.7095200000000002,0
2023-05-29,1.937,1.9801666666666664,1.7095200000000002,0
2023-05-30,1.993,1.9812,1.7097133333333334,0
2023-05-30,1.993,1.9812,1.7097133333333334,0
2023-05-31,2.058,1.9852333333333332,1.709906666666667,0
2023-05-31,2.058,1.9852333333333334,1.709906666666667,0
2023-06-01,1.848,1.984816666666667,1.7101000000000002,0
2023-06-01,1.848,1.984816666666667,1.7101000000000002,0
2023-06-02,1.814,1.9831333333333327,1.710111666666667,0
2023-06-02,1.814,1.9831333333333327,1.710111666666667,0
2023-06-05,1.847,1.9819,1.7101233333333334,0
2023-06-05,1.847,1.9819,1.7101233333333334,0
2023-06-06,1.767,1.9778,1.7101350000000002,0
2023-06-06,1.767,1.9778,1.7101350000000002,0
2023-06-07,1.855,1.9760666666666669,1.7101466666666667,0
2023-06-07,1.855,1.9760666666666669,1.7101466666666667,0
2023-06-08,1.85,1.97265,1.7101583333333334,0
2023-06-08,1.85,1.97265,1.7101583333333334,0
2023-06-09,1.826,1.9682666666666668,1.7101700000000002,0
2023-06-09,1.826,1.9682666666666668,1.7101700000000002,0
2023-06-12,1.83,1.9624833333333336,1.7101816666666667,0
2023-06-12,1.83,1.9624833333333336,1.7101816666666667,0
2023-06-13,1.84,1.9583833333333327,1.7101933333333337,0
2023-06-13,1.84,1.9583833333333327,1.7101933333333337,0
2023-06-14,1.846,1.9531,1.710205,0
2023-06-14,1.846,1.9530999999999998,1.710205,0
2023-06-15,1.839,1.9471166666666664,1.7102166666666667,0
2023-06-15,1.839,1.9471166666666666,1.7102166666666667,0
2023-06-16,1.925,1.9445666666666663,1.710245,0
2023-06-16,1.925,1.9445666666666663,1.710245,0
2023-06-19,1.984,1.94535,1.710273333333333,0
2023-06-19,1.984,1.94535,1.710273333333333,0
2023-06-20,2.043,1.9510166666666664,1.7103016666666666,0
2023-06-20,2.043,1.9510166666666666,1.7103016666666666,0
2023-06-21,2.009,1.9492166666666664,1.71033,0
2023-06-21,2.009,1.9492166666666664,1.71033,0
2023-06-25,1.95,1.9479166666666667,1.7103583333333332,0
2023-06-25,1.95,1.9479166666666667,1.7103583333333332,0
2023-06-26,1.867,1.9430833333333333,1.7103866666666667,0
2023-06-26,1.867,1.9430833333333333,1.7103866666666667,0
2023-06-27,1.851,1.9382,1.710415,0
2023-06-27,1.851,1.9382,1.710415,0
2023-06-28,1.867,1.9324,1.710443333333333,0
2023-06-28,1.867,1.9324,1.710443333333333,0
2023-06-29,1.884,1.9317333333333333,1.7104716666666666,0
2023-06-29,1.884,1.9317333333333333,1.7104716666666666,0
2023-06-30,2.063,1.93495,1.7105,0
2023-06-30,2.063,1.93495,1.7105,0
2023-07-03,1.795,1.9319,1.710675,0
2023-07-03,1.795,1.9319,1.710675,0
2023-07-04,1.758,1.927916666666667,1.71085,0
2023-07-04,1.758,1.927916666666667,1.71085,0
2023-07-05,1.808,1.92465,1.711025,0
2023-07-05,1.808,1.92465,1.711025,0
2023-07-06,1.763,1.92095,1.7112,0
2023-07-06,1.763,1.92095,1.7112,0
2023-07-07,1.779,1.9173166666666668,1.711375,0
2023-07-07,1.779,1.9173166666666668,1.711375,0
2023-07-10,1.726,1.9127833333333333,1.71155,0
2023-07-10,1.726,1.9127833333333333,1.7115500000000001,0
2023-07-11,1.744,1.9085166666666664,1.7117250000000002,0
2023-07-11,1.744,1.9085166666666666,1.7117250000000002,0
2023-07-12,1.781,1.9040666666666664,1.7119,0
2023-07-12,1.781,1.9040666666666666,1.7119,0
2023-07-13,1.782,1.8991333333333336,1.712075,0
2023-07-13,1.782,1.8991333333333336,1.712075,0
2023-07-14,1.806,1.894283333333333,1.71225,0
2023-07-14,1.806,1.894283333333333,1.71225,0
2023-07-17,1.86,1.8902666666666663,1.7123216666666667,0
2023-07-17,1.86,1.8902666666666663,1.7123216666666667,0
2023-07-18,1.892,1.88515,1.7123933333333334,0
2023-07-18,1.892,1.88515,1.7123933333333334,0
2023-07-19,1.872,1.8814166666666663,1.712465,0
2023-07-19,1.872,1.8814166666666665,1.712465,0
2023-07-20,1.832,1.8766666666666667,1.7125366666666666,0
2023-07-20,1.832,1.8766666666666667,1.7125366666666666,0
2023-07-21,1.826,1.8734,1.7126083333333333,0
2023-07-21,1.826,1.8734,1.7126083333333333,0
2023-07-24,1.808,1.8691666666666669,1.71268,0
2023-07-24,1.808,1.8691666666666669,1.71268,0
2023-07-25,1.843,1.863033333333333,1.712751666666667,0
2023-07-25,1.843,1.8630333333333335,1.7127516666666667,0
2023-07-26,1.853,1.8555833333333327,1.7128233333333331,0
2023-07-26,1.853,1.8555833333333331,1.7128233333333331,0
2023-07-27,1.818,1.8531666666666664,1.7128949999999998,0
2023-07-27,1.818,1.8531666666666666,1.7128949999999998,0
2023-07-28,1.826,1.85335,1.7129666666666663,0
2023-07-28,1.826,1.85335,1.7129666666666663,0
2023-07-31,1.963,1.8569833333333328,1.7131983333333332,0
2023-07-31,1.963,1.8569833333333332,1.7131983333333332,0
2023-08-01,1.806,1.8571666666666664,1.71343,0
2023-08-01,1.806,1.8571666666666666,1.71343,0
2023-08-02,1.777,1.8563666666666667,1.7136616666666666,0
2023-08-02,1.777,1.8563666666666667,1.7136616666666666,0
2023-08-03,1.671,1.8525166666666668,1.7138933333333333,0
2023-08-03,1.671,1.8525166666666668,1.7138933333333333,0
2023-08-04,1.64,1.8498,1.714125,0
2023-08-04,1.64,1.8498,1.714125,0
2023-08-07,1.737,1.8482666666666667,1.7143566666666663,0
2023-08-07,1.737,1.8482666666666667,1.7143566666666663,0
2023-08-08,1.775,1.8466166666666668,1.7145883333333334,0
2023-08-08,1.775,1.8466166666666668,1.7145883333333334,0
2023-08-09,1.782,1.8468833333333332,1.71482,0
2023-08-09,1.782,1.8468833333333334,1.71482,0
2023-08-10,1.758,1.84545,1.7150516666666666,0
2023-08-10,1.758,1.84545,1.7150516666666666,0
2023-08-11,1.777,1.8457333333333328,1.7152833333333333,0
2023-08-11,1.777,1.8457333333333332,1.7152833333333333,0
2023-08-14,1.832,1.8444333333333336,1.7153666666666667,0
2023-08-14,1.832,1.8444333333333336,1.7153666666666667,0
2023-08-15,1.886,1.84425,1.71545,0
2023-08-15,1.886,1.84425,1.71545,0
2023-08-16,1.831,1.8443666666666667,1.7155333333333334,0
2023-08-16,1.831,1.8443666666666667,1.7155333333333334,0
2023-08-17,1.868,1.8461333333333332,1.7156166666666668,0
2023-08-17,1.868,1.8461333333333334,1.7156166666666668,0
2023-08-18,1.886,1.8457666666666663,1.7157,0
2023-08-18,1.886,1.8457666666666663,1.7157,0
2023-08-21,1.875,1.8438166666666664,1.7157833333333334,0
2023-08-21,1.875,1.8438166666666664,1.7157833333333334,0
2023-08-22,1.824,1.8419333333333328,1.7158666666666669,0
2023-08-22,1.824,1.8419333333333328,1.7158666666666669,0
2023-08-23,1.81,1.8388833333333328,1.71595,0
2023-08-23,1.81,1.8388833333333328,1.71595,0
2023-08-24,1.795,1.8345,1.7160333333333335,0
2023-08-24,1.795,1.8344999999999998,1.7160333333333335,0
2023-08-25,1.896,1.8353,1.7161166666666667,0
2023-08-25,1.896,1.8353,1.7161166666666667,0
2023-08-28,2.056,1.8393333333333333,1.716173333333333,0
2023-08-28,2.056,1.8393333333333333,1.716173333333333,0
2023-08-29,2.091,1.8434,1.71623,0
2023-08-29,2.091,1.8434,1.71623,0
2023-08-30,2.235,1.8512,1.7162866666666667,0
2023-08-30,2.235,1.8512,1.7162866666666667,0
2023-08-31,2.103,1.8553333333333333,1.716343333333333,0
2023-08-31,2.103,1.8553333333333333,1.7163433333333333,0
2023-09-01,1.814,1.8547333333333331,1.7164,0
2023-09-01,1.814,1.8547333333333333,1.7164000000000001,0
2023-09-04,1.728,1.8531,1.7164566666666667,0
2023-09-04,1.728,1.8531,1.7164566666666667,0
2023-09-05,1.733,1.8514833333333327,1.7165133333333331,0
2023-09-05,1.733,1.8514833333333327,1.7165133333333331,0
2023-09-06,1.795,1.8507333333333336,1.71657,0
2023-09-06,1.795,1.8507333333333336,1.71657,0
2023-09-07,1.904,1.8517,1.7166266666666667,0
2023-09-07,1.904,1.8517000000000001,1.7166266666666667,0
2023-09-08,1.835,1.8516333333333328,1.7166833333333331,0
2023-09-08,1.835,1.8516333333333328,1.7166833333333331,0
2023-09-11,1.955,1.8521333333333332,1.7167683333333337,0
2023-09-11,1.955,1.8521333333333334,1.7167683333333335,0
2023-09-12,1.931,1.85125,1.7168533333333331,0
2023-09-12,1.931,1.85125,1.7168533333333331,0
2023-09-13,1.874,1.8484333333333332,1.7169383333333337,0
2023-09-13,1.874,1.8484333333333334,1.7169383333333335,0
2023-09-14,1.917,1.8469,1.7170233333333331,0
2023-09-14,1.917,1.8469,1.7170233333333331,0
2023-09-15,1.9,1.8460666666666663,1.7171083333333337,0
2023-09-15,1.9,1.8460666666666663,1.7171083333333337,0
2023-09-18,1.891,1.8464666666666667,1.7171933333333331,0
2023-09-18,1.891,1.8464666666666667,1.7171933333333331,0
2023-09-19,1.925,1.8477,1.7172783333333337,0
2023-09-19,1.925,1.8477,1.7172783333333335,0
2023-09-20,1.961,1.8492666666666664,1.7173633333333334,0
2023-09-20,1.961,1.8492666666666664,1.7173633333333334,0
2023-09-21,1.951,1.8503833333333333,1.7174483333333337,0
2023-09-21,1.951,1.8503833333333333,1.7174483333333335,0
2023-09-22,1.988,1.8491333333333333,1.7175333333333334,0
2023-09-22,1.988,1.8491333333333335,1.7175333333333334,0
2023-09-25,2.005,1.8526333333333331,1.7180433333333336,0
2023-09-25,2.005,1.8526333333333334,1.7180433333333336,0
2023-09-26,1.969,1.85615,1.7185533333333336,0
2023-09-26,1.969,1.85615,1.7185533333333336,0
2023-09-27,1.848,1.8568166666666668,1.7190633333333334,0
2023-09-27,1.848,1.8568166666666668,1.7190633333333334,0
2023-09-28,2.195,1.8640166666666669,1.7195733333333336,0
2023-09-28,2.195,1.8640166666666669,1.7195733333333336,0
2023-10-07,1.831,1.8648833333333328,1.7200833333333334,0
2023-10-07,1.831,1.8648833333333328,1.7200833333333334,0
2023-10-08,1.764,1.8655166666666667,1.7205933333333336,0
2023-10-08,1.764,1.8655166666666667,1.7205933333333336,0
2023-10-09,1.801,1.8664666666666667,1.7211033333333337,0
2023-10-09,1.801,1.8664666666666667,1.7211033333333337,0
2023-10-10,1.861,1.8678,1.7216133333333334,0
2023-10-10,1.861,1.8678,1.7216133333333334,0
2023-10-11,1.895,1.8696833333333331,1.7221233333333337,0
2023-10-11,1.895,1.8696833333333334,1.7221233333333337,0
2023-10-12,1.889,1.8710666666666669,1.7226333333333337,0
2023-10-12,1.889,1.8710666666666669,1.7226333333333337,0
2023-10-13,1.893,1.8716166666666667,1.7228200000000002,0
2023-10-13,1.893,1.8716166666666667,1.7228200000000002,0
2023-10-16,1.793,1.8699666666666668,1.7230066666666668,0
2023-10-16,1.793,1.8699666666666668,1.7230066666666668,0
2023-10-17,1.844,1.8695,1.7231933333333334,0
2023-10-17,1.844,1.8695,1.7231933333333334,0
2023-10-18,1.899,1.8706166666666664,1.72338,0
2023-10-18,1.899,1.8706166666666664,1.72338,0
2023-10-19,1.929,1.8723333333333332,1.7235666666666667,0
2023-10-19,1.929,1.8723333333333334,1.7235666666666667,0
2023-10-20,2.103,1.87725,1.7237533333333337,0
2023-10-20,2.103,1.8772499999999999,1.7237533333333335,0
2023-10-23,1.933,1.87875,1.72394,0
2023-10-23,1.933,1.87875,1.72394,0
2023-10-24,1.988,1.881,1.7241266666666666,0
2023-10-24,1.988,1.881,1.7241266666666666,0
2023-10-25,2.006,1.8841333333333332,1.7243133333333334,0
2023-10-25,2.006,1.8841333333333334,1.7243133333333334,0
2023-10-26,2.045,1.8877833333333327,1.7245,0
2023-10-26,2.045,1.8877833333333327,1.7245,0
2023-10-27,2.053,1.8892833333333328,1.724865,0
2023-10-27,2.053,1.8892833333333328,1.724865,0
2023-10-30,2.041,1.8932,1.72523,0
2023-10-30,2.041,1.8932,1.72523,0
2023-10-31,1.965,1.8963333333333332,1.725595,0
2023-10-31,1.965,1.8963333333333334,1.725595,0
2023-11-01,1.889,1.8999666666666664,1.72596,0
2023-11-01,1.889,1.8999666666666666,1.72596,0
2023-11-02,1.837,1.90325,1.726325,0
2023-11-02,1.837,1.9032499999999999,1.7263249999999999,0
2023-11-03,1.742,1.903333333333333,1.72669,0
2023-11-03,1.742,1.903333333333333,1.72669,0
2023-11-06,1.752,1.90295,1.727055,0
2023-11-06,1.752,1.90295,1.727055,0
2023-11-07,1.817,1.9035333333333333,1.72742,0
2023-11-07,1.817,1.9035333333333333,1.72742,0
2023-11-08,1.822,1.9046,1.727785,0
2023-11-08,1.822,1.9045999999999998,1.727785,0
2023-11-09,1.824,1.9053833333333332,1.72815,0
2023-11-09,1.824,1.9053833333333334,1.7281499999999999,0
2023-11-10,1.826,1.9052833333333328,1.7282533333333332,0
2023-11-10,1.826,1.9052833333333332,1.7282533333333332,0
2023-11-13,1.84,1.9045166666666664,1.7283566666666663,0
2023-11-13,1.84,1.9045166666666666,1.7283566666666665,0
2023-11-14,1.967,1.9067833333333333,1.72846,0
2023-11-14,1.967,1.9067833333333333,1.72846,0
2023-11-15,1.896,1.90725,1.7285633333333337,0
2023-11-15,1.896,1.90725,1.7285633333333337,0
2023-11-16,1.951,1.9083333333333328,1.7286666666666668,0
2023-11-16,1.951,1.9083333333333328,1.7286666666666668,0
2023-11-17,1.9622,1.9097866666666667,1.72877,0
2023-11-17,1.9622,1.9097866666666667,1.7287700000000001,0
2023-11-20,1.962,1.9120866666666667,1.7288733333333337,0
2023-11-20,1.962,1.9120866666666667,1.7288733333333335,0
2023-11-21,1.961,1.9146033333333328,1.7289766666666668,0
2023-11-21,1.961,1.9146033333333332,1.7289766666666668,0
2023-11-22,1.997,1.91797,1.7290800000000002,0
2023-11-22,1.997,1.91797,1.7290800000000002,0
2023-11-23,1.949,1.9188533333333333,1.7291833333333335,0
2023-11-23,1.949,1.9188533333333335,1.7291833333333335,0
2023-11-24,2.195,1.92117,1.729454166666667,0
2023-11-24,2.195,1.92117,1.729454166666667,0
2023-11-27,2.094,1.92122,1.7297250000000002,0
2023-11-27,2.094,1.9212200000000001,1.7297250000000002,0
2023-11-28,2.051,1.9181533333333327,1.7299958333333334,0
2023-11-28,2.051,1.9181533333333327,1.7299958333333334,0
2023-11-29,2.076,1.917703333333333,1.7302666666666668,0
2023-11-29,2.076,1.917703333333333,1.7302666666666668,0
2023-11-30,2.166,1.92357,1.7305375,0
2023-11-30,2.166,1.92357,1.7305375,0
2023-12-01,1.795,1.9246866666666669,1.7308083333333335,0
2023-12-01,1.795,1.9246866666666669,1.7308083333333335,0
2023-12-04,1.759,1.92512,1.7310791666666667,0
2023-12-04,1.759,1.92512,1.7310791666666667,0
2023-12-05,1.816,1.92547,1.73135,0
2023-12-05,1.816,1.92547,1.73135,0
2023-12-06,1.763,1.92312,1.7316208333333334,0
2023-12-06,1.763,1.92312,1.7316208333333334,0
2023-12-07,1.755,1.9217866666666668,1.7318916666666666,0
2023-12-07,1.755,1.9217866666666668,1.7318916666666666,0
2023-12-08,1.798,1.9191700000000005,1.7319908333333334,0
2023-12-08,1.798,1.9191700000000005,1.7319908333333334,0
2023-12-11,1.855,1.917903333333333,1.73209,0
2023-12-11,1.855,1.917903333333333,1.73209,0
2023-12-12,1.839,1.91732,1.732189166666667,0
2023-12-12,1.839,1.91732,1.732189166666667,0
2023-12-13,1.789,1.9151866666666664,1.7322883333333334,0
2023-12-13,1.789,1.9151866666666664,1.7322883333333334,0
2023-12-14,1.763,1.9129033333333327,1.7323875,0
2023-12-14,1.763,1.9129033333333327,1.7323875,0
2023-12-15,1.753,1.9106033333333332,1.7324866666666667,0
2023-12-15,1.753,1.9106033333333334,1.7324866666666667,0
2023-12-18,1.818,1.90882,1.7325858333333333,0
2023-12-18,1.818,1.90882,1.7325858333333333,0
2023-12-19,1.767,1.9055866666666668,1.732685,0
2023-12-19,1.767,1.9055866666666668,1.732685,0
2023-12-20,1.784,1.9028033333333327,1.7327841666666668,0
2023-12-20,1.784,1.9028033333333327,1.7327841666666668,0
2023-12-21,1.801,1.8996866666666667,1.732883333333333,0
2023-12-21,1.801,1.8996866666666667,1.7328833333333333,0
2023-12-22,1.762,1.8956366666666669,1.7329266666666667,0
2023-12-22,1.762,1.8956366666666669,1.7329266666666667,0
2023-12-25,1.822,1.8931866666666664,1.73297,0
2023-12-25,1.822,1.8931866666666666,1.73297,0
2023-12-26,1.844,1.89312,1.7330133333333333,0
2023-12-26,1.844,1.89312,1.7330133333333333,0
2023-12-27,1.864,1.8876033333333333,1.7330566666666667,0
2023-12-27,1.864,1.8876033333333335,1.7330566666666667,0
2023-12-28,1.937,1.88937,1.7331,0
2023-12-28,1.937,1.88937,1.7331,0
2023-12-29,1.867,1.8910866666666668,1.7331433333333333,0
2023-12-29,1.867,1.8910866666666668,1.7331433333333333,0
2024-01-02,1.786,1.8908366666666665,1.7331866666666669,0
2024-01-02,1.786,1.8908366666666665,1.7331866666666669,0
2024-01-03,1.805,1.8899033333333333,1.73323,0
2024-01-03,1.805,1.8899033333333333,1.73323,0
2024-01-04,1.783,1.8880366666666668,1.7332733333333332,0
2024-01-04,1.783,1.8880366666666668,1.7332733333333332,0
2024-01-05,1.77,1.8860533333333327,1.7333166666666666,0
2024-01-05,1.77,1.8860533333333327,1.7333166666666666,0
2024-01-08,1.772,1.8840366666666668,1.73349,0
2024-01-08,1.772,1.8840366666666668,1.73349,0
2024-01-09,1.79,1.8839866666666665,1.7336633333333331,0
2024-01-09,1.79,1.8839866666666665,1.7336633333333331,0
2024-01-10,1.797,1.883203333333333,1.7338366666666667,0
2024-01-10,1.797,1.883203333333333,1.7338366666666667,0
2024-01-11,1.799,1.8815366666666664,1.73401,0
2024-01-11,1.799,1.8815366666666664,1.73401,0
2024-01-12,1.846,1.880153333333333,1.7341833333333332,0
2024-01-12,1.846,1.880153333333333,1.7341833333333332,0
2024-01-15,1.862,1.8761366666666663,1.7343566666666668,0
2024-01-15,1.862,1.8761366666666663,1.7343566666666668,0
2024-01-16,1.934,1.876153333333333,1.73453,0
2024-01-16,1.934,1.876153333333333,1.73453,0
2024-01-17,1.943,1.875403333333333,1.7347033333333333,0
2024-01-17,1.943,1.875403333333333,1.7347033333333333,0
2024-01-18,1.819,1.8722866666666669,1.7348766666666666,0
2024-01-18,1.819,1.8722866666666669,1.7348766666666666,0
2024-01-19,1.831,1.86872,1.73505,0
2024-01-19,1.831,1.86872,1.73505,0
2024-01-22,1.844,1.8652366666666669,1.7350881666666669,0
2024-01-22,1.844,1.8652366666666669,1.7350881666666669,0
2024-01-23,1.807,1.8613366666666664,1.735126333333333,0
2024-01-23,1.807,1.8613366666666664,1.735126333333333,0
2024-01-24,1.84,1.8592533333333328,1.7351645,0
2024-01-24,1.84,1.8592533333333328,1.7351645,0
2024-01-25,1.872,1.85897,1.735202666666667,0
2024-01-25,1.872,1.85897,1.735202666666667,0
2024-01-26,1.899,1.8600033333333328,1.7352408333333331,0
2024-01-26,1.899,1.8600033333333328,1.7352408333333331,0
2024-01-29,1.863,1.86202,1.7352789999999998,0
2024-01-29,1.863,1.86202,1.7352789999999998,0
2024-01-30,1.959,1.86547,1.7353171666666665,0
2024-01-30,1.959,1.86547,1.7353171666666665,0
2024-01-31,1.829,1.86567,1.7353553333333331,0
2024-01-31,1.829,1.86567,1.7353553333333331,0
2024-02-01,1.809,1.8654533333333332,1.7353934999999998,0
2024-02-01,1.809,1.8654533333333334,1.7353934999999998,0
2024-02-02,1.846,1.86582,1.7354316666666665,0
2024-02-02,1.846,1.86582,1.7354316666666665,0
2024-02-04,1.958,1.86802,1.7354701666666663,0
2024-02-04,1.958,1.86802,1.7354701666666663,0
2024-02-05,1.946,1.8697866666666665,1.7355086666666664,0
2024-02-05,1.946,1.8697866666666665,1.7355086666666664,0
2024-02-06,1.966,1.86977,1.7355471666666664,0
2024-02-06,1.966,1.86977,1.7355471666666664,0
2024-02-07,1.947,1.87062,1.7355856666666665,0
2024-02-07,1.947,1.87062,1.7355856666666665,0
2024-02-08,1.791,1.867953333333333,1.7356241666666663,0
2024-02-08,1.791,1.867953333333333,1.7356241666666663,0
2024-02-09,1.857,1.8662,1.7356626666666664,0
2024-02-09,1.857,1.8661999999999999,1.7356626666666664,0
2024-02-18,1.817,1.863783333333333,1.7357011666666664,0
2024-02-18,1.817,1.863783333333333,1.7357011666666664,0
2024-02-19,1.785,1.86085,1.7357396666666665,0
2024-02-19,1.785,1.86085,1.7357396666666665,0
2024-02-20,1.787,1.85735,1.7357781666666665,0
2024-02-20,1.787,1.85735,1.7357781666666665,0
2024-02-21,1.819,1.8551833333333327,1.7358166666666663,0
2024-02-21,1.819,1.8551833333333327,1.7358166666666663,0
2024-02-22,1.815,1.84885,1.7358716666666665,0
2024-02-22,1.815,1.84885,1.7358716666666665,0
2024-02-23,1.816,1.8442166666666664,1.7359266666666664,0
2024-02-23,1.816,1.8442166666666664,1.7359266666666664,0
2024-02-26,1.883,1.8414166666666667,1.7359816666666663,0
2024-02-26,1.883,1.8414166666666667,1.7359816666666663,0
2024-02-27,1.904,1.83855,1.7360366666666665,0
2024-02-27,1.904,1.8385500000000001,1.7360366666666665,0
2024-02-28,1.8178,1.8327466666666663,1.7360916666666664,0
2024-02-28,1.8178,1.8327466666666665,1.7360916666666664,0
2024-02-29,1.775,1.8324133333333332,1.7361466666666665,0
2024-02-29,1.775,1.8324133333333334,1.7361466666666665,0
2024-03-01,1.806,1.8331966666666664,1.7362016666666666,0
2024-03-01,1.806,1.8331966666666664,1.7362016666666666,0
2024-03-04,1.811,1.8331133333333332,1.7362566666666666,0
2024-03-04,1.811,1.8331133333333334,1.7362566666666666,0
2024-03-05,1.855,1.8346466666666668,1.7363116666666667,0
2024-03-05,1.855,1.8346466666666668,1.7363116666666667,0
2024-03-06,1.822,1.8357633333333327,1.7363666666666666,0
2024-03-06,1.822,1.8357633333333332,1.7363666666666666,0
2024-03-07,1.827,1.8362466666666664,1.7364183333333334,0
2024-03-07,1.827,1.8362466666666666,1.7364183333333334,0
2024-03-08,1.848,1.83613,1.73647,0
2024-03-08,1.848,1.83613,1.73647,0
2024-03-11,1.853,1.8363633333333336,1.7365216666666667,0
2024-03-11,1.853,1.8363633333333336,1.7365216666666667,0
2024-03-12,1.853,1.83743,1.7365733333333333,0
2024-03-12,1.853,1.8374300000000001,1.7365733333333333,0
2024-03-13,1.882,1.839413333333333,1.736625,0
2024-03-13,1.882,1.839413333333333,1.736625,0
2024-03-14,1.88,1.84153,1.7366766666666669,0
2024-03-14,1.88,1.84153,1.7366766666666669,0
2024-03-15,1.89,1.84273,1.7367283333333334,0
2024-03-15,1.89,1.84273,1.7367283333333334,0
2024-03-18,1.854,1.84418,1.7367800000000002,0
2024-03-18,1.854,1.84418,1.7367800000000002,0
2024-03-19,1.87,1.845613333333333,1.7368316666666668,0
2024-03-19,1.87,1.8456133333333333,1.7368316666666668,0
2024-03-20,1.844,1.84633,1.7368833333333336,0
2024-03-20,1.844,1.8463299999999998,1.7368833333333336,0
2024-03-21,1.834,1.84753,1.7370483333333335,0
2024-03-21,1.834,1.84753,1.7370483333333335,0
2024-03-22,1.845,1.8479133333333333,1.7372133333333335,0
2024-03-22,1.845,1.8479133333333333,1.7372133333333335,0
2024-03-25,1.898,1.8488133333333328,1.7373783333333337,0
2024-03-25,1.898,1.8488133333333332,1.7373783333333335,0
2024-03-26,1.957,1.8503633333333331,1.7375433333333334,0
2024-03-26,1.957,1.8503633333333334,1.7375433333333334,0
2024-03-27,1.972,1.8509466666666663,1.7377083333333334,0
2024-03-27,1.972,1.8509466666666665,1.7377083333333334,0
2024-03-28,1.948,1.8522966666666667,1.7378733333333334,0
2024-03-28,1.948,1.8522966666666667,1.7378733333333334,0
2024-03-29,1.967,1.8553133333333336,1.7380383333333334,0
2024-03-29,1.967,1.8553133333333336,1.7380383333333334,0
2024-04-01,1.857,1.85618,1.738203333333333,0
2024-04-01,1.857,1.85618,1.738203333333333,0
2024-04-02,1.833,1.8570133333333327,1.7383683333333333,0
2024-04-02,1.833,1.8570133333333327,1.7383683333333333,0
2024-04-03,1.821,1.8578633333333328,1.7385333333333333,0
2024-04-03,1.821,1.8578633333333328,1.7385333333333333,0
2024-04-07,1.805,1.8584133333333333,1.7386233333333332,0
2024-04-07,1.805,1.8584133333333333,1.7386233333333332,0
2024-04-08,1.815,1.85883,1.738713333333333,0
2024-04-08,1.815,1.85883,1.738713333333333,0
2024-04-09,1.816,1.8591466666666667,1.7388033333333333,0
2024-04-09,1.816,1.8591466666666667,1.7388033333333333,0
2024-04-10,1.817,1.8594466666666667,1.7388933333333334,0
2024-04-10,1.817,1.8594466666666667,1.7388933333333334,0
2024-04-11,1.815,1.85893,1.738983333333333,0
2024-04-11,1.815,1.85893,1.738983333333333,0
2024-04-12,1.82,1.85823,1.7390733333333332,0
2024-04-12,1.82,1.85823,1.7390733333333332,0
2024-04-15,1.797,1.8559466666666669,1.7391633333333334,0
2024-04-15,1.797,1.8559466666666669,1.7391633333333334,0
2024-04-16,1.805,1.8536466666666669,1.739253333333333,0
2024-04-16,1.805,1.8536466666666667,1.7392533333333333,0
2024-04-17,1.816,1.8535966666666668,1.7393433333333337,0
2024-04-17,1.816,1.8535966666666668,1.7393433333333337,0
2024-04-18,1.836,1.85368,1.7394333333333334,0
2024-04-18,1.836,1.85368,1.7394333333333334,0
2024-04-19,1.87,1.8541133333333333,1.739461666666667,0
2024-04-19,1.87,1.8541133333333333,1.739461666666667,0
2024-04-22,1.831,1.8545133333333328,1.73949,0
2024-04-22,1.831,1.8545133333333328,1.73949,0
2024-04-23,1.824,1.8542466666666668,1.7395183333333333,0
2024-04-23,1.824,1.8542466666666668,1.7395183333333333,0
2024-04-24,1.855,1.8539633333333332,1.7395466666666666,0
2024-04-24,1.855,1.8539633333333334,1.7395466666666666,0
2024-04-25,1.885,1.85373,1.739575,0
2024-04-25,1.885,1.8537299999999999,1.7395749999999999,0
2024-04-26,1.912,1.8545466666666668,1.7396033333333334,0
2024-04-26,1.912,1.8545466666666668,1.7396033333333334,0
2024-04-28,1.951,1.8544133333333328,1.739631666666667,0
2024-04-28,1.951,1.8544133333333328,1.739631666666667,0
2024-04-29,2.08,1.858596666666667,1.73966,0
2024-04-29,2.08,1.858596666666667,1.73966,0
2024-04-30,2.109,1.8635966666666668,1.7396883333333333,0
2024-04-30,2.109,1.8635966666666668,1.7396883333333333,0
2024-05-06,1.874,1.8640633333333327,1.7397166666666666,0
2024-05-06,1.874,1.8640633333333327,1.7397166666666666,0
2024-05-07,1.845,1.86218,1.7399566666666666,0
2024-05-07,1.845,1.86218,1.7399566666666666,0
2024-05-08,1.867,1.860863333333333,1.7401966666666666,0
2024-05-08,1.867,1.860863333333333,1.7401966666666666,0
2024-05-09,1.822,1.8584633333333327,1.7404366666666666,0
2024-05-09,1.822,1.8584633333333327,1.7404366666666666,0
2024-05-10,1.836,1.8566133333333328,1.7406766666666666,0
2024-05-10,1.836,1.8566133333333328,1.7406766666666666,0
2024-05-11,1.85,1.8575966666666663,1.740916666666667,0
2024-05-11,1.85,1.8575966666666663,1.740916666666667,0
2024-05-13,1.836,1.8572466666666665,1.741156666666667,0
2024-05-13,1.836,1.8572466666666665,1.741156666666667,0
2024-05-14,1.837,1.85758,1.7413966666666667,0
2024-05-14,1.837,1.85758,1.7413966666666667,0
2024-05-15,1.808,1.8579633333333327,1.7416366666666667,0
2024-05-15,1.808,1.8579633333333327,1.7416366666666667,0
2024-05-16,1.801,1.8581966666666667,1.7418766666666667,0
2024-05-16,1.801,1.8581966666666667,1.7418766666666667,0
2024-05-17,1.808,1.8580133333333333,1.7421166666666668,0
2024-05-17,1.808,1.8580133333333333,1.7421166666666668,0
2024-05-20,1.803,1.857813333333333,1.74214,0
2024-05-20,1.803,1.8578133333333333,1.74214,0
2024-05-21,1.847,1.85833,1.7421633333333333,0
2024-05-21,1.847,1.85833,1.7421633333333333,0
2024-05-22,1.838,1.85758,1.7421866666666668,0
2024-05-22,1.838,1.85758,1.7421866666666668,0
2024-05-23,1.829,1.85633,1.74221,0
2024-05-23,1.829,1.85633,1.74221,0
2024-05-24,1.818,1.8563333333333332,1.7422333333333333,0
2024-05-24,1.818,1.8563333333333334,1.7422333333333333,0
2024-05-27,1.888,1.8582166666666664,1.7422566666666666,0
2024-05-27,1.888,1.8582166666666666,1.7422566666666666,0
2024-05-28,1.885,1.8595333333333333,1.7422799999999998,0
2024-05-28,1.885,1.8595333333333333,1.7422799999999998,0
2024-05-29,1.897,1.8609666666666664,1.742303333333333,0
2024-05-29,1.897,1.8609666666666664,1.7423033333333333,0
2024-05-30,1.903,1.8617666666666668,1.7423266666666666,0
2024-05-30,1.903,1.8617666666666668,1.7423266666666666,0
2024-05-31,1.851,1.86225,1.7423499999999998,0
2024-05-31,1.851,1.86225,1.7423499999999998,0
2024-06-03,1.811,1.861983333333333,1.7427166666666667,0
2024-06-03,1.811,1.861983333333333,1.7427166666666667,0
2024-06-04,1.785,1.860933333333333,1.743083333333333,0
2024-06-04,1.785,1.860933333333333,1.743083333333333,0
2024-06-05,1.776,1.85965,1.74345,0
2024-06-05,1.776,1.8596499999999998,1.74345,0
2024-06-06,1.78,1.8584333333333327,1.7438166666666666,0
2024-06-06,1.78,1.8584333333333327,1.7438166666666666,0
2024-06-07,1.751,1.85625,1.7441833333333332,0
2024-06-07,1.751,1.85625,1.7441833333333332,0
2024-06-11,1.802,1.85495,1.74455,0
2024-06-11,1.802,1.85495,1.74455,0
2024-06-12,1.796,1.8533833333333327,1.744916666666667,0
2024-06-12,1.796,1.8533833333333327,1.744916666666667,0
2024-06-13,1.817,1.852766666666667,1.7452833333333333,0
2024-06-13,1.817,1.852766666666667,1.7452833333333333,0
2024-06-14,1.813,1.8518166666666669,1.74565,0
2024-06-14,1.813,1.8518166666666667,1.74565,0
2024-06-17,1.862,1.8521166666666664,1.7460166666666666,0
2024-06-17,1.862,1.8521166666666666,1.7460166666666666,0
2024-06-18,1.882,1.8529166666666663,1.7462233333333332,0
2024-06-18,1.882,1.8529166666666665,1.7462233333333332,0
2024-06-19,1.861,1.8531833333333327,1.74643,0
2024-06-19,1.861,1.8531833333333327,1.74643,0
2024-06-20,1.89,1.85305,1.7466366666666666,0
2024-06-20,1.89,1.85305,1.7466366666666666,0
2024-06-21,1.939,1.85275,1.7468433333333333,0
2024-06-21,1.939,1.85275,1.7468433333333333,0
2024-06-24,2.008,1.85335,1.7470499999999998,0
2024-06-24,2.008,1.85335,1.7470499999999998,0
2024-06-25,2.014,1.85445,1.747256666666667,0
2024-06-25,2.014,1.85445,1.747256666666667,0
2024-06-26,2.083,1.8563833333333333,1.7474633333333334,0
2024-06-26,2.083,1.8563833333333333,1.7474633333333334,0
2024-06-27,2.028,1.8592333333333333,1.7476699999999998,0
2024-06-27,2.028,1.8592333333333333,1.7476699999999998,0
2024-06-28,2.099,1.8636666666666664,1.7478766666666663,0
2024-06-28,2.099,1.8636666666666666,1.7478766666666665,0
2024-07-01,1.802,1.86335,1.7480833333333332,0
2024-07-01,1.802,1.86335,1.7480833333333332,0
2024-07-02,1.796,1.8632,1.7482733333333331,0
2024-07-02,1.796,1.8632,1.7482733333333333,0
2024-07-03,1.8,1.86295,1.7484633333333333,0
2024-07-03,1.8,1.86295,1.7484633333333333,0
2024-07-04,1.811,1.862866666666667,1.7486533333333332,0
2024-07-04,1.811,1.8628666666666667,1.7486533333333332,0
2024-07-05,1.807,1.8627,1.7488433333333333,0
2024-07-05,1.807,1.8627,1.7488433333333333,0
2024-07-08,1.82,1.8627833333333328,1.7490333333333332,0
2024-07-08,1.82,1.8627833333333328,1.7490333333333332,0
2024-07-09,1.804,1.8625166666666664,1.7492233333333334,0
2024-07-09,1.804,1.8625166666666664,1.7492233333333334,0
2024-07-10,1.8,1.8625666666666665,1.7494133333333333,0
2024-07-10,1.8,1.8625666666666665,1.7494133333333333,0
2024-07-11,1.803,1.8625333333333336,1.7496033333333332,0
2024-07-11,1.803,1.8625333333333336,1.7496033333333332,0
2024-07-12,1.801,1.8622833333333333,1.749793333333333,0
2024-07-12,1.801,1.8622833333333335,1.7497933333333333,0
2024-07-15,1.821,1.8620333333333328,1.7499833333333332,0
2024-07-15,1.821,1.8620333333333328,1.7499833333333332,0
2024-07-16,1.894,1.8624333333333327,1.7500716666666667,0
2024-07-16,1.894,1.8624333333333332,1.7500716666666667,0
2024-07-17,1.885,1.8633333333333333,1.75016,0
2024-07-17,1.885,1.8633333333333333,1.75016,0
2024-07-18,1.893,1.8644833333333333,1.7502483333333334,0
2024-07-18,1.893,1.8644833333333333,1.7502483333333334,0
2024-07-19,1.855,1.8644833333333333,1.7503366666666669,0
2024-07-19,1.855,1.8644833333333333,1.7503366666666667,0
2024-07-22,1.715,1.86165,1.750425,0
2024-07-22,1.715,1.86165,1.750425,0
2024-07-23,1.751,1.8589666666666669,1.7505133333333334,0
2024-07-23,1.751,1.8589666666666667,1.7505133333333334,0
2024-07-24,1.742,1.8554833333333332,1.7506016666666668,0
2024-07-24,1.742,1.8554833333333334,1.7506016666666668,0
2024-07-25,1.871,1.852,1.75069,0
2024-07-25,1.871,1.852,1.75069,0
2024-07-26,1.913,1.848733333333333,1.7507783333333335,0
2024-07-26,1.913,1.848733333333333,1.7507783333333335,0
2024-07-29,1.895,1.8490833333333327,1.7508666666666668,0
2024-07-29,1.895,1.8490833333333327,1.7508666666666668,0
2024-07-30,1.814,1.8485666666666667,1.7508750000000002,0
2024-07-30,1.814,1.8485666666666667,1.7508750000000002,0
2024-07-31,1.772,1.8469833333333332,1.7508833333333331,0
2024-07-31,1.772,1.8469833333333334,1.7508833333333333,0
2024-08-01,1.7,1.84495,1.7508916666666667,0
2024-08-01,1.7,1.8449499999999999,1.7508916666666667,0
2024-08-02,1.7,1.8426833333333328,1.7509,0
2024-08-02,1.7,1.8426833333333332,1.7509000000000001,0
2024-08-05,1.694,1.8400833333333333,1.7509083333333333,0
2024-08-05,1.694,1.8400833333333333,1.7509083333333333,0
2024-08-06,1.687,1.8376,1.750916666666667,0
2024-08-06,1.687,1.8376,1.750916666666667,0
2024-08-07,1.708,1.83545,1.750925,0
2024-08-07,1.708,1.83545,1.750925,0
2024-08-08,1.763,1.8347,1.7509333333333337,0
2024-08-08,1.763,1.8347,1.7509333333333335,0
2024-08-09,1.795,1.8346,1.7509416666666666,0
2024-08-09,1.795,1.8346,1.7509416666666666,0
2024-08-12,1.893,1.8360166666666664,1.75095,0
2024-08-12,1.893,1.8360166666666666,1.75095,0
2024-08-13,1.828,1.8364333333333327,1.7511983333333334,0
2024-08-13,1.828,1.8364333333333327,1.7511983333333334,0
2024-08-14,1.869,1.8368,1.7514466666666668,0
2024-08-14,1.869,1.8368,1.7514466666666668,0
2024-08-15,1.814,1.8364,1.751695,0
2024-08-15,1.814,1.8364,1.751695,0
2024-08-16,1.811,1.8361000000000005,1.7519433333333334,0
2024-08-16,1.811,1.8361000000000005,1.7519433333333334,0
2024-08-19,1.722,1.8345,1.7521916666666666,0
2024-08-19,1.722,1.8345,1.7521916666666666,0
2024-08-20,1.761,1.8323833333333333,1.75244,0
2024-08-20,1.761,1.8323833333333333,1.75244,0
2024-08-21,1.808,1.8311,1.7526883333333334,0
2024-08-21,1.808,1.8311,1.7526883333333334,0
2024-08-22,1.821,1.8298333333333332,1.7529366666666668,0
2024-08-22,1.821,1.8298333333333334,1.7529366666666668,0
2024-08-23,1.825,1.8285333333333331,1.7531850000000002,0
2024-08-23,1.825,1.8285333333333333,1.7531850000000002,0
2024-08-26,1.936,1.82995,1.7534333333333334,0
2024-08-26,1.936,1.82995,1.7534333333333334,0
2024-08-27,1.869,1.8309166666666663,1.7535116666666668,0
2024-08-27,1.869,1.8309166666666665,1.7535116666666668,0
2024-08-28,1.758,1.830466666666667,1.7535900000000002,0
2024-08-28,1.758,1.830466666666667,1.7535900000000002,0
2024-08-29,1.628,1.828,1.7536683333333334,0
2024-08-29,1.628,1.828,1.7536683333333334,0
2024-08-30,1.647,1.825783333333333,1.7537466666666668,0
2024-08-30,1.647,1.8257833333333333,1.7537466666666668,0
2024-09-02,1.689,1.82475,1.753825,0
2024-09-02,1.689,1.82475,1.753825,0
2024-09-03,1.68,1.8227166666666668,1.7539033333333334,0
2024-09-03,1.68,1.8227166666666668,1.7539033333333334,0
2024-09-04,1.67,1.8206166666666663,1.7539816666666668,0
2024-09-04,1.67,1.8206166666666665,1.7539816666666668,0
2024-09-05,1.68,1.8183333333333336,1.7540600000000002,0
2024-09-05,1.68,1.8183333333333336,1.7540600000000002,0
2024-09-06,1.676,1.81605,1.7541383333333334,0
2024-09-06,1.676,1.81605,1.7541383333333334,0
2024-09-09,1.833,1.8155666666666668,1.7542166666666668,0
2024-09-09,1.833,1.8155666666666668,1.7542166666666668,0
2024-09-10,1.834,1.8147666666666664,1.7542466666666667,0
2024-09-10,1.834,1.8147666666666666,1.7542466666666667,0
2024-09-11,1.776,1.81335,1.7542766666666667,0
2024-09-11,1.776,1.81335,1.7542766666666667,0
2024-09-12,1.794,1.81175,1.754306666666667,0
2024-09-12,1.794,1.81175,1.754306666666667,0
2024-09-13,1.806,1.8095333333333328,1.7543366666666669,0
2024-09-13,1.806,1.8095333333333328,1.7543366666666669,0
2024-09-14,1.746,1.8051666666666664,1.7543666666666669,0
2024-09-14,1.746,1.8051666666666664,1.7543666666666669,0
2024-09-18,1.86,1.8026,1.7543966666666668,0
2024-09-18,1.86,1.8026,1.7543966666666668,0
2024-09-19,1.947,1.8003333333333331,1.7544266666666668,0
2024-09-19,1.947,1.8003333333333331,1.7544266666666668,0
2024-09-20,1.929,1.7986833333333332,1.7544566666666668,0
2024-09-20,1.929,1.7986833333333332,1.7544566666666668,0
2024-09-23,1.859,1.7946833333333332,1.7544866666666667,0
2024-09-23,1.859,1.7946833333333332,1.7544866666666667,0
2024-09-24,1.92,1.79665,1.7545166666666667,0
2024-09-24,1.92,1.79665,1.7545166666666667,0
2024-09-25,1.873,1.7979333333333334,1.75453,0
2024-09-25,1.873,1.7979333333333334,1.75453,0
2024-09-26,1.838,1.7985666666666664,1.7545433333333331,0
2024-09-26,1.838,1.7985666666666664,1.7545433333333331,0
2024-09-27,1.661,1.7960666666666667,1.7545566666666668,0
2024-09-27,1.661,1.7960666666666667,1.7545566666666668,0
2024-09-29,1.727,1.7947333333333333,1.75457,0
2024-09-29,1.727,1.7947333333333333,1.75457,0
2024-09-30,1.522,1.7897666666666667,1.7545833333333334,0
2024-09-30,1.522,1.7897666666666667,1.7545833333333334,0
2024-10-08,1.697,1.7879833333333337,1.7545966666666668,0
2024-10-08,1.697,1.7879833333333337,1.7545966666666668,0
2024-10-09,1.803,1.7880333333333336,1.75461,0
2024-10-09,1.803,1.7880333333333336,1.75461,0
2024-10-10,1.7,1.7863166666666668,1.7546233333333334,0
2024-10-10,1.7,1.7863166666666668,1.7546233333333334,0
2024-10-11,1.526,1.7817333333333332,1.7546366666666666,0
2024-10-11,1.526,1.7817333333333332,1.7546366666666666,0
2024-10-12,1.511,1.7765666666666666,1.75465,0
2024-10-12,1.511,1.7765666666666666,1.75465,0
2024-10-14,1.587,1.7714500000000002,1.754708333333333,0
2024-10-14,1.587,1.7714500000000002,1.754708333333333,0
2024-10-15,1.517,1.7653166666666666,1.7547666666666668,0
2024-10-15,1.517,1.7653166666666666,1.7547666666666668,0
2024-10-16,1.59,1.7602666666666666,1.754825,0
2024-10-16,1.59,1.7602666666666666,1.754825,0
2024-10-17,1.549,1.7551666666666663,1.7548833333333334,0
2024-10-17,1.549,1.7551666666666663,1.7548833333333334,0
2024-10-18,1.568,1.752716666666667,1.7549083333333333,1
2024-10-18,1.568,1.752716666666667,1.7549083333333333,1
2024-10-21,1.584,1.7499333333333331,1.7545966666666668,1
2024-10-21,1.584,1.7499333333333333,1.7545966666666668,1
2024-10-22,1.579,1.7472166666666666,1.7544266666666668,1
2024-10-22,1.579,1.7472166666666666,1.7544266666666668,1
2024-10-23,1.595,1.7426166666666667,1.7540600000000002,1
2024-10-23,1.595,1.7426166666666667,1.7540600000000002,1
2024-10-24,1.596,1.7373333333333334,1.7533616666666667,1
2024-10-24,1.596,1.7373333333333334,1.7533616666666667,1
2024-10-25,1.703,1.734133333333333,1.752716666666667,1
2024-10-25,1.703,1.734133333333333,1.752716666666667,1
2024-10-28,1.658,1.7315333333333334,1.7511266666666667,1
2024-10-28,1.658,1.7315333333333334,1.7511266666666667,1
2024-10-29,1.75,1.7311666666666663,1.7508833333333331,1
2024-10-29,1.75,1.7311666666666665,1.7508833333333333,1
2024-10-30,1.656,1.7304333333333335,1.7502483333333334,1
2024-10-30,1.656,1.7304333333333335,1.7502483333333334,1
2024-10-31,1.656,1.7297,1.7499533333333332,1
2024-10-31,1.656,1.7297,1.7499533333333332,1
2024-11-01,1.507,1.7265833333333334,1.7490083333333333,1
2024-11-01,1.507,1.7265833333333334,1.7490083333333333,1
2024-11-04,1.496,1.7234,1.7477366666666665,1
2024-11-04,1.496,1.7234,1.7477366666666665,1
2024-11-05,1.5,1.719933333333333,1.7468566666666667,1
2024-11-05,1.5,1.7199333333333333,1.7468566666666667,1
2024-11-06,1.5,1.71555,1.7453366666666663,1
2024-11-06,1.5,1.71555,1.7453366666666665,1
2024-11-07,1.555,1.71155,1.74259,1
2024-11-07,1.555,1.71155,1.74259,1
2024-11-08,1.645,1.7074166666666666,1.7423499999999998,1
2024-11-08,1.645,1.7074166666666666,1.7423499999999998,1
2024-11-11,1.655,1.7045333333333332,1.74214,1
2024-11-11,1.655,1.7045333333333332,1.74214,1
2024-11-12,1.687,1.7014999999999998,1.7401966666666666,1
2024-11-12,1.687,1.7014999999999998,1.7401966666666666,1
2024-11-13,1.644,1.6986666666666668,1.7395183333333333,1
2024-11-13,1.644,1.6986666666666668,1.7395183333333333,1
2024-11-14,1.674,1.6963833333333331,1.7388933333333334,1
2024-11-14,1.674,1.6963833333333331,1.7388933333333334,1
2024-11-15,1.685,1.6957666666666666,1.737933333333333,1
2024-11-15,1.685,1.6957666666666666,1.737933333333333,1
2024-11-18,1.697,1.6947,1.7371533333333335,1
2024-11-18,1.697,1.6947,1.7371533333333335,1
2024-11-19,1.693,1.6927833333333333,1.7367283333333334,1
2024-11-19,1.693,1.6927833333333333,1.7367283333333334,1
2024-11-20,1.684,1.6905,1.7362566666666666,1
2024-11-20,1.684,1.6905,1.7362566666666666,1
2024-11-21,1.659,1.6877333333333333,1.7357781666666665,1
2024-11-21,1.659,1.6877333333333333,1.7357781666666663,1
2024-11-22,1.653,1.6830166666666668,1.7354316666666665,1
2024-11-22,1.653,1.6830166666666668,1.7354316666666665,1
2024-11-25,1.727,1.68065,1.7350881666666669,1
2024-11-25,1.727,1.68065,1.7350881666666669,1
2024-11-26,1.723,1.6800666666666664,1.7343166666666665,1
2024-11-26,1.723,1.6800666666666664,1.7343166666666665,1
2024-11-27,1.7,1.6812666666666665,1.733561666666667,1
2024-11-27,1.7,1.6812666666666665,1.7335616666666667,1
2024-11-28,1.726,1.682583333333333,1.7330566666666667,1
2024-11-28,1.726,1.6825833333333333,1.7330566666666667,1
2024-11-29,1.631,1.6816166666666663,1.7323875,1
2024-11-29,1.631,1.6816166666666663,1.7323875,1
2024-12-02,1.591,1.6801333333333337,1.7317483333333332,1
2024-12-02,1.591,1.6801333333333337,1.7317483333333332,1
2024-12-03,1.601,1.6789833333333335,1.731423333333333,1
2024-12-03,1.601,1.6789833333333335,1.731423333333333,1
2024-12-04,1.588,1.67745,1.73102,1
2024-12-04,1.588,1.67745,1.73102,1
2024-12-05,1.688,1.67765,1.73036,1
2024-12-05,1.688,1.67765,1.73036,1
2024-12-06,1.686,1.6752,1.7297,1
2024-12-06,1.686,1.6752,1.7297,1
2024-12-09,1.736,1.6735666666666666,1.729235,1
2024-12-09,1.736,1.6735666666666666,1.729235,1
2024-12-10,1.784,1.6737,1.7283566666666663,1
2024-12-10,1.784,1.6737,1.7283566666666663,1
2024-12-11,1.722,1.6725,1.727053333333333,1
2024-12-11,1.722,1.6725,1.727053333333333,1
2024-12-12,1.635,1.66965,1.7253333333333334,1
2024-12-12,1.635,1.66965,1.7253333333333334,1
2024-12-13,1.758,1.66985,1.72395,1
2024-12-13,1.758,1.66985,1.72395,1
2024-12-16,1.762,1.668216666666667,1.7230933333333334,1
2024-12-16,1.762,1.668216666666667,1.7230933333333334,1
2024-12-17,1.787,1.66555,1.7218233333333337,1
2024-12-17,1.787,1.66555,1.7218233333333335,1
2024-12-18,1.776,1.663,1.7194533333333333,1
2024-12-18,1.776,1.663,1.7194533333333333,1
2024-12-19,1.627,1.6591333333333331,1.7174483333333337,1
2024-12-19,1.627,1.6591333333333331,1.7174483333333337,1
2024-12-20,1.62,1.6541333333333337,1.7166833333333331,1
2024-12-20,1.62,1.6541333333333335,1.7166833333333333,1
2024-12-23,1.525,1.6483333333333334,1.716173333333333,1
2024-12-23,1.525,1.6483333333333334,1.7161733333333333,1
2024-12-24,1.489,1.6425166666666666,1.715663333333333,1
2024-12-24,1.489,1.6425166666666666,1.7156633333333333,1
2024-12-25,1.516,1.6401,1.7153633333333334,1
2024-12-25,1.516,1.6401000000000001,1.7153633333333334,1
2024-12-26,1.533,1.6368666666666667,1.7138933333333333,1
2024-12-26,1.533,1.6368666666666667,1.7138933333333333,1
2024-12-27,1.74,1.6404999999999998,1.7126083333333333,1
2024-12-27,1.74,1.6404999999999998,1.7126083333333333,1
2024-12-30,1.95,1.6447166666666666,1.71197,1
2024-12-30,1.95,1.6447166666666666,1.71197,1
2024-12-31,1.966,1.647433333333333,1.711235,1
2024-12-31,1.966,1.647433333333333,1.711235,1
2025-01-02,1.643,1.646483333333333,1.710443333333333,1
2025-01-02,1.643,1.646483333333333,1.710443333333333,1
2025-01-03,1.67,1.6488833333333333,1.710205,1
2025-01-03,1.67,1.6488833333333333,1.710205,1
2025-01-06,1.596,1.6503,1.7101000000000002,1
2025-01-06,1.596,1.6503,1.7101000000000002,1
2025-01-07,1.541,1.6495333333333333,1.70836,1
2025-01-07,1.541,1.6495333333333333,1.70836,1
2025-01-08,1.58,1.6505833333333333,1.7076066666666667,1
2025-01-08,1.58,1.6505833333333333,1.7076066666666667,1
2025-01-09,1.632,1.6512833333333332,1.707431666666667,1
2025-01-09,1.632,1.6512833333333332,1.7074316666666667,1
2025-01-10,1.692,1.6536666666666666,1.7056866666666666,1
2025-01-10,1.692,1.6536666666666666,1.7056866666666666,1
2025-01-13,1.96,1.6602,1.7043825,1
2025-01-13,1.96,1.6602,1.7043825,1
2025-01-14,2.162,1.6698333333333333,1.7041723333333332,1
2025-01-14,2.162,1.6698333333333333,1.7041723333333332,1
2025-01-15,2.117,1.6787999999999998,1.7039983333333333,1
2025-01-15,2.117,1.6787999999999998,1.7039983333333333,1
2025-01-16,2.192,1.68875,1.7035863333333332,1
2025-01-16,2.192,1.68875,1.7035863333333332,1
2025-01-17,2.039,1.6961333333333333,1.7026085,1
2025-01-17,2.039,1.6961333333333333,1.7026085,1
2025-01-20,2.013,1.7013,1.7014999999999998,1
2025-01-20,2.013,1.7013,1.7014999999999998,1
2025-01-21,1.906,1.7054333333333334,1.70132,0
2025-01-21,1.906,1.7054333333333334,1.70132,0
2025-01-22,1.813,1.7064833333333336,1.70134,0
2025-01-22,1.813,1.7064833333333336,1.70134,0
2025-01-23,1.995,1.7121333333333333,1.70136,0
2025-01-23,1.995,1.7121333333333333,1.70136,0
2025-01-24,2.078,1.7191666666666667,1.70138,0
2025-01-24,2.078,1.7191666666666667,1.70138,0
2025-01-26,1.864,1.7251166666666669,1.7014,0
2025-01-26,1.864,1.7251166666666669,1.7014,0
2025-01-27,1.715,1.7287666666666668,1.70142,0
2025-01-27,1.715,1.7287666666666668,1.70142,0
2025-02-05,1.844,1.7345000000000002,1.7014399999999998,0
2025-02-05,1.844,1.7345000000000002,1.7014399999999998,0
2025-02-06,1.785,1.73925,1.7014599999999998,0
2025-02-06,1.785,1.73925,1.7014599999999998,0
2025-02-07,1.732,1.7422,1.70148,0
2025-02-07,1.732,1.7422,1.70148,0
2025-02-08,1.634,1.7420166666666668,1.7014999999999998,0
2025-02-08,1.634,1.7420166666666668,1.7014999999999998,0
2025-02-10,1.729,1.74325,1.7016231666666666,0
2025-02-10,1.729,1.74325,1.7016231666666666,0
2025-02-11,1.838,1.745766666666667,1.7017463333333331,0
2025-02-11,1.838,1.745766666666667,1.7017463333333331,0
2025-02-12,1.845,1.7491166666666669,1.7018695,0
2025-02-12,1.845,1.7491166666666669,1.7018695,0
2025-02-13,1.763,1.7505999999999995,1.7019926666666665,0
2025-02-13,1.763,1.7505999999999997,1.7019926666666665,0
2025-02-14,1.894,1.7540833333333334,1.702115833333333,0
2025-02-14,1.894,1.7540833333333334,1.702115833333333,0
2025-02-17,1.999,1.7591166666666669,1.7022389999999998,0
2025-02-17,1.999,1.7591166666666669,1.7022389999999998,0
2025-02-18,2.209,1.7677166666666666,1.7023621666666666,0
2025-02-18,2.209,1.7677166666666666,1.7023621666666666,0
2025-02-19,1.934,1.7718833333333337,1.7024853333333332,0
2025-02-19,1.934,1.7718833333333337,1.7024853333333332,0
2025-02-20,1.992,1.7774333333333334,1.7026085,0
2025-02-20,1.992,1.7774333333333334,1.7026085,0
2025-02-21,2.139,1.7855333333333332,1.7027316666666663,0
2025-02-21,2.139,1.7855333333333332,1.7027316666666663,0
2025-02-24,1.941,1.7891,1.7028385,0
2025-02-24,1.941,1.7891000000000001,1.7028385,0
2025-02-25,2.128,1.7958500000000002,1.7029453333333333,0
2025-02-25,2.128,1.7958500000000002,1.7029453333333333,0
2025-02-26,2.131,1.8030333333333333,1.7030521666666665,0
2025-02-26,2.131,1.8030333333333333,1.7030521666666665,0
2025-02-27,2.24,1.8116,1.703159,0
2025-02-27,2.24,1.8115999999999999,1.7031589999999999,0
2025-02-28,2.093,1.8193,1.7032658333333333,0
2025-02-28,2.093,1.8193,1.7032658333333333,0
2025-03-03,1.812,1.8229833333333327,1.7033726666666666,0
2025-03-03,1.812,1.8229833333333332,1.7033726666666666,0
2025-03-04,1.718,1.8249333333333333,1.7034795,0
2025-03-04,1.718,1.8249333333333333,1.7034795,0
2025-03-05,1.751,1.82765,1.7035863333333332,0
2025-03-05,1.751,1.82765,1.7035863333333332,0
2025-03-06,1.748,1.82865,1.7036931666666666,0
2025-03-06,1.748,1.82865,1.7036931666666666,0
2025-03-07,1.718,1.8291833333333327,1.7038,0
2025-03-07,1.718,1.8291833333333327,1.7038,0
2025-03-10,1.78,1.8299166666666664,1.7038283333333333,0
2025-03-10,1.78,1.8299166666666666,1.7038283333333333,0
2025-03-11,1.786,1.82995,1.7038566666666666,0
2025-03-11,1.786,1.82995,1.7038566666666666,0
2025-03-12,1.78,1.8309166666666667,1.703885,0
2025-03-12,1.78,1.8309166666666667,1.7038849999999999,0
2025-03-13,1.774,1.8332333333333333,1.7039133333333332,0
2025-03-13,1.774,1.8332333333333333,1.7039133333333332,0
2025-03-14,1.742,1.8329666666666669,1.703941666666667,0
2025-03-14,1.742,1.8329666666666669,1.7039416666666667,0
2025-03-17,1.819,1.8339166666666664,1.70397,0
2025-03-17,1.819,1.8339166666666664,1.70397,0
2025-03-18,1.903,1.83585,1.7039983333333333,0
2025-03-18,1.903,1.83585,1.7039983333333333,0
2025-03-19,1.856,1.8371833333333327,1.7040266666666666,0
2025-03-19,1.856,1.8371833333333327,1.7040266666666666,0
2025-03-20,1.778,1.8397,1.704055,0
2025-03-20,1.778,1.8397,1.704055,0
2025-03-21,1.754,1.8419333333333332,1.7040833333333332,0
2025-03-21,1.754,1.8419333333333334,1.7040833333333332,0
2025-03-24,1.745,1.8456,1.7040981666666666,0
2025-03-24,1.745,1.8456,1.7040981666666666,0
2025-03-25,1.815,1.8510333333333333,1.7041129999999998,0
2025-03-25,1.815,1.8510333333333333,1.7041129999999998,0
2025-03-26,1.9,1.8574333333333333,1.7041278333333332,0
2025-03-26,1.9,1.8574333333333333,1.7041278333333332,0
2025-03-27,2.004,1.8652833333333327,1.7041426666666666,0
2025-03-27,2.004,1.8652833333333327,1.7041426666666666,0
2025-03-28,1.936,1.86855,1.7041575,0
2025-03-28,1.936,1.86855,1.7041575,0
2025-03-31,2.023,1.8697666666666664,1.7041723333333332,0
2025-03-31,2.023,1.8697666666666666,1.7041723333333332,0
2025-04-01,1.807,1.8671166666666668,1.7041871666666666,0
2025-04-01,1.807,1.8671166666666668,1.7041871666666666,0
2025-04-02,1.805,1.869816666666667,1.704202,0
2025-04-02,1.805,1.8698166666666667,1.704202,0
2025-04-03,1.689,1.8701333333333328,1.7042168333333332,0
2025-04-03,1.689,1.8701333333333332,1.7042168333333332,0
2025-04-07,1.694,1.8717666666666664,1.7042316666666666,0
2025-04-07,1.694,1.8717666666666664,1.7042316666666666,0
2025-04-08,1.725,1.8748333333333336,1.7042618333333333,0
2025-04-08,1.725,1.8748333333333336,1.7042618333333333,0
2025-04-09,1.703,1.8768833333333328,1.704292,0
2025-04-09,1.703,1.8768833333333332,1.704292,0
2025-04-10,1.681,1.8777,1.7043221666666666,0
2025-04-10,1.681,1.8777000000000001,1.7043221666666666,0
2025-04-11,1.619,1.8764833333333333,1.7043523333333332,0
2025-04-11,1.619,1.8764833333333335,1.7043523333333332,0
2025-04-14,1.665,1.8715666666666664,1.7043825,0
2025-04-14,1.665,1.8715666666666666,1.7043825,0
2025-04-15,1.695,1.8637833333333336,1.7044126666666666,0
2025-04-15,1.695,1.8637833333333336,1.7044126666666666,0
2025-04-16,1.696,1.856766666666667,1.7044428333333332,0
2025-04-16,1.696,1.8567666666666667,1.7044428333333332,0
2025-04-17,1.652,1.8477666666666663,1.704473,0
2025-04-17,1.652,1.8477666666666663,1.704473,0
2025-04-18,1.654,1.84135,1.7045031666666666,0
2025-04-18,1.654,1.84135,1.7045031666666666,0
2025-04-21,1.68,1.8358,1.7045333333333332,0
2025-04-21,1.68,1.8358,1.7045333333333332,0
2025-04-22,1.67,1.8318666666666663,1.7046233333333332,0
2025-04-22,1.67,1.8318666666666663,1.7046233333333332,0
2025-04-23,1.644,1.82905,1.7047133333333333,0
2025-04-23,1.644,1.82905,1.7047133333333333,0
2025-04-24,1.69,1.8239666666666667,1.7048033333333332,0
2025-04-24,1.69,1.8239666666666667,1.7048033333333332,0
2025-04-25,1.638,1.816633333333333,1.7048933333333334,0
2025-04-25,1.638,1.816633333333333,1.7048933333333334,0
2025-04-27,1.641,1.8129166666666665,1.7049833333333333,0
2025-04-27,1.641,1.8129166666666665,1.7049833333333333,0
2025-04-28,1.723,1.81305,1.7050733333333332,0
2025-04-28,1.723,1.81305,1.7050733333333332,0
2025-04-29,1.748,1.81145,1.7051633333333334,0
2025-04-29,1.748,1.81145,1.7051633333333334,0
2025-04-30,1.762,1.8110666666666664,1.7052533333333333,0
2025-04-30,1.762,1.8110666666666664,1.7052533333333333,0
2025-05-06,1.707,1.81065,1.7053433333333334,0
2025-05-06,1.707,1.8106499999999999,1.7053433333333334,0
2025-05-07,1.661,1.8111,1.7054333333333334,0
2025-05-07,1.661,1.8111,1.7054333333333334,0
2025-05-08,1.594,1.80885,1.7055383333333334,0
2025-05-08,1.594,1.80885,1.7055383333333334,0
2025-05-09,1.519,1.8035333333333328,1.7056433333333334,0
2025-05-09,1.519,1.8035333333333328,1.7056433333333334,0
2025-05-12,1.496,1.7977166666666666,1.7057483333333334,0
2025-05-12,1.496,1.7977166666666666,1.7057483333333334,0
2025-05-13,1.49,1.7931666666666668,1.7058533333333334,0
2025-05-13,1.49,1.7931666666666668,1.7058533333333334,0
2025-05-14,1.501,1.7866166666666667,1.7059583333333337,0
2025-05-14,1.501,1.7866166666666667,1.7059583333333337,0
2025-05-15,1.497,1.77825,1.7060633333333337,0
2025-05-15,1.497,1.77825,1.7060633333333337,0
2025-05-16,1.545,1.767183333333333,1.7061683333333335,0
2025-05-16,1.545,1.767183333333333,1.7061683333333335,0
2025-05-19,1.562,1.7609833333333331,1.7062733333333335,0
2025-05-19,1.562,1.7609833333333331,1.7062733333333335,0
2025-05-20,1.556,1.7537166666666666,1.7063783333333336,0
2025-05-20,1.556,1.7537166666666666,1.7063783333333336,0
2025-05-21,1.549,1.7438833333333337,1.7064833333333336,0
2025-05-21,1.549,1.7438833333333335,1.7064833333333336,0
2025-05-22,1.523,1.7369166666666669,1.7065766666666669,0
2025-05-22,1.523,1.7369166666666669,1.7065766666666669,0
2025-05-23,1.552,1.7273166666666666,1.70667,0
2025-05-23,1.552,1.7273166666666666,1.7066700000000001,0
2025-05-26,1.579,1.7181166666666667,1.7067633333333334,0
2025-05-26,1.579,1.7181166666666667,1.7067633333333334,0
2025-05-27,1.598,1.7074166666666668,1.706856666666667,0
2025-05-27,1.598,1.7074166666666668,1.706856666666667,0
2025-05-28,1.578,1.6988333333333334,1.70695,1
2025-05-28,1.578,1.6988333333333334,1.70695,1
2025-05-29,1.602,1.6953333333333334,1.7060633333333337,1
2025-05-29,1.602,1.6953333333333334,1.7060633333333337,1
2025-05-30,1.617,1.69365,1.7051633333333334,1
2025-05-30,1.617,1.69365,1.7051633333333334,1
2025-06-03,1.515,1.6897166666666663,1.704473,1
2025-06-03,1.515,1.6897166666666663,1.704473,1
2025-06-04,1.543,1.6863,1.7042168333333332,1
2025-06-04,1.543,1.6863,1.7042168333333332,1
2025-06-05,1.534,1.6832333333333334,1.7040833333333332,1
2025-06-05,1.534,1.6832333333333334,1.7040833333333332,1
2025-06-06,1.5,1.6785666666666663,1.7038283333333333,1
2025-06-06,1.5,1.6785666666666665,1.7038283333333333,1
2025-06-09,1.497,1.6737499999999998,1.7029453333333333,1
2025-06-09,1.497,1.6737499999999998,1.7029453333333333,1
2025-06-10,1.496,1.6690166666666668,1.7018695,1
2025-06-10,1.496,1.6690166666666668,1.7018695,1
2025-06-11,1.502,1.664483333333333,1.70138,1
2025-06-11,1.502,1.6644833333333333,1.70138,1
2025-06-12,1.521,1.6607999999999998,1.70112,1
2025-06-12,1.521,1.6607999999999998,1.70112,1
2025-06-13,1.508,1.6556166666666667,1.700910666666667,1
2025-06-13,1.508,1.6556166666666667,1.700910666666667,1
2025-06-16,1.51,1.649066666666667,1.7007201666666667,1
2025-06-16,1.51,1.649066666666667,1.7007201666666667,1
2025-06-17,1.508,1.6432666666666669,1.7001793333333333,1
2025-06-17,1.508,1.6432666666666669,1.7001793333333333,1
2025-06-18,1.505,1.6387166666666666,1.699328333333333,1
2025-06-18,1.505,1.6387166666666666,1.6993283333333333,1
2025-06-19,1.524,1.6348833333333332,1.6988333333333334,1
2025-06-19,1.524,1.6348833333333332,1.6988333333333334,1
2025-06-20,1.529,1.6312833333333334,1.6986833333333335,1
2025-06-20,1.529,1.6312833333333334,1.6986833333333335,1
2025-06-23,1.497,1.6259833333333336,1.69864,1
2025-06-23,1.497,1.6259833333333336,1.69864,1
2025-06-24,1.629,1.6214666666666666,1.6971166666666666,1
2025-06-24,1.629,1.6214666666666666,1.6971166666666666,1
2025-06-25,1.671,1.615916666666667,1.6964166666666665,1
2025-06-25,1.671,1.615916666666667,1.6964166666666665,1
2025-06-26,1.67,1.6114833333333334,1.6963091666666663,1
2025-06-26,1.67,1.6114833333333334,1.6963091666666665,1
2025-06-27,1.668,1.6055666666666668,1.6962143333333333,1
2025-06-27,1.668,1.6055666666666668,1.6962143333333333,1
2025-06-30,1.763,1.6048333333333331,1.6961778333333335,1
2025-06-30,1.763,1.6048333333333333,1.6961778333333335,1
2025-07-01,1.53,1.60025,1.6961586666666668,1
2025-07-01,1.53,1.60025,1.6961586666666668,1
2025-07-02,1.497,1.59705,1.6960966666666666,1
2025-07-02,1.497,1.59705,1.6960966666666666,1
2025-07-03,1.456,1.5930833333333334,1.6957666666666666,1
2025-07-03,1.456,1.5930833333333334,1.6957666666666666,1
2025-07-04,1.423,1.5880499999999995,1.6953766666666668,1
2025-07-04,1.423,1.5880499999999997,1.6953766666666668,1
2025-07-07,1.458,1.5839666666666667,1.6948266666666667,1
2025-07-07,1.458,1.5839666666666667,1.6948266666666667,1
2025-07-08,1.455,1.5802,1.6939650000000002,1
2025-07-08,1.455,1.5802,1.6939650000000002,1
2025-07-09,1.464,1.577616666666667,1.693618,1
2025-07-09,1.464,1.5776166666666667,1.693618,1
2025-07-10,1.474,1.5744333333333336,1.693365,1
2025-07-10,1.474,1.5744333333333336,1.693365,1
2025-07-11,1.475,1.5707666666666666,1.6929933333333331,1
2025-07-11,1.475,1.5707666666666666,1.6929933333333331,1
2025-07-14,1.515,1.56775,1.6927388333333333,1
2025-07-14,1.515,1.56775,1.6927388333333333,1
2025-07-15,1.546,1.565983333333333,1.692208,1
2025-07-15,1.546,1.565983333333333,1.692208,1
2025-07-16,1.504,1.5634833333333331,1.6904765,1
2025-07-16,1.504,1.5634833333333333,1.6904765,1
2025-07-17,1.504,1.56055,1.690265,1
2025-07-17,1.504,1.56055,1.690265,1
2025-07-18,1.494,1.5576166666666669,1.6897715,1
2025-07-18,1.494,1.5576166666666669,1.6897715,1
2025-07-21,1.477,1.5548333333333333,1.6895513333333334,1
2025-07-21,1.477,1.5548333333333333,1.6895513333333334,1
2025-07-22,1.462,1.5510333333333333,1.6894446666666667,1
2025-07-22,1.462,1.5510333333333333,1.6894446666666667,1
2025-07-23,1.463,1.5481166666666666,1.6890166666666666,1
2025-07-23,1.463,1.5481166666666666,1.6890166666666666,1
2025-07-24,1.545,1.5465166666666668,1.6886083333333333,1
2025-07-24,1.545,1.5465166666666668,1.6886083333333333,1
2025-07-25,1.62,1.5448,1.6881733333333333,1
2025-07-25,1.62,1.5448,1.6881733333333333,1
2025-07-28,1.596,1.542266666666667,1.6876578333333332,1
2025-07-28,1.596,1.5422666666666667,1.6876578333333332,1
2025-07-29,1.545,1.53865,1.687272,1
2025-07-29,1.545,1.53865,1.6872719999999999,1
2025-07-30,1.501,1.535216666666667,1.68642,1
2025-07-30,1.501,1.535216666666667,1.68642,1
2025-07-31,1.497,1.5324833333333336,1.6863,1
2025-07-31,1.497,1.5324833333333336,1.6863000000000001,1
2025-08-01,1.446,1.5300166666666668,1.6859070000000005,1
2025-08-01,1.446,1.5300166666666668,1.6859070000000003,1
2025-08-04,1.436,1.5286333333333333,1.6856633333333333,1
2025-08-04,1.436,1.5286333333333333,1.6856633333333333,1
2025-08-05,1.432,1.5275666666666663,1.6854861666666667,1
2025-08-05,1.432,1.5275666666666665,1.6854861666666667,1
2025-08-06,1.442,1.5267666666666666,1.684273666666667,1
2025-08-06,1.442,1.5267666666666666,1.684273666666667,1
2025-08-07,1.434,1.52565,1.6834425,1
2025-08-07,1.434,1.52565,1.6834425,1
2025-08-08,1.4356,1.5246266666666666,1.6833233333333333,1
2025-08-08,1.4356,1.5246266666666666,1.6833233333333333,1
2025-08-11,1.432,1.5227433333333331,1.6831683333333334,1
2025-08-11,1.432,1.5227433333333333,1.6831683333333334,1
2025-08-12,1.433,1.5205933333333332,1.68293,1
2025-08-12,1.433,1.5205933333333332,1.68293,1
2025-08-13,1.434,1.51856,1.682554,1
2025-08-13,1.434,1.5185600000000001,1.6825539999999999,1
2025-08-14,1.426,1.51651,1.6822899999999998,1
2025-08-14,1.426,1.51651,1.6822899999999998,1
2025-08-15,1.465,1.5155433333333332,1.681684,1
2025-08-15,1.465,1.5155433333333332,1.681684,1
2025-08-18,1.483,1.5143933333333337,1.6816153333333337,1
2025-08-18,1.483,1.5143933333333337,1.6816153333333337,1
2025-08-19,1.517,1.5133599999999998,1.6813711666666666,1
2025-08-19,1.517,1.5133599999999998,1.6813711666666666,1
2025-08-20,1.534,1.5122933333333333,1.6809966666666665,1
2025-08-20,1.534,1.5122933333333333,1.6809966666666665,1
2025-08-21,1.495,1.51091,1.6807333333333334,1
2025-08-21,1.495,1.51091,1.6807333333333334,1
2025-08-22,1.463,1.5085933333333337,1.680524,1
2025-08-22,1.463,1.5085933333333335,1.6805240000000001,1
2025-08-25,1.484,1.5063766666666667,1.6802745,1
2025-08-25,1.484,1.5063766666666667,1.6802745,1
2025-08-26,1.467,1.5055766666666666,1.68012,1
2025-08-26,1.467,1.5055766666666666,1.68012,1
2025-08-27,1.491,1.5047099999999998,1.6799583333333332,1
2025-08-27,1.491,1.5047099999999998,1.6799583333333332,1
2025-08-28,1.526,1.504576666666667,1.6789833333333335,1
2025-08-28,1.526,1.5045766666666667,1.6789833333333335,1
2025-08-29,1.51,1.504743333333333,1.6788183333333333,1
2025-08-29,1.51,1.504743333333333,1.6788183333333333,1
2025-09-01,1.438,1.50376,1.6786133333333333,1
2025-09-01,1.438,1.50376,1.6786133333333333,1
2025-09-02,1.431,1.5026766666666664,1.6784243333333333,1
2025-09-02,1.431,1.5026766666666664,1.6784243333333333,1
2025-09-03,1.433,1.501526666666667,1.6781233333333334,1
2025-09-03,1.433,1.5015266666666667,1.6781233333333334,1
2025-09-04,1.437,1.5001266666666666,1.677806666666667,1
2025-09-04,1.437,1.5001266666666666,1.677806666666667,1
2025-09-05,1.427,1.4987766666666669,1.67757,1
2025-09-05,1.427,1.4987766666666669,1.67757,1
2025-09-08,1.438,1.4975766666666666,1.677245,1
2025-09-08,1.438,1.4975766666666666,1.677245,1
2025-09-09,1.467,1.4968933333333334,1.6764533333333331,1
2025-09-09,1.467,1.4968933333333334,1.6764533333333331,1
2025-09-10,1.449,1.4959600000000002,1.6750768333333337,1
2025-09-10,1.449,1.4959600000000002,1.6750768333333335,1
2025-09-11,1.466,1.4949933333333334,1.6739683333333335,1
2025-09-11,1.466,1.4949933333333334,1.6739683333333335,1
2025-09-12,1.46,1.4938433333333334,1.6739203333333337,1
2025-09-12,1.46,1.4938433333333334,1.6739203333333337,1
2025-09-15,1.47,1.4933933333333334,1.6737829999999998,1
2025-09-15,1.47,1.4933933333333334,1.6737829999999998,1
2025-09-16,1.475,1.4908266666666667,1.6737149999999998,1
2025-09-16,1.475,1.4908266666666667,1.6737149999999998,1
2025-09-17,1.519,1.4882933333333337,1.673683,1
2025-09-17,1.519,1.4882933333333337,1.673683,1
2025-09-18,1.528,1.4859266666666666,1.6736191666666669,1
2025-09-18,1.528,1.4859266666666666,1.6736191666666667,1
2025-09-19,1.488,1.4829266666666667,1.67324,1
2025-09-19,1.488,1.4829266666666667,1.67324,1
2025-09-22,1.466,1.4779766666666667,1.672675,1
2025-09-22,1.466,1.4779766666666667,1.672675,1
2025-09-23,1.462,1.4768433333333333,1.6720746666666666,1
2025-09-23,1.462,1.4768433333333333,1.6720746666666666,1
2025-09-24,1.59,1.4783933333333332,1.6703210000000002,1
2025-09-24,1.59,1.4783933333333332,1.6703210000000002,1
2025-09-25,1.584,1.4805266666666663,1.66985,1
2025-09-25,1.584,1.4805266666666665,1.66985,1
2025-09-26,1.501,1.4818266666666668,1.669835,1
2025-09-26,1.501,1.4818266666666668,1.669835,1
2025-09-28,1.497,1.4824766666666669,1.6696866666666668,1
2025-09-28,1.497,1.4824766666666669,1.6696866666666668,1
2025-09-29,1.523,1.48361,1.6692066666666667,1
2025-09-29,1.523,1.48361,1.6692066666666667,1
2025-09-30,1.405,1.4826266666666668,1.6688566666666669,1
2025-09-30,1.405,1.4826266666666668,1.6688566666666669,1
2025-10-09,1.495,1.4829766666666666,1.668483333333333,1
2025-10-09,1.495,1.4829766666666666,1.668483333333333,1
2025-10-10,1.451,1.4825766666666669,1.6674693333333332,1
2025-10-10,1.451,1.4825766666666667,1.6674693333333332,1
2025-10-11,1.403,1.48071,1.6661828333333333,1
2025-10-11,1.403,1.48071,1.6661828333333333,1
2025-10-13,1.447,1.47906,1.665754,1
2025-10-13,1.447,1.47906,1.665754,1
2025-10-14,1.423,1.47771,1.66558,1
2025-10-14,1.423,1.47771,1.66558,1
2025-10-15,1.414,1.4762099999999998,1.66555,1
2025-10-15,1.414,1.4762099999999998,1.66555,1
2025-10-16,1.419,1.4749599999999998,1.665307,1
2025-10-16,1.419,1.4749599999999998,1.665307,1
2025-10-17,1.415,1.4739266666666668,1.6646426666666667,1
2025-10-17,1.415,1.4739266666666668,1.6646426666666667,1
2025-10-20,1.418,1.4731933333333336,1.6639583333333332,1
2025-10-20,1.418,1.4731933333333336,1.6639583333333332,1
2025-10-21,1.426,1.4725766666666664,1.6632933333333333,1
2025-10-21,1.426,1.4725766666666664,1.6632933333333333,1
2025-10-22,1.422,1.4705266666666668,1.662645,1
2025-10-22,1.422,1.4705266666666668,1.662645,1
2025-10-23,1.417,1.4671433333333332,1.6621,1
2025-10-23,1.417,1.4671433333333332,1.6621,1
2025-10-24,1.414,1.46411,1.661542,1
2025-10-24,1.414,1.46411,1.661542,1
2025-10-27,1.542,1.46406,1.6608839999999998,1
2025-10-27,1.542,1.46406,1.6608839999999998,1
2025-10-28,1.53,1.464543333333333,1.66074,1
2025-10-28,1.53,1.464543333333333,1.6607399999999999,1
2025-10-29,1.512,1.4647933333333332,1.6602,1
2025-10-29,1.512,1.4647933333333332,1.6602,1
2025-10-30,1.484,1.4654266666666669,1.66017,1
2025-10-30,1.484,1.4654266666666669,1.66017,1
2025-10-31,1.439,1.4654766666666668,1.65934,1
2025-10-31,1.439,1.4654766666666668,1.65934,1
2025-11-03,1.412,1.4651433333333337,1.658782166666667,1
2025-11-03,1.412,1.4651433333333337,1.658782166666667,1
2025-11-04,1.415,1.4646933333333332,1.6581746666666668,1
2025-11-04,1.415,1.4646933333333332,1.6581746666666668,1
2025-11-05,1.423,1.46451,1.6575416666666667,1
2025-11-05,1.423,1.46451,1.6575416666666667,1
2025-11-06,1.421,1.4642666666666668,1.6565746666666668,1
2025-11-06,1.421,1.4642666666666668,1.6565746666666668,1
2025-11-07,1.422,1.4641,1.6555136666666668,1
2025-11-07,1.422,1.4641,1.6555136666666668,1
2025-11-10,1.478,1.46485,1.6552319999999998,1
2025-11-10,1.478,1.46485,1.6552319999999998,1
2025-11-11,1.501,1.4659666666666666,1.6549733333333334,1
2025-11-11,1.501,1.4659666666666666,1.6549733333333334,1
2025-11-12,1.474,1.466766666666667,1.6541333333333337,1
2025-11-12,1.474,1.466766666666667,1.6541333333333335,1
2025-11-13,1.474,1.4669166666666666,1.6537133333333334,1
2025-11-13,1.474,1.4669166666666666,1.6537133333333334,1
2025-11-14,1.468,1.4666666666666666,1.6527613333333335,1
2025-11-14,1.468,1.4666666666666666,1.6527613333333335,1
2025-11-17,1.514,1.466616666666667,1.652192,1
2025-11-17,1.514,1.466616666666667,1.652192,1
2025-11-18,1.518,1.4663499999999998,1.651588,1
2025-11-18,1.518,1.4663499999999998,1.651588,1
2025-11-19,1.487,1.4662166666666667,1.6510416666666663,1
2025-11-19,1.487,1.4662166666666667,1.6510416666666663,1
2025-11-20,1.46,1.4661666666666666,1.6507133333333333,1
2025-11-20,1.46,1.4661666666666666,1.6507133333333333,1
2025-11-21,1.417,1.4650500000000002,1.6504983333333334,1
2025-11-21,1.417,1.4650500000000002,1.6504983333333334,1
2025-11-24,1.447,1.4647166666666669,1.6502163333333335,1
2025-11-24,1.447,1.4647166666666669,1.6502163333333335,1
2025-11-25,1.433,1.46375,1.6498478333333333,1
2025-11-25,1.433,1.46375,1.6498478333333333,1
2025-11-26,1.453,1.4625333333333332,1.6495433333333334,1
2025-11-26,1.453,1.4625333333333332,1.6495433333333334,1
2025-11-27,1.425,1.4611166666666666,1.6495343333333332,1
2025-11-27,1.425,1.4611166666666666,1.6495343333333332,1
2025-11-28,1.437,1.4610999999999998,1.64916,1
2025-11-28,1.437,1.4610999999999998,1.64916,1
2025-12-01,1.454,1.4614833333333337,1.6489383333333334,1
2025-12-01,1.454,1.4614833333333335,1.6489383333333334,1
2025-12-02,1.434,1.4615,1.648553333333333,1
2025-12-02,1.434,1.4615,1.648553333333333,1
2025-12-03,1.426,1.4613166666666666,1.6481916666666667,1
2025-12-03,1.426,1.4613166666666666,1.6481916666666667,1
2025-12-04,1.424,1.4612666666666665,1.6478033333333333,1
2025-12-04,1.424,1.4612666666666665,1.6478033333333333,1
2025-12-05,1.416,1.4609,1.6473543333333331,1
2025-12-05,1.416,1.4609,1.6473543333333331,1
2025-12-08,1.426,1.4602166666666667,1.6470326666666664,1
2025-12-08,1.426,1.4602166666666667,1.6470326666666664,1
2025-12-09,1.431,1.4599166666666668,1.6464681666666665,1
2025-12-09,1.431,1.4599166666666668,1.6464681666666665,1
2025-12-10,1.439,1.4594666666666667,1.6463316666666663,1
2025-12-10,1.439,1.4594666666666667,1.6463316666666665,1
2025-12-11,1.432,1.459,1.6450056666666666,1
2025-12-11,1.432,1.459,1.6450056666666666,1
2025-12-12,1.451,1.458683333333333,1.644745,1
2025-12-12,1.451,1.4586833333333333,1.644745,1
2025-12-15,1.432,1.4579666666666666,1.643711,1
2025-12-15,1.432,1.4579666666666666,1.643711,1
2025-12-16,1.429,1.4564666666666666,1.643272,1
2025-12-16,1.429,1.4564666666666666,1.643272,1
2025-12-17,1.428,1.4548,1.6428916666666666,1
2025-12-17,1.428,1.4548,1.6428916666666666,1
2025-12-18,1.426,1.4537666666666669,1.642456,1
2025-12-18,1.426,1.4537666666666669,1.642456,1
2025-12-19,1.4311,1.453185,1.642236,1
2025-12-19,1.4311,1.453185,1.642236,1
2025-12-22,1.417,1.452435,1.6417643333333334,1
2025-12-22,1.417,1.452435,1.6417643333333334,1
2025-12-23,1.399,1.4492516666666666,1.6410235000000002,1
2025-12-23,1.399,1.4492516666666666,1.6410235000000002,1
2025-12-24,1.385,1.445935,1.6404999999999998,1
2025-12-24,1.385,1.445935,1.6404999999999998,1
2025-12-25,1.4,1.4442516666666665,1.6401400000000002,1
2025-12-25,1.4,1.4442516666666665,1.6401400000000002,1
2025-12-26,1.448,1.443435,1.6395573333333335,1
2025-12-26,1.448,1.443435,1.6395573333333335,1
2025-12-29,1.558,1.4440183333333332,1.6390133333333332,1
2025-12-29,1.558,1.4440183333333332,1.6390133333333332,1
2025-12-30,1.589,1.447085,1.6387653333333332,1
2025-12-30,1.589,1.447085,1.6387653333333332,1
2025-12-31,1.956,1.4547683333333332,1.6386108333333331,1
2025-12-31,1.956,1.4547683333333332,1.6386108333333333,1
2026-01-04,1.428,1.4543849999999998,1.638359,1
2026-01-04,1.428,1.4543849999999998,1.638359,1
2026-01-05,1.423,1.4547183333333331,1.638105,1
2026-01-05,1.423,1.4547183333333331,1.638105,1
2026-01-06,1.422,1.4543016666666666,1.637792,1
2026-01-06,1.422,1.4543016666666666,1.637792,1
2026-01-07,1.45,1.4547516666666669,1.6367876666666668,1
2026-01-07,1.45,1.4547516666666667,1.6367876666666668,1
2026-01-08,1.462,1.4555516666666668,1.6360766666666666,1
2026-01-08,1.462,1.4555516666666668,1.6360766666666666,1
2026-01-09,1.461,1.4562516666666667,1.6360061666666663,1
2026-01-09,1.461,1.4562516666666667,1.6360061666666665,1
2026-01-12,1.473,1.4572183333333333,1.635106333333333,1
2026-01-12,1.473,1.4572183333333333,1.6351063333333333,1
2026-01-13,1.523,1.4589683333333332,1.6339371666666669,1
2026-01-13,1.523,1.4589683333333332,1.6339371666666667,1
2026-01-14,1.55,1.461035,1.6334186666666666,1
2026-01-14,1.55,1.461035,1.6334186666666666,1
2026-01-15,1.485,1.462085,1.6332375,1
2026-01-15,1.485,1.4620849999999999,1.6332375,1
2026-01-16,1.47,1.4629683333333334,1.6328516666666666,1
2026-01-16,1.47,1.4629683333333334,1.6328516666666666,1
2026-01-19,1.467,1.4638516666666668,1.6322816666666666,1
2026-01-19,1.467,1.4638516666666668,1.6322816666666666,1
2026-01-20,1.483,1.4628683333333334,1.631825,1
2026-01-20,1.483,1.4628683333333334,1.631825,1
2026-01-21,1.488,1.4621683333333335,1.6313868333333332,1
2026-01-21,1.488,1.4621683333333335,1.6313868333333332,1
2026-01-22,1.497,1.4619183333333334,1.6312833333333334,1
2026-01-22,1.497,1.4619183333333334,1.6312833333333334,1
2026-01-23,1.491,1.462035,1.6312518333333332,1
2026-01-23,1.491,1.462035,1.6312518333333332,1
2026-01-26,1.543,1.4637683333333331,1.6305816666666666,1
2026-01-26,1.543,1.4637683333333333,1.6305816666666666,1
2026-01-27,1.564,1.4663016666666666,1.6302796666666666,1
2026-01-27,1.564,1.4663016666666666,1.6302796666666666,1
2026-01-28,1.527,1.4681683333333335,1.6299176666666666,1
2026-01-28,1.527,1.4681683333333335,1.6299176666666666,1
2026-01-29,1.572,1.4706516666666665,1.6290733333333334,1
2026-01-29,1.572,1.4706516666666665,1.6290733333333334,1
2026-01-30,1.58,1.4733016666666667,1.628172333333333,1
2026-01-30,1.58,1.4733016666666667,1.6281723333333333,1
2026-02-02,1.485,1.4743516666666667,1.6272433333333336,1
2026-02-02,1.485,1.4743516666666667,1.6272433333333336,1
2026-02-03,1.488,1.4745183333333334,1.6259230000000002,1
2026-02-03,1.488,1.4745183333333334,1.6259230000000002,1
2026-02-04,1.473,1.4740516666666668,1.6255925,1
2026-02-04,1.473,1.4740516666666668,1.6255925,1
2026-02-05,1.464,1.473885,1.62479,1
2026-02-05,1.464,1.473885,1.62479,1
2026-02-06,1.435,1.473235,1.6245575,1
2026-02-06,1.435,1.473235,1.6245575,1
2026-02-09,1.505,1.4738516666666668,1.622249,1
2026-02-09,1.505,1.4738516666666668,1.622249,1
2026-02-10,1.531,1.4741350000000002,1.6215301666666666,1
2026-02-10,1.531,1.4741350000000002,1.6215301666666666,1
2026-02-11,1.523,1.4742183333333334,1.6210856666666666,1
2026-02-11,1.523,1.4742183333333334,1.6210856666666666,1
2026-02-12,1.518,1.474735,1.6198983333333334,1
2026-02-12,1.518,1.474735,1.6198983333333334,1
2026-02-13,1.43,1.474235,1.6188063333333331,1
2026-02-13,1.43,1.474235,1.6188063333333333,1
2026-02-14,1.3233,1.4726733333333333,1.6182123333333331,1
2026-02-14,1.3233,1.4726733333333333,1.6182123333333331,1
2026-02-24,1.553,1.47444,1.6170886666666666,1
2026-02-24,1.553,1.47444,1.6170886666666666,1
2026-02-25,1.497,1.4755066666666667,1.615881,1
2026-02-25,1.497,1.4755066666666667,1.615881,1
2026-02-26,1.457,1.4755733333333334,1.61556,1
2026-02-26,1.457,1.4755733333333334,1.61556,1
2026-02-27,1.474,1.47639,1.6144395,1
2026-02-27,1.474,1.47639,1.6144395,1
2026-02-28,1.5,1.47744,1.612835,1
2026-02-28,1.5,1.47744,1.612835,1
2026-03-02,1.466,1.47764,1.6123273333333332,1
2026-03-02,1.466,1.47764,1.6123273333333332,1
2026-03-03,1.448,1.4778733333333334,1.6117973333333333,1
2026-03-03,1.448,1.4778733333333334,1.6117973333333333,1
2026-03-04,1.415,1.47769,1.6113491666666668,1
2026-03-04,1.415,1.47769,1.6113491666666668,1
2026-03-05,1.412,1.47749,1.6104003333333334,1
2026-03-05,1.412,1.47749,1.6104003333333334,1
2026-03-06,1.412,1.4774233333333333,1.6084843333333334,1
2026-03-06,1.412,1.4774233333333333,1.6084843333333334,1
2026-03-09,1.423,1.4773733333333332,1.606665,1
2026-03-09,1.423,1.4773733333333332,1.606665,1
2026-03-10,1.432,1.47739,1.6058351666666668,1
2026-03-10,1.432,1.47739,1.6058351666666668,1
2026-03-11,1.46,1.47774,1.6055666666666668,1
2026-03-11,1.46,1.47774,1.6055666666666668,1
2026-03-12,1.465,1.47829,1.6051151666666668,1
2026-03-12,1.465,1.47829,1.6051151666666668,1
2026-03-13,1.457,1.47839,1.6048796666666667,1
2026-03-13,1.457,1.47839,1.6048796666666667,1
2026-03-16,1.441,1.47854,1.6026621666666667,1
2026-03-16,1.441,1.47854,1.6026621666666667,1
2026-03-17,1.4291,1.4785416666666669,1.6017206666666668,1
2026-03-17,1.4291,1.4785416666666669,1.6017206666666668,1
2026-03-18,1.425,1.4784916666666668,1.6016466666666669,1
2026-03-18,1.425,1.4784916666666668,1.6016466666666669,1
2026-03-19,1.423,1.4784416666666669,1.601048,1
2026-03-19,1.423,1.4784416666666669,1.601048,1
2026-03-20,1.417,1.478206666666667,1.5997515,1
2026-03-20,1.417,1.4782066666666667,1.5997515,1
2026-03-23,1.422,1.47829,1.5984636666666665,1
2026-03-23,1.422,1.47829,1.5984636666666665,1
2026-03-24,1.417,1.47859,1.5979433333333333,1
2026-03-24,1.417,1.47859,1.5979433333333333,1
2026-03-25,1.435,1.479423333333333,1.597748333333333,1
2026-03-25,1.435,1.4794233333333333,1.597748333333333,1
2026-03-26,1.438,1.4800566666666668,1.5971198333333334,1
2026-03-26,1.438,1.4800566666666668,1.5971198333333334,1
2026-03-27,1.428,1.4797233333333333,1.5958580000000002,1
2026-03-27,1.428,1.4797233333333333,1.5958580000000002,1
2026-03-30,1.418,1.47739,1.5943385,1
2026-03-30,1.418,1.47739,1.5943385,1
2026-03-31,1.438,1.4748733333333337,1.593376,1
2026-03-31,1.438,1.4748733333333337,1.593376,1
2026-04-01,1.421,1.4659566666666668,1.5926658333333332,1
2026-04-01,1.421,1.4659566666666668,1.5926658333333332,1
2026-04-02,1.404,1.4655566666666668,1.5921283333333334,1
2026-04-02,1.404,1.4655566666666668,1.5921283333333334,1
2026-04-03,1.338,1.46414,1.5917383333333337,1
2026-04-03,1.338,1.46414,1.5917383333333335,1
2026-04-07,1.324,1.4625066666666668,1.590885,1
2026-04-07,1.324,1.4625066666666668,1.5908849999999999,1
2026-04-08,1.323,1.46039,1.58941,1
2026-04-08,1.323,1.46039,1.58941,1
2026-04-09,1.32,1.4580233333333334,1.589215,1
2026-04-09,1.32,1.4580233333333334,1.589215,1
2026-04-10,1.319,1.4556566666666666,1.5881664999999998,1
2026-04-10,1.319,1.4556566666666666,1.5881664999999998,1
2026-04-13,1.359,1.4537566666666668,1.586502,1
2026-04-13,1.359,1.4537566666666668,1.586502,1
2026-04-14,1.36,1.45104,1.5853613333333334,1
2026-04-14,1.36,1.45104,1.5853613333333334,1
2026-04-15,1.367,1.44799,1.5846243333333334,1
2026-04-15,1.367,1.44799,1.5846243333333334,1
2026-04-16,1.336,1.4455066666666667,1.5841575,1
2026-04-16,1.336,1.4455066666666667,1.5841575,1
2026-04-17,1.326,1.4431066666666663,1.5829126666666669,1
2026-04-17,1.326,1.4431066666666665,1.5829126666666669,1
2026-04-20,1.328,1.44079,1.5812766666666669,1
2026-04-20,1.328,1.44079,1.5812766666666669,1
2026-04-21,1.331,1.4382566666666667,1.5810913333333334,1
2026-04-21,1.331,1.4382566666666667,1.5810913333333334,1
2026-04-22,1.327,1.4355733333333334,1.5808301666666666,1
2026-04-22,1.327,1.4355733333333334,1.5808301666666666,1
2026-04-23,1.329,1.4327733333333332,1.580531666666667,1
2026-04-23,1.329,1.4327733333333332,1.580531666666667,1
2026-04-24,1.324,1.42999,1.580233166666667,1
2026-04-24,1.324,1.4299899999999999,1.5802331666666667,1
2026-04-27,1.358,1.4269066666666668,1.580132,1
2026-04-27,1.358,1.4269066666666668,1.580132,1
2026-04-28,1.364,1.4235733333333334,1.5797533333333331,1
2026-04-28,1.364,1.4235733333333334,1.5797533333333331,1
2026-04-29,1.373,1.4210066666666663,1.5793283333333332,1
2026-04-29,1.373,1.4210066666666663,1.5793283333333332,1
2026-04-30,1.391,1.41799,1.5791149999999998,1
2026-04-30,1.391,1.41799,1.5791149999999998,1
2026-05-06,1.365,1.4144066666666666,1.5789883333333334,1
2026-05-06,1.365,1.4144066666666666,1.5789883333333334,1
2026-05-07,1.381,1.4126733333333332,1.5788133333333334,1
2026-05-07,1.381,1.4126733333333332,1.5788133333333334,1
2026-05-08,1.345,1.4102899999999998,1.5787116666666667,1
2026-05-08,1.345,1.4102899999999998,1.5787116666666667,1
2026-05-09,1.318,1.4077066666666669,1.5786028333333333,1
2026-05-09,1.318,1.4077066666666669,1.5786028333333333,1
2026-05-11,1.34,1.4056399999999998,1.5783433333333334,1
2026-05-11,1.34,1.4056399999999998,1.5783433333333334,1
2026-05-12,1.308,1.4035233333333332,1.5781783333333337,1
2026-05-12,1.308,1.4035233333333332,1.5781783333333337,1
2026-05-13,1.299,1.4000899999999998,1.5778133333333333,1
2026-05-13,1.299,1.4000899999999998,1.5778133333333333,1
2026-05-14,1.305,1.3963233333333334,1.5776496666666666,1
2026-05-14,1.305,1.3963233333333334,1.5776496666666666,1
2026-05-15,1.313,1.3928233333333333,1.5775756666666667,1
2026-05-15,1.313,1.3928233333333333,1.5775756666666667,1
2026-05-18,1.322,1.3895566666666668,1.5775466666666669,1
2026-05-18,1.322,1.3895566666666668,1.5775466666666667,1
2026-05-19,1.32,1.3877233333333334,1.5766843333333334,1
2026-05-19,1.32,1.3877233333333334,1.5766843333333334,1
2026-05-20,1.339,1.387985,1.5753668333333335,1
2026-05-20,1.339,1.387985,1.5753668333333335,1
2026-05-21,1.331,1.384285,1.575257,1
2026-05-21,1.331,1.384285,1.575257,1
2026-05-22,1.365,1.382085,1.575001833333333,1
2026-05-22,1.365,1.382085,1.575001833333333,1
2026-05-25,1.401,1.3811516666666668,1.5744333333333336,1
2026-05-25,1.401,1.3811516666666668,1.5744333333333336,1
2026-05-26,1.377,1.3795350000000002,1.5743058333333333,1
2026-05-26,1.377,1.3795350000000002,1.5743058333333333,1
2026-05-27,1.371,1.377385,1.574257,1
2026-05-27,1.371,1.377385,1.574257,1
2026-05-28,1.362,1.3756516666666667,1.5739333333333334,1
2026-05-28,1.362,1.3756516666666667,1.5739333333333334,1
2026-05-29,1.387,1.3746350000000005,1.573548333333333,1
2026-05-29,1.387,1.3746350000000005,1.573548333333333,1
2026-06-01,1.376,1.373985,1.5731233333333334,1
2026-06-01,1.376,1.373985,1.5731233333333334,1
2026-06-02,1.353,1.373001666666667,1.5727916666666668,1
2026-06-02,1.353,1.373001666666667,1.5727916666666668,1
2026-06-03,1.347,1.3719183333333334,1.572466666666667,1
2026-06-03,1.347,1.3719183333333334,1.5724666666666667,1
2026-06-04,1.348,1.3706683333333334,1.5719456666666665,1
2026-06-04,1.348,1.3706683333333334,1.5719456666666665,1
2026-06-05,1.382,1.369835,1.5717598333333334,1
2026-06-05,1.382,1.369835,1.5717598333333334,1
2026-06-08,1.401,1.3688516666666668,1.5707833333333334,1
2026-06-08,1.401,1.3688516666666668,1.5707833333333334,1
2026-06-09,1.42,1.3681016666666668,1.570768333333333,1
2026-06-09,1.42,1.3681016666666668,1.5707683333333333,1
2026-06-10,1.413,1.3673683333333335,1.570525333333333,1
2026-06-10,1.413,1.3673683333333335,1.570525333333333,1
2026-06-11,1.441,1.3673683333333335,1.5685645,1
2026-06-11,1.441,1.3673683333333335,1.5685645,1
2026-06-12,1.453,1.3677666666666668,1.567389,1
2026-06-12,1.453,1.3677666666666668,1.567389,1
2026-06-15,1.461,1.3683666666666667,1.5669041666666663,1
2026-06-15,1.461,1.3683666666666667,1.5669041666666663,1
2026-06-16,1.488,1.36945,1.5663893333333332,1
2026-06-16,1.488,1.36945,1.5663893333333332,1
2026-06-17,1.464,1.3702333333333334,1.5659428333333332,1
2026-06-17,1.464,1.3702333333333334,1.5659428333333332,1
2026-06-18,1.462,1.3709,1.5658396666666663,1
2026-06-18,1.462,1.3709,1.5658396666666665,1
2026-06-22,1.475,1.3718666666666666,1.5657113333333337,1
2026-06-22,1.475,1.3718666666666666,1.5657113333333335,1
2026-06-23,1.497,1.3729,1.5648683333333335,1
2026-06-23,1.497,1.3729,1.5648683333333335,1
2026-06-24,1.548,1.3747333333333331,1.5646553333333333,1
2026-06-24,1.548,1.3747333333333331,1.5646553333333333,1
2026-06-25,1.513,1.37615,1.5640716666666667,1
2026-06-25,1.513,1.37615,1.5640716666666667,1
2026-06-26,1.467,1.376966666666667,1.5638581666666669,1
2026-06-26,1.467,1.376966666666667,1.5638581666666667,1
2026-06-29,1.45,1.3771666666666669,1.5636206666666668,1
2026-06-29,1.45,1.3771666666666669,1.5636206666666668,1
2026-06-30,1.458,1.3777833333333334,1.5630441666666668,1
2026-06-30,1.458,1.3777833333333334,1.5630441666666668,1
2026-07-01,1.463,1.3787666666666667,1.562305,1
2026-07-01,1.463,1.3787666666666667,1.562305,1
2026-07-02,1.437,1.3804166666666666,1.5614635,1
2026-07-02,1.437,1.3804166666666666,1.5614635,1
2026-07-03,1.396,1.3816166666666665,1.5599633333333336,1
2026-07-03,1.396,1.3816166666666665,1.5599633333333336,1
2026-07-06,1.39,1.3827333333333334,1.5575713333333334,1
2026-07-06,1.39,1.3827333333333334,1.5575713333333334,1
2026-07-07,1.3825,1.3837750000000002,1.5571633333333332,1
2026-07-07,1.3825,1.3837750000000002,1.5571633333333332,1
2026-07-08,1.381,1.3848083333333334,1.5569983333333333,1
2026-07-08,1.381,1.3848083333333334,1.5569983333333333,1
2026-07-09,1.38,1.3851583333333333,1.555262666666667,1
2026-07-09,1.38,1.3851583333333333,1.555262666666667,1
2026-07-10,1.383,1.3855416666666664,1.5521733333333334,1
2026-07-10,1.383,1.3855416666666664,1.5521733333333334,1
2026-07-13,1.4,1.3860916666666667,1.5508063333333333,1
2026-07-13,1.4,1.3860916666666667,1.5508063333333333,1
2026-07-14,1.402,1.3871916666666666,1.5505166666666668,1
2026-07-14,1.402,1.3871916666666666,1.5505166666666668,1
2026-07-15,1.4235,1.3888166666666666,1.5494736666666666,1
2026-07-15,1.4235,1.3888166666666666,1.5494736666666666,1
2026-07-16,1.44,1.3906833333333333,1.5479196666666666,1
2026-07-16,1.44,1.3906833333333333,1.5479196666666666,1
2026-07-17,1.435,1.3924166666666664,1.5473796666666668,1
2026-07-17,1.435,1.3924166666666664,1.5473796666666668,1
2026-07-20,1.431,1.39415,1.5470041666666667,1
2026-07-20,1.431,1.39415,1.5470041666666667,1
2026-07-21,1.401,1.39535,1.5465166666666668,1
2026-07-21,1.401,1.39535,1.5465166666666668,1
2026-07-22,1.401,1.3966333333333334,1.5449716666666666,1
2026-07-22,1.401,1.3966333333333334,1.5449716666666666,1
2026-07-23,1.393,1.3972166666666666,1.544496,1
2026-07-23,1.393,1.3972166666666666,1.544496,1
2026-07-24,1.4,1.3978166666666667,1.5434085,1
2026-07-24,1.4,1.3978166666666667,1.5434085,1
2026-07-27,1.4316,1.3987933333333336,1.54255,1
2026-07-27,1.4316,1.3987933333333336,1.54255,1
2026-07-28,1.46,1.399943333333333,1.5420658333333337,1
2026-07-28,1.46,1.399943333333333,1.5420658333333337,1
2026-07-29,1.51,1.4023600000000005,1.5411530000000002,1
2026-07-29,1.51,1.4023600000000003,1.5411530000000002,1
