date,industry_count,divergence,ma20,cold_line,hot_line,signal
2019-03-06,1,,,,,正常
2019-03-07,1,,,,,正常
2019-03-08,1,,,,,正常
2019-03-11,1,,,,,正常
2019-03-12,1,,,,,正常
2019-03-13,1,,,,,正常
2019-03-14,1,,,,,正常
2019-03-15,1,,,,,正常
2019-03-18,1,,,,,正常
2019-03-19,1,,,,,正常
2019-03-20,1,,,,,正常
2019-03-21,1,,,,,正常
2019-03-22,1,,,,,正常
2019-03-25,1,,,,,正常
2019-03-26,1,,,,,正常
2019-03-27,1,,,,,正常
2019-03-28,1,,,,,正常
2019-03-29,1,,,,,正常
2019-04-01,1,,,,,正常
2019-04-02,1,,,,,正常
2019-04-03,1,,,,,正常
2019-04-04,1,,,,,正常
2019-04-08,1,,,,,正常
2019-04-09,1,,,,,正常
2019-04-10,1,,,,,正常
2019-04-11,1,,,,,正常
2019-04-12,1,,,,,正常
2019-04-15,1,,,,,正常
2019-04-16,1,,,,,正常
2019-04-17,1,,,,,正常
2019-04-18,1,,,,,正常
2019-04-19,2,,,,,正常
2019-04-22,2,,,,,正常
2019-04-23,2,,,,,正常
2019-04-24,2,,,,,正常
2019-04-25,2,,,,,正常
2019-04-26,2,,,,,正常
2019-04-29,2,,,,,正常
2019-04-30,2,,,,,正常
2019-05-06,2,,,,,正常
2019-05-07,2,,,,,正常
2019-05-08,2,,,,,正常
2019-05-09,2,,,,,正常
2019-05-10,2,,,,,正常
2019-05-13,2,,,,,正常
2019-05-14,2,,,,,正常
2019-05-15,2,,,,,正常
2019-05-16,2,,,,,正常
2019-05-17,2,,,,,正常
2019-05-20,2,,,,,正常
2019-05-21,2,,,,,正常
2019-05-22,2,,,,,正常
2019-05-23,2,,,,,正常
2019-05-24,2,,,,,正常
2019-05-27,2,,,,,正常
2019-05-28,2,,,,,正常
2019-05-29,2,,,,,正常
2019-05-30,2,,,,,正常
2019-05-31,2,,,,,正常
2019-06-03,2,,,,,正常
2019-06-04,2,,,,,正常
2019-06-05,2,,,,,正常
2019-06-06,2,,,,,正常
2019-06-10,3,,,,,正常
2019-06-11,3,,,,,正常
2019-06-12,3,,,,,正常
2019-06-13,3,,,,,正常
2019-06-14,3,,,,,正常
2019-06-17,3,,,,,正常
2019-06-18,3,,,,,正常
2019-06-19,3,,,,,正常
2019-06-20,3,,,,,正常
2019-06-21,3,,,,,正常
2019-06-24,3,,,,,正常
2019-06-25,3,,,,,正常
2019-06-26,3,,,,,正常
2019-06-27,3,,,,,正常
2019-06-28,3,,,,,正常
2019-07-01,3,,,,,正常
2019-07-02,3,,,,,正常
2019-07-03,3,,,,,正常
2019-07-04,3,,,,,正常
2019-07-05,3,,,,,正常
2019-07-08,3,,,,,正常
2019-07-09,3,,,,,正常
2019-07-10,3,,,,,正常
2019-07-11,3,,,,,正常
2019-07-12,3,,,,,正常
2019-07-15,3,,,,,正常
2019-07-16,3,,,,,正常
2019-07-17,3,,,,,正常
2019-07-18,3,,,,,正常
2019-07-19,3,,,,,正常
2019-07-22,3,,,,,正常
2019-07-23,3,,,,,正常
2019-07-24,3,,,,,正常
2019-07-25,3,,,,,正常
2019-07-26,3,,,,,正常
2019-07-29,3,,,,,正常
2019-07-30,3,,,,,正常
2019-07-31,3,,,,,正常
2019-08-01,3,,,,,正常
2019-08-02,3,,,,,正常
2019-08-05,3,,,,,正常
2019-08-06,3,,,,,正常
2019-08-07,3,,,,,正常
2019-08-08,3,,,,,正常
2019-08-09,3,,,,,正常
2019-08-12,3,,,,,正常
2019-08-13,3,,,,,正常
2019-08-14,3,,,,,正常
2019-08-15,3,,,,,正常
2019-08-16,3,,,,,正常
2019-08-19,3,,,,,正常
2019-08-20,3,,,,,正常
2019-08-21,3,,,,,正常
2019-08-22,3,,,,,正常
2019-08-23,3,,,,,正常
2019-08-26,3,,,,,正常
2019-08-27,3,,,,,正常
2019-08-28,3,,,,,正常
2019-08-29,3,,,,,正常
2019-08-30,3,,,,,正常
2019-09-02,3,,,,,正常
2019-09-03,3,,,,,正常
2019-09-04,3,,,,,正常
2019-09-05,3,,,,,正常
2019-09-06,3,,,,,正常
2019-09-09,3,,,,,正常
2019-09-10,3,,,,,正常
2019-09-11,3,,,,,正常
2019-09-12,3,,,,,正常
2019-09-16,3,,,,,正常
2019-09-17,3,,,,,正常
2019-09-18,3,,,,,正常
2019-09-19,3,,,,,正常
2019-09-20,3,,,,,正常
2019-09-23,3,,,,,正常
2019-09-24,3,,,,,正常
2019-09-25,3,,,,,正常
2019-09-26,3,,,,,正常
2019-09-27,3,,,,,正常
2019-09-30,3,,,,,正常
2019-10-08,3,,,,,正常
2019-10-09,3,,,,,正常
2019-10-10,3,,,,,正常
2019-10-11,3,,,,,正常
2019-10-14,3,,,,,正常
2019-10-15,3,,,,,正常
2019-10-16,3,,,,,正常
2019-10-17,3,,,,,正常
2019-10-18,3,,,,,正常
2019-10-21,3,,,,,正常
2019-10-22,3,,,,,正常
2019-10-23,3,,,,,正常
2019-10-24,3,,,,,正常
2019-10-25,3,,,,,正常
2019-10-28,3,,,,,正常
2019-10-29,3,,,,,正常
2019-10-30,3,,,,,正常
2019-10-31,3,,,,,正常
2019-11-01,3,,,,,正常
2019-11-04,3,,,,,正常
2019-11-05,3,,,,,正常
2019-11-06,3,,,,,正常
2019-11-07,4,,,,,正常
2019-11-08,4,,,,,正常
2019-11-11,4,,,,,正常
2019-11-12,4,,,,,正常
2019-11-13,4,,,,,正常
2019-11-14,4,,,,,正常
2019-11-15,4,,,,,正常
2019-11-18,4,,,,,正常
2019-11-19,4,,,,,正常
2019-11-20,4,,,,,正常
2019-11-21,4,,,,,正常
2019-11-22,4,,,,,正常
2019-11-25,4,,,,,正常
2019-11-26,4,,,,,正常
2019-11-27,4,,,,,正常
2019-11-28,4,,,,,正常
2019-11-29,4,,,,,正常
2019-12-02,4,,,,,正常
2019-12-03,4,,,,,正常
2019-12-04,4,,,,,正常
2019-12-05,4,,,,,正常
2019-12-06,4,,,,,正常
2019-12-09,4,,,,,正常
2019-12-10,4,,,,,正常
2019-12-11,4,,,,,正常
2019-12-12,4,,,,,正常
2019-12-13,4,,,,,正常
2019-12-16,4,,,,,正常
2019-12-17,4,,,,,正常
2019-12-18,4,,,,,正常
2019-12-19,4,,,,,正常
2019-12-20,4,,,,,正常
2019-12-23,4,,,,,正常
2019-12-24,4,,,,,正常
2019-12-25,5,,,,,正常
2019-12-26,5,,,,,正常
2019-12-27,5,,,,,正常
2019-12-30,5,,,,,正常
2019-12-31,5,,,,,正常
2020-01-02,5,,,,,正常
2020-01-03,5,,,,,正常
2020-01-06,5,,,,,正常
2020-01-07,5,,,,,正常
2020-01-08,5,,,,,正常
2020-01-09,5,,,,,正常
2020-01-10,5,,,,,正常
2020-01-13,5,,,,,正常
2020-01-14,5,,,,,正常
2020-01-15,5,,,,,正常
2020-01-16,5,,,,,正常
2020-01-17,5,,,,,正常
2020-01-20,5,,,,,正常
2020-01-21,5,,,,,正常
2020-01-22,5,,,,,正常
2020-01-23,5,,,,,正常
2020-02-03,5,,,,,正常
2020-02-04,5,,,,,正常
2020-02-05,5,,,,,正常
2020-02-06,5,,,,,正常
2020-02-07,5,,,,,正常
2020-02-10,5,,,,,正常
2020-02-11,5,,,,,正常
2020-02-12,5,,,,,正常
2020-02-13,5,,,,,正常
2020-02-14,5,,,,,正常
2020-02-17,5,,,,,正常
2020-02-18,5,,,,,正常
2020-02-19,9,,,,,正常
2020-02-20,9,,,,,正常
2020-02-21,9,,,,,正常
2020-02-24,9,,,,,正常
2020-02-25,9,,,,,正常
2020-02-26,9,,,,,正常
2020-02-27,9,,,,,正常
2020-02-28,9,,,,,正常
2020-03-02,9,,,,,正常
2020-03-03,9,,,,,正常
2020-03-04,9,,,,,正常
2020-03-05,9,,,,,正常
2020-03-06,9,,,,,正常
2020-03-09,9,,,,,正常
2020-03-10,9,,,,,正常
2020-03-11,9,,,,,正常
2020-03-12,9,,,,,正常
2020-03-13,9,,,,,正常
2020-03-16,9,,,,,正常
2020-03-17,9,,,,,正常
2020-03-18,9,,,,,正常
2020-03-19,9,,,,,正常
2020-03-20,9,,,,,正常
2020-03-23,9,,,,,正常
2020-03-24,9,,,,,正常
2020-03-25,9,,,,,正常
2020-03-26,9,,,,,正常
2020-03-27,9,,,,,正常
2020-03-30,9,,,,,正常
2020-03-31,9,,,,,正常
2020-04-01,9,,,,,正常
2020-04-02,9,,,,,正常
2020-04-03,9,,,,,正常
2020-04-07,9,,,,,正常
2020-04-08,9,,,,,正常
2020-04-09,9,,,,,正常
2020-04-10,9,,,,,正常
2020-04-13,9,,,,,正常
2020-04-14,9,,,,,正常
2020-04-15,9,,,,,正常
2020-04-16,9,,,,,正常
2020-04-17,9,,,,,正常
2020-04-20,9,,,,,正常
2020-04-21,9,,,,,正常
2020-04-22,9,,,,,正常
2020-04-23,9,,,,,正常
2020-04-24,9,,,,,正常
2020-04-27,9,,,,,正常
2020-04-28,9,,,,,正常
2020-04-29,9,,,,,正常
2020-04-30,9,,,,,正常
2020-05-06,9,,,,,正常
2020-05-07,9,,,,,正常
2020-05-08,9,,,,,正常
2020-05-11,12,,,,,正常
2020-05-12,12,,,,,正常
2020-05-13,12,,,,,正常
2020-05-14,12,,,,,正常
2020-05-15,12,,,,,正常
2020-05-18,12,,,,,正常
2020-05-19,12,0.08274751349033282,,,,正常
2020-05-20,12,0.08108794565283106,,,,正常
2020-05-21,12,0.08075095306166069,,,,正常
2020-05-22,12,0.08065525527461603,,,,正常
2020-05-25,12,0.08023252874309128,0.08109483924450638,,,正常
2020-05-26,12,0.08132164223493943,0.08113263974291189,,,正常
2020-05-27,12,0.08238149503008274,0.08131104764107915,,,正常
2020-05-28,12,0.08094715791507623,0.08126556142532879,,,正常
2020-05-29,12,0.09034212155720944,0.08227406810664886,,,正常
2020-06-01,12,0.10179410696670232,0.08422607199265421,,,正常
2020-06-02,12,0.0965631355404738,0.08534762322427417,,,正常
2020-06-03,12,0.09596702515311661,0.08623257338501104,,,正常
2020-06-04,12,0.09407908249008756,0.08683615100847845,,,正常
2020-06-05,12,0.09329238069695278,0.08729731027194092,,,正常
2020-06-08,12,0.10262303317427723,0.08831902513209666,,,正常
2020-06-09,12,0.10542709022708274,0.0893882792005333,,,正常
2020-06-10,12,0.10628976678423796,0.09038248435251593,,,正常
2020-06-11,12,0.10705821605193022,0.09130891389137227,,,正常
2020-06-12,12,0.10686571531338274,0.09212769291358336,,,正常
2020-06-15,12,0.12750063491967678,0.09389634001388802,,,正常
2020-06-16,12,0.1282470097278663,0.0961713148257647,,,正常
2020-06-17,12,0.12665027249687322,0.09844943116796681,,,正常
2020-06-18,12,0.12469096309613925,0.10064643166969071,,,正常
2020-06-19,12,0.12105230799710776,0.10266628430581533,,,正常
2020-06-22,12,0.1438430809137421,0.10584681191434786,,,正常
2020-06-23,12,0.14662452622444688,0.10911195611382322,,,正常
2020-06-24,12,0.15352908447142732,0.11266933558589047,,,正常
2020-06-29,12,0.15504626534179866,0.1163742909572266,,,正常
2020-06-30,12,0.1543506675679751,0.11957471825776486,,,正常
2020-07-01,12,0.15715839113483265,0.12234293246617138,,,正常
2020-07-02,12,0.16188430171760038,0.1256089907750277,,,正常
2020-07-03,12,0.16795653738750327,0.12920846638674705,,,正常
2020-07-06,12,0.17609450324811482,0.13330923742464842,,,正常
2020-07-07,12,0.16521416358986096,0.13690532656929383,,,正常
2020-07-08,12,0.17578743468604663,0.1405635466448823,,,正常
2020-07-09,12,0.17033867215380438,0.14380912574121835,,,正常
2020-07-10,12,0.16121376694214873,0.1465553257491139,,,正常
2020-07-13,12,0.17058291337385378,0.1497315606152101,,,正常
2020-07-14,12,0.1659129384958925,0.15268392177433557,,,正常
2020-07-15,12,0.1673950883675318,0.15467864444672833,,,正常
2020-07-16,12,0.15952849470880714,0.15624271869577538,,,正常
2020-07-17,12,0.13526339262503695,0.15667337470218354,,,正常
2020-07-20,12,0.13543788631475395,0.1572107208631143,,,正常
2020-07-21,12,0.13359679327092633,0.1578379451268052,,,正常
2020-07-22,12,0.13378272048950046,0.15733492710559313,,,正常
2020-07-23,12,0.13306688500127728,0.15665704504443467,,,正常
2020-07-24,12,0.13650476105884357,0.15580582887380548,,,正常
2020-07-27,12,0.11919191786404892,0.15401311149991798,,,正常
2020-07-28,12,0.11949237439211702,0.15227019684112508,,,正常
2020-07-29,12,0.11702133373888524,0.15026334397132773,,,正常
2020-07-30,12,0.11211274999278764,0.14777476638508708,,,正常
2020-07-31,12,0.11072711058365114,0.14491329504489445,,,正常
2020-08-03,12,0.10966195746128682,0.14159166775555304,,,正常
2020-08-04,12,0.10628580137055244,0.13864524964458763,,,正常
2020-08-05,12,0.16589413033672773,0.1381505844271217,,,正常
2020-08-06,12,0.16590076048017555,0.13792868884344026,,,正常
2020-08-07,12,0.16894081776959047,0.13831504138481235,,,正常
2020-08-10,12,0.1666461409259279,0.13811820276241604,,,正常
2020-08-11,12,0.16916930443275535,0.13828102105925916,,,正常
2020-08-12,12,0.1658201488940545,0.13820227408558533,,,正常
2020-08-13,12,0.16442070046969426,0.13844688437362968,,,正常
2020-08-14,12,0.16475380556101216,0.13992140502042844,,,正常
2020-08-17,12,0.16670106031372167,0.14148456372037682,,,正常
2020-08-18,12,0.1647068810245056,0.14304006810805578,,,正常
2020-08-19,12,0.16938329631188576,0.14482009689917505,,,正常
2020-08-20,12,0.16082040551601084,0.14620777292491172,,,正常
2020-08-21,12,0.16427667963556214,0.14759636885374766,,,正常
2020-08-24,12,0.1662463012607439,0.14994908802358242,,,正常
2020-08-25,12,0.1684976310494486,0.152399350856449,,,正常
2020-08-26,12,0.16638467357472742,0.1548675178482411,,,正常
2020-08-27,12,0.16602150222258139,0.15756295545973079,,,正常
2020-08-28,12,0.1638101738098301,0.16021710862103972,,,正常
2020-08-31,12,0.1638087437467357,0.1629244479353122,,,正常
2020-09-01,12,0.1634717109446474,0.16578374341401694,,,正常
2020-09-02,12,0.16372546036722457,0.16567530991554177,,,正常
2020-09-03,12,0.1632693518884557,0.16554373948595577,,,正常
2020-09-04,12,0.1614310707215154,0.16516825213355202,,,正常
2020-09-07,12,0.1609399951521988,0.16488294484486557,,,正常
2020-09-08,12,0.15646597624813674,0.16424777843563465,,,正常
2020-09-09,12,0.157468693637142,0.163830205672789,,,正常
2020-09-10,12,0.1454613303690554,0.16288223716775704,,,正常
2020-09-11,12,0.1532429532285413,0.16230669455113353,,,正常
2020-09-14,12,0.15102662142798118,0.1615229726068465,,,正常
2020-09-15,12,0.14768726986587188,0.16067199204891483,,,正常
2020-09-16,12,0.14859528830200885,0.15963259164842097,,,正常
2020-09-17,12,0.14706241699110822,0.15894469222217583,,,正常
2020-09-18,12,0.14568550192899332,0.1580151333368474,,,正常
2020-09-21,12,0.14556651534936227,0.15698114404127833,,,正常
2020-09-22,12,0.14456051032778006,0.1557842880051949,,,正常
2020-09-23,12,0.14702045518109663,0.15481607708551334,,,正常
2020-09-24,12,0.1461627872234934,0.15382314133555897,,,正常
2020-09-25,12,0.14160058914705442,0.15271266210242015,,,正常
2020-09-28,12,0.1397140339194709,0.15150792661105691,,,正常
2020-09-29,12,0.13783979202312335,0.15022633066498073,,,正常
2020-09-30,12,0.13737375960174503,0.14890874562670675,,,正常
2020-10-09,12,0.1366342046263822,0.14757698826360308,,,正常
2020-10-12,12,0.1348404620344209,0.14624745782924836,,,正常
2020-10-13,12,0.12731814359270777,0.14456636525127378,,,正常
2020-10-14,12,0.13272325276399133,0.14337922907706652,,,正常
2020-10-15,12,0.1290891229567278,0.1419602505430458,,,正常
2020-10-16,12,0.12844282426366171,0.1411093252377761,,,正常
2020-10-19,12,0.1440087816540807,0.1406476166590531,,,正常
2020-10-20,12,0.1434535064761201,0.14026896091146004,,,正常
2020-10-21,12,0.14079244916687716,0.13992421987651033,,,正常
2020-10-22,12,0.13889125603853303,0.13943901826333652,,,正常
2020-10-23,12,0.1409348807336276,0.13913264145046247,,,正常
2020-10-26,12,0.13449267352420102,0.13857300003022285,,,正常
2020-10-27,12,0.15793267397578792,0.13919130796154416,,,正常
2020-10-28,12,0.156681008239428,0.13979733285712653,,,正常
2020-10-29,12,0.1573089648444136,0.1403117583402924,,,正常
2020-10-30,12,0.17371877969003535,0.14168955796361948,,,正常
2020-11-02,12,0.16702131367441775,0.1429605941899877,,,正常
2020-11-03,12,0.17931874973290252,0.14494082998065924,,,正常
2020-11-04,12,0.18731920634314625,0.14741480069666038,,,正常
2020-11-05,12,0.18780251590461694,0.149936238511804,,,正常
2020-11-06,12,0.18816268866627417,0.15251266271379857,,,正常
2020-11-09,12,0.18904883808025175,0.15522308151609013,,,正常
2020-11-10,12,0.1832100122941107,0.1580176749511603,,,正常
2020-11-11,12,0.17835443917485783,0.16029923427170362,,,正常
2020-11-12,12,0.17643707582100543,0.16266663191491748,,,正常
2020-11-13,12,0.17297916877427955,0.1648934491404484,,,正常
2020-11-16,12,0.17286879861981297,0.16633644998873498,,,正常
2020-11-17,12,0.17619770715599647,0.1679736600227288,,,正常
2020-11-18,12,0.1774385104481837,0.16980596308679413,,,正常
2020-11-19,12,0.17726676893715232,0.17172473873172509,,,正常
2020-11-20,12,0.1843611104605537,0.1738960502180714,,,正常
2020-11-23,12,0.1831470138799458,0.17632876723585864,,,正常
2020-11-24,12,0.18635810019935772,0.1777500385470371,,,正常
2020-11-25,12,0.18656391764885016,0.17924418401750825,,,正常
2020-11-26,12,0.18382775921763328,0.1805701237361692,,,正常
2020-11-27,12,0.18814257853630634,0.18129131367848278,,,正常
2020-11-30,12,0.1890003354724994,0.18239026476838688,,,正常
2020-12-01,12,0.19154266018002697,0.18300146029074307,,,正常
2020-12-02,12,0.1867184634468323,0.18297142314592738,,,正常
2020-12-03,12,0.18891179161773175,0.18302688693158314,,,正常
2020-12-04,12,0.19336713521229643,0.18328710925888422,,,正常
2020-12-07,12,0.19531811026796864,0.18360057286827006,,,正常
2020-12-08,12,0.19439163409711036,0.18415965395842004,,,正常
2020-12-09,12,0.19714777870471845,0.18509932093491308,,,正常
2020-12-10,12,0.1921636738109611,0.18588565083441086,,,正常
2020-12-11,12,0.2119380333501093,0.18783359406320238,,,正常
2020-12-14,12,0.20341570826404587,0.189360939545414,,,正常
2020-12-15,12,0.20886431589444254,0.19099426998233632,,,正常
2020-12-16,12,0.2094462612024024,0.19259465752004723,,,正常
2020-12-17,12,0.20807827506093124,0.19413523282623618,,,正常
2020-12-18,12,0.21112946585311754,0.19547365059586438,,,正常
2020-12-21,12,0.21147447763809213,0.19689002378377168,,,正常
2020-12-22,12,0.20905134809366532,0.19802468617848706,,,正常
2020-12-23,12,0.20558164231924603,0.19897557241200686,,,正常
2020-12-24,12,0.2067195330649474,0.20012016110437258,,,正常
2020-12-25,12,0.20658095184011216,0.20104207976956284,,,正常
2020-12-28,12,0.2173057733251581,0.20245735166219578,,,正常
2020-12-29,12,0.21854349897459846,0.20380739360192437,,,正常
2020-12-30,12,0.23273287330366177,0.20610811409476587,,,正常
2020-12-31,12,0.23552049466222702,0.2084385492469906,,,正常
2021-01-04,12,0.23096736096559456,0.2103185605346555,,,正常
2021-01-05,12,0.2461446855886893,0.21285988930069158,,,正常
2021-01-06,12,0.26838461848239026,0.21655953851995555,,,正常
2021-01-07,12,0.27589809165012746,0.22049705416722598,,,正常
2021-01-08,12,0.28466756497274004,0.22512224872531497,,,正常
2021-01-11,12,0.29043840000694654,0.22904726705815684,,,正常
2021-01-12,12,0.3033414412729868,0.23404355370860386,,,正常
2021-01-13,12,0.29578217758062475,0.238389446792913,,,正常
2021-01-14,12,0.3083158805065045,0.24333292775811807,,,正常
2021-01-15,12,0.31245779015276987,0.24855190351271003,,,正常
2021-01-18,12,0.3158457900635605,0.25378771972323216,,,正常
2021-01-19,12,0.31663797915386216,0.2590458947990206,,,正常
2021-01-20,12,0.31285792177910243,0.2642362234832925,,,正常
2021-01-21,12,0.3145649900036247,0.2696853908675115,,,正常
2021-01-22,12,0.30481856080962355,0.2745903422547452,,,正常
2021-01-25,12,0.3110427336691528,0.2798134313461973,,,正常
2021-01-26,12,0.3266529916567662,0.2852807922627777,,,正常
2021-01-27,12,0.3034673217593329,0.2895269834020144,,,正常
2021-01-28,12,0.3078657591208369,0.29328362769287314,,,正常
2021-01-29,12,0.28729469634717886,0.29587233777712074,,,正常
2021-02-01,12,0.2867112889353699,0.29865953417560953,,,正常
2021-02-02,12,0.2791465349676333,0.30030962664455674,,,正常
2021-02-03,12,0.290726956583379,0.3014267435496062,,,正常
2021-02-04,12,0.30204193590814576,0.30273393576250707,,,正常
2021-02-05,12,0.316682156038798,0.30433466531581,,,正常
2021-02-08,12,0.319115169030567,0.305768503766991,,,正常
2021-02-09,12,0.31315212852543617,0.30625903812961347,,,正常
2021-02-10,12,0.30063306799813805,0.3065015826504891,,,正常
2021-02-18,12,0.29219927941419355,0.30569575259587356,,,正常
2021-02-19,12,0.3126312435159492,0.3057044252640325,,,正常
2021-02-22,12,0.32359440642919857,0.3060918560823145,,,正常
2021-02-23,12,0.33444499753850443,0.30698220700154655,,,正常
2021-02-24,12,0.3343957705503453,0.30805909944010873,,,正常
2021-02-25,12,0.33214105689020235,0.30893790278443756,,,正常
2021-02-26,12,0.3351844877484793,0.3104561991313804,,,正常
2021-03-01,12,0.3331018805859849,0.311559156477222,,,正常
2021-03-02,12,0.3221144196327985,0.31133222787602366,,,正常
2021-03-03,12,0.3210093282453331,0.31220932820032365,,,正常
2021-03-04,12,0.3255666693196523,0.3130943737102644,,,正常
2021-03-05,12,0.3125494847081901,0.31435711312831494,,,正常
2021-03-08,12,0.309974274000423,0.3155202623815676,,,正常
2021-03-09,12,0.2986233281192985,0.31649410203915085,,,正常
2021-03-10,12,0.2871588019970336,0.3163156943098336,,,正常
2021-03-11,12,0.2915068662341511,0.31578894082613385,,,正常
2021-03-12,12,0.2894675827542117,0.31442821216190453,,,正常
2021-03-15,12,0.2912121837885806,0.3130330628998052,,,正常
2021-03-16,12,0.2905015223108246,0.3119005325890746,,,正常
2021-03-17,12,0.29164811832156157,0.3114512851052458,,,正常
2021-03-18,12,0.28941367623352765,0.3113120049462125,,,正常
2021-03-19,12,0.29086150554163326,0.3102235180474967,,,正常
2021-03-22,12,0.2891507860804595,0.3085013370300597,,,正常
2021-03-23,12,0.28536811291582354,0.30604749279892574,,,正常
2021-03-24,12,0.289877296462861,0.3038215690945515,,,正常
2021-03-25,12,0.29301390508195135,0.301865211504139,,,正常
2021-03-26,12,0.2923955546416458,0.29972576484879726,,,正常
2021-03-29,12,0.2852462573600072,0.2973329836874984,,,正常
2021-03-30,12,0.28513109131643344,0.29548381727168016,,,正常
2021-03-31,12,0.2865738622385512,0.29376204397134104,,,正常
2021-04-01,12,0.2798557292238093,0.2914764969665489,,,正常
2021-04-02,12,0.27911855269336705,0.2898049503658077,,,正常
2021-04-06,12,0.2829301764986998,0.2884527454907216,,,正常
2021-04-07,12,0.2876524304799859,0.28790420060875593,,,正常
2021-04-08,12,0.2865663228439299,0.2878745766511008,,,正常
2021-04-09,12,0.2833032568928079,0.28746439618403363,,,正常
2021-04-12,12,0.2787302944357778,0.28692753176811187,,,正常
2021-04-13,12,0.27010267569455104,0.2858720563634104,,,正常
2021-04-14,12,0.2602900815224184,0.28436148432399017,,,正常
2021-04-15,12,0.26233972425623997,0.28289606462072403,,,正常
2021-04-16,12,0.2553885472563998,0.2811948081718677,,,正常
2021-04-19,12,0.2558177879339727,0.27944262229148464,,,正常
2021-04-20,12,0.24482061957850454,0.2772261139663869,,,正常
2021-04-21,12,0.24837690257429323,0.27537655344931034,,,正常
2021-04-22,12,0.24937585556022612,0.27335148140417864,,,正常
2021-04-23,12,0.24790448567270684,0.2710960104337164,,,正常
2021-04-26,12,0.2556001216891659,0.26925623878609245,,,正常
2021-04-27,12,0.2489516073017376,0.26744150628317886,,,正常
2021-04-28,12,0.25103694758322115,0.2657367990965183,,,正常
2021-04-29,12,0.25920207228329306,0.2643682095987554,,,正常
2021-04-30,12,0.25879554792818715,0.2633152005339743,,,正常
2021-05-06,12,0.27676474518703165,0.26319751015865755,,,正常
2021-05-07,12,0.2830153135400747,0.2632017670107263,,,正常
2021-05-10,12,0.279628411805561,0.262800566077005,,,正常
2021-05-11,12,0.2820433607964933,0.26257441797463316,,,正常
2021-05-12,12,0.27909657506661745,0.26236408388332366,,,正常
2021-05-13,12,0.27693163135520216,0.26227415072929483,,,正常
2021-05-14,12,0.27335001160013694,0.2624365175245742,,,正常
2021-05-17,12,0.2705734052959965,0.2629506837132531,,,正常
2021-05-18,12,0.28340635817303816,0.264004015409093,,,正常
2021-05-19,12,0.29664119758622365,0.26606664792558415,,,正常
2021-05-20,12,0.2820921252356735,0.26738036479066923,,,正常
2021-05-21,12,0.27479164979526904,0.2688789163015074,,,正常
2021-05-24,12,0.2612387477748733,0.26952200856153646,,,正常
2021-05-25,12,0.26161013773818254,0.2701337226704343,,,正常
2021-05-26,12,0.2550159015201948,0.2704892934628087,,,正常
2021-05-27,12,0.2594380031683662,0.2706811875367687,,,正常
2021-05-28,12,0.2622461883251176,0.2713459165879377,,,正常
2021-05-31,12,0.27449482854785157,0.27251881063616923,0.13428200678691032,0.2779325541575099,正常
2021-06-01,12,0.2727966228097296,0.27319853816249107,0.13456574146615952,0.2781760079552371,正常
2021-06-02,12,0.2742570726742338,0.2739716143997934,0.13484857818547635,0.27842770822775914,正常
2021-06-03,12,0.2842665619616406,0.27434670523852384,0.13512973269276843,0.27875540406364374,行业分化(正常)
2021-06-04,12,0.2820645309102947,0.2742991661070348,0.13541050491677106,0.27906152217192304,行业分化(正常)
2021-06-07,12,0.3005111872689523,0.2753433048802044,0.13567812837137316,0.27951977555564467,行业分化(正常)
2021-06-08,12,0.33084621548661286,0.2777834476147104,0.135886949356939,0.2802663597136688,行业分化(正常)
2021-06-09,12,0.3213314065032161,0.2798951891865403,0.13612140301115744,0.28090646012870063,行业分化(正常)
2021-06-10,12,0.33149779800679113,0.28262349751911975,0.13633285426352984,0.28164103861815026,行业分化(正常)
2021-06-11,12,0.3279102838002327,0.28535151112912455,0.1365556820438446,0.2823295007792868,行业分化(正常)
2021-06-15,12,0.34269507108980046,0.2889575944188147,0.1367397210503165,0.2831626562741755,行业分化(正常)
2021-06-16,12,0.3447683770723394,0.29202569536377976,0.13692081879743578,0.2840067842944333,行业分化(正常)
2021-06-17,12,0.32664460770721426,0.2935258658698293,0.1371533948232913,0.28465436589101173,行业分化(正常)
2021-06-18,12,0.3224677691983562,0.29554464806796343,0.13739586112166274,0.28525389120653616,行业分化(正常)
2021-06-21,12,0.3326471861234118,0.2984374248843706,0.1376175763321504,0.2859443738152915,行业分化(正常)
2021-06-22,12,0.33746338424020483,0.3022486567076372,0.13782929628313462,0.28667409513147196,行业分化(正常)
2021-06-23,12,0.34052935691686237,0.3061946176665712,0.13803530229419503,0.2874253850995873,行业分化(正常)
2021-06-24,12,0.3455733618134461,0.3107224906812337,0.1382299576837447,0.28821841014213107,行业分化(正常)
2021-06-25,12,0.34083260783462144,0.3147922209145465,0.13844033167997893,0.28895328373050183,行业分化(正常)
2021-06-28,12,0.3569135180922687,0.31952558740290404,0.1386061874213666,0.2898443778812694,行业分化(正常)
2021-06-29,12,0.35486193794408305,0.32354394287271565,0.13878271679731496,0.2907019415589443,行业分化(正常)
2021-06-30,12,0.3462713691067507,0.3272176801875667,0.1389875181898394,0.29146072287651964,行业分化(正常)
2021-07-01,12,0.3434726757843799,0.33067846034307397,0.13920193215881727,0.29218242974879144,行业分化(正常)
2021-07-02,12,0.34317568071347804,0.33362391628066584,0.13941917304363727,0.2928923415894963,行业分化(正常)
2021-07-05,12,0.3360124495670491,0.3363213122135036,0.13965407331997287,0.293525968068599,行业分化(正常)
2021-07-06,12,0.3365866783831676,0.3381250867692143,0.13988907547184187,0.2941573677772995,行业分化(正常)
2021-07-07,12,0.33747469241621,0.33845651061569415,0.14012354109110325,0.29478945950186286,行业分化(正常)
2021-07-08,12,0.33320689239235723,0.3390502849101512,0.14036720570633598,0.29537554680129596,行业分化(正常)
2021-07-09,12,0.3367034941923357,0.33931056971942847,0.14060537341729828,0.2959861799327516,行业分化(正常)
2021-07-12,12,0.3634428498151787,0.3410871980201758,0.1407788839087707,0.2968457446949458,行业分化(正常)
2021-07-13,12,0.34940096863597025,0.3414224928974843,0.14099372700023327,0.2975570622725195,行业分化(正常)
2021-07-14,12,0.36100389044157544,0.3422342685659461,0.14118060672889066,0.29837179735520625,行业分化(正常)
2021-07-15,12,0.3627805399910967,0.3440410651801402,0.1413655591622087,0.29919391772434634,行业分化(正常)
2021-07-16,12,0.36469337307992855,0.3461523453742188,0.1415482264269652,0.3000246794745838,行业分化(正常)
2021-07-19,12,0.38450275224163133,0.34874512368012983,0.14166959778854962,0.3010481773388096,行业分化(正常)
2021-07-20,12,0.39386528010886535,0.3515652184735628,0.14176103514713395,0.30215887511991296,行业分化(正常)
2021-07-21,12,0.3941956833414595,0.3542485347947927,0.14185818135359315,0.3032578103593422,行业分化(正常)
2021-07-22,12,0.3904029967297865,0.3564900165406097,0.14197641780881579,0.3043011310035889,行业分化(正常)
2021-07-23,12,0.39224470066006034,0.35906062118188165,0.14209381298846332,0.30534998359120935,行业分化(正常)
2021-07-26,12,0.3838885326532857,0.3604093719099325,0.14224593872961583,0.3062986594608022,行业分化(正常)
2021-07-27,12,0.37150409544721785,0.36124147978508925,0.1424391663926025,0.3071138687591307,行业分化(正常)
2021-07-28,12,0.3523271387972132,0.36154426826961233,0.14267852769570427,0.3077451601606115,行业分化(正常)
2021-07-29,12,0.3611410828052165,0.3624276886206542,0.1429013297057391,0.30844704685042057,行业分化(正常)
2021-07-30,12,0.3312737697931154,0.36183259307463606,0.14317176955261368,0.3088925363697496,行业分化(正常)
2021-08-02,12,0.3313706992440738,0.3616005055584873,0.14344192171107495,0.30933413114563224,行业分化(正常)
2021-08-03,12,0.3362345205029966,0.3615828976644787,0.14370705233587938,0.3098087075516335,行业分化(正常)
2021-08-04,12,0.3493108601038708,0.36217470604886176,0.1439548516908142,0.31038341141924974,行业分化(正常)
2021-08-05,12,0.34579507713391355,0.3628041152859396,0.1442085506227302,0.3109231970731457,行业分化(正常)
2021-08-06,12,0.3450944399534598,0.36322366257399585,0.1444636383028823,0.3114516331670304,行业分化(正常)
2021-08-09,12,0.3481090685004158,0.3624569735082576,0.1447148858332186,0.31199873402716227,行业分化(正常)
2021-08-10,12,0.35903470472369725,0.362938660312644,0.1449487498196363,0.31263028656255587,行业分化(正常)
2021-08-11,12,0.35520872219619637,0.362648901900375,0.14519041176474906,0.31322307480889594,行业分化(正常)
2021-08-12,12,0.35603180651906885,0.36231146522677365,0.14543154633219846,0.31381631565744816,行业分化(正常)
2021-08-13,12,0.35747197631867156,0.3619503953887108,0.14567112357247267,0.3144150862553631,行业分化(正常)
2021-08-16,12,0.35962689277887594,0.36070660241557306,0.14590792039914693,0.3150252422905513,行业分化(正常)
2021-08-17,12,0.3604485545688678,0.35903576613857313,0.1461442724021153,0.3156356783867622,行业分化(正常)
2021-08-18,12,0.3374718807703243,0.3561995760100164,0.14641077235381136,0.31606126872971474,行业分化(正常)
2021-08-19,12,0.3468118120782715,0.35402001677744066,0.14666777594096708,0.31655232851819987,行业分化(正常)
2021-08-20,12,0.346530890026412,0.35173432624575823,0.14692523717039102,0.31703629204875544,行业分化(正常)
2021-08-23,12,0.35017641032996083,0.350048720129592,0.14717850379936676,0.3175431260353449,行业分化(正常)
2021-08-24,12,0.337709965305643,0.3483590136225133,0.1474443418296943,0.317952603071609,行业分化(正常)
2021-08-25,12,0.3399366056562726,0.34773948696546625,0.14770813644475486,0.31837403614476323,行业分化(正常)
2021-08-26,12,0.3409324497215108,0.3467290553112809,0.1479708738706106,0.31879850485538364,行业分化(正常)
2021-08-27,12,0.3418780097345765,0.347259267308354,0.14823260180753867,0.3192256233970053,行业分化(正常)
2021-08-30,12,0.34254047689866063,0.34781775619108335,0.14849357044859823,0.3196533342768089,行业分化(正常)
2021-08-31,12,0.3451223891395393,0.34826214962291047,0.14875205953914633,0.3200954693930547,行业分化(正常)
2021-09-01,12,0.3440055191187751,0.3479968825736557,0.1490114425319995,0.32052527982569007,行业分化(正常)
2021-09-02,12,0.3486924329682527,0.34814175036537265,0.14926625578613117,0.3209847240749403,行业分化(正常)
2021-09-03,12,0.35890506103824515,0.34883228141961187,0.14950893899870132,0.32151566318179325,行业分化(正常)
2021-09-06,12,0.36020110331478783,0.3494368831603305,0.14975030193200017,0.3220511775209215,行业分化(正常)
2021-09-07,12,0.3541869020495284,0.3491944930266221,0.1499997336094257,0.32253644250388774,行业分化(正常)
2021-09-08,12,0.3534206211666273,0.3491050879751436,0.1502501906063653,0.3230113881887436,行业分化(正常)
2021-09-09,12,0.36898774187411454,0.3497528847428959,0.1504796317152814,0.3235989653049915,行业分化(正常)
2021-09-10,12,0.3710747221626066,0.35043302203509263,0.1507065186347539,0.32419691176184184,行业分化(正常)
2021-09-13,12,0.37303163155711694,0.35110325897400474,0.15093106241084814,0.3248041466137158,行业分化(正常)
2021-09-14,12,0.37850365622260296,0.35200601405669146,0.1511468773833409,0.32544849097890083,行业分化(正常)
2021-09-15,12,0.38149704613234103,0.35420727232479227,0.15135832990481501,0.3261102052985927,行业分化(正常)
2021-09-16,12,0.381366825148756,0.35593502297831653,0.15157148613370355,0.32676411628883517,行业分化(正常)
2021-09-17,12,0.372517319552908,0.3572343444546413,0.15180129756485383,0.3273424837567252,行业分化(正常)
2021-09-22,12,0.3775486939462501,0.35860295863545577,0.15202370084522238,0.32795377717294544,行业分化(正常)
2021-09-23,12,0.3784993742330537,0.3606424290818263,0.152245531992725,0.3285663474424547,行业分化(正常)
2021-09-24,12,0.37936033058568797,0.36261361532829706,0.15246695255332982,0.3291794877879646,行业分化(正常)
2021-09-27,12,0.38380078669192563,0.3647570321768178,0.1526815985345769,0.3298209948996593,行业分化(正常)
2021-09-28,12,0.3946031760024934,0.36739329049021363,0.15287605144164823,0.3305420756002619,行业分化(正常)
2021-09-29,12,0.40087803975162295,0.37031016863286176,0.15305843508212447,0.331307126342111,行业分化(正常)
2021-09-30,12,0.38636816064262525,0.3723724572080161,0.1532730776809772,0.33194818332741566,行业分化(正常)
2021-10-08,12,0.3766127609756983,0.37400281930086227,0.1535049009911607,0.3325092720318564,行业分化(正常)
2021-10-11,12,0.38147551129424195,0.3756419732171617,0.1537299855483222,0.33310111033476997,行业分化(正常)
2021-10-12,12,0.3800284468921351,0.3766981425098562,0.15395821422841455,0.3336764869426223,行业分化(正常)
2021-10-13,12,0.3663701984282537,0.37700659726552954,0.15420474773468035,0.3341487384676922,行业分化(正常)
2021-10-14,12,0.37377818488662673,0.3779861614073844,0.15444280028937413,0.3346685890813343,行业分化(正常)
2021-10-15,12,0.3682942582490789,0.378729843261507,0.1546876879604719,0.33514520906950024,行业分化(正常)
2021-10-18,12,0.36811126034107067,0.3786860191848548,0.15493292729107583,0.33561621864486196,行业分化(正常)
2021-10-19,12,0.36937811000986176,0.37860118857721753,0.15517695591693031,0.3360916308134532,行业分化(正常)
2021-10-20,12,0.366278546995076,0.3782635343491155,0.1554242714727207,0.33654168088558123,行业分化(正常)
2021-10-21,12,0.35953046591020954,0.37731487483349585,0.15567724617891388,0.3369431585697688,行业分化(正常)
2021-10-22,12,0.35772203129225666,0.3761261240914916,0.1559312405170132,0.3373294620990138,行业分化(正常)
2021-10-25,12,0.36578289993269963,0.3753469278306888,0.15617875710455165,0.3377647681396971,行业分化(正常)
2021-10-26,12,0.3622986430451386,0.3748359940053003,0.15642910115197445,0.33817343483754864,行业分化(正常)
2021-10-27,12,0.37092648338440104,0.3745048834772079,0.15667161577719918,0.3386353373940312,行业分化(正常)
2021-10-28,12,0.3705535085186029,0.3741075901914853,0.15691461154725322,0.3390906372599601,行业分化(正常)
2021-10-29,12,0.38194355153856197,0.37423675123912903,0.1571445845711333,0.33961953634449327,行业分化(正常)
2021-11-01,12,0.365332726446565,0.373313348226861,0.15739248447283108,0.3400323746687207,行业分化(正常)
2021-11-02,12,0.39962458715745075,0.3735644187846089,0.1575955853889826,0.34067948309108564,行业分化(正常)
2021-11-03,12,0.39931831101237103,0.3734864323476462,0.1578005888895073,0.3413181918196191,行业分化(正常)
2021-11-04,12,0.4070694213455771,0.3745214953827939,0.15799232892672296,0.3420088609196079,行业分化(正常)
2021-11-05,12,0.39103249303010035,0.37524248198551396,0.1582133762908109,0.3425757012544415,行业分化(正常)
2021-11-08,12,0.3989822466977282,0.3761178187556883,0.15842266200645666,0.34319420221247315,行业分化(正常)
2021-11-09,12,0.4009650950852539,0.37716465116534426,0.15862971114374808,0.3438213567583805,行业分化(正常)
2021-11-10,12,0.3948192886409736,0.3785871056759802,0.1588478373582011,0.3443987638109076,行业分化(正常)
2021-11-11,12,0.39137729452888714,0.3794670611580932,0.15907176286565827,0.344946959816955,行业分化(正常)
2021-11-12,12,0.3916690321304319,0.3806357998521609,0.15929592853130561,0.34549226892149576,行业分化(正常)
2021-11-15,12,0.3886010412349772,0.3816602888968562,0.15952473909235665,0.34601184815444785,行业分化(正常)
2021-11-16,12,0.3876533932473668,0.3825740530587315,0.15975518068788025,0.3465205029952199,行业分化(正常)
2021-11-17,12,0.38628940972349235,0.38357459619515233,0.15998762930875635,0.34701565857042005,行业分化(正常)
2021-11-18,12,0.3849276702322231,0.384844456411253,0.16022192574511912,0.3474975802609926,行业分化(正常)
2021-11-19,12,0.41174988527293477,0.3875458491102869,0.1604171121050489,0.34816049244600783,行业分化(正常)
2021-11-22,12,0.4070913735508953,0.3896112727911966,0.16062195613332783,0.34878384663602346,行业分化(正常)
2021-11-23,12,0.4005486738531949,0.39152377433159946,0.16083825270638186,0.34935590558982643,行业分化(正常)
2021-11-24,12,0.39863565864884476,0.3929092330948217,0.1610580884935231,0.34990986268409074,行业分化(正常)
2021-11-25,12,0.42084862595101413,0.3954239889664422,0.16124099468710773,0.350616013750518,行业分化(正常)
2021-11-26,12,0.4208696965222979,0.397370296215629,0.16142566744967127,0.3513157441638445,行业分化(正常)
2021-11-29,12,0.422043782726663,0.40020584902963396,0.16160978598288217,0.3520175779136277,行业分化(正常)
2021-11-30,12,0.43423505101153836,0.40193637222233825,0.16176984719829596,0.35280376399988483,行业分化(正常)
2021-12-01,12,0.4357692378609307,0.4037589185647663,0.1619289129440828,0.3535940728937886,行业分化(正常)
2021-12-02,12,0.4369424169049154,0.40525256834273315,0.16208782981628472,0.35438571795254675,行业分化(正常)
2021-12-03,12,0.44019282529537573,0.40771058495599694,0.16224179369687688,0.3551944845027004,行业分化(正常)
2021-12-06,12,0.4344476516308856,0.40948385520265485,0.16241124391535885,0.3559523668041714,行业分化(正常)
2021-12-07,12,0.4149281092631706,0.41018200591155063,0.1626191577129181,0.3565641703955774,行业分化(正常)
2021-12-08,12,0.41396509374031654,0.4111392961665178,0.16282961945636035,0.35716406786308574,行业分化(正常)
2021-12-09,12,0.41332410509314776,0.4122366366947309,0.16304201592310424,0.3577544319274069,行业分化(正常)
2021-12-10,12,0.4069960064361784,0.41300298541001823,0.16326416080589062,0.3582978107130848,行业分化(正常)
2021-12-13,12,0.40045413103637584,0.4135956399000881,0.1634948039338276,0.358794631883465,行业分化(正常)
2021-12-14,12,0.39594962622949026,0.41401045154919425,0.1637304774587076,0.3592592435966153,行业分化(正常)
2021-12-15,12,0.3944272553391931,0.4144173438299793,0.16396775373177308,0.35971073620858374,行业分化(正常)
2021-12-16,12,0.38769935354809293,0.4145559279957728,0.1642106727578157,0.36011825702015304,行业分化(正常)
2021-12-17,12,0.38368784543059153,0.4131528260036556,0.16445617217876585,0.36049916677725247,行业分化(正常)
2021-12-20,12,0.3761811798313929,0.41160731631768055,0.16470526490512483,0.3608346679344584,行业分化(正常)
2021-12-21,12,0.3807808526220915,0.4106189252561253,0.1649518507431336,0.3611932661282563,行业分化(正常)
2021-12-22,12,0.3665108006362331,0.40901268235549476,0.1652027530085016,0.36147145973092176,行业分化(正常)
2021-12-23,12,0.3687944309875133,0.40640997260731976,0.16545272072060635,0.36175953959339757,行业分化(正常)
2021-12-24,12,0.37112941072217354,0.4039229583173135,0.16570165861225228,0.36205779396925897,行业分化(正常)
2021-12-27,12,0.368270215021822,0.4012342799320715,0.16595066098431865,0.3623386925552182,行业分化(正常)
2021-12-28,12,0.3562482242025671,0.39733493859162283,0.16619909190969256,0.36255660870545353,正常
2021-12-29,12,0.35614123726344993,0.3933535385617488,0.16644680390056565,0.3627723481638525,正常
2021-12-30,12,0.3740014538171429,0.3902064904073602,0.1666927641553825,0.3630774804923351,行业分化(正常)
2021-12-31,12,0.3804757653855936,0.38722063741187107,0.16693592794848194,0.36341517420205843,行业分化(正常)
2022-01-04,12,0.3755502322974006,0.3842757664451969,0.1671805786358347,0.363723780062185,行业分化(正常)
2022-01-05,12,0.3867231673046272,0.3828655193472697,0.16741985783802882,0.36409085579976896,行业分化(正常)
2022-01-06,12,0.38846332456127664,0.3815904308883177,0.16765788148171348,0.36446484197026074,行业分化(正常)
2022-01-07,12,0.390926130586295,0.38047053216297505,0.16789414930900387,0.36484979189849426,行业分化(正常)
2022-01-10,12,0.3880704819061922,0.37952425593647576,0.16813204269786627,0.3652158613448797,行业分化(正常)
2022-01-11,12,0.38058297706946387,0.3785306982381301,0.16837330346974025,0.36553850663760035,行业分化(正常)
2022-01-12,12,0.3659180159347739,0.3770291177233943,0.16861701675393476,0.3657834951355346,行业分化(正常)
2022-01-13,12,0.36623989799201473,0.3756197498560354,0.16886012978796439,0.3660282621115901,行业分化(正常)
2022-01-14,12,0.3532919809529458,0.373899381226278,0.1691006324101071,0.36620961592680945,正常
2022-01-17,12,0.35675507056570566,0.37255274248303377,0.16934137531096377,0.36640563746907656,正常
2022-01-18,12,0.3489115125107328,0.3711892591170008,0.16957879111784818,0.36656449553075304,正常
2022-01-19,12,0.35531193448794696,0.36991581321029354,0.1698177469633752,0.3667511020811463,正常
2022-01-20,12,0.3475175813410194,0.36896615224553286,0.17005305618295358,0.36690135566847176,正常
2022-01-21,12,0.3587000243574786,0.36846143191403113,0.17029141292717268,0.3671009737710089,正常
2022-01-24,12,0.34684647759598763,0.3672472852577219,0.1705249331350491,0.36724590530282686,正常
2022-01-25,12,0.3577584725052798,0.3667216981318947,0.17076170375322297,0.36743847310632616,正常
2022-01-26,12,0.31967686101003223,0.36489312997226797,0.1709710404069122,0.3674728799349514,正常
2022-01-27,12,0.31942708819794485,0.36305742251899276,0.17117930499619743,0.36750598615348834,正常
2022-01-28,12,0.29331420450633494,0.3590230600534523,0.17134781929204623,0.3674524433633062,正常
2022-02-07,12,0.29607871945617903,0.3548032077569816,0.17152059007506637,0.36740732132731235,正常
2022-02-08,12,0.29331183143330164,0.35069128771377667,0.17168779632248612,0.36735394742228933,正常
2022-02-09,12,0.29688643715677443,0.346199451206384,0.17186064498420617,0.36731141097620923,正常
2022-02-10,12,0.2906038357539594,0.34130647676601816,0.17202160280793546,0.3672503002202887,正常
2022-02-11,12,0.29003377636396976,0.3362618590549019,0.17218088322838224,0.3671876919555285,正常
2022-02-14,12,0.2830379366273975,0.3310102317909621,0.17232588170637303,0.36710583129803626,正常
2022-02-15,12,0.30982052314393715,0.3274721090946858,0.1725161582668777,0.36710472769338875,正常
2022-02-16,12,0.312626503942639,0.32480753349507907,0.17270951283007585,0.36711286047589653,正常
2022-02-17,12,0.3041831188340137,0.32170469453717904,0.17289018709452025,0.367093087301504,正常
2022-02-18,12,0.30755662375884285,0.3194179266774739,0.17307516159398673,0.36708406121684223,正常
2022-02-21,12,0.3104545791352984,0.3171029021059535,0.17326349777855637,0.36708439310577673,正常
2022-02-22,12,0.315040935653622,0.3154093732630979,0.173457126818424,0.36709993418344505,正常
2022-02-23,12,0.31105526524916616,0.3131965398011589,0.1736448775394192,0.367101842693837,正常
2022-02-24,12,0.30108909286938046,0.31087511537757695,0.17381735652803285,0.36707189610778823,正常
2022-02-25,12,0.2898885630173085,0.3074345423105685,0.17396999367606863,0.36700927718521276,正常
2022-02-28,12,0.29029465893290285,0.3046069513774142,0.1741228120669781,0.36694793696290495,正常
2022-03-01,12,0.28695069600612777,0.3010665625524567,0.17426880705177916,0.36687758862092035,正常
2022-03-02,12,0.2846855604605235,0.2993169975249812,0.17440988326775458,0.3668013968308032,正常
2022-03-03,12,0.28528928663624675,0.2976101074468963,0.17455162151674597,0.3667270147588163,正常
2022-03-04,12,0.28072364738144595,0.2969805795906518,0.17468374105226936,0.36664104775987716,正常
2022-03-07,12,0.27662026532520356,0.2960076568841031,0.17480679911702468,0.36654519458516355,正常
2022-03-08,12,0.2591981426134927,0.2943019724431126,0.17488858902613605,0.36641111376836377,正常
2022-03-09,12,0.2563769337331552,0.29227649727193167,0.17496286010377837,0.3662719657922483,正常
2022-03-10,12,0.25317577369678523,0.29040509416907295,0.1750284602618286,0.3661272652294306,正常
2022-03-11,12,0.25571766164373877,0.2886892884330614,0.17510061672017435,0.36598786804211697,正常
2022-03-14,12,0.25928248621415906,0.28750151591239953,0.17518172270643734,0.365855918912888,正常
2022-03-15,12,0.2541403350674414,0.2847175065085747,0.1752493267990653,0.36571453785745717,正常
2022-03-16,12,0.24131328888102832,0.2811518457554941,0.17528103464952413,0.36555173498026927,正常
2022-03-17,12,0.22426146818860238,0.2771557632232236,0.1752593739256164,0.36536642298387967,正常
2022-03-18,12,0.21588480867441795,0.27257217246900234,0.17520933912366393,0.36517293165706105,正常
2022-03-21,12,0.21727572531553752,0.26791322977801435,0.17516459480857027,0.3649814464628921,正常
2022-03-22,12,0.2176244063969779,0.2630424033151821,0.17512145939305204,0.3647909577615339,正常
2022-03-23,12,0.22182631552607512,0.25858095582902757,0.17509300256703275,0.36460550395177005,正常
2022-03-24,12,0.22463528318320547,0.2547582653447188,0.17507415121768338,0.3644238498905819,正常
2022-03-25,12,0.22652380452471943,0.25159002742008935,0.17506168694975038,0.3642450522291813,正常
2022-03-28,12,0.22405252817064902,0.24827792088197667,0.1750414297112848,0.36406398124946227,正常
2022-03-29,12,0.22318224922257401,0.24508949854279893,0.1750185863995921,0.36388254942345544,正常
2022-03-30,12,0.22554669812002348,0.24213255542577397,0.1750036987995569,0.36370445298045107,正常
2022-03-31,12,0.2199822815402096,0.2388672051709721,0.1749708109448596,0.36352079787747377,正常
2022-04-01,12,0.22124359561972318,0.23589320258288593,0.17494243503295362,0.3633390984773822,正常
2022-04-06,12,0.22498013981939347,0.23331119630759548,0.17492650926018724,0.3631621830844901,正常
2022-04-07,12,0.22793896448644646,0.23174823740124312,0.1749201844596721,0.36298939946807335,正常
2022-04-08,12,0.2187279465306876,0.22986578804111976,0.1748842978616473,0.36280690847725816,正常
2022-04-11,12,0.22089156012562405,0.2282515773625617,0.17485589410556795,0.36262726866264855,正常
2022-04-12,13,0.21428780952008664,0.22618008475637907,0.17480570049618907,0.3624417316578975,正常
2022-04-13,13,0.2078523873470115,0.2236085798130217,0.17473348726031568,0.36225143375454816,正常
2022-04-14,13,0.20496137964561845,0.22114963204193056,0.17465144583620185,0.36205963431287835,正常
2022-04-15,13,0.20635777565587454,0.21940185638067292,0.174575001509069,0.36186942158874813,正常
2022-04-18,13,0.21106932994721095,0.21874224946860327,0.1745156478344967,0.36168348392597405,正常
2022-04-19,13,0.21485151409320213,0.21869058473954253,0.17446962454931397,0.3615014641628183,正常
2022-04-20,13,0.21543252136434188,0.2185984245419827,0.17442592851834526,0.3613205746254463,正常
2022-04-21,13,0.21400899039847054,0.21841765374205738,0.17437783979510424,0.36113896500679643,正常
2022-04-22,13,0.20645909035019783,0.2176492924832635,0.17430417762744588,0.36095177903806863,正常
2022-04-25,13,0.20418149012165032,0.21662660283018575,0.1742229775571749,0.360763567268802,正常
2022-04-26,13,0.1768886209841002,0.21414484365315478,0.1740367953490245,0.36056583146242316,正常
2022-04-27,13,0.18254758294806317,0.21206959639202552,0.17387499470962664,0.36036926537684155,正常
2022-04-28,13,0.16984650512402633,0.20940280918709814,0.1736612977010632,0.3601725167106403,行业趋同(风险预警)
2022-04-29,13,0.17519379600004625,0.20688516408109928,0.17347160337588655,0.3599760084623189,正常
2022-05-05,13,0.1638390944246474,0.20407800472532114,0.17323438610056813,0.3597809370338791,行业趋同(风险预警)
2022-05-06,13,0.1685935192279877,0.20144550090573438,0.1730193499501002,0.35958543170703366,行业趋同(风险预警)
2022-05-09,13,0.16924430769839804,0.1986587092996846,0.1728084470799394,0.35939023381095947,行业趋同(风险预警)
2022-05-10,13,0.1693849359266355,0.19573100787169403,0.17259946374142493,0.35919539917653526,行业趋同(风险预警)
2022-05-11,13,0.16511850524011795,0.19305053580716555,0.1723735017368883,0.35900144898849323,行业趋同(风险预警)
2022-05-12,13,0.1672376187407978,0.19036783873792426,0.17215805563514996,0.35880754017704286,行业趋同(风险预警)
2022-05-13,13,0.16650563600738633,0.18797873006228924,0.1719408287024863,0.3586140734918696,行业趋同(风险预警)
2022-05-16,13,0.1665688353086635,0.18591455246037183,0.17172522196818335,0.35842094889785564,行业趋同(风险预警)
2022-05-17,13,0.14889235657995004,0.1831111013070884,0.1714324488084702,0.35823363640115113,行业趋同(风险预警)
2022-05-18,13,0.14489389616993376,0.1800379073327914,0.17112287884314073,0.3580486119481926,行业趋同(风险预警)
2022-05-19,13,0.14510885949226848,0.17673988381004424,0.1708162836487338,0.3578635327150135,行业趋同(风险预警)
2022-05-20,13,0.14521816036191915,0.17325821612348008,0.17051214068456444,0.3576784693226327,行业趋同(风险预警)
2022-05-23,13,0.14179934142667217,0.16957655712659664,0.17019389166218024,0.35749550537953756,行业趋同(风险预警)
2022-05-24,13,0.13909440397959183,0.16583082780565267,0.16986484604871174,0.3573143248394631,行业趋同(风险预警)
2022-05-25,13,0.13480499751971664,0.16224812316412862,0.16951732092000615,0.35713619858888557,行业趋同(风险预警)
2022-05-26,13,0.1367787868421818,0.1588779880001552,0.16918150109659913,0.35695654805419785,行业趋同(风险预警)
2022-05-27,13,0.13930114021232687,0.15699861396156653,0.16885976420593413,0.35677516346371213,行业趋同(风险预警)
2022-05-30,13,0.13779175084446527,0.15476082235638663,0.1685329474801361,0.35659477648569526,行业趋同(风险预警)
2022-05-31,13,0.13721745342016134,0.15312936977119337,0.16820548427913667,0.356414764348384,行业趋同(风险预警)
2022-06-01,13,0.13606923138513116,0.15117314154044764,0.1678746681656059,0.3562355162480617,行业趋同(风险预警)
2022-06-02,13,0.13543800362513692,0.14975308700047213,0.16754295649176687,0.35605667514536166,行业趋同(风险预警)
2022-06-06,13,0.13723598110718915,0.1481852100944322,0.1672217591937762,0.3558766095270089,行业趋同(风险预警)
2022-06-07,13,0.13430650467480876,0.1464383199432527,0.1668888474304056,0.3556985065125257,行业趋同(风险预警)
2022-06-08,13,0.1394276624659,0.14494045627021596,0.166581801254779,0.3555171117482501,行业趋同(风险预警)
2022-06-09,13,0.13853953793082496,0.1436115079047513,0.16627258380911009,0.3553362895196363,行业趋同(风险预警)
2022-06-10,13,0.1368290856788804,0.14209108125165543,0.16595741913975698,0.355156542608209,行业趋同(风险预警)
2022-06-13,13,0.1335737348013868,0.14044448619135547,0.1656291316584741,0.35497892074258913,行业趋同(风险预警)
2022-06-14,13,0.13186588555774048,0.1387093387038093,0.16529491508019423,0.3548024488888897,行业趋同(风险预警)
2022-06-15,13,0.13389011297044662,0.13795922652333412,0.1649721778322656,0.35462455689469896,行业趋同(风险预警)
2022-06-16,13,0.14170663887515778,0.13779986365859534,0.16468681106519828,0.3544422336479511,行业趋同(风险预警)
2022-06-17,13,0.14913526949449474,0.13800118415870666,0.1644355097232123,0.35425705572961264,行业趋同(风险预警)
2022-06-20,13,0.15506055512299532,0.13849330389676046,0.16421060060467996,0.35407058130730307,行业趋同(风险预警)
2022-06-21,13,0.15317296170541617,0.13906198491069763,0.16397919915174541,0.35388478736948736,行业趋同(风险预警)
2022-06-22,13,0.1545342290430367,0.1398339761638699,0.16375480224498407,0.35369897695122876,行业趋同(风险预警)
2022-06-23,13,0.15187971927634247,0.14068771225170118,0.1635207438965839,0.35351402678856314,行业趋同(风险预警)
2022-06-24,13,0.14937508747738926,0.14131752728346156,0.16327760169746036,0.3533299975674707,行业趋同(风险预警)
2022-06-27,13,0.1436138090429444,0.14153316072499242,0.16301140926741026,0.3531481822217805,行业趋同(风险预警)
2022-06-28,13,0.14431741781125618,0.14185944407333198,0.16274981625357443,0.35296625719299124,行业趋同(风险预警)
2022-06-29,13,0.1453455294778172,0.14226584787621477,0.16249414915793348,0.35278413243164586,行业趋同(风险预警)
2022-06-30,13,0.14501054717569606,0.142712913665743,0.16223857181427975,0.35260231717872065,行业趋同(风险预警)
2022-07-01,13,0.1477879493190838,0.14333041095044036,0.16199615857342547,0.35241979826772446,行业趋同(风险预警)
2022-07-04,13,0.14774183868208768,0.14385570382918528,0.16175497314977944,0.3522375169999257,行业趋同(风险预警)
2022-07-05,13,0.14915294089816356,0.144598025640353,0.1615210249761961,0.35205508175969946,行业趋同(风险预警)
2022-07-06,13,0.14663634796165737,0.14495845991514092,0.16127804876151777,0.3518735812676098,行业趋同(风险预警)
2022-07-07,13,0.15120471385121115,0.14559171871116022,0.1610551950946682,0.3516911614684464,行业趋同(风险预警)
2022-07-08,13,0.15334611640723095,0.14641757024757773,0.16084222848970203,0.3515086307149699,行业趋同(风险预警)
2022-07-11,13,0.27498354899102484,0.15348806095705964,0.16096623632556434,0.3514566846392175,正常
2022-07-12,13,0.2761948187169556,0.16070450761502036,0.16109170813881113,0.3514076310218963,正常
2022-07-13,13,0.27866496211476544,0.16794325007223634,0.1612204591658345,0.3513644345465311,正常
2022-07-14,13,0.27825873910877086,0.174770855083917,0.16134822248462244,0.3513203523410864,正常
2022-07-15,13,0.2784831647303212,0.1812382498457083,0.16147592270596375,0.3512768683833095,正常
2022-07-18,13,0.2753940097026074,0.1872549225746889,0.1615986425894905,0.3512263216085417,正常
2022-07-19,13,0.2719286356586824,0.19319270627235222,0.16171562136600148,0.35116811614096877,正常
2022-07-20,13,0.2765059033883108,0.19929128998961593,0.1618392744699959,0.35112031950062217,正常
2022-07-21,13,0.28192439487597976,0.2057935237695978,0.16197031816999125,0.3510852931511577,正常
2022-07-22,13,0.2846220634886536,0.212555872570161,0.16210460671569205,0.35105682101912195,正常
2022-07-25,13,0.30520934698803526,0.22063564946741554,0.16226147264485005,0.3510827695001919,正常
2022-07-26,13,0.3049540455277462,0.22866748085324007,0.16241764967158262,0.3511077629216965,正常
2022-07-27,13,0.31948736584961723,0.23737457267183007,0.16258458148639338,0.35117575492543623,正常
2022-07-28,13,0.3204859656278076,0.2461483435944356,0.16275167730859558,0.351246437785185,正常
2022-07-29,13,0.3425103616665591,0.25588446421180944,0.1629269222281629,0.351390264895915,正常
2022-08-01,13,0.33306213022954523,0.2651504787891823,0.1630992497708,0.3515006320894697,正常
2022-08-02,13,0.3362174838232823,0.27450370593543816,0.16327220627761102,0.35162104934806077,正常
2022-08-03,13,0.32511769595580853,0.2834277733351458,0.16344017974157274,0.3517041744671898,正常
2022-08-04,13,0.3300040431904774,0.2923677398021091,0.1636100347905332,0.3518025855889186,正常
2022-08-05,13,0.3286342832382748,0.3011321481436613,0.16377886150492996,0.3518959694957735,正常
2022-08-08,13,0.3328966465112876,0.3040278030196744,0.16394902662515623,0.3520027757076908,正常
2022-08-09,13,0.33561479157517937,0.3069988016625856,0.1641197222027304,0.35211804289405313,正常
2022-08-10,13,0.3339711774232119,0.3097641124280079,0.16428945881109686,0.35222717501684414,正常
2022-08-11,13,0.33165541047326896,0.3124339459962328,0.16445791154300146,0.35232806941726724,正常
2022-08-12,13,0.3278126012341688,0.31490041782142525,0.16462426074436215,0.3524160045043829,正常
2022-08-15,13,0.3257616544579308,0.3174188000591914,0.164789167118357,0.3524969537860866,正常
2022-08-16,13,0.3291661419849936,0.320280675375507,0.1649553056480319,0.35258819876565534,正常
2022-08-17,13,0.3279592852615155,0.32285334446916714,0.16512046722742602,0.35267508648700685,正常
2022-08-18,13,0.3535280153503888,0.3264335254928876,0.16529111967102583,0.35284854400156396,行业分化(正常)
2022-08-19,13,0.35599455111903644,0.3300021498744068,0.16546137609493677,0.35303010144074826,行业分化(正常)
2022-08-22,13,0.35384655712890656,0.3324340103814504,0.16563142304741818,0.3532028110765316,行业分化(正常)
2022-08-23,13,0.3528050653660295,0.3348265613733645,0.16580116952778307,0.3533708148612809,正常
2022-08-24,13,0.35469158107838805,0.3365867721348031,0.16597059251308302,0.3535447333520959,行业分化(正常)
2022-08-25,13,0.34344011565458155,0.3377344796361418,0.16613875156505697,0.3536781326883093,正常
2022-08-26,13,0.34427991936128566,0.33782295752087804,0.16630670834823594,0.35381367042755707,正常
2022-08-29,13,0.33921538570339294,0.33813062029457047,0.16647314103240313,0.35393145747881355,正常
2022-08-30,13,0.3614335999496012,0.33939142610088646,0.16664072817749442,0.35412670653692646,行业分化(正常)
2022-08-31,13,0.3606731899519716,0.34116920080069457,0.1668081679460055,0.35431808420167044,行业分化(正常)
2022-09-01,13,0.36250703140480545,0.3427943502114109,0.16697509985898276,0.35451523766487514,行业分化(正常)
2022-09-02,13,0.37378201722962867,0.3450517369109786,0.1671388764911539,0.35475444444970117,行业分化(正常)
2022-09-05,13,0.37854421560598683,0.3473341153657136,0.16730058752847582,0.3550112300498723,行业分化(正常)
2022-09-06,13,0.3793581047371444,0.34952128102381186,0.1674618451480463,0.35526987365924667,行业分化(正常)
2022-09-07,13,0.381066195295901,0.3518760319174463,0.1676222214593783,0.3555339666241283,行业分化(正常)
2022-09-08,13,0.3787077036210301,0.3542286465748344,0.16778361555404364,0.35578719061646924,行业分化(正常)
2022-09-09,13,0.37261558807834183,0.35646879591704306,0.16794718759798027,0.3560152446679146,行业分化(正常)
2022-09-13,13,0.37163282901349415,0.3587623546448212,0.16811089630141107,0.3562383141404293,行业分化(正常)
2022-09-14,13,0.3761532523169978,0.3611117101614214,0.16827294381818353,0.35647759988807953,行业分化(正常)
2022-09-15,13,0.37160660923485056,0.36329407636008815,0.16843633832379107,0.35669814681439377,行业分化(正常)
2022-09-16,13,0.3706259674648392,0.3641489739658107,0.16859982128165263,0.35691381727721905,行业分化(正常)
2022-09-19,13,0.3683968775392734,0.36476909028682253,0.16876364043445308,0.35712001584161596,行业分化(正常)
2022-09-20,13,0.3710643725219045,0.36562998105647243,0.16892663062404095,0.357335076506517,行业分化(正常)
2022-09-21,13,0.37576108425999855,0.3667777820011709,0.16908804126405969,0.35756679058096513,行业分化(正常)
2022-09-22,13,0.37835732692017443,0.36796106929326017,0.16924837776821172,0.3578072551604286,行业分化(正常)
2022-09-23,13,0.38176001929005865,0.36987706447503405,0.16940720473323415,0.3580596706400174,行业分化(正常)
2022-09-26,13,0.378918860992254,0.3716090115565825,0.16956711231854454,0.3582997124411849,行业分化(正常)
2022-09-27,13,0.3833959868019017,0.3738180416115079,0.16972502995196304,0.3585558765215343,行业分化(正常)
2022-09-28,13,0.37452911642986664,0.37447281743552113,0.16988618701523875,0.35877668715096833,行业分化(正常)
2022-09-29,13,0.36360035893186016,0.3746191758845156,0.17004923362153507,0.35895653837489233,行业分化(正常)
2022-09-30,13,0.3672831335296922,0.37485798099075995,0.1702115937567254,0.3591485928863622,行业分化(正常)
2022-10-10,13,0.3648559022152391,0.3744116752400405,0.17037403410228613,0.35933099181410166,行业分化(正常)
2022-10-11,13,0.3905994913298556,0.3750144390262339,0.1705276380630373,0.35960950805394043,行业分化(正常)
2022-10-12,13,0.3944904628561756,0.3757710569321855,0.17067892946962035,0.35990220254717775,行业分化(正常)
2022-10-13,13,0.38821021833238867,0.37612825808400985,0.17083383939702726,0.3601682503332093,行业分化(正常)
2022-10-14,13,0.3877741921401511,0.37658158250996593,0.1709889370861081,0.3604311804980602,行业分化(正常)
2022-10-17,13,0.3789054467697849,0.376896075444538,0.17114764724937298,0.36065880271697165,行业分化(正常)
2022-10-18,13,0.3818159274998536,0.377405230368856,0.17130519302607555,0.36089618948717445,行业分化(正常)
2022-10-19,13,0.3876113335484437,0.37797813443042827,0.17146015920834776,0.361154524809296,行业分化(正常)
2022-10-20,13,0.3798422815584901,0.37838991804661026,0.1716182076805446,0.3613819939586601,行业分化(正常)
2022-10-21,13,0.3843853841648299,0.37907788888160987,0.17177444470041842,0.36162536806877005,行业分化(正常)
2022-10-24,13,0.38382679204863224,0.37984938460707773,0.17193081540269192,0.3618653658459011,行业分化(正常)
2022-10-25,13,0.3874891422664667,0.3806706230943059,0.17208554214509175,0.36211804130499514,行业分化(正常)
2022-10-26,13,0.3870441880855475,0.38123477828558333,0.17224040555631348,0.362367705368851,行业分化(正常)
2022-10-27,13,0.37883861697700894,0.38125884278842503,0.1723981828693531,0.36258546529996766,行业分化(正常)
2022-10-28,13,0.381164550030783,0.3812290693254613,0.17255509441772035,0.362810646948058,行业分化(正常)
2022-10-31,13,0.3665600190826136,0.38061112722997925,0.17271471513944137,0.36298282873774546,行业分化(正常)
2022-11-01,13,0.370923289273421,0.3799874923535552,0.17287364826954404,0.36316920387342105,行业分化(正常)
2022-11-02,13,0.37072008741486484,0.37979704090280514,0.17303239137877569,0.3633539345479466,行业分化(正常)
2022-11-03,13,0.37274958089584176,0.38025450200100425,0.17319061732085975,0.3635448118376905,行业分化(正常)
2022-11-04,13,0.3711593263889842,0.3804483116439688,0.17334887146671346,0.3637291963978692,行业分化(正常)
2022-11-07,13,0.36787816207977364,0.38059942463719554,0.17350723955369363,0.3639014077722783,行业分化(正常)
2022-11-08,13,0.36720092718330755,0.3794294964298681,0.17366541097604943,0.36407046759085376,行业分化(正常)
2022-11-09,13,0.366835889026064,0.37804676773836254,0.17382335707928587,0.3642374566443092,行业分化(正常)
2022-11-10,13,0.36643728793074637,0.37695812121828043,0.17398107333745366,0.3644022797274294,行业分化(正常)
2022-11-11,13,0.36531888917961275,0.37583535607025353,0.1741385692281892,0.3645625597462712,行业分化(正常)
2022-11-14,13,0.37325727778311424,0.37555294762091995,0.17429516062715086,0.36474889479383066,行业分化(正常)
2022-11-15,13,0.37577562585113355,0.37525093253848396,0.1744511213877524,0.3649430282610401,行业分化(正常)
2022-11-16,13,0.38066818074913356,0.3749037748985185,0.1746057739749428,0.3651534122064969,行业分化(正常)
2022-11-17,13,0.3780690950873936,0.37481511557496366,0.17476091082172035,0.3653535775009235,行业分化(正常)
2022-11-18,13,0.38456249530387765,0.374823971131916,0.17491409510837372,0.3655758202671965,行业分化(正常)
2022-11-21,13,0.3819184914274155,0.3747285561008552,0.17506795903614275,0.3657874998213903,行业分化(正常)
2022-11-22,13,0.3817986274443118,0.37444403035974744,0.17522171101336573,0.36599770502722473,行业分化(正常)
2022-11-23,13,0.37058807120009907,0.373621224515475,0.17537726673894438,0.3661683429824937,行业分化(正常)
2022-11-24,13,0.37053280277413647,0.3732059338053314,0.17553259845413416,0.36633796240057237,行业分化(正常)
2022-11-25,13,0.3847650188032816,0.37338595724395635,0.17568496305153547,0.36655577581414966,行业分化(正常)
2022-11-28,13,0.3841559006517046,0.3742657513224109,0.17583738709675856,0.36677035024690996,行业分化(正常)
2022-11-29,13,0.38490945474952676,0.37496505959621623,0.17598945197908367,0.36698653685916405,行业分化(正常)
2022-11-30,13,0.3801982793980272,0.3754389691953743,0.1761426295104757,0.36718517254776845,行业分化(正常)
2022-12-01,13,0.3802744541868177,0.3758152128599231,0.17629562365808574,0.3673831010274854,行业分化(正常)
2022-12-02,13,0.3758178717184396,0.37604814012639587,0.1764492514637078,0.36756488776823637,行业分化(正常)
2022-12-05,13,0.3758448333520322,0.3764464736900088,0.17660267622350934,0.3677458841476815,行业分化(正常)
2022-12-06,13,0.37591474601924657,0.37688216463180574,0.17675589172410425,0.3679262392767768,行业分化(正常)
2022-12-07,13,0.3743801315422888,0.377259376757617,0.1769090931576589,0.3681006110889422,行业分化(正常)
2022-12-08,13,0.37307818088895484,0.3775914214055274,0.17706220710763262,0.368269847551679,行业分化(正常)
2022-12-09,13,0.37157094084091935,0.37790402398859274,0.17721520474669417,0.3684333456358535,行业分化(正常)
2022-12-12,13,0.3732629872960812,0.3779043094642411,0.17736786253077896,0.36860157830577767,行业分化(正常)
2022-12-13,13,0.3737342874205427,0.37780224254271155,0.17752026395398973,0.36877054711223917,行业分化(正常)
2022-12-14,13,0.3755556029260808,0.3775466136515589,0.17767227204928784,0.3689446861423964,行业分化(正常)
2022-12-15,13,0.37715616271350405,0.3775009670328644,0.1778238784468193,0.3691232790568448,行业分化(正常)
2022-12-16,13,0.38225641571259017,0.37738566305330007,0.17797439547898328,0.36931810436423873,行业分化(正常)
2022-12-19,13,0.38023851542219467,0.377301664253039,0.17812514923705047,0.3695052024778057,行业分化(正常)
2022-12-20,13,0.37248888070814834,0.37683617691623084,0.17827660399395084,0.36966600628055957,行业分化(正常)
2022-12-21,13,0.3709903937855351,0.3768562930455026,0.17842788560131623,0.369821262078086,行业分化(正常)
2022-12-22,13,0.368877816201749,0.37677354371688326,0.17857893865484933,0.369969115151878,正常
2022-12-23,13,0.36886301859527004,0.3759784437064827,0.17872974838160205,0.37011622350919426,正常
2022-12-26,13,0.372702797378321,0.37540578854281353,0.17888027303958426,0.3702747548620075,行业分化(正常)
2022-12-27,13,0.36832542747777264,0.3745765871792258,0.17903059117759865,0.3704187786816916,正常
2022-12-28,13,0.3744157625489617,0.37428746133677254,0.17918056902169244,0.3705813120527053,行业分化(正常)
2022-12-29,13,0.3811011774035218,0.3743287974976077,0.17932954893859387,0.3707647898411759,行业分化(正常)
2022-12-30,13,0.3804665158537647,0.374561229704374,0.17947845781306454,0.3709453164244048,行业分化(正常)
2023-01-03,13,0.379767047584472,0.37475734041599595,0.17962729158399027,0.37112270780313816,行业分化(正常)
2023-01-04,13,0.3520593781912914,0.37356457202459825,0.17977359541899068,0.37121529611299037,正常
2023-01-05,13,0.3534404472348859,0.37251758780922806,0.17992001405740365,0.37131132226919306,正常
2023-01-06,13,0.3594617929125954,0.37183676841041013,0.18006758773558945,0.3714241402827752,正常
2023-01-09,13,0.36087685025550575,0.3713020638811394,0.180215141265051,0.37154055880368986,正常
2023-01-10,13,0.37055885486063433,0.37116685725936704,0.18036333296420187,0.3716854971504408,正常
2023-01-11,13,0.3735799330323639,0.3711591395399581,0.18051127174651577,0.37183912102029076,行业分化(正常)
2023-01-12,13,0.3705203246961195,0.37090737562846005,0.18065900134318713,0.3719825800912513,正常
2023-01-13,13,0.37345975371386764,0.37072255517847824,0.18080649627942863,0.37213443480985314,行业分化(正常)
2023-01-16,13,0.37020273829071204,0.37011987130738433,0.18095375504731098,0.37227558303503555,正常
2023-01-17,13,0.36023141151666893,0.3691195161121081,0.18109964955703778,0.3723865755989662,正常
2023-01-18,13,0.35972884838802877,0.3684815144961021,0.18124517176036214,0.37249561086745175,正常
2023-01-19,13,0.36011467257759644,0.36793772843570516,0.18139049815720787,0.3726052439844305,正常
2023-01-20,13,0.36944434174418594,0.367966054712827,0.18153671896515167,0.3727417340959771,正常
2023-01-30,13,0.36561032017898065,0.3678034197920125,0.18168238308845674,0.3728662107166366,正常
2023-01-31,13,0.3841286779666996,0.36837471382143144,0.1818272040380381,0.3730471653190802,行业分化(正常)
2023-02-01,13,0.3749798984495757,0.36870743737002154,0.18197281035058613,0.3731984926862004,行业分化(正常)
2023-02-02,13,0.3807559434809984,0.3690244464166234,0.1821177760169435,0.37336711453340715,行业分化(正常)
2023-02-03,13,0.38549136747717205,0.36924395592030596,0.18226182763926527,0.3735500702622295,行业分化(正常)
2023-02-06,13,0.38624441223069717,0.3695328507391526,0.18240557869663743,0.37373461757843296,行业分化(正常)
2023-02-07,13,0.40541210778216963,0.3708151037490374,0.1825424970378058,0.37398300032544807,行业分化(正常)
2023-02-08,13,0.40222909208344504,0.37332358944364513,0.18268091597474853,0.37421910206343534,行业分化(正常)
2023-02-09,13,0.40153205859911556,0.37572817001185665,0.18281961021921234,0.3744516960529988,行业分化(正常)
2023-02-10,13,0.39302312274889395,0.37740623650367155,0.1829613146584118,0.37465453218492206,行业分化(正常)
2023-02-13,13,0.3926024408307389,0.37899251603243317,0.18310303097356453,0.37485505501987193,行业分化(正常)
2023-02-14,13,0.38605823619513735,0.37976748509915836,0.1832461160138142,0.37503352911835625,行业分化(正常)
2023-02-15,13,0.380240654832375,0.38010052118915894,0.18338978099183817,0.3751930150616704,行业分化(正常)
2023-02-16,13,0.38386061980720876,0.3807675359447134,0.1835328684885965,0.37536300906724873,行业分化(正常)
2023-02-17,13,0.3791036013563185,0.3810497283268359,0.18367623774480984,0.37551756406388564,行业分化(正常)
2023-02-20,13,0.36477308083897386,0.38077824545424904,0.18381861296401325,0.37562944609821847,正常
2023-02-21,13,0.349034786644986,0.3802184142106649,0.18395615950679378,0.3756984889954196,正常
2023-02-22,13,0.3494170726328978,0.37970282542290834,0.18409357665708043,0.3757681841915073,正常
2023-02-23,13,0.3622330618788844,0.37980874488797267,0.1842346673972004,0.375871676457196,正常
2023-02-24,13,0.3632206472521794,0.3794975601633724,0.18437569947615678,0.3759774321388479,正常
2023-02-27,13,0.36052158009495805,0.37924312315917125,0.184515887242014,0.37607530367458314,正常
2023-02-28,13,0.36159086935126394,0.37811623272839945,0.18465606008235175,0.3761756493960589,正常
2023-03-01,13,0.35979227567409033,0.3773568515896252,0.18479554438021173,0.3762706596947568,正常
2023-03-02,13,0.36681376325708037,0.3766597425784293,0.1849361665397063,0.3763845527600988,正常
2023-03-03,13,0.3672255684329915,0.37574645262622025,0.18507660425771535,0.3764990935657514,正常
2023-03-06,13,0.37215284222690914,0.37504187412603085,0.18521731482499038,0.3766271035670504,正常
2023-03-07,13,0.37425450798946513,0.37348399413639566,0.18535791086185172,0.37676061119771753,正常
2023-03-08,13,0.35590780750393214,0.37116792990742004,0.18549501119160033,0.3768430080717053,正常
2023-03-09,13,0.35414771923106403,0.36879871293901745,0.18563125628031535,0.3769204634503385,正常
2023-03-10,13,0.35217096833478756,0.3667561052183121,0.1857665136491727,0.37699250172028076,正常
2023-03-13,13,0.3524681788002676,0.36474939211678853,0.18590161030331254,0.37706496322998195,正常
2023-03-14,13,0.35670404011133183,0.3632816823125983,0.18603788630017756,0.3771479897210023,正常
2023-03-15,13,0.35330428706765593,0.3619348639243623,0.1861727526723171,0.37722189001278433,正常
2023-03-16,13,0.35451317246478375,0.36046749155724106,0.18630777873093662,0.37729853793998525,正常
2023-03-17,13,0.34879114317295723,0.358951868648073,0.18644031029336372,0.37736045626097625,正常
2023-03-20,13,0.35414625947676204,0.3584205275799624,0.1865746724466904,0.37743550244445995,正常
2023-03-21,13,0.3597419989716488,0.3589558881962956,0.18671050643478201,0.37752466675311525,正常
2023-03-22,13,0.37209377799657406,0.3600897234644793,0.1868482546427908,0.37764696534106773,正常
2023-03-23,13,0.379281042457722,0.3609421224934212,0.1869859953491153,0.3777892634008784,行业分化(正常)
2023-03-24,13,0.3833126769864058,0.36194672398013256,0.18712333081230664,0.37794277821898786,行业分化(正常)
2023-03-27,13,0.3858550177389395,0.36321339586233164,0.18726023856599616,0.37810319985586904,行业分化(正常)
2023-03-28,13,0.3869037795300313,0.36447904137127,0.1873968548384383,0.37826607226250475,行业分化(正常)
2023-03-29,13,0.37957453235746363,0.36546815420543866,0.18753386231323477,0.3784066632634815,行业分化(正常)
2023-03-30,13,0.3792608503967634,0.3660905085624228,0.18767068329431444,0.37854574654489015,行业分化(正常)
2023-03-31,13,0.38657448511259396,0.36705795439640293,0.18780683308182372,0.3787056375876899,行业分化(正常)
2023-04-03,13,0.38877688944047173,0.3678891567570811,0.18794252905185577,0.378871429200817,行业分化(正常)
2023-04-04,13,0.3832180578398924,0.36833733424960247,0.188078668606939,0.3790200573453445,行业分化(正常)
2023-04-06,13,0.3951639378695111,0.37030014076788137,0.18821282261283576,0.3792038935813091,行业分化(正常)
2023-04-07,13,0.39573666801339713,0.372379588206998,0.1883467270354366,0.3793887041229084,行业分化(正常)
2023-04-10,13,0.39700985069102246,0.37462153232480977,0.1884802019477837,0.3795766557307654,行业分化(正常)
2023-04-11,13,0.4046930550811998,0.3772327761388564,0.18861115361403463,0.37978801506094545,行业分化(正常)
2023-04-12,13,0.40545701546557356,0.3796704249065685,0.18874177109081025,0.3800009030547876,行业分化(正常)
2023-04-13,13,0.40450740836000465,0.3822305809711859,0.1888726944794441,0.380209827109682,行业分化(正常)
2023-04-14,13,0.4127807524038186,0.38514395996813766,0.18900009903208492,0.38044468100791484,行业分化(正常)
2023-04-17,13,0.4132803958485096,0.3883684226019153,0.18912727662666665,0.38068014941002837,行业分化(正常)
2023-04-18,13,0.4154365220468371,0.39143293573041904,0.18925340331431895,0.3809217207759775,行业分化(正常)
2023-04-19,13,0.42793369838575546,0.39484252070112436,0.18937210334886811,0.3812048382838773,行业分化(正常)
2023-04-20,13,0.4251119445064788,0.39749342902661955,0.18949282737615603,0.3814768768231346,行业分化(正常)
2023-04-21,13,0.43794237366835853,0.40042649558715143,0.1896043153823171,0.3817930396488634,行业分化(正常)
2023-04-24,13,0.421740850307306,0.40234790425319644,0.18972738991525995,0.38205103562794207,行业分化(正常)
2023-04-25,13,0.4247976135857684,0.4042950340455379,0.1898487156956829,0.3823182648148315,行业分化(正常)
2023-04-26,13,0.42655295316018005,0.40627749272704533,0.18996904691587618,0.3825903063960487,行业分化(正常)
2023-04-27,13,0.4482537555295084,0.40971145388564756,0.19007232387441353,0.38293883997830214,行业分化(正常)
2023-04-28,13,0.4581793978697467,0.41365738125929674,0.19016595429833796,0.3833234095987884,行业分化(正常)
2023-05-04,13,0.4532108113852902,0.41698919757293157,0.1902652931911775,0.3836871197447158,行业分化(正常)
2023-05-05,13,0.4587757244726435,0.42048913932454013,0.19035932888888402,0.3840703049303556,行业分化(正常)
2023-05-08,13,0.44694982291076535,0.4236757275780838,0.19046551652457028,0.38440721023780705,行业分化(正常)
2023-05-09,13,0.4453076780792228,0.42618291458856944,0.19057349447494482,0.3847365489486459,行业分化(正常)
2023-05-10,13,0.44806499660912014,0.42879933101835543,0.19067936388284776,0.3850744139111367,行业分化(正常)
2023-05-11,13,0.45819217340800455,0.43185844715420457,0.19077582067281212,0.3854484413325287,行业分化(正常)
2023-05-12,13,0.46142465141928446,0.4346950269711088,0.19086938013800858,0.3858329853719298,行业分化(正常)
2023-05-15,13,0.4663021836170057,0.4377372853786805,0.1909581229180966,0.3862344657347125,行业分化(正常)
2023-05-16,13,0.46049290826928313,0.44053656037414435,0.1910537772314892,0.3866117044445465,行业分化(正常)
2023-05-17,13,0.455951114951308,0.44269507850151885,0.19115449451014416,0.3869701035782906,行业分化(正常)
2023-05-18,13,0.46196415622800024,0.44512926652049345,0.19124959567434452,0.38734935593174125,行业分化(正常)
2023-05-19,13,0.47843385819709316,0.4482791333280062,0.19132621772914102,0.38779091026706547,行业分化(正常)
2023-05-22,13,0.5013189166720275,0.45194839424231975,0.19137125147043965,0.38832524821570913,行业分化(正常)
2023-05-23,13,0.5025975052226593,0.4558226722781288,0.19141560842207034,0.38886217338260193,行业分化(正常)
2023-05-24,13,0.5003282500491202,0.45894196609716686,0.1914648217348689,0.38938646446038117,行业分化(正常)
2023-05-25,13,0.5022189733458658,0.4629658722490949,0.19151239578431567,0.3899159839538452,行业分化(正常)
2023-05-26,13,0.5023428043537232,0.46684313178749265,0.1915610678518531,0.39044317206177614,行业分化(正常)
2023-05-29,13,0.5025939169325602,0.47064517997611166,0.19161062730317335,0.39096859031962916,行业分化(正常)
2023-05-30,13,0.5077061115303669,0.4736177977761546,0.19165353291566847,0.3915129750808626,行业分化(正常)
2023-05-31,13,0.5133906811739258,0.4763783619413635,0.19168867454533617,0.39207893758988227,行业分化(正常)
2023-06-01,13,0.5150227537302077,0.47946895905860937,0.19172263818570165,0.392648868259835,行业分化(正常)
2023-06-02,13,0.5127748768669729,0.48216891667832584,0.19176177248076728,0.3932059207854294,行业分化(正常)
2023-06-05,13,0.5126369267700676,0.48545327187129095,0.19180256094086678,0.3937593376698292,行业分化(正常)
2023-06-06,13,0.5349132824936741,0.4899335520920135,0.19180629668969779,0.39440824971934946,行业分化(正常)
2023-06-07,13,0.517064203861926,0.49338351245465384,0.19184313331434583,0.3949742581301184,行业分化(正常)
2023-06-08,13,0.5199244838934927,0.4964701279789282,0.19187679324144988,0.39554951161207685,行业分化(正常)
2023-06-09,13,0.5207496551679829,0.49943637816636316,0.191910633734546,0.3961251650860713,行业分化(正常)
2023-06-12,13,0.520411736308876,0.5021418558009566,0.1919465526601295,0.39669620014681095,行业分化(正常)
2023-06-13,13,0.519632660424268,0.5050988434087059,0.19198521637629112,0.39726077949362343,行业分化(正常)
2023-06-14,13,0.5189919225588911,0.5082508837890851,0.19202634259426712,0.39781957018640657,行业分化(正常)
2023-06-15,13,0.5242013389862514,0.5113627429269976,0.1920605493867132,0.39839758871464387,行业分化(正常)
2023-06-16,13,0.5256024660618832,0.5137211733202371,0.19209400148735312,0.39897846567270046,行业分化(正常)
2023-06-19,13,0.5185200496632154,0.5145812299697965,0.19214016148310473,0.39952613741085874,行业分化(正常)
2023-06-20,13,0.5236935298362078,0.515636031200474,0.19217961843702908,0.40009269210690585,行业分化(正常)
2023-06-21,13,0.5263209868488781,0.5169356680404619,0.19221634071612653,0.4006673505225677,行业分化(正常)
2023-06-26,13,0.5057812695312757,0.5171137828497324,0.19228457463140047,0.4011543935937977,行业分化(正常)
2023-06-27,13,0.5059495616193854,0.5172941207130155,0.1923535579813821,0.4016396621047611,行业分化(正常)
2023-06-28,13,0.5050101992045597,0.5174149348266155,0.19242472980763167,0.40211879077893875,行业分化(正常)
2023-06-29,13,0.5065351964070623,0.5173563890704502,0.19249484377852852,0.4026015524648815,行业分化(正常)
2023-06-30,13,0.5066388299541154,0.5170187965094597,0.1925657655833746,0.403082320981493,行业分化(正常)
2023-07-03,13,0.5039974717831229,0.5164675324121054,0.19264098454783476,0.40355037850847075,行业分化(正常)
2023-07-04,13,0.5046468754511543,0.5160611323413145,0.19271625311504287,0.40401866571474426,行业分化(正常)
2023-07-05,13,0.5181752810698501,0.5163380500563036,0.19277438587697102,0.40453821448147553,行业分化(正常)
2023-07-06,13,0.5124799825655675,0.5152163850598983,0.1928414393414319,0.40503237803115205,行业分化(正常)
2023-07-07,13,0.5108763308224713,0.5149069914079256,0.1929115881941268,0.4055177715693776,行业分化(正常)
2023-07-10,13,0.5139086556429779,0.5146061999953998,0.19297870510613102,0.40601268077193164,行业分化(正常)
2023-07-11,13,0.5099273365835688,0.5140650840661791,0.19305196654599766,0.4064895674200246,行业分化(正常)
2023-07-12,13,0.5056860135538997,0.5133287979284303,0.19313135971198447,0.406947811973544,行业分化(正常)
2023-07-13,13,0.4994089744301653,0.5123176136287252,0.19321884534982592,0.40738019436330986,行业分化(正常)
2023-07-14,13,0.4902598114231892,0.5108810080719401,0.19331670540138018,0.4077770225710437,行业分化(正常)
2023-07-17,13,0.49265037985999593,0.5093034601156272,0.19341266890786762,0.4081806780915362,行业分化(正常)
2023-07-18,13,0.4902981143160804,0.5075382425283371,0.1935115437150244,0.4085740148189674,行业分化(正常)
2023-07-19,13,0.4900422624963181,0.5061143531699923,0.19361117511560105,0.408964654451411,行业分化(正常)
2023-07-20,13,0.4899235625862952,0.5044258548074967,0.1937114156942269,0.40935310726087526,行业分化(正常)
2023-07-21,13,0.47150176434601754,0.5016848936823537,0.19382786792613388,0.40967642088373807,行业分化(正常)
2023-07-24,13,0.49902816083119395,0.5013472382473496,0.19391973060525985,0.4100943153530003,行业分化(正常)
2023-07-25,13,0.49442093606794224,0.5007708069697774,0.19401694907002945,0.41049364892200835,行业分化(正常)
2023-07-26,13,0.49142560973203997,0.5000915774961514,0.19411762480612563,0.4108805255331699,行业分化(正常)
2023-07-27,13,0.47635199670398953,0.49858241751099774,0.19423180651909888,0.4112138416877239,行业分化(正常)
2023-07-28,13,0.47043326881169967,0.496772139453877,0.19435061377636467,0.4115261666790656,行业分化(正常)
2023-07-31,13,0.4757582005592246,0.4953601758926821,0.19446576278316413,0.4118547142328091,行业分化(正常)
2023-08-01,13,0.4716776271602746,0.49371171347813814,0.19458414213904546,0.41216843074526693,行业分化(正常)
2023-08-02,13,0.47957092943646096,0.49178149589646863,0.19469685394005679,0.41250692161517577,行业分化(正常)
2023-08-03,13,0.4797114787511916,0.4901430707057498,0.19480974946738078,0.41284443424890943,行业分化(正常)
2023-08-04,13,0.4809845693158147,0.48864848263041694,0.19492193164117153,0.4131847615960834,行业分化(正常)
2023-08-07,13,0.47994276724380425,0.48695018821045827,0.19503523107228882,0.41352015966656097,行业分化(正常)
2023-08-08,13,0.47925733581009566,0.4854166881717846,0.19514934041087717,0.4138518583290953,行业分化(正常)
2023-08-09,13,0.4791243964053046,0.4840886073143548,0.19526382103060314,0.41418171307078233,行业分化(正常)
2023-08-10,13,0.4891582797175936,0.48357607257872637,0.19537043948108673,0.414543799862146,行业分化(正常)
2023-08-11,13,0.487371693256041,0.4834316666703689,0.19547895610474714,0.41489826438971517,行业分化(正常)
2023-08-14,13,0.47319565260656093,0.4824589303076972,0.19559850189724964,0.41520459196187515,行业分化(正常)
2023-08-15,13,0.465375925109318,0.481212820847359,0.19572309973037133,0.4154849925545249,行业分化(正常)
2023-08-16,13,0.46006024842681403,0.4797137201438838,0.1958506921244744,0.4157479341737832,行业分化(正常)
2023-08-17,13,0.45400500743987315,0.47791779238656273,0.19598121461019463,0.4159916684918274,行业分化(正常)
2023-08-18,13,0.4560884289964119,0.4771471256190824,0.19611082356594725,0.41624062696973285,行业分化(正常)
2023-08-21,13,0.44340098247747295,0.4743657667013964,0.19624531785279936,0.4164517882426027,行业分化(正常)
2023-08-22,13,0.4445377212296755,0.471871605959483,0.19637940098399093,0.41666535081752926,行业分化(正常)
2023-08-23,13,0.4478704824074208,0.4696938495932521,0.19651231432184707,0.4168875834759211,行业分化(正常)
2023-08-24,13,0.4293939275225106,0.4673459461341781,0.19664976487907512,0.4170580224509982,行业分化(正常)
2023-08-25,13,0.4246493961644605,0.4650567525018162,0.19678762471049188,0.4172153894428882,行业分化(正常)
2023-08-28,13,0.4166048397186206,0.462099084459786,0.19692564880331742,0.4173517166207559,正常
2023-08-29,13,0.4122597910123442,0.45912819265238947,0.1970633544559437,0.41747681373888035,正常
2023-08-30,13,0.3921920197367993,0.45475924716740634,0.19719740927815357,0.4175547987060323,正常
2023-08-31,13,0.39033020553502007,0.4502901835065978,0.1973306850668481,0.417628391000986,正常
2023-09-01,13,0.3994348463950107,0.44621269736055763,0.19746607308331754,0.4177220323951294,正常
2023-09-04,13,0.3954819941904689,0.44198965870789075,0.1976003431942815,0.4178063890041935,正常
2023-09-05,13,0.3928935774771335,0.4376714707912427,0.1977337044094134,0.4178846804881371,正常
2023-09-06,13,0.3942692246263477,0.43342871220229495,0.19786721950197705,0.4179657064183465,正常
2023-09-07,13,0.39530334614567686,0.428735965523699,0.19800078385570552,0.41804871426582135,正常
2023-09-08,13,0.38560900149598665,0.4236478309356963,0.19813112316224035,0.41811041518808656,正常
2023-09-11,13,0.38644204356459966,0.4193101504835982,0.19826153460819895,0.4181736286479115,正常
2023-09-12,13,0.37431765680814044,0.4147572370685394,0.19838657778997906,0.41821179552830445,正常
2023-09-13,13,0.37741419510690144,0.4106249344025438,0.19851286016392716,0.4182559570716134,正常
2023-09-14,13,0.3641260876056148,0.4061309884108309,0.19863184378790982,0.41827426822346286,正常
2023-09-15,13,0.3594499160281521,0.4012990627624179,0.19874764329542075,0.41828392224614264,正常
2023-09-18,13,0.37262848963625195,0.39776043812035683,0.19887092136961243,0.4183181692502444,正常
2023-09-19,13,0.3771607940049331,0.3943915917591197,0.1989961707280158,0.41836118062483496,正常
2023-09-20,13,0.37619238787102804,0.39080768703230007,0.19912074198828672,0.4184020841493547,正常
2023-09-21,13,0.3747176508442527,0.38807387319838715,0.19924437975834558,0.4184399059576935,正常
2023-09-22,13,0.37315469453336103,0.3854991381168322,0.19936701577539606,0.4184745133432721,正常
2023-09-25,13,0.3627335391444928,0.3828055730881258,0.19948356017522967,0.4184893798703864,正常
2023-09-26,13,0.36286989628529376,0.3803360783517733,0.19959996757255338,0.4185043954639468,正常
2023-09-27,13,0.3641476344664619,0.3789338590882564,0.19971693566037582,0.4185216428522467,正常
2023-09-28,13,0.36617486349382766,0.3777260919861968,0.19983488505533387,0.4185425148057985,正常
2023-10-09,13,0.36768339924428717,0.3761385196286606,0.1999534778300804,0.4185660719686308,正常
2023-10-10,13,0.37097255216446634,0.37491304752736043,0.20007364649746473,0.4185956915955793,正常
2023-10-11,13,0.3698232757773081,0.3737595324423692,0.20019297945783093,0.41862299768183314,正常
2023-10-12,13,0.3726021709940902,0.37267617976075634,0.2003135514382438,0.4186554382496631,正常
2023-10-13,13,0.37655190604450717,0.37173860775569784,0.20043583015462513,0.4186953539980956,正常
2023-10-16,13,0.3831601302558304,0.37161616419369004,0.20056072762872626,0.41874822110896903,正常
2023-10-17,13,0.37524024441047454,0.37105607423598375,0.20068194667883088,0.4187852306958769,正常
2023-10-18,13,0.37490453290733594,0.3710854180409436,0.2008027849590301,0.4188214308354848,正常
2023-10-19,13,0.36830106604834756,0.37062976158801586,0.20091996487235544,0.4188450185711393,正常
2023-10-20,13,0.36624236732748083,0.3707355755741092,0.20103575778013755,0.41886470613356325,正常
2023-10-23,13,0.36154455953799447,0.3708403077496013,0.2011484905570507,0.41887584929321947,正常
2023-10-24,13,0.3594126713563618,0.37017951683560674,0.20125964098028562,0.41888316530027536,正常
2023-10-25,13,0.36781438741542216,0.36971219650613124,0.20137569049473764,0.41890542233498523,正常
2023-10-26,13,0.3774222900011708,0.36977369161263834,0.20149641459148576,0.41894565932337186,正常
2023-10-27,13,0.3721913416527568,0.36964737615306353,0.2016143886821984,0.4189757624242848,正常
2023-10-30,13,0.3728144007752855,0.3696303614651598,0.20173246688983343,0.41900689501670235,正常
2023-10-31,13,0.3639679808795311,0.3696920835519117,0.20184542176295356,0.41902170724710136,正常
2023-11-01,13,0.36191018252612417,0.3696440978639532,0.2019569024851095,0.41903278990118603,正常
2023-11-02,13,0.3602059548877403,0.3694470138850171,0.2020670936675584,0.4190408177643843,正常
2023-11-03,13,0.3586265475766681,0.3690695980891592,0.20217604855976024,0.4190460495511864,正常
2023-11-06,13,0.35539364575976284,0.36845511041493295,0.20228260632901576,0.41904573756296126,正常
2023-11-07,13,0.3424377963827351,0.3670283726258464,0.20237903369264376,0.41902460314823553,正常
2023-11-08,13,0.34141102752514885,0.36560776021323843,0.20247441284072126,0.41900190851874913,正常
2023-11-09,13,0.3428505404256512,0.3641201786848165,0.202570818509637,0.41898141864119487,正常
2023-11-10,13,0.3409175017905023,0.36233845847211626,0.202665415394376,0.4189579938537761,正常
2023-11-13,13,0.3409260040612505,0.36022675216238725,0.20275984003390654,0.41893459350537077,正常
2023-11-14,13,0.34889870062728745,0.3589096749732279,0.20286051525504784,0.4189235566443183,正常
2023-11-15,13,0.346205894769956,0.3574747430663589,0.2029589084009431,0.4189082549309412,正常
2023-11-16,13,0.347421868857147,0.3564307832067989,0.20305806975266477,0.4188948474856619,正常
2023-11-17,13,0.3456944321763654,0.3554033864492431,0.20315568577763343,0.41887872905120305,正常
2023-11-20,13,0.34435849236382177,0.3545440830905345,0.2032520459422717,0.4188605430599515,正常
2023-11-21,13,0.3504639082096659,0.3540966449331997,0.2033529617814892,0.41885191671419664,正常
2023-11-22,13,0.35080723081820464,0.3532462871033388,0.20345394303869233,0.4188438121624213,正常
2023-11-23,13,0.33759547550953284,0.3512549463787569,0.20354404085892222,0.4188155054588012,正常
2023-11-24,13,0.3476078257304659,0.35002577058264234,0.20364224017531898,0.41880231910056454,正常
2023-11-27,13,0.34483999863633463,0.3486270504756948,0.20373808015198408,0.41878484210524763,正常
2023-11-28,13,0.3486525010352486,0.34786127648348064,0.20383671366726955,0.41877326572594975,正常
2023-11-29,13,0.3493752124735642,0.3472345279808527,0.20393570876505338,0.4187628060299726,正常
2023-11-30,13,0.3646705752318533,0.34745775899805836,0.20404472708307736,0.41877764675453716,正常
2023-12-01,13,0.36376316984176615,0.3477145901113132,0.20415301386183543,0.4187908262934658,正常
2023-12-04,13,0.35716000570507167,0.34780290810857867,0.2042569478340421,0.4187927743273482,正常
2023-12-05,13,0.3568101055343781,0.34852152356616084,0.2043604580643256,0.41879409105181864,正常
2023-12-06,13,0.35233649360487407,0.3490677968701471,0.20446068187826272,0.4187881082067758,正常
2023-12-07,13,0.35417444362052686,0.34963399202989087,0.20456201845309885,0.41878503964251246,正常
2023-12-08,13,0.3558588673448645,0.35038106030760896,0.20466432525773903,0.4187846598004953,正常
2023-12-11,13,0.3675838083190298,0.3517139505204979,0.20477364191873837,0.4188040512403943,正常
2023-12-12,13,0.3640501380832617,0.35247152239329665,0.20488075180783177,0.4188172205032082,正常
2023-12-13,13,0.36740392804714783,0.3535314240571562,0.20498958208917092,0.4188361027319647,正常
2023-12-14,13,0.36445631250270416,0.3543831462394341,0.20509654551046524,0.4188497902178853,正常
2023-12-15,13,0.37249283267887046,0.35572306626455935,0.20520765970320826,0.4188774825958182,正常
2023-12-18,13,0.3728983915203633,0.35715006122238646,0.20531878117852737,0.4189057788074885,正常
2023-12-19,13,0.36776388672127913,0.3580150601479671,0.20542703888281116,0.4189248703176858,正常
2023-12-20,13,0.36876139709327993,0.3589127684617209,0.20553564629099158,0.41894560106377526,正常
2023-12-21,13,0.36710880030734805,0.36038843470161164,0.2056431613328057,0.4189633558316186,正常
2023-12-22,13,0.3683129764246845,0.36142369223632254,0.20575114609916537,0.4189831013225964,正常
2023-12-25,13,0.37069069721508785,0.3627162271652602,0.2058601974234211,0.41900690551885134,正常
2023-12-26,13,0.38232463596947874,0.3643998339119717,0.2059743339631492,0.41905179306216844,正常
2023-12-27,13,0.3572955276518741,0.36479584967088724,0.20607514168733634,0.4190527636655704,正常
2023-12-28,13,0.3533844873318003,0.3642315452758845,0.20617311282553424,0.4190474611645016,正常
2023-12-29,13,0.34365999317163265,0.36322638644237787,0.20626360316100142,0.41902737832603343,正常
2024-01-02,13,0.33727051574840405,0.3622319119445445,0.20634858587191063,0.4189981714361999,正常
2024-01-03,13,0.34634063841965734,0.36170843858880847,0.20644086163945327,0.41898206593962006,正常
2024-01-04,13,0.3443458893757554,0.3613089083773525,0.20653140842197043,0.4189630093844165,正常
2024-01-05,13,0.3396199721032901,0.3605811848014907,0.20661792581907096,0.4189371528523274,正常
2024-01-08,13,0.3360736551888114,0.359591924193688,0.20670123283896247,0.4189063737148555,正常
2024-01-09,13,0.3342691259843604,0.3579261900769546,0.20678278565425934,0.4188731662209719,正常
2024-01-10,13,0.33583499182675147,0.35651543276412906,0.2068655833584129,0.4188421278326545,正常
2024-01-11,13,0.335086713529538,0.35489957203824857,0.20694757031068334,0.41881010235888727,正常
2024-01-12,13,0.33562758072124366,0.35345813544917554,0.20702988771100408,0.41877884835786283,正常
2024-01-15,13,0.33720680325931984,0.351693833978198,0.20711343395591147,0.4187497918780336,正常
2024-01-16,13,0.3441044438230778,0.3502541365933337,0.20720252919050933,0.4187305126141101,正常
2024-01-17,13,0.34155308279067065,0.34894359639680333,0.20728941648488827,0.41870757735974995,正常
2024-01-18,13,0.31832367034652664,0.34642171005946565,0.20735435440159444,0.41865453927192464,正常
2024-01-19,13,0.31789827498643863,0.3439611837934201,0.20741872858692995,0.4186010888101375,正常
2024-01-22,13,0.3143157131750982,0.3412613206309409,0.2074791154264805,0.41854361346328833,正常
2024-01-23,13,0.31850397060581737,0.3386519843004773,0.20754391416924012,0.41849104769638834,正常
2024-01-24,13,0.3273848132893812,0.3359049931664725,0.2076175498405983,0.418449374944622,正常
2024-01-25,13,0.32690458207952156,0.3343854458878548,0.2076905934742649,0.4184071560213708,正常
2024-01-26,13,0.3255186981341638,0.33299215642797303,0.20776216262517225,0.41836326683358516,正常
2024-01-29,13,0.331017048567269,0.3323600091977548,0.20783882136512805,0.418326418146485,正常
2024-01-30,13,0.3300055259459097,0.3319967597076301,0.20791440988194654,0.4182883111494674,正常
2024-01-31,13,0.3416798563300969,0.33176372060315207,0.20799998559757132,0.4182659621944939,正常
2024-02-01,13,0.33575130597707237,0.33133399143321796,0.2080804531825702,0.41823547987376264,正常
2024-02-02,13,0.3355704266371933,0.3311315141599131,0.20816062127183885,0.41820478741387357,正常
2024-02-05,13,0.3299039036274657,0.3308230265818458,0.20823556377064723,0.4181667163578098,正常
2024-02-06,13,0.3529729824355987,0.3317582194044077,0.20832894293059193,0.4181609403748945,正常
2024-02-07,13,0.31967491810851223,0.33095021571849575,0.20839358877332861,0.41811044189509683,正常
2024-02-08,13,0.3166746274908516,0.3300296114165614,0.20845498224400907,0.4180565706489364,正常
2024-02-19,13,0.3164763286801954,0.329072048814509,0.20851606176134807,0.4180025614987405,正常
2024-02-20,13,0.28558286115833575,0.32649085170945985,0.20853920718552116,0.4179187221042349,正常
2024-02-21,13,0.28632172642989195,0.3236017158398005,0.20856335805162704,0.41783562876668323,正常
2024-02-22,13,0.28740068664089313,0.3208940960323116,0.2085889694094473,0.41775356487764137,正常
2024-02-23,13,0.2876672766330157,0.31936127634663614,0.20861492271570883,0.4176718651440344,正常
2024-02-26,13,0.2900963854307349,0.317971181868851,0.20864412198296478,0.4175923448975227,正常
2024-02-27,13,0.29047238462693736,0.3167790154414428,0.2086737913871825,0.4175132843290447,正常
2024-02-28,13,0.2899147085416538,0.3153495523382347,0.20870268929413682,0.4174338878832745,正常
2024-02-29,13,0.2830528302206039,0.31313295318479584,0.2087221886997267,0.41734906647906,正常
2024-03-01,13,0.2769715233198834,0.31063630024681393,0.2087329780461027,0.4172598769060111,正常
2024-03-04,13,0.2805709154109681,0.30838891111065414,0.20874897408874712,0.4171734671563848,正常
2024-03-05,13,0.2795008553616203,0.3058131014503717,0.20876344482822784,0.41708641427967863,正常
2024-03-06,13,0.27788925156572397,0.3032072877313624,0.20877560126546513,0.4169983408803868,正常
2024-03-07,13,0.2774681822935319,0.2999967040295342,0.20878715925952074,0.4169101188413541,正常
2024-03-08,13,0.27672493797549425,0.29704538562945526,0.20879765039749087,0.41682152240376247,正常
2024-03-11,13,0.2776521370849654,0.29414947115184387,0.2088095013056,0.4167337374798528,正常
2024-03-12,13,0.27751662014468115,0.29153010697770465,0.20882116848636803,0.4166460077332853,正常
2024-03-13,13,0.27754147053415335,0.2877585313826324,0.20883288386156446,0.41655844727710684,正常
2024-03-14,13,0.2797508751519543,0.2857623292348045,0.2088477696860851,0.4164726361771989,正常
2024-03-15,13,0.279047504964419,0.28388097310848287,0.20886166107923673,0.41638645941207464,正常
2024-03-18,13,0.2802508854806324,0.2820697009485047,0.20887726267750728,0.41630131286264416,正常
2024-03-19,13,0.2782262993474939,0.2817018728579626,0.20888999553211512,0.41621483968953293,正常
2024-03-20,13,0.2793034140509989,0.28135095723901793,0.20890426866879608,0.4161292932333238,正常
2024-03-21,13,0.280041670132984,0.28098300641362245,0.20891958844200537,0.41604443360825577,正常
2024-03-22,13,0.27919066249977587,0.2805591757069605,0.20893371199334032,0.4159590986162248,正常
2024-03-25,13,0.2795978012711796,0.28003424649898273,0.20894841524000374,0.4158742060447034,正常
2024-03-26,13,0.278946336572528,0.27945794409626223,0.20896220470920585,0.4157889865347972,正常
2024-03-27,13,0.2786894089847234,0.27889667911841576,0.20897563777511663,0.4157037279110245,正常
2024-03-28,13,0.27253631971136194,0.2783708535929536,0.20898019585961464,0.41561439163029273,正常
2024-03-29,13,0.27691189981391884,0.2783678724176554,0.20899113126214725,0.4155281681555664,正常
2024-04-01,13,0.2776935975731717,0.2782240065257656,0.2090031918441978,0.4154426409377334,正常
2024-04-02,13,0.2729845427742851,0.27789819089639883,0.20900847663106745,0.415354047501996,正常
2024-04-03,13,0.2723842793990142,0.27762294228806333,0.20901290784870036,0.41526521123098564,正常
2024-04-08,13,0.27024807795214534,0.277261937070994,0.2090142087317829,0.415175158268268,正常
2024-04-09,13,0.27354898539969275,0.27710313944220394,0.20902040175385156,0.41508738704916165,正常
2024-04-10,13,0.2759608627284018,0.27701857572437577,0.2090300920007227,0.4150013901814172,正常
2024-04-11,13,0.27485571501185213,0.27688553046773434,0.2090382159397151,0.41491478677868826,正常
2024-04-12,13,0.27499898726123806,0.27675840630408854,0.20904656485186313,0.4148284262334222,正常
2024-04-15,13,0.27493979342361763,0.2765178522176717,0.20905484776571293,0.4147421713446112,正常
2024-04-16,13,0.2776497815466604,0.2764479660467838,0.20906699019159858,0.41465792633344467,正常
2024-04-17,13,0.27455534325531505,0.27616318893551794,0.20907475578870174,0.4145717020297017,正常
2024-04-18,13,0.2727721247478383,0.2758904802055352,0.2090799722566062,0.41448444542700436,正常
2024-04-19,13,0.27250753732146205,0.27555068636905833,0.20908483129328936,0.41439716315523134,正常
2024-04-22,13,0.2721512219276614,0.27515616395879217,0.2090892002266831,0.4143097967893501,正常
2024-04-23,13,0.2771656753364201,0.27505491460062437,0.2091007441650443,0.414225930708221,正常
2024-04-24,13,0.27443263456898537,0.2747966562655147,0.2091084397398408,0.4141403466337015,正常
2024-04-25,13,0.2620326134873857,0.2739509701112576,0.20909771117068832,0.4140474351198876,正常
2024-04-26,13,0.26727657501169566,0.27338032841260623,0.20909502860244916,0.413957641700374,正常
2024-04-29,13,0.2661526927559926,0.27306114706483775,0.2090907059964447,0.4138673373149387,正常
2024-04-30,13,0.2642020263991258,0.272425653394098,0.20908348092802714,0.4137760686432383,正常
2024-05-06,13,0.2631637452040777,0.2716991607756434,0.20907472700615554,0.413684372971808,正常
2024-05-07,13,0.2622437235112284,0.2711621198124905,0.209064620997987,0.41359232549457575,正常
2024-05-08,13,0.2669197380359599,0.2708888927443378,0.20906165393577264,0.4135030625771217,正常
2024-05-09,13,0.2696308552911676,0.2708580316112889,0.20906272797618175,0.4134155746301458,正常
2024-05-10,13,0.2740862487444513,0.27088489477852684,0.20907023431808405,0.4133310674539249,正常
2024-05-13,13,0.27154377681370256,0.2706640404827919,0.2090741385613641,0.41324505788130256,正常
2024-05-14,13,0.2757649838232705,0.2707095039233628,0.20908404059479785,0.41316195085428437,正常
2024-05-15,13,0.26609875674588745,0.2702644923975953,0.20908003563237096,0.4130729305295653,正常
2024-05-16,13,0.2835061716559265,0.27069281130921075,0.20910043368567557,0.4129956278087168,正常
2024-05-17,13,0.2856115759636134,0.2710909010300584,0.20912355561181367,0.4129200595840558,正常
2024-05-20,13,0.28625347784573996,0.2716758077595796,0.2091474842999911,0.41284511476868535,正常
2024-05-21,13,0.2858344803076629,0.2723289255375708,0.20917085723226106,0.4127699685458256,正常
2024-05-22,13,0.28350781689319426,0.27287893951615744,0.20919120308240763,0.4126931733719465,正常
2024-05-23,13,0.2822487923014041,0.2733838180348446,0.2092098886707005,0.41261556910618796,正常
2024-05-24,13,0.27745753757386526,0.27339841114671687,0.20922215152861898,0.41253468021480366,正常
2024-05-27,13,0.27407242082945493,0.2733804004597403,0.20922975509141784,0.4124516545310166,正常
2024-05-28,13,0.270412213294258,0.2737993804500839,0.20923220701025902,0.41236644213824103,正常
2024-05-29,13,0.26786343160997883,0.27382872327999813,0.20923101395490268,0.4122798317315027,正常
2024-05-30,13,0.2780957201332709,0.27442587464886203,0.2092442025681821,0.41219992258153293,正常
2024-05-31,13,0.28830926283766534,0.275631236470789,0.20927064604822737,0.4121277386938607,正常
2024-06-03,13,0.2843546579495918,0.2766907821080647,0.20929206445749232,0.4120526107342973,正常
2024-06-04,13,0.28868301645190164,0.2780127467550984,0.20931892749407055,0.41198096292960495,正常
2024-06-05,13,0.2872964942471895,0.27903158456565985,0.20934403851762984,0.4119083372550494,正常
2024-06-06,13,0.2879469270011069,0.27994738815115683,0.20936993870178838,0.411836341012181,正常
2024-06-07,13,0.29328851794912447,0.28090750161139044,0.20940230909312607,0.41176881402813703,正常
2024-06-11,13,0.29316225542950525,0.2819884255421806,0.2094344913279726,0.41170129040154385,正常
2024-06-12,13,0.2903182061171713,0.28271608665687564,0.20946321763053027,0.41163153130314506,正常
2024-06-13,13,0.28764610603386886,0.28379345412127466,0.2094886319449124,0.41155975814578116,正常
2024-06-14,13,0.29053062396887397,0.2841446767369221,0.2095175590765557,0.41149039912116225,正常
2024-06-17,13,0.295510813423703,0.2846396386099265,0.2095523573887217,0.41142531158541007,正常
2024-06-18,13,0.30230200536811436,0.2854420649860453,0.20959475191180343,0.4113663947028552,正常
2024-06-19,13,0.3079859114260304,0.28654963654196364,0.20964311989095952,0.4113129971634546,正常
2024-06-20,13,0.3060657513309847,0.28767753326385315,0.2096894160908782,0.4112578141413883,正常
2024-06-21,13,0.29968829933581265,0.2885495086155736,0.20972874492215177,0.4111967844735347,正常
2024-06-24,13,0.3005082972612323,0.2897020465999419,0.2097689296529362,0.4111365907629782,正常
2024-06-25,13,0.29636989749347775,0.2908169204331431,0.20980440849303272,0.41107283308208953,正常
2024-06-26,13,0.30545987279226605,0.29256930340804355,0.20984982304247407,0.4110174310742825,正常
2024-06-27,13,0.293820830541329,0.29386717335461104,0.20988225749500064,0.410951704444367,正常
2024-06-28,13,0.3000089017543307,0.294962832435664,0.20992168015087137,0.4108914447930702,正常
2024-07-01,13,0.2999778820922856,0.295546263398395,0.20996101536399286,0.4108312522191893,正常
2024-07-02,13,0.29935140749564915,0.29629610087569785,0.20999960480874696,0.4107705953892285,正常
2024-07-03,13,0.3072587988448606,0.2972248899953458,0.21004659127380215,0.4107173688019096,正常
2024-07-04,13,0.30667420509823706,0.29819377553789816,0.21009290630894206,0.41066366039699986,正常
2024-07-05,13,0.30274144630971733,0.2989335015033287,0.2101350153127629,0.41060633857038364,正常
2024-07-08,13,0.3055453467530398,0.2995463429435245,0.21018002895834875,0.41055172227765646,正常
2024-07-09,13,0.30197890961581575,0.29998717565284,0.21022119899097608,0.4104938783563567,正常
2024-07-10,13,0.3061315812896751,0.30077784441146516,0.21026669574037465,0.41043998844432855,正常
2024-07-11,13,0.30544196047484407,0.30166763713351397,0.21031141152971303,0.41038552785019355,正常
2024-07-12,13,0.3032351599760317,0.30230286393387185,0.21035374476797292,0.4103290948900033,正常
2024-07-15,13,0.29756764601144026,0.30240570556325874,0.21038984939038252,0.41026769566597476,正常
2024-07-16,13,0.3025649035881812,0.3024188504742621,0.21043135852287703,0.41021082774230316,正常
2024-07-17,13,0.31496396418852723,0.3027677531123869,0.2104852533400004,0.41016610855967767,正常
2024-07-18,13,0.3202558980713277,0.30347726044940404,0.21054390885087124,0.4101270586107446,正常
2024-07-19,13,0.3248250265404783,0.30473409680963737,0.21060642805892832,0.4100931183825883,正常
2024-07-22,13,0.3233304716870812,0.3058752055309298,0.21066757958043375,0.41005754459205096,正常
2024-07-23,13,0.32531471266638656,0.3073224462895752,0.2107303150606818,0.4100242424790867,正常
2024-07-24,13,0.3222483516582958,0.30816187023287667,0.21079034300310923,0.40998755981274265,正常
2024-07-25,13,0.3182569786927828,0.3093836776404494,0.21084674538917197,0.4099466152405991,正常
2024-07-26,13,0.324153704601139,0.3105909177827898,0.21090821949013022,0.40991214216866195,正常
2024-07-29,13,0.3401154633819018,0.3125977968472706,0.21098182843861263,0.40989677887224324,正常
2024-07-30,13,0.34396844603434495,0.3148286487742054,0.21105789557507637,0.4098863907610075,正常
2024-07-31,13,0.3632306070984075,0.31762723918688274,0.211144511316646,0.40990302054572036,正常
2024-08-01,13,0.3382539529022679,0.3192062265770843,0.2112164663066003,0.40988527902003025,正常
2024-08-02,13,0.3377104309105686,0.32095467580712683,0.2112879241173709,0.4098668672214613,正常
2024-08-05,13,0.34107182066827324,0.3227309995028885,0.21136159707067245,0.40985269558523074,正常
2024-08-06,13,0.34869111268146546,0.325066609656171,0.21144001510096122,0.4098485153061183,正常
2024-08-07,13,0.3466651740716713,0.3270932892952708,0.21151707540862452,0.4098416028248779,正常
2024-08-08,13,0.3455457809695709,0.32909848032000716,0.21159331611093396,0.4098331956670292,正常
2024-08-09,13,0.34755844309733785,0.3313146444760725,0.21167068659463983,0.40982743876390326,正常
2024-08-12,13,0.347120609723381,0.3337922926616695,0.21174766905025139,0.4098210806714842,正常
2024-08-13,13,0.3502437267578442,0.3361762338201527,0.21182640171324585,0.4098188937929649,正常
2024-08-14,13,0.3523872718070483,0.33804739920107874,0.21190624012511816,0.4098196069780963,正常
2024-08-15,13,0.34799414488527614,0.33943431154177617,0.21198339409606276,0.4098143430774976,正常
2024-08-16,13,0.3497815371161551,0.34068213707056,0.2120614933837751,0.40981145204612834,正常
2024-08-19,13,0.3588955827552607,0.342460392623969,0.2121444114324115,0.4098212086062656,正常
2024-08-20,13,0.363004046772896,0.34434485932929443,0.2122291646823915,0.4098368824542654,正常
2024-08-21,13,0.36999786852300287,0.34673233517252977,0.21231674876210313,0.4098630203513226,正常
2024-08-22,13,0.37228903739097663,0.3494339381074395,0.21240507110263865,0.40989261545362765,正常
2024-08-23,13,0.3694482259337991,0.3516986641740725,0.21249218717595825,0.40991772148359135,正常
2024-08-26,13,0.37030451663959163,0.35320811683695696,0.21257951104782852,0.40994405061616307,正常
2024-08-27,13,0.3716098272939504,0.3545901858999373,0.21266720431905903,0.409972299797309,正常
2024-08-28,13,0.36619572885980867,0.3547384419880073,0.2127526100545637,0.40999222223224896,正常
2024-08-29,13,0.36617794671391146,0.35613464167858944,0.21283788331175685,0.41001204107586214,正常
2024-08-30,13,0.36417583079661375,0.35745791167289176,0.2129221601590477,0.41002881953240805,正常
2024-09-02,13,0.3527923384827023,0.3580439375636132,0.21300061761588657,0.4100294373839654,正常
2024-09-03,13,0.3446475321986734,0.35784175853947364,0.21307411144427657,0.4100192944249802,正常
2024-09-04,13,0.34503104727738765,0.35776005219975937,0.21314773510095253,0.41000963322168105,正常
2024-09-05,13,0.34558382076187644,0.3577619541893747,0.21322159276775665,0.41000067085373293,正常
2024-09-06,13,0.34430925854368377,0.35759949496169197,0.21329453442635882,0.40999007071416405,正常
2024-09-09,13,0.33848729880099304,0.35716782941557257,0.2133634982426194,0.40997224022405715,正常
2024-09-10,13,0.33575358436101344,0.356443322295731,0.21343042919190525,0.40995114317606096,正常
2024-09-11,13,0.3365771109692218,0.3556528142538397,0.21349784557047402,0.4099310392020269,正常
2024-09-12,13,0.3389509946770951,0.35520065674343065,0.21356681517370762,0.4099138009421757,正常
2024-09-13,13,0.3428835299925075,0.35485575638724826,0.2136383012269777,0.4099014101866941,正常
2024-09-18,13,0.34306772773314465,0.35406436363614247,0.21370979750007157,0.40988924637241797,正常
2024-09-19,13,0.3493415093847304,0.3533812367667342,0.21378504141624705,0.40988510470519796,正常
2024-09-20,13,0.34402421172914666,0.3520825539270414,0.21385692987360516,0.40987412284891545,正常
2024-09-23,13,0.35809881025275014,0.3513730425701301,0.2139366900085377,0.409881760226065,正常
2024-09-24,13,0.3608998951344109,0.35094562603016066,0.21401769189051625,0.40989328085592247,正常
2024-09-25,13,0.3378475154863556,0.3493227759724989,0.2140851396422223,0.4098746859893355,正常
2024-09-26,13,0.33681373825463057,0.34758297152053286,0.21415176320791246,0.4098548745356883,正常
2024-09-27,13,0.3232025584741596,0.3454333130012504,0.21420782864174492,0.4098198999485647,正常
2024-09-30,13,0.2986369463981531,0.34205626298546254,0.21424044244201323,0.40976211791142525,正常
2024-10-08,13,0.2552501989600616,0.33660998139363485,0.21421761172656237,0.4096782736621831,正常
2024-10-09,13,0.23519438888023292,0.3307300839135114,0.21416317005624835,0.40958857720326874,正常
2024-10-10,13,0.2215943876944122,0.3245774266882983,0.21408522753871567,0.40949713606989074,正常
2024-10-11,13,0.2243345050335558,0.31854259957610676,0.21401240777784003,0.4094060257899591,正常
2024-10-14,13,0.2217762671142004,0.31235222189372297,0.21393522469512116,0.4093147951092515,正常
2024-10-15,13,0.22211538003099884,0.3062425279680887,0.2138588674182954,0.40922368815806753,正常
2024-10-16,13,0.22197602699526275,0.3004169643778022,0.2137824754863354,0.4091326684063025,正常
2024-10-17,13,0.2234724032182932,0.2948029053206662,0.2137089649008091,0.4090418742883218,正常
2024-10-18,13,0.22198919856736732,0.28907350970057344,0.21363302171998555,0.40895105213140803,正常
2024-10-21,13,0.2206426325259202,0.2831580915930147,0.21355488044780588,0.4088602289965051,正常
2024-10-22,13,0.22046085092170453,0.27703695763947456,0.21347663165031572,0.4087694895187617,正常
2024-10-23,13,0.22184868306587224,0.27097600540611094,0.21340108238447036,0.408678946919456,正常
2024-10-24,13,0.22187809978047401,0.2646028349258981,0.21332579692435344,0.4085885039132691,正常
2024-10-25,13,0.2234963787756612,0.2585764432782239,0.21325358324979438,0.4084983020416013,正常
2024-10-28,13,0.2243185403922655,0.2518874297851996,0.2131830139756922,0.4084082824432481,正常
2024-10-29,13,0.22519830467862023,0.24510235026241006,0.2131141764781579,0.4083184594337743,正常
2024-10-30,13,0.22484913374776694,0.23945243117548065,0.21304492473820907,0.40822869786963395,正常
2024-10-31,13,0.2260197109662061,0.23391272981105943,0.21297789520320654,0.40813917402750843,正常
2024-11-01,13,0.22655952149465408,0.2290805779620842,0.2129119833172175,0.40804981971549237,正常
2024-11-04,13,0.22904815318574356,0.2256011383014637,0.2128505015386151,0.4079609178406681,正常
2024-11-05,13,0.22981003075288353,0.22432912989110482,0.2127904792707851,0.40787223959385466,正常
2024-11-06,13,0.22875203532323618,0.22400701221325497,0.21272884081224958,0.40778350141808767,正常
2024-11-07,13,0.22828057413745817,0.22434132153540726,0.21266657756295615,0.4076947967171459,正常
2024-11-08,13,0.22974238830298244,0.22461171569887858,0.2126069533468702,0.4076064203833937,正常
2024-11-11,13,0.23090578329138645,0.22506819150773788,0.21254944131372622,0.4075183425202623,正常
2024-11-12,13,0.23210947499684353,0.22556789625603008,0.2124940873602343,0.4074305845969495,正常
2024-11-13,13,0.23313204614076988,0.22612569721330544,0.2124405727609365,0.40734312618737056,正常
2024-11-14,13,0.23313615051196535,0.22660888457798906,0.21238721680719316,0.40725577508527133,正常
2024-11-15,13,0.23210952645563876,0.22711490097240264,0.21233232707944083,0.407168335198572,正常
2024-11-18,13,0.23232502823963874,0.2276990207580886,0.21227794648699733,0.4070810409458199,正常
2024-11-19,13,0.23226233321950274,0.22828909487297847,0.2122236166418697,0.4069938403330007,正常
2024-11-20,13,0.23040580678102918,0.22871695105873635,0.21216638167804214,0.4069064124261317,正常
2024-11-21,13,0.23093014724430083,0.22916955343192766,0.212110173090577,0.4068191789519038,正常
2024-11-22,13,0.17371183174018878,0.22668032608015407,0.21194456744371623,0.4067372862500297,行业趋同(风险预警)
2024-11-25,13,0.17151816808908316,0.22404030746499495,0.2117746370598496,0.40665617335747045,行业趋同(风险预警)
2024-11-26,13,0.1739900459000191,0.2214798945260649,0.21161059523792902,0.40657412717336994,行业趋同(风险预警)
2024-11-27,13,0.17405019473170602,0.21893994757526186,0.21144715430751687,0.40649203689201124,行业趋同(风险预警)
2024-11-28,13,0.17242469829090168,0.21626019694149662,0.2112806511063099,0.40641050213262087,行业趋同(风险预警)
2024-11-29,13,0.1731895462832298,0.21359169818092538,0.2111162872783251,0.40632866626852526,行业趋同(风险预警)
2024-12-02,13,0.17394162513078015,0.21083637177817724,0.2109540194673013,0.4062465445026813,行业趋同(风险预警)
2024-12-03,13,0.17104198665525894,0.207897969573296,0.21078592869360313,0.4061654354659995,行业趋同(风险预警)
2024-12-04,13,0.17057641606414276,0.2049891886103413,0.21061730527873246,0.4060844674491676,行业趋同(风险预警)
2024-12-05,13,0.16824490754889176,0.20198740528091302,0.210444061913797,0.40600435461371415,行业趋同(风险预警)
2024-12-06,13,0.1685672684870645,0.1989286492901171,0.21027202487143973,0.4059240755950476,行业趋同(风险预警)
2024-12-09,13,0.1689645632748551,0.19583158828929054,0.21010135125178908,0.40584360573643397,行业趋同(风险预警)
2024-12-10,13,0.1740605038835873,0.19292913973362774,0.20994216615539246,0.40576129042776204,行业趋同(风险预警)
2024-12-11,13,0.17619645171576137,0.19008236001237727,0.2097879633623157,0.4056782765062878,行业趋同(风险预警)
2024-12-12,13,0.17593083731503434,0.18722209435253076,0.2096336340802225,0.4055953379528827,行业趋同(风险预警)
2024-12-13,13,0.1761737918878037,0.18442530762413897,0.2094802504657685,0.4055123174412059,行业趋同(风险预警)
2024-12-16,13,0.17528304059658784,0.18157320824198647,0.20932542152735434,0.4054295664274963,行业趋同(风险预警)
2024-12-17,13,0.1794368746693189,0.17893193531447726,0.20917969884885942,0.4053455932005906,行业趋同(风险预警)
2024-12-18,13,0.17997981263240648,0.17641063560704612,0.2090355014873984,0.4052614805469981,行业趋同(风险预警)
2024-12-19,13,0.17623529340903876,0.17367589291528301,0.2088839374534262,0.4051784331157228,行业趋同(风险预警)
2024-12-20,13,0.17747569155224652,0.17386408590588592,0.20873537950444504,0.40509502061934616,行业趋同(风险预警)
2024-12-23,13,0.17744557987136178,0.17416045649499984,0.20858717243273955,0.40501161835260696,行业趋同(风险预警)
2024-12-24,13,0.17979089331357578,0.17445049886567768,0.20844420771954175,0.4049275794874686,行业趋同(风险预警)
2024-12-25,13,0.17796796599771825,0.17464638742897828,0.20829789362953954,0.4048440401353177,行业趋同(风险预警)
2024-12-26,13,0.17734242381779353,0.1748922737053229,0.20815069494062927,0.4047606794253615,行业趋同(风险预警)
2024-12-27,13,0.17765296370153094,0.17511544457623793,0.2080045436552696,0.4046772358382052,行业趋同(风险预警)
2024-12-30,13,0.17898203541064506,0.17536746509023118,0.20786152022368765,0.4045934402950122,行业趋同(风险预警)
2024-12-31,13,0.2023383080763984,0.17693228116128815,0.20776407938039715,0.40450602496004134,行业趋同(风险预警)
2025-01-02,13,0.25465029369913816,0.1811359750430379,0.2077501037242974,0.4044284721566369,正常
2025-01-03,13,0.30667711568272926,0.18805758544972978,0.20779434023374588,0.40438527974619776,正常
2025-01-06,13,0.3021882358591099,0.19473863381833206,0.2078344673586488,0.40433822879852493,正常
2025-01-07,13,0.31361815823982675,0.20197131356658066,0.20788448813642824,0.404301562294081,正常
2025-01-08,13,0.3213625409315026,0.20933641541897643,0.20794050287295435,0.404272597186813,正常
2025-01-09,13,0.3235724993607516,0.21670521780122592,0.20799806823612493,0.40424594500829886,正常
2025-01-10,13,0.32187863791222315,0.22400260783108536,0.20805430806196623,0.40421756836776257,正常
2025-01-13,13,0.3178671178150916,0.23108727412744975,0.20810742143672806,0.40418518145872556,正常
2025-01-14,13,0.3238026957782779,0.2385132568865343,0.20816491425669337,0.40415885614861125,正常
2025-01-15,13,0.3214797073895054,0.2456153985225436,0.20822062210529957,0.40413016385941747,正常
2025-01-16,13,0.3182326843150515,0.25252804210667584,0.20827379063849868,0.4040982416545579,正常
2025-01-17,13,0.3190324875583893,0.25966790181414334,0.20832749961085884,0.40406714970933133,正常
2025-01-20,13,0.31971592632326085,0.2667799135526941,0.20838165380206286,0.4040367749405779,正常
2025-01-21,13,0.3181866465496599,0.273816966886609,0.20843456369506047,0.4040049150162593,正常
2025-01-22,13,0.319818031859186,0.2808183238138895,0.20848864506307357,0.40397471124702317,正常
2025-01-23,13,0.31685484853396817,0.287762667940702,0.20854037383084928,0.40394161962026304,正常
2025-01-24,13,0.3126445284633018,0.2945277731729774,0.20858866259329872,0.40390455527803754,正常
2025-01-27,13,0.31149766416489244,0.3012200081961455,0.20863594131483154,0.4038664728003387,正常
2025-02-05,13,0.3152915185388847,0.30803548235255745,0.2086862322860305,0.4038320003969112,正常
2025-02-06,13,0.30338880167120974,0.31308800703229805,0.20872637849073372,0.40378683615956756,正常
2025-02-07,13,0.3057816242764746,0.3156445735611649,0.2087685988154434,0.40374378617014417,正常
2025-02-10,13,0.3044031678821799,0.3155308761711374,0.20880954679212327,0.4036996042936202,正常
2025-02-11,13,0.2974187390417373,0.31529240133026876,0.20884401851539938,0.40364972570634905,正常
2025-02-12,13,0.2938455787122263,0.31430377235388873,0.20887499710126667,0.40359714207971764,正常
2025-02-13,13,0.3018017702840867,0.31332573382151796,0.2089134637964856,0.40355095684784703,正常
2025-02-14,13,0.30023142401979097,0.3121586800544699,0.20895044331764134,0.40350354117660014,正常
2025-02-17,13,0.3004847689895147,0.3110889866083345,0.20898761045726377,0.40345639623809393,正常
2025-02-18,13,0.300763943873384,0.3102338279112491,0.2090249877962036,0.4034095431014557,正常
2025-02-19,13,0.30023554188018575,0.3090554702163445,0.20906183342155898,0.4033623215462328,正常
2025-02-20,13,0.3010532349206252,0.3080341465929005,0.20909938274898587,0.40331583141713645,正常
2025-02-21,13,0.30508885876384306,0.3073769553153401,0.20914049229328335,0.4032727846463122,正常
2025-02-24,13,0.3065137147366448,0.30675101667425286,0.20918278658570122,0.4032310216277124,正常
2025-02-25,13,0.3067663383520275,0.3061035372756912,0.20922524324076536,0.40318953201542324,正常
2025-02-26,13,0.3184752300345719,0.3061179664499368,0.20927708699580566,0.4031588762438137,正常
2025-02-27,13,0.31671706340814754,0.30596291802738484,0.20932752105425045,0.40312655966904176,正常
2025-02-28,13,0.31675226925221933,0.30595778906329746,0.2093779136277492,0.40309431404190604,正常
2025-03-03,13,0.2932754926927955,0.3049893372747721,0.2094077613248047,0.403042139693443,正常
2025-03-04,13,0.296747856600725,0.3042518468965637,0.2094409107181318,0.40299267860664195,正常
2025-03-05,13,0.2978188798557653,0.30337821496240774,0.20947502728226175,0.40294412022857107,正常
2025-03-06,13,0.30301576761701454,0.303359563259698,0.20951383546065658,0.4028998244107632,正常
2025-03-07,13,0.3011515638520115,0.30312806023847483,0.2095509264113556,0.4028540548916801,正常
2025-03-10,13,0.2986636011746905,0.30284108190310033,0.2095856988062894,0.40280635129695763,正常
2025-03-11,13,0.298851823392857,0.3029127361206564,0.20962060325509982,0.4027588603842933,正常
2025-03-12,13,0.29887947184677477,0.30316443077738375,0.20965549129066796,0.40271145478027837,正常
2025-03-13,13,0.29758747001447006,0.30295371576390295,0.20968914120074736,0.4026630982782041,正常
2025-03-14,13,0.2945765223889013,0.30267097068235843,0.20971990867718102,0.40261250243023095,正常
2025-03-17,13,0.29082350158537185,0.3021879073121513,0.20974698903761102,0.40255921762237434,正常
2025-03-18,13,0.289184433465276,0.30160893179174597,0.2097724087298577,0.40250484115561447,正常
2025-03-19,13,0.2928993493910663,0.30124212216728996,0.20980146705197195,0.40245320947365076,正常
2025-03-20,13,0.2884148327024795,0.30061020205638267,0.20982606039735938,0.4023984415020958,正常
2025-03-21,13,0.28064057932690534,0.2993877880845358,0.20984253031787412,0.40233861554477635,正常
2025-03-24,13,0.27198679358406586,0.2976614420269068,0.2098493560034182,0.402273790234492,正常
2025-03-25,13,0.2715410509930667,0.29590017765895876,0.20985567831558938,0.4022088094310279,正常
2025-03-26,13,0.27412283151302685,0.29368255773288154,0.20986496047482245,0.40214535169902693,正常
2025-03-27,13,0.2716565971312678,0.2914295344190375,0.20987143559520954,0.4020806093030577,正常
2025-03-28,13,0.27266391263445766,0.2892251165881494,0.20987907581508436,0.4020165078801071,正常
2025-03-31,13,0.2716632214737672,0.288144503027198,0.20988557928182594,0.4019519441756453,正常
2025-04-01,13,0.27182175873018677,0.2868981981336712,0.20989227545361164,0.4018875542593612,正常
2025-04-02,13,0.2758446535154402,0.2857994868166549,0.20990351862204087,0.40182551605907896,正常
2025-04-03,13,0.27623561890307335,0.28446047938095786,0.20991519629354433,0.4017637895726473,正常
2025-04-07,13,0.2810494324458551,0.28345537281065003,0.20993208923514145,0.40170505686651475,正常
2025-04-08,13,0.24989062514311478,0.2810167240090712,0.20991164197353185,0.40163119055661045,正常
2025-04-09,13,0.25884321344344763,0.27901629351160073,0.20990284760537598,0.40156091465884963,正常
2025-04-10,13,0.2557838344967326,0.27686151164409867,0.20989021732643104,0.40148945731719626,正常
2025-04-11,13,0.2503703092012436,0.27450065360343734,0.20987058145359516,0.4014160409980716,正常
2025-04-14,13,0.2526442109115794,0.27240403802957125,0.20985399991251613,0.40134354842097536,正常
2025-04-15,13,0.2501416331688845,0.27036994460874686,0.20983418381237384,0.40127023750013047,正常
2025-04-16,13,0.2511606869727192,0.268468757284119,0.20981577640139384,0.4011973839653328,正常
2025-04-17,13,0.25023197952262755,0.26633538879069707,0.20979620478523475,0.40112429070192646,正常
2025-04-18,13,0.253877199409969,0.26460850712607153,0.2097814535791846,0.40105263814192377,正常
2025-04-21,13,0.25410350496599454,0.263281653408026,0.20976704619763606,0.40098116512030146,正常
2025-04-22,13,0.25122231204121526,0.2622434293308835,0.20974895304211238,0.40090870343699947,正常
2025-04-23,13,0.25075616793427413,0.26120418517794386,0.20973030832376616,0.40083616576552905,正常
2025-04-24,13,0.25136401352070714,0.2600662442783278,0.20971251938791696,0.4007639393031746,正常
2025-04-25,13,0.24767959872941958,0.25886739435823547,0.20968992329527364,0.4006905243355741,正常
2025-04-28,13,0.24652228899247686,0.2575603131761364,0.20966584446753272,0.40061682327194353,正常
2025-04-29,13,0.2473400281385736,0.2563441535093768,0.20964293325186634,0.40054347919080524,正常
2025-04-30,13,0.24710825041030582,0.25510847809338266,0.20961978123931713,0.40047015041165557,正常
2025-05-06,13,0.2451838629290617,0.2535754385640637,0.2095941113551614,0.4003963005902479,正常
2025-05-07,13,0.23716949287261768,0.25162213226254104,0.2095574057595339,0.4003203388883669,正常
2025-05-08,13,0.2372812318496661,0.24943372223273155,0.2095209568857792,0.4002444929231601,正常
2025-05-09,13,0.2375589937115884,0.24881714066115523,0.20948499878659899,0.4001688030435794,正常
2025-05-12,13,0.2384407976126237,0.24779701986961405,0.209450379768248,0.40009342023375727,正常
2025-05-13,13,0.2363613332317398,0.24682589480636435,0.20941291576341575,0.40001762171082583,正常
2025-05-14,13,0.2362516310172571,0.24611996089716506,0.20937539527309124,0.3999418855630694,正常
2025-05-15,13,0.23498083619571242,0.2452367921613717,0.2093361628015774,0.3998659481102489,正常
2025-05-16,13,0.23190590849706672,0.24432500592778084,0.20929259725571642,0.399789455609935,正常
2025-05-19,13,0.23315769494117367,0.24342485632620353,0.20925095799145188,0.39971330059781074,正常
2025-05-20,13,0.23801974380646207,0.24281424454039527,0.20921633543252016,0.39963833966871576,正常
2025-05-21,13,0.23842986110353004,0.24204187762507332,0.20918237840392406,0.3995635693885028,正常
2025-05-22,13,0.2372961773636587,0.2412015112449565,0.20914692746008848,0.3994886058524494,正常
2025-05-23,13,0.2319130663388308,0.24023604895983727,0.20910390062099501,0.39941254601338916,正常
2025-05-26,13,0.23167993846262502,0.23928223748625488,0.20906064707367444,0.3993365254689192,正常
2025-05-27,13,0.23254961636668148,0.23834151762855357,0.20901875978485912,0.3992607625608468,正常
2025-05-28,13,0.23299128327656837,0.23760710185591102,0.20897761474797227,0.39918517506632056,正常
2025-05-29,13,0.23238604995056844,0.23690028990381556,0.2089357074500574,0.3991095490118476,正常
2025-05-30,13,0.2409022785256526,0.2365784024231695,0.20890582615908226,0.3990360390666142,正常
2025-06-03,13,0.23957461445837347,0.23620172062557293,0.208874211800687,0.3989622584689465,正常
2025-06-04,13,0.23850294479652,0.23586767471894582,0.2088412084039164,0.39888828673842636,正常
2025-06-05,13,0.23742191339583552,0.23588029574510672,0.2088067975232349,0.39881413089659906,正常
2025-06-06,13,0.2401252623928335,0.2360224972722651,0.2087761957853182,0.3987407567948144,正常
2025-06-09,13,0.2398615310318416,0.2361376241382777,0.20874531759752107,0.39866739853031435,正常
2025-06-10,13,0.23839845061414877,0.236135506788354,0.20871251956358916,0.3985937452073599,正常
2025-06-11,13,0.23767323349344582,0.2362011018014393,0.20867881028240098,0.3985199953698314,正常
2025-06-12,13,0.23726406885819484,0.23625172369348618,0.2086446254939367,0.3984462300623349,正常
2025-06-13,13,0.23954656149693399,0.2364800099585473,0.2086136607425104,0.39837313161655596,正常
2025-06-16,13,0.23996261001339736,0.23688284503436377,0.208583344506731,0.398300229678223,正常
2025-06-17,13,0.2394588768788356,0.23719790413124692,0.20855242662644707,0.3982272791977706,正常
2025-06-18,13,0.23851178930014605,0.2372225064059311,0.20852030205416738,0.3981541676571354,正常
2025-06-19,13,0.23933582036566825,0.23726780436903802,0.2084893846187701,0.39808135508525566,正常
2025-06-20,13,0.2426979305573156,0.23753789202872086,0.20846306117872918,0.3980095612146979,正常
2025-06-23,13,0.24782681313615607,0.23833357936858715,0.20844349967856468,0.3979394633328873,正常
2025-06-24,13,0.24522191328172016,0.23901067810954188,0.2084206320768525,0.3978686048744152,正常
2025-06-25,13,0.2425765383648104,0.23951202420944834,0.20839435698646375,0.3977970316932194,正常
2025-06-26,13,0.24502112865797532,0.24011351647851864,0.208371363671428,0.39772628075372435,正常
2025-06-27,13,0.24452392415452462,0.2407204101887165,0.20834778875324322,0.3976554606750412,正常
2025-06-30,13,0.24604847555593923,0.24097772004023083,0.20832625893138873,0.39758520459978336,正常
2025-07-01,13,0.2434072788769538,0.2411693532611598,0.20830135680864073,0.3975142154940473,正常
2025-07-02,13,0.23999233553836496,0.24124382279825207,0.20827199937389057,0.3974423413107557,正常
2025-07-03,13,0.2379705167166173,0.24127125296429117,0.20823999785327751,0.39737002345254924,正常
2025-07-04,13,0.23792289339217498,0.24116113451425822,0.20820801623967414,0.3972977767653322,正常
2025-07-07,13,0.334584307218327,0.24589727332358252,0.20826723837996092,0.39728964838221364,正常
2025-07-08,13,0.3106775090960835,0.24951122624767924,0.20831124147575988,0.397258314196944,正常
2025-07-09,13,0.31211348300742736,0.25323323872337833,0.20835623512474402,0.3972282703959904,正常
2025-07-10,13,0.320049024338109,0.257372486497374,0.20840663124588815,0.3972055072157234,正常
2025-07-11,13,0.31448737938230786,0.26111952739164274,0.20845319544431287,0.39717763311354104,正常
2025-07-14,13,0.3166275276557161,0.2649527732737587,0.20850118037826681,0.3971517298956171,正常
2025-07-15,13,0.3204704762712758,0.26900335324338065,0.20855166196334887,0.3971294336478104,正常
2025-07-16,13,0.3457556981229697,0.27436554868452184,0.2086157775731253,0.39713381787892355,正常
2025-07-17,13,0.3473593071195219,0.2797667230222145,0.2086804987333578,0.3971400448995419,正常
2025-07-18,13,0.34153785422296756,0.2847087192054971,0.20874254594835218,0.39713955558479697,正常
2025-07-21,13,0.3456448096129874,0.28959961902933873,0.20880637306149374,0.39714372808765297,正常
2025-07-22,13,0.3509275538840567,0.29488490105945553,0.20887230011869007,0.397154097773988,正常
2025-07-23,13,0.35218433831596174,0.3003652910570131,0.20893862968878096,0.3971659417164085,正常
2025-07-24,13,0.35668643970648506,0.30594855660943854,0.20900650097915519,0.3971832716238165,正常
2025-07-25,13,0.35559483218841503,0.3115021020111331,0.20907391275783604,0.3971991930925751,正常
2025-07-28,13,0.35843889230134496,0.3171216228484034,0.20914220618354243,0.3972186115453401,正常
2025-07-29,13,0.36480883432002464,0.32319170062055697,0.20921232789517596,0.3972461577028912,正常
2025-07-30,13,0.3658743717307379,0.32948580243017556,0.20928265484992015,0.39727503126902064,正常
2025-07-31,13,0.38558151797416207,0.3368663524930528,0.20935647332193477,0.39733143854845343,正常
2025-08-01,13,0.3804886911792875,0.3439946423824084,0.20942960891693985,0.3973802709143085,正常
2025-08-04,13,0.3828513299956796,0.3464079935212761,0.20950298183984872,0.3974324057166446,正常
2025-08-05,13,0.3909822057351764,0.3504232283532307,0.2095769996780325,0.39749653233301,正常
2025-08-06,13,0.398688627225275,0.35475198556412313,0.20965112372329744,0.3975724900877763,行业分化(正常)
2025-08-07,13,0.40127279940010196,0.35881317431722276,0.20972513864107245,0.3976523932038777,行业分化(正常)
2025-08-08,13,0.39855270347236427,0.3630164405217256,0.20979915150720654,0.39772777236538126,行业分化(正常)
2025-08-11,13,0.41235385689253334,0.3678027569835664,0.20987221525437572,0.397825582567789,行业分化(正常)
2025-08-12,13,0.4018592767387187,0.3718721970069386,0.2099460573575911,0.39790584483222713,行业分化(正常)
2025-08-13,13,0.39045336243381634,0.3741070802224809,0.210019679954434,0.3979681647512349,正常
2025-08-14,13,0.38979844841156186,0.3762290372870829,0.21009319352618883,0.39802935216230384,正常
2025-08-15,13,0.3859465709956148,0.37844947312571525,0.21016631405164407,0.39808467916336054,正常
2025-08-18,13,0.3867573608991899,0.3805051006900254,0.21023944392512467,0.39814106631855034,正常
2025-08-19,13,0.3771222360541435,0.38181483479852973,0.21031120422299165,0.39818352995323203,正常
2025-08-20,13,0.37336696533615765,0.38287396614953956,0.21038217198096856,0.3982207305806197,正常
2025-08-21,13,0.37665176956158297,0.3838722326422944,0.2104536972707005,0.3982623410505137,正常
2025-08-22,13,0.3830410590475132,0.3852445439852493,0.21052612556337352,0.39831285500766395,正常
2025-08-25,13,0.3929052959792483,0.38696786416914447,0.2105993296543271,0.3983778020575282,正常
2025-08-26,13,0.3883585011858979,0.3881453475124382,0.2106721780627278,0.3984357959819354,正常
2025-08-27,13,0.38619740571291794,0.3891614992115472,0.21074475894790434,0.39849048465044656,正常
2025-08-28,13,0.3929258070662015,0.3895287136661491,0.2108177687881595,0.39855502650063845,正常
2025-08-29,13,0.396548482886274,0.39033170325149846,0.21089083007452614,0.3986249412224304,正常
2025-09-01,13,0.4023710051341076,0.39130768700841984,0.21096379188613446,0.3987037883058231,行业分化(正常)
2025-09-02,13,0.40908090026397637,0.3922126217348599,0.21103631201445644,0.39879326834870227,行业分化(正常)
2025-09-03,13,0.3943703715751692,0.39199670895235456,0.21110914651791907,0.3988593400275278,正常
2025-09-04,13,0.3993395859735265,0.3919000482810258,0.21118200168576134,0.39893288570173485,行业分化(正常)
2025-09-05,13,0.3812364873350278,0.391034237474159,0.21125350940166598,0.3989794850302354,正常
2025-09-08,13,0.3716831710381494,0.38900070318143976,0.21132317059326355,0.3990129480428549,正常
2025-09-09,13,0.3812750518960598,0.3879714919393068,0.21139453743349895,0.3990593938846289,正常
2025-09-10,13,0.36955379656865606,0.3869265136460488,0.21146354925202304,0.39908988219125496,正常
2025-09-11,13,0.3719480107859192,0.3860339917647667,0.2115330433402735,0.399123434926906,正常
2025-09-12,13,0.363102818070273,0.3848918041184996,0.21160016175705065,0.39914554365906585,正常
2025-09-15,13,0.3658299536185915,0.38384543375446967,0.21166798105276408,0.3991710223585847,正常
2025-09-16,13,0.366273224897544,0.3833029831966397,0.2117358443818473,0.399196996690553,正常
2025-09-17,13,0.3721557315999261,0.3832424215098281,0.21180508029568407,0.3992305178045494,正常
2025-09-18,13,0.37127940398942194,0.3829738032312201,0.21187404314811664,0.3992628045363189,正常
2025-09-19,13,0.3736677928732465,0.3825051399225067,0.2119434558335181,0.39929816011096514,正常
2025-09-22,13,0.3722303102943729,0.38147139063826296,0.21201248349958107,0.39933152983509773,正常
2025-09-23,13,0.37739273443001553,0.38092310230046883,0.21208247396980323,0.39937170945360473,正常
2025-09-24,13,0.37446672065336206,0.38033656804749105,0.2121518298631869,0.39940786335138245,正常
2025-09-25,13,0.38563718942237935,0.37997213716529993,0.2122228819564136,0.3994592918452955,正常
2025-09-26,13,0.3893387855467527,0.3796116522983239,0.212294228658038,0.3995159109653505,正常
2025-09-29,13,0.37016485347583505,0.37800134471541025,0.21236241227654123,0.39954613436624103,正常
2025-09-30,13,0.36564498754303565,0.37582954907936317,0.21242935256728696,0.3995705341125599,正常
2025-10-09,13,0.37096338111796323,0.3746591995565029,0.21249757564770935,0.3996016435058042,正常
2025-10-10,13,0.3699600031311987,0.37319022041438654,0.2125654858219493,0.39963138099169326,正常
2025-10-13,13,0.35935753318369523,0.3720962727068199,0.21263029659358096,0.3996478818227744,正常
2025-10-14,13,0.3608850780003774,0.3715563680549313,0.2126955246991495,0.39966617162535556,正常
2025-10-15,13,0.345122575261094,0.36974874422318305,0.2127546828282541,0.39966637588512127,正常
2025-10-16,13,0.3370799443555621,0.36812505161252834,0.212809931715976,0.39965814819313256,正常
2025-10-17,13,0.33681232695191077,0.3663682674208279,0.21286497645447852,0.3996496457483856,正常
2025-10-20,13,0.32948929363091417,0.36468759119885996,0.21291598935052986,0.39963396666606726,正常
2025-10-21,13,0.3285893651488143,0.3628255617753711,0.21296642287561612,0.39961744558344375,正常
2025-10-22,13,0.3246884183985398,0.36074632145042085,0.21301447885389524,0.39959732655910396,正常
2025-10-23,13,0.32245677658846217,0.3582613736998477,0.21306109668629775,0.3995752168813023,正常
2025-10-24,13,0.3230847957211431,0.3558516432864337,0.21310805014065337,0.3995536866853808,正常
2025-10-27,13,0.31791288627402403,0.35306389795647264,0.2131516242796258,0.3995276610583191,正常
2025-10-28,13,0.3131986178004056,0.3501123133317742,0.21319193056227292,0.3994977392951745,正常
2025-10-29,13,0.31102231695032345,0.34679379245778963,0.213230645038685,0.39946610119095843,正常
2025-10-30,13,0.3094584293569361,0.34354337789296835,0.21326818169559392,0.3994332660552017,正常
2025-10-31,13,0.3091835372273647,0.3397206952832176,0.21330547395039914,0.3994002529746441,正常
2025-11-03,13,0.3216650696813158,0.33633700948994577,0.21335122447827531,0.39937761521087173,正常
2025-11-04,13,0.32196489229000036,0.33392701143065406,0.2133971084801386,0.3993552613333605,正常
2025-11-05,13,0.3181889659207392,0.3315542103495392,0.21344051125313301,0.3993296622996487,正常
2025-11-06,13,0.3203488484911384,0.32902348371819795,0.21348526313843857,0.3993059401759618,正常
2025-11-07,13,0.3189741557023549,0.32647419134675576,0.21352907478314204,0.39928105788271834,正常
2025-11-10,13,0.32061797389538893,0.3245372133823405,0.21357389183451925,0.39925761362466805,正常
2025-11-11,13,0.3243328839191807,0.32270960367828067,0.2136209633513289,0.3992374649195633,正常
2025-11-12,13,0.3269548904019798,0.3218012194353249,0.21366953903268107,0.39921970857194466,正常
2025-11-13,13,0.3253468695133739,0.3212145656932155,0.21371710619269896,0.3992005018706081,正常
2025-11-14,13,0.3269514070101489,0.32072151969612744,0.21376556350122117,0.3991827681047822,正常
2025-11-17,13,0.3274629984791111,0.32062020493853727,0.21381425999537462,0.3991655155547129,正常
2025-11-18,13,0.32976971851659875,0.3206792226069265,0.2138642121435788,0.39915041345252894,正常
2025-11-19,13,0.33863543493619663,0.3213765734338093,0.2139187522576451,0.3991439333566199,正常
2025-11-20,13,0.3386748561584687,0.32218747741230963,0.2139732463123659,0.39913748640705804,正常
2025-11-21,13,0.3368665960403078,0.3228765674282679,0.21402678019388754,0.3991292269537374,正常
2025-11-24,13,0.3269202846699244,0.3233269373480629,0.2140748583453706,0.39911151041583065,正常
2025-11-25,13,0.32569716543802396,0.32395186472994386,0.2141221612595881,0.3990926996433842,正常
2025-11-26,13,0.3297703676115987,0.3248892672630076,0.21417174923190968,0.3990776316966365,正常
2025-11-27,13,0.3332002287528979,0.3260763572328057,0.2142231447272515,0.39906581257998214,正常
2025-11-28,13,0.32606071179381624,0.32692021596112825,0.21427048822318878,0.3990473622881225,正常
2025-12-01,13,0.327249048630599,0.3271994149085924,0.21431846746181168,0.3990300003333286,正常
2025-12-02,13,0.3226790125495794,0.32723512092157137,0.21436366679819135,0.3990085822430885,正常
2025-12-03,13,0.31984809715332285,0.3273180774832005,0.21440704283006545,0.39898474885803364,正常
2025-12-04,13,0.32305056085827066,0.3274531631015572,0.21445236350791977,0.3989636932618028,正常
2025-12-05,13,0.31921874793781435,0.32746539271333014,0.21449523433030615,0.398939370578116,正常
2025-12-08,13,0.32537569545394796,0.32770327879125805,0.21454184469510962,0.39892040227701586,正常
2025-12-09,13,0.333817042382907,0.32817748671444436,0.2145930977013935,0.3989092468560716,正常
2025-12-10,13,0.32862645528083145,0.32826106495838697,0.21464147033069278,0.39889323411287003,正常
2025-12-11,13,0.3360891608256984,0.32879817952400325,0.21469376851078648,0.3988842793305649,正常
2025-12-12,13,0.32978270399454634,0.32893974437322304,0.21474266982752693,0.39886934209074293,正常
2025-12-15,13,0.34039348309411643,0.32958626860397333,0.2147969374850746,0.3988646500452026,正常
2025-12-16,13,0.3342253441008666,0.32980904988318677,0.2148480992890389,0.39885389318273645,正常
2025-12-17,13,0.3306454668042884,0.32940955147659134,0.21489729625702325,0.3988397654418242,正常
2025-12-18,13,0.3219121071671387,0.32857141402702483,0.21494136163933603,0.3988178555474609,正常
2025-12-19,13,0.3216309385131292,0.32780963115066586,0.21498520191394577,0.39879572436765576,正常
2025-12-22,13,0.3183249922778809,0.3273798665310637,0.21502690621856013,0.3987708355470665,正常
2025-12-23,13,0.31451818612997584,0.3268209175656613,0.21506605497775388,0.39874288343041087,正常
2025-12-24,13,0.31107172453778587,0.32588598541197067,0.21510279070799376,0.3987122670178417,正常
2025-12-25,13,0.30800947089625563,0.3246264475191386,0.21513730269062467,0.3986793719714298,正常
2025-12-26,13,0.29976703662488435,0.32331176376069193,0.21516553461881682,0.3986406689278328,正常
2025-12-29,13,0.29583795875085195,0.32174120926670463,0.2151905735329877,0.39859941734989274,正常
2025-12-30,13,0.308977164547785,0.3210561168666149,0.21522567802184672,0.398567361424879,正常
2025-12-31,13,0.31435434805322815,0.32078142941161014,0.21526447226259762,0.39853947841796844,正常
2026-01-05,13,0.3123797652943284,0.320247889633413,0.21530188064409012,0.3985100785013211,正常
2026-01-06,13,0.29938751571603606,0.3192563280223241,0.21532965039741853,0.39847132487091935,正常
2026-01-07,13,0.3083608967268324,0.31840558808596836,0.21536415842117948,0.3984389488312352,正常
2026-01-08,13,0.3031992969787378,0.3168747008157599,0.21539481729289472,0.3984028891474887,正常
2026-01-09,13,0.32320728129987886,0.3166037421167123,0.21543902163092787,0.3983824580282306,正常
2026-01-12,13,0.32977185005268494,0.31628787657806157,0.21548693193802382,0.39836784868285813,正常
2026-01-13,13,0.3460399825877515,0.31710074050772186,0.2155426136757512,0.39836909939386034,正常
2026-01-14,13,0.3650967544361533,0.3183359040748237,0.21560471860211977,0.3983915630462574,正常
2026-01-15,13,0.363367139349971,0.3197929938372789,0.21566628742470842,0.3984119259075726,正常
2026-01-16,13,0.37215660164548314,0.32186855057933866,0.2157299300515087,0.3984428620679608,正常
2026-01-19,13,0.37908798877705563,0.3247273446598345,0.2157947635499411,0.3984825301554752,正常
2026-01-20,13,0.38175436313159616,0.32773351589075783,0.21585991670439453,0.3985255941384821,正常
2026-01-21,13,0.3858067554542164,0.3311076040495746,0.21592548258282968,0.3985739615934278,正常
2026-01-22,13,0.41074003987600516,0.3359186967368761,0.2159910492872124,0.3986582722500703,行业分化(正常)
2026-01-23,13,0.41199516384608814,0.3409648687022912,0.216056457199111,0.39874434118777713,行业分化(正常)
2026-01-26,13,0.4146405127181856,0.3462964207933877,0.21612152950389257,0.39883435219973423,行业分化(正常)
2026-01-27,13,0.4252681845987012,0.35257147819207857,0.2161848017277564,0.39894129709111154,行业分化(正常)
2026-01-28,13,0.41650068553122743,0.3586046145310973,0.2162495855532917,0.3990338239314561,行业分化(正常)
2026-01-29,13,0.41874376495873467,0.3640929445516448,0.21631401674494583,0.39912971317301466,行业分化(正常)
2026-01-30,13,0.4312279423939873,0.36993662426868273,0.21637588460153107,0.3992459362716349,行业分化(正常)
2026-02-02,13,0.4329293712130976,0.37596410456462126,0.21643731830525953,0.39936478853444307,行业分化(正常)
2026-02-03,13,0.42265915611221494,0.3821276865844302,0.21650105699231115,0.3994662882961926,行业分化(正常)
2026-02-04,13,0.4143132161254348,0.38742530255436025,0.21656602949897244,0.39955430793842517,行业分化(正常)
2026-02-05,13,0.4140167210110395,0.39296617375597537,0.21663100791144618,0.39964167539553064,行业分化(正常)
2026-02-06,13,0.4136986431646227,0.3974907418492125,0.21669599312093885,0.3997283601594735,行业分化(正常)
2026-02-09,13,0.4164107291863929,0.40182268580589797,0.2167606233050487,0.3998190760666001,行业分化(正常)
2026-02-10,13,0.409388280757789,0.40499010071439984,0.21682594773359473,0.39989879960228925,行业分化(正常)
2026-02-11,13,0.4106728443969052,0.40726890521243736,0.2168911346153904,0.39998029439895816,行业分化(正常)
2026-02-12,13,0.40962662524272786,0.40958187950707525,0.21695637069043233,0.4000600309753997,行业分化(正常)
2026-02-13,13,0.4088405474383896,0.41141607679672054,0.21702162759121857,0.4001384137977423,行业分化(正常)
2026-02-24,13,0.40639996213392604,0.4127816754645641,0.2170869904064553,0.40021299367412144,行业分化(正常)
2026-02-25,13,0.40849043615383096,0.4141184791156759,0.21715219547605713,0.4002905197612222,行业分化(正常)
2026-02-26,13,0.4270931918376514,0.41618280093484755,0.21721482614438287,0.40039699171320936,行业分化(正常)
2026-02-27,13,0.43174698123848343,0.4172331480029715,0.2172763991388463,0.40051092346151496,行业分化(正常)
2026-03-02,13,0.4373708540083445,0.41850193251108436,0.21733648668309508,0.4006341129396744,行业分化(正常)
2026-03-03,13,0.42911417296368404,0.41922561552335924,0.21739868239227053,0.40074316295131474,行业分化(正常)
2026-03-04,13,0.4066622556735322,0.4182953190771008,0.21746386327679054,0.40081700105967477,行业分化(正常)
2026-03-05,13,0.4048953581855611,0.4177150527098175,0.21752907222200057,0.4008880980589733,行业分化(正常)
2026-03-06,13,0.4072322937517885,0.4171394791494702,0.2175941453345728,0.4009624612317657,行业分化(正常)
2026-03-09,13,0.4089679394083944,0.4160264790001905,0.21765908316578753,0.40103922864024566,行业分化(正常)
2026-03-10,13,0.4152227924193701,0.4151411500605041,0.2177234485967944,0.4011252518974724,行业分化(正常)
2026-03-11,13,0.4099664514476604,0.41450651482727646,0.21778825171294125,0.40120316290652136,行业分化(正常)
2026-03-12,13,0.41197457801197934,0.41438958292160366,0.21785286726306477,0.40128390745668474,行业分化(正常)
2026-03-13,13,0.411717660597134,0.4142746299009084,0.21791747040079903,0.4013640942172315,行业分化(正常)
2026-03-16,13,0.4051438751973111,0.41384689150254284,0.21798239815700954,0.4014344399636956,行业分化(正常)
2026-03-17,13,0.40551476007500187,0.41330209304697324,0.2180472727598629,0.40150517235449357,行业分化(正常)
2026-03-18,13,0.40374981318428527,0.413020169668298,0.2181121482651518,0.40157321564782855,行业分化(正常)
2026-03-19,13,0.4065050799926285,0.4128117814480842,0.21817690479354118,0.4016450844170167,行业分化(正常)
2026-03-20,13,0.40964214308776037,0.41281255734033584,0.21824146566417474,0.4017213867504545,行业分化(正常)
2026-03-23,13,0.416471419800178,0.4131941009584253,0.21830539478591726,0.40180776107767857,行业分化(正常)
2026-03-24,13,0.39988093926403656,0.4128681498149308,0.21837010800215506,0.4018697394853227,正常
2026-03-25,13,0.3975277032854897,0.41232001317151373,0.21843471652561655,0.40192832726847394,正常
2026-03-26,13,0.39289717538088775,0.41061021234867556,0.21849903689536554,0.40198050781912475,正常
2026-03-27,13,0.38860089748290505,0.40845290816089663,0.21856293413694297,0.402026900690321,正常
2026-03-30,13,0.39223191177432104,0.4061959610491955,0.2186270984450071,0.40207797828712416,正常
2026-03-31,13,0.3955506522866221,0.4045177850153424,0.2186914172069062,0.40213340388772756,正常
2026-04-01,13,0.39490330554044895,0.4039298375086882,0.21875565066475422,0.4021878374172295,正常
2026-04-02,13,0.38758947029259183,0.4030645431140398,0.2188192206203583,0.40223250286689083,正常
2026-04-03,13,0.3851944815964544,0.40196265250627305,0.21888244432551568,0.40227400373375705,正常
2026-04-07,13,0.38617034204831524,0.40082277263826904,0.21894573422918234,0.40231665933537236,正常
2026-04-08,13,0.3839597513137196,0.3992596205829866,0.21900867607765975,0.40235641854366166,正常
2026-04-09,13,0.37118330491562146,0.3973204632563846,0.21906914383328246,0.4023806264459885,正常
2026-04-10,13,0.37411521721362195,0.39542749521646675,0.21913021492421114,0.40240821316215625,正常
2026-04-13,13,0.3733304104970878,0.39350813271146445,0.21919105351056103,0.4024348116078873,正常
2026-04-14,13,0.3719762815212153,0.3918497530276596,0.21925152388837565,0.40245976490180735,正常
2026-04-15,13,0.37048744522198407,0.39009838728500873,0.21931157913090027,0.4024829361782316,正常
2026-04-16,13,0.3678619564915214,0.38830399445037056,0.219370907566676,0.4025030564158687,正常
2026-04-17,13,0.36401662349325503,0.38617957162540184,0.21942910502112772,0.4025188375558448,正常
2026-04-20,13,0.3676268200394196,0.38407880547298484,0.2194882486961034,0.40253859756993726,正常
2026-04-21,13,0.36403769472723635,0.3814571192193378,0.2195463298972613,0.4025543149374561,正常
2026-04-22,13,0.3613674818919833,0.3795314463507351,0.21960354159032108,0.4025670853855294,正常
2026-04-23,13,0.35768636667171483,0.37753937952004635,0.21965948930796309,0.4025759063311032,正常
2026-04-24,13,0.3569761670276972,0.37574332910238684,0.21971513289138483,0.402583955066026,正常
2026-04-27,13,0.3561185900537911,0.37411921373093115,0.21977041692000054,0.4025910847030246,正常
2026-04-28,13,0.35636058535624493,0.3723256474100273,0.2198257262951573,0.40259843806648743,正常
2026-04-29,13,0.35401115004496375,0.37024867229794445,0.21988013149365274,0.4026033524353714,正常
2026-04-30,13,0.3482495645763286,0.3679159852497384,0.21993223014146895,0.4026025111595936,正常
2026-05-06,13,0.3467915007825719,0.3658760867742374,0.2199836630854396,0.40260024656182647,正常
2026-05-07,13,0.33328458612074563,0.36328059200045193,0.22002864012669138,0.40258568809774914,正常
2026-05-08,13,0.33076329905623936,0.3605102398508481,0.22007222036647572,0.4025689995441348,正常
2026-05-11,13,0.3290958391729587,0.3577670442438101,0.22011483566083231,0.4025509356713496,正常
2026-05-12,13,0.3299438316028992,0.355705070578174,0.22015787233539308,0.40253358698289887,正常
2026-05-13,13,0.3313777065082917,0.3535681950429075,0.22020164075683987,0.4025174488743475,正常
2026-05-14,13,0.33126160948254013,0.3514647549921801,0.22024529825135566,0.4025012235847484,正常
2026-05-15,13,0.32359423279686494,0.3490456525559626,0.22028455752797887,0.4024787976027239,正常
2026-05-18,13,0.3209566501096538,0.346569112800346,0.22032217582144392,0.40245435889982234,正常
2026-05-19,13,0.3240689920901323,0.3443794645802766,0.22036163233423534,0.40243234492448554,正常
2026-05-20,13,0.32544958672253366,0.34245111274174056,0.2204018553157726,0.40241143822898695,正常
2026-05-21,13,0.32508828077115504,0.34032418577832735,0.22044182395117332,0.4023902630468813,正常
2026-05-22,13,0.32191298683212644,0.33821795038357183,0.22047985917269058,0.40236663680729007,正常
2026-05-25,13,0.3309495474041275,0.33669705365917907,0.22052302795248876,0.40235025307469907,正常
2026-05-26,13,0.33230629047542315,0.3354280498493644,0.2205668725532222,0.4023350166301849,正常
2026-05-27,13,0.33201822807856074,0.3341801529019076,0.22061051657358038,0.4023195469707675,正常
2026-05-28,13,0.3289468806789507,0.3328215674331656,0.22065245055691968,0.40230154433432325,正常
2026-05-29,13,0.3282711603820021,0.3314170961844535,0.22069396361443425,0.40228300550791174,正常
2026-06-01,13,0.32647260024707203,0.3300401686945589,0.22073441702689958,0.4022630361907109,正常
2026-06-02,13,0.34885587048813627,0.33007048399014927,0.2207857065574575,0.40226278100971485,正常
2026-06-03,13,0.3559179041573042,0.3305268041588859,0.22083958959478606,0.4022695036520774,正常
2026-06-04,13,0.35786901741595645,0.33175602572364643,0.22089408088630097,0.4022781971774691,正常
2026-06-05,13,0.35671870446147547,0.3330537959939083,0.22094812579617695,0.4022856826908099,正常
2026-06-08,13,0.35442893271724585,0.33432045067112254,0.22100131005309376,0.4022908254481625,正常
2026-06-09,13,0.35581371068315915,0.3356139446251356,0.22105492802992602,0.40229734040929155,正常
2026-06-10,13,0.3526425491485631,0.33667718675714914,0.2211073450830603,0.4023006599751082,正常
2026-06-11,13,0.3514964529668435,0.3376889289313643,0.22115927415852354,0.4023028334835168,正常
2026-06-12,13,0.3546617495057245,0.3392423047668073,0.22121231594310506,0.4023081214485069,正常
2026-06-15,13,0.3582022280956302,0.34110458366610613,0.22126651882732656,0.4023169762824114,正常
2026-06-16,13,0.35748395010186984,0.342775331566693,0.2213204254422831,0.402325067228577,正常
2026-06-17,13,0.3570979779241753,0.3443577511267751,0.22137414515940973,0.4023327376559776,正常
2026-06-18,13,0.3589258768120993,0.34604963092882224,0.2214284147870848,0.4023422518161133,正常
2026-06-22,13,0.36470483589474123,0.348189223381953,0.22148438011181226,0.4023578091760076,正常
2026-06-23,13,0.377315405854886,0.35050751630449095,0.22154324471886233,0.4023874348412322,正常
2026-06-24,13,0.37420888085829895,0.35260264582363476,0.22160143546608557,0.40241341385882057,正常
2026-06-25,13,0.37988124759151787,0.3549957967992826,0.22166064501336702,0.4024459256938757,正常
2026-06-26,13,0.39065992518676984,0.3580814490246736,0.22172118199196938,0.40249154217892374,正常
2026-06-29,13,0.37286489741035367,0.3603111358760911,0.22177891643831182,0.4025158030569065,正常
2026-06-30,13,0.37902650361212176,0.36293883104434366,0.22183781578449266,0.4025470981056879,正常
2026-07-01,13,0.3802833999240324,0.36451020751613844,0.22189687481673706,0.40257980584295694,正常
2026-07-02,13,0.3951657382367211,0.3664725992201093,0.2219575265798997,0.40263084081098194,正常
2026-07-03,13,0.3913362138593023,0.36814595904227654,0.2220178640094173,0.40267688565624743,正常
2026-07-06,13,0.39308181991871893,0.36996411481513874,0.22207828808854602,0.4027250485913567,正常
2026-07-07,13,0.3959929528314854,0.37204231582085073,0.22213884119774882,0.4027768493591586,正常
2026-07-08,13,0.4142230207548777,0.3749627813244366,0.22219903234063726,0.40285334750502294,行业分化(正常)
2026-07-09,13,0.42115767499930834,0.3783885376169739,0.2222584312371328,0.4029397626824556,行业分化(正常)
2026-07-10,13,0.4194178017802521,0.38178460505764433,0.22231803511983683,0.40302344344739804,行业分化(正常)
2026-07-13,13,0.4303343683139339,0.38556823599805484,0.2223758494783906,0.4031233551331208,行业分化(正常)
2026-07-14,13,0.44584926010343673,0.38995058759844514,0.22242964359971304,0.4032478592807839,行业分化(正常)
2026-07-15,13,0.44850257434942165,0.39450151881082274,0.2224826054375325,0.40337650898635014,行业分化(正常)
2026-07-16,13,0.45829916894796063,0.399561578362012,0.22253198379124328,0.40352160502961065,行业分化(正常)
2026-07-17,13,0.4594148540023961,0.4045860272215268,0.222580970322383,0.4036683244604923,行业分化(正常)
2026-07-20,13,0.43732604836215594,0.4082170878448975,0.22263729899739942,0.4037779295209077,行业分化(正常)
2026-07-21,13,0.44675369396648135,0.4116890022504773,0.22269098052843406,0.4039025471617119,行业分化(正常)
2026-07-22,13,0.440985584620351,0.41502783743857996,0.22274638727081747,0.4040175057572542,行业分化(正常)
2026-07-23,13,0.44303001705274947,0.4181852759116415,0.22280123921277795,0.4041355179093453,行业分化(正常)
2026-07-24,13,0.4445267967631298,0.42087861949045946,0.22285567582790564,0.4042557094330612,行业分化(正常)
2026-07-27,13,0.43801816625195433,0.4241362829325396,0.22291190231547325,0.4043652119383317,行业分化(正常)
2026-07-28,13,0.42828327808781375,0.4265991216563242,0.22297019027556675,0.40445947849714825,行业分化(正常)
2026-07-29,13,0.4270536227137648,0.42893763279581076,0.22302867722914477,0.4045517080174099,行业分化(正常)
2026-07-30,13,0.42873443154130997,0.43061606746104025,0.22308686512196851,0.4046462699437463,行业分化(正常)
2026-07-31,13,0.4416363401783716,0.43313107377699367,0.2231421645344986,0.4047606515041851,行业分化(正常)
2026-08-03,13,0.4356859611440257,0.4352612808382591,0.22319895174358262,0.4048654230915505,行业分化(正常)
2026-08-04,13,0.43587605017029174,0.4372554357051993,0.22325569884776986,0.4049702726223139,行业分化(正常)
2026-08-05,13,0.4382607450899899,0.43845732192195497,0.22331189114660255,0.40507862341076406,行业分化(正常)
2026-08-06,13,0.4367389237475109,0.4392363843593651,0.22336845001058675,0.40518437403879154,行业分化(正常)
2026-08-07,13,0.43635743948479133,0.4400833662445921,0.22342510001881294,0.4052893137426237,行业分化(正常)
2026-08-10,13,0.4451592658753083,0.44082461112266075,0.22347948501720138,0.405407947340789,行业分化(正常)
