date,open,high,low,close
2015-02-09,28.8,28.75687834,27.82955519,28.63
2015-02-10,28.63,29.43502448,28.49969991,28.75
2015-02-11,26.47071045,26.47071045,26.17669115,26.44
2015-02-12,26.38909373,26.38909373,25.77336711,25.8
2015-02-13,24.28695844,24.28695844,22.81047295,23.41
2015-02-16,23.5572324,24.64325302,23.5572324,23.71
2015-02-17,23.71,25.21948507,23.66094734,24.3
2015-02-25,26.02026504,26.99718334,26.02026504,26.33
2015-02-26,26.33,26.40181276,25.17344033,26.1
2015-02-27,26.74773986,27.38392119,26.74773986,27.04
2015-03-02,28.00992468,28.71437173,28.00992468,28.05
2015-03-03,28.05,29.02563541,27.94587651,28.45
2015-03-04,27.88892863,27.88892863,26.79252915,27.68
2015-03-05,27.18037313,27.18037313,26.34940331,26.67
2015-03-06,26.67,26.67712215,25.47715408,26.47
2015-03-09,26.70967677,27.5712797,26.70967677,27.22
2015-03-10,26.49327174,26.49327174,25.92336778,26.22
2015-03-11,26.22,26.60381135,25.28856536,25.86
2015-03-12,25.86,26.71362994,25.337463,25.93
2015-03-13,25.6904413,25.6904413,24.75508391,25.01
2015-03-16,25.1,25.5,24.8,25.2
2015-03-17,25.14,25.33775776,24.91345891,25.25
2015-03-18,25.25,25.99348836,25.02941976,25.14
2015-03-19,27.22964781,27.8648836,27.22964781,27.3
2015-03-20,26.9222235,26.9222235,25.94217688,26.47
2015-03-23,28.57719713,29.07504961,28.57719713,28.76
2015-03-24,29.94181607,30.87563509,29.94181607,30.67
2015-03-25,30.62736925,30.62736925,29.75002232,30.16
2015-03-26,29.96262204,29.96262204,28.16861334,29.06
2015-03-27,29.06,29.42940392,28.64458121,29.28
2015-03-30,28.54729816,28.54729816,27.75703106,27.87
2015-03-31,29.61492699,30.63157221,29.61492699,30.09
2015-04-01,30.13589969,31.09369368,30.13589969,30.36
2015-04-02,31.36782209,32.05120712,31.36782209,31.77
2015-04-03,31.42313782,31.42313782,30.23226982,31.17
2015-04-07,29.78368597,29.78368597,29.44077935,29.51
2015-04-08,31.51389885,32.5286044,31.51389885,31.98
2015-04-09,34.45084815,35.7182652,34.45084815,35.06
2015-04-10,33.46116818,33.46116818,33.29714224,33.41
2015-04-13,36.66313235,37.61185543,36.66313235,36.86
2015-04-14,39.78601004,40.37871663,39.78601004,40.15
2015-04-15,40.15,40.96215202,39.50877268,40.13
2015-04-16,38.27885661,38.27885661,37.26344376,37.36
2015-04-17,41.22013716,42.40654959,41.22013716,41.57
2015-04-20,47.38353984,47.97246893,47.38353984,47.75
2015-04-21,47.39448336,47.39448336,46.62562042,46.9
2015-04-22,45.17006632,45.17006632,43.4115167,44.28
2015-04-23,44.28,44.90204726,44.06598625,44.72
2015-04-24,45.01113941,46.31679563,45.01113941,45.65
2015-04-27,45.65,45.79438752,44.74679172,44.88
2015-04-28,46.20929773,47.24171801,46.20929773,46.59
2015-04-29,46.59,47.20679792,46.27230548,46.61
2015-04-30,46.61,47.12103554,45.95593757,46.55
2015-05-04,46.55,46.66514736,45.96138324,46.13
2015-05-05,46.13,46.39343444,44.85963903,45.46
2015-05-06,45.46,46.30849093,45.00057234,45.55
2015-05-07,46.613038,46.93712996,46.613038,46.78
2015-05-08,45.17174754,45.17174754,44.85579622,44.97
2015-05-11,45.68743689,45.81703621,45.68743689,45.78
2015-05-12,45.78,46.60177458,45.07017081,45.97
2015-05-13,45.97,46.97668487,45.54061677,46.03
2015-05-14,45.54510967,45.54510967,44.53457616,44.96
2015-05-15,42.38673176,42.38673176,40.81350396,41.44
2015-05-18,37.56331971,37.56331971,36.56852866,37.48
2015-05-19,37.48,38.15351345,36.4351555,37.28
2015-05-20,41.47489891,42.42381949,41.47489891,41.52
2015-05-21,41.66377767,42.66528827,41.66377767,42.05
2015-05-22,42.722725,43.3516693,42.722725,43.01
2015-05-25,45.49302963,46.06982931,45.49302963,45.8
2015-05-26,45.8,45.85626881,44.96733825,45.81
2015-05-27,46.84494078,47.90529927,46.84494078,46.91
2015-05-28,46.91,47.57413735,46.35279076,46.63
2015-05-29,46.63,47.70221034,46.34168497,47.29
2015-06-01,47.29,48.07663201,47.06809939,47.22
2015-06-02,47.22,48.22345871,47.08065216,47.61
2015-06-03,47.61,48.75574287,47.25268349,47.9
2015-06-04,47.16948803,47.16948803,46.13148697,46.57
2015-06-05,46.57,46.93927941,45.73510443,46.6
2015-06-08,44.58986234,44.58986234,42.82406035,43.66
2015-06-09,47.42543515,48.47517174,47.42543515,47.55
2015-06-10,47.77226835,48.43420333,47.77226835,48.07
2015-06-11,48.8441555,50.05142166,48.8441555,49.74
2015-06-12,49.74,50.35972949,48.89099623,49.76
2015-06-15,49.04035913,49.04035913,47.44999683,48.06
2015-06-16,47.84989794,47.84989794,46.33685471,47.27
2015-06-17,47.27,47.4285982,47.25115944,47.31
2015-06-18,47.31,47.61313125,46.15045896,47.08
2015-06-19,47.08,47.46274257,46.46895931,46.9
2015-06-23,51.03048518,51.51718558,51.03048518,51.17
2015-06-24,51.64423919,52.63220576,51.64423919,52.05
2015-06-25,47.96421329,47.96421329,46.7258765,47.42
2015-06-26,47.9811944,48.39399038,47.9811944,48.08
2015-06-29,59.4688357,60.18087827,59.4688357,60.09
2015-06-30,60.09,60.11432617,58.83773034,59.21
2015-07-01,56.58091512,56.58091512,55.10785373,55.91
2015-07-02,57.15057074,57.55486013,57.15057074,57.54
2015-07-03,55.21354411,55.21354411,54.29618647,55.15
2015-07-06,59.69330017,60.16495306,59.69330017,60.08
2015-07-07,55.41904138,55.41904138,54.56008615,54.84
2015-07-08,52.25917888,52.25917888,50.88423105,51.7
2015-07-09,54.9434746,55.6786451,54.9434746,55.34
2015-07-10,54.28146797,54.28146797,53.34727392,54.02
2015-07-13,53.70906817,53.70906817,52.34502185,52.96
2015-07-14,50.24395473,50.24395473,48.86739996,49.31
2015-07-15,45.62839396,45.62839396,44.73913139,45.06
2015-07-16,41.64763137,41.64763137,41.51480784,41.63
2015-07-17,39.60296658,39.60296658,38.59652598,39.33
2015-07-20,39.25955442,39.25955442,37.95132922,38.73
2015-07-21,38.73,39.3163373,37.84915761,38.79
2015-07-22,35.45555303,35.45555303,34.35578544,35.26
2015-07-23,33.53218873,33.53218873,32.04224021,32.98
2015-07-24,32.98,33.5834777,32.26352277,33.09
2015-07-27,30.79137496,30.79137496,29.91275994,30.41
2015-07-28,39.02840435,40.25937183,39.02840435,39.52
2015-07-29,40.94364818,42.03347651,40.94364818,41.79
2015-07-30,38.39189484,38.39189484,37.19599913,37.43
2015-07-31,39.25392191,40.61823529,39.25392191,40.17
2015-08-03,40.38079415,40.96797445,40.38079415,40.45
2015-08-04,40.43171041,40.43171041,39.16305503,40.02
2015-08-05,40.13125666,40.59708601,40.13125666,40.26
2015-08-06,40.66257646,42.24380443,40.66257646,41.51
2015-08-07,41.18205829,41.18205829,39.86537864,40.79
2015-08-10,40.79,41.38627273,40.71941213,40.75
2015-08-11,40.75,40.8667196,39.80121626,40.18
2015-08-12,39.87047217,39.87047217,38.94666744,39.83
2015-08-13,39.72555956,39.72555956,39.18755486,39.61
2015-08-14,39.61,40.23703946,38.91154922,39.65
2015-08-17,39.84230376,40.81285374,39.84230376,40.06
2015-08-18,39.40969389,39.40969389,38.23395061,39.07
2015-08-19,37.57849785,37.57849785,36.96542835,37.42
2015-08-20,37.8629664,38.25209273,37.8629664,38.03
2015-08-21,35.27412977,35.27412977,35.05752529,35.2
2015-08-24,32.0,36.12646039,32.0,35.61
2015-08-25,37.0,48.82087086,37.0,48.34
2015-08-26,48.0,64.69670833,48.0,63.79
2015-08-27,61.41955623,61.41955623,60.37144696,61.14
2015-08-28,61.14,61.99930376,60.25597101,61.16
2015-08-31,62.19373536,62.2898175,62.19373536,62.28
2015-09-01,63.21417152,63.60383397,63.21417152,63.33
2015-09-02,61.60243146,61.60243146,60.73821661,60.88
2015-09-07,59.87485653,59.87485653,58.78397559,59.49
2015-09-08,58.0,58.0,47.86676134,47.98
2015-09-09,46.44973426,46.44973426,44.74339713,45.63
2015-09-10,42.69779039,42.69779039,41.14519776,41.78
2015-09-11,41.33122142,41.33122142,40.65037308,40.86
2015-09-14,41.42472548,42.72237204,41.42472548,42.35
2015-09-15,44.18207048,44.93301128,44.18207048,44.63
2015-09-16,42.06022571,42.06022571,41.08490585,41.34
2015-09-17,41.34,41.41516918,40.30579781,41.06
2015-09-18,40.25257522,40.25257522,40.15270153,40.19
2015-09-21,40.19,40.65583624,38.903089,39.81
2015-09-22,37.61841819,37.61841819,36.58987232,37.17
2015-09-23,38.4558614,39.63942763,38.4558614,38.93
2015-09-24,38.17127354,38.17127354,37.04163284,37.63
2015-09-25,35.03223732,35.03223732,34.88666484,34.91
2015-09-28,32.18093718,32.18093718,31.73706266,31.93
2015-09-29,31.87034335,31.87034335,30.19870154,31.1
2015-09-30,30.89870439,30.89870439,29.74261587,30.65
2015-10-08,31.38338174,32.19890857,31.38338174,31.7
2015-10-09,30.39898733,30.39898733,29.16512887,30.07
2015-10-12,30.07,30.56072816,29.13820772,30.07
2015-10-13,31.49855731,32.16439656,31.49855731,31.95
2015-10-14,31.95,32.55628224,31.54521942,31.71
2015-10-15,30.36883784,30.36883784,28.78289598,29.66
2015-10-16,29.66,29.93738083,29.2061178,29.26
2015-10-19,29.66202239,31.15301253,29.66202239,30.34
2015-10-20,30.37325929,31.49545346,30.37325929,30.99
2015-10-21,32.311479,33.69579874,32.311479,32.76
2015-10-22,32.56411464,32.56411464,31.21737229,31.8
2015-10-23,31.03872336,31.03872336,30.63212661,30.64
2015-10-26,32.1109642,32.81017762,32.1109642,32.39
2015-10-27,31.0138243,31.0138243,30.39902679,30.86
2015-10-28,31.59108765,32.27551956,31.59108765,31.72
2015-10-29,31.72,32.20531655,31.53515951,31.76
2015-10-30,29.48297002,29.48297002,28.65774818,28.96
2015-11-02,29.19262458,30.68661524,29.19262458,29.84
2015-11-03,29.84,30.33708591,29.42329636,30.01
2015-11-04,30.11692959,31.08124209,30.11692959,30.25
2015-11-05,32.02329083,32.46124601,32.02329083,32.16
2015-11-06,32.16,32.63959074,31.47393479,32.45
2015-11-09,41.09669348,42.04757577,41.09669348,41.93
2015-11-10,43.06350241,44.04814424,43.06350241,43.1
2015-11-11,40.37036797,40.37036797,38.92289769,39.62
2015-11-12,38.77998923,38.77998923,37.80392072,38.7
2015-11-13,38.11346792,38.11346792,36.78642525,37.74
2015-11-16,38.06921303,39.0669255,38.06921303,38.37
2015-11-17,38.37,38.63867163,37.64046469,37.72
2015-11-18,37.72,37.96975342,36.8739234,37.03
2015-11-19,36.40892425,36.40892425,35.08178282,35.99
2015-11-20,34.36408939,34.36408939,33.42104535,34.04
2015-11-23,33.8857107,33.8857107,32.30316204,33.22
2015-11-24,32.60992942,32.60992942,31.17026716,31.83
2015-11-25,32.21408231,32.3745763,32.21408231,32.28
2015-11-26,30.06122233,30.06122233,29.27061989,29.7
2015-11-27,33.85344074,35.35694798,33.85344074,34.58
2015-11-30,34.58,35.38656828,33.68299486,34.53
2015-12-01,34.27506862,34.27506862,32.86282046,33.73
2015-12-02,33.29568139,33.29568139,31.69946659,32.45
2015-12-03,32.45,33.11734854,32.14371759,32.53
2015-12-04,32.53,33.38142497,31.50568441,32.49
2015-12-07,31.75383899,31.75383899,31.07750477,31.6
2015-12-08,31.6,31.8405745,30.72856071,31.46
2015-12-09,31.46,31.91066935,30.51101242,31.12
2015-12-10,30.99694356,30.99694356,30.00883701,30.86
2015-12-11,30.86,31.138973,30.34786031,30.77
2015-12-14,30.77,31.83347758,30.49392016,31.09
2015-12-15,30.51318409,30.51318409,29.91779509,30.47
2015-12-16,30.3314605,30.3314605,30.02124919,30.28
2015-12-17,29.93834555,29.93834555,28.88535947,29.27
2015-12-18,26.74770543,26.74770543,25.26532342,26.08
2015-12-21,26.08,27.16884754,25.64916704,26.61
2015-12-22,27.12621786,27.84336346,27.12621786,27.69
2015-12-23,27.97566547,28.20138051,27.97566547,28.04
2015-12-24,27.47006675,27.47006675,26.44723994,27.19
2015-12-25,27.14325445,27.14325445,26.19688687,26.28
2015-12-28,28.02973404,28.99665622,28.02973404,28.13
2015-12-29,27.33377871,27.33377871,27.1114884,27.28
2015-12-30,27.28,27.64414488,27.05410174,27.46
2015-12-31,27.78802733,28.21558413,27.78802733,27.95
2016-01-04,33.36482693,34.02237691,33.36482693,33.44
2016-01-05,32.95994274,32.95994274,32.0888003,32.18
2016-01-06,31.78997815,31.78997815,31.29454903,31.51
2016-01-07,24.24851524,24.24851524,22.65429041,23.33
2016-01-08,35.16977064,35.39962619,35.16977064,35.22
2016-01-11,34.69141874,34.69141874,33.68158074,33.81
2016-01-12,35.15647091,36.19133118,35.15647091,35.91
2016-01-13,35.37583202,35.37583202,34.34236707,34.72
2016-01-14,37.18090833,38.20209314,37.18090833,37.8
2016-01-15,35.58345136,35.58345136,34.80028952,35.49
2016-01-18,36.90594859,37.92530064,36.90594859,37.24
2016-01-19,37.24,37.72237306,36.69598252,37.35
2016-01-20,37.35,37.72313039,35.88183854,36.81
2016-01-21,35.15941261,35.15941261,34.21817615,35.12
2016-01-22,35.12,35.27142339,33.95971641,34.87
2016-01-25,34.87,35.18977267,34.66204077,34.74
2016-01-26,32.05256828,32.05256828,31.30858085,32.02
2016-01-27,37.90512001,39.32599295,37.90512001,38.46
2016-01-28,38.07904495,38.07904495,37.19746875,37.67
2016-01-29,38.36571428,39.03788454,38.36571428,38.95
2016-02-01,37.28733201,37.28733201,35.65419962,36.37
2016-02-02,35.22099372,35.22099372,34.54076966,35.14
2016-02-03,34.96219973,34.96219973,34.2613113,34.8
2016-02-04,34.8,35.01603551,33.69176994,34.52
2016-02-05,34.69597641,35.64500027,34.69597641,35.38
2016-02-15,36.9010474,37.6461655,36.9010474,37.39
2016-02-16,36.92204754,36.92204754,36.63764293,36.65
2016-02-17,35.6612484,35.6612484,35.42215447,35.5
2016-02-18,34.13304495,34.13304495,32.99339972,33.79
2016-02-19,33.04457533,33.04457533,32.02846995,32.22
2016-02-22,31.62481446,31.62481446,30.45110979,31.44
2016-02-23,31.75839,32.7528454,31.75839,32.38
2016-02-24,32.38,33.03341731,32.09314433,32.48
2016-02-25,33.63353085,34.80458735,33.63353085,33.85
2016-02-26,33.34566569,33.34566569,31.99310161,32.53
2016-02-29,32.53,33.21019135,32.46428403,32.63
2016-03-01,31.54121375,31.54121375,31.38018846,31.51
2016-03-02,33.11991978,33.87539871,33.11991978,33.15
2016-03-03,33.15,33.44641481,32.64302488,33.12
2016-03-04,33.12,33.32463279,32.99746718,33.01
2016-03-07,33.6852167,34.44595191,33.6852167,33.82
2016-03-08,33.82,34.12393928,32.98663884,33.42
2016-03-09,33.42,33.93852257,33.20521199,33.47
2016-03-10,33.47,34.39370447,33.4398045,33.64
2016-03-11,33.64,34.10742009,33.21586059,33.64
2016-03-14,33.45747952,33.45747952,32.78495515,33.28
2016-03-15,33.24917729,33.24917729,32.36923088,32.64
2016-03-16,32.64,32.8193808,31.80235245,31.89
2016-03-17,31.55110526,31.55110526,30.50528894,31.25
2016-03-18,31.25,31.9560345,30.87306283,31.16
2016-03-21,31.34144467,31.6758727,31.34144467,31.56
2016-03-22,32.80001994,33.50565979,32.80001994,33.11
2016-03-23,33.34737981,34.34569375,33.34737981,34.04
2016-03-24,33.53286699,33.53286699,32.40429597,32.9
2016-03-25,31.7823173,31.7823173,30.08490855,30.98
2016-03-28,30.98,31.71876312,30.71315599,31.1
2016-03-29,31.1,32.07467156,30.34963477,31.21
2016-03-30,30.95726075,30.95726075,30.14600804,30.87
2016-03-31,30.87,31.61912132,30.12470488,30.96
2016-04-01,30.53285298,30.53285298,29.57998812,30.5
2016-04-05,30.27976128,30.27976128,29.61831695,30.19
2016-04-06,30.19,30.2174005,29.45466702,29.96
2016-04-07,28.87677665,28.87677665,28.64329078,28.8
2016-04-08,27.79746074,27.79746074,26.71362579,27.66
2016-04-11,27.66,27.86931968,27.32306123,27.63
2016-04-12,27.14036675,27.14036675,25.66825895,26.65
2016-04-13,26.65,26.73862898,26.19085826,26.5
2016-04-14,26.27157786,26.27157786,25.93198823,26.06
2016-04-15,26.06,26.23773771,25.52819736,26.05
2016-04-18,26.12043573,26.27771848,26.12043573,26.19
2016-04-19,25.76579509,25.76579509,24.58392669,25.49
2016-04-20,25.49,26.59697569,24.79361935,25.62
2016-04-21,25.62,25.94449574,24.54860945,25.05
2016-04-22,24.84485713,24.84485713,23.79401874,24.52
2016-04-25,25.06300128,25.5991077,25.06300128,25.16
2016-04-26,25.16,25.62929035,25.15276669,25.53
2016-04-27,25.53,25.55079925,24.59205181,25.47
2016-04-28,25.26835761,25.26835761,24.06559303,24.4
2016-04-29,23.79986825,23.79986825,23.43045113,23.58
2016-05-03,23.58,23.70712612,22.63927621,23.41
2016-05-04,23.23503334,23.23503334,22.43722816,22.86
2016-05-05,22.86,22.99008289,21.95945161,22.53
2016-05-06,23.32892512,23.79872771,23.32892512,23.49
2016-05-09,25.69036549,27.04489829,25.69036549,26.11
2016-05-10,25.12684116,25.12684116,24.06786774,24.89
2016-05-11,23.52966511,23.52966511,22.80925807,23.47
2016-05-12,23.47,24.05304589,23.15956502,23.45
2016-05-13,22.83113203,22.83113203,22.26799931,22.79
2016-05-16,22.79,23.30652776,21.8442736,22.5
2016-05-17,22.41905539,22.41905539,21.08996644,22.03
2016-05-18,22.03,22.97493974,21.85803187,22.13
2016-05-19,21.64692886,21.64692886,20.51151728,21.42
2016-05-20,21.42,21.4641557,20.25027415,20.54
2016-05-23,20.17540568,20.17540568,19.23137934,19.82
2016-05-24,19.69918974,19.69918974,19.48615944,19.64
2016-05-25,19.96005569,20.87133598,19.96005569,20.28
2016-05-26,19.15803984,19.15803984,18.18362424,18.9
2016-05-27,18.9,19.3628939,18.16396829,18.37
2016-05-30,18.53560404,19.08348355,18.53560404,18.57
2016-05-31,21.19457658,22.35574808,21.19457658,21.51
2016-06-01,21.08700033,21.08700033,19.95839402,20.86
2016-06-02,20.743727,20.743727,19.96147022,20.69
2016-06-03,20.75641492,21.4659519,20.75641492,20.79
2016-06-06,20.79,20.96917531,19.97615139,20.88
2016-06-07,20.88,21.31470925,20.33883805,20.67
2016-06-08,20.67,21.37425939,20.31176997,21.01
2016-06-13,22.75398222,23.96740875,22.75398222,23.06
2016-06-14,21.96263882,21.96263882,21.54422869,21.88
2016-06-15,20.61372089,20.61372089,18.73544426,19.7
2016-06-16,19.60202437,19.60202437,19.24944259,19.34
2016-06-17,19.10178677,19.10178677,18.06129533,18.49
2016-06-20,19.25285809,20.11540953,19.25285809,19.33
2016-06-21,19.33,19.45580621,18.89167676,19.24
2016-06-22,19.80083044,20.45896227,19.80083044,19.84
2016-06-23,20.31141695,21.24732559,20.31141695,20.34
2016-06-24,20.39997631,21.02924305,20.39997631,20.71
2016-06-27,20.71,21.31196265,19.78032414,20.43
2016-06-28,20.43,20.54511453,19.5772487,19.67
2016-06-29,19.74,19.81,19.04,19.23
2016-06-30,19.21,19.27,18.44,18.58
2016-07-01,18.79,18.79,18.21,18.21
2016-07-04,19.04,19.08,18.24,18.27
2016-07-05,18.73,18.84,18.55,18.64
2016-07-06,18.95,18.99,18.59,18.65
2016-07-07,18.77,19.3,18.77,19.3
2016-07-08,19.44,19.58,19.27,19.3
2016-07-11,19.85,19.88,18.95,19.0
2016-07-12,19.15,19.18,18.42,18.91
2016-07-13,19.44,19.91,19.4,19.69
2016-07-14,19.87,20.05,19.44,19.49
2016-07-15,19.64,19.79,19.4,19.55
2016-07-18,20.41,20.47,20.15,20.31
2016-07-19,20.43,20.54,20.17,20.4
2016-07-20,20.38,20.5,20.02,20.22
2016-07-21,20.37,20.76,20.15,20.27
2016-07-22,20.42,20.45,19.95,20.0
2016-07-25,20.86,20.93,19.81,19.87
2016-07-26,20.15,20.2,19.42,19.46
2016-07-27,19.65,21.29,19.45,20.32
2016-07-28,20.06,20.33,18.88,18.89
2016-07-29,19.14,19.15,18.66,18.75
2016-08-01,19.54,19.54,18.75,18.76
2016-08-02,18.9,19.01,18.25,18.29
2016-08-03,18.58,18.58,17.8,17.84
2016-08-04,18.01,18.01,17.45,17.45
2016-08-05,17.72,17.72,17.06,17.11
2016-08-08,17.82,18.08,16.99,17.01
2016-08-09,17.18,17.19,16.51,16.64
2016-08-10,16.8,16.9,16.65,16.65
2016-08-11,16.85,17.26,16.65,16.8
2016-08-12,16.92,17.73,16.79,17.69
2016-08-15,17.55,20.5,17.45,20.19
2016-08-16,21.45,21.56,19.29,19.36
2016-08-17,19.63,19.8,19.21,19.34
2016-08-18,19.51,19.95,19.37,19.48
2016-08-19,19.37,20.57,19.31,19.45
2016-08-22,20.07,20.48,19.67,19.73
2016-08-23,19.8,20.02,19.31,19.42
2016-08-24,19.74,19.74,19.31,19.47
2016-08-25,19.78,20.21,19.7,19.71
2016-08-26,20.03,20.03,19.43,19.6
2016-08-29,20.39,20.42,20.11,20.12
2016-08-30,20.15,20.36,19.93,20.1
2016-08-31,20.5,20.5,20.16,20.47
2016-09-01,20.64,20.8,20.48,20.53
2016-09-02,20.53,20.53,20.24,20.38
2016-09-05,21.05,21.05,20.33,20.34
2016-09-06,20.45,20.45,20.1,20.14
2016-09-07,20.32,20.41,20.03,20.12
2016-09-08,20.17,20.17,19.65,19.66
2016-09-09,19.83,19.83,18.56,18.6
2016-09-12,19.84,20.05,19.31,19.31
2016-09-13,19.0,19.0,17.32,17.55
2016-09-14,17.59,17.82,17.55,17.63
2016-09-19,18.6,18.6,17.43,17.45
2016-09-20,17.64,17.69,17.0,17.06
2016-09-21,17.22,17.35,16.96,17.35
2016-09-22,17.43,17.52,16.26,16.26
2016-09-23,16.17,16.43,15.8,15.81
2016-09-26,16.47,16.6,16.02,16.3
2016-09-27,16.88,17.01,16.34,16.5
2016-09-28,16.6,16.68,16.45,16.59
2016-09-29,16.5,16.5,15.42,15.44
2016-09-30,15.5,16.33,15.49,16.31
2016-10-10,18.29,18.29,16.75,16.78
2016-10-11,16.92,16.93,16.1,16.13
2016-10-12,16.31,16.31,16.06,16.08
2016-10-13,16.31,16.31,15.77,15.78
2016-10-14,15.94,15.97,15.21,15.21
2016-10-17,15.76,15.86,14.82,14.88
2016-10-18,15.01,15.25,14.47,15.24
2016-10-19,15.55,15.73,15.44,15.64
2016-10-20,15.7,15.7,15.19,15.19
2016-10-21,15.21,15.39,14.93,14.97
2016-10-24,15.71,16.94,15.53,15.91
2016-10-25,16.12,16.48,15.92,16.14
2016-10-26,16.27,16.74,16.27,16.37
2016-10-27,16.58,16.58,15.75,15.97
2016-10-28,16.15,16.75,16.04,16.11
2016-10-31,16.67,16.78,16.1,16.11
2016-11-01,16.31,16.44,16.09,16.35
2016-11-02,16.77,16.78,16.38,16.68
2016-11-03,16.77,18.28,16.77,17.74
2016-11-04,18.02,18.34,17.84,17.86
2016-11-07,18.43,19.34,18.36,19.01
2016-11-08,19.27,19.38,18.57,18.59
2016-11-09,18.71,19.73,18.23,18.37
2016-11-10,18.42,18.46,16.93,17.03
2016-11-11,16.72,16.94,16.19,16.27
2016-11-14,16.76,17.38,16.75,17.0
2016-11-15,17.16,17.27,16.89,16.92
2016-11-16,17.14,17.15,16.59,16.6
2016-11-17,16.69,16.78,16.23,16.24
2016-11-18,16.25,16.25,14.25,15.87
2016-11-21,16.31,16.35,15.61,15.65
2016-11-22,15.9,16.22,15.65,16.14
2016-11-23,16.45,16.87,16.28,16.35
2016-11-24,16.34,16.6,16.03,16.13
2016-11-25,16.61,16.68,15.92,16.03
2016-11-28,14.63,16.01,14.16,15.62
2016-11-29,15.51,16.26,13.72,14.86
2016-11-30,16.57,17.84,16.35,16.39
2016-12-01,16.39,17.01,15.77,15.83
2016-12-02,16.01,16.22,15.86,16.22
2016-12-05,17.34,17.34,16.24,16.32
2016-12-06,16.45,16.64,15.62,15.67
2016-12-07,15.82,16.28,15.15,15.15
2016-12-08,15.28,15.45,14.08,14.15
2016-12-09,14.32,15.14,13.67,14.55
2016-12-12,15.1,15.65,14.02,15.44
2016-12-13,15.62,16.1,15.38,15.43
2016-12-14,15.54,15.86,15.33,15.85
2016-12-15,16.07,17.24,14.86,17.17
2016-12-16,17.96,18.38,16.44,16.48
2016-12-19,17.39,17.6,16.68,16.97
2016-12-20,17.24,18.44,16.85,18.42
2016-12-21,18.55,18.64,17.08,17.38
2016-12-22,17.53,18.02,17.29,17.66
2016-12-23,17.79,17.9,17.43,17.51
2016-12-26,18.3,19.15,17.58,17.63
2016-12-27,17.86,18.46,17.72,18.41
2016-12-28,18.54,18.74,18.26,18.28
2016-12-29,18.18,18.18,17.31,17.34
2016-12-30,17.48,17.55,17.1,17.22
2017-01-03,17.8,18.0,15.69,15.86
2017-01-04,15.94,16.05,14.72,14.74
2017-01-05,15.2,15.2,14.5,14.73
2017-01-06,14.86,14.86,14.25,14.49
2017-01-09,14.97,14.99,14.11,14.12
2017-01-10,14.3,14.33,13.68,13.83
2017-01-11,14.04,14.04,13.6,13.78
2017-01-12,14.11,14.19,13.76,13.79
2017-01-13,13.94,13.97,13.11,13.29
2017-01-16,13.82,14.04,12.8,13.34
2017-01-17,13.54,13.54,12.28,12.32
2017-01-18,12.43,12.55,12.06,12.07
2017-01-19,12.58,12.59,12.08,12.08
2017-01-20,12.26,12.26,11.64,11.7
2017-01-23,12.16,12.16,11.63,11.66
2017-01-24,11.95,12.1,11.51,11.63
2017-01-25,11.82,12.04,11.41,11.43
2017-01-26,11.58,12.12,10.94,11.32
2017-02-03,12.91,13.23,12.1,12.43
2017-02-06,13.01,13.56,11.91,12.51
2017-02-07,12.7,12.7,11.88,11.92
2017-02-08,12.09,12.78,11.38,12.78
2017-02-09,12.91,17.72,12.26,12.63
2017-02-10,12.78,12.78,12.43,12.44
2017-02-13,12.96,12.96,12.04,12.04
2017-02-14,12.21,15.4,11.29,11.37
2017-02-15,11.44,11.52,10.92,11.1
2017-02-16,11.2,11.33,10.94,11.19
2017-02-17,11.28,15.26,11.04,11.64
2017-02-20,12.09,12.16,11.71,12.05
2017-02-21,12.19,13.58,12.14,12.29
2017-02-22,12.36,12.48,11.87,11.87
2017-02-23,11.85,15.67,11.05,11.06
2017-02-24,11.13,11.41,10.96,11.24
2017-02-27,11.6,12.14,11.55,12.1
2017-02-28,12.18,12.18,11.75,11.94
2017-03-01,12.11,12.11,11.59,11.72
2017-03-02,11.82,12.25,11.62,12.03
2017-03-03,12.24,12.37,11.33,11.34
2017-03-06,11.95,12.35,11.05,11.79
2017-03-07,11.28,11.91,10.87,11.6
2017-03-08,11.7,11.85,10.8,10.82
2017-03-09,10.87,11.1,10.31,10.57
2017-03-10,10.73,10.79,10.28,10.29
2017-03-13,10.78,11.01,10.33,10.63
2017-03-14,10.69,11.38,10.37,10.78
2017-03-15,10.87,11.5,10.41,11.49
2017-03-16,10.88,11.19,10.31,10.34
2017-03-17,10.48,10.62,9.96,10.12
2017-03-20,10.54,10.95,10.09,10.1
2017-03-21,10.33,10.41,9.91,10.11
2017-03-22,10.32,10.66,10.06,10.1
2017-03-23,10.13,10.17,9.19,9.45
2017-03-24,9.6,9.68,9.16,9.43
2017-03-27,9.94,10.41,9.79,10.25
2017-03-28,10.35,10.53,10.1,10.35
2017-03-29,10.39,10.45,9.86,10.04
2017-03-30,10.16,10.51,9.92,9.93
2017-03-31,10.0,10.19,9.65,9.65
2017-04-05,10.62,10.62,10.07,10.07
2017-04-06,10.34,10.48,10.06,10.09
2017-04-07,10.19,10.19,9.94,10.05
2017-04-10,10.53,10.53,10.08,10.12
2017-04-11,10.15,10.39,9.9,9.98
2017-04-12,10.13,10.22,9.97,9.97
2017-04-13,10.12,10.3,9.98,9.99
2017-04-14,10.08,10.64,10.07,10.42
2017-04-17,10.78,11.42,10.21,10.25
2017-04-18,10.36,10.47,10.22,10.31
2017-04-19,10.37,11.28,10.33,10.67
2017-04-20,10.77,10.83,10.16,10.19
2017-04-21,10.37,10.37,9.57,9.72
2017-04-24,9.99,12.53,9.99,10.07
2017-04-25,10.4,10.4,9.64,9.67
2017-04-26,9.86,10.49,9.12,9.29
2017-04-27,9.43,9.67,9.06,9.1
2017-04-28,9.1,9.36,9.06,9.13
2017-05-02,9.48,9.58,9.03,9.09
2017-05-03,9.06,9.27,8.99,9.06
2017-05-04,9.17,9.43,8.89,9.0
2017-05-05,9.1,10.17,9.04,9.29
2017-05-08,9.63,9.86,9.22,9.25
2017-05-09,9.43,9.43,8.83,8.84
2017-05-10,8.98,9.58,8.28,8.38
2017-05-11,8.54,8.84,8.31,8.31
2017-05-12,8.4,9.03,7.95,8.75
2017-05-15,9.17,9.19,8.86,8.87
2017-05-16,8.96,9.08,8.67,8.67
2017-05-17,8.8,8.92,8.56,8.56
2017-05-18,8.62,8.79,8.3,8.49
2017-05-19,8.54,8.76,8.42,8.64
2017-05-22,8.94,9.08,8.35,8.47
2017-05-23,8.49,8.74,8.18,8.59
2017-05-24,8.64,9.59,8.59,8.7
2017-05-25,8.8,13.01,8.56,12.35
2017-05-26,12.47,13.4,10.8,10.88
2017-05-31,12.25,13.17,11.6,12.03
2017-06-01,12.57,12.89,12.1,12.12
2017-06-02,12.89,13.44,12.75,12.9
2017-06-05,13.46,13.46,12.37,12.46
2017-06-06,12.56,12.89,12.26,12.48
2017-06-07,12.73,13.95,12.57,13.83
2017-06-08,13.94,14.38,13.81,14.23
2017-06-09,14.39,15.57,14.35,15.09
2017-06-12,15.58,16.33,15.24,15.45
2017-06-13,15.6,15.76,15.09,15.09
2017-06-14,15.33,15.44,14.24,14.49
2017-06-15,14.7,14.74,13.76,13.9
2017-06-16,14.0,14.09,13.26,13.28
2017-06-19,13.8,13.86,13.25,13.69
2017-06-20,13.9,14.28,13.83,13.99
2017-06-21,14.21,14.48,13.31,13.37
2017-06-22,13.37,14.8,13.07,13.61
2017-06-23,13.78,14.04,13.35,13.9
2017-06-26,15.06,15.72,15.05,15.38
2017-06-27,15.64,15.65,14.79,14.86
2017-06-28,15.1,15.26,14.91,15.04
2017-06-29,14.94,15.16,14.47,14.47
2017-06-30,14.65,14.84,14.34,14.4
2017-07-03,14.86,14.9,14.05,14.07
2017-07-04,14.2,14.24,13.29,13.3
2017-07-05,13.47,14.3,13.32,14.22
2017-07-06,14.37,14.51,13.68,13.82
2017-07-07,13.92,14.11,13.85,13.88
2017-07-10,14.35,14.4,13.86,13.9
2017-07-11,14.49,14.59,13.68,13.73
2017-07-12,13.84,14.86,13.81,14.78
2017-07-13,14.95,15.09,14.63,14.78
2017-07-14,15.97,16.24,15.62,15.76
2017-07-17,16.67,17.88,16.12,17.35
2017-07-18,17.59,18.09,16.91,16.92
2017-07-19,17.18,17.45,16.3,16.99
2017-07-20,17.25,20.31,17.14,17.2
2017-07-21,17.38,17.76,16.08,16.15
2017-07-24,16.9,16.9,15.57,15.71
2017-07-25,16.02,16.39,15.36,15.38
2017-07-26,15.57,15.96,15.36,15.93
2017-07-27,16.08,16.51,15.86,15.88
2017-07-28,16.02,16.31,15.52,15.57
2017-07-31,16.19,16.26,15.63,15.75
2017-08-01,15.85,15.93,15.05,15.06
2017-08-02,15.28,15.86,14.76,14.82
2017-08-03,15.64,16.81,15.2,15.27
2017-08-04,15.38,15.68,14.92,14.94
2017-08-07,15.6,15.67,15.24,15.37
2017-08-08,15.51,15.68,14.99,14.99
2017-08-09,15.17,15.32,14.25,14.25
2017-08-10,14.44,14.5,13.53,13.68
2017-08-11,14.02,14.8,13.87,14.6
2017-08-14,15.26,15.36,14.02,14.27
2017-08-15,14.43,14.43,13.99,14.0
2017-08-16,14.18,14.45,13.8,13.92
2017-08-17,14.01,14.03,13.64,13.69
2017-08-18,14.18,14.62,13.42,13.46
2017-08-21,13.91,14.1,13.09,13.1
2017-08-22,13.26,14.85,12.41,12.46
2017-08-23,12.57,13.41,12.57,13.11
2017-08-24,13.24,13.29,12.74,12.78
2017-08-25,12.97,14.85,12.7,13.83
2017-08-28,14.57,15.64,14.12,14.32
2017-08-29,15.09,18.42,14.71,14.94
2017-08-30,14.98,15.19,14.66,14.67
2017-08-31,14.81,15.02,14.56,14.59
2017-09-01,14.89,14.95,14.5,14.5
2017-09-04,15.01,15.19,14.81,15.01
2017-09-05,15.21,15.35,14.94,14.99
2017-09-06,15.18,15.3,14.88,15.22
2017-09-07,15.37,15.42,14.69,14.71
2017-09-08,14.94,14.95,14.41,14.46
2017-09-11,14.99,15.23,14.78,15.11
2017-09-12,15.37,15.5,15.08,15.17
2017-09-13,15.31,15.55,15.2,15.31
2017-09-14,15.46,15.5,13.95,14.06
2017-09-15,14.3,14.34,13.61,13.62
2017-09-18,14.2,14.38,13.51,13.7
2017-09-19,13.92,13.95,12.93,12.94
2017-09-20,13.13,13.18,12.8,12.81
2017-09-21,13.01,13.2,12.54,12.75
2017-09-22,12.9,13.07,12.58,12.59
2017-09-25,13.03,13.32,12.8,12.82
2017-09-26,13.03,13.14,12.54,12.73
2017-09-27,12.89,13.09,12.22,12.31
2017-09-28,12.16,12.2,10.53,10.53
2017-09-29,10.72,11.15,10.67,11.12
2017-10-09,13.56,14.22,11.47,11.58
2017-10-10,11.78,12.04,11.51,11.64
2017-10-11,11.77,11.92,10.86,11.06
2017-10-12,11.19,11.33,10.6,10.68
2017-10-13,10.84,10.92,10.6,10.66
2017-10-16,11.06,11.13,10.39,10.55
2017-10-17,11.17,11.17,10.57,10.66
2017-10-18,10.67,10.82,10.21,10.26
2017-10-19,10.24,10.54,10.19,10.46
2017-10-20,10.68,10.72,10.16,10.46
2017-10-23,10.96,10.96,10.28,10.33
2017-10-24,10.58,11.73,10.55,11.59
2017-10-25,11.73,12.15,11.25,11.35
2017-10-26,11.58,11.74,11.12,11.16
2017-10-27,11.67,12.05,10.61,10.72
2017-10-30,11.27,11.72,11.19,11.59
2017-10-31,11.72,11.84,10.85,10.93
2017-11-01,11.09,11.11,10.54,10.62
2017-11-02,10.82,10.92,10.5,10.57
2017-11-03,10.69,10.82,10.38,10.41
2017-11-06,10.89,11.05,10.52,10.67
2017-11-07,10.79,12.83,10.3,10.41
2017-11-08,10.8,11.25,10.72,10.76
2017-11-09,10.88,11.2,10.86,10.86
2017-11-10,11.13,11.78,11.06,11.43
2017-11-13,11.82,12.91,11.5,11.52
2017-11-14,12.65,12.9,12.21,12.21
2017-11-15,12.27,12.58,12.26,12.31
2017-11-16,12.32,12.51,11.99,12.03
2017-11-17,12.14,12.86,12.14,12.65
2017-11-20,13.36,14.69,13.36,14.56
2017-11-21,14.5,16.18,14.5,14.54
2017-11-22,14.83,17.39,14.52,15.36
2017-11-23,16.04,16.54,14.92,16.1
2017-11-24,16.41,17.14,16.26,16.92
2017-11-27,17.67,18.5,17.61,18.02
2017-11-28,15.04,15.68,14.87,15.06
2017-11-29,15.4,16.38,15.0,15.68
2017-11-30,15.83,16.87,15.55,16.8
2017-12-01,17.09,18.3,16.98,17.99
2017-12-04,18.65,18.97,15.94,16.03
2017-12-05,16.24,16.24,14.28,15.33
2017-12-06,15.47,17.28,15.46,16.24
2017-12-07,16.37,17.18,15.7,15.75
2017-12-08,15.87,16.54,14.98,15.03
2017-12-11,15.68,15.88,14.63,14.68
2017-12-12,14.86,15.33,14.76,15.24
2017-12-13,15.35,15.63,14.82,15.15
2017-12-14,15.34,15.7,14.92,15.0
2017-12-15,15.15,16.01,14.94,15.18
2017-12-18,15.83,15.88,15.28,15.35
2017-12-19,15.48,15.6,14.86,15.12
2017-12-20,15.32,15.72,15.27,15.31
2017-12-21,15.5,15.63,14.76,14.76
2017-12-22,14.97,15.17,14.68,14.69
2017-12-25,15.42,15.72,14.87,15.32
2017-12-26,15.49,15.68,14.85,15.13
2017-12-27,15.12,16.79,14.99,16.79
2017-12-28,16.71,16.81,15.23,15.51
2017-12-29,15.7,15.7,14.13,14.27
2018-01-02,16.1,16.1,14.73,15.03
2018-01-03,15.4,15.46,14.53,14.81
2018-01-04,14.96,15.07,14.53,14.67
2018-01-05,14.78,14.98,14.42,14.45
2018-01-08,15.04,15.32,14.75,14.81
2018-01-09,14.98,15.01,14.26,14.27
2018-01-10,14.46,14.73,14.29,14.64
2018-01-11,14.87,15.65,14.78,14.95
2018-01-12,15.15,15.22,14.32,14.32
2018-01-15,14.92,15.72,14.83,15.46
2018-01-16,15.61,16.1,15.61,15.99
2018-01-17,16.29,18.64,16.22,16.9
2018-01-18,16.96,18.91,16.85,18.89
2018-01-19,19.12,19.58,17.99,18.88
2018-01-22,19.8,19.87,18.8,18.88
2018-01-23,20.18,20.18,18.48,19.28
2018-01-24,19.7,21.2,19.61,21.04
2018-01-25,20.98,21.08,18.71,18.78
2018-01-26,18.81,19.12,16.95,17.11
2018-01-29,17.91,18.58,16.99,18.49
2018-01-30,18.83,18.9,15.78,16.08
2018-01-31,16.32,17.44,16.21,17.15
2018-02-01,17.34,17.63,16.77,16.79
2018-02-02,17.19,18.15,16.84,17.03
2018-02-05,18.39,19.1,18.04,18.55
2018-02-06,19.53,22.62,19.47,22.2
2018-02-07,21.64,24.3,20.15,24.06
2018-02-08,24.29,26.54,24.29,25.67
2018-02-09,27.0,38.34,27.0,33.06
2018-02-12,35.23,35.56,24.82,28.19
2018-02-13,28.39,28.39,25.4,27.53
2018-02-14,27.72,27.75,26.14,27.32
2018-02-22,27.32,27.66,27.07,27.07
2018-02-23,26.98,26.98,23.97,23.97
2018-02-26,23.98,24.9,23.92,24.32
2018-02-27,24.35,25.7,24.2,25.59
2018-02-28,24.6,25.99,24.6,25.97
2018-03-01,25.98,25.98,24.0,24.08
2018-03-02,24.08,24.2,23.5,23.6
2018-03-05,23.6,23.7,22.07,22.17
2018-03-06,22.15,22.17,21.07,21.15
2018-03-07,21.17,21.98,21.12,21.85
2018-03-08,21.84,21.84,20.93,20.93
2018-03-09,20.92,20.98,20.3,20.38
2018-03-12,20.36,21.45,20.3,21.29
2018-03-13,21.3,21.8,21.02,21.69
2018-03-14,21.78,21.97,20.23,20.81
2018-03-15,20.71,20.91,19.98,20.17
2018-03-16,20.7,20.72,19.77,20.59
2018-03-19,20.73,20.99,20.58,20.81
2018-03-20,21.22,21.34,20.31,20.59
2018-03-21,20.86,21.11,20.21,21.11
2018-03-22,20.95,21.62,20.35,20.57
2018-03-23,21.2,23.15,21.2,23.15
2018-03-26,24.7,25.52,22.56,23.11
2018-03-27,23.27,23.27,21.52,21.79
2018-03-28,21.92,22.48,21.06,21.4
2018-03-29,25.5,25.97,24.43,25.38
2018-03-30,25.34,26.01,24.43,24.85
2018-04-02,25.3,25.5,24.22,24.47
2018-04-03,25.13,25.16,24.12,24.38
2018-04-04,24.36,24.4,23.6,24.1
2018-04-09,24.71,24.73,24.58,24.66
2018-04-10,24.66,24.77,22.65,23.01
2018-04-11,23.3,23.36,22.86,23.21
2018-04-12,23.39,23.8,23.2,23.69
2018-04-13,23.4,23.8,23.2,23.79
2018-04-16,25.1,25.65,25.0,25.25
2018-04-17,25.25,25.89,25.12,25.32
2018-04-18,25.2,25.47,24.86,24.9
2018-04-19,25.15,25.15,23.27,23.3
2018-04-20,23.65,23.71,22.37,22.6
2018-04-23,23.4,23.4,22.49,22.51
2018-04-24,22.71,22.93,21.09,22.56
2018-04-25,22.95,23.97,22.23,22.3
2018-04-26,22.3,22.9,22.2,22.6
2018-04-27,22.85,24.37,22.49,23.39
2018-05-02,24.93,25.25,24.84,25.13
2018-05-03,25.26,25.68,24.76,25.3
2018-05-04,25.5,25.86,25.43,25.66
2018-05-07,26.44,26.6,25.34,25.46
2018-05-08,25.54,25.59,24.06,24.13
2018-05-09,24.37,24.44,23.5,23.68
2018-05-10,23.68,23.68,22.26,22.27
2018-05-11,22.4,22.47,21.68,21.78
2018-05-14,22.31,22.43,20.51,20.52
2018-05-15,20.76,20.8,19.09,19.57
2018-05-16,19.88,20.16,19.2,20.16
2018-05-17,19.99,20.13,18.72,18.78
2018-05-18,18.82,18.82,16.97,18.36
2018-05-21,18.78,19.12,17.54,17.95
2018-05-22,18.16,18.32,17.23,17.91
2018-05-23,17.8,18.59,17.51,18.57
2018-05-24,17.84,18.62,17.22,17.98
2018-05-25,18.02,18.37,17.56,17.99
2018-05-28,18.43,18.77,17.89,18.2
2018-05-29,18.57,19.02,18.42,18.8
2018-05-30,19.09,21.47,19.09,21.47
2018-05-31,20.83,21.16,19.76,20.27
2018-06-01,20.42,20.62,20.25,20.47
2018-06-04,20.55,20.61,19.08,19.52
2018-06-05,19.57,19.64,18.54,18.74
2018-06-06,19.1,19.1,18.57,18.86
2018-06-07,18.87,18.87,18.0,18.23
2018-06-08,18.23,19.76,18.23,19.24
2018-06-11,19.95,20.26,19.35,20.04
2018-06-12,20.35,20.35,18.85,18.94
2018-06-13,19.19,19.28,18.91,19.25
2018-06-14,19.56,19.99,18.91,19.62
2018-06-15,19.84,20.35,19.47,20.02
2018-06-19,21.99,25.08,21.72,23.67
2018-06-20,23.82,23.82,21.09,21.14
2018-06-21,21.3,21.4,19.34,19.86
2018-06-22,20.1,20.6,19.37,19.39
2018-06-25,20.19,20.49,19.54,20.49
2018-06-26,21.13,22.76,20.2,20.6
2018-06-27,21.06,22.64,20.41,22.15
2018-06-28,22.97,24.19,22.41,22.9
2018-06-29,22.91,23.23,20.81,21.16
2018-07-02,23.43,27.01,23.32,26.38
2018-07-03,25.55,27.62,25.0,25.93
2018-07-04,26.48,27.57,26.48,27.12
2018-07-05,27.4,28.19,26.6,27.43
2018-07-06,27.06,28.0,25.64,25.72
2018-07-09,26.11,26.11,22.71,22.74
2018-07-10,23.65,24.44,22.74,22.83
2018-07-11,26.19,27.61,25.43,25.52
2018-07-12,25.57,25.57,22.58,23.35
2018-07-13,23.95,24.64,23.52,23.52
2018-07-16,24.6,24.64,23.46,23.46
2018-07-17,23.97,24.46,22.86,22.9
2018-07-18,22.62,22.62,21.07,21.86
2018-07-19,21.45,21.45,20.27,20.73
2018-07-20,22.52,22.93,20.51,21.3
2018-07-23,22.96,23.0,21.21,21.37
2018-07-24,23.6,23.85,23.07,23.3
2018-07-25,23.7,24.16,23.25,23.28
2018-07-26,23.53,23.57,22.59,22.61
2018-07-27,22.88,23.26,21.6,21.68
2018-07-30,22.6,22.64,21.83,22.02
2018-07-31,22.38,22.45,21.94,21.94
2018-08-01,22.47,24.05,21.95,23.8
2018-08-02,24.2,26.22,24.09,24.73
2018-08-03,25.17,25.8,24.55,24.89
2018-08-06,25.69,26.34,24.81,25.73
2018-08-07,25.6,26.19,25.04,25.28
2018-08-08,25.43,25.92,25.34,25.43
2018-08-09,25.76,25.87,24.87,25.32
2018-08-10,25.35,25.7,24.35,24.53
2018-08-13,25.86,26.43,24.98,25.33
2018-08-14,25.45,25.82,25.11,25.19
2018-08-15,25.55,26.37,25.45,25.92
2018-08-16,27.0,28.06,26.01,26.17
2018-08-17,26.06,26.77,25.86,26.35
2018-08-20,27.23,27.39,26.29,26.3
2018-08-21,26.53,26.56,23.92,23.95
2018-08-22,24.28,24.35,22.9,22.97
2018-08-23,22.97,22.97,21.6,21.97
2018-08-24,22.24,22.37,21.08,21.91
2018-08-27,22.32,22.68,21.95,22.03
2018-08-28,22.21,22.43,21.86,22.21
2018-08-29,22.59,22.81,22.45,22.7
2018-08-30,22.68,23.02,22.05,22.72
2018-08-31,23.28,23.48,22.41,22.42
2018-09-03,22.46,23.03,22.46,23.03
2018-09-04,23.03,23.17,21.98,22.1
2018-09-05,22.37,23.37,22.35,23.25
2018-09-06,23.87,24.09,23.39,23.84
2018-09-07,23.78,23.94,23.21,23.39
2018-09-10,23.39,24.74,23.39,24.54
2018-09-11,24.63,24.69,23.9,23.96
2018-09-12,23.96,24.23,23.65,23.65
2018-09-13,23.73,23.9,23.0,23.1
2018-09-14,23.25,23.25,21.45,21.58
2018-09-17,22.41,22.42,20.94,20.94
2018-09-18,21.13,21.14,19.57,20.37
2018-09-19,20.55,20.62,18.83,19.19
2018-09-20,19.35,19.35,18.39,18.39
2018-09-21,18.75,19.35,18.35,19.25
2018-09-25,20.93,21.3,20.44,20.47
2018-09-26,20.76,22.01,20.36,21.11
2018-09-27,21.56,21.56,20.52,20.6
2018-09-28,20.75,22.01,20.58,21.78
2018-10-08,26.0,27.23,24.23,24.4
2018-10-09,24.05,24.05,22.94,23.11
2018-10-10,23.22,23.22,22.56,23.12
2018-10-11,25.37,25.7,24.04,25.56
2018-10-12,26.5,26.71,25.35,25.83
2018-10-15,26.75,27.11,26.56,26.85
2018-10-16,26.88,26.88,25.37,26.38
2018-10-17,25.9,27.36,25.87,26.53
2018-10-18,26.84,28.27,26.84,28.08
2018-10-19,28.5,29.07,25.62,26.04
2018-10-22,26.83,26.85,25.41,26.15
2018-10-23,26.63,27.67,26.45,27.46
2018-10-24,27.92,28.49,27.08,27.44
2018-10-25,29.6,29.86,28.34,28.47
2018-10-26,28.68,29.98,28.67,29.37
2018-10-29,31.5,32.12,31.5,31.81
2018-10-30,32.22,32.78,31.79,31.79
2018-10-31,32.27,32.61,31.01,31.1
2018-11-01,29.44,29.51,28.47,29.06
2018-11-02,29.38,29.4,28.28,28.28
2018-11-05,29.79,30.36,29.79,30.13
2018-11-06,30.47,30.91,30.47,30.84
2018-11-07,30.92,31.08,30.73,30.9
2018-11-08,30.73,30.94,30.42,30.43
2018-11-09,31.04,31.57,30.89,31.01
2018-11-12,31.83,32.04,31.19,31.33
2018-11-13,31.88,31.89,30.49,30.59
2018-11-14,30.9,30.93,30.04,30.04
2018-11-15,30.49,30.49,29.12,29.33
2018-11-16,29.61,29.61,28.45,28.68
2018-11-19,29.64,29.67,28.13,28.13
2018-11-20,28.54,28.59,27.04,27.24
2018-11-21,27.54,27.73,26.99,27.13
2018-11-22,27.41,27.54,26.26,26.35
2018-11-23,26.52,26.52,25.34,25.62
2018-11-26,26.63,26.75,25.34,25.76
2018-11-27,25.98,26.03,24.87,24.88
2018-11-28,25.11,25.11,23.85,24.19
2018-11-29,24.15,24.38,23.68,24.33
2018-11-30,24.13,24.95,23.68,24.9
2018-12-03,24.26,24.62,22.81,22.82
2018-12-04,22.23,22.26,20.76,20.83
2018-12-05,20.92,21.24,20.71,20.78
2018-12-06,20.49,21.22,20.49,20.94
2018-12-07,21.0,21.05,19.8,19.91
2018-12-10,20.5,20.65,19.83,20.36
2018-12-11,20.47,20.47,20.03,20.33
2018-12-12,20.44,20.44,20.02,20.17
2018-12-13,20.27,20.27,19.15,19.2
2018-12-14,19.41,19.67,19.23,19.44
2018-12-17,20.21,21.0,20.21,20.33
2018-12-18,20.58,21.12,20.52,20.64
2018-12-19,20.91,20.99,20.54,20.75
2018-12-20,21.5,24.0,21.47,23.2
2018-12-21,23.39,25.33,23.36,23.78
2018-12-24,25.94,26.05,22.8,22.83
2018-12-25,23.8,24.49,23.49,23.85
2018-12-26,24.01,24.7,23.38,23.38
2018-12-27,23.81,23.9,23.07,23.13
2018-12-28,23.08,23.08,22.64,22.71
2019-01-02,23.48,23.48,22.13,22.22
2019-01-03,22.37,22.37,21.33,21.68
2019-01-04,22.28,22.33,21.19,21.2
2019-01-07,21.79,22.17,21.49,21.61
2019-01-08,21.67,21.7,20.55,20.69
2019-01-09,20.43,20.43,18.67,18.87
2019-01-10,19.07,19.13,18.27,18.52
2019-01-11,18.49,18.5,17.92,18.15
2019-01-14,18.45,18.94,18.33,18.45
2019-01-15,18.46,18.46,17.35,17.61
2019-01-16,17.78,17.78,16.55,16.6
2019-01-17,16.71,17.21,16.57,17.21
2019-01-18,17.12,17.92,16.97,17.67
2019-01-21,18.52,19.92,18.38,18.93
2019-01-22,19.21,19.3,17.39,17.46
2019-01-23,17.84,17.89,16.84,16.9
2019-01-24,16.6,16.73,15.33,15.39
2019-01-25,15.42,15.47,14.77,15.02
2019-01-28,15.97,16.59,15.97,16.54
2019-01-29,16.9,17.86,16.89,17.81
2019-01-30,18.19,18.85,18.16,18.3
2019-01-31,18.42,18.47,17.77,18.03
2019-02-01,19.09,19.33,18.63,18.63
2019-02-11,21.0,21.0,19.02,19.05
2019-02-12,19.17,19.34,18.39,18.54
2019-02-13,18.7,20.17,18.63,20.0
2019-02-14,22.28,23.29,21.91,21.95
2019-02-15,23.12,23.32,19.99,20.32
2019-02-18,21.3,22.13,21.22,21.99
2019-02-19,23.61,23.61,22.6,22.86
2019-02-20,24.15,24.43,22.93,23.65
2019-02-21,24.82,24.87,21.83,22.58
2019-02-22,23.84,23.98,22.02,22.36
2019-02-25,24.1,23.8,34.21,32.8
2019-02-26,34.3,36.51,30.06,30.98
2019-02-27,30.95,31.75,30.41,30.93
2019-02-28,31.08,31.09,28.85,29.13
2019-03-01,28.6,28.6,27.26,27.32
2019-03-04,28.63,32.69,28.63,29.6
2019-03-05,29.91,30.74,29.91,30.52
2019-03-06,30.55,32.07,30.55,31.51
2019-03-07,31.89,32.65,31.89,32.65
2019-03-08,32.51,33.56,31.82,33.02
2019-03-11,33.17,33.54,28.9,30.11
2019-03-12,30.27,31.21,29.55,30.11
2019-03-13,30.4,30.95,29.6,30.0
2019-03-14,30.1,30.4,27.4,28.2
2019-03-15,28.34,28.34,26.86,27.19
2019-03-18,29.67,30.41,27.39,27.39
2019-03-19,29.2,30.22,29.2,29.85
2019-03-20,29.78,30.05,29.17,29.37
2019-03-21,29.65,30.55,29.5,30.17
2019-03-22,30.48,30.92,29.71,29.63
2019-03-25,31.5,31.5,27.55,27.7
2019-03-26,28.83,28.85,27.0,27.18
2019-03-27,27.74,27.74,26.21,26.3
2019-03-28,26.1,26.13,25.5,25.5
2019-03-29,26.43,29.47,25.85,27.33
2019-04-01,29.32,31.11,29.05,29.41
2019-04-02,30.57,31.02,29.1,29.92
2019-04-03,29.76,30.41,29.2,29.41
2019-04-04,30.15,31.88,30.15,31.0
2019-04-08,34.03,34.03,31.84,32.5
2019-04-09,33.24,33.24,30.86,31.06
2019-04-10,31.31,31.31,30.38,31.21
2019-04-11,31.59,32.0,30.71,31.0
2019-04-12,31.13,31.13,28.07,28.16
2019-04-15,30.37,30.73,28.09,28.13
2019-04-16,28.23,29.14,27.46,28.38
2019-04-17,28.46,29.89,28.42,28.7
2019-04-18,29.18,29.7,28.63,28.71
2019-04-19,29.89,29.89,27.97,28.4
2019-04-22,30.43,30.43,29.1,29.5
2019-04-23,29.89,29.89,27.64,27.64
2019-04-24,27.61,28.17,26.7,27.07
2019-04-25,27.15,27.16,26.37,26.74
2019-04-26,26.97,26.99,25.91,25.94
2019-04-29,26.9,27.08,25.34,25.39
2019-04-30,25.77,26.45,25.43,25.59
2019-05-06,28.63,32.1,28.17,29.41
2019-05-07,28.96,28.96,26.11,26.24
2019-05-08,27.82,28.08,26.14,27.2
2019-05-09,27.15,30.76,27.15,29.04
2019-05-10,28.88,31.51,28.36,29.04
2019-05-13,30.0,30.0,27.73,27.73
2019-05-14,28.38,28.66,26.65,26.68
2019-05-15,26.64,26.64,24.44,25.09
2019-05-16,24.7,24.7,23.81,23.93
2019-05-17,23.7,24.49,23.4,23.75
2019-05-20,23.56,25.17,23.21,23.21
2019-05-21,23.3,23.3,22.35,22.47
2019-05-22,22.6,22.7,21.3,21.55
2019-05-23,21.97,22.6,21.67,22.17
2019-05-24,21.95,22.07,21.24,21.76
2019-05-27,23.1,23.42,22.66,23.09
2019-05-28,23.44,23.44,22.01,22.25
2019-05-29,22.57,22.9,20.48,21.55
2019-05-30,22.05,22.59,21.43,21.78
2019-05-31,22.19,22.49,21.74,22.37
2019-06-03,23.48,23.87,22.52,23.15
2019-06-04,23.38,23.8,23.38,23.68
2019-06-05,23.6,23.92,23.19,23.33
2019-06-06,23.52,23.94,23.1,23.41
2019-06-10,24.21,24.21,22.15,22.3
2019-06-11,22.2,22.49,20.44,21.62
2019-06-12,21.85,22.16,21.41,21.66
2019-06-13,21.53,21.72,20.87,20.87
2019-06-14,21.0,21.5,20.82,21.15
2019-06-17,21.98,21.98,20.87,21.09
2019-06-18,21.14,21.38,20.3,20.3
2019-06-19,21.13,21.33,19.32,19.55
2019-06-20,19.6,25.96,19.35,23.12
2019-06-21,25.77,25.94,24.38,25.27
2019-06-24,26.14,26.8,25.79,26.22
2019-06-25,26.31,27.11,25.51,26.31
2019-06-26,26.51,26.69,25.56,26.02
2019-06-27,24.59,26.99,25.72,26.99
2019-06-28,27.2,28.0,27.0,27.95
2019-07-01,29.42,29.42,25.38,25.69
2019-07-02,25.68,25.68,24.57,24.78
2019-07-03,25.09,25.09,23.5,23.8
2019-07-04,23.87,23.91,22.97,23.38
2019-07-05,23.36,24.09,23.1,24.07
2019-07-08,24.34,25.2,23.03,23.31
2019-07-09,23.29,23.29,22.01,22.29
2019-07-10,22.48,22.62,22.15,22.36
2019-07-11,22.49,22.77,22.12,22.7
2019-07-12,22.82,22.86,22.27,22.58
2019-07-15,23.21,23.21,22.31,22.68
2019-07-16,22.79,23.02,22.67,23.01
2019-07-17,23.28,23.37,22.38,22.57
2019-07-18,22.62,22.84,22.25,22.41
2019-07-19,22.5,23.34,22.28,23.33
2019-07-22,24.3,24.3,21.96,22.05
2019-07-23,21.9,21.91,20.51,20.76
2019-07-24,20.75,20.75,19.45,19.78
2019-07-25,18.9,18.9,17.7,18.16
2019-07-26,18.2,18.76,18.2,18.49
2019-07-29,19.58,19.6,19.11,19.58
2019-07-30,19.61,19.68,19.28,19.63
2019-07-31,19.78,20.04,19.54,19.98
2019-08-01,20.03,20.03,17.99,17.99
2019-08-02,18.83,19.88,18.65,18.68
2019-08-05,19.33,20.59,18.89,20.59
2019-08-06,22.8,25.32,21.54,22.21
2019-08-07,21.55,21.88,20.68,21.28
2019-08-08,20.89,20.9,20.19,20.77
2019-08-09,20.6,20.69,20.17,20.147
2019-08-12,20.33,20.56,20.03,20.46
2019-08-13,20.64,20.67,20.28,20.38
2019-08-14,19.95,20.03,19.69,19.798
2019-08-15,20.51,20.84,19.89,20.45
2019-08-16,20.52,20.88,20.18,20.34
2019-08-19,21.12,21.33,20.6,21.04
2019-08-20,21.03,21.72,20.65,20.83
2019-08-21,20.84,20.88,19.79,19.99
2019-08-22,19.98,20.1,19.49,19.8
2019-08-23,19.67,20.42,19.53,20.07
2019-08-26,21.6,21.62,21.07,21.23
2019-08-27,20.0,20.23,19.9,20.18
2019-08-28,20.11,20.33,19.88,19.97
2019-08-29,19.49,19.83,19.12,19.13
2019-08-30,18.89,19.26,18.6,19.26
2019-09-02,19.34,19.34,18.48,18.48
2019-09-03,18.6,18.6,18.3,18.44
2019-09-04,18.1,18.15,17.9,17.99
2019-09-05,18.34,21.17,18.34,18.77
2019-09-06,19.44,19.46,18.95,19.28
2019-09-09,21.37,21.37,19.83,20.4
2019-09-10,20.75,20.75,19.99,20.22
2019-09-11,20.04,20.09,19.62,19.79
2019-09-12,19.8,19.83,19.19,19.59
2019-09-16,19.58,19.86,18.59,18.72
2019-09-17,18.2,18.7,18.16,18.34
2019-09-18,18.13,18.16,17.45,17.9
2019-09-19,17.51,17.79,17.25,17.65
2019-09-20,17.57,17.57,17.0,17.01
2019-09-23,17.31,17.93,17.05,17.05
2019-09-24,16.77,16.95,16.47,16.63
2019-09-25,16.75,16.88,16.56,16.88
2019-09-26,16.83,17.15,16.53,17.14
2019-09-27,17.49,18.28,17.46,17.53
2019-09-30,18.75,19.0,17.46,17.76
2019-10-08,19.32,19.32,16.32,16.32
2019-10-09,16.3,16.43,15.86,16.0
2019-10-10,16.02,16.56,15.94,16.19
2019-10-11,16.19,17.0,15.77,16.24
2019-10-14,17.35,17.35,15.63,15.69
2019-10-15,15.61,15.68,15.03,15.22
2019-10-16,15.23,15.61,14.35,14.48
2019-10-17,14.68,15.4,14.68,15.4
2019-10-18,15.62,16.2,14.92,15.38
2019-10-21,15.38,15.39,14.43,14.5
2019-10-22,14.35,14.69,14.21,14.34
2019-10-23,14.42,14.65,14.24,14.52
2019-10-24,14.0,14.19,13.66,13.85
2019-10-25,14.15,14.28,13.53,13.61
2019-10-28,14.38,14.6,13.91,13.97
2019-10-29,14.18,14.43,13.93,14.13
2019-10-30,14.27,14.43,14.11,14.39
2019-10-31,14.46,14.76,14.36,14.67
2019-11-01,14.82,14.88,13.98,14.45
2019-11-04,14.85,15.2,14.33,14.8
2019-11-05,14.95,16.36,14.93,15.11
2019-11-06,15.27,15.53,14.82,14.9
2019-11-07,15.04,15.51,14.88,15.04
2019-11-08,15.59,15.73,15.13,15.19
2019-11-11,15.16,15.55,14.98,15.44
2019-11-12,15.46,15.52,14.86,14.88
2019-11-13,14.98,15.28,14.98,15.13
2019-11-14,15.24,15.42,15.12,15.39
2019-11-15,15.54,16.03,15.38,15.41
2019-11-18,16.11,16.11,14.62,14.62
2019-11-19,14.78,14.78,13.72,14.17
2019-11-20,13.85,14.1,13.45,13.75
2019-11-21,13.9,14.31,13.54,13.96
2019-11-22,13.98,14.59,13.45,14.45
2019-11-25,14.95,15.12,14.41,14.42
2019-11-26,14.35,14.73,14.05,14.44
2019-11-27,14.78,14.78,14.06,14.27
2019-11-28,14.2,14.25,13.84,13.84
2019-11-29,13.91,14.74,13.52,14.04
2019-12-02,14.52,14.67,13.72,13.74
2019-12-03,13.96,14.06,13.58,13.66
2019-12-04,13.85,14.11,13.5,13.58
2019-12-05,13.4,13.56,12.8,12.91
2019-12-06,12.68,12.71,12.41,12.46
2019-12-09,13.0,13.0,12.57,12.6
2019-12-10,12.63,12.78,12.5,12.58
2019-12-11,12.76,12.76,12.37,12.37
2019-12-12,12.43,12.52,12.35,12.52
2019-12-13,12.57,14.38,12.38,14.02
2019-12-16,14.14,14.14,13.18,13.48
2019-12-17,13.64,15.76,13.51,14.17
2019-12-18,14.26,15.22,14.12,14.46
2019-12-19,14.75,15.18,14.63,15.11
2019-12-20,15.54,15.71,14.71,14.8
2019-12-23,15.13,15.33,13.94,14.3
2019-12-24,14.52,14.54,13.47,13.47
2019-12-25,13.25,13.62,13.24,13.53
2019-12-26,13.68,13.85,13.12,13.28
2019-12-27,13.52,14.38,13.52,13.69
2019-12-30,14.14,15.14,13.89,14.76
2019-12-31,15.05,15.58,15.05,15.25
2020-01-02,16.1,17.11,15.51,15.52
2020-01-03,15.9,16.0,15.14,15.29
2020-01-06,15.82,16.46,15.57,16.02
2020-01-07,16.25,16.6,16.08,16.35
2020-01-08,16.39,16.7,16.2,16.21
2020-01-09,16.6,16.6,15.78,15.78
2020-01-10,16.06,16.23,15.43,15.44
2020-01-13,15.93,15.96,15.2,15.25
2020-01-14,15.47,15.61,14.77,14.88
2020-01-15,15.16,15.16,14.58,14.8
2020-01-16,14.87,15.07,13.68,14.14
2020-01-17,14.0,14.13,13.54,13.72
2020-01-20,14.8,14.8,14.07,14.4
2020-01-21,14.85,16.17,14.61,15.88
2020-01-22,16.49,20.01,15.19,15.19
2020-01-23,16.18,19.0,15.55,17.37
2020-02-03,30.1,32.86,26.05,32.46
2020-02-04,25.69,26.81,23.4,23.4
2020-02-05,23.62,23.67,20.92,21.04
2020-02-06,20.94,21.72,19.91,21.01
2020-02-07,21.85,22.41,21.07,22.26
2020-02-10,23.42,23.42,21.86,21.87
2020-02-11,22.13,22.13,19.92,20.03
2020-02-12,20.44,20.44,19.0,19.3
2020-02-13,19.32,20.04,19.0,19.69
2020-02-14,19.98,19.98,18.71,18.78
2020-02-17,19.63,19.85,18.08,18.96
2020-02-18,18.95,20.01,18.7,19.04
2020-02-19,19.39,19.51,18.89,19.35
2020-02-20,19.21,20.03,19.07,19.57
2020-02-21,20.0,22.05,19.94,20.77
2020-02-24,21.7,22.62,21.18,22.45
2020-02-25,24.5,24.57,22.74,23.13
2020-02-26,24.14,24.58,23.29,23.85
2020-02-27,24.25,24.25,20.26,20.54
2020-02-28,22.15,24.14,21.22,24.14
2020-03-02,23.77,23.77,20.78,21.44
2020-03-03,21.54,21.54,20.3,20.89
2020-03-04,20.79,21.48,20.63,21.08
2020-03-05,21.42,21.83,21.06,21.45
2020-03-06,21.99,22.73,21.98,22.73
2020-03-09,24.91,28.65,24.7,28.65
2020-03-10,27.07,29.83,26.41,27.82
2020-03-11,27.94,28.16,27.24,27.69
2020-03-12,29.05,31.75,29.05,30.5
2020-03-13,38.44,38.87,33.03,37.42
2020-03-16,38.1,40.63,35.17,40.57
2020-03-17,38.5,43.98,38.03,40.15
2020-03-18,40.06,40.06,29.88,35.29
2020-03-19,38.0,42.1,35.81,37.0
2020-03-20,35.18,36.15,31.79,32.84
2020-03-23,43.15,43.15,37.39,38.28
2020-03-24,35.64,37.06,34.0,35.29
2020-03-25,36.8,36.8,33.79,34.64
2020-03-26,34.45,34.45,32.99,33.67
2020-03-27,33.69,34.39,32.97,34.39
2020-03-30,35.41,35.41,33.92,33.92
2020-03-31,32.88,32.88,31.04,31.44
2020-04-01,31.37,31.37,28.83,29.59
2020-04-02,29.56,29.56,27.95,27.95
2020-04-03,28.15,29.44,27.83,28.98
2020-04-07,28.95,28.95,26.65,26.7
2020-04-08,26.8,26.8,24.78,24.88
2020-04-09,24.6,24.6,23.43,23.61
2020-04-10,23.54,23.58,22.06,22.71
2020-04-13,23.31,23.31,21.08,21.08
2020-04-14,21.01,21.01,19.4,20.27
2020-04-15,20.24,21.29,19.87,20.95
2020-04-16,21.19,21.19,20.35,20.62
2020-04-17,21.5,21.63,20.43,20.7
2020-04-20,21.55,21.55,20.81,20.93
2020-04-21,21.14,22.09,20.43,20.86
2020-04-22,21.24,21.28,20.55,20.57
2020-04-23,19.79,20.12,19.11,19.21
2020-04-24,19.57,19.58,18.9,18.94
2020-04-27,19.84,19.84,18.59,18.64
2020-04-28,18.8,19.72,18.52,18.7
2020-04-29,19.16,20.04,18.99,19.66
2020-04-30,20.16,21.57,20.16,21.47
2020-05-06,23.47,23.47,20.48,20.72
2020-05-07,21.11,21.11,19.68,19.69
2020-05-08,19.7,19.7,18.8,18.81
2020-05-11,19.83,19.83,18.77,19.28
2020-05-12,19.7,19.7,19.01,19.42
2020-05-13,19.87,19.87,19.15,19.26
2020-05-14,19.83,19.83,18.61,19.26
2020-05-15,19.43,19.51,18.79,18.89
2020-05-18,18.55,18.88,18.13,18.39
2020-05-19,18.46,18.46,17.65,17.89
2020-05-20,17.61,17.95,17.3,17.95
2020-05-21,18.07,18.71,17.62,18.71
2020-05-22,20.9,23.5,20.8,21.0
2020-05-25,22.28,22.76,19.25,19.42
2020-05-26,19.85,19.85,18.38,18.96
2020-05-27,19.07,19.79,18.89,19.67
2020-05-28,19.29,21.17,18.8,19.64
2020-05-29,20.55,20.55,19.79,19.91
2020-06-01,19.08,19.08,17.86,18.06
2020-06-02,18.36,18.51,17.55,17.59
2020-06-03,17.76,19.03,17.69,18.08
2020-06-04,18.38,18.66,18.06,18.21
2020-06-05,18.16,18.19,17.52,17.55
2020-06-08,18.1,18.25,17.44,17.56
2020-06-09,17.7,17.79,17.44,17.63
2020-06-10,17.84,18.11,17.68,18.04
2020-06-11,18.09,19.01,17.85,18.52
2020-06-12,19.5,19.6,17.94,18.15
2020-06-15,19.17,19.6,18.24,19.6
2020-06-16,18.97,18.97,17.35,17.54
2020-06-17,17.82,18.24,17.65,17.94
2020-06-18,18.3,18.5,17.75,18.13
2020-06-19,18.27,18.73,17.88,18.39
2020-06-22,19.45,20.22,18.79,19.7
2020-06-23,20.34,20.69,19.89,19.91
2020-06-24,19.9,21.0,19.8,20.0
2020-06-29,21.0,21.0,18.84,18.84
2020-06-30,18.63,18.63,17.55,17.98
2020-07-01,18.12,19.19,17.76,18.81
2020-07-02,19.11,23.46,19.11,22.53
2020-07-03,24.56,27.82,23.32,25.01
2020-07-06,29.43,39.09,29.43,37.69
2020-07-07,45.67,51.25,33.75,35.55
2020-07-08,34.0,32.2,35.0,33.2
2020-07-09,33.0,34.4,31.5,32.0
2020-07-10,31.3,32.0,30.5,31.0
2020-07-13,31.0,31.5,29.8,30.0
2020-07-14,29.97,32.0,29.24,29.8
2020-07-15,30.26,31.07,29.34,30.3
2020-07-16,30.7,32.76,30.34,32.76
2020-07-17,32.48,32.72,27.59,28.0
2020-07-20,28.91,29.97,26.41,28.81
2020-07-21,29.8,29.8,27.1,27.28
2020-07-22,27.54,29.8,26.29,26.96
2020-07-23,27.45,29.89,27.0,27.87
2020-07-24,28.83,32.11,28.68,31.34
2020-07-27,31.15,31.41,29.7,29.71
2020-07-28,29.31,29.55,28.88,28.9
2020-07-29,29.24,30.37,29.15,29.49
2020-07-30,29.88,30.35,29.56,29.57
2020-07-31,30.03,31.53,30.03,30.72
2020-08-03,32.19,32.56,31.64,31.84
2020-08-04,32.1,32.3,31.69,32.05
2020-08-05,31.71,32.2,31.1,31.41
2020-08-06,31.76,32.2,30.97,31.65
2020-08-07,32.03,32.13,30.75,30.78
2020-08-10,32.0,32.2,30.46,30.7
2020-08-11,30.67,30.7,29.5,29.67
2020-08-12,29.89,30.0,29.16,29.26
2020-08-13,29.13,29.83,28.62,28.75
2020-08-14,28.78,28.79,27.72,28.12
2020-08-17,29.22,32.29,28.76,31.25
2020-08-18,31.86,32.02,30.45,31.0
2020-08-19,31.97,31.97,29.47,29.79
2020-08-20,30.41,30.52,29.06,29.08
2020-08-21,29.21,29.21,28.45,28.92
2020-08-24,30.12,30.12,27.7,27.92
2020-08-25,27.12,27.82,27.12,27.54
2020-08-26,27.87,28.76,27.18,28.61
2020-08-27,28.14,28.25,26.43,26.54
2020-08-28,26.61,27.23,25.77,27.07
2020-08-31,27.95,28.89,26.65,26.65
2020-09-01,26.79,26.9,26.3,26.64
2020-09-02,27.12,27.54,26.67,27.1
2020-09-03,27.53,27.69,27.08,27.37
2020-09-04,27.79,28.94,26.96,27.09
2020-09-07,27.89,28.35,26.7,27.51
2020-09-08,27.49,27.54,26.68,26.89
2020-09-09,27.49,28.0,26.68,26.8
2020-09-10,27.57,27.62,25.88,25.96
2020-09-11,26.02,26.29,24.58,24.74
2020-09-14,25.47,25.47,23.13,23.31
2020-09-15,23.43,23.47,22.35,22.7
2020-09-16,22.74,22.78,21.76,21.98
2020-09-17,22.11,22.42,21.55,21.97
2020-09-18,21.7,23.69,20.97,23.29
2020-09-21,23.0,24.5,22.6,23.8
2020-09-22,24.6,25.0,23.83,23.93
2020-09-23,23.24,23.71,23.2,23.39
2020-09-24,23.42,25.33,23.42,24.61
2020-09-25,24.49,25.18,24.1,24.79
2020-09-28,25.64,26.46,25.45,26.35
2020-09-29,26.49,27.75,26.49,27.63
2020-09-30,27.97,28.36,26.8,28.28
2020-10-09,28.11,28.11,22.79,22.89
2020-10-12,23.82,25.84,22.81,25.09
2020-10-13,25.03,25.1,24.05,24.51
2020-10-14,24.75,24.75,23.67,23.71
2020-10-15,23.92,24.5,23.92,24.22
2020-10-16,24.6,24.61,23.82,24.0
2020-10-19,24.93,25.19,22.89,23.05
2020-10-20,23.33,23.33,21.85,22.46
2020-10-21,22.62,23.0,22.23,22.66
2020-10-22,23.0,23.57,22.61,22.74
2020-10-23,22.98,23.94,22.87,23.1
2020-10-26,24.29,24.92,22.84,23.04
2020-10-27,24.08,24.14,22.92,24.09
2020-10-28,23.2,23.58,22.63,22.81
2020-10-29,24.01,24.18,22.68,22.72
2020-10-30,23.15,24.14,22.86,23.73
2020-11-02,24.21,24.8,23.77,24.59
2020-11-03,24.25,24.47,24.02,24.45
2020-11-04,24.76,24.86,22.79,22.85
2020-11-05,24.5,25.0,22.84,23.04
2020-11-06,22.5,22.7,21.83,21.98
2020-11-09,22.9,24.38,22.44,23.24
2020-11-10,24.15,24.15,22.54,23.02
2020-11-11,23.2,23.21,22.33,22.38
2020-11-12,22.56,22.56,21.72,21.95
2020-11-13,22.18,22.3,21.13,21.15
2020-11-16,21.92,21.92,20.94,21.12
2020-11-17,21.0,21.19,20.45,20.91
2020-11-18,21.07,21.67,20.85,21.55
2020-11-19,21.83,21.86,21.56,21.79
2020-11-20,22.16,22.16,20.83,20.83
2020-11-23,21.6,23.27,21.02,22.14
2020-11-24,22.24,22.71,21.22,21.35
2020-11-25,21.74,22.35,20.83,20.83
2020-11-26,20.88,20.88,19.69,19.96
2020-11-27,20.16,20.8,19.91,20.77
2020-11-30,21.74,24.3,20.94,21.16
2020-12-01,21.41,24.38,20.97,23.77
2020-12-02,24.29,26.08,23.38,24.14
2020-12-03,24.11,24.72,23.91,23.96
2020-12-04,23.99,23.99,22.81,23.05
2020-12-07,22.8,23.09,21.64,21.76
2020-12-08,21.76,21.94,20.57,21.0
2020-12-09,20.93,20.93,19.86,19.98
2020-12-10,20.13,20.13,18.87,19.02
2020-12-11,19.02,20.65,18.73,19.64
2020-12-14,20.26,20.26,18.53,18.71
2020-12-15,18.8,18.92,18.44,18.66
2020-12-16,18.71,19.11,18.48,18.7
2020-12-17,18.79,19.56,18.14,19.05
2020-12-18,19.04,19.29,18.52,18.52
2020-12-21,19.15,20.5,19.15,20.25
2020-12-22,19.4,20.12,19.29,19.46
2020-12-23,19.57,19.7,19.12,19.26
2020-12-24,19.31,19.52,18.45,18.54
2020-12-25,18.68,18.83,18.1,18.16
2020-12-28,18.95,19.23,18.44,18.56
2020-12-29,19.0,19.38,18.86,19.02
2020-12-30,19.24,19.58,19.09,19.13
2020-12-31,19.52,22.0,19.52,20.26
2021-01-04,21.46,22.21,20.66,21.0
2021-01-05,20.88,21.2,20.28,20.84
2021-01-06,22.0,23.9,21.51,22.59
2021-01-07,23.6,26.1,23.45,26.1
2021-01-08,27.93,29.34,25.61,26.08
2021-01-11,26.84,26.86,23.44,23.44
2021-01-12,23.46,25.01,22.36,24.97
2021-01-13,25.9,27.57,24.12,24.38
2021-01-14,24.59,24.95,23.81,23.94
2021-01-15,24.13,24.16,22.07,22.12
2021-01-18,23.04,23.59,21.96,22.56
2021-01-19,22.79,23.15,22.27,22.78
2021-01-20,22.82,23.03,22.3,22.5
2021-01-21,22.6,24.41,22.43,23.29
2021-01-22,23.65,23.65,21.92,22.18
2021-01-25,23.36,23.51,22.51,22.97
2021-01-26,23.13,24.18,22.76,22.97
2021-01-27,23.17,23.55,22.22,22.48
2021-01-28,23.61,24.69,23.61,24.34
2021-01-29,24.35,26.26,23.7,24.53
2021-02-01,25.71,26.28,24.96,25.04
2021-02-02,25.24,25.24,23.02,23.19
2021-02-03,23.56,23.59,21.91,22.01
2021-02-04,22.47,23.98,22.02,23.04
2021-02-05,23.22,24.25,23.13,23.53
2021-02-08,24.71,24.85,23.91,23.93
2021-02-09,24.28,24.56,23.54,23.54
2021-02-10,23.91,25.46,23.91,24.98
2021-02-18,27.0,27.0,23.14,24.56
2021-02-19,24.83,24.92,22.44,22.44
2021-02-22,23.4,24.59,22.66,24.59
2021-02-23,24.89,24.89,22.84,23.89
2021-02-24,23.7,27.4,23.64,24.84
2021-02-25,24.3,24.37,23.07,23.18
2021-02-26,23.47,25.24,22.58,24.26
2021-03-01,25.91,26.13,24.01,24.34
2021-03-02,24.19,25.01,22.78,23.71
2021-03-03,25.0,26.67,22.86,23.33
2021-03-04,23.59,26.09,23.59,25.08
2021-03-05,26.52,28.41,25.53,26.96
2021-03-08,26.24,28.2,25.56,27.73
2021-03-09,27.81,30.67,26.58,27.17
2021-03-10,27.15,27.49,26.02,26.07
2021-03-11,25.9,25.9,23.68,24.07
2021-03-12,23.96,24.37,22.51,22.56
2021-03-15,23.3,24.0,22.98,23.26
2021-03-16,23.29,23.8,22.11,22.47
2021-03-17,22.69,23.15,22.17,22.71
2021-03-18,22.8,23.0,22.16,22.26
2021-03-19,23.08,23.33,22.25,22.77
2021-03-22,23.48,23.48,21.85,22.03
2021-03-23,21.94,22.47,21.13,21.24
2021-03-24,21.8,22.68,21.55,21.65
2021-03-25,22.9,23.58,21.05,21.36
2021-03-26,20.98,20.98,19.98,20.19
2021-03-29,20.75,20.9,20.04,20.29
2021-03-30,20.43,20.89,19.93,20.23
2021-03-31,20.36,20.65,19.87,19.89
2021-04-01,19.85,19.9,18.98,19.14
2021-04-02,19.5,19.87,19.26,19.27
2021-04-06,20.25,20.38,19.54,19.59
2021-04-07,19.69,19.69,18.87,18.93
2021-04-08,19.32,19.43,18.42,18.59
2021-04-09,18.93,19.37,18.5,18.52
2021-04-12,19.45,19.84,18.95,19.31
2021-04-13,19.51,19.69,18.48,19.43
2021-04-14,19.34,19.71,18.78,19.17
2021-04-15,19.85,20.96,19.25,19.38
2021-04-16,19.56,19.94,18.79,18.91
2021-04-19,19.85,19.85,19.13,19.54
2021-04-20,19.72,19.94,19.4,19.51
2021-04-21,19.79,20.02,19.41,19.68
2021-04-22,19.75,19.97,19.51,19.61
2021-04-23,19.74,20.06,19.69,19.69
2021-04-26,20.32,20.6,20.2,20.6
2021-04-27,20.3,20.47,19.62,20.01
2021-04-28,20.58,20.71,19.37,19.54
2021-04-29,19.69,20.24,19.42,19.61
2021-04-30,20.02,20.41,19.44,19.5
2021-05-06,20.61,20.61,19.03,19.24
2021-05-07,19.1,19.51,18.52,19.07
2021-05-10,19.5,19.63,18.91,18.98
2021-05-11,19.52,20.46,18.71,19.19
2021-05-12,19.33,19.7,19.22,19.42
2021-05-13,19.76,20.43,19.43,19.44
2021-05-14,19.54,19.88,19.0,19.62
2021-05-17,20.28,21.44,20.18,20.41
2021-05-18,20.64,20.83,19.76,20.04
2021-05-19,20.08,20.08,19.39,19.52
2021-05-20,19.72,19.93,19.16,19.39
2021-05-21,19.62,19.92,18.92,19.18
2021-05-24,19.83,20.06,19.09,19.3
2021-05-25,19.07,21.27,18.94,20.61
2021-05-26,21.24,21.76,20.54,20.75
2021-05-27,20.24,21.63,19.79,21.0
2021-05-28,22.74,23.81,22.45,22.48
2021-05-31,23.52,23.52,22.56,22.95
2021-06-01,23.44,23.48,22.59,22.71
2021-06-02,23.17,23.25,21.37,21.37
2021-06-03,21.45,21.72,20.53,20.53
2021-06-04,20.66,22.16,20.01,20.74
2021-06-07,21.61,21.66,21.01,21.28
2021-06-08,21.33,22.0,21.22,21.77
2021-06-09,21.96,22.0,20.57,20.95
2021-06-10,21.2,21.2,20.09,20.15
2021-06-11,20.52,20.65,20.2,20.31
2021-06-15,21.4,21.4,19.79,19.89
2021-06-16,20.12,20.84,19.86,20.78
2021-06-17,21.18,21.28,19.32,19.76
2021-06-18,20.02,20.37,19.33,19.75
2021-06-21,20.62,21.18,20.06,20.09
2021-06-22,20.26,20.28,19.37,19.64
2021-06-23,19.77,19.78,18.19,18.28
2021-06-24,19.12,19.8,19.0,19.3
2021-06-25,19.25,19.33,18.54,19.02
2021-06-28,19.08,19.25,18.38,18.47
2021-06-29,18.64,18.74,18.29,18.35
2021-06-30,18.65,19.13,18.47,18.93
2021-07-01,19.39,19.56,18.31,18.37
2021-07-02,18.83,20.16,18.83,19.64
2021-07-05,20.53,20.62,18.69,18.69
2021-07-06,18.72,19.3,18.37,18.38
2021-07-07,18.63,18.63,17.64,17.66
2021-07-08,17.89,19.01,17.78,18.45
2021-07-09,18.83,20.02,18.33,18.39
2021-07-12,19.46,19.76,18.94,19.02
2021-07-13,19.2,19.2,18.61,18.63
2021-07-14,18.8,19.3,18.47,18.62
2021-07-15,18.87,18.98,17.97,18.45
2021-07-16,18.7,18.79,18.12,18.32
2021-07-19,19.3,19.78,18.39,18.56
2021-07-20,19.04,19.41,18.75,18.91
2021-07-21,18.98,18.98,18.27,18.31
2021-07-22,18.64,18.69,17.95,18.27
2021-07-23,18.38,18.5,18.03,18.14
2021-07-26,19.53,23.9,19.53,21.36
2021-07-27,21.77,23.8,19.88,23.46
2021-07-28,23.4,25.97,21.58,21.96
2021-07-29,22.9,22.9,20.86,21.22
2021-07-30,21.96,21.96,20.45,20.72
2021-08-02,21.72,21.9,20.19,20.67
2021-08-03,20.98,20.98,19.66,19.67
2021-08-04,19.93,20.03,19.62,19.83
2021-08-05,20.12,20.15,19.5,19.64
2021-08-06,19.76,19.76,19.15,19.15
2021-08-09,19.76,19.76,19.14,19.14
2021-08-10,19.21,19.55,19.0,19.55
2021-08-11,19.79,20.59,19.23,19.36
2021-08-12,19.48,19.69,19.21,19.34
2021-08-13,19.61,19.67,19.23,19.29
2021-08-16,19.98,20.04,19.29,19.76
2021-08-17,19.86,21.28,19.56,20.81
2021-08-18,20.96,21.34,19.57,19.7
2021-08-19,20.03,20.89,20.03,20.5
2021-08-20,21.4,23.87,21.11,22.51
2021-08-23,22.78,23.14,20.96,21.38
2021-08-24,21.21,21.21,19.95,20.13
2021-08-25,20.6,20.68,19.95,20.12
2021-08-26,20.25,20.85,19.72,20.82
2021-08-27,20.45,20.68,19.88,20.43
2021-08-30,21.09,21.48,20.66,21.24
2021-08-31,21.42,22.42,20.85,21.18
2021-09-01,21.34,21.83,20.78,21.11
2021-09-02,21.56,22.03,21.56,21.6
2021-09-03,21.0,22.62,21.0,21.39
2021-09-06,22.0,22.11,20.96,21.08
2021-09-07,21.6,21.6,20.94,21.37
2021-09-08,21.56,21.96,21.35,21.48
2021-09-09,21.78,21.78,21.0,21.27
2021-09-10,21.46,21.6,20.89,20.91
2021-09-13,21.7,21.87,21.02,21.26
2021-09-14,21.46,21.5,20.62,20.77
2021-09-15,21.18,21.23,20.77,21.1
2021-09-16,21.27,22.19,20.86,21.85
2021-09-17,22.26,22.68,19.89,20.08
2021-09-22,22.21,22.99,21.44,21.88
2021-09-23,21.55,21.58,20.6,21.0
2021-09-24,21.08,21.08,19.55,19.86
2021-09-27,20.12,20.6,19.23,20.22
2021-09-28,20.83,21.18,20.44,20.76
2021-09-29,21.61,21.94,21.21,21.49
2021-09-30,22.03,22.15,21.25,21.63
2021-10-08,22.15,22.15,19.68,19.83
2021-10-11,20.63,20.63,19.43,19.45
2021-10-12,19.86,19.86,19.26,19.3
2021-10-13,19.59,19.78,18.99,19.46
2021-10-14,19.59,19.66,19.09,19.21
2021-10-15,19.51,19.6,18.85,18.86
2021-10-18,19.67,20.44,19.45,19.8
2021-10-19,19.59,19.59,18.61,18.81
2021-10-20,18.57,19.43,18.54,18.79
2021-10-21,18.8,19.25,18.64,19.12
2021-10-22,19.44,20.0,18.83,19.09
2021-10-25,19.56,20.0,19.3,19.56
2021-10-26,19.84,20.24,19.31,19.37
2021-10-27,19.88,19.88,19.05,19.15
2021-10-28,20.1,20.55,19.57,19.74
2021-10-29,19.84,20.05,19.35,19.5
2021-11-01,20.0,20.2,19.12,19.83
2021-11-02,20.03,21.34,19.47,20.81
2021-11-03,20.86,21.46,20.15,21.08
2021-11-04,20.89,20.89,19.84,19.95
2021-11-05,20.26,20.3,19.31,19.46
2021-11-08,20.37,20.53,19.57,20.12
2021-11-09,20.16,20.49,19.7,20.14
2021-11-10,19.17,20.6,18.46,18.71
2021-11-11,20.4,20.4,19.06,19.53
2021-11-12,19.66,19.66,19.16,19.27
2021-11-15,19.98,19.98,19.41,19.48
2021-11-16,19.84,19.84,19.2,19.33
2021-11-17,19.6,19.65,18.93,19.21
2021-11-18,19.58,19.79,18.87,19.11
2021-11-19,18.46,19.0,17.96,18.84
2021-11-22,18.5,18.9,18.45,18.5
2021-11-23,18.61,18.83,18.12,18.35
2021-11-24,18.53,18.53,17.87,17.91
2021-11-25,19.34,19.34,18.31,18.36
2021-11-26,18.74,18.86,18.14,18.44
2021-11-29,19.11,19.19,18.59,18.73
2021-11-30,18.75,18.83,18.04,18.52
2021-12-01,18.8,18.84,18.12,18.26
2021-12-02,17.9,17.95,17.62,17.71
2021-12-03,17.83,18.0,17.12,17.12
2021-12-06,17.91,17.91,17.3,17.34
2021-12-07,17.8,17.91,17.27,17.46
2021-12-08,17.71,18.78,17.53,18.66
2021-12-09,18.87,22.19,18.79,19.67
2021-12-10,19.5,19.74,18.57,18.8
2021-12-13,20.0,21.45,18.86,19.26
2021-12-14,19.21,19.21,18.39,18.62
2021-12-15,18.88,18.88,17.85,18.03
2021-12-16,18.38,18.4,17.73,18.01
2021-12-17,18.27,18.27,17.64,17.82
2021-12-20,18.31,18.8,17.61,18.59
2021-12-21,18.7,18.7,17.54,17.85
2021-12-22,18.09,18.18,17.45,17.66
2021-12-23,16.7,16.74,15.06,15.2
2021-12-24,15.97,16.48,15.76,16.02
2021-12-27,16.66,16.99,16.36,16.5
2021-12-28,16.52,16.81,16.2,16.44
2021-12-29,16.76,18.44,16.76,18.13
2021-12-30,18.26,18.26,16.94,17.32
2021-12-31,17.4,18.3,17.1,17.6
2022-01-04,18.7,19.23,17.93,18.11
2022-01-05,18.2,18.84,17.88,18.51
2022-01-06,19.0,19.98,18.55,18.76
2022-01-07,18.73,18.74,17.81,18.01
2022-01-10,18.4,19.41,18.06,18.11
2022-01-11,18.6,18.62,17.95,18.05
2022-01-12,18.0,18.1,17.4,17.45
2022-01-13,17.61,18.99,17.39,18.87
2022-01-14,19.4,20.26,18.74,19.34
2022-01-17,19.66,19.66,18.44,18.67
2022-01-18,19.0,19.12,17.87,17.92
2022-01-19,18.3,18.4,17.75,18.15
2022-01-20,17.65,18.32,17.45,18.05
2022-01-21,18.31,18.83,18.14,18.34
2022-01-24,19.34,19.65,18.88,19.22
2022-01-25,19.15,21.92,19.02,21.42
2022-01-26,20.23,21.98,19.76,20.51
2022-01-27,21.18,22.11,20.52,21.11
2022-01-28,21.41,25.33,20.5,25.19
2022-02-07,23.46,23.46,19.42,19.67
2022-02-08,19.87,19.96,18.69,18.72
2022-02-09,19.13,19.13,17.9,17.99
2022-02-10,18.22,18.29,17.52,17.52
2022-02-11,17.83,17.86,17.13,17.19
2022-02-14,18.15,18.61,17.79,18.05
2022-02-15,18.36,18.4,17.69,17.99
2022-02-16,17.96,17.96,16.96,17.08
2022-02-17,17.28,17.28,16.63,17.03
2022-02-18,17.43,17.43,16.45,16.67
2022-02-21,17.38,17.38,16.49,16.62
2022-02-22,17.29,17.38,17.05,17.75
2022-02-23,17.44,17.44,16.67,16.77
2022-02-24,17.26,19.84,16.83,18.8
2022-02-25,17.87,18.18,16.81,17.81
2022-02-28,18.35,19.4,18.14,18.15
2022-03-01,16.99,17.41,16.77,16.93
2022-03-02,17.2,17.39,16.83,16.88
2022-03-03,16.71,17.57,16.56,17.46
2022-03-04,18.094,18.564,17.273,17.371
2022-03-07,18.48,21.35,18.48,21.12
2022-03-08,20.87,23.52,20.56,22.71
2022-03-09,22.14,29.54,21.43,24.85
2022-03-10,22.5,22.75,20.71,21.5
2022-03-11,23.097,25.269,21.732,22.672
2022-03-14,24.15,26.52,23.9,26.35
2022-03-15,28.63,32.07,26.54,29.42
2022-03-16,30.18,31.2,22.18,25.49
2022-03-17,24.7,25.22,23.0,23.18
2022-03-18,23.44,23.44,22.22,22.89
2022-03-21,23.19,23.83,22.15,22.35
2022-03-22,22.54,22.74,20.56,21.09
2022-03-23,21.28,21.3,19.49,19.55
2022-03-24,20.23,20.23,19.06,19.08
2022-03-25,18.96,21.45,18.96,21.14
2022-03-28,23.98,26.51,22.41,22.92
2022-03-29,22.57,23.72,22.14,23.26
2022-03-30,22.44,22.44,21.19,21.33
2022-03-31,21.49,21.84,21.13,21.13
2022-04-01,21.7,21.99,20.68,20.68
2022-04-06,21.94,21.94,20.27,20.29
2022-04-07,20.66,21.68,20.6,21.15
2022-04-08,21.37,21.89,20.51,20.54
2022-04-11,21.26,23.73,21.06,23.29
2022-04-12,23.17,24.17,21.43,22.09
2022-04-13,22.46,22.62,21.48,21.99
2022-04-14,21.85,21.94,20.9,21.0
2022-04-15,21.25,21.71,20.91,21.08
2022-04-18,21.99,23.01,21.62,21.75
2022-04-19,21.93,22.55,21.46,21.68
2022-04-20,21.95,23.43,21.92,23.08
2022-04-21,23.55,25.79,22.86,25.01
2022-04-22,26.43,27.06,23.3,23.98
2022-04-25,27.5,31.18,26.52,31.18
2022-04-26,30.63,32.03,26.33,27.93
2022-04-27,27.9,28.65,25.1,25.56
2022-04-28,25.96,26.23,22.59,22.84
2022-04-29,22.8,23.78,21.81,22.08
2022-05-05,24.34,24.34,23.18,23.39
2022-05-06,24.68,25.94,24.37,24.91
2022-05-09,26.06,26.42,25.26,25.28
2022-05-10,26.79,27.33,24.36,25.13
2022-05-11,25.19,25.32,23.82,24.06
2022-05-12,24.46,24.93,24.18,24.54
2022-05-13,23.97,24.5,23.7,23.81
2022-05-16,24.48,24.88,24.07,24.1
2022-05-17,24.35,24.35,22.73,22.96
2022-05-18,23.11,23.27,22.18,22.25
2022-05-19,22.91,23.08,22.1,22.2
2022-05-20,22.3,22.3,21.35,22.06
2022-05-23,22.0,22.99,21.26,21.46
2022-05-24,21.79,21.79,21.23,21.53
2022-05-25,22.16,22.21,21.17,21.29
2022-05-26,21.72,21.92,20.82,20.91
2022-05-27,20.69,20.69,20.1,20.32
2022-05-30,20.88,20.88,20.39,20.64
2022-05-31,20.9,21.27,20.7,21.1
2022-06-01,21.3,21.42,20.77,20.82
2022-06-02,20.97,21.28,20.71,20.71
2022-06-06,21.64,21.77,21.13,21.28
2022-06-07,21.44,22.12,21.43,21.63
2022-06-08,22.01,22.42,21.29,21.97
2022-06-09,22.02,22.51,21.23,21.37
2022-06-10,21.45,21.59,20.99,21.04
2022-06-13,21.46,21.94,21.15,21.47
2022-06-14,21.56,22.31,21.19,21.58
2022-06-15,21.87,24.32,21.79,22.75
2022-06-16,22.97,23.07,21.53,21.65
2022-06-17,21.88,22.92,21.86,22.35
2022-06-20,23.09,23.19,22.17,22.24
2022-06-21,22.36,22.73,21.46,21.72
2022-06-22,22.08,22.08,20.58,20.58
2022-06-23,20.6,20.82,20.23,20.28
2022-06-24,20.46,21.17,20.03,20.03
2022-06-27,21.88,23.07,21.74,22.0
2022-06-28,22.32,22.54,21.7,21.82
2022-06-29,22.05,23.09,21.93,21.99
2022-06-30,22.224,23.789,22.224,23.329
2022-07-01,23.828,24.179,22.486,22.868
2022-07-04,23.34,23.75,22.77,23.11
2022-07-05,23.423,23.465,22.407,23.032
2022-07-06,23.183,23.389,22.653,22.76
2022-07-07,23.048,23.121,22.293,22.293
2022-07-08,22.03,22.07,21.59,21.59
2022-07-11,22.65,22.8,21.92,21.97
2022-07-12,22.21,22.21,21.29,21.35
2022-07-13,21.639,21.641,20.732,21.015
2022-07-14,21.17,21.31,20.49,20.67
2022-07-15,21.062,21.176,20.08,21.176
2022-07-18,21.73,21.96,20.81,21.2
2022-07-19,21.37,21.54,20.55,20.94
2022-07-20,20.84,20.98,20.11,20.15
2022-07-21,20.474,20.474,19.717,20.355
2022-07-22,20.445,20.836,19.465,19.918
2022-07-25,20.749,20.749,20.125,20.407
2022-07-26,20.252,20.252,19.225,19.376
2022-07-27,19.533,19.746,19.24,19.648
2022-07-28,19.98,19.99,19.1,19.7
2022-07-29,20.28,21.69,19.44,21.31
2022-08-01,22.36,22.82,21.14,21.57
2022-08-02,22.88,25.768,22.88,25.36
2022-08-03,23.61,25.51,23.0,23.47
2022-08-04,23.12,23.19,21.33,21.33
2022-08-05,21.247,21.28,19.557,19.557
2022-08-08,20.4,20.4,19.7,19.71
2022-08-09,20.14,20.14,19.45,19.45
2022-08-10,19.676,20.322,19.624,19.917
2022-08-11,19.796,20.062,19.139,20.006
2022-08-12,20.164,20.164,19.149,19.174
2022-08-15,19.879,20.107,19.279,19.43
2022-08-16,19.686,19.76,18.962,19.167
2022-08-17,19.24,19.424,18.478,18.918
2022-08-18,18.859,19.498,18.798,19.488
2022-08-19,19.54,19.54,18.38,18.76
2022-08-22,19.581,19.581,18.157,18.349
2022-08-23,18.566,18.655,17.46,18.027
2022-08-24,17.94,19.28,17.44,18.92
2022-08-25,18.64,18.75,17.54,17.85
2022-08-26,17.2,17.98531028,16.97924787,17.01815914
2022-08-29,18.325,18.5,17.687,17.687
2022-08-30,17.78,18.398,17.36,17.416
2022-08-31,17.931,18.029,16.786,17.566
2022-09-01,17.849,18.17,17.604,17.853
2022-09-02,17.724,19.326,17.724,18.29
2022-09-05,19.41,20.4,19.11,19.14
2022-09-06,18.986,19.256,17.908,18.098
2022-09-07,18.48,18.68,17.85,17.95
2022-09-08,17.835,17.935,17.32,17.493
2022-09-09,17.547,17.547,16.917,16.964
2022-09-13,17.993,18.215,17.149,17.174
2022-09-14,17.933,17.933,17.067,17.241
2022-09-15,17.056,18.231,16.846,17.59
2022-09-16,18.04,19.2,18.01,19.0
2022-09-19,19.61,19.84,18.64,18.97
2022-09-20,18.84,18.91,18.18,18.49
2022-09-21,18.63,19.92,18.61,19.42
2022-09-22,20.04,20.91,19.38,19.63
2022-09-23,19.73,20.19,18.64,19.2
2022-09-26,20.12,20.47,19.25,20.11
2022-09-27,20.07,20.49,18.72,18.88
2022-09-28,19.32,19.63,18.64,19.56
2022-09-29,19.91886339,22.27795966,19.23262273,20.39411041
2022-09-30,19.83,20.53,19.13,19.13
2022-10-10,20.25,20.84,19.21,20.53
2022-10-11,20.45,20.74,19.92,20.01
2022-10-12,20.48,21.77,19.73,20.82
2022-10-13,20.81,21.68,20.81,21.07
2022-10-14,20.86,20.86,19.05,19.36
2022-10-17,20.05,20.35,19.19,19.19
2022-10-18,20.445,20.836,19.465,19.918
2022-10-19,18.84,19.15,18.19,19.06
2022-10-20,19.51,20.11,18.95,19.98
2022-10-21,20.11,21.41,19.8,20.38
2022-10-24,21.29,25.2,20.89,24.64
2022-10-25,24.83,26.04,22.08,22.9
2022-10-26,23.02,23.18,20.4,21.11
2022-10-27,20.75186595,21.43160109,19.91951445,21.06551721
2022-10-28,23.45,24.03,22.91,24.03
2022-10-31,26.2,26.78,24.96,26.78
2022-11-01,26.08,26.08,23.19,23.33
2022-11-02,24.2,24.2,22.04,22.09
2022-11-03,22.44,23.1,22.2,22.24
2022-11-04,22.33,22.75,21.5,22.24
2022-11-07,23.15,23.79,22.34,23.01
2022-11-08,23.52,23.52,21.92,22.35
2022-11-09,22.3,22.43,21.71,22.18
2022-11-10,22.47,22.84,22.21,22.33
2022-11-11,22.8,23.15,21.79,21.81
2022-11-14,23.03,23.48,22.67,22.93
2022-11-15,23.07,23.91,22.96,23.16
2022-11-16,23.49,23.49,22.47,22.91
2022-11-17,23.03,23.03,22.11,22.37
2022-11-18,22.65,22.65,21.41,21.78
2022-11-21,22.73,22.73,21.5,22.0
2022-11-22,21.6,22.12,20.92,21.99
2022-11-23,22.22,22.42,21.68,22.08
2022-11-24,22.16540976,22.37606786,21.81531095,21.88829295
2022-11-25,21.98192813,22.23499063,21.25084989,21.25084989
2022-11-28,22.38,24.49,22.38,22.91
2022-11-29,22.44,24.63,22.35,24.04
2022-11-30,24.04,24.36,23.18,23.55
2022-12-01,24.0,24.3,23.2,23.8
2022-12-02,22.31,22.57,21.33,21.55
2022-12-05,22.48,22.57,21.81,22.2
2022-12-06,22.16,22.87,21.64,21.8
2022-12-07,22.0,22.25,21.32,21.78
2022-12-08,21.92,21.92,21.29,21.36
2022-12-09,21.38,21.47,20.89,20.96
2022-12-12,22.14,22.14,21.35,21.49
2022-12-13,20.87,21.03,20.44,21.03
2022-12-14,20.87,21.03,20.44,20.68
2022-12-15,21.01,21.01,19.66,19.8
2022-12-16,19.92,20.0,19.34,19.44
2022-12-19,19.76,20.25,19.43,19.95
2022-12-20,19.91,20.83,19.79,20.25
2022-12-21,20.23,20.29,19.64,19.82
2022-12-22,19.72,19.72,18.87,18.95
2022-12-23,19.3,20.2,18.59,19.56
2022-12-26,19.89,20.33,19.13,19.51
2022-12-27,19.4,19.52,18.77,18.85
2022-12-28,18.82,19.16,18.26,18.26
2022-12-29,18.32408224,18.82397576,17.91639868,17.94050355
2022-12-30,17.76,17.83,17.14,17.2
2023-01-03,17.88,18.42,17.22,17.23
2023-01-04,17.37,17.65,17.04,17.17
2023-01-05,17.26,18.06,17.23,17.73
2023-01-06,17.78,18.04,17.72,17.94
2023-01-09,18.82,19.55,18.69,19.43
2023-01-10,19.54,19.73,19.25,19.3
2023-01-11,19.27,19.65,19.27,19.41
2023-01-12,19.12,19.3,18.66,18.98
2023-01-13,18.95,18.95,17.68,17.71
2023-01-16,18.58,21.21,18.47,19.28
2023-01-17,18.68,18.79,18.39,18.7
2023-01-18,19.11,19.54,18.52,19.47
2023-01-19,19.6,21.08,19.26,20.46
2023-01-20,21.3,21.84,20.11,20.63
2023-01-30,19.75,19.92,18.43,19.37
2023-01-31,21.0,21.1,19.22,19.28
2023-02-01,19.47,19.74,18.91,19.73
2023-02-02,20.02,20.13,19.5,19.93
2023-02-03,19.86,20.65,19.48,20.04
2023-02-06,20.65,21.02,20.19,20.96
2023-02-07,21.06,21.06,20.43,20.61
2023-02-08,20.75,20.75,20.03,20.08
2023-02-09,20.56,20.56,19.33,19.58
2023-02-10,19.84,19.84,18.76,18.89
2023-02-13,19.6,19.6,18.81,19.02
2023-02-14,19.3,19.37,18.91,18.92
2023-02-15,18.7,18.72,18.29,18.38
2023-02-16,18.44,19.1,17.63,18.46
2023-02-17,18.57,18.74,18.24,18.68
2023-02-20,19.19,19.73,18.46,19.35
2023-02-21,19.54,20.07,19.1,19.52
2023-02-22,19.79,19.99,18.81,18.92
2023-02-23,18.99,19.41,18.68,18.75
2023-02-24,18.73,19.52,18.49,19.2
2023-02-27,19.6,19.68,19.31,19.36
2023-02-28,19.46,19.46,18.53,18.53
2023-03-01,18.9,19.0,18.27,18.27
2023-03-02,18.37,18.39,18.07,18.18
2023-03-03,18.41,18.41,17.98,17.98
2023-03-06,18.5,18.7,17.97,17.97
2023-03-07,18.22,18.23,17.85,18.23
2023-03-08,18.8,18.83,18.17,18.3
2023-03-09,18.42,18.47,17.96,18.12
2023-03-10,18.65,19.28,18.22,18.57
2023-03-13,18.92,18.92,17.71,18.03
2023-03-14,18.28,18.69,17.95,18.35
2023-03-15,18.0,18.06,17.3,17.38
2023-03-16,17.85,18.0,17.28,17.91
2023-03-17,17.72,17.72,16.29,17.09
2023-03-20,17.81,18.0,17.29,18.0
2023-03-21,17.8,17.96,17.26,17.35
2023-03-22,17.81,18.0,17.29,18.0
2023-03-23,18.0,18.06,17.3,17.38
2023-03-24,16.81,17.07,16.39,16.43
2023-03-27,17.06,17.57,16.91,17.07
2023-03-28,17.02,17.19,16.66,16.73
2023-03-29,16.61,16.93,16.61,16.72
2023-03-30,16.66,17.02,16.3,16.4
2023-03-31,16.4,16.64,16.29,16.34
2023-04-03,16.8,17.25,16.8,17.16
2023-04-04,17.17,17.48,16.87,16.87
2023-04-06,17.28,17.44,17.21,17.36
2023-04-07,17.4,17.49,16.57,16.58
2023-04-10,17.1,17.13,16.47,16.56
2023-04-11,16.72,16.72,16.09,16.12
2023-04-12,16.26,16.27,15.66,15.72
2023-04-13,15.85,15.85,15.19,15.22
2023-04-14,15.38,15.38,15.01,15.03
2023-04-17,15.56,16.11,15.19,16.06
2023-04-18,16.1,16.42,15.52,15.53
2023-04-19,15.58,15.76,15.09,15.19
2023-04-20,15.27,15.32,14.87,15.0
2023-04-21,15.24,16.15,14.76,15.91
2023-04-24,16.37,18.01,16.26,17.12
2023-04-25,17.3,19.62,16.9,17.27
2023-04-26,17.34,18.36,16.34,16.51
2023-04-27,17.0,17.27,15.28,15.28
2023-04-28,15.39,15.44,14.96,15.01
2023-05-04,16.15,16.16,15.52,15.58
2023-05-05,15.71,15.77,15.24,15.34
2023-05-08,15.87,16.16,15.54,16.16
2023-05-09,16.37,17.24,16.17,16.32
2023-05-10,16.44,16.52,15.97,16.36
2023-05-11,16.45,16.45,15.91,15.91
2023-05-12,16.09,16.61,15.9,16.24
2023-05-15,16.81,16.92,15.95,16.14
2023-05-16,16.32,16.61,16.12,16.34
2023-05-17,16.51,17.13,16.28,16.9
2023-05-18,17.0,17.05,15.97,16.14
2023-05-19,16.88,17.23,15.64,15.86
2023-05-22,16.56,16.56,15.08,15.53
2023-05-23,15.67,16.0,15.13,15.84
2023-05-24,16.37,17.32,15.83,16.62
2023-05-25,16.86564786,17.8040073,16.63147458,16.82499111
2023-05-26,17.27,18.07,15.95,16.18
2023-05-29,16.49,17.4,16.46,16.6
2023-05-30,16.69,17.32,16.37,16.41
2023-05-31,17.75,18.3,16.2,17.87
2023-06-01,17.36,17.45,16.46,16.58
2023-06-02,17.0,17.5,16.56,17.0
2023-06-05,17.03,17.22,16.56,16.63
2023-06-06,16.67,17.09,16.2,16.96
2023-06-07,16.98,17.65,16.65,17.25
2023-06-08,17.26,17.84,17.16,17.16
2023-06-09,17.29,17.35,16.48,16.48
2023-06-12,17.1,17.23,16.24,16.47
2023-06-13,16.73,16.82,16.06,16.07
2023-06-14,16.37,17.24,16.17,16.32
2023-06-15,16.0,16.29,15.62,15.66
2023-06-16,15.77,16.02,15.19,15.36
2023-06-19,15.91,16.16,15.52,16.03
2023-06-20,16.06,16.26,15.45,15.45
2023-06-21,15.66,16.0,15.35,15.97
2023-06-26,17.09,17.76,16.68,17.05
2023-06-27,17.23,17.62,16.13,16.43
2023-06-28,16.6,16.6,15.68,15.69
2023-06-29,16.19199259,16.28171776,15.31124641,15.83855761
2023-06-30,15.83,15.98,15.21,15.46
2023-07-03,16.06,16.06,15.05,15.09
2023-07-04,15.3,15.43,14.73,14.73
2023-07-05,14.85,15.17,14.85,15.01
2023-07-06,15.14,15.42,14.91,15.25
2023-07-07,15.41,15.82,15.24,15.4
2023-07-10,15.83,15.83,15.03,15.36
2023-07-11,15.23,15.27,14.89,14.97
2023-07-12,15.2,15.26,14.93,15.22
2023-07-13,14.93,14.93,14.85,14.87
2023-07-14,15.03,15.09,14.77,14.8
2023-07-17,15.38,15.54,14.99,15.04
2023-07-18,15.29,15.37,14.79,14.97
2023-07-19,15.29,15.29,14.84,15.06
2023-07-20,15.18,15.88,14.73,15.66
2023-07-21,15.95,15.95,14.84,15.14
2023-07-24,15.95,15.95,14.84,14.84
2023-07-25,15.4,16.08,15.31,15.31
2023-07-26,15.97,16.11,15.21,15.68
2023-07-27,16.21740678,16.21740678,15.06360091,15.06360091
2023-07-28,15.28456355,17.48142581,15.20077873,15.20077873
2023-07-31,18.9,19.55,17.88,18.36
2023-08-01,18.36,18.95,18.36,18.36
2023-08-02,17.97,18.45,17.43,17.77
2023-08-03,18.0,18.36,17.9,18.33
2023-08-04,17.97,18.45,17.43,17.77
2023-08-07,18.36,18.95,18.36,18.36
2023-08-08,19.07,19.21,18.78,18.78
2023-08-09,19.09,19.32,18.9,19.01
2023-08-10,19.21,19.28,18.77,19.05
2023-08-11,19.14,19.47,18.72,19.03
2023-08-14,19.8,20.6,18.65,18.73
2023-08-15,18.93,18.93,18.05,18.25
2023-08-16,18.49,18.94,18.27,18.92
2023-08-17,19.18,20.33,18.82,19.11
2023-08-18,19.29,19.86,18.76,19.72
2023-08-21,20.52,21.04,19.83,21.02
2023-08-22,20.99,21.1,19.78,20.32
2023-08-23,20.20621793,20.55495661,19.77807048,20.53939803
2023-08-24,20.70206826,20.70206826,19.38331335,19.76795694
2023-08-25,19.90339344,20.24649734,19.800155,19.800155
2023-08-28,20.99,21.1,19.78,20.32
2023-08-29,20.85348726,21.19355631,20.61108648,20.61108648
2023-08-30,20.0,20.7,20.0,20.2
2023-08-31,19.75385927,19.77809061,18.71743542,18.71743542
2023-09-01,18.71,18.71,18.06,18.06
2023-09-04,18.52,18.52,17.56,17.58
2023-09-05,17.58,17.59,17.22,17.22
2023-09-06,17.28,17.51,17.08,17.17
2023-09-07,17.17,17.87,17.17,17.61
2023-09-08,18.36,18.36,17.67,17.99
2023-09-11,18.71,18.71,18.06,18.06
2023-09-12,17.63,17.65,17.11,17.17
2023-09-13,16.95,17.51,16.64,17.08
2023-09-14,17.17,17.87,17.17,17.61
2023-09-15,16.86,17.43,16.85,16.85
2023-09-18,18.0,18.0,17.08,17.15
2023-09-19,17.44,17.44,16.8,16.91
2023-09-20,17.01,17.04,16.44,16.56
2023-09-21,16.61,16.89,16.52,16.89
2023-09-22,16.92,16.92,16.37,16.37
2023-09-25,17.2,17.6,17.0,17.17
2023-09-26,17.2,17.25,16.67,16.96
2023-09-27,17.01,17.56,16.86,17.06
2023-09-28,17.40357341,17.68710728,16.89852525,16.99307936
2023-10-09,18.19,18.19,16.22,16.22
2023-10-10,16.23,16.23,15.89,16.08
2023-10-11,15.83,15.87,15.56,15.63
2023-10-12,15.91,15.94,15.25,15.31
2023-10-13,15.29,15.78,15.18,15.61
2023-10-16,16.27,16.72,16.06,16.41
2023-10-17,16.47,16.58,15.8,15.8
2023-10-18,15.81,16.11,15.45,15.7
2023-10-19,16.06,18.28,16.06,17.95
2023-10-20,18.18,19.16,17.74,18.94
2023-10-23,19.62,20.85,18.78,19.66
2023-10-24,19.83,20.35,18.07,18.29
2023-10-25,17.83,17.83,16.44,16.74
2023-10-26,17.05599969,17.06976028,16.10424493,16.13435859
2023-10-27,16.42204613,16.43398668,15.67346192,15.75687621
2023-10-30,16.73,16.89,16.38,16.55
2023-10-31,16.63,16.76,16.3,16.44
2023-11-01,16.49,16.76,16.13,16.24
2023-11-02,16.33,16.33,15.85,15.95
2023-11-03,16.08,16.11,15.5,15.5
2023-11-06,16.1,16.44,15.82,16.34
2023-11-07,16.33,16.41,16.05,16.08
2023-11-08,16.15,16.2,15.91,16.07
2023-11-09,16.13,16.26,15.92,16.13
2023-11-10,16.16,16.63,16.16,16.33
2023-11-13,16.79,17.04,16.45,16.7
2023-11-14,16.68,16.76,16.32,16.45
2023-11-15,16.51,16.51,16.04,16.13
2023-11-16,16.02,16.25,15.8,15.94
2023-11-17,16.03,16.09,15.1,15.28
2023-11-20,14.62,14.69,14.23,14.23
2023-11-21,14.85,15.48,14.35,14.65
2023-11-22,14.78,15.16,14.6,14.97
2023-11-23,15.94,15.94,14.51,14.53
2023-11-24,14.75,15.12,14.72,14.88
2023-11-27,15.3,16.68,15.3,15.73
2023-11-28,15.96,16.17,15.31,15.48
2023-11-29,15.63,16.21,15.51,15.8
2023-11-30,15.75,15.95,15.41,15.45
2023-12-01,15.5,16.84,15.5,15.76
2023-12-04,16.36,16.68,16.1,16.58
2023-12-05,16.9,18.43,16.87,18.32
2023-12-06,18.51,18.79,16.77,17.37
2023-12-07,17.86,18.38,17.0,17.32
2023-12-08,16.98,17.45,16.68,16.81
2023-12-11,17.85,18.15,17.27,17.5
2023-12-12,17.63,17.7,16.91,16.97
2023-12-13,17.04,17.93,16.9,17.61
2023-12-14,17.04,18.0,16.9,17.61
2023-12-15,18.0,19.0,18.0,18.5
2023-12-18,18.85,18.85,17.88,18.14
2023-12-19,18.0,19.0,18.0,18.5
2023-12-20,18.5,19.05,18.09,18.96
2023-12-21,19.21,19.6,17.76,18.04
2023-12-22,18.21,18.4,17.17,17.36
2023-12-25,17.66,17.66,16.7,16.77
2023-12-26,16.89,17.12,16.78,16.78
2023-12-27,17.38,18.0,16.76,16.89
2023-12-28,17.0,18.4,17.0,17.6
2023-12-29,16.94160635,17.06106849,15.9229071,15.9229071
2024-01-02,16.9,16.93,16.32,16.32
2024-01-03,16.53,16.6,16.23,16.32
2024-01-04,16.43,17.18,16.41,16.6
2024-01-05,16.9,17.73,16.38,17.12
2024-01-08,17.38,18.0,16.76,16.89
2024-01-09,20.02,20.02,18.44,18.46
2024-01-10,21.0,21.0,19.0,19.0
2024-01-11,18.71,18.97,17.98,18.27
2024-01-12,18.62,18.62,17.95,18.25
2024-01-15,19.04,19.11,17.2,17.26
2024-01-16,17.2,17.28,16.39,16.59
2024-01-17,16.68,19.18,16.59,19.18
2024-01-18,19.56,22.95,18.64,18.94
2024-01-19,19.15,19.36,17.49,17.8
2024-01-22,18.14,22.43,17.57,21.61
2024-01-23,21.99,22.54,19.02,19.67
2024-01-24,19.36,20.59,18.02,18.26
2024-01-25,18.65284495,18.65284495,17.43856811,17.43875318
2024-01-26,17.92,17.92,16.81,16.97
2024-01-29,17.86,18.38,17.59,18.13
2024-01-30,18.45,19.59,18.28,19.5
2024-01-31,19.73,23.56,19.72,21.71
2024-02-01,22.17,23.37,21.0,21.91
2024-02-02,21.72,28.51,21.45,23.72
2024-02-05,24.89,29.58,24.59,24.99
2024-02-06,23.5,23.67,21.05,23.5
2024-02-07,21.98,22.09,20.97,20.97
2024-02-08,21.34,22.1,20.7,20.77
2024-02-19,22.73,22.9,20.28,20.93
2024-02-20,20.89,20.91,18.97,19.08
2024-02-21,19.15,21.32,18.55,19.45
2024-02-22,19.72,20.87,19.66,20.55
2024-02-23,21.08,22.1,20.91,21.11
2024-02-26,21.27,21.7,20.0,20.45
2024-02-27,20.56,20.56,19.41,20.2
2024-02-28,20.27,21.1,19.92,20.67
2024-02-29,21.23754393,21.23754393,19.39729949,19.44217792
2024-03-01,19.78,19.88,18.96,18.97
2024-03-04,19.71,19.73,19.14,19.16
2024-03-05,19.42,19.45,18.11,18.17
2024-03-06,18.38,18.38,16.99,17.22
2024-03-07,17.33,17.39,16.39,16.7
2024-03-08,16.86,16.86,16.14,16.26
2024-03-11,16.66,16.66,15.92,16.42
2024-03-12,16.55,16.8,16.35,16.4
2024-03-13,16.58,16.84,16.3,16.34
2024-03-14,16.45,16.45,15.99,16.07
2024-03-15,16.31,16.51,15.78,15.88
2024-03-18,16.49,16.58,15.83,15.94
2024-03-19,15.95,16.12,15.71,15.72
2024-03-20,15.93,16.04,15.41,15.85
2024-03-21,15.96,16.19,15.62,15.74
2024-03-22,15.88,17.58,15.88,16.52
2024-03-25,16.91,17.06,15.84,16.3
2024-03-26,16.33,16.42,15.65,15.84
2024-03-27,16.08,16.32,15.54,16.32
2024-03-28,16.57263882,16.98266727,15.4851118,15.4851118
2024-03-29,15.74,15.74,14.98,15.03
2024-04-01,15.45,15.45,15.02,15.03
2024-04-02,15.17,15.21,14.74,14.74
2024-04-03,14.85,15.15,14.64,14.64
2024-04-08,15.57,15.57,14.87,15.02
2024-04-09,15.16,15.35,14.92,14.92
2024-04-10,15.03,15.5,14.69,14.81
2024-04-11,15.28,15.28,14.5,14.64
2024-04-12,14.5,15.19,14.49,14.94
2024-04-15,15.18,15.66,14.74,15.5
2024-04-16,15.71,16.51,15.63,16.14
2024-04-17,16.26,16.43,15.26,15.41
2024-04-18,16.33,16.8,16.2,16.8
2024-04-19,17.0,17.7,17.0,17.4
2024-04-22,15.88,15.9,15.41,15.56
2024-04-23,16.0,16.0,15.12,15.19
2024-04-24,15.16,15.35,14.92,14.92
2024-04-25,15.38,15.53,14.84,14.88
2024-04-26,14.23641962,15.39249432,13.85241653,14.95670132
2024-04-29,15.78,17.59,15.78,16.24
2024-04-30,16.69,16.71,14.99,15.02
2024-05-06,16.35,16.46,16.01,16.01
2024-05-07,15.66,15.7,15.2,15.2
2024-05-08,15.0,15.1,14.78,14.96
2024-05-09,15.14,15.3,14.93,15.02
2024-05-10,15.12,15.32,14.81,14.89
2024-05-13,14.85,15.15,14.64,14.64
2024-05-14,15.14,15.2,14.79,14.79
2024-05-15,14.81,14.9,14.65,14.85
2024-05-16,14.53,15.5,14.33,14.35
2024-05-17,14.36,15.07,14.08,14.08
2024-05-20,15.53,16.0,14.74,14.74
2024-05-21,13.89,14.05,13.78,13.84
2024-05-28,13.89,14.05,13.78,13.84
2024-06-03,14.45,14.49,13.92,13.92
2024-06-04,14.06,14.26,13.69,13.71
2024-06-05,13.89,13.98,13.66,13.79
2024-06-06,13.88,14.58,13.57,14.05
2024-06-07,14.03,15.19,13.94,14.11
2024-06-11,14.93,15.77,14.72,14.86
2024-06-12,15.05,15.07,14.26,14.36
2024-06-13,14.49,14.52,13.89,13.93
2024-06-14,14.16,14.29,13.58,13.8
2024-06-17,14.43,14.45,13.89,13.89
2024-06-18,14.25,14.39,13.87,13.87
2024-06-19,14.14,14.38,13.82,14.01
2024-06-20,14.18,14.26,13.59,14.09
2024-06-21,14.24,14.57,13.51,13.56
2024-06-24,14.33,14.33,13.2,13.49
2024-06-25,13.51,14.62,13.09,14.21
2024-06-26,14.37,14.63,13.32,13.54
2024-06-27,13.75870104,14.23932797,13.3836467,13.3836467
2024-06-28,13.53904509,13.71705644,12.65991304,12.74754559
2024-07-01,13.3,13.59,12.64,12.8
2024-07-02,12.86,12.87,12.32,12.4
2024-07-03,12.44,12.48,12.05,12.1
2024-07-04,12.16,12.36,11.95,12.13
2024-07-05,12.33,14.39,12.28,12.93
2024-07-08,13.46,13.94,13.13,13.82
2024-07-09,14.0,14.28,13.17,13.33
2024-07-10,14.0,14.5,14.0,14.2
2024-07-11,13.44,13.56,12.84,13.0
2024-07-12,13.03,13.03,12.43,12.46
2024-07-15,12.83,12.87,12.31,12.39
2024-07-16,12.53,12.53,12.13,12.27
2024-07-17,12.41,12.6,12.15,12.6
2024-07-18,12.81,13.14,12.64,13.09
2024-07-19,13.12,13.41,12.58,13.41
2024-07-22,13.81,13.81,13.08,13.3
2024-07-23,13.42,13.42,12.73,12.95
2024-07-24,13.12,13.77,12.58,13.08
2024-07-25,13.03,13.03,12.43,12.46
2024-07-26,13.46,13.94,13.13,13.82
2024-07-29,14.74,14.76,14.04,14.22
2024-07-30,14.54,15.25,14.37,14.6
2024-07-31,15.0,15.0,13.19,13.69
2024-08-01,13.94,14.0,13.61,13.77
2024-08-02,14.19,14.87,14.07,14.49
2024-08-05,15.47,17.72,15.15,17.5
2024-08-06,16.96,17.78,16.6,16.96
2024-08-07,17.2,17.22,15.19,15.22
2024-08-08,15.35,15.61,14.15,14.28
2024-08-09,14.44,14.44,13.94,13.98
2024-08-12,14.56,14.56,13.81,14.04
2024-08-13,14.19,14.19,13.75,14.07
2024-08-14,15.35,16.0,14.15,14.28
2024-08-15,14.56,14.56,13.81,14.04
2024-08-16,13.85,13.89,13.25,13.55
2024-08-19,14.06,14.06,13.45,13.62
2024-08-20,13.82,13.92,13.19,13.48
2024-08-21,13.67,13.67,13.08,13.57
2024-08-22,13.58,13.8,13.24,13.77
2024-08-23,14.02,14.02,13.12,13.3
2024-08-26,13.72,13.72,12.98,13.2
2024-08-27,13.39,13.47,12.89,12.95
2024-08-28,13.06,13.32,12.69,13.07
2024-08-29,13.53471453,13.53471453,13.02696239,13.0805701
2024-08-30,13.34114506,13.34114506,12.32845662,12.78195592
2024-09-02,13.52084515,14.27783881,13.37160552,14.05558997
2024-09-03,13.85,13.89,13.25,13.55
2024-09-04,13.71,14.51,13.71,14.11
2024-09-05,14.03,14.03,13.71,13.87
2024-09-06,14.19,14.87,14.07,14.49
2024-09-09,14.06,14.06,13.45,13.62
2024-09-10,15.19,15.95,15.12,15.66
2024-09-11,15.47,16.2,15.15,16.2
2024-09-12,15.41,15.52,15.06,15.45
2024-09-13,15.0,15.3,15.0,15.1
2024-09-18,14.7,14.72,13.89,14.72
2024-09-19,14.79,14.84,14.16,14.26
2024-09-20,14.39,14.67,13.51,13.59
2024-09-23,13.82,13.82,12.94,13.05
2024-09-24,13.18,17.34,13.1,16.54
2024-09-25,18.68,22.44,17.58,18.06
2024-09-26,18.4,21.79,18.4,21.79
2024-09-27,29.12,45.63,24.24,28.56
2024-09-30,45.55,51.24,32.46,49.14
2024-10-08,85.99,85.99,50.4,53.5
2024-10-09,53.88,53.96,38.93,43.08
2024-10-10,42.46,47.39,38.88,39.17
2024-10-11,38.6,38.6,33.8,37.57
2024-10-14,39.04,39.04,31.56,32.67
2024-10-15,29.12,45.63,24.24,24.62
2024-10-16,24.0,28.0,24.0,25.0
2024-10-17,25.33,26.66,23.47,23.87
2024-10-18,24.9,40.99,23.77,31.58
2024-10-21,25.0,26.66,25.0,26.0
2024-10-22,31.25,31.59,28.34,29.75
2024-10-23,29.45,30.75,26.91,27.02
2024-10-24,24.0,25.43285785,24.0,25.02327047
2024-10-25,25.32450962,28.51843208,24.74866209,26.13
2024-10-28,28.6,30.52,28.3,30.01
2024-10-29,30.56,31.03,29.58,29.58
2024-10-30,29.79,30.86,29.79,30.22
2024-10-31,30.49,33.71,30.49,31.98
2024-11-01,32.3,33.95,32.3,32.64
2024-11-04,25.33,26.66,23.47,23.87
2024-11-05,24.9,40.99,23.77,31.58
2024-11-06,25.0,26.66,25.0,26.0
2024-11-07,31.25,31.59,28.34,29.75
2024-11-08,29.45,30.75,26.91,27.02
2024-11-11,27.88,27.88,27.7,27.7
2024-11-12,27.9,27.93,25.36,26.28
2024-11-13,26.0,26.37,25.49,25.49
2024-11-14,25.04,25.04,23.97,24.88
2024-11-15,25.24,25.64,24.48,24.96
2024-11-18,25.8,26.5,25.26,26.36
2024-11-19,26.6,27.06,26.2,26.36
2024-11-20,26.62,26.66,24.81,24.81
2024-11-21,24.5,24.8,22.97,23.12
2024-11-22,23.33,24.19,22.05,24.19
2024-11-25,25.14,25.14,23.15,23.96
2024-11-26,24.2,24.58,23.13,23.34
2024-11-27,23.71,25.25,23.44,23.6
2024-11-28,23.87,23.87,22.15,22.17
2024-11-29,22.27,24.3,21.91,22.83
2024-12-02,24.16,25.39,24.1,24.54
2024-12-03,24.84,25.17,24.29,24.81
2024-12-04,25.07,25.3,24.75,24.88
2024-12-05,25.09,25.14,24.04,24.04
2024-12-06,25.0,25.37,23.93,23.93
2024-12-09,24.94,25.1,23.87,23.9
2024-12-10,26.7,28.12,24.58,24.91
2024-12-11,25.33,25.33,23.86,24.48
2024-12-12,24.51,25.14,24.08,25.14
2024-12-13,24.86,24.86,23.3,23.51
2024-12-16,24.14,24.14,21.81,22.01
2024-12-17,21.4,21.4,20.08,21.11
2024-12-18,21.33,21.33,20.43,21.01
2024-12-19,21.29,21.5,20.91,21.11
2024-12-20,21.22,21.22,19.95,19.95
2024-12-23,20.47,20.47,18.42,19.52
2024-12-24,19.08,19.44,18.3,18.94
2024-12-25,19.03,19.3,18.69,19.23
2024-12-26,19.34,19.34,18.03,18.54
2024-12-27,18.79,18.79,18.03,18.2
2024-12-30,18.93,18.93,18.06,18.41
2024-12-31,18.6,18.92,18.1,18.11
2025-01-02,18.7,21.35,18.49,20.69
2025-01-03,20.63,21.23,19.93,20.28
2025-01-06,20.79,22.3,20.71,21.45
2025-01-07,21.65,21.74,19.16,19.19
2025-01-08,19.35,19.6,18.43,18.47
2025-01-09,18.53,18.63,17.88,17.97
2025-01-10,18.1,18.31,17.78,18.05
2025-01-13,18.71,19.46,18.71,18.76
2025-01-14,18.77,19.79,18.28,19.48
2025-01-15,19.48,19.48,18.6,18.77
2025-01-16,18.82,19.45,18.58,18.86
2025-01-17,18.69,19.99,18.68,19.56
2025-01-20,20.19,20.19,18.98,19.25
2025-01-21,19.46,19.74,18.42,18.65
2025-01-22,18.84,19.5,18.33,18.79
2025-01-23,19.5,20.75,19.28,19.5
2025-01-24,19.7,20.15,18.81,19.1
2025-01-27,18.93,18.93,17.73,17.73
2025-02-05,20.82,20.82,18.61,18.64
2025-02-06,18.93,18.93,17.86,18.4
2025-02-07,18.56,19.6,18.21,18.53
2025-02-10,19.31,19.34,18.6,18.99
2025-02-11,17.35,17.49,16.49,16.49
2025-02-12,18.43,18.57,17.8,18.57
2025-02-13,18.77,18.78,17.8,17.86
2025-02-14,18.17,18.17,17.31,17.45
2025-02-17,18.3,18.69,18.06,18.21
2025-02-18,18.37,18.37,17.78,18.12
2025-02-19,18.3,18.34,17.61,17.65
2025-02-20,17.75,17.84,17.29,17.35
2025-02-21,17.49,19.44,16.92,18.28
2025-02-24,18.46,18.65,17.86,17.92
2025-02-25,17.91,18.41,17.21,17.91
2025-02-26,18.09,18.09,17.35,17.95
2025-02-27,18.17,18.35,17.63,17.69
2025-02-28,17.5,18.08,17.11,17.84
2025-03-03,18.27,18.27,16.77,16.78
2025-03-04,17.49,19.44,16.92,18.28
2025-03-05,16.32,16.32,15.5,15.71
2025-03-06,15.93,16.98,15.64,16.45
2025-03-07,16.36,16.37,15.34,15.42
2025-03-10,15.37,15.41,15.02,15.11
2025-03-11,15.93,16.98,15.64,16.45
2025-03-12,15.67,15.77,15.41,15.53
2025-03-13,15.67,16.0,15.48,15.52
2025-03-14,15.56,19.15,15.33,18.08
2025-03-17,18.66,19.19,17.38,17.59
2025-03-18,17.84,18.26,17.06,17.36
2025-03-19,17.55,17.69,17.01,17.69
2025-03-20,17.35,17.49,16.49,16.49
2025-03-21,16.54,16.99,15.87,15.9
2025-03-24,16.33,16.34,15.13,15.33
2025-03-25,15.67,15.77,15.41,15.53
2025-03-26,15.05,15.05,14.46,14.7
2025-03-27,14.81,14.91,14.17,14.3
2025-03-28,14.52,14.9,14.42,14.59
2025-03-31,15.58,16.57,15.53,15.74
2025-04-01,15.88,16.05,15.44,15.52
2025-04-02,15.57,15.71,15.17,15.33
2025-04-03,15.99,16.14,15.35,15.35
2025-04-07,20.31,37.24,20.31,31.37
2025-04-08,29.88,31.23,22.95,24.24
2025-04-09,24.51,25.59,22.56,22.62
2025-04-10,22.72,22.72,19.56,20.05
2025-04-11,19.5,20.75,19.28,19.5
2025-04-14,19.23,19.23,16.77,17.07
2025-04-15,16.05,16.05,15.75,15.85
2025-04-16,15.79,16.68,15.47,16.68
2025-04-17,16.65,16.65,16.04,16.14
2025-04-18,16.3,16.3,15.62,16.0
2025-04-21,16.27,16.27,15.17,15.69
2025-04-22,15.49,15.6,15.11,15.59
2025-04-23,15.7,16.0,15.19,15.34
2025-04-24,15.42,15.42,14.77,15.11
2025-04-25,15.01,15.46,14.79,15.15
2025-04-28,16.3,16.5,15.94,16.14
2025-04-29,16.18,16.29,16.03,16.15
2025-04-30,16.44,17.22,16.33,17.07
2025-05-06,17.09,17.09,14.91,14.91
2025-05-07,15.83,16.1,14.6,14.6
2025-05-08,14.63,14.87,14.06,14.59
2025-05-09,14.73,14.78,14.57,14.66
2025-05-12,15.39,15.82,15.08,15.75
2025-05-13,15.72,15.74,14.85,14.99
2025-05-14,15.72,16.0,14.85,15.0
2025-05-15,16.92,16.98,15.97,16.13
2025-05-16,15.58,16.57,15.53,15.74
2025-05-19,15.66,15.66,14.29,14.47
2025-05-20,14.49,15.33,14.32,14.96
2025-05-21,14.98,15.59,14.93,15.28
2025-05-22,15.34,16.06,15.09,16.01
2025-05-23,15.92,16.39,15.8,16.33
2025-05-26,16.84,16.88,15.76,15.76
2025-05-27,15.8,15.86,15.37,15.68
2025-05-28,15.77,15.92,15.57,15.72
2025-05-29,15.6,15.61,14.83,15.3
2025-05-30,15.88,16.35,15.21,15.21
2025-06-03,15.52,15.52,14.68,14.74
2025-06-04,14.72,14.72,14.44,14.55
2025-06-05,14.55,14.64,14.44,14.61
2025-06-06,14.74,14.74,14.33,14.33
2025-06-09,14.61,14.73,14.51,14.61
2025-06-10,14.76,14.76,14.32,14.52
2025-06-11,14.61,14.85,14.17,14.57
2025-06-12,14.6,14.66,14.36,14.49
2025-06-13,14.6,14.94,14.52,14.8
2025-06-16,15.41,15.41,14.3,14.3
2025-06-17,14.2,14.28,14.0,14.23
2025-06-18,14.29,14.54,14.11,14.49
2025-06-19,14.47,15.11,14.34,14.61
2025-06-20,14.33,14.33,13.66,13.73
2025-06-23,14.13,14.19,13.2,13.57
2025-06-24,13.49,14.77,13.38,14.32
2025-06-25,14.35,17.61,14.2,16.97
2025-06-26,17.23,17.23,15.5,15.51
2025-06-27,15.55,16.31,14.48,14.53
2025-06-30,14.86,14.86,14.39,14.52
2025-07-01,14.57,14.58,14.2,14.24
2025-07-02,14.29,14.32,14.0,14.03
2025-07-03,14.24,14.45,13.99,14.1
2025-07-04,14.58,14.58,14.24,14.5
2025-07-07,14.67,14.73,14.43,14.64
2025-07-08,14.87,15.54,14.54,15.34
2025-07-09,15.55,15.84,15.25,15.34
2025-07-10,15.38,16.47,15.34,15.74
2025-07-11,15.86,19.35,15.8,16.44
2025-07-14,17.01,17.11,16.22,16.25
2025-07-15,16.33,16.48,15.11,15.16
2025-07-16,15.34,15.55,14.92,15.06
2025-07-17,15.17,15.3,14.72,15.3
2025-07-18,15.49,16.33,14.96,15.07
2025-07-21,15.56,15.78,14.94,15.49
2025-07-22,15.61,15.77,15.21,15.71
2025-07-23,16.15,18.46,16.11,17.37
2025-07-24,17.09,17.09,16.56,16.89
2025-07-25,17.25,17.35,16.8,17.13
2025-07-28,18.1,18.11,17.34,17.74
2025-07-29,17.8,18.04,17.47,17.86
2025-07-30,17.89,18.48,17.2,17.33
2025-07-31,17.2,17.59,17.02,17.14
2025-08-01,17.36,17.39,15.99,16.08
2025-08-04,17.06,17.06,15.93,16.03
2025-08-05,16.32,16.32,15.6,15.84
2025-08-06,15.98,16.1,15.76,15.89
2025-08-07,16.12,16.31,15.87,15.9
2025-08-08,16.11,16.11,15.5,15.51
2025-08-11,16.15,16.24,15.88,16.08
2025-08-12,16.31,16.76,16.21,16.44
2025-08-13,17.2,17.59,17.02,17.14
2025-08-14,18.69,18.69,17.86,17.86
2025-08-15,17.63,20.14,17.39,20.1
2025-08-18,21.2,23.52,20.38,22.29
2025-08-19,22.67,23.38,20.08,20.49
2025-08-20,21.2,23.52,20.38,22.29
2025-08-21,21.94,22.29,20.49,20.94
2025-08-22,21.09,22.75,20.27,22.7
2025-08-25,25.0,26.14,23.83,25.78
2025-08-26,25.66,27.02,24.69,25.06
2025-08-27,25.24,25.58,23.31,24.14
2025-08-28,24.06,24.68,22.74,24.68
2025-08-29,24.98,25.96,24.22,24.22
2025-09-01,26.04,26.04,23.33,23.39
2025-09-02,23.68,23.68,22.41,23.32
2025-09-03,23.86,23.86,22.17,22.24
2025-09-04,22.16,23.39,22.01,22.24
2025-09-05,22.39,22.49,20.09,20.66
2025-09-08,21.27,21.38,20.0,20.33
2025-09-09,22.39,22.49,20.09,20.66
2025-09-10,23.19,25.5,23.19,23.19
2025-09-11,20.0,20.43,20.0,20.0
2025-09-12,20.5,20.74,19.17,19.34
2025-09-15,27.03,30.86,19.24,20.15
2025-09-16,20.0,21.0,19.92,20.8
2025-09-17,22.3,23.4,21.04,21.82
2025-09-18,21.82,21.92,20.91,21.07
2025-09-19,21.0,21.0,19.87,19.87
2025-09-22,20.19,20.63,18.85,19.64
2025-09-23,20.0,21.0,19.92,20.8
2025-09-24,19.45,19.56,18.88,19.01
2025-09-25,19.15,19.15,18.08,18.16
2025-09-26,18.37,18.8,18.19,18.38
2025-09-29,18.85,20.75,18.85,19.86
2025-09-30,18.69,18.69,17.86,17.86
2025-10-09,17.2,17.59,17.02,17.14
2025-10-10,19.37,20.46,19.01,19.03
2025-10-13,27.16,27.16,21.75,22.46
2025-10-14,22.35,23.52,20.22,22.59
2025-10-15,22.78,23.03,20.31,20.84
2025-10-16,22.0,24.0,20.31,22.0
2025-10-17,21.35,23.07,21.23,21.66
2025-10-20,22.3,23.4,21.04,21.82
2025-10-21,21.94,22.29,20.49,20.94
2025-10-22,18.0,19.0,18.0,19.0
2025-10-23,17.08533964,17.14833673,16.5665121,17.02264109
2025-10-24,17.04,17.24,16.44,16.65
2025-10-27,18.02,18.02,17.23,17.43
2025-10-28,17.69,17.74,17.07,17.15
2025-10-29,17.34,17.53,17.04,17.08
2025-10-30,17.68,17.87,17.2,17.2
2025-10-31,17.42,17.54,17.17,17.33
2025-11-03,18.15,18.3,17.17,17.4
2025-11-04,17.55,17.58,17.28,17.35
2025-11-05,17.83,18.46,16.98,17.12
2025-11-06,17.35,17.35,16.57,16.65
2025-11-07,16.87,17.03,16.28,16.28
2025-11-11,17.15,17.25,16.91,17.23
2025-11-12,17.35,17.81,17.35,17.53
2025-11-13,17.69,17.69,16.77,17.07
2025-11-14,17.31,17.43,16.84,17.02
2025-11-17,17.9,17.98,17.15,17.56
2025-11-18,17.73,18.39,17.3,18.27
2025-11-19,18.47,18.47,17.54,17.56
2025-11-20,17.76,17.76,17.01,17.17
2025-11-21,17.92,19.68,17.73,18.75
2025-11-24,16.98,17.5,16.98,17.12
2025-11-25,17.69,17.69,16.77,17.07
2025-11-26,16.12,16.31,15.87,15.9
2025-11-27,15.54047863,15.62524762,14.60812275,14.92252914
2025-11-28,15.34,15.34,14.53,14.54
2025-12-01,15.31,15.31,14.48,14.52
2025-12-02,14.71,14.86,14.47,14.53
2025-12-03,14.31,14.31,14.08,14.17
2025-12-04,14.58,14.58,14.24,14.5
2025-12-05,14.16,14.16,13.77,13.79
2025-12-08,14.37,14.74,14.17,14.26
2025-12-09,15.17,15.17,14.02,14.06
2025-12-10,15.61,15.77,15.21,15.71
2025-12-11,14.38,14.65,14.1,14.42
2025-12-12,14.6,14.65,13.88,13.88
2025-12-15,14.72,15.01,14.19,14.33
2025-12-16,14.53,15.75,14.45,15.14
2025-12-17,15.43,15.46,14.34,14.74
2025-12-18,14.84,14.95,14.6,14.67
2025-12-19,14.77,14.85,14.23,14.29
2025-12-22,14.31,14.31,13.72,13.89
2025-12-23,14.64,14.64,12.86,13.3
2025-12-24,13.43,13.97,13.18,13.94
2025-12-25,13.77,13.99,13.55,13.66
2025-12-26,13.72,14.69,13.71,14.27
2025-12-29,14.97,14.97,14.15,14.48
2025-12-30,14.67,15.23,14.53,15.0
2025-12-31,15.28,15.51,14.76,14.81
2026-01-05,17.76,17.76,17.01,17.17
2026-01-06,17.92,19.68,17.73,18.75
2026-01-07,16.98,17.3,16.98,17.12
2026-01-08,17.69,17.69,16.77,17.07
2026-01-09,17.71,18.81,17.2,17.84
2026-01-12,19.2,20.99,18.49,20.13
2026-01-13,21.55,23.42,19.16,19.38
2026-01-14,19.99,20.48,18.38,19.15
2026-01-15,19.24,19.24,16.8,16.83
2026-01-16,17.55,17.77,16.25,16.68
2026-01-19,17.76,17.95,15.72,15.75
2026-01-20,15.8,15.8,15.2,15.43
2026-01-21,15.8,15.82,15.03,15.77
2026-01-22,15.79,16.39,15.12,16.25
2026-01-23,16.34,17.98,16.16,17.91
2026-01-26,18.66,20.28,18.25,19.29
2026-01-27,19.88,19.92,17.3,17.96
2026-01-28,18.32,18.47,17.83,17.99
2026-01-29,18.11,18.31,17.27,17.99
2026-01-30,18.42,19.95,17.88,18.26
2026-02-02,21.0,24.45,20.09,23.03
2026-02-03,22.98,22.98,19.34,19.37
2026-02-04,19.68,19.68,17.56,17.63
2026-02-05,17.91,18.62,17.51,17.55
2026-02-06,18.42,19.95,17.88,18.26
2026-02-09,18.51,18.51,17.38,17.53
2026-02-10,17.72,17.72,16.65,16.8
2026-02-11,16.98,17.3,16.98,17.12
2026-02-12,17.14,17.34,16.73,17.11
2026-02-13,17.68,18.3,17.36,17.86
2026-02-24,18.24,18.24,16.17,16.59
2026-02-25,16.68,16.68,15.35,15.55
2026-02-26,15.67,15.87,14.95,15.15
2026-02-27,15.35,15.49,14.79,14.8
2026-03-02,16.17,17.02,15.65,15.83
2026-03-03,16.02,18.82,15.87,18.32
2026-03-04,19.44,20.6,17.96,19.02
2026-03-05,18.23,18.23,15.96,16.53
2026-03-06,16.96,16.96,15.44,15.48
2026-03-09,19.11,22.66,17.09,17.88
2026-03-10,17.55,17.55,16.21,16.63
2026-03-11,16.98,17.3,16.98,17.12
2026-03-12,18.23,18.23,15.96,16.53
2026-03-13,16.87,17.9,16.87,17.12
2026-03-16,19.26,20.97,17.63,17.67
2026-03-17,19.11,22.66,17.09,17.88
2026-03-18,19.02,19.33,19.02,19.33
2026-03-19,19.11,22.66,17.09,17.88
2026-03-20,21.97,21.97,19.62,19.94
2026-03-23,31.41,46.77,30.07,42.16
2026-03-24,40.03,43.74,26.73,28.87
2026-03-25,19.25,19.25,17.0,17.27
2026-03-26,17.07,18.54,16.47,18.54
2026-03-27,19.29,19.29,16.96,17.28
2026-03-30,19.26,22.0,17.63,17.67
2026-03-31,18.42,19.95,17.88,18.26
2026-04-01,16.52,16.84,16.16,16.34
2026-04-02,16.63,17.79,16.26,17.52
2026-04-03,17.42,18.87,17.28,18.54
2026-04-07,18.63,18.63,17.14,17.75
2026-04-08,15.81,16.37,15.21,16.25
2026-04-09,16.08,16.08,15.4,15.44
2026-04-10,15.44,16.1,15.35,15.64
2026-04-13,16.47,16.47,15.85,15.94
2026-04-14,16.04,16.11,15.77,15.9
2026-04-15,15.78,15.78,15.45,15.78
2026-04-16,15.89,15.89,15.37,15.61
2026-04-17,16.01,16.27,15.48,15.57
2026-04-20,16.2,16.2,14.9,15.07
2026-04-21,15.19,15.2,14.74,14.89
2026-04-22,15.35,15.49,14.79,14.8
2026-04-23,14.85,15.07,14.46,14.6
2026-04-24,14.92,15.18,14.19,14.42
2026-04-27,14.94,14.94,14.45,14.52
2026-04-28,14.64,14.68,13.99,14.3
2026-04-29,14.65,14.65,13.8,14.1
2026-04-30,14.1,15.0,14.0,14.57
2026-05-06,15.79,16.39,15.12,16.25
2026-05-07,16.17,17.02,15.65,15.83
2026-05-08,17.07,18.54,16.47,18.54
2026-05-11,18.2,18.2,17.52,17.77
2026-05-12,18.66,18.99,18.31,18.33
2026-05-13,18.51,18.51,17.38,17.53
2026-05-14,19.09,19.16,17.92,17.92
2026-05-15,18.16,18.21,17.43,17.48
2026-05-18,18.45,18.7,17.68,17.82
2026-05-19,18.15,18.2,16.94,17.27
2026-05-20,17.37,17.66,16.81,16.94
2026-05-21,17.25,18.09,16.86,18.04
2026-05-22,18.21,18.36,17.44,17.63
2026-05-25,18.38,18.38,17.0,17.55
2026-05-26,17.74,18.16,17.01,18.11
2026-05-27,17.81,19.81,17.52,19.38
2026-05-28,19.41,19.41,18.01,18.28
2026-05-29,18.85,20.75,18.85,19.86
2026-06-01,19.02,19.21,18.04,18.15
2026-06-02,18.79,18.92,17.27,17.35
2026-06-03,18.1,18.1,17.41,17.51
2026-06-04,17.62,17.62,17.19,17.31
2026-06-05,17.65,17.91,17.45,17.57
2026-06-08,19.45,20.2,18.67,18.89
2026-06-09,19.07,19.11,17.64,17.68
2026-06-10,17.76,18.0,17.4,17.57
2026-06-11,17.73,17.79,17.73,17.79
2026-06-12,16.9,17.65,16.65,17.18
2026-06-15,17.57,17.94,17.17,17.57
2026-06-16,17.84,18.28,17.35,18.2
2026-06-17,18.15,18.71,18.15,18.55
2026-06-18,18.74,19.49,18.69,18.88
2026-06-22,19.95,21.01,18.4,20.86
2026-06-23,21.23,22.06,21.06,21.6
2026-06-24,21.33,21.8,20.44,20.74
2026-06-25,20.76,20.76,19.54,20.11
2026-06-26,19.95,23.16,19.77,21.65
2026-06-29,18.74,19.49,18.69,18.88
2026-06-30,19.95,21.01,18.4,20.86
2026-07-01,21.33,21.8,20.44,20.74
2026-07-02,19.95,21.01,18.4,20.86
2026-07-03,21.23,22.06,21.06,21.6
2026-07-06,21.58,21.58,20.67,20.91
2026-07-07,21.39,21.56,20.55,21.09
2026-07-08,20.83,21.23,19.99,20.47
2026-07-09,20.72,20.72,19.58,20.07
2026-07-10,20.23,20.31,19.14,19.14
2026-07-13,20.18,22.14,19.6,21.64
2026-07-14,21.96,22.84,19.84,19.94
2026-07-15,19.75,20.04,19.41,19.52
2026-07-16,20.13,21.61,20.03,21.35
2026-07-17,22.05,26.15,21.71,22.47
2026-07-20,22.35,23.89,21.63,22.66
2026-07-21,22.4,23.42,20.06,20.2
2026-07-22,20.45,20.45,19.05,19.09
2026-07-23,19.02,19.21,18.04,18.15
2026-07-24,18.15,18.25,17.65,17.94
2026-07-27,18.68,18.93,17.52,17.79
2026-07-28,18.95,20.72,18.95,19.75
2026-07-29,19.69,21.82,19.55,20.36
