date,pe_ttm_index,bond_yield_10y_pct,earnings_yield_decimal,bond_yield_10y_decimal,erp_ratio,erp_z5y,erp_ratio_mean5y,erp_ratio_std5y,signal_score,signal_text,effective_date
2007-01-15,30.73,3.0167,0.03254149040026033,0.030167000000000003,1.078711519218362,,,,0,中性,2007-01-16
2007-01-16,32.61,3.0175,0.030665440049064706,0.030175,1.0162531913526,,,,0,中性,2007-01-17
2007-01-17,32.08,3.0176,0.03117206982543641,0.030175999999999998,1.033008676611758,,,,0,中性,2007-01-18
2007-01-18,31.78,3.0273,0.03146633102580239,0.030272999999999998,1.0394189880686548,,,,0,中性,2007-01-19
2007-01-19,32.65,3.032,0.030627871362940276,0.03032,1.010154068698558,,,,0,中性,2007-01-22
2007-01-22,33.74,3.0277,0.02963841138114997,0.030277,0.9789084579433224,,,,0,中性,2007-01-23
2007-01-23,37.99,3.0373,0.026322716504343247,0.030373,0.8666485531341404,,,,0,中性,2007-01-24
2007-01-24,37.98,3.0267,0.026329647182727754,0.030267,0.8699126832103531,,,,0,中性,2007-01-25
2007-01-25,36.37,3.032,0.027495188342040146,0.03032,0.9068333885897146,,,,0,中性,2007-01-26
2007-01-26,36.72,3.0374,0.027233115468409588,0.030373999999999998,0.896592989675696,,,,0,中性,2007-01-29
2007-01-29,37.46,3.0427,0.026695141484249865,0.030427,0.8773504283777521,,,,0,中性,2007-01-30
2007-01-30,37.26,3.0559,0.026838432635534086,0.030559,0.8782497017420101,,,,0,中性,2007-01-31
2007-01-31,35.36,3.0671,0.02828054298642534,0.030671,0.9220613278479782,,,,0,中性,2007-02-01
2007-02-01,35.35,3.0676,0.028288543140028287,0.030676000000000002,0.9221718327040124,,,,0,中性,2007-02-02
2007-02-02,33.86,3.0598,0.029533372711163616,0.030598,0.9652059844160931,,,,0,中性,2007-02-05
2007-02-05,33.07,3.0765,0.03023888720895071,0.030764999999999997,0.982898982901047,,,,0,中性,2007-02-06
2007-02-06,33.84,3.0705,0.029550827423167846,0.030705,0.9624109240569239,,,,0,中性,2007-02-07
2007-02-07,34.35,3.0704,0.02911208151382824,0.030704,0.9481527329933637,,,,0,中性,2007-02-08
2007-02-08,34.59,3.0814,0.028910089621277824,0.030813999999999998,0.9382128130485438,,,,0,中性,2007-02-09
2007-02-09,34.45,3.1171,0.029027576197387515,0.031171,0.9312366044524563,,,,0,中性,2007-02-12
2007-02-12,35.39,3.1355,0.02825656965244419,0.031355,0.9011822564963863,,,,0,中性,2007-02-13
2007-02-13,35.61,3.1367,0.02808199943836001,0.031367,0.8952720833474674,,,,0,中性,2007-02-14
2007-02-14,36.54,3.137,0.02736726874657909,0.03137,0.8724025740063465,,,,0,中性,2007-02-15
2007-02-15,37.69,3.1365,0.026532236667551078,0.031365,0.8459185929396168,,,,0,中性,2007-02-16
2007-02-16,37.71,3.1361,0.026518164942985943,0.031361,0.845577785880104,,,,0,中性,2007-02-26
2007-02-26,38.16,3.12,0.026205450733752623,0.031200000000000002,0.8399182927484814,,,,0,中性,2007-02-27
2007-02-27,34.73,3.1468,0.02879355024474518,0.031467999999999996,0.9150104946213672,,,,0,中性,2007-02-28
2007-02-28,36.08,3.1466,0.02771618625277162,0.031466,0.8808296654411625,,,,0,中性,2007-03-01
2007-03-01,35.0,3.1553,0.02857142857142857,0.031553,0.9055059288000689,,,,0,中性,2007-03-02
2007-03-02,35.41,3.1683,0.028240609997175942,0.031682999999999996,0.8913489883273663,,,,0,中性,2007-03-05
2007-03-05,34.84,3.1726,0.028702640642939148,0.031726000000000004,0.9047040485071911,,,,0,中性,2007-03-06
2007-03-06,35.52,3.179,0.02815315315315315,0.03179,0.8855977714109201,,,,0,中性,2007-03-07
2007-03-07,36.22,3.19,0.027609055770292656,0.0319,0.8654876417019642,,,,0,中性,2007-03-08
2007-03-08,36.54,3.2192,0.02736726874657909,0.032192,0.8501263899906527,,,,0,中性,2007-03-09
2007-03-09,36.6,3.223,0.0273224043715847,0.03223,0.8477320624134252,,,,0,中性,2007-03-12
2007-03-12,36.75,3.2278,0.027210884353741496,0.032278,0.8430164308117447,,,,0,中性,2007-03-13
2007-03-13,36.84,3.2051,0.027144408251900107,0.032050999999999996,0.846912990293598,,,,0,中性,2007-03-14
2007-03-14,36.09,3.2332,0.027708506511499028,0.032332,0.8569994590962213,,,,0,中性,2007-03-15
2007-03-15,37.31,3.2876,0.02680246582685607,0.032875999999999996,0.8152593328524174,,,,0,中性,2007-03-16
2007-03-16,36.95,3.3042,0.027063599458728008,0.033041999999999995,0.8190666260737247,,,,0,中性,2007-03-19
2007-03-19,37.89,3.337,0.026392187912377935,0.033370000000000004,0.7908956521539686,,,,0,中性,2007-03-20
2007-03-20,37.68,3.36,0.02653927813163482,0.0336,0.7898594682034173,,,,0,中性,2007-03-21
2007-03-21,37.96,3.4,0.026343519494204427,0.034,0.7748093968883655,,,,0,中性,2007-03-22
2007-03-22,38.02,3.395,0.026301946344029457,0.03395,0.7747259600597778,,,,0,中性,2007-03-23
2007-03-23,36.34,3.4235,0.0275178866263071,0.034235,0.8037939718506527,,,,0,中性,2007-03-26
2007-03-26,36.9,3.42,0.02710027100271003,0.0342,0.7924055848745623,,,,0,中性,2007-03-27
2007-03-27,37.03,3.42,0.027005130974885227,0.0342,0.7896237127159422,,,,0,中性,2007-03-28
2007-03-28,37.37,3.4245,0.026759432700026762,0.034245,0.7814113797642507,,,,0,中性,2007-03-29
2007-03-29,37.77,3.4386,0.026476039184537992,0.034386,0.7699656599935437,,,,0,中性,2007-03-30
2007-03-30,37.6,3.4338,0.026595744680851064,0.034338,0.7745280645597025,,,,0,中性,2007-04-02
2007-04-02,38.11,3.43,0.026239832065074783,0.034300000000000004,0.7650096811975154,,,,0,中性,2007-04-03
2007-04-03,38.55,3.4277,0.02594033722438392,0.034277,0.7567855186971998,,,,0,中性,2007-04-10
2007-04-04,37.25,3.44,0.026845637583892617,0.0344,0.7803964413922272,,,,0,中性,2007-04-10
2007-04-05,37.55,3.4441,0.026631158455392812,0.034441,0.7732399888328682,,,,0,中性,2007-04-10
2007-04-06,37.63,3.4615,0.026574541589157584,0.034615,0.7677175094368796,,,,0,中性,2007-04-10
2007-04-09,38.46,3.488,0.026001040041601663,0.03488,0.7454426617431669,,,,0,中性,2007-04-10
2007-04-10,38.58,3.4829,0.02592016588906169,0.034829,0.7442121763203564,,,,0,中性,2007-04-11
2007-04-11,39.01,3.493,0.025634452704434763,0.034929999999999996,0.7338806958040299,,,,0,中性,2007-04-12
2007-04-12,39.03,3.4936,0.025621316935690495,0.034935999999999995,0.7333786620016745,,,,0,中性,2007-04-13
2007-04-13,38.89,3.5202,0.025713551041398816,0.035202,0.7304571058859957,,,,0,中性,2007-04-16
2007-04-16,38.54,3.5327,0.02594706798131811,0.035327000000000004,0.7344826331507942,,,,0,中性,2007-04-17
2007-04-17,38.45,3.5391,0.02600780234070221,0.035391,0.734870513427205,,,,0,中性,2007-04-18
2007-04-18,37.83,3.56,0.026434047052603753,0.0356,0.7425294115899931,,,,0,中性,2007-04-19
2007-04-19,35.97,3.57,0.027800945232137893,0.035699999999999996,0.7787379616845349,,,,0,中性,2007-04-20
2007-04-20,37.28,3.58,0.02682403433476395,0.0358,0.7492747020883785,,,,0,中性,2007-04-23
2007-04-23,38.54,3.59,0.02594706798131811,0.0359,0.7227595537971618,,,,0,中性,2007-04-24
2007-04-24,38.55,3.6139,0.02594033722438392,0.036139000000000004,0.7177934426626059,,,,0,中性,2007-04-25
2007-04-25,38.59,3.6349,0.025913449080072554,0.036349,0.7129067946868567,,,,0,中性,2007-04-26
2007-04-26,38.68,3.5931,0.025853154084798345,0.035931000000000005,0.7195222533410799,,,,0,中性,2007-04-27
2007-04-27,37.15,3.5914,0.026917900403768506,0.035914,0.7495099516558585,,,,0,中性,2007-04-30
2007-04-30,36.84,3.5916,0.027144408251900107,0.035916000000000003,0.7557748148986553,,,,0,中性,2007-05-08
2007-05-08,38.64,3.5933,0.02587991718426501,0.035933,0.7202270109443968,,,,0,中性,2007-05-09
2007-05-09,39.25,3.5906,0.025477707006369428,0.035906,0.7095668413738492,,,,0,中性,2007-05-10
2007-05-10,39.58,3.63,0.025265285497726126,0.0363,0.6960133745930063,,,,0,中性,2007-05-11
2007-05-11,39.22,3.68,0.025497195308516064,0.0368,0.6928585681661974,,,,0,中性,2007-05-14
2007-05-14,39.48,3.7,0.025329280648429587,0.037000000000000005,0.684575152660259,,,,0,中性,2007-05-15
2007-05-15,38.06,3.7992,0.02627430373095113,0.037992,0.6915746402124429,,,,0,中性,2007-05-16
2007-05-16,38.88,3.83,0.025720164609053495,0.0383,0.6715447678604045,,,,0,中性,2007-05-17
2007-05-17,39.43,3.83,0.0253613999492772,0.0383,0.6621775443675509,,,,0,中性,2007-05-18
2007-05-18,39.93,3.83,0.02504382669671926,0.0383,0.6538858145357509,,,,0,中性,2007-05-21
2007-05-21,40.3,3.966,0.02481389578163772,0.03966,0.6256655517306535,,,,0,中性,2007-05-22
2007-05-22,40.65,4.05,0.024600246002460024,0.0405,0.6074134815422229,,,,0,中性,2007-05-23
2007-05-23,41.29,4.064,0.024218939210462583,0.04064,0.5959384648243745,,,,0,中性,2007-05-24
2007-05-24,41.06,4.03,0.024354603019970774,0.0403,0.604332581140714,,,,0,中性,2007-05-25
2007-05-25,41.28,4.05,0.024224806201550386,0.0405,0.598143363001244,,,,0,中性,2007-05-28
2007-05-28,42.26,4.07,0.023663038334122102,0.0407,0.5814014332708133,,,,0,中性,2007-05-29
2007-05-29,43.29,4.08,0.0231000231000231,0.0408,0.5661770367652721,,,,0,中性,2007-05-30
2007-05-30,40.49,4.07,0.02469745616201531,0.0407,0.6068171047178209,,,,0,中性,2007-05-31
2007-05-31,41.25,4.06,0.024242424242424242,0.0406,0.5971040453799075,,,,0,中性,2007-06-01
2007-06-01,40.25,4.08,0.024844720496894408,0.0408,0.6089392278650589,,,,0,中性,2007-06-04
2007-06-04,36.89,4.1393,0.027107617240444564,0.041393000000000006,0.6548840924901447,,,,0,中性,2007-06-05
2007-06-05,38.0,4.1309,0.02631578947368421,0.041309,0.6370473619231696,,,,0,中性,2007-06-06
2007-06-06,38.16,4.1442,0.026205450733752623,0.041442,0.6323403970308533,,,,0,中性,2007-06-07
2007-06-07,39.26,4.1427,0.02547121752419766,0.041427,0.6148458137011529,,,,0,中性,2007-06-08
2007-06-08,39.49,4.1624,0.02532286654849329,0.041624,0.6083717698561716,,,,0,中性,2007-06-11
2007-06-11,40.35,4.1376,0.024783147459727383,0.041375999999999996,0.5989739815286008,,,,0,中性,2007-06-12
2007-06-12,41.09,4.2199,0.024336821611097587,0.042199,0.5767156001587144,,,,0,中性,2007-06-13
2007-06-13,42.09,4.232,0.023758612497030172,0.04232,0.5614038869808642,,,,0,中性,2007-06-14
2007-06-14,41.44,4.2669,0.02413127413127413,0.042669,0.5655458091652987,,,,0,中性,2007-06-15
2007-06-15,41.55,4.3483,0.024067388688327317,0.043483,0.5534896094640968,,,,0,中性,2007-06-18
2007-06-18,42.76,4.3496,0.023386342376052388,0.043496,0.5376665067144655,,,,0,中性,2007-06-19
2007-06-19,42.84,4.3969,0.023342670401493928,0.043968999999999994,0.5308892720210587,,,,0,中性,2007-06-20
2007-06-20,41.92,4.4408,0.023854961832061067,0.044408,0.5371771264650753,,,,0,中性,2007-06-21
2007-06-21,42.51,4.47,0.02352387673488591,0.0447,0.5262612244940921,,,,0,中性,2007-06-22
2007-06-22,41.19,4.44,0.024277737314882253,0.0444,0.546795885470321,,,,0,中性,2007-06-25
2007-06-25,39.74,4.42,0.025163563160543533,0.044199999999999996,0.5693113837227044,,,,0,中性,2007-06-26
2007-06-26,40.11,4.4,0.024931438544003988,0.044000000000000004,0.5666236032728178,,,,0,中性,2007-06-27
2007-06-27,41.25,4.3985,0.024242424242424242,0.043985,0.5511520800823972,,,,0,中性,2007-06-28
2007-06-28,39.56,4.4538,0.025278058645096056,0.044538,0.5675616023417319,,,,0,中性,2007-06-29
2007-06-29,38.71,4.45,0.025833118057349523,0.044500000000000005,0.5805195069067308,,,,0,中性,2007-07-02
2007-07-02,39.13,4.45,0.02555583950932788,0.044500000000000005,0.5742885282995028,,,,0,中性,2007-07-03
2007-07-03,39.82,4.4726,0.025113008538422903,0.044726,0.5614856803296271,,,,0,中性,2007-07-04
2007-07-04,38.98,4.4745,0.025654181631605953,0.044745,0.5733418623668779,,,,0,中性,2007-07-05
2007-07-05,36.89,4.475,0.027107617240444564,0.04475,0.6057568098423367,,,,0,中性,2007-07-06
2007-07-06,38.61,4.4261,0.0259000259000259,0.044261,0.5851658548163372,,,,0,中性,2007-07-09
2007-07-09,39.69,4.4172,0.025195263290501386,0.044172,0.5703899142103909,,,,0,中性,2007-07-10
2007-07-10,39.69,4.4896,0.025195263290501386,0.044896000000000005,0.5611917161996922,,,,0,中性,2007-07-11
2007-07-11,39.85,4.4773,0.025094102885821833,0.04477299999999999,0.5604740108061071,,,,0,中性,2007-07-12
2007-07-12,40.32,4.4777,0.0248015873015873,0.044777,0.55389122320806,,,,0,中性,2007-07-13
2007-07-13,40.29,4.4634,0.02482005460412013,0.044634,0.556079549314875,,,,0,中性,2007-07-16
2007-07-16,39.33,4.454,0.025425883549453344,0.044539999999999996,0.5708550415234249,,,,0,中性,2007-07-17
2007-07-17,40.12,4.4542,0.024925224327018946,0.044542,0.5595892489564669,,,,0,中性,2007-07-18
2007-07-18,40.47,4.4547,0.024709661477637757,0.044546999999999996,0.5546874419744934,,,,0,中性,2007-07-19
2007-07-19,40.24,4.455,0.024850894632206758,0.04455,0.557820305997907,,,,0,中性,2007-07-20
2007-07-20,41.75,4.4551,0.023952095808383235,0.044551,0.537633180139239,,,,0,中性,2007-07-23
2007-07-23,43.3,4.477,0.023094688221709007,0.044770000000000004,0.5158518700404067,,,,0,中性,2007-07-24
2007-07-24,43.23,4.4651,0.023132084200786492,0.044650999999999996,0.5180641911891446,,,,0,中性,2007-07-25
2007-07-25,44.36,4.33,0.02254283137962128,0.0433,0.5206196623469118,,,,0,中性,2007-07-26
2007-07-26,44.3,4.3086,0.022573363431151242,0.043086,0.5239141120352607,,,,0,中性,2007-07-27
2007-07-27,44.21,4.3399,0.022619316896629722,0.043399,0.5211944260611932,,,,0,中性,2007-07-30
2007-07-30,45.2,4.2848,0.022123893805309734,0.042848,0.516334340116452,,,,0,中性,2007-07-31
2007-07-31,45.29,4.3401,0.0220799293442261,0.043400999999999995,0.5087424101800904,,,,0,中性,2007-08-01
2007-08-01,43.59,4.2857,0.022941041523285157,0.042857000000000006,0.5352927531858309,,,,0,中性,2007-08-02
2007-08-02,44.73,4.2594,0.0223563603845294,0.042594,0.5248711176346293,,,,0,中性,2007-08-03
2007-08-03,46.35,4.2855,0.02157497303128371,0.042855,0.5034412094570928,,,,0,中性,2007-08-06
2007-08-06,47.06,4.3861,0.021249468763280918,0.043861,0.4844729660354511,,,,0,中性,2007-08-07
2007-08-07,47.25,4.3775,0.021164021164021163,0.043775,0.483472785014761,,,,0,中性,2007-08-08
2007-08-08,47.32,4.3166,0.021132713440405747,0.043166,0.4895684900246895,,,,0,中性,2007-08-09
2007-08-09,48.27,4.3178,0.020716801325875285,0.043178,0.4797999288034482,,,,0,中性,2007-08-10
2007-08-10,47.79,4.3378,0.02092487968194183,0.043378,0.4823846115990094,,,,0,中性,2007-08-13
2007-08-13,48.42,4.357,0.020652622883106153,0.043570000000000005,0.47401016486357933,,,,0,中性,2007-08-14
2007-08-14,48.83,4.3568,0.02047921359819783,0.043567999999999996,0.47005172599609424,,,,0,中性,2007-08-15
2007-08-15,48.24,4.3541,0.020729684908789386,0.043540999999999996,0.47609574673961064,,,,0,中性,2007-08-16
2007-08-16,47.04,4.3529,0.021258503401360544,0.043529,0.48837564385491383,,,,0,中性,2007-08-17
2007-08-17,45.01,4.3038,0.022217285047767165,0.043038,0.5162248489187965,,,,0,中性,2007-08-20
2007-08-20,47.22,4.2636,0.021177467174925878,0.042636,0.49670389283530064,,,,0,中性,2007-08-21
2007-08-21,46.94,4.2445,0.02130379207498935,0.042445000000000004,0.5019152332427694,,,,0,中性,2007-08-22
2007-08-22,47.06,4.227,0.021249468763280918,0.04227,0.5027080379295226,,,,0,中性,2007-08-23
2007-08-23,47.4,4.2064,0.02109704641350211,0.042064000000000004,0.5015463677610809,,,,0,中性,2007-08-24
2007-08-24,45.81,4.2164,0.021829294913774284,0.042164,0.5177235298779596,,,,0,中性,2007-08-27
2007-08-27,45.62,4.136,0.02192021043402017,0.04136,0.529985745503389,,,,0,中性,2007-08-28
2007-08-28,44.49,4.2049,0.02247696111485727,0.042049,0.5345421083701698,,,,0,中性,2007-08-29
2007-08-29,43.33,4.2766,0.023078698361412416,0.042766,0.5396506187488289,,,,0,中性,2007-08-30
2007-08-30,43.65,4.2739,0.02290950744558992,0.042739,0.5360328375860437,,,,0,中性,2007-08-31
2007-08-31,44.02,4.2743,0.022716946842344387,0.042743,0.5314775949826729,,,,0,中性,2007-09-03
2007-09-03,44.86,4.235,0.02229157378510923,0.042350000000000006,0.5263653786330396,,,,0,中性,2007-09-04
2007-09-04,44.61,4.2328,0.022416498542927595,0.042328000000000005,0.529590307666972,,,,0,中性,2007-09-05
2007-09-05,44.74,4.244,0.022351363433169423,0.04244,0.5266579508286857,,,,0,中性,2007-09-06
2007-09-06,45.37,4.2677,0.02204099625303064,0.04267699999999999,0.5164607693378317,,,,0,中性,2007-09-07
2007-09-07,44.31,4.2872,0.022568269013766643,0.042872,0.5264104546969267,,,,0,中性,2007-09-10
2007-09-10,44.92,4.2946,0.02226179875333927,0.042946,0.5183672228691676,,,,0,中性,2007-09-11
2007-09-11,42.8,4.3615,0.023364485981308414,0.043615,0.5356984060829626,,,,0,中性,2007-09-12
2007-09-12,43.34,4.3788,0.023073373327180433,0.043788,0.5269337107696271,,,,0,中性,2007-09-13
2007-09-13,44.31,4.3892,0.022568269013766643,0.043892,0.5141772763548401,,,,0,中性,2007-09-14
2007-09-14,44.65,4.4893,0.022396416573348264,0.044893,0.4988843822722532,,,,0,中性,2007-09-17
2007-09-17,45.49,4.5421,0.02198285337436799,0.045420999999999996,0.4839799514402588,,,,0,中性,2007-09-18
2007-09-18,45.47,4.5436,0.021992522542335607,0.045436,0.4840329813877896,,,,0,中性,2007-09-19
2007-09-19,45.28,4.5474,0.022084805653710248,0.045473999999999994,0.48565786281634016,,,,0,中性,2007-09-20
2007-09-20,45.98,4.5477,0.02174858634188778,0.045477,0.47823265259115116,,,,0,中性,2007-09-21
2007-09-21,45.94,4.495,0.021767522855899,0.044950000000000004,0.4842607976840711,,,,0,中性,2007-09-24
2007-09-24,46.27,4.493,0.021612275772638856,0.044930000000000005,0.4810210499140631,,,,0,中性,2007-09-25
2007-09-25,45.94,4.4859,0.021767522855899,0.044859,0.48524315869499984,,,,0,中性,2007-09-26
2007-09-26,45.13,4.445,0.022158209616662972,0.04445,0.4984974041993919,,,,0,中性,2007-09-27
2007-09-27,45.84,4.42,0.02181500872600349,0.044199999999999996,0.4935522336199885,,,,0,中性,2007-09-28
2007-09-28,47.09,4.39,0.021235931195582924,0.043899999999999995,0.4837341957991555,,,,0,中性,2007-10-08
2007-10-08,48.35,4.3664,0.020682523267838676,0.043663999999999994,0.4736744977060892,,,,0,中性,2007-10-09
2007-10-09,48.56,4.37,0.02059308072487644,0.0437,0.47123754519168054,,,,0,中性,2007-10-10
2007-10-10,48.97,4.3737,0.02042066571370227,0.043737000000000005,0.46689680850772264,,,,0,中性,2007-10-11
2007-10-11,50.18,4.3732,0.01992825827022718,0.043732,0.45569053028050815,,,,0,中性,2007-10-12
2007-10-12,50.03,4.3723,0.01998800719568259,0.043723,0.4571508632912332,,,,0,中性,2007-10-15
2007-10-15,51.03,4.3746,0.01959631589261219,0.043746,0.4479567478766559,,,,0,中性,2007-10-16
2007-10-16,51.62,4.3743,0.019372336303758234,0.043743,0.4428671171103545,,,,0,中性,2007-10-17
2007-10-17,51.09,4.45,0.019573302016050106,0.044500000000000005,0.4398494835067439,,,,0,中性,2007-10-18
2007-10-18,49.21,4.46,0.0203210729526519,0.0446,0.4556294384002668,,,,0,中性,2007-10-19
2007-10-19,49.04,4.47,0.020391517128874388,0.0447,0.456186065522917,,,,0,中性,2007-10-22
2007-10-22,47.72,4.48,0.020955574182732608,0.044800000000000006,0.4677583522931385,,,,0,中性,2007-10-23
2007-10-23,49.58,4.485,0.02016942315449778,0.04485,0.44970843153841206,,,,0,中性,2007-10-24
2007-10-24,49.9,4.485,0.02004008016032064,0.04485,0.44682452977303544,,,,0,中性,2007-10-25
2007-10-25,47.31,4.485,0.02113718030014796,0.04485,0.47128607135223993,,,,0,中性,2007-10-26
2007-10-26,47.15,4.485,0.021208907741251327,0.04485,0.47288534540136734,,,,0,中性,2007-10-29
2007-10-29,47.33,4.48,0.021128248468201986,0.044800000000000006,0.4716126890223657,,,,0,中性,2007-10-30
2007-10-30,48.2,4.484,0.02074688796680498,0.04484,0.4626870643801289,,,,0,中性,2007-10-31
2007-10-31,48.12,4.4937,0.020781379883624274,0.044937,0.46245588009044386,,,,0,中性,2007-11-01
2007-11-01,47.79,4.5,0.02092487968194183,0.045,0.464997326265374,,,,0,中性,2007-11-02
2007-11-02,46.36,4.5,0.021570319240724764,0.045,0.47934042757166145,,,,0,中性,2007-11-05
2007-11-05,45.11,4.5263,0.02216803369541122,0.045263,0.4897605924355703,,,,0,中性,2007-11-06
2007-11-06,44.38,4.5248,0.022532672374943667,0.045248,0.49798162073337315,,,,0,中性,2007-11-07
2007-11-07,44.92,4.5441,0.02226179875333927,0.045441,0.4899055644316645,,,,0,中性,2007-11-08
2007-11-08,42.68,4.5441,0.023430178069353328,0.045441,0.5156175715620986,,,,0,中性,2007-11-09
2007-11-09,42.63,4.5743,0.02345765892563922,0.045743,0.5128141775930574,,,,0,中性,2007-11-12
2007-11-12,41.72,4.5863,0.023969319271332695,0.045862999999999994,0.5226286826272311,,,,0,中性,2007-11-13
2007-11-13,41.39,4.5861,0.024160425223483932,0.045861,0.5268185435006636,,,,0,中性,2007-11-14
2007-11-14,43.43,4.5922,0.023025558369790467,0.045922,0.501405826614487,,,,0,中性,2007-11-15
2007-11-15,43.07,4.5973,0.023218017181332713,0.045973,0.5050359380795839,,,,0,中性,2007-11-16
2007-11-16,42.63,4.5974,0.02345765892563922,0.045974,0.5102375021890464,,,,0,中性,2007-11-19
2007-11-19,44.17,4.5822,0.022639800769753225,0.045822,0.4940814623925892,,,,0,中性,2007-11-20
2007-11-20,44.21,4.5569,0.022619316896629722,0.045569,0.4963750992260028,,,,0,中性,2007-11-21
2007-11-21,43.59,4.545,0.022941041523285157,0.04545,0.5047533888511586,,,,0,中性,2007-11-22
2007-11-22,41.64,4.55,0.024015369836695485,0.0455,0.5278103260812195,,,,0,中性,2007-11-23
2007-11-23,42.08,4.54,0.023764258555133082,0.0454,0.5234418183950018,,,,0,中性,2007-11-26
2007-11-26,41.46,4.535,0.024119633381572598,0.04535,0.5318552013577199,,,,0,中性,2007-11-27
2007-11-27,40.65,4.5247,0.024600246002460024,0.045247,0.5436878909642633,,,,0,中性,2007-11-28
2007-11-28,40.07,4.5089,0.02495632642874969,0.045089,0.5534903508338994,,,,0,中性,2007-11-29
2007-11-29,41.81,4.5084,0.02391772303276728,0.045084,0.530514662247522,,,,0,中性,2007-11-30
2007-11-30,40.71,4.5086,0.024563989191844757,0.045086,0.5448252049825835,,,,0,中性,2007-12-03
2007-12-03,40.76,4.5085,0.02453385672227674,0.045085,0.5441689413835364,,,,0,中性,2007-12-04
2007-12-04,41.2,4.5085,0.024271844660194174,0.045085,0.5383574284173045,,,,0,中性,2007-12-05
2007-12-05,42.31,4.5096,0.023635074450484517,0.045096,0.5241057843375138,,,,0,中性,2007-12-06
2007-12-06,42.24,4.5038,0.023674242424242424,0.045038,0.5256503935397314,,,,0,中性,2007-12-07
2007-12-07,42.7,4.5043,0.023419203747072598,0.045043,0.519929928003743,,,,0,中性,2007-12-10
2007-12-10,43.29,4.4996,0.0231000231000231,0.044996,0.513379480398771,,,,0,中性,2007-12-11
2007-12-11,43.32,4.5116,0.023084025854108955,0.045115999999999996,0.5116594080616401,,,,0,中性,2007-12-12
2007-12-12,42.63,4.5118,0.02345765892563922,0.045118,0.5199179690065876,,,,0,中性,2007-12-13
2007-12-13,41.44,4.5067,0.02413127413127413,0.045067,0.535453305773052,,,,0,中性,2007-12-14
2007-12-14,41.9,4.4251,0.02386634844868735,0.044251,0.5393403188331869,,,,0,中性,2007-12-17
2007-12-17,40.75,4.4282,0.024539877300613498,0.044282,0.5541727406308092,,,,0,中性,2007-12-18
2007-12-18,40.43,4.4279,0.02473410833539451,0.044279,0.5585968141871883,,,,0,中性,2007-12-19
2007-12-19,41.32,4.428,0.02420135527589545,0.04428,0.5465527388413607,,,,0,中性,2007-12-20
2007-12-20,42.16,4.4282,0.023719165085388995,0.044282,0.5356389748744184,,,,0,中性,2007-12-21
2007-12-21,42.66,4.4526,0.02344116268166901,0.044526,0.5264601060429639,,,,0,中性,2007-12-24
2007-12-24,43.73,4.4517,0.022867596615595703,0.044517,0.5136823374350407,,,,0,中性,2007-12-25
2007-12-25,43.45,4.4528,0.02301495972382048,0.044528,0.5168648877969027,,,,0,中性,2007-12-26
2007-12-26,43.71,4.4541,0.022878059940517045,0.044541000000000004,0.5136404647519598,,,,0,中性,2007-12-27
2007-12-27,44.39,4.4005,0.022527596305474205,0.044005,0.511932650959532,,,,0,中性,2007-12-28
2007-12-28,43.97,4.4357,0.022742779167614285,0.044357,0.5127213104496311,,,,0,中性,2008-01-02
2008-01-02,44.72,4.4363,0.022361359570661897,0.044363,0.5040542697892816,,,,0,中性,2008-01-03
2008-01-03,45.14,4.4263,0.022153300841825433,0.044263000000000004,0.5004925296935461,,,,0,中性,2008-01-04
2008-01-04,45.57,4.4013,0.021944261575597982,0.044013,0.4985859081543631,,,,0,中性,2008-01-07
2008-01-07,45.78,4.3948,0.021843599825251202,0.043948,0.4970328530365705,,,,0,中性,2008-01-08
2008-01-08,45.8,4.4024,0.02183406113537118,0.044024,0.4959581395459563,,,,0,中性,2008-01-09
2008-01-09,46.22,4.4022,0.021635655560363478,0.044022,0.4914737076998655,,,,0,中性,2008-01-10
2008-01-10,46.47,4.4067,0.021519259737465032,0.044066999999999995,0.4883304907859631,,,,0,中性,2008-01-11
2008-01-11,46.72,4.3893,0.021404109589041095,0.043893,0.4876428949727996,,,,0,中性,2008-01-14
2008-01-14,46.85,4.402,0.021344717182497332,0.044020000000000004,0.48488680559966674,,,,0,中性,2008-01-15
2008-01-15,46.42,4.4022,0.021542438604049977,0.044022,0.4893561992651397,,,,0,中性,2008-01-16
2008-01-16,45.03,4.4028,0.02220741727737064,0.044028,0.5043930516346562,,,,0,中性,2008-01-17
2008-01-17,43.82,4.3978,0.022820629849383843,0.043978,0.5189101334618182,,,,0,中性,2008-01-18
2008-01-18,44.09,4.403,0.0226808800181447,0.04402999999999999,0.5151233254177766,,,,0,中性,2008-01-21
2008-01-21,41.66,4.3777,0.024003840614498322,0.043776999999999996,0.5483208217670997,,,,0,中性,2008-01-22
2008-01-22,38.66,4.3679,0.025866528711846873,0.043678999999999996,0.5921959914798158,,,,0,中性,2008-01-23
2008-01-23,39.86,4.2883,0.02508780732563974,0.042883,0.5850292033122623,,,,0,中性,2008-01-24
2008-01-24,39.95,4.2433,0.025031289111389236,0.042433,0.5899014708219837,,,,0,中性,2008-01-25
2008-01-25,40.34,4.244,0.024789291026276646,0.04244,0.5841020505720228,,,,0,中性,2008-01-28
2008-01-28,37.41,4.2226,0.026730820636193534,0.042226,0.6330417429117968,,,,0,中性,2008-01-29
2008-01-29,37.69,4.2539,0.026532236667551078,0.042539,0.6237155708303223,,,,0,中性,2008-01-30
2008-01-30,37.37,4.2502,0.026759432700026762,0.042502000000000005,0.6296040821614691,,,,0,中性,2008-01-31
2008-01-31,37.01,4.1937,0.027019724398811132,0.041936999999999995,0.6442932112170907,,,,0,中性,2008-02-01
2008-02-01,36.53,4.1308,0.027374760470845878,0.041308,0.6626987622457122,,,,0,中性,2008-02-04
2008-02-04,39.51,4.1311,0.02531004808909137,0.041311,0.6126709130520048,,,,0,中性,2008-02-05
2008-02-05,38.94,4.1458,0.02568053415511043,0.041458,0.61943494995201,,,,0,中性,2008-02-13
2008-02-13,38.01,4.1559,0.026308866087871613,0.041559,0.6330485836490679,,,,0,中性,2008-02-14
2008-02-14,38.55,4.1561,0.02594033722438392,0.041561,0.6241509401694838,,,,0,中性,2008-02-15
2008-02-15,38.08,4.1791,0.026260504201680673,0.041791,0.628377023801313,,,,0,中性,2008-02-18
2008-02-18,38.69,4.1924,0.025846471956577927,0.041924,0.6165077749398418,,,,0,中性,2008-02-19
2008-02-19,39.54,4.2176,0.025290844714213456,0.042176,0.599650149711055,,,,0,中性,2008-02-20
2008-02-20,38.7,4.1744,0.025839793281653745,0.041744,0.6190061633205669,,,,0,中性,2008-02-21
2008-02-21,38.34,4.1818,0.026082420448617628,0.041818,0.6237127660007085,,,,0,中性,2008-02-22
2008-02-22,37.0,4.16,0.02702702702702703,0.0416,0.6496881496881498,,,,0,中性,2008-02-25
2008-02-25,35.46,4.1439,0.02820078962210942,0.041439000000000004,0.6805374073242457,,,,0,中性,2008-02-26
2008-02-26,35.71,4.1413,0.028003360403248388,0.041413000000000005,0.6761973390782697,,,,0,中性,2008-02-27
2008-02-27,36.54,4.1436,0.02736726874657909,0.041436,0.6604708163572519,,,,0,中性,2008-02-28
2008-02-28,36.21,4.1283,0.027616680475006903,0.041283,0.6689601161496719,,,,0,中性,2008-02-29
2008-02-29,36.62,4.1283,0.02730748225013654,0.041283,0.6614703933855713,,,,0,中性,2008-03-03
2008-03-03,37.31,4.1285,0.02680246582685607,0.041284999999999995,0.6492059059429836,,,,0,中性,2008-03-04
2008-03-04,36.37,4.1521,0.027495188342040146,0.041521,0.6621995699053526,,,,0,中性,2008-03-05
2008-03-05,36.0,4.1635,0.027777777777777776,0.041635,0.6671737186928732,,,,0,中性,2008-03-06
2008-03-06,36.54,4.1768,0.02736726874657909,0.041768,0.6552209525612692,,,,0,中性,2008-03-07
2008-03-07,36.03,4.176,0.027754648903691368,0.04176,0.6646228185749848,,,,0,中性,2008-03-10
2008-03-10,34.64,4.1768,0.028868360277136258,0.041768,0.6911597461486367,,,,0,中性,2008-03-11
2008-03-11,34.75,4.1953,0.02877697841726619,0.041953,0.685933745316573,,,,0,中性,2008-03-12
2008-03-12,33.96,4.1954,0.029446407538280327,0.041954000000000005,0.7018736601582763,,,,0,中性,2008-03-13
2008-03-13,33.11,4.17,0.030202355783751134,0.0417,0.7242771171163341,,,,0,中性,2008-03-14
2008-03-14,33.0,4.15,0.030303030303030304,0.0415,0.7301935012778387,,,,0,中性,2008-03-17
2008-03-17,31.65,4.1248,0.031595576619273306,0.04124799999999999,0.7659905115223359,,,,0,中性,2008-03-18
2008-03-18,30.26,4.1151,0.033046926635822864,0.041151,0.8030649713451159,,,,0,中性,2008-03-19
2008-03-19,30.94,4.075,0.03232062055591467,0.04075,0.7931440627218324,,,,0,中性,2008-03-20
2008-03-20,31.13,4.08,0.032123353678123995,0.0408,0.7873370999540195,,,,0,中性,2008-03-21
2008-03-21,31.12,4.08,0.032133676092544985,0.0408,0.7875901003074751,,,,0,中性,2008-03-24
2008-03-24,29.7,4.077,0.03367003367003367,0.04077,0.825853168261802,,,,0,中性,2008-03-25
2008-03-25,29.77,4.0511,0.03359086328518643,0.040511,0.8291788226700508,,,,0,中性,2008-03-26
2008-03-26,29.12,4.0404,0.03434065934065934,0.040404,0.8499321686134872,,,,0,中性,2008-03-27
2008-03-27,27.57,4.0009,0.03627130939426913,0.040008999999999996,0.906578754636935,,,,0,中性,2008-03-28
2008-03-28,28.87,4.0116,0.034638032559750606,0.040116,0.8634468182209245,,,,0,中性,2008-03-31
2008-03-31,28.0,4.046,0.03571428571428571,0.04046,0.8827060235859049,,,,0,中性,2008-04-01
2008-04-01,26.77,4.0563,0.03735524841240194,0.040563,0.920919271562802,,,,0,中性,2008-04-02
2008-04-02,26.91,4.0517,0.03716090672612412,0.040517000000000004,0.9171682682855127,,,,0,中性,2008-04-03
2008-04-03,27.73,4.0444,0.036062026685899744,0.04044400000000001,0.8916533153471402,,,,0,中性,2008-04-07
2008-04-07,29.35,4.045,0.034071550255536626,0.04045,0.8423127380849599,,,,0,中性,2008-04-08
2008-04-08,29.46,4.0451,0.03394433129667346,0.040450999999999994,0.8391469011068567,,,,0,中性,2008-04-09
2008-04-09,27.89,4.0451,0.035855145213338116,0.040450999999999994,0.886384643478236,,,,0,中性,2008-04-10
2008-04-10,28.27,4.0405,0.035373187124159884,0.040404999999999996,0.8754655890152181,,,,0,中性,2008-04-11
2008-04-11,28.42,4.0457,0.03518648838845883,0.040457,0.8697255947909838,,,,0,中性,2008-04-14
2008-04-14,26.77,4.0436,0.03735524841240194,0.040436,0.9238116631813715,,,,0,中性,2008-04-15
2008-04-15,27.19,4.0244,0.036778227289444645,0.040244,0.9138810080867867,,,,0,中性,2008-04-16
2008-04-16,26.7,4.0184,0.03745318352059925,0.040184,0.9320421939229359,,,,0,中性,2008-04-17
2008-04-17,26.11,4.0185,0.038299502106472615,0.040185000000000005,0.953079559698211,,,,0,中性,2008-04-18
2008-04-18,25.02,4.0085,0.039968025579536375,0.040084999999999996,0.997081840577183,,,,0,中性,2008-04-21
2008-04-21,25.07,4.0087,0.03988831272437176,0.040087000000000005,0.9950435982830282,,,,0,中性,2008-04-22
2008-04-22,25.2,4.009,0.03968253968253968,0.04009,0.9898363602529229,,,,0,中性,2008-04-23
2008-04-23,25.53,4.0244,0.03916960438699569,0.040244,0.9733029616090768,,,,0,中性,2008-04-24
2008-04-24,27.84,4.0601,0.035919540229885055,0.040601000000000005,0.8846959491117227,,,,0,中性,2008-04-25
2008-04-25,27.45,4.0654,0.03642987249544627,0.040654,0.8960956485326479,,,,0,中性,2008-04-28
2008-04-28,27.3,4.0707,0.03663003663003663,0.04070700000000001,0.8998461353093233,,,,0,中性,2008-04-29
2008-04-29,27.52,4.0736,0.036337209302325583,0.040736,0.8920171175944025,,,,0,中性,2008-04-30
2008-04-30,28.15,4.0725,0.03552397868561279,0.040725,0.872289224938313,,,,0,中性,2008-05-05
2008-05-05,28.69,4.0631,0.034855350296270474,0.040631,0.8578511554298559,,,,0,中性,2008-05-06
2008-05-06,28.42,4.0632,0.03518648838845883,0.040632,0.8659797299778211,,,,0,中性,2008-05-07
2008-05-07,27.22,4.135,0.036737692872887584,0.04135,0.8884569013999416,,,,0,中性,2008-05-08
2008-05-08,27.78,4.1253,0.03599712023038157,0.041253000000000005,0.872593998748735,,,,0,中性,2008-05-09
2008-05-09,27.45,4.121,0.03642987249544627,0.041210000000000004,0.8840056417240055,,,,0,中性,2008-05-12
2008-05-12,27.57,4.1517,0.03627130939426913,0.041517,0.873649574734907,,,,0,中性,2008-05-13
2008-05-13,27.12,4.1486,0.03687315634218289,0.041486,0.8888096307714142,,,,0,中性,2008-05-14
2008-05-14,27.88,4.1653,0.035868005738880916,0.041653,0.8611145833164697,,,,0,中性,2008-05-15
2008-05-15,27.72,4.1691,0.03607503607503608,0.041691000000000006,0.8652955332094715,,,,0,中性,2008-05-16
2008-05-16,27.6,4.1493,0.036231884057971016,0.041493,0.8732047347256408,,,,0,中性,2008-05-19
2008-05-19,27.43,4.1669,0.03645643456069996,0.041669,0.874905434752453,,,,0,中性,2008-05-20
2008-05-20,26.18,4.1676,0.03819709702062643,0.041676000000000005,0.916525026889011,,,,0,中性,2008-05-21
2008-05-21,26.95,4.1677,0.03710575139146568,0.041677,0.8903172347209655,,,,0,中性,2008-05-22
2008-05-22,26.46,4.1631,0.03779289493575208,0.041631,0.9078065608741582,,,,0,中性,2008-05-23
2008-05-23,26.37,4.1632,0.037921880925293895,0.041631999999999995,0.9108829968604415,,,,0,中性,2008-05-26
2008-05-26,25.56,4.1636,0.03912363067292645,0.041636,0.939658724971814,,,,0,中性,2008-05-27
2008-05-27,25.65,4.1618,0.038986354775828465,0.041618,0.9367666580765165,,,,0,中性,2008-05-28
2008-05-28,26.3,4.1676,0.03802281368821293,0.041676000000000005,0.9123431636484529,,,,0,中性,2008-05-29
2008-05-29,25.85,4.1636,0.03868471953578336,0.041636,0.9291170990436969,,,,0,中性,2008-05-30
2008-05-30,26.09,4.1589,0.038328861632809505,0.041589,0.9216105612736422,,,,0,中性,2008-06-02
2008-06-02,26.27,4.1626,0.03806623524933384,0.041626,0.9144821805922702,,,,0,中性,2008-06-03
2008-06-03,26.1,4.1588,0.038314176245210725,0.041588,0.9212796057807715,,,,0,中性,2008-06-04
2008-06-04,25.64,4.1589,0.0390015600624025,0.041589,0.9377854736204885,,,,0,中性,2008-06-05
2008-06-05,25.49,4.1591,0.03923107100823853,0.041590999999999996,0.9432586619277856,,,,0,中性,2008-06-06
2008-06-06,25.32,4.1617,0.03949447077409163,0.041616999999999994,0.948998504795916,,,,0,中性,2008-06-10
2008-06-10,23.35,4.2069,0.042826552462526764,0.042069,1.0180073798408986,,,,0,中性,2008-06-11
2008-06-11,22.93,4.3193,0.04361098996947231,0.043193,1.0096772618126157,,,,0,中性,2008-06-12
2008-06-12,22.44,4.3009,0.044563279857397504,0.043009000000000006,1.0361384793275243,,,,0,中性,2008-06-13
2008-06-13,21.76,4.3128,0.04595588235294117,0.043128,1.0655695221883967,,,,0,中性,2008-06-16
2008-06-16,21.82,4.3179,0.045829514207149404,0.043178999999999995,1.0613843351432273,,,,0,中性,2008-06-17
2008-06-17,21.2,4.3354,0.04716981132075472,0.043354,1.0880152078413692,,,,0,中性,2008-06-18
2008-06-18,22.32,4.3356,0.044802867383512544,0.043356000000000006,1.0333717912979181,,,,0,中性,2008-06-19
2008-06-19,20.87,4.3358,0.0479156684235745,0.043358,1.10511712771748,,,,0,中性,2008-06-20
2008-06-20,21.49,4.4213,0.04653327128897162,0.044212999999999995,1.0524793904275127,,,,0,中性,2008-06-23
2008-06-23,20.94,4.4716,0.04775549188156638,0.044716,1.0679732507730204,,,,0,中性,2008-06-24
2008-06-24,21.26,4.4626,0.047036688617121354,0.044626,1.0540198229086486,,,,0,中性,2008-06-25
2008-06-25,22.05,4.4582,0.045351473922902494,0.044582,1.0172597443565228,,,,0,中性,2008-06-26
2008-06-26,22.01,4.5182,0.045433893684688774,0.045182,1.0055750892985873,,,,0,中性,2008-06-27
2008-06-27,20.82,4.558,0.04803073967339097,0.045579999999999996,1.0537678734837863,,,,0,中性,2008-06-30
2008-06-30,20.71,4.5285,0.048285852245292124,0.045285,1.0662659212828116,,,,0,中性,2008-07-01
2008-07-01,20.19,4.5309,0.04952947003467063,0.045309,1.0931486025882413,,,,0,中性,2008-07-02
2008-07-02,20.12,4.536,0.049701789264413515,0.04536,1.0957184582101747,,,,0,中性,2008-07-03
2008-07-03,20.48,4.5311,0.048828125,0.045311000000000004,1.0776218798967137,,,,0,中性,2008-07-04
2008-07-04,20.25,4.5313,0.04938271604938271,0.045313,1.0898134321140227,,,,0,中性,2008-07-07
2008-07-07,21.19,4.5529,0.04719207173194903,0.045529,1.0365277456554949,,,,0,中性,2008-07-08
2008-07-08,21.34,4.5331,0.046860356138706656,0.045331,1.033737533668056,,,,0,中性,2008-07-09
2008-07-09,22.16,4.5059,0.04512635379061372,0.045058999999999995,1.0014947910653527,,,,0,中性,2008-07-10
2008-07-10,21.85,4.4725,0.04576659038901602,0.044725,1.0232887733709561,,,,0,中性,2008-07-11
2008-07-11,21.69,4.4562,0.04610419548178884,0.044562,1.0346078605490965,,,,0,中性,2008-07-14
2008-07-14,21.85,4.4328,0.04576659038901602,0.044328000000000006,1.0324533114288037,,,,0,中性,2008-07-15
2008-07-15,21.06,4.4332,0.04748338081671415,0.044332,1.0710859157428978,,,,0,中性,2008-07-16
2008-07-16,20.49,4.4338,0.04880429477794046,0.044337999999999995,1.1007328877698692,,,,0,中性,2008-07-17
2008-07-17,20.36,4.434,0.049115913555992145,0.044340000000000004,1.1077111762740672,,,,0,中性,2008-07-18
2008-07-18,21.05,4.4236,0.047505938242280284,0.044236000000000004,1.0739202966425598,,,,0,中性,2008-07-21
2008-07-21,21.69,4.419,0.04610419548178884,0.04418999999999999,1.0433173904002906,,,,0,中性,2008-07-22
2008-07-22,21.57,4.4135,0.04636068613815485,0.044135,1.0504290503716969,,,,0,中性,2008-07-23
2008-07-23,21.53,4.4136,0.046446818392940084,0.044135999999999995,1.0523567698237286,,,,0,中性,2008-07-24
2008-07-24,22.07,4.4137,0.04531037607612143,0.044137,1.0265848624990694,,,,0,中性,2008-07-25
2008-07-25,21.73,4.4342,0.046019328117809476,0.044342,1.0378270740564133,,,,0,中性,2008-07-28
2008-07-28,21.97,4.4374,0.04551661356395084,0.044374000000000004,1.0257496183339532,,,,0,中性,2008-07-29
2008-07-29,21.55,4.44,0.04640371229698376,0.0444,1.045128655337472,,,,0,中性,2008-07-30
2008-07-30,21.44,4.4351,0.046641791044776115,0.044351,1.0516513955666413,,,,0,中性,2008-07-31
2008-07-31,20.96,4.4401,0.047709923664122134,0.044401,1.0745236292903793,,,,0,中性,2008-08-01
2008-08-01,21.18,4.4601,0.047214353163361665,0.044600999999999995,1.0585940486393057,,,,0,中性,2008-08-04
2008-08-04,20.72,4.4612,0.04826254826254826,0.044612,1.0818288411761021,,,,0,中性,2008-08-05
2008-08-05,20.31,4.4565,0.049236829148202856,0.044565,1.1048317995782084,,,,0,中性,2008-08-06
2008-08-06,20.55,4.4411,0.048661800486618,0.044411,1.0957150365138817,,,,0,中性,2008-08-07
2008-08-07,20.59,4.5238,0.04856726566294318,0.045237999999999993,1.073594448537583,,,,0,中性,2008-08-08
2008-08-08,19.6,4.4988,0.0510204081632653,0.044988,1.1340892718783964,,,,0,中性,2008-08-11
2008-08-11,18.62,4.5596,0.05370569280343716,0.045596,1.177859742158022,,,,0,中性,2008-08-12
2008-08-12,18.54,4.5139,0.05393743257820928,0.045139,1.1949186419329023,,,,0,中性,2008-08-13
2008-08-13,18.41,4.5038,0.054318305268875614,0.045038,1.2060550039716598,,,,0,中性,2008-08-14
2008-08-14,18.33,4.4736,0.05455537370430988,0.044736000000000005,1.2194960144919051,,,,0,中性,2008-08-15
2008-08-15,18.38,4.4133,0.0544069640914037,0.044133,1.2327955065688645,,,,0,中性,2008-08-18
2008-08-18,17.42,4.4141,0.057405281285878296,0.04414100000000001,1.3004979788830857,,,,0,中性,2008-08-19
2008-08-19,17.55,4.4042,0.05698005698005698,0.044042000000000005,1.2937663362258067,,,,0,中性,2008-08-20
2008-08-20,18.87,4.3944,0.05299417064122946,0.043944000000000004,1.2059478117884002,,,,0,中性,2008-08-21
2008-08-21,18.07,4.3689,0.05534034311012728,0.043689,1.266688253567884,,,,0,中性,2008-08-22
2008-08-22,17.68,4.3554,0.05656108597285068,0.043554,1.2986427417194901,,,,0,中性,2008-08-25
2008-08-25,17.42,4.3431,0.057405281285878296,0.043431,1.3217582207611682,,,,0,中性,2008-08-26
2008-08-26,16.94,4.3292,0.05903187721369539,0.043292000000000004,1.3635747300585648,,,,0,中性,2008-08-27
2008-08-27,16.68,4.3096,0.05995203836930456,0.043095999999999995,1.3911276770304568,,,,0,中性,2008-08-28
2008-08-28,17.0,4.2753,0.058823529411764705,0.042753,1.3758924382327486,,,,0,中性,2008-08-29
2008-08-29,17.28,4.2234,0.057870370370370364,0.042234,1.3702318125294872,,,,0,中性,2008-09-01
2008-09-01,16.77,4.1363,0.05963029218843172,0.041363000000000004,1.4416336384796005,,,,0,中性,2008-09-02
2008-09-02,16.61,4.1714,0.060204695966285374,0.041714,1.4432731448982445,,,,0,中性,2008-09-03
2008-09-03,16.4,4.1411,0.06097560975609757,0.041410999999999996,1.4724495847986663,,,,0,中性,2008-09-04
2008-09-04,16.4,4.1643,0.06097560975609757,0.041643,1.4642463260595435,,,,0,中性,2008-09-05
2008-09-05,15.87,4.1703,0.06301197227473221,0.041703000000000004,1.510969768955044,,,,0,中性,2008-09-08
2008-09-08,15.51,4.1705,0.06447453255963895,0.041705,1.545966492258457,,,,0,中性,2008-09-09
2008-09-09,15.51,4.1429,0.06447453255963895,0.041429,1.5562657211045148,,,,0,中性,2008-09-10
2008-09-10,15.53,4.1015,0.0643915003219575,0.041014999999999996,1.5699500261357433,,,,0,中性,2008-09-11
2008-09-11,14.99,4.0631,0.066711140760507,0.040631,1.6418778952156483,,,,0,中性,2008-09-12
2008-09-12,15.0,3.9712,0.06666666666666667,0.039712,1.6787536932581253,,,,0,中性,2008-09-16
2008-09-16,14.26,3.8,0.07012622720897616,0.038,1.845427031815162,,,,0,中性,2008-09-17
2008-09-17,13.76,3.7119,0.07267441860465117,0.037119,1.9578765215833176,,,,0,中性,2008-09-18
2008-09-18,13.54,3.712,0.07385524372230429,0.03712,1.989634798553456,,,,0,中性,2008-09-19
2008-09-19,14.83,3.69,0.06743088334457181,0.0369,1.827395212590022,,,,0,中性,2008-09-22
2008-09-22,16.01,3.7594,0.062460961898813235,0.037593999999999995,1.6614609219240635,,,,0,中性,2008-09-23
2008-09-23,15.77,3.7612,0.06341154090044389,0.037612,1.6859390859418242,,,,0,中性,2008-09-24
2008-09-24,15.83,3.7601,0.06317119393556538,0.037601,1.6800402631729308,,,,0,中性,2008-09-25
2008-09-25,16.4,3.7276,0.06097560975609757,0.037276,1.635787363346324,,,,0,中性,2008-09-26
2008-09-26,16.39,3.7282,0.06101281269066504,0.037282,1.6365219862310239,,,,0,中性,2008-10-06
2008-10-06,15.51,3.6809,0.06447453255963895,0.036809,1.7515969616028402,,,,0,中性,2008-10-07
2008-10-07,15.41,3.5309,0.06489292667099286,0.035309,1.8378579589054593,,,,0,中性,2008-10-08
2008-10-08,14.89,3.3499,0.0671591672263264,0.033499,2.004811105594985,,,,0,中性,2008-10-09
2008-10-09,14.75,3.15,0.06779661016949153,0.0315,2.1522733387140165,,,,0,中性,2008-10-10
2008-10-10,14.21,3.051,0.07037297677691766,0.030510000000000002,2.3065544666311917,,,,0,中性,2008-10-13
2008-10-13,14.78,3.126,0.06765899864682003,0.031259999999999996,2.1643953501861817,,,,0,中性,2008-10-14
2008-10-14,14.4,3.1593,0.06944444444444445,0.031593,2.1980959213890556,,,,0,中性,2008-10-15
2008-10-15,14.27,3.1062,0.0700770847932726,0.031062,2.256039044275082,,,,0,中性,2008-10-16
2008-10-16,13.64,3.1267,0.07331378299120234,0.031267,2.3447655032846875,,,,0,中性,2008-10-17
2008-10-17,13.78,3.1768,0.07256894049346879,0.031768,2.2843408616679928,,,,0,中性,2008-10-20
2008-10-20,14.05,3.182,0.07117437722419928,0.03182,2.2367811824072685,,,,0,中性,2008-10-21
2008-10-21,13.94,3.1826,0.07173601147776183,0.031826,2.254006519127815,,,,0,中性,2008-10-22
2008-10-22,13.51,3.1922,0.07401924500370097,0.031922,2.3187533676994225,,,,0,中性,2008-10-23
2008-10-23,13.34,3.1978,0.07496251874062969,0.031978,2.3441903415044623,,,,0,中性,2008-10-24
2008-10-24,13.05,3.1931,0.07662835249042145,0.031931,2.3998106069468994,,,,0,中性,2008-10-27
2008-10-27,12.28,3.1522,0.08143322475570033,0.031522,2.583377474643117,,,,0,中性,2008-10-28
2008-10-28,12.75,3.1042,0.0784313725490196,0.031042,2.526621111688023,,,,0,中性,2008-10-29
2008-10-29,12.32,3.0694,0.08116883116883117,0.030694,2.644452699838117,,,,0,中性,2008-10-30
2008-10-30,12.51,3.0703,0.07993605115907275,0.030703,2.603525751850723,,,,0,中性,2008-10-31
2008-10-31,12.23,3.0751,0.08176614881439084,0.030751,2.6589752793206998,,,,0,中性,2008-11-03
2008-11-03,12.2,3.0549,0.0819672131147541,0.030549,2.683138993576029,,,,0,中性,2008-11-04
2008-11-04,12.12,3.0569,0.08250825082508251,0.030569000000000002,2.6990824307331773,,,,0,中性,2008-11-05
2008-11-05,12.51,3.0676,0.07993605115907275,0.030676000000000002,2.605817289055703,,,,0,中性,2008-11-06
2008-11-06,12.2,3.0424,0.0819672131147541,0.030424000000000003,2.6941629343529483,,,,0,中性,2008-11-07
2008-11-07,12.42,2.9767,0.08051529790660225,0.029767000000000002,2.7048509391810476,,,,0,中性,2008-11-10
2008-11-10,13.31,2.9005,0.07513148009015777,0.029005,2.590294090334693,,,,0,中性,2008-11-11
2008-11-11,13.11,2.9221,0.07627765064836003,0.029221,2.6103709882741875,,,,0,中性,2008-11-12
2008-11-12,13.21,2.8969,0.07570022710068129,0.028969,2.6131460216328244,,,,0,中性,2008-11-13
2008-11-13,13.68,2.8639,0.07309941520467836,0.028639,2.552443004458199,,,,0,中性,2008-11-14
2008-11-14,14.09,2.9482,0.07097232079488999,0.029481999999999998,2.4073102501489045,,,,0,中性,2008-11-17
2008-11-17,14.36,2.9984,0.06963788300835655,0.029984,2.322501434376886,,,,0,中性,2008-11-18
2008-11-18,13.44,2.9974,0.0744047619047619,0.029973999999999997,2.4823100655488726,,,,0,中性,2008-11-19
2008-11-19,14.24,3.0885,0.0702247191011236,0.030885,2.2737483924598867,,,,0,中性,2008-11-20
2008-11-20,13.99,3.0531,0.07147962830593281,0.030531000000000003,2.341214775340893,,,,0,中性,2008-11-21
2008-11-21,13.91,3.0049,0.07189072609633357,0.030049000000000003,2.3924498684260227,,,,0,中性,2008-11-24
2008-11-24,13.4,3.0638,0.07462686567164178,0.030638000000000002,2.43576165779887,,,,0,中性,2008-11-25
2008-11-25,13.36,3.1728,0.07485029940119761,0.031728,2.359124413804766,,,,0,中性,2008-11-26
2008-11-26,13.43,3.1034,0.07446016381236038,0.031034000000000003,2.3993092676535532,,,,0,中性,2008-11-27
2008-11-27,13.57,2.9064,0.07369196757553427,0.029064,2.535506729133439,,,,0,中性,2008-11-28
2008-11-28,13.22,2.9905,0.075642965204236,0.029905,2.5294420733735494,,,,0,中性,2008-12-01
2008-12-01,13.36,3.0378,0.07485029940119761,0.030378,2.4639640332213317,,,,0,中性,2008-12-02
2008-12-02,13.32,3.0306,0.07507507507507508,0.030306000000000003,2.4772347084760464,,,,0,中性,2008-12-03
2008-12-03,13.87,2.9467,0.07209805335255949,0.029467,2.4467388384484163,,,,0,中性,2008-12-04
2008-12-04,14.14,2.9343,0.07072135785007072,0.029342999999999998,2.4101611236094036,,,,0,中性,2008-12-05
2008-12-05,14.27,2.9061,0.0700770847932726,0.029061,2.411378988791597,,,,0,中性,2008-12-08
2008-12-08,14.77,2.9053,0.06770480704129993,0.029053,2.330389530902142,,,,0,中性,2008-12-09
2008-12-09,14.39,3.0072,0.06949270326615706,0.030072,2.3108773365974016,,,,0,中性,2008-12-10
2008-12-10,14.69,3.013,0.06807351940095303,0.03013,2.259326896812248,,,,0,中性,2008-12-11
2008-12-11,14.33,3.004,0.06978367062107467,0.03004,2.3230249873859745,,,,0,中性,2008-12-12
2008-12-12,13.77,2.9237,0.07262164124909223,0.029237000000000003,2.483895107196095,,,,0,中性,2008-12-15
2008-12-15,13.83,2.9186,0.07230657989877079,0.029186,2.4774405502217087,,,,0,中性,2008-12-16
2008-12-16,13.91,2.9243,0.07189072609633357,0.029243,2.458390934457257,,,,0,中性,2008-12-17
2008-12-17,13.92,2.81,0.07183908045977011,0.0281,2.556550906041641,,,,0,中性,2008-12-18
2008-12-18,14.2,2.7043,0.07042253521126761,0.027042999999999998,2.6040947828002667,,,,0,中性,2008-12-19
2008-12-19,14.2,2.7384,0.07042253521126761,0.027384,2.571667222146787,,,,0,中性,2008-12-22
2008-12-22,13.97,2.739,0.07158196134574087,0.027389999999999998,2.6134341491690716,,,,0,中性,2008-12-23
2008-12-23,13.35,2.6887,0.0749063670411985,0.026886999999999998,2.7859696894855697,,,,0,中性,2008-12-24
2008-12-24,13.12,2.7045,0.07621951219512195,0.027045,2.8182478164215916,,,,0,中性,2008-12-25
2008-12-25,13.04,2.7047,0.07668711656441718,0.027046999999999998,2.835328005487381,,,,0,中性,2008-12-26
2008-12-26,13.03,2.7301,0.07674597083653109,0.027301000000000002,2.811104752079817,,,,0,中性,2008-12-29
2008-12-29,12.98,2.7559,0.07704160246533127,0.027559,2.7955151662009246,,,,0,中性,2008-12-30
2008-12-30,12.84,2.7566,0.0778816199376947,0.027566,2.825278239051538,,,,0,中性,2008-12-31
2008-12-31,12.78,2.7521,0.0782472613458529,0.027521,2.84318379949322,,,,0,中性,2009-01-05
2009-01-05,13.3,2.73,0.07518796992481203,0.0273,2.7541380924839567,,,,0,中性,2009-01-06
2009-01-06,13.69,2.6909,0.07304601899196494,0.026909000000000002,2.7145571738810412,,,,0,中性,2009-01-07
2009-01-07,13.57,2.6711,0.07369196757553427,0.026711,2.7588621757154086,,,,0,中性,2009-01-08
2009-01-08,13.24,2.6716,0.0755287009063444,0.026716000000000004,2.8270961560991315,,,,0,中性,2009-01-09
2009-01-09,13.42,2.6722,0.07451564828614009,0.026722000000000003,2.7885505683010283,,,,0,中性,2009-01-12
2009-01-12,13.39,2.7,0.07468259895444361,0.027000000000000003,2.766022183497911,,,,0,中性,2009-01-13
2009-01-13,13.12,2.8257,0.07621951219512195,0.028256999999999997,2.697367455679016,,,,0,中性,2009-01-14
2009-01-14,13.59,2.8818,0.07358351729212656,0.028818,2.5533873722023235,,,,0,中性,2009-01-15
2009-01-15,13.54,2.9897,0.07385524372230429,0.029897,2.470322899364628,,,,0,中性,2009-01-16
2009-01-16,13.8,2.994,0.07246376811594203,0.02994,2.420299536270609,,,,0,中性,2009-01-19
2009-01-19,14.09,3.0123,0.07097232079488999,0.030123,2.3560840817611126,,,,0,中性,2009-01-20
2009-01-20,14.14,3.0995,0.07072135785007072,0.030994999999999998,2.2817021406701317,,,,0,中性,2009-01-21
2009-01-21,14.12,3.1398,0.0708215297450425,0.031398,2.255606399931285,,,,0,中性,2009-01-22
2009-01-22,14.25,3.0619,0.07017543859649122,0.030619,2.2918919166691016,,,,0,中性,2009-01-23
2009-01-23,14.14,3.0367,0.07072135785007072,0.030367,2.3288885253752665,,,,0,中性,2009-02-02
2009-02-02,14.27,3.1433,0.0700770847932726,0.031433,2.229411280923634,,,,0,中性,2009-02-03
2009-02-03,14.61,3.1766,0.06844626967830253,0.031766,2.1547021871907863,,,,0,中性,2009-02-04
2009-02-04,14.95,3.2946,0.06688963210702341,0.032946,2.0302808264136285,,,,0,中性,2009-02-05
2009-02-05,14.87,3.4013,0.06724949562878278,0.034013,1.977170365118713,,,,0,中性,2009-02-06
2009-02-06,15.47,3.2967,0.06464124111182934,0.032966999999999996,1.9607862745117648,,,,0,中性,2009-02-09
2009-02-09,15.79,3.269,0.06333122229259025,0.032690000000000004,1.9373270814496861,,,,0,中性,2009-02-10
2009-02-10,16.08,3.3001,0.06218905472636817,0.033001,1.8844597050503973,,,,0,中性,2009-02-11
2009-02-11,16.06,3.2323,0.06226650062266501,0.032323,1.9263837088966067,,,,0,中性,2009-02-12
2009-02-12,15.94,3.1271,0.06273525721455459,0.031271,2.006180077853429,,,,0,中性,2009-02-13
2009-02-13,16.47,3.1321,0.060716454159077116,0.031321,1.938522210627921,,,,0,中性,2009-02-16
2009-02-16,16.96,3.1547,0.05896226415094339,0.031547,1.8690291993198527,,,,0,中性,2009-02-17
2009-02-17,16.46,3.1897,0.060753341433778855,0.031897,1.9046725846875523,,,,0,中性,2009-02-18
2009-02-18,15.67,3.1703,0.06381620931716656,0.031703,2.0129391324848296,,,,0,中性,2009-02-19
2009-02-19,15.8,3.1385,0.06329113924050632,0.031385,2.0166047232915822,,,,0,中性,2009-02-20
2009-02-20,16.04,3.1583,0.06234413965087282,0.031583,1.9739777617982086,,,,0,中性,2009-02-23
2009-02-23,16.38,3.1555,0.061050061050061055,0.031555,1.9347190952324846,,,,0,中性,2009-02-24
2009-02-24,15.64,3.1508,0.0639386189258312,0.031508,2.029282052997055,,,,0,中性,2009-02-25
2009-02-25,15.68,3.1412,0.06377551020408163,0.031412,2.0302912964498163,,,,0,中性,2009-02-26
2009-02-26,15.09,3.1447,0.06626905235255136,0.031446999999999996,2.1073250978647047,,,,0,中性,2009-02-27
2009-02-27,14.84,3.1508,0.0673854447439353,0.031508,2.1386773119187286,,,,0,中性,2009-03-02
2009-03-02,14.95,3.1582,0.06688963210702341,0.031582,2.117966946584238,,,,0,中性,2009-03-03
2009-03-03,14.8,3.1755,0.06756756756756756,0.031755,2.127777281296412,,,,0,中性,2009-03-04
2009-03-04,15.72,3.2075,0.06361323155216285,0.032075,1.9832652081734325,,,,0,中性,2009-03-05
2009-03-05,15.9,3.231,0.06289308176100629,0.03231,1.9465515865368708,,,,0,中性,2009-03-06
2009-03-06,15.7,3.2291,0.06369426751592357,0.032291,1.9725083619560735,,,,0,中性,2009-03-09
2009-03-09,15.18,3.2036,0.06587615283267458,0.032035999999999995,2.056316420048526,,,,0,中性,2009-03-10
2009-03-10,15.55,3.178,0.06430868167202572,0.03178,2.0235582653249122,,,,0,中性,2009-03-11
2009-03-11,15.41,3.1331,0.06489292667099286,0.031331000000000005,2.0712050898788052,,,,0,中性,2009-03-12
2009-03-12,15.37,3.1524,0.06506180871828238,0.031524,2.06388176368108,,,,0,中性,2009-03-13
2009-03-13,15.35,3.148,0.06514657980456026,0.03148,2.0694593330546462,,,,0,中性,2009-03-16
2009-03-16,15.53,3.1534,0.0643915003219575,0.031534,2.0419705816565457,,,,0,中性,2009-03-17
2009-03-17,16.01,3.1249,0.062460961898813235,0.031249,1.9988147428337943,,,,0,中性,2009-03-18
2009-03-18,16.07,3.1,0.06222775357809583,0.031,2.0073468896159947,,,,0,中性,2009-03-19
2009-03-19,16.37,3.0768,0.06108735491753207,0.030768,1.9854184515578546,,,,0,中性,2009-03-20
2009-03-20,16.53,3.0772,0.060496067755595885,0.030772,1.9659452669828377,,,,0,中性,2009-03-23
2009-03-23,16.87,3.0831,0.05927682276229994,0.030831,1.9226370459050934,,,,0,中性,2009-03-24
2009-03-24,16.96,3.1295,0.05896226415094339,0.031295,1.8840793785251122,,,,0,中性,2009-03-25
2009-03-25,16.74,3.1297,0.059737156511350066,0.031297,1.908718296045949,,,,0,中性,2009-03-26
2009-03-26,17.45,3.1606,0.05730659025787966,0.031606,1.8131554216882761,,,,0,中性,2009-03-27
2009-03-27,17.6,3.1594,0.056818181818181816,0.031594000000000004,1.798385193966633,,,,0,中性,2009-03-30
2009-03-30,17.74,3.1608,0.056369785794813984,0.031608,1.783402486548152,,,,0,中性,2009-03-31
2009-03-31,17.94,3.1612,0.05574136008918617,0.031612,1.7632974847901484,,,,0,中性,2009-04-01
2009-04-01,18.0,3.1618,0.05555555555555555,0.031618,1.7570863291655245,,,,0,中性,2009-04-02
2009-04-02,18.16,3.1714,0.05506607929515418,0.031714,1.7363334582567378,,,,0,中性,2009-04-03
2009-04-03,18.16,3.1805,0.05506607929515418,0.031805,1.731365486406357,,,,0,中性,2009-04-07
2009-04-07,18.28,3.1805,0.05470459518599562,0.031805,1.7199998486400132,,,,0,中性,2009-04-08
2009-04-08,17.6,3.1869,0.056818181818181816,0.031869,1.782866792751006,,,,0,中性,2009-04-09
2009-04-09,17.93,3.1949,0.055772448410485224,0.031949,1.7456711762648354,,,,0,中性,2009-04-10
2009-04-10,18.49,3.1954,0.05408328826392645,0.031953999999999996,1.6925357784291937,,,,0,中性,2009-04-13
2009-04-13,19.08,3.1953,0.052410901467505246,0.031953,1.640249787735275,,,,0,中性,2009-04-14
2009-04-14,19.19,3.2044,0.05211047420531526,0.032044,1.6262162715427306,,,,0,中性,2009-04-15
2009-04-15,19.39,3.2114,0.05157297576070139,0.032114,1.6059343513950737,,,,0,中性,2009-04-16
2009-04-16,19.43,3.1841,0.0514668039114771,0.031841,1.6163689554812066,,,,0,中性,2009-04-17
2009-04-17,19.21,3.1634,0.052056220718375845,0.031634,1.6455781980898982,,,,0,中性,2009-04-20
2009-04-20,19.72,3.1412,0.05070993914807303,0.031412,1.6143492661426533,,,,0,中性,2009-04-21
2009-04-21,19.52,3.1616,0.05122950819672131,0.031616,1.62036652950156,,,,0,中性,2009-04-22
2009-04-22,18.97,3.1609,0.05271481286241434,0.031609,1.667715298250952,,,,0,中性,2009-04-23
2009-04-23,19.64,3.1618,0.05091649694501018,0.031618,1.6103642527993605,,,,0,中性,2009-04-24
2009-04-24,19.52,3.1571,0.05122950819672131,0.031570999999999995,1.6226761330563277,,,,0,中性,2009-04-27
2009-04-27,19.28,3.1579,0.051867219917012444,0.031579,1.6424592266066829,,,,0,中性,2009-04-28
2009-04-28,19.1,3.1532,0.05235602094240837,0.031532,1.6604091380948995,,,,0,中性,2009-04-29
2009-04-29,19.86,3.1286,0.050352467270896276,0.031286,1.6094248951894226,,,,0,中性,2009-04-30
2009-04-30,20.09,3.1072,0.049776007964161276,0.031072000000000002,1.6019570019361893,,,,0,中性,2009-05-04
2009-05-04,20.76,3.1092,0.048169556840077066,0.031091999999999998,1.5492588717379734,,,,0,中性,2009-05-05
2009-05-05,20.8,3.1036,0.04807692307692307,0.031036,1.5490695668553638,,,,0,中性,2009-05-06
2009-05-06,20.98,3.0795,0.047664442326024785,0.030795,1.5477980946915013,,,,0,中性,2009-05-07
2009-05-07,21.04,3.0739,0.047528517110266164,0.030739000000000002,1.5461959435982355,,,,0,中性,2009-05-08
2009-05-08,21.31,3.0701,0.04692632566870014,0.030701,1.5284950219439153,,,,0,中性,2009-05-11
2009-05-11,20.93,3.0698,0.047778308647873864,0.030698,1.556398092640363,,,,0,中性,2009-05-12
2009-05-12,21.24,3.0662,0.04708097928436912,0.030662,1.5354829849445282,,,,0,中性,2009-05-13
2009-05-13,21.59,3.0365,0.04631773969430292,0.030365000000000003,1.5253660363676242,,,,0,中性,2009-05-14
2009-05-14,21.4,3.0318,0.04672897196261683,0.030318,1.541294675196808,,,,0,中性,2009-05-15
2009-05-15,21.45,3.0321,0.046620046620046623,0.030320999999999997,1.5375497714470705,,,,0,中性,2009-05-18
2009-05-18,21.52,3.0277,0.04646840148698885,0.030277,1.5347756213293542,,,,0,中性,2009-05-19
2009-05-19,21.7,3.0384,0.04608294930875576,0.030384,1.5166847455488337,,,,0,中性,2009-05-20
2009-05-20,21.52,3.0386,0.04646840148698885,0.030386000000000003,1.5292701075162525,,,,0,中性,2009-05-21
2009-05-21,21.17,3.0388,0.04723665564478034,0.030388000000000002,1.5544509557976944,,,,0,中性,2009-05-22
2009-05-22,21.07,3.0434,0.04746084480303749,0.030434000000000003,1.5594678584161625,,,,0,中性,2009-05-25
2009-05-25,21.18,3.0441,0.047214353163361665,0.030441,1.5510118972228792,,,,0,中性,2009-05-26
2009-05-26,20.96,3.0546,0.047709923664122134,0.030546000000000004,1.5619041335730415,,,,0,中性,2009-05-27
2009-05-27,21.35,3.039,0.046838407494145196,0.03039,1.541244076806357,,,,0,中性,2009-06-01
2009-06-01,22.07,3.0615,0.04531037607612143,0.030615,1.4800057513023495,,,,0,中性,2009-06-02
2009-06-02,22.08,3.0515,0.045289855072463775,0.030515,1.4841833548243084,,,,0,中性,2009-06-03
2009-06-03,22.58,3.065,0.04428697962798937,0.03065,1.4449259258724103,,,,0,中性,2009-06-04
2009-06-04,22.48,3.1349,0.04448398576512456,0.031349,1.4189921772664058,,,,0,中性,2009-06-05
2009-06-05,22.35,3.1474,0.04474272930648769,0.031474,1.4215774704990687,,,,0,中性,2009-06-08
2009-06-08,22.54,3.1543,0.044365572315882874,0.031543,1.4065108682079344,,,,0,中性,2009-06-09
2009-06-09,22.73,3.1481,0.04399472063352398,0.031481,1.3975007348408237,,,,0,中性,2009-06-10
2009-06-10,22.95,3.166,0.04357298474945534,0.03166,1.376278734979638,,,,0,中性,2009-06-11
2009-06-11,22.82,3.17,0.04382120946538125,0.0317,1.3823725383401024,,,,0,中性,2009-06-12
2009-06-12,22.36,3.1868,0.044722719141323794,0.031868,1.4033738904645348,,,,0,中性,2009-06-15
2009-06-15,22.87,3.1947,0.043725404459991256,0.031947,1.3686857751898849,,,,0,中性,2009-06-16
2009-06-16,22.78,3.1476,0.043898156277436345,0.031476000000000004,1.3946548569524826,,,,0,中性,2009-06-17
2009-06-17,23.07,3.1332,0.043346337234503686,0.031332,1.383452611850622,,,,0,中性,2009-06-18
2009-06-18,23.51,3.1536,0.042535091450446615,0.031536,1.3487789019040657,,,,0,中性,2009-06-19
2009-06-19,23.74,3.1543,0.04212299915754002,0.031543,1.3354151208680218,,,,0,中性,2009-06-22
2009-06-22,23.9,3.1876,0.041841004184100423,0.031876,1.3126177746298286,,,,0,中性,2009-06-23
2009-06-23,23.94,3.2325,0.04177109440267335,0.032325,1.2922225646612018,,,,0,中性,2009-06-24
2009-06-24,24.13,3.2397,0.04144218814753419,0.032397,1.2791983253861219,,,,0,中性,2009-06-25
2009-06-25,24.15,3.2525,0.041407867494824016,0.032525,1.273108916059155,,,,0,中性,2009-06-26
2009-06-26,24.2,3.2628,0.04132231404958678,0.032628,1.266467881867929,,,,0,中性,2009-06-29
2009-06-29,24.55,3.2456,0.04073319755600815,0.032456,1.2550282707668274,,,,0,中性,2009-06-30
2009-06-30,24.38,3.2403,0.04101722723543889,0.032403,1.2658465955448226,,,,0,中性,2009-07-01
2009-07-01,24.96,3.23,0.04006410256410256,0.0323,1.240374692387076,,,,0,中性,2009-07-02
2009-07-02,25.38,3.2277,0.039401103230890466,0.032277,1.220717638903568,,,,0,中性,2009-07-03
2009-07-03,25.63,3.2534,0.03901677721420211,0.032534,1.1992616098297815,,,,0,中性,2009-07-06
2009-07-06,25.96,3.2702,0.03852080123266564,0.032702,1.1779341090045146,,,,0,中性,2009-07-07
2009-07-07,25.62,3.2706,0.039032006245121,0.032706,1.1934203585006116,,,,0,中性,2009-07-08
2009-07-08,25.5,3.2709,0.0392156862745098,0.032709,1.1989264812287077,,,,0,中性,2009-07-09
2009-07-09,25.78,3.3068,0.038789759503491075,0.033068,1.1730301047384504,,,,0,中性,2009-07-10
2009-07-10,25.72,3.3056,0.038880248833592534,0.033056,1.1761933940462408,,,,0,中性,2009-07-13
2009-07-13,25.42,3.306,0.03933910306845004,0.03306,1.1899305223366619,,,,0,中性,2009-07-14
2009-07-14,25.92,3.3322,0.038580246913580245,0.033322,1.1578010597677284,,,,0,中性,2009-07-15
2009-07-15,26.2,3.3816,0.03816793893129771,0.033816,1.12869466912993,,,,0,中性,2009-07-16
2009-07-16,26.21,3.4421,0.03815337657382678,0.034421,1.1084331243667174,,,,0,中性,2009-07-17
2009-07-17,26.2,3.451,0.03816793893129771,0.03451,1.105996491779128,,,,0,中性,2009-07-20
2009-07-20,26.8,3.478,0.03731343283582089,0.034780000000000005,1.072841657154137,,,,0,中性,2009-07-21
2009-07-21,26.38,3.4697,0.03790750568612585,0.034697,1.0925297773907212,,,,0,中性,2009-07-22
2009-07-22,27.04,3.4522,0.03698224852071006,0.034522,1.0712661062716546,,,,0,中性,2009-07-23
2009-07-23,27.33,3.4511,0.036589828027808274,0.034511,1.0602366789663664,,,,0,中性,2009-07-24
2009-07-24,27.64,3.4588,0.0361794500723589,0.034588,1.0460116246200677,,,,0,中性,2009-07-27
2009-07-27,28.1,3.5091,0.03558718861209964,0.035091000000000004,1.0141400533498515,,,,0,中性,2009-07-28
2009-07-28,28.13,3.4866,0.03554923569143264,0.034866,1.0195960446117318,,,,0,中性,2009-07-29
2009-07-29,26.78,3.502,0.037341299477221805,0.035019999999999996,1.0662849650834325,,,,0,中性,2009-07-30
2009-07-30,27.31,3.4905,0.03661662394727206,0.034905,1.0490366408042417,,,,0,中性,2009-07-31
2009-07-31,28.02,3.503,0.03568879371877231,0.03503,1.0188065577725467,,,,0,中性,2009-08-03
2009-08-03,28.36,3.5034,0.03526093088857546,0.035034,1.006477447296211,,,,0,中性,2009-08-04
2009-08-04,28.43,3.515,0.035174111853675694,0.03515,1.0006859702325943,,,,0,中性,2009-08-05
2009-08-05,28.07,3.5165,0.03562522265764161,0.035165,1.0130875204789311,,,,0,中性,2009-08-06
2009-08-06,27.51,3.5167,0.03635041802980734,0.035167000000000004,1.0336513785596535,,,,0,中性,2009-08-07
2009-08-07,26.7,3.5168,0.03745318352059925,0.035168,1.0649790582517986,,,,0,中性,2009-08-10
2009-08-10,26.61,3.5177,0.03757985719654265,0.035177,1.0683076213589178,,,,0,中性,2009-08-11
2009-08-11,26.77,3.518,0.03735524841240194,0.035179999999999996,1.0618319616941996,,,,0,中性,2009-08-12
2009-08-12,25.54,3.5209,0.03915426781519186,0.035209000000000004,1.1120528221531953,,,,0,中性,2009-08-13
2009-08-13,25.88,3.5187,0.03863987635239567,0.035186999999999996,1.098129319134785,,,,0,中性,2009-08-14
2009-08-14,25.15,3.518,0.039761431411530816,0.035179999999999996,1.1302282948132696,,,,0,中性,2009-08-17
2009-08-17,23.66,3.5231,0.042265426880811495,0.035231,1.1996658306835315,,,,0,中性,2009-08-18
2009-08-18,23.84,3.5242,0.04194630872483222,0.035242,1.1902363295168326,,,,0,中性,2009-08-19
2009-08-19,22.82,3.5255,0.04382120946538125,0.035255,1.2429785694335909,,,,0,中性,2009-08-20
2009-08-20,23.81,3.5162,0.041999160016799666,0.035162,1.194447415300599,,,,0,中性,2009-08-21
2009-08-21,24.2,3.5276,0.04132231404958678,0.035276,1.171400216849608,,,,0,中性,2009-08-24
2009-08-24,23.83,3.4886,0.04196391103650861,0.034886,1.2028868611049879,,,,0,中性,2009-08-25
2009-08-25,23.17,3.4966,0.04315925766076823,0.034966,1.2343207018466005,,,,0,中性,2009-08-26
2009-08-26,23.53,3.485,0.042498937526561836,0.03485,1.2194817080792493,,,,0,中性,2009-08-27
2009-08-27,23.41,3.4847,0.042716787697565144,0.034847,1.2258383131278199,,,,0,中性,2009-08-28
2009-08-28,22.55,3.48,0.044345898004434586,0.0348,1.2743074139205341,,,,0,中性,2009-08-31
2009-08-31,20.81,3.4805,0.04805382027871216,0.034805,1.3806585340816595,,,,0,中性,2009-09-01
2009-09-01,21.0,3.481,0.047619047619047616,0.03481,1.3679703424029765,,,,0,中性,2009-09-02
2009-09-02,21.32,3.4982,0.04690431519699812,0.034982,1.3408128522382403,,,,0,中性,2009-09-03
2009-09-03,22.32,3.4862,0.044802867383512544,0.034862000000000004,1.2851490844906357,,,,0,中性,2009-09-04
2009-09-04,22.44,3.4698,0.044563279857397504,0.034698,1.2843184004091737,,,,0,中性,2009-09-07
2009-09-07,22.57,3.4317,0.044306601683650866,0.034317,1.2910977557377064,,,,0,中性,2009-09-08
2009-09-08,22.99,3.4268,0.04349717268377556,0.034268,1.2693233536761865,,,,0,中性,2009-09-09
2009-09-09,23.07,3.4323,0.043346337234503686,0.034323,1.2628947712759282,,,,0,中性,2009-09-10
2009-09-10,22.91,3.451,0.04364906154517678,0.03451,1.2648235741865193,,,,0,中性,2009-09-11
2009-09-11,23.47,3.4652,0.0426075841499787,0.034651999999999995,1.2295851364994432,,,,0,中性,2009-09-14
2009-09-14,23.76,3.4631,0.04208754208754208,0.034630999999999995,1.2153140852860758,,,,0,中性,2009-09-15
2009-09-15,23.77,3.4581,0.04206983592763988,0.034581,1.2165592645568342,,,,0,中性,2009-09-16
2009-09-16,23.49,3.4535,0.04257130693912303,0.034535,1.2327003601888817,,,,0,中性,2009-09-17
2009-09-17,23.95,3.4636,0.04175365344467641,0.034636,1.2054987136123227,,,,0,中性,2009-09-18
2009-09-18,23.2,3.4741,0.04310344827586207,0.034741,1.2407083352771098,,,,0,中性,2009-09-21
2009-09-21,23.26,3.5132,0.04299226139294927,0.035132,1.2237350960078923,,,,0,中性,2009-09-22
2009-09-22,22.76,3.5212,0.04393673110720562,0.035212,1.2477772096786783,,,,0,中性,2009-09-23
2009-09-23,22.33,3.5126,0.04478280340349306,0.035126,1.274918960413741,,,,0,中性,2009-09-24
2009-09-24,22.45,3.5096,0.044543429844097995,0.035095999999999995,1.2691882221363688,,,,0,中性,2009-09-25
2009-09-25,22.33,3.5101,0.04478280340349306,0.035101,1.275826996481384,,,,0,中性,2009-09-28
2009-09-28,21.75,3.4917,0.04597701149425287,0.034917,1.316751481921496,,,,0,中性,2009-09-29
2009-09-29,21.71,3.5,0.046061722708429294,0.035,1.316049220240837,,,,0,中性,2009-09-30
2009-09-30,21.93,3.5132,0.045599635202918376,0.035132,1.29795158837864,,,,0,中性,2009-10-09
2009-10-09,22.94,3.5542,0.043591979075850044,0.035542,1.2264920115877005,,,,0,中性,2009-10-12
2009-10-12,22.83,3.6043,0.043802014892685065,0.036043,1.2152710621392522,,,,0,中性,2009-10-13
2009-10-13,23.13,3.6305,0.043233895373973194,0.036305000000000004,1.1908523722344908,,,,0,中性,2009-10-14
2009-10-14,23.33,3.6787,0.042863266180882986,0.036787,1.1651742784375727,,,,0,中性,2009-10-15
2009-10-15,23.39,3.7,0.04275331338178709,0.037000000000000005,1.1554949562645158,,,,0,中性,2009-10-16
2009-10-16,23.36,3.7058,0.04280821917808219,0.037058,1.1551680926677692,,,,0,中性,2009-10-19
2009-10-19,23.81,3.6789,0.041999160016799666,0.036789,1.1416227681317694,,,,0,中性,2009-10-20
2009-10-20,24.2,3.6773,0.04132231404958678,0.036773,1.1237134323984113,,,,0,中性,2009-10-21
2009-10-21,24.1,3.6933,0.04149377593360996,0.036933,1.1234878275149582,,,,0,中性,2009-10-22
2009-10-22,23.91,3.6587,0.04182350480970305,0.036587,1.1431247385602277,,,,0,中性,2009-10-23
2009-10-23,24.4,3.692,0.04098360655737705,0.03692,1.1100651830275474,,,,0,中性,2009-10-26
2009-10-26,24.11,3.6925,0.0414765657403567,0.036925,1.1232651520746568,,,,0,中性,2009-10-27
2009-10-27,23.28,3.6905,0.0429553264604811,0.036905,1.163943272198377,,,,0,中性,2009-10-28
2009-10-28,23.67,3.6855,0.042247570764681025,0.036855,1.1463185664002449,,,,0,中性,2009-10-29
2009-10-29,23.27,3.6818,0.04297378599054577,0.036818,1.167195013051925,,,,0,中性,2009-10-30
2009-10-30,23.04,3.6886,0.043402777777777776,0.036886,1.1766734744287202,,,,0,中性,2009-11-02
2009-11-02,23.74,3.692,0.04212299915754002,0.03692,1.1409263043754068,,,,0,中性,2009-11-03
2009-11-03,23.99,3.6944,0.041684035014589414,0.036944,1.1283032431406836,,,,0,中性,2009-11-04
2009-11-04,24.08,3.7038,0.04152823920265781,0.037038,1.1212333064057942,,,,0,中性,2009-11-05
2009-11-05,24.25,3.7247,0.041237113402061855,0.037247,1.107125765888846,,,,0,中性,2009-11-06
2009-11-06,24.31,3.7303,0.04113533525298231,0.037303,1.1027353095724823,,,,0,中性,2009-11-09
2009-11-09,24.36,3.7313,0.041050903119868636,0.037313,1.1001769656652811,,,,0,中性,2009-11-10
2009-11-10,24.42,3.7281,0.04095004095004095,0.037281,1.0984158405096685,,,,0,中性,2009-11-11
2009-11-11,24.37,3.6988,0.04103405826836274,0.036988,1.1093884034920174,,,,0,中性,2009-11-12
2009-11-12,24.34,3.6918,0.041084634346754315,0.036918,1.112861865397755,,,,0,中性,2009-11-13
2009-11-13,24.44,3.6921,0.0409165302782324,0.036921,1.108218365651862,,,,0,中性,2009-11-16
2009-11-16,25.12,3.6927,0.03980891719745223,0.036927,1.0780436319617686,,,,0,中性,2009-11-17
2009-11-17,25.21,3.6956,0.03966679888932963,0.036956,1.073352064328651,,,,0,中性,2009-11-18
2009-11-18,25.37,3.6885,0.039416633819471816,0.036885,1.0686358633447692,,,,0,中性,2009-11-19
2009-11-19,25.46,3.6866,0.03927729772191673,0.036865999999999996,1.0654070884261035,,,,0,中性,2009-11-20
2009-11-20,25.35,3.6648,0.03944773175542406,0.036648,1.0763952127107637,,,,0,中性,2009-11-23
2009-11-23,25.55,3.6703,0.03913894324853229,0.036703,1.06636905017389,,,,0,中性,2009-11-24
2009-11-24,24.68,3.6504,0.04051863857374392,0.036504,1.1099780455222419,,,,0,中性,2009-11-25
2009-11-25,25.13,3.651,0.03979307600477517,0.03651,1.089922651459194,,,,0,中性,2009-11-26
2009-11-26,24.28,3.6459,0.04118616144975288,0.036459,1.1296569146096405,,,,0,中性,2009-11-27
2009-11-27,23.75,3.5759,0.042105263157894736,0.035759,1.1774731720096965,,,,0,中性,2009-11-30
2009-11-30,24.49,3.5569,0.040832993058391186,0.035569,1.1479938445947646,,,,0,中性,2009-12-01
2009-12-01,24.75,3.5723,0.04040404040404041,0.035723,1.1310371582465193,,,,0,中性,2009-12-02
2009-12-02,25.0,3.5725,0.04,0.035725,1.1196641007697692,,,,0,中性,2009-12-03
2009-12-03,24.94,3.5929,0.040096230954290296,0.035929,1.1159851639146732,,,,0,中性,2009-12-04
2009-12-04,25.42,3.5983,0.03933910306845004,0.035983,1.0932691289900796,,,,0,中性,2009-12-07
2009-12-07,25.53,3.62,0.03916960438699569,0.0362,1.0820332703589968,,,,0,中性,2009-12-08
2009-12-08,25.25,3.6292,0.039603960396039604,0.036292,1.0912586905113966,,,,0,中性,2009-12-09
2009-12-09,24.83,3.6251,0.04027386226339106,0.036251000000000005,1.1109724494052868,,,,0,中性,2009-12-10
2009-12-10,24.94,3.6258,0.040096230954290296,0.036258,1.1058588712640052,,,,0,中性,2009-12-11
2009-12-11,24.89,3.6257,0.040176777822418644,0.036257000000000005,1.1081109254052635,,,,0,中性,2009-12-14
2009-12-14,25.34,3.6348,0.03946329913180742,0.036348,1.0857075803842693,,,,0,中性,2009-12-15
2009-12-15,25.11,3.6314,0.039824771007566706,0.036314,1.0966781684079614,,,,0,中性,2009-12-16
2009-12-16,24.96,3.6339,0.04006410256410256,0.036339,1.1025097708825933,,,,0,中性,2009-12-17
2009-12-17,24.43,3.6365,0.04093327875562833,0.036365,1.1256229549189696,,,,0,中性,2009-12-18
2009-12-18,23.93,3.6393,0.041788549937317176,0.036393,1.1482579050179202,,,,0,中性,2009-12-21
2009-12-21,23.98,3.6508,0.041701417848206836,0.036508,1.1422542414869847,,,,0,中性,2009-12-22
2009-12-22,23.46,3.6507,0.042625745950554135,0.036507,1.1676047319843903,,,,0,中性,2009-12-23
2009-12-23,23.66,3.6589,0.042265426880811495,0.036589,1.1551402574766048,,,,0,中性,2009-12-24
2009-12-24,24.27,3.6565,0.04120313143798929,0.036565,1.1268462036917624,,,,0,中性,2009-12-25
2009-12-25,24.19,3.6543,0.0413393964448119,0.036543,1.1312534943713408,,,,0,中性,2009-12-28
2009-12-28,24.54,3.65,0.040749796251018745,0.0365,1.1164327740005136,,,,0,中性,2009-12-29
2009-12-29,24.73,3.6426,0.040436716538617065,0.036426,1.1101058732393638,,,,0,中性,2009-12-30
2009-12-30,25.18,3.6429,0.03971405877680699,0.036429,1.0901770231630565,,,,0,中性,2009-12-31
2009-12-31,25.31,3.6422,0.039510075069142635,0.036421999999999996,1.08478598289887,,,,0,中性,2010-01-04
2010-01-04,25.19,3.6603,0.03969829297340214,0.036603,1.084563914799392,,,,0,中性,2010-01-05
2010-01-05,25.45,3.6606,0.03929273084479371,0.036606,1.0733959144619383,,,,0,中性,2010-01-06
2010-01-06,25.21,3.6425,0.03966679888932963,0.036425,1.0889992831662219,,,,0,中性,2010-01-07
2010-01-07,24.67,3.6543,0.040535062829347386,0.036543,1.1092428872656155,,,,0,中性,2010-01-08
2010-01-08,24.7,3.6614,0.04048582995951417,0.036614,1.1057472540425566,,,,0,中性,2010-01-11
2010-01-11,24.81,3.6696,0.04030632809351068,0.036696,1.0983847856308775,,,,0,中性,2010-01-12
2010-01-12,25.25,3.6694,0.039603960396039604,0.036694,1.0793034391464438,,,,0,中性,2010-01-13
2010-01-13,24.37,3.7053,0.04103405826836274,0.037052999999999996,1.107442265629308,,,,0,中性,2010-01-14
2010-01-14,24.67,3.6868,0.040535062829347386,0.036868,1.0994646530689864,,,,0,中性,2010-01-15
2010-01-15,24.73,3.6871,0.040436716538617065,0.036871,1.0967078880045853,,,,0,中性,2010-01-18
2010-01-18,24.82,3.6852,0.040290088638195005,0.036852,1.0932944925158743,,,,0,中性,2010-01-19
2010-01-19,24.89,3.6559,0.040176777822418644,0.036559,1.0989572423320835,,,,0,中性,2010-01-20
2010-01-20,24.15,3.64,0.041407867494824016,0.0364,1.13757877733033,,,,0,中性,2010-01-21
2010-01-21,24.25,3.6558,0.041237113402061855,0.036558,1.1279915039679922,,,,0,中性,2010-01-22
2010-01-22,24.07,3.63,0.04154549231408392,0.0363,1.1445039204981797,,,,0,中性,2010-01-25
2010-01-25,23.8,3.6,0.04201680672268907,0.036000000000000004,1.1671335200746964,,,,0,中性,2010-01-26
2010-01-26,23.27,3.5838,0.04297378599054577,0.035838,1.199112282787705,,,,0,中性,2010-01-27
2010-01-27,22.99,3.5648,0.04349717268377556,0.035648,1.2201854994326626,,,,0,中性,2010-01-28
2010-01-28,23.02,3.5879,0.043440486533449174,0.035879,1.2107496455712023,,,,0,中性,2010-01-29
2010-01-29,23.01,3.58,0.0434593654932638,0.0358,1.2139487567950782,,,,0,中性,2010-02-01
2010-02-01,22.63,3.5406,0.04418912947414936,0.035406,1.2480689565087657,,,,0,中性,2010-02-02
2010-02-02,22.58,3.4956,0.04428697962798937,0.034956,1.266934993362781,,,,0,中性,2010-02-03
2010-02-03,23.15,3.4648,0.04319654427645789,0.034648,1.2467254755384982,,,,0,中性,2010-02-04
2010-02-04,23.01,3.5006,0.0434593654932638,0.035006,1.241483331236468,,,,0,中性,2010-02-05
2010-02-05,22.56,3.4733,0.044326241134751775,0.034733,1.2761996123211865,,,,0,中性,2010-02-08
2010-02-08,22.52,3.4706,0.04440497335701599,0.034706,1.2794609968597932,,,,0,中性,2010-02-09
2010-02-09,22.61,3.4743,0.044228217602830605,0.034742999999999996,1.273010897240613,,,,0,中性,2010-02-10
2010-02-10,22.87,3.4615,0.043725404459991256,0.034615,1.2631923865373755,,,,0,中性,2010-02-11
2010-02-11,22.88,3.4516,0.04370629370629371,0.034516,1.2662618410677284,,,,0,中性,2010-02-12
2010-02-12,23.17,3.457,0.04315925766076823,0.03457,1.248459868694482,,,,0,中性,2010-02-22
2010-02-22,23.02,3.5149,0.043440486533449174,0.035149,1.2358953749309844,,,,0,中性,2010-02-23
2010-02-23,22.82,3.51,0.04382120946538125,0.0351,1.2484675061362178,,,,0,中性,2010-02-24
2010-02-24,23.11,3.4646,0.043271311120726956,0.034645999999999996,1.2489554673187946,,,,0,中性,2010-02-25
2010-02-25,23.39,3.4448,0.04275331338178709,0.034448,1.2410971139627,,,,0,中性,2010-02-26
2010-02-26,23.29,3.3753,0.042936882782310004,0.033753000000000005,1.2720908595475957,,,,0,中性,2010-03-01
2010-03-01,23.53,3.3613,0.042498937526561836,0.033613,1.2643601441871253,,,,0,中性,2010-03-02
2010-03-02,23.42,3.3414,0.04269854824935952,0.033414,1.2778640165607087,,,,0,中性,2010-03-03
2010-03-03,23.56,3.3169,0.04244482173174873,0.033169,1.2796533429331223,,,,0,中性,2010-03-04
2010-03-04,23.03,3.3518,0.04342162396873643,0.033518,1.2954718052609473,,,,0,中性,2010-03-05
2010-03-05,23.06,3.3537,0.04336513443191674,0.033537,1.2930534762178114,,,,0,中性,2010-03-08
2010-03-08,23.2,3.3602,0.04310344827586207,0.033602,1.2827643674740214,,,,0,中性,2010-03-09
2010-03-09,23.34,3.3817,0.04284490145672665,0.033817,1.266963404699608,,,,0,中性,2010-03-10
2010-03-10,23.16,3.403,0.04317789291882556,0.03403,1.2688184813054824,,,,0,中性,2010-03-11
2010-03-11,23.19,3.4559,0.04312203536006899,0.034559,1.2477801834563786,,,,0,中性,2010-03-12
2010-03-12,22.82,3.4526,0.04382120946538125,0.034526,1.2692234682668495,,,,0,中性,2010-03-15
2010-03-15,22.5,3.4484,0.044444444444444446,0.034484,1.2888424905592288,,,,0,中性,2010-03-16
2010-03-16,22.58,3.4331,0.04428697962798937,0.034331,1.2899996978820707,,,,0,中性,2010-03-17
2010-03-17,23.01,3.3829,0.0434593654932638,0.033829,1.284677805825292,,,,0,中性,2010-03-18
2010-03-18,22.95,3.3639,0.04357298474945534,0.033639,1.2953115357012794,,,,0,中性,2010-03-19
2010-03-19,23.13,3.3805,0.043233895373973194,0.033805,1.2789201412209197,,,,0,中性,2010-03-22
2010-03-22,23.18,3.4216,0.04314063848144953,0.034216,1.260832314748934,,,,0,中性,2010-03-23
2010-03-23,22.95,3.4062,0.04357298474945534,0.034062,1.2792256693516335,,,,0,中性,2010-03-24
2010-03-24,22.59,3.3961,0.04426737494466578,0.033961,1.3034767805619911,,,,0,中性,2010-03-25
2010-03-25,22.7,3.4168,0.04405286343612335,0.034168,1.2893017863534113,,,,0,中性,2010-03-26
2010-03-26,22.84,3.4582,0.043782837127845885,0.034582,1.2660585601713574,,,,0,中性,2010-03-29
2010-03-29,23.12,3.4784,0.04325259515570934,0.034784,1.2434623722317542,,,,0,中性,2010-03-30
2010-03-30,23.2,3.4959,0.04310344827586207,0.034959,1.2329714315587423,,,,0,中性,2010-03-31
2010-03-31,22.97,3.4818,0.043535045711798,0.034817999999999995,1.2503603225859614,,,,0,中性,2010-04-01
2010-04-01,22.97,3.4742,0.043535045711798,0.034742,1.2530955532726382,,,,0,中性,2010-04-02
2010-04-02,23.25,3.48,0.043010752688172046,0.0348,1.2359411692003464,,,,0,中性,2010-04-06
2010-04-06,23.23,3.5021,0.04304778303917348,0.035021,1.2291991387788324,,,,0,中性,2010-04-07
2010-04-07,23.14,3.5182,0.043215211754537596,0.035182000000000005,1.2283330042219769,,,,0,中性,2010-04-08
2010-04-08,22.54,3.5549,0.044365572315882874,0.035549,1.2480118235641755,,,,0,中性,2010-04-09
2010-04-09,22.74,3.5468,0.04397537379067722,0.035468,1.2398605444535138,,,,0,中性,2010-04-12
2010-04-12,22.56,3.5343,0.044326241134751775,0.035343,1.2541731356917005,,,,0,中性,2010-04-13
2010-04-13,22.87,3.5031,0.043725404459991256,0.035031,1.2481917290397435,,,,0,中性,2010-04-14
2010-04-14,22.79,3.5043,0.04387889425186486,0.035043000000000005,1.2521443441447608,,,,0,中性,2010-04-15
2010-04-15,22.76,3.5071,0.04393673110720562,0.035071,1.2527937927976283,,,,0,中性,2010-04-16
2010-04-16,22.5,3.4813,0.044444444444444446,0.034813000000000004,1.2766622940983092,,,,0,中性,2010-04-19
2010-04-19,21.19,3.4116,0.04719207173194903,0.034116,1.3832826747552185,,,,0,中性,2010-04-20
2010-04-20,21.11,3.4086,0.047370914258645196,0.034086,1.3897469418132136,,,,0,中性,2010-04-21
2010-04-21,21.41,3.4354,0.046707146193367584,0.034354,1.3595839259872964,,,,0,中性,2010-04-22
2010-04-22,21.09,3.4093,0.0474158368895211,0.034093,1.3907792476320975,,,,0,中性,2010-04-23
2010-04-23,20.93,3.4106,0.047778308647873864,0.034106,1.4008769321490022,,,,0,中性,2010-04-26
2010-04-26,20.65,3.3715,0.04842615012106538,0.033715,1.436338428624214,,,,0,中性,2010-04-27
2010-04-27,20.07,3.3768,0.04982561036372696,0.033768,1.4755274331831012,,,,0,中性,2010-04-28
2010-04-28,19.61,3.3456,0.05099439061703213,0.033456,1.524222579418703,,,,0,中性,2010-04-29
2010-04-29,19.02,3.3607,0.052576235541535225,0.033607,1.564442989303872,,,,0,中性,2010-04-30
2010-04-30,18.5,3.3565,0.05405405405405406,0.033565,1.610429139104843,,,,0,中性,2010-05-04
2010-05-04,18.28,3.3826,0.05470459518599562,0.033826,1.6172351204988948,,,,0,中性,2010-05-05
2010-05-05,18.38,3.3636,0.0544069640914037,0.033636,1.6175218245749703,,,,0,中性,2010-05-06
2010-05-06,17.63,3.3485,0.05672149744753262,0.033485,1.693937507765645,,,,0,中性,2010-05-07
2010-05-07,17.32,3.2721,0.057736720554272515,0.032721,1.7645157713478352,,,,0,中性,2010-05-10
2010-05-10,17.4,3.3027,0.0574712643678161,0.033027,1.7401297231906045,,,,0,中性,2010-05-11
2010-05-11,17.07,3.2983,0.05858230814294083,0.032983,1.7761364382542775,,,,0,中性,2010-05-12
2010-05-12,17.18,3.2781,0.05820721769499418,0.032781,1.7756388668739265,,,,0,中性,2010-05-13
2010-05-13,17.54,3.2686,0.05701254275940707,0.032686,1.7442496102125398,,,,0,中性,2010-05-14
2010-05-14,17.44,3.2687,0.0573394495412844,0.032687,1.7541973733069538,,,,0,中性,2010-05-17
2010-05-17,16.58,3.2257,0.06031363088057902,0.032257,1.8697842601785355,,,,0,中性,2010-05-18
2010-05-18,16.84,3.2118,0.05938242280285036,0.032118,1.848882956686293,,,,0,中性,2010-05-19
2010-05-19,16.79,3.1865,0.05955926146515784,0.031865000000000004,1.8691122380404153,,,,0,中性,2010-05-20
2010-05-20,16.61,3.2078,0.060204695966285374,0.032078,1.876821995332794,,,,0,中性,2010-05-21
2010-05-21,16.82,3.1972,0.059453032104637336,0.031972,1.8595343458225115,,,,0,中性,2010-05-24
2010-05-24,17.38,3.2277,0.057537399309551214,0.032277,1.7826129847740253,,,,0,中性,2010-05-25
2010-05-25,17.03,3.203,0.05871990604815032,0.032029999999999996,1.8332783655370068,,,,0,中性,2010-05-26
2010-05-26,17.03,3.2272,0.05871990604815032,0.032271999999999995,1.819531050079026,,,,0,中性,2010-05-27
2010-05-27,17.22,3.2416,0.05807200929152149,0.032416,1.7914612935439749,,,,0,中性,2010-05-28
2010-05-28,17.21,3.2529,0.058105752469494475,0.032529,1.7862753994741452,,,,0,中性,2010-05-31
2010-05-31,16.83,3.243,0.05941770647653001,0.03243,1.832183363445267,,,,0,中性,2010-06-01
2010-06-01,16.69,3.2726,0.059916117435590166,0.032726000000000005,1.830841454366258,,,,0,中性,2010-06-02
2010-06-02,16.68,3.2748,0.05995203836930456,0.032748,1.8307083904148211,,,,0,中性,2010-06-03
2010-06-03,16.57,3.2478,0.060350030175015085,0.032478,1.8581818515615212,,,,0,中性,2010-06-04
2010-06-04,16.56,3.2512,0.060386473429951695,0.032512,1.8573595420137703,,,,0,中性,2010-06-07
2010-06-07,16.27,3.226,0.06146281499692686,0.03226,1.905232950927677,,,,0,中性,2010-06-08
2010-06-08,16.28,3.2432,0.06142506142506142,0.032431999999999996,1.8939646468013513,,,,0,中性,2010-06-09
2010-06-09,16.76,3.2845,0.059665871121718374,0.032845,1.816589164917594,,,,0,中性,2010-06-10
2010-06-10,16.61,3.2891,0.060204695966285374,0.032891,1.8304306943019482,,,,0,中性,2010-06-11
2010-06-11,16.66,3.332,0.060024009603841535,0.033319999999999995,1.8014408644610307,,,,0,中性,2010-06-17
2010-06-17,16.6,3.3296,0.06024096385542168,0.033296,1.8092552815780178,,,,0,中性,2010-06-18
2010-06-18,16.32,3.3836,0.061274509803921566,0.033836,1.8109265221634228,,,,0,中性,2010-06-21
2010-06-21,16.81,3.3925,0.0594883997620464,0.033925000000000004,1.7535268905540573,,,,0,中性,2010-06-22
2010-06-22,16.83,3.3807,0.05941770647653001,0.033807000000000004,1.7575563190028693,,,,0,中性,2010-06-23
2010-06-23,16.69,3.4129,0.059916117435590166,0.034129,1.7555778790937375,,,,0,中性,2010-06-24
2010-06-24,16.68,3.4179,0.05995203836930456,0.034179,1.7540606328243822,,,,0,中性,2010-06-25
2010-06-25,16.59,3.3822,0.06027727546714889,0.033822,1.7821913389849473,,,,0,中性,2010-06-28
2010-06-28,16.47,3.3435,0.060716454159077116,0.033435,1.8159549621377933,,,,0,中性,2010-06-29
2010-06-29,15.78,3.2909,0.06337135614702155,0.032909,1.92565426318094,,,,0,中性,2010-06-30
2010-06-30,15.62,3.279,0.06402048655569782,0.03279,1.9524393582097537,,,,0,中性,2010-07-01
2010-07-01,15.63,3.2848,0.06397952655150352,0.032848,1.9477449632094348,,,,0,中性,2010-07-02
2010-07-02,15.7,3.2665,0.06369426751592357,0.032665,1.9499240017120334,,,,0,中性,2010-07-05
2010-07-05,15.6,3.2517,0.06410256410256411,0.032517,1.9713554172452599,,,,0,中性,2010-07-06
2010-07-06,15.91,3.2168,0.06285355122564425,0.032168,1.9539154198471849,,,,0,中性,2010-07-07
2010-07-07,15.99,3.2233,0.06253908692933083,0.032233,1.9402192451627474,,,,0,中性,2010-07-08
2010-07-08,15.92,3.2382,0.06281407035175879,0.032382,1.9397835325723793,,,,0,中性,2010-07-09
2010-07-09,16.29,3.2347,0.061387354205033766,0.032347,1.8977758124411463,,,,0,中性,2010-07-12
2010-07-12,16.42,3.2146,0.06090133982947624,0.032146,1.894523107990924,,,,0,中性,2010-07-13
2010-07-13,16.15,3.1767,0.061919504643962855,0.031767,1.949176964899514,,,,0,中性,2010-07-14
2010-07-14,16.26,3.1744,0.061500615006150054,0.031744,1.9373933658691422,,,,0,中性,2010-07-15
2010-07-15,15.97,3.1817,0.06261740763932373,0.031817000000000005,1.9680487676186857,,,,0,中性,2010-07-16
2010-07-16,15.98,3.1976,0.0625782227784731,0.031976,1.957037239757102,,,,0,中性,2010-07-19
2010-07-19,16.34,3.1901,0.06119951040391677,0.031901,1.918419811413961,,,,0,中性,2010-07-20
2010-07-20,16.67,3.2086,0.05998800239952009,0.032086,1.869600523577887,,,,0,中性,2010-07-21
2010-07-21,16.69,3.2144,0.059916117435590166,0.032144,1.863990711659724,,,,0,中性,2010-07-22
2010-07-22,16.88,3.2161,0.05924170616113744,0.032161,1.8420355760435756,,,,0,中性,2010-07-23
2010-07-23,16.95,3.2528,0.058997050147492625,0.032528,1.8137312514600537,,,,0,中性,2010-07-26
2010-07-26,17.04,3.2813,0.05868544600938967,0.032813,1.7884815777097391,,,,0,中性,2010-07-27
2010-07-27,16.95,3.2816,0.058997050147492625,0.032816,1.797813571047435,,,,0,中性,2010-07-28
2010-07-28,17.34,3.2982,0.05767012687427912,0.032982,1.7485333477132716,,,,0,中性,2010-07-29
2010-07-29,17.23,3.2993,0.05803830528148578,0.032993,1.7591096681564506,,,,0,中性,2010-07-30
2010-07-30,17.14,3.2996,0.058343057176196034,0.032996,1.7681857551277742,,,,0,中性,2010-08-02
2010-08-02,17.38,3.3131,0.057537399309551214,0.033131,1.7366635268947876,,,,0,中性,2010-08-03
2010-08-03,17.08,3.3105,0.0585480093676815,0.033105,1.7685548819719528,,,,0,中性,2010-08-04
2010-08-04,17.14,3.2971,0.058343057176196034,0.032971,1.7695264679929645,,,,0,中性,2010-08-05
2010-08-05,17.0,3.2967,0.058823529411764705,0.032966999999999996,1.784315509805706,,,,0,中性,2010-08-06
2010-08-06,17.22,3.2922,0.05807200929152149,0.032922,1.7639271396489122,,,,0,中性,2010-08-09
2010-08-09,17.3,3.2975,0.057803468208092484,0.032975,1.7529482398208487,,,,0,中性,2010-08-10
2010-08-10,16.79,3.2972,0.05955926146515784,0.032972,1.8063587730546475,,,,0,中性,2010-08-11
2010-08-11,16.86,3.2685,0.05931198102016608,0.032685,1.8146544598490464,,,,0,中性,2010-08-12
2010-08-12,16.61,3.223,0.060204695966285374,0.03223,1.8679707094720872,,,,0,中性,2010-08-13
2010-08-13,16.81,3.2374,0.0594883997620464,0.032374,1.8375362872072158,,,,0,中性,2010-08-16
2010-08-16,17.14,3.2504,0.058343057176196034,0.032504,1.7949500731047268,,,,0,中性,2010-08-17
2010-08-17,17.19,3.2461,0.05817335660267597,0.032461000000000004,1.7920999538731388,,,,0,中性,2010-08-18
2010-08-18,17.1,3.245,0.05847953216374269,0.03245,1.8021427477270473,,,,0,中性,2010-08-19
2010-08-19,17.18,3.2501,0.05820721769499418,0.032501,1.7909362079626527,,,,0,中性,2010-08-20
2010-08-20,16.85,3.2389,0.05934718100890207,0.032389,1.8323252032758675,,,,0,中性,2010-08-23
2010-08-23,16.73,3.2346,0.05977286312014345,0.032346,1.847921323197411,,,,0,中性,2010-08-24
2010-08-24,16.8,3.2229,0.05952380952380952,0.032229,1.84690215407892,,,,0,中性,2010-08-25
2010-08-25,16.45,3.2154,0.060790273556231005,0.032153999999999995,1.8905975479327926,,,,0,中性,2010-08-26
2010-08-26,16.42,3.2322,0.06090133982947624,0.032322000000000004,1.8842070363676826,,,,0,中性,2010-08-27
2010-08-27,16.22,3.2379,0.06165228113440198,0.032379,1.9040823105840818,,,,0,中性,2010-08-30
2010-08-30,16.23,3.2304,0.061614294516327786,0.032304,1.9073270962211426,,,,0,中性,2010-08-31
2010-08-31,16.09,3.2301,0.062150403977625855,0.032301,1.9241015441511362,,,,0,中性,2010-09-01
2010-09-01,16.0,3.2358,0.0625,0.032358,1.9315161629272515,,,,0,中性,2010-09-02
2010-09-02,16.16,3.2418,0.06188118811881188,0.032418,1.9088527397992434,,,,0,中性,2010-09-03
2010-09-03,16.15,3.2406,0.061919504643962855,0.032406000000000004,1.9107419812368958,,,,0,中性,2010-09-06
2010-09-06,16.39,3.258,0.06101281269066504,0.03258,1.872707571843617,,,,0,中性,2010-09-07
2010-09-07,16.41,3.2739,0.06093845216331505,0.032739,1.861341279920433,,,,0,中性,2010-09-08
2010-09-08,16.39,3.2632,0.06101281269066504,0.032632,1.869723360218958,,,,0,中性,2010-09-09
2010-09-09,16.15,3.2681,0.061919504643962855,0.032681,1.894663708086131,,,,0,中性,2010-09-10
2010-09-10,16.19,3.2989,0.061766522544780725,0.032989000000000004,1.8723369166928587,,,,0,中性,2010-09-13
2010-09-13,16.34,3.3251,0.06119951040391677,0.033251,1.8405314247366023,,,,0,中性,2010-09-14
2010-09-14,16.33,3.3205,0.06123698714023271,0.033205,1.844209822021765,,,,0,中性,2010-09-15
2010-09-15,16.11,3.3443,0.062073246430788334,0.033443,1.856090854013944,,,,0,中性,2010-09-16
2010-09-16,15.8,3.3401,0.06329113924050632,0.033401,1.8948875554775702,,,,0,中性,2010-09-17
2010-09-17,15.79,3.3504,0.06333122229259025,0.033504,1.8902585450271685,,,,0,中性,2010-09-20
2010-09-20,15.73,3.3388,0.06357279084551812,0.033388,1.904061065218585,,,,0,中性,2010-09-21
2010-09-21,15.77,3.3391,0.06341154090044389,0.033391000000000004,1.8990608517398067,,,,0,中性,2010-09-27
2010-09-27,15.99,3.3378,0.06253908692933083,0.033378,1.8736619009326752,,,,0,中性,2010-09-28
2010-09-28,15.87,3.3371,0.06301197227473221,0.033371,1.8882254734569601,,,,0,中性,2010-09-29
2010-09-29,15.85,3.331,0.06309148264984227,0.03331,1.8940703287253757,,,,0,中性,2010-09-30
2010-09-30,16.13,3.3183,0.061996280223186616,0.033183,1.8683145051136612,,,,0,中性,2010-10-08
2010-10-08,16.65,3.3342,0.060060060060060066,0.033342000000000004,1.801333455103475,,,,0,中性,2010-10-11
2010-10-11,17.07,3.404,0.05858230814294083,0.03404,1.7209843755270515,,,,0,中性,2010-10-12
2010-10-12,17.28,3.4179,0.057870370370370364,0.034179,1.6931557497402019,,,,0,中性,2010-10-13
2010-10-13,17.44,3.4271,0.0573394495412844,0.034270999999999996,1.6731186583783493,,,,0,中性,2010-10-14
2010-10-14,17.53,3.4275,0.057045065601825436,0.034275,1.6643345179234263,,,,0,中性,2010-10-15
2010-10-15,18.11,3.4247,0.05521811154058531,0.034247,1.6123488638591792,,,,0,中性,2010-10-18
2010-10-18,18.03,3.4182,0.05546311702717693,0.034182000000000004,1.6225825588665648,,,,0,中性,2010-10-19
2010-10-19,18.34,3.4205,0.05452562704471101,0.034205,1.59408352710747,,,,0,中性,2010-10-20
2010-10-20,18.39,3.6201,0.0543773790103317,0.036201,1.502096047355921,,,,0,中性,2010-10-21
2010-10-21,18.27,3.637,0.05473453749315818,0.03637,1.504936417188842,,,,0,中性,2010-10-22
2010-10-22,18.23,3.6358,0.05485463521667581,0.036358,1.508736322588586,,,,0,中性,2010-10-25
2010-10-25,18.66,3.6407,0.05359056806002144,0.036406999999999995,1.4719852792051376,,,,0,中性,2010-10-26
2010-10-26,18.56,3.6944,0.05387931034482759,0.036944,1.4584048924000539,,,,0,中性,2010-10-27
2010-10-27,18.21,3.6975,0.05491488193300384,0.036975,1.4851895046113277,,,,0,中性,2010-10-28
2010-10-28,17.91,3.6863,0.05583472920156337,0.036863,1.5146550525340685,,,,0,中性,2010-10-29
2010-10-29,17.46,3.6821,0.0572737686139748,0.036821,1.5554647786310747,,,,0,中性,2010-11-01
2010-11-01,17.66,3.6941,0.056625141562853906,0.036941,1.5328535113519912,,,,0,中性,2010-11-02
2010-11-02,17.6,3.7497,0.056818181818181816,0.037496999999999996,1.5152727369704728,,,,0,中性,2010-11-03
2010-11-03,17.5,3.8113,0.05714285714285714,0.038113,1.499300950931628,,,,0,中性,2010-11-04
2010-11-04,17.82,3.8434,0.05611672278338945,0.038433999999999996,1.4600802097983414,,,,0,中性,2010-11-05
2010-11-05,18.07,3.8458,0.05534034311012728,0.038458,1.4389813071435666,,,,0,中性,2010-11-08
2010-11-08,18.22,3.8392,0.054884742041712405,0.038392,1.4295879881671285,,,,0,中性,2010-11-09
2010-11-09,18.1,3.8445,0.055248618784530384,0.038445,1.4370820336722692,,,,0,中性,2010-11-10
2010-11-10,18.0,3.9204,0.05555555555555555,0.039203999999999996,1.4170889591765012,,,,0,中性,2010-11-11
2010-11-11,18.16,3.953,0.05506607929515418,0.039529999999999996,1.393019966990999,,,,0,中性,2010-11-12
2010-11-12,17.25,3.9534,0.057971014492753624,0.039534,1.4663584381229733,,,,0,中性,2010-11-15
2010-11-15,17.38,3.945,0.057537399309551214,0.03945,1.4584892093675847,,,,0,中性,2010-11-16
2010-11-16,16.66,3.9065,0.060024009603841535,0.039064999999999996,1.5365163088145795,,,,0,中性,2010-11-17
2010-11-17,16.34,3.86,0.06119951040391677,0.038599999999999995,1.5854795441429217,,,,0,中性,2010-11-18
2010-11-18,16.56,3.8336,0.060386473429951695,0.038336,1.5751897284524126,,,,0,中性,2010-11-19
2010-11-19,16.7,3.87,0.059880239520958084,0.0387,1.5472930108774698,,,,0,中性,2010-11-22
2010-11-22,16.66,3.9161,0.060024009603841535,0.039161,1.5327496643048322,,,,0,中性,2010-11-23
2010-11-23,16.36,3.9317,0.06112469437652812,0.039317000000000005,1.5546632341360764,,,,0,中性,2010-11-24
2010-11-24,16.53,3.9533,0.060496067755595885,0.039533,1.5302675677433002,,,,0,中性,2010-11-25
2010-11-25,16.74,3.9674,0.059737156511350066,0.039674,1.505700370805819,,,,0,中性,2010-11-26
2010-11-26,16.58,4.0123,0.06031363088057902,0.040123,1.503218375509783,,,,0,中性,2010-11-29
2010-11-29,16.57,3.9959,0.060350030175015085,0.039958999999999995,1.5102988106563,,,,0,中性,2010-11-30
2010-11-30,16.33,3.971,0.06123698714023271,0.03971,1.5421049393158575,,,,0,中性,2010-12-01
2010-12-01,16.35,3.8919,0.061162079510703356,0.038919,1.5715223800895026,,,,0,中性,2010-12-02
2010-12-02,16.5,3.8609,0.06060606060606061,0.038609,1.5697391956813336,,,,0,中性,2010-12-03
2010-12-03,16.49,3.8699,0.06064281382656156,0.038699,1.5670382652410026,,,,0,中性,2010-12-06
2010-12-06,16.56,3.8696,0.060386473429951695,0.038696,1.5605352860748318,,,,0,中性,2010-12-07
2010-12-07,16.69,3.8435,0.059916117435590166,0.038435000000000004,1.5588946906619008,,,,0,中性,2010-12-08
2010-12-08,16.53,3.8609,0.060496067755595885,0.038609,1.5668903042191171,,,,0,中性,2010-12-09
2010-12-09,16.31,3.9023,0.061312078479460456,0.039023,1.5711779842518632,,,,0,中性,2010-12-10
2010-12-10,16.48,3.8888,0.06067961165048544,0.038888,1.5603685365790332,,,,0,中性,2010-12-13
2010-12-13,16.95,3.8509,0.058997050147492625,0.038509,1.532032775389977,,,,0,中性,2010-12-14
2010-12-14,17.01,3.8521,0.05878894767783656,0.038521,1.5261532067660901,,,,0,中性,2010-12-15
2010-12-15,16.92,3.815,0.05910165484633569,0.038149999999999996,1.5491914769681703,,,,0,中性,2010-12-16
2010-12-16,16.9,3.8044,0.0591715976331361,0.038043999999999994,1.5553463787492405,,,,0,中性,2010-12-17
2010-12-17,16.86,3.8058,0.05931198102016608,0.038058,1.5584628992633893,,,,0,中性,2010-12-20
2010-12-20,16.62,3.785,0.06016847172081829,0.03785,1.5896557918313945,,,,0,中性,2010-12-21
2010-12-21,16.93,3.7956,0.05906674542232723,0.037956,1.5561899415725375,,,,0,中性,2010-12-22
2010-12-22,16.77,3.8004,0.05963029218843172,0.038003999999999996,1.569053052005887,,,,0,中性,2010-12-23
2010-12-23,16.65,3.8108,0.060060060060060066,0.038108,1.5760486002954777,,,,0,中性,2010-12-24
2010-12-24,16.53,3.8136,0.060496067755595885,0.038136,1.5863244114641253,,,,0,中性,2010-12-27
2010-12-27,16.24,3.8913,0.061576354679802964,0.038913,1.5824108827333527,,,,0,中性,2010-12-28
2010-12-28,15.97,3.9118,0.06261740763932373,0.039118,1.600731316512187,,,,0,中性,2010-12-29
2010-12-29,16.09,3.9019,0.062150403977625855,0.039019,1.592824110756961,,,,0,中性,2010-12-30
2010-12-30,16.14,3.88,0.06195786864931846,0.0388,1.596852284776249,,,,0,中性,2010-12-31
2010-12-31,16.43,3.8799,0.06086427267194157,0.038799,1.5687072520410723,,,,0,中性,2011-01-04
2011-01-04,16.92,3.8606,0.05910165484633569,0.038606,1.53089299192705,,,,0,中性,2011-01-05
2011-01-05,16.84,3.8132,0.05938242280285036,0.038132,1.557285817760683,,,,0,中性,2011-01-06
2011-01-06,16.72,3.8339,0.059808612440191394,0.038339,1.5599940645345836,,,,0,中性,2011-01-07
2011-01-07,16.81,3.8237,0.0594883997620464,0.038237,1.5557810435454247,,,,0,中性,2011-01-10
2011-01-10,16.54,3.8449,0.060459492140266025,0.038449,1.5724594174169948,,,,0,中性,2011-01-11
2011-01-11,16.61,3.8703,0.060204695966285374,0.038703,1.555556312592961,,,,0,中性,2011-01-12
2011-01-12,16.7,3.855,0.059880239520958084,0.03855,1.553313606250534,,,,0,中性,2011-01-13
2011-01-13,16.75,3.8831,0.05970149253731343,0.038831000000000004,1.5374698703951335,,,,0,中性,2011-01-14
2011-01-14,16.54,3.9156,0.060459492140266025,0.039155999999999996,1.5440671197330174,,,,0,中性,2011-01-17
2011-01-17,15.95,3.9651,0.06269592476489029,0.039651,1.5811940370959192,,,,0,中性,2011-01-18
2011-01-18,15.94,3.9954,0.06273525721455459,0.039954,1.570187145581283,,,,0,中性,2011-01-19
2011-01-19,16.22,3.9752,0.06165228113440198,0.039752,1.5509227494063689,,,,0,中性,2011-01-20
2011-01-20,15.73,3.9749,0.06357279084551812,0.039749,1.599355728333244,,,,0,中性,2011-01-21
2011-01-21,15.93,3.9837,0.06277463904582549,0.039837,1.575787309431571,,,,0,中性,2011-01-24
2011-01-24,15.79,3.9918,0.06333122229259025,0.039918,1.5865329498619731,,,,0,中性,2011-01-25
2011-01-25,15.71,4.0152,0.06365372374283895,0.040152,1.5853188818200576,,,,0,中性,2011-01-26
2011-01-26,15.88,3.9991,0.06297229219143577,0.039991,1.5746616036467147,,,,0,中性,2011-01-27
2011-01-27,16.12,4.0058,0.06203473945409429,0.040057999999999996,1.5486229830269682,,,,0,中性,2011-01-28
2011-01-28,16.13,4.0096,0.061996280223186616,0.040096,1.546196134856011,,,,0,中性,2011-01-31
2011-01-31,16.35,4.0187,0.061162079510703356,0.040187,1.521936932607643,,,,0,中性,2011-02-01
2011-02-01,16.38,4.0186,0.061050061050061055,0.040186,1.5191873052819653,,,,0,中性,2011-02-09
2011-02-09,16.17,4.1006,0.061842918985776124,0.041006,1.5081431738227606,,,,0,中性,2011-02-10
2011-02-10,16.45,4.1158,0.060790273556231005,0.041158,1.4769977539295156,,,,0,中性,2011-02-11
2011-02-11,16.52,4.1062,0.06053268765133172,0.041062,1.4741777714512618,,,,0,中性,2011-02-14
2011-02-14,16.95,4.0552,0.058997050147492625,0.040552000000000005,1.4548493328933867,,,,0,中性,2011-02-15
2011-02-15,16.94,4.0454,0.05903187721369539,0.040454,1.4592346174345032,,,,0,中性,2011-02-16
2011-02-16,17.08,4.045,0.0585480093676815,0.04045,1.4474167952455255,,,,0,中性,2011-02-17
2011-02-17,17.08,4.0449,0.0585480093676815,0.040449,1.447452578992843,,,,0,中性,2011-02-18
2011-02-18,16.95,4.045,0.058997050147492625,0.04045,1.4585179270084703,,,,0,中性,2011-02-21
2011-02-21,17.14,4.0702,0.058343057176196034,0.040701999999999995,1.43341990998467,,,,0,中性,2011-02-22
2011-02-22,16.71,4.04,0.059844404548174746,0.0404,1.481297142281553,,,,0,中性,2011-02-23
2011-02-23,16.74,3.9946,0.059737156511350066,0.039946,1.4954477672695654,,,,0,中性,2011-02-24
2011-02-24,16.82,3.9132,0.059453032104637336,0.039132,1.5192944931165628,0.43509440885991335,1.2703437359534988,0.5721764106677324,0,中性,2011-02-25
2011-02-25,16.83,3.9566,0.05941770647653001,0.039566,1.5017365029704801,0.40417318633945265,1.2705748975589104,0.5719370141922878,0,中性,2011-02-28
2011-02-28,16.98,3.9314,0.058892815076560655,0.039314,1.4980112701979105,0.3974301492896719,1.2708018799667335,0.5716964116518813,0,中性,2011-03-01
2011-03-01,17.15,3.9259,0.05830903790087464,0.039259,1.4852400188714596,0.3748777680367248,1.2710156767153924,0.5714511780145917,0,中性,2011-03-02
2011-03-02,17.11,3.9233,0.058445353594389245,0.039233,1.4896988146302665,0.3824619967660038,1.2712334886057457,0.5712079314332016,0,中性,2011-03-03
2011-03-03,17.06,3.9279,0.0586166471277843,0.039279,1.4923151589344,0.3868210966737997,1.271453470367267,0.5709659852223161,0,中性,2011-03-04
2011-03-04,17.29,3.9388,0.0578368999421631,0.039388,1.4683888479273663,0.34472442496946465,1.271649231179951,0.5707156281857381,0,中性,2011-03-07
2011-03-07,17.6,3.9351,0.056818181818181816,0.039351,1.4438815231679454,0.301619647477758,1.2718202662266123,0.570457721770334,0,中性,2011-03-08
2011-03-08,17.59,3.9078,0.05685048322910745,0.039078,1.4547951079663095,0.32057556506020884,1.2720017888870683,0.5702035307803636,0,中性,2011-03-09
2011-03-09,17.6,3.8879,0.056818181818181816,0.038879000000000004,1.4614105768713652,0.3319948528006255,1.2721895082012253,0.5699518142342217,0,中性,2011-03-10
2011-03-10,17.35,3.9321,0.05763688760806916,0.039321,1.4658042167815966,0.33951618508402365,1.272381205932493,0.5697018856442295,0,中性,2011-03-11
2011-03-11,17.21,3.9328,0.058105752469494475,0.039328,1.4774652275603761,0.3597838217664125,1.2725840585750527,0.5694563140149789,0,中性,2011-03-14
2011-03-14,17.23,3.9074,0.05803830528148578,0.039074,1.485343330129646,0.3734080154667686,1.2727942950093951,0.5692139062803985,0,中性,2011-03-15
2011-03-15,16.98,3.8659,0.058892815076560655,0.038659,1.52339209696476,0.4399931511490685,1.2730416768474557,0.5689870841477855,0,中性,2011-03-16
2011-03-16,17.16,3.86,0.05827505827505827,0.038599999999999995,1.5097165356232716,0.41571777050360587,1.2732750840060119,0.5687547379339389,0,中性,2011-03-17
2011-03-17,16.97,3.8326,0.05892751915144373,0.038326,1.5375337669322062,0.4643486432525059,1.273535437388205,0.5685347279036687,0,中性,2011-03-18
2011-03-18,16.82,3.8489,0.059453032104637336,0.038489,1.5446759361021938,0.47662313284227315,1.2738023079578054,0.5683182570872561,0,中性,2011-03-21
2011-03-21,16.81,3.8774,0.0594883997620464,0.038774,1.534234274566627,0.45797776536402235,1.274058386587706,0.5680972039595001,0,中性,2011-03-22
2011-03-22,16.88,3.8987,0.05924170616113744,0.038987,1.5195246149007988,0.43183320709762213,1.2742995125487209,0.567869951457071,0,中性,2011-03-23
2011-03-23,17.11,3.9037,0.058445353594389245,0.039037,1.4971784100824663,0.39226017034741406,1.2745182357062612,0.5676339103687257,0,中性,2011-03-24
2011-03-24,17.08,3.8762,0.0585480093676815,0.038762,1.5104486189484936,0.415399476989154,1.2747495400035576,0.5674034080478394,0,中性,2011-03-25
2011-03-25,17.18,3.8714,0.05820721769499418,0.038714,1.5035185642143458,0.40295643809890663,1.2749736036903458,0.5671703909292127,0,中性,2011-03-28
2011-03-28,17.11,3.8807,0.058445353594389245,0.038807,1.5060518358643864,0.40719066826161693,1.2751997076357215,0.5669386511587345,0,中性,2011-03-29
2011-03-29,16.93,3.9044,0.05906674542232723,0.039043999999999995,1.5128251568058406,0.41889714487663277,1.2754319905772369,0.5667099170573654,0,中性,2011-03-30
2011-03-30,16.79,3.9069,0.05955926146515784,0.039069,1.5244634227944878,0.4391778362999619,1.2756751853352615,0.5664863226141995,0,中性,2011-03-31
2011-03-31,16.48,3.912,0.06067961165048544,0.03912,1.5511148172414477,0.485931581624567,1.275943906927365,0.566275008086799,0,中性,2011-04-01
2011-04-01,16.48,3.9126,0.06067961165048544,0.039126,1.5508769526781536,0.4852193092053239,1.276211872858896,0.5660637872575495,0,中性,2011-04-06
2011-04-06,16.81,3.9203,0.0594883997620464,0.039203,1.5174450874179628,0.4259140458522497,1.276446764012313,0.5658379331524854,0,中性,2011-04-07
2011-04-07,16.88,3.9167,0.05924170616113744,0.039167,1.512541327166682,0.4170095398498162,1.276676427984253,0.5656103197719998,0,中性,2011-04-08
2011-04-08,16.98,3.9081,0.058892815076560655,0.039081000000000005,1.5069423780497082,0.4068801159656952,1.276900204417747,0.565380721753816,0,中性,2011-04-11
2011-04-11,16.95,3.8928,0.058997050147492625,0.038928,1.5155428007473446,0.4218505850573827,1.2771318962588438,0.5651548508723074,0,中性,2011-04-12
2011-04-12,16.93,3.87,0.05906674542232723,0.0387,1.5262724915330035,0.4405807885487421,1.2773735457207973,0.5649337244868772,0,中性,2011-04-13
2011-04-13,17.11,3.8703,0.058445353594389245,0.038703,1.510098793230221,0.41171808871118737,1.2775990546815623,0.5647061543408479,0,中性,2011-04-14
2011-04-14,17.06,3.8707,0.0586166471277843,0.038707,1.514368127929943,0.4190398819353975,1.2778282599799633,0.5644805617486466,0,中性,2011-04-15
2011-04-15,17.11,3.8709,0.058445353594389245,0.038709,1.5098647238210556,0.4108296931444324,1.2780526666181078,0.5642534146660411,0,中性,2011-04-18
2011-04-18,17.13,3.896,0.05837711617046118,0.03896,1.498385938666868,0.3902690993331643,1.2782655490065606,0.56402208126756,0,中性,2011-04-19
2011-04-19,16.78,3.8911,0.05959475566150178,0.038911,1.5315657696153218,0.44883596595706765,1.2785100472890014,0.5638044664863728,0,中性,2011-04-20
2011-04-20,16.78,3.8913,0.05959475566150178,0.038913,1.531487052180551,0.44843659009945475,1.2787539981133904,0.5635870480843439,0,中性,2011-04-21
2011-04-21,16.86,3.8912,0.05931198102016608,0.038912,1.5242593806580509,0.43536266809887486,1.278990515822971,0.5633667808636661,0,中性,2011-04-22
2011-04-22,16.73,3.8966,0.05977286312014345,0.038966,1.5339748272890072,0.45234571312996336,1.2792359290197624,0.563150906209773,0,中性,2011-04-25
2011-04-25,16.46,3.8961,0.060753341433778855,0.038961,1.5593373228043133,0.49708435031944065,1.2795052572830166,0.5629468426062268,0,中性,2011-04-26
2011-04-26,16.36,3.896,0.06112469437652812,0.03896,1.5689089932373748,0.5137751284871219,1.2797832627930594,0.5627476193635217,0,中性,2011-04-27
2011-04-27,16.24,3.8812,0.061576354679802964,0.038812,1.586528771508888,0.5447462926993337,1.2800776442793511,0.5625575269379189,0,中性,2011-04-28
2011-04-28,15.88,3.87,0.06297229219143577,0.0387,1.6271910126985987,0.6166191088609654,1.2804104471253903,0.5623902350574089,0,中性,2011-04-29
2011-04-29,15.47,3.8713,0.06464124111182934,0.038713000000000004,1.6697554080497334,0.6918136546625329,1.2807833829117166,0.5622497077305559,0,中性,2011-05-03
2011-05-03,15.47,3.8752,0.06464124111182934,0.038752,1.668074966758602,0.6883391278451313,1.2811539968675507,0.5621080572628789,0,中性,2011-05-04
2011-05-04,15.11,3.8772,0.06618133686300463,0.038772,1.706936368075019,0.7569046501346233,1.2815610545838103,0.5619932621837522,0,中性,2011-05-05
2011-05-05,15.15,3.8715,0.066006600660066,0.038715,1.7049360883395583,0.752781693961239,1.2819654242435579,0.5618769259255917,0,中性,2011-05-06
2011-05-06,15.09,3.8308,0.06626905235255136,0.038308,1.7299011264631763,0.7965913864437421,1.2823928438067445,0.5617789625547707,0,中性,2011-05-09
2011-05-09,15.12,3.8378,0.06613756613756615,0.038378,1.7233197701174148,0.7842718714838327,1.2828131745277271,0.5616758825689548,0,中性,2011-05-10
2011-05-10,15.21,3.8326,0.06574621959237344,0.038326,1.7154469444338944,0.7696710508223388,1.2832252066895424,0.5615668372645091,0,中性,2011-05-11
2011-05-11,15.18,3.8334,0.06587615283267458,0.038334,1.718478448183716,0.7744793619921105,1.2836393391743133,0.5614599050010999,0,中性,2011-05-12
2011-05-12,14.98,3.8211,0.06675567423230974,0.038211,1.7470276682711716,0.8246683708436703,1.2840798223768768,0.5613745625052647,0,中性,2011-05-13
2011-05-13,15.11,3.8363,0.06618133686300463,0.038363,1.7251345531633249,0.7850661617217131,1.2844986777717358,0.5612722810842328,0,中性,2011-05-16
2011-05-16,14.99,3.8432,0.066711140760507,0.038432,1.7358227716618184,0.8034811683097659,1.2849268789993356,0.561177922328914,0,中性,2011-05-17
2011-05-17,15.03,3.8318,0.06653359946773121,0.038318,1.736353658012715,0.8037995075035436,1.2853547716808649,0.5610838052545857,0,中性,2011-05-18
2011-05-18,15.13,3.8338,0.06609385327164573,0.038338000000000004,1.7239776011175785,0.7811460041023943,1.2857701342087404,0.5609802323861044,0,中性,2011-05-19
2011-05-19,15.07,3.8309,0.06635700066357,0.038309,1.7321517310180374,0.7951026912013188,1.2861924441394967,0.5608826278838798,0,中性,2011-05-20
2011-05-20,15.08,3.8429,0.06631299734748011,0.038429000000000005,1.7255977867620835,0.7828204259764874,1.2866077610984972,0.5607799836290575,0,中性,2011-05-23
2011-05-23,14.64,3.84,0.06830601092896174,0.0384,1.7788023679417122,0.8769631465095371,1.287072534098349,0.5607189262177456,0,中性,2011-05-24
2011-05-24,14.6,3.8414,0.0684931506849315,0.038414000000000004,1.7830257376199172,0.8837519154089177,1.28754041447903,0.5606611023995609,0,中性,2011-05-25
2011-05-25,14.46,3.8382,0.06915629322268325,0.038382,1.8017897249409425,0.9164239909633833,1.2880250980892674,0.5606189186640391,0,中性,2011-05-26
2011-05-26,14.44,3.8352,0.06925207756232687,0.038352,1.8056966406530788,0.9225878522876434,1.2885125477526984,0.5605797774358006,0,中性,2011-05-27
2011-05-27,14.33,3.8217,0.06978367062107467,0.038217,1.825985049090056,0.9579145314108024,1.2890181662864117,0.5605582389618908,0,中性,2011-05-30
2011-05-30,14.34,3.8256,0.0697350069735007,0.038256,1.8228514997255516,0.9514714768413799,1.2895198893441555,0.5605334719564147,0,中性,2011-05-31
2011-05-31,14.52,3.8311,0.06887052341597796,0.038311000000000005,1.7976696879741576,0.9057717048495334,1.2899970253053104,0.5604863344160014,0,中性,2011-06-01
2011-06-01,14.52,3.8311,0.06887052341597796,0.038311000000000005,1.7976696879741576,0.9049986423599202,1.2904732660770448,0.5604388759904896,0,中性,2011-06-02
2011-06-02,14.31,3.8337,0.06988120195667365,0.038336999999999996,1.82281352105469,0.9490168583628218,1.2909721791557491,0.5604129549568138,0,中性,2011-06-03
2011-06-03,14.43,3.8337,0.0693000693000693,0.038336999999999996,1.807654988655067,0.9211698155454607,1.291455964557902,0.560373359380543,0,中性,2011-06-07
2011-06-07,14.51,3.8341,0.06891798759476224,0.038341,1.797501045741171,0.902283356157053,1.291929346298953,0.5603247538506267,0,中性,2011-06-08
2011-06-08,14.54,3.8572,0.06877579092159561,0.038572,1.7830496453799545,0.8757683226228123,1.2923883372326734,0.5602638226030078,0,中性,2011-06-09
2011-06-09,14.31,3.8726,0.06988120195667365,0.038726,1.804503484911265,0.9132777812128564,1.2928665026366684,0.5602205515118628,0,中性,2011-06-10
2011-06-10,14.32,3.894,0.06983240223463687,0.03894,1.7933333907200015,0.8925901651229059,1.2933333560770446,0.5601675373312107,0,中性,2011-06-13
2011-06-13,14.3,3.9036,0.06993006993006992,0.039036,1.7914250929928763,0.8884418828582515,1.2937975608644778,0.5601126440904111,0,中性,2011-06-14
2011-06-14,14.45,3.9406,0.06920415224913495,0.039406,1.7561831256441902,0.824876494162165,1.294228087461107,0.5600293394859014,0,中性,2011-06-15
2011-06-15,14.32,3.9986,0.06983240223463687,0.039986,1.7464213033220843,0.8068254347083055,1.2946487323130706,0.5599384347276368,0,中性,2011-06-16
2011-06-16,14.12,3.9839,0.0708215297450425,0.039839,1.7776934598017644,0.8619758043712107,1.295097658639733,0.5598716329561858,0,中性,2011-06-17
2011-06-17,14.03,3.9803,0.07127583749109052,0.039803000000000005,1.7907152096849612,0.8845015467094248,1.2955578420668874,0.5598151517769389,0,中性,2011-06-20
2011-06-20,13.93,3.9413,0.07178750897343862,0.039413000000000004,1.8214170190911276,0.9385245441871466,1.2960456520641268,0.5597843660892464,0,中性,2011-06-21
2011-06-21,14.07,3.9003,0.0710732054015636,0.039003,1.822249709036833,0.9391919292647603,1.2965333295960757,0.5597539363996779,0,中性,2011-06-22
2011-06-22,14.09,3.9555,0.07097232079488999,0.039555,1.7942692654503853,0.8884680316643747,1.2969941962033482,0.5596994506549521,0,中性,2011-06-23
2011-06-23,14.31,3.9691,0.06988120195667365,0.039691000000000004,1.7606309227954358,0.8277215141095661,1.2974230923426562,0.5596179663773538,0,中性,2011-06-24
2011-06-24,14.59,3.8963,0.06854009595613433,0.038963,1.7591072544756394,0.8243583700946682,1.297849787501744,0.5595351290251656,0,中性,2011-06-27
2011-06-27,14.64,3.8703,0.06830601092896174,0.038703,1.7648763901754836,0.8340154164686824,1.2982810216685712,0.5594565271737195,0,中性,2011-06-28
2011-06-28,14.65,3.88,0.06825938566552901,0.0388,1.7592625171528096,0.8233430620971293,1.2987062813507522,0.5593734337530931,0,中性,2011-06-29
2011-06-29,14.49,3.8833,0.06901311249137336,0.038833,1.7771769497945913,0.8546866558254588,1.2991472681419447,0.5593040190746446,0,中性,2011-06-30
2011-06-30,14.67,3.8857,0.0681663258350375,0.038857,1.7542868938682217,0.813138188704692,1.2995663654032028,0.5592167909237873,0,中性,2011-07-01
2011-07-01,14.83,3.8775,0.06743088334457181,0.038775,1.7390298734899243,0.7852708769238045,1.2999706556590322,0.5591181727645993,0,中性,2011-07-04
2011-07-04,15.11,3.8842,0.06618133686300463,0.038842,1.7038601736008607,0.7218638028151846,1.3003418776424347,0.558995054724661,0,中性,2011-07-05
2011-07-05,15.11,3.8909,0.06618133686300463,0.038909,1.7009261832225098,0.7161173335732327,1.3007097236530683,0.5588699516215717,0,中性,2011-07-06
2011-07-06,15.07,3.9116,0.06635700066357,0.039116,1.6964158058996321,0.707559387380153,1.301072756756047,0.5587418613826938,0,中性,2011-07-07
2011-07-07,14.98,3.9021,0.06675567423230974,0.039021,1.7107627747189909,0.7327201728709257,1.301448274646022,0.5586232169222297,0,中性,2011-07-08
2011-07-08,15.0,3.8881,0.06666666666666667,0.038881,1.714633539946675,0.7391255609997208,1.301826649431096,0.5585071228726387,0,中性,2011-07-11
2011-07-11,15.01,3.8923,0.06662225183211193,0.038923,1.711642263754385,0.7332535357592918,1.3022015950983634,0.5583889455535207,0,中性,2011-07-12
2011-07-12,14.76,3.8899,0.06775067750677508,0.038898999999999996,1.7417074348125936,0.7865138846548723,1.3026033371821972,0.5582916032347964,0,中性,2011-07-13
2011-07-13,14.99,3.8913,0.066711140760507,0.038913,1.7143664266570813,0.7370214976807765,1.3029793765333157,0.5581751026507346,0,中性,2011-07-14
2011-07-14,15.06,3.9204,0.06640106241699867,0.039203999999999996,1.6937318237169339,0.6995778415423003,1.3033359024887752,0.5580450066392694,0,中性,2011-07-15
2011-07-15,15.11,3.9278,0.06618133686300463,0.039278,1.6849467096849289,0.6833779354935942,1.3036837701343507,0.5579093496414944,0,中性,2011-07-18
2011-07-18,15.09,3.9558,0.06626905235255136,0.039558,1.6752376852356377,0.6655378361013615,1.3040221616781589,0.5577677232176813,0,中性,2011-07-19
2011-07-19,14.98,4.0088,0.06675567423230974,0.040088,1.6652283534301973,0.6471744878083885,1.3043508297325281,0.5576201325855038,0,中性,2011-07-20
2011-07-20,14.97,4.0715,0.0668002672010688,0.040715,1.640679533367771,0.6027764872987919,1.3046565830994694,0.557458622472342,0,中性,2011-07-21
2011-07-21,14.83,4.0889,0.06743088334457181,0.040888999999999995,1.6491203830999002,0.6175305566192545,1.3049694475862998,0.557301872473641,0,中性,2011-07-22
2011-07-22,14.84,4.0671,0.0673854447439353,0.040671,1.6568425842476286,0.6309864615690196,1.3052887517030525,0.5571495649374117,0,中性,2011-07-25
2011-07-25,14.42,4.0663,0.06934812760055478,0.040663,1.7054355950263085,0.7177103385311148,1.3056515321593747,0.5570270364018199,0,中性,2011-07-26
2011-07-26,14.49,4.0753,0.06901311249137336,0.040753000000000004,1.693448641606099,0.6957228900699629,1.3060027976570618,0.5568967896256439,0,中性,2011-07-27
2011-07-27,14.59,4.0855,0.06854009595613433,0.040854999999999995,1.6776427843870847,0.6669046104020657,1.3063391234369082,0.5567567762446922,0,中性,2011-07-28
2011-07-28,14.51,4.0627,0.06891798759476224,0.040627,1.6963592584921907,0.7000496720026972,1.3066917637036848,0.5566283513479092,0,中性,2011-07-29
2011-07-29,14.47,4.0477,0.0691085003455425,0.040477,1.7073523320785262,0.7193057144520391,1.307053697369787,0.5565069575648836,0,中性,2011-08-01
2011-08-01,14.47,4.0502,0.0691085003455425,0.040502,1.7062984629288058,0.7169218298555691,1.3074140265805803,0.5563848382585654,0,中性,2011-08-02
2011-08-02,14.34,4.0615,0.0697350069735007,0.040615,1.7169766582174246,0.7356024260023722,1.3077833346343555,0.5562696765518138,0,中性,2011-08-03
2011-08-03,14.34,4.1201,0.0697350069735007,0.041201,1.6925561751778038,0.6912415264491752,1.3081299768330432,0.5561387498223838,0,中性,2011-08-04
2011-08-04,14.37,4.0911,0.06958942240779402,0.040911,1.700995390183423,0.7059398124283044,1.308483591066482,0.5560131220914879,0,中性,2011-08-05
2011-08-05,14.09,4.0423,0.07097232079488999,0.040423,1.7557410581819755,0.8038054341151321,1.3088858010189242,0.5559246531531243,0,中性,2011-08-08
2011-08-08,13.57,4.0007,0.07369196757553427,0.040007,1.8419768434407546,0.9581002377969575,1.3093647687120256,0.5559043341366974,0,中性,2011-08-09
2011-08-09,13.55,3.9554,0.07380073800738007,0.039554,1.8658223696056044,1.0000962052300486,1.309864281818752,0.5559046068562647,0,中性,2011-08-10
2011-08-10,13.66,3.9639,0.07320644216691069,0.039639,1.8468286830371778,0.9650921091050159,1.3103458642413697,0.5558876854700624,0,中性,2011-08-11
2011-08-11,13.83,3.9291,0.07230657989877079,0.039291,1.8402835229129009,0.9525029290957655,1.3108207187742293,0.5558647516615026,0,中性,2011-08-12
2011-08-12,13.88,3.9268,0.07204610951008646,0.039268,1.8347282650016925,0.9417126956774504,1.3112897497019174,0.5558367405498588,0,中性,2011-08-15
2011-08-15,14.05,3.9231,0.07117437722419928,0.039230999999999995,1.814238159215908,0.9041134683654675,1.3117396141111428,0.5557914605710105,0,中性,2011-08-16
2011-08-16,13.89,3.9492,0.07199424046076314,0.039492,1.823008215860507,0.9191343361986279,1.3121965118785683,0.5557530426885832,0,中性,2011-08-17
2011-08-17,13.82,3.9432,0.0723589001447178,0.039432,1.8350299286041234,0.9399743773007694,1.3126633274292163,0.5557242982249528,0,中性,2011-08-18
2011-08-18,13.57,3.956,0.07369196757553427,0.03956,1.8627898780468723,0.9890532752057051,1.3131540736831124,0.5557191085075227,0,中性,2011-08-19
2011-08-19,13.4,3.9331,0.07462686567164178,0.039331,1.8974057530101394,1.0503576055488328,1.3136747971049727,0.5557449699239866,0,中性,2011-08-22
2011-08-22,13.18,3.9325,0.07587253414264036,0.039325,1.9293714975878034,1.1067781943824913,1.3142230577465424,0.5558010114072341,0,中性,2011-08-23
2011-08-23,13.35,3.9356,0.0749063670411985,0.039356,1.9033023437645722,1.0588738189157787,1.3147471496380174,0.5558312837777015,0,中性,2011-08-24
2011-08-24,13.28,3.9501,0.07530120481927711,0.039501,1.906311354630949,1.0632790273280994,1.3152729844869,0.5558638466040865,0,中性,2011-08-25
2011-08-25,13.61,3.975,0.07347538574577517,0.03975,1.8484373772522054,0.9583462367694262,1.315746487500013,0.5558438790847522,0,中性,2011-08-26
2011-08-26,13.44,3.9886,0.0744047619047619,0.039886,1.8654355389049266,0.9880596139840914,1.31623423288724,0.5558382290347607,0,中性,2011-08-29
2011-08-29,13.22,4.0994,0.075642965204236,0.040994,1.8452204030891348,0.9508872918439384,1.3167031922579864,0.5558147799054715,0,中性,2011-08-30
2011-08-30,13.15,4.1303,0.07604562737642585,0.041303,1.841164742910342,0.9428008816420443,1.3171677286181747,0.555787573490109,0,中性,2011-08-31
2011-08-31,13.15,4.105,0.07604562737642585,0.04105,1.8525122381589731,0.9623965692541518,1.317641484821308,0.5557695968847695,0,中性,2011-09-01
2011-09-01,13.1,4.0708,0.07633587786259542,0.040708,1.8752058038369712,1.0023397527889517,1.3181344683040803,0.5557709688584859,0,中性,2011-09-02
2011-09-02,12.96,4.07,0.07716049382716049,0.0407,1.8958352291685623,1.038503569207878,1.3186448046652681,0.5557905062796733,0,中性,2011-09-05
2011-09-05,12.71,4.0501,0.07867820613690008,0.040500999999999995,1.9426237904471515,1.12156802425207,1.319195536338509,0.555854161876969,0,中性,2011-09-06
2011-09-06,12.65,4.0107,0.07905138339920949,0.040107,1.9710121275390704,1.1714122495398893,1.3197703305106436,0.5559458655859398,0,中性,2011-09-07
2011-09-07,12.88,4.05,0.07763975155279502,0.0405,1.9170309025381487,1.0732952631939112,1.3202965512789497,0.555983401513799,0,中性,2011-09-08
2011-09-08,12.8,4.065,0.078125,0.040650000000000006,1.9218942189421893,1.0810091427083774,1.3208261266906252,0.5560249849003484,0,中性,2011-09-09
2011-09-09,12.79,4.0452,0.07818608287724786,0.040452,1.9328113041938064,1.0995734839076383,1.3213643722293262,0.5560764613853132,0,中性,2011-09-13
2011-09-13,12.66,4.0208,0.07898894154818326,0.040208,1.9645080966022497,1.1553869903198852,1.3219295248869476,0.5561587391055832,0,中性,2011-09-14
2011-09-14,12.71,4.021,0.07867820613690008,0.040209999999999996,1.9566825699303676,1.1401632794416445,1.3224868146543254,0.5562323982110857,0,中性,2011-09-15
2011-09-15,12.68,4.0495,0.07886435331230283,0.040495,1.9475084161576202,1.122555353565209,1.3230350792170475,0.5562962529707423,0,中性,2011-09-16
2011-09-16,12.71,4.0752,0.07867820613690008,0.040752,1.9306587685733236,1.091217193986788,1.3235676153163958,0.5563430970500985,0,中性,2011-09-19
2011-09-19,12.48,4.0801,0.08012820512820512,0.040801,1.963878462003508,1.1497572123185271,1.3241283078266297,0.5564219535416515,0,中性,2011-09-20
2011-09-20,12.52,4.0801,0.07987220447284345,0.040801,1.9576040899204297,1.137337991028276,1.324682529858208,0.5564938171897279,0,中性,2011-09-21
2011-09-21,12.85,4.0908,0.07782101167315175,0.040908,1.9023421255781694,1.0370920556383905,1.3251874770572638,0.5565124574844355,0,中性,2011-09-22
2011-09-22,12.49,4.0676,0.08006405124099279,0.040676,1.9683363959335431,1.1544994283168353,1.3257491791698193,0.5565937938146603,0,中性,2011-09-23
2011-09-23,12.43,3.9662,0.08045052292839903,0.039662,2.0284030792294647,1.2609900785007087,1.3263623152082658,0.5567377380604858,0,中性,2011-09-26
2011-09-26,12.22,3.8878,0.0818330605564648,0.038877999999999996,2.1048680630810437,1.3965347288864065,1.3270410473336998,0.5569693324902714,0,中性,2011-09-27
2011-09-27,12.33,3.9158,0.08110300081103,0.039158,2.0711732164827112,1.3344185106764208,1.327689246087314,0.5571595151348155,0,中性,2011-09-28
2011-09-28,12.22,3.9203,0.0818330605564648,0.039203,2.0874183240176722,1.3618801099305382,1.328350455032423,0.5573676151448933,0,中性,2011-09-29
2011-09-29,12.11,3.884,0.08257638315441784,0.03884,2.1260654777141568,1.429323459878451,1.3290441202695378,0.5576214060828452,0,中性,2011-09-30
2011-09-30,12.09,3.8605,0.0827129859387924,0.038605,2.14254593805964,1.4568975259738857,1.3297508985647506,0.5578944469354932,0,中性,2011-10-10
2011-10-10,12.03,3.7706,0.0831255195344971,0.037705999999999996,2.2045700825995094,1.5657212789602613,1.3305102902175585,0.5582473739913545,1,看多：股权风险溢价高于1.5个标准差,2011-10-11
2011-10-11,12.05,3.7593,0.08298755186721991,0.037593,2.2075267168680317,1.5686572458902175,1.3312709289223723,0.5586024545778844,1,看多：股权风险溢价高于1.5个标准差,2011-10-12
2011-10-12,12.4,3.8005,0.08064516129032258,0.038005,2.1219618810767686,1.41364001263904,1.3319561030576883,0.5588450885344323,0,中性,2011-10-13
2011-10-13,12.49,3.8205,0.08006405124099279,0.038205,2.095643272896029,1.3648502989513107,1.3326173040705351,0.5590546958972484,0,中性,2011-10-14
2011-10-14,12.46,3.7707,0.08025682182985554,0.037707000000000004,2.128432965493291,1.4216404929728403,1.333305725922977,0.5593026109629142,0,中性,2011-10-17
2011-10-17,12.52,3.7906,0.07987220447284345,0.037906,2.1071124485000645,1.381779648164567,1.3339745303504422,0.5595233069010604,0,中性,2011-10-18
2011-10-18,12.25,3.7407,0.08163265306122448,0.037406999999999996,2.182282809667295,1.5139694152670877,1.334707093631372,0.5598367493351226,1,看多：股权风险溢价高于1.5个标准差,2011-10-19
2011-10-19,12.21,3.7311,0.0819000819000819,0.037311000000000004,2.195065313180614,1.5345753140119263,1.3354494216896544,0.5601653328070406,1,看多：股权风险溢价高于1.5个标准差,2011-10-20
2011-10-20,11.96,3.7266,0.08361204013377926,0.037266,2.2436548095792213,1.618783570623099,1.3362323573688695,0.5605582294494553,1,看多：股权风险溢价高于1.5个标准差,2011-10-21
2011-10-21,11.89,3.7385,0.08410428931875526,0.037385,2.2496800673734185,1.6269698205156937,1.3370191340355402,0.5609575062975637,1,看多：股权风险溢价高于1.5个标准差,2011-10-24
2011-10-24,12.15,3.7533,0.0823045267489712,0.037533,2.1928576652271654,1.5234919246651915,1.3377556560073058,0.5612776775352978,1,看多：股权风险溢价高于1.5个标准差,2011-10-25
2011-10-25,12.34,3.796,0.08103727714748785,0.03796,2.134807090292093,1.4182259378176238,1.3384409968794337,0.5615227251012719,0,中性,2011-10-26
2011-10-26,12.4,3.7918,0.08064516129032258,0.037918,2.1268305630656306,1.4022301713735161,1.3391183075033048,0.5617567441090957,0,中性,2011-10-27
2011-10-27,12.33,3.8032,0.08110300081103,0.038031999999999996,2.132493710849548,1.4104975653639307,1.3397993164332158,0.5619962869002219,0,中性,2011-10-28
2011-10-28,12.35,3.787,0.08097165991902834,0.03787,2.138147872168691,1.4187214431025288,1.3404840064467112,0.5622413544251575,0,中性,2011-10-31
2011-10-31,12.19,3.7607,0.08203445447087777,0.037607,2.18136130164272,1.4935084625643207,1.3412045525437086,0.5625389946947345,0,中性,2011-11-01
2011-11-01,12.2,3.7395,0.0819672131147541,0.037395,2.191929753035275,1.5101694875252347,1.3419329131605677,0.5628486384449639,1,看多：股权风险溢价高于1.5个标准差,2011-11-02
2011-11-02,12.37,3.7208,0.08084074373484236,0.037208,2.172671031359986,1.4739481932087355,1.3426435531248104,0.5631320571913954,0,中性,2011-11-03
2011-11-03,12.39,3.7233,0.08071025020177562,0.037233,2.1677074155124654,1.4631653886504083,1.343348735913176,0.5634077227316454,0,中性,2011-11-04
2011-11-04,12.49,3.7158,0.08006405124099279,0.037158000000000004,2.154692158915786,1.4381759453702045,1.3440415996390533,0.5636657753082229,0,中性,2011-11-07
2011-11-07,12.39,3.7333,0.08071025020177562,0.037333,2.161901004520816,1.449044540438646,1.3447394318957784,0.5639313008126523,0,中性,2011-11-08
2011-11-08,12.37,3.6988,0.08084074373484236,0.036988,2.185593807041266,1.4890113650404293,1.3454562727953057,0.5642250650136235,0,中性,2011-11-09
2011-11-09,12.47,3.6436,0.08019246190858059,0.036436,2.200912885843138,1.51403389261453,1.346184941119878,0.5645368633374921,1,看多：股权风险溢价高于1.5个标准差,2011-11-10
2011-11-10,12.25,3.5563,0.08163265306122448,0.035563,2.295437760065925,1.6787365044166107,1.3469928158594064,0.5649754691765158,1,看多：股权风险溢价高于1.5个标准差,2011-11-11
2011-11-11,12.25,3.5916,0.08163265306122448,0.035916000000000003,2.272877075989099,1.6362391333267454,1.3477801324071357,0.5653800381250433,1,看多：股权风险溢价高于1.5个标准差,2011-11-14
2011-11-14,12.49,3.5807,0.08006405124099279,0.035807000000000005,2.235988807802742,1.5686819007033657,1.3485347701942179,0.5657323114460665,1,看多：股权风险溢价高于1.5个标准差,2011-11-15
2011-11-15,12.48,3.6563,0.08012820512820512,0.036563,2.1915106837022433,1.4880265682519234,1.3492503694416782,0.5660250510513534,0,中性,2011-11-16
2011-11-16,12.17,3.626,0.08216926869350863,0.03626,2.266113312010718,1.6173407794057788,1.3500280309705746,0.5664145075082562,1,看多：股权风险溢价高于1.5个标准差,2011-11-17
2011-11-17,12.15,3.636,0.0823045267489712,0.03636,2.263600845681276,1.6104462955910304,1.3508022452203294,0.5667985346421945,1,看多：股权风险溢价高于1.5个标准差,2011-11-18
2011-11-18,11.93,3.6412,0.08382229673093043,0.036412,2.3020514316964307,1.6755758068201285,1.351607706004814,0.5672340945858775,1,看多：股权风险溢价高于1.5个标准差,2011-11-21
2011-11-21,11.92,3.6598,0.08389261744966443,0.036598,2.2922732785852897,1.6557098252899296,1.352403531362327,0.5676536630193537,1,看多：股权风险溢价高于1.5个标准差,2011-11-22
2011-11-22,11.9,3.6412,0.08403361344537814,0.036412,2.3078549227007072,1.6804354569620275,1.3532111825807027,0.5680930714505725,1,看多：股权风险溢价高于1.5个标准差,2011-11-23
2011-11-23,11.83,3.5914,0.08453085376162299,0.035914,2.3537020037206378,1.7580924806368206,1.354056191720179,0.5685968303774126,1,看多：股权风险溢价高于1.5个标准差,2011-11-24
2011-11-24,11.85,3.6103,0.08438818565400844,0.036103,2.3374286251560377,1.7265634794247722,1.354886041874977,0.5690741145575533,1,看多：股权风险溢价高于1.5个标准差,2011-11-25
2011-11-25,11.77,3.6115,0.08496176720475786,0.036115,2.352534049695635,1.750100685174315,1.3557272290653823,0.5695711275782787,1,看多：股权风险溢价高于1.5个标准差,2011-11-28
2011-11-28,11.78,3.6402,0.08488964346349746,0.036402000000000004,2.3320049300449823,1.7112177816588172,1.3565497039609002,0.5700357000372548,1,看多：股权风险溢价高于1.5个标准差,2011-11-29
2011-11-29,11.93,3.6315,0.08382229673093043,0.036315,2.308200378106304,1.6668001483977621,1.3573507567169147,0.5704640849134842,1,看多：股权风险溢价高于1.5个标准差,2011-11-30
2011-11-30,11.57,3.6091,0.08643042350907519,0.036091000000000005,2.3947915964942834,1.8153016528382433,1.358223288962312,0.5710171121759768,1,看多：股权风险溢价高于1.5个标准差,2011-12-01
2011-12-01,11.84,3.5005,0.08445945945945946,0.035005,2.4127827298802873,1.8433913066643812,1.3591094733664448,0.5715950014001452,1,看多：股权风险溢价高于1.5个标准差,2011-12-02
2011-12-02,11.72,3.472,0.08532423208191126,0.03472,2.4574951636495177,1.9178358200876862,1.3600317115614768,0.5722405643867176,1,看多：股权风险溢价高于1.5个标准差,2011-12-05
2011-12-05,11.61,3.442,0.08613264427217916,0.03442,2.502401053811132,1.9921425548259424,1.3609900751036326,0.5729564764039824,1,看多：股权风险溢价高于1.5个标准差,2011-12-06
2011-12-06,11.58,3.479,0.08635578583765112,0.03479,2.4822013750402734,1.952933271358181,1.3619299001664462,0.5736353060822844,1,看多：股权风险溢价高于1.5个标准差,2011-12-07
2011-12-07,11.61,3.489,0.08613264427217916,0.03489,2.4686914380102944,1.9255725502645864,1.3628568361277895,0.5742887234919068,1,看多：股权风险溢价高于1.5个标准差,2011-12-08
2011-12-08,11.59,3.4953,0.08628127696289906,0.034953,2.4684941768345796,1.9214439950940005,1.3637820556597615,0.5749384962535812,1,看多：股权风险溢价高于1.5个标准差,2011-12-09
2011-12-09,11.53,3.4817,0.08673026886383348,0.034817,2.491032221725981,1.9566809916397254,1.3647245725210209,0.5756215009075643,1,看多：股权风险溢价高于1.5个标准差,2011-12-12
2011-12-12,11.41,3.4927,0.0876424189307625,0.034927,2.5093028010067426,1.9843143018447789,1.3656807782256875,0.5763310891413985,1,看多：股权风险溢价高于1.5个标准差,2011-12-13
2011-12-13,11.21,3.4982,0.08920606601248884,0.034982,2.5500562006886067,2.0505548377174923,1.3666694054564579,0.5771056562180981,1,看多：股权风险溢价高于1.5个标准差,2011-12-14
2011-12-14,11.12,3.4807,0.08992805755395684,0.034807000000000005,2.5836198912275354,2.1039336626405403,1.3676843766706122,0.5779343408721662,1,看多：股权风险溢价高于1.5个标准差,2011-12-15
2011-12-15,10.89,3.489,0.09182736455463728,0.03489,2.631910706639074,2.1822301693565938,1.3687378986122525,0.5788449017727831,1,看多：股权风险溢价高于1.5个标准差,2011-12-16
2011-12-16,11.1,3.4637,0.0900900900900901,0.034637,2.6009784360680803,2.123899901183718,1.3697639107167119,0.5796951752129057,1,看多：股权风险溢价高于1.5个标准差,2011-12-19
2011-12-19,11.07,3.4702,0.09033423667570009,0.034702000000000004,2.6031420862111716,2.1227510232107423,1.3707900156880053,0.5805448010851441,1,看多：股权风险溢价高于1.5个标准差,2011-12-20
2011-12-20,11.05,3.4655,0.09049773755656108,0.034655,2.6113904936246164,2.1320253254544372,1.3718212712806375,0.5814045487849762,1,看多：股权风险溢价高于1.5个标准差,2011-12-21
2011-12-21,10.93,3.4709,0.09149130832570906,0.034709,2.635953450854507,2.169112733841395,1.3728712149513798,0.582303637887123,1,看多：股权风险溢价高于1.5个标准差,2011-12-22
2011-12-22,10.92,3.4752,0.09157509157509157,0.034752,2.63510277322432,2.162537331865528,1.3739187100204862,0.5831964353262122,1,看多：股权风险溢价高于1.5个标准差,2011-12-23
2011-12-23,11.01,3.4803,0.09082652134423251,0.034803,2.609732532949243,2.114221734345494,1.3749434312666957,0.5840395459111127,1,看多：股权风险溢价高于1.5个标准差,2011-12-26
2011-12-26,10.93,3.4653,0.09149130832570906,0.034653,2.6402132088335515,2.161312798464395,1.375991707801548,0.5849322235681148,1,看多：股权风险溢价高于1.5个标准差,2011-12-27
2011-12-27,10.81,3.4603,0.09250693802035152,0.034603,2.6733791295653995,2.212591226303249,1.3770657040116177,0.5858802159853247,1,看多：股权风险溢价高于1.5个标准差,2011-12-28
2011-12-28,10.83,3.4603,0.09233610341643582,0.034603,2.6684421413298214,2.19883639750909,1.3781338400226333,0.5868141453219936,1,看多：股权风险溢价高于1.5个标准差,2011-12-29
2011-12-29,10.85,3.4453,0.09216589861751152,0.034453,2.67511968819875,2.204853025779929,1.3792057291533575,0.5877552580118057,1,看多：股权风险溢价高于1.5个标准差,2011-12-30
2011-12-30,11.0,3.4303,0.09090909090909091,0.034303,2.6501790195927737,2.157362433028628,1.380255252927461,0.5886464634885301,1,看多：股权风险溢价高于1.5个标准差,2012-01-04
2012-01-04,10.96,3.4395,0.09124087591240876,0.034394999999999995,2.652736616147951,2.1566590402173595,1.3813051550423294,0.5895375381068487,1,看多：股权风险溢价高于1.5个标准差,2012-01-05
2012-01-05,10.86,3.4304,0.09208103130755065,0.034304,2.6842651383964156,2.204790164796384,1.3823793182602635,0.5904806003415674,1,看多：股权风险溢价高于1.5个标准差,2012-01-06
2012-01-06,10.93,3.397,0.09149130832570906,0.03397,2.6932972718783947,2.214677710709056,1.3834591518299655,0.5914350940160357,1,看多：股权风险溢价高于1.5个标准差,2012-01-09
2012-01-09,11.24,3.3806,0.08896797153024912,0.033805999999999996,2.631721337343937,2.1058370522628533,1.384486528114339,0.5922750803009028,1,看多：股权风险溢价高于1.5个标准差,2012-01-10
2012-01-10,11.54,3.403,0.08665511265164645,0.03403,2.5464329312855263,1.9579308789868402,1.3854420761432629,0.5929682541924233,1,看多：股权风险溢价高于1.5个标准差,2012-01-11
2012-01-11,11.49,3.4208,0.08703220191470844,0.034207999999999995,2.5442060896488674,1.9503130506353383,1.386394224059044,0.5936543701087639,1,看多：股权风险溢价高于1.5个标准差,2012-01-12
2012-01-12,11.46,3.402,0.08726003490401396,0.03402,2.5649628131691347,1.9812572844302678,1.3873618501584775,0.5943705404971112,1,看多：股权风险溢价高于1.5个标准差,2012-01-13
2012-01-13,11.31,3.4108,0.08841732979664013,0.034108,2.592275413294246,2.022968520211507,1.3883502944268415,0.5951279551999804,1,看多：股权风险溢价高于1.5个标准差,2012-01-16
2012-01-16,11.12,3.4233,0.08992805755395684,0.034233,2.6269405998293123,2.0766781259314033,1.3893655323820895,0.5959397616769149,1,看多：股权风险溢价高于1.5个标准差,2012-01-17
2012-01-17,11.57,3.4045,0.08643042350907519,0.034045,2.5387112207100953,1.9249058551920954,1.390306847442145,0.5966028780941838,1,看多：股权风险溢价高于1.5个标准差,2012-01-18
2012-01-18,11.41,3.3957,0.0876424189307625,0.033957,2.5809823874536177,1.9916969287520865,1.3912812136778339,0.5973304254283309,1,看多：股权风险溢价高于1.5个标准差,2012-01-19
2012-01-19,11.56,3.3758,0.08650519031141868,0.033757999999999996,2.5625093403465455,1.956893839759353,1.3922388818108415,0.5980244992133129,1,看多：股权风险溢价高于1.5个标准差,2012-01-20
2012-01-20,11.69,3.3808,0.0855431993156544,0.033808,2.5302650057872222,1.8993888952185118,1.3931686417160511,0.5986643214213148,1,看多：股权风险溢价高于1.5个标准差,2012-01-30
2012-01-30,11.5,3.4005,0.08695652173913043,0.034005,2.557168702812246,1.9405408722450324,1.3941188458475582,0.5993431386060646,1,看多：股权风险溢价高于1.5个标准差,2012-01-31
2012-01-31,11.54,3.4064,0.08665511265164645,0.034064000000000004,2.5438912826340547,1.914731673610734,1.3950566700211198,0.5999977064392019,1,看多：股权风险溢价高于1.5个标准差,2012-02-01
2012-02-01,11.41,3.4318,0.0876424189307625,0.034318,2.5538323600082316,1.9275837133138523,1.396001067486472,0.6006645960559844,1,看多：股权风险溢价高于1.5个标准差,2012-02-02
2012-02-02,11.64,3.441,0.0859106529209622,0.034409999999999996,2.4966769230154666,1.8291832455919572,1.3968973833297365,0.6012407681603389,1,看多：股权风险溢价高于1.5个标准差,2012-02-03
2012-02-03,11.73,3.436,0.08525149190110827,0.03436,2.481126073955421,1.8002033941242712,1.3977795873090904,0.601791158811439,1,看多：股权风险溢价高于1.5个标准差,2012-02-06
2012-02-06,11.73,3.4785,0.08525149190110827,0.034784999999999996,2.450811898838818,1.7469444690790525,1.3986357111396022,0.6022951538086943,1,看多：股权风险溢价高于1.5个标准差,2012-02-07
2012-02-07,11.53,3.481,0.08673026886383348,0.03481,2.4915331474815705,1.8113951570541336,1.3995235238417485,0.60285554998157,1,看多：股权风险溢价高于1.5个标准差,2012-02-08
2012-02-08,11.81,3.5098,0.0846740050804403,0.035098,2.412502281624033,1.6776965580677612,1.400345746859429,0.6033013120860939,1,看多：股权风险溢价高于1.5个标准差,2012-02-09
2012-02-09,11.83,3.5409,0.08453085376162299,0.035409,2.387270291779575,1.6334373240709266,1.4011461722810998,0.6037110239655918,1,看多：股权风险溢价高于1.5个标准差,2012-02-10
2012-02-10,11.83,3.521,0.08453085376162299,0.03521,2.4007626742863675,1.6532788556414395,1.4019562342762417,0.6041367048286652,1,看多：股权风险溢价高于1.5个标准差,2012-02-13
2012-02-13,11.82,3.5148,0.08460236886632826,0.035148,2.4070322313169528,1.6611216001556715,1.4027700609944933,0.6045687264727311,1,看多：股权风险溢价高于1.5个标准差,2012-02-14
2012-02-14,11.78,3.516,0.08488964346349746,0.03516,2.4143812134100533,1.670708109886236,1.4035885166194249,0.6050085534447167,1,看多：股权风险溢价高于1.5个标准差,2012-02-15
2012-02-15,11.89,3.5335,0.08410428931875526,0.035335,2.380197801577905,1.6118572092044523,1.404378014828769,0.6054008886002756,1,看多：股权风险溢价高于1.5个标准差,2012-02-16
2012-02-16,11.84,3.5361,0.08445945945945946,0.035361,2.3884918260077335,1.6231683810494828,1.4051729371318213,0.6058021461951675,1,看多：股权风险溢价高于1.5个标准差,2012-02-17
2012-02-17,11.84,3.5361,0.08445945945945946,0.035361,2.3884918260077335,1.6207900029355884,1.4059665762673146,0.6062014498860808,1,看多：股权风险溢价高于1.5个标准差,2012-02-20
2012-02-20,11.87,3.5116,0.08424599831508003,0.035116,2.3990772956794633,1.635821018570924,1.406767472008776,0.6066127115407668,1,看多：股权风险溢价高于1.5个标准差,2012-02-21
2012-02-21,11.97,3.5164,0.0835421888053467,0.035164,2.37578741910325,1.595144014428403,1.4075483099999884,0.6069916573960354,1,看多：股权风险溢价高于1.5个标准差,2012-02-22
2012-02-22,12.08,3.5276,0.08278145695364239,0.035276,2.3466792423642815,1.5450772561808088,1.4083044540679144,0.6073319534946,1,看多：股权风险溢价高于1.5个标准差,2012-02-23
2012-02-23,12.11,3.5254,0.08257638315441784,0.035254,2.3423266339824655,1.5358305677202118,1.409055879795923,0.6076651772674967,1,看多：股权风险溢价高于1.5个标准差,2012-02-24
2012-02-24,12.27,3.5164,0.08149959250203749,0.035164,2.317699707144736,1.493360252415171,1.4097863008790006,0.6079667680972435,0,中性,2012-02-27
2012-02-27,12.31,3.5501,0.08123476848090982,0.035501,2.2882388800571767,1.4431119199174276,1.410491885279947,0.6082321008251756,0,中性,2012-02-28
2012-02-28,12.34,3.5464,0.08103727714748785,0.035464,2.285057442688017,1.4361126957754817,1.4111937838011415,0.608492398582272,0,中性,2012-02-29
2012-02-29,12.23,3.534,0.08176614881439084,0.035339999999999996,2.3136997400789716,1.481282235512809,1.411917525546352,0.608784870913158,0,中性,2012-03-01
2012-03-01,12.21,3.55,0.0819000819000819,0.0355,2.3070445605656875,1.468489187458827,1.4126347747731305,0.6090680091014522,0,中性,2012-03-02
2012-03-02,12.39,3.5616,0.08071025020177562,0.035616,2.266123377183727,1.3996413051072576,1.4133181123251006,0.609302727596535,0,中性,2012-03-05
2012-03-05,12.3,3.5614,0.08130081300813008,0.035614,2.282832959177011,1.4253333843782705,1.4140137242025819,0.6095551009305852,0,中性,2012-03-06
2012-03-06,12.14,3.5465,0.08237232289950576,0.035464999999999997,2.3226370477796636,1.4878602316762564,1.415008864625431,0.6100224764604929,0,中性,2012-03-07
2012-03-07,12.06,3.5316,0.08291873963515754,0.035316,2.347908586339267,1.5263759030575477,1.4160741889414203,0.6104881474682939,1,看多：股权风险溢价高于1.5个标准差,2012-03-08
2012-03-08,12.19,3.5316,0.08203445447087777,0.035316,2.3228693643356486,1.482597273295085,1.4171060774915996,0.6109300908337586,0,中性,2012-03-09
2012-03-09,12.28,3.5367,0.08143322475570033,0.035367,2.3025199976164314,1.4466416898688848,1.4181165582992377,0.6113493379257935,0,中性,2012-03-12
2012-03-12,12.25,3.5242,0.08163265306122448,0.035242,2.3163456404637786,1.4665439644437408,1.4191615115566498,0.6117676323787743,0,中性,2012-03-13
2012-03-13,12.35,3.5401,0.08097165991902834,0.035400999999999995,2.2872704138026707,1.416460645682921,1.4202082011213373,0.6121329352311762,0,中性,2012-03-14
2012-03-14,12.04,3.5451,0.08305647840531562,0.035451,2.342852906979087,1.5044600560530617,1.4213891646044132,0.6124880076857117,1,看多：股权风险溢价高于1.5个标准差,2012-03-15
2012-03-15,11.97,3.5589,0.0835421888053467,0.035589,2.3474160219547247,1.5090922382340946,1.4225711672754089,0.6128484603178055,1,看多：股权风险溢价高于1.5个标准差,2012-03-16
2012-03-16,12.11,3.5483,0.08257638315441784,0.035483,2.3272097385908137,1.4734023123928595,1.4237074683554096,0.613208125598828,0,中性,2012-03-19
2012-03-19,12.15,3.559,0.0823045267489712,0.035590000000000004,2.312574508259938,1.4469019846227065,1.424840253570277,0.6135413898966666,0,中性,2012-03-20
2012-03-20,11.98,3.5601,0.08347245409015025,0.035601,2.344665995060539,1.4964276399973278,1.426014106023623,0.6138966325418557,0,中性,2012-03-21
2012-03-21,11.99,3.5608,0.08340283569641367,0.035608,2.3422499353070565,1.4897335376656249,1.4271853062104753,0.6142471831106552,0,中性,2012-03-22
2012-03-22,11.98,3.5502,0.08347245409015025,0.035502,2.351204272721262,1.5014991246590652,1.428328620566374,0.6146361572900942,1,看多：股权风险溢价高于1.5个标准差,2012-03-23
2012-03-23,11.86,3.5267,0.08431703204047218,0.035267,2.3908195208118688,1.562934002997416,1.4295035387168604,0.615071385132951,1,看多：股权风险溢价高于1.5个标准差,2012-03-26
2012-03-26,11.87,3.5247,0.08424599831508003,0.035247,2.390160816951231,1.558846098070451,1.4306435025828883,0.6155304975622923,1,看多：股权风险溢价高于1.5个标准差,2012-03-27
2012-03-27,11.9,3.5403,0.08403361344537814,0.035403,2.3736297332253806,1.529072087193609,1.4317560871831478,0.6159772674752737,1,看多：股权风险溢价高于1.5个标准差,2012-03-28
2012-03-28,11.64,3.5223,0.0859106529209622,0.035223,2.439049851544792,1.6319955199583813,1.4329373983251381,0.6164921661337105,1,看多：股权风险溢价高于1.5个标准差,2012-03-29
2012-03-29,11.47,3.5143,0.08718395815170009,0.035143,2.4808342529579175,1.696246322889869,1.4341635435411098,0.6170511294807766,1,看多：股权风险溢价高于1.5个标准差,2012-03-30
2012-03-30,11.56,3.5054,0.08650519031141868,0.035054,2.467769450317187,1.6716488422071236,1.4353871888509249,0.6175832120956575,1,看多：股权风险溢价高于1.5个标准差,2012-04-05
2012-04-05,11.74,3.5191,0.08517887563884156,0.035191,2.420473292570304,1.5919437640286471,1.436578578201419,0.6180461499965269,1,看多：股权风险溢价高于1.5个标准差,2012-04-06
2012-04-06,11.76,3.5203,0.08503401360544217,0.035203000000000005,2.415533153579018,1.5808809948789226,1.437790058919085,0.6184798842083725,1,看多：股权风险溢价高于1.5个标准差,2012-04-09
2012-04-09,11.66,3.5352,0.08576329331046312,0.035352,2.425981367686782,1.594659439402743,1.4390146263465566,0.6189200759441651,1,看多：股权风险溢价高于1.5个标准差,2012-04-10
2012-04-10,11.76,3.5366,0.08503401360544217,0.035366,2.4044000906362655,1.556819400390271,1.4402402243598604,0.6193138819022328,1,看多：股权风险溢价高于1.5个标准差,2012-04-11
2012-04-11,11.77,3.5308,0.08496176720475786,0.035308,2.4063035913888595,1.5569381757561178,1.44148853235862,0.6196874571218494,1,看多：股权风险溢价高于1.5个标准差,2012-04-12
2012-04-12,11.93,3.5407,0.08382229673093043,0.035407,2.367393360943611,1.4914057714517248,1.4427059848186707,0.6200105925732441,0,中性,2012-04-13
2012-04-13,11.97,3.5277,0.0835421888053467,0.035276999999999996,2.368177248783817,1.489936108272576,1.443928591983499,0.6203277118183859,0,中性,2012-04-16
2012-04-16,11.94,3.5318,0.08375209380234507,0.035318,2.3713713631107383,1.4923088574369145,1.4450936806782906,0.620701055157816,0,中性,2012-04-17
2012-04-17,11.87,3.5291,0.08424599831508003,0.035291,2.387180819899692,1.5149449290488255,1.4462987616018572,0.6210668389699009,1,看多：股权风险溢价高于1.5个标准差,2012-04-18
2012-04-18,12.11,3.5366,0.08257638315441784,0.035366,2.334908758536952,1.4282044338803561,1.4474422838656467,0.6213861640662364,0,中性,2012-04-19
2012-04-19,12.07,3.5518,0.08285004142502071,0.035518,2.3326212462700804,1.4219709452318459,1.448595301672001,0.6216905820490889,0,中性,2012-04-20
2012-04-20,12.2,3.5414,0.0819672131147541,0.035414,2.314542641744906,1.3904255472103033,1.449723172546591,0.621981860829194,0,中性,2012-04-23
2012-04-23,12.07,3.5407,0.08285004142502071,0.035407,2.339933951620321,1.4286797630350496,1.4508866414907586,0.622285926582241,0,中性,2012-04-24
2012-04-24,12.11,3.5302,0.08257638315441784,0.035302,2.339141781044072,1.4248575653505131,1.4520655648022323,0.6225718540671259,0,中性,2012-04-25
2012-04-25,12.18,3.5369,0.08210180623973727,0.035369000000000005,2.3212928338301126,1.3937339922795822,1.4532424979573038,0.6228235378352446,0,中性,2012-04-26
2012-04-26,12.16,3.5357,0.08223684210526316,0.035357,2.325899881360499,1.398665011510135,1.4544250322124614,0.6230761776239104,0,中性,2012-04-27
2012-04-27,12.11,3.5389,0.08257638315441784,0.035389,2.3333912558822756,1.408198316694597,1.455617332072518,0.6233311838279414,0,中性,2012-05-02
2012-05-02,12.11,3.5449,0.08257638315441784,0.035449,2.3294418221788438,1.3993955325015215,1.4568033551380262,0.623582430251805,0,中性,2012-05-03
2012-05-03,12.12,3.5454,0.08250825082508251,0.035454,2.3271915954499494,1.3933328315392748,1.457979508847109,0.6238366504595921,0,中性,2012-05-04
2012-05-04,12.19,3.5512,0.08203445447087777,0.035512,2.3100488418246723,1.363500048017962,1.4591753404542869,0.6240362826589182,0,中性,2012-05-07
2012-05-07,12.19,3.5518,0.08203445447087777,0.035518,2.309658608899087,1.3605277842758554,1.4603678140405472,0.6242362740945986,0,中性,2012-05-08
2012-05-08,12.16,3.552,0.08223684210526316,0.03552,2.3152264106211473,1.367099416251732,1.4615872786473207,0.6244162800641859,0,中性,2012-05-09
2012-05-09,11.96,3.5414,0.08361204013377926,0.035414,2.3609883134856062,1.4378489184631382,1.4628441817235467,0.6246443004053941,0,中性,2012-05-10
2012-05-10,11.97,3.5287,0.0835421888053467,0.035287,2.367506129887684,1.4457348778958745,1.4641183391099464,0.6248640774942982,0,中性,2012-05-11
2012-05-11,11.89,3.4907,0.08410428931875526,0.034907,2.409381766372225,1.5100135655675306,1.465426063754996,0.62513061083822,1,看多：股权风险溢价高于1.5个标准差,2012-05-14
2012-05-14,11.81,3.4461,0.0846740050804403,0.034461,2.4570965752717653,1.583344285376807,1.466748705837733,0.6254785384205606,1,看多：股权风险溢价高于1.5个标准差,2012-05-15
2012-05-15,11.79,3.405,0.08481764206955048,0.03405,2.490973335375932,1.6343434178071203,1.4681075600381341,0.6258573101546965,1,看多：股权风险溢价高于1.5个标准差,2012-05-16
2012-05-16,11.63,3.3618,0.08598452278589853,0.033618,2.5576929854809487,1.7374028735852756,1.469522015456346,0.6263204617470624,1,看多：股权风险溢价高于1.5个标准差,2012-05-17
2012-05-17,11.79,3.4116,0.08481764206955048,0.034116,2.4861543577661647,1.6200831002508336,1.4708858098387476,0.6266768339045234,1,看多：股权风险溢价高于1.5个标准差,2012-05-18
2012-05-18,11.62,3.3614,0.08605851979345956,0.033614000000000005,2.560198720576532,1.7347271702584899,1.472317996287214,0.6271192052218875,1,看多：股权风险溢价高于1.5个标准差,2012-05-21
2012-05-21,11.66,3.3866,0.08576329331046312,0.033866,2.532430558981371,1.6871165231791445,1.4737243182827515,0.627524078007149,1,看多：股权风险溢价高于1.5个标准差,2012-05-22
2012-05-22,11.79,3.3948,0.08481764206955048,0.033948,2.4984577020605183,1.629865276276016,1.4751110766994417,0.6278719107994383,1,看多：股权风险溢价高于1.5个标准差,2012-05-23
2012-05-23,11.74,3.3825,0.08517887563884156,0.033825,2.518222487474991,1.658141138235321,1.476520226274464,0.6282349778192945,1,看多：股权风险溢价高于1.5个标准差,2012-05-24
2012-05-24,11.67,3.3619,0.0856898029134533,0.033618999999999996,2.548850439140168,1.7034967215229655,1.4779349894726623,0.6286571826860239,1,看多：股权风险溢价高于1.5个标准差,2012-05-25
2012-05-25,11.59,3.3019,0.08628127696289906,0.033019,2.613079649986343,1.801884371692532,1.4794068612015852,0.629159565727231,1,看多：股权风险溢价高于1.5个标准差,2012-05-28
2012-05-28,11.73,3.3418,0.08525149190110827,0.033418,2.5510650518016718,1.6999505172991254,1.480833539235477,0.6295662736504674,1,看多：股权风险溢价高于1.5个标准差,2012-05-29
2012-05-29,11.86,3.3718,0.08431703204047218,0.033718,2.5006534207388396,1.616835526520058,1.4822377078426736,0.629882072846407,1,看多：股权风险溢价高于1.5个标准差,2012-05-30
2012-05-30,11.83,3.3766,0.08453085376162299,0.033766,2.503431077463217,1.6182018635218025,1.4836450829635879,0.6301970214520701,1,看多：股权风险溢价高于1.5个标准差,2012-05-31
2012-05-31,11.78,3.3443,0.08488964346349746,0.033443,2.5383381713212767,1.6703801730742476,1.4850886489440016,0.6305447941463674,1,看多：股权风险溢价高于1.5个标准差,2012-06-01
2012-06-01,11.78,3.3416,0.08488964346349746,0.033416,2.5403891388405992,1.670422196867581,1.4865342573254727,0.630891330042993,1,看多：股权风险溢价高于1.5个标准差,2012-06-04
2012-06-04,11.49,3.3469,0.08703220191470844,0.033469,2.6003825006635526,1.761963851631088,1.4880301976412948,0.6313139182693953,1,看多：股权风险溢价高于1.5个标准差,2012-06-05
2012-06-05,11.5,3.3568,0.08695652173913043,0.033568,2.5904588220665645,1.7427646054490946,1.4895149785924273,0.6317226319789953,1,看多：股权风险溢价高于1.5个标准差,2012-06-06
2012-06-06,11.49,3.36,0.08703220191470844,0.0336,2.590244104604418,1.7389601662443679,1.4909992774653693,0.6321276636905878,1,看多：股权风险溢价高于1.5个标准差,2012-06-07
2012-06-07,11.41,3.3751,0.0876424189307625,0.033751,2.596735472453038,1.7457292355992517,1.4924826423140596,0.6325453040602396,1,看多：股权风险溢价高于1.5个标准差,2012-06-08
2012-06-08,11.35,3.3101,0.0881057268722467,0.033101,2.661724022604958,1.8445121651776262,1.493989031162796,0.6330860882827029,1,看多：股权风险溢价高于1.5个标准差,2012-06-11
2012-06-11,11.47,3.3491,0.08718395815170009,0.033491,2.6032055821474454,1.7485608153496937,1.4954721758668432,0.6335115121855611,1,看多：股权风险溢价高于1.5个标准差,2012-06-12
2012-06-12,11.39,3.3747,0.08779631255487269,0.033747,2.6016034774905235,1.742575667487193,1.4969752510057979,0.6339054579349244,1,看多：股权风险溢价高于1.5个标准差,2012-06-13
2012-06-13,11.53,3.3909,0.08673026886383348,0.033908999999999995,2.5577359657858825,1.6701943302739324,1.4984472050242967,0.6342308446154582,1,看多：股权风险溢价高于1.5个标准差,2012-06-14
2012-06-14,11.42,3.4009,0.08756567425569177,0.034009,2.574779448254632,1.6938107553668793,1.4999367031471507,0.6345707403863252,1,看多：股权风险溢价高于1.5个标准差,2012-06-15
2012-06-15,11.47,3.3932,0.08718395815170009,0.033932000000000004,2.5693728089031027,1.6820692760536446,1.5014165835916002,0.6349062077972603,1,看多：股权风险溢价高于1.5个标准差,2012-06-18
2012-06-18,11.52,3.4107,0.08680555555555555,0.034107,2.5450950114508917,1.6407191755228046,1.5028530516394365,0.6352348258984366,1,看多：股权风险溢价高于1.5个标准差,2012-06-19
2012-06-19,11.45,3.4093,0.08733624454148473,0.034093,2.561706055245497,1.6636695612894399,1.5042977966317137,0.6355879095330872,1,看多：股权风险溢价高于1.5个标准差,2012-06-20
2012-06-20,11.42,3.4101,0.08756567425569177,0.034101,2.5678330329225467,1.6701340544741161,1.5057758814492963,0.6359113201890048,1,看多：股权风险溢价高于1.5个标准差,2012-06-21
2012-06-21,11.27,3.4001,0.08873114463176575,0.034001,2.6096627932050747,1.7325254513088693,1.5072959582107612,0.6362774262054907,1,看多：股权风险溢价高于1.5个标准差,2012-06-25
2012-06-25,11.05,3.3677,0.09049773755656108,0.033677,2.6872268182011783,1.8505877572356695,1.508888928965648,0.6367371039975332,1,看多：股权风险溢价高于1.5个标准差,2012-06-26
2012-06-26,11.04,3.3653,0.09057971014492755,0.033653,2.6915790611513843,1.8535768505088093,1.5104879053600362,0.6371956768164951,1,看多：股权风险溢价高于1.5个标准差,2012-06-27
2012-06-27,11.02,3.3252,0.09074410163339383,0.033252000000000004,2.7289817645072123,1.9082058826621295,1.5121234306495137,0.6376976116225284,1,看多：股权风险溢价高于1.5个标准差,2012-06-28
2012-06-28,10.93,3.3253,0.09149130832570906,0.033253,2.7513700515956176,1.9390907437401168,1.5137712669786203,0.6382366522104673,1,看多：股权风险溢价高于1.5个标准差,2012-06-29
2012-06-29,11.07,3.3253,0.09033423667570009,0.033253,2.7165740437163595,1.8806522386697704,1.515407290399305,0.6386968992027298,1,看多：股权风险溢价高于1.5个标准差,2012-07-02
2012-07-02,11.28,3.3353,0.08865248226950355,0.033353,2.65800624440091,1.7854474285990973,1.5170039533593318,0.639056783619126,1,看多：股权风险溢价高于1.5个标准差,2012-07-03
2012-07-03,11.29,3.3204,0.08857395925597875,0.033204,2.667568945186687,1.7968768625228648,1.5186148998638522,0.6394172407060055,1,看多：股权风险溢价高于1.5个标准差,2012-07-04
2012-07-04,11.28,3.3195,0.08865248226950355,0.033195,2.670657697529855,1.798222106349808,1.5202508935804917,0.6397467809382913,1,看多：股权风险溢价高于1.5个标准差,2012-07-05
2012-07-05,11.16,3.3193,0.08960573476702509,0.033193,2.6995370941772387,1.839751288670666,1.5219245924705997,0.6400933153076016,1,看多：股权风险溢价高于1.5个标准差,2012-07-06
2012-07-06,11.28,3.296,0.08865248226950355,0.032959999999999996,2.689699097982511,1.8208706369016954,1.5235996009771262,0.6404076563009237,1,看多：股权风险溢价高于1.5个标准差,2012-07-09
2012-07-09,11.03,3.2709,0.09066183136899365,0.032709,2.7717701968569397,1.9449717371859732,1.5253335510696993,0.6408507753385722,1,看多：股权风险溢价高于1.5个标准差,2012-07-10
2012-07-10,11.0,3.2549,0.09090909090909091,0.032549,2.7929918249129284,1.9739167084610394,1.5270894298392286,0.6413150006013467,1,看多：股权风险溢价高于1.5个标准差,2012-07-11
2012-07-11,11.05,3.2398,0.09049773755656108,0.032397999999999996,2.7933124747379807,1.9703057517319036,1.5288589586724024,0.6417549737923267,1,看多：股权风险溢价高于1.5个标准差,2012-07-12
2012-07-12,11.11,3.2502,0.09000900090009001,0.032502,2.7693372992458927,1.9290605894899335,1.5306214868823866,0.6421342176147184,1,看多：股权风险溢价高于1.5个标准差,2012-07-13
2012-07-13,11.12,3.2591,0.08992805755395684,0.032591,2.7592911403134863,1.9095246999832076,1.5323434661108633,0.642540876383224,1,看多：股权风险溢价高于1.5个标准差,2012-07-16
2012-07-16,10.93,3.2752,0.09149130832570906,0.032751999999999996,2.79345714233357,1.9586119116264005,1.5341005485884263,0.6429842411707758,1,看多：股权风险溢价高于1.5个标准差,2012-07-17
2012-07-17,10.99,3.285,0.09099181073703366,0.032850000000000004,2.7699181350695175,1.9180747502901252,1.5358293317141898,0.6433997440238767,1,看多：股权风险溢价高于1.5个标准差,2012-07-18
2012-07-18,11.01,3.2858,0.09082652134423251,0.032858,2.7642133223030165,1.9052421194720919,1.5375167950980402,0.6438533531606323,1,看多：股权风险溢价高于1.5个标准差,2012-07-19
2012-07-19,11.08,3.286,0.09025270758122744,0.03286,2.7465827018024176,1.8740666766622378,1.5392044233699436,0.6442557746039467,1,看多：股权风险溢价高于1.5个标准差,2012-07-20
2012-07-20,10.99,3.281,0.09099181073703366,0.03281,2.773295054466128,1.9115860566707936,1.5409171870958918,0.6446886673344636,1,看多：股权风险溢价高于1.5个标准差,2012-07-23
2012-07-23,10.85,3.276,0.09216589861751152,0.03276,2.813366868666408,1.9695779497722252,1.542676003939864,0.6451589615295474,1,看多：股权风险溢价高于1.5个标准差,2012-07-24
2012-07-24,10.87,3.2759,0.09199632014719412,0.032759,2.8082762034004127,1.957595065292624,1.5444359274866992,0.6456086339412553,1,看多：股权风险溢价高于1.5个标准差,2012-07-25
2012-07-25,10.81,3.276,0.09250693802035152,0.03276,2.8237771068483375,1.9774452274147925,1.5462157699869552,0.6460666111756727,1,看多：股权风险溢价高于1.5个标准差,2012-07-26
2012-07-26,10.76,3.2763,0.0929368029739777,0.032763,2.8366389822048563,1.9931766916764164,1.5480237086925919,0.646513316603376,1,看多：股权风险溢价高于1.5个标准差,2012-07-27
2012-07-27,10.78,3.2764,0.0927643784786642,0.032764,2.831289783868398,1.9808247844048739,1.5498396174101021,0.6469275710538424,1,看多：股权风险溢价高于1.5个标准差,2012-07-30
2012-07-30,10.7,3.2755,0.09345794392523366,0.032755,2.853242067630397,2.0105335351315348,1.5516697744168741,0.6473765647128937,1,看多：股权风险溢价高于1.5个标准差,2012-07-31
2012-07-31,10.71,3.2915,0.09337068160597571,0.032915,2.836721300500553,1.980961340308822,1.5534963597697033,0.6477788912987072,1,看多：股权风险溢价高于1.5个标准差,2012-08-01
2012-08-01,10.81,3.2921,0.09250693802035152,0.032921,2.8099674378163337,1.9358521811714355,1.5553142005145848,0.6481141739564665,1,看多：股权风险溢价高于1.5个标准差,2012-08-02
2012-08-02,10.75,3.2861,0.09302325581395349,0.032861,2.8308102557424752,1.9640997822447204,1.557154137301562,0.6484681328080407,1,看多：股权风险溢价高于1.5个标准差,2012-08-03
2012-08-03,10.84,3.2902,0.09225092250922509,0.032902,2.8038089632613548,1.918734142575431,1.558967442770999,0.6487827015052021,1,看多：股权风险溢价高于1.5个标准差,2012-08-06
2012-08-06,10.95,3.31,0.09132420091324202,0.0331,2.7590393025148647,1.8463262470291186,1.5607536652334155,0.6490107797631016,1,看多：股权风险溢价高于1.5个标准差,2012-08-07
2012-08-07,10.96,3.33,0.09124087591240876,0.0333,2.7399662436158785,1.8136169856447726,1.5625082015199319,0.6492319224046855,1,看多：股权风险溢价高于1.5个标准差,2012-08-08
2012-08-08,10.98,3.3545,0.09107468123861566,0.033545,2.715000185977513,1.7719493308801204,1.5642247525617359,0.6494403724536475,1,看多：股权风险溢价高于1.5个标准差,2012-08-09
2012-08-09,11.06,3.3023,0.09041591320072333,0.033023,2.737967876956162,1.8039916665685187,1.5659618279806826,0.6496737599707558,1,看多：股权风险溢价高于1.5个标准差,2012-08-10
2012-08-10,11.0,3.2825,0.09090909090909091,0.032825,2.76950772000277,1.8490799855255728,1.567736512492619,0.6499292712686875,1,看多：股权风险溢价高于1.5个标准差,2012-08-13
2012-08-13,10.84,3.3029,0.09225092250922509,0.033029,2.7930280211094822,1.8816435520912393,1.569516885627633,0.6502353403342793,1,看多：股权风险溢价高于1.5个标准差,2012-08-14
2012-08-14,10.87,3.3105,0.09199632014719412,0.033105,2.778925242325755,1.8564053716322482,1.5712756102159684,0.6505312097044614,1,看多：股权风险溢价高于1.5个标准差,2012-08-15
2012-08-15,10.76,3.3402,0.0929368029739777,0.033402,2.7823724020710645,1.858164967625967,1.5730420773149856,0.6508196773837289,1,看多：股权风险溢价高于1.5个标准差,2012-08-16
2012-08-16,10.71,3.3467,0.09337068160597571,0.033467,2.7899328175807727,1.8662425726480072,1.5748248350247864,0.6510986301378134,1,看多：股权风险溢价高于1.5个标准差,2012-08-17
2012-08-17,10.7,3.3342,0.09345794392523366,0.033342000000000004,2.803009535277837,1.8826957126156434,1.576608569163115,0.6514068937942573,1,看多：股权风险溢价高于1.5个标准差,2012-08-20
2012-08-20,10.66,3.3564,0.09380863039399624,0.033564,2.7949180787151784,1.8666386765123004,1.5783598981782136,0.6517373693392172,1,看多：股权风险溢价高于1.5个标准差,2012-08-21
2012-08-21,10.71,3.3578,0.09337068160597571,0.033578000000000004,2.7807100365112785,1.8413533610843418,1.5801163335235693,0.652017004645268,1,看多：股权风险溢价高于1.5个标准差,2012-08-22
2012-08-22,10.66,3.3935,0.09380863039399624,0.033935,2.764362174568918,1.8129417213846146,1.5818715113318562,0.6522496830918246,1,看多：股权风险溢价高于1.5个标准差,2012-08-23
2012-08-23,10.68,3.3702,0.09363295880149813,0.033702,2.778261195225747,1.8308675445005451,1.583645166915077,0.652486320978811,1,看多：股权风险溢价高于1.5个标准差,2012-08-24
2012-08-24,10.58,3.3364,0.0945179584120983,0.033364,2.832932454504805,1.910954800302108,1.585463133670036,0.6527989676352121,1,看多：股权风险溢价高于1.5个标准差,2012-08-27
2012-08-27,10.4,3.3498,0.09615384615384615,0.033498,2.870435433573531,1.9644903235318198,1.5873163690383285,0.6531562152102497,1,看多：股权风险溢价高于1.5个标准差,2012-08-28
2012-08-28,10.44,3.3634,0.09578544061302682,0.033634,2.8478753824411855,1.9262011108722343,1.5891498057048294,0.6534756779194111,1,看多：股权风险溢价高于1.5个标准差,2012-08-29
2012-08-29,10.37,3.3943,0.09643201542912247,0.033943,2.840998598506981,1.9119558595973227,1.5909659205504163,0.6537978749257498,1,看多：股权风险溢价高于1.5个标准差,2012-08-30
2012-08-30,10.32,3.3904,0.09689922480620154,0.033904000000000004,2.8580469798903234,1.934245864371162,1.5928046867351633,0.6541269217429605,1,看多：股权风险溢价高于1.5个标准差,2012-08-31
2012-08-31,10.25,3.3928,0.0975609756097561,0.033928,2.8755298163686662,1.957103131749441,1.5946613606346787,0.6544716192799855,1,看多：股权风险溢价高于1.5个标准差,2012-09-03
2012-09-03,10.32,3.4001,0.09689922480620154,0.034001,2.849893379788875,1.9142423792886998,1.5964950190937115,0.6547751602704068,1,看多：股权风险溢价高于1.5个标准差,2012-09-04
2012-09-04,10.23,3.3836,0.09775171065493646,0.033836,2.8889854195217066,1.9700703727977946,1.5983761008852173,0.6551082318971332,1,看多：股权风险溢价高于1.5个标准差,2012-09-05
2012-09-05,10.2,3.3887,0.09803921568627452,0.033887,2.893121718838331,1.9725614861103566,1.6002779167642558,0.6554136898532885,1,看多：股权风险溢价高于1.5个标准差,2012-09-06
2012-09-06,10.27,3.3963,0.09737098344693282,0.033963,2.866972394868911,1.929026067204318,1.6021570433271997,0.655675614262057,1,看多：股权风险溢价高于1.5个标准差,2012-09-07
2012-09-07,10.66,3.4162,0.09380863039399624,0.034162,2.745993513084604,1.741582194955343,1.6039373424077898,0.655757835596211,1,看多：股权风险溢价高于1.5个标准差,2012-09-10
2012-09-10,10.69,3.4611,0.09354536950420955,0.034611,2.702764135801033,1.6729434116954203,1.6056804224268024,0.6557805277241308,1,看多：股权风险溢价高于1.5个标准差,2012-09-11
2012-09-11,10.62,3.4714,0.09416195856873824,0.034714,2.71250672837294,1.6850559069864761,1.6074334722686519,0.6558080663807656,1,看多：股权风险溢价高于1.5个标准差,2012-09-12
2012-09-12,10.64,3.4909,0.09398496240601503,0.034908999999999996,2.6922845800800665,1.6515927883563046,1.6091742324606226,0.6557974551931625,1,看多：股权风险溢价高于1.5个标准差,2012-09-13
2012-09-13,10.56,3.4834,0.0946969696969697,0.034834000000000004,2.7185212636208784,1.6888795717281744,1.6109420555433753,0.6558070963841158,1,看多：股权风险溢价高于1.5个标准差,2012-09-14
2012-09-14,10.63,3.5485,0.09407337723424271,0.035485,2.651074460595821,1.5835691466905295,1.6126346809093033,0.6557590376503185,1,看多：股权风险溢价高于1.5个标准差,2012-09-17
2012-09-17,10.41,3.5717,0.09606147934678194,0.035717,2.689517018416495,1.6395930320039573,1.614366397629929,0.6557423700883177,1,看多：股权风险溢价高于1.5个标准差,2012-09-18
2012-09-18,10.31,3.5216,0.09699321047526673,0.035216,2.754237008043694,1.735445652426367,1.6161670342687982,0.65577966799694,1,看多：股权风险溢价高于1.5个标准差,2012-09-19
2012-09-19,10.35,3.5166,0.0966183574879227,0.035166,2.747493530339609,1.7224097012224706,1.6179774507202416,0.655776659187242,1,看多：股权风险溢价高于1.5个标准差,2012-09-20
2012-09-20,10.15,3.5171,0.09852216748768472,0.035171,2.8012330467625235,1.8013478398974934,1.6198316589296398,0.6558430091437043,1,看多：股权风险溢价高于1.5个标准差,2012-09-21
2012-09-21,10.15,3.4998,0.09852216748768472,0.034998,2.815079932787151,1.819375729541837,1.6216920680838496,0.6559326066220668,1,看多：股权风险溢价高于1.5个标准差,2012-09-24
2012-09-24,10.19,3.4956,0.09813542688910697,0.034956,2.8073986408372513,1.8046624563621658,1.6235541470534767,0.6559921993225069,1,看多：股权风险溢价高于1.5个标准差,2012-09-25
2012-09-25,10.17,3.4676,0.09832841691248771,0.034676,2.8356332019981463,1.8445548965062566,1.625436745925796,0.6560913195723072,1,看多：股权风险溢价高于1.5个标准差,2012-09-26
2012-09-26,10.06,3.4444,0.09940357852882703,0.034444,2.885947582418622,1.9178410833625434,1.6273662958598398,0.6562489965811539,1,看多：股权风险溢价高于1.5个标准差,2012-09-27
2012-09-27,10.33,3.4525,0.0968054211035818,0.034525,2.8039224070552295,1.789937578567826,1.6292333924046871,0.6562737319535135,1,看多：股权风险溢价高于1.5个标准差,2012-09-28
2012-09-28,10.49,3.4575,0.09532888465204957,0.034575,2.7571622459016503,1.7160043064611519,1.631058245604017,0.6562361155258131,1,看多：股权风险溢价高于1.5个标准差,2012-10-08
2012-10-08,10.42,3.4814,0.09596928982725528,0.034814,2.7566292246583353,1.7124952397416646,1.6328728484686597,0.656209926959679,1,看多：股权风险溢价高于1.5个标准差,2012-10-09
2012-10-09,10.63,3.4921,0.09407337723424271,0.034921,2.6938912755717963,1.6144213985751352,1.634614981609982,0.6561337051755608,1,看多：股权风险溢价高于1.5个标准差,2012-10-10
2012-10-10,10.64,3.5036,0.09398496240601503,0.035036,2.6825254711158535,1.5947313335279099,1.6363636388726066,0.6560113357332097,1,看多：股权风险溢价高于1.5个标准差,2012-10-11
2012-10-11,10.56,3.499,0.0946969696969697,0.03499,2.7064009630457186,1.6286589469169284,1.638127227456449,0.6559223081121589,1,看多：股权风险溢价高于1.5个标准差,2012-10-12
2012-10-12,10.58,3.4807,0.0945179584120983,0.034807000000000005,2.715487069040661,1.6400145653007803,1.6398974506813377,0.6558415035552195,1,看多：股权风险溢价高于1.5个标准差,2012-10-15
2012-10-15,10.55,3.473,0.0947867298578199,0.03473,2.7292464686962252,1.6584515957037094,1.641679610762086,0.6557724450635329,1,看多：股权风险溢价高于1.5个标准差,2012-10-16
2012-10-16,10.56,3.4903,0.0946969696969697,0.034902999999999997,2.7131469987384955,1.6314037993069792,1.6434359495371744,0.6556997413244561,1,看多：股权风险溢价高于1.5个标准差,2012-10-17
2012-10-17,10.58,3.5036,0.0945179584120983,0.035036,2.697738280970953,1.6054566306658424,1.6451701515655484,0.6556191611160904,1,看多：股权风险溢价高于1.5个标准差,2012-10-18
2012-10-18,10.69,3.519,0.09354536950420955,0.03519,2.6582941035581005,1.5430047290750537,1.6468691531616988,0.6554905058539225,1,看多：股权风险溢价高于1.5个标准差,2012-10-19
2012-10-19,10.67,3.535,0.09372071227741331,0.03535,2.6512224123737855,1.5299539799953619,1.6485584105965987,0.6553556609462374,1,看多：股权风险溢价高于1.5个标准差,2012-10-22
2012-10-22,10.69,3.5293,0.09354536950420955,0.035293,2.650536069594808,1.5266632520480774,1.6502500131822058,0.6552106727339378,1,看多：股权风险溢价高于1.5个标准差,2012-10-23
2012-10-23,10.58,3.5454,0.0945179584120983,0.035454,2.665932149040963,1.5478779290339253,1.6519575768254522,0.6550739907819224,1,看多：股权风险溢价高于1.5个标准差,2012-10-24
2012-10-24,10.57,3.5478,0.0946073793755913,0.035478,2.666649173448089,1.5467065179384416,1.6536698038613045,0.6549266831415141,1,看多：股权风险溢价高于1.5个标准差,2012-10-25
2012-10-25,10.52,3.5672,0.09505703422053233,0.035672,2.6647520245719982,1.5415540677479385,1.6553779332348284,0.6547769633612448,1,看多：股权风险溢价高于1.5个标准差,2012-10-26
2012-10-26,10.3,3.5727,0.0970873786407767,0.035727,2.7174791793538975,1.619630779484349,1.6571305902176485,0.6546853780303176,1,看多：股权风险溢价高于1.5个标准差,2012-10-29
2012-10-29,10.27,3.5668,0.09737098344693282,0.035668000000000005,2.729925519988023,1.6361727872685496,1.6589013620181685,0.6545911081664166,1,看多：股权风险溢价高于1.5个标准差,2012-10-30
2012-10-30,10.29,3.5648,0.09718172983479106,0.035648,2.726148166370934,1.6279380367925724,1.6606611521875079,0.654500963858975,1,看多：股权风险溢价高于1.5个标准差,2012-10-31
2012-10-31,10.27,3.5739,0.09737098344693282,0.035739,2.7245021810048637,1.6229950328870664,1.6624260601540166,0.654392711825847,1,看多：股权风险溢价高于1.5个标准差,2012-11-01
2012-11-01,10.45,3.5984,0.09569377990430622,0.035983999999999995,2.659342482889791,1.5212232983366683,1.664124975415462,0.654221841436768,1,看多：股权风险溢价高于1.5个标准差,2012-11-02
2012-11-02,10.51,3.5852,0.09514747859181732,0.035852,2.653895977680947,1.510745469961226,1.665826545228991,0.6540277314068765,1,看多：股权风险溢价高于1.5个标准差,2012-11-05
2012-11-05,10.49,3.5872,0.09532888465204957,0.035872,2.6574733678648963,1.514084813502632,1.6675411821021993,0.6538155438417098,1,看多：股权风险溢价高于1.5个标准差,2012-11-06
2012-11-06,10.45,3.5771,0.09569377990430622,0.035771000000000004,2.6751776552041098,1.539010941582536,1.6692822167205443,0.6535986270826782,1,看多：股权风险溢价高于1.5个标准差,2012-11-07
2012-11-07,10.45,3.5644,0.09569377990430622,0.035644,2.6847093453121484,1.551449919842318,1.6710428002356421,0.65336723545645,1,看多：股权风险溢价高于1.5个标准差,2012-11-08
2012-11-08,10.3,3.5609,0.0970873786407767,0.035609,2.726484277592089,1.6130945577390172,1.6728367612726056,0.6531839756476031,1,看多：股权风险溢价高于1.5个标准差,2012-11-09
2012-11-09,10.28,3.5594,0.09727626459143969,0.035594,2.732939950312965,1.6206660096552563,1.674634586942603,0.6530064535600905,1,看多：股权风险溢价高于1.5个标准差,2012-11-12
2012-11-12,10.32,3.5585,0.09689922480620154,0.035585,2.723035683748814,1.6032549174716508,1.676430429367529,0.6528002770961663,1,看多：股权风险溢价高于1.5个标准差,2012-11-13
2012-11-13,10.17,3.547,0.09832841691248771,0.03547,2.7721572289959884,1.6760525966685682,1.6782607465125785,0.6526623834226385,1,看多：股权风险溢价高于1.5个标准差,2012-11-14
2012-11-14,10.21,3.5356,0.0979431929480901,0.035356,2.7702000494425305,1.6706329635956372,1.6800920897122014,0.6525119421707883,1,看多：股权风险溢价高于1.5个标准差,2012-11-15
2012-11-15,10.09,3.5279,0.09910802775024777,0.035279,2.809264087707922,1.7279058147037976,1.6819513064554115,0.6524156419056658,1,看多：股权风险溢价高于1.5个标准差,2012-11-16
2012-11-16,10.01,3.5133,0.0999000999000999,0.035133,2.8434833319130135,1.7775737303461627,1.6838272951975826,0.6523813988236655,1,看多：股权风险溢价高于1.5个标准差,2012-11-19
2012-11-19,10.01,3.501,0.0999000999000999,0.03501,2.8534732904912854,1.7900823531454195,1.6857152320430795,0.6523487907672489,1,看多：股权风险溢价高于1.5个标准差,2012-11-20
2012-11-20,9.97,3.5111,0.10030090270812436,0.035110999999999996,2.856680319789364,1.792220128627723,1.6876135889422716,0.6523008597957384,1,看多：股权风险溢价高于1.5个标准差,2012-11-21
2012-11-21,10.06,3.5205,0.09940357852882703,0.035205,2.8235642246506756,1.738877100453328,1.6894935007238272,0.6521856683437802,1,看多：股权风险溢价高于1.5个标准差,2012-11-22
2012-11-22,9.99,3.5357,0.10010010010010009,0.035357,2.831125381115482,1.747880740172966,1.6913814109925664,0.6520719314122824,1,看多：股权风险溢价高于1.5个标准差,2012-11-23
2012-11-23,10.05,3.5428,0.09950248756218905,0.035428,2.8085832551142893,1.7108495958360694,1.6932547601498513,0.6519149887161132,1,看多：股权风险溢价高于1.5个标准差,2012-11-26
2012-11-26,9.99,3.5511,0.10010010010010009,0.035511,2.818847683819101,1.7241317208391356,1.6951452858726825,0.6517497383549743,1,看多：股权风险溢价高于1.5个标准差,2012-11-27
2012-11-27,9.88,3.557,0.10121457489878542,0.03557,2.8455039330555363,1.762454884346747,1.697055968328494,0.6516183619376527,1,看多：股权风险溢价高于1.5个标准差,2012-11-28
2012-11-28,9.81,3.5535,0.1019367991845056,0.035535000000000004,2.8686309043057716,1.7953001835060831,1.6989925076536372,0.6515001821967848,1,看多：股权风险溢价高于1.5个标准差,2012-11-29
2012-11-29,9.76,3.5311,0.10245901639344263,0.035311,2.901617524098514,1.8431498796237629,1.7009595079792277,0.6514163766021964,1,看多：股权风险溢价高于1.5个标准差,2012-11-30
2012-11-30,9.84,3.5332,0.1016260162601626,0.035332,2.876316547610172,1.8016809565335665,1.7029086816305101,0.6512850467361869,1,看多：股权风险溢价高于1.5个标准差,2012-12-03
2012-12-03,9.74,3.5397,0.1026694045174538,0.035397,2.900511470391666,1.8360460752247079,1.7048645872561035,0.6512074502211123,1,看多：股权风险溢价高于1.5个标准差,2012-12-04
2012-12-04,9.81,3.5498,0.1019367991845056,0.035498,2.871620913417815,1.789056248675917,1.7067969351344197,0.6510829266242931,1,看多：股权风险溢价高于1.5个标准差,2012-12-05
2012-12-05,10.1,3.5622,0.09900990099009901,0.035622,2.779459350684942,1.6452689524265849,1.708646295933133,0.650843774309654,1,看多：股权风险溢价高于1.5个标准差,2012-12-06
2012-12-06,10.09,3.558,0.09910802775024777,0.03558,2.7854982504285486,1.6523475326083215,1.710514927788245,0.6505794340633555,1,看多：股权风险溢价高于1.5个标准差,2012-12-07
2012-12-07,10.24,3.5689,0.09765625,0.035689,2.7363123091148536,1.5747466038863078,1.712346518011718,0.6502416252723431,1,看多：股权风险溢价高于1.5个标准差,2012-12-10
2012-12-10,10.35,3.5707,0.0966183574879227,0.035707,2.7058660063271263,1.5259794866702352,1.7141341819596982,0.6498985294562755,1,看多：股权风险溢价高于1.5个标准差,2012-12-11
2012-12-11,10.31,3.5658,0.09699321047526673,0.035657999999999995,2.7200967658103856,1.5458909711299633,1.7159319510960256,0.6495702694869674,1,看多：股权风险溢价高于1.5个标准差,2012-12-12
2012-12-12,10.35,3.5666,0.0966183574879227,0.035666,2.7089765459519626,1.5268365351297322,1.7177218421815694,0.6492212368275352,1,看多：股权风险溢价高于1.5个标准差,2012-12-13
2012-12-13,10.24,3.5649,0.09765625,0.035649,2.739382591377037,1.5716652456238374,1.7195431986031668,0.6488909744702459,1,看多：股权风险溢价高于1.5个标准差,2012-12-14
2012-12-14,10.69,3.5781,0.09354536950420955,0.035781,2.614386671814917,1.377408179831265,1.7212647432365467,0.6484075974398378,0,中性,2012-12-17
2012-12-17,10.73,3.5814,0.09319664492078285,0.035814,2.602240602021077,1.3570806654800835,1.722974537857151,0.6479099485607034,0,中性,2012-12-18
2012-12-18,10.74,3.5843,0.0931098696461825,0.035843,2.5977141881589847,1.3484887603603724,1.7246692368656207,0.6474247149527965,0,中性,2012-12-19
2012-12-19,10.75,3.5942,0.09302325581395349,0.035942,2.5881491239762253,1.3321182844063686,1.7263479476908532,0.6469404304208738,0,中性,2012-12-20
2012-12-20,10.78,3.6086,0.0927643784786642,0.036086,2.570647300301064,1.3034991799299527,1.7280060802345074,0.6464455314132522,0,中性,2012-12-21
2012-12-21,10.7,3.606,0.09345794392523366,0.03606,2.5917344405222864,1.3345290665460359,1.7296875433353802,0.6459558797156922,0,中性,2012-12-24
2012-12-24,10.73,3.6009,0.09319664492078285,0.036009,2.588148655080198,1.3273544306327059,1.7313455682021943,0.6454968372460956,0,中性,2012-12-25
2012-12-25,11.01,3.5955,0.09082652134423251,0.035955,2.5261165719436103,1.2297717632142073,1.732956210117675,0.6449655013649708,0,中性,2012-12-26
2012-12-26,11.04,3.5925,0.09057971014492755,0.035925,2.5213558843403634,1.2209062954767052,1.7345551918790458,0.6444398684619034,0,中性,2012-12-27
2012-12-27,10.98,3.5803,0.09107468123861566,0.035803,2.5437723441782993,1.2541629184522742,1.7361687549195879,0.6439383411649193,0,中性,2012-12-28
2012-12-28,11.11,3.5752,0.09000900090009001,0.035752,2.517593446522992,1.2120775782193964,1.7377817050155142,0.6433678466794683,0,中性,2012-12-31
2012-12-31,11.3,3.5738,0.08849557522123894,0.035738,2.476231888220912,1.146421625554785,1.7393586617756274,0.6427593566099132,0,中性,2013-01-04
2013-01-04,11.38,3.6062,0.08787346221441124,0.036062,2.4367329103879776,1.0836509527320013,1.7408998581021864,0.6421191717974508,0,中性,2013-01-07
2013-01-07,11.41,3.5965,0.0876424189307625,0.035965,2.4368808266582094,1.0825894286531066,1.742454097593599,0.6414497598859569,0,中性,2013-01-08
2013-01-08,11.35,3.5943,0.0881057268722467,0.035943,2.4512624675805217,1.1037035767294945,1.7440180074882827,0.6407920342053732,0,中性,2013-01-09
2013-01-09,11.36,3.575,0.08802816901408451,0.035750000000000004,2.4623264059883776,1.1196427717980109,1.7455840659019923,0.6401526970387026,0,中性,2013-01-10
2013-01-10,11.4,3.595,0.08771929824561403,0.03595,2.4400361125344654,1.0834955953376721,1.7471138465311549,0.639524765015183,0,中性,2013-01-11
2013-01-11,11.22,3.5999,0.08912655971479501,0.035998999999999996,2.475806542259369,1.1380665514911432,1.7486757383102465,0.6389176476511015,0,中性,2013-01-14
2013-01-14,11.57,3.6023,0.08643042350907519,0.036023,2.3993122035664767,1.017061293213392,1.7501697039120137,0.6382530767673851,0,中性,2013-01-15
2013-01-15,11.64,3.6008,0.0859106529209622,0.036008,2.38587683073101,0.9947330584144052,1.7516434550638271,0.6375915330271064,0,中性,2013-01-16
2013-01-16,11.55,3.6047,0.08658008658008658,0.036046999999999996,2.4018666346738033,1.0185113456927082,1.7531221560908992,0.6369536101158315,0,中性,2013-01-17
2013-01-17,11.42,3.5986,0.08756567425569177,0.035986,2.433326133932412,1.066601833470887,1.7546444052682468,0.6363027958199077,0,中性,2013-01-18
2013-01-18,11.58,3.5834,0.08635578583765112,0.035834000000000005,2.409884072044737,1.0284710751739459,1.7561364523618963,0.6356499812814592,0,中性,2013-01-21
2013-01-21,11.61,3.5743,0.08613264427217916,0.035743,2.409776579251299,1.0270172677711171,1.757628938472191,0.6349918947267853,0,中性,2013-01-22
2013-01-22,11.54,3.5705,0.08665511265164645,0.035705,2.426974167529658,1.0528101849922897,1.7591398318634806,0.6343349876227389,0,中性,2013-01-23
2013-01-23,11.57,3.5682,0.08643042350907519,0.035682,2.42224156462853,1.0440868629413393,1.7606583404877136,0.6336476854780485,0,中性,2013-01-24
2013-01-24,11.55,3.5816,0.08658008658008658,0.035816,2.4173577892586158,1.0351237605014219,1.7621717064042888,0.6329543459971877,0,中性,2013-01-25
2013-01-25,11.48,3.5837,0.08710801393728222,0.035837,2.4306725991930747,1.0549039967100393,1.76370030054124,0.6322587654724422,0,中性,2013-01-28
2013-01-28,11.76,3.6042,0.08503401360544217,0.036042,2.359303412836196,0.940830559431564,1.76517703968719,0.6314913638731808,0,中性,2013-01-29
2013-01-29,11.82,3.6116,0.08460236886632826,0.036116,2.3425176892880786,0.9130679617705604,1.7666417263121712,0.630704380273301,0,中性,2013-01-30
2013-01-30,11.96,3.6053,0.08361204013377926,0.036053,2.3191423774381956,0.8748261964077441,1.768081105838916,0.6299094309956371,0,中性,2013-01-31
2013-01-31,11.97,3.6054,0.0835421888053467,0.036054,2.3171406447369693,0.8704580698852037,1.7695064557100875,0.629133335623052,0,中性,2013-02-01
2013-02-01,12.16,3.6004,0.08223684210526316,0.036004,2.2841029359310956,0.816760412659895,1.7709022658037659,0.6283368564056866,0,中性,2013-02-04
2013-02-04,12.19,3.6016,0.08203445447087777,0.036016,2.27772252529092,0.8054133418081686,1.7722811056314938,0.6275553103263727,0,中性,2013-02-05
2013-02-05,12.21,3.591,0.0819000819000819,0.035910000000000004,2.28070403509,0.8089703081453824,1.773658791408216,0.6267785585903868,0,中性,2013-02-06
2013-02-06,12.22,3.5922,0.0818330605564648,0.035922,2.2780764032198877,0.803595285521982,1.7750440103397191,0.6259772822751438,0,中性,2013-02-07
2013-02-07,12.14,3.5928,0.08237232289950576,0.035928,2.292705491524876,0.8257924041635172,1.7764496635530396,0.6251641760919024,0,中性,2013-02-08
2013-02-08,12.21,3.5859,0.0819000819000819,0.035859,2.283947736972082,0.8106209430043692,1.7778556536577828,0.6243264347928048,0,中性,2013-02-18
2013-02-18,12.14,3.5929,0.08237232289950576,0.035929,2.292641679409551,0.8233970185672724,1.7792788211313622,0.6234694159707436,0,中性,2013-02-19
2013-02-19,11.94,3.5931,0.08375209380234507,0.035931000000000005,2.3309146364516726,0.8836329407287895,1.780730060930286,0.622639277195363,0,中性,2013-02-20
2013-02-20,12.02,3.5632,0.0831946755407654,0.035632000000000004,2.33483036430078,0.8887768325506753,1.7821870128499253,0.6218021568641019,0,中性,2013-02-21
2013-02-21,11.66,3.5623,0.08576329331046312,0.035623,2.407525848762404,1.0045242357144302,1.7837034874081676,0.6210127532767452,0,中性,2013-02-22
2013-02-22,11.59,3.5708,0.08628127696289906,0.035708000000000004,2.416301023941387,1.0174897952006703,1.785226351178961,0.6202270290464827,0,中性,2013-02-25
2013-02-25,11.64,3.5821,0.0859106529209622,0.035821,2.3983320655750036,0.9873790184826872,1.7867417734155893,0.6194078268943265,0,中性,2013-02-26
2013-02-26,11.48,3.5948,0.08710801393728222,0.035948,2.423167184190559,1.026332720915209,1.788279913139187,0.6185979050587275,0,中性,2013-02-27
2013-02-27,11.58,3.5904,0.08635578583765112,0.035904,2.405185657242957,0.9961394956074382,1.789805192938458,0.6177653501523345,0,中性,2013-02-28
2013-02-28,11.86,3.5957,0.08431703204047218,0.035956999999999996,2.344940680270106,0.8975124454284742,1.7912835192002448,0.6168796476193086,0,中性,2013-03-01
2013-03-01,11.83,3.5878,0.08453085376162299,0.035878,2.3560637092820946,0.9144421043977184,1.7927716036560337,0.615995373481915,0,中性,2013-03-04
2013-03-04,11.37,3.5785,0.08795074758135445,0.035785,2.4577545782130628,1.078400233845651,1.794344628352444,0.6151797162495526,0,中性,2013-03-05
2013-03-05,11.64,3.576,0.0859106529209622,0.03576,2.4024231801163927,0.9873669448307251,1.7958759025039086,0.6143078627333134,0,中性,2013-03-06
2013-03-06,11.74,3.5802,0.08517887563884156,0.035802,2.379165287940382,0.9484268302547464,1.7973891204182826,0.613411756145527,0,中性,2013-03-07
2013-03-07,11.61,3.5813,0.08613264427217916,0.035813000000000005,2.4050664359919347,0.9895763111905174,1.7989252641225961,0.6125259517784089,0,中性,2013-03-08
2013-03-08,11.57,3.5816,0.08643042350907519,0.035816,2.4131791241086438,1.001742258526001,1.8004643224624712,0.6116491506984469,0,中性,2013-03-11
2013-03-11,11.53,3.583,0.08673026886383348,0.03583,2.4206047687366308,1.0127841692734427,1.8019972918361526,0.6107989201137084,0,中性,2013-03-12
2013-03-12,11.4,3.5897,0.08771929824561403,0.035897,2.443638695311977,1.0493688175256406,1.803537074685633,0.6099872703818965,0,中性,2013-03-13
2013-03-13,11.29,3.5898,0.08857395925597875,0.035898,2.46737866332327,1.0871579211484494,1.8050988789559572,0.6091845273662683,0,中性,2013-03-14
2013-03-14,11.34,3.5919,0.08818342151675485,0.035919,2.455063379179678,1.0657723052394723,1.806624273001887,0.6084218017206692,0,中性,2013-03-15
2013-03-15,11.4,3.5919,0.08771929824561403,0.035919,2.442141992973469,1.0433144251056377,1.808104229803082,0.6077149399196599,0,中性,2013-03-18
2013-03-18,11.2,3.5971,0.08928571428571429,0.035971,2.4821582465239853,1.1079191188462718,1.809621933037652,0.60702654376673,0,中性,2013-03-19
2013-03-19,11.28,3.5922,0.08865248226950355,0.035922,2.4679161034882116,1.083226782231082,1.811124344743785,0.6063289511653848,0,中性,2013-03-20
2013-03-20,11.59,3.5722,0.08628127696289906,0.035722000000000004,2.41535403848886,0.995361382895154,1.812589346334118,0.6055737167555292,0,中性,2013-03-21
2013-03-21,11.62,3.5819,0.08605851979345956,0.035819000000000004,2.40259414817442,0.9730643828644201,1.8140049882583285,0.6048820307074186,0,中性,2013-03-22
2013-03-22,11.65,3.5816,0.08583690987124463,0.035816,2.3966079369903013,0.961960357841712,1.8154233021512562,0.6041669286071323,0,中性,2013-03-25
2013-03-25,11.56,3.577,0.08650519031141868,0.035769999999999996,2.4183726673586436,0.996759352390013,1.8168543170194142,0.6034739969049888,0,中性,2013-03-26
2013-03-26,11.41,3.5717,0.0876424189307625,0.035717,2.4538012411670214,1.0541950216621179,1.8183019234433737,0.6028289876778917,0,中性,2013-03-27
2013-03-27,11.36,3.5611,0.08802816901408451,0.035611000000000004,2.4719375758637643,1.082966508584172,1.8197493144942685,0.6022238510608617,0,中性,2013-03-28
2013-03-28,10.98,3.5505,0.09107468123861566,0.035505,2.565122693666122,1.236342847641897,1.82131127591876,0.6016222920414426,0,中性,2013-03-29
2013-03-29,11.02,3.5392,0.09074410163339383,0.035392,2.5639721302382976,1.233067228566495,1.8228669056629885,0.6010258057355743,0,中性,2013-04-01
2013-04-01,11.02,3.5303,0.09074410163339383,0.035303,2.5704359865562085,1.2424275719497817,1.8244168155853144,0.6004528455531151,0,中性,2013-04-02
2013-04-02,11.0,3.5106,0.09090909090909091,0.035106,2.5895599301854646,1.2728717965180043,1.825989142777327,0.5998803567624944,0,中性,2013-04-03
2013-04-03,10.99,3.5005,0.09099181073703366,0.035005,2.59939467896111,1.2878406465383663,1.827565956901455,0.5993200510748605,0,中性,2013-04-08
2013-04-08,10.94,3.4905,0.09140767824497258,0.034905,2.6187560018614118,1.3187143144207054,1.8291677554829924,0.598756104900003,0,中性,2013-04-09
2013-04-09,11.0,3.4705,0.09090909090909091,0.034705,2.619481080797894,1.3185381613169402,1.830783620227862,0.5981605111696505,0,中性,2013-04-10
2013-04-10,11.0,3.4624,0.09090909090909091,0.034624,2.6256091413207865,1.3273471982705158,1.832388902610262,0.5975981564914297,0,中性,2013-04-11
2013-04-11,10.97,3.4705,0.09115770282588878,0.034705,2.626644657135536,1.327639352603371,1.8339912481231695,0.597039706195851,0,中性,2013-04-12
2013-04-12,10.91,3.4655,0.09165902841429881,0.034655,2.644900545788452,1.3566836597093492,1.83558741804005,0.5965378310237673,0,中性,2013-04-15
2013-04-15,10.8,3.4405,0.09259259259259259,0.034405,2.6912539628714605,1.432666946278688,1.837195991284488,0.5961315529791232,0,中性,2013-04-16
2013-04-16,10.87,3.4005,0.09199632014719412,0.034005,2.705376272524456,1.4546130859933,1.8388193344312447,0.5957301954983257,0,中性,2013-04-17
2013-04-17,10.86,3.4131,0.09208103130755065,0.034131,2.6978708888561904,1.4403411672422652,1.8404492544892437,0.5952906532614078,0,中性,2013-04-18
2013-04-18,10.9,3.4431,0.09174311926605504,0.034430999999999996,2.664549948187826,1.382773395126216,1.8420457263548742,0.5948221340763328,0,中性,2013-04-19
2013-04-19,11.14,3.4503,0.08976660682226212,0.034503,2.6017043973643488,1.275693206843382,1.8435979135580571,0.5942702208802818,0,中性,2013-04-22
2013-04-22,11.12,3.4867,0.08992805755395684,0.034867,2.579173933919088,1.236428155910137,1.8451418879804384,0.5936714093980875,0,中性,2013-04-23
2013-04-23,10.82,3.4629,0.09242144177449169,0.034629,2.6689029938632847,1.3860068933598837,1.8467472507196045,0.5931830116303781,0,中性,2013-04-24
2013-04-24,10.96,3.4498,0.09124087591240876,0.034498,2.6448163926143184,1.3438928990819443,1.848329364858742,0.5926715055192879,0,中性,2013-04-25
2013-04-25,10.83,3.4314,0.09233610341643582,0.034314,2.6909163436625234,1.4200890670091828,1.849957921171623,0.5921870972938506,0,中性,2013-04-26
2013-04-26,10.63,3.4313,0.09407337723424271,0.034312999999999996,2.7416249594685023,1.5039660513190636,1.851619522884338,0.591772291537817,1,看多：股权风险溢价高于1.5个标准差,2013-05-02
2013-05-02,10.49,3.4119,0.09532888465204957,0.034119000000000003,2.7940116841657012,1.5904887959626517,1.8533018044347511,0.5914596079638401,1,看多：股权风险溢价高于1.5个标准差,2013-05-03
2013-05-03,10.64,3.4212,0.09398496240601503,0.034212,2.747134409155122,1.5094239733729562,1.854950764965822,0.5910755758010311,1,看多：股权风险溢价高于1.5个标准差,2013-05-06
2013-05-06,10.77,3.4354,0.09285051067780874,0.034354,2.7027569039357493,1.4326449119697693,1.8565514715608442,0.5906595732863366,0,中性,2013-05-07
2013-05-07,10.78,3.4261,0.0927643784786642,0.034261,2.707579419125659,1.4390498664258158,1.8581381134024515,0.5902792707475624,0,中性,2013-05-08
2013-05-08,10.84,3.4345,0.09225092250922509,0.034345,2.6860073521393244,1.4008034459961922,1.8597027644831408,0.5898790369326589,0,中性,2013-05-09
2013-05-09,10.79,3.4317,0.09267840593141799,0.034317,2.7006558245597807,1.4238188076621134,1.8612504967335706,0.5895450483650371,0,中性,2013-05-10
2013-05-10,10.84,3.4212,0.09225092250922509,0.034212,2.696449272454843,1.414807117797133,1.8627652041744582,0.5892563429977918,0,中性,2013-05-13
2013-05-13,10.8,3.4238,0.09259259259259259,0.034238,2.7043808806762253,1.4263943332712339,1.8642941936288222,0.5889582336749635,0,中性,2013-05-14
2013-05-14,10.67,3.4248,0.09372071227741331,0.034248,2.736530958812582,1.4790212036986716,1.865853548715909,0.5886848734279948,0,中性,2013-05-15
2013-05-15,10.72,3.4218,0.09328358208955223,0.034218,2.726155300998078,1.4594792271882562,1.8674044008764612,0.5883954249736284,0,中性,2013-05-16
2013-05-16,10.86,3.4219,0.09208103130755065,0.034219,2.690932853313967,1.3977433953074765,1.868896464624503,0.5881168113183122,0,中性,2013-05-17
2013-05-17,11.03,3.4213,0.09066183136899365,0.034213,2.649923460935716,1.326263945013826,1.870353060335116,0.5877943101231431,0,中性,2013-05-20
2013-05-20,11.1,3.4253,0.0900900900900901,0.034253,2.6301372168887425,1.290877160920036,1.871777224373736,0.5874764969693219,0,中性,2013-05-21
2013-05-21,11.13,3.4253,0.08984725965858041,0.034253,2.6230478982448373,1.2770198587804906,1.8731503996886223,0.5872246178476355,0,中性,2013-05-22
2013-05-22,11.12,3.4153,0.08992805755395684,0.034152999999999996,2.6330939464748884,1.29238373526589,1.8745661173912254,0.5869215221341411,0,中性,2013-05-23
2013-05-23,10.98,3.413,0.09107468123861566,0.03413,2.6684641441141417,1.3507726435762688,1.875994723887648,0.5866786124187215,0,中性,2013-05-24
2013-05-24,11.04,3.4181,0.09057971014492755,0.034180999999999996,2.650001759601169,1.3174289979415181,1.8773779898780787,0.5864633091652868,0,中性,2013-05-27
2013-05-27,11.06,3.4166,0.09041591320072333,0.034166,2.646371047261117,1.3093869850080933,1.878761352101259,0.5862359286816292,0,中性,2013-05-28
2013-05-28,11.2,3.4206,0.08928571428571429,0.034206,2.6102354641207475,1.2460429887638613,1.8801362178202776,0.5859342357238941,0,中性,2013-05-29
2013-05-29,11.21,3.434,0.08920606601248884,0.03434,2.5977305187096342,1.2231098424933846,1.8815405520447777,0.585548363509903,0,中性,2013-05-30
2013-05-30,11.17,3.434,0.08952551477170993,0.03434,2.6070330451866606,1.237394636493781,1.8829548609600413,0.5851635063477653,0,中性,2013-05-31
2013-05-31,11.09,3.4399,0.09017132551848513,0.034399,2.621335664364811,1.2601284527989818,1.8843428217767508,0.584855330384026,0,中性,2013-06-03
2013-06-03,11.08,3.4478,0.09025270758122744,0.034478,2.6176897610426195,1.252218738331055,1.8857366011143728,0.5845250015215288,0,中性,2013-06-04
2013-06-04,10.95,3.4603,0.09132420091324202,0.034603,2.639198939781002,1.2872993597700448,1.8871521797903645,0.5842050291433208,0,中性,2013-06-05
2013-06-05,10.94,3.4615,0.09140767824497258,0.034615,2.6406956014725576,1.2880580389233454,1.8885256869409976,0.5839565390704594,0,中性,2013-06-06
2013-06-06,10.81,3.4651,0.09250693802035152,0.034651,2.66967585409805,1.335816815517668,1.8899303228178066,0.5837219012534058,0,中性,2013-06-07
2013-06-07,10.66,3.4822,0.09380863039399624,0.034822,2.693947228591013,1.375424653567563,1.8913398468455414,0.5835342413440652,0,中性,2013-06-13
2013-06-13,10.36,3.4591,0.09652509652509653,0.034591,2.790468518548077,1.538448706794157,1.892809758012621,0.5834830609374109,1,看多：股权风险溢价高于1.5个标准差,2013-06-14
2013-06-14,10.44,3.4689,0.09578544061302682,0.034689,2.761262665773785,1.4860639853531554,1.8942211026727787,0.5834483384609838,0,中性,2013-06-17
2013-06-17,10.4,3.4785,0.09615384615384615,0.034784999999999996,2.7642330359018588,1.4888239354443267,1.8956364542228734,0.5834112153897903,0,中性,2013-06-18
2013-06-18,10.41,3.4818,0.09606147934678194,0.034817999999999995,2.758960289125796,1.4774951851792706,1.8970517533659716,0.5833579319957278,0,中性,2013-06-19
2013-06-19,10.33,3.5516,0.0968054211035818,0.035516,2.7256847928703065,1.4183329417339798,1.8984536588309806,0.5832418536567276,0,中性,2013-06-20
2013-06-20,10.03,3.7016,0.09970089730807578,0.037016,2.693454109252101,1.3612288924965656,1.899900665359093,0.5829684105790535,0,中性,2013-06-21
2013-06-21,9.94,3.6014,0.1006036217303823,0.036014,2.793458703015003,1.5305512894742441,1.9014185558026788,0.5828227733019954,1,看多：股权风险溢价高于1.5个标准差,2013-06-24
2013-06-24,9.41,3.5999,0.10626992561105207,0.035998999999999996,2.9520243787619678,1.7995931512429564,1.9030602983974412,0.5828895712567145,1,看多：股权风险溢价高于1.5个标准差,2013-06-25
2013-06-25,9.41,3.5999,0.10626992561105207,0.035998999999999996,2.9520243787619678,1.7966076790662528,1.904708304206375,0.5829408872948334,1,看多：股权风险溢价高于1.5个标准差,2013-06-26
2013-06-26,9.39,3.55,0.10649627263045792,0.0355,2.9998950036748715,1.8755199960058453,1.9064103888293642,0.5830301021445891,1,看多：股权风险溢价高于1.5个标准差,2013-06-27
2013-06-27,9.39,3.5231,0.10649627263045792,0.035231,3.022800165492263,1.9115136810989708,1.9081423480374142,0.5831283492640282,1,看多：股权风险溢价高于1.5个标准差,2013-06-28
2013-06-28,9.55,3.5125,0.10471204188481674,0.035125,2.9811257476104407,1.8370116763838396,1.9098344648515202,0.583170644221358,1,看多：股权风险溢价高于1.5个标准差,2013-07-01
2013-07-01,9.72,3.5245,0.10288065843621398,0.035245,2.9190142839044966,1.7277767185038,1.9114589107575242,0.5831513773489687,1,看多：股权风险溢价高于1.5个标准差,2013-07-02
2013-07-02,9.79,3.5243,0.10214504596527069,0.035243000000000003,2.89830735082912,1.6897051906042062,1.913079481439188,0.5830767845588692,1,看多：股权风险溢价高于1.5个标准差,2013-07-03
2013-07-03,9.73,3.5302,0.10277492291880781,0.035302,2.9113059577023344,1.7093492934157237,1.914701321691971,0.5830315897688111,1,看多：股权风险溢价高于1.5个标准差,2013-07-04
2013-07-04,9.79,3.5102,0.10214504596527069,0.035102,2.9099494605797585,1.7044224662266647,1.9163303616006468,0.5829652675130685,1,看多：股权风险溢价高于1.5个标准差,2013-07-05
2013-07-05,9.81,3.5127,0.1019367991845056,0.035127,2.9019500436845047,1.6881120911375649,1.9179408739309773,0.5829051133034863,1,看多：股权风险溢价高于1.5个标准差,2013-07-08
2013-07-08,9.57,3.5177,0.1044932079414838,0.035177,2.970497994186082,1.8028408855700249,1.919628380659673,0.582896484064451,1,看多：股权风险溢价高于1.5个标准差,2013-07-09
2013-07-09,9.6,3.5202,0.10416666666666667,0.035202,2.9591121716569138,1.7805066153806413,1.9213034339704307,0.5828727221351085,1,看多：股权风险溢价高于1.5个标准差,2013-07-10
2013-07-10,9.8,3.5802,0.1020408163265306,0.035802,2.8501429061653147,1.5912891661793276,1.9228849845075826,0.5827086247838102,1,看多：股权风险溢价高于1.5个标准差,2013-07-11
2013-07-11,10.12,3.5902,0.09881422924901187,0.035901999999999996,2.7523321611334155,1.4215488345384457,1.9243869258886876,0.5824247575100355,0,中性,2013-07-12
2013-07-12,9.96,3.6001,0.1004016064257028,0.036001,2.7888560436016445,1.482161692300767,1.9258847907020575,0.5822382654890995,0,中性,2013-07-15
2013-07-15,10.06,3.6102,0.09940357852882703,0.036101999999999995,2.7534091886551173,1.4193759368860313,1.927375264265205,0.581969795966915,0,中性,2013-07-16
2013-07-16,10.09,3.619,0.09910802775024777,0.03619,2.738547326616407,1.3919544042206946,1.9288398568777987,0.5817054547788398,0,中性,2013-07-17
2013-07-17,9.97,3.669,0.10030090270812436,0.03669,2.733739512350078,1.3818218474145934,1.9302981420901901,0.5814362913447467,0,中性,2013-07-18
2013-07-18,9.86,3.6903,0.10141987829614606,0.036903,2.7482827492655355,1.4048698902118435,1.9317450413096253,0.5812194521677609,0,中性,2013-07-19
2013-07-19,9.72,3.7051,0.10288065843621398,0.037051,2.7767309502095485,1.4517625757245043,1.9332170127433317,0.58102747072486,0,中性,2013-07-22
2013-07-22,9.77,3.7401,0.1023541453428864,0.037401,2.7366686811284833,1.3809540285413273,1.9346764731573156,0.5807522853011227,0,中性,2013-07-23
2013-07-23,9.97,3.7602,0.10030090270812436,0.037602000000000003,2.6674353148269865,1.2600592598496578,1.9360671277299426,0.5804236438723572,0,中性,2013-07-24
2013-07-24,9.92,3.7952,0.10080645161290323,0.037952,2.6561565032910845,1.2389919982850146,1.9374547644835562,0.5800697178047473,0,中性,2013-07-25
2013-07-25,9.85,3.7102,0.10152284263959391,0.037101999999999996,2.7363172508111133,1.3753435885050516,1.9389122325397314,0.5797860439645719,0,中性,2013-07-26
2013-07-26,9.8,3.7152,0.1020408163265306,0.037152,2.7465766668424476,1.3911596919528997,1.9403724701885807,0.5795195198058991,0,中性,2013-07-29
2013-07-29,9.63,3.7228,0.10384215991692626,0.037228,2.789356396178314,1.4629238037463161,1.9418537269266272,0.5793211287432515,0,中性,2013-07-30
2013-07-30,9.69,3.7227,0.10319917440660475,0.037227,2.7721593039085812,1.4312434358409323,1.9433168474402118,0.5791065556792441,0,中性,2013-07-31
2013-07-31,9.7,3.7214,0.10309278350515465,0.037214,2.7702688102637354,1.4259864338595793,1.9447738636845857,0.5788939690995955,0,中性,2013-08-01
2013-08-01,9.88,3.7053,0.10121457489878542,0.037052999999999996,2.7316161956868656,1.3572411700698466,1.946144750737263,0.5787265095334388,0,中性,2013-08-02
2013-08-02,9.88,3.7034,0.10121457489878542,0.037034,2.733017629712843,1.3577027844006955,1.947523423031583,0.578546509373173,0,中性,2013-08-05
2013-08-05,10.0,3.7104,0.1,0.037104,2.6951272100043124,1.2903391241252535,1.9488506140161244,0.578356946662455,0,中性,2013-08-06
2013-08-06,10.04,3.7153,0.09960159362549802,0.037153,2.680849288765322,1.2637905900684063,1.950142837829386,0.5781863361527202,0,中性,2013-08-07
2013-08-07,9.96,3.7703,0.1004016064257028,0.037703,2.6629606775509322,1.2310539023705303,1.9514240989033123,0.577989783613437,0,中性,2013-08-08
2013-08-08,9.96,3.8455,0.1004016064257028,0.038454999999999996,2.610885617623269,1.1392758579280986,1.9526423952311371,0.5777733441918285,0,中性,2013-08-09
2013-08-09,9.99,3.8407,0.10010010010010009,0.038407,2.6062983336397036,1.1297271900097587,1.9539007364650112,0.5774824249109708,0,中性,2013-08-12
2013-08-12,10.22,3.8513,0.09784735812133072,0.038513,2.540631945611371,1.0144872705611179,1.9550491483193257,0.577220448481484,0,中性,2013-08-13
2013-08-13,10.22,3.9252,0.09784735812133072,0.039251999999999995,2.4927992999421873,0.9302131697370357,1.9562014042469378,0.5768547609866045,0,中性,2013-08-14
2013-08-14,10.19,3.9516,0.09813542688910697,0.039516,2.4834352386149146,0.9125801106376864,1.9573337738372116,0.5764989381700171,0,中性,2013-08-15
2013-08-15,10.09,3.9602,0.09910802775024777,0.039602,2.50260157947194,0.9444081274975376,1.958492639242462,0.5761375028307312,0,中性,2013-08-16
2013-08-16,10.01,3.9401,0.0999000999000999,0.039401,2.535471178399023,1.0000210707905204,1.959707208389696,0.5757518384629469,0,中性,2013-08-19
2013-08-19,10.08,4.0103,0.0992063492063492,0.040103,2.4737887241939305,0.8915450048137388,1.9608817792976125,0.5753012378813948,0,中性,2013-08-20
2013-08-20,9.99,4.0881,0.10010010010010009,0.040881,2.4485726890266895,0.8463751057683221,1.9619976231500467,0.5748929317042469,0,中性,2013-08-21
2013-08-21,10.0,4.0382,0.1,0.040382,2.4763508493883415,0.8933155251139625,1.9631256910925312,0.5745172269678587,0,中性,2013-08-22
2013-08-22,9.95,4.0302,0.10050251256281408,0.040302,2.4937351139599544,0.9221576667057565,1.9642461603016284,0.5741848414597372,0,中性,2013-08-23
2013-08-23,9.86,3.9916,0.10141987829614606,0.039916,2.540832706086433,1.0026851742446667,1.9654022516999292,0.5738894611860412,0,中性,2013-08-26
2013-08-26,10.01,3.9555,0.0999000999000999,0.039555,2.5255997952243687,0.9746875168004485,1.9665606340321915,0.5735573212503053,0,中性,2013-08-27
2013-08-27,10.01,3.9654,0.0999000999000999,0.039653999999999995,2.51929439401069,0.9622445928794761,1.9677042188017086,0.5732328134558505,0,中性,2013-08-28
2013-08-28,9.96,4.0222,0.1004016064257028,0.040222,2.4961863265303266,0.9205570242352651,1.968871945666409,0.5728209844490337,0,中性,2013-08-29
2013-08-29,9.86,4.03,0.10141987829614606,0.0403,2.516622290226949,0.9548335068499698,1.970058253471656,0.5724181575470969,0,中性,2013-08-30
2013-08-30,9.74,4.0354,0.1026694045174538,0.040354,2.5442187767620013,1.0016349901667783,1.9712924326602133,0.5719911442055278,0,中性,2013-09-02
2013-09-02,9.75,4.0356,0.10256410256410256,0.040355999999999996,2.5414833621791697,0.9954304582856877,1.9725069883312598,0.5715882702924228,0,中性,2013-09-03
2013-09-03,9.87,4.0404,0.10131712259371835,0.040404,2.5076012917958206,0.9347736071383411,1.973685383076257,0.5711713559757652,0,中性,2013-09-04
2013-09-04,9.87,4.055,0.10131712259371835,0.040549999999999996,2.498572690350638,0.9176024517307331,1.9748582785793947,0.5707421670282602,0,中性,2013-09-05
2013-09-05,9.86,4.055,0.10141987829614606,0.040549999999999996,2.5011067397323323,0.9206508040514472,1.976002295238586,0.5703622287440079,0,中性,2013-09-06
2013-09-06,9.92,4.0455,0.10080645161290323,0.040455,2.491816873387795,0.9029694958466478,1.9771151624270806,0.5700100760082893,0,中性,2013-09-09
2013-09-09,10.25,4.055,0.0975609756097561,0.040549999999999996,2.405942678415687,0.7510243256985798,1.978153747628794,0.5696072898690425,0,中性,2013-09-10
2013-09-10,10.32,4.065,0.09689922480620154,0.040650000000000006,2.3837447676802346,0.7107883862743847,1.9792016072056238,0.5691471164786949,0,中性,2013-09-11
2013-09-11,10.35,4.1341,0.0966183574879227,0.041341,2.337107411236368,0.6276085872906804,1.9802366392222928,0.5686199635263892,0,中性,2013-09-12
2013-09-12,10.43,4.1291,0.09587727708533078,0.041291,2.321989709266687,0.5997894607970485,1.9812538877494088,0.5680923787231623,0,中性,2013-09-13
2013-09-13,10.36,4.1406,0.09652509652509653,0.041406,2.331186217579494,0.6147428295430034,1.982276951307613,0.5675694770303518,0,中性,2013-09-16
2013-09-16,10.33,4.1201,0.0968054211035818,0.041201,2.3495891144288197,0.6459283458518418,1.983335354709157,0.5670191780121556,0,中性,2013-09-17
2013-09-17,10.13,4.0721,0.09871668311944717,0.040721,2.424220503412175,0.7762708624099094,1.9844444694526417,0.5665239483474389,0,中性,2013-09-18
2013-09-18,10.15,4.0502,0.09852216748768472,0.040502,2.4325259860669775,0.7896541271538181,1.9855698905468282,0.566015018665363,0,中性,2013-09-23
2013-09-23,10.3,4.0095,0.0970873786407767,0.040095,2.421433561311303,0.768780323115922,1.9866709344716074,0.5655225735715653,0,中性,2013-09-24
2013-09-24,10.22,4.0201,0.09784735812133072,0.040201,2.4339533375122686,0.7896314818443687,1.9877767760251637,0.565044038574748,0,中性,2013-09-25
2013-09-25,10.17,4.0202,0.09832841691248771,0.040202,2.4458588356919484,0.8093951955129334,1.988873844190285,0.5646005734097063,0,中性,2013-09-26
2013-09-26,10.0,3.9901,0.1,0.039901,2.5062028520588457,0.9149121837394958,1.9900319312330208,0.5641753711444671,0,中性,2013-09-27
2013-09-27,10.02,4.0002,0.0998003992015968,0.040002,2.4948852357781313,0.8934905270501604,1.9911623763487023,0.5637696698279041,0,中性,2013-09-30
2013-09-30,10.08,3.9954,0.0992063492063492,0.039954,2.483014196484687,0.8710766642029494,1.9922649222662276,0.5633824144141247,0,中性,2013-10-08
2013-10-08,10.19,3.9903,0.09813542688910697,0.039903,2.459349594995538,0.8277489822827281,1.9933558299130127,0.5629650716059225,0,中性,2013-10-09
2013-10-09,10.24,4.0316,0.09765625,0.040316,2.422270314515329,0.7606058519434782,1.994434770605795,0.5624931004886973,0,中性,2013-10-10
2013-10-10,10.14,4.0166,0.09861932938856015,0.04016600000000001,2.455293765586818,0.8179837369886906,1.9954917342007614,0.5621163485215035,0,中性,2013-10-11
2013-10-11,10.3,4.0265,0.0970873786407767,0.040265,2.411210198454655,0.7382690995376578,1.9964784145657988,0.5617623494584598,0,中性,2013-10-14
2013-10-14,10.33,4.0663,0.0968054211035818,0.040663,2.3806758257772866,0.682655536811109,1.9974270203128746,0.5614087703070328,0,中性,2013-10-15
2013-10-15,10.29,4.0791,0.09718172983479106,0.040791,2.382430679188818,0.6845217355596219,1.9983681208530484,0.5610670025280996,0,中性,2013-10-16
2013-10-16,10.13,4.0966,0.09871668311944717,0.040965999999999995,2.409722284808065,0.7318752641320012,1.9993203018693009,0.5607540014697695,0,中性,2013-10-17
2013-10-17,10.11,4.0966,0.09891196834817013,0.040965999999999995,2.414489292295322,0.7390822901703534,2.000265656897882,0.5604567189696347,0,中性,2013-10-18
2013-10-18,10.14,4.1055,0.09861932938856015,0.041055,2.40212713161759,0.7157528329510664,2.00114696022007,0.5602215638382719,0,中性,2013-10-21
2013-10-21,10.3,4.1105,0.0970873786407767,0.041105,2.3619359844490133,0.6427903188276909,2.0020014959386483,0.5599562998503258,0,中性,2013-10-22
2013-10-22,10.19,4.1305,0.09813542688910697,0.041304999999999994,2.3758728214285676,0.6664293366018664,2.0029374359463605,0.5596022938963198,0,中性,2013-10-23
2013-10-23,10.08,4.1491,0.0992063492063492,0.041491,2.3910329759791087,0.6922603231613847,2.0038369117242896,0.5593214738735693,0,中性,2013-10-24
2013-10-24,10.0,4.194,0.1,0.04194,2.3843586075345735,0.679081649124917,2.0047054844169416,0.5590684472284934,0,中性,2013-10-25
2013-10-25,9.85,4.214,0.10152284263959391,0.042140000000000004,2.409179939240482,0.7222042957826377,2.005575421791725,0.5588508955231,0,中性,2013-10-28
2013-10-28,9.79,4.204,0.10214504596527069,0.042039999999999994,2.4297108935601974,0.7576424023117703,2.0064283307225264,0.5586838349412895,0,中性,2013-10-29
2013-10-29,9.78,4.2173,0.10224948875255624,0.042172999999999995,2.4245249034348104,0.7470762382985356,2.0072550485036498,0.558537179393487,0,中性,2013-10-30
2013-10-30,9.81,4.2173,0.1019367991845056,0.042172999999999995,2.417110454188832,0.7325277707807041,2.008088022916415,0.5583712284880263,0,中性,2013-10-31
2013-10-31,9.6,4.1806,0.10416666666666667,0.041806,2.491667862667241,0.8646408540528926,2.008985171756525,0.5582464541759771,0,中性,2013-11-01
2013-11-01,9.64,4.1556,0.10373443983402489,0.041555999999999996,2.496256613582272,0.8714449963948291,2.009828870136607,0.5581852503118593,0,中性,2013-11-04
2013-11-04,9.64,4.1731,0.10373443983402489,0.041731,2.4857884985747982,0.851301273645451,2.010662882419548,0.5581168863059048,0,中性,2013-11-05
2013-11-05,9.66,4.2106,0.10351966873706003,0.042106000000000005,2.4585491078957875,0.8011744358369086,2.0114517620380257,0.5580524363470521,0,中性,2013-11-06
2013-11-06,9.58,4.2206,0.10438413361169102,0.042206,2.4732060278560164,0.8260848713712209,2.0122589297994633,0.557990000823312,0,中性,2013-11-07
2013-11-07,9.54,4.2945,0.10482180293501049,0.042945000000000004,2.4408383498663517,0.7668114154472446,2.013002824664192,0.5579409964216872,0,中性,2013-11-08
2013-11-08,9.44,4.3186,0.10593220338983052,0.043186,2.4529292685090196,0.7872071346343207,2.013728394885193,0.5579228824289652,0,中性,2013-11-11
2013-11-11,9.47,4.4034,0.10559662090813093,0.044034000000000004,2.3980701482520534,0.6877275998682849,2.014401838426911,0.5578783080664838,0,中性,2013-11-12
2013-11-12,9.55,4.4146,0.10471204188481674,0.044146,2.3719485771036277,0.6398122522251748,2.015043437267685,0.557827923105064,0,中性,2013-11-13
2013-11-13,9.37,4.4628,0.10672358591248667,0.044627999999999994,2.391404183752054,0.6736130792888578,2.0156430582985143,0.5578293192439727,0,中性,2013-11-14
2013-11-14,9.43,4.5006,0.10604453870625663,0.045006000000000004,2.356231140431423,0.6095863965544328,2.0161850402562527,0.557830853997422,0,中性,2013-11-15
2013-11-15,9.58,4.6006,0.10438413361169102,0.046006,2.2689243492520763,0.4524476966200508,2.0165238381102024,0.557855666030345,0,中性,2013-11-18
2013-11-18,9.85,4.6619,0.10152284263959391,0.046619,2.177713864295543,0.2886221386911352,2.0166997079843725,0.5578718148280282,0,中性,2013-11-19
2013-11-19,9.82,4.6722,0.10183299389002036,0.046722,2.179551258294173,0.29163370906643304,2.0168516411521646,0.557890298974136,0,中性,2013-11-20
2013-11-20,9.87,4.7222,0.10131712259371835,0.047222,2.1455491633924515,0.23023559706834043,2.0171061643128065,0.5578763697497197,0,中性,2013-11-21
2013-11-21,9.86,4.7009,0.10141987829614606,0.047008999999999995,2.157456620990578,0.2509031218850904,2.0175029608720596,0.557799596382124,0,中性,2013-11-22
2013-11-22,9.83,4.6509,0.1017293997965412,0.046509,2.187305678396465,0.30372798500706844,2.0179040541460234,0.557741244181037,0,中性,2013-11-25
2013-11-25,9.78,4.6159,0.10224948875255624,0.046159,2.2151582303030013,0.35293283968208045,2.0183321485197276,0.5576870714569188,0,中性,2013-11-26
2013-11-26,9.76,4.6059,0.10245901639344263,0.046059,2.2245167370859686,0.36891867593635286,2.018803132018719,0.557612337041836,0,中性,2013-11-27
2013-11-27,9.84,4.5511,0.1016260162601626,0.045510999999999996,2.2329989729991127,0.3833242490372952,2.019280313608134,0.5575401502193649,0,中性,2013-11-28
2013-11-28,9.93,4.4313,0.10070493454179255,0.044313000000000005,2.272582189014342,0.45357737550748256,2.019697101790063,0.5575346145546608,0,中性,2013-11-29
2013-11-29,9.93,4.3612,0.10070493454179255,0.043612000000000005,2.3091106700401847,0.5183853274215987,2.020074103958971,0.557570885578215,0,中性,2013-12-02
2013-12-02,9.9,4.4812,0.10101010101010101,0.044812000000000005,2.254085981658953,0.419311810081169,2.0202735238598217,0.55760999852084,0,中性,2013-12-03
2013-12-03,9.97,4.4412,0.10030090270812436,0.044412,2.258418956771241,0.4269085534013068,2.0203584403542676,0.5576381979706777,0,中性,2013-12-04
2013-12-04,10.07,4.4262,0.09930486593843098,0.044261999999999996,2.2435693357379014,0.40038596288966977,2.020308052249553,0.5576151618229186,0,中性,2013-12-05
2013-12-05,10.05,4.4962,0.09950248756218905,0.044962,2.2130351755302042,0.3455504100310592,2.0203469641098284,0.5576269216495978,0,中性,2013-12-06
2013-12-06,10.01,4.5162,0.0999000999000999,0.04516200000000001,2.212038880034097,0.3437414568980056,2.0203581184767443,0.5576306194985022,0,中性,2013-12-09
2013-12-09,10.01,4.5413,0.0999000999000999,0.045412999999999995,2.1998128267258257,0.32190679228175856,2.020313137502705,0.5576138606792993,0,中性,2013-12-10
2013-12-10,10.01,4.6012,0.0999000999000999,0.046012000000000004,2.1711749087216354,0.270826646167746,2.0201742650270544,0.5575546048783303,0,中性,2013-12-11
2013-12-11,9.86,4.6213,0.10141987829614606,0.046213,2.194617927772403,0.31301739002419043,2.020102486679938,0.5575263440762124,0,中性,2013-12-12
2013-12-12,9.85,4.5913,0.10152284263959391,0.045913,2.21120037112787,0.3428015892694635,2.020082022030915,0.5575188537026421,0,中性,2013-12-13
2013-12-13,9.82,4.5411,0.10183299389002036,0.045411,2.242474155821725,0.3989154188915773,2.02007279614027,0.5575150749986483,0,中性,2013-12-16
2013-12-16,9.82,4.5539,0.10183299389002036,0.045538999999999996,2.23617105975143,0.38774945670214545,2.020006730293911,0.5574845450359157,0,中性,2013-12-17
2013-12-17,9.77,4.5639,0.1023541453428864,0.045639000000000006,2.242690360062367,0.3996178242065214,2.0199255303087575,0.5574446790403556,0,中性,2013-12-18
2013-12-18,9.76,4.5814,0.10245901639344263,0.045814,2.2364128081687396,0.38863982140392445,2.019794812069735,0.5573746800224756,0,中性,2013-12-19
2013-12-19,9.68,4.6016,0.10330578512396695,0.046016,2.2449970689318266,0.40466598874935217,2.0195241077451658,0.5571828803391666,0,中性,2013-12-20
2013-12-20,9.46,4.6016,0.10570824524312895,0.046016,2.2972063030930316,0.49881337514851254,2.01934057589829,0.5570534813987539,0,中性,2013-12-23
2013-12-23,9.52,4.6017,0.10504201680672269,0.046017,2.2826785059156984,0.4734496338945538,2.019051156543152,0.5568223745448313,0,中性,2013-12-24
2013-12-24,9.54,4.5566,0.10482180293501049,0.045566,2.300438988171235,0.5059527342956732,2.0188086871322084,0.5566336180218067,0,中性,2013-12-25
2013-12-25,9.61,4.5666,0.10405827263267431,0.045666000000000005,2.278681571249382,0.4676187072169513,2.018504452165751,0.5563873195580307,0,中性,2013-12-26
2013-12-26,9.46,4.5579,0.10570824524312895,0.045579,2.319231339940081,0.541268443179789,2.0182133260428423,0.5561344240370792,0,中性,2013-12-27
2013-12-27,9.59,4.5437,0.10427528675703858,0.045437000000000005,2.2949421563271906,0.4984245915439617,2.017890013823318,0.5558556844991389,0,中性,2013-12-30
2013-12-30,9.56,4.5437,0.10460251046025104,0.045437000000000005,2.302143857654577,0.511993483192257,2.0176470750781967,0.5556648510495786,0,中性,2013-12-31
2013-12-31,9.65,4.5518,0.10362694300518134,0.045518,2.2766145921433574,0.46688758824740156,2.0173130364044294,0.5553832705476105,0,中性,2014-01-02
2014-01-02,9.63,4.6018,0.10384215991692626,0.046017999999999996,2.2565552591795877,0.43164823907756555,2.0169543998604285,0.5550836019421449,0,中性,2014-01-03
2014-01-03,9.53,4.6415,0.10493179433368312,0.046415,2.260730245258712,0.4397985303997673,2.0166907487843675,0.5548892949972298,0,中性,2014-01-06
2014-01-06,9.36,4.6569,0.10683760683760685,0.046569,2.2941786776097155,0.50071327130096,2.016437794935836,0.5546904757532176,0,中性,2014-01-07
2014-01-07,9.35,4.642,0.10695187165775401,0.04642,2.3040041287753987,0.5190572235276593,2.0161904814215497,0.5544930969225057,0,中性,2014-01-08
2014-01-08,9.35,4.5919,0.10695187165775401,0.045919,2.3291420034790393,0.5648537751028099,2.0160118406207665,0.5543561478389332,0,中性,2014-01-09
2014-01-09,9.27,4.5969,0.10787486515641856,0.045968999999999996,2.3466872274014787,0.5966250136815769,2.0159633422025687,0.5543245382189419,0,中性,2014-01-10
2014-01-10,9.19,4.6016,0.1088139281828074,0.046016,2.3646976743482138,0.6290322569877305,2.015997099194546,0.5543445050393805,0,中性,2014-01-13
2014-01-13,9.18,4.597,0.10893246187363835,0.045970000000000004,2.3696424162201075,0.6381916509845144,2.0159069650750827,0.5542777794089446,0,中性,2014-01-14
2014-01-14,9.27,4.602,0.10787486515641856,0.046020000000000005,2.344086596184671,0.5919518195776039,2.0159632356380626,0.554307546145809,0,中性,2014-01-15
2014-01-15,9.25,4.5523,0.10810810810810811,0.045523,2.374801926676803,0.647296042343811,2.015990105359131,0.5543241389495305,0,中性,2014-01-16
2014-01-16,9.25,4.5871,0.10810810810810811,0.045871,2.3567855095399732,0.6148664132870147,2.0159615738720227,0.5543056642920853,0,中性,2014-01-17
2014-01-17,9.17,4.5969,0.10905125408942203,0.045968999999999996,2.3722781459118543,0.6429489400577258,2.015910787062513,0.5542700775233345,0,中性,2014-01-20
2014-01-20,9.1,4.5923,0.10989010989010989,0.045923,2.392920974024125,0.6801218555668962,2.0159378243106882,0.5542876568776242,0,中性,2014-01-21
2014-01-21,9.17,4.5423,0.10905125408942203,0.045423,2.400793740823416,0.6943220768001283,2.0159390118892238,0.5542884805101466,0,中性,2014-01-22
2014-01-22,9.37,4.5023,0.10672358591248667,0.045023,2.3704236926123685,0.6398896228436308,2.015806945460007,0.5541842444271341,0,中性,2014-01-23
2014-01-23,9.33,4.4825,0.10718113612004287,0.044825,2.3911017539329142,0.6775105598480738,2.0156962732044548,0.5540953941922928,0,中性,2014-01-24
2014-01-24,9.39,4.5123,0.10649627263045792,0.045122999999999996,2.3601328065611313,0.621836213344107,2.015613208223127,0.5540359196600164,0,中性,2014-01-27
2014-01-27,9.3,4.4802,0.1075268817204301,0.044802,2.4000464648995603,0.6940484312327465,2.0155514576282654,0.5539887275422081,0,中性,2014-01-28
2014-01-28,9.33,4.5027,0.10718113612004287,0.045027,2.380374800009836,0.658680514504028,2.0154983663975146,0.5539505504987731,0,中性,2014-01-29
2014-01-29,9.38,4.5102,0.10660980810234541,0.045102,2.363749015616722,0.6287627063093391,2.01546123671112,0.5539256311016815,0,中性,2014-01-30
2014-01-30,9.29,4.5019,0.10764262648008613,0.045019,2.391048812281173,0.6780901718096134,2.015444972569912,0.5539142953641256,0,中性,2014-02-07
2014-02-07,9.33,4.4781,0.10718113612004287,0.044781,2.3934511538385226,0.6822972242440611,2.0154954218682612,0.5539458736462112,0,中性,2014-02-10
2014-02-10,9.53,4.4831,0.10493179433368312,0.044831,2.3406079349932662,0.5868459734411392,2.015519206346978,0.5539592045593114,0,中性,2014-02-11
2014-02-11,9.6,4.4881,0.10416666666666667,0.044881000000000004,2.3209524446127907,0.5512508020810583,2.0155685067852183,0.5539836616558201,0,中性,2014-02-12
2014-02-12,9.63,4.4783,0.10384215991692626,0.044782999999999996,2.3187852514777094,0.5473467568187389,2.0155651149964915,0.5539817907090172,0,中性,2014-02-13
2014-02-13,9.58,4.4783,0.10438413361169102,0.044782999999999996,2.3308874709530634,0.5695026877540511,2.0154427088874973,0.5538951243752442,0,中性,2014-02-14
2014-02-14,9.65,4.4781,0.10362694300518134,0.044781,2.314082825421079,0.5394870800247589,2.015312022707657,0.5538052972458777,0,中性,2014-02-17
2014-02-17,9.73,4.5135,0.10277492291880781,0.045134999999999995,2.2770560079496582,0.4729690442184714,2.0151669547664506,0.5537128832944027,0,中性,2014-02-18
2014-02-18,9.61,4.5385,0.10405827263267431,0.045385,2.292789966567683,0.5019071205593586,2.014955946014872,0.5535566425978868,0,中性,2014-02-19
2014-02-19,9.72,4.5535,0.10288065843621398,0.045535,2.2593753911543644,0.44220797050600313,2.0146801705015545,0.5533487340194563,0,中性,2014-02-20
2014-02-20,9.69,4.5336,0.10319917440660475,0.045336,2.2763184755294854,0.4734038603890436,2.014443891504261,0.5531737400916327,0,中性,2014-02-21
2014-02-21,9.59,4.5234,0.10427528675703858,0.045233999999999996,2.305241339634757,0.5263237909626544,2.0141973372566335,0.5529751977310381,0,中性,2014-02-24
2014-02-24,9.42,4.4836,0.10615711252653928,0.044836,2.36767580797884,0.6402301519502357,2.013862702151428,0.5526342437163336,0,中性,2014-02-25
2014-02-25,9.22,4.4336,0.10845986984815617,0.044336,2.446316082825608,0.783542050584229,2.0135651567645514,0.5523008315104295,0,中性,2014-02-26
2014-02-26,9.25,4.4496,0.10810810810810811,0.044496,2.429614080099517,0.754386437852987,2.0132405856242412,0.5519366117719335,0,中性,2014-02-27
2014-02-27,9.26,4.3896,0.1079913606911447,0.043896,2.460164039801912,0.8107112285180679,2.0129598330544187,0.551619603893924,0,中性,2014-02-28
2014-02-28,9.31,4.4276,0.10741138560687433,0.044276,2.425950528658287,0.7496594544374992,2.012664181344385,0.5512987862255514,0,中性,2014-03-03
2014-03-03,9.37,4.4576,0.10672358591248667,0.044576000000000005,2.3941938691781823,0.6931519312528612,2.0123193138484856,0.5509247512871593,0,中性,2014-03-04
2014-03-04,9.35,4.5026,0.10695187165775401,0.045026000000000004,2.3753358427964733,0.6600881438212458,2.0119450354831288,0.5505186098475843,0,中性,2014-03-05
2014-03-05,9.26,4.5176,0.1079913606911447,0.045176,2.3904586659098794,0.6884576088263936,2.011654091941869,0.5502220748402429,0,中性,2014-03-06
2014-03-06,9.29,4.5145,0.10764262648008613,0.045145,2.3843753788921505,0.6782002702399392,2.011389946505878,0.5499635561252646,0,中性,2014-03-07
2014-03-07,9.28,4.5142,0.10775862068965518,0.045141999999999995,2.387103377999539,0.6840796365624005,2.0110925394677057,0.5496594525475752,0,中性,2014-03-10
2014-03-10,9.03,4.5043,0.1107419712070875,0.045043,2.4585833804828163,0.8151633316278318,2.0107977292472126,0.5493201593616863,0,中性,2014-03-11
2014-03-11,9.05,4.5125,0.11049723756906077,0.045125,2.4486922452977455,0.7980897968064382,2.01052584258881,0.5490189255172303,0,中性,2014-03-12
2014-03-12,9.04,4.5024,0.11061946902654868,0.045023999999999995,2.456900076104937,0.8138920046079947,2.0102785449028953,0.5487479034975333,0,中性,2014-03-13
2014-03-13,9.14,4.5024,0.10940919037199125,0.045023999999999995,2.4300193312897846,0.7655974561937092,2.010064666403384,0.5485319491188919,0,中性,2014-03-14
2014-03-14,9.06,4.4924,0.11037527593818984,0.044924,2.4569333972529126,0.8149073238377473,2.009987503223424,0.5484622373064818,0,中性,2014-03-17
2014-03-17,9.15,4.482,0.1092896174863388,0.04482,2.4384118136175545,0.7812133317771078,2.0099619743548267,0.5484415355381712,0,中性,2014-03-18
2014-03-18,9.15,4.5095,0.1092896174863388,0.045095,2.4235418003401437,0.7540927063090943,2.0099645681660827,0.5484434854148293,0,中性,2014-03-19
2014-03-19,9.14,4.5095,0.10940919037199125,0.045095,2.426193377802223,0.7587712040887878,2.0100206556029154,0.548482493743409,0,中性,2014-03-20
2014-03-20,9.02,4.5195,0.11086474501108648,0.045195,2.453031198386691,0.8073208416647709,2.0101577188490887,0.5485718399445203,0,中性,2014-03-21
2014-03-21,9.25,4.5044,0.10810810810810811,0.045044,2.400055681291806,0.7104535904708261,2.010273278274177,0.5486387967429595,0,中性,2014-03-24
2014-03-24,9.34,4.5148,0.10706638115631692,0.045148,2.3714534676246326,0.6581597681173316,2.0103369275149414,0.5486761081472153,0,中性,2014-03-25
2014-03-25,9.32,4.5192,0.1072961373390558,0.045191999999999996,2.3742285656544477,0.6631241844861417,2.010373199547165,0.5486986821167382,0,中性,2014-03-26
2014-03-26,9.33,4.4992,0.10718113612004287,0.044992000000000004,2.382226531828833,0.6773963156973701,2.010495451747889,0.5487645436899847,0,中性,2014-03-27
2014-03-27,9.26,4.5109,0.1079913606911447,0.045109,2.3940091930910614,0.6984015059702076,2.0106868973526093,0.5488566282599109,0,中性,2014-03-28
2014-03-28,9.23,4.5104,0.10834236186348863,0.045104,2.4020566216630153,0.7123772642391017,2.0109843179888087,0.5489679742824405,0,中性,2014-03-31
2014-03-31,9.2,4.5004,0.10869565217391305,0.045004,2.415244248820395,0.7356030421592419,2.0113347770957697,0.5490861899361037,0,中性,2014-04-01
2014-04-01,9.27,4.4954,0.10787486515641856,0.044954,2.3996722239715833,0.7064648029196576,2.011685885855338,0.5491941516587755,0,中性,2014-04-02
2014-04-02,9.33,4.4904,0.10718113612004287,0.044904,2.386895067700937,0.6824222974316092,2.012045540244339,0.549292613778002,0,中性,2014-04-03
2014-04-03,9.26,4.4904,0.1079913606911447,0.044904,2.4049385509340975,0.714382178430655,2.012461923321046,0.5493930832306579,0,中性,2014-04-04
2014-04-04,9.34,4.4904,0.10706638115631692,0.044904,2.384339505529951,0.6761039363205775,2.0128282879583526,0.5494883221556114,0,中性,2014-04-08
2014-04-08,9.54,4.4499,0.10482180293501049,0.044499000000000004,2.355599068181543,0.6231942635536146,2.013107823150615,0.5495738087798728,0,中性,2014-04-09
2014-04-09,9.57,4.4771,0.1044932079414838,0.044771,2.333948492137406,0.5831482791127746,2.0134241641758224,0.5496446434674251,0,中性,2014-04-10
2014-04-10,9.7,4.4571,0.10309278350515465,0.044571,2.313001357500497,0.5443421823265238,2.013779341902367,0.5496947054870016,0,中性,2014-04-11
2014-04-11,9.68,4.4521,0.10330578512396695,0.044521,2.320383305046314,0.5571058613241011,2.0141119104786545,0.5497543928899423,0,中性,2014-04-14
2014-04-14,9.69,4.4248,0.10319917440660475,0.044248,2.3322901465965638,0.5782221501242034,2.0143673912899436,0.5498280466051494,0,中性,2014-04-15
2014-04-15,9.57,4.4001,0.1044932079414838,0.044001,2.3747916624959386,0.6548880870341658,2.014653940841307,0.5499225421638232,0,中性,2014-04-16
2014-04-16,9.58,4.3601,0.10438413361169102,0.043601,2.3940765948416556,0.6892157080065712,2.0149900199077417,0.5500260231014635,0,中性,2014-04-17
2014-04-17,9.55,4.2749,0.10471204188481674,0.042748999999999995,2.449461785885442,0.788972508401017,2.0154018140602643,0.5501585507774812,0,中性,2014-04-18
2014-04-18,9.54,4.2997,0.10482180293501049,0.042996999999999994,2.4378864324257625,0.7671575582014127,2.0157286975638073,0.5502881778962023,0,中性,2014-04-21
2014-04-21,9.42,4.2997,0.10615711252653928,0.042996999999999994,2.468942310545836,0.8227325412901806,2.0160796183750835,0.5504373164340732,0,中性,2014-04-22
2014-04-22,9.44,4.2997,0.10593220338983052,0.042996999999999994,2.4637115005658656,0.8125055287803432,2.0163647274972445,0.5505768972921772,0,中性,2014-04-23
2014-04-23,9.43,4.3297,0.10604453870625663,0.043297,2.44923525200953,0.785582636629055,2.0166131738493176,0.5507021896723674,0,中性,2014-04-24
2014-04-24,9.36,4.3394,0.10683760683760685,0.043394,2.4620363837767165,0.808127361071607,2.016888429399071,0.5508388600868093,0,中性,2014-04-25
2014-04-25,9.25,4.3294,0.10810810810810811,0.043294,2.4970690651847396,0.8709391568074436,2.017183862826182,0.5509973901249865,0,中性,2014-04-28
2014-04-28,9.09,4.3301,0.11001100110011001,0.043301,2.5406110967439557,0.9488130067478305,2.0176297395370386,0.5511953920188108,0,中性,2014-04-29
2014-04-29,9.11,4.3202,0.10976948408342481,0.043202,2.540842648104829,0.9480353086858094,2.018105172386293,0.5513903025860586,0,中性,2014-04-30
2014-04-30,9.02,4.3002,0.11086474501108648,0.043002000000000005,2.57812997095685,1.0143651818281045,2.0185896696734935,0.5516162337856909,0,中性,2014-05-05
2014-05-05,9.02,4.3002,0.11086474501108648,0.043002000000000005,2.57812997095685,1.0131933382026708,2.01900712051422,0.5518422095376901,0,中性,2014-05-06
2014-05-06,9.02,4.2803,0.11086474501108648,0.04280300000000001,2.5901162304297936,1.0336497344729596,2.019460366886304,0.5520785663767013,0,中性,2014-05-07
2014-05-07,8.94,4.2803,0.11185682326621925,0.04280300000000001,2.613294004303886,1.0743535761838547,2.019894038017844,0.5523320994507428,0,中性,2014-05-08
2014-05-08,8.95,4.2303,0.111731843575419,0.042303,2.641227420642011,1.1235251569744573,2.020355914543413,0.5526102395166159,0,中性,2014-05-09
2014-05-09,8.94,4.1205,0.11185682326621925,0.041205,2.7146419916568196,1.2546536347401338,2.020872060670295,0.5529573356157532,0,中性,2014-05-12
2014-05-12,9.12,4.1205,0.10964912280701755,0.041205,2.661063531295172,1.15624444049873,2.0213673350300057,0.553253424500136,0,中性,2014-05-13
2014-05-13,9.11,4.1505,0.10976948408342481,0.041505,2.644729167170818,1.1252157974696362,2.0218840665694753,0.5535339105636313,0,中性,2014-05-14
2014-05-14,9.1,4.1704,0.10989010989010989,0.041704,2.635001675861066,1.1061928368229967,2.0223861903984712,0.5538053267656625,0,中性,2014-05-15
2014-05-15,9.0,4.1915,0.1111111111111111,0.041914999999999994,2.650867496388193,1.133298706949538,2.0229185496343356,0.5540895290034228,0,中性,2014-05-16
2014-05-16,9.0,4.1919,0.1111111111111111,0.041919000000000005,2.6506145449822536,1.1312779583469892,2.023466285056735,0.5543715010958938,0,中性,2014-05-19
2014-05-19,8.91,4.1708,0.1122334455667789,0.041707999999999995,2.690933287781215,1.2022171781880564,2.024080922050236,0.5546854410581938,0,中性,2014-05-20
2014-05-20,8.93,4.177,0.11198208286674133,0.041769999999999995,2.680921303967952,1.1823854574209747,2.02471839559059,0.5549822219639566,0,中性,2014-05-21
2014-05-21,9.0,4.177,0.1111111111111111,0.041769999999999995,2.6600696938259785,1.1431517666449493,2.0253194767088143,0.5552632954241069,0,中性,2014-05-22
2014-05-22,8.99,4.177,0.11123470522803114,0.041769999999999995,2.663028614508766,1.1467186761206105,2.025999375263071,0.5555235582285859,0,中性,2014-05-23
2014-05-23,9.06,4.1574,0.11037527593818984,0.041574,2.65491114490282,1.130369893652474,2.0266845960238196,0.5557707723876671,0,中性,2014-05-26
2014-05-26,9.09,4.1674,0.11001100110011001,0.041673999999999996,2.6397994217044207,1.1014953746448135,2.0273697135719444,0.5559984383320352,0,中性,2014-05-27
2014-05-27,9.06,4.1574,0.11037527593818984,0.041574,2.65491114490282,1.1269200041452516,2.0280830045000346,0.556231265837031,0,中性,2014-05-28
2014-05-28,9.14,4.1457,0.10940919037199125,0.041456999999999994,2.63910052275831,1.0968022598376574,2.028788615854909,0.556446616907715,0,中性,2014-05-29
2014-05-29,9.11,4.1159,0.10976948408342481,0.041159,2.66696188156721,1.1450592560458581,2.029533118593557,0.5566775340298413,0,中性,2014-05-30
2014-05-30,9.1,4.0714,0.10989010989010989,0.040714,2.6990742715063587,1.2007981812463713,2.0303072856216375,0.5569353754271787,0,中性,2014-06-03
2014-06-03,9.11,4.0214,0.10976948408342481,0.040214,2.7296335625261055,1.2535843770695614,2.031114992592746,0.5572170351757653,0,中性,2014-06-04
2014-06-04,9.04,4.0114,0.11061946902654868,0.040114000000000004,2.7576274873248408,1.3016428562013012,2.0318948011484057,0.5575513150315322,0,中性,2014-06-05
2014-06-05,9.11,4.0314,0.10976948408342481,0.040313999999999996,2.7228626304366923,1.2372591942790456,2.0326765543117427,0.5578346714385283,0,中性,2014-06-06
2014-06-06,9.06,4.0614,0.11037527593818984,0.040614,2.7176657295068165,1.225916762100428,2.033496658272605,0.5580877041455805,0,中性,2014-06-09
2014-06-09,9.07,4.0714,0.11025358324145534,0.040714,2.7080017498024107,1.2066057008281226,2.0343508598422586,0.5583024259688225,0,中性,2014-06-10
2014-06-10,9.18,4.0614,0.10893246187363835,0.040614,2.6821406872910414,1.1583966702329171,2.035195599374857,0.5584832074716719,0,中性,2014-06-11
2014-06-11,9.18,4.0614,0.10893246187363835,0.040614,2.6821406872910414,1.15650874160849,2.036056564443574,0.5586504447418907,0,中性,2014-06-12
2014-06-12,9.16,4.064,0.1091703056768559,0.04064,2.6862772066155487,1.1620148809452864,2.0369124910444816,0.5588265057697162,0,中性,2014-06-13
2014-06-13,9.26,4.084,0.1079913606911447,0.040839999999999994,2.644254669224895,1.0850884675816714,2.037711432221389,0.5589804473319161,0,中性,2014-06-16
2014-06-16,9.43,4.064,0.10604453870625663,0.04064,2.6093636492681256,1.0210534244200304,2.0385074437278896,0.5590855403716888,0,中性,2014-06-17
2014-06-17,9.33,4.054,0.10718113612004287,0.04054,2.643836608782508,1.0809844383367946,2.039326219791315,0.5592221012184914,0,中性,2014-06-18
2014-06-18,9.29,4.054,0.10764262648008613,0.04054,2.6552201894446505,1.0995894555347154,2.0401162237042696,0.5593942017580227,0,中性,2014-06-19
2014-06-19,9.14,4.0408,0.10940919037199125,0.040408,2.707612115719443,1.1912825658140547,2.0409940219946057,0.5595801641479647,0,中性,2014-06-20
2014-06-20,9.16,4.0515,0.1091703056768559,0.040514999999999995,2.6945651160522255,1.1660599691159965,2.0418515331810023,0.5597598752712974,0,中性,2014-06-23
2014-06-23,9.15,4.0515,0.1092896174863388,0.040514999999999995,2.697509995960479,1.169410519456719,2.0426955737964856,0.5599525669293663,0,中性,2014-06-24
2014-06-24,9.19,4.0515,0.1088139281828074,0.040514999999999995,2.685768929601565,1.146587479109861,2.043515861629691,0.5601431026182837,0,中性,2014-06-25
2014-06-25,9.15,4.0557,0.1092896174863388,0.040556999999999996,2.6947165097600614,1.1606637131391189,2.044384094921347,0.5603108010328263,0,中性,2014-06-26
2014-06-26,9.21,4.0472,0.10857763300760043,0.040472,2.6827839742933492,1.1375184207409124,2.0452487564992325,0.5604614449925689,0,中性,2014-06-27
2014-06-27,9.2,4.0485,0.10869565217391305,0.040485,2.684837647867434,1.1393265046273096,2.0461572195201367,0.5605771705944986,0,中性,2014-06-30
2014-06-30,9.25,4.0612,0.10810810810810811,0.040612,2.6619744929604083,1.096770034241758,2.0470475434610207,0.5606708154864132,0,中性,2014-07-01
2014-07-01,9.26,4.0812,0.1079913606911447,0.040812,2.646068820227989,1.06668642107828,2.04792616004145,0.5607483589993539,0,中性,2014-07-02
2014-07-02,9.3,4.1212,0.1075268817204301,0.041212,2.609115833262887,0.9991913344658336,2.0487764959531813,0.5607928311440596,0,中性,2014-07-03
2014-07-03,9.33,4.1503,0.10718113612004287,0.041503,2.5824912926786707,0.950195097492609,2.0496196929697694,0.5608023037743006,0,中性,2014-07-04
2014-07-04,9.32,4.1747,0.1072961373390558,0.041747,2.5701520429984384,0.9267144097388218,2.050430696130056,0.5608214800661802,0,中性,2014-07-07
2014-07-07,9.32,4.1212,0.1072961373390558,0.041212,2.603516872247302,0.9846337591310951,2.051285123239898,0.5608499037192562,0,中性,2014-07-08
2014-07-08,9.35,4.1162,0.10695187165775401,0.041162000000000004,2.598315719784121,0.9738026680097258,2.052143482986631,0.5608654142566336,0,中性,2014-07-09
2014-07-09,9.23,4.1276,0.10834236186348863,0.041276,2.6248270632689366,1.0194400903972751,2.053010308897089,0.5609125634337288,0,中性,2014-07-10
2014-07-10,9.18,4.1298,0.10893246187363835,0.041298,2.637717610383998,1.040752766027905,2.0538904431682385,0.5609662412370716,0,中性,2014-07-11
2014-07-11,9.21,4.1198,0.10857763300760043,0.041198,2.635507379183466,1.0351536404459403,2.0547710285745215,0.5610146435448611,0,中性,2014-07-14
2014-07-14,9.3,4.1298,0.1075268817204301,0.041298,2.6036825444435587,0.9768628691460551,2.0556406268136374,0.5610223655127803,0,中性,2014-07-15
2014-07-15,9.31,4.1571,0.10741138560687433,0.041571,2.5838056723887886,0.9399282042939483,2.0564842552655356,0.5610230810334756,0,中性,2014-07-16
2014-07-16,9.3,4.2171,0.1075268817204301,0.042171,2.5497825927872255,0.8778747817905513,2.0572805205751274,0.5610163116971757,0,中性,2014-07-17
2014-07-17,9.24,4.267,0.10822510822510822,0.04267000000000001,2.5363278234147693,0.8525196518173345,2.0580620085471257,0.5610026863874797,0,中性,2014-07-18
2014-07-18,9.26,4.3019,0.1079913606911447,0.043019,2.5103177826342944,0.8048427450281854,2.058829453255455,0.560964650756749,0,中性,2014-07-21
2014-07-21,9.24,4.3017,0.10822510822510822,0.043017,2.51586833635791,0.8134170693138446,2.059592624617683,0.5609369768022164,0,中性,2014-07-22
2014-07-22,9.33,4.2717,0.10718113612004287,0.042717,2.50909792635351,0.800035493571169,2.060366907697321,0.5608888883831391,0,中性,2014-07-23
2014-07-23,9.34,4.2967,0.10706638115631692,0.042967000000000005,2.491828174094466,0.7679503943778556,2.0611763656355544,0.560780763460377,0,中性,2014-07-24
2014-07-24,9.47,4.2967,0.10559662090813093,0.042967000000000005,2.4576214515356187,0.7057219059902324,2.0619551161129235,0.5606547452533965,0,中性,2014-07-25
2014-07-25,9.56,4.2711,0.10460251046025104,0.042711,2.449076595262369,0.689251615946746,2.0627584366484357,0.5604893041611404,0,中性,2014-07-28
2014-07-28,9.8,4.2713,0.1020408163265306,0.042713,2.3889873417116707,0.580887153206227,2.0635344327799916,0.5602687322922023,0,中性,2014-07-29
2014-07-29,9.83,4.2805,0.1017293997965412,0.042805,2.3765774978750427,0.5575976476369274,2.0642984328018925,0.5600437275813019,0,中性,2014-07-30
2014-07-30,9.81,4.2905,0.1019367991845056,0.042905,2.375872256951535,0.555192090939695,2.0650739219128873,0.5598032466791868,0,中性,2014-07-31
2014-07-31,9.91,4.2655,0.10090817356205853,0.042655000000000005,2.3656821840829565,0.5358493014121932,2.065848467072281,0.5595485824474989,0,中性,2014-08-01
2014-08-01,9.84,4.2569,0.1016260162601626,0.042568999999999996,2.3873244910653906,0.573355430733893,2.06665730367715,0.5592816779947264,0,中性,2014-08-04
2014-08-04,10.0,4.253,0.1,0.04253,2.3512814483893725,0.5077764546731565,2.0674324308051886,0.5590038982151914,0,中性,2014-08-05
2014-08-05,9.99,4.2576,0.10010010010010009,0.042576,2.3510921669508664,0.5063159138462289,2.068190605426378,0.5587451505828186,0,中性,2014-08-06
2014-08-06,9.97,4.2463,0.10030090270812436,0.042463,2.362077637192953,0.5248263293794301,2.068985318915981,0.5584558202777915,0,中性,2014-08-07
2014-08-07,9.83,4.2563,0.1017293997965412,0.042563000000000004,2.3900899794784483,0.5738203278644761,2.0697816670140012,0.5582031463690093,0,中性,2014-08-08
2014-08-08,9.86,4.2712,0.10141987829614606,0.042712,2.3745054854875924,0.544746243129173,2.070574509312911,0.5579312937135974,0,中性,2014-08-11
2014-08-11,9.99,4.2815,0.10010010010010009,0.042815000000000006,2.3379680042064717,0.4781173931763139,2.071365860594753,0.5576081259888503,0,中性,2014-08-12
2014-08-12,9.97,4.2815,0.10030090270812436,0.042815000000000006,2.342658010232964,0.4853763137309909,2.0721716549062448,0.5572714359453277,0,中性,2014-08-13
2014-08-13,9.97,4.255,0.10030090270812436,0.04255,2.357248007241466,0.5103845881374101,2.073007359092334,0.5569146380113775,0,中性,2014-08-14
2014-08-14,9.87,4.21,0.10131712259371835,0.0421,2.4065824844113624,0.5977545591192855,2.073898847028134,0.5565555834043237,0,中性,2014-08-15
2014-08-15,9.96,4.2002,0.1004016064257028,0.042002,2.3904006101067283,0.5674728306318793,2.074787808855911,0.5561725323472907,0,中性,2014-08-18
2014-08-18,10.01,4.2153,0.0999000999000999,0.042153,2.369940452639193,0.5294892174602178,2.075665274085175,0.5557718058274301,0,中性,2014-08-19
2014-08-19,10.01,4.2422,0.0999000999000999,0.042422,2.3549125430224858,0.501258240366206,2.0765360298140982,0.555355485039035,0,中性,2014-08-20
2014-08-20,9.97,4.2523,0.10030090270812436,0.042523,2.3587447430361066,0.5069612306850729,2.077419002991914,0.5549255505475792,0,中性,2014-08-21
2014-08-21,9.91,4.2512,0.10090817356205853,0.042512,2.3736397619979894,0.5326017755231947,2.0783052375250763,0.554512842513142,0,中性,2014-08-22
2014-08-22,9.95,4.256,0.10050251256281408,0.04256,2.3614312162315336,0.5093810199719717,2.079202082744152,0.5540629164057017,0,中性,2014-08-25
2014-08-25,9.86,4.2524,0.10141987829614606,0.042524,2.385003252190435,0.5507069857713192,2.080133511234781,0.5535970104476772,0,中性,2014-08-26
2014-08-26,9.76,4.2462,0.10245901639344263,0.042462,2.412957853926867,0.5999718226188886,2.081104468230059,0.553114951712668,0,中性,2014-08-27
2014-08-27,9.74,4.231,0.1026694045174538,0.04231,2.426599019556932,0.6233975587818048,2.082103400158501,0.552609830669882,0,中性,2014-08-28
2014-08-28,9.63,4.2254,0.10384215991692626,0.04225399999999999,2.4575699322413564,0.6781904668187291,2.0831147198174933,0.5521387143354668,0,中性,2014-08-29
2014-08-29,9.67,4.2361,0.10341261633919338,0.042361,2.441222264327881,0.6473394260691414,2.0841085564439727,0.5516637694268379,0,中性,2014-09-01
2014-09-01,9.71,4.2405,0.10298661174047373,0.042405,2.428643125585986,0.6233009501864376,2.085113046860651,0.5511464062786694,0,中性,2014-09-02
2014-09-02,9.84,4.249,0.1016260162601626,0.04249,2.3917631503921535,0.5551582518649608,2.0860855026657275,0.5506135353289866,0,中性,2014-09-03
2014-09-03,9.94,4.264,0.1006036217303823,0.042640000000000004,2.3593719918007103,0.49510889408145303,2.087021055841299,0.5500828993684069,0,中性,2014-09-04
2014-09-04,10.01,4.2814,0.0999000999000999,0.042814,2.3333512379151657,0.4465711136045001,2.087961495983817,0.5494975703884755,0,中性,2014-09-05
2014-09-05,10.08,4.2928,0.0992063492063492,0.042927999999999994,2.3109939714486867,0.4046309192267333,2.088907335425672,0.5488622482123502,0,中性,2014-09-09
2014-09-09,10.08,4.2868,0.0992063492063492,0.042868,2.3142285435837735,0.40926277643372544,2.0898719717610454,0.5481968670049805,0,中性,2014-09-10
2014-09-10,10.03,4.2934,0.09970089730807578,0.042934,2.322189810128937,0.4225260326593664,2.0908449264157256,0.5475281185803715,0,中性,2014-09-11
2014-09-11,10.0,4.2937,0.1,0.042937,2.3289936418473576,0.43368552548259076,2.0918498480034797,0.546810488037368,0,中性,2014-09-12
2014-09-12,10.08,4.2793,0.0992063492063492,0.042793,2.3182845139707244,0.412832123871192,2.0928304517927443,0.5461155979429648,0,中性,2014-09-15
2014-09-15,10.09,4.2597,0.09910802775024777,0.042596999999999996,2.3266433727785474,0.42686688034029463,2.09383475360595,0.545389276832638,0,中性,2014-09-16
2014-09-16,9.91,4.2634,0.10090817356205853,0.042634,2.3668474354284967,0.49933577747151453,2.0948800422111193,0.5446583351077667,0,中性,2014-09-17
2014-09-17,9.95,4.2008,0.10050251256281408,0.042008000000000004,2.392461258874835,0.5451311407044279,2.095957201918523,0.5439132619963044,0,中性,2014-09-18
2014-09-18,9.99,4.1438,0.10010010010010009,0.041437999999999996,2.415659541968727,0.5865701086841459,2.097078417509418,0.5431253992365599,0,中性,2014-09-19
2014-09-19,10.04,4.031,0.09960159362549802,0.04031,2.4708904397295464,0.6870777472541791,2.098239453025512,0.542370915363345,0,中性,2014-09-22
2014-09-22,9.85,4.011,0.10152284263959391,0.04011,2.5311105120816233,0.7969024001494968,2.099411313463111,0.5417215439902386,0,中性,2014-09-23
2014-09-23,9.93,3.9911,0.10070493454179255,0.039911,2.5232375671316816,0.7811788966853608,2.100590674204173,0.5410372639620092,0,中性,2014-09-24
2014-09-24,10.08,4.0425,0.0992063492063492,0.040425,2.4540840867371476,0.6521745966285647,2.1017388962273444,0.5402620591652324,0,中性,2014-09-25
2014-09-25,10.08,4.0025,0.0992063492063492,0.040025000000000005,2.478609599159255,0.6964028006448615,2.1029166019488352,0.5394765742793284,0,中性,2014-09-26
2014-09-26,10.08,4.0092,0.0992063492063492,0.040091999999999996,2.4744674550122023,0.6875600584471492,2.1040956271366587,0.5386756012442412,0,中性,2014-09-29
2014-09-29,10.12,3.9925,0.09881422924901187,0.039925,2.474996349380385,0.687371436617775,2.1052651541997798,0.5378914157385926,0,中性,2014-09-30
2014-09-30,10.15,3.9824,0.09852216748768472,0.039824,2.473939521084892,0.6842252797558537,2.1064173847138,0.5371361556565576,0,中性,2014-10-08
2014-10-08,10.24,3.993,0.09765625,0.03993,2.44568620085149,0.630418896746891,2.1075219504278797,0.5364119828396909,0,中性,2014-10-09
2014-10-09,10.26,4.0014,0.09746588693957116,0.040014,2.435794645363402,0.6107671710059773,2.1086159400470836,0.5356848253278437,0,中性,2014-10-10
2014-10-10,10.2,4.0131,0.09803921568627452,0.040131,2.442979633855985,0.6229743120759772,2.109720858184813,0.5349478609489249,0,中性,2014-10-13
2014-10-13,10.15,3.9953,0.09852216748768472,0.039952999999999995,2.465951680416608,0.6647015563248451,2.1108039772714235,0.5342964820314349,0,中性,2014-10-14
2014-10-14,10.12,3.9015,0.09881422924901187,0.039015,2.5327240612331634,0.7884654973245137,2.1119516530651024,0.5336598869523914,0,中性,2014-10-15
2014-10-15,10.18,3.8215,0.09823182711198429,0.038215,2.5705044383614886,0.8580125357820533,2.1131038739799406,0.5330931021475587,0,中性,2014-10-16
2014-10-16,10.11,3.8116,0.09891196834817013,0.038116,2.59502488057955,0.9026830418145202,2.1142201612198575,0.5326395834280961,0,中性,2014-10-17
2014-10-17,10.07,3.811,0.09930486593843098,0.03811,2.605743005469194,0.9214780534319391,2.1153525665606194,0.5321780991768297,0,中性,2014-10-20
2014-10-20,10.13,3.7441,0.09871668311944717,0.037441,2.6365931230321618,0.9780315033328982,2.116467458203499,0.5318087025379026,0,中性,2014-10-21
2014-10-21,10.05,3.7323,0.09950248756218905,0.037323,2.6659831085976218,1.0318855478637738,2.1176446867581364,0.5313946134575336,0,中性,2014-10-22
2014-10-22,10.0,3.7929,0.1,0.037929,2.636505048907169,0.9750751838360027,2.1188167706237824,0.5309213964883926,0,中性,2014-10-23
2014-10-23,9.9,3.8108,0.10101010101010101,0.038108,2.65062719140603,1.000285715387613,2.1199749628880227,0.5305006563173589,0,中性,2014-10-24
2014-10-24,9.88,3.8013,0.10121457489878542,0.038013,2.6626305447816647,1.0214727264590493,2.121117610762371,0.5301296060017743,0,中性,2014-10-27
2014-10-27,9.82,3.7756,0.10183299389002036,0.037756,2.6971340684929643,1.0850745612634765,2.122299732650702,0.5297648257212086,0,中性,2014-10-28
2014-10-28,9.99,3.7424,0.10010010010010009,0.037424,2.674756843204898,1.041389774099937,2.1234588674747634,0.5293867766337689,0,中性,2014-10-29
2014-10-29,10.08,3.7176,0.0992063492063492,0.037176,2.6685589952213578,1.0282003067800343,2.124574268739804,0.5290649330626291,0,中性,2014-10-30
2014-10-30,10.11,3.7688,0.09891196834817013,0.037688,2.6244950209130264,0.943444240819187,2.125569337929269,0.5288343087987301,0,中性,2014-10-31
2014-10-31,10.16,3.7559,0.09842519685039369,0.037559,2.620548919044535,0.9345293259785938,2.1265714007905827,0.5285842878570803,0,中性,2014-11-03
2014-11-03,10.16,3.7007,0.09842519685039369,0.037007,2.659637280795355,1.0069654045824583,2.127626460333428,0.5283307828063141,0,中性,2014-11-04
2014-11-04,10.16,3.6412,0.09842519685039369,0.036412,2.70309779332071,1.0876716307442844,2.128760819300492,0.5280426167107108,0,中性,2014-11-05
2014-11-05,10.11,3.6117,0.09891196834817013,0.036116999999999996,2.738654050673371,1.1533720288306621,2.1299242878207036,0.5277826647745427,0,中性,2014-11-06
2014-11-06,10.13,3.6223,0.09871668311944717,0.036223,2.7252486850743223,1.1263668745575626,2.1310716085641728,0.5275164690399321,0,中性,2014-11-07
2014-11-07,10.09,3.5631,0.09910802775024777,0.035630999999999996,2.781511261268215,1.2312985420263245,2.1322813588902467,0.5272725340107551,0,中性,2014-11-10
2014-11-10,10.31,3.5132,0.09699321047526673,0.035132,2.760822340751074,1.1904098316115224,2.1334797009458266,0.5269971930221542,0,中性,2014-11-11
2014-11-11,10.33,3.4981,0.0968054211035818,0.034981,2.767371461753003,1.2011701761553495,2.1346817392558797,0.5267277984891432,0,中性,2014-11-12
2014-11-12,10.41,3.556,0.09606147934678194,0.03556,2.701391432699155,1.0744458685915996,2.1358591842928396,0.5263478272270931,0,中性,2014-11-13
2014-11-13,10.37,3.5924,0.09643201542912247,0.035924,2.6843340226345194,1.040630795934925,2.1370344002427184,0.5259306418085535,0,中性,2014-11-14
2014-11-14,10.37,3.6466,0.09643201542912247,0.036466,2.644436336014986,0.9634227468934011,2.138176701899885,0.5254802585340208,0,中性,2014-11-17
2014-11-17,10.33,3.6609,0.0968054211035818,0.036608999999999996,2.644306621420465,0.9618154396940194,2.13930598690887,0.5250494155846054,0,中性,2014-11-18
2014-11-18,10.24,3.607,0.09765625,0.036070000000000005,2.7074092043249234,1.080576150554962,2.14050751530144,0.5246290959987725,0,中性,2014-11-19
2014-11-19,10.22,3.6154,0.09784735812133072,0.036154,2.7064047718462887,1.0771963017503692,2.1416800724506957,0.5242542129767384,0,中性,2014-11-20
2014-11-20,10.22,3.6521,0.09784735812133072,0.036521,2.6792080753903433,1.0239269864433318,2.1428444508342013,0.5238299523867727,0,中性,2014-11-21
2014-11-21,10.37,3.6514,0.09643201542912247,0.036514000000000005,2.640960054475611,0.9495517702222569,2.143958997110039,0.5234059615825278,0,中性,2014-11-24
2014-11-24,10.56,3.4767,0.0946969696969697,0.034767,2.723760166162444,1.106212433435316,2.1451180700746377,0.5230840646862442,0,中性,2014-11-25
2014-11-25,10.71,3.5216,0.09337068160597571,0.035216,2.651371013345517,0.9664343087220133,2.1462238163076055,0.52269170545684,0,中性,2014-11-26
2014-11-26,10.86,3.5228,0.09208103130755065,0.035228,2.6138591832505575,0.893327318020137,2.1472942420570207,0.5222777046912381,0,中性,2014-11-27
2014-11-27,10.97,3.5243,0.09115770282588878,0.035243000000000003,2.5865477634108553,0.8397035087699203,2.1483100790822123,0.521895740284111,0,中性,2014-11-28
2014-11-28,11.23,3.5249,0.08904719501335707,0.035249,2.5262332268534444,0.7228659152342536,2.1492782262875023,0.5214729213560791,0,中性,2014-12-01
2014-12-01,11.25,3.5145,0.08888888888888889,0.035145,2.5292044071386792,0.7272976969808033,2.1502632285425105,0.5210262319944768,0,中性,2014-12-02
2014-12-02,11.64,3.5553,0.0859106529209622,0.035553,2.4164107929278034,0.509576309331586,2.1512151635675827,0.5204237805091041,0,中性,2014-12-03
2014-12-03,11.7,3.6238,0.08547008547008547,0.036238,2.3585762313065146,0.39717899586628796,2.152129807702916,0.5197818257063614,0,中性,2014-12-04
2014-12-04,12.23,3.6633,0.08176614881439084,0.036633,2.23203529097783,0.1523338675640052,2.152962754037911,0.5190739144510711,0,中性,2014-12-05
2014-12-05,12.45,3.7759,0.08032128514056225,0.037759,2.1272090134951203,-0.051171721970247185,2.153732381825957,0.5183208090253065,0,中性,2014-12-08
2014-12-08,12.82,3.7918,0.078003120124805,0.037918,2.0571528067093463,-0.1880002390650173,2.1544537081063124,0.5175573280165667,0,中性,2014-12-09
2014-12-09,12.11,3.7532,0.08257638315441784,0.037532,2.200159414750555,0.08682466801602876,2.155289701163979,0.5167853170287096,0,中性,2014-12-10
2014-12-10,12.46,3.7111,0.08025682182985554,0.037111,2.162615446359719,0.012614536073512771,2.1561064953065614,0.5159881437752465,0,中性,2014-12-11
2014-12-11,12.35,3.7282,0.08097165991902834,0.037282,2.1718700691762334,0.028971671368379054,2.1569450206159835,0.515160080703516,0,中性,2014-12-12
2014-12-12,12.4,3.7513,0.08064516129032258,0.037513,2.1497923730526107,-0.01550309929097919,2.1577660642524137,0.5143288480673422,0,中性,2014-12-15
2014-12-15,12.68,3.7815,0.07886435331230283,0.037815,2.0855309615841024,-0.14213184176596688,2.158519989230833,0.5135304428610273,0,中性,2014-12-16
2014-12-16,13.01,3.7522,0.07686395080707148,0.037522,2.048503566096463,-0.21605446893119867,2.159270739937288,0.5126817065565931,0,中性,2014-12-17
2014-12-17,13.22,3.7377,0.075642965204236,0.037377,2.0237837494779143,-0.2661045183496089,2.15999115481521,0.5118567928949865,0,中性,2014-12-18
2014-12-18,13.16,3.7614,0.07598784194528875,0.037614,2.020201040710606,-0.27485122275806034,2.1606761610300205,0.5110951259731834,0,中性,2014-12-19
2014-12-19,13.36,3.7106,0.07485029940119761,0.037106,2.0172020536085165,-0.28251932917262645,2.1613728678197868,0.5103042493888208,0,中性,2014-12-22
2014-12-22,13.5,3.703,0.07407407407407407,0.03703,2.0003800722137206,-0.3172601475724144,2.1620394158671163,0.5095482205703038,0,中性,2014-12-23
2014-12-23,13.11,3.6604,0.07627765064836003,0.036604,2.0838610711496024,-0.15508211649253056,2.162765165944493,0.5087891278469304,0,中性,2014-12-24
2014-12-24,12.79,3.5975,0.07818608287724786,0.035975,2.1733449027726994,0.01920167026875076,2.163591100823211,0.5079663286043432,0,中性,2014-12-25
2014-12-25,13.24,3.6305,0.0755287009063444,0.036305000000000004,2.0803939101045144,-0.16555824617643627,2.1643527733567822,0.5071258314900997,0,中性,2014-12-26
2014-12-26,13.63,3.6339,0.07336757153338225,0.036339,2.0189760734577793,-0.2885640558321274,2.165070967570424,0.5062823701009923,0,中性,2014-12-29
2014-12-29,13.67,3.6213,0.07315288953913679,0.036213,2.0200726131261364,-0.28833605651694555,2.1658013250482138,0.505412724591081,0,中性,2014-12-30
2014-12-30,13.71,3.6213,0.07293946024799416,0.036213,2.01417889288361,-0.30196464278476365,2.1665304799148624,0.504534523069466,0,中性,2014-12-31
2014-12-31,14.01,3.6219,0.07137758743754462,0.036219,1.9707222020912951,-0.3901523623764306,2.167226916104003,0.5036614742399393,0,中性,2015-01-05
2015-01-05,14.52,3.6251,0.06887052341597796,0.036251000000000005,1.8998240990863136,-0.5330927488946327,2.1678680427108645,0.5028092094299536,0,中性,2015-01-06
2015-01-06,14.56,3.6353,0.06868131868131867,0.036352999999999996,1.8892888807338784,-0.5562059106789695,2.1684919630926585,0.5019779132119477,0,中性,2015-01-07
2015-01-07,14.61,3.6408,0.06844626967830253,0.036408,1.8799788419661208,-0.5769214452125467,2.1691056566739126,0.5011545629080804,0,中性,2015-01-08
2015-01-08,14.26,3.6415,0.07012622720897616,0.036415,1.925751124783088,-0.4877228383495193,2.169759682881218,0.5003016855307986,0,中性,2015-01-09
2015-01-09,14.25,3.6348,0.07017543859649122,0.036348,1.9306547429429741,-0.4801574712032245,2.170441771770003,0.499392476860034,0,中性,2015-01-12
2015-01-12,14.05,3.6371,0.07117437722419928,0.036371,1.9568991015974067,-0.4298204236614406,2.171148609399818,0.4984628370548777,0,中性,2015-01-13
2015-01-13,14.08,3.5836,0.07102272727272728,0.035836,1.981882109407503,-0.38189299676120775,2.171879206396668,0.497513959670665,0,中性,2015-01-14
2015-01-14,14.04,3.5411,0.07122507122507123,0.035411,2.011382655815177,-0.324748683953353,2.172635986850579,0.49654806625348646,0,中性,2015-01-15
2015-01-15,14.53,3.5464,0.06882312456985547,0.035464,1.9406475459580268,-0.46947107389135084,2.173327388717177,0.4956212548528584,0,中性,2015-01-16
2015-01-16,14.7,3.5017,0.06802721088435375,0.035017,1.9426910039224876,-0.4676572313302034,2.1740284462801758,0.49467307861288135,0,中性,2015-01-19
2015-01-19,13.57,3.475,0.07369196757553427,0.03475,2.120632160447029,-0.10978019584144968,2.174836969572116,0.49375762822806657,0,中性,2015-01-20
2015-01-20,13.79,3.4711,0.07251631617113852,0.034711,2.089145117430743,-0.17550705157421695,2.1756363475448928,0.4928077210480339,0,中性,2015-01-21
2015-01-21,14.45,3.4672,0.06920415224913495,0.034672,1.9959665507941553,-0.366632910716135,2.1763293952538407,0.49194395589688644,0,中性,2015-01-22
2015-01-22,14.51,3.4521,0.06891798759476224,0.034521,1.9964076241928748,-0.3676559490797674,2.176984542815587,0.49115734173400816,0,中性,2015-01-23
2015-01-23,14.52,3.452,0.06887052341597796,0.03452,1.9950904813435097,-0.3723521187431177,2.177662220124986,0.4903201286936434,0,中性,2015-01-26
2015-01-26,14.59,3.4341,0.06854009595613433,0.034340999999999997,1.9958677952341033,-0.372838350720024,2.178354084634576,0.4894514983452099,0,中性,2015-01-27
2015-01-27,14.55,3.4309,0.06872852233676975,0.034309,2.003221380301663,-0.35991500546756505,2.179060930458202,0.48855854155929385,0,中性,2015-01-28
2015-01-28,14.3,3.4767,0.06993006993006992,0.034767,2.011392122704574,-0.3452961843431526,2.1797772560252335,0.48765419647186087,0,中性,2015-01-29
2015-01-29,14.11,3.4966,0.07087172218284904,0.034966,2.026875312670853,-0.3156933289012173,2.180524140972178,0.48670280374978303,0,中性,2015-01-30
2015-01-30,13.89,3.5019,0.07199424046076314,0.035019,2.055862259366719,-0.258256954737454,2.181303204163384,0.48572145878584116,0,中性,2015-02-02
2015-02-02,13.54,3.4729,0.07385524372230429,0.034729,2.126615903777946,-0.11452582548109835,2.1821314899339974,0.4847429470413544,0,中性,2015-02-03
2015-02-03,13.89,3.4533,0.07199424046076314,0.034533,2.0847954264258286,-0.20280029313875836,2.182910548315614,0.48380167686766506,0,中性,2015-02-04
2015-02-04,13.74,3.4589,0.07278020378457059,0.034589,2.104143045030807,-0.16478595743312982,2.1837091756546276,0.4828453338089103,0,中性,2015-02-05
2015-02-05,13.59,3.4018,0.07358351729212656,0.034018,2.163075938977205,-0.04456917516107234,2.184553147665485,0.4818848141268409,0,中性,2015-02-06
2015-02-06,13.33,3.4325,0.07501875468867217,0.034325,2.185542744025409,0.00022818220089140242,2.1854330157963977,0.48087987837261004,0,中性,2015-02-09
2015-02-09,13.42,3.4236,0.07451564828614009,0.034236,2.176529042123498,-0.020354304010757766,2.1862968964953704,0.4798913471425937,0,中性,2015-02-10
2015-02-10,13.65,3.4299,0.07326007326007326,0.034298999999999996,2.135924466021554,-0.10690726284696081,2.1871236282514817,0.4789119173616857,0,中性,2015-02-11
2015-02-11,13.75,3.3955,0.07272727272727272,0.033955,2.14187226409285,-0.0963749821080088,2.1879366276988206,0.47797013912122516,0,中性,2015-02-12
2015-02-12,13.81,3.3865,0.0724112961622013,0.033865,2.1382340517407736,-0.10584410474746099,2.188728608616199,0.47706536888287715,0,中性,2015-02-13
2015-02-13,13.94,3.3552,0.07173601147776183,0.033552,2.1380547054650045,-0.10809800286789317,2.189525248987381,0.47614703469849334,0,中性,2015-02-16
2015-02-16,14.05,3.3374,0.07117437722419928,0.033374,2.1326295087253335,-0.12133676108220616,2.190297268808774,0.47527031024316196,0,中性,2015-02-17
2015-02-17,14.17,3.3373,0.07057163020465773,0.033373,2.1146324934724996,-0.16112358018548462,2.1910648625975706,0.4743710947651639,0,中性,2015-02-25
2015-02-25,14.07,3.349,0.0710732054015636,0.03349,2.1222217199630817,-0.1470993642375492,2.191861163010588,0.47341770243851117,0,中性,2015-02-26
2015-02-26,14.37,3.3594,0.06958942240779402,0.033594,2.0714836699349295,-0.2563714642763176,2.1926133471510387,0.4724772219015587,0,中性,2015-02-27
2015-02-27,14.41,3.3745,0.06939625260235947,0.033745,2.056489927466572,-0.29029172817774684,2.1933653928738113,0.47151004359114856,0,中性,2015-03-02
2015-03-02,14.56,3.3883,0.06868131868131867,0.033883,2.0270140979641313,-0.3550949027199074,2.1940989194535914,0.47053567992569467,0,中性,2015-03-03
2015-03-03,14.2,3.4022,0.07042253521126761,0.034022000000000004,2.0699116810083944,-0.2661731651795589,2.1948827071798673,0.46951023814578824,0,中性,2015-03-04
2015-03-04,14.29,3.3869,0.06997900629811057,0.033868999999999996,2.0661668870681327,-0.2764326734286604,2.1956678119032027,0.4684718460695661,0,中性,2015-03-05
2015-03-05,14.14,3.4369,0.07072135785007072,0.034369000000000004,2.057707755537569,-0.29681058057510595,2.1964463269757935,0.4674313535905687,0,中性,2015-03-06
2015-03-06,14.07,3.4753,0.0710732054015636,0.034753,2.045095542875827,-0.3261969765630874,2.1972236866785244,0.46636895720361027,0,中性,2015-03-09
2015-03-09,14.35,3.4922,0.06968641114982578,0.034922,1.995487404782824,-0.4350754259520912,2.197948877175818,0.4653479840879092,0,中性,2015-03-10
2015-03-10,14.26,3.5228,0.07012622720897616,0.035228,1.9906389011291061,-0.44795723502794565,2.1986539939869085,0.464363730713771,0,中性,2015-03-11
2015-03-11,14.29,3.4466,0.06997900629811057,0.034466000000000004,2.030377946327121,-0.3647637644776533,2.199393698540736,0.4633567494173873,0,中性,2015-03-12
2015-03-12,14.56,3.4412,0.06868131868131867,0.034412,1.9958537336196291,-0.4417882130262369,2.2001116736991273,0.4623435710978729,0,中性,2015-03-13
2015-03-13,14.64,3.4879,0.06830601092896174,0.034879,1.9583706794621905,-0.5255619709458621,2.20081492749138,0.4613047774230293,0,中性,2015-03-16
2015-03-16,14.96,3.5301,0.06684491978609625,0.035301,1.8935701477605804,-0.6687848776609512,2.201443829797085,0.46034785223206715,0,中性,2015-03-17
2015-03-17,15.17,3.5428,0.06591957811470006,0.035428,1.8606632639353071,-0.7431342856892775,2.2020527886857777,0.45939143345246464,0,中性,2015-03-18
2015-03-18,15.5,3.5519,0.06451612903225806,0.035518999999999995,1.8163835984193832,-0.8424924775315275,2.2026285292541097,0.4584550499090629,0,中性,2015-03-19
2015-03-19,15.48,3.5348,0.06459948320413436,0.035348000000000004,1.8275286636905723,-0.821170788981143,2.2032159165910494,0.4575019690685858,0,中性,2015-03-20
2015-03-20,15.64,3.4958,0.0639386189258312,0.034958,1.8290124985934892,-0.8209011091492384,2.2037999607960588,0.4565561649575428,0,中性,2015-03-23
2015-03-23,16.04,3.4933,0.06234413965087282,0.034933,1.7846775155547139,-0.9208443741969984,2.204317639786638,0.4557123179449968,0,中性,2015-03-24
2015-03-24,16.1,3.4841,0.06211180124223602,0.034841000000000004,1.7827215419257774,-0.9280426165218547,2.2048414238170047,0.454849674332048,0,中性,2015-03-25
2015-03-25,15.96,3.5037,0.06265664160401002,0.035037,1.7882992723124134,-0.918604312221556,2.205356460098456,0.4540117896653782,0,中性,2015-03-26
2015-03-26,16.02,3.544,0.062421972534332085,0.03544,1.761342340133524,-0.9807058101383694,2.2058318271545025,0.45323427517806264,0,中性,2015-03-27
2015-03-27,16.27,3.5678,0.06146281499692686,0.035678,1.7227090923517814,-1.068495046571404,2.2062507046021542,0.45254455208001687,0,中性,2015-03-30
2015-03-30,16.71,3.5849,0.059844404548174746,0.035849,1.6693465521541675,-1.1887967531491752,2.2066100334443313,0.45193888683404376,0,中性,2015-03-31
2015-03-31,16.57,3.6483,0.060350030175015085,0.036483,1.654195931667217,-1.224754923438885,2.2069647904732084,0.4513301789830073,0,中性,2015-04-01
2015-04-01,16.84,3.5997,0.05938242280285036,0.035997,1.649649215291562,-1.2372451475473425,2.207313350840005,0.4507305093529206,0,中性,2015-04-02
2015-04-02,16.89,3.5438,0.05920663114268798,0.035438,1.6707102867737453,-1.1927559103727141,2.2076514639042175,0.45016853193600026,0,中性,2015-04-03
2015-04-03,17.01,3.572,0.05878894767783656,0.03572,1.6458272026270033,-1.2501112397149161,2.2079545776716287,0.4496618838278878,0,中性,2015-04-07
2015-04-07,17.43,3.5987,0.05737234652897304,0.035987,1.5942519945806275,-1.3669095863079244,2.208232598886862,0.4491742617480794,0,中性,2015-04-08
2015-04-08,17.58,3.6938,0.056882821387940846,0.036938,1.5399540145092006,-1.489768608644555,2.2084713754334806,0.44873905722347124,0,中性,2015-04-09
2015-04-09,17.41,3.704,0.05743825387708214,0.037040000000000003,1.5507087979773795,-1.4675654960728235,2.2086909827820054,0.4483494512274739,0,中性,2015-04-10
2015-04-10,17.77,3.6947,0.056274620146314014,0.036947,1.5231174424530818,-1.5307401431407814,2.20888590793848,0.4479979626576817,-1,看空：股权风险溢价低于-1.5个标准差,2015-04-13
2015-04-13,18.16,3.6685,0.05506607929515418,0.036684999999999995,1.501051636776726,-1.5815846458658134,2.2090683405301093,0.4476628586425046,-1,看空：股权风险溢价低于-1.5个标准差,2015-04-14
2015-04-14,18.19,3.6211,0.05497526113249038,0.036211,1.5181922932945895,-1.5450399902626295,2.209272340455515,0.44728942390899146,-1,看空：股权风险溢价低于-1.5个标准差,2015-04-15
2015-04-15,17.96,3.5954,0.05567928730512249,0.035954,1.5486256690527478,-1.4788461531595032,2.209498231517903,0.4468839176091604,0,中性,2015-04-16
2015-04-16,18.44,3.56,0.054229934924078085,0.0356,1.5233127787662384,-1.5373773559477422,2.2097181138459603,0.44647810924506287,-1,看空：股权风险溢价低于-1.5个标准差,2015-04-17
2015-04-17,18.79,3.5627,0.0532197977647685,0.035627,1.4938051973157578,-1.6053348605410522,2.2099244417038686,0.44608714480090117,-1,看空：股权风险溢价低于-1.5个标准差,2015-04-20
2015-04-20,18.42,3.4554,0.054288816503800214,0.034554,1.5711297245991842,-1.4340646307484353,2.2101825714786383,0.4456234629717726,0,中性,2015-04-21
2015-04-21,18.78,3.4055,0.05324813631522896,0.034055,1.5635923158193792,-1.4530265727658271,2.210434280957439,0.4451687100992241,0,中性,2015-04-22
2015-04-22,19.18,3.4052,0.05213764337851929,0.034052,1.5311183888910869,-1.5279719616650045,2.2106662979773817,0.4447384678091889,-1,看空：股权风险溢价低于-1.5个标准差,2015-04-23
2015-04-23,19.17,3.4151,0.052164840897235255,0.034151,1.5274762348755602,-1.5379106629863277,2.210870606277644,0.44436545493160373,-1,看空：股权风险溢价低于-1.5个标准差,2015-04-24
2015-04-24,19.04,3.4454,0.052521008403361345,0.034454,1.5243805770987795,-1.5466774311158,2.2110786226239734,0.44398271527748223,-1,看空：股权风险溢价低于-1.5个标准差,2015-04-27
2015-04-27,19.62,3.3952,0.0509683995922528,0.033952,1.5011899031648444,-1.6005064066349008,2.2112572833332567,0.4436516950040483,-1,看空：股权风险溢价低于-1.5个标准差,2015-04-28
2015-04-28,19.56,3.3804,0.05112474437627812,0.033804,1.5123874209051626,-1.5769042846440215,2.2114434705956345,0.4433091193282415,-1,看空：股权风险溢价低于-1.5个标准差,2015-04-29
2015-04-29,19.39,3.4,0.05157297576070139,0.034,1.5168522282559231,-1.5683718807682374,2.21162057493403,0.44298699511099865,-1,看空：股权风险溢价低于-1.5个标准差,2015-04-30
2015-04-30,18.97,3.3503,0.05271481286241434,0.033503,1.5734355986751738,-1.4424319100234047,2.211844880631996,0.4425923175441005,0,中性,2015-05-04
2015-05-04,19.11,3.3804,0.052328623757195186,0.033804,1.54800093945081,-1.5016761294833278,2.2120570698895774,0.4422099528659651,-1,看空：股权风险溢价低于-1.5个标准差,2015-05-05
2015-05-05,18.35,3.4006,0.0544959128065395,0.034006,1.602538164045742,-1.3804297227475333,2.212325529697054,0.44173734859723546,0,中性,2015-05-06
2015-05-06,18.11,3.456,0.05521811154058531,0.03456,1.5977462830030473,-1.3933392142201726,2.2125886719384127,0.44127257932626396,0,中性,2015-05-07
2015-05-07,17.7,3.4401,0.05649717514124294,0.034401,1.6423120008500607,-1.294674200292259,2.2129042973923276,0.4407226902439716,0,中性,2015-05-08
2015-05-08,18.1,3.3703,0.055248618784530384,0.033703,1.639278959870943,-1.3037377798406407,2.2132003417856105,0.44021228101928556,0,中性,2015-05-11
2015-05-11,18.62,3.3752,0.05370569280343716,0.033752,1.5911854942947727,-1.4149052734240832,2.213442216188599,0.4397868419756184,0,中性,2015-05-12
2015-05-12,18.87,3.4002,0.05299417064122946,0.034002,1.5585603976598277,-1.49088643592974,2.2136570647484217,0.4394007828504158,0,中性,2015-05-13
2015-05-13,18.77,3.4002,0.05327650506126798,0.034002,1.5668638627512494,-1.4738626275125863,2.213882813593962,0.438995425194189,0,中性,2015-05-14
2015-05-14,18.73,3.3803,0.05339028296849973,0.033803,1.5794539824423788,-1.447028241036122,2.214110127551355,0.43859278423933223,0,中性,2015-05-15
2015-05-15,18.41,3.3907,0.054318305268875614,0.033907,1.6019790977932467,-1.3977148119180365,2.2143685747166133,0.4381362146996249,0,中性,2015-05-18
2015-05-18,18.3,3.4109,0.0546448087431694,0.034109,1.6020642277161277,-1.3997043490130383,2.2146415602469864,0.4376476596381231,0,中性,2015-05-19
2015-05-19,18.87,3.4311,0.05299417064122946,0.034311,1.5445242237541739,-1.5330305084408387,2.2148537990905086,0.4372578181879043,-1,看空：股权风险溢价低于-1.5个标准差,2015-05-20
2015-05-20,19.0,3.4282,0.05263157894736842,0.034282,1.5352540384857483,-1.5558571587583199,2.2150392208968475,0.43692004666650386,-1,看空：股权风险溢价低于-1.5个标准差,2015-05-21
2015-05-21,19.26,3.4257,0.05192107995846313,0.034257,1.5156341757440268,-1.6024131084966493,2.21522028680836,0.43658286827213394,-1,看空：股权风险溢价低于-1.5个标准差,2015-05-22
2015-05-22,19.73,3.416,0.05068423720223011,0.034159999999999996,1.48373059725498,-1.6771769014184346,2.2153944244380273,0.4362472596446202,-1,看空：股权风险溢价低于-1.5个标准差,2015-05-25
2015-05-25,20.31,3.431,0.049236829148202856,0.03431,1.4350576842962068,-1.7903650145366616,2.2155477006876785,0.43593904597910105,-1,看空：股权风险溢价低于-1.5个标准差,2015-05-26
2015-05-26,20.68,3.5214,0.04835589941972921,0.035213999999999995,1.3732009831240193,-1.9335580135038215,2.215659884328931,0.4357039692221506,-1,看空：股权风险溢价低于-1.5个标准差,2015-05-27
2015-05-27,20.7,3.5055,0.04830917874396135,0.035055,1.3780966693470647,-1.9234906606201179,2.2157620734063395,0.4354923167597904,-1,看空：股权风险溢价低于-1.5个标准差,2015-05-28
2015-05-28,19.38,3.5652,0.05159958720330238,0.035651999999999996,1.447312554788017,-1.7661643002875063,2.215917447007552,0.435183120899011,-1,看空：股权风险溢价低于-1.5个标准差,2015-05-29
2015-05-29,19.41,3.5954,0.05151983513652756,0.035954,1.432937507273949,-1.8008812757167008,2.216075044078011,0.4348635012002082,-1,看空：股权风险溢价低于-1.5个标准差,2015-06-01
2015-06-01,20.39,3.6404,0.04904364884747425,0.036404,1.3472049458156865,-1.9991736139773553,2.2161694487236403,0.4346618506929717,-1,看空：股权风险溢价低于-1.5个标准差,2015-06-02
2015-06-02,20.74,3.588,0.048216007714561235,0.03588,1.3438129240401682,-2.0081042461691423,2.216261832659495,0.4344639528967166,-1,看空：股权风险溢价低于-1.5个标准差,2015-06-03
2015-06-03,20.72,3.6111,0.04826254826254826,0.036111,1.3365054488257946,-2.025789465562616,2.216332627559704,0.4343132362422262,-1,看空：股权风险溢价低于-1.5个标准差,2015-06-04
2015-06-04,20.92,3.5912,0.04780114722753346,0.035912,1.3310633556341462,-2.039222804425045,2.216405589808649,0.43415669550837693,-1,看空：股权风险溢价低于-1.5个标准差,2015-06-05
2015-06-05,21.16,3.5814,0.04725897920604915,0.035814,1.3195671861855462,-2.0663562201804093,2.216457905049044,0.4340445805540692,-1,看空：股权风险溢价低于-1.5个标准差,2015-06-08
2015-06-08,21.85,3.5613,0.04576659038901602,0.035613,1.2851091003009019,-2.1461324587193547,2.2164874389460527,0.4339798947921999,-1,看空：股权风险溢价低于-1.5个标准差,2015-06-09
2015-06-09,21.72,3.5565,0.04604051565377532,0.035565,1.2945456390770511,-2.124827699964398,2.2165213599819986,0.43390610962027437,-1,看空：股权风险溢价低于-1.5个标准差,2015-06-10
2015-06-10,21.68,3.5912,0.046125461254612546,0.035912,1.2844024630934658,-2.148536187730046,2.216546646918235,0.43385081859365404,-1,看空：股权风险溢价低于-1.5个标准差,2015-06-11
2015-06-11,21.68,3.6197,0.046125461254612546,0.036197,1.2742896166702364,-2.1718206872501566,2.216544748776293,0.43385493914743467,-1,看空：股权风险溢价低于-1.5个标准差,2015-06-12
2015-06-12,21.85,3.6226,0.04576659038901602,0.036226,1.2633630648985816,-2.1957842169910404,2.2164488130884075,0.4340525543515712,-1,看空：股权风险溢价低于-1.5个标准差,2015-06-15
2015-06-15,21.82,3.6681,0.045829514207149404,0.036681,1.2494074372876804,-2.2264869594630627,2.216336541484787,0.43428464742963957,-1,看空：股权风险溢价低于-1.5个标准差,2015-06-16
2015-06-16,21.11,3.6099,0.047370914258645196,0.036099,1.3122500417918834,-2.081327878559328,2.216298674377431,0.43436146793522984,-1,看空：股权风险溢价低于-1.5个标准差,2015-06-17
2015-06-17,21.46,3.6052,0.046598322460391424,0.036052,1.292530857106164,-2.1257700113965625,2.21622007566501,0.4345198274539643,-1,看空：股权风险溢价低于-1.5个标准差,2015-06-18
2015-06-18,20.61,3.573,0.048520135856380396,0.03573,1.3579662988071761,-1.9747978081623891,2.2161857471583364,0.4345859838429536,-1,看空：股权风险溢价低于-1.5个标准差,2015-06-19
2015-06-19,19.37,3.5825,0.05162622612287041,0.035825,1.4410670236670038,-1.7836161676792546,2.2161895300343706,0.43457921071432903,-1,看空：股权风险溢价低于-1.5个标准差,2015-06-23
2015-06-23,19.9,3.6054,0.05025125628140704,0.036054,1.3937775636935439,-1.891770037657066,2.216124130138779,0.43469689765448516,-1,看空：股权风险溢价低于-1.5个标准差,2015-06-24
2015-06-24,20.38,3.6079,0.04906771344455348,0.036079,1.3600075790502366,-1.9680945662515914,2.2159927581384844,0.43493091936051964,-1,看空：股权风险溢价低于-1.5个标准差,2015-06-25
2015-06-25,19.69,3.6028,0.05078720162519045,0.036028,1.4096591991004346,-1.852765582051357,2.2158689311063213,0.4351385516959259,-1,看空：股权风险溢价低于-1.5个标准差,2015-06-26
2015-06-26,18.24,3.608,0.054824561403508776,0.03608,1.5195277550861634,-1.5997073380652131,2.2157962099991066,0.4352473970364193,-1,看空：股权风险溢价低于-1.5个标准差,2015-06-29
2015-06-29,17.71,3.603,0.0564652738565782,0.03603,1.567173851140111,-1.4899497659884549,2.2157561609836196,0.43530481674543536,0,中性,2015-06-30
2015-06-30,18.78,3.5976,0.05324813631522896,0.035976,1.4801016320666267,-1.6890691626427667,2.2156462248296127,0.4354733417855617,-1,看空：股权风险溢价低于-1.5个标准差,2015-07-01
2015-07-01,17.82,3.6127,0.05611672278338945,0.036127,1.5533180940401763,-1.5201459285104122,2.2155337292986323,0.4356263585216189,-1,看空：股权风险溢价低于-1.5个标准差,2015-07-02
2015-07-02,17.35,3.6223,0.05763688760806916,0.036223,1.5911682524382067,-1.4323777488875278,2.215395051283505,0.4357976094854245,0,中性,2015-07-03
2015-07-03,16.44,3.5719,0.0608272506082725,0.035719,1.7029382291853776,-1.1757462310081834,2.2153652980883005,0.43583135151836716,0,中性,2015-07-06
2015-07-06,17.03,3.4917,0.05871990604815032,0.034917,1.6816996319314468,-1.2240671365631843,2.215289748643243,0.43591572780064824,0,中性,2015-07-07
2015-07-07,16.96,3.4361,0.05896226415094339,0.034361,1.7159647318455047,-1.1452175787874608,2.2152420093352196,0.43596717928338324,0,中性,2015-07-08
2015-07-08,16.05,3.4307,0.06230529595015576,0.034307,1.8161102967369858,-0.9157611067915483,2.2152994978844394,0.4359097565805661,0,中性,2015-07-09
2015-07-09,16.9,3.4358,0.0591715976331361,0.034358,1.7222072772901829,-1.1310481509657249,2.215273905807626,0.43593778752606355,0,中性,2015-07-10
2015-07-10,17.6,3.4885,0.056818181818181816,0.034885,1.628728158755391,-1.3444020450313277,2.2150810609264875,0.43614401237944644,0,中性,2015-07-13
2015-07-13,17.87,3.5014,0.05595970900951315,0.035013999999999997,1.598209545025223,-1.4131834029461436,2.2148805221971584,0.43637009597361986,0,中性,2015-07-14
2015-07-14,17.52,3.5341,0.05707762557077626,0.035341,1.6150540610275959,-1.3734228666554387,2.2146772756555486,0.43659038245675647,0,中性,2015-07-15
2015-07-15,17.09,3.5495,0.058513750731421885,0.035495,1.6485068525544975,-1.295820189958932,2.2144946235413254,0.43677955890220055,0,中性,2015-07-16
2015-07-16,17.17,3.5208,0.05824111822947,0.035207999999999996,1.654201267594581,-1.2819015006100778,2.2143303570787434,0.43695173866134634,0,中性,2015-07-17
2015-07-17,17.69,3.5123,0.05652911249293386,0.035123,1.6094613926183372,-1.3834548951134942,2.214191835805019,0.4371161252330324,0,中性,2015-07-20
2015-07-20,17.77,3.5009,0.056274620146314014,0.035009,1.6074329499932594,-1.3870341157078703,2.214011159472584,0.4373203244317886,0,中性,2015-07-21
2015-07-21,17.79,3.5214,0.056211354693648116,0.035213999999999995,1.5962786020800852,-1.4114644720136555,2.2138325575141846,0.4375270987537296,0,中性,2015-07-22
2015-07-22,17.77,3.5145,0.056274620146314014,0.035145,1.6012126944462657,-1.3992634107018946,2.2136803586349063,0.4377071961607402,0,中性,2015-07-23
2015-07-23,18.12,3.4751,0.05518763796909492,0.034751,1.588087766369167,-1.4282642403161445,2.2135218085284225,0.43789799149547876,0,中性,2015-07-24
2015-07-24,17.79,3.4602,0.056211354693648116,0.034602,1.6245117245722245,-1.3441404924748068,2.2133556712173243,0.43808214241126775,0,中性,2015-07-27
2015-07-27,16.31,3.4602,0.061312078479460456,0.034602,1.771922966286933,-1.0074386538271876,2.2133085364268603,0.4381264987829632,0,中性,2015-07-28
2015-07-28,16.15,3.4401,0.061919504643962855,0.034401,1.7999332764734413,-0.9434022515454595,2.213283916335707,0.4381488799556333,0,中性,2015-07-29
2015-07-29,16.62,3.4302,0.06016847172081829,0.034302,1.7540805702529967,-1.0476779866433563,2.2132006353106606,0.4382263165885861,0,中性,2015-07-30
2015-07-30,16.23,3.4402,0.061614294516327786,0.034402,1.7910090842488164,-0.963185091470932,2.213147554944449,0.43827346834341246,0,中性,2015-07-31
2015-07-31,16.14,3.4752,0.06195786864931846,0.034752,1.7828576383896888,-0.9813759843842704,2.213049654694418,0.43835596463534615,0,中性,2015-08-03
2015-08-03,16.11,3.47,0.062073246430788334,0.0347,1.7888543639996637,-0.9673467053667595,2.212965566468177,0.43842729821229487,0,中性,2015-08-04
2015-08-04,16.61,3.47,0.060204695966285374,0.0347,1.7350056474433824,-1.0898584112834762,2.2129002996541973,0.4384924199906118,0,中性,2015-08-05
2015-08-05,16.28,3.4701,0.06142506142506142,0.034701,1.7701236686280342,-1.0095556968421189,2.2128520540336583,0.43853785065100864,0,中性,2015-08-06
2015-08-06,16.11,3.46,0.062073246430788334,0.0346,1.794024463317582,-0.9550288282704404,2.2128461209127437,0.438543471356408,0,中性,2015-08-07
2015-08-07,16.43,3.4553,0.06086427267194157,0.034553,1.7614757813197572,-1.0290741408272561,2.2128078973125374,0.43858075729117196,0,中性,2015-08-10
2015-08-10,17.14,3.4755,0.058343057176196034,0.034755,1.6786953582562518,-1.217265608343829,2.2127021123814115,0.4386937004255887,0,中性,2015-08-11
2015-08-11,17.08,3.5256,0.0585480093676815,0.035255999999999996,1.660653771490853,-1.257976239707244,2.212627813886161,0.43877938626548574,0,中性,2015-08-12
2015-08-12,16.87,3.5402,0.05927682276229994,0.035402,1.6743919202954616,-1.2263040833651986,2.212561282367195,0.4388547419616349,0,中性,2015-08-13
2015-08-13,17.12,3.5153,0.05841121495327103,0.035153,1.6616281669635886,-1.2549700823675318,2.2124861225974906,0.4389411057470748,0,中性,2015-08-14
2015-08-14,17.11,3.5052,0.058445353594389245,0.035052,1.6673899804401815,-1.2414611836324674,2.212416786075583,0.43902041628130023,0,中性,2015-08-17
2015-08-17,17.13,3.5176,0.05837711617046118,0.035176,1.6595723268837044,-1.2587297053866457,2.2123186908659025,0.4391303086093533,0,中性,2015-08-18
2015-08-18,16.17,3.5126,0.061842918985776124,0.035126,1.7606023739046897,-1.0284601585030835,2.212274408795316,0.4391730988860394,0,中性,2015-08-19
2015-08-19,16.32,3.5201,0.061274509803921566,0.035200999999999996,1.740703667620851,-1.0731205076893604,2.212126448318868,0.43930087750636965,0,中性,2015-08-20
2015-08-20,15.8,3.5051,0.06329113924050632,0.035051,1.805687119925432,-0.9247410899150723,2.2120090465282405,0.43938993414916255,0,中性,2015-08-21
2015-08-21,15.11,3.4951,0.06618133686300463,0.034950999999999996,1.8935463037682654,-0.7246377535680313,2.2119656876006872,0.4394187057803187,0,中性,2015-08-24
2015-08-24,13.76,3.4701,0.07267441860465117,0.034701,2.0943032939872386,-0.26806161930305566,2.2120811910345073,0.4393687442218855,0,中性,2015-08-25
2015-08-25,12.72,3.4577,0.07861635220125786,0.034577,2.2736603002359335,0.13961886254012384,2.2123230349408995,0.43931933106392934,0,中性,2015-08-26
2015-08-26,12.61,3.429,0.07930214115781127,0.03429,2.3126900308489726,0.22783374830480763,2.212610054629702,0.439267566652938,0,中性,2015-08-27
2015-08-27,13.17,3.3902,0.07593014426727411,0.033902,2.2396951291155127,0.06112354365065754,2.2128496353368634,0.43920054655339863,0,中性,2015-08-28
2015-08-28,13.78,3.3803,0.07256894049346879,0.033803,2.1468195276593436,-0.15074067720232884,2.2130152641329333,0.439136520427991,0,中性,2015-08-31
2015-08-31,13.58,3.3252,0.07363770250368189,0.033252000000000004,2.2145345393865594,0.0028832256982176886,2.2132686711144895,0.4390458481458411,0,中性,2015-09-01
2015-09-01,13.56,3.3002,0.07374631268436578,0.033002,2.234601317628198,0.04797907392262828,2.2135407336821995,0.4389535316992802,0,中性,2015-09-02
2015-09-02,13.71,3.3002,0.07293946024799416,0.033002,2.2101527255316094,-0.008195198802699706,2.2137495142907055,0.43888975065636227,0,中性,2015-09-07
2015-09-07,13.23,3.3353,0.07558578987150416,0.033353,2.266236616541365,0.11900945250975567,2.2140125888912427,0.4388225182856081,0,中性,2015-09-08
2015-09-08,13.54,3.3603,0.07385524372230429,0.033603,2.1978764908580866,-0.037195004938260695,2.2141964510698346,0.4387675237262984,0,中性,2015-09-09
2015-09-09,13.8,3.3478,0.07246376811594203,0.033478,2.1645190308842235,-0.11361371598044,2.214362436502736,0.4387094039516654,0,中性,2015-09-10
2015-09-10,13.63,3.3453,0.07336757153338225,0.033453,2.193153724131834,-0.04885326497516552,2.2145822236329105,0.4386298338907221,0,中性,2015-09-11
2015-09-11,13.59,3.3404,0.07358351729212656,0.033403999999999996,2.2028355074879227,-0.02739503320293825,2.214848811620038,0.43852124737804876,0,中性,2015-09-14
2015-09-14,13.25,3.3303,0.07547169811320754,0.033303,2.266213197405866,0.11642634599200727,2.2151705896086353,0.4384111462257407,0,中性,2015-09-15
2015-09-15,12.8,3.3104,0.078125,0.033104,2.359986708554857,0.32945650230009266,2.2155849505146445,0.4383029535980477,0,中性,2015-09-16
2015-09-16,13.37,3.3103,0.07479431563201197,0.033103,2.259442214663685,0.09928105802705736,2.215941519285207,0.43815704871539957,0,中性,2015-09-17
2015-09-17,13.1,3.3204,0.07633587786259542,0.033204,2.2989964420731064,0.1886923063830303,2.216349931176698,0.4379961879772802,0,中性,2015-09-18
2015-09-18,13.14,3.3105,0.076103500761035,0.033105,2.298852160127926,0.1875137160702378,2.2167507620479623,0.4378420939042709,0,中性,2015-09-21
2015-09-21,13.36,3.3204,0.07485029940119761,0.033204,2.254255493350127,0.08477269923775722,2.2171553397644717,0.43764270713620573,0,中性,2015-09-22
2015-09-22,13.48,3.3255,0.07418397626112759,0.033255,2.230761577541049,0.030240926556981372,2.2175326612919797,0.437450758135428,0,中性,2015-09-23
2015-09-23,13.2,3.3354,0.07575757575757576,0.033354,2.2713190549132265,0.12208493920734692,2.217935167931808,0.4372684077824903,0,中性,2015-09-24
2015-09-24,13.29,3.318,0.07524454477050414,0.03318,2.2677680762659476,0.11304674090015836,2.218360051571305,0.4370583733880402,0,中性,2015-09-25
2015-09-25,13.1,3.3101,0.07633587786259542,0.033101,2.306150202791318,0.1999636092776321,2.2187901278279605,0.4368798666864717,0,中性,2015-09-28
2015-09-28,13.14,3.2906,0.076103500761035,0.032906,2.312754535982344,0.21417273896613007,2.2192247102823517,0.43670275755675525,0,中性,2015-09-29
2015-09-29,12.89,3.2457,0.07757951900698215,0.032457,2.3902245742669423,0.390591776061303,2.2197094375339206,0.4365558805474173,0,中性,2015-09-30
2015-09-30,12.96,3.2362,0.07716049382716049,0.032362,2.3842931162215093,0.37601095163653914,2.220205730315179,0.4363899114963571,0,中性,2015-10-08
2015-10-08,13.34,3.2409,0.07496251874062969,0.032409,2.3130154815214814,0.2117429579429757,2.2206537841085394,0.43619725685430266,0,中性,2015-10-09
2015-10-09,13.51,3.1486,0.07401924500370097,0.031486,2.350862129317823,0.29760632681159593,2.22108938679355,0.4360550527086989,0,中性,2015-10-12
2015-10-12,13.93,3.1488,0.07178750897343862,0.031488,2.279837048191013,0.13391755054979787,2.2214615328642235,0.4359063848399939,0,中性,2015-10-13
2015-10-13,13.94,3.1064,0.07173601147776183,0.031063999999999998,2.3092973048468273,0.2007411656344751,2.221814594140523,0.43579855895426706,0,中性,2015-10-14
2015-10-14,13.8,3.0414,0.07246376811594203,0.030414,2.3825793422746773,0.3679910746430084,2.2222506285845776,0.4356864194210039,0,中性,2015-10-15
2015-10-15,14.09,3.0814,0.07097232079488999,0.030813999999999998,2.3032491982504704,0.18504570287058048,2.222657267884694,0.43552446296006053,0,中性,2015-10-16
2015-10-16,14.28,3.1216,0.0700280112044818,0.031216,2.2433371093183556,0.04667199275325202,2.2230182576090503,0.4353542780298273,0,中性,2015-10-19
2015-10-19,14.28,3.1214,0.0700280112044818,0.031214,2.2434808484808673,0.04620842872982855,2.2233713280896534,0.43519160776468246,0,中性,2015-10-20
2015-10-20,14.43,3.0615,0.0693000693000693,0.030615,2.2635985399336698,0.09160268757713688,2.22374945795523,0.435020882382776,0,中性,2015-10-21
2015-10-21,14.06,3.0616,0.07112375533428164,0.030615999999999997,2.323091041752079,0.227527075430545,2.224142070626011,0.4348887750560185,0,中性,2015-10-22
2015-10-22,14.24,3.0516,0.0702247191011236,0.030516,2.301242597362813,0.17650474138238498,2.224504727645343,0.4347637866068567,0,中性,2015-10-23
2015-10-23,14.41,3.04,0.06939625260235947,0.0304,2.2827714671828776,0.13325659917385194,2.2248534230958263,0.4346354660566494,0,中性,2015-10-26
2015-10-26,14.51,3.02,0.06891798759476224,0.0302,2.282052569362988,0.1309121784325557,2.2251665871129704,0.43453544911655834,0,中性,2015-10-27
2015-10-27,14.51,2.98,0.06891798759476224,0.0298,2.312684147475243,0.2006623010015605,2.2255093688018563,0.43443525883174644,0,中性,2015-10-28
2015-10-28,14.24,2.987,0.0702247191011236,0.02987,2.3510116873493003,0.28811673258300646,2.2258669123032693,0.4343544157400745,0,中性,2015-10-29
2015-10-29,14.31,3.05,0.06988120195667365,0.0305,2.291186949399136,0.14970810945649218,2.2261740001858112,0.43426471317653365,0,中性,2015-10-30
2015-10-30,14.51,3.06,0.06891798759476224,0.030600000000000002,2.252221816822295,0.0593883941288157,2.226436496403948,0.4341811358363725,0,中性,2015-11-02
2015-11-02,14.13,3.0525,0.07077140835102619,0.030525000000000004,2.3184736560532735,0.21130101155658576,2.2267460623984485,0.4341086347817157,0,中性,2015-11-03
2015-11-03,14.08,3.08,0.07102272727272728,0.0308,2.3059327036599764,0.18171691885857116,2.2270637263695376,0.43402110153442475,0,中性,2015-11-04
2015-11-04,14.71,3.1351,0.06798096532970768,0.031351,2.1683826777362025,-0.1357059879548192,2.2272698389267367,0.4339319294454388,0,中性,2015-11-05
2015-11-05,14.97,3.115,0.0668002672010688,0.03115,2.1444708571771685,-0.19136040217951036,2.227487249555004,0.433822208943521,0,中性,2015-11-06
2015-11-06,15.27,3.125,0.06548788474132286,0.03125,2.0956123117223315,-0.30449144941088635,2.2276746663804454,0.43371449317746363,0,中性,2015-11-09
2015-11-09,15.53,3.2099,0.0643915003219575,0.032099,2.0060282352084955,-0.5113796704803502,2.2277837102804368,0.43364155415807104,0,中性,2015-11-10
2015-11-10,15.5,3.2001,0.06451612903225806,0.032001,2.016066030194621,-0.48852476801446726,2.227880832138124,0.43358047700302144,0,中性,2015-11-11
2015-11-11,15.52,3.1226,0.06443298969072166,0.031225999999999997,2.0634403923243982,-0.379694616079635,2.228033714918629,0.433488692290833,0,中性,2015-11-12
2015-11-12,15.4,3.1351,0.06493506493506493,0.031351,2.071227869448022,-0.3622526557480544,2.228218272074398,0.43337267549409647,0,中性,2015-11-13
2015-11-13,15.21,3.1251,0.06574621959237344,0.031251,2.1038117049813905,-0.28762619813885004,2.2284259535807656,0.43325068928254656,0,中性,2015-11-16
2015-11-16,15.32,3.1352,0.06527415143603132,0.031352000000000005,2.0819772721367475,-0.33852470803887275,2.228606662715264,0.4331423588782155,0,中性,2015-11-17
2015-11-17,15.29,3.1252,0.06540222367560497,0.031252,2.092737222437123,-0.31411082513124694,2.228764942448832,0.4330564537368984,0,中性,2015-11-18
2015-11-18,15.14,3.1402,0.06605019815059444,0.031402,2.1033755222786588,-0.2900001339225321,2.228935436030633,0.43296501989035274,0,中性,2015-11-19
2015-11-19,15.36,3.1402,0.06510416666666667,0.031402,2.0732490499543554,-0.3599570380825058,2.2290707864184216,0.43288981733522947,0,中性,2015-11-20
2015-11-20,15.38,3.1251,0.06501950585175552,0.031251,2.080557609412675,-0.34347301729611346,2.2292159838245595,0.4328094695244245,0,中性,2015-11-23
2015-11-23,15.3,3.1302,0.06535947712418301,0.031301999999999996,2.088028788070507,-0.32668157549994054,2.22938747733427,0.43271093280186707,0,中性,2015-11-24
2015-11-24,15.32,3.1077,0.06527415143603132,0.031077,2.1004006640290673,-0.29854600013904603,2.2295572174867275,0.432618602820022,0,中性,2015-11-25
2015-11-25,15.45,3.0853,0.06472491909385114,0.030853000000000002,2.09784847806862,-0.3048843309931581,2.2297202400062024,0.4325304665805917,0,中性,2015-11-26
2015-11-26,15.38,3.0503,0.06501950585175552,0.030503,2.1315774137545658,-0.22744968804757007,2.229930850333115,0.43241842810520387,0,中性,2015-11-27
2015-11-27,14.57,3.0603,0.06863417982155114,0.030602999999999998,2.2427271777783595,0.02878718380673197,2.230283965311255,0.4322483418539425,0,中性,2015-11-30
2015-11-30,14.62,3.0404,0.06839945280437756,0.030404,2.249685988829679,0.043932181516020505,2.230706926601897,0.4320081901888006,0,中性,2015-12-01
2015-12-01,14.67,3.0504,0.0681663258350375,0.030503999999999996,2.2346684315184078,0.008172264883269989,2.2311401367473196,0.4317401383196962,0,中性,2015-12-02
2015-12-02,15.08,3.0454,0.06631299734748011,0.030454,2.177480703601501,-0.12530408369180857,2.2315436263834982,0.4314537977466677,0,中性,2015-12-03
2015-12-03,15.3,3.0304,0.06535947712418301,0.030304,2.1567937276987528,-0.17428294055821322,2.2319375937513186,0.43116019165092423,0,中性,2015-12-04
2015-12-04,15.01,3.0254,0.06662225183211193,0.030254,2.2020973038973994,-0.07036163968033031,2.232409392503349,0.4308041817056087,0,中性,2015-12-07
2015-12-07,15.04,3.028,0.06648936170212766,0.03028,2.1958177576660387,-0.08607133906702014,2.2328679806623883,0.43045946999267876,0,中性,2015-12-08
2015-12-08,14.76,3.0005,0.06775067750677508,0.030005,2.2579795869613424,0.057153284405725945,2.2333990975102718,0.43008008562685496,0,中性,2015-12-09
2015-12-09,14.78,2.9968,0.06765899864682003,0.029967999999999998,2.257708176949414,0.055180577563425606,2.2340035872139463,0.42958212440275767,0,中性,2015-12-10
2015-12-10,14.72,3.0018,0.06793478260869565,0.030018,2.2631348726995686,0.06647774326126317,2.2346101459783547,0.4290868691060897,0,中性,2015-12-11
2015-12-11,14.64,2.9931,0.06830601092896174,0.029931,2.28211589752971,0.10939666633717499,2.2352288496383075,0.42859667905135446,0,中性,2015-12-14
2015-12-14,15.26,3.0306,0.0655307994757536,0.030306000000000003,2.162304476861136,-0.17165156796664768,2.2357811049964327,0.42805684215813994,0,中性,2015-12-15
2015-12-15,15.22,3.0157,0.0657030223390276,0.030157,2.1786988871249657,-0.13487547536054645,2.2363573401922126,0.42749397481725554,0,中性,2015-12-16
2015-12-16,15.24,3.0007,0.06561679790026247,0.030007000000000002,2.1867163628574153,-0.11757858327844563,2.23691856167881,0.4269672028834315,0,中性,2015-12-17
2015-12-17,15.51,2.9857,0.06447453255963895,0.029857,2.1594444371383243,-0.1828676196965061,2.237434393186493,0.42648313669529764,0,中性,2015-12-18
2015-12-18,15.53,2.9408,0.0643915003219575,0.029408,2.18959127863022,-0.11348578552941696,2.237941694386492,0.4260482097446393,0,中性,2015-12-21
2015-12-21,15.82,2.8811,0.0632111251580278,0.028811,2.1939927513112285,-0.10451058009873711,2.23847060577846,0.42558231353429027,0,中性,2015-12-22
2015-12-22,15.86,2.861,0.06305170239596469,0.028610000000000003,2.2038344074087624,-0.08277536251682338,2.2390214551148104,0.4250908318148002,0,中性,2015-12-23
2015-12-23,15.8,2.846,0.06329113924050632,0.02846,2.2238629388793507,-0.03706804309211534,2.2396011047051685,0.42457503857724294,0,中性,2015-12-24
2015-12-24,15.69,2.801,0.06373486297004462,0.02801,2.275432451626013,0.08296901924481113,2.240253386498631,0.4240024222002853,0,中性,2015-12-25
2015-12-25,15.68,2.8061,0.06377551020408163,0.028061,2.2727454546909103,0.07516612233526182,2.2409203978166685,0.4233962839308531,0,中性,2015-12-28
2015-12-28,15.29,2.7961,0.06540222367560497,0.027961,2.3390516675227984,0.23038756145065364,2.241647968760153,0.422781933839376,0,中性,2015-12-29
2015-12-29,15.42,2.8061,0.0648508430609598,0.028061,2.311066713978825,0.1627759987120737,2.2423471565043984,0.42217254397548465,0,中性,2015-12-30
2015-12-30,15.44,2.8261,0.06476683937823835,0.028260999999999998,2.291739123818632,0.11551367595087103,2.243046876636112,0.4215279860302379,0,中性,2015-12-31
2015-12-31,15.35,2.8212,0.06514657980456026,0.028212,2.3091797747256577,0.15540165226458966,2.2437798044822994,0.42084475480355343,0,中性,2016-01-04
2016-01-04,14.33,2.871,0.06978367062107467,0.02871,2.43063986837599,0.4427498264314183,2.244551229626502,0.42030200271193735,0,中性,2016-01-05
2016-01-05,14.3,2.8911,0.06993006993006992,0.028911,2.4188049507132208,0.4133151933310374,2.2453194822195788,0.4197413288765601,0,中性,2016-01-06
2016-01-06,14.57,2.8861,0.06863417982155114,0.028860999999999998,2.3780943079432846,0.3150690076583666,2.2459927446188814,0.41927819021680035,0,中性,2016-01-07
2016-01-07,13.6,2.8511,0.07352941176470588,0.028511,2.5789839628461255,0.7928946694940052,2.246787548153844,0.4189666389159565,0,中性,2016-01-08
2016-01-08,13.87,2.8362,0.07209805335255949,0.028362,2.5420652052943904,0.7035150748207993,2.2475610485353177,0.41861811821742323,0,中性,2016-01-11
2016-01-11,13.17,2.8187,0.07593014426727411,0.028187000000000004,2.6938001301051586,1.0645012878918194,2.2484782542306996,0.41833850361646074,0,中性,2016-01-12
2016-01-12,13.22,2.7887,0.075642965204236,0.027887,2.7124812709949437,1.1076563282072176,2.2494220395160522,0.41805316295928163,0,中性,2016-01-13
2016-01-13,12.94,2.7237,0.07727975270479134,0.027237,2.837307805734528,1.404237139500045,2.2504481551733306,0.4179206161504451,0,中性,2016-01-14
2016-01-14,13.19,2.7513,0.0758150113722517,0.027513,2.7556068539327483,1.2071301190245978,2.251428426602282,0.41766700986456995,0,中性,2016-01-15
2016-01-15,12.76,2.7464,0.07836990595611286,0.027464,2.8535503188214704,1.4396941981221636,2.2525067065606947,0.4174800544759678,0,中性,2016-01-18
2016-01-18,12.81,2.7764,0.078064012490242,0.027764,2.811699052378692,1.3377081497572938,2.25355349110219,0.4172401591316975,0,中性,2016-01-19
2016-01-19,13.19,2.7964,0.0758150113722517,0.027964000000000003,2.7111647608443605,1.0953222104296452,2.2545141838623404,0.41690981213911193,0,中性,2016-01-20
2016-01-20,13.05,2.8114,0.07662835249042145,0.028114,2.725629668151862,1.1284920994757552,2.2554610036454092,0.4166344316675953,0,中性,2016-01-21
2016-01-21,12.66,2.7914,0.07898894154818326,0.027913999999999998,2.8297249247038496,1.3763662139024209,2.256467565681101,0.41650060371460884,0,中性,2016-01-22
2016-01-22,12.81,2.7741,0.078064012490242,0.027741,2.814030225667496,1.3367936447902573,2.2574629985050896,0.4163449080802084,0,中性,2016-01-25
2016-01-25,12.88,2.859,0.07763975155279502,0.02859,2.715626147352047,1.098914264239909,2.2583818688107784,0.4160873085558979,0,中性,2016-01-26
2016-01-26,12.08,2.8616,0.08278145695364239,0.028616000000000003,2.892838165838775,1.522556081970787,2.259447711114589,0.41600467938384844,1,看多：股权风险溢价高于1.5个标准差,2016-01-27
2016-01-27,12.03,2.9016,0.0831255195344971,0.029016,2.8648166368381958,1.4531085037418536,2.2604924486715308,0.41588373243325527,0,中性,2016-01-28
2016-01-28,11.72,2.8866,0.08532423208191126,0.028866,2.955873071499732,1.6693799086109766,2.261603634885355,0.4158846246041444,1,看多：股权风险溢价高于1.5个标准差,2016-01-29
2016-01-29,12.07,2.8419,0.08285004142502071,0.028419,2.9153045999162783,1.5694314841885009,2.2626789361778865,0.4158357152340691,1,看多：股权风险溢价高于1.5个标准差,2016-02-01
2016-02-01,11.93,2.8368,0.08382229673093043,0.028368,2.954818694688749,1.6618326701600672,2.2637944963043743,0.4158205641232312,1,看多：股权风险溢价高于1.5个标准差,2016-02-02
2016-02-02,12.19,2.8818,0.08203445447087777,0.028818,2.846639408386348,1.3997839871800672,2.2648461816107717,0.4156307202425047,0,中性,2016-02-03
2016-02-03,12.13,2.8918,0.08244023083264633,0.028918,2.850827541069449,1.4079756194682134,2.265905921078214,0.41543448047215287,0,中性,2016-02-04
2016-02-04,12.29,2.855,0.08136696501220506,0.02855,2.849981261373207,1.4040000086238154,2.2669465529057384,0.41526688382213944,0,中性,2016-02-05
2016-02-05,12.21,2.8535,0.0819000819000819,0.028534999999999998,2.870162323465285,1.4505494658808236,2.267998405661511,0.41512815106799494,0,中性,2016-02-15
2016-02-15,12.13,2.8371,0.08244023083264633,0.028371,2.9057922115063386,1.5341313396019844,2.2690762691113053,0.41503352806821814,1,看多：股权风险溢价高于1.5个标准差,2016-02-16
2016-02-16,12.51,2.8376,0.07993605115907275,0.028376000000000002,2.817030277666787,1.3183967959469378,2.2700581686999737,0.4148766977046169,0,中性,2016-02-17
2016-02-17,12.63,2.8351,0.0791765637371338,0.028351,2.7927256088721317,1.2581251175686234,2.271047397233813,0.4146473227134057,0,中性,2016-02-18
2016-02-18,12.59,2.8351,0.07942811755361398,0.028351,2.801598446390391,1.2777780728323687,2.272033433549321,0.4144420882628057,0,中性,2016-02-19
2016-02-19,12.57,2.8251,0.07955449482895784,0.028251,2.815988631515976,1.3106861659984836,2.2730253855742975,0.4142587753095325,0,中性,2016-02-22
2016-02-22,12.86,2.8426,0.07776049766718507,0.028426,2.7355413236890547,1.1149440896335372,2.2739447591040776,0.4140087102813343,0,中性,2016-02-23
2016-02-23,12.74,2.8451,0.07849293563579278,0.028451,2.7588814324906954,1.1697138766404584,2.274885935543883,0.4137725529399535,0,中性,2016-02-24
2016-02-24,12.82,2.8676,0.078003120124805,0.028676,2.720153442767645,1.0745987684738516,2.2757814732448876,0.4135236169625021,0,中性,2016-02-25
2016-02-25,12.04,2.8651,0.08305647840531562,0.028651,2.8989032984997247,1.5046124717564078,2.2768263365950823,0.41344663398839276,1,看多：股权风险溢价高于1.5个标准差,2016-02-26
2016-02-26,12.15,2.8551,0.0823045267489712,0.028551000000000003,2.882719580714202,1.4633119657273792,2.277855030431832,0.4133531088715628,0,中性,2016-02-29
2016-02-29,11.83,2.8502,0.08453085376162299,0.028502,2.9657867434433722,1.661688879975972,2.278972694024954,0.4133228895582124,1,看多：股权风险溢价高于1.5个标准差,2016-03-01
2016-03-01,12.03,2.8527,0.0831255195344971,0.028527,2.913924336049956,1.5341032990742605,2.2800791191002525,0.4131698415173158,1,看多：股权风险溢价高于1.5个标准差,2016-03-02
2016-03-02,12.51,2.8752,0.07993605115907275,0.028752,2.780190983551501,1.2088345862055778,2.2810574432328847,0.4129047481056536,0,中性,2016-03-03
2016-03-03,12.55,2.9002,0.0796812749003984,0.029002,2.747440690310958,1.128021370598745,2.282007400533506,0.41261034755964193,0,中性,2016-03-04
2016-03-04,12.66,2.8952,0.07898894154818326,0.028952,2.7282723662677277,1.080128638241651,2.282945393591684,0.4122906817848981,0,中性,2016-03-07
2016-03-07,12.72,2.9303,0.07861635220125786,0.029303,2.682877254931504,0.9686586273988338,2.283833727861696,0.4119547545262368,0,中性,2016-03-08
2016-03-08,12.74,2.9352,0.07849293563579278,0.029352,2.674193773364431,0.9462539183591258,2.2847286378303124,0.4115862856446395,0,中性,2016-03-09
2016-03-09,12.6,2.8928,0.07936507936507936,0.028928,2.743538418317179,1.1132788150925137,2.285680817679966,0.41126948113098244,0,中性,2016-03-10
2016-03-10,12.36,2.8653,0.08090614886731393,0.028652999999999998,2.823653679102151,1.3064173000166546,2.2867097647269317,0.41100490200824374,0,中性,2016-03-11
2016-03-11,12.38,2.8453,0.08077544426494346,0.028453,2.8389078221960236,1.3417998431701028,2.2877456372889022,0.41076333978766855,0,中性,2016-03-14
2016-03-14,12.59,2.8504,0.07942811755361398,0.028504,2.7865603969132042,1.2127369426748944,2.288709930376756,0.41051810084910556,0,中性,2016-03-15
2016-03-15,12.6,2.8404,0.07936507936507936,0.028404,2.794151505600597,1.2296087746183053,2.289689101864771,0.41026252752012227,0,中性,2016-03-16
2016-03-16,12.65,2.8054,0.07905138339920949,0.028054000000000003,2.8178293077354204,1.2856722778136174,2.2907026271114344,0.41000081414246925,0,中性,2016-03-17
2016-03-17,12.82,2.8154,0.078003120124805,0.028154,2.7705874875614476,1.16885589410771,2.291639612518817,0.40975784735915066,0,中性,2016-03-18
2016-03-18,13.04,2.8229,0.07668711656441718,0.028229,2.716607622105536,1.035714937159779,2.292552268768956,0.40943249742005156,0,中性,2016-03-21
2016-03-21,13.29,2.8305,0.07524454477050414,0.028304999999999997,2.6583481635931516,0.8921066559767129,2.293409720939941,0.409074901760106,0,中性,2016-03-22
2016-03-22,13.21,2.8304,0.07570022710068129,0.028304,2.674541658446908,0.9303572501786674,2.2942810991612426,0.4087253140797685,0,中性,2016-03-23
2016-03-23,13.26,2.8307,0.07541478129713423,0.028307000000000002,2.6641742783457882,0.9036871558483628,2.295152709301002,0.40835101689406733,0,中性,2016-03-24
2016-03-24,13.11,2.8309,0.07627765064836003,0.028309,2.6944664470083732,0.9765596837689368,2.2960693840721875,0.40795976892944336,0,中性,2016-03-25
2016-03-25,13.19,2.8311,0.0758150113722517,0.028311000000000003,2.677934773489163,0.9347567705994174,2.2969747749830938,0.4075498680386949,0,中性,2016-03-28
2016-03-28,13.1,2.8665,0.07633587786259542,0.028665,2.663034287897974,0.8969674359094264,2.2978876528673258,0.40709018010272546,0,中性,2016-03-29
2016-03-29,12.95,2.851,0.07722007722007722,0.02851,2.708526033675104,1.0074473866294,2.2988391238500405,0.40665836773446423,0,中性,2016-03-30
2016-03-30,13.23,2.8362,0.07558578987150416,0.028362,2.665037369420498,0.899302042786268,2.2997646392065185,0.40617357999351483,0,中性,2016-03-31
2016-03-31,13.28,2.8419,0.07530120481927711,0.028419,2.649678201881738,0.8603387180800866,2.3007027835648803,0.4056256111495527,0,中性,2016-04-01
2016-04-01,13.3,2.8422,0.07518796992481203,0.028422,2.6454144650204783,0.8486855662084299,2.3016397729197355,0.4050672072067673,0,中性,2016-04-05
2016-04-05,13.48,2.8637,0.07418397626112759,0.028637000000000003,2.590493985442874,0.7119623336411031,2.302548288641775,0.4044395092202319,0,中性,2016-04-06
2016-04-06,13.47,2.8689,0.07423904974016332,0.028689,2.5877182801827643,0.7039547869734509,2.303451075571974,0.40381457711645796,0,中性,2016-04-07
2016-04-07,13.29,2.9049,0.07524454477050414,0.029049000000000002,2.5902628238667127,0.7091271797921439,2.304365352394871,0.40316811937125696,0,中性,2016-04-08
2016-04-08,13.19,2.9158,0.0758150113722517,0.029158,2.600144432822954,0.7325195612227451,2.305287505877935,0.4025243045425771,0,中性,2016-04-11
2016-04-11,13.39,2.9091,0.07468259895444361,0.029091,2.5672063165392602,0.6495302016874606,2.3061744565895594,0.40187794081252515,0,中性,2016-04-12
2016-04-12,13.35,2.91,0.0749063670411985,0.0291,2.5741019601786426,0.6655589007566097,2.3070870022297147,0.4011890722900472,0,中性,2016-04-13
2016-04-13,13.53,2.9271,0.07390983000739099,0.029271,2.5250189609986333,0.5419909280764837,2.3079219796846884,0.40055464043359235,0,中性,2016-04-14
2016-04-14,13.59,2.9352,0.07358351729212656,0.029352,2.506933677164301,0.4955890417480956,2.308731168412604,0.39993319475462075,0,中性,2016-04-15
2016-04-15,13.6,2.9151,0.07352941176470588,0.029150999999999996,2.5223632727764365,0.5329350281262493,2.309533623436332,0.39935383885047687,0,中性,2016-04-18
2016-04-18,13.43,2.9047,0.07446016381236038,0.029047,2.563437319253637,0.6345983242806364,2.3103829840893586,0.3987630056400382,0,中性,2016-04-19
2016-04-19,13.46,2.906,0.07429420505200594,0.029060000000000002,2.556579664556295,0.616209166295488,2.3112298388048456,0.39815997419583654,0,中性,2016-04-20
2016-04-20,13.17,2.9258,0.07593014426727411,0.029258000000000003,2.5951925718529667,0.7120417158934482,2.3121178008472305,0.39755363300665975,0,中性,2016-04-21
2016-04-21,13.08,2.9208,0.0764525993883792,0.029207999999999998,2.61752257560871,0.7670764555259917,2.3130200598560133,0.39696501379891336,0,中性,2016-04-22
2016-04-22,13.15,2.9309,0.07604562737642585,0.029308999999999998,2.5946169223250832,0.7082247911381696,2.313901901266726,0.39636429643648496,0,中性,2016-04-25
2016-04-25,13.11,2.9362,0.07627765064836003,0.029362,2.597835659980929,0.7152245776161205,2.3148054587163687,0.3957221411600733,0,中性,2016-04-26
2016-04-26,13.18,2.9212,0.07587253414264036,0.029212,2.597307070472421,0.7127967668469983,2.3157281991542122,0.3950338783995209,0,中性,2016-04-27
2016-04-27,13.13,2.9108,0.07616146230007616,0.029108000000000002,2.6165130651393484,0.760335145393808,2.316657573519951,0.39437278867872205,0,中性,2016-04-28
2016-04-28,13.08,2.8863,0.0764525993883792,0.028863,2.6488098738308286,0.8411688829427169,2.317607492957518,0.39374064779315565,0,中性,2016-04-29
2016-04-29,13.11,2.8913,0.07627765064836003,0.028913,2.6381783505122276,0.8130965050717788,2.318545392264503,0.39310580755664176,0,中性,2016-05-03
2016-05-03,13.31,2.889,0.07513148009015777,0.02889,2.6006050567725087,0.7163982549816179,2.3194439041278723,0.39246487646993333,0,中性,2016-05-04
2016-05-04,13.28,2.8965,0.07530120481927711,0.028965,2.599730875859731,0.7130457688699133,2.3203354141644565,0.39183383997647264,0,中性,2016-05-05
2016-05-05,13.32,2.9017,0.07507507507507508,0.029017,2.587279011444156,0.680097439600784,2.3211865236960403,0.39125641746910783,0,中性,2016-05-06
2016-05-06,12.97,2.9016,0.07710100231303006,0.029016,2.657189216743523,0.8576594129574022,2.3221045018409363,0.390696714616749,0,中性,2016-05-09
2016-05-09,12.67,2.8818,0.07892659826361484,0.028818,2.7387951371925476,1.0653110987439678,2.3230655109371443,0.390242462268121,0,中性,2016-05-10
2016-05-10,12.68,2.9,0.07886435331230283,0.028999999999999998,2.7194604590449254,1.0145579663523758,2.324005338555499,0.3897807060854296,0,中性,2016-05-11
2016-05-11,12.73,2.9075,0.07855459544383346,0.029075000000000004,2.7017917607509356,0.9680623072375848,2.324939384544446,0.3892852488822305,0,中性,2016-05-12
2016-05-12,12.75,2.8975,0.0784313725490196,0.028975,2.7068635909929113,0.9799562855040014,2.3258892557253197,0.38876666327177306,0,中性,2016-05-13
2016-05-13,12.71,2.905,0.07867820613690008,0.02905,2.7083719840585223,0.9827547576046374,2.326858210584501,0.3882085235628077,0,中性,2016-05-16
2016-05-16,12.8,2.9275,0.078125,0.029275000000000002,2.66865926558497,0.8793580407119395,2.32778477910181,0.3876401541824574,0,中性,2016-05-17
2016-05-17,12.77,2.93,0.07830853563038372,0.029300000000000003,2.6726462672485907,0.8885609192799627,2.3287200812642372,0.38705977105435935,0,中性,2016-05-18
2016-05-18,12.65,2.955,0.07905138339920949,0.02955,2.6751737190933835,0.894007996255301,2.3296553787708207,0.3864823824505183,0,中性,2016-05-19
2016-05-19,12.66,2.96,0.07898894154818326,0.0296,2.6685453225737583,0.8757650739364714,2.3305799549034347,0.38590870740163796,0,中性,2016-05-20
2016-05-20,12.74,2.95,0.07849293563579278,0.029500000000000002,2.660777479179416,0.8545262455793639,2.331489006148543,0.3853462368585502,0,中性,2016-05-23
2016-05-23,12.8,2.955,0.078125,0.02955,2.643824027072758,0.8093811551145962,2.332363173516408,0.3848135721818877,0,中性,2016-05-24
2016-05-24,12.71,2.935,0.07867820613690008,0.02935,2.680688454408861,0.9040298338413134,2.3332670227177923,0.38430306023733796,0,中性,2016-05-25
2016-05-25,12.68,2.9401,0.07886435331230283,0.029401,2.682369759950438,0.9073205605761393,2.3341989624558184,0.38373515670529373,0,中性,2016-05-26
2016-05-26,12.71,2.9401,0.07867820613690008,0.029401,2.6760384387231753,0.8897497646482766,2.335129760145064,0.3831511871350418,0,中性,2016-05-27
2016-05-27,12.71,2.9451,0.07867820613690008,0.029451,2.67149523401243,0.8768339019546305,2.3360614024298334,0.382551166001737,0,中性,2016-05-30
2016-05-30,12.73,2.9776,0.07855459544383346,0.029775999999999997,2.6381849625145577,0.7886708847066377,2.3369595161592476,0.381940619587291,0,中性,2016-05-31
2016-05-31,13.13,2.9851,0.07616146230007616,0.029851000000000003,2.5513873002604988,0.5602111304172955,2.337779608006229,0.38129855095016657,0,中性,2016-06-01
2016-06-01,13.11,2.9952,0.07627765064836003,0.029952,2.5466630157705676,0.546613873340885,2.3386088593842618,0.38062362946385925,0,中性,2016-06-02
2016-06-02,13.15,3.0127,0.07604562737642585,0.030127,2.524168598812555,0.48626106010763925,2.3394166997609678,0.3799438495253772,0,中性,2016-06-03
2016-06-03,13.22,3.0152,0.075642965204236,0.030152,2.5087213187926505,0.44431546569813457,2.340215785036945,0.37924750940402163,0,中性,2016-06-06
2016-06-06,13.22,3.0041,0.075642965204236,0.030041,2.517990919218268,0.467489660012853,2.3410314690213867,0.3785312603320808,0,中性,2016-06-07
2016-06-07,13.22,3.0071,0.075642965204236,0.030071,2.515478873473978,0.45957787108924236,2.341818599504473,0.3778690944320573,0,中性,2016-06-08
2016-06-08,13.17,3.0077,0.07593014426727411,0.030077,2.524525194243911,0.4822603364424476,2.3426130300181236,0.37720739293577893,0,中性,2016-06-13
2016-06-13,12.96,2.9979,0.07716049382716049,0.029979,2.573818133598869,0.6117761399636641,2.343452677020476,0.3765518815298602,0,中性,2016-06-14
2016-06-14,12.99,2.9654,0.07698229407236336,0.029654,2.5960172007946096,0.669594120373922,2.344302310919281,0.3759215952116835,0,中性,2016-06-15
2016-06-15,13.18,2.9604,0.07587253414264036,0.029604,2.5629149487447767,0.5803386160631863,2.345105173020033,0.37531497938615327,0,中性,2016-06-16
2016-06-16,13.1,2.9455,0.07633587786259542,0.029455,2.591610180363111,0.6556267776726379,2.345923333969734,0.3747358325807295,0,中性,2016-06-17
2016-06-17,13.16,2.9379,0.07598784194528875,0.029379,2.586467951437719,0.6407195919272606,2.346723285313677,0.37418032653395084,0,中性,2016-06-20
2016-06-20,13.18,2.9481,0.07587253414264036,0.029481,2.573607887881699,0.6051360109466806,2.3474804188138236,0.3736804040369688,0,中性,2016-06-21
2016-06-21,13.13,2.9405,0.07616146230007616,0.029405,2.5900854378532956,0.6480066377489321,2.3482166828376667,0.3732504281990705,0,中性,2016-06-22
2016-06-22,13.26,2.9307,0.07541478129713423,0.029307,2.5732685466657874,0.6017250820059449,2.348940837701592,0.37280764201545985,0,中性,2016-06-23
2016-06-23,13.22,2.9307,0.075642965204236,0.029307,2.581054533191251,0.6213767413459714,2.3496401322336853,0.3724220518075659,0,中性,2016-06-24
2016-06-24,13.05,2.8808,0.07662835249042145,0.028807999999999997,2.6599678037497037,0.8319862335534205,2.3504041576060133,0.3720778465546735,0,中性,2016-06-27
2016-06-27,13.22,2.831,0.075642965204236,0.02831,2.671952144268315,0.8628747262063334,2.351157798420257,0.3717739506155713,0,中性,2016-06-28
2016-06-28,13.3,2.861,0.07518796992481203,0.028610000000000003,2.628031105376163,0.7434742932768024,2.3518815674884643,0.3714311851598688,0,中性,2016-06-29
2016-06-29,13.36,2.8586,0.07485029940119761,0.028586,2.618425082249969,0.7163632179376381,2.3526039499987172,0.37107032521369937,0,中性,2016-06-30
2016-06-30,13.35,2.8411,0.0749063670411985,0.028411,2.6365269452394675,0.7638826568634011,2.3533383887963617,0.370722589259866,0,中性,2016-07-01
2016-07-01,13.35,2.8038,0.0749063670411985,0.028037999999999997,2.6716016492331307,0.8571661037330904,2.3540780479811314,0.3704341549078237,0,中性,2016-07-04
2016-07-04,13.56,2.8314,0.07374631268436578,0.028314,2.604588284395203,0.6750188148352143,2.3547816109661164,0.3700736452658279,0,中性,2016-07-05
2016-07-05,13.6,2.8514,0.07352941176470588,0.028513999999999998,2.578712624139226,0.6038654228401087,2.3554559228480985,0.3697126757831295,0,中性,2016-07-06
2016-07-06,13.64,2.8365,0.07331378299120234,0.028365,2.584656548253211,0.618707644265255,2.3561345651602914,0.36935374115879965,0,中性,2016-07-07
2016-07-07,13.63,2.8066,0.07336757153338225,0.028066,2.614108584528691,0.6972021018404968,2.3568466699470196,0.3689918804067617,0,中性,2016-07-08
2016-07-08,13.52,2.8016,0.07396449704142012,0.028016,2.6400805625863835,0.7663202856094957,2.3575730130122747,0.368654666826959,0,中性,2016-07-11
2016-07-11,13.6,2.8268,0.07352941176470588,0.028268,2.6011536636729122,0.6594906293845633,2.3582734577138034,0.36828454436989455,0,中性,2016-07-12
2016-07-12,13.87,2.8368,0.07209805335255949,0.028368,2.5415275434489386,0.49637512064166167,2.358883637854209,0.3679553990510779,0,中性,2016-07-13
2016-07-13,13.94,2.8494,0.07173601147776183,0.028494000000000002,2.51758305179202,0.4300940285058316,2.3594712837055467,0.3676213981295246,0,中性,2016-07-14
2016-07-14,13.9,2.8395,0.07194244604316546,0.028395,2.5336307815870915,0.4725479459754166,2.3600567565508643,0.3673151613810148,0,中性,2016-07-15
2016-07-15,13.91,2.8271,0.07189072609633357,0.028271,2.542914155719061,0.49662027366753786,2.3606465305629163,0.3670160781196048,0,中性,2016-07-18
2016-07-18,13.88,2.8271,0.07204610951008646,0.028271,2.5484103678711914,0.5104018882219101,2.3612244708179415,0.36674217194875663,0,中性,2016-07-19
2016-07-19,13.84,2.8197,0.07225433526011561,0.028197,2.562483074799291,0.5475679168387363,2.3618161760780008,0.36646942333618954,0,中性,2016-07-20
2016-07-20,13.79,2.7996,0.07251631617113852,0.027996,2.5902384687504827,0.6220695346221748,2.3624502311026214,0.36617809580758937,0,中性,2016-07-21
2016-07-21,13.84,2.7806,0.07225433526011561,0.027806,2.5985159771313966,0.6434319321041047,2.3630909081339477,0.3658896260053162,0,中性,2016-07-22
2016-07-22,13.75,2.7907,0.07272727272727272,0.027907,2.6060584343452438,0.6627960861244134,2.3637175040645797,0.3656342204699957,0,中性,2016-07-25
2016-07-25,13.79,2.8068,0.07251631617113852,0.028068,2.5835939921312,0.6001285133168348,2.3643382552673606,0.36534797463969904,0,中性,2016-07-26
2016-07-26,13.95,2.7913,0.07168458781362008,0.027913,2.568143439029129,0.5566191033690395,2.3649547691819914,0.3650407767489489,0,中性,2016-07-27
2016-07-27,13.7,2.7967,0.07299270072992702,0.027967,2.6099581910797376,0.6699170767017107,2.3656162960185507,0.3647345373910856,0,中性,2016-07-28
2016-07-28,13.71,2.7867,0.07293946024799416,0.027867000000000003,2.617413436968248,0.6890969601760321,2.3662666239801964,0.36445787385841194,0,中性,2016-07-29
2016-07-29,13.7,2.7768,0.07299270072992702,0.027768,2.6286625154828225,0.7186919035888425,2.366934887280007,0.36417222302889296,0,中性,2016-08-01
2016-08-01,13.63,2.783,0.07336757153338225,0.02783,2.6362763756156036,0.738321244694667,2.367610768306105,0.3638871415932307,0,中性,2016-08-02
2016-08-02,13.67,2.7792,0.07315288953913679,0.027791999999999997,2.632156359352936,0.7257415473185176,2.368311546893072,0.36355202955476695,0,中性,2016-08-03
2016-08-03,13.7,2.7718,0.07299270072992702,0.027718,2.633404312357566,0.7279218668536473,2.3690211333003006,0.36320268849736476,0,中性,2016-08-04
2016-08-04,13.73,2.7694,0.07283321194464676,0.027694,2.6299274913211077,0.7170863511380515,2.369702920525516,0.36289154072253976,0,中性,2016-08-05
2016-08-05,13.71,2.7534,0.07293946024799416,0.027534,2.6490687966875197,0.7685431834551685,2.370389603395118,0.3626070717842204,0,中性,2016-08-08
2016-08-08,13.84,2.7472,0.07225433526011561,0.027472,2.630108301547598,0.7149801672007273,2.3710365564210827,0.3623481559507119,0,中性,2016-08-09
2016-08-09,13.93,2.7125,0.07178750897343862,0.027125,2.646544109619857,0.7590421979503293,2.3716959919415492,0.3620986006054615,0,中性,2016-08-10
2016-08-10,13.89,2.695,0.07199424046076314,0.026949999999999998,2.6714003881544763,0.826365765432473,2.372397696839713,0.36182850720864795,0,中性,2016-08-11
2016-08-11,13.85,2.6875,0.07220216606498195,0.026875,2.686592225673747,0.8670374009244282,2.373138465882015,0.3615227664429815,0,中性,2016-08-12
2016-08-12,14.09,2.6701,0.07097232079488999,0.026701000000000003,2.658039803561289,0.7867848520114742,2.373857611921284,0.36119428445206103,0,中性,2016-08-15
2016-08-15,14.46,2.6401,0.06915629322268325,0.026400999999999997,2.6194573395963507,0.6787211909937272,2.3745412766808203,0.3608492944753128,0,中性,2016-08-16
2016-08-16,14.37,2.6651,0.06958942240779402,0.026650999999999998,2.6111373835050853,0.654426522202226,2.375222776573902,0.36049059585375837,0,中性,2016-08-17
2016-08-17,14.36,2.6901,0.06963788300835655,0.026901,2.5886726518849317,0.5908778556136239,2.375871973135575,0.36014326265174434,0,中性,2016-08-18
2016-08-18,14.3,2.6801,0.06993006993006992,0.026801,2.6092336080769347,0.6467338122607664,2.376555930506942,0.35977348510143453,0,中性,2016-08-19
2016-08-19,14.31,2.7001,0.06988120195667365,0.027001,2.5880968096245933,0.5867532876408021,2.3772351840558494,0.3593701646164936,0,中性,2016-08-22
2016-08-22,14.22,2.6801,0.07032348804500703,0.026801,2.623912840752473,0.6852042590308465,2.3779712261895702,0.3589318240823007,0,中性,2016-08-23
2016-08-23,14.26,2.7201,0.07012622720897616,0.027201,2.5780753357956017,0.5562685626027206,2.3786729455116293,0.3584642449520966,0,中性,2016-08-24
2016-08-24,14.22,2.7301,0.07032348804500703,0.027301000000000002,2.575857589282701,0.548850049198819,2.3793764989383357,0.35798683197929465,0,中性,2016-08-25
2016-08-25,14.14,2.7201,0.07072135785007072,0.027201,2.599954334402071,0.6149417405194549,2.380087852186082,0.35754034525329587,0,中性,2016-08-26
2016-08-26,14.25,2.6927,0.07017543859649122,0.026927,2.6061365394025042,0.6310137349246926,2.380801054585647,0.35710076079999986,0,中性,2016-08-29
2016-08-29,14.33,2.7064,0.06978367062107467,0.027063999999999998,2.578468468115381,0.5523021940405417,2.3814945155491354,0.35664162607289385,0,中性,2016-08-30
2016-08-30,14.35,2.7527,0.06968641114982578,0.027527,2.5315657772305658,0.41953003114435605,2.38212640222307,0.35620662148992915,0,中性,2016-08-31
2016-08-31,14.4,2.7425,0.06944444444444445,0.027425,2.532158411830244,0.4199191221069619,2.3827806358112085,0.3557298730991965,0,中性,2016-09-01
2016-09-01,14.3,2.7452,0.06993006993006992,0.027452,2.5473579313008132,0.4613818774927523,2.3834635366972754,0.3552250372168387,0,中性,2016-09-02
2016-09-02,14.32,2.7452,0.06983240223463687,0.027452,2.5438001688269294,0.4500934795767675,2.3841506194645894,0.3547030930384992,0,中性,2016-09-05
2016-09-05,14.35,2.7503,0.06968641114982578,0.027503000000000003,2.5337749027315484,0.4205370910912448,2.384837449238586,0.3541600887248424,0,中性,2016-09-06
2016-09-06,14.44,2.7628,0.06925207756232687,0.027628,2.506590327288507,0.3424294978127003,2.3855105388176727,0.35359041567459154,0,中性,2016-09-07
2016-09-07,14.44,2.7853,0.06925207756232687,0.027853,2.486341778707029,0.28374637723053103,2.386187068613944,0.35297264786473,0,中性,2016-09-08
2016-09-08,14.45,2.7753,0.06920415224913495,0.027753,2.4935737487527456,0.3028396159472978,2.386862631306466,0.3523684215239864,0,中性,2016-09-09
2016-09-09,14.37,2.7678,0.06958942240779402,0.027677999999999998,2.5142503940961785,0.36017325600746486,2.387548557554345,0.35178024583592993,0,中性,2016-09-12
2016-09-12,14.11,2.7916,0.07087172218284904,0.027916,2.5387491826497004,0.4285350111762659,2.3882152084244437,0.3512757891404555,0,中性,2016-09-13
2016-09-13,14.1,2.7654,0.07092198581560284,0.027654,2.564619433557635,0.5009329589235783,2.388912145058005,0.35076008749193865,0,中性,2016-09-14
2016-09-14,14.0,2.7579,0.07142857142857142,0.027579,2.589962341947548,0.5719717713912219,2.389642000704053,0.3502276707751686,0,中性,2016-09-19
2016-09-19,14.1,2.7605,0.07092198581560284,0.027605,2.5691717375693837,0.5113648875111733,2.390340250687315,0.3497140520391345,0,中性,2016-09-20
2016-09-20,14.08,2.7431,0.07102272727272728,0.027431,2.589141018290521,0.5672439101713728,2.391045681636285,0.3492242633233179,0,中性,2016-09-21
2016-09-21,14.11,2.7518,0.07087172218284904,0.027517999999999997,2.575467773197509,0.5268532625366419,2.3917410170844997,0.3487247193429522,0,中性,2016-09-22
2016-09-22,14.21,2.7456,0.07037297677691766,0.027456,2.5631183266651245,0.4901876984876225,2.3924179304192577,0.3482347614445023,0,中性,2016-09-23
2016-09-23,14.17,2.7318,0.07057163020465773,0.027318,2.5833380995921273,0.547025364298817,2.3931305559587894,0.34771247559452384,0,中性,2016-09-26
2016-09-26,13.94,2.7157,0.07173601147776183,0.027157,2.641529310224319,0.7132037322187871,2.393882983094822,0.3472308345317621,0,中性,2016-09-27
2016-09-27,14.03,2.7144,0.07127583749109052,0.027143999999999998,2.6258413458256165,0.6668031127659486,2.394579063324937,0.3468224398974179,0,中性,2016-09-28
2016-09-28,13.99,2.7244,0.07147962830593281,0.027244,2.6236833176454564,0.6593339058395007,2.3952044285043006,0.3465298646370138,0,中性,2016-09-29
2016-09-29,14.04,2.7282,0.07122507122507123,0.027282,2.61069830749473,0.6206275880956114,2.395800329254612,0.3462591453588615,0,中性,2016-09-30
2016-09-30,14.08,2.7258,0.07102272727272728,0.027258,2.605573676451951,0.6045952841471522,2.396407325249344,0.3459609373196802,0,中性,2016-10-10
2016-10-10,14.26,2.6735,0.07012622720897616,0.026735000000000002,2.623012051953475,0.6537562153408424,2.3970335080725764,0.3456617904016138,0,中性,2016-10-11
2016-10-11,14.32,2.6835,0.06983240223463687,0.026835,2.602288139915665,0.5925707671736834,2.3976475559725072,0.34534370454892405,0,中性,2016-10-12
2016-10-12,14.29,2.7098,0.06997900629811057,0.027098,2.5824417410181773,0.5338725335928517,2.398262118837949,0.3449880085434202,0,中性,2016-10-13
2016-10-13,14.29,2.701,0.06997900629811057,0.02701,2.590855471977437,0.5570321008340968,2.3988763966428426,0.3446463409328224,0,中性,2016-10-14
2016-10-14,14.3,2.6952,0.06993006993006992,0.026951999999999997,2.5946152393169313,0.566713171037745,2.399484064891413,0.34432087411732665,0,中性,2016-10-17
2016-10-17,14.18,2.6904,0.07052186177715092,0.026903999999999997,2.6212407737567247,0.6427983152085667,2.4000908256079807,0.3440425136724078,0,中性,2016-10-18
2016-10-18,14.38,2.6965,0.06954102920723226,0.026965,2.5789367404870114,0.518639844186331,2.4006360503979622,0.34378517595148606,0,中性,2016-10-19
2016-10-19,14.37,2.6664,0.06958942240779402,0.026664,2.6098643267249484,0.6073859867792682,2.4011804446612723,0.34357704426183017,0,中性,2016-10-20
2016-10-20,14.38,2.6518,0.06954102920723226,0.026518,2.6224085227857405,0.6426567863688647,2.4017557296044894,0.3433446870264643,0,中性,2016-10-21
2016-10-21,14.4,2.6451,0.06944444444444445,0.026451,2.6253995858169614,0.6501253952609731,2.402331000189438,0.343116246886463,0,中性,2016-10-24
2016-10-24,14.56,2.6595,0.06868131868131867,0.026595,2.582489892134562,0.52384480522765,2.402918242201344,0.3427955152770498,0,中性,2016-10-25
2016-10-25,14.52,2.6859,0.06887052341597796,0.026859,2.564150691238615,0.4691361961759394,2.4034772143232104,0.3424879133716373,0,中性,2016-10-26
2016-10-26,14.45,2.72,0.06920415224913495,0.027200000000000002,2.54427030327702,0.40986530675906835,2.404036454243361,0.34214618002809544,0,中性,2016-10-27
2016-10-27,14.39,2.7068,0.06949270326615706,0.027068,2.5673379365360227,0.47606107424405897,2.4046173927982615,0.3418060256158234,0,中性,2016-10-28
2016-10-28,14.22,2.7027,0.07032348804500703,0.027027000000000002,2.6019716596369196,0.5761586330371221,2.405216960335444,0.341493970617635,0,中性,2016-10-31
2016-10-31,14.09,2.7425,0.07097232079488999,0.027425,2.5878694911536915,0.5336480196683339,2.4057870912852968,0.3412031772957018,0,中性,2016-11-01
2016-11-01,14.18,2.7375,0.07052186177715092,0.027374999999999997,2.5761410694849656,0.4980757006240898,2.4063313359575504,0.3409315758922654,0,中性,2016-11-02
2016-11-02,14.07,2.7372,0.0710732054015636,0.027372,2.596566031037688,0.556794191274843,2.406854489750023,0.3407211214853003,0,中性,2016-11-03
2016-11-03,14.18,2.7301,0.07052186177715092,0.027301000000000002,2.583123760197462,0.5161879923293058,2.4073441790561496,0.3405340375085139,0,中性,2016-11-04
2016-11-04,14.14,2.7339,0.07072135785007072,0.027339000000000002,2.5868304564933142,0.5258781545744808,2.4078800186993137,0.34028878407927016,0,中性,2016-11-07
2016-11-07,14.15,2.7475,0.0706713780918728,0.027475,2.5722066639444146,0.48172370270651127,2.4084002686553156,0.3400422158361127,0,中性,2016-11-08
2016-11-08,14.22,2.7634,0.07032348804500703,0.027634,2.544817545234386,0.40002563327139945,2.4088898736481483,0.33979740366792205,0,中性,2016-11-09
2016-11-09,14.13,2.7651,0.07077140835102619,0.027651,2.559452039746345,0.44196160059699313,2.409365828802663,0.33959106569654124,0,中性,2016-11-10
2016-11-10,14.29,2.7926,0.06997900629811057,0.027926000000000003,2.5058728889962962,0.28308485330774197,2.409805181057916,0.33936011346373485,0,中性,2016-11-11
2016-11-11,14.39,2.815,0.06949270326615706,0.028149999999999998,2.4686573096325777,0.17231844864387189,2.4102221001726956,0.33911174293734125,0,中性,2016-11-14
2016-11-14,14.46,2.8577,0.06915629322268325,0.028576999999999998,2.419998363113107,0.02769681991999167,2.410613571848328,0.3388400289957076,0,中性,2016-11-15
2016-11-15,14.46,2.8501,0.06915629322268325,0.028501,2.4264514656567577,0.045681160380153026,2.41098363025125,0.33860425778999753,0,中性,2016-11-16
2016-11-16,14.46,2.8652,0.06915629322268325,0.028652,2.41366373107229,0.006842553827018852,2.411348477964172,0.33836096385179176,0,中性,2016-11-17
2016-11-17,14.47,2.9055,0.0691085003455425,0.029055,2.37854071056763,-0.09817541967169187,2.411729436832163,0.33805535413568155,0,中性,2016-11-18
2016-11-18,14.39,2.8901,0.06949270326615706,0.028901,2.4045086075276654,-0.022407537950838715,2.4120783746014385,0.3378223475680766,0,中性,2016-11-21
2016-11-21,14.5,2.8851,0.06896551724137931,0.028851,2.39040300999547,-0.06505279274539881,2.4123679745460516,0.3376482949248218,0,中性,2016-11-22
2016-11-22,14.62,2.8689,0.06839945280437756,0.028689,2.3841699886499206,-0.08420239622923956,2.4125914160865065,0.3375370382478082,0,中性,2016-11-23
2016-11-23,14.63,2.8451,0.06835269993164729,0.028451,2.402470912503859,-0.030781207234796007,2.4128564542433235,0.33739877907467447,0,中性,2016-11-24
2016-11-24,14.65,2.8502,0.06825938566552901,0.028502,2.3948981006781636,-0.05397501865850657,2.413102438064652,0.33727338755851216,0,中性,2016-11-25
2016-11-25,14.77,2.865,0.06770480704129993,0.028650000000000002,2.3631695302373448,-0.1486529916668266,2.4132921213066703,0.33717848868904293,0,中性,2016-11-28
2016-11-28,14.85,2.8502,0.06734006734006734,0.028502,2.36264358080371,-0.1507726366959808,2.413468199420866,0.33709444718168147,0,中性,2016-11-29
2016-11-29,14.92,2.8906,0.06702412868632708,0.028906,2.318692613517162,-0.2814596108025765,2.4135594974456,0.3370532761625268,0,中性,2016-11-30
2016-11-30,14.78,2.9502,0.06765899864682003,0.029502,2.2933698951535497,-0.3568283019532131,2.413628171988228,0.3370200070353349,0,中性,2016-12-01
2016-12-01,14.88,2.9893,0.06720430107526881,0.029893,2.2481618129752388,-0.4913684579925354,2.413729131933747,0.33695145926730097,0,中性,2016-12-02
2016-12-02,14.77,2.9895,0.06770480704129993,0.029895,2.2647535387623323,-0.44265259360347103,2.41386442014644,0.3368575798240585,0,中性,2016-12-05
2016-12-05,14.59,3.0302,0.06854009595613433,0.030302,2.2619000711548525,-0.45153343224325426,2.413971193830969,0.33678817960525126,0,中性,2016-12-06
2016-12-06,14.54,3.1151,0.06877579092159561,0.031150999999999998,2.20781968224441,-0.6124612153918674,2.4140517596179647,0.3367267545939254,0,中性,2016-12-07
2016-12-07,14.61,3.0877,0.06844626967830253,0.030876999999999998,2.2167396339768284,-0.5860834962583141,2.4140793250774126,0.33670917601407346,0,中性,2016-12-08
2016-12-08,14.58,3.0753,0.06858710562414266,0.030753,2.2302573935597394,-0.5460477549311052,2.4141074787417156,0.3366923195301344,0,中性,2016-12-09
2016-12-09,14.7,3.0853,0.06802721088435375,0.030853000000000002,2.204881563684366,-0.6212913416252879,2.4140764601449995,0.33670982105332903,0,中性,2016-12-12
2016-12-12,14.62,3.1458,0.06839945280437756,0.031458,2.1743102805129877,-0.7118298729039526,2.4140161643155116,0.33674603009372084,0,中性,2016-12-13
2016-12-13,14.58,3.1863,0.06858710562414266,0.031863,2.152562709856029,-0.7762623792641683,2.413983928351215,0.33676914594649204,0,中性,2016-12-14
2016-12-14,14.5,3.2186,0.06896551724137931,0.032186,2.14271786619584,-0.8055267640948556,2.4139902569719376,0.33676396969989875,0,中性,2016-12-15
2016-12-15,14.34,3.3315,0.0697350069735007,0.033315000000000004,2.093201470013528,-0.9524140575299777,2.4139633536974956,0.3367882709709703,0,中性,2016-12-16
2016-12-16,14.36,3.2803,0.06963788300835655,0.032803,2.1229120204968006,-0.864157271153664,2.413955688345214,0.3367947913692436,0,中性,2016-12-19
2016-12-19,14.33,3.3316,0.06978367062107467,0.033316,2.0945993102735825,-0.9480322860979111,2.4139208494956974,0.33682559539869505,0,中性,2016-12-20
2016-12-20,14.25,3.3739,0.07017543859649122,0.033739,2.079950164394061,-0.9910823388647492,2.413839720585899,0.3368938614871259,0,中性,2016-12-21
2016-12-21,14.39,3.2815,0.06949270326615706,0.032815,2.1177115119962537,-0.8787001798390286,2.4137803459930676,0.33693953954925954,0,中性,2016-12-22
2016-12-22,14.4,3.1908,0.06944444444444445,0.031908,2.176396027467859,-0.7045441768077174,2.4137833259899537,0.33693742186287606,0,中性,2016-12-23
2016-12-23,14.29,3.1769,0.06997900629811057,0.031769,2.2027450123740304,-0.626461330905654,2.413811356067443,0.3369183910973102,0,中性,2016-12-26
2016-12-26,14.35,3.1551,0.06968641114982578,0.031551,2.2086910446523333,-0.6089951093847582,2.4138545551760324,0.3368886011760702,0,中性,2016-12-27
2016-12-27,14.3,3.1628,0.06993006993006992,0.031627999999999996,2.211017766854367,-0.6022527003792869,2.413893848585899,0.336862054090857,0,中性,2016-12-28
2016-12-28,14.25,3.1223,0.07017543859649122,0.031223,2.2475559234055416,-0.49397624258330525,2.4139434182789907,0.33683299019261886,0,中性,2016-12-29
2016-12-29,14.23,3.0471,0.07027406886858749,0.030470999999999998,2.3062606697708476,-0.31998017620578795,2.414027696506133,0.3367928226465429,0,中性,2016-12-30
2016-12-30,14.28,3.0115,0.0700280112044818,0.030115,2.3253531862686967,-0.26336779725634657,2.4140516288470946,0.33678545176145464,0,中性,2017-01-03
2017-01-03,14.42,3.1054,0.06934812760055478,0.031054,2.233146377296155,-0.5370341814638881,2.4140198442881404,0.33680066043272533,0,中性,2017-01-04
2017-01-04,14.53,3.1823,0.06882312456985547,0.031823000000000004,2.1626849941820527,-0.7459851911251196,2.413961201237244,0.33683806333502136,0,中性,2017-01-05
2017-01-05,14.55,3.2086,0.06872852233676975,0.032086,2.1420096720304724,-0.8071785331527355,2.4139216004279063,0.3368671455314611,0,中性,2017-01-06
2017-01-06,14.51,3.1953,0.06891798759476224,0.031953,2.1568549931074465,-0.7627313032361654,2.413834193772784,0.33691969842460856,0,中性,2017-01-09
2017-01-09,14.57,3.1692,0.06863417982155114,0.031692,2.16566262216178,-0.7362558416141243,2.413755843193968,0.33696604768293986,0,中性,2017-01-10
2017-01-10,14.54,3.1792,0.06877579092159561,0.031792,2.1633049484648845,-0.7427916723315434,2.413644846007383,0.33702571914505763,0,中性,2017-01-11
2017-01-11,14.44,3.2055,0.06925207756232687,0.032055,2.1604142118960183,-0.7509251996223382,2.413539358754032,0.33708436870319103,0,中性,2017-01-12
2017-01-12,14.38,3.1888,0.06954102920723226,0.031888,2.1807899274721607,-0.6900721953276067,2.413437706757849,0.33713541983131295,0,中性,2017-01-13
2017-01-13,14.38,3.2022,0.06954102920723226,0.032022,2.1716641436272646,-0.7165703894812298,2.4132920764697743,0.3372005547388573,0,中性,2017-01-16
2017-01-16,14.37,3.2496,0.06958942240779402,0.032496,2.1414765635091713,-0.8054365273282531,2.413135314820457,0.33728138977309124,0,中性,2017-01-17
2017-01-17,14.4,3.2692,0.06944444444444445,0.032692,2.1242029990347624,-0.8558688395764767,2.412952649979928,0.33737605295696016,0,中性,2017-01-18
2017-01-18,14.44,3.2682,0.06925207756232687,0.032682,2.118966940894892,-0.8706391824088343,2.4127822195886077,0.33747077392129815,0,中性,2017-01-19
2017-01-19,14.4,3.2584,0.06944444444444445,0.032584,2.131243691518673,-0.8336408646085943,2.4126406542393375,0.3375517859873438,0,中性,2017-01-20
2017-01-20,14.49,3.244,0.06901311249137336,0.032440000000000004,2.1274079066391294,-0.8441305693433908,2.4124267472874537,0.3376478130273459,0,中性,2017-01-23
2017-01-23,14.54,3.2429,0.06877579092159561,0.032429,2.1208113392826053,-0.8627182515898888,2.4121931701749757,0.3377485411435167,0,中性,2017-01-24
2017-01-24,14.57,3.2837,0.06863417982155114,0.032837,2.0901476938073253,-0.9522972109610541,2.4118992921991014,0.33786888661268444,0,中性,2017-01-25
2017-01-25,14.63,3.3463,0.06835269993164729,0.033463,2.042635147226707,-1.091343051388157,2.4115314794738345,0.33802050764688696,0,中性,2017-01-26
2017-01-26,14.71,3.3465,0.06798096532970768,0.033464999999999995,2.0314049104947762,-1.1229515906950664,2.4111708423021976,0.33818548809602733,0,中性,2017-02-03
2017-02-03,14.63,3.4214,0.06835269993164729,0.034214,1.997799144550397,-1.220493589742388,2.41079412846743,0.338383574799606,0,中性,2017-02-06
2017-02-06,14.68,3.4905,0.0681198910081744,0.034905,1.951579745256393,-1.3548785318791081,2.410380596922167,0.3386287706761832,0,中性,2017-02-07
2017-02-07,14.65,3.4866,0.06825938566552901,0.034866,1.957763599653789,-1.3344345523610774,2.4099539820245095,0.3388629150606442,0,中性,2017-02-08
2017-02-08,14.7,3.4591,0.06802721088435375,0.034591,1.9666159083100736,-1.306181062451794,2.409519832510352,0.3390831002930916,0,中性,2017-02-09
2017-02-09,14.77,3.4148,0.06770480704129993,0.034148,1.9826873328247607,-1.2567363248810604,2.4090659374160612,0.3392745129983043,0,中性,2017-02-10
2017-02-10,14.82,3.4368,0.06747638326585695,0.034367999999999996,1.9633491406499348,-1.3115068673548032,2.408569720815599,0.3394725496661989,0,中性,2017-02-13
2017-02-13,14.92,3.4192,0.06702412868632708,0.034192,1.9602283775832674,-1.318426640904856,2.4080323749523544,0.33965029488614734,0,中性,2017-02-14
2017-02-14,14.93,3.4107,0.06697923643670463,0.034107,1.9637973564577544,-1.3056942423515185,2.4075226300886663,0.33983857723977945,0,中性,2017-02-15
2017-02-15,14.9,3.4058,0.06711409395973154,0.034058000000000005,1.9705823583220252,-1.2835622304712206,2.407016582306355,0.3400179700084401,0,中性,2017-02-16
2017-02-16,14.95,3.3559,0.06688963210702341,0.033559,1.9931950328383865,-1.2150600292837372,2.406522025937726,0.3401700188779896,0,中性,2017-02-17
2017-02-17,14.84,3.3311,0.0673854447439353,0.033311,2.0229186978456157,-1.1258725716565865,2.4060315981353186,0.3402808718627884,0,中性,2017-02-20
2017-02-20,15.04,3.2812,0.06648936170212766,0.032812,2.0263733299441564,-1.1139373257640817,2.4055446145806947,0.3403883466930725,0,中性,2017-02-21
2017-02-21,15.09,3.3013,0.06626905235255136,0.033013,2.0073623224957244,-1.1679022635350598,2.405062718412332,0.34052540896087463,0,中性,2017-02-22
2017-02-22,15.13,3.2839,0.06609385327164573,0.032839,2.012663396316749,-1.1504699947218018,2.4045606785623184,0.34064102848708805,0,中性,2017-02-23
2017-02-23,15.08,3.2714,0.06631299734748011,0.032714,2.0270525569322038,-1.10644382299269,2.404043617304212,0.3407231822690548,0,中性,2017-02-24
2017-02-24,15.06,3.2916,0.06640106241699867,0.032916,2.0172883223052214,-1.133262350782992,2.4035226942489922,0.34081637996436953,0,中性,2017-02-27
2017-02-27,14.95,3.2871,0.06688963210702341,0.032871000000000004,2.0349132094254325,-1.0798159689230957,2.403010529065974,0.3408889387028107,0,中性,2017-02-28
2017-02-28,14.96,3.2921,0.06684491978609625,0.032921,2.030464438689476,-1.091121255775289,2.4025147574012506,0.3409798102113011,0,中性,2017-03-01
2017-03-01,14.99,3.3252,0.066711140760507,0.033252000000000004,2.0062294226063697,-1.1603032103386168,2.4019975516464176,0.34109026460811825,0,中性,2017-03-02
2017-03-02,14.9,3.3483,0.06711409395973154,0.033483,2.0044229597028806,-1.163692475170828,2.4014536779034623,0.34118182137621733,0,中性,2017-03-03
2017-03-03,14.87,3.3573,0.06724949562878278,0.033573,2.003082704220141,-1.1657091426419872,2.4009015062493364,0.34126763484720624,0,中性,2017-03-06
2017-03-06,14.93,3.3615,0.06697923643670463,0.033615,1.992540129010996,-1.1946386111844995,2.4003901612826697,0.34140034354597415,0,中性,2017-03-07
2017-03-07,14.97,3.3643,0.0668002672010688,0.033643,1.9855621437169337,-1.213136700811237,2.399941464652615,0.34157677420737637,0,中性,2017-03-08
2017-03-08,14.94,3.4088,0.06693440428380187,0.034088,1.963576750874263,-1.2754004634488099,2.399476961181595,0.34177517007373087,0,中性,2017-03-09
2017-03-09,14.84,3.4151,0.0673854447439353,0.034151,1.9731616861566368,-1.245313253348645,2.3990035202799853,0.3419555946893367,0,中性,2017-03-10
2017-03-10,14.84,3.4156,0.0673854447439353,0.034156,1.972872840611761,-1.2440960056600094,2.398507998221839,0.34212404482745107,0,中性,2017-03-13
2017-03-13,14.96,3.3851,0.06684491978609625,0.033851,1.9746808007472822,-1.2367487627326283,2.3979861903825737,0.34227274155503273,0,中性,2017-03-14
2017-03-14,14.96,3.3653,0.06684491978609625,0.033653,1.9862989863042297,-1.2009002804571578,2.397544260595049,0.3424474795977787,0,中性,2017-03-15
2017-03-15,14.98,3.3524,0.06675567423230974,0.033524,1.991280104770008,-1.1844469709402863,2.397072498768902,0.3426007275587451,0,中性,2017-03-16
2017-03-16,15.05,3.3097,0.06644518272425248,0.033097,2.007589289792201,-1.1350668798899277,2.3966285627284587,0.342745682945118,0,中性,2017-03-17
2017-03-17,14.92,3.3124,0.06702412868632708,0.033124,2.0234310073157555,-1.0872148584984218,2.3962230955296815,0.34288722721173803,0,中性,2017-03-20
2017-03-20,14.92,3.3141,0.06702412868632708,0.033141,2.0223930685956093,-1.0885731766525188,2.395795275022308,0.34301984876657654,0,中性,2017-03-21
2017-03-21,14.98,3.3141,0.06675567423230974,0.033141,2.014292695824198,-1.1104868315057261,2.39537159615286,0.3431638174510824,0,中性,2017-03-22
2017-03-22,14.91,3.3068,0.0670690811535882,0.033068,2.028217042264068,-1.068287630466952,2.394951103898665,0.34329149863346864,0,中性,2017-03-23
2017-03-23,14.95,3.3034,0.06688963210702341,0.033034,2.024872316613895,-1.0764690342627614,2.3945736602135437,0.3434389024045129,0,中性,2017-03-24
2017-03-24,15.02,3.2529,0.06657789613848203,0.032529,2.0467243425399495,-1.0114409767929555,2.394226138828411,0.3435710083551382,0,中性,2017-03-27
2017-03-27,14.92,3.2451,0.06702412868632708,0.032451,2.0653948626029113,-0.9558613053918545,2.3939178051994228,0.3436931077169546,0,中性,2017-03-28
2017-03-28,14.88,3.2626,0.06720430107526881,0.032626,2.0598388118454243,-0.9706869452375566,2.3935724497309137,0.34381181236944997,0,中性,2017-03-29
2017-03-29,14.87,3.2695,0.06724949562878278,0.032695,2.0568740060799136,-0.9781088605275394,2.393287947110478,0.3439432507023,0,中性,2017-03-30
2017-03-30,14.76,3.289,0.06775067750677508,0.03289,2.0599172242862593,-0.968135788538741,2.3930260646564836,0.3440724372693661,0,中性,2017-03-31
2017-03-31,14.87,3.2828,0.06724949562878278,0.032827999999999996,2.048540746581662,-0.9999803784480391,2.3927442871143203,0.3442102944728369,0,中性,2017-04-05
2017-04-05,15.13,3.3102,0.06609385327164573,0.033102,1.9966725053364065,-1.1491066942195804,2.392415999333535,0.3443922970668091,0,中性,2017-04-06
2017-04-06,15.18,3.3109,0.06587615283267458,0.033109,1.9896750983924183,-1.1678015788290241,2.3920762344415216,0.34458005824294075,0,中性,2017-04-07
2017-04-07,15.21,3.2966,0.06574621959237344,0.032966,1.9943644843891717,-1.1526832732003223,2.3917675677877703,0.34476346854174816,0,中性,2017-04-10
2017-04-10,15.19,3.3166,0.06583278472679395,0.033166,1.9849479806667656,-1.1784037140504282,2.3914447327114976,0.34495542333918383,0,中性,2017-04-11
2017-04-11,15.3,3.3209,0.06535947712418301,0.033209,1.9681254215478636,-1.2254582264293639,2.391108439587929,0.3451631470723548,0,中性,2017-04-12
2017-04-12,15.29,3.3283,0.06540222367560497,0.033283,1.9650339114744755,-1.2326580824291562,2.3907612048805658,0.34537338413189517,0,中性,2017-04-13
2017-04-13,15.32,3.322,0.06527415143603132,0.03322,1.9649052208317679,-1.2313312383763424,2.3904324991219488,0.3455831095873841,0,中性,2017-04-14
2017-04-14,15.19,3.3599,0.06583278472679395,0.033599000000000004,1.9593673837552885,-1.2456920994346983,2.390122649635061,0.34579593631143013,0,中性,2017-04-17
2017-04-17,15.11,3.416,0.06618133686300463,0.034159999999999996,1.9373927653104404,-1.3074169545727277,2.3897987025401237,0.34603034299607394,0,中性,2017-04-18
2017-04-18,15.03,3.4064,0.06653359946773121,0.034064000000000004,1.953193972162142,-1.260129504307631,2.3895070979521376,0.34624467112189755,0,中性,2017-04-19
2017-04-19,14.91,3.4065,0.0670690811535882,0.034065,1.968856044432356,-1.213482524478603,2.389251591683638,0.346437248803326,0,中性,2017-04-20
2017-04-20,14.94,3.424,0.06693440428380187,0.03424,1.9548599381951481,-1.252377842935528,2.3889874336800436,0.34664258708643114,0,中性,2017-04-21
2017-04-21,15.01,3.4614,0.06662225183211193,0.034614,1.9247198194982358,-1.3374945019618687,2.3886762497435785,0.3468847382660642,0,中性,2017-04-24
2017-04-24,14.84,3.4991,0.0673854447439353,0.034991,1.9257936253303793,-1.3326001494501656,2.3883712489953908,0.34712409709384484,0,中性,2017-04-25
2017-04-25,14.81,3.4568,0.06752194463200539,0.034568,1.9533078174035348,-1.2518913926372106,2.388120996547567,0.3473250009556045,0,中性,2017-04-26
2017-04-26,14.87,3.4519,0.06724949562878278,0.034519,1.9481878278276537,-1.2650964344795737,2.3878532804424872,0.34753512904785006,0,中性,2017-04-27
2017-04-27,14.83,3.4494,0.06743088334457181,0.034494,1.9548583331759675,-1.2443010759540631,2.3875590574708045,0.3477460018774519,0,中性,2017-04-28
2017-04-28,14.52,3.4668,0.06887052341597796,0.034668000000000004,1.9865733072567773,-1.1516618080361773,2.387269989247538,0.3479291222429541,0,中性,2017-05-02
2017-05-02,14.29,3.487,0.06997900629811057,0.03487,2.0068542098683846,-1.0921375845599426,2.387017177123964,0.3480907283387371,0,中性,2017-05-03
2017-05-03,14.23,3.5219,0.07027406886858749,0.035219,1.995345378022871,-1.123951621235583,2.3867714374282896,0.34825881471225245,0,中性,2017-05-04
2017-05-04,14.21,3.5517,0.07037297677691766,0.035517,1.9813885400489246,-1.1626471255617976,2.3865034717479574,0.3484418640808827,0,中性,2017-05-05
2017-05-05,14.12,3.5592,0.0708215297450425,0.035592,1.9898159627175347,-1.1372254383396636,2.3862655081870896,0.3486112182368755,0,中性,2017-05-08
2017-05-08,14.03,3.6042,0.07127583749109052,0.036042,1.9775772013509385,-1.1708580535167274,2.385973287622587,0.3488006808724692,0,中性,2017-05-09
2017-05-09,14.02,3.6325,0.07132667617689016,0.036324999999999996,1.9635698878703418,-1.2094327171085892,2.3856662107153195,0.34900355916788023,0,中性,2017-05-10
2017-05-10,13.94,3.69,0.07173601147776183,0.0369,1.9440653517008626,-1.263645837877325,2.385359695205808,0.3492231211288065,0,中性,2017-05-11
2017-05-11,14.01,3.64,0.07137758743754462,0.0364,1.960922731800676,-1.213873092108298,2.3850783737846397,0.34942338267608763,0,中性,2017-05-12
2017-05-12,14.12,3.6525,0.0708215297450425,0.036525,1.938987809583641,-1.27489475721266,2.3847538312362584,0.3496492703658212,0,中性,2017-05-15
2017-05-15,14.17,3.61,0.07057163020465773,0.0361,1.9548928034531228,-1.22778514041948,2.3844439455307755,0.3498585607013407,0,中性,2017-05-16
2017-05-16,14.26,3.6225,0.07012622720897616,0.036225,1.9358516827874714,-1.2804233406297958,2.3841116634588286,0.3500873238150077,0,中性,2017-05-17
2017-05-17,14.26,3.6275,0.07012622720897616,0.036275,1.9331833827422784,-1.2861463635119916,2.383745554548373,0.3503195161830378,0,中性,2017-05-18
2017-05-18,14.16,3.6075,0.07062146892655367,0.036074999999999996,1.9576290762731443,-1.21465902226413,2.38339952915583,0.3505267281422301,0,中性,2017-05-19
2017-05-19,14.16,3.625,0.07062146892655367,0.03625,1.9481784531463084,-1.239885249547632,2.383059168131767,0.35074271199219714,0,中性,2017-05-22
2017-05-22,14.17,3.6601,0.07057163020465773,0.036601,1.9281339363585073,-1.2950109309568894,2.382650435399618,0.35097502899474875,0,中性,2017-05-23
2017-05-23,14.2,3.6725,0.07042253521126761,0.036725,1.9175639267874094,-1.3229560289647195,2.3821998191386813,0.3512103820373177,0,中性,2017-05-24
2017-05-24,14.21,3.6601,0.07037297677691766,0.036601,1.9227063953694614,-1.306209621479713,2.3817637686947233,0.3514423456820262,0,中性,2017-05-25
2017-05-25,14.43,3.6476,0.0693000693000693,0.036476,1.8998812726195113,-1.3689492506205327,2.381347295078763,0.35170480004354243,0,中性,2017-05-26
2017-05-26,14.43,3.6501,0.0693000693000693,0.036501,1.8985800197273854,-1.3704460456063694,2.3809337325716813,0.35196840794332257,0,中性,2017-05-31
2017-05-31,14.47,3.6102,0.0691085003455425,0.036101999999999995,1.9142568374478564,-1.3238207478699804,2.38052435294749,0.35221348226325616,0,中性,2017-06-01
2017-06-01,14.47,3.6152,0.0691085003455425,0.036152000000000004,1.9116093257784492,-1.3292786478929839,2.380130120335604,0.35246243915810943,0,中性,2017-06-02
2017-06-02,14.45,3.6277,0.06920415224913495,0.036277,1.9076591848591382,-1.3383955187975924,2.3797312048103803,0.35271488384491084,0,中性,2017-06-05
2017-06-05,14.35,3.6152,0.06968641114982578,0.036152000000000004,1.9275949089905338,-1.2800367346944104,2.3793793660488176,0.35294647787287187,0,中性,2017-06-06
2017-06-06,14.43,3.6328,0.0693000693000693,0.036328,1.9076213746991109,-1.3346307305324117,2.37901092134955,0.353198480947904,0,中性,2017-06-07
2017-06-07,14.59,3.6427,0.06854009595613433,0.036427,1.8815739961054803,-1.4061534942509972,2.378619083455946,0.3534785422662711,0,中性,2017-06-08
2017-06-08,14.66,3.6478,0.06821282401091405,0.036478000000000003,1.8699715996193336,-1.4366173836990928,2.3782053160797214,0.3537711030279724,0,中性,2017-06-09
2017-06-09,14.72,3.6303,0.06793478260869565,0.036303,1.8713269594440032,-1.4305720701310294,2.377834450640447,0.35405940167002686,0,中性,2017-06-12
2017-06-12,14.86,3.5841,0.06729475100942127,0.035841,1.8775913342100186,-1.4107339591472072,2.377470426710799,0.3543397316407969,0,中性,2017-06-13
2017-06-13,14.91,3.5754,0.0670690811535882,0.035754,1.8758483289586676,-1.4135474652350095,2.3771194712605697,0.3546192502411393,0,中性,2017-06-14
2017-06-14,14.77,3.5354,0.06770480704129993,0.035354000000000003,1.9150536584629723,-1.3011551181066003,2.3767795670260443,0.35485846548024264,0,中性,2017-06-15
2017-06-15,14.76,3.5554,0.06775067750677508,0.035554,1.9055711736168945,-1.325970517689852,2.376432710540102,0.3551070937410868,0,中性,2017-06-16
2017-06-16,14.71,3.568,0.06798096532970768,0.03568,1.9052961135007758,-1.32488801424059,2.3760999131638387,0.3553536560091247,0,中性,2017-06-19
2017-06-19,14.81,3.5006,0.06752194463200539,0.035006,1.9288677550135802,-1.256875091570847,2.3757822874627617,0.35557593228347456,0,中性,2017-06-20
2017-06-20,14.8,3.4881,0.06756756756756756,0.034881,1.9370880298032611,-1.232122193570932,2.375465244881898,0.3557903732000263,0,中性,2017-06-21
2017-06-21,14.91,3.5406,0.0670690811535882,0.035406,1.8942857468674292,-1.3504669364401187,2.3751171200216494,0.35604823796849827,0,中性,2017-06-22
2017-06-22,14.91,3.5607,0.0670690811535882,0.035607,1.8835925844240795,-1.3784625398751298,2.3747622408128284,0.35631701419557055,0,中性,2017-06-23
2017-06-23,14.99,3.5457,0.066711140760507,0.035457,1.8814660225204332,-1.382427051070258,2.374419374557385,0.3565854354884864,0,中性,2017-06-26
2017-06-26,15.14,3.5134,0.06605019815059444,0.035134,1.8799509919335813,-1.3846651758528612,2.3740756084638126,0.3568549459806293,0,中性,2017-06-27
2017-06-27,15.16,3.5084,0.06596306068601583,0.035084,1.8801465250831102,-1.3820980084699235,2.3737275445553823,0.3571244705132741,0,中性,2017-06-28
2017-06-28,15.07,3.5333,0.06635700066357,0.035333,1.878046038082529,-1.3858309871988908,2.3733411907350597,0.3573993922979348,0,中性,2017-06-29
2017-06-29,15.16,3.5483,0.06596306068601583,0.035483,1.8590046130827673,-1.4367808576593752,2.372934389521616,0.3576953115007945,0,中性,2017-06-30
2017-06-30,15.16,3.5683,0.06596306068601583,0.035683,1.8485850597207587,-1.4634051839408853,2.3724857521562948,0.35800111834009957,0,中性,2017-07-03
2017-07-03,15.14,3.6033,0.06605019815059444,0.036033,1.8330474329252195,-1.5040803288851494,2.371986512842417,0.35831801637660443,-1,看空：股权风险溢价低于-1.5个标准差,2017-07-04
2017-07-04,15.07,3.6009,0.06635700066357,0.036009,1.8427893211022246,-1.474225190679722,2.3714679656309987,0.3586145779295875,0,中性,2017-07-05
2017-07-05,15.18,3.576,0.06587615283267458,0.03576,1.842174296215732,-1.4732206184765506,2.3708955506795863,0.35888803607066144,0,中性,2017-07-06
2017-07-06,15.19,3.566,0.06583278472679395,0.03566,1.8461240809532797,-1.459601246371574,2.3703835264581357,0.3591799108202419,0,中性,2017-07-07
2017-07-07,15.19,3.5897,0.06583278472679395,0.035897,1.833935558035322,-1.490755821604403,2.3698025159281033,0.3594599129695584,0,中性,2017-07-10
2017-07-10,15.19,3.5911,0.06583278472679395,0.035911,1.8332205933222119,-1.4899839583194079,2.3692431479555753,0.3597505541186882,0,中性,2017-07-11
2017-07-11,15.2,3.5836,0.06578947368421052,0.035836,1.8358486908195815,-1.4799812472901175,2.368713060746583,0.36004805527278766,0,中性,2017-07-12
2017-07-12,15.17,3.5749,0.06591957811470006,0.035749,1.8439558621136272,-1.4548315303776984,2.368173647446294,0.36032885896868844,0,中性,2017-07-13
2017-07-13,15.27,3.5643,0.06548788474132286,0.035643,1.8373280796039295,-1.4705181305008412,2.3676044295586647,0.36060510846889676,0,中性,2017-07-14
2017-07-14,15.3,3.5637,0.06535947712418301,0.035637,1.8340342095064963,-1.4769062092581449,2.366981193206281,0.3608536414560042,0,中性,2017-07-17
2017-07-17,15.17,3.5626,0.06591957811470006,0.035626000000000005,1.8503221836495833,-1.4291934717278207,2.366420598911759,0.36111165176135285,0,中性,2017-07-18
2017-07-18,15.18,3.5851,0.06587615283267458,0.035851,1.8374983356858825,-1.462063727644775,2.3658900748437173,0.3614013049957926,0,中性,2017-07-19
2017-07-19,15.39,3.5901,0.0649772579597141,0.035901,1.8099010601296368,-1.5355269845178787,2.36533525082985,0.3617221945953671,-1,看空：股权风险溢价低于-1.5个标准差,2017-07-20
2017-07-20,15.46,3.574,0.0646830530401035,0.03574,1.8098224129855482,-1.5328288682299942,2.3647524382231815,0.3620299935233008,-1,看空：股权风险溢价低于-1.5个标准差,2017-07-21
2017-07-21,15.42,3.5829,0.0648508430609598,0.035829,1.8100098540556475,-1.5294062404134898,2.3641681347953534,0.3623355692532573,-1,看空：股权风险溢价低于-1.5个标准差,2017-07-24
2017-07-24,15.47,3.5769,0.06464124111182934,0.035769,1.807186141961736,-1.5342605447467437,2.363533577708392,0.36261600915931186,-1,看空：股权风险溢价低于-1.5个标准差,2017-07-25
2017-07-25,15.44,3.592,0.06476683937823835,0.03592,1.803085728792827,-1.5426008233457467,2.362903679233773,0.3629052584237294,-1,看空：股权风险溢价低于-1.5个标准差,2017-07-26
2017-07-26,15.45,3.617,0.06472491909385114,0.03617,1.7894641717957185,-1.5770447689646423,2.362263055287526,0.3632102872183268,-1,看空：股权风险溢价低于-1.5个标准差,2017-07-27
2017-07-27,15.47,3.6021,0.06464124111182934,0.036021,1.7945432140093096,-1.5600315500426214,2.3616213014807714,0.3635042428827601,-1,看空：股权风险溢价低于-1.5个标准差,2017-07-28
2017-07-28,15.49,3.6034,0.0645577792123951,0.036034000000000004,1.7915795973912163,-1.5651589189172304,2.3609251859406,0.36376215965549014,-1,看空：股权风险溢价低于-1.5个标准差,2017-07-31
2017-07-31,15.55,3.626,0.06430868167202572,0.03626,1.7735433445125681,-1.611524212405409,2.360261456150492,0.3640765103753365,-1,看空：股权风险溢价低于-1.5个标准差,2017-08-01
2017-08-01,15.65,3.6373,0.06389776357827476,0.036373,1.7567361388468026,-1.654306430348382,2.3595855622795776,0.36441218650514484,-1,看空：股权风险溢价低于-1.5个标准差,2017-08-02
2017-08-02,15.63,3.6311,0.06397952655150352,0.036311,1.761987457010369,-1.6365841979545936,2.358948963472557,0.36476064427865784,-1,看空：股权风险溢价低于-1.5个标准差,2017-08-03
2017-08-03,15.53,3.6262,0.0643915003219575,0.036261999999999996,1.7757294225899707,-1.595751378343036,2.358309723452025,0.365082122922546,-1,看空：股权风险溢价低于-1.5个标准差,2017-08-04
2017-08-04,15.47,3.6262,0.06464124111182934,0.036261999999999996,1.7826165438152708,-1.5738096740473264,2.3576803184399546,0.3653960095097185,-1,看空：股权风险溢价低于-1.5个标准差,2017-08-07
2017-08-07,15.54,3.6626,0.06435006435006435,0.036626,1.756950372687827,-1.6407268768420513,2.3570498027289446,0.3657521788124445,-1,看空：股权风险溢价低于-1.5个标准差,2017-08-08
2017-08-08,15.56,3.6538,0.06426735218508997,0.036538,1.7589181724530618,-1.6320513436176152,2.3564075724227105,0.3660971833430497,-1,看空：股权风险溢价低于-1.5个标准差,2017-08-09
2017-08-09,15.51,3.66,0.06447453255963895,0.0366,1.7615992502633593,-1.6214723666893758,2.355762585396583,0.36643445015739035,-1,看空：股权风险溢价低于-1.5个标准差,2017-08-10
2017-08-10,15.45,3.6375,0.06472491909385114,0.036375000000000005,1.7793792190749453,-1.5698880256479746,2.355098358537279,0.36672624420120936,-1,看空：股权风险溢价低于-1.5个标准差,2017-08-11
2017-08-11,15.2,3.6163,0.06578947368421052,0.036163,1.8192482284160751,-1.4585137016091427,2.354403975665451,0.3669185600786277,0,中性,2017-08-14
2017-08-14,15.36,3.5925,0.06510416666666667,0.035925,1.812224541869636,-1.4749510795176703,2.3537004920500255,0.36711451498273395,0,中性,2017-08-15
2017-08-15,15.45,3.5801,0.06472491909385114,0.035801,1.8079081336792586,-1.4840124376427253,2.352963633145363,0.3672849941418929,0,中性,2017-08-16
2017-08-16,15.43,3.5988,0.06480881399870382,0.035988,1.8008451150023292,-1.500525160764723,2.3522032131960886,0.3674434208839037,-1,看空：股权风险溢价低于-1.5个标准差,2017-08-17
2017-08-17,15.5,3.5926,0.06451612903225806,0.035926,1.7958060744936275,-1.511445117525518,2.35146659882071,0.3676352636851211,-1,看空：股权风险溢价低于-1.5个标准差,2017-08-18
2017-08-18,15.48,3.5951,0.06459948320413436,0.035951,1.7968758366703115,-1.5057117043425954,2.350777694494526,0.3678671396567591,-1,看空：股权风险溢价低于-1.5个标准差,2017-08-21
2017-08-21,15.55,3.6181,0.06430868167202572,0.036181,1.777415816921194,-1.5556277463729127,2.3500655719919132,0.3681149017854073,-1,看空：股权风险溢价低于-1.5个标准差,2017-08-22
2017-08-22,15.56,3.6201,0.06426735218508997,0.036201,1.7752921793621717,-1.5584063941481172,2.349349279577379,0.36836161759270014,-1,看空：股权风险溢价低于-1.5个标准差,2017-08-23
2017-08-23,15.58,3.6152,0.06418485237483953,0.036152000000000004,1.7754163635439126,-1.555117058297378,2.3486099829928726,0.3685855134767294,-1,看空：股权风险溢价低于-1.5个标准差,2017-08-24
2017-08-24,15.52,3.6252,0.06443298969072166,0.036252,1.777363723124839,-1.5468997358193353,2.347880114692986,0.3688127797539289,-1,看空：股权风险溢价低于-1.5个标准差,2017-08-25
2017-08-25,15.81,3.6327,0.06325110689437065,0.036327,1.7411596579505781,-1.6419218517615002,2.3470556262618616,0.36901632538799645,-1,看空：股权风险溢价低于-1.5个标准差,2017-08-28
2017-08-28,15.91,3.6502,0.06285355122564425,0.036502,1.7219207502505136,-1.69078631038989,2.3461987694021316,0.3692234880986595,-1,看空：股权风险溢价低于-1.5个标准差,2017-08-29
2017-08-29,15.85,3.6303,0.06309148264984227,0.036303,1.737913744038847,-1.644367504055199,2.3453544504175725,0.36940690258151354,-1,看空：股权风险溢价低于-1.5个标准差,2017-08-30
2017-08-30,15.79,3.6303,0.06333122229259025,0.036303,1.7445175961377914,-1.623412288785134,2.3445345946550855,0.3696023509630516,-1,看空：股权风险溢价低于-1.5个标准差,2017-08-31
2017-08-31,15.6,3.6265,0.06410256410256411,0.036265,1.7676151689663342,-1.558042304562068,2.3437412538780076,0.3697756365310055,-1,看空：股权风险溢价低于-1.5个标准差,2017-09-01
2017-09-01,15.55,3.6353,0.06430868167202572,0.036352999999999996,1.7690061802884418,-1.5514863177716085,2.342921693108372,0.3699133574340778,-1,看空：股权风险溢价低于-1.5个标准差,2017-09-04
2017-09-04,15.63,3.6454,0.06397952655150352,0.036454,1.755075617257462,-1.5861970397085305,2.342109819094122,0.37008907918812517,-1,看空：股权风险溢价低于-1.5个标准差,2017-09-05
2017-09-05,15.69,3.6641,0.06373486297004462,0.036641,1.7394411443477147,-1.6253522070874356,2.341290001351758,0.3702882700621128,-1,看空：股权风险溢价低于-1.5个标准差,2017-09-06
2017-09-06,15.68,3.6554,0.06377551020408163,0.036554,1.7446930624304215,-1.608108456659402,2.3404884896402605,0.37049455510451845,-1,看空：股权风险溢价低于-1.5个标准差,2017-09-07
2017-09-07,15.59,3.6155,0.06414368184733804,0.036155,1.7741303235330672,-1.5259068638330693,2.339689157855514,0.37063784673054434,-1,看空：股权风险溢价低于-1.5个标准差,2017-09-08
2017-09-08,15.58,3.6005,0.06418485237483953,0.036004999999999995,1.7826649736103193,-1.5002834113597157,2.338864596339469,0.3707297024800552,-1,看空：股权风险溢价低于-1.5个标准差,2017-09-11
2017-09-11,15.61,3.6156,0.06406149903907751,0.036156,1.7718082486745634,-1.526885348405611,2.3380354219756883,0.37083804222261013,-1,看空：股权风险溢价低于-1.5个标准差,2017-09-12
2017-09-12,15.65,3.6181,0.06389776357827476,0.036181,1.7660585273562024,-1.5397034730213006,2.3371892471120947,0.3709355273682566,-1,看空：股权风险溢价低于-1.5个标准差,2017-09-13
2017-09-13,15.66,3.6356,0.06385696040868455,0.036356,1.7564352626439803,-1.562921947741337,2.3363250841364462,0.37102929057365663,-1,看空：股权风险溢价低于-1.5个标准差,2017-09-14
2017-09-14,15.6,3.5982,0.06410256410256411,0.035982,1.781517539396479,-1.4927877329833894,2.3354852663408683,0.37109611413892385,0,中性,2017-09-15
2017-09-15,15.54,3.5982,0.06435006435006435,0.035982,1.7883959854945348,-1.4718269293015642,2.33463338947516,0.3711288284688708,0,中性,2017-09-18
2017-09-18,15.59,3.622,0.06414368184733804,0.03622,1.7709464894350646,-1.5162616319398639,2.333780769626307,0.37119865617859604,-1,看空：股权风险溢价低于-1.5个标准差,2017-09-19
2017-09-19,15.56,3.6158,0.06426735218508997,0.036158,1.777403401324464,-1.4962853031124974,2.3329547183971133,0.371287023883092,0,中性,2017-09-20
2017-09-20,15.61,3.6209,0.06406149903907751,0.036209,1.7692148095522526,-1.5157486680593437,2.3321054420401617,0.3713614561235894,-1,看空：股权风险溢价低于-1.5个标准差,2017-09-21
2017-09-21,15.61,3.6334,0.06406149903907751,0.036334,1.7631281730356558,-1.5294513373005933,2.331272897407981,0.37146963130914173,-1,看空：股权风险溢价低于-1.5个标准差,2017-09-22
2017-09-22,15.6,3.6209,0.06410256410256411,0.036209,1.7703489216096582,-1.507311593852182,2.3304819451032572,0.37161063829018076,-1,看空：股权风险溢价低于-1.5个标准差,2017-09-25
2017-09-25,15.56,3.5985,0.06426735218508997,0.035985,1.7859483725188263,-1.462736717332712,2.329718730806379,0.3717486215011499,0,中性,2017-09-26
2017-09-26,15.58,3.6172,0.06418485237483953,0.036172,1.7744347112363024,-1.4909968691167084,2.3289662784265865,0.3719200077990761,0,中性,2017-09-27
2017-09-27,15.58,3.6235,0.06418485237483953,0.036234999999999996,1.771349589480876,-1.4965939597099092,2.328192983796606,0.3720737951018226,0,中性,2017-09-28
2017-09-28,15.57,3.6136,0.06422607578676942,0.036136,1.7773432528993087,-1.4778908917685192,2.327399252222923,0.37218985676634736,0,中性,2017-09-29
2017-09-29,15.62,3.6136,0.06402048655569782,0.036136,1.7716539339079538,-1.4905887382375582,2.326582152953162,0.37228794556796657,0,中性,2017-10-09
2017-10-09,15.76,3.6477,0.06345177664974619,0.036477,1.7395009636139536,-1.5740883277117101,2.325750613530193,0.3724375815482252,-1,看空：股权风险溢价低于-1.5个标准差,2017-10-10
2017-10-10,15.8,3.647,0.06329113924050632,0.036469999999999995,1.7354301957912346,-1.5821345464332395,2.324913059765169,0.37258706303004574,-1,看空：股权风险溢价低于-1.5个标准差,2017-10-11
2017-10-11,15.83,3.654,0.06317119393556538,0.036539999999999996,1.728823041476885,-1.5969531580770433,2.324064171944286,0.37273549788032295,-1,看空：股权风险溢价低于-1.5个标准差,2017-10-12
2017-10-12,15.84,3.6765,0.06313131313131314,0.036765,1.717157979907878,-1.6252722648117575,2.3231954906999897,0.37288368472977307,-1,看空：股权风险溢价低于-1.5个标准差,2017-10-13
2017-10-13,15.86,3.674,0.06305170239596469,0.03674,1.7161595643975147,-1.6249569848454395,2.3223324838885357,0.37303936359194034,-1,看空：股权风险溢价低于-1.5个标准差,2017-10-16
2017-10-16,15.82,3.7054,0.0632111251580278,0.037054000000000004,1.705919068333454,-1.6493022473012677,2.3214726511139934,0.3732206051302979,-1,看空：股权风险溢价低于-1.5个标准差,2017-10-17
2017-10-17,15.8,3.7409,0.06329113924050632,0.037409,1.6918693159535492,-1.6836837508497826,2.3206146568271007,0.3734343462994244,-1,看空：股权风险溢价低于-1.5个标准差,2017-10-18
2017-10-18,15.9,3.7366,0.06289308176100629,0.037366,1.6831633506665493,-1.7036929547832234,2.3197385785514535,0.37364433896241683,-1,看空：股权风险溢价低于-1.5个标准差,2017-10-19
2017-10-19,15.86,3.7167,0.06305170239596469,0.037167,1.6964431456928106,-1.665125971433106,2.318829387104404,0.37377727096282753,-1,看空：股权风险溢价低于-1.5个标准差,2017-10-20
2017-10-20,15.85,3.7217,0.06309148264984227,0.037217,1.6952328949093765,-1.6654501452212007,2.3178892250734733,0.373866688204826,-1,看空：股权风险溢价低于-1.5个标准差,2017-10-23
2017-10-23,15.86,3.7231,0.06305170239596469,0.037231,1.6935269639806798,-1.6670280437215683,2.3169657463387043,0.37398218026748026,-1,看空：股权风险溢价低于-1.5个标准差,2017-10-24
2017-10-24,15.92,3.722,0.06281407035175879,0.03722,1.6876429433573021,-1.6797156592340723,2.3160430618145846,0.37411100801657377,-1,看空：股权风险溢价低于-1.5个标准差,2017-10-25
2017-10-25,15.93,3.7768,0.06277463904582549,0.037768,1.662111815447614,-1.7447408884669366,2.3150863136830306,0.3742529922647541,-1,看空：股权风险溢价低于-1.5个标准差,2017-10-26
2017-10-26,15.86,3.7769,0.06305170239596469,0.037769,1.669403542480995,-1.7221790240440875,2.3141214126639205,0.3743617017637191,-1,看空：股权风险溢价低于-1.5个标准差,2017-10-27
2017-10-27,15.81,3.8266,0.06325110689437065,0.038266,1.6529322870007486,-1.7628693924528334,2.31316384378969,0.37452097110285854,-1,看空：股权风险溢价低于-1.5个标准差,2017-10-30
2017-10-30,15.55,3.9115,0.06430868167202572,0.039115000000000004,1.644092590362411,-1.7832285029769757,2.3121679295263626,0.3746437083349926,-1,看空：股权风险溢价低于-1.5个标准差,2017-10-31
2017-10-31,15.39,3.8917,0.0649772579597141,0.038917,1.6696368671715214,-1.7120710683143139,2.3111891416450288,0.37472292263262913,-1,看空：股权风险溢价低于-1.5个标准差,2017-11-01
2017-11-01,15.39,3.863,0.0649772579597141,0.03863,1.6820413657704918,-1.6760282597930019,2.31024119682175,0.3748145816639417,-1,看空：股权风险溢价低于-1.5个标准差,2017-11-02
2017-11-02,15.38,3.8718,0.06501950585175552,0.038718,1.679309516291015,-1.6800480244011025,2.3093878496243154,0.3750359062253048,-1,看空：股权风险溢价低于-1.5个标准差,2017-11-03
2017-11-03,15.33,3.8816,0.06523157208088715,0.038816,1.6805330812264825,-1.6734628065868409,2.3085700647806555,0.375291868502954,-1,看空：股权风险溢价低于-1.5个标准差,2017-11-06
2017-11-06,15.41,3.8694,0.06489292667099286,0.038694,1.677079822995629,-1.6793369767022992,2.307741723256354,0.37554219850452575,-1,看空：股权风险溢价低于-1.5个标准差,2017-11-07
2017-11-07,15.53,3.8813,0.0643915003219575,0.038813,1.6590188937200812,-1.7238977805948563,2.306915110707266,0.3758321544816995,-1,看空：股权风险溢价低于-1.5个标准差,2017-11-08
2017-11-08,15.51,3.8725,0.06447453255963895,0.038725,1.66493305512302,-1.7047509113750776,2.306072240140468,0.376089656699638,-1,看空：股权风险溢价低于-1.5个标准差,2017-11-09
2017-11-09,15.58,3.8863,0.06418485237483953,0.038863,1.6515671043110294,-1.736648160739844,2.3052726342554397,0.3764179439005767,-1,看空：股权风险溢价低于-1.5个标准差,2017-11-10
2017-11-10,15.62,3.9,0.06402048655569782,0.039,1.6415509373255852,-1.759579024738717,2.304434261390567,0.37672836215094946,-1,看空：股权风险溢价低于-1.5个标准差,2017-11-13
2017-11-13,15.69,3.95,0.06373486297004462,0.0395,1.6135408346846738,-1.8300939211053588,2.30352170445188,0.3770193768801026,-1,看空：股权风险溢价低于-1.5个标准差,2017-11-14
2017-11-14,15.6,3.9525,0.06410256410256411,0.039525000000000005,1.6218232537018116,-1.8043829892475647,2.3026211682305697,0.3773023346959471,-1,看空：股权风险溢价低于-1.5个标准差,2017-11-15
2017-11-15,15.48,3.95,0.06459948320413436,0.0395,1.635429954535047,-1.7648782796987483,2.3016885257567874,0.377509644084614,-1,看空：股权风险溢价低于-1.5个标准差,2017-11-16
2017-11-16,15.51,3.9225,0.06447453255963895,0.039224999999999996,1.6437101990985075,-1.7396400405697785,2.3007514299698366,0.37768803634580095,-1,看空：股权风险溢价低于-1.5个标准差,2017-11-17
2017-11-17,15.53,3.92,0.0643915003219575,0.0392,1.6426403143356507,-1.7391500961790836,2.299819623308635,0.37787383068132463,-1,看空：股权风险溢价低于-1.5个标准差,2017-11-20
2017-11-20,15.63,3.94,0.06397952655150352,0.0394,1.623845851561003,-1.7854778960616815,2.2988501934282857,0.3780524773541995,-1,看空：股权风险溢价低于-1.5个标准差,2017-11-21
2017-11-21,15.79,3.95,0.06333122229259025,0.0395,1.6033220833567152,-1.8363434387977227,2.2978240930290363,0.3781983233632051,-1,看空：股权风险溢价低于-1.5个标准差,2017-11-22
2017-11-22,15.89,3.985,0.06293266205160478,0.03985,1.5792386964016256,-1.896058048358023,2.2968443460605132,0.3784724050407268,-1,看空：股权风险溢价低于-1.5个标准差,2017-11-23
2017-11-23,15.49,3.9851,0.0645577792123951,0.039851,1.61997890171878,-1.784787786920744,2.2959345993851668,0.3787316915881627,-1,看空：股权风险溢价低于-1.5个标准差,2017-11-24
2017-11-24,15.49,3.9463,0.0645577792123951,0.039463,1.6359065254135545,-1.7392861066793015,2.2950380212257713,0.37896668827571495,-1,看空：股权风险溢价低于-1.5个标准差,2017-11-27
2017-11-27,15.31,3.9501,0.06531678641410843,0.039501,1.6535476675048335,-1.6893551217597036,2.2942057463393177,0.37923232988878486,-1,看空：股权风险溢价低于-1.5个标准差,2017-11-28
2017-11-28,15.34,3.9601,0.0651890482398957,0.039601000000000004,1.64614651750955,-1.70541168745606,2.2933766431764324,0.37951547443206923,-1,看空：股权风险溢价低于-1.5个标准差,2017-11-29
2017-11-29,15.35,3.9101,0.06514657980456026,0.039101,1.6661103246607571,-1.6495978343727262,2.292544410665725,0.37974958074746423,-1,看空：股权风险溢价低于-1.5个标准差,2017-11-30
2017-11-30,15.22,3.8901,0.0657030223390276,0.038901,1.6889802919983445,-1.5863989501566926,2.291723205244091,0.3799440948862276,-1,看空：股权风险溢价低于-1.5个标准差,2017-12-01
2017-12-01,15.21,3.8852,0.06574621959237344,0.038852000000000005,1.6922222689275566,-1.5749529385124545,2.290893585884276,0.38012013077810775,-1,看空：股权风险溢价低于-1.5个标准差,2017-12-04
2017-12-04,15.23,3.8902,0.06565988181221273,0.038902,1.6878279217575634,-1.583546006671251,2.290073330622691,0.38031443755214855,-1,看空：股权风险溢价低于-1.5个标准差,2017-12-05
2017-12-05,15.27,3.8752,0.06548788474132286,0.038752,1.6899227069911968,-1.575076102137384,2.2892670781635074,0.3805177225144855,-1,看空：股权风险溢价低于-1.5个标准差,2017-12-06
2017-12-06,15.21,3.8752,0.06574621959237344,0.038752,1.6965890687544756,-1.5546140084886977,2.2884977141356644,0.3807431569181644,-1,看空：股权风险溢价低于-1.5个标准差,2017-12-07
2017-12-07,15.07,3.8927,0.06635700066357,0.038927,1.704652314937447,-1.5305660875884952,2.287740458057715,0.3809624085157674,-1,看空：股权风险溢价低于-1.5个标准差,2017-12-08
2017-12-08,15.15,3.9102,0.066006600660066,0.039102,1.6880620085945988,-1.571108838398423,2.2869704788089154,0.3812011336050019,-1,看空：股权风险溢价低于-1.5个标准差,2017-12-11
2017-12-11,15.4,3.9303,0.06493506493506493,0.039303,1.6521656091154602,-1.6619645658851556,2.286159465576975,0.38147254729456403,-1,看空：股权风险溢价低于-1.5个标准差,2017-12-12
2017-12-12,15.21,3.9378,0.06574621959237344,0.039378,1.6696180504945257,-1.6130829624376373,2.2853618406786116,0.3817186124473067,-1,看空：股权风险溢价低于-1.5个标准差,2017-12-13
2017-12-13,15.33,3.9303,0.06523157208088715,0.039303,1.6597097443169007,-1.6358253674616139,2.2845578068544077,0.3819772421717073,-1,看空：股权风险溢价低于-1.5个标准差,2017-12-14
2017-12-14,15.26,3.9104,0.0655307994757536,0.039104,1.6758080880665305,-1.5907035847822366,2.2837244699813777,0.38216823532089383,-1,看空：股权风险溢价低于-1.5个标准差,2017-12-15
2017-12-15,15.12,3.8904,0.06613756613756615,0.038904,1.7000196930281242,-1.5246062686337971,2.28290054531981,0.38231566030094216,-1,看空：股权风险溢价低于-1.5个标准差,2017-12-18
2017-12-18,15.14,3.8904,0.06605019815059444,0.038904,1.6977739602764355,-1.5277215841584648,2.2820778459549342,0.38246752008832724,-1,看空：股权风险溢价低于-1.5个标准差,2017-12-19
2017-12-19,15.32,3.9005,0.06527415143603132,0.039005,1.673481641739042,-1.5882828001044407,2.281237029523522,0.3826493542236406,-1,看空：股权风险溢价低于-1.5个标准差,2017-12-20
2017-12-20,15.29,3.9005,0.06540222367560497,0.039005,1.676765124358543,-1.5766924321369797,2.2804509676366966,0.3828811700833398,-1,看空：股权风险溢价低于-1.5个标准差,2017-12-21
2017-12-21,15.38,3.9005,0.06501950585175552,0.039005,1.6669531047751704,-1.59922619145579,2.279661413338372,0.3831279851697824,-1,看空：股权风险溢价低于-1.5个标准差,2017-12-22
2017-12-22,15.36,3.878,0.06510416666666667,0.03878,1.6788078047103319,-1.5653124914939207,2.278878480887848,0.38335519548867447,-1,看空：股权风险溢价低于-1.5个标准差,2017-12-25
2017-12-25,15.33,3.8731,0.06523157208088715,0.038731,1.6842212202341056,-1.5482978937933505,2.2780857157398726,0.38355958364755705,-1,看空：股权风险溢价低于-1.5个标准差,2017-12-26
2017-12-26,15.42,3.8881,0.0648508430609598,0.038881,1.6679314590920964,-1.5877568685802173,2.2772722934308964,0.3837746486234235,-1,看空：股权风险溢价低于-1.5个标准差,2017-12-27
2017-12-27,15.25,3.8956,0.06557377049180328,0.038956,1.6832778132201274,-1.544963850525193,2.2764377282593986,0.38393125822175916,-1,看空：股权风险溢价低于-1.5个标准差,2017-12-28
2017-12-28,15.36,3.8857,0.06510416666666667,0.038857,1.6754810373077351,-1.5624239071998443,2.275591761128995,0.3840895681740881,-1,看空：股权风险溢价低于-1.5个标准差,2017-12-29
2017-12-29,15.43,3.8807,0.06480881399870382,0.038807,1.6700289638133279,-1.5737183745882863,2.274749355753046,0.38426214099325373,-1,看空：股权风险溢价低于-1.5个标准差,2018-01-02
2018-01-02,15.65,3.9008,0.06389776357827476,0.039008,1.638068180329029,-1.6538282880882647,2.2738420845141127,0.38442558321456927,-1,看空：股权风险溢价低于-1.5个标准差,2018-01-03
2018-01-03,15.74,3.9162,0.06353240152477764,0.039162,1.6222971636989336,-1.6916530755053474,2.272923762205518,0.38460994628713846,-1,看空：股权风险溢价低于-1.5个标准差,2018-01-04
2018-01-04,15.8,3.9319,0.06329113924050632,0.039319,1.6096833398740131,-1.7212507329057078,2.271964097607251,0.38476716092095237,-1,看空：股权风险溢价低于-1.5个标准差,2018-01-05
2018-01-05,15.83,3.9212,0.06317119393556538,0.039212,1.611016880943726,-1.7147170463556882,2.270978124446475,0.38488055210355177,-1,看空：股权风险溢价低于-1.5个标准差,2018-01-08
2018-01-08,15.9,3.911,0.06289308176100629,0.03911,1.6081074344414803,-1.7192285841278834,2.269981831761635,0.3849833602294981,-1,看空：股权风险溢价低于-1.5个标准差,2018-01-09
2018-01-09,15.95,3.8909,0.06269592476489029,0.038909,1.6113476256107917,-1.7078168619695595,2.2689855656062927,0.3850752118919077,-1,看空：股权风险溢价低于-1.5个标准差,2018-01-10
2018-01-10,16.03,3.9201,0.06238303181534622,0.039201,1.5913632768385046,-1.7564411731597147,2.2679998048480425,0.38523153428037454,-1,看空：股权风险溢价低于-1.5个标准差,2018-01-11
2018-01-11,16.05,3.9546,0.06230529595015576,0.039546,1.5755144881949064,-1.7941947786227008,2.2669953161337064,0.3853989746138988,-1,看空：股权风险溢价低于-1.5个标准差,2018-01-12
2018-01-12,16.08,3.9337,0.06218905472636817,0.039337,1.5809302876774582,-1.7767506253333027,2.2660131937597567,0.3855819135866537,-1,看空：股权风险溢价低于-1.5个标准差,2018-01-15
2018-01-15,16.04,3.965,0.06234413965087282,0.03965,1.5723616557597182,-1.795544618950709,2.2650160049373094,0.38576281639961063,-1,看空：股权风险溢价低于-1.5个标准差,2018-01-16
2018-01-16,16.13,3.9596,0.061996280223186616,0.039596,1.5657207855133504,-1.8093719468180438,2.263992178419276,0.3859192103281492,-1,看空：股权风险溢价低于-1.5个标准差,2018-01-17
2018-01-17,16.15,3.9597,0.061919504643962855,0.039597,1.5637423199727973,-1.8111929296801994,2.2629482675518093,0.38604719360431144,-1,看空：股权风险溢价低于-1.5个标准差,2018-01-18
2018-01-18,16.33,3.9797,0.06123698714023271,0.039797,1.5387337522987339,-1.8725708894079245,2.2618579605343694,0.3861665330407199,-1,看空：股权风险溢价低于-1.5个标准差,2018-01-19
2018-01-19,16.4,3.9754,0.06097560975609757,0.039754,1.5338232569325745,-1.8817429370296581,2.2607839659018274,0.3863230703109557,-1,看空：股权风险溢价低于-1.5个标准差,2018-01-22
2018-01-22,16.52,3.9522,0.06053268765133172,0.039522,1.5316200508914457,-1.884000231570184,2.259688852766227,0.3864483611384625,-1,看空：股权风险溢价低于-1.5个标准差,2018-01-23
2018-01-23,16.8,3.9414,0.05952380952380952,0.039414,1.5102199605168094,-1.935594704649281,2.258599732003906,0.3866407413129904,-1,看空：股权风险溢价低于-1.5个标准差,2018-01-24
2018-01-24,16.82,3.9507,0.059453032104637336,0.039507,1.5048733668625138,-1.9452470347926625,2.2575800632168486,0.3869465846195536,-1,看空：股权风险溢价低于-1.5个标准差,2018-01-25
2018-01-25,16.74,3.9435,0.059737156511350066,0.039435,1.5148258275985818,-1.9155085019031006,2.2565635252785845,0.38722756748042086,-1,看空：股权风险溢价低于-1.5个标准差,2018-01-26
2018-01-26,16.8,3.9365,0.05952380952380952,0.039365000000000004,1.5120998227819005,-1.9183662239462647,2.255584155289518,0.387561208713422,-1,看空：股权风险溢价低于-1.5个标准差,2018-01-29
2018-01-29,16.59,3.9368,0.06027727546714889,0.039368,1.531123640193784,-1.865260344492048,2.2546443613966116,0.3878926195688026,-1,看空：股权风险溢价低于-1.5个标准差,2018-01-30
2018-01-30,16.41,3.9292,0.06093845216331505,0.039292,1.5509124545280224,-1.8104965330454266,2.2537090139475855,0.3881789037382981,-1,看空：股权风险溢价低于-1.5个标准差,2018-01-31
2018-01-31,16.43,3.914,0.06086427267194157,0.03914,1.5550401806832286,-1.796150125765997,2.2527858648553702,0.38846735256863724,-1,看空：股权风险溢价低于-1.5个标准差,2018-02-01
2018-02-01,16.35,3.9066,0.061162079510703356,0.039066000000000004,1.5656089569114664,-1.7654294365520395,2.251846845947798,0.38870876106868596,-1,看空：股权风险溢价低于-1.5个标准差,2018-02-02
2018-02-02,16.45,3.9092,0.060790273556231005,0.039091999999999995,1.55505662427686,-1.788723362643809,2.2509993819097676,0.38907232508232836,-1,看空：股权风险溢价低于-1.5个标准差,2018-02-05
2018-02-05,16.57,3.9167,0.060350030175015085,0.039167,1.5408387207346768,-1.8212544590499462,2.2501502604047388,0.3894631725651741,-1,看空：股权风险溢价低于-1.5个标准差,2018-02-06
2018-02-06,16.04,3.8825,0.06234413965087282,0.038825,1.6057730753605364,-1.6512099284786232,2.2493567075145,0.3897648754734311,-1,看空：股权风险溢价低于-1.5个标准差,2018-02-07
2018-02-07,15.66,3.87,0.06385696040868455,0.0387,1.6500506565551565,-1.5346985440843273,2.248606228740563,0.3900150778748101,-1,看空：股权风险溢价低于-1.5个标准差,2018-02-08
2018-02-08,15.43,3.8801,0.06480881399870382,0.038801,1.6702872090591432,-1.4800691483517368,2.2478859406675697,0.390251179988221,0,中性,2018-02-09
2018-02-09,14.81,3.88,0.06752194463200539,0.0388,1.7402563049485926,-1.2985572406915846,2.2472047581591106,0.39039361325383526,0,中性,2018-02-12
2018-02-12,14.94,3.875,0.06693440428380187,0.03875,1.7273394653884355,-1.329344359360249,2.2465161108073572,0.39055090711693174,0,中性,2018-02-13
2018-02-13,15.09,3.87,0.06626905235255136,0.0387,1.712378613761017,-1.3652444915001363,2.245865120440811,0.3907626143164999,0,中性,2018-02-14
2018-02-14,15.16,3.8702,0.06596306068601583,0.038702,1.7043837705032254,-1.3832456213725601,2.245211542749741,0.39098462622268465,0,中性,2018-02-22
2018-02-22,15.51,3.8752,0.06447453255963895,0.038752,1.6637730326083542,-1.4843480056345568,2.244507543300485,0.39123878530349604,0,中性,2018-02-23
2018-02-23,15.59,3.8702,0.06414368184733804,0.038702,1.6573738268652276,-1.4978896971821254,2.2438193676047593,0.3915145032660085,0,中性,2018-02-26
2018-02-26,15.77,3.8452,0.06341154090044389,0.038452,1.6491090424540698,-1.5161254650075024,2.2431576693281454,0.39182022898819663,-1,看空：股权风险溢价低于-1.5个标准差,2018-02-27
2018-02-27,15.55,3.8201,0.06430868167202572,0.038201,1.6834292733704803,-1.425972082294431,2.2425550264185317,0.39210147238535104,0,中性,2018-02-28
2018-02-28,15.38,3.8202,0.06501950585175552,0.038202,1.7019921954807475,-1.3762206208115952,2.2419671155135896,0.39236072463033145,0,中性,2018-03-01
2018-03-01,15.46,3.8201,0.0646830530401035,0.038201,1.6932293144185622,-1.3960766387080719,2.24136068899106,0.3926226966162389,0,中性,2018-03-02
2018-03-02,15.35,3.8352,0.06514657980456026,0.038352,1.6986488267772284,-1.3798387188452619,2.240749746927691,0.3928726689189644,0,中性,2018-03-05
2018-03-05,15.36,3.8453,0.06510416666666667,0.038453,1.693084198025295,-1.3915444160442463,2.240152185396084,0.3931372804656449,0,中性,2018-03-06
2018-03-06,15.5,3.8253,0.06451612903225806,0.038253,1.6865639043279759,-1.4056122212366855,2.2395207912857384,0.3933922020621449,0,中性,2018-03-07
2018-03-07,15.43,3.8203,0.06480881399870382,0.038203,1.6964325837945664,-1.3781380551342248,2.238958487589921,0.3936658608142963,0,中性,2018-03-08
2018-03-08,15.51,3.8203,0.06447453255963895,0.038203,1.687682447965839,-1.3979288127433356,2.238399932083709,0.3939524524407837,0,中性,2018-03-09
2018-03-09,15.61,3.8278,0.06406149903907751,0.038278,1.6735853241830168,-1.4311566679535506,2.2378173070353164,0.39424892849719256,0,中性,2018-03-12
2018-03-12,15.68,3.8243,0.06377551020408163,0.038243,1.6676387889046789,-1.4436216453147044,2.2372047571592937,0.39453964278185333,0,中性,2018-03-13
2018-03-13,15.57,3.8362,0.06422607578676942,0.038362,1.6742108280790735,-1.4244225443302119,2.2366162185641216,0.39483044741439477,0,中性,2018-03-14
2018-03-14,15.48,3.8413,0.06459948320413436,0.038413,1.6817088799139446,-1.4029573339716541,2.2360337644046515,0.3951117194144884,0,中性,2018-03-15
2018-03-15,15.51,3.8257,0.06447453255963895,0.038257,1.685300273404578,-1.3914158470009423,2.235440425289352,0.3953815482772787,0,中性,2018-03-16
2018-03-16,15.39,3.8154,0.0649772579597141,0.038154,1.7030261036775725,-1.3442744140760028,2.2348650529205907,0.3956327247428731,0,中性,2018-03-19
2018-03-19,15.45,3.8104,0.06472491909385114,0.038104,1.698638439372537,-1.353033302060063,2.234290077440682,0.39588947090407006,0,中性,2018-03-20
2018-03-20,15.5,3.7906,0.06451612903225806,0.037906,1.7020030874336005,-1.342224456992736,2.2337071418312746,0.39613646706226846,0,中性,2018-03-21
2018-03-21,15.33,3.763,0.06523157208088715,0.03763,1.7334991251896665,-1.2606998623070873,2.2332064984011573,0.3963729894417722,0,中性,2018-03-22
2018-03-22,15.22,3.748,0.0657030223390276,0.03748,1.7530155373273106,-1.209599776355807,2.2327348966795886,0.3965934590344759,0,中性,2018-03-23
2018-03-23,14.75,3.7005,0.06779661016949153,0.037004999999999996,1.8320932352247408,-1.0088325623122958,2.232345257365818,0.39674772315405754,0,中性,2018-03-26
2018-03-26,14.64,3.7307,0.06830601092896174,0.037307,1.830916742942658,-1.0104224308149716,2.2319562782443825,0.39690284288152616,0,中性,2018-03-27
2018-03-27,14.74,3.7432,0.06784260515603799,0.037432,1.8124226639249301,-1.0556034252936333,2.231578934026777,0.3970774062098669,0,中性,2018-03-28
2018-03-28,14.48,3.7406,0.06906077348066299,0.037406,1.8462485558643795,-0.9691872813539931,2.231233754851236,0.3972247741932984,0,中性,2018-03-29
2018-03-29,14.68,3.7456,0.0681198910081744,0.037456,1.818664326360914,-1.0372581628605102,2.230864123084253,0.39739363977294767,0,中性,2018-03-30
2018-03-30,14.7,3.7407,0.06802721088435375,0.037406999999999996,1.8185690080560792,-1.0361328954393525,2.2304965171681217,0.3975624274889684,0,中性,2018-04-02
2018-04-02,14.64,3.7357,0.06830601092896174,0.037357,1.828466175789323,-1.0099010969364002,2.2301251257155332,0.39772107500889786,0,中性,2018-04-03
2018-04-03,14.52,3.7507,0.06887052341597796,0.037507,1.8362045329132686,-0.9891630116334341,2.2297669311522865,0.3978741558371827,0,中性,2018-04-04
2018-04-04,14.46,3.7234,0.06915629322268325,0.037233999999999996,1.8573425692292866,-0.9348421856264676,2.2294186918641423,0.3980095553620268,0,中性,2018-04-09
2018-04-09,14.47,3.6959,0.0691085003455425,0.036959,1.8698693239953057,-0.9021711637649776,2.229049855614177,0.39812903143559203,0,中性,2018-04-10
2018-04-10,14.75,3.7159,0.06779661016949153,0.037159,1.824500394776273,-1.0147109156886547,2.2286415916385574,0.398282102433091,0,中性,2018-04-11
2018-04-11,14.83,3.7109,0.06743088334457181,0.037109,1.8171032187494087,-1.0317408100887293,2.228169253534547,0.3984198654987649,0,中性,2018-04-12
2018-04-12,14.66,3.7109,0.06821282401091405,0.037109,1.838174674901346,-0.9774054488808266,2.227706752455315,0.39853683852489347,0,中性,2018-04-13
2018-04-13,14.56,3.7062,0.06868131868131867,0.037062,1.853146583598259,-0.9384814993509988,2.227270604069734,0.3986482639564001,0,中性,2018-04-16
2018-04-16,14.32,3.6561,0.06983240223463687,0.036560999999999996,1.910024403999805,-0.7946508144255767,2.226860089845581,0.398710578400155,0,中性,2018-04-17
2018-04-17,14.1,3.6512,0.07092198581560284,0.036511999999999996,1.9424294975789562,-0.7123598138522126,2.22648988491785,0.39875970235152186,0,中性,2018-04-18
2018-04-18,14.21,3.5013,0.07037297677691766,0.035013,2.009909941362284,-0.5424170619028555,2.2262218603267234,0.39879261578829145,0,中性,2018-04-19
2018-04-19,14.33,3.5064,0.06978367062107467,0.035064000000000005,1.9901799743632973,-0.5910996794993421,2.2259291533387886,0.3988315120982124,0,中性,2018-04-20
2018-04-20,14.12,3.5215,0.0708215297450425,0.035215,2.011118266222987,-0.5377151986546806,2.2255718442891967,0.3988237241624471,0,中性,2018-04-23
2018-04-23,14.12,3.6019,0.0708215297450425,0.036019,1.9662269842317246,-0.6493408855339644,2.2252228873324884,0.39885968814020845,0,中性,2018-04-24
2018-04-24,14.37,3.5855,0.06958942240779402,0.035855,1.9408568514236235,-0.7119662909110035,2.224872240583275,0.3989169048948045,0,中性,2018-04-25
2018-04-25,14.28,3.6118,0.0700280112044818,0.036118000000000004,1.9388673571205988,-0.7159300785578001,2.2244992813201785,0.3989662297398774,0,中性,2018-04-26
2018-04-26,14.02,3.6344,0.07132667617689016,0.036344,1.9625433682833524,-0.6556288974455095,2.2241387727155177,0.39899919825286073,0,中性,2018-04-27
2018-04-27,13.95,3.6364,0.07168458781362008,0.036364,1.971306451810034,-0.6327253522635355,2.2237793340619767,0.3990244445694117,0,中性,2018-05-02
2018-05-02,13.73,3.6665,0.07283321194464676,0.036665,1.9864506189730466,-0.5938440845345996,2.2234135836009057,0.3990322894494585,0,中性,2018-05-03
2018-05-03,13.82,3.6467,0.0723589001447178,0.036467,1.9842295813946251,-0.5984452592737559,2.223027064335363,0.3990297846632302,0,中性,2018-05-04
2018-05-04,13.77,3.6319,0.07262164124909223,0.036319,1.9995495814612803,-0.5591446065080632,2.222662653297188,0.3990257068368777,0,中性,2018-05-07
2018-05-07,13.98,3.6518,0.07153075822603719,0.036518,1.9587808266070756,-0.6603109513462397,2.222275964364095,0.3990470508172042,0,中性,2018-05-08
2018-05-08,14.11,3.6922,0.07087172218284904,0.036922,1.9194984611572783,-0.7575778971202776,2.2218258365358015,0.39907100844380083,0,中性,2018-05-09
2018-05-09,14.09,3.7074,0.07097232079488999,0.037073999999999996,1.9143421479983276,-0.7693237174501361,2.2213829773714098,0.39910485327391865,0,中性,2018-05-10
2018-05-10,14.15,3.6924,0.0706713780918728,0.036924,1.9139686407722023,-0.7691450072759551,2.2209818690532366,0.39916169951927355,0,中性,2018-05-11
2018-05-11,14.11,3.6882,0.07087172218284904,0.036882,1.9215802337955925,-0.7490057436831339,2.220597057921733,0.3992183326335601,0,中性,2018-05-14
2018-05-14,14.19,3.6937,0.07047216349541931,0.036937000000000005,1.9079016567512062,-0.7821589679731457,2.2202060928975422,0.39928511841477554,0,中性,2018-05-15
2018-05-15,14.25,3.7151,0.07017543859649122,0.037151,1.8889246210463033,-0.8284795728584428,2.2197825344604922,0.3993555475033065,0,中性,2018-05-16
2018-05-16,14.13,3.7076,0.07077140835102619,0.037076,1.9088199468935751,-0.7774879057403997,2.2193465494250737,0.3993973414104556,0,中性,2018-05-17
2018-05-17,14.05,3.712,0.07117437722419928,0.03712,1.9174131795312306,-0.7548103240480891,2.2189029299080074,0.3994245186789057,0,中性,2018-05-18
2018-05-18,14.23,3.7099,0.07027406886858749,0.037099,1.8942308113045496,-0.8115362002676764,2.218366216402118,0.3994096689595066,0,中性,2018-05-21
2018-05-21,14.29,3.6939,0.06997900629811057,0.036939,1.8944477733049236,-0.8096821975434467,2.2178305969165715,0.39939475585949935,0,中性,2018-05-22
2018-05-22,14.24,3.67,0.0702247191011236,0.036699999999999997,1.9134800844992808,-0.7607745994522865,2.2173050321949255,0.3993626337083034,0,中性,2018-05-23
2018-05-23,14.03,3.64,0.07127583749109052,0.0364,1.9581274036013878,-0.6478299131187918,2.2167998861736584,0.3992907356299217,0,中性,2018-05-24
2018-05-24,13.94,3.6501,0.07173601147776183,0.036501,1.9653163331898258,-0.6286870109500127,2.2162926234970417,0.39920705523717465,0,中性,2018-05-25
2018-05-25,13.88,3.6126,0.07204610951008646,0.036126,1.994300767039984,-0.5549881733730723,2.2157930593091844,0.39909371567871166,0,中性,2018-05-28
2018-05-28,13.89,3.6101,0.07199424046076314,0.036101,1.9942450475267481,-0.5540335131728615,2.215292870482567,0.3989791550513135,0,中性,2018-05-29
2018-05-29,13.79,3.6001,0.07251631617113852,0.036001,2.014286163471529,-0.5027389323484581,2.2148038121002878,0.39885044846651363,0,中性,2018-05-30
2018-05-30,13.48,3.5976,0.07418397626112759,0.035976,2.0620407010542467,-0.38201692529797515,2.214352128935423,0.39870335002139673,0,中性,2018-05-31
2018-05-31,13.71,3.6129,0.07293946024799416,0.036128999999999994,2.018861862990788,-0.48924065694639307,2.213851297989185,0.39855525543487746,0,中性,2018-06-01
2018-06-01,13.61,3.6202,0.07347538574577517,0.036202,2.0295946562558744,-0.46120920416272504,2.2133219705438925,0.39836003407944753,0,中性,2018-06-04
2018-06-04,13.69,3.6532,0.07304601899196494,0.036532,1.9995078011596665,-0.5355844062713859,2.212757275766801,0.39816221702892274,0,中性,2018-06-05
2018-06-05,13.8,3.6602,0.07246376811594203,0.036602,1.9797761902612432,-0.5839659552404804,2.2121828000079247,0.3979797240936334,0,中性,2018-06-06
2018-06-06,13.77,3.6602,0.07262164124909223,0.036602,1.9840894281485226,-0.5719814928756811,2.2116384315918935,0.39782581478178736,0,中性,2018-06-07
2018-06-07,13.76,3.6702,0.07267441860465117,0.036702,1.9801214812449233,-0.5808508796783646,2.2111411652589976,0.397726322015725,0,中性,2018-06-08
2018-06-08,13.57,3.6453,0.07369196757553427,0.036453,2.0215611218701963,-0.4756580292337084,2.2106950750093586,0.39762590246581064,0,中性,2018-06-11
2018-06-11,13.76,3.6502,0.07267441860465117,0.036502,1.9909708674771565,-0.551452618461938,2.2101527293082497,0.3974627275184866,0,中性,2018-06-12
2018-06-12,13.9,3.6853,0.07194244604316546,0.036853,1.9521462579210775,-0.647941142250121,2.209598593200495,0.3973390767953962,0,中性,2018-06-13
2018-06-13,13.77,3.6627,0.07262164124909223,0.036627,1.9827351748462128,-0.5697918665525257,2.209032048265442,0.39715707910753106,0,中性,2018-06-14
2018-06-14,13.74,3.6227,0.07278020378457059,0.036227,2.0090044382524246,-0.502484236879456,2.208445951848469,0.3969109853766215,0,中性,2018-06-15
2018-06-15,13.68,3.6028,0.07309941520467836,0.036028,2.0289612302841777,-0.45101869042051124,2.207833911485364,0.3965970479724748,0,中性,2018-06-19
2018-06-19,13.22,3.5603,0.075642965204236,0.035602999999999996,2.124623352083701,-0.20870667209050428,2.207335902639707,0.39631004475093284,0,中性,2018-06-20
2018-06-20,13.25,3.6054,0.07547169811320754,0.036054,2.0932961145284166,-0.2866938135044997,2.206848334008181,0.39607488592697604,0,中性,2018-06-21
2018-06-21,13.08,3.5753,0.0764525993883792,0.035753,2.1383548062646267,-0.17188908942295564,2.206392954317892,0.39582586819020527,0,中性,2018-06-22
2018-06-22,13.14,3.5604,0.076103500761035,0.035604,2.137498617038395,-0.17304328933845847,2.2059541473298117,0.39559771750248757,0,中性,2018-06-25
2018-06-25,12.97,3.5803,0.07710100231303006,0.035803,2.1534788233675966,-0.1316232421259256,2.205516405728858,0.3953525344063195,0,中性,2018-06-26
2018-06-26,12.88,3.5804,0.07763975155279502,0.035804,2.1684658572448616,-0.09270380564365042,2.20509401899669,0.39510958042677763,0,中性,2018-06-27
2018-06-27,12.69,3.5529,0.07880220646178093,0.035529000000000005,2.217968602037235,0.033591189200723286,2.2047048891737786,0.39485690084383546,0,中性,2018-06-28
2018-06-28,12.56,3.5304,0.07961783439490445,0.035304,2.25520718317767,0.12896833982946246,2.20431983015327,0.3945724438392342,0,中性,2018-06-29
2018-06-29,12.86,3.4756,0.07776049766718507,0.034756,2.237325862216166,0.08470035865018849,2.203928766602245,0.3942969799201241,0,中性,2018-07-02
2018-07-02,12.51,3.4668,0.07993605115907275,0.034668000000000004,2.305758946552231,0.2591905500705761,2.2036206274768357,0.3940665238280615,0,中性,2018-07-03
2018-07-03,12.55,3.4955,0.0796812749003984,0.034955,2.2795386897553542,0.19350139652709608,2.2033243196598913,0.3938698710362569,0,中性,2018-07-04
2018-07-04,12.45,3.5107,0.08032128514056225,0.035107,2.287899425771563,0.21552108759642374,2.2030505294269975,0.3936918530378334,0,中性,2018-07-05
2018-07-05,12.36,3.5005,0.08090614886731393,0.035005,2.311274071341635,0.27564490034477207,2.202801110365475,0.39352428011722224,0,中性,2018-07-06
2018-07-06,12.42,3.5259,0.08051529790660225,0.035259,2.283538895221142,0.2059717556329899,2.2025214663244723,0.39334242040947837,0,中性,2018-07-09
2018-07-09,12.77,3.5432,0.07830853563038372,0.035432,2.2101076888232027,0.020230162619951,2.2021547811602393,0.39312129182393485,0,中性,2018-07-10
2018-07-10,12.81,3.5431,0.078064012490242,0.035431,2.2032686768717227,0.003744512927298684,2.2017973946940557,0.392916837578767,0,中性,2018-07-11
2018-07-11,12.6,3.5107,0.07936507936507936,0.035107,2.2606625278457106,0.1506770134202054,2.2014888278785234,0.3927188270062446,0,中性,2018-07-12
2018-07-12,12.88,3.5158,0.07763975155279502,0.035158,2.208309674975682,0.018194922624124546,2.2011672872472072,0.39254839803520736,0,中性,2018-07-13
2018-07-13,12.87,3.4858,0.07770007770007771,0.034858,2.22904577715525,0.07179982441566707,2.200872339453964,0.3923886712895433,0,中性,2018-07-16
2018-07-16,12.77,3.4808,0.07830853563038372,0.034808,2.2497280978620924,0.1252900625661219,2.200586495496104,0.3922226660239218,0,中性,2018-07-17
2018-07-17,12.66,3.4808,0.07898894154818326,0.034808,2.269275498396439,0.17592459964168727,2.2003048473633293,0.3920466562014928,0,中性,2018-07-18
2018-07-18,12.6,3.4708,0.07936507936507936,0.034708,2.2866508979220743,0.2210158955095906,2.2000400162728333,0.39187625600206066,0,中性,2018-07-19
2018-07-19,12.56,3.4409,0.07961783439490445,0.034409,2.3138665580198334,0.2912663698576142,2.199779750367424,0.39169234576645673,0,中性,2018-07-20
2018-07-20,12.83,3.5135,0.0779423226812159,0.035135,2.218366946953633,0.04834063489296741,2.199441887443809,0.39149381367718145,0,中性,2018-07-23
2018-07-23,12.97,3.5186,0.07710100231303006,0.035186,2.1912409001600084,-0.019981825298929477,2.1990591394806587,0.39126752454737707,0,中性,2018-07-24
2018-07-24,13.16,3.5615,0.07598784194528875,0.035615,2.133590957329461,-0.16628236866164464,2.198610854463649,0.39102099433339355,0,中性,2018-07-25
2018-07-25,13.14,3.5614,0.076103500761035,0.035614,2.1368984321063347,-0.15662894780384312,2.1980879983944956,0.39066575589074853,0,中性,2018-07-26
2018-07-26,13.02,3.5361,0.07680491551459294,0.035361,2.1720232887812263,-0.06556655906649816,2.1976166068929017,0.3903410286594186,0,中性,2018-07-27
2018-07-27,12.97,3.5212,0.07710100231303006,0.035212,2.1896229215332856,-0.019317375957804438,2.197156918801407,0.3900114220781425,0,中性,2018-07-30
2018-07-30,12.95,3.5213,0.07722007722007722,0.035213,2.1929423002890185,-0.009653397163410442,2.1967041044103373,0.3896870767502704,0,中性,2018-07-31
2018-07-31,12.96,3.4812,0.07716049382716049,0.034811999999999996,2.216491262414124,0.051860627058876896,2.1962967495859727,0.38939970404185237,0,中性,2018-08-01
2018-08-01,12.71,3.4638,0.07867820613690008,0.034638,2.2714419463277347,0.1939678179636648,2.195959139855633,0.3891511863387641,0,中性,2018-08-02
2018-08-02,12.44,3.4713,0.08038585209003216,0.034713,2.3157275974428067,0.30903074761731636,2.1955769549711754,0.38879834255333706,0,中性,2018-08-03
2018-08-03,12.31,3.4567,0.08123476848090982,0.034567,2.3500670720892707,0.39917180654701623,2.195095389125837,0.38823303755842864,0,中性,2018-08-06
2018-08-06,12.17,3.4568,0.08216926869350863,0.034568,2.3770327671114506,0.4704895436965977,2.194635395836517,0.38767571717291033,0,中性,2018-08-07
2018-08-07,12.5,3.4876,0.08,0.034876,2.293841036816149,0.257794668215037,2.19407055266303,0.3870153127833359,0,中性,2018-08-08
2018-08-08,12.33,3.5222,0.08110300081103,0.035222,2.3026233834259835,0.282486259190074,2.193494411237377,0.386316037110952,0,中性,2018-08-09
2018-08-09,12.58,3.5476,0.0794912559618442,0.035476,2.2407051517038052,0.12394668551646426,2.1929020747606516,0.38567450790609337,0,中性,2018-08-10
2018-08-10,12.57,3.5525,0.07955449482895784,0.035525,2.239394646839066,0.12213129061675716,2.192358379050999,0.38512872131733183,0,中性,2018-08-13
2018-08-13,12.51,3.5826,0.07993605115907275,0.035826,2.231230144561848,0.10245513171010434,2.1918247172859853,0.38461155257073726,0,中性,2018-08-14
2018-08-14,12.47,3.5519,0.08019246190858059,0.035518999999999995,2.2577342241780625,0.17296646773639054,2.191301859899166,0.38407655049152567,0,中性,2018-08-15
2018-08-15,12.2,3.5829,0.0819672131147541,0.035829,2.287733766355581,0.2527189983172197,2.1908040873437864,0.38354725864387074,0,中性,2018-08-16
2018-08-16,12.12,3.6141,0.08250825082508251,0.036141,2.2829542853015274,0.24187654716930246,2.19030889073708,0.3830276049856124,0,中性,2018-08-17
2018-08-17,11.96,3.6524,0.08361204013377926,0.036524,2.2892355747940876,0.2601242082804769,2.1897638808015665,0.3824007563543126,0,中性,2018-08-20
2018-08-20,12.1,3.6326,0.08264462809917356,0.036326,2.2750819825792425,0.22490323782654503,2.1892166566503044,0.38178786023152383,0,中性,2018-08-21
2018-08-21,12.27,3.63,0.08149959250203749,0.0363,2.245167837521694,0.14799461225626068,2.1887326765953894,0.3813325368127875,0,中性,2018-08-22
2018-08-22,12.12,3.6075,0.08250825082508251,0.036074999999999996,2.2871310000022875,0.2592340463343329,2.1883605156664845,0.3810089212140724,0,中性,2018-08-23
2018-08-23,12.15,3.6101,0.0823045267489712,0.036101,2.2798406345799616,0.2414031807763267,2.1879533033392677,0.3806384445523627,0,中性,2018-08-24
2018-08-24,12.18,3.6278,0.08210180623973727,0.036278000000000005,2.2631293411912803,0.19870291348615632,2.187561079461296,0.3803077690415913,0,中性,2018-08-27
2018-08-27,12.37,3.6303,0.08084074373484236,0.036303,2.226833697899412,0.10442917939505718,2.1871517085583227,0.3799894777586232,0,中性,2018-08-28
2018-08-28,12.31,3.6101,0.08123476848090982,0.036101,2.2502082624002058,0.16709758968612465,2.1867648835583626,0.3796785995597836,0,中性,2018-08-29
2018-08-29,12.2,3.6101,0.0819672131147541,0.036101,2.270497025421847,0.22173100675873134,2.186382654979288,0.37935321573714276,0,中性,2018-08-30
2018-08-30,12.04,3.5801,0.08305647840531562,0.035801,2.3199485602445633,0.35337715565202493,2.186017229067316,0.37900393116846337,0,中性,2018-08-31
2018-08-31,11.92,3.5751,0.08389261744966443,0.035751,2.346581003319192,0.42479884005135077,2.1857051589250687,0.3787106489619329,0,中性,2018-09-03
2018-09-03,11.9,3.5951,0.08403361344537814,0.035951,2.337448567366086,0.40161586301112023,2.1854411695270994,0.3784895265324157,0,中性,2018-09-04
2018-09-04,12.04,3.6101,0.08305647840531562,0.036101,2.3006697433676524,0.3053724974235713,2.185156780119161,0.37826904591302324,0,中性,2018-09-05
2018-09-05,11.81,3.6101,0.0846740050804403,0.036101,2.3454753353214675,0.4249789921894649,2.184844106586769,0.37797451565108275,0,中性,2018-09-06
2018-09-06,11.73,3.6101,0.08525149190110827,0.036101,2.36147175704574,0.46848909332871697,2.184536022658932,0.3776731132194374,0,中性,2018-09-07
2018-09-07,11.77,3.6301,0.08496176720475786,0.036301,2.3404800750601322,0.414255708033876,2.1841769216020372,0.3773108020645866,0,中性,2018-09-10
2018-09-10,11.62,3.6551,0.08605851979345956,0.036551,2.354477847212376,0.45264357389177756,2.18384277643668,0.3769744686941981,0,中性,2018-09-11
2018-09-11,11.6,3.6751,0.08620689655172414,0.036751,2.3457020639363324,0.43065081302431174,2.1835031230396185,0.37663679248077314,0,中性,2018-09-12
2018-09-12,11.54,3.6551,0.08665511265164645,0.036551,2.3708000506592555,0.4984278365691285,2.1832144701235965,0.3763545427696877,0,中性,2018-09-13
2018-09-13,11.67,3.6526,0.0856898029134533,0.036526,2.3459947137231913,0.43367932942405846,2.1829048517908047,0.3760609530294555,0,中性,2018-09-14
2018-09-14,11.67,3.6351,0.0856898029134533,0.036351,2.3572887379564054,0.46473581908064665,2.182634581013166,0.3758138490137147,0,中性,2018-09-17
2018-09-17,11.53,3.6327,0.08673026886383348,0.036327,2.38748778770153,0.5460361217007051,2.182399891812315,0.3755940087817641,0,中性,2018-09-18
2018-09-18,11.73,3.6452,0.08525149190110827,0.036452,2.3387329063181244,0.4171639382814694,2.1821405095953286,0.3753737616148871,0,中性,2018-09-19
2018-09-19,11.88,3.6727,0.08417508417508417,0.036726999999999996,2.2919128754073075,0.2932578543470373,2.1818853314015563,0.3751904420454026,0,中性,2018-09-20
2018-09-20,11.89,3.7003,0.08410428931875526,0.037003,2.2729046109438493,0.24342480682969045,2.1816186164233993,0.37500695064458783,0,中性,2018-09-21
2018-09-21,12.23,3.6752,0.08176614881439084,0.036752,2.224808141445114,0.11588561423947966,2.1813659573800663,0.37487124135420136,0,中性,2018-09-25
2018-09-25,12.13,3.6754,0.08244023083264633,0.036753999999999995,2.243027448240908,0.16506399751751066,2.1811661398987057,0.37477165991717776,0,中性,2018-09-26
2018-09-26,12.25,3.6503,0.08163265306122448,0.036503,2.236327235055324,0.14775058115743678,2.1809684534958573,0.3746772508493792,0,中性,2018-09-27
2018-09-27,12.2,3.6253,0.0819672131147541,0.036253,2.2609773843476155,0.2141161362998755,2.1807751541397584,0.3745734982604566,0,中性,2018-09-28
2018-09-28,12.33,3.6153,0.08110300081103,0.036153,2.243326993915581,0.1676771465033525,2.1805414387921713,0.3744431273593653,0,中性,2018-10-08
2018-10-08,11.85,3.6155,0.08438818565400844,0.036155,2.3340668138295793,0.4103815470284145,2.18042966126388,0.3743763667693901,0,中性,2018-10-09
2018-10-09,11.85,3.6156,0.08438818565400844,0.036156,2.3340022583805853,0.4105106036598765,2.180338004919363,0.3743246875750349,0,中性,2018-10-10
2018-10-10,11.85,3.6156,0.08438818565400844,0.036156,2.3340022583805853,0.41088999769567536,2.180224126046557,0.3742562077354911,0,中性,2018-10-11
2018-10-11,11.28,3.5806,0.08865248226950355,0.035806,2.4759113631654905,0.7901289737570826,2.1802098670459213,0.3742445928966525,0,中性,2018-10-12
2018-10-12,11.43,3.5831,0.08748906386701663,0.035831,2.4417142660549978,0.6990877651564972,2.1801305722938964,0.37417861790578394,0,中性,2018-10-15
2018-10-15,11.25,3.5857,0.08888888888888889,0.035857,2.478982873327074,0.7988571605232885,2.1800932787563787,0.3741464799225293,0,中性,2018-10-16
2018-10-16,11.17,3.5757,0.08952551477170993,0.035757,2.5037199645303,0.865032059826524,2.1800808192127943,0.37413543422010176,0,中性,2018-10-17
2018-10-17,11.24,3.5807,0.08896797153024912,0.035807000000000005,2.4846530435459298,0.8141107708638209,2.1800715925864065,0.37412777457340834,0,中性,2018-10-18
2018-10-18,10.94,3.5508,0.09140767824497258,0.035508000000000005,2.5742840555641706,1.0534337997519116,2.1801177219986765,0.3741728561000436,0,中性,2018-10-19
2018-10-19,11.24,3.5658,0.08896797153024912,0.035657999999999995,2.4950353786036548,0.8418223819757121,2.1800783752801496,0.3741371221139523,0,中性,2018-10-22
2018-10-22,11.68,3.591,0.08561643835616438,0.035910000000000004,2.3841948859973368,0.5460413230136081,2.1799525444992045,0.3740419138443891,0,中性,2018-10-23
2018-10-23,11.38,3.5709,0.08787346221441124,0.035709,2.460821143532758,0.7510626411263074,2.1799151203805938,0.3740114442796838,0,中性,2018-10-24
2018-10-24,11.41,3.5409,0.0876424189307625,0.035409,2.4751452718450815,0.7894438814741342,2.179896378445789,0.3739960500396455,0,中性,2018-10-25
2018-10-25,11.42,3.5409,0.08756567425569177,0.035409,2.472977894198982,0.7837476238874054,2.1798738753693625,0.373977553355527,0,中性,2018-10-26
2018-10-26,11.42,3.541,0.08756567425569177,0.03541,2.472908055794741,0.7836269875167872,2.1798587483152883,0.37396530766262703,0,中性,2018-10-29
2018-10-29,11.13,3.5111,0.08984725965858041,0.035110999999999996,2.5589490375831057,1.0131086749851137,2.1799811534026223,0.3740643955951239,0,中性,2018-10-30
2018-10-30,11.22,3.5161,0.08912655971479501,0.035161,2.534812994931743,0.9480330229881144,2.1801020079844236,0.3741546743058615,0,中性,2018-10-31
2018-10-31,11.23,3.5086,0.08904719501335707,0.035086,2.5379694183821773,0.9557571741904675,2.18026269759014,0.37426527412155436,0,中性,2018-11-01
2018-11-01,11.26,3.4936,0.08880994671403197,0.034935999999999995,2.5420754154463014,0.9659517767141567,2.1804387661550835,0.37438375083421277,0,中性,2018-11-02
2018-11-02,11.58,3.5461,0.08635578583765112,0.035461,2.4352326735752268,0.6802645292062247,2.18052200331988,0.37442885718671665,0,中性,2018-11-05
2018-11-05,11.49,3.5312,0.08703220191470844,0.035312,2.464663624680234,0.7585079897717002,2.1806140629280812,0.37448460079853285,0,中性,2018-11-06
2018-11-06,11.45,3.5113,0.08733624454148473,0.035113,2.4872908763559005,0.8187145363501459,2.1806645192264367,0.37452169653224116,0,中性,2018-11-07
2018-11-07,11.37,3.4813,0.08795074758135445,0.034813000000000004,2.526376571434649,0.9227280358510017,2.1807395996947307,0.374581630026174,0,中性,2018-11-08
2018-11-08,11.35,3.4813,0.0881057268722467,0.034813000000000004,2.5308283363182342,0.934206814188503,2.1808271155147363,0.37465068279075425,0,中性,2018-11-09
2018-11-09,11.17,3.4763,0.08952551477170993,0.034763,2.5753103809139004,1.052359681270441,2.1809402011494576,0.3747484693525573,0,中性,2018-11-12
2018-11-12,11.3,3.4865,0.08849557522123894,0.034865,2.5382353426427344,0.9530732277187054,2.181014102355018,0.37480985710066383,0,中性,2018-11-13
2018-11-13,11.4,3.474,0.08771929824561403,0.03474,2.525022977709097,0.9177492748749423,2.181029158455538,0.3748233081420125,0,中性,2018-11-14
2018-11-14,11.28,3.4218,0.08865248226950355,0.034218,2.590814257686117,1.0928545241706202,2.1811059016730647,0.3748974332370399,0,中性,2018-11-15
2018-11-15,11.42,3.3915,0.08756567425569177,0.033915,2.5819157970128783,1.0686962465713437,2.181185022953487,0.37497163047502075,0,中性,2018-11-16
2018-11-16,11.46,3.3515,0.08726003490401396,0.033515,2.6036113651801864,1.125923797513934,2.181300432369635,0.3750794980468694,0,中性,2018-11-19
2018-11-19,11.57,3.3772,0.08643042350907519,0.033772,2.5592331964075323,1.0070721326351246,2.1814100026751486,0.3751699421408516,0,中性,2018-11-20
2018-11-20,11.32,3.3771,0.08833922261484099,0.033771,2.6158308197814986,1.1572143177639398,2.1815384323185043,0.37529123239865203,0,中性,2018-11-21
2018-11-21,11.34,3.3716,0.08818342151675485,0.033715999999999996,2.6154769698883276,1.1553910603448738,2.181701845735651,0.37543576286906566,0,中性,2018-11-22
2018-11-22,11.31,3.3917,0.08841732979664013,0.033917,2.6068735382445416,1.1315397203678794,2.181882803905625,0.3755862270577175,0,中性,2018-11-23
2018-11-23,11.06,3.3917,0.09041591320072333,0.033917,2.6657992511343376,1.287118096422336,2.1821094987631815,0.3757928302893235,0,中性,2018-11-26
2018-11-26,11.05,3.4151,0.09049773755656108,0.034151,2.6499293595080986,1.2437876348815606,2.182301664422942,0.37597068982735665,0,中性,2018-11-27
2018-11-27,11.04,3.4,0.09057971014492755,0.034,2.664109121909634,1.2803256644021535,2.182501360286633,0.3761603590504348,0,中性,2018-11-28
2018-11-28,11.16,3.37,0.08960573476702509,0.0337,2.658923880327154,1.2653553281579926,2.1827067976856003,0.37635047803907706,0,中性,2018-11-29
2018-11-29,11.02,3.36,0.09074410163339383,0.0336,2.700717310517674,1.3747672679186949,2.1829778227464556,0.3766015527523004,0,中性,2018-11-30
2018-11-30,11.12,3.355,0.08992805755395684,0.033549999999999996,2.680419003098565,1.3194392389938359,2.183221459691792,0.3768248879621929,0,中性,2018-12-03
2018-12-03,11.41,3.35,0.0876424189307625,0.0335,2.616191609873507,1.14805087641433,2.183401586598907,0.3769780870916791,0,中性,2018-12-04
2018-12-04,11.43,3.305,0.08748906386701663,0.03305,2.647172885537568,1.2290718674469194,2.1836118380213096,0.3771635001940018,0,中性,2018-12-05
2018-12-05,11.37,3.275,0.08795074758135445,0.03275,2.685519010117693,1.3294038492783393,2.1838329092780113,0.37737674756396994,0,中性,2018-12-06
2018-12-06,11.16,3.2751,0.08960573476702509,0.032751,2.7359694289342333,1.4614384000942946,2.1840779161063106,0.3776358365787526,0,中性,2018-12-07
2018-12-07,11.14,3.2853,0.08976660682226212,0.032853,2.7323716805850946,1.4502713522313306,2.1843241935280306,0.37789306546934104,0,中性,2018-12-10
2018-12-10,11.04,3.2678,0.09057971014492755,0.032678,2.7718865948016265,1.5528207319856058,2.1846080144405207,0.3782011459945846,1,看多：股权风险溢价高于1.5个标准差,2018-12-11
2018-12-11,11.09,3.2652,0.09017132551848513,0.032652,2.761586595567963,1.52399841208649,2.1848239494268418,0.3784535742077851,1,看多：股权风险溢价高于1.5个标准差,2018-12-12
2018-12-12,11.13,3.2703,0.08984725965858041,0.032703,2.7473705671828395,1.4849936950244342,2.185024840589722,0.3786855987855655,0,中性,2018-12-13
2018-12-13,11.28,3.3311,0.08865248226950355,0.033311,2.66135757766214,1.2570085946821723,2.185165295852992,0.37882977397585,0,中性,2018-12-14
2018-12-14,11.1,3.3468,0.0900900900900901,0.033468,2.691827718719078,1.336270295426739,2.1853519187416506,0.3790219701139761,0,中性,2018-12-17
2018-12-17,11.18,3.3713,0.08944543828264759,0.033713,2.6531438401402303,1.2333609990365102,2.185495868991478,0.37916552535232956,0,中性,2018-12-18
2018-12-18,11.08,3.3714,0.09025270758122744,0.033714,2.677009775797219,1.2951702121191513,2.185684806132223,0.37935165977998553,0,中性,2018-12-19
2018-12-19,10.96,3.3412,0.09124087591240876,0.033412000000000004,2.7307816327190455,1.4354302412635995,2.185907088023591,0.3795897069967017,0,中性,2018-12-20
2018-12-20,10.89,3.3003,0.09182736455463728,0.033003,2.7823944657951483,1.5692364585241187,2.186214547477625,0.37991719799719403,1,看多：股权风险溢价高于1.5个标准差,2018-12-21
2018-12-21,10.79,3.3168,0.09267840593141799,0.033168,2.7942114668179565,1.5979673249135091,2.1865523577893966,0.3802700465489492,1,看多：股权风险溢价高于1.5个标准差,2018-12-24
2018-12-24,10.83,3.3483,0.09233610341643582,0.033483,2.7577010248913125,1.5000053997056169,2.186845395262308,0.38056904977877914,1,看多：股权风险溢价高于1.5个标准差,2018-12-25
2018-12-25,10.75,3.3113,0.09302325581395349,0.033113000000000004,2.809266928818092,1.6329323970391767,2.1872078238930173,0.380946024497394,1,看多：股权风险溢价高于1.5个标准差,2018-12-26
2018-12-26,10.71,3.3011,0.09337068160597571,0.033011,2.828471770197077,1.6802979565346208,2.1876554618297734,0.38137064076950833,1,看多：股权风险溢价高于1.5个标准差,2018-12-27
2018-12-27,10.66,3.2709,0.09380863039399624,0.032709,2.867976104252537,1.7801711484045537,2.188207671621739,0.3818556621592414,1,看多：股权风险溢价高于1.5个标准差,2018-12-28
2018-12-28,10.71,3.2315,0.09337068160597571,0.032315,2.889391354045357,1.8322968796389205,2.18877554369834,0.3823702469465991,1,看多：股权风险溢价高于1.5个标准差,2019-01-02
2019-01-02,10.57,3.1734,0.0946073793755913,0.031734,2.9812623487613066,2.0672774099499183,2.189444114246635,0.38302466360035053,1,看多：股权风险溢价高于1.5个标准差,2019-01-03
2019-01-03,10.56,3.141,0.0946969696969697,0.03141,3.0148669117150493,2.149238764111764,2.1901300424792147,0.38373441006526854,1,看多：股权风险溢价高于1.5个标准差,2019-01-04
2019-01-04,10.78,3.1513,0.0927643784786642,0.031513,2.9436860495244566,1.9591471291376121,2.190735146776117,0.38432585871168207,1,看多：股权风险溢价高于1.5个标准差,2019-01-07
2019-01-07,10.85,3.1507,0.09216589861751152,0.031507,2.925251487526947,1.90692191960283,2.191303221381896,0.38488637557741034,1,看多：股权风险溢价高于1.5个标准差,2019-01-08
2019-01-08,10.82,3.1211,0.09242144177449169,0.031211000000000003,2.9611816915347693,1.9955579972477495,2.1918925533454554,0.3855007668282799,1,看多：股权风险溢价高于1.5个标准差,2019-01-09
2019-01-09,10.91,3.1106,0.09165902841429881,0.031105999999999998,2.9466671514916354,1.953441434065669,2.192463487888249,0.3860897237311453,1,看多：股权风险溢价高于1.5个标准差,2019-01-10
2019-01-10,10.87,3.1006,0.09199632014719412,0.031006,2.9670489630134207,2.0016067833353794,2.1930190613074485,0.38670427585990025,1,看多：股权风险溢价高于1.5个标准差,2019-01-11
2019-01-11,10.95,3.1058,0.09132420091324202,0.031058,2.9404404956288888,1.928681375615809,2.193524125167919,0.3872678918893415,1,看多：股权风险溢价高于1.5个标准差,2019-01-14
2019-01-14,10.86,3.1297,0.09208103130755065,0.031297,2.9421679811978994,1.9288580298684028,2.194074590767551,0.3878426399694058,1,看多：股权风险溢价高于1.5个标准差,2019-01-15
2019-01-15,11.03,3.1383,0.09066183136899365,0.031383,2.8888835155655497,1.787896372943389,2.1945789624145857,0.3883360152512307,1,看多：股权风险溢价高于1.5个标准差,2019-01-16
2019-01-16,11.03,3.0745,0.09066183136899365,0.030745,2.9488317244753177,1.937905496220303,2.195143172325576,0.38891914679004647,1,看多：股权风险溢价高于1.5个标准差,2019-01-17
2019-01-17,10.98,3.076,0.09107468123861566,0.03076,2.9608153848704704,1.9641388761866987,2.195741396493048,0.3895213305195529,1,看多：股权风险溢价高于1.5个标准差,2019-01-18
2019-01-18,11.16,3.091,0.08960573476702509,0.030910000000000003,2.898923803527178,1.8014911093611803,2.1962909044318426,0.3900285132933536,1,看多：股权风险溢价高于1.5个标准差,2019-01-21
2019-01-21,11.24,3.1037,0.08896797153024912,0.031037,2.866513243233854,1.7150012533759726,2.1968242647650493,0.39048891489176735,1,看多：股权风险溢价高于1.5个标准差,2019-01-22
2019-01-22,11.09,3.1071,0.09017132551848513,0.031071,2.902105677914619,1.8023051778242853,2.1974090093804035,0.39099741664445203,1,看多：股权风险溢价高于1.5个标准差,2019-01-23
2019-01-23,11.1,3.119,0.0900900900900901,0.031190000000000002,2.888428665921452,1.7637037020386963,2.1979640579709225,0.39148560336546845,1,看多：股权风险溢价高于1.5个标准差,2019-01-24
2019-01-24,11.15,3.1338,0.08968609865470852,0.031338,2.8618960576523236,1.69265432764159,2.1984846145201424,0.391935572608334,1,看多：股权风险溢价高于1.5个标准差,2019-01-25
2019-01-25,11.23,3.1398,0.08904719501335707,0.031398,2.836078572308971,1.6238608703514215,2.198959498053332,0.3923483137553278,1,看多：股权风险溢价高于1.5个标准差,2019-01-28
2019-01-28,11.27,3.1397,0.08873114463176575,0.031397,2.8261026413913988,1.5956075019128422,2.199431443318644,0.3927477135332406,1,看多：股权风险溢价高于1.5个标准差,2019-01-29
2019-01-29,11.28,3.1246,0.08865248226950355,0.031246,2.8372425996768724,1.621059107313812,2.1999070851103357,0.3931599481419516,1,看多：股权风险溢价高于1.5个标准差,2019-01-30
2019-01-30,11.2,3.1151,0.08928571428571429,0.031150999999999998,2.8662230517708673,1.691552538459868,2.2004109333052173,0.3936100731886587,1,看多：股权风险溢价高于1.5个标准差,2019-01-31
2019-01-31,11.31,3.1037,0.08841732979664013,0.031037,2.848771781958312,1.644213647061044,2.2008939530756386,0.394035063533699,1,看多：股权风险溢价高于1.5个标准差,2019-02-01
2019-02-01,11.46,3.1032,0.08726003490401396,0.031032,2.811937190771267,1.5482362106786698,2.201305737785781,0.3944045803694358,1,看多：股权风险溢价高于1.5个标准差,2019-02-11
2019-02-11,11.63,3.067,0.08598452278589853,0.030670000000000003,2.8035384018877902,1.5244894162473688,2.2017224257025587,0.3947655980889925,1,看多：股权风险溢价高于1.5个标准差,2019-02-12
2019-02-12,11.69,3.0748,0.0855431993156544,0.030748,2.7820736085486666,1.4679078048249201,2.2021077333988606,0.3950969354093594,0,中性,2019-02-13
2019-02-13,11.92,3.0719,0.08389261744966443,0.030719,2.730968372982989,1.3367056163929862,2.2024695628402475,0.3953741225153682,0,中性,2019-02-14
2019-02-14,11.92,3.0726,0.08389261744966443,0.030726,2.7303462035300536,1.3333959523589498,2.2027984547311195,0.39564223055097325,0,中性,2019-02-15
2019-02-15,11.72,3.0794,0.08532423208191126,0.030794000000000002,2.7708070429925065,1.4335493870857514,2.203179146640452,0.3959597775044081,0,中性,2019-02-18
2019-02-18,12.05,3.1094,0.08298755186721991,0.031094,2.6689249330166565,1.1748832912821539,2.2034725715007415,0.3961690194844505,0,中性,2019-02-19
2019-02-19,12.04,3.1279,0.08305647840531562,0.031279,2.655343150526411,1.1392584057554893,2.2037755543474478,0.39636977344003904,0,中性,2019-02-20
2019-02-20,12.09,3.1196,0.0827129859387924,0.031196,2.651397164341338,1.1279388248871847,2.2040914278715773,0.39656914595035764,0,中性,2019-02-21
2019-02-21,12.04,3.1361,0.08305647840531562,0.031361,2.6484001914899276,1.1190468169926122,2.2044015638285623,0.3967650154750375,0,中性,2019-02-22
2019-02-22,12.27,3.1451,0.08149959250203749,0.031451,2.5913195924465833,0.974232009009633,2.2046392765604317,0.39690783336018287,0,中性,2019-02-25
2019-02-25,12.98,3.1787,0.07704160246533127,0.031787,2.4236827151140803,0.551580203507682,2.204735019429503,0.3969462542205399,0,中性,2019-02-26
2019-02-26,12.85,3.1878,0.07782101167315175,0.031878000000000004,2.441213742178046,0.5954579041166119,2.204824676820462,0.39698703086035575,0,中性,2019-02-27
2019-02-27,12.88,3.1689,0.07763975155279502,0.031688999999999995,2.450053695376788,0.6174544751110255,2.2049073699948423,0.39702736843532593,0,中性,2019-02-28
2019-02-28,12.85,3.1731,0.07782101167315175,0.031730999999999995,2.452523137409844,0.6234406983315911,2.2049776303652915,0.3970634379613279,0,中性,2019-03-01
2019-03-01,13.11,3.187,0.07627765064836003,0.031869999999999996,2.3933997693241307,0.4744811597697383,2.204996636247775,0.3970718946307294,0,中性,2019-03-04
2019-03-04,13.25,3.2023,0.07547169811320754,0.032023,2.3567966184682114,0.38226928527726695,2.2050068042656017,0.39707562194674834,0,中性,2019-03-05
2019-03-05,13.34,3.2149,0.07496251874062969,0.032149000000000004,2.3317216317966243,0.3192172881497066,2.2049723400296974,0.39706274212656023,0,中性,2019-03-06
2019-03-06,13.48,3.2021,0.07418397626112759,0.032021,2.3167289048164514,0.2815464547193543,2.2049402947459185,0.3970520963652835,0,中性,2019-03-07
2019-03-07,13.39,3.1572,0.07468259895444361,0.031572,2.3654693701521476,0.4043183096938929,2.2049348477253106,0.39704984557433687,0,中性,2019-03-08
2019-03-08,12.85,3.1423,0.07782101167315175,0.031423,2.47656212561346,0.6838785269293293,2.2050017606465824,0.3970885972779493,0,中性,2019-03-11
2019-03-11,13.11,3.1374,0.07627765064836003,0.031374,2.4312376696742537,0.5696566896163756,2.205026115789663,0.3971015490697189,0,中性,2019-03-12
2019-03-12,13.22,3.1424,0.075642965204236,0.031424,2.407171754208121,0.5089612747933039,2.2050555142389396,0.3971151637249088,0,中性,2019-03-13
2019-03-13,13.05,3.1375,0.07662835249042145,0.031375,2.4423379279815602,0.5973792655659769,2.2050965031781784,0.39713702580321647,0,中性,2019-03-14
2019-03-14,12.93,3.1475,0.07733952049497293,0.031475,2.457173010165939,0.6344752512315041,2.2051741353410623,0.3971768391844309,0,中性,2019-03-15
2019-03-15,13.07,3.1376,0.07651109410864575,0.031376,2.4385228871954916,0.5874164691563847,2.205204916478899,0.39719344445972193,0,中性,2019-03-18
2019-03-18,13.41,3.1377,0.07457121551081282,0.031377,2.3766203114004787,0.4315755129349852,2.2052019128880116,0.39719213295192324,0,中性,2019-03-19
2019-03-19,13.38,3.1377,0.07473841554559042,0.031377,2.3819490564933044,0.4449480048312055,2.205216472920713,0.39719828306598737,0,中性,2019-03-20
2019-03-20,13.37,3.1453,0.07479431563201197,0.031453,2.3779708018952714,0.4349637313644119,2.2052060105124043,0.3971935564395945,0,中性,2019-03-21
2019-03-21,13.4,3.1291,0.07462686567164178,0.031291,2.3849306724502823,0.45250710981057773,2.2051991941272937,0.39719039640775,0,中性,2019-03-22
2019-03-22,13.39,3.108,0.07468259895444361,0.03108,2.4029150242742476,0.497634328004569,2.2052490397987183,0.397211312306643,0,中性,2019-03-25
2019-03-25,13.1,3.0831,0.07633587786259542,0.030831,2.4759455698029718,0.6810768851229885,2.20537303429887,0.39727164643862745,0,中性,2019-03-26
2019-03-26,12.9,3.0633,0.07751937984496124,0.030633,2.5305840056462388,0.8179919190833566,2.2055424733022053,0.39736521200389807,0,中性,2019-03-27
2019-03-27,13.04,3.0882,0.07668711656441718,0.030882,2.483230249479217,0.6984071818712556,2.205664347525026,0.3974270442215433,0,中性,2019-03-28
2019-03-28,13.02,3.0634,0.07680491551459294,0.030634,2.5071788050725643,0.758125463854227,2.2058188243087478,0.39750673883414406,0,中性,2019-03-29
2019-03-29,13.47,3.0683,0.07423904974016332,0.030683,2.4195499051645317,0.5373371093287568,2.2059328194265193,0.39754761401992794,0,中性,2019-04-01
2019-04-01,13.85,3.1332,0.07220216606498195,0.031332,2.304422509414718,0.24771836803944441,2.2059421254607967,0.3975497849971316,0,中性,2019-04-02
2019-04-02,13.85,3.1681,0.07220216606498195,0.031681,2.279036838009594,0.18382231791333883,2.2059578546182808,0.39755228973755713,0,中性,2019-04-03
2019-04-03,14.02,3.2331,0.07132667617689016,0.032331,2.2061388814725857,0.0005965844294278684,2.2059017109430354,0.3975473006859241,0,中性,2019-04-04
2019-04-04,14.17,3.2679,0.07057163020465773,0.032679,2.159540689882118,-0.11632670288693599,2.2057851504232335,0.39753951064927073,0,中性,2019-04-08
2019-04-08,14.16,3.2482,0.07062146892655367,0.032482000000000004,2.1741724317022864,-0.07913660543260057,2.205630347722212,0.3975140941156237,0,中性,2019-04-09
2019-04-09,14.17,3.2882,0.07057163020465773,0.032881999999999995,2.146208570179969,-0.14890002875473027,2.205390261712096,0.39745923507920566,0,中性,2019-04-10
2019-04-10,14.17,3.2932,0.07057163020465773,0.032932,2.142950024433916,-0.15653990027802875,2.2051609304675632,0.39741245473617276,0,中性,2019-04-11
2019-04-11,13.91,3.2784,0.07189072609633357,0.032784,2.192860117628525,-0.03041917625977373,2.2049470873298245,0.3973470418159577,0,中性,2019-04-12
2019-04-12,13.88,3.3334,0.07204610951008646,0.033334,2.1613400585014233,-0.10922570921707153,2.204735398953699,0.3972996903689872,0,中性,2019-04-15
2019-04-15,13.8,3.3736,0.07246376811594203,0.033736,2.147965618803119,-0.14240507623154136,2.2045384163533988,0.3972667200310752,0,中性,2019-04-16
2019-04-16,14.17,3.3937,0.07057163020465773,0.033937,2.0794893539398807,-0.3141886451625141,2.2043017391623136,0.3972530107123183,0,中性,2019-04-17
2019-04-17,14.21,3.3938,0.07037297677691766,0.033938,2.0735746589933894,-0.3284541839897452,2.2040482319567807,0.3972352289093227,0,中性,2019-04-18
2019-04-18,14.14,3.3589,0.07072135785007072,0.033589,2.1054916148164793,-0.24755914873785081,2.20382512494552,0.3972121839583857,0,中性,2019-04-19
2019-04-19,14.23,3.3741,0.07027406886858749,0.033741,2.0827500331521738,-0.3042138212774733,2.2035816422696417,0.3971930289362411,0,中性,2019-04-22
2019-04-22,13.93,3.4091,0.07178750897343862,0.034091,2.1057613145240275,-0.24560306015196806,2.2032993846168747,0.39713703091685854,0,中性,2019-04-23
2019-04-23,13.86,3.3993,0.07215007215007216,0.033993,2.122497930458393,-0.202830478139462,2.2030384291650034,0.3970828222927736,0,中性,2019-04-24
2019-04-24,13.88,3.4343,0.07204610951008646,0.034343,2.0978397201783903,-0.26424137027383193,2.202751180880262,0.39702890048273876,0,中性,2019-04-25
2019-04-25,13.57,3.4193,0.07369196757553427,0.034193,2.1551770121233664,-0.11928663780974022,2.202531307024929,0.39697903948882995,0,中性,2019-04-26
2019-04-26,13.34,3.4043,0.07496251874062969,0.034043000000000004,2.2019950868204825,-0.0008371329637110201,2.2023273563765833,0.3969137168220182,0,中性,2019-04-29
2019-04-29,13.26,3.4268,0.07541478129713423,0.034268,2.2007348341640665,-0.003533713703043825,2.2021372147930203,0.39685745558443225,0,中性,2019-04-30
2019-04-30,13.12,3.3869,0.07621951219512195,0.033868999999999996,2.2504210987960067,0.1220290314818323,2.2019987182317853,0.39681033255951526,0,中性,2019-05-06
2019-05-06,12.38,3.355,0.08077544426494346,0.033549999999999996,2.4076138380012955,0.5182177519960496,2.2019838545999444,0.39680227589524686,0,中性,2019-05-07
2019-05-07,12.47,3.3551,0.08019246190858059,0.033551000000000004,2.39016607280202,0.47440687536399195,2.2019335624994762,0.3967744147007171,0,中性,2019-05-08
2019-05-08,12.32,3.3426,0.08116883116883117,0.033426,2.4283142215290843,0.5704781855091388,2.2019561693316665,0.3967865169031808,0,中性,2019-05-09
2019-05-09,12.12,3.3116,0.08250825082508251,0.033116,2.4914920529376285,0.7293577401601575,2.2020522001999168,0.39684209380454993,0,中性,2019-05-10
2019-05-10,12.5,3.3017,0.08,0.033017,2.4229942151013115,0.5566250222910243,2.2020912127194743,0.3968614301107379,0,中性,2019-05-13
2019-05-13,12.33,3.2709,0.08110300081103,0.032709,2.4795316521761595,0.6988112123378933,2.202169056815752,0.3969063324448997,0,中性,2019-05-14
2019-05-14,12.25,3.2859,0.08163265306122448,0.032859,2.484331630945083,0.7106453408721619,2.2022413147660354,0.39694950484420727,0,中性,2019-05-15
2019-05-15,12.5,3.2762,0.08,0.032762,2.4418533667053293,0.6035265661366723,2.202273152162069,0.396967139453155,0,中性,2019-05-16
2019-05-16,12.55,3.2662,0.0796812749003984,0.032662,2.439571211205634,0.5977119308397977,2.2022926137319776,0.39697818502681526,0,中性,2019-05-17
2019-05-17,12.26,3.2665,0.08156606851549755,0.032665,2.497047865161413,0.742210787046391,2.2023705142449295,0.39702649982917193,0,中性,2019-05-20
2019-05-20,12.21,3.2717,0.0819000819000819,0.032717,2.5032882568720205,0.7575853985561357,2.202463628796266,0.397083455738573,0,中性,2019-05-21
2019-05-21,12.35,3.299,0.08097165991902834,0.03299,2.454430431010256,0.6344077594966594,2.202503222300327,0.39710612762651,0,中性,2019-05-22
2019-05-22,12.3,3.3264,0.08130081300813008,0.033264,2.4441081351650453,0.6082544811122764,2.202551037204035,0.39713163727012757,0,中性,2019-05-23
2019-05-23,12.12,3.31,0.08250825082508251,0.0331,2.4926963995493208,0.7302137308996588,2.202660715069129,0.39719286587894426,0,中性,2019-05-24
2019-05-24,12.13,3.3125,0.08244023083264633,0.033125,2.4887616855138512,0.7198776196882752,2.2027845656238307,0.397257967283183,0,中性,2019-05-27
2019-05-27,12.28,3.35,0.08143322475570033,0.0335,2.4308425300209056,0.5737849681816126,2.202878838561847,0.39729812403678033,0,中性,2019-05-28
2019-05-28,12.36,3.31,0.08090614886731393,0.0331,2.444294527713412,0.6073256801899118,2.2029779675399803,0.3973429216725553,0,中性,2019-05-29
2019-05-29,12.35,3.2875,0.08097165991902834,0.032875,2.463016271301242,0.654095437623914,2.2030825484397445,0.39739418425809586,0,中性,2019-05-30
2019-05-30,12.3,3.275,0.08130081300813008,0.03275,2.4824675727673307,0.7027392915674526,2.2031686891679616,0.3974431015183395,0,中性,2019-05-31
2019-05-31,12.26,3.2751,0.08156606851549755,0.032751,2.4904909320478015,0.7226482392980231,2.203245820637726,0.39748953334350307,0,中性,2019-06-03
2019-06-03,12.24,3.2401,0.08169934640522876,0.032401,2.5215069413051685,0.8004505237812847,2.203303456762062,0.39753048450756284,0,中性,2019-06-04
2019-06-04,12.15,3.2101,0.0823045267489712,0.032101000000000005,2.5639240755419204,0.9067262074952654,2.203404286876555,0.39760600905235,0,中性,2019-06-05
2019-06-05,12.15,3.21,0.0823045267489712,0.0321,2.5640039485660813,0.906599206725386,2.203480336186971,0.3976659252563353,0,中性,2019-06-06
2019-06-06,12.04,3.2136,0.08305647840531562,0.032136,2.5845306947135804,0.9577864076183035,2.2035769915422896,0.39774390212802885,0,中性,2019-06-10
2019-06-10,12.16,3.2251,0.08223684210526316,0.032251,2.54990053347999,0.8703862330911454,2.2036575237674656,0.39780386746565927,0,中性,2019-06-11
2019-06-11,12.47,3.2651,0.08019246190858059,0.032651,2.4560491840550243,0.6344795093301681,2.2036527340076884,0.39780078999524443,0,中性,2019-06-12
2019-06-12,12.38,3.2601,0.08077544426494346,0.032601,2.4776983609381142,0.6889597803875642,2.203637237444291,0.39778972778302707,0,中性,2019-06-13
2019-06-13,12.36,3.2451,0.08090614886731393,0.032451,2.493178911815165,0.728026327522007,2.203599291696348,0.3977598188027939,0,中性,2019-06-14
2019-06-14,12.26,3.2302,0.08156606851549755,0.032302,2.5251089256237247,0.8083537808579936,2.2035867047183633,0.39774938711129054,0,中性,2019-06-17
2019-06-17,12.51,3.2252,0.07993605115907275,0.032252,2.4784835408369323,0.6914444296194608,2.203506987574267,0.397684241109585,0,中性,2019-06-18
2019-06-18,12.54,3.2302,0.07974481658692185,0.032302,2.4687269081456833,0.6672491483094223,2.203419465124018,0.39761376045793695,0,中性,2019-06-19
2019-06-19,12.67,3.2427,0.07892659826361484,0.032427000000000004,2.433977804410363,0.5803108461040412,2.2032945543832025,0.39751669570863435,0,中性,2019-06-20
2019-06-20,13.0,3.2352,0.07692307692307693,0.032352,2.377691546831013,0.43934361584477183,2.2031060724172247,0.3973779704937661,0,中性,2019-06-21
2019-06-21,13.04,3.2303,0.07668711656441718,0.032303,2.3739936403559168,0.4307536660581335,2.2028922853929953,0.3972139262996546,0,中性,2019-06-24
2019-06-24,13.07,3.2453,0.07651109410864575,0.032452999999999996,2.357596958945113,0.39042943516956935,2.2026066493668264,0.39697393592000085,0,中性,2019-06-25
2019-06-25,12.94,3.2353,0.07727975270479134,0.032353,2.388642558797989,0.46939353874273554,2.2023887125888284,0.39679678315990297,0,中性,2019-06-26
2019-06-26,12.92,3.2453,0.07739938080495357,0.032452999999999996,2.3849684406666127,0.46084811860197555,2.202180904007625,0.39663292369184505,0,中性,2019-06-27
2019-06-27,13.03,3.2553,0.07674597083653109,0.032553,2.3575698349316836,0.3924927824388451,2.2019589585348815,0.3964681221139347,0,中性,2019-06-28
2019-06-28,12.98,3.2254,0.07704160246533127,0.032254,2.388590638845764,0.47146513258996503,2.201749137048848,0.3962997237367562,0,中性,2019-07-01
2019-07-01,13.29,3.2254,0.07524454477050414,0.032254,2.332874830114223,0.3316723714119305,2.201494945276953,0.3961134425456826,0,中性,2019-07-02
2019-07-02,13.28,3.1704,0.07530120481927711,0.031703999999999996,2.375132627405915,0.4392260269226338,2.2012423047486527,0.39590168159113154,0,中性,2019-07-03
2019-07-03,13.17,3.1554,0.07593014426727411,0.031554,2.40635558937929,0.5188956096797163,2.2010226521769822,0.39571145596904844,0,中性,2019-07-04
2019-07-04,13.12,3.1479,0.07621951219512195,0.031479,2.4212812413076,0.5573281202232371,2.2008316214149675,0.39554727617966207,0,中性,2019-07-05
2019-07-05,13.17,3.1705,0.07593014426727411,0.031705000000000004,2.394894946137016,0.4913834618240533,2.20061711448027,0.39536908901160794,0,中性,2019-07-08
2019-07-08,12.85,3.1805,0.07782101167315175,0.031805,2.4468169053026805,0.6233626168778401,2.20045063908859,0.39522143218666994,0,中性,2019-07-09
2019-07-09,12.82,3.168,0.078003120124805,0.03168,2.4622197009092486,0.6629062445193851,2.200308575311954,0.3950952759348096,0,中性,2019-07-10
2019-07-10,12.75,3.1706,0.0784313725490196,0.031706,2.4737075805531954,0.6925837647735849,2.200163612460474,0.39496156567017776,0,中性,2019-07-11
2019-07-11,12.76,3.168,0.07836990595611286,0.03168,2.4737975364934615,0.6933560038365468,2.200031370071462,0.3948421372385457,0,中性,2019-07-12
2019-07-12,12.83,3.1531,0.0779423226812159,0.031530999999999997,2.471926760369665,0.6892682723922118,2.1998753419745043,0.394695983105336,0,中性,2019-07-15
2019-07-15,12.88,3.1782,0.07763975155279502,0.031782,2.4428843859038145,0.6165072995506182,2.199670390066022,0.3945030269959091,0,中性,2019-07-16
2019-07-16,12.84,3.1732,0.0778816199376947,0.031732,2.4543558533245524,0.6465031915098496,2.199450167898661,0.39428372322583966,0,中性,2019-07-17
2019-07-17,12.82,3.1757,0.078003120124805,0.031757,2.456249649677394,0.6523306552457473,2.199209065628543,0.39403419413428936,0,中性,2019-07-18
2019-07-18,12.71,3.1608,0.07867820613690008,0.031608,2.489186476110481,0.7367551710485674,2.199022124705082,0.3938409431079121,0,中性,2019-07-19
2019-07-19,12.81,3.1559,0.078064012490242,0.031559,2.473589546254381,0.6979977926809456,2.19882686375848,0.39364405643829153,0,中性,2019-07-22
2019-07-22,12.69,3.1484,0.07880220646178093,0.031484,2.5029286768447765,0.773280015637477,2.198662805300114,0.3934743758945223,0,中性,2019-07-23
2019-07-23,12.74,3.1484,0.07849293563579278,0.031484,2.4931055658681482,0.7489841969073462,2.1985115772029755,0.393324705489902,0,中性,2019-07-24
2019-07-24,12.84,3.171,0.0778816199376947,0.031709999999999995,2.456058654610366,0.655539281347583,2.198330711576831,0.3931540799564705,0,中性,2019-07-25
2019-07-25,12.9,3.1635,0.07751937984496124,0.031634999999999996,2.4504308470036746,0.6419950212427182,2.1981420344891416,0.392976275775744,0,中性,2019-07-26
2019-07-26,12.92,3.1661,0.07739938080495357,0.031661,2.4446284326127907,0.627861226096409,2.197982333499852,0.3928353732661714,0,中性,2019-07-29
2019-07-29,12.91,3.1836,0.07745933384972889,0.031836,2.4330736854419173,0.5989836715870924,2.1978413015287908,0.3927191926448427,0,中性,2019-07-30
2019-07-30,12.97,3.1761,0.07710100231303006,0.031761,2.4275369891700533,0.5855481621044027,2.1976682618331007,0.3925701457431391,0,中性,2019-07-31
2019-07-31,12.89,3.1552,0.07757951900698215,0.031552,2.4587829299880246,0.6657859897062378,2.1975111120255355,0.3924261279180252,0,中性,2019-08-01
2019-08-01,12.78,3.1487,0.0782472613458529,0.031487,2.4850656253645282,0.7335532138913724,2.1973330748332516,0.3922449593055498,0,中性,2019-08-02
2019-08-02,12.6,3.0914,0.07936507936507936,0.030914,2.567285998741003,0.943698754759778,2.1972312515394026,0.3921322830353835,0,中性,2019-08-05
2019-08-05,12.37,3.0563,0.08084074373484236,0.030562999999999996,2.645052636679723,1.142271048895747,2.1971892856519784,0.39208150417600246,0,中性,2019-08-06
2019-08-06,12.22,3.0613,0.0818330605564648,0.030613,2.673147373875961,1.2139906382434675,2.1971791884073975,0.39206907407230557,0,中性,2019-08-07
2019-08-07,12.17,3.0514,0.08216926869350863,0.030514,2.6928383264569913,1.2642237842876283,2.1971776858607552,0.39206716940192166,0,中性,2019-08-08
2019-08-08,12.3,3.0465,0.08130081300813008,0.030465,2.6686628264608596,1.2026333006602645,2.1971663889424895,0.39205336926851364,0,中性,2019-08-09
2019-08-09,12.21,3.0216,0.0819000819000819,0.030216,2.710487222004299,1.3091737851342788,2.1971869086017985,0.3920795842622624,0,中性,2019-08-12
2019-08-12,12.38,3.0391,0.08077544426494346,0.030390999999999998,2.6578738529480264,1.1750032296833928,2.1971836280897885,0.39207570942794073,0,中性,2019-08-13
2019-08-13,12.28,3.0041,0.08143322475570033,0.030041,2.7107361524483315,1.3094858350967922,2.197235361955565,0.39213924788641213,0,中性,2019-08-14
2019-08-14,12.33,3.0105,0.08110300081103,0.030105,2.694004345159608,1.2663903779586803,2.1973032727650823,0.39221797720476054,0,中性,2019-08-15
2019-08-15,12.36,3.0115,0.08090614886731393,0.030115,2.6865730986987857,1.246936089483676,2.1973865382098987,0.39231085266883764,0,中性,2019-08-16
2019-08-16,12.33,3.0217,0.08110300081103,0.030217,2.6840189565817254,1.2398778738986844,2.197477631740765,0.3924106842160791,0,中性,2019-08-19
2019-08-19,12.58,3.0191,0.0794912559618442,0.030191,2.6329454460549235,1.1095932359479879,2.197501174599811,0.3924359462078804,0,中性,2019-08-20
2019-08-20,12.56,3.0317,0.07961783439490445,0.030316999999999997,2.626177867035144,1.0922257716285344,2.197523464317612,0.3924595205974661,0,中性,2019-08-21
2019-08-21,12.55,3.0567,0.0796812749003984,0.030567,2.606774459397337,1.042862973196907,2.197509022234515,0.39244411555644265,0,中性,2019-08-22
2019-08-22,12.57,3.0543,0.07955449482895784,0.030543,2.6046719323235386,1.0376483474419864,2.1974825856920663,0.3924155496756454,0,中性,2019-08-23
2019-08-23,12.6,3.0644,0.07936507936507936,0.030644,2.589905996771941,1.0002114765844183,2.1974461045861373,0.39237691365629895,0,中性,2019-08-26
2019-08-26,12.42,3.0494,0.08051529790660225,0.030494,2.640365249117933,1.1286442128196228,2.197475450749877,0.39240869118675736,0,中性,2019-08-27
2019-08-27,12.62,3.052,0.0792393026941363,0.030520000000000002,2.596307427723994,1.0163174455028086,2.1974854521541447,0.39241870474095597,0,中性,2019-08-28
2019-08-28,12.57,3.052,0.07955449482895784,0.030520000000000002,2.6066348240156563,1.042401537837106,2.1975309339391274,0.39246286121697826,0,中性,2019-08-29
2019-08-29,12.52,3.0321,0.07987220447284345,0.030320999999999997,2.634220654755564,1.112271602601987,2.1976092482042002,0.39254028020672205,0,中性,2019-08-30
2019-08-30,12.5,3.0573,0.08,0.030573000000000003,2.6166879272560752,1.0671742669485151,2.1976943443198977,0.3926196460248713,0,中性,2019-09-02
2019-09-02,12.61,3.0723,0.07930214115781127,0.030722999999999997,2.5811978373795292,0.9765318598238211,2.197746607920715,0.39266637908566926,0,中性,2019-09-03
2019-09-03,12.64,3.0624,0.0791139240506329,0.030624,2.5833961615279817,0.9818469482122439,2.1978060465088545,0.39271916638455034,0,中性,2019-09-04
2019-09-04,12.76,3.0473,0.07836990595611286,0.030473,2.5717817725892713,0.9519778397507249,2.1978700093876506,0.39277359996061395,0,中性,2019-09-05
2019-09-05,12.89,3.0173,0.07757951900698215,0.030173000000000002,2.571156961753294,0.9499786936177492,2.1979608377958244,0.39284683589718034,0,中性,2019-09-06
2019-09-06,12.94,3.0173,0.07727975270479134,0.030173000000000002,2.5612220430448196,0.9242956183020026,2.1980505541540505,0.3929170296814143,0,中性,2019-09-09
2019-09-09,13.04,3.025,0.07668711656441718,0.03025,2.535111291385692,0.857373030308824,2.19816745331379,0.3929956111991718,0,中性,2019-09-10
2019-09-10,13.0,3.0425,0.07692307692307693,0.030425,2.5282851905694965,0.8395269805314395,2.1982888194679453,0.3930741700435358,0,中性,2019-09-11
2019-09-11,12.95,3.0525,0.07722007722007722,0.030525000000000004,2.529732259461989,0.842724305977084,2.198411907469954,0.39315390530701555,0,中性,2019-09-12
2019-09-12,13.05,3.0876,0.07662835249042145,0.030876,2.481809576707522,0.7204974427005673,2.198504809384053,0.39320717955859297,0,中性,2019-09-16
2019-09-16,13.03,3.0926,0.07674597083653109,0.030926,2.4816002986655596,0.7196905144332583,2.1985802300301334,0.3932524647185309,0,中性,2019-09-17
2019-09-17,12.82,3.1076,0.078003120124805,0.031076000000000003,2.510075946865909,0.7916270843470671,2.1987072656289146,0.3933274737483378,0,中性,2019-09-18
2019-09-18,12.85,3.1278,0.07782101167315175,0.031278,2.488043086934962,0.73521690617009,2.198816826364902,0.3933890232158895,0,中性,2019-09-19
2019-09-19,12.91,3.1053,0.07745933384972889,0.031053,2.49442352911889,0.7510489838395897,2.1989227030784426,0.3934508033414247,0,中性,2019-09-20
2019-09-20,12.94,3.098,0.07727975270479134,0.030979999999999997,2.4945046063522063,0.7509440726530654,2.1990062347799415,0.3935025021614152,0,中性,2019-09-23
2019-09-23,12.81,3.1005,0.078064012490242,0.031004999999999998,2.5177878564825678,0.8096738315752545,2.1991208606767376,0.39357452764139617,0,中性,2019-09-24
2019-09-24,12.84,3.1205,0.0778816199376947,0.031204999999999997,2.495805798355863,0.7533668718488026,2.199247130912057,0.3936444228242148,0,中性,2019-09-25
2019-09-25,12.73,3.1157,0.07855459544383346,0.031157,2.521250295080831,0.8174667305753109,2.1993900047399353,0.3937289167895301,0,中性,2019-09-26
2019-09-26,12.63,3.1381,0.0791765637371338,0.031381,2.523073316246576,0.8215905893369162,2.1995226649871396,0.39381007457810063,0,中性,2019-09-27
2019-09-27,12.66,3.1482,0.07898894154818326,0.031482,2.5090191712147654,0.7855875977265225,2.1996046143365824,0.3938638514325119,0,中性,2019-09-30
2019-09-30,12.54,3.1411,0.07974481658692185,0.031410999999999994,2.5387544677635816,0.8606081054851117,2.199723297422708,0.3939437337157858,0,中性,2019-10-08
2019-10-08,12.6,3.1063,0.07936507936507936,0.031063,2.554971489073153,0.9011722634810807,2.199871322251855,0.39404249466090374,0,中性,2019-10-09
2019-10-09,12.64,3.1089,0.0791139240506329,0.031089000000000002,2.5447561533221683,0.8746484537725924,2.2000231971400948,0.39413887338981535,0,中性,2019-10-10
2019-10-10,12.74,3.1289,0.07849293563579278,0.031289,2.5086431536895644,0.7825779075455713,2.200143115868617,0.3942100011339543,0,中性,2019-10-11
2019-10-11,12.85,3.1564,0.07782101167315175,0.031564,2.4654990391950244,0.6728771346706328,2.200216603290375,0.3942509296805019,0,中性,2019-10-14
2019-10-14,13.0,3.1641,0.07692307692307693,0.031641,2.431120284538318,0.5854943381591454,2.2002723545450205,0.39427867179571274,0,中性,2019-10-15
2019-10-15,12.93,3.1668,0.07733952049497293,0.031668,2.4421978178278683,0.6134354413513596,2.2003181101975304,0.3943034447072247,0,中性,2019-10-16
2019-10-16,12.88,3.1693,0.07763975155279502,0.031693,2.449744472053609,0.6324723309560619,2.2003475394920318,0.3943207004559112,0,中性,2019-10-17
2019-10-17,12.88,3.1569,0.07763975155279502,0.031569,2.459366833057589,0.6567813387770687,2.2003737537428325,0.3943368424520149,0,中性,2019-10-18
2019-10-18,12.72,3.187,0.07861635220125786,0.031869999999999996,2.4667823094213324,0.6755591896647762,2.2003811236445765,0.3943417391878698,0,中性,2019-10-21
2019-10-21,12.76,3.2196,0.07836990595611286,0.032195999999999995,2.4341503899898393,0.5928283023891038,2.2003754661451063,0.39433833186205497,0,中性,2019-10-22
2019-10-22,12.8,3.2196,0.078125,0.032195999999999995,2.426543670021121,0.5735441388009344,2.200373786580654,0.3943373633166289,0,中性,2019-10-23
2019-10-23,12.73,3.2122,0.07855459544383346,0.032122000000000005,2.4455076098572146,0.6214882246655071,2.200416782148226,0.39436117690065603,0,中性,2019-10-24
2019-10-24,12.73,3.2196,0.07855459544383346,0.032195999999999995,2.439886800963892,0.6070218318172657,2.2004811939955564,0.39439373416210993,0,中性,2019-10-25
2019-10-25,12.75,3.2372,0.0784313725490196,0.032372,2.4228151658538124,0.5635085186144057,2.2005527651379073,0.3944259818155358,0,中性,2019-10-28
2019-10-28,12.81,3.2924,0.078064012490242,0.032924,2.371036705450188,0.43209250446268826,2.2006007993251084,0.3944430980977526,0,中性,2019-10-29
2019-10-29,12.7,3.3029,0.07874015748031496,0.033029,2.383970373923369,0.4647159880992476,2.20065659278938,0.39446411534874726,0,中性,2019-10-30
2019-10-30,12.6,3.3125,0.07936507936507936,0.033125,2.3959269242288106,0.49484758016712505,2.2007155824806603,0.3944878172026656,0,中性,2019-10-31
2019-10-31,12.5,3.288,0.08,0.03288,2.4330900243309004,0.5887855835124886,2.200798859586647,0.394525904249363,0,中性,2019-11-01
2019-11-01,12.65,3.2757,0.07905138339920949,0.032757,2.413266886442882,0.5383041397151669,2.2008748454846248,0.3945576957120193,0,中性,2019-11-04
2019-11-04,12.74,3.2954,0.07849293563579278,0.032954,2.3818940230561627,0.45865811876150064,2.200919046004847,0.39457489063966983,0,中性,2019-11-05
2019-11-05,12.82,3.2454,0.078003120124805,0.032454000000000004,2.4034978777594436,0.5133182143295382,2.2009483663587113,0.39458859192302165,0,中性,2019-11-06
2019-11-06,12.77,3.2555,0.07830853563038372,0.032555,2.405422688692481,0.5181631180650855,2.200958735502566,0.39459379886669727,0,中性,2019-11-07
2019-11-07,12.78,3.2736,0.0782472613458529,0.032736,2.3902511408190645,0.4797787730387881,2.2009384087816457,0.39458338441770474,0,中性,2019-11-08
2019-11-08,12.71,3.2765,0.07867820613690008,0.032765,2.4012881470135836,0.5079339353258828,2.2008827269474738,0.3945501690835694,0,中性,2019-11-11
2019-11-11,12.49,3.2463,0.08006405124099279,0.032463,2.4663170760864,0.6729500089759858,2.2008308921986774,0.3945110043043277,0,中性,2019-11-12
2019-11-12,12.5,3.255,0.08,0.032549999999999996,2.457757296466974,0.6514491756157734,2.2007785079821454,0.3944725054597283,0,中性,2019-11-13
2019-11-13,12.47,3.237,0.08019246190858059,0.03237,2.4773698458010682,0.7010981163529634,2.2007971365893964,0.39448502678965,0,中性,2019-11-14
2019-11-14,12.49,3.2555,0.08006405124099279,0.032555,2.4593472966055225,0.6554683315765596,2.200781726747353,0.39447454194508047,0,中性,2019-11-15
2019-11-15,12.41,3.2355,0.08058017727639001,0.032355,2.490501538445063,0.7343953062719722,2.2007945540140996,0.3944837091914563,0,中性,2019-11-18
2019-11-18,12.49,3.1993,0.08006405124099279,0.031993,2.5025490338821865,0.7648481150201747,2.200816596161701,0.3944998121784305,0,中性,2019-11-19
2019-11-19,12.61,3.1743,0.07930214115781127,0.031743,2.4982560299219125,0.7538897562765957,2.200836049368771,0.3945138902298874,0,中性,2019-11-20
2019-11-20,12.5,3.1747,0.08,0.031747,2.5199231423441586,0.8085732028210985,2.200895438921965,0.39455636460509846,0,中性,2019-11-21
2019-11-21,12.46,3.1749,0.08025682182985554,0.031749,2.5278535333350827,0.828375898605681,2.2009690860323423,0.3946088338071532,0,中性,2019-11-22
2019-11-22,12.36,3.1747,0.08090614886731393,0.031747,2.548465961108575,0.8802564404308265,2.2010534750941444,0.3946719047512968,0,中性,2019-11-25
2019-11-25,12.45,3.1875,0.08032128514056225,0.031875,2.5198834553901883,0.8076608538010015,2.201096620514123,0.39470383314456253,0,中性,2019-11-26
2019-11-26,12.47,3.1675,0.08019246190858059,0.031675,2.5317272899315104,0.8376711850838708,2.2010958230970816,0.3947031636301596,0,中性,2019-11-27
2019-11-27,12.45,3.17,0.08032128514056225,0.0317,2.5337944839294084,0.8430387670805702,2.2010664551335366,0.39467702054569054,0,中性,2019-11-28
2019-11-28,12.39,3.165,0.08071025020177562,0.03165,2.5500868942109203,0.8844861177017785,2.201030504744441,0.3946431520863849,0,中性,2019-11-29
2019-11-29,12.31,3.165,0.08123476848090982,0.03165,2.5666593516875142,0.9266305883636755,2.2009992378214163,0.394612608797873,0,中性,2019-12-02
2019-12-02,12.34,3.2062,0.08103727714748785,0.032062,2.5275178450342413,0.8278389672676977,2.200911977599018,0.3945282601436291,0,中性,2019-12-03
2019-12-03,12.37,3.1746,0.08084074373484236,0.031745999999999996,2.5464859741335086,0.8763776664148194,2.2008163798914464,0.3944299444053211,0,中性,2019-12-04
2019-12-04,12.35,3.1751,0.08097165991902834,0.031751,2.550208179869243,0.8861441326158346,2.200747342396216,0.3943611706161654,0,中性,2019-12-05
2019-12-05,12.44,3.1776,0.08038585209003216,0.031776,2.529766241504033,0.8347560613077057,2.2006506536362944,0.3942655862266581,0,中性,2019-12-06
2019-12-06,12.51,3.1751,0.07993605115907275,0.031751,2.5175916084240733,0.8044051941732834,2.200534622487208,0.39415084367116265,0,中性,2019-12-09
2019-12-09,12.5,3.1903,0.08,0.031903,2.5076011660345423,0.7797493082630501,2.2003829961652417,0.39399607875722525,0,中性,2019-12-10
2019-12-10,12.5,3.1776,0.08,0.031776,2.5176233635448138,0.8057642217273847,2.2002572893815135,0.3938696526918703,0,中性,2019-12-11
2019-12-11,12.52,3.1702,0.07987220447284345,0.031702,2.519468944320341,0.8109985962618584,2.2001380173407927,0.39375028323284705,0,中性,2019-12-12
2019-12-12,12.49,3.1652,0.08006405124099279,0.031652,2.5295100227787435,0.8368474418759374,2.200062029342286,0.3936774816422253,0,中性,2019-12-13
2019-12-13,12.72,3.1828,0.07861635220125786,0.031827999999999995,2.470037457624038,0.6862683149445552,2.1999416201731488,0.3935717729773238,0,中性,2019-12-16
2019-12-16,12.91,3.1854,0.07745933384972889,0.031854,2.431698808618349,0.5895598017364504,2.199759269395407,0.3934113868343849,0,中性,2019-12-17
2019-12-17,13.08,3.2133,0.0764525993883792,0.032132999999999995,2.3792549524905615,0.45717460836435625,2.199500195122743,0.39318622267962616,0,中性,2019-12-18
2019-12-18,13.06,3.2139,0.07656967840735068,0.032139,2.382453667113186,0.4663455586334378,2.199215234815895,0.3929241501393224,0,中性,2019-12-19
2019-12-19,13.06,3.2139,0.07656967840735068,0.032139,2.382453667113186,0.46733832625192195,2.1989409988015263,0.39267626471691497,0,中性,2019-12-20
2019-12-20,13.02,3.1808,0.07680491551459294,0.031808,2.4146414585825244,0.5504749055206412,2.1986475029593775,0.3923774788949899,0,中性,2019-12-23
2019-12-23,12.84,3.1661,0.0778816199376947,0.031661,2.459859762411001,0.6667602523839261,2.1984067328967054,0.39212449839278746,0,中性,2019-12-24
2019-12-24,12.92,3.1535,0.07739938080495357,0.031535,2.4543960933868263,0.6539051063035151,2.198156352602013,0.3918607429651692,0,中性,2019-12-25
2019-12-25,12.92,3.1463,0.07739938080495357,0.031463,2.4600127389299677,0.6690534387261179,2.1979632496469974,0.39167198629441957,0,中性,2019-12-26
2019-12-26,13.03,3.1137,0.07674597083653109,0.031137,2.4647837247175737,0.681977370333771,2.197787609408664,0.3915028957313311,0,中性,2019-12-27
2019-12-27,13.01,3.1292,0.07686395080707148,0.031292,2.456345098014556,0.6610363697627816,2.1976371364182636,0.39136721280423903,0,中性,2019-12-30
2019-12-30,13.17,3.1322,0.07593014426727411,0.031322,2.424179307428456,0.5795226346531464,2.1974610345670698,0.3912155614026722,0,中性,2019-12-31
2019-12-31,13.21,3.1365,0.07570022710068129,0.031365,2.413525493406067,0.553199922293485,2.1972259275983346,0.39099710085096623,0,中性,2020-01-02
2020-01-02,13.39,3.1485,0.07468259895444361,0.031485,2.3720056838000194,0.4479630322499079,2.1969584083278977,0.39076277029589135,0,中性,2020-01-03
2020-01-03,13.38,3.1428,0.07473841554559042,0.031428,2.3780837325184687,0.4643771847302032,2.1967175088536,0.390557998171766,0,中性,2020-01-06
2020-01-06,13.37,3.1352,0.07479431563201197,0.031352000000000005,2.3856313993369467,0.4844311711691284,2.196513245929489,0.39039220566884436,0,中性,2020-01-07
2020-01-07,13.46,3.1379,0.07429420505200594,0.031379000000000004,2.3676409398644296,0.4393651313371483,2.196228350548451,0.39013698878267333,0,中性,2020-01-08
2020-01-08,13.29,3.1337,0.07524454477050414,0.031337000000000004,2.401140657066858,0.5259733977198467,2.196028166263428,0.38996742362373377,0,中性,2020-01-09
2020-01-09,13.41,3.1184,0.07457121551081282,0.031184,2.391329384005029,0.5014508832434316,2.1958501424240313,0.3898272953805953,0,中性,2020-01-10
2020-01-10,13.42,3.0819,0.07451564828614009,0.030819,2.4178477006437618,0.5699781471783745,2.1957151823738177,0.38972111364197226,0,中性,2020-01-13
2020-01-13,13.54,3.084,0.07385524372230429,0.03084,2.3947874099320456,0.5111705253717777,2.195610025720281,0.38964958722317133,0,中性,2020-01-14
2020-01-14,13.5,3.0994,0.07407407407407407,0.030994,2.389948831195524,0.4991354491211192,2.195498621259526,0.38957403301726384,0,中性,2020-01-15
2020-01-15,13.43,3.0897,0.07446016381236038,0.030897,2.4099480147703782,0.5504888344396335,2.195493451037,0.3895711417138565,0,中性,2020-01-16
2020-01-16,13.36,3.0918,0.07485029940119761,0.030918,2.4209295362312444,0.5785125727033499,2.19554333368094,0.389596031590273,0,中性,2020-01-17
2020-01-17,13.36,3.0832,0.07485029940119761,0.030832000000000002,2.4276822587311107,0.5953609842904514,2.1956998512551427,0.38964999991130356,0,中性,2020-01-20
2020-01-20,13.45,3.0776,0.07434944237918216,0.030775999999999998,2.4158253957363582,0.5642738874224681,2.1959307443609357,0.38969489157095955,0,中性,2020-01-21
2020-01-21,13.25,3.0337,0.07547169811320754,0.030337,2.487777239450425,0.7478965683456283,2.1962752439071287,0.3897624456121097,0,中性,2020-01-22
2020-01-22,13.32,3.0282,0.07507507507507508,0.030282,2.4791980409178747,0.7251596844087848,2.196498474808062,0.38984457104823045,0,中性,2020-01-23
2020-01-23,12.95,2.9932,0.07722007722007722,0.029932,2.579850234534185,0.9821121509154599,2.1968322626386017,0.3899941280011242,0,中性,2020-02-03
2020-02-03,11.93,2.8231,0.08382229673093043,0.028231000000000003,2.9691579019847127,1.9756231124851593,2.1974700929048487,0.39060476879577954,1,看多：股权风险溢价高于1.5个标准差,2020-02-04
2020-02-04,12.19,2.8551,0.08203445447087777,0.028551000000000003,2.873260287586346,1.7265752726596977,2.198048867236476,0.3910697848172832,1,看多：股权风险溢价高于1.5个标准差,2020-02-05
2020-02-05,12.34,2.844,0.08103727714748785,0.02844,2.8494119953406414,1.6622424766427253,2.198659972063481,0.39149043080134815,1,看多：股权风险溢价高于1.5个标准差,2020-02-06
2020-02-06,12.56,2.8392,0.07961783439490445,0.028392,2.8042347983553273,1.5439147381723979,2.199264557049288,0.3918417425188713,1,看多：股权风险溢价高于1.5个标准差,2020-02-07
2020-02-07,12.57,2.8024,0.07955449482895784,0.028024,2.8387987021466543,1.6288564412810667,2.199916569011423,0.3922274038053114,1,看多：股权风险溢价高于1.5个标准差,2020-02-10
2020-02-10,12.63,2.7872,0.0791765637371338,0.027871999999999997,2.8407205703621488,1.6304806691177518,2.2005729846351443,0.3926128029922528,1,看多：股权风险溢价高于1.5个标准差,2020-02-11
2020-02-11,12.71,2.834,0.07867820613690008,0.02834,2.776224634329572,1.463530902020644,2.201180202699721,0.3929158112315279,0,中性,2020-02-12
2020-02-12,12.82,2.8333,0.078003120124805,0.028333,2.753083687742385,1.4021440359428239,2.2017823655921442,0.3931845145848636,0,中性,2020-02-13
2020-02-13,12.73,2.8201,0.07855459544383346,0.028201,2.7855251744205334,1.481973689016295,2.2023436968747605,0.3935167553027728,0,中性,2020-02-14
2020-02-14,12.8,2.8631,0.078125,0.028631000000000004,2.72868569033565,1.3354525831926234,2.2027879695048114,0.39379737435049317,0,中性,2020-02-17
2020-02-17,13.09,2.8928,0.07639419404125286,0.028928,2.6408391192357876,1.1107320629611472,2.203236325672116,0.3939769168066041,0,中性,2020-02-18
2020-02-18,13.06,2.8664,0.07656967840735068,0.028664000000000002,2.6712837847945394,1.1861176404522513,2.2037581718411854,0.3941646233126527,0,中性,2020-02-19
2020-02-19,13.03,2.8776,0.07674597083653109,0.028776000000000003,2.6670131650170656,1.1734242924733018,2.2042757242826982,0.394347929987904,0,中性,2020-02-20
2020-02-20,13.28,2.8857,0.07530120481927711,0.028857,2.609460609878959,1.0259357243335616,2.2047519496562944,0.39447759798554577,0,中性,2020-02-21
2020-02-21,13.35,2.847,0.0749063670411985,0.02847,2.631063120519793,1.0790074587601488,2.2052802223910373,0.3946060749366909,0,中性,2020-02-24
2020-02-24,13.32,2.812,0.07507507507507508,0.02812,2.6698106356712334,1.175270742565638,2.2058962116203054,0.39472983309207055,0,中性,2020-02-25
2020-02-25,13.25,2.822,0.07547169811320754,0.028220000000000002,2.6744046106735486,1.1849562977191035,2.206524304204257,0.3948502635666011,0,中性,2020-02-26
2020-02-26,13.1,2.7973,0.07633587786259542,0.027972999999999998,2.728912803867852,1.3207223028124502,2.2072034513737786,0.39501820434402024,0,中性,2020-02-27
2020-02-27,13.1,2.7702,0.07633587786259542,0.027702,2.7556089041439398,1.385838152199078,2.207867337597267,0.3952420891844439,0,中性,2020-02-28
2020-02-28,12.61,2.7376,0.07930214115781127,0.027376,2.89677605047528,1.7392803578744485,2.2086402346432927,0.39564398730573197,1,看多：股权风险溢价高于1.5个标准差,2020-03-02
2020-03-02,12.96,2.7428,0.07716049382716049,0.027427999999999998,2.8132016124821533,1.5251367844964994,2.2093252766520006,0.3959489679671671,1,看多：股权风险溢价高于1.5个标准差,2020-03-03
2020-03-03,13.04,2.7478,0.07668711656441718,0.027478,2.7908551046079477,1.4659945144684137,2.209972455048161,0.3962379421115511,0,中性,2020-03-04
2020-03-04,13.1,2.673,0.07633587786259542,0.02673,2.8558128642946286,1.626662561913066,2.210647999214945,0.39661874575937,1,看多：股权风险溢价高于1.5个标准差,2020-03-05
2020-03-05,13.36,2.6829,0.07485029940119761,0.026829000000000002,2.789902694889769,1.4577975253452151,2.21132740333409,0.39688316209664914,0,中性,2020-03-06
2020-03-06,13.18,2.628,0.07587253414264036,0.02628,2.8870827299330424,1.6990955917638841,2.2120829167148988,0.39727006325606745,1,看多：股权风险溢价高于1.5个标准差,2020-03-09
2020-03-09,12.75,2.5205,0.0784313725490196,0.025205,3.1117386450712003,2.258020319694204,2.2128758019025976,0.3980756219635493,1,看多：股权风险溢价高于1.5个标准差,2020-03-10
2020-03-10,13.0,2.613,0.07692307692307693,0.02613,2.94386057876299,1.832180490296386,2.2135595742716636,0.3985966493798806,1,看多：股权风险溢价高于1.5个标准差,2020-03-11
2020-03-11,12.85,2.6079,0.07782101167315175,0.026078999999999998,2.9840489157234464,1.9283731439546778,2.2143500401636067,0.3991441583662346,1,看多：股权风险溢价高于1.5个标准差,2020-03-12
2020-03-12,12.64,2.6379,0.0791139240506329,0.026379,2.9991252151572425,1.9613397919191335,2.2151522142363786,0.3997129942251165,1,看多：股权风险溢价高于1.5个标准差,2020-03-13
2020-03-13,12.48,2.6759,0.08012820512820512,0.026758999999999998,2.994439445726863,1.944899210869094,2.2159516934078853,0.40027151431209845,1,看多：股权风险溢价高于1.5个标准差,2020-03-16
2020-03-16,12.06,2.6758,0.08291873963515754,0.026758,3.0988392120172485,2.1995084811224914,2.216834070541312,0.40100101865750315,1,看多：股权风险溢价高于1.5个标准差,2020-03-17
2020-03-17,12.02,2.7135,0.0831946755407654,0.027135,3.0659545067538385,2.111838735933359,2.2176842570424733,0.40167378089902284,1,看多：股权风险溢价高于1.5个标准差,2020-03-18
2020-03-18,11.8,2.7136,0.0847457627118644,0.027136,3.1230012791813238,2.247324271795965,2.218573544367655,0.40244647653402005,1,看多：股权风险溢价高于1.5个标准差,2020-03-19
2020-03-19,11.67,2.7299,0.0856898029134533,0.027299000000000004,3.138935598866379,2.2801506542258387,2.2194631925966113,0.40325072580870713,1,看多：股权风险溢价高于1.5个标准差,2020-03-20
2020-03-20,11.86,2.6815,0.08431703204047218,0.026815000000000002,3.1443979877110637,2.2868813751934267,2.2203340211792866,0.4040716656995901,1,看多：股权风险溢价高于1.5个标准差,2020-03-23
2020-03-23,11.47,2.6315,0.08718395815170009,0.026314999999999998,3.3130898024586775,2.6942010581924323,2.2212832002982315,0.40524317917570357,1,看多：股权风险溢价高于1.5个标准差,2020-03-24
2020-03-24,11.76,2.6289,0.08503401360544217,0.026288999999999996,3.2345853248675183,2.4920987939065795,2.222203032216985,0.4062368213996592,1,看多：股权风险溢价高于1.5个标准差,2020-03-25
2020-03-25,12.04,2.6289,0.08305647840531562,0.026288999999999996,3.159362410335716,2.300038254454769,2.2230472077092287,0.40708679554046956,1,看多：股权风险溢价高于1.5个标准差,2020-03-26
2020-03-26,11.93,2.594,0.08382229673093043,0.025939999999999998,3.23139154706748,2.468847300311051,2.223901860195701,0.4080810047445401,1,看多：股权风险溢价高于1.5个标准差,2020-03-27
2020-03-27,11.94,2.609,0.08375209380234507,0.02609,3.2101224148081666,2.4091060359346237,2.224721523932327,0.40903176372373695,1,看多：股权风险溢价高于1.5个标准差,2020-03-30
2020-03-30,11.82,2.6142,0.08460236886632826,0.026142,3.236262293104134,2.4649315773101015,2.225569310533112,0.410028818598672,1,看多：股权风险溢价高于1.5个标准差,2020-03-31
2020-03-31,11.81,2.5899,0.0846740050804403,0.025899000000000002,3.2693928368060656,2.537001804066689,2.226476085229739,0.411082384689117,1,看多：股权风险溢价高于1.5个标准差,2020-04-01
2020-04-01,11.79,2.555,0.08481764206955048,0.025550000000000003,3.3196728794344605,2.64958231272646,2.2274183257220126,0.4122365055299987,1,看多：股权风险溢价高于1.5个标准差,2020-04-02
2020-04-02,11.99,2.5854,0.08340283569641367,0.025854,3.225916132761417,2.4144237910362354,2.228288471386829,0.41319492670606134,1,看多：股权风险溢价高于1.5个标准差,2020-04-03
2020-04-03,11.91,2.5965,0.08396305625524769,0.025965,3.233701377055563,2.4254536633243293,2.2291649887241016,0.4141643287279473,1,看多：股权风险溢价高于1.5个标准差,2020-04-07
2020-04-07,12.16,2.5112,0.08223684210526316,0.025112000000000002,3.274802568702738,2.5161348128475294,2.230078727172083,0.41520980362269727,1,看多：股权风险溢价高于1.5个标准差,2020-04-08
2020-04-08,12.12,2.4824,0.08250825082508251,0.024824000000000002,3.3237290857671002,2.6244500561744473,2.2310460044459193,0.41634744724917344,1,看多：股权风险溢价高于1.5个标准差,2020-04-09
2020-04-09,12.16,2.5226,0.08223684210526316,0.025226000000000002,3.2600032547872497,2.463262175144051,2.231956229673778,0.4173518497085482,1,看多：股权风险溢价高于1.5个标准差,2020-04-10
2020-04-10,12.06,2.5403,0.08291873963515754,0.025403,3.26413178109505,2.4649919148794233,2.2329103481627066,0.41834678106146495,1,看多：股权风险溢价高于1.5个标准差,2020-04-13
2020-04-13,12.0,2.5658,0.08333333333333333,0.025658,3.2478499233507416,2.4182809021132767,2.233863436159414,0.41930053961275954,1,看多：股权风险溢价高于1.5个标准差,2020-04-14
2020-04-14,12.21,2.5591,0.0819000819000819,0.025591,3.200347071239182,2.2980981069870383,2.2348021025380342,0.4201495862015405,1,看多：股权风险溢价高于1.5个标准差,2020-04-15
2020-04-15,12.14,2.5455,0.08237232289950576,0.025455000000000002,3.2359977568063543,2.375488297678844,2.2357349713986725,0.4210767051073526,1,看多：股权风险溢价高于1.5个标准差,2020-04-16
2020-04-16,12.17,2.5276,0.08216926869350863,0.025276,3.2508810212655734,2.4031599691966594,2.23668274270603,0.4220269526620713,1,看多：股权风险溢价高于1.5个标准差,2020-04-17
2020-04-17,12.25,2.559,0.08163265306122448,0.02559,3.1900216123964236,2.252376740605673,2.2375885937915174,0.4228568877641638,1,看多：股权风险溢价高于1.5个标准差,2020-04-20
2020-04-20,12.32,2.592,0.08116883116883117,0.025920000000000002,3.1315135481802145,2.1083680416287356,2.238457728195761,0.4235768150301496,1,看多：股权风险溢价高于1.5个标准差,2020-04-21
2020-04-21,12.2,2.5791,0.0819672131147541,0.025790999999999998,3.1781324149801913,2.2121368069679996,2.2394038442039186,0.4243537595954174,1,看多：股权风险溢价高于1.5个标准差,2020-04-22
2020-04-22,12.28,2.5567,0.08143322475570033,0.025567000000000003,3.1850911235459898,2.222180502937227,2.2403594059818523,0.42513725429388516,1,看多：股权风险溢价高于1.5个标准差,2020-04-23
2020-04-23,12.24,2.5227,0.08169934640522876,0.025227,3.2385676618396464,2.3407674124765214,2.2413259577542624,0.42603194950937345,1,看多：股权风险溢价高于1.5个标准差,2020-04-24
2020-04-24,12.2,2.51,0.0819672131147541,0.025099999999999997,3.265626020508132,2.3966804652775564,2.242341775583773,0.4269589792003642,1,看多：股权风险溢价高于1.5个标准差,2020-04-27
2020-04-27,12.31,2.5345,0.08123476848090982,0.025345,3.205159537617275,2.2485537531465445,2.243339206670297,0.4277506506575799,1,看多：股权风险溢价高于1.5个标准差,2020-04-28
2020-04-28,12.32,2.5254,0.08116883116883117,0.025254,3.2140980109618744,2.262930993163481,2.2443956289608584,0.42851610806099455,1,看多：股权风险溢价高于1.5个标准差,2020-04-29
2020-04-29,12.45,2.5009,0.08032128514056225,0.025009,3.211695195352163,2.250942960501092,2.245476454505992,0.42925065530362305,1,看多：股权风险溢价高于1.5个标准差,2020-04-30
2020-04-30,12.92,2.538,0.07739938080495357,0.02538,3.049620993102977,1.8691973454509716,2.2464630444217386,0.42968065979542935,1,看多：股权风险溢价高于1.5个标准差,2020-05-06
2020-05-06,12.99,2.5809,0.07698229407236336,0.025809000000000002,2.9827693468310805,1.7101069658156727,2.247387236968251,0.43002111830593764,1,看多：股权风险溢价高于1.5个标准差,2020-05-07
2020-05-07,12.95,2.6298,0.07722007722007722,0.026298,2.9363479055470845,1.5990618632469273,2.2482731052938134,0.43029904975416106,1,看多：股权风险溢价高于1.5个标准差,2020-05-08
2020-05-08,13.07,2.6207,0.07651109410864575,0.026206999999999998,2.919490750892729,1.5569871385249752,2.249180955882084,0.43051723320313906,1,看多：股权风险溢价高于1.5个标准差,2020-05-11
2020-05-11,13.07,2.6698,0.07651109410864575,0.026698,2.8657987155834053,1.4297601095399939,2.25004741762101,0.430667560140914,0,中性,2020-05-12
2020-05-12,13.06,2.6603,0.07656967840735068,0.026602999999999998,2.8782347256832197,1.4560445832859443,2.250919365983707,0.43083526898868163,0,中性,2020-05-13
2020-05-13,13.09,2.7076,0.07639419404125286,0.027076,2.8214726710464197,1.3220850275950513,2.251767470248437,0.43091419152844435,0,中性,2020-05-14
2020-05-14,12.96,2.6989,0.07716049382716049,0.026989,2.8589608294920335,1.4067062733270765,2.2526764716381495,0.43099570205223314,0,中性,2020-05-15
2020-05-15,12.95,2.682,0.07722007722007722,0.02682,2.8791975100699934,1.451254152536082,2.253644352404482,0.4310431474544624,0,中性,2020-05-18
2020-05-18,12.97,2.7253,0.07710100231303006,0.027253,2.8290831216023946,1.3328947466334382,2.2545842621564303,0.43101592297291746,0,中性,2020-05-19
2020-05-19,13.08,2.7272,0.0764525993883792,0.027271999999999998,2.8033367332201236,1.271199698434963,2.2555072121707735,0.4309547286109414,0,中性,2020-05-20
2020-05-20,13.01,2.69,0.07686395080707148,0.0269,2.8573959407833263,1.394379800658438,2.2564565606939806,0.43097252255488566,0,中性,2020-05-21
2020-05-21,12.93,2.685,0.07733952049497293,0.02685,2.8804290687140757,1.4454850667983918,2.25744424218685,0.4309866914827948,0,中性,2020-05-22
2020-05-22,12.67,2.6176,0.07892659826361484,0.026175999999999998,3.015227623151545,1.75511253103177,2.2585810226897074,0.43111002120019687,1,看多：股权风险溢价高于1.5个标准差,2020-05-25
2020-05-25,12.68,2.6852,0.07886435331230283,0.026852,2.9370010916245657,1.5712617132558029,2.259698660351399,0.4310564087186544,1,看多：股权风险溢价高于1.5个标准差,2020-05-26
2020-05-26,12.81,2.7402,0.078064012490242,0.027402000000000003,2.8488436059500035,1.3647990302601358,2.2607371681977777,0.43091065036889026,0,中性,2020-05-27
2020-05-27,12.74,2.7527,0.07849293563579278,0.027527,2.8514889249025606,1.369051894533086,2.2617998653837375,0.43072805484845117,0,中性,2020-05-28
2020-05-28,12.78,2.7201,0.0782472613458529,0.027201,2.8766317909581596,1.425492125315088,2.262900329507082,0.4305400573962619,0,中性,2020-05-29
2020-05-29,12.8,2.7053,0.078125,0.027052999999999997,2.887849776364914,1.4495210062041246,2.2639960554935388,0.43038611941545235,0,中性,2020-06-01
2020-06-01,13.11,2.7253,0.07627765064836003,0.027253,2.798871707641729,1.2410657241054879,2.26499625232441,0.4301750060030993,0,中性,2020-06-02
2020-06-02,13.14,2.7852,0.076103500761035,0.027852000000000002,2.732424987829779,1.0851341985877248,2.2659635420916606,0.4298652151459296,0,中性,2020-06-03
2020-06-03,13.15,2.7901,0.07604562737642585,0.027901,2.7255520367164565,1.0677470150380741,2.2669489395631808,0.4295053890990486,0,中性,2020-06-04
2020-06-04,13.14,2.8301,0.076103500761035,0.028301,2.6890746178945975,0.9813897965172874,2.2678432954778174,0.42921917867052123,0,中性,2020-06-05
2020-06-05,13.19,2.8475,0.0758150113722517,0.028475,2.6625113739157755,0.9181351239940123,2.268722430724295,0.4289008588174314,0,中性,2020-06-08
2020-06-08,13.24,2.8101,0.0755287009063444,0.028100999999999998,2.687758475013146,0.9756272723875886,2.2696477427931923,0.42855580614996397,0,中性,2020-06-09
2020-06-09,13.32,2.8031,0.07507507507507508,0.028031,2.678287434450254,0.9521782694304888,2.270568391752852,0.42819612228838694,0,中性,2020-06-10
2020-06-10,13.29,2.8201,0.07524454477050414,0.028201,2.6681516531507445,0.9271801032388808,2.2714834086136935,0.4278222139920668,0,中性,2020-06-11
2020-06-11,13.17,2.7701,0.07593014426727411,0.027700999999999996,2.7410614875735217,1.0961797227557555,2.2724753058812204,0.42747203945197326,0,中性,2020-06-12
2020-06-12,13.18,2.7451,0.07587253414264036,0.027451,2.7639260552490024,1.1481745304722397,2.2734765367886953,0.4271558943731203,0,中性,2020-06-15
2020-06-15,13.06,2.7878,0.07656967840735068,0.027878,2.7465986945745993,1.1061562725695213,2.2744603339617506,0.42682790155508976,0,中性,2020-06-16
2020-06-16,13.25,2.8402,0.07547169811320754,0.028401999999999997,2.6572670274349535,0.895513632884538,2.2753273991047585,0.42650342139396547,0,中性,2020-06-17
2020-06-17,13.27,2.8802,0.07535795026375283,0.028801999999999998,2.6164137998664274,0.7984502419590727,2.276182129393091,0.4261150571368683,0,中性,2020-06-18
2020-06-18,13.32,2.8527,0.07507507507507508,0.028527,2.631719952153226,0.8330413267354017,2.277005474823577,0.425806578792119,0,中性,2020-06-19
2020-06-19,13.46,2.8752,0.07429420505200594,0.028752,2.583966508486573,0.7196250804340631,2.2777944510039636,0.4254605152143012,0,中性,2020-06-22
2020-06-22,13.46,2.9153,0.07429420505200594,0.029153,2.5484240061745256,0.6348476491507485,2.278519340608223,0.4251487202124173,0,中性,2020-06-23
2020-06-23,13.5,2.9127,0.07407407407407407,0.029127,2.543141211730493,0.6211880186130693,2.279242430409711,0.4248291554463504,0,中性,2020-06-24
2020-06-24,13.55,2.8614,0.07380073800738007,0.028614,2.579182847815058,0.7047663761937887,2.280032828292527,0.42446692922290363,0,中性,2020-06-29
2020-06-29,13.48,2.8504,0.07418397626112759,0.028504,2.6025812609152252,0.7586267363079828,2.2808680449831313,0.4240731317983587,0,中性,2020-06-30
2020-06-30,13.6,2.823,0.07352941176470588,0.028229999999999998,2.6046550394865706,0.7622480241318417,2.28169827792452,0.42368986384698165,0,中性,2020-07-01
2020-07-01,13.81,2.8456,0.0724112961622013,0.028456000000000002,2.544675856135834,0.6194486358552257,2.2824704554234745,0.42328836570985817,0,中性,2020-07-02
2020-07-02,14.11,2.8584,0.07087172218284904,0.028584000000000002,2.479419331893683,0.4640654195846351,2.2831724076107545,0.422886334557271,0,中性,2020-07-03
2020-07-03,14.4,2.8974,0.06944444444444445,0.028974000000000003,2.396784856921531,0.267426546687757,2.283808184114119,0.4224587057893004,0,中性,2020-07-06
2020-07-06,15.23,2.9959,0.06565988181221273,0.029959,2.191657992997521,-0.21961911980493137,2.284325891129514,0.42194822661297493,0,中性,2020-07-07
2020-07-07,15.31,3.0158,0.06531678641410843,0.030158,2.165819564099358,-0.28239845324584234,2.284830343550005,0.4214285810802299,0,中性,2020-07-08
2020-07-08,15.55,3.0632,0.06430868167202572,0.030632000000000003,2.09939545808389,-0.44167855038471215,2.2852973525758764,0.42089862487110086,0,中性,2020-07-09
2020-07-09,15.76,3.0809,0.06345177664974619,0.030809000000000003,2.0595208104692193,-0.5382301459237799,2.285757984746448,0.42033538253219077,0,中性,2020-07-10
2020-07-10,15.43,3.0305,0.06480881399870382,0.030305,2.1385518560865804,-0.3521108847724567,2.28632078008388,0.4196658790959894,0,中性,2020-07-13
2020-07-13,15.73,3.0557,0.06357279084551812,0.030556999999999997,2.080465714746805,-0.4927572335323542,2.2868865918691785,0.4189098872128885,0,中性,2020-07-14
2020-07-14,15.58,3.0057,0.06418485237483953,0.030057,2.1354377474411796,-0.36364424147657004,2.2874924647316535,0.4181414139078863,0,中性,2020-07-15
2020-07-15,15.33,2.9559,0.06523157208088715,0.029559000000000002,2.206826079396703,-0.19468184825061913,2.2881000755513408,0.41747084735918283,0,中性,2020-07-16
2020-07-16,14.65,2.9459,0.06825938566552901,0.029459,2.317097853475305,0.06788037436369197,2.2888074038283017,0.41676920482830165,0,中性,2020-07-17
2020-07-17,14.71,2.9507,0.06798096532970768,0.029507,2.303892816270976,0.03443015995418134,2.289572754124666,0.41591622476824713,0,中性,2020-07-20
2020-07-20,15.12,2.9311,0.06613756613756615,0.029310999999999997,2.2564077014624595,-0.08166421909668231,2.290302829946604,0.4150548288965573,0,中性,2020-07-21
2020-07-21,15.15,2.9011,0.066006600660066,0.029011,2.2752266609239946,-0.038213575482015226,2.291053806916283,0.4141760040155666,0,中性,2020-07-22
2020-07-22,15.22,2.8861,0.0657030223390276,0.028860999999999998,2.276533118707862,-0.03696506821245831,2.2918101827267416,0.41328380434939704,0,中性,2020-07-23
2020-07-23,15.18,2.9064,0.06587615283267458,0.029064,2.2665893487708018,-0.06299836124830999,2.2925678004568097,0.4123671024332382,0,中性,2020-07-24
2020-07-24,14.55,2.8612,0.06872852233676975,0.028612000000000002,2.4020873177956714,0.26404528829978796,2.293461383030805,0.41139130133439916,0,中性,2020-07-27
2020-07-27,14.6,2.8791,0.0684931506849315,0.028791,2.378977829354017,0.20624674535402354,2.294328928783027,0.41042538841371573,0,中性,2020-07-28
2020-07-28,14.72,2.9214,0.06793478260869565,0.029214000000000004,2.3254187241971533,0.07390035887459095,2.29516174179191,0.4094294380435905,0,中性,2020-07-29
2020-07-29,15.05,2.9415,0.06644518272425248,0.029415,2.258887734973737,-0.09074633879422711,2.2959494202865525,0.4084097034135453,0,中性,2020-07-30
2020-07-30,14.96,2.9364,0.06684491978609625,0.029363999999999998,2.2764241856046947,-0.04992032366488947,2.2967598691831177,0.40736281509179584,0,中性,2020-07-31
2020-07-31,15.07,2.9664,0.06635700066357,0.029664000000000003,2.2369539058646843,-0.14914611133205366,2.297549906357979,0.40628615759472136,0,中性,2020-08-03
2020-08-03,15.31,2.9466,0.06531678641410843,0.029466000000000003,2.2166831743062656,-0.2012913351485342,2.2982734528639908,0.4053342807703032,0,中性,2020-08-04
2020-08-04,15.34,2.9365,0.0651890482398957,0.029365000000000002,2.2199573723785355,-0.19552389747346285,2.2990153940762084,0.404339432259951,0,中性,2020-08-05
2020-08-05,15.35,2.9592,0.06514657980456026,0.029592,2.201492964468784,-0.2433814401093271,2.299690215408738,0.40347058056622453,0,中性,2020-08-06
2020-08-06,15.34,2.9816,0.0651890482398957,0.029816,2.186378060098461,-0.2828260442684327,2.300286464237883,0.40275075951389677,0,中性,2020-08-07
2020-08-07,15.19,2.9918,0.06583278472679395,0.029918,2.2004406954607245,-0.25001359413338425,2.300931794743297,0.40194254088823456,0,中性,2020-08-10
2020-08-10,15.29,2.9543,0.06540222367560497,0.029543,2.2137976399013293,-0.21895900207702182,2.301614826791978,0.40106680272390743,0,中性,2020-08-11
2020-08-11,15.12,2.9544,0.06613756613756615,0.029544,2.23861244711502,-0.15905437417370488,2.3022779893903893,0.4002753310376713,0,中性,2020-08-12
2020-08-12,15.0,2.962,0.06666666666666667,0.02962,2.250731487733513,-0.13043812281122233,2.302862952376507,0.39966432757117876,0,中性,2020-08-13
2020-08-13,14.97,2.9555,0.0668002672010688,0.029554999999999998,2.2602019015756656,-0.10827600442658535,2.303417374816856,0.39912327269604536,0,中性,2020-08-14
2020-08-14,15.2,2.9369,0.06578947368421052,0.029369,2.240099209513791,-0.16043856191564038,2.3040253728788134,0.39844637474770633,0,中性,2020-08-17
2020-08-17,15.56,2.9421,0.06426735218508997,0.029421,2.184404071414635,-0.30190507945636197,2.304530241660713,0.3978938362427963,0,中性,2020-08-18
2020-08-18,15.57,2.9771,0.06422607578676942,0.029771000000000002,2.1573368642897255,-0.3715278462217482,2.304983176550194,0.3974030850229867,0,中性,2020-08-19
2020-08-19,15.32,2.9921,0.06527415143603132,0.029921000000000003,2.1815497956629564,-0.311838162451382,2.3053660658033763,0.39705297506594905,0,中性,2020-08-20
2020-08-20,15.13,2.9973,0.06609385327164573,0.029973,2.205113044127906,-0.25379185380867814,2.3057847965331333,0.39667054278707836,0,中性,2020-08-21
2020-08-21,15.24,2.9823,0.06561679790026247,0.029823,2.200207822830113,-0.2673637366939381,2.3061721910059214,0.3963303680824519,0,中性,2020-08-24
2020-08-24,15.34,2.9998,0.0651890482398957,0.029998,2.173113148873115,-0.33663920959751503,2.3064577932876302,0.3961055058736079,0,中性,2020-08-25
2020-08-25,15.3,3.0424,0.06535947712418301,0.030424000000000003,2.148286784255292,-0.4004994101108033,2.306798656893202,0.39578553335211125,0,中性,2020-08-26
2020-08-26,15.11,3.0511,0.06618133686300463,0.030511,2.169097599652736,-0.34940466551708055,2.3072309524459196,0.3953391766785976,0,中性,2020-08-27
2020-08-27,15.17,3.0599,0.06591957811470006,0.030598999999999998,2.15430498103533,-0.3884249214082063,2.307675828794728,0.39485326328538134,0,中性,2020-08-28
2020-08-28,15.32,3.0672,0.06527415143603132,0.030672,2.128134827726634,-0.4562674315886197,2.3080862934080875,0.3943991028570748,0,中性,2020-08-31
2020-08-31,15.78,3.0177,0.06337135614702155,0.030177,2.099988605461827,-0.5290819377452097,2.308447478810413,0.39400111490665435,0,中性,2020-09-01
2020-09-01,15.86,3.0478,0.06305170239596469,0.030478,2.068761152174181,-0.6097641767568467,2.308779126718077,0.39362426277725854,0,中性,2020-09-02
2020-09-02,15.86,3.1027,0.06305170239596469,0.031027,2.0321559414691945,-0.7043699800783957,2.3091172823571573,0.3932043510104409,0,中性,2020-09-03
2020-09-03,15.77,3.1051,0.06341154090044389,0.031051000000000002,2.0421738720312996,-0.6805194824459895,2.3094650750947876,0.39277524003098907,0,中性,2020-09-04
2020-09-04,15.62,3.1228,0.06402048655569782,0.031228,2.0500988393652437,-0.6620258988522917,2.309828131284616,0.39232497153003676,0,中性,2020-09-07
2020-09-07,15.31,3.1454,0.06531678641410843,0.031454,2.0765812428978325,-0.5961889802638146,2.3102084261233773,0.391867664380788,0,中性,2020-09-08
2020-09-08,15.42,3.123,0.0648508430609598,0.03123,2.076555973773929,-0.5979792056754252,2.310599200689301,0.3913902434968741,0,中性,2020-09-09
2020-09-09,15.1,3.0805,0.06622516556291391,0.030805,2.1498187165367284,-0.4123469074139157,2.311019446282873,0.3909347368630326,0,中性,2020-09-10
2020-09-10,15.06,3.0833,0.06640106241699867,0.030833,2.153571252132412,-0.4038104280871397,2.311324764911549,0.39066230539518104,0,中性,2020-09-11
2020-09-11,15.19,3.1346,0.06583278472679395,0.031346,2.1001973051360285,-0.5413578211229857,2.311564976134479,0.39043985835466877,0,中性,2020-09-14
2020-09-14,15.25,3.1532,0.06557377049180328,0.031532,2.079594395909022,-0.5951951727848004,2.311825387195004,0.3901762008576428,0,中性,2020-09-15
2020-09-15,15.35,3.1083,0.06514657980456026,0.031083,2.0958909952244076,-0.5543806636122548,2.3120692927237845,0.38994559458620737,0,中性,2020-09-16
2020-09-16,15.27,3.126,0.06548788474132286,0.031259999999999996,2.094941930304634,-0.557797030005175,2.3123189601573166,0.3897063235540457,0,中性,2020-09-17
2020-09-17,15.21,3.1334,0.06574621959237344,0.031334,2.098238960629777,-0.5503030545136853,2.3125664678346207,0.3894717745920013,0,中性,2020-09-18
2020-09-18,15.54,3.1162,0.06435006435006435,0.031162000000000002,2.0650171474893892,-0.6367384686616423,2.3128304770346575,0.3891917038814161,0,中性,2020-09-21
2020-09-21,15.41,3.0999,0.06489292667099286,0.030999,2.093387743830216,-0.5648748119064996,2.313089088294819,0.3889381148419291,0,中性,2020-09-22
2020-09-22,15.24,3.0863,0.06561679790026247,0.030863,2.126066743358146,-0.48183586070200424,2.3133547221188513,0.3886966372487068,0,中性,2020-09-23
2020-09-23,15.28,3.089,0.06544502617801047,0.03089,2.118647658724845,-0.502013018510738,2.3136404596207756,0.38842180124011993,0,中性,2020-09-24
2020-09-24,15.02,3.084,0.06657789613848203,0.03084,2.1588163469027895,-0.399989598609479,2.314024556411693,0.38803061391713256,0,中性,2020-09-25
2020-09-25,15.03,3.1295,0.06653359946773121,0.031295,2.126013723205982,-0.4859916154733794,2.314396844373065,0.3876262782508886,0,中性,2020-09-28
2020-09-28,15.05,3.1092,0.06644518272425248,0.031091999999999998,2.137050775899025,-0.45893585981392465,2.314766971457548,0.38723536581032886,0,中性,2020-09-29
2020-09-29,15.09,3.1292,0.06626905235255136,0.031292,2.117763401270336,-0.5102147846293116,2.315131879644993,0.3868341026574753,0,中性,2020-09-30
2020-09-30,15.07,3.1482,0.06635700066357,0.031482,2.107775893004574,-0.5374860827065328,2.3154841883750445,0.3864440439546771,0,中性,2020-10-09
2020-10-09,15.34,3.1873,0.0651890482398957,0.031873,2.045274942424488,-0.7006895351690545,2.3157927504674776,0.3860737094892137,0,中性,2020-10-12
2020-10-12,15.77,3.1861,0.06341154090044389,0.031861,1.9902558268869115,-0.8441335422309401,2.315976473229863,0.3858638829611156,0,中性,2020-10-13
2020-10-13,15.8,3.195,0.06329113924050632,0.03195,1.9809433252114654,-0.8692771727779025,2.3161686649559354,0.3856368834271908,0,中性,2020-10-14
2020-10-14,15.71,3.215,0.06365372374283895,0.03215,1.9798980946450686,-0.8726956319347661,2.3163080337357114,0.3854836976149657,0,中性,2020-10-15
2020-10-15,15.69,3.23,0.06373486297004462,0.0323,1.9732155718280067,-0.8903427665639279,2.3163717691501593,0.3854203237327178,0,中性,2020-10-16
2020-10-16,15.7,3.2202,0.06369426751592357,0.032202,1.9779599874518217,-0.8776373735689164,2.316278694504931,0.38548803553947886,0,中性,2020-10-19
2020-10-19,15.6,3.2005,0.06410256410256411,0.032005,2.002892176302581,-0.8121877512108798,2.3160620800057843,0.3855880653658004,0,中性,2020-10-20
2020-10-20,15.63,3.1955,0.06397952655150352,0.031955,2.002175764403177,-0.8131859830216734,2.3158136685926274,0.38569024889487197,0,中性,2020-10-21
2020-10-21,15.63,3.1855,0.06397952655150352,0.031855,2.008461043839382,-0.7962202887867874,2.315628681324407,0.38578222862552375,0,中性,2020-10-22
2020-10-22,15.57,3.1707,0.06422607578676942,0.031707,2.025611877086114,-0.7513992779652889,2.315531715203948,0.38583992109083043,0,中性,2020-10-23
2020-10-23,15.37,3.1957,0.06506180871828238,0.031957,2.0359172862997896,-0.7241875787388561,2.315388821401479,0.3859104233579617,0,中性,2020-10-26
2020-10-26,15.27,3.1934,0.06548788474132286,0.031934,2.050726020583794,-0.6853159466317806,2.3152417211638427,0.38597628127595995,0,中性,2020-10-27
2020-10-27,15.27,3.1609,0.06548788474132286,0.031609,2.071811343013789,-0.6303190348248762,2.3151310480578284,0.3860262686048211,0,中性,2020-10-28
2020-10-28,15.29,3.181,0.06540222367560497,0.03181,2.056027151072146,-0.670655730200703,2.3149628804854534,0.38609336765946534,0,中性,2020-10-29
2020-10-29,15.16,3.186,0.06596306068601583,0.03186,2.070403662461263,-0.6330774117507263,2.3148609022227356,0.38614114991947845,0,中性,2020-10-30
2020-10-30,14.98,3.181,0.06675567423230974,0.03181,2.0985751094721707,-0.5599481050786506,2.314808147085606,0.38616621014024716,0,中性,2020-11-02
2020-11-02,15.0,3.1785,0.06666666666666667,0.031785,2.097425410308846,-0.5626779925296931,2.314731564434548,0.3861998461122233,0,中性,2020-11-03
2020-11-03,15.19,3.1762,0.06583278472679395,0.031762,2.0726901557456694,-0.6263787970513754,2.3146274481531544,0.3862475766203838,0,中性,2020-11-04
2020-11-04,15.25,3.1687,0.06557377049180328,0.031687,2.069421860441294,-0.6343345676065145,2.3144700150835824,0.3863074269575276,0,中性,2020-11-05
2020-11-05,15.46,3.1912,0.0646830530401035,0.031911999999999996,2.0269194359521028,-0.7435065171014119,2.3142035612655003,0.3863908637053855,0,中性,2020-11-06
2020-11-06,15.44,3.2063,0.06476683937823835,0.032063,2.0199868813971977,-0.7607822036703272,2.3140119969988873,0.3864773836496057,0,中性,2020-11-09
2020-11-09,15.71,3.2363,0.06365372374283895,0.032363,1.9668672169712,-0.8972514321328153,2.313746293618806,0.386601864566608,0,中性,2020-11-10
2020-11-10,15.64,3.2241,0.0639386189258312,0.032241,1.9831462710781678,-0.8542407331106739,2.3134937289075657,0.3867147105318363,0,中性,2020-11-11
2020-11-11,15.53,3.2391,0.0643915003219575,0.032391,1.9879441919655922,-0.8410523908453307,2.3132806798664585,0.38682071585799166,0,中性,2020-11-12
2020-11-12,15.52,3.2614,0.06443298969072166,0.032614000000000004,1.9756236490685488,-0.8721255359253911,2.3130765695236803,0.3869315901833656,0,中性,2020-11-13
2020-11-13,15.37,3.2715,0.06506180871828238,0.032715,1.9887454903953041,-0.8373972882029062,2.3128505106720656,0.3870385357615691,0,中性,2020-11-16
2020-11-16,15.52,3.2741,0.06443298969072166,0.032741,1.9679603460713373,-0.8902027015544257,2.31261066448791,0.38715937147209517,0,中性,2020-11-17
2020-11-17,15.49,3.2866,0.0645577792123951,0.032866,1.9642724764922745,-0.8987308503175531,2.312337162306871,0.38728467559738594,0,中性,2020-11-18
2020-11-18,15.5,3.324,0.06451612903225806,0.03324,1.9409184426070416,-0.957912397016359,2.3120396934321708,0.387427130060194,0,中性,2020-11-19
2020-11-19,15.59,3.3487,0.06414368184733804,0.033487,1.9154800921951216,-1.0221803192796002,2.3116598978465133,0.38758308899021504,0,中性,2020-11-20
2020-11-20,15.65,3.31,0.06389776357827476,0.0331,1.9304460295551287,-0.9822639576934064,2.31129682017718,0.38772754272322196,0,中性,2020-11-23
2020-11-23,15.84,3.265,0.06313131313131314,0.03265,1.933577737559361,-0.9730346787596696,2.3109932699820104,0.38787469826228815,0,中性,2020-11-24
2020-11-24,15.76,3.29,0.06345177664974619,0.0329,1.9286254300834709,-0.9845531947762803,2.3106554806226227,0.3880237782641703,0,中性,2020-11-25
2020-11-25,15.57,3.2675,0.06422607578676942,0.032675,1.9656029315002117,-0.8883295911186394,2.31040409332927,0.3881455321046591,0,中性,2020-11-26
2020-11-26,15.6,3.285,0.06410256410256411,0.032850000000000004,1.951371814385513,-0.9239401029958927,2.3101177529369012,0.3882783498498961,0,中性,2020-11-27
2020-11-27,15.81,3.3,0.06325110689437065,0.033,1.9167002089203227,-1.0118747496241856,2.3097450496302177,0.38843230434979575,0,中性,2020-11-30
2020-11-30,15.74,3.25,0.06353240152477764,0.0325,1.954843123839312,-0.9126555019006994,2.3094663247706886,0.38856194938050237,0,中性,2020-12-01
2020-12-01,16.03,3.2725,0.06238303181534622,0.032725,1.9062805749532843,-1.036507345649136,2.309196679543197,0.3887247941668732,0,中性,2020-12-02
2020-12-02,16.02,3.2925,0.062421972534332085,0.032925,1.8958837519918628,-1.062069830716208,2.3089186018660053,0.38889613274826945,0,中性,2020-12-03
2020-12-03,15.99,3.2851,0.06253908692933083,0.032851,1.9037194280031302,-1.040734764452964,2.308630698576461,0.3890628855721585,0,中性,2020-12-04
2020-12-04,16.0,3.2651,0.0625,0.032651,1.9141833328228846,-1.0125831569870647,2.3083035724093177,0.38922259062567827,0,中性,2020-12-07
2020-12-07,15.86,3.2701,0.06305170239596469,0.032701,1.928127653465175,-0.9756180532724283,2.3080050804541994,0.38937105121705723,0,中性,2020-12-08
2020-12-08,15.81,3.2551,0.06325110689437065,0.032551000000000004,1.943138671450052,-0.9360411065985614,2.3077333742176136,0.3895071489888368,0,中性,2020-12-09
2020-12-09,15.62,3.2726,0.06402048655569782,0.032726000000000005,1.9562576103311682,-0.901399091280773,2.307472738250388,0.3896333281412433,0,中性,2020-12-10
2020-12-10,15.61,3.2601,0.06406149903907751,0.032601,1.9650163810643084,-0.877934563876859,2.307194604037259,0.3897536753330799,0,中性,2020-12-11
2020-12-11,15.46,3.2951,0.0646830530401035,0.032951,1.9630072847592939,-0.8820223660445671,2.306884200515187,0.3898732379066649,0,中性,2020-12-14
2020-12-14,16.01,3.2851,0.062460961898813235,0.032851,1.9013412650699595,-1.0389429215675188,2.306572323967724,0.39004169573278064,0,中性,2020-12-15
2020-12-15,16.01,3.2777,0.062460961898813235,0.032777,1.9056338865305926,-1.0268004951942271,2.3062950536234905,0.3902035195426253,0,中性,2020-12-16
2020-12-16,16.02,3.2752,0.062421972534332085,0.032751999999999996,1.905898037809358,-1.0248465451442759,2.3059649931288955,0.39036766744743906,0,中性,2020-12-17
2020-12-17,16.2,3.2802,0.0617283950617284,0.032802,1.8818485172162795,-1.0850726067984005,2.305625725779741,0.3905519371775979,0,中性,2020-12-18
2020-12-18,16.15,3.2902,0.061919504643962855,0.032902,1.881937409396476,-1.0838014968257588,2.305396569565069,0.3907165301107457,0,中性,2020-12-21
2020-12-21,16.3,3.2652,0.06134969325153374,0.032652,1.8788954199293686,-1.0905974874384714,2.3051841092152703,0.39087628038383115,0,中性,2020-12-22
2020-12-22,16.0,3.2278,0.0625,0.032278,1.9363033645207262,-0.9431739156844937,2.305056662057509,0.3909706273727531,0,中性,2020-12-23
2020-12-23,16.14,3.2153,0.06195786864931846,0.032153,1.9269700696457082,-0.9667487504613531,2.304993415525059,0.39102543002920864,0,中性,2020-12-24
2020-12-24,16.08,3.2303,0.06218905472636817,0.032303,1.925178922278679,-0.9709889592914795,2.3049207058387258,0.3910876430944594,0,中性,2020-12-25
2020-12-25,16.21,3.1878,0.061690314620604564,0.031878000000000004,1.935200282972726,-0.9449085058511086,2.3048181137512445,0.39116785222035033,0,中性,2020-12-28
2020-12-28,16.25,3.1629,0.06153846153846154,0.031629,1.9456341186399047,-0.9177993768849598,2.3047176387505983,0.39124402255472707,0,中性,2020-12-29
2020-12-29,16.17,3.1554,0.061842918985776124,0.031554,1.9599074280844306,-0.8808424193730505,2.3046025153290803,0.39132435003526544,0,中性,2020-12-30
2020-12-30,16.34,3.1204,0.06119951040391677,0.031204,1.961271324314728,-0.8769537506798306,2.304505950570823,0.39139421661634205,0,中性,2020-12-31
2020-12-31,16.63,3.1429,0.06013229104028864,0.031429,1.9132740793626473,-0.9989360074080419,2.3043623800563635,0.3915048589633689,0,中性,2021-01-04
2021-01-04,16.79,3.178,0.05955926146515784,0.03178,1.8741114369149727,-1.098083732132087,2.3041789687880727,0.3916527668050069,0,中性,2021-01-05
2021-01-05,17.03,3.1305,0.05871990604815032,0.031305,1.8757356987110787,-1.0931616898011667,2.304020958107078,0.3917858294813638,0,中性,2021-01-06
2021-01-06,17.18,3.1256,0.05820721769499418,0.031256,1.8622734097451428,-1.1266508491627085,2.303846330747344,0.3919341305519488,0,中性,2021-01-07
2021-01-07,17.4,3.1256,0.0574712643678161,0.031256,1.8387274241046871,-1.1856940916366026,2.3036468896561715,0.3921074321200001,0,中性,2021-01-08
2021-01-08,17.38,3.1456,0.057537399309551214,0.031456,1.829139093004553,-1.2090155503105098,2.3034298803993516,0.3922950265387299,0,中性,2021-01-11
2021-01-11,17.2,3.1632,0.05813953488372093,0.031632,1.8379974356259778,-1.1853674719908291,2.3032219995653977,0.3924728617346598,0,中性,2021-01-12
2021-01-12,17.61,3.1457,0.05678591709256105,0.031457,1.8051917567651412,-1.2675697554624268,2.302960891039806,0.39269565412837726,0,中性,2021-01-13
2021-01-13,17.57,3.1157,0.05691519635742743,0.031157,1.826722609924814,-1.211192859011047,2.302628087385523,0.39292295518427306,0,中性,2021-01-14
2021-01-14,17.32,3.1059,0.057736720554272515,0.031059,1.8589368799469563,-1.1278440464310848,2.302315488098417,0.3931204935243257,0,中性,2021-01-15
2021-01-15,17.26,3.1508,0.057937427578215524,0.031508,1.8388164141873657,-1.177579119054925,2.3019988064845522,0.3933344136306671,0,中性,2021-01-18
2021-01-18,17.4,3.1658,0.0574712643678161,0.031658,1.8153788732015952,-1.2357224068928854,2.301709125020232,0.3935594670015504,0,中性,2021-01-19
2021-01-19,17.23,3.1609,0.05803830528148578,0.031609,1.8361322813592895,-1.1817404958263813,2.3014525958631604,0.393758457247821,0,中性,2021-01-20
2021-01-20,17.32,3.161,0.057736720554272515,0.03161,1.8265333930487984,-1.2046847559526386,2.301152144734482,0.39397755250116473,0,中性,2021-01-21
2021-01-21,17.55,3.1335,0.05698005698005698,0.031335,1.818415732569235,-1.223822832371909,2.3008502231144043,0.39420288442417445,0,中性,2021-01-22
2021-01-22,17.51,3.1185,0.05711022272986864,0.031185,1.8313363068740944,-1.189511293173453,2.3005089084903343,0.39442467197142084,0,中性,2021-01-25
2021-01-25,17.62,3.1323,0.056753688989784334,0.031323,1.8118854831843803,-1.237167955675539,2.3001522503353224,0.39466489970986246,0,中性,2021-01-26
2021-01-26,17.32,3.1585,0.057736720554272515,0.031585,1.8279791215536652,-1.1948281291401617,2.299804125734406,0.394889434449691,0,中性,2021-01-27
2021-01-27,17.37,3.1636,0.05757052389176741,0.031636000000000004,1.8197788561059363,-1.2139410900936316,2.299434256101267,0.39512246838793047,0,中性,2021-01-28
2021-01-28,16.94,3.1961,0.05903187721369539,0.031960999999999996,1.8469971907542129,-1.1438719944161664,2.2991820102723812,0.3953106831232143,0,中性,2021-01-29
2021-01-29,16.87,3.1786,0.05927682276229994,0.031786,1.8648720431101722,-1.0975304827175127,2.298930948797169,0.3954868794279466,0,中性,2021-02-01
2021-02-01,17.03,3.1712,0.05871990604815032,0.031712,1.8516620222045386,-1.129713017594831,2.298662905324647,0.39567649142591743,0,中性,2021-02-02
2021-02-02,17.21,3.1862,0.058105752469494475,0.031862,1.8236693386948237,-1.1991485992237394,2.2983942852458923,0.3958850027914626,0,中性,2021-02-03
2021-02-03,17.13,3.2112,0.05837711617046118,0.032112,1.8179221527921392,-1.2122372182301242,2.2980969499452217,0.39610629828223015,0,中性,2021-02-04
2021-02-04,16.98,3.2347,0.058892815076560655,0.032347,1.8206577140557285,-1.2039107084262857,2.2977982819154175,0.39632554517551566,0,中性,2021-02-05
2021-02-05,17.0,3.2164,0.058823529411764705,0.032164,1.8288623744485981,-1.1818167543248126,2.2974983042890496,0.3965385734509994,0,中性,2021-02-08
2021-02-08,17.2,3.237,0.05813953488372093,0.03237,1.7960931382057745,-1.262801845094509,2.2971560884485105,0.3967866789149615,0,中性,2021-02-09
2021-02-09,17.53,3.2303,0.057045065601825436,0.032303,1.7659370832995522,-1.3368187193694392,2.296748492153849,0.3970705984014599,0,中性,2021-02-10
2021-02-10,17.86,3.2449,0.055991041433370664,0.032449,1.7255089966831232,-1.436345446240465,2.296310702987443,0.3973986256567693,0,中性,2021-02-18
2021-02-18,17.83,3.2831,0.05608524957936063,0.032831,1.7083015923779548,-1.477089807101235,2.295806102927327,0.39774461087260515,0,中性,2021-02-19
2021-02-19,17.89,3.2578,0.05589714924538848,0.032578,1.7157943779663722,-1.4558174481372372,2.2953298850585173,0.39808253969869534,0,中性,2021-02-22
2021-02-22,17.56,3.2736,0.056947608200455586,0.032736,1.7396019122817565,-1.393816254338475,2.294888175289288,0.39839273023191857,0,中性,2021-02-23
2021-02-23,17.5,3.2635,0.05714285714285714,0.032635,1.7509685044540262,-1.363148962125428,2.294441606273071,0.3986894440147311,0,中性,2021-02-24
2021-02-24,17.1,3.2627,0.05847953216374269,0.032627,1.7923662047918192,-1.257295549218835,2.293930987342203,0.3989235330245216,0,中性,2021-02-25
2021-02-25,17.2,3.2723,0.05813953488372093,0.032723,1.776717748486414,-1.2944156770919082,2.2934173175804213,0.3991759202537221,0,中性,2021-02-26
2021-02-26,16.78,3.2798,0.05959475566150178,0.032798,1.817024076513866,-1.191660317459768,2.292968461395278,0.3993960173952679,0,中性,2021-03-01
2021-03-01,16.95,3.2475,0.058997050147492625,0.032475000000000004,1.8166913055424978,-1.1905347529108845,2.292358627269435,0.39954089585702557,0,中性,2021-03-02
2021-03-02,16.74,3.2474,0.059737156511350066,0.032473999999999996,1.8395379845830533,-1.1315420367540237,2.291796605492866,0.3996834463235458,0,中性,2021-03-03
2021-03-03,17.07,3.2553,0.05858230814294083,0.032553,1.7995978294762645,-1.2294351965017165,2.291081243652363,0.3997635788975171,0,中性,2021-03-04
2021-03-04,16.65,3.2655,0.060060060060060066,0.032654999999999997,1.839230135050071,-1.1284748593731613,2.290382642743607,0.399789595617699,0,中性,2021-03-05
2021-03-05,16.64,3.2457,0.06009615384615384,0.032457,1.8515621852344284,-1.095950665925094,2.289594046247207,0.3996820975906203,0,中性,2021-03-08
2021-03-08,16.17,3.2404,0.061842918985776124,0.032404,1.9084964506164708,-0.9519792127392463,2.288916357924554,0.3996094685864562,0,中性,2021-03-09
2021-03-09,15.84,3.2478,0.06313131313131314,0.032478,1.9438177575993945,-0.8622016258359175,2.288188571875576,0.3994086811681768,0,中性,2021-03-10
2021-03-10,15.86,3.2353,0.06305170239596469,0.032353,1.9488672579348034,-0.8481705593040303,2.287498306440021,0.39924876522840264,0,中性,2021-03-11
2021-03-11,16.22,3.2506,0.06165228113440198,0.032506,1.8966431161755362,-0.9774113783350378,2.2868466891242862,0.3992214349023015,0,中性,2021-03-12
2021-03-12,16.27,3.2613,0.06146281499692686,0.032612999999999996,1.8846108912681099,-1.0059443818075775,2.2861738741027793,0.3991900447946262,0,中性,2021-03-15
2021-03-15,16.04,3.274,0.06234413965087282,0.03274,1.9042192929405262,-0.9553297920511526,2.2854334695973684,0.399039347279594,0,中性,2021-03-16
2021-03-16,16.16,3.2614,0.06188118811881188,0.032614000000000004,1.8973811283133584,-0.9709448158677948,2.2847001503194853,0.39890940831684174,0,中性,2021-03-17
2021-03-17,16.18,3.2564,0.06180469715698393,0.032564,1.8979454967750868,-0.9679794644711529,2.284046005799023,0.39887262405393986,0,中性,2021-03-18
2021-03-18,16.28,3.2592,0.06142506142506142,0.032591999999999996,1.8846668331204415,-0.9997812039264433,2.283239468732849,0.3986598608246406,0,中性,2021-03-19
2021-03-19,15.92,3.2364,0.06281407035175879,0.032364000000000004,1.9408623888196386,-0.8574448660950859,2.282500305334434,0.3984371824052762,0,中性,2021-03-22
2021-03-22,16.08,3.2309,0.06218905472636817,0.032309000000000004,1.924821403521253,-0.8963723979263754,2.281675464000051,0.39810915787269574,0,中性,2021-03-23
2021-03-23,15.93,3.2105,0.06277463904582549,0.032105,1.9552916693918545,-0.8185173487887702,2.280907453655632,0.39781170765118057,0,中性,2021-03-24
2021-03-24,15.72,3.193,0.06361323155216285,0.03193,1.9922715800865283,-0.7243044811657674,2.28013741596395,0.39743760167561265,0,中性,2021-03-25
2021-03-25,15.69,3.1882,0.06373486297004462,0.031882,1.99908609779953,-0.7058862900409649,2.2794593733154804,0.3971932582791479,0,中性,2021-03-26
2021-03-26,15.96,3.1985,0.06265664160401002,0.031985,1.9589383024545888,-0.8056274412327037,2.2787458619245884,0.3969670633123629,0,中性,2021-03-29
2021-03-29,15.79,3.1962,0.06333122229259025,0.031962000000000004,1.98145367287999,-0.7476117885729043,2.278051039853794,0.39672644480362007,0,中性,2021-03-30
2021-03-30,15.85,3.206,0.06309148264984227,0.03206,1.9679189847112375,-0.780414790841282,2.277329245182791,0.3964689855993262,0,中性,2021-03-31
2021-03-31,15.62,3.1887,0.06402048655569782,0.031887,2.0077300014331176,-0.6787471653227127,2.276610795414732,0.39614278735701847,0,中性,2021-04-01
2021-04-01,15.77,3.196,0.06341154090044389,0.03196,1.9840907665971177,-0.7371280049712734,2.2759444438058765,0.39593350848219716,0,中性,2021-04-02
2021-04-02,15.87,3.2013,0.06301197227473221,0.032013,1.968324501756543,-0.7756254420946352,2.2752849229201844,0.39575857689076255,0,中性,2021-04-06
2021-04-06,15.83,3.2087,0.06317119393556538,0.032087,1.9687472788221205,-0.7732365482953867,2.2746186419861294,0.3955728215877891,0,中性,2021-04-07
2021-04-07,15.77,3.2215,0.06341154090044389,0.032215,1.9683855626398847,-0.7728320699181955,2.2739405595310282,0.39537049351935744,0,中性,2021-04-08
2021-04-08,15.79,3.2221,0.06333122229259025,0.032221,1.965526280766899,-0.7787421347063737,2.2733245474966903,0.39525056242891926,0,中性,2021-04-09
2021-04-09,15.61,3.2121,0.06406149903907751,0.032121,1.994380593352558,-0.7044782226622655,2.27271294682538,0.3950900744965366,0,中性,2021-04-12
2021-04-12,15.38,3.1948,0.06501950585175552,0.031948,2.0351667037609715,-0.6000806702195528,2.272164957434175,0.39494398909148754,0,中性,2021-04-13
2021-04-13,15.35,3.1626,0.06514657980456026,0.031626,2.0599057675507577,-0.5362213280421924,2.271493759409416,0.39459077957825905,0,中性,2021-04-14
2021-04-14,15.46,3.1651,0.0646830530401035,0.031651,2.043633788509162,-0.5762353669789809,2.2708224907756516,0.3942637250080077,0,中性,2021-04-15
2021-04-15,15.33,3.1728,0.06523157208088715,0.031728,2.0559623071383997,-0.5437324532006556,2.2700946312266077,0.39381928157447316,0,中性,2021-04-16
2021-04-16,15.41,3.1631,0.06489292667099286,0.031631,2.051561021497672,-0.5536818093723169,2.2694047405749656,0.3934456855721027,0,中性,2021-04-19
2021-04-19,15.66,3.1559,0.06385696040868455,0.031559,2.0234152035452504,-0.6240039719768851,2.2687993199509613,0.39324127317381985,0,中性,2021-04-20
2021-04-20,15.62,3.1554,0.06402048655569782,0.031554,2.028918253016981,-0.6088192440341511,2.268224502001126,0.39306617083661244,0,中性,2021-04-21
2021-04-21,15.62,3.153,0.06402048655569782,0.03153,2.030462624665329,-0.603713262853888,2.267666254207844,0.3929077662153723,0,中性,2021-04-22
2021-04-22,15.55,3.1614,0.06430868167202572,0.031614,2.0341836424377084,-0.5931038504113014,2.2671472993178488,0.392787294701571,0,中性,2021-04-23
2021-04-23,15.6,3.1719,0.06410256410256411,0.031719,2.020951609526281,-0.6256320531922154,2.2666247055867785,0.3926798424201233,0,中性,2021-04-26
2021-04-26,15.4,3.2024,0.06493506493506493,0.032024,2.027700004217616,-0.6072574866693691,2.2660520348554987,0.39250570947288677,0,中性,2021-04-27
2021-04-27,15.32,3.2078,0.06527415143603132,0.032078,2.034857267785751,-0.5878091201289019,2.2654209977264452,0.3922425189492354,0,中性,2021-04-28
2021-04-28,15.33,3.1979,0.06523157208088715,0.031979,2.039825262856473,-0.5739297778388904,2.264781731678974,0.39195817591058885,0,中性,2021-04-29
2021-04-29,15.06,3.1872,0.06640106241699867,0.031872,2.0833666672000084,-0.46169617844363325,2.264219176695203,0.3917132476704576,0,中性,2021-04-30
2021-04-30,14.41,3.164,0.06939625260235947,0.03164,2.193307604372929,-0.17993183686085126,2.2637385015742213,0.3914309909244104,0,中性,2021-05-06
2021-05-06,14.32,3.1507,0.06983240223463687,0.031507,2.2164091228818,-0.11978006131476426,2.2632573654263384,0.3911188726262897,0,中性,2021-05-07
2021-05-07,14.2,3.1589,0.07042253521126761,0.031589,2.229337275990617,-0.0856762209110107,2.2628243652570816,0.39085628322993515,0,中性,2021-05-10
2021-05-10,14.23,3.146,0.07027406886858749,0.03146,2.233759341023124,-0.07341364286785783,2.2624380866322156,0.39064599560482743,0,中性,2021-05-11
2021-05-11,14.28,3.138,0.0700280112044818,0.03138,2.231612849091198,-0.07806640119242811,2.2620966983806143,0.39048616080400417,0,中性,2021-05-12
2021-05-12,14.36,3.131,0.06963788300835655,0.03131,2.2241419038120904,-0.09631877777674622,2.2617363785769062,0.39031303794110295,0,中性,2021-05-13
2021-05-13,14.22,3.1366,0.07032348804500703,0.031366,2.2420292050311494,-0.04964654407577893,2.2613986625182543,0.39014714614455137,0,中性,2021-05-14
2021-05-14,14.5,3.1422,0.06896551724137931,0.031422,2.1948162829030395,-0.16971696603250785,2.26099894238697,0.3899590066396415,0,中性,2021-05-17
2021-05-17,14.66,3.1524,0.06821282401091405,0.031524,2.1638378381840515,-0.24821013673518152,2.260587664838726,0.3897899897533115,0,中性,2021-05-18
2021-05-18,14.69,3.1457,0.06807351940095303,0.031457,2.164018164508791,-0.24682275195114906,2.2601884519400146,0.38963299238417665,0,中性,2021-05-19
2021-05-19,14.63,3.1298,0.06835269993164729,0.031298,2.183931878447418,-0.1947371178009928,2.2597687766158328,0.3894321689916062,0,中性,2021-05-20
2021-05-20,14.64,3.1001,0.06830601092896174,0.031000999999999997,2.203348631623552,-0.14399083656205486,2.2593994256255954,0.38926639597574175,0,中性,2021-05-21
2021-05-21,14.53,3.0876,0.06882312456985547,0.030876,2.229016860016047,-0.07721722892107567,2.259062896552103,0.38911052566735155,0,中性,2021-05-24
2021-05-24,14.58,3.085,0.06858710562414266,0.03085,2.2232449148830686,-0.09121868373864532,2.2587251609119927,0.38895810128745223,0,中性,2021-05-25
2021-05-25,14.95,3.085,0.06688963210702341,0.03085,2.168221462140143,-0.23187647039485576,2.2583873428933505,0.38885308457415557,0,中性,2021-05-26
2021-05-26,14.97,3.06,0.0668002672010688,0.030600000000000002,2.183015268008784,-0.1930517484789483,2.2580635804836113,0.388747126436987,0,中性,2021-05-27
2021-05-27,15.02,3.0725,0.06657789613848203,0.030725,2.1668965382744356,-0.2337070538576256,2.2577248874551374,0.38864188171245556,0,中性,2021-05-28
2021-05-28,14.99,3.0825,0.066711140760507,0.030825,2.1641894812816544,-0.239844169283838,2.2573761234939043,0.38852994630013393,0,中性,2021-05-31
2021-05-31,15.01,3.045,0.06662225183211193,0.030449999999999998,2.187922884470014,-0.17802117691898883,2.2570726967482493,0.3884358786691029,0,中性,2021-06-01
2021-06-01,15.03,3.04,0.06653359946773121,0.0304,2.188605245649053,-0.17551522287618845,2.2567642993766253,0.388336992145991,0,中性,2021-06-02
2021-06-02,14.92,3.065,0.06702412868632708,0.03065,2.1867578690481917,-0.17960754965185363,2.256493690503065,0.38826776263050816,0,中性,2021-06-03
2021-06-03,14.85,3.055,0.06734006734006734,0.03055,2.2042575234064596,-0.13393417198106353,2.2562515495800586,0.38820582831504863,0,中性,2021-06-04
2021-06-04,14.91,3.0925,0.0670690811535882,0.030924999999999998,2.168765760827428,-0.2246683641746038,2.2559686715705,0.3881405869644435,0,中性,2021-06-07
2021-06-07,14.92,3.11,0.06702412868632708,0.0311,2.155116678016948,-0.2590502497848844,2.2556420150575103,0.388053426406802,0,中性,2021-06-08
2021-06-08,14.82,3.11,0.06747638326585695,0.0311,2.169658625911799,-0.220827398329845,2.2553324782265944,0.38796749390139706,0,中性,2021-06-09
2021-06-09,14.84,3.1051,0.0673854447439353,0.031051000000000002,2.1701537710197836,-0.2187377700538022,2.2549924471859284,0.3878556325470326,0,中性,2021-06-10
2021-06-10,14.94,3.1,0.06693440428380187,0.031,2.1591743317355445,-0.2461806368698186,2.2546257685908295,0.38772926282484255,0,中性,2021-06-11
2021-06-11,14.84,3.1276,0.0673854447439353,0.031276,2.154541653150509,-0.2572933134616096,2.25427370837549,0.38762008185596264,0,中性,2021-06-15
2021-06-15,14.9,3.1176,0.06711409395973154,0.031176,2.1527487156701164,-0.26107526747038123,2.2539176388200413,0.3875086450362534,0,中性,2021-06-16
2021-06-16,14.7,3.1301,0.06802721088435375,0.031301,2.173323883721087,-0.20716556813772127,2.2535784522706397,0.38739337463743256,0,中性,2021-06-17
2021-06-17,14.74,3.1401,0.06784260515603799,0.031401,2.1605237144052096,-0.23934438672990158,2.2532136607900526,0.38726601300845587,0,中性,2021-06-18
2021-06-18,14.74,3.1202,0.06784260515603799,0.031202,2.1743030945464388,-0.20286447614918854,2.2528340553666255,0.3871104606921632,0,中性,2021-06-21
2021-06-21,14.74,3.0953,0.06784260515603799,0.030952999999999998,2.191794176849998,-0.15681900704273438,2.2524769480276956,0.38696056251115707,0,中性,2021-06-22
2021-06-22,14.83,3.0877,0.06743088334457181,0.030876999999999998,2.183854757410753,-0.1765298548607164,2.252143547788206,0.3868398941999563,0,中性,2021-06-23
2021-06-23,14.89,3.0853,0.0671591672263264,0.030853000000000002,2.1767467418509185,-0.19408953611971289,2.2518051604809988,0.3867205833486293,0,中性,2021-06-24
2021-06-24,14.9,3.0828,0.06711409395973154,0.030828,2.1770498884044227,-0.1925122064191007,2.251476977182567,0.3866097125089098,0,中性,2021-06-25
2021-06-25,15.11,3.0827,0.06618133686300463,0.030827,2.1468627133034235,-0.26964913074442165,2.251068715979815,0.38645035638983727,0,中性,2021-06-28
2021-06-28,15.12,3.0903,0.06613756613756615,0.030903,2.140166525501283,-0.28591046880306714,2.2505898130904622,0.3862163146786967,0,中性,2021-06-29
2021-06-29,14.96,3.0853,0.06684491978609625,0.030853000000000002,2.166561429556161,-0.2165467612848411,2.250147493866871,0.3859954488109968,0,中性,2021-06-30
2021-06-30,15.05,3.0778,0.06644518272425248,0.030778,2.1588531653860707,-0.23551530510280316,2.2497131429905792,0.3857922421001379,0,中性,2021-07-01
2021-07-01,15.03,3.0878,0.06653359946773121,0.030878000000000003,2.1547250297211997,-0.245202847493398,2.249271432141562,0.38558443911589485,0,中性,2021-07-02
2021-07-02,14.7,3.0803,0.06802721088435375,0.030802999999999997,2.208460568267823,-0.1048634867300191,2.2488715030089295,0.3853670710487445,0,中性,2021-07-05
2021-07-05,14.75,3.0754,0.06779661016949153,0.030754,2.204481048627545,-0.11428019311299721,2.2485001604353636,0.3851858367468251,0,中性,2021-07-06
2021-07-06,14.73,3.0854,0.06788866259334692,0.030854,2.2003196536380023,-0.12416237662158203,2.248122299144475,0.3850010511007206,0,中性,2021-07-07
2021-07-07,14.84,3.0554,0.0673854447439353,0.030554,2.2054541056468975,-0.10990379339444076,2.2477465234537175,0.38481308515925433,0,中性,2021-07-08
2021-07-08,14.7,2.983,0.06802721088435375,0.029830000000000002,2.2804965097000918,0.08595387869197459,2.247436084403419,0.3846298247359915,0,中性,2021-07-09
2021-07-09,14.67,3.0105,0.0681663258350375,0.030105,2.264285860655622,0.04465307463987948,2.2471188911085997,0.38445212755160396,0,中性,2021-07-12
2021-07-12,14.8,2.9431,0.06756756756756756,0.029431,2.295795846813481,0.12739156148945394,2.2468404685643923,0.38429058939780364,0,中性,2021-07-13
2021-07-13,14.85,2.9256,0.06734006734006734,0.029256,2.3017523701144156,0.14375269896683926,2.246537319696957,0.384097486964023,0,中性,2021-07-14
2021-07-14,14.69,2.9356,0.06807351940095303,0.029356,2.318896286992541,0.18923895625550757,2.2462465409185906,0.3839048127905534,0,中性,2021-07-15
2021-07-15,14.83,2.9557,0.06743088334457181,0.029557000000000003,2.281384556774091,0.09239642901618784,2.245930817813031,0.38371330297676726,0,中性,2021-07-16
2021-07-16,14.71,2.9432,0.06798096532970768,0.029432,2.3097637037818592,0.16719038710666467,2.245641432588847,0.38352845700454863,0,中性,2021-07-19
2021-07-19,14.71,2.9483,0.06798096532970768,0.029483000000000002,2.3057682505073323,0.1575307179885013,2.245375499219241,0.38337126916732106,0,中性,2021-07-20
2021-07-20,14.69,2.9258,0.06807351940095303,0.029258000000000003,2.326663456181319,0.21255391695963632,2.2451957201439776,0.38328033283344226,0,中性,2021-07-21
2021-07-21,14.79,2.9184,0.0676132521974307,0.029184,2.3167918104931022,0.1873218363832485,2.2450118231797553,0.38319070909858916,0,中性,2021-07-22
2021-07-22,14.85,2.9284,0.06734006734006734,0.029283999999999998,2.299551541458385,0.14282862794565973,2.2448321295338722,0.38311235437570057,0,中性,2021-07-23
2021-07-23,14.72,2.9134,0.06793478260869565,0.029134000000000004,2.331804167251172,0.22742239604775136,2.244690595812639,0.3830474612546158,0,中性,2021-07-26
2021-07-26,14.32,2.8711,0.06983240223463687,0.028711,2.4322525246294755,0.48988904187915416,2.2446220050969683,0.3830061575020735,0,中性,2021-07-27
2021-07-27,13.91,2.911,0.07189072609633357,0.02911,2.469623019454949,0.5875928121706098,2.244585320413753,0.3829823891308178,0,中性,2021-07-28
2021-07-28,13.89,2.9312,0.07199424046076314,0.029312,2.4561353868983056,0.552568999694266,2.2445306085678762,0.38294724902683525,0,中性,2021-07-29
2021-07-29,14.08,2.884,0.07102272727272728,0.028839999999999998,2.462646576724247,0.5698987780511802,2.244441671322377,0.38288361689077693,0,中性,2021-07-30
2021-07-30,13.99,2.8363,0.07147962830593281,0.028363,2.520171642842182,0.7203925098058455,2.2443809948760145,0.38283386377864553,0,中性,2021-08-02
2021-08-02,14.28,2.8212,0.0700280112044818,0.028212,2.4822065505629447,0.621468815753069,2.2443164281574695,0.38278690157157813,0,中性,2021-08-03
2021-08-03,14.24,2.8337,0.0702247191011236,0.028336999999999998,2.47819878960806,0.6113460013981376,2.2442256990448652,0.3827179535452961,0,中性,2021-08-04
2021-08-04,14.36,2.8338,0.06963788300835655,0.028338000000000002,2.4574028868782745,0.5573876113105094,2.2441224469932175,0.382642949999552,0,中性,2021-08-05
2021-08-05,14.28,2.7988,0.0700280112044818,0.027988,2.502072717038795,0.6743549041797219,2.244065218856543,0.38259897953302435,0,中性,2021-08-06
2021-08-06,14.24,2.8139,0.0702247191011236,0.028138999999999997,2.495636628918,0.657831932313235,2.243989659809395,0.38253991140822285,0,中性,2021-08-09
2021-08-09,14.4,2.8615,0.06944444444444445,0.028614999999999998,2.426854602287068,0.4784327683660365,2.2438725286538923,0.38246141512861576,0,中性,2021-08-10
2021-08-10,14.52,2.8766,0.06887052341597796,0.028766,2.394164062295,0.39344774330431864,2.243723016277175,0.38236601576200635,0,中性,2021-08-11
2021-08-11,14.52,2.8841,0.06887052341597796,0.028841000000000002,2.387938123365277,0.37789207274339576,2.2435053925328674,0.38220629976137543,0,中性,2021-08-12
2021-08-12,14.45,2.8566,0.06920415224913495,0.028565999999999998,2.422605623788243,0.4693125518878935,2.2433059153164834,0.3820475453948434,0,中性,2021-08-13
2021-08-13,14.39,2.8792,0.06949270326615706,0.028791999999999998,2.4136115332785866,0.4463654966944389,2.2431343796588057,0.381922784987303,0,中性,2021-08-16
2021-08-16,14.34,2.8943,0.0697350069735007,0.028943,2.409391112652479,0.4358883810584348,2.2429671524831276,0.3818040750827926,0,中性,2021-08-17
2021-08-17,14.05,2.8819,0.07117437722419928,0.028818999999999997,2.469703224407484,0.594373023577895,2.242833693506462,0.381695537821275,0,中性,2021-08-18
2021-08-18,14.18,2.8494,0.07052186177715092,0.028494000000000002,2.4749723372341865,0.6088071142698995,2.2426763900568627,0.3815591863703833,0,中性,2021-08-19
2021-08-19,14.1,2.8395,0.07092198581560284,0.028395,2.497692756316353,0.6686987741457386,2.2425908736344,0.3814899810573831,0,中性,2021-08-20
2021-08-20,13.89,2.852,0.07199424046076314,0.02852,2.52434223214457,0.7387373560747209,2.242547377320804,0.381454724749649,0,中性,2021-08-23
2021-08-23,14.04,2.8672,0.07122507122507123,0.028672,2.4841333435083435,0.6336411510367069,2.242466958757008,0.3813931345146109,0,中性,2021-08-24
2021-08-24,14.14,2.8522,0.07072135785007072,0.028522,2.4795371239769555,0.622012556829626,2.242359301588567,0.3813071292278643,0,中性,2021-08-25
2021-08-25,14.17,2.8547,0.07057163020465773,0.028547,2.472120720378945,0.6030900635000532,2.2422249337148004,0.38119644241846173,0,中性,2021-08-26
2021-08-26,13.94,2.8848,0.07173601147776183,0.028848,2.4866892497837574,0.6416703134951213,2.242133362183689,0.38112389252978524,0,中性,2021-08-27
2021-08-27,13.88,2.8698,0.07204610951008646,0.028698,2.5104923517348405,0.7042246826271126,2.242108534030318,0.3811053834456861,0,中性,2021-08-30
2021-08-30,13.52,2.8505,0.07396449704142012,0.028505,2.594790283859678,0.9251322015807599,2.2421702998159723,0.3811563184604203,0,中性,2021-08-31
2021-08-31,13.37,2.845,0.07479431563201197,0.028450000000000003,2.6289741874169406,1.0144360938038315,2.242246574540636,0.3812242242152403,0,中性,2021-09-01
2021-09-01,13.49,2.8226,0.07412898443291327,0.028226,2.6262660112277074,1.0069990135798406,2.2423132560250427,0.38128414231283925,0,中性,2021-09-02
2021-09-02,13.55,2.8301,0.07380073800738007,0.028301,2.6077077844380083,0.9580966032750724,2.2423606939582967,0.3813259427398464,0,中性,2021-09-03
2021-09-03,13.49,2.8327,0.07412898443291327,0.028327,2.616902052208609,0.9819915572232821,2.2424042291402237,0.381365624086759,0,中性,2021-09-06
2021-09-06,13.7,2.8354,0.07299270072992702,0.028354,2.5743352165453555,0.8704339533139289,2.24239150653846,0.3813542759253754,0,中性,2021-09-07
2021-09-07,13.89,2.8604,0.07199424046076314,0.028603999999999997,2.516929116933406,0.7201749202622216,2.2423262370503014,0.38130025380933735,0,中性,2021-09-08
2021-09-08,13.88,2.8705,0.07204610951008646,0.028704999999999998,2.5098801431836426,0.7020074193689335,2.2422492944173724,0.38123649605705845,0,中性,2021-09-09
2021-09-09,13.94,2.873,0.07173601147776183,0.028730000000000002,2.496902592334209,0.6682437687572548,2.2421799412975347,0.38118223161345277,0,中性,2021-09-10
2021-09-10,14.0,2.8656,0.07142857142857142,0.028656,2.4926218393555075,0.65725090731714,2.2421195240177956,0.38113650745686734,0,中性,2021-09-13
2021-09-13,14.03,2.8908,0.07127583749109052,0.028908,2.465609433066643,0.5868186612834464,2.2420040450113854,0.3810468255494885,0,中性,2021-09-14
2021-09-14,13.83,2.8858,0.07230657989877079,0.028858,2.5055991371117465,0.6921367471258217,2.2419145935715004,0.38097174385730403,0,中性,2021-09-15
2021-09-15,13.76,2.9009,0.07267441860465117,0.029009,2.5052369473146667,0.6915983207872475,2.2418158531169654,0.38088741149320415,0,中性,2021-09-16
2021-09-16,13.58,2.8885,0.07363770250368189,0.028885,2.549340574820214,0.8077087297324078,2.241746304476329,0.3808232584607453,0,中性,2021-09-17
2021-09-17,13.63,2.8785,0.07336757153338225,0.028784999999999998,2.5488126292646256,0.8066269369469071,2.2416796294922583,0.3807621413374434,0,中性,2021-09-22
2021-09-22,13.61,2.8639,0.07347538574577517,0.028639,2.565570925862466,0.8508960332720534,2.2416253627830627,0.38071109796304514,0,中性,2021-09-23
2021-09-23,13.68,2.8565,0.07309941520467836,0.028565,2.559055319610655,0.8340458887660571,2.241568665045694,0.38065849714177225,0,中性,2021-09-24
2021-09-24,13.6,2.8719,0.07352941176470588,0.028719,2.560305434197078,0.8376657308866532,2.2414976543557015,0.3805906915923664,0,中性,2021-09-27
2021-09-27,13.57,2.8825,0.07369196757553427,0.028825,2.5565296643723943,0.8280180735495809,2.2414387914459617,0.3805362261909193,0,中性,2021-09-28
2021-09-28,13.62,2.8769,0.07342143906020558,0.028769,2.552102577781834,0.8167354644380851,2.241363238220491,0.38046509927805316,0,中性,2021-09-29
2021-09-29,13.42,2.8646,0.07451564828614009,0.028645999999999998,2.601258405576349,0.9462272724057768,2.2413071246344285,0.38040679172853126,0,中性,2021-09-30
2021-09-30,13.51,2.8776,0.07401924500370097,0.028776000000000003,2.5722562205901083,0.8704415603491873,2.241215655830362,0.3803133717867811,0,中性,2021-10-08
2021-10-08,13.63,2.9131,0.07336757153338225,0.029131,2.518539409336523,0.7296870735253178,2.241104055514982,0.38021141375189094,0,中性,2021-10-11
2021-10-11,13.65,2.958,0.07326007326007326,0.029580000000000002,2.476675904667791,0.6200321929026262,2.2409898303670395,0.3801190921997259,0,中性,2021-10-12
2021-10-12,13.49,2.9657,0.07412898443291327,0.029657,2.4995442705908646,0.680560426617646,2.240900555876708,0.38004518716964464,0,中性,2021-10-13
2021-10-13,13.57,2.9578,0.07369196757553427,0.029578000000000004,2.4914452490206997,0.6595607771275603,2.240822773954416,0.3799838980082539,0,中性,2021-10-14
2021-10-14,13.53,2.9581,0.07390983000739099,0.029581,2.4985575202796046,0.6786415074246966,2.2407342330841784,0.37991087249262423,0,中性,2021-10-15
2021-10-15,13.58,2.9683,0.07363770250368189,0.029683,2.4808039114537577,0.6322470070044908,2.240648398765642,0.37984444374982995,0,中性,2021-10-18
2021-10-18,13.49,3.0426,0.07412898443291327,0.030426,2.436369698051445,0.5158174363616075,2.240498364251481,0.37972995868765247,0,中性,2021-10-19
2021-10-19,13.63,3.0102,0.07336757153338225,0.030102000000000004,2.4372989015142594,0.518669388389342,2.240385743104056,0.3796506268119868,0,中性,2021-10-20
2021-10-20,13.6,2.9978,0.07352941176470588,0.029977999999999998,2.45277909682787,0.5598084545725572,2.240287280310092,0.37957950577939514,0,中性,2021-10-21
2021-10-21,13.63,2.9702,0.07336757153338225,0.029702000000000003,2.470122265617879,0.6059014478560537,2.2401834146550645,0.37949876465296395,0,中性,2021-10-22
2021-10-22,13.63,2.9953,0.07336757153338225,0.029952999999999997,2.4494231473769656,0.5518268094283337,2.240058043941444,0.3794036459598869,0,中性,2021-10-25
2021-10-25,13.68,2.9879,0.07309941520467836,0.029879,2.446514783114507,0.544548336332568,2.2399524809934435,0.37932776273309804,0,中性,2021-10-26
2021-10-26,13.62,2.978,0.07342143906020558,0.02978,2.4654613519209394,0.5946920680978663,2.2398995974531957,0.37929168147341735,0,中性,2021-10-27
2021-10-27,13.44,2.9781,0.0744047619047619,0.029781,2.498397028466536,0.6816332414700382,2.239872588346505,0.3792720548113039,0,中性,2021-10-28
2021-10-28,13.28,2.9682,0.07530120481927711,0.029682,2.536931635984001,0.7832704679667685,2.2398642473102512,0.37926540170074863,0,中性,2021-10-29
2021-10-29,13.41,2.9732,0.07457121551081282,0.029731999999999998,2.5081129930987767,0.7074005229564034,2.239835697569669,0.3792438467643619,0,中性,2021-11-01
2021-11-01,13.2,2.9435,0.07575757575757576,0.029435,2.573724333534084,0.8802604871371624,2.239867657114311,0.37927031974996667,0,中性,2021-11-02
2021-11-02,13.08,2.9259,0.0764525993883792,0.029259,2.6129600939327795,0.9833005722618807,2.239952752927626,0.37934213762036834,0,中性,2021-11-03
2021-11-03,13.05,2.9385,0.07662835249042145,0.029384999999999998,2.6077370253674137,0.9690748590869449,2.2400498691249546,0.3794207978823134,0,中性,2021-11-04
2021-11-04,13.16,2.9261,0.07598784194528875,0.029261,2.596898326963834,0.9401257333548187,2.2401325287875236,0.37948732336386476,0,中性,2021-11-05
2021-11-05,13.06,2.8911,0.07656967840735068,0.028911,2.6484617760489324,1.0754456674906168,2.2402398978930855,0.37958391622737053,0,中性,2021-11-08
2021-11-08,13.07,2.9013,0.07651109410864575,0.029013,2.63713142758921,1.0451902978327048,2.2403186036890372,0.3796560537569086,0,中性,2021-11-09
2021-11-09,13.09,2.8988,0.07639419404125286,0.028988,2.6353730523407224,1.040262685528403,2.2403752065840634,0.37970971299044454,0,中性,2021-11-10
2021-11-10,13.02,2.9139,0.07680491551459294,0.029138999999999998,2.635811644689006,1.041222416171068,2.240411886026257,0.37974572245262395,0,中性,2021-11-11
2021-11-11,13.2,2.9365,0.07575757575757576,0.029365000000000002,2.579859552445965,0.8938412386685066,2.2404204362781583,0.3797532508943596,0,中性,2021-11-12
2021-11-12,13.18,2.9391,0.07587253414264036,0.029390999999999997,2.5814886918662303,0.8981605145473882,2.2404143144170185,0.37974768643786355,0,中性,2021-11-15
2021-11-15,13.14,2.9269,0.076103500761035,0.029269,2.600140105949469,0.9471787490455728,2.2404340522832205,0.37976575596602774,0,中性,2021-11-16
2021-11-16,13.13,2.9244,0.07616146230007616,0.029244,2.6043449015208644,0.9580887094355763,2.240467033543105,0.3797955913624377,0,中性,2021-11-17
2021-11-17,13.16,2.9295,0.07598784194528875,0.029295,2.593884346997397,0.9305049412980123,2.2404754705410292,0.37980333125730475,0,中性,2021-11-18
2021-11-18,13.07,2.9146,0.07651109410864575,0.029146000000000002,2.625097581439846,1.0127584624046564,2.2404623251580014,0.3797897233744961,0,中性,2021-11-19
2021-11-19,13.21,2.9302,0.07570022710068129,0.029302,2.58344915366464,0.9032633626797076,2.2404284114042725,0.3797571743004491,0,中性,2021-11-22
2021-11-22,13.29,2.8876,0.07524454477050414,0.028876,2.6057814368508154,0.9621436131855264,2.240414089899637,0.37974304661390096,0,中性,2021-11-23
2021-11-23,13.3,2.8875,0.07518796992481203,0.028875,2.6039123783484683,0.9572492381704373,2.2404086611563203,0.3797377973231947,0,中性,2021-11-24
2021-11-24,13.31,2.86,0.07513148009015777,0.0286,2.6269748283271945,1.0178912565780573,2.2404257820778204,0.379754756464726,0,中性,2021-11-25
2021-11-25,13.26,2.855,0.07541478129713423,0.02855,2.641498469251637,1.0560546358149012,2.2404405712116584,0.37977002745743693,0,中性,2021-11-26
2021-11-26,13.17,2.82,0.07593014426727411,0.0282,2.692558307350146,1.1900711761815241,2.2405127873456068,0.37984746547259246,0,中性,2021-11-29
2021-11-29,13.16,2.825,0.07598784194528875,0.02825,2.6898351131075664,1.1823971098753883,2.2405987020432776,0.3799370002787248,0,中性,2021-11-30
2021-11-30,13.13,2.825,0.07616146230007616,0.02825,2.695980966374377,1.1980704043303811,2.2406828024387955,0.3800262173991805,0,中性,2021-12-01
2021-12-01,13.18,2.8401,0.07587253414264036,0.028401,2.671474037626857,1.1332317131101197,2.2407442894774436,0.38008974084151675,0,中性,2021-12-02
2021-12-02,13.21,2.8601,0.07570022710068129,0.028601,2.6467685430817554,1.0681194509656713,2.2407647116929033,0.38011088649475483,0,中性,2021-12-03
2021-12-03,13.33,2.8701,0.07501875468867217,0.028700999999999997,2.613802818322434,0.9812520583324984,2.2407926045551716,0.38013700007023826,0,中性,2021-12-06
2021-12-06,13.29,2.8176,0.07524454477050414,0.028176,2.670519050628341,1.1301721863340601,2.240841128334295,0.3801880169143011,0,中性,2021-12-07
2021-12-07,13.34,2.8451,0.07496251874062969,0.028451,2.6347938118389402,1.0361512692131436,2.240851036565537,0.3801981303102245,0,中性,2021-12-08
2021-12-08,13.5,2.8551,0.07407407407407407,0.028551000000000003,2.5944476226427815,0.9301564025929169,2.2408262749949976,0.3801740725129925,0,中性,2021-12-09
2021-12-09,13.67,2.8526,0.07315288953913679,0.028526,2.5644285753045217,0.8512614183776626,2.2408118259415337,0.3801614197196181,0,中性,2021-12-10
2021-12-10,13.61,2.8426,0.07347538574577517,0.028426,2.5847951082028837,0.9047568326293276,2.240828341475105,0.38017592608631817,0,中性,2021-12-13
2021-12-13,14.43,2.8552,0.0693000693000693,0.028552,2.427152889467263,0.49042524421410594,2.2407346475440573,0.3801155102077508,0,中性,2021-12-14
2021-12-14,14.33,2.8477,0.06978367062107467,0.028477000000000002,2.4505274650094697,0.5522603308834315,2.240641199166836,0.38004950583158126,0,中性,2021-12-15
2021-12-15,14.24,2.8502,0.0702247191011236,0.028502,2.463852329700498,0.5877434937676931,2.2405307037028868,0.3799644374895961,0,中性,2021-12-16
2021-12-16,14.35,2.8577,0.06968641114982578,0.028576999999999998,2.438548873213626,0.5215814184797147,2.2404112472085354,0.37987861335745876,0,中性,2021-12-17
2021-12-17,14.17,2.8512,0.07057163020465773,0.028512,2.4751553803541575,0.6182566113308633,2.24033045865723,0.37981789016609413,0,中性,2021-12-20
2021-12-20,13.98,2.8533,0.07153075822603719,0.028533,2.506948383487092,0.7022600803797207,2.2402587645391896,0.3797590471092987,0,中性,2021-12-21
2021-12-21,14.09,2.8508,0.07097232079488999,0.028508,2.48955804668479,0.6567651344178712,2.2401839119683795,0.37970062911065633,0,中性,2021-12-22
2021-12-22,14.1,2.8303,0.07092198581560284,0.028303,2.5058116035615603,0.699838488452119,2.2401190968860343,0.37964832037628626,0,中性,2021-12-23
2021-12-23,14.19,2.8143,0.07047216349541931,0.028142999999999998,2.5040743167188753,0.6954844715167078,2.2400645910082537,0.3796054930383578,0,中性,2021-12-24
2021-12-24,14.12,2.8203,0.0708215297450425,0.028203,2.5111346220275323,0.7141930013200244,2.2400376446696884,0.37958503773739377,0,中性,2021-12-27
2021-12-27,14.11,2.8128,0.07087172218284904,0.028128,2.519614696489229,0.7366661860582875,2.2400057747950823,0.37955986983773854,0,中性,2021-12-28
2021-12-28,14.17,2.8004,0.07057163020465773,0.028003999999999998,2.5200553565439843,0.7377813977439913,2.240017120769121,0.3795680355064145,0,中性,2021-12-29
2021-12-29,14.01,2.7854,0.07137758743754462,0.027854,2.5625614790530844,0.8494468568255017,2.240092244104657,0.379622612476946,0,中性,2021-12-30
2021-12-30,14.09,2.7654,0.07097232079488999,0.027654,2.5664396034891874,0.8591771117293323,2.240209397096958,0.37970076476502096,0,中性,2021-12-31
2021-12-31,14.14,2.7754,0.07072135785007072,0.027753999999999997,2.548150099087365,0.8106171675150569,2.2403067560037027,0.3797641543015364,0,中性,2022-01-04
2022-01-04,14.11,2.7855,0.07087172218284904,0.027854999999999998,2.544308820062791,0.8000885879558214,2.240411272074895,0.3798298745446878,0,中性,2022-01-05
2022-01-05,13.98,2.8045,0.07153075822603719,0.028045,2.550570804993303,0.8160379946992155,2.240548896150435,0.3799111203849514,0,中性,2022-01-06
2022-01-06,13.89,2.8205,0.07199424046076314,0.028205,2.552534673311935,0.8207352501305591,2.240667317003063,0.3799853317610783,0,中性,2022-01-07
2022-01-07,13.91,2.8181,0.07189072609633357,0.028180999999999998,2.551035310895056,0.8162840202640358,2.2407958228437828,0.3800631647192151,0,中性,2022-01-10
2022-01-10,13.96,2.8056,0.07163323782234957,0.028056,2.5532234752762175,0.8215101862847144,2.2409310656330836,0.3801442938346005,0,中性,2022-01-11
2022-01-11,13.83,2.7957,0.07230657989877079,0.027957,2.586349747783052,0.908030145161966,2.2410781687013066,0.38024241917668844,0,中性,2022-01-12
2022-01-12,13.94,2.7957,0.07173601147776183,0.027957,2.5659409621118803,0.8538037197361417,2.241215002990454,0.3803285832741266,0,中性,2022-01-13
2022-01-13,13.75,2.7858,0.07272727272727272,0.027858,2.6106422832677407,0.9704901781092503,2.241412981192878,0.3804565057981429,0,中性,2022-01-14
2022-01-14,13.62,2.7935,0.07342143906020558,0.027934999999999998,2.6282956527727075,1.0159530372960062,2.2416255028504533,0.3805984486757283,0,中性,2022-01-17
2022-01-17,13.7,2.786,0.07299270072992702,0.02786,2.6199820793225777,0.9930999995634592,2.2418665344230977,0.38074266948513713,0,中性,2022-01-18
2022-01-18,13.82,2.7415,0.0723589001447178,0.027415,2.6393908497070147,1.0429019417233745,2.2421433511867406,0.380905895969309,0,中性,2022-01-19
2022-01-19,13.75,2.7314,0.07272727272727272,0.027313999999999998,2.6626372090236776,1.1025233640386565,2.2424749315035792,0.3810914954046876,0,中性,2022-01-20
2022-01-20,13.81,2.7271,0.0724112961622013,0.027271,2.6552490250523006,1.0818106098936628,2.242787327892611,0.38126978362712916,0,中性,2022-01-21
2022-01-21,13.68,2.71,0.07309941520467836,0.0271,2.6973953950065814,1.1907631299429329,2.2431357241516925,0.38148617422900827,0,中性,2022-01-24
2022-01-24,13.7,2.6751,0.07299270072992702,0.026751,2.7285970890780535,1.270642525392737,2.2435523460771596,0.38173186660109126,0,中性,2022-01-25
2022-01-25,13.36,2.6979,0.07485029940119761,0.026979000000000003,2.7743911709550986,1.3883671707316092,2.243998467306742,0.38202624984921135,0,中性,2022-01-26
2022-01-26,13.46,2.7146,0.07429420505200594,0.027146,2.736838025934058,1.2881498915235186,2.2444037318126413,0.38228027449430263,0,中性,2022-01-27
2022-01-27,13.22,2.7348,0.075642965204236,0.027347999999999997,2.7659413925784704,1.3620989641041636,2.244852579675757,0.38256310784688635,0,中性,2022-01-28
2022-01-28,13.07,2.7021,0.07651109410864575,0.027021000000000003,2.8315419158671307,1.530782649786609,2.2453783649840404,0.3829175559082809,1,看多：股权风险溢价高于1.5个标准差,2022-02-07
2022-02-07,13.33,2.7256,0.07501875468867217,0.027256,2.752375795739366,1.3218896916928091,2.2458582154527464,0.38317688947099243,0,中性,2022-02-08
2022-02-08,13.35,2.7227,0.0749063670411985,0.027227,2.751179602644379,1.3166204527758103,2.2463449848419055,0.3834321552108191,0,中性,2022-02-09
2022-02-09,13.47,2.7328,0.07423904974016332,0.027328,2.716592862271784,1.224458905980115,2.2468436979557125,0.3836381621480895,0,中性,2022-02-10
2022-02-10,13.46,2.7328,0.07429420505200594,0.027328,2.7186111333433085,1.2277867382433407,2.247320257245989,0.3838540207492549,0,中性,2022-02-11
2022-02-11,13.38,2.7891,0.07473841554559042,0.027891,2.679660662779765,1.1245964007492326,2.2477883063279944,0.3840243096670477,0,中性,2022-02-14
2022-02-14,13.23,2.8018,0.07558578987150416,0.028018,2.6977582222679763,1.1698830338518484,2.248282552774294,0.38420564833202203,0,中性,2022-02-15
2022-02-15,13.32,2.7968,0.07507507507507508,0.027968000000000003,2.6843204760824895,1.1331968404818369,2.248735839945563,0.38438567826549486,0,中性,2022-02-16
2022-02-16,13.37,2.7892,0.07479431563201197,0.027892,2.681568752044026,1.124432644837726,2.2491399781252235,0.38457507962267423,0,中性,2022-02-17
2022-02-17,13.38,2.7799,0.07473841554559042,0.027799,2.6885289235436676,1.1409316178137865,2.2495286052541594,0.3847735582354228,0,中性,2022-02-18
2022-02-18,13.46,2.7975,0.07429420505200594,0.027975,2.655735658695476,1.0543096288859566,2.249886240945394,0.3849432905008423,0,中性,2022-02-21
2022-02-21,13.43,2.83,0.07446016381236038,0.028300000000000002,2.631101194783052,0.9890577339383376,2.2502223076877366,0.3850926735881135,0,中性,2022-02-22
2022-02-22,13.28,2.82,0.07530120481927711,0.0282,2.670255490045288,1.0893363595166814,2.250560467341048,0.3852758783250848,0,中性,2022-02-23
2022-02-23,13.4,2.79,0.07462686567164178,0.0279,2.6747980527470174,1.0998373416841596,2.2508552972474294,0.38545950335748075,0,中性,2022-02-24
2022-02-24,13.16,2.7875,0.07598784194528875,0.027875,2.726021235705426,1.2311644966982036,2.2511758316869788,0.38568802567968025,0,中性,2022-02-25
2022-02-25,13.25,2.775,0.07547169811320754,0.02775,2.71970083290838,1.213053216477094,2.251565075251469,0.38591526843022966,0,中性,2022-02-28
2022-02-28,13.3,2.775,0.07518796992481203,0.02775,2.70947639368692,1.1847840462203918,2.2520025083710724,0.38612427874535116,0,中性,2022-03-01
2022-03-01,13.39,2.8025,0.07468259895444361,0.028025,2.6648563409257306,1.0676887544299556,2.252420785706189,0.386288188864313,0,中性,2022-03-02
2022-03-02,13.31,2.8175,0.07513148009015777,0.028175,2.666600890511367,1.0706834454166136,2.2528285824241117,0.38645624891141617,0,中性,2022-03-03
2022-03-03,13.28,2.83,0.07530120481927711,0.028300000000000002,2.660819958278343,1.05425133269261,2.253224708293005,0.3866205688773658,0,中性,2022-03-04
2022-03-04,13.13,2.8125,0.07616146230007616,0.028125,2.7079631040027077,1.174436714188482,2.2536604348174354,0.386826010884025,0,中性,2022-03-07
2022-03-07,12.79,2.8126,0.07818608287724786,0.028126,2.779850774274616,1.3580225744717593,2.254155984067338,0.3871031307500625,0,中性,2022-03-08
2022-03-08,12.5,2.8276,0.08,0.028276,2.8292544914415054,1.483019481828314,2.2546747557185136,0.3874391016189696,0,中性,2022-03-09
2022-03-09,12.35,2.8426,0.08097165991902834,0.028426,2.848506997784716,1.5299050898495012,2.2552162300018397,0.3877957996997312,1,看多：股权风险溢价高于1.5个标准差,2022-03-10
2022-03-10,12.5,2.8502,0.08,0.028502,2.8068205739948073,1.419937302011255,2.255748505210228,0.38809605748367854,0,中性,2022-03-11
2022-03-11,12.51,2.7902,0.07993605115907275,0.027902,2.8648860712161404,1.5665564476872242,2.2563410516679734,0.38846032037121203,1,看多：股权风险溢价高于1.5个标准差,2022-03-14
2022-03-14,12.17,2.7677,0.08216926869350863,0.027677,2.968864714149244,1.8301059096798413,2.257020969886577,0.38896314169445906,1,看多：股权风险溢价高于1.5个标准差,2022-03-15
2022-03-15,11.59,2.8177,0.08628127696289906,0.028176999999999997,3.0621172219504937,2.064490025529688,2.257765668710922,0.38961270981834767,1,看多：股权风险溢价高于1.5个标准差,2022-03-16
2022-03-16,12.0,2.7952,0.08333333333333333,0.027951999999999998,2.9813012783819883,1.852839894433437,2.2584487834083165,0.3901321949863921,1,看多：股权风险溢价高于1.5个标准差,2022-03-17
2022-03-17,12.19,2.7876,0.08203445447087777,0.027875999999999998,2.9428344981660848,1.7504893641981805,2.2591064019354232,0.3905925452702458,1,看多：股权风险溢价高于1.5个标准差,2022-03-18
2022-03-18,12.35,2.7927,0.08097165991902834,0.027927,2.8994041579485206,1.6360065896391491,2.2597538071067365,0.3909827471922779,1,看多：股权风险溢价高于1.5个标准差,2022-03-21
2022-03-21,12.34,2.8127,0.08103727714748785,0.028127,2.881120530006323,1.586122738441104,2.26042459541296,0.39132906902488795,1,看多：股权风险溢价高于1.5个标准差,2022-03-22
2022-03-22,12.35,2.8302,0.08097165991902834,0.028302,2.8609872065235087,1.531746753104912,2.261088261249783,0.3916436865674475,1,看多：股权风险溢价高于1.5个标准差,2022-03-23
2022-03-23,12.41,2.8302,0.08058017727639001,0.028302,2.8471548751462796,1.493627053117191,2.2617677458342595,0.39192322346486735,0,中性,2022-03-24
2022-03-24,12.35,2.8052,0.08097165991902834,0.028052,2.886484383253541,1.5908529398483935,2.262515669544657,0.39222274924314976,1,看多：股权风险溢价高于1.5个标准差,2022-03-25
2022-03-25,12.18,2.7972,0.08210180623973727,0.027972,2.9351425082131155,1.7113197806912945,2.2632975726715046,0.3925887745364671,1,看多：股权风险溢价高于1.5个标准差,2022-03-28
2022-03-28,12.16,2.7903,0.08223684210526316,0.027902999999999997,2.9472401571609925,1.7384261644578203,2.2640820720705856,0.3929750363044438,1,看多：股权风险溢价高于1.5个标准差,2022-03-29
2022-03-29,12.16,2.7853,0.08223684210526316,0.027853,2.952530862214597,1.74813035391477,2.2648579468940975,0.3933762226486841,1,看多：股权风险溢价高于1.5个标准差,2022-03-30
2022-03-30,12.39,2.7703,0.08071025020177562,0.027703000000000002,2.9134119121313797,1.6453543635125554,2.2656179971112826,0.393710880394887,1,看多：股权风险溢价高于1.5个标准差,2022-03-31
2022-03-31,12.37,2.7878,0.08084074373484236,0.027878,2.8998042806098847,1.607603538080902,2.2663696578337036,0.39402415320157363,1,看多：股权风险溢价高于1.5个标准差,2022-04-01
2022-04-01,12.48,2.7743,0.08012820512820512,0.027743000000000004,2.888231450391274,1.5751601937613218,2.2671092051088504,0.39432322359495825,1,看多：股权风险溢价高于1.5个标准差,2022-04-06
2022-04-06,12.48,2.7604,0.08012820512820512,0.027604000000000004,2.9027751459283113,1.6088455674318307,2.2678549593389357,0.39464333895197073,1,看多：股权风险溢价高于1.5个标准差,2022-04-07
2022-04-07,12.31,2.7394,0.08123476848090982,0.027393999999999998,2.965421934763446,1.7637579141511357,2.268632740860476,0.3950594286848725,1,看多：股权风险溢价高于1.5个标准差,2022-04-08
2022-04-08,12.38,2.7529,0.08077544426494346,0.027528999999999998,2.934194640740436,1.6812218228727234,2.2693617616147916,0.3954462582395205,1,看多：股权风险溢价高于1.5个标准差,2022-04-11
2022-04-11,12.05,2.768,0.08298755186721991,0.027679999999999996,2.9981051975151707,1.8386554026766662,2.270139147108848,0.39592304754146357,1,看多：股权风险溢价高于1.5个标准差,2022-04-12
2022-04-12,12.24,2.7705,0.08169934640522876,0.027705,2.948902595388152,1.7107725538318332,2.2708923793271625,0.39631815143536436,1,看多：股权风险溢价高于1.5个标准差,2022-04-13
2022-04-13,12.15,2.7631,0.0823045267489712,0.027631000000000003,2.978702426585038,1.782046083172844,2.271665210551377,0.39675585424526,1,看多：股权风险溢价高于1.5个标准差,2022-04-14
2022-04-14,12.29,2.7656,0.08136696501220506,0.027656,2.9421089460589043,1.6863019495954792,2.272397255662678,0.39714814452825664,1,看多：股权风险溢价高于1.5个标准差,2022-04-15
2022-04-15,12.23,2.7578,0.08176614881439084,0.027578000000000002,2.9649049537454073,1.7399660615225445,2.2731553489678307,0.3975649985794931,1,看多：股权风险溢价高于1.5个标准差,2022-04-18
2022-04-18,12.15,2.8107,0.0823045267489712,0.028107000000000004,2.928257257941836,1.6444404070715493,2.2738700242066434,0.3979391596807923,1,看多：股权风险溢价高于1.5个标准差,2022-04-19
2022-04-19,12.13,2.8208,0.08244023083264633,0.028208,2.922583339217468,1.6269048545079163,2.274583719327066,0.39830209990147186,1,看多：股权风险溢价高于1.5个标准差,2022-04-20
2022-04-20,11.94,2.833,0.08375209380234507,0.02833,2.956304052324217,1.707969098211898,2.2753437790308406,0.3986958979564004,1,看多：股权风险溢价高于1.5个标准差,2022-04-21
2022-04-21,11.72,2.8259,0.08532423208191126,0.028259,3.019364877805699,1.861854065577083,2.2761557325653228,0.3991769059569221,1,看多：股权风险溢价高于1.5个标准差,2022-04-22
2022-04-22,11.76,2.8409,0.08503401360544217,0.028409,2.9932068571735075,1.7923649639490533,2.276947831887685,0.399616729679716,1,看多：股权风险溢价高于1.5个标准差,2022-04-25
2022-04-25,11.2,2.816,0.08928571428571429,0.028159999999999998,3.1706574675324677,2.230055387793213,2.2778903257585026,0.4003340664365368,1,看多：股权风险溢价高于1.5个标准差,2022-04-26
2022-04-26,11.09,2.826,0.09017132551848513,0.02826,3.1907758499110095,2.2736639913829872,2.2788544967234574,0.4010800877542435,1,看多：股权风险溢价高于1.5个标准差,2022-04-27
2022-04-27,11.35,2.8411,0.0881057268722467,0.028411,3.1011131910966423,2.044914610461483,2.2797645258756356,0.4016542602899444,1,看多：股权风险溢价高于1.5个标准差,2022-04-28
2022-04-28,11.38,2.8486,0.08787346221441124,0.028485999999999997,3.0847947136983516,1.999330268969768,2.280653832297669,0.4022051253268161,1,看多：股权风险溢价高于1.5个标准差,2022-04-29
2022-04-29,11.69,2.8386,0.0855431993156544,0.028386,3.0135700456441343,1.818189150896429,2.2814863900616946,0.4026443867083343,1,看多：股权风险溢价高于1.5个标准差,2022-05-05
2022-05-05,11.64,2.8282,0.0859106529209622,0.028281999999999998,3.037644187856665,1.8736629097860937,2.2823367607713827,0.40311809725235576,1,看多：股权风险溢价高于1.5个标准差,2022-05-06
2022-05-06,11.37,2.8273,0.08795074758135445,0.028273000000000003,3.110768138554608,2.0498115510816213,2.283236336093182,0.4037111616552083,1,看多：股权风险溢价高于1.5个标准差,2022-05-09
2022-05-09,11.33,2.8154,0.088261253309797,0.028154,3.1349454184058043,2.104132287473675,2.2841512683440914,0.4043444203231244,1,看多：股权风险溢价高于1.5个标准差,2022-05-10
2022-05-10,11.44,2.8089,0.08741258741258742,0.028089,3.1119864506599533,2.042129393228666,2.2850347860727855,0.40494577245163343,1,看多：股权风险溢价高于1.5个标准差,2022-05-11
2022-05-11,11.56,2.824,0.08650519031141868,0.028239999999999998,3.06321495437035,1.9171274707434025,2.285866613230429,0.40547556331165063,1,看多：股权风险溢价高于1.5个标准差,2022-05-12
2022-05-12,11.53,2.8055,0.08673026886383348,0.028055,3.091437136475975,1.9818307857892772,2.2867218484847336,0.40604641615290993,1,看多：股权风险溢价高于1.5个标准差,2022-05-13
2022-05-13,11.63,2.814,0.08598452278589853,0.028140000000000002,3.0555978246587965,1.8891493440540195,2.2875548925878015,0.40655490498322033,1,看多：股权风险溢价高于1.5个标准差,2022-05-16
2022-05-16,11.56,2.8216,0.08650519031141868,0.028216,3.065820467515547,1.9097672454542973,2.2883849753280026,0.4070838967617792,1,看多：股权风险溢价高于1.5个标准差,2022-05-17
2022-05-17,11.67,2.8178,0.0856898029134533,0.028178,3.041017918711523,1.8446332266728909,2.2891978918096805,0.4075715519110959,1,看多：股权风险溢价高于1.5个标准差,2022-05-18
2022-05-18,11.63,2.7801,0.08598452278589853,0.027801,3.092857191680103,1.966993654857804,2.2900347980889926,0.4081469157810512,1,看多：股权风险溢价高于1.5个标准差,2022-05-19
2022-05-19,11.65,2.7774,0.08583690987124463,0.027774,3.0905490700383322,1.9565592849819449,2.2908549214549407,0.4087247213624662,1,看多：股权风险溢价高于1.5个标准差,2022-05-20
2022-05-20,11.85,2.79,0.08438818565400844,0.0279,3.0246661524734204,1.791401332284837,2.2916267833274433,0.40919885228120517,1,看多：股权风险溢价高于1.5个标准差,2022-05-23
2022-05-23,11.82,2.7675,0.08460236886632826,0.027675,3.056996164998311,1.866091606514498,2.292426881054578,0.4097169084704271,1,看多：股权风险溢价高于1.5个标准差,2022-05-24
2022-05-24,11.56,2.765,0.08650519031141868,0.02765,3.1285783114437136,2.0355915595695238,2.293281809924304,0.4103458267905442,1,看多：股权风险溢价高于1.5个标准差,2022-05-25
2022-05-25,11.66,2.7575,0.08576329331046312,0.027575,3.1101828943050998,1.9858312903172173,2.2941311236424826,0.41093710963344765,1,看多：股权风险溢价高于1.5个标准差,2022-05-26
2022-05-26,11.71,2.71,0.08539709649871904,0.0271,3.1511843726464592,2.080181079183318,2.2950547331363307,0.4115649584920973,1,看多：股权风险溢价高于1.5个标准差,2022-05-27
2022-05-27,11.73,2.6974,0.08525149190110827,0.026974,3.16050611333537,2.097312298153057,2.295991397948285,0.4122012330487916,1,看多：股权风险溢价高于1.5个标准差,2022-05-30
2022-05-30,11.8,2.7225,0.0847457627118644,0.027225000000000003,3.1127920188012634,1.9767103061158373,2.2968861399758147,0.41275946015006804,1,看多：股权风险溢价高于1.5个标准差,2022-05-31
2022-05-31,11.95,2.7426,0.08368200836820085,0.027426,3.0511926043973183,1.8233898556803867,2.297739135674799,0.4132157839834931,1,看多：股权风险溢价高于1.5个标准差,2022-06-01
2022-06-01,11.93,2.7551,0.08382229673093043,0.027551000000000003,3.0424411720420466,1.7982558845495056,2.2985985882751945,0.41364668407755417,1,看多：股权风险溢价高于1.5个标准差,2022-06-02
2022-06-02,11.95,2.7601,0.08368200836820085,0.027601,3.0318469754067188,1.768821025290763,2.2994520387263404,0.41405824908712036,1,看多：股权风险溢价高于1.5个标准差,2022-06-06
2022-06-06,12.13,2.7776,0.08244023083264633,0.027776000000000002,2.968038264424191,1.611519869321991,2.300254545161214,0.4143813129303401,1,看多：股权风险溢价高于1.5个标准差,2022-06-07
2022-06-07,12.16,2.7576,0.08223684210526316,0.027576,2.982188936222192,1.6423622362444574,2.3010728024031875,0.4147173618509966,1,看多：股权风险溢价高于1.5个标准差,2022-06-08
2022-06-08,12.27,2.7661,0.08149959250203749,0.027660999999999998,2.9463718774461336,1.5530270548972211,2.301879985692896,0.41499076897658405,1,看多：股权风险溢价高于1.5个标准差,2022-06-09
2022-06-09,12.16,2.7576,0.08223684210526316,0.027576,2.982188936222192,1.6360574865541342,2.3027031816641443,0.41531899712716164,1,看多：股权风险溢价高于1.5个标准差,2022-06-10
2022-06-10,12.35,2.7526,0.08097165991902834,0.027526000000000002,2.9416428074921286,1.5355026084248233,2.3034814110745923,0.4156042411886141,1,看多：股权风险溢价高于1.5个标准差,2022-06-13
2022-06-13,12.38,2.7652,0.08077544426494346,0.027652,2.9211429287192052,1.4834261692277941,2.3042544374670113,0.41585385511522877,0,中性,2022-06-14
2022-06-14,12.51,2.7702,0.07993605115907275,0.027702,2.8855696758022074,1.3954113051916268,2.3050231173520546,0.41603974132231103,0,中性,2022-06-15
2022-06-15,12.61,2.7827,0.07930214115781127,0.027827,2.849827187904239,1.307262823735779,2.3057623442021136,0.41618627396390395,0,中性,2022-06-16
2022-06-16,12.51,2.7728,0.07993605115907275,0.027728000000000003,2.882863933896161,1.3841900554224922,2.306505989095308,0.4163864221845842,0,中性,2022-06-17
2022-06-17,12.64,2.7752,0.0791139240506329,0.027752,2.850746758814965,1.3048193776947508,2.3072280362400974,0.4165470959935562,0,中性,2022-06-20
2022-06-20,12.65,2.7853,0.07905138339920949,0.027853,2.8381640541130038,1.2724546454453274,2.3079346808168473,0.41669805300650964,0,中性,2022-06-21
2022-06-21,12.63,2.7853,0.0791765637371338,0.027853,2.842658375655542,1.281059018246145,2.3086195488715666,0.41687293026913774,0,中性,2022-06-22
2022-06-22,12.47,2.7773,0.08019246190858059,0.027773,2.8874252658546284,1.3859798634162357,2.309324005716355,0.4171065362474597,0,中性,2022-06-23
2022-06-23,12.67,2.7803,0.07892659826361484,0.027803,2.8387799253179455,1.267208324180773,2.3099987533541912,0.41728038071845974,0,中性,2022-06-24
2022-06-24,12.78,2.7978,0.0782472613458529,0.027978,2.7967424885929266,1.1645599468641783,2.310651036513027,0.4174035466261766,0,中性,2022-06-27
2022-06-27,12.89,2.8329,0.07757951900698215,0.028329,2.7385195032292757,1.023449120053745,2.311249999345436,0.4174799660401315,0,中性,2022-06-28
2022-06-28,13.0,2.8414,0.07692307692307693,0.028414000000000002,2.707224499298829,0.9469912905702651,2.311833717183794,0.417523145199082,0,中性,2022-06-29
2022-06-29,12.83,2.8294,0.0779423226812159,0.028294,2.754729719418106,1.0590731782159395,2.3124666450490325,0.4175944433925589,0,中性,2022-06-30
2022-06-30,12.97,2.8205,0.07710100231303006,0.028205,2.733593416522959,1.0068511667755484,2.31309826750089,0.41763386972943517,0,中性,2022-07-01
2022-07-01,12.93,2.8255,0.07733952049497293,0.028255,2.7371976816483077,1.0138655809767327,2.313719287460768,0.41768692234287236,0,中性,2022-07-04
2022-07-04,13.02,2.8445,0.07680491551459294,0.028445,2.700120074339706,0.9236210385162239,2.314328193272573,0.4176949906716056,0,中性,2022-07-05
2022-07-05,13.0,2.8333,0.07692307692307693,0.028333,2.7149640674505675,0.9576353800372311,2.314936250283771,0.41772455937378195,0,中性,2022-07-06
2022-07-06,12.82,2.8356,0.078003120124805,0.028356,2.7508506180281067,1.0418747153839423,2.3155882494319635,0.4177684343128955,0,中性,2022-07-07
2022-07-07,12.86,2.8356,0.07776049766718507,0.028356,2.742294317505469,1.0197617416910945,2.316235538179774,0.4178022786177012,0,中性,2022-07-08
2022-07-08,12.8,2.8384,0.078125,0.028384,2.7524309470124013,1.0423554596924627,2.3168713796763654,0.41786087777056763,0,中性,2022-07-11
2022-07-11,12.62,2.8266,0.0792393026941363,0.028266,2.803343334541014,1.1622919506356395,2.3175555115814817,0.41795679880073366,0,中性,2022-07-12
2022-07-12,12.5,2.8117,0.08,0.028117,2.8452537610698156,1.2604467478973462,2.3182892074412504,0.41807760185635584,0,中性,2022-07-13
2022-07-13,12.51,2.8067,0.07993605115907275,0.028067,2.848044007520317,1.2649944617987332,2.319033591505837,0.4181918830397602,0,中性,2022-07-14
2022-07-14,12.49,2.7907,0.08006405124099279,0.027907,2.868959445336037,1.312763725458355,2.3197905939458097,0.4183303063150101,0,中性,2022-07-15
2022-07-15,12.28,2.7857,0.08143322475570033,0.027857,2.9232589566608156,1.4399913278122505,2.320609296093043,0.4185092291377656,0,中性,2022-07-18
2022-07-18,12.44,2.7837,0.08038585209003216,0.027837,2.887734026297092,1.3527747922399707,2.3214006192982986,0.4186457422532537,0,中性,2022-07-19
2022-07-19,12.41,2.7859,0.08058017727639001,0.027859,2.892428919788579,1.3616239610406764,2.3221831569641713,0.41879827260719915,0,中性,2022-07-20
2022-07-20,12.48,2.771,0.08012820512820512,0.02771,2.891671062006681,1.3574621358854253,2.322967206353154,0.41894638577346477,0,中性,2022-07-21
2022-07-21,12.34,2.7635,0.08103727714748785,0.027635,2.9324145882933905,1.4521017031562633,2.3237870106759013,0.41913564063356357,0,中性,2022-07-22
2022-07-22,12.32,2.787,0.08116883116883117,0.02787,2.9124087251105553,1.4018879752373312,2.324574861728798,0.4193158610139592,0,中性,2022-07-25
2022-07-25,12.26,2.779,0.08156606851549755,0.02779,2.935087028265475,1.4533566268719893,2.32539683425165,0.419504877702344,0,中性,2022-07-26
2022-07-26,12.35,2.77,0.08097165991902834,0.0277,2.9231646180154636,1.4224341767242163,2.326230106749178,0.419657036532257,0,中性,2022-07-27
2022-07-27,12.29,2.7701,0.08136696501220506,0.027700999999999996,2.9373295192305355,1.4536099955945785,2.3270839930848672,0.41981379324242746,0,中性,2022-07-28
2022-07-28,12.3,2.785,0.08130081300813008,0.02785,2.9192392462524266,1.4080676446536193,2.3279223229143144,0.4199492301263512,0,中性,2022-07-29
2022-07-29,12.15,2.756,0.0823045267489712,0.027559999999999998,2.986376151994601,1.565008444915408,2.328809350768542,0.42016821274188193,1,看多：股权风险溢价高于1.5个标准差,2022-08-01
2022-08-01,12.21,2.7292,0.0819000819000819,0.027292,3.000882379454855,1.5965026967112543,2.3297093780089386,0.4204020468167775,1,看多：股权风险溢价高于1.5个标准差,2022-08-02
2022-08-02,11.97,2.7314,0.0835421888053467,0.027313999999999998,3.058584931000465,1.7301787775994535,2.330624203026969,0.4207430685189131,1,看多：股权风险溢价高于1.5个标准差,2022-08-03
2022-08-03,11.86,2.7218,0.08431703204047218,0.027218,3.097840842107142,1.819540046350974,2.331578018761761,0.42112995802543346,1,看多：股权风险溢价高于1.5个标准差,2022-08-04
2022-08-04,11.97,2.7192,0.0835421888053467,0.027191999999999997,3.07230762008483,1.7552438729415905,2.3325116279670284,0.4214776097625609,1,看多：股权风险溢价高于1.5个标准差,2022-08-05
2022-08-05,12.12,2.7339,0.08250825082508251,0.027339000000000002,3.0179688659088666,1.6231334636846386,2.3333829088557443,0.42176812466120883,1,看多：股权风险溢价高于1.5个标准差,2022-08-08
2022-08-08,12.12,2.7409,0.08250825082508251,0.027409,3.0102612581663872,1.601741678787041,2.334241447438435,0.4220529562793702,1,看多：股权风险溢价高于1.5个标准差,2022-08-09
2022-08-09,12.14,2.74,0.08237232289950576,0.0274,3.0062891569162686,1.5893044751960006,2.3351310501664737,0.422296745038124,1,看多：股权风险溢价高于1.5个标准差,2022-08-10
2022-08-10,12.03,2.7366,0.0831255195344971,0.027366,3.0375473044835597,1.660063311383758,2.3360542139425218,0.42257008255685335,1,看多：股权风险溢价高于1.5个标准差,2022-08-11
2022-08-11,12.26,2.7317,0.08156606851549755,0.027317,2.985908720412108,1.5350325500402322,2.3369377681008348,0.422773414345034,1,看多：股权风险溢价高于1.5个标准差,2022-08-12
2022-08-12,12.23,2.7347,0.08176614881439084,0.027347,2.989949494072141,1.541742155982208,2.3378257669025455,0.4229784627988867,1,看多：股权风险溢价高于1.5个标准差,2022-08-15
2022-08-15,12.21,2.6582,0.0819000819000819,0.026581999999999998,3.081035358516361,1.753474551706907,2.338786477969292,0.4233017695207109,1,看多：股权风险溢价高于1.5个标准差,2022-08-16
2022-08-16,12.19,2.6346,0.08203445447087777,0.026345999999999998,3.1137347024549373,1.8268085653813362,2.33977502890079,0.42366763996017687,1,看多：股权风险溢价高于1.5个标准差,2022-08-17
2022-08-17,12.28,2.6124,0.08143322475570033,0.026124,3.1171805525838434,1.8310478428584036,2.3407815696523913,0.4240189495646574,1,看多：股权风险溢价高于1.5个标准差,2022-08-18
2022-08-18,12.18,2.58,0.08210180623973727,0.0258,3.1822405519278014,1.9799220576788938,2.3418484940461566,0.42445714194772644,1,看多：股权风险溢价高于1.5个标准差,2022-08-19
2022-08-19,12.12,2.5875,0.08250825082508251,0.025875,3.188724669568406,1.9906235098193923,2.3429330358354714,0.42488779498523693,1,看多：股权风险溢价高于1.5个标准差,2022-08-22
2022-08-22,12.21,2.5925,0.0819000819000819,0.025924999999999997,3.159115984574037,1.916697730149476,2.343986097166249,0.425278266148006,1,看多：股权风险溢价高于1.5个标准差,2022-08-23
2022-08-23,12.16,2.6075,0.08223684210526316,0.026075,3.153857798859565,1.9001732411740886,2.3450354439683636,0.4256571650232493,1,看多：股权风险溢价高于1.5个标准差,2022-08-24
2022-08-24,11.92,2.61,0.08389261744966443,0.026099999999999998,3.214276530638484,2.037271465074868,2.346129965928112,0.4261320003706371,1,看多：股权风险溢价高于1.5个标准差,2022-08-25
2022-08-25,12.03,2.639,0.0831255195344971,0.026389999999999997,3.1498870607994354,1.8821132293511829,2.347182727130323,0.4264909895701795,1,看多：股权风险溢价高于1.5个标准差,2022-08-26
2022-08-26,11.95,2.643,0.08368200836820085,0.02643,3.1661751179796007,1.9160959221316767,2.3482490907500493,0.4268711277875902,1,看多：股权风险溢价高于1.5个标准差,2022-08-29
2022-08-29,11.87,2.6225,0.08424599831508003,0.026225000000000002,3.2124308223100106,2.019735071296653,2.3493503564552416,0.4273236020507772,1,看多：股权风险溢价高于1.5个标准差,2022-08-30
2022-08-30,11.85,2.613,0.08438818565400844,0.02613,3.2295516897821828,2.0548751578490387,2.350458833117376,0.42780840155029465,1,看多：股权风险溢价高于1.5个标准差,2022-08-31
2022-08-31,11.76,2.6225,0.08503401360544217,0.026225000000000002,3.242479069797604,2.0800515562739874,2.3515829539095314,0.42830482408039044,1,看多：股权风险溢价高于1.5个标准差,2022-09-01
2022-09-01,11.69,2.6125,0.0855431993156544,0.026125,3.2743808350489725,2.149117058450299,2.3527352312099654,0.4288484892970855,1,看多：股权风险溢价高于1.5个标准差,2022-09-02
2022-09-02,11.64,2.6226,0.0859106529209622,0.026226,3.275781778424548,2.146932032134029,2.3538755988857853,0.429406318290569,1,看多：股权风险溢价高于1.5个标准差,2022-09-05
2022-09-05,11.66,2.618,0.08576329331046312,0.02618,3.275908835388202,2.141844203821064,2.355026327285547,0.4299484091605703,1,看多：股权风险溢价高于1.5个标准差,2022-09-06
2022-09-06,11.77,2.614,0.08496176720475786,0.02614,3.2502588831200403,2.077246155537079,2.3561786135439395,0.4304161387868513,1,看多：股权风险溢价高于1.5个标准差,2022-09-07
2022-09-07,11.78,2.6215,0.08488964346349746,0.026215000000000002,3.2382087912835193,2.0444849334385906,2.3573213226465777,0.43086033759876596,1,看多：股权风险溢价高于1.5个标准差,2022-09-08
2022-09-08,11.74,2.6256,0.08517887563884156,0.026255999999999998,3.244168024026568,2.0535051625788405,2.3584686491825546,0.4313110047075466,1,看多：股权风险溢价高于1.5个标准差,2022-09-09
2022-09-09,11.88,2.635,0.08417508417508417,0.02635,3.194500348200538,1.9341397384188466,2.3595785005475456,0.4316760733821323,1,看多：股权风险溢价高于1.5个标准差,2022-09-13
2022-09-13,11.9,2.6427,0.08403361344537814,0.026427,3.1798393100003084,1.8961527193630783,2.3606799034125117,0.4320113027936664,1,看多：股权风险溢价高于1.5个标准差,2022-09-14
2022-09-14,11.79,2.6625,0.08481764206955048,0.026625,3.1856391387624594,1.905551360874329,2.361796843386085,0.43233801633054314,1,看多：股权风险溢价高于1.5个标准差,2022-09-15
2022-09-15,11.68,2.6625,0.08561643835616438,0.026625,3.2156408772268312,1.9706046084309345,2.362933721516659,0.43271346878110073,1,看多：股权风险溢价高于1.5个标准差,2022-09-16
2022-09-16,11.41,2.673,0.0876424189307625,0.02673,3.278803551468855,2.1115200331782296,2.364123500679921,0.43318558972522314,1,看多：股权风险溢价高于1.5个标准差,2022-09-19
2022-09-19,11.4,2.675,0.08771929824561403,0.02675,3.279226102639777,2.1075272000490894,2.3653280468864226,0.4336352364667311,1,看多：股权风险溢价高于1.5个标准差,2022-09-20
2022-09-20,11.41,2.664,0.0876424189307625,0.02664,3.2898805904940875,2.1270849387036606,2.3665545624477407,0.4340804691180139,1,看多：股权风险溢价高于1.5个标准差,2022-09-21
2022-09-21,11.37,2.6451,0.08795074758135445,0.026451,3.325044330322273,2.2026335752238375,2.36780500794639,0.43458854579505174,1,看多：股权风险溢价高于1.5个标准差,2022-09-22
2022-09-22,11.32,2.6501,0.08833922261484099,0.026501,3.3334297805683177,2.2163385674195815,2.369051168232773,0.4351224251168191,1,看多：股权风险溢价高于1.5个标准差,2022-09-23
2022-09-23,11.3,2.6802,0.08849557522123894,0.026802000000000003,3.3018272972628506,2.13854694508632,2.370266536835531,0.4356045410028247,1,看多：股权风险溢价高于1.5个标准差,2022-09-26
2022-09-26,11.2,2.7154,0.08928571428571429,0.027153999999999998,3.288123822851672,2.102217611512404,2.3714914755956618,0.4360311426544253,1,看多：股权风险溢价高于1.5个标准差,2022-09-27
2022-09-27,11.35,2.7051,0.0881057268722467,0.027051,3.25702291494757,2.0264053680600536,2.3726899593896578,0.43640476357626007,1,看多：股权风险溢价高于1.5个标准差,2022-09-28
2022-09-28,11.18,2.7401,0.08944543828264759,0.027401,3.264312918603248,2.0385574841748695,2.3738921303243297,0.4367896393362323,1,看多：股权风险溢价高于1.5个标准差,2022-09-29
2022-09-29,11.18,2.7501,0.08944543828264759,0.027501,3.2524431214373144,2.0069305395575165,2.3750705814462196,0.43717135331676,1,看多：股权风险溢价高于1.5个标准差,2022-09-30
2022-09-30,11.14,2.7601,0.08976660682226212,0.027601,3.252295453869864,2.0020467036595146,2.3762170192265826,0.4375914073542387,1,看多：股权风险溢价高于1.5个标准差,2022-10-10
2022-10-10,10.96,2.7402,0.09124087591240876,0.027402000000000003,3.3297159299470387,2.1735207770256064,2.3774310123370443,0.4381301194245613,1,看多：股权风险溢价高于1.5个标准差,2022-10-11
2022-10-11,10.98,2.7426,0.09107468123861566,0.027426,3.320742406425132,2.1477538876069255,2.378641279755241,0.4386448243004231,1,看多：股权风险溢价高于1.5个标准差,2022-10-12
2022-10-12,11.14,2.7352,0.08976660682226212,0.027351999999999998,3.2819028525249387,2.0544564182978333,2.379826125945259,0.4390829216650271,1,看多：股权风险溢价高于1.5个标准差,2022-10-13
2022-10-13,11.06,2.7252,0.09041591320072333,0.027252000000000002,3.3177716571526243,2.13099972896308,2.381043698411386,0.43957206845682667,1,看多：股权风险溢价高于1.5个标准差,2022-10-14
2022-10-14,11.27,2.6977,0.08873114463176575,0.026977,3.2891405505343716,2.061094318341394,2.382237510182478,0.4400104508956667,1,看多：股权风险溢价高于1.5个标准差,2022-10-17
2022-10-17,11.27,2.7002,0.08873114463176575,0.027002,3.2860952756005384,2.04952715630708,2.383444453749421,0.44041905913437596,1,看多：股权风险溢价高于1.5个标准差,2022-10-18
2022-10-18,11.25,2.7002,0.08888888888888889,0.027002,3.291937222757162,2.058110654649224,2.384657769784137,0.4408312307812516,1,看多：股权风险溢价高于1.5个标准差,2022-10-19
2022-10-19,11.11,2.7052,0.09000900090009001,0.027052,3.327258646314136,2.133155462344702,2.3858992436103534,0.44129901421674533,1,看多：股权风险溢价高于1.5个标准差,2022-10-20
2022-10-20,11.06,2.7175,0.09041591320072333,0.027174999999999998,3.327172518885863,2.1279046832655277,2.3871390906469623,0.4417648194637674,1,看多：股权风险溢价高于1.5个标准差,2022-10-21
2022-10-21,11.02,2.7278,0.09074410163339383,0.027277999999999997,3.326640576046405,2.121813576319873,2.3884074753814386,0.4421845119363698,1,看多：股权风险溢价高于1.5个标准差,2022-10-24
2022-10-24,10.76,2.7153,0.0929368029739777,0.027153,3.422708465877719,2.3330188203001088,2.389768105553941,0.4427484044860408,1,看多：股权风险溢价高于1.5个标准差,2022-10-25
2022-10-25,10.74,2.7278,0.0931098696461825,0.027277999999999997,3.413368635757112,2.3059756509690432,2.3911084694673153,0.44330917625266814,1,看多：股权风险溢价高于1.5个标准差,2022-10-26
2022-10-26,10.84,2.7025,0.09225092250922509,0.027025,3.4135401483524546,2.3004234502136676,2.392443687509087,0.44387326200683885,1,看多：股权风险溢价高于1.5个标准差,2022-10-27
2022-10-27,10.8,2.6953,0.09259259259259259,0.026953,3.435335309338203,2.343213381489054,2.3937778636213842,0.44449961490700207,1,看多：股权风险溢价高于1.5个标准差,2022-10-28
2022-10-28,10.52,2.6653,0.09505703422053233,0.026652999999999996,3.566466597401131,2.629758572864728,2.3952158319550745,0.4453833813992112,1,看多：股权风险溢价高于1.5个标准差,2022-10-31
2022-10-31,10.44,2.6433,0.09578544061302682,0.026432999999999998,3.623706753415308,2.7488443091359023,2.396710736864001,0.4463679563347159,1,看多：股权风险溢价高于1.5个标准差,2022-11-01
2022-11-01,10.73,2.6629,0.09319664492078285,0.026629,3.499817676998117,2.4642694829779708,2.398119038090121,0.44706905901242466,1,看多：股权风险溢价高于1.5个标准差,2022-11-02
2022-11-02,10.83,2.6854,0.09233610341643582,0.026854,3.4384487754686757,2.3209355550168818,2.399474042660552,0.4476534174170839,1,看多：股权风险溢价高于1.5个标准差,2022-11-03
2022-11-03,10.77,2.6776,0.09285051067780874,0.026776,3.4676766760460387,2.379648617486721,2.400828879742562,0.4483215666648439,1,看多：股权风险溢价高于1.5个标准差,2022-11-04
2022-11-04,11.06,2.7023,0.09041591320072333,0.027023000000000002,3.345887325638283,2.10307170315645,2.4020794576241844,0.4487758865271022,1,看多：股权风险溢价高于1.5个标准差,2022-11-07
2022-11-07,11.09,2.7003,0.09017132551848513,0.027003,3.339307688719221,2.0836324654861187,2.4033334571762204,0.4492031330125366,1,看多：股权风险溢价高于1.5个标准差,2022-11-08
2022-11-08,11.03,2.6853,0.09066183136899365,0.026853,3.3762272881612354,2.160647628519363,2.404621592184864,0.44968262439081197,1,看多：股权风险溢价高于1.5个标准差,2022-11-09
2022-11-09,10.96,2.6953,0.09124087591240876,0.026953,3.3851844289099082,2.175347858063186,2.405924591517877,0.45016241138735025,1,看多：股权风险溢价高于1.5个标准差,2022-11-10
2022-11-10,10.9,2.7028,0.09174311926605504,0.027028,3.3943732154082817,2.190363644164547,2.4072148760586862,0.4506823978655468,1,看多：股权风险溢价高于1.5个标准差,2022-11-11
2022-11-11,11.13,2.7354,0.08984725965858041,0.027354,3.2846113789054767,1.9426879409604985,2.408411848373415,0.4510243318331679,1,看多：股权风险溢价高于1.5个标准差,2022-11-14
2022-11-14,11.14,2.8354,0.08976660682226212,0.028354,3.16592391980892,1.6765154378706533,2.4095278303177143,0.4511715623996319,1,看多：股权风险溢价高于1.5个标准差,2022-11-15
2022-11-15,11.32,2.8155,0.08833922261484099,0.028155,3.1376033604987033,1.6109236940672986,2.410615990285054,0.4512860372536543,1,看多：股权风险溢价高于1.5个标准差,2022-11-16
2022-11-16,11.24,2.8329,0.08896797153024912,0.028329,3.1405263698065276,1.6145894354574957,2.411713039533257,0.45139235663756255,1,看多：股权风险溢价高于1.5个标准差,2022-11-17
2022-11-17,11.21,2.8026,0.08920606601248884,0.028026,3.182975309087592,1.7055348875050083,2.412848917242099,0.45154537587448285,1,看多：股权风险溢价高于1.5个标准差,2022-11-18
2022-11-18,11.18,2.825,0.08944543828264759,0.02825,3.16621020469549,1.6654327344906645,2.4139656062685675,0.45168116541012965,1,看多：股权风险溢价高于1.5个标准差,2022-11-21
2022-11-21,11.11,2.818,0.09000900090009001,0.02818,3.194073843154365,1.7239085251846475,2.415092106645076,0.45186953085335685,1,看多：股权风险溢价高于1.5个标准差,2022-11-22
2022-11-22,11.14,2.8276,0.08976660682226212,0.028276,3.1746571941668598,1.677917475581983,2.41621228463142,0.4520156208948085,1,看多：股权风险溢价高于1.5个标准差,2022-11-23
2022-11-23,11.16,2.7975,0.08960573476702509,0.027975,3.2030646922975903,1.7375434778593106,2.417357656713673,0.45219417274779466,1,看多：股权风险溢价高于1.5个标准差,2022-11-24
2022-11-24,11.12,2.795,0.08992805755395684,0.02795,3.2174618087283307,1.7660428394819974,2.4185097515583367,0.4523967591886597,1,看多：股权风险溢价高于1.5个标准差,2022-11-25
2022-11-25,11.2,2.83,0.08928571428571429,0.028300000000000002,3.154972236244321,1.6250775223171439,2.419616406200206,0.45250507741661183,1,看多：股权风险溢价高于1.5个标准差,2022-11-28
2022-11-28,11.09,2.86,0.09017132551848513,0.0286,3.152843549597382,1.6176422665903216,2.4207470802689923,0.4525700672198113,1,看多：股权风险溢价高于1.5个标准差,2022-11-29
2022-11-29,11.38,2.88,0.08787346221441124,0.0288,3.0511618824448345,1.3908405410928757,2.421799665618315,0.4525049408841561,0,中性,2022-11-30
2022-11-30,11.4,2.885,0.08771929824561403,0.028849999999999997,3.0405302684788227,1.3652901563009838,2.422849031399917,0.45241755697734276,0,中性,2022-12-01
2022-12-01,11.47,2.86,0.08718395815170009,0.0286,3.0483901451643387,1.3806011924233375,2.4239140171321223,0.45232188082938557,0,中性,2022-12-02
2022-12-02,11.41,2.8676,0.0876424189307625,0.028676,3.0562986096653124,1.3959949523209827,2.4249861283683365,0.4522312063144319,0,中性,2022-12-05
2022-12-05,11.64,2.8902,0.0859106529209622,0.028902,2.972481244237845,1.2089299332136247,2.4259993781090596,0.4520376666297824,0,中性,2022-12-06
2022-12-06,11.68,2.9152,0.08561643835616438,0.029152,2.9368975835676583,1.1286256153979866,2.4269954007231513,0.4517903686464713,0,中性,2022-12-07
2022-12-07,11.62,2.8702,0.08605851979345956,0.028702000000000002,2.9983457526813306,1.262872541563544,2.428047546644763,0.45158809560503205,0,中性,2022-12-08
2022-12-08,11.62,2.8853,0.08605851979345956,0.028853,2.9826541362582595,1.226397732305201,2.4290765154372154,0.4513850655777965,0,中性,2022-12-09
2022-12-09,11.7,2.8903,0.08547008547008547,0.028902999999999998,2.9571354347329164,1.1682261387771211,2.430086037469074,0.4511535735842624,0,中性,2022-12-12
2022-12-12,11.72,2.8902,0.08532423208191126,0.028902,2.9521912698744464,1.1556518613112128,2.4310929689137892,0.4509128729904994,0,中性,2022-12-13
2022-12-13,11.71,2.8952,0.08539709649871904,0.028952,2.9496095778778337,1.1483322782504817,2.4321025422214055,0.45065966136984803,0,中性,2022-12-14
2022-12-14,11.71,2.8655,0.08539709649871904,0.028655,2.9801813470151473,1.2145340519510346,2.4331569978466594,0.450398527970249,0,中性,2022-12-15
2022-12-15,11.69,2.8829,0.0855431993156544,0.028828999999999997,2.9672621081429953,1.1842446683184678,2.4341952846991894,0.4501323397982597,0,中性,2022-12-16
2022-12-16,11.7,2.8856,0.08547008547008547,0.028856000000000003,2.9619519500306857,1.170892427565154,2.435242500429613,0.4498359005501076,0,中性,2022-12-19
2022-12-19,11.49,2.8632,0.08703220191470844,0.028632,3.039682939183726,1.3419050791212324,2.4363589727086703,0.4496025656823296,0,中性,2022-12-20
2022-12-20,11.34,2.8732,0.08818342151675485,0.028732,3.0691710119989852,1.4055279138150765,2.4374786000245323,0.4494342700457843,0,中性,2022-12-21
2022-12-21,11.34,2.8606,0.08818342151675485,0.028606,3.0826896985511727,1.4335572418754698,2.4385991186907567,0.4492953340445451,0,中性,2022-12-22
2022-12-22,11.33,2.8503,0.088261253309797,0.028502999999999997,3.0965601273478938,1.4623264253915838,2.4397329191796024,0.449165929551198,0,中性,2022-12-23
2022-12-23,11.31,2.8251,0.08841732979664013,0.028251,3.129706197891761,1.5338505210638085,2.440892257672935,0.4490750113910032,1,看多：股权风险溢价高于1.5个标准差,2022-12-26
2022-12-26,11.36,2.8378,0.08802816901408451,0.028378,3.10198636317163,1.4700175230233206,2.4420321829050753,0.44894307035827413,0,中性,2022-12-27
2022-12-27,11.48,2.8657,0.08710801393728222,0.028657,3.0396766562195006,1.3294452417423903,2.443136709115075,0.4487134395415877,0,中性,2022-12-28
2022-12-28,11.45,2.8503,0.08733624454148473,0.028502999999999997,3.0641070954455576,1.3820051513097775,2.4442560483473326,0.4485157284043183,0,中性,2022-12-29
2022-12-29,11.4,2.8376,0.08771929824561403,0.028376000000000002,3.0913200678606576,1.4407165086980132,2.4454078507181727,0.44832707423211304,0,中性,2022-12-30
2022-12-30,11.43,2.8353,0.08748906386701663,0.028353000000000003,3.0857074689456714,1.4262964393155733,2.446563175943469,0.44811462427046655,0,中性,2023-01-03
2023-01-03,11.51,2.8228,0.08688097306689835,0.028228,3.0778295687579122,1.4069358868240123,2.4477346069307275,0.44784909371353654,0,中性,2023-01-04
2023-01-04,11.54,2.8103,0.08665511265164645,0.028103,3.0834826407019342,1.4177392013800225,2.448903934440327,0.44759904053151,0,中性,2023-01-05
2023-01-05,11.71,2.8304,0.08539709649871904,0.028304,3.0171387965912606,1.2679106890548726,2.4500093015139726,0.44729451370114903,0,中性,2023-01-06
2023-01-06,11.75,2.8328,0.0851063829787234,0.028328000000000002,3.004320212465525,1.2376721805982516,2.451097789524666,0.4469862307751386,0,中性,2023-01-09
2023-01-09,11.81,2.8428,0.0846740050804403,0.028428,2.9785424609694777,1.1785012552166325,2.4521665112419733,0.44664861186825455,0,中性,2023-01-10
2023-01-10,11.81,2.8602,0.0846740050804403,0.028602,2.960422525712898,1.136517938200095,2.4532357725812943,0.4462637465580491,0,中性,2023-01-11
2023-01-11,11.81,2.8603,0.0846740050804403,0.028603,2.9603190252924625,1.1349185578821295,2.454321370134843,0.4458449037099731,0,中性,2023-01-12
2023-01-12,11.83,2.8778,0.08453085376162299,0.028778,2.9373428925437133,1.0821119542621853,2.455407853491757,0.44536522968231446,0,中性,2023-01-13
2023-01-13,11.97,2.901,0.0835421888053467,0.029009999999999998,2.879772106354592,0.9515800741915432,2.4564156880554657,0.4448983640801928,0,中性,2023-01-16
2023-01-16,12.08,2.9167,0.08278145695364239,0.029167000000000002,2.8381889448226554,0.8568681474630232,2.4573775139909926,0.4444224376400876,0,中性,2023-01-17
2023-01-17,12.06,2.9017,0.08291873963515754,0.029017,2.8575917439830976,0.8992475110896089,2.458340749252175,0.4439834303763089,0,中性,2023-01-18
2023-01-18,12.06,2.9222,0.08291873963515754,0.029222,2.83754498785701,0.85284463542469,2.4592938680284533,0.44351703008625865,0,中性,2023-01-19
2023-01-19,12.12,2.9145,0.08250825082508251,0.029144999999999997,2.8309573108623267,0.8367286286749692,2.4602257456174144,0.44307264331566765,0,中性,2023-01-20
2023-01-20,12.21,2.9331,0.0819000819000819,0.029331,2.792270359008622,0.7481625420839997,2.4611083776710228,0.44263373626692254,0,中性,2023-01-30
2023-01-30,12.24,2.9133,0.08169934640522876,0.029133,2.804357477953824,0.7742105239711391,2.461998085838244,0.44220451868766186,0,中性,2023-01-31
2023-01-31,12.16,2.8977,0.08223684210526316,0.028977,2.8380040068075774,0.8490160792162672,2.4629182267062837,0.4417887826665639,0,中性,2023-02-01
2023-02-01,12.27,2.9101,0.08149959250203749,0.029101,2.800577042096062,0.7630466484530231,2.463806750174368,0.441349546065698,0,中性,2023-02-02
2023-02-02,12.25,2.897,0.08163265306122448,0.02897,2.8178340718406796,0.8008794053375138,2.464703746176837,0.44092821379895936,0,中性,2023-02-03
2023-02-03,12.16,2.8943,0.08223684210526316,0.028943,2.8413378746247164,0.8528898770820654,2.465613094624586,0.44053140985278433,0,中性,2023-02-06
2023-02-06,12.04,2.9017,0.08305647840531562,0.029017,2.8623385741226044,0.8992606602871562,2.466552515877009,0.4401238436464138,0,中性,2023-02-07
2023-02-07,12.06,2.8964,0.08291873963515754,0.028964,2.8628207303948883,0.8990988205923214,2.4675210399740326,0.4396621165184428,0,中性,2023-02-08
2023-02-08,12.0,2.8973,0.08333333333333333,0.028973,2.8762410980338013,0.9283330458740092,2.468486338412064,0.43923327025145736,0,中性,2023-02-09
2023-02-09,12.15,2.8912,0.0823045267489712,0.028912,2.846725468627947,0.8598873479668969,2.469435950991513,0.43876621574731955,0,中性,2023-02-10
2023-02-10,12.1,2.9003,0.08264462809917356,0.029003,2.8495199841110765,0.864991825843895,2.4703749205083483,0.4383221347009036,0,中性,2023-02-13
2023-02-13,12.18,2.8943,0.08210180623973727,0.028943,2.8366722951918346,0.8344068800016605,2.471284242590079,0.43790153384285196,0,中性,2023-02-14
2023-02-14,12.2,2.8914,0.0819672131147541,0.028914,2.834862458143256,0.8290054580126981,2.4721939133883732,0.4374742545414311,0,中性,2023-02-15
2023-02-15,12.15,2.8918,0.0823045267489712,0.028918,2.846134820837236,0.8535196832038765,2.473132035931651,0.4370172032886645,0,中性,2023-02-16
2023-02-16,12.07,2.8907,0.08285004142502071,0.028907,2.866089231847674,0.8979085762356424,2.4740834952176427,0.43657644776427157,0,中性,2023-02-17
2023-02-17,11.94,2.892,0.08375209380234507,0.028919999999999998,2.8959921785043248,0.9651132615767559,2.475066726476626,0.4361409886130991,0,中性,2023-02-20
2023-02-20,12.23,2.917,0.08176614881439084,0.029169999999999998,2.803090463297595,0.7508765194841177,2.4759661526034957,0.43565659892900477,0,中性,2023-02-21
2023-02-21,12.27,2.919,0.08149959250203749,0.02919,2.79203811243705,0.7242797760886202,2.476852406117258,0.4351712096973243,0,中性,2023-02-22
2023-02-22,12.18,2.9175,0.08210180623973727,0.029175,2.814115038208647,0.7737907802850212,2.477769352980551,0.4346726451098386,0,中性,2023-02-23
2023-02-23,12.17,2.922,0.08216926869350863,0.029220000000000003,2.8120899621323963,0.7679016546097528,2.478672402699681,0.4341930472882725,0,中性,2023-02-24
2023-02-24,12.07,2.9126,0.08285004142502071,0.029126,2.844538948878003,0.8413975741664039,2.4796076490289374,0.433720408821731,0,中性,2023-02-27
2023-02-27,12.03,2.9117,0.0831255195344971,0.029117,2.8548792641582956,0.8640018226571945,2.480555529269213,0.43324414957582896,0,中性,2023-02-28
2023-02-28,12.11,2.9017,0.08257638315441784,0.029017,2.845793264445595,0.8418373097134593,2.4815217093365063,0.4327101577774903,0,中性,2023-03-01
2023-03-01,12.27,2.8977,0.08149959250203749,0.028977,2.812561428099441,0.7638667201578724,2.482473920748027,0.43212709578863845,0,中性,2023-03-02
2023-03-02,12.26,2.9111,0.08156606851549755,0.029110999999999998,2.8018985440382522,0.7380305829932183,2.4834276929113583,0.43151443648212645,0,中性,2023-03-03
2023-03-03,12.33,2.9026,0.08110300081103,0.029026,2.7941501002904294,0.7189103219475055,2.484374199486836,0.4308964433344349,0,中性,2023-03-06
2023-03-06,12.3,2.8826,0.08130081300813008,0.028826,2.8203987028422284,0.7786781598414994,2.485344032501556,0.43028646187902964,0,中性,2023-03-07
2023-03-07,12.16,2.8726,0.08223684210526316,0.028725999999999998,2.862801716398495,0.8760776720890296,2.4863451957741867,0.42970678584541255,0,中性,2023-03-08
2023-03-08,12.13,2.8828,0.08244023083264633,0.028828,2.8597277241794896,0.8678106488094984,2.487359887332059,0.42908880797701837,0,中性,2023-03-09
2023-03-09,12.1,2.8752,0.08264462809917356,0.028752,2.8743958020024194,0.9009121424549,2.4883989923831056,0.4284511124109274,0,中性,2023-03-10
2023-03-10,11.92,2.8627,0.08389261744966443,0.028627,2.9305417071179107,1.0308520908575043,2.4894786815186576,0.4278625706936862,0,中性,2023-03-13
2023-03-13,12.08,2.8703,0.08278145695364239,0.028703,2.8840698517103576,0.9211699989879073,2.490528048075418,0.42721951872870934,0,中性,2023-03-14
2023-03-14,11.99,2.8652,0.08340283569641367,0.028652,2.9108905380571573,0.9828977880694107,2.4916041838774534,0.42658184733863136,0,中性,2023-03-15
2023-03-15,12.05,2.8652,0.08298755186721991,0.028652,2.896396477286748,0.9478789975951285,2.4926703072033045,0.4259258524640176,0,中性,2023-03-16
2023-03-16,11.96,2.8552,0.08361204013377926,0.028552,2.928412725335502,1.0220663435022892,2.493782050381734,0.42524702796144354,0,中性,2023-03-17
2023-03-17,12.04,2.8602,0.08305647840531562,0.028602,2.903869603710077,0.9633851552640142,2.494878087459156,0.4245358297417791,0,中性,2023-03-20
2023-03-20,11.96,2.8504,0.08361204013377926,0.028504,2.9333440967506057,1.0318622658250463,2.495999466695843,0.4238401233764226,0,中性,2023-03-21
2023-03-21,12.05,2.8604,0.08298755186721991,0.028603999999999997,2.90125688250664,0.9552546064611813,2.497112296233435,0.4230752550572787,0,中性,2023-03-22
2023-03-22,12.11,2.8577,0.08257638315441784,0.028576999999999998,2.889609936467014,0.9268332109039106,2.4982200854891183,0.422287253384226,0,中性,2023-03-23
2023-03-23,12.22,2.8652,0.0818330605564648,0.028652,2.8561029092721206,0.8465443440533693,2.4992931071544575,0.421489795099462,0,中性,2023-03-24
2023-03-24,12.15,2.8676,0.0823045267489712,0.028676,2.8701536737680007,0.8789649858304215,2.5003795502352464,0.4206926663675938,0,中性,2023-03-27
2023-03-27,12.09,2.8551,0.0827129859387924,0.028551000000000003,2.8970258813629077,0.9419146697655718,2.501472272028182,0.4199463306301123,0,中性,2023-03-28
2023-03-28,12.09,2.8556,0.0827129859387924,0.028555999999999998,2.896518627916809,0.9397423943675894,2.5025487569668927,0.41923177384696264,0,中性,2023-03-29
2023-03-29,12.07,2.8532,0.08285004142502071,0.028532000000000002,2.903758636794501,0.9560473910150303,2.5036277317317817,0.4185262245607956,0,中性,2023-03-30
2023-03-30,12.16,2.8603,0.08223684210526316,0.028603,2.875112474399999,0.8866062847175187,2.5046753345457726,0.41781470111307767,0,中性,2023-03-31
2023-03-31,12.22,2.8528,0.0818330605564648,0.028527999999999998,2.868517265720163,0.8698452027575292,2.5057261030589273,0.4170755457535866,0,中性,2023-04-03
2023-04-03,12.35,2.8604,0.08097165991902834,0.028603999999999997,2.8307810068182193,0.7783749425618904,2.506758056887794,0.4162813217804239,0,中性,2023-04-04
2023-04-04,12.43,2.8584,0.08045052292839903,0.028584000000000002,2.814529909333859,0.7382391247761582,2.507725062354973,0.41559006652744485,0,中性,2023-04-06
2023-04-06,12.43,2.8605,0.08045052292839903,0.028605000000000002,2.8124636576961732,0.7321229882441322,2.508654992755885,0.4149694379477411,0,中性,2023-04-07
2023-04-07,12.48,2.8464,0.08012820512820512,0.028464,2.8150718496418325,0.7372475340592075,2.509570820468351,0.41438053714662815,0,中性,2023-04-10
2023-04-10,12.45,2.8455,0.08032128514056225,0.028454999999999998,2.8227476767022406,0.7545520516298927,2.510436813565754,0.4139023443934318,0,中性,2023-04-11
2023-04-11,12.43,2.8203,0.08045052292839903,0.028203,2.8525519600184035,0.8253447139343595,2.5113369835614585,0.4134211689930108,0,中性,2023-04-12
2023-04-12,12.48,2.8158,0.08012820512820512,0.028158,2.8456639366505123,0.8074891321202742,2.51224361181977,0.412909984256085,0,中性,2023-04-13
2023-04-13,12.43,2.8277,0.08045052292839903,0.028277,2.845086923237933,0.8049083046012876,2.5131561743419577,0.4123833075127702,0,中性,2023-04-14
2023-04-14,12.52,2.8281,0.07987220447284345,0.028281,2.8242355105138945,0.7532042032509796,2.514084544324282,0.4117754054623421,0,中性,2023-04-17
2023-04-17,12.73,2.8432,0.07855459544383346,0.028432,2.762893762093186,0.6030464352190447,2.5149689602724643,0.41112058266403295,0,中性,2023-04-18
2023-04-18,12.84,2.8319,0.0778816199376947,0.028319,2.750154311158399,0.5708577314986396,2.5158497964874282,0.41044292078845035,0,中性,2023-04-19
2023-04-19,12.74,2.8333,0.07849293563579278,0.028333,2.770371497398538,0.6189220772172079,2.5167193502666505,0.40982888875503665,0,中性,2023-04-20
2023-04-20,12.73,2.8332,0.07855459544383346,0.028332000000000003,2.772645610752275,0.6232718206206224,2.517575872998868,0.4092431733868878,0,中性,2023-04-21
2023-04-21,12.49,2.8258,0.08006405124099279,0.028258000000000002,2.833323350590728,0.7703817131183557,2.5184879482278055,0.4086745531491524,0,中性,2023-04-24
2023-04-24,12.38,2.8176,0.08077544426494346,0.028176,2.8668173007149154,0.8511792033303488,2.519422483006956,0.4081335826213004,0,中性,2023-04-25
2023-04-25,12.32,2.8157,0.08116883116883117,0.028157,2.8827229878478233,0.8889992013640866,2.520374194038814,0.40759181026599234,0,中性,2023-04-26
2023-04-26,12.29,2.8058,0.08136696501220506,0.028058,2.8999559844680682,0.9301364381629152,2.5213449077029257,0.4070489674750577,0,中性,2023-04-27
2023-04-27,12.32,2.7852,0.08116883116883117,0.027852000000000002,2.9142909366950724,0.9641887518622483,2.522319194385246,0.4065300923214115,0,中性,2023-04-28
2023-04-28,12.37,2.7788,0.08084074373484236,0.027788,2.909196190256311,0.950515567423021,2.5232964053790785,0.405989968079597,0,中性,2023-05-04
2023-05-04,12.47,2.7613,0.08019246190858059,0.027613,2.90415608259083,0.936993025439033,2.5242808619858046,0.4054194751631508,0,中性,2023-05-05
2023-05-05,12.42,2.7338,0.08051529790660225,0.027338,2.9451787953252704,1.0370682896057863,2.5253028939909417,0.40486813215929424,0,中性,2023-05-08
2023-05-08,12.68,2.7484,0.07886435331230283,0.027484,2.869464172329458,0.8489554971579129,2.5262590966663416,0.4042674519595901,0,中性,2023-05-09
2023-05-09,12.54,2.7383,0.07974481658692185,0.027383,2.9122016063587575,0.9535580453653907,2.5272434908474977,0.40370706050070504,0,中性,2023-05-10
2023-05-10,12.38,2.721,0.08077544426494346,0.02721,2.9685940560434934,1.0920849814550306,2.528270125873609,0.4031956648494721,0,中性,2023-05-11
2023-05-11,12.33,2.701,0.08110300081103,0.02701,3.00270273272973,1.175426445146372,2.5293098671768504,0.4027413774019093,0,中性,2023-05-12
2023-05-12,12.19,2.7058,0.08203445447087777,0.027058,3.0318003721959412,1.2463781848731603,2.530376396723109,0.4023048393805612,0,中性,2023-05-15
2023-05-15,12.36,2.719,0.08090614886731393,0.02719,2.9755847321557165,1.1054503194376732,2.531395262038887,0.4018176686065661,0,中性,2023-05-16
2023-05-16,12.28,2.7129,0.08143322475570033,0.027129,3.001703887194527,1.1691365342886548,2.5324098258484904,0.4014022721747998,0,中性,2023-05-17
2023-05-17,12.22,2.721,0.0818330605564648,0.02721,3.007462717988416,1.1821087116329005,2.5334133835930195,0.40102008362714014,0,中性,2023-05-18
2023-05-18,12.26,2.7184,0.08156606851549755,0.027184,3.000517529263447,1.1632548786844332,2.5343481230282503,0.40074571340926124,0,中性,2023-05-19
2023-05-19,12.21,2.7151,0.0819000819000819,0.027151,3.0164664984745273,1.2014758452514107,2.535296562832676,0.4004824046555559,0,中性,2023-05-22
2023-05-22,12.27,2.7132,0.08149959250203749,0.027132,3.00381809310178,1.16840038824962,2.5362496791760174,0.4001782425168709,0,中性,2023-05-23
2023-05-23,12.07,2.6962,0.08285004142502071,0.026962,3.0728447973080897,1.3390722321364799,2.5372309561691724,0.39998875959390884,0,中性,2023-05-24
2023-05-24,11.89,2.7037,0.08410428931875526,0.027037,3.110710852489376,1.4318324081603526,2.538264593390075,0.3997997641601027,0,中性,2023-05-25
2023-05-25,11.86,2.7065,0.08431703204047218,0.027065000000000002,3.115353114371778,1.441521677672118,2.5393020206751276,0.3996132022287052,0,中性,2023-05-26
2023-05-26,11.9,2.7205,0.08403361344537814,0.027205,3.0889032694496654,1.3735140498640939,2.5403103703500562,0.39940829083902796,0,中性,2023-05-29
2023-05-29,11.91,2.695,0.08396305625524769,0.026949999999999998,3.115512291474868,1.4381727489879508,2.541333816556905,0.3992416594752023,0,中性,2023-05-30
2023-05-30,11.93,2.7,0.08382229673093043,0.027000000000000003,3.1045295085529787,1.4087020444649305,2.5423315661083645,0.39908932101972966,0,中性,2023-05-31
2023-05-31,11.83,2.685,0.08453085376162299,0.02685,3.148262709930093,1.5160510242223078,2.543354280817112,0.39900268490190294,1,看多：股权风险溢价高于1.5个标准差,2023-06-01
2023-06-01,11.87,2.6825,0.08424599831508003,0.026825,3.1405777563869535,1.4947588754736698,2.5444071427064006,0.39884065815741293,0,中性,2023-06-02
2023-06-02,11.99,2.6951,0.08340283569641367,0.026951,3.0946100588628873,1.3777323356156823,2.545429148178491,0.39861219519027813,0,中性,2023-06-05
2023-06-05,11.97,2.6926,0.0835421888053467,0.026926000000000002,3.102658724108545,1.3960581889895418,2.5464407354178573,0.39842034743070043,0,中性,2023-06-06
2023-06-06,11.87,2.6826,0.08424599831508003,0.026826,3.140460684227244,1.4888378379508822,2.5474705866983602,0.3982905877412599,0,中性,2023-06-07
2023-06-07,11.84,2.6827,0.08445945945945946,0.026827,3.148300572537349,1.5062115089815655,2.5484612076331903,0.3982437800583159,1,看多：股权风险溢价高于1.5个标准差,2023-06-08
2023-06-08,11.93,2.6822,0.08382229673093043,0.026822,3.1251322321575734,1.4457902084753815,2.5494073698208535,0.3982077475430096,0,中性,2023-06-09
2023-06-09,12.0,2.6703,0.08333333333333333,0.026703,3.120747980876056,1.4324242319326346,2.5502960402524644,0.39824231390859316,0,中性,2023-06-12
2023-06-12,12.06,2.6704,0.08291873963515754,0.026704,3.105105588494516,1.3909302229144738,2.5511879807437694,0.398235366969092,0,中性,2023-06-13
2023-06-13,12.09,2.6227,0.0827129859387924,0.026227,3.153734164745964,1.510476829067345,2.5521020734625877,0.3983060711066045,1,看多：股权风险溢价高于1.5个标准差,2023-06-14
2023-06-14,12.05,2.6178,0.08298755186721991,0.026178,3.1701257493781005,1.5490652842044428,2.5530651924747048,0.3983438033215631,1,看多：股权风险溢价高于1.5个标准差,2023-06-15
2023-06-15,12.2,2.6482,0.0819672131147541,0.026482000000000002,3.095204784938981,1.3589468169440058,2.553988670821517,0.39826143846787837,0,中性,2023-06-16
2023-06-16,12.27,2.6626,0.08149959250203749,0.026625999999999997,3.060902595284215,1.2709558744036562,2.5548862990120482,0.39813836692764326,0,中性,2023-06-19
2023-06-19,12.18,2.6876,0.08210180623973727,0.026876,3.054837261487471,1.2538494644342857,2.5557601341266114,0.39803592178909136,0,中性,2023-06-20
2023-06-20,12.12,2.6751,0.08250825082508251,0.026751,3.0843052904595156,1.3258578763197648,2.556650533197531,0.3979723367685657,0,中性,2023-06-21
2023-06-21,11.96,2.6701,0.08361204013377926,0.026701000000000003,3.131419802021619,1.4419274238822384,2.5575665085439696,0.39797654443148717,0,中性,2023-06-26
2023-06-26,11.8,2.6677,0.0847457627118644,0.026677,3.1767351168371407,1.553184495603899,2.5585205129723234,0.39803037283374837,1,看多：股权风险溢价高于1.5个标准差,2023-06-27
2023-06-27,11.93,2.6676,0.08382229673093043,0.026676000000000002,3.1422363446892496,1.4641133559073933,2.559434662382906,0.398057759636479,0,中性,2023-06-28
2023-06-28,11.92,2.6651,0.08389261744966443,0.026650999999999998,3.1478225000812143,1.4758157983698719,2.5603858957216854,0.3980419541574147,0,中性,2023-06-29
2023-06-29,11.88,2.6526,0.08417508417508417,0.026526,3.1733048395945174,1.5374561958725845,2.5613889408244352,0.3980054198700528,1,看多：股权风险溢价高于1.5个标准差,2023-06-30
2023-06-30,11.94,2.6351,0.08375209380234507,0.026351,3.178326963012602,1.5476876425186792,2.5624001286764466,0.39796585397154616,1,看多：股权风险溢价高于1.5个标准差,2023-07-03
2023-07-03,12.1,2.6402,0.08264462809917356,0.026402000000000002,3.13024119760524,1.424771098681493,2.5633731467219127,0.39786605119090107,0,中性,2023-07-04
2023-07-04,12.11,2.6477,0.08257638315441784,0.026477,3.118796810606105,1.3939680095612994,2.5643309199833615,0.39776084301765396,0,中性,2023-07-05
2023-07-05,12.01,2.6402,0.08326394671107411,0.026402000000000002,3.153698458869559,1.479525138869479,2.565327557425056,0.3976755014072176,0,中性,2023-07-06
2023-07-06,11.94,2.6392,0.08375209380234507,0.026392000000000002,3.1733894287035866,1.5268007655032427,2.566355129271182,0.3975857971438222,1,看多：股权风险溢价高于1.5个标准差,2023-07-07
2023-07-07,11.89,2.6403,0.08410428931875526,0.026403,3.1854065567835192,1.5546559024540854,2.5673763985590936,0.3975350154647345,1,看多：股权风险溢价高于1.5个标准差,2023-07-10
2023-07-10,11.93,2.6403,0.08382229673093043,0.026403,3.174726233039065,1.5254712514005,2.5683822490019,0.3974797843489312,1,看多：股权风险溢价高于1.5个标准差,2023-07-11
2023-07-11,12.0,2.6353,0.08333333333333333,0.026353,3.1621953224806787,1.491783296012092,2.5693966206108407,0.39737588123860645,0,中性,2023-07-12
2023-07-12,11.91,2.6378,0.08396305625524769,0.026378,3.1830713570114373,1.542037660502866,2.570427519477806,0.3972949904049976,1,看多：股权风险溢价高于1.5个标准差,2023-07-13
2023-07-13,12.09,2.6413,0.0827129859387924,0.026413000000000002,3.13152561007051,1.4102651177505836,2.5714019558982635,0.39717613881399905,0,中性,2023-07-14
2023-07-14,12.08,2.6444,0.08278145695364239,0.026444000000000002,3.1304438418409615,1.4054108581009308,2.572339809048855,0.3971109441592387,0,中性,2023-07-17
2023-07-17,11.96,2.6364,0.08361204013377926,0.026364000000000002,3.1714474333856493,1.5062767549834288,2.5733047139290117,0.3971001460904958,1,看多：股权风险溢价高于1.5个标准差,2023-07-18
2023-07-18,11.91,2.6234,0.08396305625524769,0.026234,3.200543426669501,1.5768895827820786,2.574269708056715,0.3971576231151596,1,看多：股权风险溢价高于1.5个标准差,2023-07-19
2023-07-19,11.91,2.6233,0.08396305625524769,0.026233,3.200665431145797,1.5745477815726332,2.57523484436361,0.39721283412404096,1,看多：股权风险溢价高于1.5个标准差,2023-07-20
2023-07-20,11.82,2.6214,0.08460236886632826,0.026214,3.227373497609226,1.638888229787729,2.5762053142309207,0.39732311913829865,1,看多：股权风险溢价高于1.5个标准差,2023-07-21
2023-07-21,11.81,2.6079,0.0846740050804403,0.026078999999999998,3.2468271436957057,1.6846775472586293,2.5771531433850337,0.3975087110292357,1,看多：股权风险溢价高于1.5个标准差,2023-07-24
2023-07-24,11.78,2.5934,0.08488964346349746,0.025934,3.2732954215893217,1.7479783131733928,2.5781566902319124,0.39768155366608043,1,看多：股权风险溢价高于1.5个标准差,2023-07-25
2023-07-25,12.07,2.663,0.08285004142502071,0.026629999999999997,3.111154390725525,1.3381470284824994,2.5790219380194883,0.39766366578528467,0,中性,2023-07-26
2023-07-26,12.03,2.643,0.0831255195344971,0.02643,3.1451199218500605,1.4213141321110976,2.57993842771604,0.39764713610111535,0,中性,2023-07-27
2023-07-27,12.02,2.6395,0.0831946755407654,0.026395,3.1519104201843304,1.4361568286753876,2.580876135099979,0.3976127632321562,0,中性,2023-07-28
2023-07-28,12.27,2.6533,0.08149959250203749,0.026533,3.0716312705701387,1.2324287003157437,2.5817461685739165,0.39749569437219007,0,中性,2023-07-31
2023-07-31,12.32,2.6597,0.08116883116883117,0.026597,3.051804006798931,1.1808160377602936,2.5826035145943593,0.39735274352686223,0,中性,2023-08-01
2023-08-01,12.3,2.6607,0.08130081300813008,0.026607,3.0556174318085496,1.1886081567882048,2.5834307596423103,0.39726016473095527,0,中性,2023-08-02
2023-08-02,12.18,2.6525,0.08210180623973727,0.026525,3.095261309697918,1.2864713569445507,2.584314191996087,0.3971694472198447,0,中性,2023-08-03
2023-08-03,12.27,2.6435,0.08149959250203749,0.026435,3.083018441537261,1.2538518028802554,2.58521888974298,0.39701625874028557,0,中性,2023-08-04
2023-08-04,12.34,2.6469,0.08103727714748785,0.026469,3.061591943310584,1.1981259694606299,2.586081975157751,0.3968781082066829,0,中性,2023-08-07
2023-08-07,12.25,2.6462,0.08163265306122448,0.026462,3.084901105782801,1.2549600705916912,2.5869426924917756,0.39679223662968577,0,中性,2023-08-08
2023-08-08,12.23,2.6454,0.08176614881439084,0.026454,3.0908803513416063,1.2680759826410635,2.5877922277886216,0.3967334216875448,0,中性,2023-08-09
2023-08-09,12.18,2.6461,0.08210180623973727,0.026461000000000002,3.102747675436955,1.2958518034355817,2.5885747272473045,0.3967837578544612,0,中性,2023-08-10
2023-08-10,12.22,2.6475,0.0818330605564648,0.026475,3.0909560172413526,1.2641019961057671,2.5893728551694744,0.39679010366020406,0,中性,2023-08-11
2023-08-11,11.96,2.6381,0.08361204013377926,0.026381,3.1694037426094255,1.4592387636269313,2.59019769431855,0.3969234252325243,0,中性,2023-08-14
2023-08-14,11.89,2.6212,0.08410428931875526,0.026212,3.2086177826474613,1.555177241409468,2.5910545896510375,0.39710148563949016,1,看多：股权风险溢价高于1.5个标准差,2023-08-15
2023-08-15,11.87,2.5759,0.08424599831508003,0.025758999999999997,3.2705461514453216,1.7077109588125288,2.5919482435134995,0.39737281325622625,1,看多：股权风险溢价高于1.5个标准差,2023-08-16
2023-08-16,11.78,2.5649,0.08488964346349746,0.025649,3.3096667887051137,1.8023327945448053,2.592861204258668,0.3977098938753324,1,看多：股权风险溢价高于1.5个标准差,2023-08-17
2023-08-17,11.81,2.5678,0.0846740050804403,0.025678,3.2975311582070375,1.7680592567221227,2.5937248543036038,0.3980671469169246,1,看多：股权风险溢价高于1.5个标准差,2023-08-18
2023-08-18,11.68,2.5639,0.08561643835616438,0.025639,3.3393049009775884,1.8687441682464012,2.594592132477844,0.39850974850055093,1,看多：股权风险溢价高于1.5个标准差,2023-08-21
2023-08-21,11.55,2.5403,0.08658008658008658,0.025403,3.4082622753252205,2.0366954077377555,2.595528881608331,0.3990451348931096,1,看多：股权风险溢价高于1.5个标准差,2023-08-22
2023-08-22,11.68,2.5564,0.08561643835616438,0.025564,3.3491017976906736,1.8840621131223438,2.5963635558892415,0.39952941920474366,1,看多：股权风险溢价高于1.5个标准差,2023-08-23
2023-08-23,11.52,2.5535,0.08680555555555555,0.025535000000000002,3.399473489545939,2.005165369374303,2.5972595037290738,0.40007372861580487,1,看多：股权风险溢价高于1.5个标准差,2023-08-24
2023-08-24,11.56,2.5543,0.08650519031141868,0.025543,3.386649583503061,1.968324356857722,2.5981385038552594,0.40060017389948804,1,看多：股权风险溢价高于1.5个标准差,2023-08-25
2023-08-25,11.51,2.5702,0.08688097306689835,0.025702,3.380319549719802,1.947821382853569,2.5989937402379617,0.40112805843480054,1,看多：股权风险溢价高于1.5个标准差,2023-08-28
2023-08-28,11.71,2.5837,0.08539709649871904,0.025837,3.305224929315286,1.756834583043144,2.5998110890652373,0.4015254748845784,1,看多：股权风险溢价高于1.5个标准差,2023-08-29
2023-08-29,11.79,2.57,0.08481764206955048,0.025699999999999997,3.3002973567918477,1.7409304706741002,2.6006832407996123,0.4018621810446801,1,看多：股权风险溢价高于1.5个标准差,2023-08-30
2023-08-30,11.88,2.56,0.08417508417508417,0.0256,3.288089225589225,1.7070652727198468,2.601551097238586,0.4021745034135608,1,看多：股权风险溢价高于1.5个标准差,2023-08-31
2023-08-31,11.9,2.5575,0.08403361344537814,0.025575,3.285771786720553,1.6977891132543805,2.602371184645686,0.40252384512285,1,看多：股权风险溢价高于1.5个标准差,2023-09-01
2023-09-01,11.95,2.585,0.08368200836820085,0.025849999999999998,3.2372150239149264,1.574153474436311,2.6031943089248375,0.4027693139750084,1,看多：股权风险溢价高于1.5个标准差,2023-09-04
2023-09-04,12.13,2.6124,0.08244023083264633,0.026124,3.1557277152291503,1.3694390861479613,2.6039356544752965,0.4029328988308395,0,中性,2023-09-05
2023-09-05,12.04,2.615,0.08305647840531562,0.026150000000000003,3.176155961962356,1.4175951991330182,2.6046767967665767,0.4031328305466103,0,中性,2023-09-06
2023-09-06,12.03,2.6375,0.0831255195344971,0.026375000000000003,3.151678465762923,1.3545051557889742,2.60538271914047,0.4033175837593957,0,中性,2023-09-07
2023-09-07,11.9,2.635,0.08403361344537814,0.02635,3.189131440052302,1.4447294709457204,2.606104703574174,0.4035542627205345,0,中性,2023-09-08
2023-09-08,11.86,2.6375,0.08431703204047218,0.026375000000000003,3.1968542953733525,1.4611719690237157,2.606811093764057,0.4038150293859893,0,中性,2023-09-11
2023-09-11,11.95,2.63,0.08368200836820085,0.0263,3.181825413239576,1.4214214919120043,2.6075818605370857,0.40399245119760696,0,中性,2023-09-12
2023-09-12,11.93,2.623,0.08382229673093043,0.026230000000000003,3.1956651441452695,1.4530780858668877,2.6083853999322737,0.40416254977971966,0,中性,2023-09-13
2023-09-13,11.88,2.615,0.08417508417508417,0.026150000000000003,3.2189324732345757,1.5079580726195447,2.609253673144998,0.40430752761612015,1,看多：股权风险溢价高于1.5个标准差,2023-09-14
2023-09-14,11.9,2.6075,0.08403361344537814,0.026075,3.222765616313639,1.5147252559265083,2.6101223668923637,0.40445833132064696,1,看多：股权风险溢价高于1.5个标准差,2023-09-15
2023-09-15,11.84,2.64,0.08445945945945946,0.0264,3.199221949221949,1.453934374975651,2.6109441258207164,0.40461098762527337,0,中性,2023-09-18
2023-09-18,11.87,2.65,0.08424599831508003,0.0265,3.179094276040756,1.4017370341645947,2.6117357029043227,0.4047539298086442,0,中性,2023-09-19
2023-09-19,11.88,2.6625,0.08417508417508417,0.026625,3.1615055089233493,1.3559494238896532,2.61251055347123,0.4048786376392135,0,中性,2023-09-20
2023-09-20,11.84,2.665,0.08445945945945946,0.02665,3.169210486283657,1.3725866838493386,2.6132727288503252,0.40502925168575654,0,中性,2023-09-21
2023-09-21,11.74,2.6576,0.08517887563884156,0.026576,3.205105194116555,1.4585369896414293,2.6140196594485565,0.4052592007373858,0,中性,2023-09-22
2023-09-22,11.92,2.6776,0.08389261744966443,0.026776,3.133127332299986,1.278753158364029,2.614673579236442,0.4054369286773274,0,中性,2023-09-25
2023-09-25,11.86,2.6976,0.08431703204047218,0.026976,3.125631377538263,1.2581504380464925,2.615294030680802,0.4056250599489937,0,中性,2023-09-26
2023-09-26,11.79,2.6951,0.08481764206955048,0.026951,3.1471055645263806,1.30885444965612,2.6159100889187332,0.4058476293885926,0,中性,2023-09-27
2023-09-27,11.8,2.6877,0.0847457627118644,0.026876999999999998,3.153096056548886,1.321329582141366,2.6165974929345195,0.4060293289921726,0,中性,2023-09-28
2023-09-28,11.79,2.6751,0.08481764206955048,0.026751,3.1706344461721234,1.3621271652882276,2.6172919017847165,0.40623413032829353,0,中性,2023-10-09
2023-10-09,11.77,2.6702,0.08496176720475786,0.026702,3.1818503185063984,1.3872903035611706,2.6180448179181584,0.40640772817409077,0,中性,2023-10-10
2023-10-10,11.68,2.6811,0.08561643835616438,0.026810999999999998,3.193332526058871,1.413025651359085,2.618807968221535,0.40659173970744505,0,中性,2023-10-11
2023-10-11,11.7,2.6976,0.08547008547008547,0.026976,3.168375054496051,1.3493059786963217,2.619557684149482,0.40674048659950934,0,中性,2023-10-12
2023-10-12,11.83,2.6911,0.08453085376162299,0.026911,3.1411264450084717,1.28014073298863,2.6202643979261464,0.4068787389229583,0,中性,2023-10-13
2023-10-13,11.76,2.6702,0.08503401360544217,0.026702,3.184555973539142,1.384422186307865,2.620981855691893,0.4070825528665162,0,中性,2023-10-16
2023-10-16,11.68,2.6777,0.08561643835616438,0.026777000000000002,3.197387248615019,1.4134034363128263,2.621713402062544,0.40729619849676263,0,中性,2023-10-17
2023-10-17,11.75,2.6882,0.0851063829787234,0.026882000000000003,3.1659245211934897,1.3338383174085888,2.622414753219663,0.40747799855515443,0,中性,2023-10-18
2023-10-18,11.67,2.7052,0.0856898029134533,0.027052,3.1675958492330807,1.3356212303599484,2.6231287643129866,0.40765081637206446,0,中性,2023-10-19
2023-10-19,11.44,2.7177,0.08741258741258742,0.027176999999999996,3.2164178317175343,1.4527503290196286,2.623905764308343,0.40785540059663317,0,中性,2023-10-20
2023-10-20,11.34,2.7052,0.08818342151675485,0.027052,3.259774564422403,1.5560605096205429,2.624683879159879,0.40814009566851334,1,看多：股权风险溢价高于1.5个标准差,2023-10-23
2023-10-23,11.21,2.7047,0.08920606601248884,0.027046999999999998,3.2981870822083357,1.646859651621142,2.625498556317982,0.40846742782736234,1,看多：股权风险溢价高于1.5个标准差,2023-10-24
2023-10-24,11.23,2.7177,0.08904719501335707,0.027176999999999996,3.276564558757666,1.5908258453950133,2.626309304492035,0.4087532624315441,1,看多：股权风险溢价高于1.5个标准差,2023-10-25
2023-10-25,11.21,2.7052,0.08920606601248884,0.027052,3.2975774808697635,1.6389987207605332,2.627165899518411,0.4090372816400162,1,看多：股权风险溢价高于1.5个标准差,2023-10-26
2023-10-26,11.3,2.7152,0.08849557522123894,0.027152,3.2592654397922414,1.5424144327902425,2.627973145260325,0.40928837354685704,1,看多：股权风险溢价高于1.5个标准差,2023-10-27
2023-10-27,11.43,2.7133,0.08748906386701663,0.027132999999999997,3.2244522856675135,1.4547022007054982,2.6287363094685214,0.4095106035517669,0,中性,2023-10-30
2023-10-30,11.49,2.7141,0.08703220191470844,0.027141000000000002,3.2066689478909556,1.4087438910946914,2.6294456857786384,0.4097432228534988,0,中性,2023-10-31
2023-10-31,11.51,2.6938,0.08688097306689835,0.026938,3.2252198777525556,1.4513539209597766,2.6301485968781853,0.4100111435816091,0,中性,2023-11-01
2023-11-01,11.52,2.6853,0.08680555555555555,0.026853,3.232620398300211,1.4666909006024447,2.6308647343429326,0.41028117356568217,0,中性,2023-11-02
2023-11-02,11.48,2.6553,0.08710801393728222,0.026553,3.280533797961896,1.5803889176201504,2.631648625586608,0.41058575211500475,1,看多：股权风险溢价高于1.5个标准差,2023-11-03
2023-11-03,11.55,2.6613,0.08658008658008658,0.026613,3.2533005140377473,1.511202031687046,2.632374885729581,0.41088194383578863,1,看多：股权风险溢价高于1.5个标准差,2023-11-06
2023-11-06,11.63,2.6554,0.08598452278589853,0.026554,3.2381005794192412,1.4714801347540556,2.63307618878748,0.4111672161533364,0,中性,2023-11-07
2023-11-07,11.61,2.6632,0.08613264427217916,0.026632,3.2341785923768085,1.4592524337058643,2.633791147601333,0.4114349449812144,0,中性,2023-11-08
2023-11-08,11.58,2.6464,0.08635578583765112,0.026463999999999998,3.2631418469487277,1.5267357545727887,2.634518078801122,0.4117436604630428,1,看多：股权风险溢价高于1.5个标准差,2023-11-09
2023-11-09,11.61,2.6494,0.08613264427217916,0.026494,3.25102454412996,1.4945032615190577,2.635242336785277,0.41203135730783463,0,中性,2023-11-10
2023-11-10,11.55,2.6444,0.08658008658008658,0.026444000000000002,3.2740919142371263,1.5475027019541805,2.635964970276139,0.4123591791827976,1,看多：股权风险溢价高于1.5个标准差,2023-11-13
2023-11-13,11.55,2.6454,0.08658008658008658,0.026454,3.2728542594725405,1.5415391245643526,2.636706457912739,0.41267055206242675,1,看多：股权风险溢价高于1.5个标准差,2023-11-14
2023-11-14,11.57,2.6573,0.08643042350907519,0.026573000000000003,3.252565517972197,1.4895869540827944,2.6374226793367512,0.4129620207463596,0,中性,2023-11-15
2023-11-15,11.63,2.6633,0.08598452278589853,0.026633,3.2284955801411233,1.4287116798444632,2.638095485570703,0.41323949604352234,0,中性,2023-11-16
2023-11-16,11.55,2.6558,0.08658008658008658,0.026558000000000002,3.260037901200639,1.5022136644841049,2.6388325295666095,0.4135266415961979,1,看多：股权风险溢价高于1.5个标准差,2023-11-17
2023-11-17,11.53,2.6524,0.08673026886383348,0.026524000000000002,3.2698789346943697,1.5231318098755646,2.639614902414039,0.4137948063285616,1,看多：股权风险溢价高于1.5个标准差,2023-11-20
2023-11-20,11.56,2.6584,0.08650519031141868,0.026584,3.2540321363007325,1.4820994765746334,2.6403998044343244,0.4140291131365957,0,中性,2023-11-21
2023-11-21,11.57,2.6684,0.08643042350907519,0.026684,3.2390355085097884,1.4432957340313817,2.6412111863279764,0.41420778021146254,0,中性,2023-11-22
2023-11-22,11.47,2.6823,0.08718395815170009,0.026823,3.2503432931327625,1.4679251458180698,2.6420170390038895,0.4144123124138287,0,中性,2023-11-23
2023-11-23,11.53,2.7023,0.08673026886383348,0.027023000000000002,3.2094981631881536,1.3669857167859019,2.642795575746396,0.4145636494097436,0,中性,2023-11-24
2023-11-24,11.47,2.7053,0.08718395815170009,0.027052999999999997,3.2227094278527373,1.396380580856751,2.6435649613812,0.4147468637212088,0,中性,2023-11-27
2023-11-27,11.4,2.7108,0.08771929824561403,0.027108,3.2359192211012995,1.4256862875354055,2.6443590351629487,0.414930122503307,0,中性,2023-11-28
2023-11-28,11.42,2.6898,0.08756567425569177,0.026898,3.2554715687297113,1.470086982459693,2.6450961589668687,0.41519679926801745,0,中性,2023-11-29
2023-11-29,11.33,2.6826,0.088261253309797,0.026826,3.290138422045665,1.5505930196333193,2.6458610678978007,0.4155038401373827,1,看多：股权风险溢价高于1.5个标准差,2023-11-30
2023-11-30,11.38,2.668,0.08787346221441124,0.026680000000000002,3.293608029025908,1.5559359862470727,2.646628752514317,0.41581355674670745,1,看多：股权风险溢价高于1.5个标准差,2023-12-01
2023-12-01,11.37,2.6625,0.08795074758135445,0.026625,3.3033144631494626,1.5762226136744117,2.6472906749943044,0.41619995961475786,1,看多：股权风险溢价高于1.5个标准差,2023-12-04
2023-12-04,11.32,2.6725,0.08833922261484099,0.026725,3.30549008848797,1.5783663825430274,2.6479816956522506,0.4165752642148632,1,看多：股权风险溢价高于1.5个标准差,2023-12-05
2023-12-05,11.13,2.665,0.08984725965858041,0.02665,3.3713793492900717,1.7328474961517197,2.648695612833021,0.41704982005743463,1,看多：股权风险溢价高于1.5个标准差,2023-12-06
2023-12-06,11.11,2.6725,0.09000900090009001,0.026725,3.3679700991614596,1.7210523742795885,2.6493870129407258,0.41752540303808244,1,看多：股权风险溢价高于1.5个标准差,2023-12-07
2023-12-07,11.1,2.664,0.0900900900900901,0.02664,3.3817601385168956,1.7503184759069714,2.6501046986167025,0.41801275023453516,1,看多：股权风险溢价高于1.5个标准差,2023-12-08
2023-12-08,11.13,2.6636,0.08984725965858041,0.026636000000000003,3.3731513612622166,1.726153541353188,2.650743792461261,0.41850713247364824,1,看多：股权风险溢价高于1.5个标准差,2023-12-11
2023-12-11,11.18,2.644,0.08944543828264759,0.02644,3.382959087845975,1.7458523319973092,2.651454131428655,0.41899589272848514,1,看多：股权风险溢价高于1.5个标准差,2023-12-12
2023-12-12,11.22,2.6375,0.08912655971479501,0.026375000000000003,3.379206055537251,1.7331885386835664,2.652250140364287,0.4194326808352423,1,看多：股权风险溢价高于1.5个标准差,2023-12-13
2023-12-13,11.07,2.6226,0.09033423667570009,0.026226,3.444453468912533,1.8843446562147181,2.6530370462245902,0.4199955778141693,1,看多：股权风险溢价高于1.5个标准差,2023-12-14
2023-12-14,11.02,2.6376,0.09074410163339383,0.026376,3.4404042172199665,1.870372536510498,2.6538092533808904,0.4205552361812393,1,看多：股权风险溢价高于1.5个标准差,2023-12-15
2023-12-15,10.98,2.6227,0.09107468123861566,0.026227,3.4725542852257467,1.9421203914953022,2.654608914493712,0.4211610023322353,1,看多：股权风险溢价高于1.5个标准差,2023-12-18
2023-12-18,10.95,2.6126,0.09132420091324202,0.026126,3.495529392683228,1.9917055368189822,2.6554270115632224,0.42180049489733334,1,看多：股权风险溢价高于1.5个标准差,2023-12-19
2023-12-19,10.97,2.6191,0.09115770282588878,0.026191,3.4804972252257946,1.95137673826315,2.6561642501133367,0.4224366104959143,1,看多：股权风险溢价高于1.5个标准差,2023-12-20
2023-12-20,10.86,2.6222,0.09208103130755065,0.026222,3.51159451252958,2.01989805376041,2.6569456753274148,0.42311483770731906,1,看多：股权风险溢价高于1.5个标准差,2023-12-21
2023-12-21,10.93,2.5901,0.09149130832570906,0.025901,3.532346562901396,2.0635995794763895,2.6577411770430306,0.4238251425115549,1,看多：股权风险溢价高于1.5个标准差,2023-12-22
2023-12-22,10.95,2.5877,0.09132420091324202,0.025876999999999997,3.529164930758667,2.050826228096523,2.6585308486552806,0.42452845110697984,1,看多：股权风险溢价高于1.5个标准差,2023-12-25
2023-12-25,10.99,2.5678,0.09099181073703366,0.025678,3.543570789665615,2.0792912742377725,2.659417519148153,0.42521857397856655,1,看多：股权风险溢价高于1.5个标准差,2023-12-26
2023-12-26,10.94,2.5804,0.09140767824497258,0.025804,3.542384058478243,2.071078820409283,2.6602796954951913,0.4259153993997832,1,看多：股权风险溢价高于1.5个标准差,2023-12-27
2023-12-27,11.0,2.5577,0.09090909090909091,0.025577000000000003,3.5543297067322555,2.0935741164668418,2.6611333265594923,0.42663709545671086,1,看多：股权风险溢价高于1.5个标准差,2023-12-28
2023-12-28,11.17,2.5694,0.08952551477170993,0.025693999999999998,3.4842965194874265,1.92483971947183,2.6618996625179343,0.4272547208217187,1,看多：股权风险溢价高于1.5个标准差,2023-12-29
2023-12-29,11.23,2.5553,0.08904719501335707,0.025553,3.484803937438151,1.9214651494288018,2.66266284299883,0.42787197815360883,1,看多：股权风险溢价高于1.5个标准差,2024-01-02
2024-01-02,11.21,2.5601,0.08920606601248884,0.025601,3.484475841275296,1.916205356194349,2.6633901753671196,0.42849565327323846,1,看多：股权风险溢价高于1.5个标准差,2024-01-03
2024-01-03,11.16,2.5531,0.08960573476702509,0.025531,3.5096837087080446,1.9702166447731861,2.6641673340599716,0.42914893491086603,1,看多：股权风险溢价高于1.5个标准差,2024-01-04
2024-01-04,11.11,2.5368,0.09000900090009001,0.025367999999999998,3.5481315397386477,2.0545037661103667,2.6649858209095956,0.42985840834015293,1,看多：股权风险溢价高于1.5个标准差,2024-01-05
2024-01-05,11.04,2.5175,0.09057971014492755,0.025175,3.598002389073587,2.1645972527706756,2.6657915714147054,0.43066247841978705,1,看多：股权风险溢价高于1.5个标准差,2024-01-08
2024-01-08,10.91,2.5136,0.09165902841429881,0.025136,3.6465240457630017,2.2706169598092685,2.6666432580137056,0.43154825542728525,1,看多：股权风险溢价高于1.5个标准差,2024-01-09
2024-01-09,10.92,2.4862,0.09157509157509157,0.024862000000000002,3.683335675934823,2.3487284998187143,2.667507037462309,0.4325015166933599,1,看多：股权风险溢价高于1.5个标准差,2024-01-10
2024-01-10,10.85,2.4982,0.09216589861751152,0.024982,3.6892922351097397,2.3552181446690192,2.668411084693271,0.43345502951699366,1,看多：股权风险溢价高于1.5个标准差,2024-01-11
2024-01-11,10.87,2.4992,0.09199632014719412,0.024992,3.6810307357231964,2.329127576274219,2.6692632446260243,0.4343976265635232,1,看多：股权风险溢价高于1.5个标准差,2024-01-12
2024-01-12,10.86,2.5172,0.09208103130755065,0.025172,3.65807370521018,2.2696746376195716,2.670097322014282,0.43529427822839173,1,看多：股权风险溢价高于1.5个标准差,2024-01-15
2024-01-15,10.87,2.5212,0.09199632014719412,0.025212,3.6489100486750012,2.2421969728156754,2.6709309512226262,0.43617001954304746,1,看多：股权风险溢价高于1.5个标准差,2024-01-16
2024-01-16,10.92,2.5252,0.09157509157509157,0.025252,3.6264490565140015,2.1847492244081095,2.6716994710669297,0.4370064878753907,1,看多：股权风险溢价高于1.5个标准差,2024-01-17
2024-01-17,10.71,2.5077,0.09337068160597571,0.025077,3.7233593175410022,2.3989951642408656,2.672558215033356,0.43801718243152865,1,看多：股权风险溢价高于1.5个标准差,2024-01-18
2024-01-18,10.8,2.5092,0.09259259259259259,0.025092,3.690124047209971,2.316250188770668,2.673379026973596,0.43896165671809595,1,看多：股权风险溢价高于1.5个标准差,2024-01-19
2024-01-19,10.76,2.5027,0.0929368029739777,0.025027,3.7134615804522197,2.3621960382438214,2.6742226571336967,0.43994609528307693,1,看多：股权风险溢价高于1.5个标准差,2024-01-22
2024-01-22,10.56,2.4922,0.0946969696969697,0.024922,3.799733957827209,2.5496325469949523,2.675101870451544,0.4410957526805887,1,看多：股权风险溢价高于1.5个标准差,2024-01-23
2024-01-23,10.61,2.5042,0.09425070688030161,0.025042,3.763705250391407,2.4600018516828417,2.6759684994493784,0.44216907812403805,1,看多：股权风险溢价高于1.5个标准差,2024-01-24
2024-01-24,10.8,2.5042,0.09259259259259259,0.025042,3.697491917282669,2.3034038214098875,2.6768335396953056,0.44310874545768086,1,看多：股权风险溢价高于1.5个标准差,2024-01-25
2024-01-25,11.08,2.4984,0.09025270758122744,0.024984000000000003,3.612420252210512,2.105924863115712,2.6776057375886437,0.4438973730709519,1,看多：股权风险溢价高于1.5个标准差,2024-01-26
2024-01-26,11.1,2.4994,0.0900900900900901,0.024994000000000002,3.6044686760858644,2.082726892757311,2.678340897321419,0.4446707736789964,1,看多：股权风险溢价高于1.5个标准差,2024-01-29
2024-01-29,11.04,2.494,0.09057971014492755,0.024940000000000004,3.6319049777436865,2.138898538213463,2.6790576457604662,0.4454850545548064,1,看多：股权风险溢价高于1.5个标准差,2024-01-30
2024-01-30,10.85,2.4557,0.09216589861751152,0.024557000000000002,3.753141614102354,2.4036414089077898,2.67987426170728,0.4465172502094498,1,看多：股权风险溢价高于1.5个标准差,2024-01-31
2024-01-31,10.78,2.433,0.0927643784786642,0.024329999999999997,3.8127570274831157,2.5288275988304982,2.6807069580534253,0.44765806492828036,1,看多：股权风险溢价高于1.5个标准差,2024-02-01
2024-02-01,10.74,2.4354,0.0931098696461825,0.024354,3.8231859097553786,2.543640977562975,2.681556237504775,0.44881714138147843,1,看多：股权风险溢价高于1.5个标准差,2024-02-02
2024-02-02,10.65,2.4244,0.09389671361502347,0.024243999999999998,3.872987692419711,2.645173324725866,2.6824567312049648,0.45007673035494855,1,看多：股权风险溢价高于1.5个标准差,2024-02-05
2024-02-05,10.71,2.4002,0.09337068160597571,0.024002,3.890120890174807,2.6733710536980606,2.683439741854975,0.4513706193723597,1,看多：股权风险溢价高于1.5个标准差,2024-02-06
2024-02-06,11.06,2.4525,0.09041591320072333,0.024525,3.686683514810329,2.2165220413697937,2.684235626491848,0.45226163765056715,1,看多：股权风险溢价高于1.5个标准差,2024-02-07
2024-02-07,11.21,2.4153,0.08920606601248884,0.024152999999999997,3.693374156936565,2.225053348132288,2.6850678107452848,0.4531605262577878,1,看多：股权风险溢价高于1.5个标准差,2024-02-08
2024-02-08,11.24,2.4379,0.08896797153024912,0.024378999999999998,3.6493691919376974,2.1223895633190244,2.685845698278197,0.45398050872090034,1,看多：股权风险溢价高于1.5个标准差,2024-02-19
2024-02-19,11.41,2.4344,0.0876424189307625,0.024344,3.600165089170329,2.0092241267086326,2.686541205043358,0.45471476874190453,1,看多：股权风险溢价高于1.5个标准差,2024-02-20
2024-02-20,11.45,2.4134,0.08733624454148473,0.024134000000000003,3.6188051935644614,2.0453452717447886,2.6872103336255737,0.4554707084462994,1,看多：股权风险溢价高于1.5个标准差,2024-02-21
2024-02-21,11.56,2.4119,0.08650519031141868,0.024119,3.5865993744109903,1.9702170371109755,2.6878442439516483,0.4561706215764077,1,看多：股权风险溢价高于1.5个标准差,2024-02-22
2024-02-22,11.67,2.4033,0.0856898029134533,0.024033000000000002,3.5655058841365324,1.919737257071784,2.688490487839044,0.4568413688210742,1,看多：股权风险溢价高于1.5个标准差,2024-02-23
2024-02-23,11.68,2.4009,0.08561643835616438,0.024009,3.566014342794968,1.9167512503555626,2.6890958857702256,0.4575024833619238,1,看多：股权风险溢价高于1.5个标准差,2024-02-26
2024-02-26,11.53,2.3789,0.08673026886383348,0.023788999999999998,3.6458139839351587,2.086177142124371,2.689749759541216,0.4582852554027961,1,看多：股权风险溢价高于1.5个标准差,2024-02-27
2024-02-27,11.66,2.3809,0.08576329331046312,0.023809,3.6021375660659043,1.986563699504924,2.690337088710667,0.4589837605421207,1,看多：股权风险溢价高于1.5个标准差,2024-02-28
2024-02-28,11.5,2.3376,0.08695652173913043,0.023376,3.7199059607773113,2.237369498683917,2.6910015003960526,0.45987239076356806,1,看多：股权风险溢价高于1.5个标准差,2024-02-29
2024-02-29,11.7,2.3375,0.08547008547008547,0.023375,3.656474244709539,2.094903445147141,2.691541669912811,0.4606095698739727,1,看多：股权风险溢价高于1.5个标准差,2024-03-01
2024-03-01,11.75,2.3675,0.0851063829787234,0.023675,3.5947785841065847,1.9573285046758788,2.6920055992507246,0.46122711782882536,1,看多：股权风险溢价高于1.5个标准差,2024-03-04
2024-03-04,11.8,2.3475,0.0847457627118644,0.023475000000000003,3.6100431400155224,1.9863581377099346,2.692538684923117,0.46190283497929174,1,看多：股权风险溢价高于1.5个标准差,2024-03-05
2024-03-05,11.87,2.3169,0.08424599831508003,0.023169,3.6361516817765134,2.0384563325198544,2.693107405078517,0.462626675712128,1,看多：股权风险溢价高于1.5个标准差,2024-03-06
2024-03-06,11.82,2.265,0.08460236886632826,0.02265,3.7352039234582013,2.2469701489756777,2.6937266228640553,0.46350295355233023,1,看多：股权风险溢价高于1.5个标准差,2024-03-07
2024-03-07,11.78,2.2776,0.08488964346349746,0.022776,3.7271532957278475,2.224098948437212,2.6943510117794447,0.46436885583445503,1,看多：股权风险溢价高于1.5个标准差,2024-03-08
2024-03-08,11.87,2.2825,0.08424599831508003,0.022825,3.690952828700111,2.141247799670946,2.694930134871994,0.46515993804228545,1,看多：股权风险溢价高于1.5个标准差,2024-03-11
2024-03-11,11.95,2.305,0.08368200836820085,0.02305,3.630455894498952,2.0069825767753455,2.6954821471910897,0.46586042057729316,1,看多：股权风险溢价高于1.5个标准差,2024-03-12
2024-03-12,11.86,2.3476,0.08431703204047218,0.023476,3.5916268546801917,1.9198927066572677,2.6960017142898756,0.46649749607606583,1,看多：股权风险溢价高于1.5个标准差,2024-03-13
2024-03-13,11.79,2.3326,0.08481764206955048,0.023326,3.636184603856232,2.0109984016258506,2.696599555160508,0.4672231703098764,1,看多：股权风险溢价高于1.5个标准差,2024-03-14
2024-03-14,11.78,2.3425,0.08488964346349746,0.023424999999999998,3.6238908629027735,1.9806415147844987,2.69713960247125,0.46790459228173725,1,看多：股权风险溢价高于1.5个标准差,2024-03-15
2024-03-15,11.81,2.32,0.0846740050804403,0.0232,3.649741598294841,2.031602589836793,2.69769074344199,0.468620614885775,1,看多：股权风险溢价高于1.5个标准差,2024-03-18
2024-03-18,11.91,2.2926,0.08396305625524769,0.022926000000000002,3.662350879143666,2.0538785156037127,2.698301485102483,0.4693799495525724,1,看多：股权风险溢价高于1.5个标准差,2024-03-19
2024-03-19,11.83,2.2801,0.08453085376162299,0.022801000000000002,3.7073309837999644,2.144422999435804,2.698974139294936,0.470222919997746,1,看多：股权风险溢价高于1.5个标准差,2024-03-20
2024-03-20,11.9,2.2951,0.08403361344537814,0.022951000000000003,3.6614358174100534,2.0422598910071126,2.699581603406532,0.47097542200135756,1,看多：股权风险溢价高于1.5个标准差,2024-03-21
2024-03-21,11.87,2.2851,0.08424599831508003,0.022851,3.686753241218329,2.0911209651638543,2.7002202630667695,0.4717723147471085,1,看多：股权风险溢价高于1.5个标准差,2024-03-22
2024-03-22,11.82,2.3051,0.08460236886632826,0.023051,3.670225537561419,2.05134657226146,2.7008669266506966,0.4725474593218419,1,看多：股权风险溢价高于1.5个标准差,2024-03-25
2024-03-25,11.78,2.3151,0.08488964346349746,0.023151,3.666780850222343,2.039311249766532,2.7015314884730275,0.4733212558209644,1,看多：股权风险溢价高于1.5个标准差,2024-03-26
2024-03-26,11.83,2.3175,0.08453085376162299,0.023174999999999998,3.647501780436807,1.9940626151251177,2.702188607784264,0.47406393634897426,1,看多：股权风险溢价高于1.5个标准差,2024-03-27
2024-03-27,11.71,2.2876,0.08539709649871904,0.022875999999999997,3.733043211169744,2.168964783258997,2.702905248273458,0.4749445315328923,1,看多：股权风险溢价高于1.5个标准差,2024-03-28
2024-03-28,11.79,2.3026,0.08481764206955048,0.023026,3.683559544408515,2.059986291357849,2.703559117467569,0.475731528434092,1,看多：股权风险溢价高于1.5个标准差,2024-03-29
2024-03-29,11.98,2.2901,0.08347245409015025,0.022900999999999998,3.644926164366196,1.9744219505750262,2.704196040973495,0.4764585012432247,1,看多：股权风险溢价高于1.5个标准差,2024-04-01
2024-04-01,12.15,2.3082,0.0823045267489712,0.023082,3.565745028549138,1.8046471396092711,2.7047990872437166,0.47707162381440776,1,看多：股权风险溢价高于1.5个标准差,2024-04-02
2024-04-02,12.16,2.2927,0.08223684210526316,0.022927,3.586899380872472,1.8451852091189427,2.705425776026905,0.47771551630118575,1,看多：股权风险溢价高于1.5个标准差,2024-04-03
2024-04-03,12.14,2.2837,0.08237232289950576,0.022837,3.6069677671982205,1.8831510842241355,2.7060856913538243,0.4783907586552264,1,看多：股权风险溢价高于1.5个标准差,2024-04-08
2024-04-08,12.08,2.2822,0.08278145695364239,0.022822,3.6272656626782225,1.9212363567749557,2.706802729185581,0.47909926868017316,1,看多：股权风险溢价高于1.5个标准差,2024-04-09
2024-04-09,12.06,2.2802,0.08291873963515754,0.022802,3.6364678376965855,1.9360186074492378,2.707527626492914,0.4798198775721366,1,看多：股权风险溢价高于1.5个标准差,2024-04-10
2024-04-10,11.98,2.2972,0.08347245409015025,0.022972000000000003,3.6336607213194427,1.925874868574381,2.708217909435575,0.4805311222368886,1,看多：股权风险溢价高于1.5个标准差,2024-04-11
2024-04-11,11.99,2.2928,0.08340283569641367,0.022928,3.6375975094388378,1.9295751680340567,2.708992847496713,0.4812482443419042,1,看多：股权风险溢价高于1.5个标准差,2024-04-12
2024-04-12,11.91,2.2837,0.08396305625524769,0.022837,3.6766237358342906,2.005740563721723,2.7098098719649597,0.482023388944866,1,看多：股权风险溢价高于1.5个标准差,2024-04-15
2024-04-15,12.19,2.2798,0.08203445447087777,0.022798,3.5983180310061313,1.8392299972041632,2.7105674086582914,0.4826751541119495,1,看多：股权风险溢价高于1.5个标准差,2024-04-16
2024-04-16,12.07,2.2723,0.08285004142502071,0.022723,3.646087287110888,1.9336538411377475,2.711365558334788,0.48339661882093476,1,看多：股权风险溢价高于1.5个标准差,2024-04-17
2024-04-17,12.26,2.2608,0.08156606851549755,0.022608000000000003,3.6078409640612854,1.850353963989247,2.7121787754320796,0.4840491095542684,1,看多：股权风险溢价高于1.5个标准差,2024-04-18
2024-04-18,12.27,2.2537,0.08149959250203749,0.022536999999999998,3.6162573768486266,1.8634382603954809,2.7131328351614674,0.4846549310925318,1,看多：股权风险溢价高于1.5个标准差,2024-04-19
2024-04-19,12.25,2.254,0.08163265306122448,0.02254,3.6216793727251324,1.8702866663496176,2.714077207665905,0.48527436001597785,1,看多：股权风险溢价高于1.5个标准差,2024-04-22
2024-04-22,12.18,2.2435,0.08210180623973727,0.022435,3.65954117404668,1.943596833507668,2.715044797648841,0.4859528273120706,1,看多：股权风险溢价高于1.5个标准差,2024-04-23
2024-04-23,12.07,2.226,0.08285004142502071,0.02226,3.72192459231899,2.066577457255273,2.7160603188127683,0.48672952952954457,1,看多：股权风险溢价高于1.5个标准差,2024-04-24
2024-04-24,12.13,2.2727,0.08244023083264633,0.022727,3.627413685600666,1.8680858600845653,2.7170475299457895,0.48732564980373305,1,看多：股权风险溢价高于1.5个标准差,2024-04-25
2024-04-25,12.16,2.2612,0.08223684210526316,0.022612,3.6368672432895437,1.883115157038243,2.7180715864456464,0.4879126236172279,1,看多：股权风险溢价高于1.5个标准差,2024-04-26
2024-04-26,12.33,2.3084,0.08110300081103,0.023083999999999997,3.513385930126062,1.6267784536615209,2.71901691788431,0.4883080486182993,1,看多：股权风险溢价高于1.5个标准差,2024-04-29
2024-04-29,12.4,2.353,0.08064516129032258,0.023530000000000002,3.427333671496922,1.4479100216999237,2.7199054016976545,0.48858579552388826,0,中性,2024-04-30
2024-04-30,12.55,2.3028,0.0796812749003984,0.023028,3.4601908502865384,1.512298679348933,2.720781178881762,0.48893097739337,1,看多：股权风险溢价高于1.5个标准差,2024-05-06
2024-05-06,12.66,2.3081,0.07898894154818326,0.023081,3.4222495363365213,1.4321158315580764,2.72153772881034,0.4892843107277425,0,中性,2024-05-07
2024-05-07,12.68,2.2896,0.07886435331230283,0.022896,3.444459875624687,1.4747741202151536,2.722348306575101,0.48964214868663264,0,中性,2024-05-08
2024-05-08,12.61,2.2955,0.07930214115781127,0.022955,3.454678334036649,1.492845252350581,2.7231863118389636,0.4899985588230957,0,中性,2024-05-09
2024-05-09,12.69,2.3186,0.07880220646178093,0.023186,3.398697768557791,1.3761733641391796,2.7239513997114244,0.4903062262569166,0,中性,2024-05-10
2024-05-10,12.71,2.3122,0.07867820613690008,0.023121999999999997,3.4027422427514957,1.3819847906193237,2.724707855097493,0.4906236249894965,0,中性,2024-05-13
2024-05-13,12.7,2.29,0.07874015748031496,0.0229,3.438434824467902,1.452073687737211,2.725507784647311,0.49097166751334514,0,中性,2024-05-14
2024-05-14,12.66,2.2938,0.07898894154818326,0.022938,3.443584512519978,1.4598714292313726,2.7263613560082067,0.49129200157673597,0,中性,2024-05-15
2024-05-15,12.56,2.302,0.07961783439490445,0.02302,3.4586374628542336,1.4877299179372858,2.7272227067332957,0.4916314092379301,0,中性,2024-05-16
2024-05-16,12.59,2.3147,0.07942811755361398,0.023147,3.431464878974121,1.429862106799623,2.7280655019949585,0.491935112927456,0,中性,2024-05-17
2024-05-17,12.7,2.3077,0.07874015748031496,0.023077,3.4120621172732575,1.3879483741978367,2.728887207150817,0.4922192516831045,0,中性,2024-05-20
2024-05-20,12.76,2.3105,0.07836990595611286,0.023105,3.3919024434586826,1.3446456430574847,2.7296783970861647,0.4924896382862168,0,中性,2024-05-21
2024-05-21,12.72,2.3141,0.07861635220125786,0.023141,3.397275493766815,1.3532091640548063,2.7304154610253355,0.49279893342081377,0,中性,2024-05-22
2024-05-22,12.72,2.3123,0.07861635220125786,0.023123,3.399920088278245,1.3562532016371904,2.731110929891441,0.4931300125813206,0,中性,2024-05-23
2024-05-23,12.58,2.3063,0.0794912559618442,0.023062999999999997,3.446700601042545,1.4484822879546042,2.731881706172692,0.49349508848965346,0,中性,2024-05-24
2024-05-24,12.47,2.3134,0.08019246190858059,0.023134000000000002,3.466433038323705,1.4857201889371054,2.7326491095592926,0.4938910665872868,0,中性,2024-05-27
2024-05-27,12.61,2.3084,0.07930214115781127,0.023083999999999997,3.4353726025736995,1.4202652215272324,2.7334617677172197,0.494211098193128,0,中性,2024-05-28
2024-05-28,12.55,2.2994,0.0796812749003984,0.022994,3.4653072497346438,1.4781078596812287,2.7343904755094757,0.4944948837379154,0,中性,2024-05-29
2024-05-29,12.57,2.2776,0.07955449482895784,0.022776,3.4929089756303933,1.5310428858000544,2.7353615732195724,0.49479175889639465,1,看多：股权风险溢价高于1.5个标准差,2024-05-30
2024-05-30,12.49,2.2826,0.08006405124099279,0.022826,3.507581321343766,1.5577903350539397,2.7364027271714693,0.49504646217078624,1,看多：股权风险溢价高于1.5个标准差,2024-05-31
2024-05-31,12.46,2.2926,0.08025682182985554,0.022926000000000002,3.5006901260514494,1.5410737067482254,2.737475646720405,0.49524852444694606,1,看多：股权风险溢价高于1.5个标准差,2024-06-03
2024-06-03,12.49,2.2853,0.08006405124099279,0.022853,3.5034372397931475,1.5437983490756564,2.738539058566878,0.4954650856339169,1,看多：股权风险溢价高于1.5个标准差,2024-06-04
2024-06-04,12.56,2.2854,0.07961783439490445,0.022854,3.4837592716769255,1.5014254161258278,2.7396090991280753,0.49562912986314217,1,看多：股权风险溢价高于1.5个标准差,2024-06-05
2024-06-05,12.48,2.2808,0.08012820512820512,0.022808000000000002,3.513162273246454,1.5579269010906371,2.740705268927125,0.495823651147281,1,看多：股权风险溢价高于1.5个标准差,2024-06-06
2024-06-06,12.48,2.2828,0.08012820512820512,0.022828,3.5100843318821235,1.5488615508801893,2.741759048298528,0.49605807771971006,1,看多：股权风险溢价高于1.5个标准差,2024-06-07
2024-06-07,12.45,2.2833,0.08032128514056225,0.022833000000000003,3.5177718714388053,1.5615011878097849,2.742844193748878,0.49627094986515335,1,看多：股权风险溢价高于1.5个标准差,2024-06-11
2024-06-11,12.34,2.2791,0.08103727714748785,0.022791000000000002,3.5556700955415663,1.6347870872372043,2.743970357330269,0.4965170966594021,1,看多：股权风险溢价高于1.5个标准差,2024-06-12
2024-06-12,12.37,2.276,0.08084074373484236,0.02276,3.5518780199842865,1.6242250792129063,2.745148268263104,0.49668593475488065,1,看多：股权风险溢价高于1.5个标准差,2024-06-13
2024-06-13,12.33,2.2678,0.08110300081103,0.022677999999999997,3.57628542248126,1.6703003336350395,2.7463504368738945,0.4968776985161678,1,看多：股权风险溢价高于1.5个标准差,2024-06-14
2024-06-14,12.36,2.2558,0.08090614886731393,0.022557999999999998,3.5865834235000413,1.687837966945531,2.7475353103208415,0.4971141363158334,1,看多：股权风险溢价高于1.5个标准差,2024-06-17
2024-06-17,12.36,2.2609,0.08090614886731393,0.022609,3.5784930278788942,1.6684893395062346,2.7487319047166228,0.4973128107655919,1,看多：股权风险溢价高于1.5个标准差,2024-06-18
2024-06-18,12.4,2.2537,0.08064516129032258,0.022536999999999998,3.5783450011236004,1.6650869024978912,2.7499099716659026,0.49753260818694545,1,看多：股权风险溢价高于1.5个标准差,2024-06-19
2024-06-19,12.38,2.2429,0.08077544426494346,0.022429,3.601384112753286,1.7081054230143404,2.751093080611738,0.49779774754242984,1,看多：股权风险溢价高于1.5个标准差,2024-06-20
2024-06-20,12.33,2.2445,0.08110300081103,0.022445,3.6134105952786815,1.7289495201623297,2.752305537311819,0.49805101185719647,1,看多：股权风险溢价高于1.5个标准差,2024-06-21
2024-06-21,12.31,2.2571,0.08123476848090982,0.022570999999999997,3.599077067073228,1.6968687460531784,2.7534606573557783,0.4983393156862051,1,看多：股权风险溢价高于1.5个标准差,2024-06-24
2024-06-24,12.24,2.2451,0.08169934640522876,0.022451,3.639007011056468,1.773320806931348,2.7546102668951673,0.4987234913753195,1,看多：股权风险溢价高于1.5个标准差,2024-06-25
2024-06-25,12.19,2.235,0.08203445447087777,0.02235,3.670445390195874,1.8324377587585154,2.755786035339993,0.4991489345185545,1,看多：股权风险溢价高于1.5个标准差,2024-06-26
2024-06-26,12.25,2.2225,0.08163265306122448,0.022225,3.6730102614724176,1.8335756672849062,2.7569241066701338,0.49961731667108766,1,看多：股权风险溢价高于1.5个标准差,2024-06-27
2024-06-27,12.18,2.2081,0.08210180623973727,0.022081,3.7182105085701402,1.9194836566370026,2.757972584006589,0.5002584529664187,1,看多：股权风险溢价高于1.5个标准差,2024-06-28
2024-06-28,12.26,2.2058,0.08156606851549755,0.022058,3.697799823895981,1.874354994932809,2.759018691007464,0.5008555665423294,1,看多：股权风险溢价高于1.5个标准差,2024-07-01
2024-07-01,12.37,2.2486,0.08084074373484236,0.022486000000000003,3.5951589315504027,1.6659957806900727,2.759952166775481,0.5013258583577986,1,看多：股权风险溢价高于1.5个标准差,2024-07-02
2024-07-02,12.39,2.2369,0.08071025020177562,0.022369,3.6081295633142125,1.688349281634673,2.7608454767837824,0.5018417076057171,1,看多：股权风险溢价高于1.5个标准差,2024-07-03
2024-07-03,12.34,2.2426,0.08103727714748785,0.022425999999999998,3.6135412979348907,1.6955869765828657,2.761797914450049,0.50232951493964,1,看多：股权风险溢价高于1.5个标准差,2024-07-04
2024-07-04,12.29,2.2502,0.08136696501220506,0.022502,3.615988134930453,1.696901980222274,2.7627070796362525,0.5028464019957303,1,看多：股权风险溢价高于1.5个标准差,2024-07-05
2024-07-05,12.21,2.2754,0.0819000819000819,0.022754,3.599370743609119,1.6604482994431122,2.7635991109263838,0.5033409549475523,1,看多：股权风险溢价高于1.5个标准差,2024-07-08
2024-07-08,12.15,2.2904,0.0823045267489712,0.022904,3.5934564595254623,1.6453501081632365,2.76452039340064,0.5038052764649545,1,看多：股权风险溢价高于1.5个标准差,2024-07-09
2024-07-09,12.28,2.2698,0.08143322475570033,0.022698,3.587682824729066,1.6305992701382515,2.7654388826914587,0.5042587452942333,1,看多：股权风险溢价高于1.5个标准差,2024-07-10
2024-07-10,12.21,2.2707,0.0819000819000819,0.022707,3.6068208878355525,1.6651279270414547,2.766326701109598,0.5047625309001436,1,看多：股权风险溢价高于1.5个标准差,2024-07-11
2024-07-11,12.3,2.2648,0.08130081300813008,0.022648,3.589756844230399,1.6280456233956893,2.767195875979485,0.5052444209365956,1,看多：股权风险溢价高于1.5个标准差,2024-07-12
2024-07-12,12.31,2.2604,0.08123476848090982,0.022604000000000003,3.593822707525651,1.6327929989066652,2.768107389800697,0.5057072870093521,1,看多：股权风险溢价高于1.5个标准差,2024-07-15
2024-07-15,12.36,2.2541,0.08090614886731393,0.022541000000000002,3.589288357540212,1.6205740066746361,2.769023533978597,0.5061569667187066,1,看多：股权风险溢价高于1.5个标准差,2024-07-16
2024-07-16,12.38,2.2613,0.08077544426494346,0.022612999999999998,3.5720799657251785,1.583466071260418,2.7698870408315384,0.506605692065827,1,看多：股权风险溢价高于1.5个标准差,2024-07-17
2024-07-17,12.32,2.2598,0.08116883116883117,0.022597999999999997,3.5918590657948126,1.6192628222317582,2.770769518735763,0.5070761434066512,1,看多：股权风险溢价高于1.5个标准差,2024-07-18
2024-07-18,12.41,2.2673,0.08058017727639001,0.022673000000000002,3.554014787473647,1.5416662437178725,2.771668056541725,0.5074682890151501,1,看多：股权风险溢价高于1.5个标准差,2024-07-19
2024-07-19,12.42,2.2614,0.08051529790660225,0.022614000000000002,3.560418232360584,1.5512862445346944,2.7725609555054427,0.5078735659719962,1,看多：股权风险溢价高于1.5个标准差,2024-07-22
2024-07-22,12.3,2.2461,0.08130081300813008,0.022461000000000002,3.6196435157887037,1.6644759802948201,2.773486257301032,0.5083625528424844,1,看多：股权风险溢价高于1.5个标准差,2024-07-23
2024-07-23,12.12,2.2322,0.08250825082508251,0.022322,3.6962750123233805,1.8111608095978564,2.774457303252677,0.508965136715486,1,看多：股权风险溢价高于1.5个标准差,2024-07-24
2024-07-24,12.07,2.2381,0.08285004142502071,0.022381,3.7018024853679776,1.8179322458790965,2.7754263524953338,0.5095768200231668,1,看多：股权风险溢价高于1.5个标准差,2024-07-25
2024-07-25,11.99,2.2168,0.08340283569641367,0.022168,3.762307636972829,1.9320170750414636,2.776418993051868,0.5102898192034885,1,看多：股权风险溢价高于1.5个标准差,2024-07-26
2024-07-26,11.98,2.1944,0.08347245409015025,0.021943999999999998,3.8038850751982434,2.0084372426501624,2.7774109618515928,0.5110809994701169,1,看多：股权风险溢价高于1.5个标准差,2024-07-29
2024-07-29,11.97,2.1574,0.0835421888053467,0.021574,3.8723550943425744,2.1365913327917614,2.778457642768214,0.5119825372243868,1,看多：股权风险溢价高于1.5个标准差,2024-07-30
2024-07-30,11.88,2.148,0.08417508417508417,0.021480000000000003,3.9187655574992624,2.2208812578967305,2.7795250306584425,0.5129677792498143,1,看多：股权风险溢价高于1.5个标准差,2024-07-31
2024-07-31,12.08,2.1494,0.08278145695364239,0.021494,3.851375125785912,2.084009815175459,2.7805662103322875,0.5138214357994614,1,看多：股权风险溢价高于1.5个标准差,2024-08-01
2024-08-01,12.04,2.1297,0.08305647840531562,0.021297,3.899914467075908,2.1724574902334517,2.781721302558704,0.5147134844038045,1,看多：股权风险溢价高于1.5个标准差,2024-08-02
2024-08-02,11.93,2.1277,0.08382229673093043,0.021277,3.939573094464935,2.243014548840418,2.782890802345525,0.5156820283298589,1,看多：股权风险溢价高于1.5个标准差,2024-08-05
2024-08-05,11.77,2.1376,0.08496176720475786,0.021376,3.974633570581861,2.3040805758321063,2.784075966072539,0.5167170006974946,1,看多：股权风险溢价高于1.5个标准差,2024-08-06
2024-08-06,11.76,2.1491,0.08503401360544217,0.021490999999999996,3.95672670445499,2.262781115509086,2.7852212602956037,0.5177281338128096,1,看多：股权风险溢价高于1.5个标准差,2024-08-07
2024-08-07,11.77,2.1414,0.08496176720475786,0.021414,3.967580424243853,2.277020454794089,2.7864125378023297,0.5187339814864932,1,看多：股权风险溢价高于1.5个标准差,2024-08-08
2024-08-08,11.77,2.181,0.08496176720475786,0.02181,3.8955418250691363,2.132371926369243,2.7875539897358683,0.5196034620563692,1,看多：股权风险溢价高于1.5个标准差,2024-08-09
2024-08-09,11.74,2.1986,0.08517887563884156,0.021986,3.8742324951715443,2.085885819419756,2.788706193488477,0.5204150158061073,1,看多：股权风险溢价高于1.5个标准差,2024-08-12
2024-08-12,11.73,2.2508,0.08525149190110827,0.022508,3.7876084903637937,1.9149264917315896,2.7898341270433034,0.5210509999359003,1,看多：股权风险溢价高于1.5个标准差,2024-08-13
2024-08-13,11.77,2.2255,0.08496176720475786,0.022254999999999997,3.81764849268739,1.9678057191947447,2.7909890509251687,0.5217280505630127,1,看多：股权风险溢价高于1.5个标准差,2024-08-14
2024-08-14,11.71,2.1966,0.08539709649871904,0.021966,3.8876944595610965,2.096595762859443,2.792213128925661,0.5225047908812726,1,看多：股权风险溢价高于1.5个标准差,2024-08-15
2024-08-15,11.82,2.205,0.08460236886632826,0.02205,3.8368421254570637,1.9943461420586253,2.7933716885789885,0.523214308124553,1,看多：股权风险溢价高于1.5个标准差,2024-08-16
2024-08-16,11.85,2.1978,0.08438818565400844,0.021978,3.8396662869236704,1.9948194793318503,2.794535446855994,0.5239225157444998,1,看多：股权风险溢价高于1.5个标准差,2024-08-19
2024-08-19,11.92,2.1816,0.08389261744966443,0.021816,3.845462846060893,2.000952483935493,2.795725761264898,0.5246186969574419,1,看多：股权风险溢价高于1.5个标准差,2024-08-20
2024-08-20,11.82,2.171,0.08460236886632826,0.021709999999999997,3.8969308551970645,2.093577952303086,2.7969324334379784,0.5254155550066856,1,看多：股权风险溢价高于1.5个标准差,2024-08-21
2024-08-21,11.78,2.167,0.08488964346349746,0.02167,3.9173808704890387,2.1268878134727554,2.7982000382702785,0.5262058605674063,1,看多：股权风险溢价高于1.5个标准差,2024-08-22
2024-08-22,11.77,2.1582,0.08496176720475786,0.021582,3.9366957281418706,2.1577433723821375,2.7994492887508673,0.5270536125598149,1,看多：股权风险溢价高于1.5个标准差,2024-08-23
2024-08-23,11.78,2.1547,0.08488964346349746,0.021547,3.939743048382488,2.157643869249555,2.8006759987180696,0.5279217140039864,1,看多：股权风险溢价高于1.5个标准差,2024-08-26
2024-08-26,11.75,2.1628,0.0851063829787234,0.021627999999999998,3.9350093849973833,2.1428744912360704,2.8018869812330216,0.528786174084673,1,看多：股权风险溢价高于1.5个标准差,2024-08-27
2024-08-27,11.74,2.1903,0.08517887563884156,0.021903000000000002,3.8889136483057825,2.050466312585667,2.8030821961947567,0.5295534217978821,1,看多：股权风险溢价高于1.5个标准差,2024-08-28
2024-08-28,11.69,2.1673,0.0855431993156544,0.021673,3.946993924037023,2.15425263379929,2.804282337809744,0.5304445580330874,1,看多：股权风险溢价高于1.5个标准差,2024-08-29
2024-08-29,11.55,2.1703,0.08658008658008658,0.021703,3.98931422292248,2.2276619016742525,2.805504013427355,0.5314137700184235,1,看多：股权风险溢价高于1.5个标准差,2024-08-30
2024-08-30,11.55,2.1704,0.08658008658008658,0.021703999999999998,3.9891304174385636,2.22097997783553,2.806716351696863,0.5323839375148396,1,看多：股权风险溢价高于1.5个标准差,2024-09-02
2024-09-02,11.43,2.1457,0.08748906386701663,0.021457,4.0774136117358735,2.379354904132475,2.807999244557057,0.5335119888899683,1,看多：股权风险溢价高于1.5个标准差,2024-09-03
2024-09-03,11.39,2.1432,0.08779631255487269,0.021432000000000003,4.096505811630864,2.407478452332917,2.8092989077980657,0.5346701660342826,1,看多：股权风险溢价高于1.5个标准差,2024-09-04
2024-09-04,11.31,2.1336,0.08841732979664013,0.021336,4.144044328676421,2.4881200768353495,2.8106598357522836,0.5359003793016593,1,看多：股权风险溢价高于1.5个标准差,2024-09-05
2024-09-05,11.3,2.1338,0.08849557522123894,0.021338,4.147322861619596,2.485973810560432,2.81201420935892,0.5371370553415634,1,看多：股权风险溢价高于1.5个标准差,2024-09-06
2024-09-06,11.22,2.1388,0.08912655971479501,0.021387999999999997,4.167129218009866,2.5143499465583674,2.813382913013586,0.5384080711793054,1,看多：股权风险溢价高于1.5个标准差,2024-09-09
2024-09-09,11.08,2.1267,0.09025270758122744,0.021267,4.243791206151664,2.647052511921992,2.814786596797619,0.5398474729602029,1,看多：股权风险溢价高于1.5个标准差,2024-09-10
2024-09-10,11.13,2.1143,0.08984725965858041,0.021143000000000002,4.24950383855557,2.6479576848051307,2.8162073282314597,0.5412837669381373,1,看多：股权风险溢价高于1.5个标准差,2024-09-11
2024-09-11,11.03,2.1044,0.09066183136899365,0.021044,4.308203353402093,2.7457727003503645,2.8176515479727056,0.5428533123805882,1,看多：股权风险溢价高于1.5个标准差,2024-09-12
2024-09-12,11.0,2.0998,0.09090909090909091,0.020998000000000003,4.329416654399986,2.773951005229944,2.8191205968435313,0.5444566449475773,1,看多：股权风险溢价高于1.5个标准差,2024-09-13
2024-09-13,10.97,2.0724,0.09115770282588878,0.020724,4.398653871158501,2.889070759085592,2.8206746730167693,0.5461891832103039,1,看多：股权风险溢价高于1.5个标准差,2024-09-18
2024-09-18,11.06,2.0403,0.09041591320072333,0.020402999999999998,4.431500916567335,2.936650944508853,2.822259529072421,0.5479852450642734,1,看多：股权风险溢价高于1.5个标准差,2024-09-19
2024-09-19,11.11,2.045,0.09000900090009001,0.02045,4.401418136923717,2.869927553448647,2.823824960835869,0.5496979093399532,1,看多：股权风险溢价高于1.5个标准差,2024-09-20
2024-09-20,11.14,2.0431,0.08976660682226212,0.020430999999999998,4.393647243025899,2.8442517805487744,2.8253934196819364,0.551376581380352,1,看多：股权风险溢价高于1.5个标准差,2024-09-23
2024-09-23,11.2,2.0381,0.08928571428571429,0.020381,4.380830885909146,2.8098312541570896,2.8269560547993278,0.5530135764597575,1,看多：股权风险溢价高于1.5个标准差,2024-09-24
2024-09-24,11.67,2.0728,0.0856898029134533,0.020728,4.134012105048885,2.3562526410456557,2.8282962381393766,0.5541493489127971,1,看多：股权风险溢价高于1.5个标准差,2024-09-25
2024-09-25,11.81,2.0437,0.0846740050804403,0.020436999999999997,4.143171946980492,2.3654324046996185,2.8296227231966697,0.5553104037866714,1,看多：股权风险溢价高于1.5个标准差,2024-09-26
2024-09-26,12.23,2.0787,0.08176614881439084,0.020787,3.933523298907531,1.9829762070025736,2.8307157130368026,0.5561375784421083,1,看多：股权风险溢价高于1.5个标准差,2024-09-27
2024-09-27,12.58,2.1714,0.0794912559618442,0.021714,3.6608296933703692,1.4899199565613095,2.831528334682155,0.556607994299383,0,中性,2024-09-30
2024-09-30,13.58,2.1518,0.07363770250368189,0.021518000000000002,3.422144367677381,1.0595796718902852,2.832127532277196,0.5568404633014501,0,中性,2024-10-08
2024-10-08,14.24,2.1928,0.0702247191011236,0.021928,3.2025136401460963,0.6643235230038246,2.8325352725281476,0.5569249842983788,0,中性,2024-10-09
2024-10-09,13.31,2.176,0.07513148009015777,0.02176,3.4527334600256325,1.1119727570086058,2.833162529034999,0.5571817538564378,0,中性,2024-10-10
2024-10-10,13.5,2.1441,0.07407407407407407,0.021440999999999998,3.4547863473753124,1.1140557836543468,2.833757968335296,0.55744818899724,0,中性,2024-10-11
2024-10-11,13.19,2.1392,0.0758150113722517,0.021392,3.5440824313879813,1.2721962512978897,2.834466935198048,0.5577877591338494,0,中性,2024-10-14
2024-10-14,13.46,2.1368,0.07429420505200594,0.021368,3.4768909140774027,1.1500494757947337,2.835079859007351,0.5580725599883716,0,中性,2024-10-15
2024-10-15,13.09,2.1254,0.07639419404125286,0.021254,3.594344313599928,1.3582512037314267,2.8358001309821033,0.5584712021855237,0,中性,2024-10-16
2024-10-16,13.06,2.1331,0.07656967840735068,0.021331000000000003,3.5895962874385012,1.3475130260518497,2.8365225495330955,0.5588619355405243,0,中性,2024-10-17
2024-10-17,12.92,2.1084,0.07739938080495357,0.021084000000000002,3.671000797047693,1.4904775566711852,2.837312135005468,0.5593433180598676,0,中性,2024-10-18
2024-10-18,13.29,2.1209,0.07524454477050414,0.021209,3.5477648531521595,1.2680966872163504,2.838043990531146,0.5596740925007463,0,中性,2024-10-21
2024-10-21,13.27,2.1211,0.07535795026375283,0.021211,3.5527768734973755,1.274969551454963,2.8387852697363156,0.5600067883552754,0,中性,2024-10-22
2024-10-22,13.25,2.1458,0.07547169811320754,0.021457999999999998,3.5171823149038843,1.2094817964947087,2.839513596020721,0.5602967492749099,0,中性,2024-10-23
2024-10-23,13.3,2.1559,0.07518796992481203,0.021559,3.487544409518625,1.154788279299366,2.8402198940024768,0.5605568805295577,0,中性,2024-10-24
2024-10-24,13.17,2.1661,0.07593014426727411,0.021661,3.505384989948484,1.1847361994227643,2.8409522771970184,0.5608275606630364,0,中性,2024-10-25
2024-10-25,13.22,2.1539,0.075642965204236,0.021539000000000003,3.511907015378429,1.1945001034069176,2.8416495106100266,0.5611196707783566,0,中性,2024-10-28
2024-10-28,13.24,2.1617,0.0755287009063444,0.021617,3.4939492485703108,1.1606788505019991,2.842367624066704,0.5613797685912814,0,中性,2024-10-29
2024-10-29,13.14,2.1598,0.076103500761035,0.021598000000000003,3.523636483055607,1.2116270834469283,2.8431012253939354,0.5616705560308485,0,中性,2024-10-30
2024-10-30,12.99,2.1597,0.07698229407236336,0.021596999999999998,3.5644901640210844,1.2822636932379086,2.8438454410013483,0.5620097697689622,0,中性,2024-10-31
2024-10-31,12.67,2.1476,0.07892659826361484,0.021476000000000002,3.6751070154411822,1.4763865136434136,2.8446921762718955,0.562464389572346,0,中性,2024-11-01
2024-11-01,12.71,2.1406,0.07867820613690008,0.021406,3.6755211686863527,1.4744103044050363,2.845567634936941,0.5629054078568175,0,中性,2024-11-04
2024-11-04,12.85,2.1275,0.07782101167315175,0.021275,3.6578618882797533,1.4404380098745178,2.846427207518343,0.563324957546835,0,中性,2024-11-05
2024-11-05,13.13,2.1106,0.07616146230007616,0.021106,3.608521856347776,1.3505193016642525,2.8472565995853496,0.5636833593006149,0,中性,2024-11-06
2024-11-06,13.06,2.1234,0.07656967840735068,0.021234000000000003,3.605994085304261,1.3437224056890604,2.8480844692841902,0.5640373434358378,0,中性,2024-11-07
2024-11-07,13.41,2.1115,0.07457121551081282,0.021115,3.5316701639030463,1.209989802022043,2.848860827780877,0.5643099925149041,0,中性,2024-11-08
2024-11-08,13.29,2.1067,0.07524454477050414,0.021067,3.5716782062231998,1.2787375164263504,2.8496900813127466,0.564610106167974,0,中性,2024-11-11
2024-11-11,13.31,2.092,0.07513148009015777,0.02092,3.5913709412121304,1.3113756173430935,2.8505405499132612,0.5649261596001192,0,中性,2024-11-12
2024-11-12,13.16,2.0729,0.07598784194528875,0.020729,3.6657746126339306,1.440459305448063,2.851449383795799,0.5653233144165994,0,中性,2024-11-13
2024-11-13,13.24,2.0876,0.0755287009063444,0.020876000000000002,3.617968044948477,1.3535239699182102,2.8523583105703914,0.565641799771266,0,中性,2024-11-14
2024-11-14,13.05,2.0808,0.07662835249042145,0.020808,3.6826390085746565,1.465148043676551,2.853319141538319,0.566031446866826,0,中性,2024-11-15
2024-11-15,12.88,2.0948,0.07763975155279502,0.020948,3.706308552262508,1.5041306018439895,2.8542761276226365,0.5664617311790094,1,看多：股权风险溢价高于1.5个标准差,2024-11-18
2024-11-18,12.87,2.1117,0.07770007770007771,0.021117,3.679503608470792,1.4541382646014926,2.8552292960398646,0.5668472747719214,0,中性,2024-11-19
2024-11-19,12.92,2.0947,0.07739938080495357,0.020947,3.6950103024277254,1.4787429598453392,2.8561897654585118,0.5672524297643624,0,中性,2024-11-20
2024-11-20,12.95,2.1025,0.07722007722007722,0.021025000000000002,3.67277418407026,1.4369256691666967,2.8571323811206866,0.5676297810328499,0,中性,2024-11-21
2024-11-21,12.94,2.0843,0.07727975270479134,0.020842999999999997,3.7077077534323926,1.4956636031620099,2.858084317038246,0.5680578404114013,0,中性,2024-11-22
2024-11-22,12.57,2.0832,0.07955449482895784,0.020832000000000003,3.8188601588401414,1.6878169958946732,2.8591427605266335,0.5686146072991661,1,看多：股权风险溢价高于1.5个标准差,2024-11-25
2024-11-25,12.53,2.0682,0.07980845969672785,0.020682,3.858836654904161,1.7543215639279133,2.860212829614492,0.5692364762670746,1,看多：股权风险溢价高于1.5个标准差,2024-11-26
2024-11-26,12.54,2.0657,0.07974481658692185,0.020657000000000002,3.860425840486123,1.7533171562562244,2.861282711633884,0.5698587533276994,1,看多：股权风险溢价高于1.5个标准差,2024-11-27
2024-11-27,12.72,2.0553,0.07861635220125786,0.020553,3.825054843636348,1.687729229508215,2.862335540171821,0.5704228419063718,1,看多：股权风险溢价高于1.5个标准差,2024-11-28
2024-11-28,12.63,2.0304,0.0791765637371338,0.020304000000000003,3.899554951592484,1.8142627662273454,2.863424180558884,0.5711029241856592,1,看多：股权风险溢价高于1.5个标准差,2024-11-29
2024-11-29,12.74,2.0206,0.07849293563579278,0.020206,3.884635040868692,1.7842043170192834,2.8644879114003206,0.5717658676964997,1,看多：股权风险溢价高于1.5个标准差,2024-12-02
2024-12-02,12.84,1.981,0.0778816199376947,0.01981,3.931429577874543,1.8617490908132375,2.8655972501399627,0.5724897801717256,1,看多：股权风险溢价高于1.5个标准差,2024-12-03
2024-12-03,12.89,1.9886,0.07757951900698215,0.019886,3.901212863672038,1.804942936969128,2.8667113059079488,0.5731491763951446,1,看多：股权风险溢价高于1.5个标准差,2024-12-04
2024-12-04,12.88,1.9612,0.07763975155279502,0.019612,3.958788066122528,1.900928494532145,2.8679059371294904,0.5738680503400654,1,看多：股权风险溢价高于1.5个标准差,2024-12-05
2024-12-05,12.84,1.9462,0.0778816199376947,0.019462,4.001727465712398,1.9709470767536559,2.86916242287443,0.5746298600282127,1,看多：股权风险溢价高于1.5个标准差,2024-12-06
2024-12-06,13.0,1.9539,0.07692307692307693,0.019539,3.9368993767888285,1.8539016245855091,2.870358184121599,0.5752954625657035,1,看多：股权风险溢价高于1.5个标准差,2024-12-09
2024-12-09,12.99,1.9168,0.07698229407236336,0.019168,4.016188129818622,1.9868225639954094,2.8716113390478104,0.5760840507413607,1,看多：股权风险溢价高于1.5个标准差,2024-12-10
2024-12-10,13.08,1.8468,0.0764525993883792,0.018468,4.139733560124497,2.1951474691968915,2.872955632429464,0.5770810141327276,1,看多：股权风险溢价高于1.5个标准差,2024-12-11
2024-12-11,13.06,1.8218,0.07656967840735068,0.018218,4.202968405277784,2.297898046585807,2.8743445813061497,0.578190936689158,1,看多：股权风险溢价高于1.5个标准差,2024-12-12
2024-12-12,13.19,1.8172,0.0758150113722517,0.018172,4.172078547889704,2.2380842356501356,2.875734923832469,0.5792202113789803,1,看多：股权风险溢价高于1.5个标准差,2024-12-13
2024-12-13,12.93,1.7771,0.07733952049497293,0.017771,4.352007230598893,2.5400864933187433,2.8772752946809312,0.5805833540696305,1,看多：股权风险溢价高于1.5个标准差,2024-12-16
2024-12-16,13.04,1.7215,0.07668711656441718,0.017215,4.454668403393388,2.706763413834573,2.8788826233157603,0.5821660556011689,1,看多：股权风险溢价高于1.5个标准差,2024-12-17
2024-12-17,13.05,1.7237,0.07662835249042145,0.017237,4.445573620143961,2.681241473672358,2.8804871727711046,0.5837170813374142,1,看多：股权风险溢价高于1.5个标准差,2024-12-18
2024-12-18,13.12,1.7564,0.07621951219512195,0.017564,4.339530414206442,2.4913425331615233,2.8820205449697864,0.5850298984728809,1,看多：股权风险溢价高于1.5个标准差,2024-12-19
2024-12-19,13.1,1.7417,0.07633587786259542,0.017417000000000002,4.382837334936867,2.556678314615189,2.883629985473376,0.5863887298191991,1,看多：股权风险溢价高于1.5个标准差,2024-12-20
2024-12-20,13.05,1.7018,0.07662835249042145,0.017018,4.502782494442441,2.7507621500725756,2.885325035169791,0.5880033863451171,1,看多：股权风险溢价高于1.5个标准差,2024-12-23
2024-12-23,13.11,1.7019,0.07627765064836003,0.017019,4.481911431245082,2.7052157476723235,2.886993822775404,0.5895713160186978,1,看多：股权风险溢价高于1.5个标准差,2024-12-24
2024-12-24,13.28,1.7166,0.07530120481927711,0.017166,4.3866483059115176,2.53503600333201,2.8885566694006686,0.590954777187299,1,看多：股权风险溢价高于1.5个标准差,2024-12-25
2024-12-25,13.32,1.7365,0.07507507507507508,0.017365,4.323355892604382,2.4202769706123504,2.890084740605598,0.5921930297242609,1,看多：股权风险溢价高于1.5个标准差,2024-12-26
2024-12-26,13.31,1.7122,0.07513148009015777,0.017122,4.38800841549806,2.5210434072590133,2.8916896321195513,0.5935315429595759,1,看多：股权风险溢价高于1.5个标准差,2024-12-27
2024-12-27,13.3,1.6929,0.07518796992481203,0.016929,4.441371015701579,2.6018254603523174,2.893319930629905,0.5949865233704222,1,看多：股权风险溢价高于1.5个标准差,2024-12-30
2024-12-30,13.38,1.7128,0.07473841554559042,0.017128,4.363522626435685,2.4630091714040927,2.8948864105800998,0.5962772014439381,1,看多：股权风险溢价高于1.5个标准差,2024-12-31
2024-12-31,13.19,1.6752,0.0758150113722517,0.016752,4.525728950110536,2.7248185554534934,2.8965947928275333,0.5978872075802731,1,看多：股权风险溢价高于1.5个标准差,2025-01-02
2025-01-02,12.81,1.6077,0.078064012490242,0.016076999999999998,4.855633046603347,3.2602450505221685,2.8985582687472045,0.6002845637455052,1,看多：股权风险溢价高于1.5个标准差,2025-01-03
2025-01-03,12.66,1.6041,0.07898894154818326,0.016041,4.924190608327614,3.356623254266608,2.9005245675729974,0.6028874519004576,1,看多：股权风险溢价高于1.5个标准差,2025-01-06
2025-01-06,12.64,1.5966,0.0791139240506329,0.015966,4.95514994680151,3.3896845933771833,2.902522481693265,0.6055511681289459,1,看多：股权风险溢价高于1.5个标准差,2025-01-07
2025-01-07,12.71,1.6093,0.07867820613690008,0.016093,4.888970741123474,3.2638389541925688,2.904451762409523,0.6080321384009265,1,看多：股权风险溢价高于1.5个标准差,2025-01-08
2025-01-08,12.72,1.6069,0.07861635220125786,0.016069,4.892423436508673,3.253136229175806,2.9063982233214456,0.6104955566802052,1,看多：股权风险溢价高于1.5个标准差,2025-01-09
2025-01-09,12.64,1.6368,0.0791139240506329,0.016368,4.833450882858804,3.1415585251319733,2.9082725827969766,0.6128099427913579,1,看多：股权风险溢价高于1.5个标准差,2025-01-10
2025-01-10,12.49,1.6338,0.08006405124099279,0.016338,4.900480550923785,3.23473326795304,2.91019092801061,0.6152870910968936,1,看多：股权风险溢价高于1.5个标准差,2025-01-13
2025-01-13,12.44,1.6592,0.08038585209003216,0.016592,4.844856080643211,3.1294902602031187,2.912068208051187,0.6176046933811442,1,看多：股权风险溢价高于1.5个标准差,2025-01-14
2025-01-14,12.73,1.6446,0.07855459544383346,0.016446000000000002,4.7765168091835974,3.005466418213659,2.913873482984658,0.6197518344943037,1,看多：股权风险溢价高于1.5个标准差,2025-01-15
2025-01-15,12.65,1.633,0.07905138339920949,0.01633,4.840868548634996,3.0948533672933425,2.9157238949968987,0.62204712959366,1,看多：股权风险溢价高于1.5个标准差,2025-01-16
2025-01-16,12.7,1.6394,0.07874015748031496,0.016394,4.8029863047648504,3.0203778260939207,2.9175275112718233,0.6242460056500221,1,看多：股权风险溢价高于1.5个标准差,2025-01-17
2025-01-17,12.72,1.6593,0.07861635220125786,0.016593,4.73792275063327,2.903920691152837,2.9193019427080182,0.6262639380840914,1,看多：股权风险溢价高于1.5个标准差,2025-01-20
2025-01-20,12.72,1.6747,0.07861635220125786,0.016747,4.694354344136732,2.822967479090144,2.921032044351382,0.6281766661927329,1,看多：股权风险溢价高于1.5个标准差,2025-01-21
2025-01-21,12.71,1.6496,0.07867820613690008,0.016496,4.769532379782982,2.9301133696907162,2.9228206346680645,0.6302526599200645,1,看多：股权风险溢价高于1.5个标准差,2025-01-22
2025-01-22,12.63,1.6602,0.0791765637371338,0.016602,4.769097924173823,2.91702211238975,2.924595843492035,0.6323236539234502,1,看多：股权风险溢价高于1.5个标准差,2025-01-23
2025-01-23,12.71,1.6645,0.07867820613690008,0.016645,4.726837256647647,2.838612441163223,2.926323985816003,0.6342934472920928,1,看多：股权风险溢价高于1.5个标准差,2025-01-24
2025-01-24,12.76,1.6565,0.07836990595611286,0.016565,4.731053785458066,2.833769966397602,2.9280868145683425,0.636243235078719,1,看多：股权风险溢价高于1.5个标准差,2025-01-27
2025-01-27,12.76,1.6299,0.07836990595611286,0.016298999999999998,4.8082646761220245,2.942445983065795,2.9298962375299333,0.6383697268878935,1,看多：股权风险溢价高于1.5个标准差,2025-02-05
2025-02-05,12.66,1.6207,0.07898894154818326,0.016207,4.873754646028461,3.031332992390386,2.9317550747028602,0.640642112298662,1,看多：股权风险溢价高于1.5个标准差,2025-02-06
2025-02-06,12.8,1.5958,0.078125,0.015958,4.895663616994611,3.0516108917289317,2.933647792603253,0.6429442986028114,1,看多：股权风险溢价高于1.5个标准差,2025-02-07
2025-02-07,12.92,1.6032,0.07739938080495357,0.016032,4.8278056889317345,2.9335211771388154,2.9354959638676594,0.645064279682386,1,看多：股权风险溢价高于1.5个标准差,2025-02-10
2025-02-10,12.96,1.6342,0.07716049382716049,0.016342000000000002,4.7216065247313965,2.7581843844547773,2.9372671681546167,0.6469253348809377,1,看多：股权风险溢价高于1.5个标准差,2025-02-11
2025-02-11,12.96,1.6274,0.07716049382716049,0.016274,4.7413354938650905,2.777773681487134,2.9390461378588726,0.6488251249617024,1,看多：股权风险溢价高于1.5个标准差,2025-02-12
2025-02-12,13.07,1.6336,0.07651109410864575,0.016336,4.683588033095357,2.6788173194210825,2.940777433129893,0.6505895670191134,1,看多：股权风险溢价高于1.5个标准差,2025-02-13
2025-02-13,13.03,1.6346,0.07674597083653109,0.016346,4.69509181674606,2.686466202831708,2.9425098985650666,0.6523744524809801,1,看多：股权风险溢价高于1.5个标准差,2025-02-14
2025-02-14,13.12,1.6546,0.07621951219512195,0.016546,4.606521950629877,2.542009912199151,2.9442190861594715,0.6539324872389302,1,看多：股权风险溢价高于1.5个标准差,2025-02-17
2025-02-17,13.14,1.6934,0.076103500761035,0.016934,4.494124292018129,2.3628868094235735,2.9458690265461915,0.6552388626053715,1,看多：股权风险溢价高于1.5个标准差,2025-02-18
2025-02-18,13.06,1.7006,0.07656967840735068,0.017006,4.502509608805756,2.3684621021922743,2.9475676302712435,0.656519678780269,1,看多：股权风险溢价高于1.5个标准差,2025-02-19
2025-02-19,13.12,1.6626,0.07621951219512195,0.016626000000000002,4.584356561717908,2.4850154927521952,2.949329152586927,0.6579546139248257,1,看多：股权风险溢价高于1.5个标准差,2025-02-20
2025-02-20,13.09,1.685,0.07639419404125286,0.01685,4.533780061795422,2.4006836887044023,2.9510502137026733,0.6592829599083562,1,看多：股权风险溢价高于1.5个标准差,2025-02-21
2025-02-21,13.21,1.72,0.07570022710068129,0.0172,4.401175994225657,2.193481849577777,2.9526394413311876,0.6603822836160226,1,看多：股权风险溢价高于1.5个标准差,2025-02-24
2025-02-24,13.16,1.7625,0.07598784194528875,0.017625,4.311366918881632,2.0522303216100406,2.954120647056364,0.6613518266119683,1,看多：股权风险溢价高于1.5个标准差,2025-02-25
2025-02-25,13.0,1.7275,0.07692307692307693,0.017275,4.452855393521096,2.2596325372669144,2.9557194144964716,0.6625572761646681,1,看多：股权风险溢价高于1.5个标准差,2025-02-26
2025-02-26,13.1,1.7251,0.07633587786259542,0.017251000000000002,4.425011759468751,2.2113869999076745,2.9572914137129023,0.6637103075206311,1,看多：股权风险溢价高于1.5个标准差,2025-02-27
2025-02-27,13.13,1.7576,0.07616146230007616,0.017576,4.333264809972471,2.0678069944046267,2.958786198581106,0.6647035313792,1,看多：股权风险溢价高于1.5个标准差,2025-02-28
2025-02-28,12.89,1.7152,0.07757951900698215,0.017152,4.523059643597374,2.346199536530682,2.9604395702175723,0.6660218148753208,1,看多：股权风险溢价高于1.5个标准差,2025-03-03
2025-03-03,12.89,1.6955,0.07757951900698215,0.016955,4.575613034914901,2.417470934593794,2.9621607171995614,0.6674133263101452,1,看多：股权风险溢价高于1.5个标准差,2025-03-04
2025-03-04,12.85,1.7079,0.07782101167315175,0.017079,4.556532096325999,2.3815290400490574,2.9638751224818978,0.6687539589319029,1,看多：股权风险溢价高于1.5个标准差,2025-03-05
2025-03-05,12.93,1.7083,0.07733952049497293,0.017083,4.5272797807746255,2.3308524030490614,2.9655993417594773,0.6700040023865367,1,看多：股权风险溢价高于1.5个标准差,2025-03-06
2025-03-06,13.05,1.7455,0.07662835249042145,0.017455000000000002,4.390051703833941,2.1204575988290304,2.9672089161365296,0.6710074223993636,1,看多：股权风险溢价高于1.5个标准差,2025-03-07
2025-03-07,13.02,1.8002,0.07680491551459294,0.018002,4.266465699066378,1.931723305798115,2.968713583576313,0.6718105598223256,1,看多：股权风险溢价高于1.5个标准差,2025-03-10
2025-03-10,12.96,1.8128,0.07716049382716049,0.018128,4.256426181992525,1.9123364130539755,2.9702246117700155,0.6725812265261755,1,看多：股权风险溢价高于1.5个标准差,2025-03-11
2025-03-11,13.01,1.8853,0.07686395080707148,0.018852999999999998,4.077014311094865,1.642285959254804,2.9715653106932383,0.6731160271888519,1,看多：股权风险溢价高于1.5个标准差,2025-03-12
2025-03-12,12.97,1.8334,0.07710100231303006,0.018334,4.205356295027276,1.8288879191762917,2.973016532222056,0.6738191826212346,1,看多：股权风险溢价高于1.5个标准差,2025-03-13
2025-03-13,12.95,1.8565,0.07722007722007722,0.018565,4.159443965530687,1.7569841920606049,2.9744098092339657,0.6744705852514836,1,看多：股权风险溢价高于1.5个标准差,2025-03-14
2025-03-14,13.23,1.8317,0.07558578987150416,0.018317,4.126537635611954,1.704658746807329,2.9757952094145095,0.6750573558213223,1,看多：股权风险溢价高于1.5个标准差,2025-03-17
2025-03-17,13.23,1.8957,0.07558578987150416,0.018956999999999998,3.9872231825449265,1.4955014923904548,2.977073028895589,0.67545914115718,0,中性,2025-03-18
2025-03-18,13.25,1.8885,0.07547169811320754,0.018885,3.9963832731378104,1.506238715112217,2.978342177102283,0.6758829698250597,1,看多：股权风险溢价高于1.5个标准差,2025-03-19
2025-03-19,13.26,1.8708,0.07541478129713423,0.018708,4.031151448424964,1.5546903242243235,2.9796303546320377,0.6763540477538885,1,看多：股权风险溢价高于1.5个标准差,2025-03-20
2025-03-20,13.15,1.8309,0.07604562737642585,0.018309,4.153456080420878,1.7318562102612074,2.98101097368939,0.6769875580806181,1,看多：股权风险溢价高于1.5个标准差,2025-03-21
2025-03-21,13.0,1.8458,0.07692307692307693,0.018458000000000002,4.167465430874251,1.7488221563829718,2.9824122857175,0.6776293065772653,1,看多：股权风险溢价高于1.5个标准差,2025-03-24
2025-03-24,13.03,1.8413,0.07674597083653109,0.018413,4.16803187077234,1.7459114995836722,2.9837564894225577,0.67831352369933,1,看多：股权风险溢价高于1.5个标准差,2025-03-25
2025-03-25,13.02,1.8183,0.07680491551459294,0.018183,4.223995793576029,1.8243257634960115,2.9851523276246845,0.6790692160030185,1,看多：股权风险溢价高于1.5个标准差,2025-03-26
2025-03-26,12.97,1.7943,0.07710100231303006,0.017943,4.29699617193502,1.9272047977232225,2.986526044374605,0.6799848823065351,1,看多：股权风险溢价高于1.5个标准差,2025-03-27
2025-03-27,13.01,1.8062,0.07686395080707148,0.018062,4.255561444306913,1.862164577257786,2.9875551672084626,0.680931370183032,1,看多：股权风险溢价高于1.5个标准差,2025-03-28
2025-03-28,12.91,1.8126,0.07745933384972889,0.018126,4.27338264645972,1.884027725679448,2.9886752650955613,0.6818940952160603,1,看多：股权风险溢价高于1.5个标准差,2025-03-31
2025-03-31,12.84,1.8129,0.0778816199376947,0.018129,4.295968886187583,1.9126758866124596,2.989832510608239,0.682884321761719,1,看多：股权风险溢价高于1.5个标准差,2025-04-01
2025-04-01,12.86,1.8104,0.07776049766718507,0.018104,4.295210874236913,1.9070907478916617,2.9910252914689437,0.6838613129499896,1,看多：股权风险溢价高于1.5个标准差,2025-04-02
2025-04-02,12.87,1.7887,0.07770007770007771,0.017887,4.343941281381881,1.973540145617892,2.992229405532332,0.6849173445247267,1,看多：股权风险溢价高于1.5个标准差,2025-04-03
2025-04-03,12.84,1.718,0.0778816199376947,0.01718,4.533272406152194,2.2434985996579586,2.9935834470009643,0.6862892445691603,1,看多：股权风险溢价高于1.5个标准差,2025-04-07
2025-04-07,11.99,1.6318,0.08340283569641367,0.016318,5.111094233142154,3.0711797447355025,2.9954513426800147,0.6888697719788927,1,看多：股权风险溢价高于1.5个标准差,2025-04-08
2025-04-08,12.21,1.6633,0.0819000819000819,0.016633,4.923951295622071,2.788403904754958,2.997188036766318,0.6909914505463565,1,看多：股权风险溢价高于1.5个标准差,2025-04-09
2025-04-09,12.3,1.6508,0.08130081300813008,0.016508000000000002,4.924934153630366,2.7788172999505063,2.998899563949686,0.6931130699794422,1,看多：股权风险溢价高于1.5个标准差,2025-04-10
2025-04-10,12.44,1.6444,0.08038585209003216,0.016444,4.888460963879358,2.7158071731498405,3.0006273841685207,0.6951279893414873,1,看多：股权风险溢价高于1.5个标准差,2025-04-11
2025-04-11,12.46,1.6568,0.08025682182985554,0.016568,4.844086300691425,2.6422971533574566,3.0023899819136854,0.6970057536630857,1,看多：股权风险溢价高于1.5个标准差,2025-04-14
2025-04-14,12.55,1.6584,0.0796812749003984,0.016584,4.80470784493478,2.576703930043401,3.0040967211617975,0.6988040429397157,1,看多：股权风险溢价高于1.5个标准差,2025-04-15
2025-04-15,12.57,1.6583,0.07955449482895784,0.016583,4.797352398779342,2.5572518971807985,3.0058009925488074,0.7005768216285623,1,看多：股权风险溢价高于1.5个标准差,2025-04-16
2025-04-16,12.63,1.643,0.0791765637371338,0.01643,4.8190239645242725,2.579093509556163,3.0075686432325237,0.7023612422658854,1,看多：股权风险溢价高于1.5个标准差,2025-04-17
2025-04-17,12.62,1.6522,0.0792393026941363,0.016522,4.795987331687224,2.537549916507873,3.009300582601458,0.7040991538580528,1,看多：股权风险溢价高于1.5个标准差,2025-04-18
2025-04-18,12.63,1.6493,0.0791765637371338,0.016493,4.800616245506203,2.5353849557682926,3.0110052270893255,0.7058537656561014,1,看多：股权风险溢价高于1.5个标准差,2025-04-21
2025-04-21,12.67,1.6664,0.07892659826361484,0.016664,4.736353712410875,2.436413080478377,3.012654786370715,0.7074740075281984,1,看多：股权风险溢价高于1.5个标准差,2025-04-22
2025-04-22,12.7,1.6509,0.07874015748031496,0.016509,4.769529195003632,2.4750613595886217,3.0142872794836237,0.7091710711413417,1,看多：股权风险溢价高于1.5个标准差,2025-04-23
2025-04-23,12.67,1.6611,0.07892659826361484,0.016611,4.751465791560703,2.441616620906537,3.0158839649935576,0.7108330651528529,1,看多：股权风险溢价高于1.5个标准差,2025-04-24
2025-04-24,12.66,1.664,0.07898894154818326,0.01664,4.746931583424475,2.4274321035387474,3.017364089419917,0.7125091126063499,1,看多：股权风险溢价高于1.5个标准差,2025-04-25
2025-04-25,12.62,1.6606,0.0792393026941363,0.016606,4.771727248833934,2.4541709625263413,3.0189309099289985,0.7142111799336891,1,看多：股权风险溢价高于1.5个标准差,2025-04-28
2025-04-28,12.62,1.6483,0.0792393026941363,0.016483,4.807334993274058,2.495619962046367,3.020544093839931,0.7159707513995791,1,看多：股权风险溢价高于1.5个标准差,2025-04-29
2025-04-29,12.59,1.6241,0.07942811755361398,0.016241000000000002,4.890592793153991,2.6025966532017026,3.0221719177830186,0.7179064312837141,1,看多：股权风险溢价高于1.5个标准差,2025-04-30
2025-04-30,12.45,1.6243,0.08032128514056225,0.016243,4.944978460910069,2.668418252851859,3.023895978395835,0.7199330466507964,1,看多：股权风险溢价高于1.5个标准差,2025-05-06
2025-05-06,12.56,1.6298,0.07961783439490445,0.016298,4.885129119824792,2.5762258513207836,3.0254944155077483,0.72184459423992,1,看多：股权风险溢价高于1.5个标准差,2025-05-07
2025-05-07,12.67,1.6418,0.07892659826361484,0.016418,4.807321127032211,2.460579950060111,3.026850881493317,0.7235978028250608,1,看多：股权风险溢价高于1.5个标准差,2025-05-08
2025-05-08,12.71,1.6331,0.07867820613690008,0.016331,4.817721274686185,2.4668576794208694,3.028349970050056,0.7253646286786231,1,看多：股权风险溢价高于1.5个标准差,2025-05-09
2025-05-09,12.7,1.6351,0.07874015748031496,0.016351,4.815617239331843,2.455983923312817,3.0298152247089427,0.7271228437904736,1,看多：股权风险溢价高于1.5个标准差,2025-05-12
2025-05-12,12.81,1.688,0.078064012490242,0.01688,4.6246452897062795,2.1873515290275702,3.0311156407685815,0.7285201431002417,1,看多：股权风险溢价高于1.5个标准差,2025-05-13
2025-05-13,12.83,1.6704,0.0779423226812159,0.016704,4.666087325264361,2.2378994956800025,3.0324529590722116,0.7299855821701045,1,看多：股权风险溢价高于1.5个标准差,2025-05-14
2025-05-14,12.97,1.6736,0.07710100231303006,0.016736,4.606895453694435,2.1511682448734444,3.033659404065553,0.7313403093310522,1,看多：股权风险溢价高于1.5个标准差,2025-05-15
2025-05-15,12.87,1.6798,0.07770007770007771,0.016798,4.625555286348239,2.1708680609887128,3.0349070846892285,0.7327244940600196,1,看多：股权风险溢价高于1.5个标准差,2025-05-16
2025-05-16,12.81,1.6793,0.078064012490242,0.016793,4.648604328603704,2.196414212346344,3.036127567128767,0.734140560742589,1,看多：股权风险溢价高于1.5个标准差,2025-05-19
2025-05-19,12.78,1.6893,0.0782472613458529,0.016893000000000002,4.6319340168029886,2.1680029470389077,3.037321965863116,0.735521163897779,1,看多：股权风险溢价高于1.5个标准差,2025-05-20
2025-05-20,12.84,1.7004,0.0778816199376947,0.017004,4.5801940683189075,2.0924344092339133,3.0384706027276023,0.7368085034291538,1,看多：股权风险溢价高于1.5个标准差,2025-05-21
2025-05-21,12.89,1.71,0.07757951900698215,0.0171,4.5368139770165,2.0289883568459266,3.0394495820672485,0.7379857010500113,1,看多：股权风险溢价高于1.5个标准差,2025-05-22
2025-05-22,12.87,1.7186,0.07770007770007771,0.017186,4.52112636448724,2.0031644179729193,3.040478814898944,0.7391542782527165,1,看多：股权风险溢价高于1.5个标准差,2025-05-23
2025-05-23,12.77,1.7208,0.07830853563038372,0.017208,4.550705231891197,2.038295597667426,3.0415918891561886,0.7403800236148277,1,看多：股权风险溢价高于1.5个标准差,2025-05-26
2025-05-26,12.72,1.7201,0.07861635220125786,0.017201,4.570452427257592,2.0600631337593094,3.0426631378603406,0.7416225572704964,1,看多：股权风险溢价高于1.5个标准差,2025-05-27
2025-05-27,12.69,1.7261,0.07880220646178093,0.017261,4.565332626254617,2.0482880103431,3.043747306029498,0.7428571141078175,1,看多：股权风险溢价高于1.5个标准差,2025-05-28
2025-05-28,12.68,1.6832,0.07886435331230283,0.016832,4.685382207242326,2.2040896314962994,3.0449066019608084,0.7442871568557043,1,看多：股权风险溢价高于1.5个标准差,2025-05-29
2025-05-29,12.74,1.6877,0.07849293563579278,0.016877,4.650882007216495,2.1523241777448536,3.046011793297137,0.7456452101936137,1,看多：股权风险溢价高于1.5个标准差,2025-05-30
2025-05-30,12.71,1.6712,0.07867820613690008,0.016712,4.70788691580302,2.222991134444201,3.0471223645262318,0.7470855486304123,1,看多：股权风险溢价高于1.5个标准差,2025-06-03
2025-06-03,12.75,1.6764,0.0784313725490196,0.016763999999999998,4.678559565081104,2.1780783949126747,3.0482844792720876,0.7484923819164822,1,看多：股权风险溢价高于1.5个标准差,2025-06-04
2025-06-04,12.79,1.6704,0.07818608287724786,0.016704,4.680680248877386,2.175283087944927,3.049442062369545,0.7498969653871275,1,看多：股权风险溢价高于1.5个标准差,2025-06-05
2025-06-05,12.83,1.6741,0.0779423226812159,0.016741,4.655774606129616,2.1367558753997997,3.0505468399994866,0.7512452801047202,1,看多：股权风险溢价高于1.5个标准差,2025-06-06
2025-06-06,12.82,1.6547,0.078003120124805,0.016547,4.714033971402973,2.2086139496277717,3.051659083907995,0.7526778900292401,1,看多：股权风险溢价高于1.5个标准差,2025-06-09
2025-06-09,12.84,1.6559,0.0778816199376947,0.016559,4.7032803875653535,2.1886476940680457,3.0528137056142177,0.7541034066032842,1,看多：股权风险溢价高于1.5个标准差,2025-06-10
2025-06-10,12.79,1.6569,0.07818608287724786,0.016569,4.718817241671064,2.2034781776078156,3.0539774539826783,0.7555508398525657,1,看多：股权风险溢价高于1.5个标准差,2025-06-11
2025-06-11,13.04,1.642,0.07668711656441718,0.01642,4.670348146432228,2.1339736889095438,3.0551154525611435,0.7569131251550084,1,看多：股权风险溢价高于1.5个标准差,2025-06-12
2025-06-12,13.02,1.6475,0.07680491551459294,0.016475,4.6619068597628495,2.1174938516366506,3.0562847003919624,0.7582653230043014,1,看多：股权风险溢价高于1.5个标准差,2025-06-13
2025-06-13,12.96,1.644,0.07716049382716049,0.01644,4.693460695082755,2.153604943429185,3.0574506707425835,0.7596611576007773,1,看多：股权风险溢价高于1.5个标准差,2025-06-16
2025-06-16,13.06,1.6432,0.07656967840735068,0.016432,4.659790555461946,2.104111268397927,3.058577798369941,0.7609924347352459,1,看多：股权风险溢价高于1.5个标准差,2025-06-17
2025-06-17,13.06,1.6364,0.07656967840735068,0.016364,4.67915414369046,2.124166070009175,3.059769104394976,0.7623627277355435,1,看多：股权风险溢价高于1.5个标准差,2025-06-18
2025-06-18,13.08,1.6384,0.0764525993883792,0.016384,4.666296349388379,2.10196659377153,3.060996930635943,0.7637130977767201,1,看多：股权风险溢价高于1.5个标准差,2025-06-19
2025-06-19,13.05,1.6425,0.07662835249042145,0.016425000000000002,4.665348705657317,2.0954914167867376,3.062186703668484,0.7650530033891284,1,看多：股权风险溢价高于1.5个标准差,2025-06-20
2025-06-20,13.06,1.6396,0.07656967840735068,0.016396,4.670021859438319,2.0963677523004915,3.063374648257198,0.7663956905547865,1,看多：股权风险溢价高于1.5个标准差,2025-06-23
2025-06-23,13.14,1.6418,0.076103500761035,0.016418,4.6353697625188826,2.0462966876266937,3.0644920899377417,0.7676685800645329,1,看多：股权风险溢价高于1.5个标准差,2025-06-24
2025-06-24,13.27,1.648,0.07535795026375283,0.016479999999999998,4.572691156781119,1.9603154860155583,3.06553774204676,0.7688320709018757,1,看多：股权风险溢价高于1.5个标准差,2025-06-25
2025-06-25,13.43,1.6544,0.07446016381236038,0.016544,4.500735240108824,1.8628056725358206,3.066574202608753,0.7698929945536189,1,看多：股权风险溢价高于1.5个标准差,2025-06-26
2025-06-26,13.41,1.6462,0.07457121551081282,0.016462,4.529900103924968,1.896608836152764,3.0676268442831236,0.7709935922306671,1,看多：股权风险溢价高于1.5个标准差,2025-06-27
2025-06-27,13.3,1.6462,0.07518796992481203,0.016462,4.567365443130362,1.9408870412316253,3.068711380481346,0.77214903846131,1,看多：股权风险溢价高于1.5个标准差,2025-06-30
2025-06-30,13.35,1.6469,0.0749063670411985,0.016469,4.548325158855941,1.911869942697681,3.0699103438139486,0.7732821056624406,1,看多：股权风险溢价高于1.5个标准差,2025-07-01
2025-07-01,13.41,1.6433,0.07457121551081282,0.016433,4.537894207437036,1.8940533870155574,3.071154443702433,0.7743919858804675,1,看多：股权风险溢价高于1.5个标准差,2025-07-02
2025-07-02,13.4,1.6396,0.07462686567164178,0.016396,4.551528767482421,1.907229205604903,3.0724465883919816,0.7755135957145376,1,看多：股权风险溢价高于1.5个标准差,2025-07-03
2025-07-03,13.44,1.6407,0.0744047619047619,0.016407,4.5349400807437,1.8815272230960431,3.0737389478558623,0.7766037689762677,1,看多：股权风险溢价高于1.5个标准差,2025-07-04
2025-07-04,13.5,1.6433,0.07407407407407407,0.016433,4.507641579387457,1.8422277833911829,3.0750524221469053,0.7776395352172105,1,看多：股权风险溢价高于1.5个标准差,2025-07-07
2025-07-07,13.46,1.6406,0.07429420505200594,0.016406,4.5284776942585605,1.8647686796908658,3.076372616521766,0.7787052053971213,1,看多：股权风险溢价高于1.5个标准差,2025-07-08
2025-07-08,13.55,1.6444,0.07380073800738007,0.016444,4.48800401407079,1.8087831349887165,3.0777058415961855,0.7796944504811529,1,看多：股权风险溢价高于1.5个标准差,2025-07-09
2025-07-09,13.55,1.6446,0.07380073800738007,0.016446000000000002,4.487458227373225,1.8041119941654538,3.07900863951449,0.7806885561504489,1,看多：股权风险溢价高于1.5个标准差,2025-07-10
2025-07-10,13.62,1.6616,0.07342143906020558,0.016616,4.418719250132739,1.7125145285292138,3.0802402569065404,0.7815869418496237,1,看多：股权风险溢价高于1.5个标准差,2025-07-11
2025-07-11,13.61,1.6653,0.07347538574577517,0.016653,4.412141100448878,1.700574436036187,3.0815067032896177,0.7824617193827704,1,看多：股权风险溢价高于1.5个标准差,2025-07-14
2025-07-14,13.62,1.6726,0.07342143906020558,0.016726,4.389659157013367,1.6684409443793295,3.082775761228652,0.7832961665124345,1,看多：股权风险溢价高于1.5个标准差,2025-07-15
2025-07-15,13.61,1.6557,0.07347538574577517,0.016557,4.43772336448482,1.726181320220024,3.0840400231676135,0.7842069227957248,1,看多：股权风险溢价高于1.5个标准差,2025-07-16
2025-07-16,13.58,1.6617,0.07363770250368189,0.016617,4.43146792463633,1.7146454032455232,3.0852808542523515,0.78511106018532,1,看多：股权风险溢价高于1.5个标准差,2025-07-17
2025-07-17,13.63,1.663,0.07336757153338225,0.01663,4.411760164364537,1.6862018000007946,3.086398080285322,0.7860044296469086,1,看多：股权风险溢价高于1.5个标准差,2025-07-18
2025-07-18,13.7,1.6652,0.07299270072992702,0.016652,4.383419452914185,1.6469042688000433,3.0875552149743535,0.7868485512421532,1,看多：股权风险溢价高于1.5个标准差,2025-07-21
2025-07-21,13.78,1.6774,0.07256894049346879,0.016774,4.326275217209299,1.5712794145766709,3.088737160263361,0.7875989753734234,1,看多：股权风险溢价高于1.5个标准差,2025-07-22
2025-07-22,13.87,1.6907,0.07209805335255949,0.016907000000000002,4.264390687440675,1.489997764040119,3.089867481673391,0.788271790813009,0,中性,2025-07-23
2025-07-23,13.87,1.7041,0.07209805335255949,0.017041,4.230858127607505,1.444916328125951,3.090950862742711,0.7889088403778006,0,中性,2025-07-24
2025-07-24,13.94,1.7376,0.07173601147776183,0.017376,4.128453699226625,1.312980245776718,3.0919433458810004,0.7894333191071417,0,中性,2025-07-25
2025-07-25,13.86,1.7324,0.07215007215007216,0.017324,4.1647467184294715,1.3566431057228099,3.0930360458896304,0.7899724459726947,0,中性,2025-07-28
2025-07-28,13.87,1.7146,0.07209805335255949,0.017145999999999998,4.2049488716061765,1.4050472536454313,3.094214064996651,0.7905319936590711,0,中性,2025-07-29
2025-07-29,13.74,1.7466,0.07278020378457059,0.017466,4.166964604635898,1.3546606380612498,3.095367195050987,0.791044915218434,0,中性,2025-07-30
2025-07-30,13.76,1.718,0.07267441860465117,0.01718,4.230175704578065,1.431984034717135,3.096600075920334,0.7916119182722945,0,中性,2025-07-31
2025-07-31,13.55,1.7044,0.07380073800738007,0.017044,4.330012790857785,1.5550962350726703,3.0979340770538872,0.7922845454939461,1,看多：股权风险溢价高于1.5个标准差,2025-08-01
2025-08-01,13.48,1.7059,0.07418397626112759,0.017059,4.348670863539925,1.575568890231377,3.099262806964709,0.7929885289825297,1,看多：股权风险溢价高于1.5个标准差,2025-08-04
2025-08-04,13.55,1.7083,0.07380073800738007,0.017083,4.32012749560265,1.53663578722477,3.1005762790136306,0.7936501458107915,1,看多：股权风险溢价高于1.5个标准差,2025-08-05
2025-08-05,13.67,1.7061,0.07315288953913679,0.017061,4.2877257803843145,1.4930196436355725,3.101871938315418,0.7942653983984345,0,中性,2025-08-06
2025-08-06,13.71,1.6999,0.07293946024799416,0.016999,4.290808885698816,1.4941259237781526,3.103111736233918,0.7949110115575819,0,中性,2025-08-07
2025-08-07,13.72,1.6894,0.07288629737609328,0.016894,4.314330376233769,1.5208554194463901,3.1043520596907057,0.7955906268746504,1,看多：股权风险溢价高于1.5个标准差,2025-08-08
2025-08-08,13.69,1.6891,0.07304601899196494,0.016891,4.32455266070481,1.5308023156853094,3.10561442286361,0.7962741010719634,1,看多：股权风险溢价高于1.5个标准差,2025-08-11
2025-08-11,13.7,1.7203,0.07299270072992702,0.017203,4.243021608436146,1.4258369426079978,3.106883026528411,0.796822236790712,0,中性,2025-08-12
2025-08-12,13.77,1.7271,0.07262164124909223,0.017271,4.204831292287199,1.3754790932171808,3.1081537605223475,0.7973058530462828,0,中性,2025-08-13
2025-08-13,13.81,1.7262,0.0724112961622013,0.017262,4.194838150979104,1.3605616867544907,3.109404255081408,0.7977836701303195,0,中性,2025-08-14
2025-08-14,13.78,1.7341,0.07256894049346879,0.017341,4.1848186663669225,1.3456539894309716,3.110684936807712,0.7982243117440784,0,中性,2025-08-15
2025-08-15,13.85,1.7465,0.07220216606498195,0.017464999999999998,4.134106273402917,1.2799469703997846,3.1119534826214954,0.7985899528807494,0,中性,2025-08-18
2025-08-18,13.95,1.7872,0.07168458781362008,0.017872,4.010999765757615,1.1239809473105684,3.113127769464717,0.7988320428751946,0,中性,2025-08-19
2025-08-19,13.93,1.7725,0.07178750897343862,0.017725,4.050071028120655,1.170984302833806,3.114304480008961,0.7991281743462484,0,中性,2025-08-20
2025-08-20,14.06,1.782,0.07112375533428164,0.01782,3.9912320614074996,1.0956179961765473,3.115415400649355,0.7993814119652485,0,中性,2025-08-21
2025-08-21,14.1,1.7667,0.07092198581560284,0.017667,4.014376284349513,1.1227761035812729,3.1165431776452452,0.7996546273477736,0,中性,2025-08-22
2025-08-22,14.31,1.7818,0.06988120195667365,0.017818,3.9219442112848606,1.0056067346963715,3.1176449923293648,0.7998148691778028,0,中性,2025-08-25
2025-08-25,14.52,1.7643,0.06887052341597796,0.017643,3.9035608125589736,0.9810695689684268,3.118784305513897,0.7999193246512089,0,中性,2025-08-26
2025-08-26,14.47,1.7598,0.0691085003455425,0.017598,3.927065595268923,1.0088409260582731,3.120008530104575,0.7999844616907725,0,中性,2025-08-27
2025-08-27,14.21,1.7988,0.07037297677691766,0.017988,3.9122179662507035,0.9887067789407248,3.1213849780831775,0.7998660523141191,0,中性,2025-08-28
2025-08-28,14.42,1.8478,0.06934812760055478,0.018478,3.7530104773544095,0.7883312849952584,3.1226547308137813,0.7996076757811529,0,中性,2025-08-29
2025-08-29,14.49,1.8379,0.06901311249137336,0.018379,3.7549982312080834,0.7894818459333607,3.123979213032281,0.7992824932279267,0,中性,2025-09-01
2025-09-01,14.5,1.8257,0.06896551724137931,0.018257000000000002,3.777483553780977,0.8162566243456187,3.12535358322693,0.7989276302374275,0,中性,2025-09-02
2025-09-02,14.45,1.8167,0.06920415224913495,0.018167,3.8093329800811886,0.8547212837049978,3.1266902081261256,0.7986729533585281,0,中性,2025-09-03
2025-09-03,14.31,1.7984,0.06988120195667365,0.017984,3.885742991363081,0.9488945504652915,3.1281344299474187,0.7984117529647189,0,中性,2025-09-04
2025-09-04,14.14,1.806,0.07072135785007072,0.01806,3.9159112873793314,0.9851232326928507,3.1295588087793695,0.7982275237286347,0,中性,2025-09-05
2025-09-05,14.32,1.826,0.06983240223463687,0.018260000000000002,3.824337471776389,0.8689831577458952,3.130852817893273,0.7980415359050055,0,中性,2025-09-08
2025-09-08,14.36,1.8514,0.06963788300835655,0.018514,3.7613634551343065,0.7887566987768225,3.1320082303746,0.7979079299557003,0,中性,2025-09-09
2025-09-09,14.27,1.8641,0.0700770847932726,0.018641,3.759298578041553,0.7848547053653517,3.133172554984017,0.7977604246713064,0,中性,2025-09-10
2025-09-10,14.31,1.8992,0.06988120195667365,0.018992,3.67950726393606,0.6836113969989991,3.1343110346339955,0.7975236101905758,0,中性,2025-09-11
2025-09-11,14.57,1.8743,0.06863417982155114,0.018743,3.6618566836446216,0.660280443113162,3.135420338652172,0.7972920453472018,0,中性,2025-09-12
2025-09-12,14.52,1.867,0.06887052341597796,0.01867,3.6888336055692537,0.6928880030451621,3.1365501790416612,0.7970745980596736,0,中性,2025-09-15
2025-09-15,14.52,1.8724,0.06887052341597796,0.018724,3.678195012602967,0.6783229639518901,3.137679463572727,0.7968410001648949,0,中性,2025-09-16
2025-09-16,14.5,1.8527,0.06896551724137931,0.018527000000000002,3.7224330566945163,0.7326067996825141,3.1387357401638463,0.7967402388069887,0,中性,2025-09-17
2025-09-17,14.58,1.8349,0.06858710562414266,0.018349,3.7379206291428777,0.7507849909912584,3.139822894403677,0.7966298499781338,0,中性,2025-09-18
2025-09-18,14.39,1.8546,0.06949270326615706,0.018546,3.747045361056673,0.7609536877711384,3.1409601957131645,0.796481014657744,0,中性,2025-09-19
2025-09-19,14.39,1.8789,0.06949270326615706,0.018789,3.69858445186849,0.698870621455023,3.1421119530866806,0.7962453731754444,0,中性,2025-09-22
2025-09-22,14.41,1.8647,0.06939625260235947,0.018647,3.7215773369635583,0.7264858175442028,3.1432680756077676,0.7960365466055416,0,中性,2025-09-23
2025-09-23,14.44,1.877,0.06925207756232687,0.01877,3.689508660752631,0.6849676930472282,3.144430119411678,0.7957726282184958,0,中性,2025-09-24
2025-09-24,14.55,1.9022,0.06872852233676975,0.019021999999999997,3.6131070516649015,0.5877933385524435,3.145547258513565,0.7954492888653595,0,中性,2025-09-25
2025-09-25,14.58,1.884,0.06858710562414266,0.01884,3.640504544805874,0.6210485007198562,3.146683696251507,0.7951405534060227,0,中性,2025-09-26
2025-09-26,14.48,1.8768,0.06906077348066299,0.018768,3.6797087319193835,0.6691248965386797,3.1478662688654673,0.7948328717181014,0,中性,2025-09-29
2025-09-29,14.65,1.887,0.06825938566552901,0.01887,3.617349531824537,0.5894925418795348,3.1490110460428484,0.7944773725015086,0,中性,2025-09-30
2025-09-30,14.69,1.8605,0.06807351940095303,0.018605,3.6588830637437804,0.6405624421655519,3.1501777999374743,0.7941540594957835,0,中性,2025-10-09
2025-10-09,14.89,1.8466,0.0671591672263264,0.018466,3.6369093050106356,0.6117086031610784,3.1513162892695616,0.7938306135171438,0,中性,2025-10-10
2025-10-10,14.72,1.846,0.06793478260869565,0.01846,3.6801074002543688,0.6649076733115463,3.1524694852320736,0.7935506480086407,0,中性,2025-10-13
2025-10-13,14.65,1.8383,0.06825938566552901,0.018383,3.7131798762731334,0.7053343474377511,3.153639443942905,0.7932981491158846,0,中性,2025-10-14
2025-10-14,14.56,1.8368,0.06868131868131867,0.018368,3.7391832905770186,0.7368360262474215,3.154822629054106,0.793067440661066,0,中性,2025-10-15
2025-10-15,14.73,1.8449,0.06788866259334692,0.018449,3.6798017558321274,0.6607446881539345,3.155974391091161,0.7927833157531641,0,中性,2025-10-16
2025-10-16,14.79,1.8407,0.0676132521974307,0.018407,3.673235844919362,0.6512415672637422,3.157165456509965,0.792440799775296,0,中性,2025-10-17
2025-10-17,14.51,1.8246,0.06891798759476224,0.018246,3.777155957183067,0.7810530286493857,3.1584613117842792,0.7921288602755288,0,中性,2025-10-20
2025-10-20,14.58,1.8498,0.06858710562414266,0.018498,3.7078119593546686,0.6922593861333995,3.1596823215152328,0.7917980583853149,0,中性,2025-10-21
2025-10-21,14.74,1.8357,0.06784260515603799,0.018357000000000002,3.695734878032248,0.6757706049207869,3.1608748189823563,0.7914816879502882,0,中性,2025-10-22
2025-10-22,14.72,1.8293,0.06793478260869565,0.018293,3.713703745077114,0.697219532103329,3.162085615720154,0.7911684970914004,0,中性,2025-10-23
2025-10-23,14.78,1.8391,0.06765899864682003,0.018391,3.6789189629068577,0.6520278688657647,3.163290260371381,0.790807766288332,0,中性,2025-10-24
2025-10-24,14.9,1.8486,0.06711409395973154,0.018486,3.630536295560508,0.5896542671417669,3.1644760599804247,0.7903957650289184,0,中性,2025-10-27
2025-10-27,15.04,1.8423,0.06648936170212766,0.018423000000000002,3.609040965213464,0.5612871097156698,3.165628014672874,0.789993112019282,0,中性,2025-10-28
2025-10-28,14.97,1.8179,0.0668002672010688,0.018179,3.6745842566185596,0.6430303472280893,3.16684423809334,0.789605064075023,0,中性,2025-10-29
2025-10-29,15.01,1.8208,0.06662225183211193,0.018208,3.658954955630049,0.6220205762912953,3.1680688941956627,0.7891797798092484,0,中性,2025-10-30
2025-10-30,14.87,1.8098,0.06724949562878278,0.018098,3.7158523388652216,0.6928548643203262,3.169361585182386,0.7887521352959393,0,中性,2025-10-31
2025-10-31,14.49,1.7954,0.06901311249137336,0.017954,3.8438850669139666,0.8537945838125617,3.1707816843141776,0.7883668921792542,0,中性,2025-11-03
2025-11-03,14.57,1.7944,0.06863417982155114,0.017944,3.824909709181405,0.8283711162221663,3.1722158873283473,0.7879244086028798,0,中性,2025-11-04
2025-11-04,14.51,1.7984,0.06891798759476224,0.017984,3.8321834739080427,0.8362404546760452,3.173647895009849,0.7874954807744943,0,中性,2025-11-05
2025-11-05,14.52,1.7964,0.06887052341597796,0.017964,3.833807805387328,0.836939127713167,3.1750748621826665,0.7870738998719873,0,中性,2025-11-06
2025-11-06,14.68,1.81,0.0681198910081744,0.0181,3.763529889954386,0.7463505552475767,3.1764244211003114,0.7866349997680674,0,中性,2025-11-07
2025-11-07,14.64,1.8142,0.06830601092896174,0.018142000000000002,3.765076117790857,0.7470173497950431,3.177775237215525,0.7861944314097499,0,中性,2025-11-10
2025-11-10,14.71,1.8139,0.06798096532970768,0.018139000000000002,3.747779112944907,0.7237344586537101,3.1790536055326517,0.785820684108641,0,中性,2025-11-11
2025-11-11,14.62,1.8119,0.06839945280437756,0.018119,3.7750125726793735,0.7570827597423885,3.180350758589089,0.7854647413878889,0,中性,2025-11-12
2025-11-12,14.65,1.8071,0.06825938566552901,0.018071,3.777288786759394,0.7586727052186497,3.181692431774388,0.7850504583703914,0,中性,2025-11-13
2025-11-13,14.76,1.8126,0.06775067750677508,0.018126,3.737762192804539,0.7070508030327717,3.1830189660119044,0.7845875068851629,0,中性,2025-11-14
2025-11-14,14.58,1.814,0.06858710562414266,0.01814,3.7809870796109517,0.7608341786459263,3.1843670428794137,0.7841656611606961,0,中性,2025-11-17
2025-11-17,14.47,1.8109,0.0691085003455425,0.018109,3.8162516066896295,0.8044626851332084,3.1857440906205214,0.7837622896886812,0,中性,2025-11-18
2025-11-18,14.37,1.8121,0.06958942240779402,0.018121,3.8402639152250986,0.8337330440529489,3.1871377105841976,0.7833756971727057,0,中性,2025-11-19
2025-11-19,14.46,1.8179,0.06915629322268325,0.018179,3.8041857760428655,0.7863542202172226,3.1885290454870407,0.7829254485157536,0,中性,2025-11-20
2025-11-20,14.43,1.8135,0.0693000693000693,0.018135,3.82134377171598,0.8069261847481324,3.189911410309349,0.7825156418783478,0,中性,2025-11-21
2025-11-21,14.13,1.8166,0.07077140835102619,0.018166,3.8958168199397876,0.9006627638324142,3.1913272103706145,0.7821902246424579,0,中性,2025-11-24
2025-11-24,14.09,1.821,0.07097232079488999,0.01821,3.8974366169626573,0.9013004300935221,3.1927502415372047,0.7818551416338855,0,中性,2025-11-25
2025-11-25,14.21,1.8301,0.07037297677691766,0.018301,3.845307730556672,0.8332537551337967,3.194099434644128,0.7815245858783785,0,中性,2025-11-26
2025-11-26,14.22,1.8462,0.07032348804500703,0.018462,3.8090937084285037,0.7855871418427823,3.1954458986323058,0.7811327058596458,0,中性,2025-11-27
2025-11-27,14.23,1.8537,0.07027406886858749,0.018536999999999998,3.7910162846516426,0.761134102175122,3.196769071039308,0.7807391784366667,0,中性,2025-11-28
2025-11-28,14.25,1.8412,0.07017543859649122,0.018411999999999998,3.811396838827462,0.785910092094719,3.1981239777893538,0.7803346301401047,0,中性,2025-12-01
2025-12-01,14.37,1.8366,0.06958942240779402,0.018366,3.789035304791137,0.7559486679413139,3.1994689853187834,0.7799025839650305,0,中性,2025-12-02
2025-12-02,14.33,1.8442,0.06978367062107467,0.018442,3.7839535094390344,0.7481383320680624,3.2008599281723944,0.7793927356386181,0,中性,2025-12-03
2025-12-03,14.25,1.8519,0.07017543859649122,0.018519,3.789375160456354,0.7538053760079846,3.20229922363925,0.7788163304514372,0,中性,2025-12-04
2025-12-04,14.28,1.8718,0.0700280112044818,0.018718,3.7412122665072016,0.6907050458849889,3.203707438792287,0.7781973375136105,0,中性,2025-12-05
2025-12-05,14.36,1.848,0.06963788300835655,0.01848,3.7682837125734063,0.7242197958301142,3.2051381472866294,0.7775893016584683,0,中性,2025-12-08
2025-12-08,14.43,1.8499,0.0693000693000693,0.018499,3.746152186608427,0.6944986698492209,3.206556496578454,0.7769571252701202,0,中性,2025-12-09
2025-12-09,14.38,1.8425,0.06954102920723226,0.018425,3.774275669320611,0.7294217539459015,3.2079935491239486,0.7763438876524947,0,中性,2025-12-10
2025-12-10,14.33,1.8447,0.06978367062107467,0.018447,3.7829278810145097,0.739284549631547,3.2094175776877187,0.7757639512588537,0,中性,2025-12-11
2025-12-11,14.23,1.8404,0.07027406886858749,0.018404,3.818412783557242,0.783721485193479,3.2108705673030413,0.7752016854612779,0,中性,2025-12-12
2025-12-12,14.29,1.8396,0.06997900629811057,0.018396,3.80403382790338,0.7638779955784631,3.2123070255302926,0.7746352242087947,0,中性,2025-12-15
2025-12-15,14.32,1.8488,0.06983240223463687,0.018488,3.7771745042534004,0.7279258799777971,3.2137082756320265,0.7740708829291252,0,中性,2025-12-16
2025-12-16,14.18,1.8458,0.07052186177715092,0.018458000000000002,3.8206664740031915,0.7828017161116211,3.215136074982189,0.7735425032392989,0,中性,2025-12-17
2025-12-17,14.38,1.834,0.06954102920723226,0.018340000000000002,3.791768222858902,0.7441536608075919,3.2165289087440097,0.773011468478989,0,中性,2025-12-18
2025-12-18,14.37,1.8356,0.06958942240779402,0.018355999999999997,3.791099499226086,0.7419978684702582,3.2179043392689795,0.7725024347291396,0,中性,2025-12-19
2025-12-19,14.4,1.8308,0.06944444444444445,0.018308,3.7931201903235987,0.7433242498806064,3.2192940137003805,0.7719728997343849,0,中性,2025-12-22
2025-12-22,14.51,1.8415,0.06891798759476224,0.018415,3.742491859612394,0.6764850227272138,3.2206316842581013,0.7714290159011071,0,中性,2025-12-23
2025-12-23,14.54,1.8352,0.06877579092159561,0.018352,3.7475910484740416,0.681836235476273,3.221950897009303,0.7709184758970326,0,中性,2025-12-24
2025-12-24,14.59,1.8356,0.06854009595613433,0.018355999999999997,3.7339341880657195,0.6628716333268141,3.223260104031508,0.7703966474945458,0,中性,2025-12-25
2025-12-25,14.63,1.8386,0.06835269993164729,0.018386,3.717649294661552,0.6404925537406052,3.2245760713426406,0.7698344351378709,0,中性,2025-12-26
2025-12-26,14.65,1.8376,0.06825938566552901,0.018376,3.7145943440100684,0.6352852713606121,3.225892209329496,0.769264071924574,0,中性,2025-12-29
2025-12-29,14.65,1.8584,0.06825938566552901,0.018584,3.6730190306462016,0.5800144910728878,3.227209089005251,0.7686186267800121,0,中性,2025-12-30
2025-12-30,14.68,1.8582,0.0681198910081744,0.018582,3.6659073839293073,0.5695380873947101,3.228525825407277,0.7679584003289129,0,中性,2025-12-31
2025-12-31,14.67,1.8473,0.0681663258350375,0.018473,3.6900517422745356,0.5997452037636126,3.2299043730275194,0.76723809771121,0,中性,2026-01-05
2026-01-05,14.86,1.8584,0.06729475100942127,0.018584,3.6211123014109594,0.5086689984445953,3.2312147458517857,0.7665054421468575,0,中性,2026-01-06
2026-01-06,15.08,1.8829,0.06631299734748011,0.018829,3.5218544451367633,0.377951034388093,3.232441874054323,0.7657409154892317,0,中性,2026-01-07
2026-01-07,15.03,1.9019,0.06653359946773121,0.019018999999999998,3.49827012291557,0.3459178945328451,3.2336599912334005,0.764950688774051,0,中性,2026-01-08
2026-01-08,14.95,1.8905,0.06688963210702341,0.018905,3.5381979427148056,0.39689039201184134,3.2348995531952562,0.7641867770648889,0,中性,2026-01-09
2026-01-09,15.05,1.8782,0.06644518272425248,0.018782,3.537705394753087,0.39501310360242137,3.2361553492342017,0.7633925122200348,0,中性,2026-01-12
2026-01-12,15.16,1.8585,0.06596306068601583,0.018585,3.5492634213621646,0.4089201084863471,3.2374233419900973,0.7625941422307896,0,中性,2026-01-13
2026-01-13,15.13,1.8519,0.06609385327164573,0.018519,3.568975283311503,0.4335303427396301,3.238725787462661,0.7617678932502855,0,中性,2026-01-14
2026-01-14,15.06,1.8494,0.06640106241699867,0.018494,3.590411074780938,0.46042876664211596,3.2400657322487296,0.7609110635880972,0,中性,2026-01-15
2026-01-15,15.04,1.8544,0.06648936170212766,0.018544,3.5854918950672805,0.4527243207875415,3.241389768941139,0.7600698931472355,0,中性,2026-01-16
2026-01-16,14.97,1.8424,0.0668002672010688,0.018424,3.625720104269909,0.5044175717713076,3.2427434828345074,0.7592452025224751,0,中性,2026-01-19
2026-01-19,14.99,1.8393,0.066711140760507,0.018393,3.626985307481488,0.5048492386831123,3.244102170736426,0.7584108430940768,0,中性,2026-01-20
2026-01-20,15.01,1.8326,0.06662225183211193,0.018326,3.6353951670911235,0.5147084419939758,3.2454380045248987,0.7576272910067967,0,中性,2026-01-21
2026-01-21,15.0,1.8312,0.06666666666666667,0.018312,3.6405999708752006,0.5203467834057485,3.246789387050091,0.7568233270273333,0,中性,2026-01-22
2026-01-22,15.01,1.8425,0.06662225183211193,0.018425,3.6158617005216787,0.4864199375005744,3.2481487162433718,0.755957879045352,0,中性,2026-01-23
2026-01-23,14.99,1.8298,0.066711140760507,0.018298000000000002,3.645815977730189,0.5248126365427972,3.249501494526484,0.7551542314499632,0,中性,2026-01-26
2026-01-26,15.03,1.8242,0.06653359946773121,0.018242,3.6472754888570993,0.5255094573145572,3.2508942904576075,0.7542798571600733,0,中性,2026-01-27
2026-01-27,15.03,1.8311,0.06653359946773121,0.018311,3.633531727799203,0.5060482950514762,3.2522844088382534,0.7533812932265063,0,中性,2026-01-28
2026-01-28,15.12,1.8164,0.06613756613756615,0.018164,3.6411344493264783,0.5149016174755888,3.253674340855312,0.7524934770466816,0,中性,2026-01-29
2026-01-29,15.19,1.8174,0.06583278472679395,0.018174,3.6223607751069635,0.48871107539367775,3.2550408828091393,0.7516095107972176,0,中性,2026-01-30
2026-01-30,15.03,1.8112,0.06653359946773121,0.018112,3.6734540342166087,0.5554572849974649,3.2564371439137405,0.750763202799242,0,中性,2026-02-02
2026-02-02,14.68,1.82,0.0681198910081744,0.0182,3.742851154295296,0.6466600065210146,3.2578769139000165,0.7499678896247299,0,中性,2026-02-03
2026-02-03,14.82,1.8172,0.06747638326585695,0.018172,3.7132062109760593,0.6059001819680966,3.2592824727805327,0.7491724737911165,0,中性,2026-02-04
2026-02-04,14.96,1.8193,0.06684491978609625,0.018193,3.6742109485019645,0.5526175534458507,3.2606498284344827,0.7483676866373833,0,中性,2026-02-05
2026-02-05,14.88,1.8169,0.06720430107526881,0.018169,3.6988442443320384,0.584302409316721,3.262038498002141,0.7475679363374439,0,中性,2026-02-06
2026-02-06,14.84,1.8102,0.0673854447439353,0.018102,3.722541417740322,0.6147760601087683,3.263495458124277,0.7466880859590223,0,中性,2026-02-09
2026-02-09,15.02,1.8114,0.06657789613848203,0.018113999999999998,3.675493879788122,0.5505346681743,3.2649113461188835,0.7457886985225196,0,中性,2026-02-10
2026-02-10,15.05,1.8094,0.06644518272425248,0.018094,3.672221881521636,0.5449133183208661,3.266324405193853,0.7448844847076664,0,中性,2026-02-11
2026-02-11,15.06,1.7994,0.06640106241699867,0.017994,3.6901779713792746,0.5677901976550881,3.2677710687571833,0.7439489169883278,0,中性,2026-02-12
2026-02-12,15.07,1.7893,0.06635700066357,0.017893,3.708545278241212,0.5912547531130445,3.269232355052259,0.7430179983770192,0,中性,2026-02-13
2026-02-13,14.86,1.7928,0.06729475100942127,0.017928,3.75361172520199,0.6506926856033973,3.270732128096477,0.7421008531204419,0,中性,2026-02-24
2026-02-24,15.02,1.8023,0.06657789613848203,0.018023,3.6940518303546592,0.56920335320735,3.2721383268691446,0.7412350983319304,0,中性,2026-02-25
2026-02-25,15.11,1.8158,0.06618133686300463,0.018158,3.64474814753853,0.5014454276721109,3.2735125493314587,0.7403310065673147,0,中性,2026-02-26
2026-02-26,15.07,1.8288,0.06635700066357,0.018288,3.628444918174213,0.47817546807063255,3.274875162128175,0.7394142519954857,0,中性,2026-02-27
2026-02-27,15.09,1.7877,0.06626905235255136,0.017877,3.70694480911514,0.583111563127124,3.276292557749089,0.7385417793064147,0,中性,2026-03-02
2026-03-02,15.24,1.7761,0.06561679790026247,0.017761,3.6944315016194174,0.5649370456497583,3.2776915956554724,0.7376749483380657,0,中性,2026-03-03
2026-03-03,15.13,1.7807,0.06609385327164573,0.017807,3.7116781755290464,0.5870871550013107,3.2790930122534285,0.7368329550229252,0,中性,2026-03-04
2026-03-04,14.97,1.7768,0.0668002672010688,0.017768,3.7595828006004504,0.650873200701173,3.280531661434457,0.7360130032238553,0,中性,2026-03-05
2026-03-05,15.05,1.7779,0.06644518272425248,0.017779,3.737284589923645,0.6193564837890931,3.281990869842906,0.7351076996810418,0,中性,2026-03-06
2026-03-06,15.07,1.781,0.06635700066357,0.01781,3.72582822367041,0.6025552930252736,3.28347224327231,0.7341334239670282,0,中性,2026-03-09
2026-03-09,15.01,1.8054,0.06662225183211193,0.018054,3.6901657157478636,0.552747688688323,3.284923787285939,0.7331408828204573,0,中性,2026-03-10
2026-03-10,15.05,1.8055,0.06644518272425248,0.018055,3.6801541248547482,0.5378580472859776,3.286378091858027,0.7321188833814206,0,中性,2026-03-11
2026-03-11,15.15,1.8075,0.066006600660066,0.018075,3.651817463904066,0.4979030253063022,3.287828563889867,0.731043760560159,0,中性,2026-03-12
2026-03-12,15.14,1.8052,0.06605019815059444,0.018052,3.658885339607492,0.5063252509673215,3.289292360887149,0.7299517020220598,0,中性,2026-03-13
2026-03-13,15.14,1.8143,0.06605019815059444,0.018143,3.640533437171055,0.4799249290264255,3.290734389688385,0.7288620080483655,0,中性,2026-03-16
2026-03-16,15.12,1.8312,0.06613756613756615,0.018312,3.6117063203126993,0.43908876512238676,3.2921796013392233,0.7277041554101589,0,中性,2026-03-17
2026-03-17,15.03,1.8314,0.06653359946773121,0.018314,3.632936522208759,0.4669959644863202,3.2936245724690503,0.7265843295090146,0,中性,2026-03-18
2026-03-18,15.07,1.8175,0.06635700066357,0.018175,3.6510041630574968,0.4906090829977253,3.295058226295539,0.72551844043949,0,中性,2026-03-19
2026-03-19,14.92,1.8252,0.06702412868632708,0.018252,3.6721525688322965,0.5185187429349012,3.2965248952192545,0.7244244855777587,0,中性,2026-03-20
2026-03-20,14.83,1.8299,0.06743088334457181,0.018299,3.6849490870851858,0.5349539760053268,3.2980205513903615,0.7232931299700657,0,中性,2026-03-23
2026-03-23,14.37,1.8316,0.06958942240779402,0.018316,3.799378816760975,0.6919899932454961,3.299591148618683,0.7222469588010115,0,中性,2026-03-24
2026-03-24,14.53,1.8272,0.06882312456985547,0.018272,3.7665895670892877,0.6454110973875538,3.301143193557915,0.7211626441122119,0,中性,2026-03-25
2026-03-25,14.71,1.8233,0.06798096532970768,0.018233,3.7284574853127674,0.5913360255685819,3.302671226960111,0.7200411271125486,0,中性,2026-03-26
2026-03-26,14.62,1.8194,0.06839945280437756,0.018194,3.7594510720225114,0.6331965683367439,3.3042137187722282,0.7189510746182389,0,中性,2026-03-27
2026-03-27,14.75,1.8172,0.06779661016949153,0.018172,3.7308282065535727,0.5921893501916233,3.305748872950925,0.7178098246196066,0,中性,2026-03-30
2026-03-30,14.81,1.8063,0.06752194463200539,0.018063,3.7381356713727176,0.6011754760674567,3.3072769981907797,0.7166936948266202,0,中性,2026-03-31
2026-03-31,14.76,1.8171,0.06775067750677508,0.018171,3.7285057237782775,0.5865406848750123,3.3088039796849174,0.7155543595118139,0,中性,2026-04-01
2026-04-01,14.92,1.8244,0.06702412868632708,0.018244,3.67376280894141,0.5087928852620917,3.310265392179467,0.7144310136622616,0,中性,2026-04-02
2026-04-02,14.81,1.8209,0.06752194463200539,0.018209,3.7081632507004993,0.555723039778464,3.3117400251455393,0.7133467522113028,0,中性,2026-04-03
2026-04-03,14.67,1.8199,0.0681663258350375,0.018199,3.7456083210636573,0.6070213537244266,3.313255182184627,0.7122535907942847,0,中性,2026-04-07
2026-04-07,14.68,1.8171,0.0681198910081744,0.018171,3.748824556060448,0.6103541300182729,3.314795306358519,0.7111105313384783,0,中性,2026-04-08
2026-04-08,15.04,1.8136,0.06648936170212766,0.018136,3.666153600690762,0.49284654562703917,3.3162738915168384,0.7099161235446592,0,中性,2026-04-09
2026-04-09,14.95,1.8192,0.06688963210702341,0.018192,3.6768707182840483,0.506700889818178,3.317758861920221,0.7087255293605055,0,中性,2026-04-10
2026-04-10,15.08,1.8128,0.06631299734748011,0.018128,3.6580426603861493,0.47887362000970773,3.3192222061489702,0.7075362686094726,0,中性,2026-04-13
2026-04-13,15.12,1.7933,0.06613756613756615,0.017932999999999998,3.688036922855415,0.5200371509878132,3.3207357611766906,0.7062979269481691,0,中性,2026-04-14
2026-04-14,15.25,1.7829,0.06557377049180328,0.017828999999999998,3.6779275613777154,0.5044873788821986,3.3222653535591533,0.7049972362175025,0,中性,2026-04-15
2026-04-15,15.3,1.7809,0.06535947712418301,0.017809,3.670025106641755,0.4920362761954737,3.32382096644712,0.7036150725949656,0,中性,2026-04-16
2026-04-16,15.41,1.7812,0.06489292667099286,0.017811999999999998,3.6432139384119058,0.45265139046491376,3.3253688963239476,0.7021850562780834,0,中性,2026-04-17
2026-04-17,15.39,1.7623,0.0649772579597141,0.017623,3.687071324956823,0.5138926321190594,3.326945917881539,0.7007794713660144,0,中性,2026-04-20
2026-04-20,15.54,1.7627,0.06435006435006435,0.017627,3.6506532223330317,0.4606518048114114,3.3284747589295804,0.6993969415475307,0,中性,2026-04-21
2026-04-21,15.58,1.751,0.06418485237483953,0.017509999999999998,3.665611215010825,0.480785244383616,3.330006473098026,0.6980346128198176,0,中性,2026-04-22
2026-04-22,15.64,1.7389,0.0639386189258312,0.017388999999999998,3.676957785141826,0.4957964455188545,3.331514146362306,0.6967448877492671,0,中性,2026-04-23
2026-04-23,15.61,1.7548,0.06406149903907751,0.017547999999999998,3.650643893268607,0.45675196444691646,3.3330132872781317,0.6954115815902316,0,中性,2026-04-24
2026-04-24,15.53,1.7601,0.0643915003219575,0.017601,3.658400109195927,0.4666357454830556,3.334486388104277,0.6941468248565873,0,中性,2026-04-27
2026-04-27,15.56,1.7697,0.06426735218508997,0.017697,3.631539367411989,0.42663503354051563,3.3359382665537733,0.6928664493515947,0,中性,2026-04-28
2026-04-28,15.53,1.7654,0.0643915003219575,0.017654,3.6474170342108025,0.44826598318067995,3.337384569793475,0.6916261238862829,0,中性,2026-04-29
2026-04-29,15.61,1.7444,0.06406149903907751,0.017444,3.6724087960947895,0.48314728585272515,3.33888281856677,0.6903194683984759,0,中性,2026-04-30
2026-04-30,15.57,1.7473,0.06422607578676942,0.017473000000000002,3.6757326038327367,0.48670888671811113,3.340352020541796,0.6890784048600785,0,中性,2026-05-06
2026-05-06,15.79,1.7654,0.06333122229259025,0.017654,3.5873582356740825,0.3570938337297552,3.341740657382148,0.6878236337113995,0,中性,2026-05-07
2026-05-07,15.81,1.7631,0.06325110689437065,0.017630999999999997,3.5874940102303134,0.35594009220897294,3.343083855429839,0.6866609301684984,0,中性,2026-05-08
2026-05-08,15.75,1.7648,0.06349206349206349,0.017648,3.5976917209918113,0.36945939516465304,3.344406954600553,0.6855550832003597,0,中性,2026-05-11
2026-05-11,15.93,1.7622,0.06277463904582549,0.017622,3.562287994882845,0.3164473305689239,3.3456976911901113,0.6844434532070075,0,中性,2026-05-12
2026-05-12,15.9,1.7592,0.06289308176100629,0.017592,3.575095598056292,0.3337829965330478,3.347040453175616,0.6832437459350825,0,中性,2026-05-13
2026-05-13,16.0,1.7514,0.0625,0.017514000000000002,3.5685737124586043,0.3228454642732444,3.348387623432568,0.6820169814734612,0,中性,2026-05-14
2026-05-14,15.77,1.7588,0.06341154090044389,0.017588,3.6053866784423407,0.37548056526607715,3.3497485573409693,0.6808291686687388,0,中性,2026-05-15
2026-05-15,15.62,1.7658,0.06402048655569782,0.017658,3.625579712068061,0.4038199141328556,3.3511311162079735,0.6796311579864155,0,中性,2026-05-18
2026-05-18,15.58,1.7585,0.06418485237483953,0.017585,3.6499773883900786,0.438426079096946,3.3525327417212654,0.6784373942386794,0,中性,2026-05-19
2026-05-19,15.67,1.7345,0.06381620931716656,0.017345,3.6792279802344514,0.4802819078081253,3.353968390638957,0.6772264045503817,0,中性,2026-05-20
2026-05-20,15.63,1.7382,0.06397952655150352,0.017381999999999998,3.680792000431684,0.481331743041185,3.355360334328246,0.6761068032772406,0,中性,2026-05-21
2026-05-21,15.41,1.7448,0.06489292667099286,0.017447999999999998,3.7192186308455337,0.5369456855292845,3.3567958521101056,0.6749710231458076,0,中性,2026-05-22
2026-05-22,15.54,1.7519,0.06435006435006435,0.017519,3.6731585335957733,0.4674367567269493,3.3581701456014685,0.6738631129479267,0,中性,2026-05-25
2026-05-25,15.72,1.7484,0.06361323155216285,0.017484,3.6383683111509293,0.4145088938136237,3.3594870229863196,0.6727992868833437,0,中性,2026-05-26
2026-05-26,15.77,1.7405,0.06341154090044389,0.017405,3.643294507350985,0.42053542638522273,3.360802389713961,0.6717439243233996,0,中性,2026-05-27
2026-05-27,15.61,1.7216,0.06406149903907751,0.017216,3.7210443215077555,0.5350532499065975,3.362212074529204,0.6706477290647082,0,中性,2026-05-28
2026-05-28,15.62,1.7193,0.06402048655569782,0.017193,3.7236367449367664,0.5376923186291915,3.36360582098685,0.6695853957292713,0,中性,2026-05-29
2026-05-29,15.56,1.709,0.06426735218508997,0.01709,3.760523825926856,0.5915878456122163,3.365039904859822,0.668512586930787,0,中性,2026-06-01
2026-06-01,15.5,1.7009,0.06451612903225806,0.017009,3.7930583239613185,0.6390702749876802,3.3664681675178443,0.6675168180083135,0,中性,2026-06-02
2026-06-02,15.64,1.7036,0.0639386189258312,0.017036,3.753147389400752,0.5780768075210053,3.3678834128160875,0.6664581100162286,0,中性,2026-06-03
2026-06-03,15.68,1.7128,0.06377551020408163,0.017128,3.7234650983233086,0.5323136096508835,3.3692875252933407,0.6653550963355123,0,中性,2026-06-04
2026-06-04,15.56,1.7081,0.06426735218508997,0.017081,3.762505250576077,0.5897983731559716,3.3707225316707436,0.6642655129903638,0,中性,2026-06-05
2026-06-05,15.38,1.7207,0.06501950585175552,0.017207,3.778665999404633,0.6129502569064916,3.372170756020156,0.6631781923642945,0,中性,2026-06-08
2026-06-08,15.15,1.7275,0.066006600660066,0.017275,3.820932020843184,0.6755399882422887,3.3736550806122163,0.662102833312286,0,中性,2026-06-09
2026-06-09,15.33,1.7376,0.06523157208088715,0.017376,3.7541190193880727,0.5734258523937468,3.375062871353045,0.6610377722815785,0,中性,2026-06-10
2026-06-10,15.22,1.7476,0.0657030223390276,0.017476000000000002,3.7596144620638356,0.5805303533718076,3.376442429559688,0.6600378951395507,0,中性,2026-06-11
2026-06-11,15.18,1.7475,0.06587615283267458,0.017475,3.769736928908416,0.5946586405332417,3.377810294488774,0.6590783479883414,0,中性,2026-06-12
2026-06-12,15.36,1.7427,0.06510416666666667,0.017426999999999998,3.7358218090702175,0.5419730614547277,3.3791640449052225,0.6580728628977947,0,中性,2026-06-15
2026-06-15,15.92,1.7446,0.06281407035175879,0.017446,3.6004855182711677,0.33496793320901164,3.3803996634741287,0.6570355934927984,0,中性,2026-06-16
2026-06-16,15.87,1.7324,0.06301197227473221,0.017324,3.6372646198760226,0.38962991361726984,3.381668226352831,0.6559978702617317,0,中性,2026-06-17
2026-06-17,15.95,1.727,0.06269592476489029,0.01727,3.630337276484672,0.37773802422143815,3.3829537640111833,0.6549076254194286,0,中性,2026-06-18
2026-06-18,15.88,1.7299,0.06297229219143577,0.017299,3.6402273074418043,0.3915182320457853,3.3842428112547234,0.6538252250718822,0,中性,2026-06-22
2026-06-22,16.21,1.7375,0.061690314620604564,0.017375,3.5505217047829962,0.25288540716117414,3.385458858518817,0.6527179567897257,0,中性,2026-06-23
2026-06-23,15.92,1.7437,0.06281407035175879,0.017437,3.602343886663921,0.3309120476443916,3.3867133867141974,0.6516248093253064,0,中性,2026-06-24
2026-06-24,15.95,1.7454,0.06269592476489029,0.017454,3.5920662750596017,0.31375123794141685,3.3879702784466246,0.6505026018449868,0,中性,2026-06-25
2026-06-25,16.05,1.7351,0.06230529595015576,0.017351000000000002,3.590876373128682,0.3105321306885726,3.389220819541754,0.6493870799771277,0,中性,2026-06-26
2026-06-26,15.64,1.7314,0.0639386189258312,0.017314,3.6928854641233224,0.46634757908534474,3.3905472420988234,0.6483109071081273,0,中性,2026-06-29
2026-06-29,15.8,1.717,0.06329113924050632,0.01717,3.686146723384177,0.4546755641809645,3.391864299267245,0.647236067429841,0,中性,2026-06-30
2026-06-30,15.88,1.733,0.06297229219143577,0.01733,3.633715648669115,0.3723411925962056,3.393104578452421,0.6462112573121347,0,中性,2026-07-01
2026-07-01,15.89,1.7448,0.06293266205160478,0.017447999999999998,3.6068696728338367,0.3294886268604537,3.3942354281071894,0.6453462347175433,0,中性,2026-07-02
2026-07-02,15.53,1.741,0.0643915003219575,0.017410000000000002,3.698535343018811,0.47027879401689815,3.3954211290832994,0.6445415310914909,0,中性,2026-07-03
2026-07-03,15.64,1.7463,0.0639386189258312,0.017463,3.661376563352872,0.41136179927274624,3.3965667605131893,0.6437394121375507,0,中性,2026-07-06
2026-07-06,15.67,1.7379,0.06381620931716656,0.017379,3.6720299969599264,0.42665071550697253,3.397717377037939,0.6429442397536639,0,中性,2026-07-07
2026-07-07,15.53,1.7406,0.0643915003219575,0.017405999999999998,3.6993852879442444,0.4679474240173361,3.3988915949890206,0.6421526811184911,0,中性,2026-07-08
2026-07-08,15.48,1.7385,0.06459948320413436,0.017384999999999998,3.7158172679973753,0.4922907519094588,3.4000849352803693,0.64135336991883,0,中性,2026-07-09
2026-07-09,15.75,1.7376,0.06349206349206349,0.017376,3.6540091788710574,0.394649396567734,3.401214519259441,0.6405550390046747,0,中性,2026-07-10
2026-07-10,15.56,1.7398,0.06426735218508997,0.017398,3.6939505796695005,0.4557417037680759,3.402413826696854,0.6396973341746391,0,中性,2026-07-13
2026-07-13,15.34,1.7442,0.0651890482398957,0.017442,3.737475532616426,0.5225419698950416,3.4036727368524,0.638805713215867,0,中性,2026-07-14
2026-07-14,15.59,1.7402,0.06414368184733804,0.017402,3.6859948194080014,0.4406780824037891,3.404890318176319,0.6378908152144246,0,中性,2026-07-15
2026-07-15,15.57,1.7406,0.06422607578676942,0.017405999999999998,3.689881407949525,0.4455013023281502,3.4060950777999204,0.637004490596464,0,中性,2026-07-16
2026-07-16,15.31,1.7437,0.06531678641410843,0.017437,3.7458729376675133,0.5321625770978449,3.407329097244756,0.6361661924237705,0,中性,2026-07-17
2026-07-17,14.92,1.7404,0.06702412868632708,0.017404,3.85107611390066,0.6963159783920626,3.4086267446478637,0.6354146436141006,0,中性,2026-07-20
2026-07-20,15.17,1.7453,0.06591957811470006,0.017453,3.7769769159857938,0.5784739650850275,3.409869730248746,0.6346131509705684,0,中性,2026-07-21
2026-07-21,15.48,1.745,0.06459948320413436,0.01745,3.7019761148501065,0.45902284101586965,3.411096733970914,0.6336926071814715,0,中性,2026-07-22
2026-07-22,15.47,1.7297,0.06464124111182934,0.017297,3.7371359838023555,0.5132637567183066,3.412340030543549,0.632805159155361,0,中性,2026-07-23
2026-07-23,15.51,1.7325,0.06447453255963895,0.017325,3.721473740816101,0.4872584231884293,3.4135836923055822,0.6318824546855571,0,中性,2026-07-24
2026-07-24,15.27,1.7282,0.06548788474132286,0.017282,3.78936956031263,0.5934976261591735,3.4148838363688068,0.6309809971226197,0,中性,2026-07-27
2026-07-27,15.4,1.7337,0.06493506493506493,0.017337,3.745461437103589,0.522671064141406,3.4161298672109135,0.6300933655733745,0,中性,2026-07-28
2026-07-28,15.16,1.7351,0.06596306068601583,0.017351000000000002,3.801686397672516,0.6106939339755686,3.4174203321325325,0.6292285614144587,0,中性,2026-07-29
2026-07-29,15.22,1.7329,0.0657030223390276,0.017329,3.791506857812199,0.59330225405332,3.4187041313235436,0.628352115539328,0,中性,2026-07-30
2026-07-30,15.15,1.7196,0.066006600660066,0.017196,3.8384857327323796,0.6668669186280929,3.420011513891005,0.6275228342444661,0,中性,2026-07-31
2026-07-31,15.23,1.7141,0.06565988181221273,0.017141,3.830574751310468,0.6530713180075425,3.4213409610833914,0.6266295562873736,0,中性,2026-08-03
2026-08-03,15.08,1.7169,0.06631299734748011,0.017169,3.8623680673003733,0.7026403297551231,3.4227067621948177,0.6257273977694701,0,中性,2026-08-04
2026-08-04,15.13,1.7126,0.06609385327164573,0.017126,3.8592697227400286,0.6965133059334022,3.424058451072281,0.6248427244107247,0,中性,2026-08-05
2026-08-05,15.28,1.7137,0.06544502617801047,0.017137,3.8189313285878783,0.6307627550224767,3.4253774731183353,0.6239332496027276,0,中性,2026-08-06
