date,northbound_net_buy_100m,mean120,std120,upper,lower,trigger,signal_score,signal_text,effective_date
2014-11-17,120.8233,,,,,,0,中性状态,2014-11-18
2014-11-18,47.1967,,,,,,0,中性状态,2014-11-19
2014-11-19,24.9677,,,,,,0,中性状态,2014-11-20
2014-11-20,21.4194,,,,,,0,中性状态,2014-11-21
2014-11-21,21.9953,,,,,,0,中性状态,2014-11-24
2014-11-24,58.5647,,,,,,0,中性状态,2014-11-25
2014-11-25,27.500300000000003,,,,,,0,中性状态,2014-11-26
2014-11-26,31.9261,,,,,,0,中性状态,2014-11-27
2014-11-27,28.6866,,,,,,0,中性状态,2014-11-28
2014-11-28,22.4622,,,,,,0,中性状态,2014-12-01
2014-12-01,13.1782,,,,,,0,中性状态,2014-12-02
2014-12-02,31.1533,,,,,,0,中性状态,2014-12-03
2014-12-03,36.849,,,,,,0,中性状态,2014-12-04
2014-12-04,33.5898,,,,,,0,中性状态,2014-12-05
2014-12-05,24.495700000000003,,,,,,0,中性状态,2014-12-08
2014-12-08,14.1599,,,,,,0,中性状态,2014-12-09
2014-12-09,10.2419,,,,,,0,中性状态,2014-12-10
2014-12-10,18.3643,,,,,,0,中性状态,2014-12-11
2014-12-11,9.1477,,,,,,0,中性状态,2014-12-12
2014-12-12,16.924500000000002,,,,,,0,中性状态,2014-12-15
2014-12-15,9.3615,,,,,,0,中性状态,2014-12-16
2014-12-16,12.2584,,,,,,0,中性状态,2014-12-17
2014-12-17,4.8908,,,,,,0,中性状态,2014-12-18
2014-12-18,18.2988,,,,,,0,中性状态,2014-12-19
2014-12-19,8.6222,,,,,,0,中性状态,2014-12-22
2014-12-22,13.2383,,,,,,0,中性状态,2014-12-23
2014-12-23,5.8668,,,,,,0,中性状态,2014-12-24
2014-12-29,6.6912,,,,,,0,中性状态,2014-12-30
2014-12-30,-6.9615,,,,,,0,中性状态,2014-12-31
2014-12-31,-0.2084,,,,,,0,中性状态,2015-01-05
2015-01-05,20.0227,,,,,,0,中性状态,2015-01-06
2015-01-06,-0.2314999999999999,,,,,,0,中性状态,2015-01-07
2015-01-07,3.4208,,,,,,0,中性状态,2015-01-08
2015-01-08,0.5783,,,,,,0,中性状态,2015-01-09
2015-01-09,14.5318,,,,,,0,中性状态,2015-01-12
2015-01-12,-12.7347,,,,,,0,中性状态,2015-01-13
2015-01-13,-2.5069,,,,,,0,中性状态,2015-01-14
2015-01-14,5.938400000000001,,,,,,0,中性状态,2015-01-15
2015-01-15,7.0523,,,,,,0,中性状态,2015-01-16
2015-01-16,1.2676,,,,,,0,中性状态,2015-01-19
2015-01-19,-3.4306,,,,,,0,中性状态,2015-01-20
2015-01-20,21.4523,,,,,,0,中性状态,2015-01-21
2015-01-21,19.2566,,,,,,0,中性状态,2015-01-22
2015-01-22,1.5143,,,,,,0,中性状态,2015-01-23
2015-01-23,2.6152,,,,,,0,中性状态,2015-01-26
2015-01-26,3.9634,,,,,,0,中性状态,2015-01-27
2015-01-27,9.0335,,,,,,0,中性状态,2015-01-28
2015-01-28,11.4192,,,,,,0,中性状态,2015-01-29
2015-01-29,9.7546,,,,,,0,中性状态,2015-01-30
2015-01-30,0.2959,,,,,,0,中性状态,2015-02-02
2015-02-02,1.7846000000000002,,,,,,0,中性状态,2015-02-03
2015-02-03,27.0,,,,,,0,中性状态,2015-02-04
2015-02-04,10.961,,,,,,0,中性状态,2015-02-05
2015-02-05,28.3328,,,,,,0,中性状态,2015-02-06
2015-02-06,1.6066,,,,,,0,中性状态,2015-02-09
2015-02-09,11.1839,,,,,,0,中性状态,2015-02-10
2015-02-10,16.290499999999998,,,,,,0,中性状态,2015-02-11
2015-02-11,13.8157,,,,,,0,中性状态,2015-02-12
2015-02-12,11.5982,,,,,,0,中性状态,2015-02-13
2015-02-13,19.144,,,,,,0,中性状态,2015-02-16
2015-02-16,1.2378,,,,,,0,中性状态,2015-02-17
2015-02-17,2.2129,,,,,,0,中性状态,2015-02-25
2015-02-25,10.1148,,,,,,0,中性状态,2015-02-26
2015-02-26,-4.5268,,,,,,0,中性状态,2015-02-27
2015-02-27,6.7247,,,,,,0,中性状态,2015-03-02
2015-03-02,7.4556,,,,,,0,中性状态,2015-03-03
2015-03-03,0.9386,,,,,,0,中性状态,2015-03-04
2015-03-04,3.0537,,,,,,0,中性状态,2015-03-05
2015-03-05,6.419,,,,,,0,中性状态,2015-03-06
2015-03-06,3.897,,,,,,0,中性状态,2015-03-09
2015-03-09,5.8871,,,,,,0,中性状态,2015-03-10
2015-03-10,0.5295000000000001,,,,,,0,中性状态,2015-03-11
2015-03-11,8.7582,,,,,,0,中性状态,2015-03-12
2015-03-12,15.8187,,,,,,0,中性状态,2015-03-13
2015-03-13,15.84,,,,,,0,中性状态,2015-03-16
2015-03-16,13.7416,,,,,,0,中性状态,2015-03-17
2015-03-17,21.1135,,,,,,0,中性状态,2015-03-18
2015-03-18,15.9056,,,,,,0,中性状态,2015-03-19
2015-03-19,0.616,,,,,,0,中性状态,2015-03-20
2015-03-20,11.4111,,,,,,0,中性状态,2015-03-23
2015-03-23,18.6604,,,,,,0,中性状态,2015-03-24
2015-03-24,-16.462,,,,,,0,中性状态,2015-03-25
2015-03-25,-0.3109,,,,,,0,中性状态,2015-03-26
2015-03-26,-10.1401,,,,,,0,中性状态,2015-03-27
2015-03-27,1.0671,,,,,,0,中性状态,2015-03-30
2015-03-30,-12.5018,,,,,,0,中性状态,2015-03-31
2015-03-31,-13.9089,,,,,,0,中性状态,2015-04-01
2015-04-01,-0.1437,,,,,,0,中性状态,2015-04-02
2015-04-08,-40.2101,,,,,,0,中性状态,2015-04-09
2015-04-09,-50.819,,,,,,0,中性状态,2015-04-10
2015-04-10,-8.8493,,,,,,0,中性状态,2015-04-13
2015-04-13,9.31250000000001,,,,,,0,中性状态,2015-04-14
2015-04-14,4.2818000000000005,,,,,,0,中性状态,2015-04-15
2015-04-15,10.2933,,,,,,0,中性状态,2015-04-16
2015-04-16,15.7445,,,,,,0,中性状态,2015-04-17
2015-04-17,15.9654,,,,,,0,中性状态,2015-04-20
2015-04-20,-11.4778,,,,,,0,中性状态,2015-04-21
2015-04-21,13.8645,,,,,,0,中性状态,2015-04-22
2015-04-22,7.01129999999999,,,,,,0,中性状态,2015-04-23
2015-04-23,-7.3913,,,,,,0,中性状态,2015-04-24
2015-04-24,0.2955,,,,,,0,中性状态,2015-04-27
2015-04-27,10.648599999999998,,,,,,0,中性状态,2015-04-28
2015-04-28,-2.6124,,,,,,0,中性状态,2015-04-29
2015-04-29,2.7586,,,,,,0,中性状态,2015-04-30
2015-04-30,-4.4358,,,,,,0,中性状态,2015-05-04
2015-05-04,0.4386,,,,,,0,中性状态,2015-05-05
2015-05-05,7.773300000000001,,,,,,0,中性状态,2015-05-06
2015-05-06,4.1623,,,,,,0,中性状态,2015-05-07
2015-05-07,25.6317,,,,,,0,中性状态,2015-05-08
2015-05-08,7.653200000000001,,,,,,0,中性状态,2015-05-11
2015-05-11,-0.763,,,,,,0,中性状态,2015-05-12
2015-05-12,-4.0679,,,,,,0,中性状态,2015-05-13
2015-05-13,-4.0242,,,,,,0,中性状态,2015-05-14
2015-05-14,-1.8602,,,,,,0,中性状态,2015-05-15
2015-05-15,5.0123,,,,,,0,中性状态,2015-05-18
2015-05-18,11.0203,,,,,,0,中性状态,2015-05-19
2015-05-19,20.0327,,,,,,0,中性状态,2015-05-20
2015-05-20,27.7194,,,,,,0,中性状态,2015-05-21
2015-05-21,18.2344,,,,,,0,中性状态,2015-05-22
2015-05-26,34.1038,,,,,,0,中性状态,2015-05-27
2015-05-27,1.82950000000001,9.7457575,17.572856108657284,27.318613608657284,-7.827098608657284,,0,中性状态,2015-05-28
2015-05-28,-31.748800000000003,8.7541425,14.305865869257515,23.060008369257517,-5.551723369257514,看空触发,-1,看空状态,2015-05-29
2015-05-29,21.1066,8.096263333333333,14.338348274686572,22.434611608019907,-6.242084941353239,,-1,看空状态,2015-06-01
2015-06-01,17.1735,8.0640875,14.304462126054405,22.368549626054403,-6.240374626054406,,-1,看空状态,2015-06-02
2015-06-02,2.2936,8.028705,14.276373372171784,22.305078372171785,-6.247668372171784,,-1,看空状态,2015-06-03
2015-06-03,0.3155,7.8645241666666665,14.227608553983258,22.092132720649925,-6.363084387316591,,-1,看空状态,2015-06-04
2015-06-04,-10.9371,7.379114166666667,13.456047894217617,20.835162060884283,-6.0769337275509505,看空触发,-1,看空状态,2015-06-05
2015-06-05,-13.8974,7.0588025,13.430515674053703,20.489318174053704,-6.371713174053704,看空触发,-1,看空状态,2015-06-08
2015-06-08,-12.9,6.67694,13.368831511904126,20.045771511904128,-6.691891511904126,看空触发,-1,看空状态,2015-06-09
2015-06-09,-15.288,6.330385000000001,13.33245628032074,19.66284128032074,-7.002071280320739,看空触发,-1,看空状态,2015-06-10
2015-06-10,14.0119,6.0158000000000005,13.393845298481834,19.409645298481834,-7.378045298481833,,-1,看空状态,2015-06-11
2015-06-11,-10.4555,6.0227474999999995,13.39780735321804,19.42055485321804,-7.3750598532180405,看空触发,-1,看空状态,2015-06-12
2015-06-12,13.0872,5.6760075,13.279860381784564,18.955867881784563,-7.603852881784564,,-1,看空状态,2015-06-15
2015-06-15,-12.539,5.4779925,12.985018335443046,18.463010835443047,-7.507025835443046,看空触发,-1,看空状态,2015-06-16
2015-06-16,-0.44700000000001,5.093585833333334,12.827648552512363,17.921234385845697,-7.734062719179029,,-1,看空状态,2015-06-17
2015-06-17,-10.6985,4.88573,12.712182699930151,17.597912699930152,-7.826452699930152,看空触发,-1,看空状态,2015-06-18
2015-06-18,5.444299999999999,4.678576666666666,12.762227481894339,17.440804148561007,-8.083650815227672,,-1,看空状态,2015-06-19
2015-06-19,77.3166,4.6385966666666665,12.752163613858265,17.39076028052493,-8.113566947191599,看多触发,1,看多状态,2015-06-23
2015-06-23,68.36359999999999,5.129865833333333,14.324052561553026,19.453918394886358,-9.194186728219695,看多触发,1,看多状态,2015-06-24
2015-06-24,-31.655700000000003,5.623331666666667,15.440147508324548,21.063479174991215,-9.816815841657881,看空触发,-1,看空状态,2015-06-25
2015-06-25,-36.3212,5.218496666666666,15.774600178826644,20.99309684549331,-10.556103512159979,看空触发,-1,看空状态,2015-06-26
2015-06-26,31.2024,4.837807499999999,16.218755171683767,21.056562671683768,-11.380947671683767,看多触发,1,看多状态,2015-06-29
2015-06-29,-15.134,4.995674166666666,16.382956458822687,21.378630625489354,-11.38728229215602,看空触发,-1,看空状态,2015-06-30
2015-07-02,27.08,4.828800833333333,16.48569570840125,21.31449654173458,-11.656894875067916,看多触发,1,看多状态,2015-07-03
2015-07-03,69.7986,4.9019775,16.565285612563162,21.467263112563163,-11.663308112563161,看多触发,1,看多状态,2015-07-06
2015-07-06,-135.2322,5.411780833333333,17.590385415177906,23.002166248511237,-12.178604581844573,看空触发,-1,看空状态,2015-07-07
2015-07-07,-103.5783,4.174526666666666,21.762074138263635,25.9366008049303,-17.58754747159697,看空触发,-1,看空状态,2015-07-08
2015-07-08,-66.2613,3.2624841666666664,23.880822077421136,27.143306244087803,-20.61833791075447,看空触发,-1,看空状态,2015-07-09
2015-07-09,-37.5711,2.6545466666666666,24.70709009597061,27.361636762637275,-22.052543429303945,看空触发,-1,看空状态,2015-07-10
2015-07-10,-28.5082,2.3994666666666666,24.963876796354878,27.363343463021543,-22.564410129688213,看空触发,-1,看空状态,2015-07-13
2015-07-13,-23.018600000000003,2.1636349999999998,25.121892946553462,27.28552794655346,-22.958257946553463,看空触发,-1,看空状态,2015-07-14
2015-07-14,-15.722,1.8049574999999995,25.17197854023786,26.97693604023786,-23.36702104023786,,-1,看空状态,2015-07-15
2015-07-15,-3.3362,1.6758699999999995,25.222179012439884,26.898049012439884,-23.546309012439885,,-1,看空状态,2015-07-16
2015-07-16,-5.299,1.6195616666666661,25.225792951150545,26.84535461781721,-23.60623128448388,,-1,看空状态,2015-07-17
2015-07-17,1.9485,1.5705841666666662,25.233536006225492,26.80412017289216,-23.662951839558826,,-1,看空状态,2015-07-20
2015-07-20,-3.7824,1.4657233333333328,25.205351505118784,26.671074838452117,-23.73962817178545,,-1,看空状态,2015-07-21
2015-07-21,-6.7102,1.540325833333333,25.176199662955305,26.71652549628864,-23.63587382962197,,-1,看空状态,2015-07-22
2015-07-22,-6.2339,1.5052983333333327,25.1848004073318,26.69009874066513,-23.679502073998467,,-1,看空状态,2015-07-23
2015-07-23,3.3360000000000003,1.4038624999999996,25.191307442419454,26.595169942419453,-23.787444942419455,,-1,看空状态,2015-07-24
2015-07-24,-0.6615000000000001,1.3728933333333329,25.186589022961243,26.559482356294577,-23.81369568962791,,-1,看空状态,2015-07-27
2015-07-27,-1.5371,1.3568174999999996,25.1872724268858,26.5440899268858,-23.830454926885803,,-1,看空状态,2015-07-28
2015-07-28,24.5827,1.3725966666666662,25.18484102861536,26.557437695282026,-23.812244361948693,,-1,看空状态,2015-07-29
2015-07-29,-6.4486,1.3986833333333328,25.207425651285735,26.60610898461907,-23.8087423179524,,-1,看空状态,2015-07-30
2015-07-30,-2.0587,1.1844733333333328,25.163577621185627,26.34805095451896,-23.979104287852294,,-1,看空状态,2015-07-31
2015-07-31,4.2727,1.1546983333333327,25.165297902916194,26.319996236249526,-24.010599569582862,,-1,看空状态,2015-08-03
2015-08-03,-21.9915,1.168510833333333,25.166561111221366,26.3350719445547,-23.998050277888034,,-1,看空状态,2015-08-04
2015-08-04,-3.6768,0.9522199999999994,25.25372106220182,26.20594106220182,-24.30150106220182,,-1,看空状态,2015-08-05
2015-08-05,0.0591,0.8463008333333328,25.246195377952773,26.092496211286107,-24.39989454461944,,-1,看空状态,2015-08-06
2015-08-06,2.0893,0.7516333333333328,25.2275082290965,25.979141562429835,-24.475874895763166,,-1,看空状态,2015-08-07
2015-08-07,7.7587,0.6877558333333328,25.21422162819221,25.901977461525544,-24.526465794858876,,-1,看空状态,2015-08-10
2015-08-10,1.7668,0.7499458333333329,25.22244903349747,25.9723948668308,-24.472503200164137,,-1,看空状态,2015-08-11
2015-08-11,6.5727,0.7497974999999996,25.222442949899165,25.972240449899164,-24.472645449899165,,-1,看空状态,2015-08-12
2015-08-12,-2.0065,0.5795699999999996,25.112483010099538,25.69205301009954,-24.532913010099538,,-1,看空状态,2015-08-13
2015-08-13,1.6698,0.4715074999999995,25.095329492430277,25.566836992430275,-24.62382199243028,,-1,看空状态,2015-08-14
2015-08-14,-0.2221999999999999,0.24931583333333285,24.964268903832465,25.2135847371658,-24.71495307049913,,-1,看空状态,2015-08-17
2015-08-17,-5.8436,0.23407583333333284,24.963991570784863,25.198067404118195,-24.72991573745153,,-1,看空状态,2015-08-18
2015-08-18,-4.8258,0.09217999999999954,24.949617720813333,25.04179772081333,-24.857437720813333,,-1,看空状态,2015-08-19
2015-08-19,0.1653,-0.08378916666666715,24.908844341337357,24.82505517467069,-24.992633508004023,,-1,看空状态,2015-08-20
2015-08-20,-8.3861,-0.19754250000000048,24.87598249601668,24.678439996016678,-25.07352499601668,,-1,看空状态,2015-08-21
2015-08-21,-9.2285,-0.3640783333333338,24.863241225231768,24.499162891898433,-25.227319558565103,,-1,看空状态,2015-08-24
2015-08-24,81.48819999999999,-0.6005158333333338,24.811019419394665,24.210503586061332,-25.411535252727997,看多触发,1,看多状态,2015-08-25
2015-08-25,79.81439999999999,0.06823749999999945,25.91782839397441,25.98606589397441,-25.849590893974412,看多触发,1,看多状态,2015-08-26
2015-08-26,73.9709,0.7149166666666661,26.920516869400675,27.635433536067342,-26.205600202734008,看多触发,1,看多状态,2015-08-27
2015-08-27,47.1277,1.2470508333333328,27.726923854909792,28.973974688243125,-26.47987302157646,看多触发,1,看多状态,2015-08-28
2015-08-28,-25.492,1.6775049999999996,28.035774892962785,29.713279892962785,-26.358269892962785,,1,看多状态,2015-08-31
2015-08-31,-6.4947,1.4090324999999992,28.141093298866153,29.55012579886615,-26.732060798866154,,1,看多状态,2015-09-01
2015-09-01,-12.890999999999998,1.2927799999999994,28.144719188576005,29.437499188576005,-26.851939188576004,,1,看多状态,2015-09-02
2015-09-02,-30.4361,1.1775333333333329,28.174480574658705,29.35201390799204,-26.996947241325373,看空触发,-1,看空状态,2015-09-07
2015-09-07,-1.7682,0.898451666666666,28.321224149903422,29.21967581657009,-27.422772483236756,,-1,看空状态,2015-09-08
2015-09-08,43.7886,0.8302249999999994,28.317674609044783,29.14789960904478,-27.487449609044784,看多触发,1,看多状态,2015-09-09
2015-09-09,-29.8587,1.1626549999999995,28.586849601356267,29.749504601356268,-27.424194601356266,看空触发,-1,看空状态,2015-09-10
2015-09-10,29.083,0.8647733333333327,28.723121087014256,29.587894420347588,-27.858347753680924,,-1,看空状态,2015-09-11
2015-09-11,-0.6945,1.1027191666666663,28.838359467172623,29.94107863383929,-27.735640300505956,,-1,看空状态,2015-09-14
2015-09-14,-7.204,1.0239466666666661,28.830181610453888,29.854128277120555,-27.80623494378722,,-1,看空状态,2015-09-15
2015-09-15,10.3902,0.8320908333333328,28.807495314949538,29.63958614828287,-27.975404481616206,,-1,看空状态,2015-09-16
2015-09-16,17.2541,0.7866758333333327,28.78792568771984,29.574601521053175,-28.001249854386508,,-1,看空状态,2015-09-17
2015-09-17,3.4549000000000003,0.815946666666666,28.80299038622956,29.618937052896225,-27.987043719562894,,-1,看空状态,2015-09-18
2015-09-18,23.8367,0.668791666666666,28.74346593189919,29.41225759856586,-28.074674265232524,,-1,看空状态,2015-09-21
2015-09-21,5.494299999999999,0.7348841666666661,28.78787978534768,29.522763952014348,-28.052995618681013,,-1,看空状态,2015-09-22
2015-09-22,-1.3232,0.7755366666666661,28.791154727161434,29.5666913938281,-28.015618060494766,,-1,看空状态,2015-09-23
2015-09-23,-13.0712,0.6694174999999994,28.77508819969884,29.444505699698837,-28.10567069969884,,-1,看空状态,2015-09-24
2015-09-24,-9.4042,0.4049874999999995,28.75416180883793,29.159149308837932,-28.34917430883793,,-1,看空状态,2015-09-25
2015-09-29,-15.3764,0.4638024999999995,28.726576358690473,29.190378858690472,-28.262773858690473,,-1,看空状态,2015-09-30
2015-09-30,3.2662,0.33825666666666615,28.76288852008398,29.101145186750646,-28.424631853417313,,-1,看空状态,2015-10-08
2015-10-08,37.3463,0.44997583333333285,28.74787915002373,29.197854983357065,-28.297903316690398,看多触发,1,看多状态,2015-10-09
2015-10-09,17.0427,0.7523024999999994,28.94451601074684,29.69681851074684,-28.192213510746843,,1,看多状态,2015-10-12
2015-10-12,-1.9865,0.9985066666666662,28.956479613769424,29.954986280436092,-27.957972947102757,,1,看多状态,2015-10-13
2015-10-13,-4.1034,1.0978599999999996,28.925337478938555,30.023197478938556,-27.827477478938555,,1,看多状态,2015-10-14
2015-10-14,-9.118,1.0648624999999996,28.929024072159322,29.993886572159322,-27.864161572159322,,1,看多状态,2015-10-15
2015-10-15,3.5141000000000004,1.323963333333333,28.69452789290954,30.018491226242872,-27.37056455957621,,1,看多状态,2015-10-16
2015-10-16,-7.0339,1.776739166666666,28.29066466383203,30.067403830498694,-26.513925497165364,,1,看多状态,2015-10-19
2015-10-19,-2.5971,1.7918674999999995,28.28541958006569,30.077287080065688,-26.49355208006569,,1,看多状态,2015-10-20
2015-10-22,-13.763699999999998,1.6926208333333328,28.27970312801607,29.972323961349403,-26.587082294682737,,1,看多状态,2015-10-23
2015-10-23,-10.4818,1.542241666666666,28.313777833553562,29.856019500220228,-26.771536166886897,,1,看多状态,2015-10-26
2015-10-26,-12.2336,1.3691158333333326,28.323332967963303,29.692448801296635,-26.95421713462997,,1,看多状态,2015-10-27
2015-10-27,-2.2697,1.1359649999999994,28.319158041603554,29.455123041603553,-27.183193041603555,,1,看多状态,2015-10-28
2015-10-28,-11.3421,0.9840058333333328,28.287822330365685,29.27182816369902,-27.30381649703235,,1,看多状态,2015-10-29
2015-10-29,-15.7742,0.985136666666666,28.287322679133744,29.27245934580041,-27.30218601246708,,1,看多状态,2015-10-30
2015-10-30,-12.0101,0.7381474999999994,28.303312040932248,29.041459540932248,-27.565164540932248,,1,看多状态,2015-11-02
2015-11-02,-10.6042,0.5796358333333328,28.321142959312475,28.90077879264581,-27.74150712597914,,1,看多状态,2015-11-03
2015-11-03,-9.6482,0.5528616666666661,28.330259059535038,28.883120726201703,-27.777397392868373,,1,看多状态,2015-11-04
2015-11-04,-23.0618,0.46999749999999957,28.345556359607905,28.815553859607903,-27.875558859607906,,1,看多状态,2015-11-05
2015-11-05,-39.4646,0.18907749999999954,28.410802315066576,28.599879815066576,-28.221724815066576,看空触发,-1,看空状态,2015-11-06
2015-11-06,-17.0212,-0.11802416666666711,28.63959141667264,28.521567250005972,-28.75761558333931,,-1,看空状态,2015-11-09
2015-11-09,-14.4373,-0.28285583333333375,28.679788132900025,28.396932299566693,-28.962643966233358,,-1,看空状态,2015-11-10
2015-11-10,-27.1369,-0.3662016666666671,28.70647852324823,28.34027685658156,-29.072680189914898,,-1,看空状态,2015-11-11
2015-11-11,-27.920900000000003,-0.5959975000000005,28.810165841799847,28.214168341799848,-29.406163341799846,,-1,看空状态,2015-11-12
2015-11-12,-16.2195,-0.8934491666666672,28.90713047749681,28.013681310830144,-29.800579644163477,,-1,看空状态,2015-11-13
2015-11-13,-2.9679,-1.0632975000000005,28.93703775360435,27.87374025360435,-30.00033525360435,,-1,看空状态,2015-11-16
2015-11-16,-1.8013,-1.3016275000000002,28.832914023159102,27.531286523159103,-30.1345415231591,,-1,看空状态,2015-11-17
2015-11-17,-4.3578,-1.3804150000000004,28.821153913765315,27.440738913765315,-30.201568913765314,,-1,看空状态,2015-11-18
2015-11-18,-2.1648,-1.4103716666666672,28.82237496986604,27.412003303199374,-30.232746636532706,,-1,看空状态,2015-11-19
2015-11-19,-2.6558,-1.3945125000000005,28.82142397201923,27.426911472019228,-30.21593647201923,,-1,看空状态,2015-11-20
2015-11-20,-1.6353,-1.383109166666667,28.82064547686885,27.437536310202184,-30.203754643535518,,-1,看空状态,2015-11-23
2015-11-23,-2.4533,-1.3812350000000004,28.820621504059858,27.439386504059858,-30.201856504059858,,-1,看空状态,2015-11-24
2015-11-24,1.541,-1.4434483333333339,28.814761362864363,27.37131302953103,-30.258209696197696,,-1,看空状态,2015-11-25
2015-11-25,-1.127,-1.5224425000000006,28.793291018783883,27.270848518783882,-30.315733518783883,,-1,看空状态,2015-11-26
2015-11-26,4.5078,-1.698773333333334,28.724887521912247,27.026114188578912,-30.423660855245583,,-1,看空状态,2015-11-27
2015-11-27,1.5917,-1.8922033333333337,28.60301788521928,26.710814551885946,-30.495221218552615,,-1,看空状态,2015-11-30
2015-11-30,31.5765,-2.0308925000000007,28.54489792133949,26.51400542133949,-30.57579042133949,看多触发,1,看多状态,2015-12-01
2015-12-01,6.2839,-2.051953333333334,28.51893372035272,26.466980387019387,-30.570887053686054,,1,看多状态,2015-12-02
2015-12-02,-5.9244,-2.0148333333333337,28.526926025675145,26.51209269234181,-30.54175935900848,,1,看多状态,2015-12-03
2015-12-03,-10.9018,-1.7996300000000007,28.39784788112643,26.59821788112643,-30.19747788112643,,1,看多状态,2015-12-04
2015-12-04,-6.4671,-2.066366666666667,28.33113177064119,26.264765103974522,-30.397498437307856,,1,看多状态,2015-12-07
2015-12-07,-1.7904,-2.263371666666667,28.27836523886924,26.014993572202574,-30.54173690553591,,1,看多状态,2015-12-08
2015-12-08,-6.6967,-2.2974050000000004,28.2752921878456,25.9778871878456,-30.572697187845602,,1,看多状态,2015-12-09
2015-12-09,1.6425999999999998,-2.3558400000000006,28.27709267006593,25.92125267006593,-30.63293267006593,,1,看多状态,2015-12-10
2015-12-10,-4.8474,-2.2510091666666674,28.268329098649954,26.017319931983288,-30.51933826531662,,1,看多状态,2015-12-11
2015-12-11,-3.7662,-2.1755925000000005,28.24906237435643,26.07346987435643,-30.42465487435643,,1,看多状态,2015-12-14
2015-12-14,-5.2791,-2.0994775000000008,28.232223584635545,26.132746084635542,-30.331701084635547,,1,看多状态,2015-12-15
2015-12-15,2.1049,-2.0160700000000005,28.20770700924237,26.19163700924237,-30.22377700924237,,1,看多状态,2015-12-16
2015-12-16,-6.7038,-2.1152950000000006,28.17177181418896,26.05647681418896,-30.28706681418896,,1,看多状态,2015-12-17
2015-12-17,8.8727,-2.0840308333333337,28.164519159058525,26.08048832572519,-30.248549992391858,,1,看多状态,2015-12-18
2015-12-18,-3.0096,-2.1191516666666677,28.14806474005959,26.02891307339292,-30.267216406726256,,1,看多状态,2015-12-21
2015-12-21,-4.5787,-2.0397400000000006,28.131858670423338,26.092118670423336,-30.17159867042334,,1,看多状态,2015-12-22
2015-12-22,-7.6189,-2.074170833333334,28.132421327105515,26.05825049377218,-30.20659216043885,,1,看多状态,2015-12-23
2015-12-23,-3.7183,-2.048507500000001,28.125891712851576,26.077384212851577,-30.174399212851576,,1,看多状态,2015-12-24
2015-12-28,-2.7253,-2.1248625000000008,28.11781557985734,25.992953079857337,-30.242678079857342,,1,看多状态,2015-12-29
2015-12-29,4.9169,-2.791878333333334,27.15018921446729,24.358310881133956,-29.942067547800622,,1,看多状态,2015-12-30
2015-12-30,2.8467,-3.320600833333334,26.35911935702836,23.038518523695025,-29.679720190361692,,1,看多状态,2015-12-31
2015-12-31,-4.9067,-3.033080833333334,26.23533047404914,23.202249640715806,-29.268411307382472,,1,看多状态,2016-01-04
2016-01-04,0.31,-2.771293333333334,26.056500163636766,23.285206830303434,-28.8277934969701,,1,看多状态,2016-01-05
2016-01-05,14.2938,-3.028730000000001,25.869961261669285,22.841231261669286,-28.898691261669285,,1,看多状态,2016-01-06
2016-01-06,-6.5684000000000005,-2.7834983333333336,25.89371430837081,23.110215975037477,-28.677212641704145,,1,看多状态,2016-01-07
2016-01-07,-0.0033,-3.0639016666666667,25.749391812306854,22.685490145640188,-28.81329347897352,,1,看多状态,2016-01-08
2016-01-08,1.5373,-3.645584166666667,24.86273761021947,21.217153443552803,-28.508321776886135,,1,看多状态,2016-01-11
2016-01-11,-5.682799999999999,-2.5058383333333336,21.71559351620102,19.20975518286769,-24.221431849534355,,1,看多状态,2016-01-12
2016-01-12,-8.5657,-1.6900425000000001,19.62485584095494,17.93481334095494,-21.31489834095494,,1,看多状态,2016-01-13
2016-01-13,0.966,-1.2092458333333336,18.71528126024921,17.506035426915876,-19.924527093582544,,1,看多状态,2016-01-14
2016-01-14,-2.9209,-0.8881033333333335,18.414307535799836,17.526204202466502,-19.30241086913317,,1,看多状态,2016-01-15
2016-01-15,-3.4044,-0.6748758333333335,18.23910438589285,17.564228552559516,-18.913980219226186,,1,看多状态,2016-01-18
2016-01-18,0.8090999999999999,-0.5114241666666668,18.12471474038055,17.613290573713883,-18.63613890704722,,1,看多状态,2016-01-19
2016-01-19,2.9988,-0.3736650000000001,18.07087672842387,17.69721172842387,-18.444541728423868,,1,看多状态,2016-01-20
2016-01-20,-8.8077,-0.32087333333333345,18.07140277062373,17.750529437290396,-18.392276103957066,,1,看多状态,2016-01-21
2016-01-21,-2.8932,-0.35011250000000016,18.082360145642877,17.732247645642875,-18.43247264564288,,1,看多状态,2016-01-22
2016-01-22,3.2116,-0.3904600000000001,18.082589794645354,17.692129794645354,-18.473049794645355,,1,看多状态,2016-01-25
2016-01-25,0.5265,-0.33217666666666684,18.082836547245833,17.750659880579168,-18.4150132139125,,1,看多状态,2016-01-26
2016-01-26,-2.6188,-0.2718708333333335,18.07345192238205,17.801581089048714,-18.345322755715383,,1,看多状态,2016-01-27
2016-01-27,43.1987,-0.24174500000000015,18.06644213515302,17.82469713515302,-18.308187135153023,看多触发,1,看多状态,2016-01-28
2016-01-28,-4.9852,0.09044416666666652,18.494194747745286,18.584638914411954,-18.40375058107862,,1,看多状态,2016-01-29
2016-01-29,14.5736,0.054413333333333196,18.499882907169468,18.5542962405028,-18.445469573836135,,1,看多状态,2016-02-01
2016-02-01,-3.5844,0.18866916666666653,18.546635599046848,18.735304765713515,-18.35796643238018,,1,看多状态,2016-02-02
2016-02-02,-1.2018,-0.046056666666666794,18.413071060096343,18.367014393429677,-18.459127726763008,,1,看多状态,2016-02-03
2016-02-03,-23.7781,-0.002333333333333461,18.403967167266902,18.40163383393357,-18.406300500600235,看空触发,-1,看空状态,2016-02-04
2016-02-04,1.3771,-0.18332833333333345,18.530724481132996,18.347396147799664,-18.714052814466328,,-1,看空状态,2016-02-05
2016-02-05,-0.9779,-0.20745833333333344,18.52675809662486,18.319299763291525,-18.734216429958195,,-1,看空状态,2016-02-15
2016-02-15,-2.2079,-0.03234500000000012,18.418117781373503,18.385772781373504,-18.450462781373503,,-1,看空状态,2016-02-16
2016-02-16,2.0211,-0.02010416666666678,18.416163310218515,18.39605914355185,-18.43626747688518,,-1,看空状态,2016-02-17
2016-02-17,-3.4368,-0.0037541666666667806,18.41710513379871,18.413350967132043,-18.420859300465377,,-1,看空状态,2016-02-18
2016-02-18,2.4455,-0.04980500000000011,18.418736365304685,18.368931365304686,-18.468541365304684,,-1,看空状态,2016-02-19
2016-02-19,0.004,-0.09408166666666679,18.40618972706566,18.31210806039899,-18.500271393732326,,-1,看空状态,2016-02-22
2016-02-22,-1.1177,-0.10877166666666677,18.40539550411478,18.296623837448113,-18.514167170781445,,-1,看空状态,2016-02-23
2016-02-23,2.717,-0.17285833333333345,18.395321490638977,18.222463157305643,-18.56817982397231,,-1,看空状态,2016-02-24
2016-02-24,-2.7959,-0.13349583333333345,18.39641853781291,18.262922704479575,-18.529914371146244,,-1,看空状态,2016-02-25
2016-02-25,0.3046999999999999,-0.1707100000000001,18.397256810486507,18.226546810486507,-18.567966810486507,,-1,看空状态,2016-02-26
2016-02-26,13.1711,-0.16631916666666677,18.397307295181207,18.23098812851454,-18.563626461847875,,-1,看空状态,2016-02-29
2016-02-29,17.0632,-0.007863333333333467,18.429855941319904,18.42199260798657,-18.437719274653237,,-1,看空状态,2016-03-01
2016-03-01,5.0273,0.17454499999999984,18.489994379363203,18.6645393793632,-18.315449379363205,,-1,看空状态,2016-03-02
2016-03-02,24.4053,0.21506166666666654,18.495300179603596,18.710361846270263,-18.28023851293693,看多触发,1,看多状态,2016-03-03
2016-03-03,-8.298300000000001,0.48832333333333316,18.609044140578693,19.097367473912026,-18.12072080724536,,1,看多状态,2016-03-04
2016-03-04,17.3144,0.4960749999999999,18.605155881271976,19.101230881271977,-18.109080881271975,,1,看多状态,2016-03-07
2016-03-07,7.591699999999999,-0.03870666666666676,17.120649478833993,17.081942812167327,-17.15935614550066,,1,看多状态,2016-03-08
2016-03-08,-3.4488,-0.6405625,15.480841181562152,14.840278681562152,-16.121403681562153,,1,看多状态,2016-03-09
2016-03-09,0.2369,-1.2857266666666665,13.875249787802215,12.589523121135548,-15.160976454468882,,1,看多状态,2016-03-10
2016-03-10,2.3764,-1.6764833333333333,13.141223822191394,11.46474048885806,-14.817707155524728,,1,看多状态,2016-03-11
2016-03-11,9.0675,-1.4442466666666667,12.96183629832962,11.517589631662954,-14.406082964996287,,1,看多状态,2016-03-14
2016-03-14,3.2258,-1.3145616666666666,12.988704330471196,11.67414266380453,-14.303265997137862,,1,看多状态,2016-03-15
2016-03-15,-2.7788,-1.1802549999999998,12.95126701171414,11.771012011714141,-14.13152201171414,,1,看多状态,2016-03-16
2016-03-16,-2.7727,-0.9497774999999999,12.6692837181973,11.719506218197301,-13.6190612181973,,1,看多状态,2016-03-17
2016-03-17,15.8768,-0.9581483333333333,12.670160825015701,11.712012491682367,-13.628309158349035,看多触发,1,看多状态,2016-03-18
2016-03-18,9.998,-1.1907466666666664,12.08446319175008,10.893716525083414,-13.275209858416746,,1,看多状态,2016-03-21
2016-03-21,-1.6364,-0.8586075,11.835061980511506,10.976454480511507,-12.693669480511506,,1,看多状态,2016-03-22
2016-03-22,4.1503,-1.1146025000000002,11.509738458472082,10.395135958472082,-12.624340958472082,,1,看多状态,2016-03-23
2016-03-23,-1.3021,-1.0742291666666666,11.51971731606657,10.445488149399903,-12.593946482733237,,1,看多状态,2016-03-24
2016-03-29,-2.8217000000000003,-1.0250466666666667,11.505917411612451,10.480870744945785,-12.530964078279117,,1,看多状态,2016-03-30
2016-03-30,10.5777,-1.1351458333333333,11.458883607470797,10.323737774137465,-12.59402944080413,看多触发,1,看多状态,2016-03-31
2016-03-31,21.475,-1.1907825,11.384816127497128,10.194033627497127,-12.57559862749713,看多触发,1,看多状态,2016-04-01
2016-04-01,-4.7276,-1.040615,11.564041575509398,10.523426575509397,-12.604656575509399,,1,看多状态,2016-04-05
2016-04-05,0.2505,-1.2786508333333333,11.33946539559141,10.060814562258077,-12.618116228924745,,1,看多状态,2016-04-06
2016-04-06,-4.2095,-1.3223491666666667,11.323237753495455,10.000888586828788,-12.645586920162122,,1,看多状态,2016-04-07
2016-04-07,-1.5714,-1.3464016666666665,11.326304658899844,9.979902992233177,-12.67270632556651,,1,看多状态,2016-04-08
2016-04-08,-2.526,-1.25057,11.27480040376056,10.02423040376056,-12.52537040376056,,1,看多状态,2016-04-11
2016-04-11,9.4832,-1.1932516666666664,11.250458278531262,10.057206611864595,-12.443709945197929,,1,看多状态,2016-04-12
2016-04-12,8.697000000000001,-0.9860883333333333,11.21592486237844,10.229836529045107,-12.202013195711773,,1,看多状态,2016-04-13
2016-04-13,31.5424,-0.9408316666666666,11.244148414832834,10.303316748166168,-12.1849800814995,看多触发,1,看多状态,2016-04-14
2016-04-14,14.4401,-0.9891975,11.089494283878738,10.100296783878738,-12.078691783878737,看多触发,1,看多状态,2016-04-15
2016-04-15,-0.7816,-1.0108858333333335,11.056427683382434,10.045541850049101,-12.067313516715767,,1,看多状态,2016-04-18
2016-04-18,-10.8678,-1.000845,11.056081345628382,10.055236345628382,-12.056926345628382,,1,看多状态,2016-04-19
2016-04-19,2.0205,-1.057215,11.08922744580594,10.032012445805941,-12.14644244580594,,1,看多状态,2016-04-20
2016-04-20,-15.3648,-0.9643941666666666,11.067784678848847,10.10339051218218,-12.032178845515514,看空触发,-1,看空状态,2016-04-21
2016-04-21,1.5711000000000002,-1.1217183333333334,11.137547871022848,10.015829537689514,-12.259266204356182,,-1,看空状态,2016-04-22
2016-04-22,-1.909,-1.0500099999999999,11.126859042197928,10.076849042197928,-12.176869042197929,,-1,看空状态,2016-04-25
2016-04-25,-1.3016,-1.0442758333333333,11.12623234451814,10.081956511184806,-12.170508177851474,,-1,看空状态,2016-04-26
2016-04-26,1.8295,-0.940425,11.064501781492364,10.124076781492365,-12.004926781492363,,-1,看空状态,2016-04-27
2016-04-27,-3.3679,-0.8378308333333333,11.032317819923348,10.194486986590015,-11.870148653256681,,-1,看空状态,2016-04-28
2016-04-28,-2.805,-0.76395,10.984945783796196,10.220995783796196,-11.748895783796195,,-1,看空状态,2016-04-29
2016-04-29,0.8895000000000001,-0.7684108333333334,10.98567105122307,10.217260217889736,-11.754081884556404,,-1,看空状态,2016-05-03
2016-05-03,6.153,-0.6664808333333333,10.94340300251766,10.276922169184328,-11.609883835850994,,-1,看空状态,2016-05-04
2016-05-04,-2.7589,-0.4837541666666666,10.87185314270855,10.388098976041883,-11.355607309375218,,-1,看空状态,2016-05-05
2016-05-05,-5.638,-0.40666083333333336,10.822118703422852,10.415457870089519,-11.228779536756186,,-1,看空状态,2016-05-06
2016-05-06,-13.5968,-0.36527583333333336,10.792248896376718,10.426973063043384,-11.157524729710051,看空触发,-1,看空状态,2016-05-09
2016-05-09,-5.3404,-0.3981808333333333,10.826754262235763,10.42857342890243,-11.224935095569096,,-1,看空状态,2016-05-10
2016-05-10,-4.1152,-0.2505025,10.634170057445319,10.38366755744532,-10.884672557445318,,-1,看空状态,2016-05-11
2016-05-11,-2.4017,0.04407583333333331,10.010062349708015,10.054138183041347,-9.965986516374683,,-1,看空状态,2016-05-12
2016-05-12,-4.5585,0.165905,9.88885185908353,10.05475685908353,-9.72294685908353,,-1,看空状态,2016-05-13
2016-05-13,-7.305099999999999,0.24822833333333333,9.807042012176908,10.055270345510241,-9.558813678843574,,-1,看空状态,2016-05-16
2016-05-16,0.3243,0.4134933333333334,9.504099382250109,9.917592715583442,-9.090606048916776,,-1,看空状态,2016-05-17
2016-05-17,-1.4602000000000002,0.6488700000000001,9.139232334453846,9.788102334453846,-8.490362334453845,,-1,看空状态,2016-05-18
2016-05-18,-4.236000000000001,0.7718641666666667,9.00869491938508,9.780559086051747,-8.236830752718413,,-1,看空状态,2016-05-19
2016-05-19,-1.7866,0.7612966666666667,9.013860932693548,9.775157599360215,-8.252564266026882,,-1,看空状态,2016-05-20
2016-05-20,2.1399,0.7614191666666666,9.013825913704533,9.7752450803712,-8.252406747037867,,-1,看空状态,2016-05-23
2016-05-23,3.4403,0.8155666666666667,9.00232454808936,9.817891214756028,-8.186757881422693,,-1,看空状态,2016-05-24
2016-05-24,-0.7462000000000001,0.8622758333333334,9.001271924632452,9.863547757965785,-8.138996091299118,,-1,看空状态,2016-05-25
2016-05-25,12.5928,0.8781891666666667,8.996686880336753,9.87487604700342,-8.118497713670086,看多触发,1,看多状态,2016-05-26
2016-05-26,3.0982,0.9967566666666666,9.056838306386123,10.053594973052789,-8.060081639719456,,1,看多状态,2016-05-27
2016-05-27,6.1487,1.0430191666666666,9.053245130457432,10.0962642971241,-8.010225963790765,,1,看多状态,2016-05-30
2016-05-30,24.31,1.0814166666666667,9.065138463146774,10.14655512981344,-7.983721796480107,看多触发,1,看多状态,2016-05-31
2016-05-31,34.3676,1.2933916666666667,9.307234684310812,10.600626350977478,-8.013843017644145,看多触发,1,看多状态,2016-06-01
2016-06-01,19.0118,1.5422233333333333,9.780992650786818,11.32321598412015,-8.238769317453485,看多触发,1,看多状态,2016-06-02
2016-06-02,7.9983,1.6873908333333332,9.910153133134969,11.597543966468303,-8.222762299801635,,1,看多状态,2016-06-03
2016-06-03,13.8583,1.4909058333333334,9.539374856041878,11.03028068937521,-8.048469022708545,看多触发,1,看多状态,2016-06-06
2016-06-06,2.0072,1.5540258333333334,9.596245148870826,11.15027098220416,-8.042219315537492,,1,看多状态,2016-06-07
2016-06-07,11.2444,1.6201225000000001,9.571586477330682,11.191708977330682,-7.951463977330682,看多触发,1,看多状态,2016-06-08
2016-06-08,-0.5609000000000001,1.8046741666666668,9.541575505287856,11.346249671954522,-7.736901338621189,,1,看多状态,2016-06-13
2016-06-13,-10.8297,1.8538925,9.513741018376201,11.367633518376202,-7.659848518376202,看空触发,-1,看空状态,2016-06-14
2016-06-14,-2.5828,1.778565,9.578403866354803,11.356968866354803,-7.799838866354802,,-1,看空状态,2016-06-15
2016-06-15,-6.9986,1.8128475000000002,9.555148644095006,11.367996144095006,-7.742301144095006,,-1,看空状态,2016-06-16
2016-06-16,-9.2515,1.7408375,9.588943816192437,11.329781316192436,-7.848106316192437,看空触发,-1,看空状态,2016-06-17
2016-06-17,7.2983,1.7041366666666666,9.622740203524527,11.326876870191194,-7.9186035368578604,,-1,看空状态,2016-06-20
2016-06-20,0.358,1.7963408333333333,9.622892977306202,11.419233810639536,-7.826552143972869,,-1,看空状态,2016-06-21
2016-06-21,-0.8844,1.8433166666666667,9.60179884887068,11.445115515537346,-7.758482182204013,,-1,看空状态,2016-06-22
2016-06-22,7.0591,1.8184058333333335,9.604991673794611,11.423397507127945,-7.786585840461278,,-1,看空状态,2016-06-23
2016-06-23,-0.7434999999999999,1.933096666666667,9.58452286437904,11.517619531045707,-7.6514261977123725,,-1,看空状态,2016-06-24
2016-06-24,-20.6853,1.8529616666666666,9.56619653750377,11.419158204170436,-7.713234870837103,看空触发,-1,看空状态,2016-06-27
2016-06-27,-0.8371,1.7056641666666665,9.775491121654511,11.481155288321178,-8.069826954987844,,-1,看空状态,2016-06-28
2016-06-28,-0.9098,1.7368441666666667,9.761234736960809,11.498078903627476,-8.024390570294141,,-1,看空状态,2016-06-29
2016-06-29,8.9453,1.7927533333333334,9.726349209062365,11.519102542395698,-7.933595875729031,,-1,看空状态,2016-06-30
2016-07-04,11.4914,1.8982833333333333,9.734748134893094,11.633031468226427,-7.83646480155976,,-1,看空状态,2016-07-05
2016-07-05,-1.5847,2.0167558333333333,9.76446967897197,11.781225512305303,-7.747713845638637,,-1,看空状态,2016-07-06
2016-07-06,-6.4507,1.9625758333333334,9.76627996427013,11.728855797603464,-7.803704130936796,,-1,看空状态,2016-07-07
2016-07-07,-2.1199,1.8850975,9.79604099596874,11.68113849596874,-7.9109434959687395,,-1,看空状态,2016-07-08
2016-07-08,-2.2707,1.9083208333333335,9.783099239594161,11.691420072927494,-7.874778406260828,,-1,看空状态,2016-07-11
2016-07-11,15.496199999999998,1.886815,9.789476746994286,11.676291746994286,-7.902661746994285,看多触发,1,看多状态,2016-07-12
2016-07-12,16.8992,1.896835,9.802888777565517,11.699723777565517,-7.906053777565517,看多触发,1,看多状态,2016-07-13
2016-07-13,4.8099,2.092398333333333,9.866469883619349,11.958868216952682,-7.774071550286015,,1,看多状态,2016-07-14
2016-07-14,7.031499999999999,2.132508333333333,9.867662121740803,12.000170455074137,-7.73515378840747,,1,看多状态,2016-07-15
2016-07-15,4.1581,2.1782933333333334,9.877618460866124,12.055911794199456,-7.6993251275327905,,1,看多状态,2016-07-18
2016-07-18,7.105499999999999,2.260300833333333,9.852624121296122,12.112924954629456,-7.592323287962789,,1,看多状态,2016-07-19
2016-07-19,5.454400000000001,2.3908941666666665,9.811696481543482,12.202590648210148,-7.420802314876815,,1,看多状态,2016-07-20
2016-07-20,3.4217,2.4282975,9.81477364266324,12.24307114266324,-7.38647614266324,,1,看多状态,2016-07-21
2016-07-21,7.0012,2.4811525,9.802795739811422,12.283948239811423,-7.321643239811422,,1,看多状态,2016-07-22
2016-07-22,2.9192,2.5678658333333337,9.796316624964435,12.364182458297769,-7.228450791631101,,1,看多状态,2016-07-25
2016-07-25,4.4865,2.5854500000000002,9.79502685711465,12.38047685711465,-7.20957685711465,,1,看多状态,2016-07-26
2016-07-26,4.6967,2.5978475,9.79649580369221,12.39434330369221,-7.1986483036922095,,1,看多状态,2016-07-27
2016-07-27,9.752,2.7103841666666666,9.741786974643189,12.452171141309854,-7.031402807976522,,1,看多状态,2016-07-28
2016-07-28,-5.668099999999999,2.815760833333334,9.749052481718975,12.564813315052309,-6.933291648385641,,1,看多状态,2016-07-29
2016-07-29,0.856,2.741763333333333,9.77967409411215,12.521437427445482,-7.037910760778816,,1,看多状态,2016-08-01
2016-08-01,10.5475,2.7445091666666666,9.779093128728046,12.523602295394713,-7.0345839620613795,,1,看多状态,2016-08-02
2016-08-03,-1.6819,2.8542283333333334,9.792264917396203,12.646493250729536,-6.9380365840628695,,1,看多状态,2016-08-04
2016-08-04,-4.3737,2.4802233333333334,9.068757111748479,11.548980445081812,-6.588533778415146,,1,看多状态,2016-08-05
2016-08-05,4.7495,2.485319166666667,9.064697853607324,11.550017020273991,-6.579378686940657,,1,看多状态,2016-08-08
2016-08-08,6.233099999999999,2.4034516666666668,8.998728491376461,11.402180158043128,-6.595276824709794,,1,看多状态,2016-08-09
2016-08-09,12.921500000000002,2.485264166666667,8.988454436401202,11.47371860306787,-6.503190269734535,看多触发,1,看多状态,2016-08-10
2016-08-10,10.4539,2.6029583333333335,9.032129210828813,11.635087544162147,-6.42917087749548,,1,看多状态,2016-08-11
2016-08-11,7.0421000000000005,2.8882250000000003,8.727362269306033,11.615587269306033,-5.839137269306033,,1,看多状态,2016-08-12
2016-08-12,2.314,2.9354333333333336,8.734438336252914,11.669871669586248,-5.79900500291958,,1,看多状态,2016-08-15
2016-08-15,3.8364,2.9628658333333333,8.727210827019343,11.690076660352677,-5.764344993686009,,1,看多状态,2016-08-16
2016-08-16,46.8617,3.0132350000000003,8.71455010760309,11.72778510760309,-5.70131510760309,看多触发,1,看多状态,2016-08-17
2016-08-17,15.056,3.386906666666667,9.589126604331879,12.976033270998546,-6.2022199376652125,看多触发,1,看多状态,2016-08-18
2016-08-18,11.7204,3.5410133333333333,9.627065068358561,13.168078401691895,-6.086051735025228,,1,看多状态,2016-08-19
2016-08-19,3.557,3.6183041666666664,9.655385918005216,13.273690084671882,-6.037081751338549,,1,看多状态,2016-08-22
2016-08-22,-0.9197,3.6479125,9.649655436453681,13.297567936453682,-6.001742936453681,,1,看多状态,2016-08-23
2016-08-23,1.7541,3.6495625000000005,9.64885060851236,13.29841310851236,-5.99928810851236,,1,看多状态,2016-08-24
2016-08-24,2.2566,3.6415383333333335,9.650032972723634,13.291571306056968,-6.008494639390301,,1,看多状态,2016-08-25
2016-08-25,3.3807,3.6836425,9.632716459006142,13.316358959006141,-5.949073959006142,,1,看多状态,2016-08-26
2016-08-26,1.9703,3.7092758333333333,9.62774073726716,13.337016570600493,-5.9184649039338275,,1,看多状态,2016-08-29
2016-08-29,-0.3359,3.6159358333333333,9.589457643857015,13.205393477190349,-5.973521810523682,,1,看多状态,2016-08-30
2016-08-30,9.0338,3.4709433333333335,9.515679852851958,12.986623186185291,-6.044736519518625,,1,看多状态,2016-08-31
2016-08-31,2.7925,3.5043308333333334,9.5282070255892,13.032537858922534,-6.023876192255867,,1,看多状态,2016-09-01
2016-09-01,1.1973,3.3242241666666668,9.332055691121054,12.656279857787721,-6.007831524454387,,1,看多状态,2016-09-02
2016-09-02,-1.8333,3.403354166666667,9.272745688042416,12.676099854709083,-5.86939152137575,,1,看多状态,2016-09-05
2016-09-05,14.7079,3.2437899999999997,9.195780802116378,12.439570802116378,-5.951990802116378,看多触发,1,看多状态,2016-09-06
2016-09-06,8.8107,3.3030916666666665,9.246858770247627,12.549950436914294,-5.94376710358096,,1,看多状态,2016-09-07
2016-09-07,4.8377,3.4052541666666665,9.239355221518165,12.644609388184833,-5.834101054851499,,1,看多状态,2016-09-08
2016-09-08,9.5292,3.4435941666666663,9.235642294519604,12.679236461186271,-5.792048127852937,,1,看多状态,2016-09-09
2016-09-09,-3.4957,3.503200833333333,9.251764711469189,12.754965544802522,-5.748563878135856,,1,看多状态,2016-09-12
2016-09-12,-25.7944,3.3985075,9.259349482233926,12.657856982233927,-5.860841982233926,看空触发,-1,看空状态,2016-09-13
2016-09-13,-3.3815,3.1566725,9.635241994850059,12.791914494850058,-6.478569494850059,,-1,看空状态,2016-09-14
2016-09-14,-11.6759,3.1516500000000005,9.638518465254021,12.790168465254022,-6.486868465254021,看空触发,-1,看空状态,2016-09-19
2016-09-19,-8.2693,3.077456666666667,9.718440110850672,12.795896777517338,-6.640983444184005,看空触发,-1,看空状态,2016-09-20
2016-09-20,-8.5289,2.8762391666666667,9.701160107186176,12.577399273852842,-6.82492094051951,看空触发,-1,看空状态,2016-09-21
2016-09-21,-2.5494,2.7218483333333334,9.734235573617836,12.45608390695117,-7.012387240284502,,-1,看空状态,2016-09-22
2016-09-22,10.4294,2.7142399999999998,9.73802669524883,12.45226669524883,-7.02378669524883,,-1,看空状态,2016-09-23
2016-09-23,5.4779,2.7665658333333334,9.762646774213806,12.529212607547139,-6.996080940880473,,-1,看空状态,2016-09-26
2016-09-26,-3.7796,2.823065833333333,9.75852034254591,12.581586175879243,-6.935454509212578,,-1,看空状态,2016-09-27
2016-09-27,-3.3643,2.8150833333333334,9.763567058152894,12.578650391486228,-6.94848372481956,,-1,看空状态,2016-09-28
2016-09-28,-1.646,2.6989,9.753365501898006,12.452265501898006,-7.054465501898006,,-1,看空状态,2016-09-29
2016-09-29,5.6294,2.506225,9.6066021945279,12.1128271945279,-7.1003771945278995,,-1,看空状态,2016-09-30
2016-10-11,9.7584,2.592533333333334,9.587571604670215,12.180104938003549,-6.995038271336881,,-1,看空状态,2016-10-12
2016-10-12,-5.7549,2.671765833333333,9.607320901642813,12.279086734976147,-6.93555506830948,,-1,看空状态,2016-10-13
2016-10-13,-5.3053,2.6588875,9.617652777715584,12.276540277715585,-6.9587652777155835,,-1,看空状态,2016-10-14
2016-10-14,9.3891,2.627771666666667,9.637473655225087,12.265245321891754,-7.00970198855842,,-1,看空状态,2016-10-17
2016-10-17,-1.7463,2.7270641666666666,9.645305399861897,12.372369566528564,-6.91824123319523,,-1,看空状态,2016-10-18
2016-10-18,6.5165,2.6334850000000003,9.633673785851938,12.267158785851938,-7.000188785851938,,-1,看空状态,2016-10-19
2016-10-19,3.91,2.6153141666666664,9.62419254397021,12.239506710636876,-7.008878377303544,,-1,看空状态,2016-10-20
2016-10-20,3.6675,2.385044166666667,9.249538610585173,11.63458277725184,-6.864494443918506,,-1,看空状态,2016-10-21
2016-10-24,7.5594,2.2952725000000003,9.183596549319155,11.478869049319155,-6.888324049319155,,-1,看空状态,2016-10-25
2016-10-25,9.1472,2.3647808333333336,9.191674689926128,11.556455523259462,-6.826893856592794,,-1,看空状态,2016-10-26
2016-10-26,2.3446,2.5315725000000002,9.13093404523775,11.66250654523775,-6.599361545237749,,-1,看空状态,2016-10-27
2016-10-27,-5.7674,2.534273333333333,9.130829537155677,11.66510287048901,-6.5965562038223435,,-1,看空状态,2016-10-28
2016-10-28,2.5516,2.6142516666666666,9.014016669777304,11.62826833644397,-6.3997650031106375,,-1,看空状态,2016-10-31
2016-10-31,1.4494999999999998,2.6224225,9.013507526904132,11.63593002690413,-6.391085026904132,,-1,看空状态,2016-11-01
2016-11-01,4.086,2.6504100000000004,9.004528643950877,11.654938643950878,-6.354118643950876,,-1,看空状态,2016-11-02
2016-11-02,-9.7834,2.695306666666667,8.998087306650628,11.693393973317296,-6.302780639983961,看空触发,-1,看空状态,2016-11-03
2016-11-03,-4.03,2.5985324999999997,9.06964098145373,11.66817348145373,-6.471108481453731,,-1,看空状态,2016-11-04
2016-11-04,-1.8742,2.5930150000000003,9.073501723461355,11.666516723461356,-6.480486723461355,,-1,看空状态,2016-11-07
2016-11-07,0.7190000000000001,2.6007716666666667,9.069245201081646,11.670016867748313,-6.468473534414979,,-1,看空状态,2016-11-08
2016-11-08,3.2119,2.5993508333333333,9.06952890162874,11.668879734962072,-6.470178068295406,,-1,看空状态,2016-11-09
2016-11-09,-40.4128,2.5748416666666665,9.06381711164651,11.638658778313175,-6.488975444979843,看空触发,-1,看空状态,2016-11-10
2016-11-10,15.3818,2.261059166666667,9.866271505236517,12.127330671903184,-7.605212338569849,看多触发,1,看多状态,2016-11-11
2016-11-11,-6.667000000000001,2.436224166666667,9.911342737100203,12.34756690376687,-7.475118570433535,,1,看多状态,2016-11-14
2016-11-14,-2.0042,2.4939725,9.837051254783525,12.331023754783525,-7.343078754783525,,1,看多状态,2016-11-15
2016-11-15,0.1184,2.521774166666667,9.819422153825654,12.34119632049232,-7.297647987158987,,1,看多状态,2016-11-16
2016-11-16,6.9984,2.5570541666666666,9.802967541034269,12.360021707700936,-7.245913374367602,,1,看多状态,2016-11-17
2016-11-17,-0.2879,2.635388333333333,9.800566996796004,12.435955330129337,-7.165178663462671,,1,看多状态,2016-11-18
2016-11-18,-0.6413,2.6709766666666668,9.781960804011456,12.452937470678123,-7.11098413734479,,1,看多状态,2016-11-21
2016-11-21,1.1322,2.7265083333333333,9.7436913968944,12.470199730227733,-7.017183063561067,,1,看多状态,2016-11-22
2016-11-22,13.2473,2.7332408333333333,9.742296632547927,12.47553746588126,-7.009055799214593,看多触发,1,看多状态,2016-11-23
2016-11-23,11.3004,2.8558033333333332,9.781532420919646,12.63733575425298,-6.925729087586313,,1,看多状态,2016-11-24
2016-11-24,8.8473,2.9852733333333332,9.789693106972019,12.774966440305352,-6.804419773638685,,1,看多状态,2016-11-25
2016-11-25,17.1,3.073889166666667,9.794263066952631,12.868152233619298,-6.7203739002859635,看多触发,1,看多状态,2016-11-28
2016-11-28,13.9552,3.1985566666666667,9.87713491655287,13.075691583219538,-6.678578249886204,看多触发,1,看多状态,2016-11-29
2016-11-29,9.8508,3.2861808333333333,9.925818587678936,13.211999421012269,-6.639637754345603,,1,看多状态,2016-11-30
2016-11-30,11.0196,3.3744891666666663,9.936775514666417,13.311264681333084,-6.56228634799975,,1,看多状态,2016-12-01
2016-12-01,9.4071,3.3613791666666666,9.925542657399081,13.286921824065747,-6.5641634907324145,,1,看多状态,2016-12-02
2016-12-02,-15.3939,3.413953333333333,9.940833808500415,13.354787141833748,-6.526880475167081,看空触发,-1,看空状态,2016-12-05
2016-12-05,11.8122,3.2344316666666666,10.084512705508432,13.3189443721751,-6.850081038841766,,-1,看空状态,2016-12-06
2016-12-06,13.8401,3.1302833333333333,9.928351343825588,13.05863467715892,-6.798068010492255,看多触发,1,看多状态,2016-12-07
2016-12-07,18.368,2.959220833333333,9.555457687897182,12.514678521230515,-6.596236854563848,看多触发,1,看多状态,2016-12-08
2016-12-08,22.882800000000003,2.9538558333333333,9.546545658388565,12.500401491721899,-6.592689825055231,看多触发,1,看多状态,2016-12-09
2016-12-09,-0.3682,3.0778933333333334,9.707970263323297,12.78586359665663,-6.630076929989963,,1,看多状态,2016-12-12
2016-12-12,9.5874,2.9593391666666666,9.661971496153747,12.621310662820413,-6.702632329487081,,1,看多状态,2016-12-13
2016-12-13,15.2474,3.0225075,9.680455612378033,12.702963112378033,-6.657948112378033,看多触发,1,看多状态,2016-12-14
2016-12-14,8.9355,3.0558658333333337,9.715858227128674,12.771724060462008,-6.65999239379534,,1,看多状态,2016-12-15
2016-12-15,4.5757,3.1350024999999997,9.72482218587061,12.85982468587061,-6.5898196858706095,,1,看多状态,2016-12-16
2016-12-16,11.3973,3.263380833333333,9.640239890694346,12.903620724027679,-6.376859057361013,,1,看多状态,2016-12-19
2016-12-19,-6.4064,3.379881666666667,9.653460610927082,13.03334227759375,-6.273578944260415,看空触发,-1,看空状态,2016-12-20
2016-12-20,-25.5438,3.3848166666666666,9.64826035387682,13.033077020543487,-6.263443687210153,看空触发,-1,看空状态,2016-12-21
2016-12-21,1.5348,3.2490475000000005,9.937856821452598,13.186904321452598,-6.688809321452598,,-1,看空状态,2016-12-22
2016-12-22,-5.2364,3.201018333333333,9.932048190105917,13.13306652343925,-6.731029856772584,,-1,看空状态,2016-12-23
2016-12-28,-5.42,3.154398333333333,9.958599439502954,13.112997772836287,-6.8042011061696215,,-1,看空状态,2016-12-29
2016-12-29,-1.2166,3.116601666666667,9.982635182407499,13.099236849074167,-6.866033515740832,,-1,看空状态,2016-12-30
2016-12-30,-0.8164,3.0476375,9.983755812133717,13.031393312133718,-6.936118312133717,,-1,看空状态,2017-01-03
2017-01-03,-0.5629,3.04703,9.983990652187067,13.031020652187067,-6.936960652187068,,-1,看空状态,2017-01-04
2017-01-04,-8.2966,3.2147166666666664,9.748243582801807,12.962960249468473,-6.533526916135141,看空触发,-1,看空状态,2017-01-05
2017-01-05,-3.924,3.152554166666667,9.79795536591284,12.950509532579506,-6.645401199246173,,-1,看空状态,2017-01-06
2017-01-06,-15.701,3.1274358333333336,9.812310386223864,12.939746219557197,-6.6848745528905305,看空触发,-1,看空状态,2017-01-09
2017-01-09,-0.6542,2.9220499999999996,9.94653405719425,12.868584057194251,-7.024484057194251,,-1,看空状态,2017-01-10
2017-01-10,2.5432,2.8208366666666667,9.92036261634732,12.741199283013987,-7.099525949680654,,-1,看空状态,2017-01-11
2017-01-11,16.860799999999998,2.855235833333333,9.912111287456593,12.767347120789927,-7.05687545412326,看多触发,1,看多状态,2017-01-12
2017-01-12,12.285,3.0494983333333336,9.956531957742323,13.006030291075657,-6.907033624408989,,1,看多状态,2017-01-13
2017-01-13,12.053,3.1695391666666666,9.98049086133341,13.150030028000076,-6.810951694666743,,1,看多状态,2017-01-16
2017-01-16,-8.083,3.2889033333333333,10.000514053938163,13.289417387271497,-6.711610720604829,看空触发,-1,看空状态,2017-01-17
2017-01-17,10.5458,3.09241,9.990286213936539,13.08269621393654,-6.897876213936539,,-1,看空状态,2017-01-18
2017-01-18,13.9136,3.039465,9.933172337357254,12.972637337357254,-6.893707337357254,看多触发,1,看多状态,2017-01-19
2017-01-19,10.6391,3.1153291666666667,9.981454793954875,13.096783960621542,-6.866125627288207,,1,看多状态,2017-01-20
2017-01-20,16.7727,3.1453925000000003,9.998766988573779,13.144159488573779,-6.853374488573779,看多触发,1,看多状态,2017-01-23
2017-01-23,13.991,3.250514166666667,10.075520496247455,13.326034662914122,-6.825006329580788,看多触发,1,看多状态,2017-01-24
2017-01-24,13.6544,3.3078933333333334,10.117178798922538,13.42507213225587,-6.8092854655892046,看多触发,1,看多状态,2017-01-25
2017-01-25,1.7442,3.3762266666666667,10.159402603969179,13.535629270635845,-6.783175937302512,,1,看多状态,2017-01-26
2017-01-26,8.6132,3.3622475,10.160493554907761,13.522741054907762,-6.798246054907761,,1,看多状态,2017-02-03
2017-02-03,13.0867,3.3756808333333335,10.166408997473788,13.542089830807122,-6.790728164140454,,1,看多状态,2017-02-06
2017-02-06,27.7627,3.46041,10.204868994118776,13.665278994118776,-6.7444589941187765,看多触发,1,看多状态,2017-02-07
2017-02-07,16.321099999999998,3.6543783333333333,10.44296892011166,14.097347253444994,-6.7885905867783265,看多触发,1,看多状态,2017-02-08
2017-02-08,12.1851,3.7512483333333333,10.506440494471162,14.257688827804495,-6.755192161137829,,1,看多状态,2017-02-09
2017-02-09,18.7181,3.771524166666667,10.520456755924494,14.291980922591161,-6.7489325892578265,看多触发,1,看多状态,2017-02-10
2017-02-10,16.2104,3.9747425,10.571985786868952,14.546728286868952,-6.597243286868952,看多触发,1,看多状态,2017-02-13
2017-02-13,16.9835,4.102695833333334,10.626698281227114,14.729394114560447,-6.52400244789378,看多触发,1,看多状态,2017-02-14
2017-02-14,13.4662,4.156329166666667,10.675627499305733,14.831956665972399,-6.5192983326390666,,1,看多状态,2017-02-15
2017-02-15,23.0833,4.282563333333333,10.695554030113724,14.978117363447058,-6.412990696780391,看多触发,1,看多状态,2017-02-16
2017-02-16,18.6494,4.511371666666666,10.80197797760998,15.313349644276645,-6.290606310943313,看多触发,1,看多状态,2017-02-17
2017-02-17,12.1927,4.627204166666667,10.878805907621363,15.50601007428803,-6.251601740954696,,1,看多状态,2017-02-20
2017-02-20,18.3337,4.6768675,10.899781661248317,15.576649161248318,-6.222914161248317,看多触发,1,看多状态,2017-02-21
2017-02-21,13.1423,4.721969166666667,10.94528585102457,15.667255017691236,-6.223316684357903,,1,看多状态,2017-02-22
2017-02-22,10.7675,4.7443725,10.959858503679081,15.70423100367908,-6.215486003679081,,1,看多状态,2017-02-23
2017-02-23,14.1366,4.7754175000000005,10.971691676184438,15.747109176184438,-6.1962741761844375,,1,看多状态,2017-02-24
2017-02-24,7.7148,4.873939166666667,11.002441497447569,15.876380664114237,-6.1285023307809015,,1,看多状态,2017-02-27
2017-02-27,3.7498,4.9062591666666675,11.005064228650495,15.911323395317162,-6.098805061983827,,1,看多状态,2017-02-28
2017-02-28,1.5026,4.546993333333333,10.30535919651516,14.852352529848494,-5.758365863181828,,1,看多状态,2017-03-01
2017-03-01,8.9289,4.434048333333333,10.263400452525735,14.697448785859068,-5.829352119192402,,1,看多状态,2017-03-02
2017-03-02,3.9168,4.410785833333334,10.249901457466873,14.660687290800206,-5.839115624133539,,1,看多状态,2017-03-03
2017-03-03,1.2819999999999998,4.413784166666667,10.24970222957516,14.663486396241826,-5.835918062908493,,1,看多状态,2017-03-06
2017-03-06,2.5778,4.432131666666667,10.242042503517716,14.674174170184383,-5.809910836851049,,1,看多状态,2017-03-07
2017-03-07,3.0321,4.438995833333334,10.240508522417931,14.679504355751266,-5.801512689084597,,1,看多状态,2017-03-08
2017-03-08,0.6022,4.445458333333334,10.239364333921701,14.684822667255034,-5.793906000588367,,1,看多状态,2017-03-09
2017-03-09,-19.1218,4.422304166666666,10.244932276241416,14.66723644290808,-5.82262810957475,看空触发,-1,看空状态,2017-03-10
2017-03-10,-8.4266,4.246536666666667,10.465904247699111,14.712440914365779,-6.2193675810324445,看空触发,-1,看空状态,2017-03-13
2017-03-13,7.186699999999999,4.1791141666666665,10.521585346750648,14.700699513417314,-6.342471180083981,,-1,看空状态,2017-03-14
2017-03-14,-9.9215,4.1637216666666665,10.515773024240417,14.679494690907084,-6.3520513575737505,看空触发,-1,看空状态,2017-03-15
2017-03-15,3.5561000000000003,4.0577716666666666,10.593466579213127,14.651238245879792,-6.53569491254646,,-1,看空状态,2017-03-16
2017-03-16,17.7923,4.077428333333334,10.590302197616376,14.66773053094971,-6.512873864283042,看多触发,1,看多状态,2017-03-17
2017-03-17,12.0551,4.240975,10.649628892309266,14.890603892309265,-6.408653892309267,,1,看多状态,2017-03-20
2017-03-20,15.6699,4.218868333333334,10.630455003313683,14.849323336647018,-6.411586669980349,看多触发,1,看多状态,2017-03-21
2017-03-21,8.74,4.2760283333333335,10.673705771237836,14.94973410457117,-6.397677437904503,,1,看多状态,2017-03-22
2017-03-22,5.261799999999999,4.3085475,10.681373114000774,14.989920614000773,-6.3728256140007735,,1,看多状态,2017-03-23
2017-03-23,16.8768,4.272985833333333,10.67094452215962,14.943930355492954,-6.397958688826288,看多触发,1,看多状态,2017-03-24
2017-03-24,17.253,4.442756666666666,10.708303060597554,15.15105972726422,-6.265546393930888,看多触发,1,看多状态,2017-03-27
2017-03-27,3.1777999999999995,4.801485,10.403553508536584,15.205038508536584,-5.6020685085365844,,1,看多状态,2017-03-28
2017-03-28,8.809,4.856145833333334,10.377396946830357,15.233542780163692,-5.521251113497024,,1,看多状态,2017-03-29
2017-03-29,2.6604,5.026853333333333,10.271103837244159,15.297957170577492,-5.244250503910825,,1,看多状态,2017-03-30
2017-03-30,11.8037,5.117934166666667,10.20042437408094,15.318358540747607,-5.082490207414273,,1,看多状态,2017-03-31
2017-03-31,-2.0005,5.287372500000001,10.140528756579688,15.427901256579688,-4.853156256579687,,1,看多状态,2017-04-05
2017-04-05,13.9941,5.291946666666667,10.137087271519844,15.42903393818651,-4.845140604853177,,1,看多状态,2017-04-06
2017-04-06,-0.0258,5.3216525,10.157471157359957,15.479123657359956,-4.835818657359957,,1,看多状态,2017-04-07
2017-04-07,4.4914,5.275788333333334,10.169178440967254,15.444966774300589,-4.893390107633921,,1,看多状态,2017-04-10
2017-04-10,7.3991,5.344713333333334,10.135259925882492,15.479973259215825,-4.790546592549158,,1,看多状态,2017-04-11
2017-04-11,-4.7544,5.434408333333334,10.105121393219152,15.539529726552486,-4.670713059885818,看空触发,-1,看空状态,2017-04-12
2017-04-12,-3.5509,5.408505,10.127383230833972,15.535888230833972,-4.7188782308339725,,-1,看空状态,2017-04-13
2017-04-18,0.2419,5.332002500000001,10.160321104586888,15.49232360458689,-4.8283186045868876,,-1,看空状态,2017-04-19
2017-04-19,10.5066,5.252698333333333,10.162620716464852,15.415319049798185,-4.909922383131519,,-1,看空状态,2017-04-20
2017-04-20,16.329,5.388210833333333,10.12294877843026,15.511159611763592,-4.734737945096927,看多触发,1,看多状态,2017-04-21
2017-04-21,6.3411,5.568496666666666,10.123550328986314,15.69204699565298,-4.555053662319647,,1,看多状态,2017-04-24
2017-04-24,3.5557,5.543096666666667,10.117705907662026,15.660802574328693,-4.574609240995359,,1,看多状态,2017-04-25
2017-04-25,14.0887,5.587280000000001,10.097161989554037,15.684441989554038,-4.509881989554036,,1,看多状态,2017-04-26
2017-04-26,9.6083,5.650381666666666,10.126635907979066,15.777017574645733,-4.4762542413124,,1,看多状态,2017-04-27
2017-04-27,5.216799999999999,5.6978675,10.131765266891518,15.829632766891518,-4.433897766891518,,1,看多状态,2017-04-28
2017-04-28,16.722,5.710778333333334,10.130143243690021,15.840921577023355,-4.419364910356688,看多触发,1,看多状态,2017-05-02
2017-05-04,10.446,5.787133333333333,10.178609323951704,15.965742657285038,-4.391475990618371,,1,看多状态,2017-05-05
2017-05-05,-2.645,5.797956666666666,10.182901873739528,15.980858540406194,-4.384945207072862,,1,看多状态,2017-05-08
2017-05-08,2.2001,5.756376666666666,10.207279390978876,15.963656057645542,-4.4509027243122095,,1,看多状态,2017-05-09
2017-05-09,21.323400000000003,5.8227725,10.157481996897918,15.980254496897917,-4.334709496897918,看多触发,1,看多状态,2017-05-10
2017-05-10,21.256,5.979204166666666,10.2508006659894,16.230004832656068,-4.271596499322734,看多触发,1,看多状态,2017-05-11
2017-05-11,22.4512,6.144258333333332,10.336353373642208,16.48061170697554,-4.1920950403088755,看多触发,1,看多状态,2017-05-12
2017-05-12,1.0745,6.297301666666667,10.441052288656143,16.73835395532281,-4.143750621989477,,1,看多状态,2017-05-15
2017-05-15,16.5016,6.387784166666666,10.34715054985403,16.734934716520698,-3.959366383187364,,1,看多状态,2017-05-16
2017-05-16,30.004,6.558880833333333,10.343189035353596,16.90206986868693,-3.784308202020263,看多触发,1,看多状态,2017-05-17
2017-05-17,14.931,6.824532500000001,10.53242047026936,17.35695297026936,-3.7078879702693586,,1,看多状态,2017-05-18
2017-05-18,9.602,6.942965833333333,10.54308804133357,17.486053874666904,-3.6001222080002373,,1,看多状态,2017-05-19
2017-05-19,12.7001,6.996216666666666,10.540221993311718,17.536438659978383,-3.5440053266450517,,1,看多状态,2017-05-22
2017-05-22,5.653300000000001,7.438824166666667,9.606487888388134,17.0453120550548,-2.1676637217214676,,1,看多状态,2017-05-23
2017-05-23,2.7725,7.357753333333334,9.579905909205644,16.937659242538977,-2.22215257587231,,1,看多状态,2017-05-24
2017-05-24,10.5185,7.436415833333332,9.502217953242516,16.93863378657585,-2.0658021199091836,,1,看多状态,2017-05-25
2017-05-25,15.0703,7.540771666666667,9.466363528673844,17.00713519534051,-1.9255918620071766,,1,看多状态,2017-05-26
2017-05-26,-0.1523,7.665370833333333,9.466247771574562,17.131618604907896,-1.8008769382412284,,1,看多状态,2017-05-31
2017-05-31,-16.27,7.605781666666667,9.492950414364216,17.09873208103088,-1.8871687476975492,看空触发,-1,看空状态,2017-06-01
2017-06-01,-16.968,7.4725975,9.714163175595479,17.18676067559548,-2.2415656755954787,看空触发,-1,看空状态,2017-06-02
2017-06-02,15.6286,7.336541666666666,9.94046019122737,17.277001857894035,-2.6039185245607035,,-1,看空状态,2017-06-05
2017-06-05,18.0144,7.457345,9.952504972140417,17.409849972140417,-2.495159972140417,看多触发,1,看多状态,2017-06-06
2017-06-06,20.2122,7.497070833333334,9.985270128682364,17.482340962015698,-2.4881992953490304,看多触发,1,看多状态,2017-06-07
2017-06-07,22.5453,7.571335833333333,10.046746238508007,17.61808207184134,-2.4754104051746735,看多触发,1,看多状态,2017-06-08
2017-06-08,22.8857,7.685485833333333,10.138761621687086,17.82424745502042,-2.4532757883537535,看多触发,1,看多状态,2017-06-09
2017-06-09,13.2558,7.7337,10.1974945268372,17.9311945268372,-2.4637945268372006,,1,看多状态,2017-06-12
2017-06-12,-10.5967,7.727871666666666,10.194108081699746,17.92197974836641,-2.4662364150330793,看空触发,-1,看空状态,2017-06-13
2017-06-13,4.8187,7.557475833333333,10.32833251139226,17.885808344725593,-2.7708566780589265,,-1,看空状态,2017-06-14
2017-06-14,-13.239,7.505801666666668,10.326377258304978,17.832178924971647,-2.8205755916383106,看空触发,-1,看空状态,2017-06-15
2017-06-15,22.2485,7.317084166666667,10.496863137627546,17.813947304294214,-3.1797789709608795,看多触发,1,看多状态,2017-06-16
2017-06-16,9.7481,7.630770833333333,10.374201441321121,18.004972274654456,-2.743430607987788,,1,看多状态,2017-06-19
2017-06-19,22.8799,7.613569999999999,10.368920042365815,17.982490042365814,-2.7553500423658157,看多触发,1,看多状态,2017-06-20
2017-06-20,3.1171,7.688901666666666,10.447079931040257,18.135981597706923,-2.7581782643735906,,1,看多状态,2017-06-21
2017-06-21,13.7256,7.561810833333334,10.408769731246707,17.97058056458004,-2.846958897913373,,1,看多状态,2017-06-22
2017-06-22,16.8812,7.485500833333333,10.328762481199051,17.814263314532383,-2.8432616478657184,,1,看多状态,2017-06-23
2017-06-23,14.0521,7.629245833333333,10.33856930751067,17.967815140844003,-2.7093234741773378,,1,看多状态,2017-06-26
2017-06-26,1.3591,7.666451666666666,10.353697995166941,18.020149661833607,-2.687246328500275,,1,看多状态,2017-06-27
2017-06-27,26.4754,7.550715833333333,10.345864651990713,17.896580485324044,-2.7951488186573794,看多触发,1,看多状态,2017-06-28
2017-06-28,-3.9857,7.696881666666666,10.488511218383147,18.185392885049815,-2.791629551716481,看空触发,-1,看空状态,2017-06-29
2017-06-29,29.956100000000003,7.625536666666666,10.53891762023216,18.164454286898827,-2.913380953565494,看多触发,1,看多状态,2017-06-30
2017-06-30,-11.818499999999998,7.780193333333333,10.729188565696624,18.509381899029957,-2.9489952323632913,看空触发,-1,看空状态,2017-07-03
2017-07-03,4.0767,7.7350924999999995,10.800462270632481,18.53555477063248,-3.065369770632482,,-1,看空状态,2017-07-04
2017-07-04,-6.0083,7.98193,10.363127892139564,18.345057892139565,-2.3811978921395642,看空触发,-1,看空状态,2017-07-05
2017-07-05,5.6854,7.9190708333333335,10.425253293816668,18.344324127150003,-2.506182460483335,,-1,看空状态,2017-07-06
2017-07-06,-10.7096,8.010085833333333,10.356888531942188,18.36697436527552,-2.3468026986088546,看空触发,-1,看空状态,2017-07-07
2017-07-07,2.6378,7.966005833333333,10.425557613262006,18.391563446595338,-2.459551779928673,,-1,看空状态,2017-07-10
2017-07-10,8.9498,7.998125833333334,10.40294223827361,18.401068071606943,-2.4048164049402763,,-1,看空状态,2017-07-11
2017-07-11,8.2049,8.079510833333334,10.371558821517702,18.451069654851036,-2.2920479881843683,,-1,看空状态,2017-07-12
2017-07-12,15.0273,8.152575833333334,10.341002053228399,18.49357788656173,-2.1884262198950655,,-1,看空状态,2017-07-13
2017-07-13,13.511,8.346941666666666,10.248006803469847,18.594948470136515,-1.9010651368031812,,-1,看空状态,2017-07-14
2017-07-14,0.5297,8.492233333333335,10.196033954067321,18.688267287400656,-1.7038006207339862,,-1,看空状态,2017-07-17
2017-07-17,13.4889,8.627489166666667,9.977718032762347,18.605207199429014,-1.35022886609568,,-1,看空状态,2017-07-18
2017-07-18,20.0142,8.745348333333332,9.950653315547497,18.69600164888083,-1.2053049822141642,看多触发,1,看多状态,2017-07-19
2017-07-19,17.5218,8.89094,9.986891159708623,18.877831159708624,-1.0959511597086227,,1,看多状态,2017-07-20
2017-07-20,1.2741,8.896448333333332,9.991505149934838,18.88795348326817,-1.095056816601506,,1,看多状态,2017-07-21
2017-07-21,15.2481,8.804690833333334,10.01066591831269,18.81535675164602,-1.2059750849793556,,1,看多状态,2017-07-24
2017-07-24,15.8944,8.831316666666668,10.023618897420683,18.85493556408735,-1.1923022307540148,,1,看多状态,2017-07-25
2017-07-25,12.3526,9.031128333333333,9.922083608902332,18.953211942235665,-0.8909552755689987,,1,看多状态,2017-07-26
2017-07-26,17.7448,9.046185,9.925771639158086,18.971956639158087,-0.8795866391580862,,1,看多状态,2017-07-27
2017-07-27,26.7273,9.078111666666668,9.94769684504267,19.025808511709336,-0.8695851783760009,看多触发,1,看多状态,2017-07-28
2017-07-28,23.0658,9.21218,10.07649076739912,19.28867076739912,-0.8643107673991199,看多触发,1,看多状态,2017-07-31
2017-07-31,18.8892,9.2646225,10.132390683501285,19.397013183501286,-0.8677681835012852,,1,看多状态,2017-08-01
2017-08-01,14.8826,9.305440833333334,10.161415522889689,19.466856356223023,-0.8559746895563549,,1,看多状态,2017-08-02
2017-08-02,2.8001,9.315675833333334,10.166450085651018,19.48212591898435,-0.8507742523176844,,1,看多状态,2017-08-03
2017-08-03,23.4822,9.324475000000001,10.160296911001497,19.4847719110015,-0.8358219110014957,看多触发,1,看多状态,2017-08-04
2017-08-04,28.1256,9.448383333333334,10.241888463718496,19.690271797051828,-0.7935051303851619,看多触发,1,看多状态,2017-08-07
2017-08-07,27.8841,9.573707500000001,10.377890839018427,19.951598339018428,-0.8041833390184259,看多触发,1,看多状态,2017-08-08
2017-08-08,18.2119,9.574719166666666,10.379684616671309,19.954403783337973,-0.8049654500046426,,1,看多状态,2017-08-09
2017-08-09,12.1583,9.590475833333334,10.391440369721561,19.981916203054894,-0.8009645363882267,,1,看多状态,2017-08-10
2017-08-10,-2.7923,9.590252499999998,10.391384425174495,19.98163692517449,-0.8011319251744968,看空触发,-1,看空状态,2017-08-11
2017-08-11,-9.0431,9.410999166666668,10.418099053150746,19.829098219817414,-1.0070998864840774,看空触发,-1,看空状态,2017-08-14
2017-08-14,2.2414,9.200553333333334,10.534012613960643,19.734565947293977,-1.3334592806273093,,-1,看空状态,2017-08-15
2017-08-15,-0.7786,9.0777025,10.528444730767118,19.606147230767117,-1.4507422307671192,,-1,看空状态,2017-08-16
2017-08-16,8.1248,8.958995833333335,10.558809497027635,19.51780533036097,-1.5998136636943006,,-1,看空状态,2017-08-17
2017-08-17,6.3422,8.834341666666667,10.47865448435302,19.31299615101969,-1.6443128176863535,,-1,看空状态,2017-08-18
2017-08-18,-10.7043,8.731781666666667,10.441946335708348,19.173728002375015,-1.7101646690416814,看空触发,-1,看空状态,2017-08-21
2017-08-21,0.7081000000000001,8.540973333333334,10.586375152907964,19.127348486241296,-2.0454018195746304,,-1,看空状态,2017-08-22
2017-08-22,0.1959,8.394093333333334,10.571627196191226,18.96572052952456,-2.177533862857892,,-1,看空状态,2017-08-23
2017-08-24,12.417,8.286206666666667,10.588810111969654,18.875016778636322,-2.302603445302987,,-1,看空状态,2017-08-25
2017-08-25,30.4364,8.2999525,10.59312803014386,18.893080530143862,-2.293175530143861,看多触发,1,看多状态,2017-08-28
2017-08-28,37.7086,8.435784166666666,10.771597744746218,19.207381911412885,-2.335813578079552,看多触发,1,看多状态,2017-08-29
2017-08-29,17.2229,8.6857325,11.097782300718716,19.783514800718716,-2.412049800718716,,1,看多状态,2017-08-30
2017-08-30,32.877399999999994,8.798008333333334,11.115565195053145,19.91357352838648,-2.3175568617198117,看多触发,1,看多状态,2017-08-31
2017-08-31,17.7836,9.059465,11.309819461038552,20.369284461038554,-2.250354461038553,,1,看多状态,2017-09-01
2017-09-01,41.787200000000006,9.133254166666667,11.337811371228707,20.471065537895374,-2.2045572045620396,看多触发,1,看多状态,2017-09-04
2017-09-04,17.196099999999998,9.448840833333334,11.71226729844978,21.161108131783113,-2.2634264651164457,,1,看多状态,2017-09-05
2017-09-05,9.4016,9.581458333333332,11.709114339201836,21.29057267253517,-2.127656005868504,,1,看多状态,2017-09-06
2017-09-06,1.6279,9.638323333333334,11.69137179448719,21.329695127820525,-2.053048461153857,,1,看多状态,2017-09-07
2017-09-07,9.3161,9.626621666666667,11.69873979486383,21.3253614615305,-2.072118128197163,,1,看多状态,2017-09-08
2017-09-08,4.2978,9.6992375,11.669260233025124,21.368497733025123,-1.9700227330251234,,1,看多状态,2017-09-11
2017-09-11,20.0663,9.894400833333334,11.375329774231645,21.26973060756498,-1.4809289408983108,,1,看多状态,2017-09-12
2017-09-12,24.6882,10.131841666666668,11.286721674378642,21.41856334104531,-1.1548800077119736,看多触发,1,看多状态,2017-09-13
2017-09-13,2.3535,10.277687499999997,11.36117575880455,21.638863258804548,-1.083488258804552,,1,看多状态,2017-09-14
2017-09-14,0.4644,10.379979166666667,11.232310605000649,21.612289771667314,-0.852331438333982,,1,看多状态,2017-09-15
2017-09-15,-1.8766,10.354215,11.251623640068884,21.60583864006888,-0.8974086400688837,看空触发,-1,看空状态,2017-09-18
2017-09-18,43.8734,10.1903075,11.285570826555672,21.475878326555673,-1.0952633265556724,看多触发,1,看多状态,2017-09-19
2017-09-19,1.38059999999999,10.455459999999999,11.696068981351747,22.151528981351746,-1.2406089813517482,,1,看多状态,2017-09-20
2017-09-20,20.0582,10.336382500000001,11.715258559125822,22.05164105912582,-1.3788760591258207,,1,看多状态,2017-09-21
2017-09-21,11.9834,10.430700833333333,11.747813840756024,22.178514674089357,-1.3171130074226909,,1,看多状态,2017-09-22
2017-09-22,4.845,10.486714166666667,11.738982431265626,22.22569659793229,-1.2522682645989587,,1,看多状态,2017-09-25
2017-09-25,-17.6926,10.386449166666667,11.735327218970184,22.12177638563685,-1.348878052303517,看空触发,-1,看空状态,2017-09-26
2017-09-26,0.2773,10.095235833333332,11.994234449849209,22.089470283182543,-1.8989986165158772,,-1,看空状态,2017-09-27
2017-09-27,6.4814,10.071064999999999,12.011202188144185,22.082267188144186,-1.9401371881441865,,-1,看空状态,2017-09-28
2017-09-28,-3.7446,10.051668333333334,12.015136154874233,22.066804488207566,-1.963467821540899,看空触发,-1,看空状态,2017-09-29
2017-09-29,11.2961,9.998293333333333,12.062380030169201,22.060673363502534,-2.0640866968358687,,-1,看空状态,2017-10-09
2017-10-09,75.642,9.994063333333335,12.061830584495254,22.05589391782859,-2.0677672511619196,看多触发,1,看多状态,2017-10-10
2017-10-10,40.8785,10.641084166666666,13.419097395042897,24.060181561709562,-2.7780132283762313,看多触发,1,看多状态,2017-10-11
2017-10-11,15.96,10.865120833333332,13.697090509478906,24.56221134281224,-2.831969676145574,,1,看多状态,2017-10-12
2017-10-12,3.5827,10.998335833333332,13.667983939455377,24.66631977278871,-2.669648106122045,,1,看多状态,2017-10-13
2017-10-13,2.7245,10.990763333333332,13.671870456297157,24.66263378963049,-2.681107122963825,,1,看多状态,2017-10-16
2017-10-16,14.0666,10.951808333333332,13.688839205359335,24.64064753869267,-2.7370308720260024,,1,看多状态,2017-10-17
2017-10-17,16.868,11.10865,13.61499388678936,24.72364388678936,-2.5063438867893595,,1,看多状态,2017-10-18
2017-10-18,-5.7198,11.2788075,13.557717341888681,24.836524841888682,-2.278909841888682,看空触发,-1,看空状态,2017-10-19
2017-10-19,-0.337,11.229126666666666,13.609325581353533,24.838452248020197,-2.3801989146868667,,-1,看空状态,2017-10-20
2017-10-20,-1.6962000000000002,11.138763333333333,13.650101969077301,24.788865302410635,-2.511338635743968,,-1,看空状态,2017-10-23
2017-10-23,-14.8771,10.988553333333334,13.691621350668209,24.680174684001543,-2.703068017334875,看空触发,-1,看空状态,2017-10-24
2017-10-24,-32.6987,10.811734999999999,13.887749381498187,24.699484381498188,-3.0760143814981884,看空触发,-1,看空状态,2017-10-25
2017-10-25,4.6384,10.509615,14.430661536619857,24.940276536619855,-3.9210465366198566,,-1,看空状态,2017-10-26
2017-10-26,15.238,10.4308625,14.436750540812788,24.86761304081279,-4.005888040812788,,-1,看空状态,2017-10-27
2017-10-27,0.7673000000000001,10.477776666666667,14.44320084415715,24.920977510823818,-3.9654241774904833,,-1,看空状态,2017-10-30
2017-10-30,-11.6605,10.4406975,14.462519081047336,24.90321658104734,-4.021821581047336,看空触发,-1,看空状态,2017-10-31
2017-10-31,-5.1497,10.204176666666667,14.590449748418736,24.794626415085403,-4.386273081752069,看空触发,-1,看空状态,2017-11-01
2017-11-01,25.4899,10.074212499999998,14.657582374708175,24.73179487470817,-4.583369874708177,看多触发,1,看多状态,2017-11-02
2017-11-02,15.1751,10.30867,14.677425192546227,24.986095192546227,-4.368755192546228,,1,看多状态,2017-11-03
2017-11-03,1.9037,10.416794999999999,14.664975921693191,25.08177092169319,-4.2481809216931925,,1,看多状态,2017-11-06
2017-11-06,4.8426,10.254964166666666,14.650751201922676,24.90571536858934,-4.39578703525601,,1,看多状态,2017-11-07
2017-11-07,15.2373,10.118185833333333,14.62377558815286,24.741961421486195,-4.5055897548195265,,1,看多状态,2017-11-08
2017-11-08,18.6979,10.058069999999999,14.587433035043084,24.645503035043085,-4.529363035043085,,1,看多状态,2017-11-09
2017-11-09,29.8382,10.204931666666665,14.584942458110161,24.789874124776826,-4.380010791443496,看多触发,1,看多状态,2017-11-10
2017-11-10,2.30849999999999,10.31607,14.683804609707524,24.999874609707526,-4.367734609707524,,1,看多状态,2017-11-13
2017-11-13,5.747999999999999,10.085274166666666,14.589104546198714,24.67437871286538,-4.503830379532047,,1,看多状态,2017-11-14
2017-11-14,3.2938,10.008749166666666,14.587557367194018,24.596306533860684,-4.578808200527352,,1,看多状态,2017-11-15
2017-11-15,-21.5748,9.956180833333333,14.600396060262234,24.55657689359557,-4.644215226928901,看空触发,-1,看空状态,2017-11-16
2017-11-16,4.2662,9.670556666666666,14.878866680273992,24.549423346940657,-5.208310013607326,,-1,看空状态,2017-11-17
2017-11-17,-15.4942,9.6589975,14.882552204762238,24.54154970476224,-5.223554704762238,看空触发,-1,看空状态,2017-11-20
2017-11-20,-9.371399999999989,9.506775000000001,15.046100516366828,24.55287551636683,-5.5393255163668265,看空触发,-1,看空状态,2017-11-21
2017-11-21,-7.00829999999999,9.341025833333333,15.144096922061411,24.485122755394745,-5.803071088728078,看空触发,-1,看空状态,2017-11-22
2017-11-22,4.0297,9.1570375,15.207890086891382,24.364927586891383,-6.0508525868913825,,-1,看空状态,2017-11-23
2017-11-23,18.869,9.1918875,15.191160263760462,24.383047763760462,-5.999272763760462,,-1,看空状态,2017-11-24
2017-11-24,8.0727,9.4847125,15.034090080854739,24.51880258085474,-5.549377580854738,,-1,看空状态,2017-11-27
2017-11-27,-14.3315,9.693385000000001,14.83632334513691,24.52970834513691,-5.142938345136908,看空触发,-1,看空状态,2017-11-28
2017-11-28,32.9546,9.4437175,14.986927249286497,24.430644749286497,-5.543209749286497,看多触发,1,看多状态,2017-11-29
2017-11-29,12.9441,9.568219166666667,15.120189500803832,24.688408667470497,-5.551970334137165,,1,看多状态,2017-11-30
2017-11-30,-9.80249999999999,9.507651666666668,15.091724474769302,24.599376141435968,-5.5840728081026345,看空触发,-1,看空状态,2017-12-01
2017-12-01,32.4309,9.238086666666666,15.145690075491661,24.383776742158325,-5.907603408824995,看多触发,1,看多状态,2017-12-04
2017-12-04,-1.4629,9.317630000000001,15.242722302369755,24.560352302369758,-5.9250923023697535,,1,看多状态,2017-12-05
2017-12-05,-32.3082,9.194974166666666,15.269961370076002,24.46493553674267,-6.074987203409336,看空触发,-1,看空状态,2017-12-06
2017-12-06,-39.3483,9.014045000000001,15.63080065503538,24.644845655035382,-6.616755655035378,看空触发,-1,看空状态,2017-12-07
2017-12-07,-15.5033,8.645986666666666,16.23860143903371,24.884588105700377,-7.592614772367046,看空触发,-1,看空状态,2017-12-08
2017-12-08,36.3775,8.627117499999999,16.265538584147187,24.892656084147184,-7.638421084147188,看多触发,1,看多状态,2017-12-11
2017-12-11,15.274,8.744859166666666,16.41541594630389,25.16027511297056,-7.670556779637225,,1,看多状态,2017-12-12
2017-12-12,-7.355399999999999,8.790908333333332,16.42600124901687,25.216909582350205,-7.635092915683538,,1,看多状态,2017-12-13
2017-12-13,28.8105,8.5389475,16.439957983681236,24.97890548368124,-7.901010483681235,看多触发,1,看多状态,2017-12-14
2017-12-14,6.1923999999999895,8.753059166666667,16.53578552686579,25.288844693532457,-7.782726360199124,,1,看多状态,2017-12-15
2017-12-15,-26.63,8.690282499999999,16.531047961949664,25.221330461949663,-7.840765461949665,看空触发,-1,看空状态,2017-12-18
2017-12-18,18.7086,8.327689166666666,16.82446308533245,25.152152251999116,-8.496773918665784,,-1,看空状态,2017-12-19
2017-12-19,15.851300000000002,8.366493333333333,16.843136435648553,25.209629768981884,-8.47664310231522,,-1,看空状态,2017-12-20
2017-12-20,-9.339,8.487261666666667,16.844425735442517,25.331687402109182,-8.35716406877585,看空触发,-1,看空状态,2017-12-21
2017-12-21,12.5249,8.188808333333334,16.840312848076994,25.02912118141033,-8.65150451474366,,-1,看空状态,2017-12-22
2017-12-27,8.3239,8.326396666666666,16.807424243285194,25.133820909951858,-8.481027576618528,,-1,看空状态,2017-12-28
2017-12-28,27.8569,8.146128333333333,16.68907658472918,24.835204918062512,-8.542948251395845,看多触发,1,看多状态,2017-12-29
2017-12-29,15.2565,8.476756666666667,16.683237276459412,25.15999394312608,-8.206480609792745,,1,看多状态,2018-01-02
2018-01-02,33.5706,8.569921666666666,16.689674051029616,25.259595717696282,-8.11975238436295,看多触发,1,看多状态,2018-01-03
2018-01-03,44.3083,8.899745833333332,16.789937078294617,25.689682911627948,-7.890191244961285,看多触发,1,看多状态,2018-01-04
2018-01-04,43.4097,9.221603333333332,17.095220001995532,26.316823335328863,-7.8736166686622,看多触发,1,看多状态,2018-01-05
2018-01-05,24.1145,9.6725975,17.277883244984185,26.950480744984183,-7.605285744984185,,1,看多状态,2018-01-08
2018-01-08,17.1081,9.85157,17.315592893974188,27.167162893974186,-7.464022893974187,,1,看多状态,2018-01-09
2018-01-09,28.4252,9.919555833333334,17.328033949196435,27.24758978252977,-7.408478115863101,看多触发,1,看多状态,2018-01-10
2018-01-10,15.4928,10.088058333333333,17.409343129309857,27.49740146264319,-7.321284795976524,,1,看多状态,2018-01-11
2018-01-11,0.73010000000001,10.0919375,17.4105047671968,27.502442267196802,-7.318567267196801,,1,看多状态,2018-01-12
2018-01-12,21.1973,9.985430000000001,17.428496954452555,27.413926954452556,-7.443066954452554,,1,看多状态,2018-01-15
2018-01-15,-17.5912,10.15766,17.436387106304682,27.594047106304682,-7.278727106304682,看空触发,-1,看空状态,2018-01-16
2018-01-16,22.9265,9.898659166666667,17.616392323926714,27.51505149059338,-7.717733157260048,,-1,看空状态,2018-01-17
2018-01-17,-8.2801,9.922928333333335,17.63244382030846,27.555372153641795,-7.709515486975125,看空触发,-1,看空状态,2018-01-18
2018-01-18,18.0689,9.707912499999999,17.696205144860937,27.404117644860936,-7.9882926448609375,,-1,看空状态,2018-01-19
2018-01-19,10.4626,9.847869166666667,17.695356624332813,27.54322579099948,-7.847487457666146,,-1,看空状态,2018-01-22
2018-01-22,21.710500000000003,9.80799,17.68847520175476,27.49646520175476,-7.880485201754759,,-1,看空状态,2018-01-23
2018-01-23,26.6609,9.856457500000001,17.713243373533484,27.569700873533485,-7.856785873533482,,-1,看空状态,2018-01-24
2018-01-24,1.2256,9.975693333333334,17.778225848632868,27.753919181966204,-7.802532515299534,,-1,看空状态,2018-01-25
2018-01-25,22.239,9.838033333333334,17.78151799593861,27.619551329271943,-7.943484662605277,,-1,看空状态,2018-01-26
2018-01-26,30.0346,9.800630833333335,17.7503869666982,27.551017800031538,-7.9497561333648665,看多触发,1,看多状态,2018-01-29
2018-01-29,-8.2497,9.858704166666666,17.80546520584918,27.664169372515847,-7.946761039182515,看空触发,-1,看空状态,2018-01-30
2018-01-30,4.067,9.632546666666666,17.862063252588857,27.494609919255524,-8.229516585922191,,-1,看空状态,2018-01-31
2018-01-31,-0.55229999999999,9.542416666666666,17.862636600618927,27.405053267285595,-8.320219933952261,,-1,看空状态,2018-02-01
2018-02-01,2.7123000000000004,9.514479999999999,17.875886623937458,27.390366623937457,-8.361406623937459,,-1,看空状态,2018-02-02
2018-02-02,-1.5151,9.341397500000001,17.840024148570844,27.181421648570847,-8.498626648570843,,-1,看空状态,2018-02-05
2018-02-05,-34.6302,9.094391666666667,17.782865131415562,26.87725679808223,-8.688473464748895,看空触发,-1,看空状态,2018-02-06
2018-02-06,-97.9285,8.573439166666667,18.139891640292753,26.71333080695942,-9.566452473626086,看空触发,-1,看空状态,2018-02-07
2018-02-07,17.165399999999998,7.6056025,20.558378193418072,28.163980693418072,-12.952775693418072,,-1,看空状态,2018-02-08
2018-02-08,28.7541,7.647328333333334,20.572772352033716,28.22010068536705,-12.925444018700382,看多触发,1,看多状态,2018-02-09
2018-02-09,-26.0874,7.910215,20.639696872182306,28.549911872182307,-12.729481872182305,看空触发,-1,看空状态,2018-02-12
2018-02-12,-12.5826,7.768179166666667,20.815244773950628,28.583423940617294,-13.047065607283962,,-1,看空状态,2018-02-13
2018-02-13,-8.7866,7.644645833333333,20.892166730265036,28.536812563598367,-13.247520896931704,,-1,看空状态,2018-02-14
2018-02-14,11.5492,7.5779125,20.932049613229072,28.509962113229072,-13.354137113229072,,-1,看空状态,2018-02-22
2018-02-22,23.7096,7.606449166666667,20.93513546543548,28.541584632102147,-13.328686298768812,,-1,看空状态,2018-02-23
2018-02-23,17.7912,7.7511775,20.986291508788376,28.737469008788377,-13.235114008788376,,-1,看空状态,2018-02-26
2018-02-26,32.0958,7.98864,20.93686750969579,28.92550750969579,-12.94822750969579,看多触发,1,看多状态,2018-02-27
2018-02-27,26.0026,8.250204166666666,21.04095189000997,29.291156056676638,-12.790747723343305,,1,看多状态,2018-02-28
2018-02-28,-4.5458,8.465259999999999,21.089764727865184,29.55502472786518,-12.624504727865185,,1,看多状态,2018-03-01
2018-03-01,12.1766,8.323903333333332,21.119881231633588,29.44378456496692,-12.795977898300256,,1,看多状态,2018-03-02
2018-03-02,-10.5934,8.171738333333334,21.024791062154655,29.19652939548799,-12.853052728821321,,1,看多状态,2018-03-05
2018-03-05,-13.7652,7.769221666666667,20.91664945877747,28.685871125444137,-13.147427792110804,看空触发,-1,看空状态,2018-03-06
2018-03-06,9.7959,7.5109875,20.990113283228943,28.501100783228942,-13.479125783228945,,-1,看空状态,2018-03-07
2018-03-07,-25.668000000000003,7.318641666666667,20.861069876999114,28.179711543665782,-13.542428210332446,看空触发,-1,看空状态,2018-03-08
2018-03-08,28.2628,6.956545000000001,21.054110684510178,28.01065568451018,-14.097565684510176,看多触发,1,看多状态,2018-03-09
2018-03-09,14.0238,6.843841666666666,20.90174118407318,27.745582850739847,-14.057899517406515,,1,看多状态,2018-03-12
2018-03-12,23.6795,6.817405833333334,20.890541071564886,27.707946904898222,-14.073135238231552,,1,看多状态,2018-03-13
2018-03-13,13.6071,6.936388333333334,20.945969585880633,27.882357919213966,-14.0095812525473,,1,看多状态,2018-03-14
2018-03-14,5.9018,7.036214999999999,20.94900288182306,27.985217881823058,-13.91278788182306,,1,看多状态,2018-03-15
2018-03-15,13.775,7.007762499999999,20.948198968688832,27.95596146868883,-13.940436468688834,,1,看多状态,2018-03-16
2018-03-16,-21.8511,7.086739166666667,20.95575990147543,28.0424990681421,-13.869020734808764,看空触发,-1,看空状态,2018-03-19
2018-03-19,8.8464,6.7374275,21.086538019501766,27.823965519501765,-14.349110519501767,,-1,看空状态,2018-03-20
2018-03-20,-8.7201,6.6054125,21.022703687294662,27.628116187294662,-14.417291187294662,,-1,看空状态,2018-03-21
2018-03-21,5.3763,6.513132499999999,21.06578433141066,27.57891683141066,-14.552651831410662,,-1,看空状态,2018-03-22
2018-03-22,3.7191,6.554065,21.058703312074847,27.61276831207485,-14.504638312074848,,-1,看空状态,2018-03-23
2018-03-23,-17.4569,6.600695833333334,21.046069758082716,27.64676559141605,-14.445373924749383,看空触发,-1,看空状态,2018-03-26
2018-03-26,38.3993,6.0896099999999995,20.87732830332401,26.96693830332401,-14.78771830332401,看多触发,1,看多状态,2018-03-27
2018-03-27,10.5906,6.398099166666667,21.079680573754256,27.477779740420925,-14.681581407087588,,1,看多状态,2018-03-28
2018-03-28,7.02599999999999,6.3192025,21.04581452715734,27.36501702715734,-14.72661202715734,,1,看多状态,2018-03-29
2018-04-03,29.0643,6.277890833333333,21.039467197618475,27.31735803095181,-14.76157636428514,看多触发,1,看多状态,2018-04-04
2018-04-04,14.1143,6.4797183333333335,21.141524229134713,27.621242562468048,-14.661805895801379,,1,看多状态,2018-04-09
2018-04-09,32.744699999999995,6.744775833333334,21.0350401475788,27.779815980912133,-14.290264314245468,看多触发,1,看多状态,2018-04-10
2018-04-10,33.4512,7.0153375,21.159589705951596,28.174927205951597,-14.144252205951595,看多触发,1,看多状态,2018-04-11
2018-04-11,9.4043,7.2400858333333336,21.296657816781774,28.536743650115106,-14.05657198344844,,1,看多状态,2018-04-12
2018-04-12,28.3148,7.34966,21.273479008520212,28.623139008520212,-13.923819008520212,,1,看多状态,2018-04-13
2018-04-13,23.0219,7.491482500000001,21.356575996683755,28.848058496683755,-13.865093496683755,,1,看多状态,2018-04-16
2018-04-16,26.0775,7.052981666666667,20.467215870334073,27.52019753700074,-13.414234203667405,,1,看多状态,2018-04-17
2018-04-17,6.87619999999999,6.92964,20.30561977925647,27.23525977925647,-13.375979779256472,,1,看多状态,2018-04-18
2018-04-18,72.2168,6.8539416666666675,20.288596992990033,27.1425386596567,-13.434655326323366,看多触发,1,看多状态,2018-04-19
2018-04-19,52.66439999999999,7.4258925,21.144953881234258,28.570846381234258,-13.719061381234258,看多触发,1,看多状态,2018-04-20
2018-04-20,-11.6035,7.842058333333332,21.539413955377405,29.38147228871074,-13.697355622044073,,1,看多状态,2018-04-23
2018-04-23,23.3335,7.628140833333333,21.604448189606575,29.23258902293991,-13.976307356273242,,1,看多状态,2018-04-24
2018-04-24,39.0022,7.68202,21.635724534751102,29.3177445347511,-13.953704534751102,看多触发,1,看多状态,2018-04-25
2018-04-25,13.791,8.054703333333332,21.787576892159304,29.842280225492637,-13.732873558825972,,1,看多状态,2018-04-26
2018-04-26,-30.9994,8.172436666666666,21.780020022804635,29.9524566894713,-13.607583356137969,看空触发,-1,看空状态,2018-04-27
2018-04-27,25.0302,7.928243333333333,22.054140894959968,29.9823842282933,-14.125897561626635,,-1,看空状态,2018-05-02
2018-05-02,45.6991,8.260804166666667,22.008201713251346,30.269005879918012,-13.74739754658468,看多触发,1,看多状态,2018-05-03
2018-05-03,4.07679999999999,8.914119166666667,21.94563158423887,30.85975075090554,-13.031512417572204,,1,看多状态,2018-05-04
2018-05-04,-13.3396,8.909439166666665,21.94661092194442,30.856050088611084,-13.037171755277754,看空触发,-1,看空状态,2018-05-07
2018-05-07,27.0898,8.671292499999998,22.03224477811748,30.70353727811748,-13.360952278117482,,-1,看空状态,2018-05-08
2018-05-08,19.4055,8.890646666666667,22.083864552768645,30.974511219435314,-13.193217886101978,,-1,看空状态,2018-05-09
2018-05-09,21.8643,9.149529999999999,22.022929570708886,31.172459570708885,-12.873399570708887,,-1,看空状态,2018-05-10
2018-05-10,30.0867,9.374646666666667,22.013601199407244,31.38824786607391,-12.638954532740577,,-1,看空状态,2018-05-11
2018-05-11,25.4995,9.412953333333332,22.045855489883575,31.458808823216906,-12.632902156550243,,-1,看空状态,2018-05-14
2018-05-14,56.858,9.498990000000001,22.088636559508398,31.5876265595084,-12.589646559508397,看多触发,1,看多状态,2018-05-15
2018-05-15,36.3212,9.9569425,22.495761856838897,32.45270435683889,-12.538819356838896,看多触发,1,看多状态,2018-05-16
2018-05-16,11.0733,10.219264166666667,22.618821072104954,32.83808523877162,-12.399556905438287,,1,看多状态,2018-05-17
2018-05-17,22.7985,10.184564166666666,22.61425168605635,32.79881585272302,-12.429687519389683,,1,看多状态,2018-05-18
2018-05-18,34.3788,10.218735833333334,22.63031645229228,32.84905228562562,-12.411580618958947,看多触发,1,看多状态,2018-05-21
2018-05-23,22.3112,10.256574166666667,22.66716223719482,32.92373640386148,-12.410588070528153,,1,看多状态,2018-05-24
2018-05-24,20.4888,10.423263333333333,22.681765695021515,33.10502902835485,-12.258502361688182,,1,看多状态,2018-05-25
2018-05-25,20.3426,10.546103333333331,22.69614469380591,33.24224802713924,-12.150041360472578,,1,看多状态,2018-05-28
2018-05-28,38.7221,10.688176666666667,22.70372500347097,33.39190167013764,-12.015548336804304,看多触发,1,看多状态,2018-05-29
2018-05-29,14.6587,11.190650833333335,22.650864883118196,33.84151571645153,-11.460214049784861,,1,看多状态,2018-05-30
2018-05-30,12.7001,11.277255,22.644033704400496,33.921288704400496,-11.366778704400495,,1,看多状态,2018-05-31
2018-05-31,57.477700000000006,11.512207499999999,22.509794056997308,34.02200155699731,-10.997586556997309,看多触发,1,看多状态,2018-06-01
2018-06-01,21.9287,12.069283333333333,22.81376372313465,34.88304705646798,-10.744480389801316,,1,看多状态,2018-06-04
2018-06-04,60.3214,12.310425000000002,22.76329531263641,35.07372031263641,-10.452870312636406,看多触发,1,看多状态,2018-06-05
2018-06-05,37.3664,12.7795225,23.16764315318577,35.94716565318577,-10.388120653185771,看多触发,1,看多状态,2018-06-06
2018-06-06,26.6042,12.9336675,23.26981030982681,36.20347780982681,-10.336142809826809,,1,看多状态,2018-06-07
2018-06-07,41.4189,13.088096666666667,23.298753383984312,36.38685005065098,-10.210656717317645,看多触发,1,看多状态,2018-06-08
2018-06-08,1.4284,13.552683333333333,23.303243263316382,36.85592659664972,-9.75055992998305,,1,看多状态,2018-06-11
2018-06-11,42.616800000000005,13.289964999999999,23.260342022495525,36.550307022495524,-9.970377022495526,看多触发,1,看多状态,2018-06-12
2018-06-12,24.921100000000003,13.5372375,23.413847837296593,36.95108533729659,-9.876610337296594,,1,看多状态,2018-06-13
2018-06-13,14.1626,13.826600833333334,23.337419989002836,37.16402082233617,-9.510819155669502,,1,看多状态,2018-06-14
2018-06-14,28.0602,13.674365,23.274539285534555,36.94890428553455,-9.600174285534555,,1,看多状态,2018-06-15
2018-06-15,26.2838,13.920390833333332,23.269222523909708,37.18961335724304,-9.348831690576375,,1,看多状态,2018-06-19
2018-06-19,-21.1157,14.408657499999999,22.902884494575716,37.31154199457571,-8.494226994575717,看空触发,-1,看空状态,2018-06-20
2018-06-20,7.5352,14.560595833333334,22.601760794002555,37.16235662733589,-8.04116496066922,,-1,看空状态,2018-06-21
2018-06-21,-9.1094,14.752583333333336,22.441521873835523,37.19410520716886,-7.688938540502187,看空触发,-1,看空状态,2018-06-22
2018-06-22,1.11570000000001,14.373525833333334,22.457339885799087,36.83086571913242,-8.083814052465753,,-1,看空状态,2018-06-25
2018-06-25,-37.794,14.25554,22.489738139439776,36.745278139439776,-8.234198139439776,看空触发,-1,看空状态,2018-06-26
2018-06-26,23.6324,14.001885,22.903379672726274,36.905264672726275,-8.901494672726274,,-1,看空状态,2018-06-27
2018-06-27,-12.5065,13.958734166666666,22.880111276898923,36.83884544356559,-8.921377110232257,看空触发,-1,看空状态,2018-06-28
2018-06-28,8.05000000000001,13.80291,22.996824495025958,36.79973449502596,-9.193914495025957,,-1,看空状态,2018-06-29
2018-07-03,3.43259999999999,14.09191,22.700437142377364,36.792347142377366,-8.608527142377364,,-1,看空状态,2018-07-04
2018-07-04,-14.3282,13.96461,22.717156393179334,36.68176639317933,-8.752546393179333,看空触发,-1,看空状态,2018-07-05
2018-07-05,22.655500000000004,13.713114166666665,22.862682455177232,36.5757966218439,-9.149568288510567,,-1,看空状态,2018-07-06
2018-07-06,43.8544,13.979735,22.77799386424919,36.75772886424919,-8.79825886424919,看多触发,1,看多状态,2018-07-09
2018-07-09,34.3163,14.240814166666667,22.94014922279461,37.180963389461276,-8.699335056127943,,1,看多状态,2018-07-10
2018-07-10,6.0923,14.4574175,23.006427369202672,37.463844869202674,-8.549009869202672,,1,看多状态,2018-07-11
2018-07-11,-2.5362,14.276045833333333,22.985686067048867,37.2617319003822,-8.709640233715534,,1,看多状态,2018-07-12
2018-07-12,17.924400000000002,14.127773333333332,23.036639078558185,37.16441241189152,-8.908865745224853,,1,看多状态,2018-07-13
2018-07-13,10.886400000000002,13.997388333333333,22.969851065709413,36.96723939904275,-8.97246273237608,,1,看多状态,2018-07-16
2018-07-16,-0.9932,13.718872500000002,22.801240430236977,36.52011293023698,-9.082367930236975,,1,看多状态,2018-07-17
2018-07-17,-6.3304,13.348848333333333,22.67530418153282,36.02415251486615,-9.326455848199487,,1,看多状态,2018-07-18
2018-07-18,-1.0469000000000102,13.095140833333334,22.7241052937868,35.81924612712013,-9.628964460453465,,1,看多状态,2018-07-19
2018-07-19,24.3952,12.943849166666666,22.757574634183232,35.701423800849895,-9.813725467516566,,1,看多状态,2018-07-20
2018-07-20,21.36,12.910265833333334,22.73750151752412,35.64776735085745,-9.827235684190786,,1,看多状态,2018-07-23
2018-07-23,-1.3849,12.959159166666666,22.74940662513082,35.70856579179748,-9.790247458464155,,1,看多状态,2018-07-24
2018-07-24,26.3474,12.941534166666665,22.75977757974756,35.70131174641423,-9.818243413080895,,1,看多状态,2018-07-25
2018-07-25,16.1758,12.984451666666667,22.780322505648208,35.76477417231487,-9.795870838981541,,1,看多状态,2018-07-26
2018-07-26,3.9327,13.265843333333333,22.607361149445733,35.873204482779066,-9.3415178161124,,1,看多状态,2018-07-27
2018-07-27,25.567,13.107561666666667,22.605646187274388,35.71320785394106,-9.498084520607721,,1,看多状态,2018-07-30
2018-07-30,23.5058,13.389620833333334,22.547628795741943,35.937249629075275,-9.15800796240861,,1,看多状态,2018-07-31
2018-07-31,30.9291,13.434928333333334,22.562567953858185,35.99749628719152,-9.127639620524851,,1,看多状态,2018-08-01
2018-08-01,9.3866,13.605482499999999,22.617199506360908,36.222682006360905,-9.011717006360909,,1,看多状态,2018-08-02
2018-08-02,3.62910000000001,13.502783333333333,22.60806539996583,36.110848733299164,-9.105282066632498,,1,看多状态,2018-08-03
2018-08-03,5.10570000000001,13.310851666666666,22.593180158444504,35.90403182511117,-9.282328491777838,,1,看多状态,2018-08-06
2018-08-06,30.6312,13.343185833333333,22.578510776486475,35.921696609819804,-9.235324943153142,,1,看多状态,2018-08-07
2018-08-07,29.8501,13.413120833333332,22.619256638183685,36.032377471517016,-9.206135804850353,,1,看多状态,2018-08-08
2018-08-08,16.5803,13.411583333333333,22.61812357335861,36.02970690669194,-9.206540240025276,,1,看多状态,2018-08-09
2018-08-09,52.145,13.618500000000001,22.531705764149002,36.15020576414901,-8.913205764149001,看多触发,1,看多状态,2018-08-10
2018-08-10,0.5425,14.01915,22.78644953219702,36.80559953219702,-8.767299532197022,,1,看多状态,2018-08-13
2018-08-13,-5.7795000000000005,14.028273333333335,22.780784793959473,36.80905812729281,-8.752511460626138,,1,看多状态,2018-08-14
2018-08-14,-13.3972,13.957508333333331,22.829368939207484,36.78687727254081,-8.871860605874152,看空触发,-1,看空状态,2018-08-15
2018-08-15,-15.271400000000002,13.858490833333333,22.92261959029064,36.78111042362397,-9.064128756957308,看空触发,-1,看空状态,2018-08-16
2018-08-16,21.719,14.019814166666666,22.644940546826213,36.66475471349288,-8.625126380159546,,-1,看空状态,2018-08-17
2018-08-17,3.6753,15.016876666666667,20.173608463504472,35.19048513017114,-5.156731796837805,,-1,看空状态,2018-08-20
2018-08-20,56.56100000000001,14.904459166666667,20.199105899937514,35.10356506660418,-5.294646733270847,看多触发,1,看多状态,2018-08-21
2018-08-21,28.1475,15.136183333333333,20.51633350782801,35.652516841161344,-5.380150174494675,,1,看多状态,2018-08-22
2018-08-22,20.0322,15.588140833333334,20.195446612322698,35.78358744565603,-4.607305778989364,,1,看多状态,2018-08-23
2018-08-23,12.599200000000002,15.859930833333332,20.031942191350623,35.89187302468395,-4.172011358017292,,1,看多状态,2018-08-24
2018-08-24,-1.7687,16.038145833333335,19.905561880590053,35.94370771392339,-3.867416047256718,,1,看多状态,2018-08-27
2018-08-27,21.6764,15.927163333333333,19.96782936366123,35.894992696994564,-4.040666030327898,,1,看多状态,2018-08-28
2018-08-28,14.3072,15.91022,19.96203200335473,35.87225200335473,-4.051812003354728,,1,看多状态,2018-08-29
2018-08-29,20.3195,15.881186666666668,19.961806876224575,35.84299354289124,-4.080620209557907,,1,看多状态,2018-08-30
2018-08-30,6.16360000000001,15.783050833333334,19.910303818776,35.693354652109335,-4.1272529854426665,,1,看多状态,2018-08-31
2018-08-31,37.6719,15.617725833333333,19.90709901396184,35.52482484729517,-4.289373180628507,看多触发,1,看多状态,2018-09-03
2018-09-03,2.7077,15.969539999999999,19.920806315362473,35.89034631536247,-3.9512663153624743,,1,看多状态,2018-09-04
2018-09-04,13.5113,15.8906325,19.95468126567843,35.84531376567843,-4.0640487656784305,,1,看多状态,2018-09-05
2018-09-05,-31.0886,16.091505,19.80661601113578,35.898121011135785,-3.715111011135779,看空触发,-1,看空状态,2018-09-06
2018-09-06,8.86290000000001,15.947143333333333,20.0872008957154,36.034344229048735,-4.140057562382069,,-1,看空状态,2018-09-07
2018-09-07,-2.5409,15.939368333333334,20.089782217101956,36.02915055043529,-4.150413883768621,,-1,看空状态,2018-09-10
2018-09-10,-6.0471,16.13209416666667,19.79606374220462,35.928157908871285,-3.6639695755379513,看空触发,-1,看空状态,2018-09-11
2018-09-11,-0.4203,15.846178333333334,19.86702971814639,35.713208051479725,-4.0208513848130565,,-1,看空状态,2018-09-12
2018-09-12,-10.453499999999998,15.725810833333334,19.921843963781996,35.64765479711533,-4.1960331304486616,看空触发,-1,看空状态,2018-09-13
2018-09-13,27.3993,15.441369166666668,20.050585284547367,35.491954451214035,-4.609216117880699,,-1,看空状态,2018-09-14
2018-09-14,28.0742,15.556304166666667,20.07949177853535,35.63579594520202,-4.523187611868682,,-1,看空状态,2018-09-17
2018-09-17,6.9134,15.741074166666667,20.091915739327057,35.83298990599373,-4.350841572660389,,-1,看空状态,2018-09-18
2018-09-18,19.171,15.683894166666667,20.107315932757263,35.79121009942393,-4.423421766090597,,-1,看空状态,2018-09-19
2018-09-19,7.76179999999999,16.025745,19.81033068271781,35.83607568271781,-3.784585682717811,,-1,看空状态,2018-09-20
2018-09-20,48.0023,16.016706666666668,19.813880839908848,35.83058750657551,-3.7971741732421798,看多触发,1,看多状态,2018-09-21
2018-09-26,18.7773,16.489393333333332,19.895219571349912,36.384612904683244,-3.40582623801658,,1,看多状态,2018-09-27
2018-09-27,28.894,16.601068333333334,19.86991069454197,36.4709790278753,-3.2688423612086375,,1,看多状态,2018-09-28
2018-09-28,16.262999999999998,16.810859166666667,19.86565770445751,36.67651687112418,-3.0547985377908446,,1,看多状态,2018-10-08
2018-10-08,-97.1611,17.09185833333333,19.613754377989405,36.705612711322736,-2.5218960446560743,看空触发,-1,看空状态,2018-10-09
2018-10-09,-30.7984,15.962188333333334,22.119958825710405,38.08214715904374,-6.157770492377072,看空触发,-1,看空状态,2018-10-10
2018-10-10,-16.1204,15.617280000000001,22.523421998603144,38.14070199860315,-6.906141998603143,看空触发,-1,看空状态,2018-10-11
2018-10-11,-36.3236,15.424393333333335,22.696063719081945,38.120457052415276,-7.27167038574861,看空触发,-1,看空状态,2018-10-12
2018-10-12,10.7254,14.879494166666666,23.14630551866927,38.02579968533593,-8.266811352002604,,-1,看空状态,2018-10-15
2018-10-15,-11.0467,14.851253333333334,23.149314183234605,38.00056751656794,-8.29806084990127,看空触发,-1,看空状态,2018-10-16
2018-10-18,-6.33949999999999,14.486325,23.209956343386157,37.69628134338616,-8.723631343386156,,-1,看空状态,2018-10-19
2018-10-19,43.2254,14.154735833333335,23.220970144557267,37.375705977890604,-9.066234311223932,看多触发,1,看多状态,2018-10-22
2018-10-22,-7.6201,14.436578333333333,23.36761490423163,37.80419323756496,-8.931036570898296,,1,看多状态,2018-10-23
2018-10-23,-3.5304999999999898,14.137120833333334,23.418468754586897,37.55558958792023,-9.281347921253563,,1,看多状态,2018-10-24
2018-10-24,14.7065,13.915850833333336,23.459220303738302,37.375071137071636,-9.543369470404967,,1,看多状态,2018-10-25
2018-10-25,-36.0184,13.8210925,23.432633456214543,37.253725956214545,-9.611540956214542,看空触发,-1,看空状态,2018-10-26
2018-10-26,-16.651300000000003,13.4636375,23.862688354342673,37.32632585434267,-10.399050854342672,看空触发,-1,看空状态,2018-10-29
2018-10-29,27.8841,12.72307,23.398463300527915,36.121533300527915,-10.675393300527915,,-1,看空状态,2018-10-30
2018-10-30,2.29500000000001,12.5165675,23.15104075721099,35.667608257210986,-10.634473257210988,,-1,看空状态,2018-10-31
2018-10-31,57.4869,12.632388333333333,23.063960197494875,35.69634853082821,-10.431571864161542,看多触发,1,看多状态,2018-11-01
2018-11-01,84.82469999999999,12.917,23.40532473871863,36.32232473871863,-10.48832473871863,看多触发,1,看多状态,2018-11-02
2018-11-02,173.84669999999997,13.298854166666667,24.194950521283936,37.4938046879506,-10.896096354617269,看多触发,1,看多状态,2018-11-05
2018-11-05,9.38369999999999,14.632651666666668,28.28783132956193,42.9204829962286,-13.65517966289526,,1,看多状态,2018-11-06
2018-11-06,-17.953,14.9691775,27.97893027131854,42.94810777131854,-13.009752771318539,看空触发,-1,看空状态,2018-11-07
2018-11-07,20.2859,14.610984166666666,28.12380992187069,42.734794088537356,-13.512825755204025,,-1,看空状态,2018-11-08
2018-11-08,38.5726,14.3992075,27.983074905510698,42.38228240551069,-13.583867405510698,,-1,看空状态,2018-11-09
2018-11-09,0.9247,14.686672500000002,28.05324015979893,42.73991265979893,-13.366567659798926,,-1,看空状态,2018-11-12
2018-11-12,11.0318,14.805541666666668,27.963564842221754,42.76910650888842,-13.158023175555085,,-1,看空状态,2018-11-13
2018-11-13,23.96,14.671725,27.942699980054478,42.61442498005448,-13.270974980054477,,-1,看空状态,2018-11-14
2018-11-14,-8.96360000000001,14.709679166666668,27.9522753457181,42.66195451238477,-13.242596179051432,,-1,看空状态,2018-11-15
2018-11-15,25.3776,14.45278,28.02752995780633,42.48030995780633,-13.574749957806329,,-1,看空状态,2018-11-16
2018-11-16,19.9578,14.4135375,28.00874672347627,42.42228422347627,-13.595209223476271,,-1,看空状态,2018-11-19
2018-11-19,16.4212,14.367356666666666,27.99487972858799,42.362236395254655,-13.627523061921323,,-1,看空状态,2018-11-20
2018-11-20,-30.6416,14.030383333333333,27.72115337818813,41.75153671152147,-13.690770044854798,看空触发,-1,看空状态,2018-11-21
2018-11-21,9.5104,13.472360000000002,27.941769851824642,41.41412985182464,-14.46940985182464,,-1,看空状态,2018-11-22
2018-11-22,-6.7549,13.459335833333334,27.943261702524353,41.40259753585769,-14.483925869191019,,-1,看空状态,2018-11-23
2018-11-23,-10.512,13.2130575,27.99045396328362,41.20351146328362,-14.77739646328362,,-1,看空状态,2018-11-26
2018-11-26,23.9296,12.838967499999999,28.005175475144604,40.84414297514461,-15.166207975144605,,-1,看空状态,2018-11-27
2018-11-27,1.4538,12.852454166666666,28.010164671757543,40.86261883842421,-15.157710505090877,,-1,看空状态,2018-11-28
2018-11-28,25.3917,12.693829166666667,28.020452581231474,40.71428174789814,-15.326623414564807,,-1,看空状态,2018-11-29
2018-11-29,10.7326,12.735904999999999,28.0358212585522,40.7717262585522,-15.299916258552201,,-1,看空状态,2018-11-30
2018-11-30,48.346,12.502659166666666,27.934056204669414,40.43671537133608,-15.431397038002748,看多触发,1,看多状态,2018-12-03
2018-12-03,121.4136,12.783386666666667,28.124529149812346,40.90791581647901,-15.34114248314568,看多触发,1,看多状态,2018-12-04
2018-12-04,42.9169,13.6893325,29.8215611213145,43.5108936213145,-16.132228621314496,,1,看多状态,2018-12-05
2018-12-05,8.9071,13.5679925,29.67113842317572,43.23913092317572,-16.103145923175717,,1,看多状态,2018-12-06
2018-12-06,-42.295100000000005,13.459479166666664,29.664115159554488,43.12359432622115,-16.204635992887823,看空触发,-1,看空状态,2018-12-07
2018-12-07,-5.1223,12.604341666666668,29.780709721765042,42.38505138843171,-17.176368055098372,,-1,看空状态,2018-12-10
2018-12-10,-17.7016,12.250269166666666,29.736379570304276,41.98664873697094,-17.48611040363761,看空触发,-1,看空状态,2018-12-11
2018-12-11,3.0050999999999903,11.881054166666667,29.83156369331628,41.71261785998295,-17.95050952664961,,-1,看空状态,2018-12-12
2018-12-12,12.6574,11.560939166666667,29.717824530822504,41.27876369748917,-18.156885364155837,,-1,看空状态,2018-12-13
2018-12-13,66.1944,11.654514166666667,29.70332655580951,41.357840722476176,-18.048812389142846,看多触发,1,看多状态,2018-12-14
2018-12-14,-17.075,11.850994166666668,29.986485595382245,41.837479762048915,-18.135491428715575,,1,看多状态,2018-12-17
2018-12-17,12.586099999999998,11.501026666666666,30.07759112904499,41.57861779571166,-18.57656446237832,,1,看多状态,2018-12-18
2018-12-18,-30.1215,11.487889166666665,30.076763105169807,41.56465227183647,-18.58887393850314,看空触发,-1,看空状态,2018-12-19
2018-12-19,-7.847899999999999,11.003041666666666,30.275663510057313,41.27870517672398,-19.272621843390645,,-1,看空状态,2018-12-20
2018-12-20,-11.7963,10.718610833333335,30.291223544446495,41.00983437777983,-19.57261271111316,,-1,看空状态,2018-12-21
2018-12-21,-1.929,10.796272499999999,30.220784591531125,41.01705709153112,-19.424512091531128,,-1,看空状态,2018-12-24
2018-12-27,5.3359000000000005,10.717404166666665,30.24170895179273,40.9591131184594,-19.524304785126066,,-1,看空状态,2018-12-28
2018-12-28,22.2967,10.837781666666666,30.190831962115638,41.0286136287823,-19.353050295448973,,-1,看空状态,2019-01-02
2019-01-02,3.5386999999999897,11.014289999999999,30.195431109623748,41.20972110962374,-19.18114110962375,,-1,看空状态,2019-01-03
2019-01-03,7.8012,11.358729166666667,29.867961784770937,41.226690951437604,-18.50923261810427,,-1,看空状态,2019-01-04
2019-01-04,2.3686000000000003,11.2268025,29.848250129671573,41.075052629671575,-18.62144762967157,,-1,看空状态,2019-01-07
2019-01-07,16.4635,11.350761666666667,29.77966714539669,41.13042881206336,-18.428905478730023,,-1,看空状态,2019-01-08
2019-01-08,14.1605,11.420874166666666,29.78173480532498,41.202608971991644,-18.360860638658316,,-1,看空状态,2019-01-09
2019-01-09,67.63119999999999,11.510273333333334,29.773654474882708,41.28392780821604,-18.263381141549374,看多触发,1,看多状态,2019-01-10
2019-01-10,16.3921,12.193268333333332,30.114060960905626,42.307329294238954,-17.920792627572293,,1,看多状态,2019-01-11
2019-01-11,42.6643,12.141073333333333,30.101200235297952,42.24227356863128,-17.96012690196462,看多触发,1,看多状态,2019-01-14
2019-01-14,-16.8417,12.131155833333334,30.090858056712335,42.22201389004567,-17.959702223379,,1,看多状态,2019-01-15
2019-01-15,51.8028,11.704839166666664,30.136265477892238,41.841104644558904,-18.43142631122557,看多触发,1,看多状态,2019-01-16
2019-01-16,25.273200000000003,12.08576,30.35283810230004,42.43859810230004,-18.26707810230004,,1,看多状态,2019-01-17
2019-01-17,25.856,12.317505,30.346422974313484,42.66392797431348,-18.028917974313483,,1,看多状态,2019-01-18
2019-01-18,84.2101,12.383601666666666,30.367368379877057,42.75097004654372,-17.983766713210393,看多触发,1,看多状态,2019-01-21
2019-01-21,32.236999999999995,12.994632499999998,31.066622855852202,44.0612553558522,-18.071990355852204,,1,看多状态,2019-01-22
2019-01-22,-13.9297,13.271550833333333,31.088985704202923,44.360536537536255,-17.81743487086959,,1,看多状态,2019-01-23
2019-01-23,18.1194,13.208223333333335,31.136952721317076,44.34517605465041,-17.928729387983743,,1,看多状态,2019-01-24
2019-01-24,24.4563,13.367942499999998,31.11236332348252,44.48030582348252,-17.74442082348252,,1,看多状态,2019-01-25
2019-01-25,34.9324,13.368451666666665,31.112545805048768,44.48099747171543,-17.744094138382103,,1,看多状态,2019-01-28
2019-01-28,49.4045,13.481555000000002,31.166464713979124,44.648019713979124,-17.684909713979124,看多触发,1,看多状态,2019-01-29
2019-01-29,23.7598,13.9048,31.30742446148243,45.21222446148243,-17.402624461482432,,1,看多状态,2019-01-30
2019-01-30,9.9416,13.883236666666667,31.29967262640817,45.182909293074836,-17.416435959741506,,1,看多状态,2019-01-31
2019-01-31,86.6391,13.831285,31.30100919948096,45.13229419948096,-17.469724199480957,看多触发,1,看多状态,2019-02-01
2019-02-01,55.465900000000005,14.520504999999998,31.98432140684103,46.504826406841026,-17.463816406841033,看多触发,1,看多状态,2019-02-11
2019-02-11,45.6904,14.769662499999999,32.1869110449988,46.956573544998804,-17.417248544998802,,1,看多状态,2019-02-12
2019-02-12,53.2622,14.954534166666667,32.301018855951284,47.25555302261795,-17.346484689284615,看多触发,1,看多状态,2019-02-13
2019-02-13,86.0133,15.140643333333333,32.457791154669216,47.59843448800255,-17.317147821335883,看多触发,1,看多状态,2019-02-14
2019-02-14,56.8098,15.779199166666666,33.09121219406071,48.870411360727374,-17.312013027394045,看多触发,1,看多状态,2019-02-15
2019-02-15,21.9383,16.222371666666668,33.28268125150488,49.50505291817155,-17.060309584838215,,1,看多状态,2019-02-18
2019-02-18,47.8807,16.362643333333335,33.27090459229155,49.63354792562488,-16.908261258958216,,1,看多状态,2019-02-19
2019-02-19,16.1802,16.506389166666665,33.37018427627529,49.876573442941954,-16.863795109608624,,1,看多状态,2019-02-20
2019-02-20,47.5817,16.392473333333335,33.347574868018604,49.74004820135194,-16.95510153468527,,1,看多状态,2019-02-21
2019-02-21,23.1807,16.650818333333333,33.468906016663674,50.11972434999701,-16.81808768333034,,1,看多状态,2019-02-22
2019-02-22,59.9899,16.40944916666667,33.314867105142056,49.724316271808725,-16.905417938475388,看多触发,1,看多状态,2019-02-25
2019-02-25,-7.16049999999999,16.904844166666667,33.518314287953324,50.423158454619994,-16.613470121286657,,1,看多状态,2019-02-26
2019-02-26,19.9278,16.89333583333333,33.52640438890972,50.41974022224305,-16.633068555576386,,1,看多状态,2019-02-27
2019-02-27,48.755500000000005,17.171044166666665,33.411213326773876,50.58225749344054,-16.24016916010721,,1,看多状态,2019-02-28
2019-02-28,28.3993,17.70460166666667,33.400006991165625,51.104608657832294,-15.695405324498957,,1,看多状态,2019-03-01
2019-03-01,30.2042,17.760270833333333,33.41231907695223,51.172589910285566,-15.652048243618896,,1,看多状态,2019-03-04
2019-03-04,35.3956,17.981344999999997,33.40610634327643,51.387451343276425,-15.42476134327643,,1,看多状态,2019-03-05
2019-03-05,41.5746,17.804966666666665,33.25623949297595,51.061206159642616,-15.451272826309285,,1,看多状态,2019-03-06
2019-03-06,-8.34600000000002,17.916859166666665,33.31386813978336,51.23072730645002,-15.397008973116694,,1,看多状态,2019-03-07
2019-03-07,-39.6991,17.680374166666663,33.39934024506767,51.07971441173433,-15.718966078401007,看空触发,-1,看空状态,2019-03-08
2019-03-08,-12.277,17.244555000000002,33.80495074019534,51.04950574019534,-16.560395740195336,,-1,看空状态,2019-03-11
2019-03-11,-19.8666,17.156985833333334,33.868168391343794,51.025154224677124,-16.71118255801046,看空触发,-1,看空状态,2019-03-12
2019-03-12,9.9724,16.810794166666668,34.033501260169096,50.844295426835764,-17.22270709350243,,-1,看空状态,2019-03-13
2019-03-13,-23.4714,16.77467083333333,34.038481043573015,50.813151876906346,-17.263810210239683,看空触发,-1,看空状态,2019-03-14
2019-03-14,23.328000000000003,16.409746666666667,34.23433394578829,50.64408061245496,-17.824587279121626,,-1,看空状态,2019-03-15
2019-03-15,22.8852,16.552783333333334,34.227021173852535,50.77980450718587,-17.6742378405192,,-1,看空状态,2019-03-18
2019-03-18,33.8769,16.429560833333333,34.17693074119519,50.606491574528526,-17.74736990786186,,-1,看空状态,2019-03-19
2019-03-19,-15.988599999999998,16.689304166666666,34.19020855696563,50.879512723632295,-17.500904390298963,,-1,看空状态,2019-03-20
2019-03-20,-1.0559,16.443471666666667,34.31906232866833,50.762533995335,-17.875590662001663,,-1,看空状态,2019-03-21
2019-03-21,-11.9487,16.693744166666665,34.078182535775674,50.77192670244234,-17.38443836910901,,-1,看空状态,2019-03-22
2019-03-22,-13.5718,16.520314166666665,34.1712000462803,50.69151421294696,-17.650885879613632,,-1,看空状态,2019-03-25
2019-03-25,-107.7445,16.428389999999997,34.23768011791794,50.66607011791794,-17.809290117917943,看空触发,-1,看空状态,2019-03-26
2019-03-26,9.9557,15.580911666666664,36.01138973187798,51.59230139854465,-20.430478065211318,,-1,看空状态,2019-03-27
2019-03-27,-4.961899999999989,15.667378333333334,35.98509375258338,51.65247208591671,-20.31771541925005,,-1,看空状态,2019-03-28
2019-03-28,-15.6303,15.713141666666667,35.955075288267324,51.66821695493399,-20.24193362160066,,-1,看空状态,2019-03-29
2019-03-29,110.9315,15.354561666666665,36.05198635819007,51.40654802485673,-20.697424691523405,看多触发,1,看多状态,2019-04-01
2019-04-01,31.1818,16.045039166666665,37.076538093703284,53.121577260369946,-21.03149892703662,,1,看多状态,2019-04-02
2019-04-02,-1.6143,16.247275833333333,37.09249378175335,53.33976961508668,-20.845217948420014,,1,看多状态,2019-04-03
2019-04-03,29.0534,16.074065,37.12724042280204,53.20130542280204,-21.05317542280204,,1,看多状态,2019-04-04
2019-04-04,-14.5222,16.251495,37.138056927210314,53.38955192721031,-20.886561927210316,,1,看多状态,2019-04-08
2019-04-08,-44.4076,15.730457499999998,37.127457786821495,52.857915286821495,-21.397000286821495,看空触发,-1,看空状态,2019-04-09
2019-04-09,-4.02620000000001,15.203916666666665,37.52974839814126,52.73366506480792,-22.325831731474594,,-1,看空状态,2019-04-10
2019-04-10,-33.522,14.929581666666666,37.54915071455948,52.478732381226145,-22.619569047892817,看空触发,-1,看空状态,2019-04-11
2019-04-11,-41.9867,14.514706666666665,37.80843252352805,52.32313919019471,-23.293725856861382,看空触发,-1,看空状态,2019-04-12
2019-04-12,-5.0723,14.974493333333333,36.75988239889093,51.734375732224265,-21.785389065557595,,-1,看空状态,2019-04-15
2019-04-15,-22.7432,15.188877499999998,36.565192891737816,51.75407039173781,-21.37631539173782,看空触发,-1,看空状态,2019-04-16
2019-04-16,34.3249,15.133687499999999,36.61780718339915,51.75149468339915,-21.48411968339915,,-1,看空状态,2019-04-17
2019-04-17,-18.7757,15.722425,36.35049377522813,52.07291877522813,-20.62806877522813,,-1,看空状态,2019-04-18
2019-04-23,-64.977,15.476582500000001,36.48408736501795,51.96066986501795,-21.00750486501795,看空触发,-1,看空状态,2019-04-24
2019-04-24,-35.2516,15.027163333333332,37.139822585946995,52.16698591928033,-22.11265925261366,看空触发,-1,看空状态,2019-04-25
2019-04-25,-17.0638,14.786229166666665,37.372647393623765,52.15887656029043,-22.5864182269571,,-1,看空状态,2019-04-26
2019-04-26,-10.425999999999998,14.283819166666666,37.39235598365822,51.67617515032489,-23.108536816991553,,-1,看空状态,2019-04-29
2019-04-29,45.3273,14.260436666666665,37.407042647305055,51.66747931397172,-23.14660598063839,,-1,看空状态,2019-04-30
2019-04-30,-5.46890000000001,14.667584999999999,37.477598251400615,52.14518325140061,-22.810013251400616,,-1,看空状态,2019-05-06
2019-05-06,-56.2353,14.499456666666665,37.522649582351654,52.02210624901832,-23.023192915684987,看空触发,-1,看空状态,2019-05-07
2019-05-07,-11.4174,14.3309825,37.795769682701824,52.12675218270182,-23.464787182701826,,-1,看空状态,2019-05-08
2019-05-08,-49.6337,14.374598333333331,37.76272155777771,52.13731989111104,-23.388123224444378,看空触发,-1,看空状态,2019-05-09
2019-05-09,-56.8095,13.728616666666666,38.1902836577409,51.918900324407566,-24.46166699107423,看空触发,-1,看空状态,2019-05-10
2019-05-14,-108.9967,13.236079166666665,38.71648957836414,51.9525687450308,-25.480410411697477,看空触发,-1,看空状态,2019-05-15
2019-05-15,9.07449999999999,11.848715833333333,40.07647785387248,51.92519368720582,-28.22776202053915,,-1,看空状态,2019-05-16
2019-05-16,-33.9697,11.217464166666666,39.509933837762055,50.72739800442872,-28.29246967109539,看空触发,-1,看空状态,2019-05-17
2019-05-17,-56.1104,9.48566083333333,36.78199048668022,46.267651320013556,-27.29632965334689,看空触发,-1,看空状态,2019-05-20
2019-05-20,-24.2644,8.939876666666667,37.266240747356775,46.20611741402344,-28.32636408069011,,-1,看空状态,2019-05-21
2019-05-21,-36.8439,8.887281666666667,37.30894371550274,46.19622538216941,-28.421662048836076,看空触发,-1,看空状态,2019-05-22
2019-05-22,-44.9386,8.4112,37.52613996332949,45.93733996332949,-29.11493996332949,看空触发,-1,看空状态,2019-05-23
2019-05-23,-41.1407,7.715273333333332,37.73586929296297,45.4511426262963,-30.020595959629635,看空触发,-1,看空状态,2019-05-24
2019-05-24,-16.1754,7.364728333333333,37.99397921704491,45.35870755037824,-30.629250883711578,,-1,看空状态,2019-05-27
2019-05-27,-19.0502,7.138001666666667,38.05304501804079,45.19104668470746,-30.915043351374123,,-1,看空状态,2019-05-28
2019-05-28,55.6686,6.779583333333333,38.09579925855946,44.875382591892794,-31.316215925226125,看多触发,1,看多状态,2019-05-29
2019-05-29,-32.5141,7.318185,38.32753335267979,45.645718352679786,-31.009348352679787,看空触发,-1,看空状态,2019-05-30
2019-05-30,-7.882699999999989,6.835754166666666,38.462413984500614,45.29816815116728,-31.626659817833946,,-1,看空状态,2019-05-31
2019-05-31,-5.4977,6.60375,38.46656336390622,45.070313363906216,-31.86281336390622,,-1,看空状态,2019-06-03
2019-06-03,44.0698,6.421092499999999,38.47159404580743,44.89268654580743,-32.05050154580743,,-1,看空状态,2019-06-04
2019-06-04,10.6425,7.0436875,38.47129556588576,45.51498306588576,-31.42760806588576,,-1,看空状态,2019-06-05
2019-06-05,30.5782,7.053121666666667,38.47204435440219,45.52516602106886,-31.418922687735527,,-1,看空状态,2019-06-06
2019-06-06,10.7856,7.364230833333334,38.510376054438254,45.87460688777159,-31.14614522110492,,-1,看空状态,2019-06-10
2019-06-10,78.9727,7.541710833333332,38.476360180802224,46.01807101413556,-30.93464934746889,看多触发,1,看多状态,2019-06-11
2019-06-11,69.4596,8.000403333333333,38.99792930116044,46.99833263449377,-30.99752596782711,看多触发,1,看多状态,2019-06-12
2019-06-12,12.8601,8.567118333333331,39.39411029821672,47.96122863155005,-30.826991964883383,,1,看多状态,2019-06-13
2019-06-13,11.7104,8.462688333333334,39.36573497075336,47.82842330408669,-30.903046637420026,,1,看多状态,2019-06-14
2019-06-14,-16.3821,8.470836666666665,39.366309962692874,47.83714662935954,-30.89547329602621,,1,看多状态,2019-06-17
2019-06-17,5.0730999999999895,7.9314358333333335,39.258653412994775,47.19008924632811,-31.327217579661443,,1,看多状态,2019-06-18
2019-06-18,15.921600000000002,6.961931666666667,37.843658724007604,44.80559039067427,-30.88172705734094,,1,看多状态,2019-06-19
2019-06-19,49.2374,6.7369708333333325,37.708122878600435,44.445093711933765,-30.971152045267104,看多触发,1,看多状态,2019-06-20
2019-06-20,55.6491,7.073056666666665,37.90683224470479,44.979888911371454,-30.83377557803812,看多触发,1,看多状态,2019-06-21
2019-06-21,73.305,7.889258333333332,37.889367773471434,45.778626106804765,-30.000109440138104,看多触发,1,看多状态,2019-06-24
2019-06-24,-19.111,8.542819166666666,38.33680464305435,46.87962380972102,-29.793985476387682,,1,看多状态,2019-06-25
2019-06-25,-32.9954,8.531074166666667,38.34512753355969,46.87620170022636,-29.814053366893024,看空触发,-1,看空状态,2019-06-26
2019-06-26,-12.1347,8.231069999999999,38.52911364875165,46.76018364875165,-30.298043648751648,,-1,看空状态,2019-06-27
2019-06-27,38.3888,8.024469166666666,38.571625979147676,46.596095145814346,-30.54715681248101,,-1,看空状态,2019-06-28
2019-07-02,11.2181,7.792755833333333,38.30181755740589,46.09457339073922,-30.50906172407256,,-1,看空状态,2019-07-03
2019-07-03,-4.89529999999999,8.028531666666668,38.234475075231316,46.26300674189798,-30.20594340856465,,-1,看空状态,2019-07-04
2019-07-04,9.7682,7.882853333333333,38.25026416822698,46.13311750156031,-30.367410834893644,,-1,看空状态,2019-07-05
2019-07-05,4.2771,8.2152675,38.09020762601328,46.30547512601328,-29.874940126013282,,-1,看空状态,2019-07-08
2019-07-08,-36.059,8.316309166666667,38.063311346108016,46.37962051277468,-29.74700217944135,看空触发,-1,看空状态,2019-07-09
2019-07-09,-26.198,8.11412,38.23509872492999,46.34921872492999,-30.12097872492999,,-1,看空状态,2019-07-10
2019-07-10,-16.374100000000002,7.911878333333333,38.352671209838135,46.26454954317147,-30.4407928765048,,-1,看空状态,2019-07-11
2019-07-11,24.3587,7.7309616666666665,38.41607732645013,46.147038993116794,-30.685115659783463,,-1,看空状态,2019-07-12
2019-07-12,14.5927,7.748144999999999,38.42310778137467,46.17125278137467,-30.674962781374667,,-1,看空状态,2019-07-15
2019-07-15,-14.41,7.840261666666667,38.42618159735807,46.26644326402473,-30.5859199306914,,-1,看空状态,2019-07-16
2019-07-16,10.092,7.655168333333333,38.47982794686283,46.13499628019616,-30.824659613529494,,-1,看空状态,2019-07-17
2019-07-17,17.5105,7.719530000000001,38.47737031674417,46.19690031674417,-30.757840316744172,,-1,看空状态,2019-07-18
2019-07-18,18.4497,7.728255,38.47948838079022,46.20774338079022,-30.75123338079022,,-1,看空状态,2019-07-19
2019-07-19,61.8924,7.763998333333333,38.487504727359045,46.25150306069238,-30.723506394025712,看多触发,1,看多状态,2019-07-22
2019-07-22,3.85,7.716174999999999,38.4159895346818,46.1321645346818,-30.6998145346818,,1,看多状态,2019-07-23
2019-07-23,-4.0566,7.611657499999999,38.409247698730894,46.020905198730894,-30.797590198730894,,1,看多状态,2019-07-24
2019-07-24,20.5019,7.222316666666667,38.28754946913533,45.50986613580199,-31.06523280246866,,1,看多状态,2019-07-25
2019-07-25,19.4873,7.533513333333333,38.24205152865967,45.775564861993004,-30.70853819532634,,1,看多状态,2019-07-26
2019-07-26,-13.866700000000002,7.264217499999999,38.0409450961904,45.3051625961904,-30.776727596190398,,1,看多状态,2019-07-29
2019-07-29,0.58980000000001,6.9380516666666665,38.05302946002296,44.99108112668963,-31.114977793356296,,1,看多状态,2019-07-30
2019-07-30,24.5098,6.7275,38.01735834946448,44.74485834946448,-31.28985834946448,,1,看多状态,2019-07-31
2019-07-31,-4.9916,6.2299975,37.380170518464595,43.61016801846459,-31.150173018464596,,1,看多状态,2019-08-01
2019-08-01,-11.5082,5.919759166666666,37.31694716536224,43.2367063320289,-31.39718799869557,,1,看多状态,2019-08-02
2019-08-02,-68.1199,5.939938333333333,37.3067766853033,43.24671501863663,-31.366838351969964,看空触发,-1,看空状态,2019-08-05
2019-08-05,-34.630300000000005,5.221277499999999,37.89616711636556,43.11744461636556,-32.67488961636556,看空触发,-1,看空状态,2019-08-06
2019-08-06,-29.7873,4.728889166666667,38.027774785076545,42.756663951743214,-33.29888561840988,,-1,看空状态,2019-08-07
2019-08-07,-30.5043,4.189558333333333,38.05474792047666,42.24430625380999,-33.86518958714333,,-1,看空状态,2019-08-08
2019-08-08,25.4925,3.5236516666666664,37.955918475298766,41.47957014196543,-34.4322668086321,,-1,看空状态,2019-08-09
2019-08-09,13.949000000000002,3.538090833333333,37.96401010290241,41.50210093623574,-34.42591926956907,,-1,看空状态,2019-08-12
2019-08-12,22.3917,3.571485833333333,37.97145210062819,41.542937933961525,-34.39996626729486,,-1,看空状态,2019-08-13
2019-08-13,-24.3609,3.036090833333333,37.2361850736912,40.272275907024536,-34.20009424035787,,-1,看空状态,2019-08-14
2019-08-14,11.8365,2.3708675,37.00398474451496,39.37485224451496,-34.633117244514956,,-1,看空状态,2019-08-15
2019-08-15,1.3724,2.0887516666666666,36.7994287874808,38.88818045414747,-34.71067712081413,,-1,看空状态,2019-08-16
2019-08-16,-2.1734,1.6563366666666666,36.496680008859215,38.15301667552588,-34.84034334219255,,-1,看空状态,2019-08-19
2019-08-19,78.4761,0.9214474999999998,35.66212508670308,36.58357258670308,-34.74067758670308,看多触发,1,看多状态,2019-08-20
2019-08-20,-12.6233,1.1019999999999999,36.00069758811287,37.10269758811287,-34.898697588112874,,1,看多状态,2019-08-21
2019-08-21,19.9941,0.8139866666666665,35.97083964341707,36.78482631008374,-35.15685297675041,,1,看多状态,2019-08-22
2019-08-22,15.1533,0.5815983333333332,35.75363599969218,36.33523433302551,-35.17203766635885,,1,看多状态,2019-08-23
2019-08-23,11.4877,0.5730408333333332,35.749993865478686,36.323034698812016,-35.176953032145356,,1,看多状态,2019-08-26
2019-08-26,-30.3373,0.2722574999999999,35.50214155913201,35.774399059132016,-35.22988405913201,,1,看多状态,2019-08-27
2019-08-27,112.7098,-0.1737258333333335,35.548064835865155,35.37433900253182,-35.72179066919849,看多触发,1,看多状态,2019-08-28
2019-08-28,-7.78410000000002,0.26560666666666655,36.60784593327972,36.87345259994638,-36.342239266613056,,1,看多状态,2019-08-29
2019-08-29,3.83169999999998,0.26040999999999964,36.60895320964921,36.86936320964921,-36.34854320964921,,1,看多状态,2019-08-30
2019-08-30,67.1955,0.12627583333333275,36.56574923116535,36.69202506449868,-36.43947339783202,看多触发,1,看多状态,2019-09-02
2019-09-02,53.099,0.2799424999999994,36.80976233517467,37.089704835174665,-36.52981983517467,看多触发,1,看多状态,2019-09-03
2019-09-03,0.18659999999998,0.4857733333333326,37.036677753912834,37.52245108724617,-36.5509044205795,,1,看多状态,2019-09-04
2019-09-04,49.7288,0.23562666666666585,36.93550365563715,37.17113032230382,-36.69987698897048,看多触发,1,看多状态,2019-09-05
2019-09-05,91.8323,0.3550699999999992,37.07308007481366,37.42815007481366,-36.71801007481366,看多触发,1,看多状态,2019-09-06
2019-09-06,85.2392,0.7738841666666658,37.81902549083556,38.592909657502226,-37.04514132416889,看多触发,1,看多状态,2019-09-09
2019-09-09,27.8546,1.5537608333333326,38.58651704019369,40.140277873527026,-37.032756206860356,,1,看多状态,2019-09-10
2019-09-10,23.7874,2.116708333333333,38.47222099489138,40.588929328224715,-36.355512661558045,,1,看多状态,2019-09-11
2019-09-11,24.3202,2.4172449999999994,38.49968942016569,40.91693442016569,-36.082444420165686,,1,看多状态,2019-09-12
2019-09-12,32.9548,2.7854683333333328,38.49607676697593,41.281545100309266,-35.7106084336426,,1,看多状态,2019-09-16
2019-09-16,9.0994,2.9769883333333325,38.58918930824094,41.56617764157427,-35.61220097490761,,1,看多状态,2019-09-17
2019-09-17,-5.182000000000009,3.2484116666666654,38.51607374257609,41.76448540924275,-35.26766207590943,,1,看多状态,2019-09-18
2019-09-18,39.2137,3.010828333333333,38.4790866391152,41.48991497244854,-35.468258305781866,,1,看多状态,2019-09-19
2019-09-19,26.9258,3.1468991666666657,38.578699260176485,41.72559842684315,-35.43180009350982,,1,看多状态,2019-09-20
2019-09-20,148.6234,3.0889733333333327,38.53736688026295,41.626340213596286,-35.448393546929616,看多触发,1,看多状态,2019-09-23
2019-09-23,-15.3135,4.4607399999999995,40.72048760335957,45.181227603359574,-36.25974760335957,,1,看多状态,2019-09-24
2019-09-24,27.5172,4.341926666666666,40.75750262692733,45.09942929359399,-36.41557596026066,,1,看多状态,2019-09-25
2019-09-25,4.92959999999999,4.670809166666666,40.784166226357485,45.45497539302415,-36.11335705969082,,1,看多状态,2019-09-26
2019-09-26,24.9747,4.8249875,40.749579492307966,45.574566992307965,-35.92459199230797,,1,看多状态,2019-09-27
2019-09-27,3.185,5.930980833333333,39.4489558578424,45.37993669117573,-33.51797502450907,,1,看多状态,2019-09-30
2019-09-30,-6.35170000000001,5.874558333333332,39.44799300484775,45.322551338181086,-33.57343467151442,,1,看多状态,2019-10-08
2019-10-08,17.4395,5.862976666666666,39.45140512228272,45.31438178894939,-33.588428455616054,,1,看多状态,2019-10-09
2019-10-09,-22.1687,6.138558333333332,39.41549114144003,45.554049474773365,-33.27693280810669,,1,看多状态,2019-10-10
2019-10-10,1.3633000000000002,5.0293899999999985,38.29871992647562,43.32810992647562,-33.26932992647562,,1,看多状态,2019-10-11
2019-10-11,37.2614,4.780902499999999,38.22427447694264,43.005176976942636,-33.44337197694264,,1,看多状态,2019-10-14
2019-10-14,27.0163,5.104866666666665,38.33420195727392,43.439068623940585,-33.22933529060725,,1,看多状态,2019-10-15
2019-10-15,36.7125,5.087890833333332,38.32395720484979,43.41184803818312,-33.23606637151646,,1,看多状态,2019-10-16
2019-10-16,27.3642,5.514846666666665,38.38899123241815,43.90383789908481,-32.874144565751486,,1,看多状态,2019-10-17
2019-10-17,17.3879,6.112944999999999,38.16310198920939,44.276046989209384,-32.05015698920939,,1,看多状态,2019-10-18
2019-10-18,-12.4349,6.291395833333332,38.16535903961983,44.45675487295316,-31.873963206286497,,1,看多状态,2019-10-21
2019-10-21,29.1477,6.467121666666666,38.02880632652082,44.495927993187486,-31.561684659854155,,1,看多状态,2019-10-22
2019-10-22,2.94849999999999,7.059908333333332,37.82101717070132,44.88092550403465,-30.761108837367985,,1,看多状态,2019-10-23
2019-10-23,-18.0457,7.126748333333333,37.80648076235896,44.93322909569229,-30.679732429025627,,1,看多状态,2019-10-24
2019-10-24,5.604200000000009,7.165894166666665,37.77771373860762,44.94360790527429,-30.61181957194096,,1,看多状态,2019-10-25
2019-10-25,15.3767,6.926554999999999,37.69509210470008,44.62164710470008,-30.76853710470008,,1,看多状态,2019-10-28
2019-10-28,28.397,7.211158333333332,37.628274216014205,44.839432549347535,-30.417115882680875,,1,看多状态,2019-10-29
2019-10-29,24.2363,7.989274999999998,37.084460635504186,45.073735635504185,-29.095185635504187,,1,看多状态,2019-10-30
2019-10-30,28.9953,8.485007499999998,36.898715757265705,45.3837232572657,-28.413708257265707,,1,看多状态,2019-10-31
2019-10-31,73.8932,8.868833333333331,36.87026580703024,45.73909914036358,-28.001432473696912,看多触发,1,看多状态,2019-11-01
2019-11-01,74.4927,9.571493333333333,37.30041492988113,46.871908263214465,-27.728921596547796,看多触发,1,看多状态,2019-11-04
2019-11-04,40.8483,9.814538333333331,37.628925756728805,47.443464090062136,-27.814387423395473,,1,看多状态,2019-11-05
2019-11-05,52.0048,10.200515,37.70830369026498,47.90881869026498,-27.507788690264977,看多触发,1,看多状态,2019-11-06
2019-11-06,7.91069999999998,11.102515833333333,37.399082355807465,48.5015981891408,-26.29656652247413,,1,看多状态,2019-11-07
2019-11-07,21.096,11.263583333333333,37.34285841932299,48.60644175265632,-26.079275085989654,,1,看多状态,2019-11-08
2019-11-08,13.6693,11.852997499999997,36.929493135834626,48.78249063583462,-25.07649563583463,,1,看多状态,2019-11-11
2019-11-11,6.699599999999991,12.440320833333333,36.384740854307424,48.825061687640755,-23.944420020974093,,1,看多状态,2019-11-12
2019-11-12,-0.1081,13.404456666666665,34.63040554236057,48.03486220902724,-21.225948875693906,,1,看多状态,2019-11-13
2019-11-13,-17.630399999999998,13.327934999999998,34.650193297440985,47.97812829744098,-21.32225829744099,,1,看多状态,2019-11-14
2019-11-14,12.1102,13.464095833333333,34.49452508344138,47.95862091677471,-21.03042925010805,,1,看多状态,2019-11-15
2019-11-15,16.8429,14.032600833333333,33.89519658569792,47.92779741903125,-19.862595752364584,,1,看多状态,2019-11-18
2019-11-18,14.5905,14.375161666666665,33.71212703479687,48.087288701463535,-19.33696536813021,,1,看多状态,2019-11-19
2019-11-19,25.2435,14.803781666666664,33.3807927810252,48.184574447691865,-18.577011114358534,,1,看多状态,2019-11-20
2019-11-20,1.8988,15.388632499999998,32.93714300979606,48.32577550979606,-17.54851050979606,,1,看多状态,2019-11-21
2019-11-21,6.29129999999999,15.747295,32.548446743122625,48.295741743122626,-16.801151743122624,,1,看多状态,2019-11-22
2019-11-22,9.4476,15.934517499999998,32.427672068105366,48.362189568105364,-16.493154568105368,,1,看多状态,2019-11-25
2019-11-25,56.364,16.171999166666666,32.27329435704104,48.445293523707704,-16.101295190374373,看多触发,1,看多状态,2019-11-26
2019-11-26,214.3015,16.177794166666665,32.28050759936488,48.458301766031546,-16.102713432698216,看多触发,1,看多状态,2019-11-27
2019-11-27,24.2167,18.234590833333332,36.711017979068544,54.94560881240187,-18.47642714573521,,1,看多状态,2019-11-28
2019-11-28,17.3801,18.502085833333332,36.635984561112394,55.13807039444573,-18.133898727779062,,1,看多状态,2019-11-29
2019-11-29,6.71,18.692734166666664,36.569509723013724,55.26224388968039,-17.87677555634706,,1,看多状态,2019-12-02
2019-12-02,27.1045,18.3814025,36.51063101579464,54.89203351579464,-18.129228515794637,,1,看多状态,2019-12-03
2019-12-03,34.566,18.51858583333333,36.51223561343936,55.03082144677269,-17.99364978010603,,1,看多状态,2019-12-04
2019-12-04,39.5756,18.551817499999995,36.52511640458081,55.0769339045808,-17.973298904580812,,1,看多状态,2019-12-05
2019-12-05,60.6456,18.791734166666668,36.56820373123107,55.35993789789774,-17.776469564564405,看多触发,1,看多状态,2019-12-06
2019-12-06,43.6179,18.63900833333333,36.35238225595339,54.991390589286716,-17.713373922620057,,1,看多状态,2019-12-09
2019-12-09,33.9078,18.42366083333333,36.124625011263696,54.548285844597025,-17.700964177930366,,1,看多状态,2019-12-10
2019-12-10,29.5471,18.599058333333332,36.14847405161243,54.747532384945764,-17.5494157182791,,1,看多状态,2019-12-11
2019-12-11,23.6794,18.7476975,36.15658101648891,54.90427851648891,-17.408883516488906,,1,看多状态,2019-12-12
2019-12-12,65.21770000000001,19.081543333333332,36.01416019338428,55.095703526717614,-16.932616860050945,看多触发,1,看多状态,2019-12-13
2019-12-13,52.7059,19.58274833333333,36.235401243595554,55.81814957692889,-16.652652910262223,,1,看多状态,2019-12-16
2019-12-16,7.000099999999979,19.889284166666666,36.3595462195847,56.24883038625137,-16.470262052918034,,1,看多状态,2019-12-17
2019-12-17,88.06530000000001,19.537306666666666,36.277400903381434,55.8147075700481,-16.740094236714768,看多触发,1,看多状态,2019-12-18
2019-12-18,44.831,19.807441666666666,36.66716017981483,56.47460184648149,-16.859718513148163,,1,看多状态,2019-12-19
2019-12-19,35.3637,19.57015833333333,36.40927817861118,55.97943651194451,-16.83911984527785,,1,看多状态,2019-12-20
2019-12-20,37.1532,20.024114166666667,36.26224554704011,56.28635971370677,-16.238131380373442,,1,看多状态,2019-12-23
2019-12-23,17.491500000000002,20.60868583333333,35.9645522978916,56.573238131224926,-15.355866464558272,,1,看多状态,2019-12-24
2019-12-27,46.809,20.85557083333333,35.83935995121853,56.694930784551865,-14.983789117885202,,1,看多状态,2019-12-30
2019-12-30,44.279700000000005,20.92573916666667,35.8821931462214,56.80793231288807,-14.956453979554727,,1,看多状态,2019-12-31
2019-12-31,-1.6225000000000198,21.2012525,35.93391959640408,57.13517209640408,-14.732667096404082,,1,看多状态,2020-01-02
2020-01-02,101.4705,21.22852583333333,35.91518335967965,57.14370919301298,-14.686657526346323,看多触发,1,看多状态,2020-01-03
2020-01-03,33.6085,21.99271166666666,36.63761955667554,58.630331223342196,-14.644907890008877,,1,看多状态,2020-01-06
2020-01-06,43.5521,22.23714,36.61627262162607,58.85341262162606,-14.379132621626066,,1,看多状态,2020-01-07
2020-01-07,45.0696,22.900565833333328,36.27074782472261,59.17131365805594,-13.370181991389284,,1,看多状态,2020-01-08
2020-01-08,14.2295,23.4944625,36.04280390687936,59.537266406879354,-12.548341406879356,,1,看多状态,2020-01-09
2020-01-09,75.5058,23.7494925,35.86617215733168,59.61566465733168,-12.116679657331684,看多触发,1,看多状态,2020-01-10
2020-01-10,29.5824,24.175718333333332,36.1760446223926,60.35176295572593,-12.00032628905927,,1,看多状态,2020-01-13
2020-01-13,77.10470000000001,24.3006325,36.16855543617536,60.46918793617536,-11.867922936175361,看多触发,1,看多状态,2020-01-14
2020-01-14,34.2796,25.063255,36.31000153731252,61.37325653731253,-11.246746537312521,,1,看多状态,2020-01-15
2020-01-15,10.441400000000002,25.26481833333333,36.293326051608986,61.55814438494232,-11.028507718275655,,1,看多状态,2020-01-16
2020-01-16,38.465,25.205909166666668,36.31175056175097,61.51765972841764,-11.105841395084301,,1,看多状态,2020-01-17
2020-01-17,35.2135,25.37270333333333,36.32642195639567,61.699125289729,-10.95371862306234,,1,看多状态,2020-01-20
2020-01-20,41.93,25.150379166666667,36.18239097651824,61.33277014318491,-11.032011809851575,,1,看多状态,2020-01-21
2020-01-21,-71.28020000000001,25.467712499999998,36.16099041016846,61.62870291016846,-10.693277910168462,看空触发,-1,看空状态,2020-01-22
2020-01-22,-7.63910000000002,24.90751583333333,37.12994048543028,62.03745631876362,-12.22242465209695,,-1,看空状态,2020-01-23
2020-01-23,-117.618,24.673007499999997,37.24668375357981,61.919691253579806,-12.573676253579812,看空触发,-1,看空状态,2020-02-03
2020-02-03,181.8939,23.530463333333334,39.44507179902716,62.97553513236049,-15.914608465693828,看多触发,1,看多状态,2020-02-04
2020-02-04,49.2017,25.161801666666666,41.85958997729259,67.02139164395926,-16.697788310625928,,1,看多状态,2020-02-05
2020-02-05,-3.08139999999999,25.56690083333333,41.85501669687332,67.42191753020666,-16.28811586353999,,1,看多状态,2020-02-06
2020-02-06,105.5796,25.336974166666664,41.93657796783155,67.27355213449822,-16.59960380116489,看多触发,1,看多状态,2020-02-07
2020-02-07,-32.9928,26.258400833333333,42.47586416627899,68.73426499961232,-16.217463332945655,看空触发,-1,看空状态,2020-02-10
2020-02-10,-32.7234,26.0793625,42.68117364467106,68.76053614467106,-16.601811144671064,看空触发,-1,看空状态,2020-02-11
2020-02-11,10.4352,26.37433333333333,42.14361703373883,68.51795036707216,-15.769283700405499,,-1,看空状态,2020-02-12
2020-02-12,14.8511,26.749879166666666,41.79477841901147,68.54465758567814,-15.044899252344806,,-1,看空状态,2020-02-13
2020-02-13,7.91200000000003,27.121865833333334,41.48484995269634,68.60671578602967,-14.362984119363002,,-1,看空状态,2020-02-14
2020-02-14,43.2275,27.442001666666663,41.18354956506477,68.62555123173144,-13.74154789839811,,-1,看空状态,2020-02-17
2020-02-17,53.623900000000006,27.589793333333333,41.208309325072754,68.7981026584061,-13.618515991739422,,-1,看空状态,2020-02-18
2020-02-18,-53.904700000000005,27.920417499999996,41.25707804012768,69.17749554012768,-13.336660540127685,看空触发,-1,看空状态,2020-02-19
2020-02-19,37.4464,27.284614166666668,41.92547467217204,69.2100888388387,-14.640860505505369,,-1,看空状态,2020-02-20
2020-02-20,38.9792,27.799674999999997,41.66451384816669,69.46418884816669,-13.864838848166695,,-1,看空状态,2020-02-21
2020-02-21,-11.2008,28.025864166666665,41.65079855668488,69.67666272335154,-13.624934390018218,,-1,看空状态,2020-02-24
2020-02-24,-87.0514,27.9210875,41.734142571006146,69.65523007100614,-13.813055071006147,看空触发,-1,看空状态,2020-02-25
2020-02-25,-48.3134,27.21377083333333,42.9500255975044,70.16379643083773,-15.736254764171068,看空触发,-1,看空状态,2020-02-26
2020-02-26,-67.2689,26.157191666666666,43.236930133659506,69.39412180032618,-17.07973846699284,看空触发,-1,看空状态,2020-02-27
2020-02-27,-39.405,25.701811666666664,43.93100460581337,69.63281627248003,-18.229192939146706,看空触发,-1,看空状态,2020-02-28
2020-02-28,-51.368,25.206819166666666,44.328696204846366,69.53551537151303,-19.1218770381797,看空触发,-1,看空状态,2020-03-02
2020-03-02,41.5201,24.652475,44.86812774068013,69.52060274068013,-20.21565274068013,,-1,看空状态,2020-03-03
2020-03-03,4.80289999999997,24.902744999999996,44.87783668252629,69.78058168252629,-19.975091682526298,,-1,看空状态,2020-03-04
2020-03-04,-7.8043,25.19558,44.62831163505473,69.82389163505474,-19.43273163505473,,-1,看空状态,2020-03-05
2020-03-05,48.1062,24.19129583333333,43.993876646431254,68.18517247976459,-19.802580813097922,,-1,看空状态,2020-03-06
2020-03-06,-30.421100000000003,24.657048333333332,43.94834117566633,68.60538950899966,-19.291292842332997,看空触发,-1,看空状态,2020-03-09
2020-03-09,-143.1889,24.37160833333333,44.19527680479403,68.56688513812736,-19.823668471460696,看空触发,-1,看空状态,2020-03-10
2020-03-10,30.9587,22.618405,46.5902276472527,69.2086326472527,-23.971822647252704,,-1,看空状态,2020-03-11
2020-03-11,-74.6503,22.4339025,46.51228057434361,68.94618307434361,-24.078378074343615,看空触发,-1,看空状态,2020-03-12
2020-03-12,-83.8038,21.810261666666666,47.30798479539907,69.11824646206574,-25.497723128732407,看空触发,-1,看空状态,2020-03-13
2020-03-13,-147.263,20.697490000000002,48.20768267235753,68.90517267235754,-27.510192672357526,看空触发,-1,看空状态,2020-03-16
2020-03-16,-98.0748,18.70502916666667,50.144989490948056,68.85001865761473,-31.439960324281387,看空触发,-1,看空状态,2020-03-17
2020-03-17,-82.3803,17.1774125,50.8877967941293,68.0652092941293,-33.7103842941293,看空触发,-1,看空状态,2020-03-18
2020-03-18,-71.9123,16.25878833333333,51.682209850352045,67.94099818368538,-35.42342151701871,看空触发,-1,看空状态,2020-03-19
2020-03-19,-102.2035,15.461290833333333,52.299733079290554,67.76102391262388,-36.838442245957225,看空触发,-1,看空状态,2020-03-20
2020-03-20,16.866300000000003,14.406926666666665,53.38376269474039,67.79068936140706,-38.97683602807373,,-1,看空状态,2020-03-23
2020-03-23,-79.9926,14.272855833333331,53.35698517176355,67.62984100509688,-39.084129338430216,看空触发,-1,看空状态,2020-03-24
2020-03-24,39.8714,13.530422499999997,54.044973706967404,67.5753962069674,-40.51455120696741,,-1,看空状态,2020-03-25
2020-03-25,25.0386,13.9058675,54.07037276025381,67.9762402602538,-40.16450526025381,,-1,看空状态,2020-03-26
2020-03-26,-13.5751,13.787741666666665,54.03008786296383,67.8178295296305,-40.24234619629716,,-1,看空状态,2020-03-27
2020-03-27,34.1373,13.450234166666664,54.07380919895156,67.52404336561823,-40.62357503228489,,-1,看空状态,2020-03-30
2020-03-30,-1.25690000000002,12.496183333333333,52.66033448057724,65.15651781391057,-40.164151147243906,,-1,看空状态,2020-03-31
2020-03-31,16.4985,12.613321666666666,52.613567500667116,65.22688916733378,-40.00024583400045,,-1,看空状态,2020-04-01
2020-04-01,42.35,12.521499166666665,52.59695073671492,65.11844990338159,-40.07545157004826,,-1,看空状态,2020-04-02
2020-04-02,43.3176,12.833335833333333,52.66244986477681,65.49578569811014,-39.82911403144348,,-1,看空状态,2020-04-03
2020-04-03,-19.4318,12.98619333333333,52.724571731933025,65.71076506526636,-39.73837839859969,,-1,看空状态,2020-04-07
2020-04-07,126.7376,12.79772,52.80027179479412,65.59799179479413,-40.00255179479412,看多触发,1,看多状态,2020-04-08
2020-04-08,-34.527,13.9067975,53.7832847976077,67.6900822976077,-39.876487297607696,,1,看多状态,2020-04-09
2020-04-14,142.2898,13.473743333333333,53.96351191414143,67.43725524747477,-40.4897685808081,看多触发,1,看多状态,2020-04-15
2020-04-15,33.5439,14.844230833333333,55.12651742797444,69.97074826130778,-40.28228659464111,,1,看多状态,2020-04-16
2020-04-16,38.1451,15.1124025,55.13865868669312,70.25106118669312,-40.02625618669312,,1,看多状态,2020-04-17
2020-04-17,86.23629999999999,15.119766666666665,55.14170063233545,70.26146729900212,-40.02193396566879,看多触发,1,看多状态,2020-04-20
2020-04-20,0.49929999999999,15.613266666666666,55.51281625240394,71.1260829190706,-39.89954958573727,,1,看多状态,2020-04-21
2020-04-21,-27.5252,15.31149,55.49558128120098,70.80707128120098,-40.18409128120098,,1,看多状态,2020-04-22
2020-04-22,11.7806,14.854078333333332,55.621469209572815,70.47554754290614,-40.76739087623948,,1,看多状态,2020-04-23
2020-04-23,6.91050000000001,14.807350833333333,55.621678003604266,70.4290288369376,-40.814327170270936,,1,看多状态,2020-04-24
2020-04-24,32.4975,14.968562499999999,55.57006765835173,70.53863015835174,-40.601505158351735,,1,看多状态,2020-04-27
2020-04-27,39.3859,14.996477499999997,55.57809103186972,70.57456853186972,-40.58161353186972,,1,看多状态,2020-04-28
2020-04-28,10.3669,15.300122499999997,55.61124109965182,70.91136359965182,-40.31111859965182,,1,看多状态,2020-04-29
2020-05-06,11.4035,15.536894166666665,55.52849762482593,71.0653917914926,-39.99160345815927,,1,看多状态,2020-05-07
2020-05-07,-31.4842,15.585221666666666,55.52230364443707,71.10752531110374,-39.937081977770404,,1,看多状态,2020-05-08
2020-05-08,48.6505,15.194714166666666,55.6883287772272,70.88304294389387,-40.493614610560535,,1,看多状态,2020-05-11
2020-05-11,26.4756,15.363493333333334,55.75932498142489,71.12281831475822,-40.39583164809156,,1,看多状态,2020-05-12
2020-05-12,17.4994,15.382154166666668,55.76269398331456,71.14484814998123,-40.3805398166479,,1,看多状态,2020-05-13
2020-05-13,-2.04639999999999,15.286354999999999,55.748983522084835,71.03533852208483,-40.462628522084835,,1,看多状态,2020-05-14
2020-05-14,-13.2481,14.653525,55.50861510421094,70.16214010421093,-40.85509010421094,,1,看多状态,2020-05-15
2020-05-15,11.9438,13.922351666666666,55.29122104427506,69.21357271094173,-41.3688693776084,,1,看多状态,2020-05-18
2020-05-18,34.0387,13.681480833333332,55.235867164287406,68.91734799762074,-41.554386330954074,,1,看多状态,2020-05-19
2020-05-19,36.9905,13.531763333333334,55.15540849670569,68.68717183003902,-41.62364516337236,,1,看多状态,2020-05-20
2020-05-20,20.3856,13.774094999999999,55.194373137791445,68.96846813779145,-41.42027813779144,,1,看多状态,2020-05-21
2020-05-21,21.3103,13.768175000000001,55.19361930321086,68.96179430321087,-41.42544430321086,,1,看多状态,2020-05-22
2020-05-22,-33.2551,13.83185,55.197911689833454,69.02976168983345,-41.36606168983346,,1,看多状态,2020-05-25
2020-05-25,21.4531,13.498894166666666,55.36155674445149,68.86045091111816,-41.862662577784825,,1,看多状态,2020-05-26
2020-05-26,38.8548,13.678570833333334,55.35201171530101,69.03058254863434,-41.67344088196768,,1,看多状态,2020-05-27
2020-05-27,12.8847,14.149280833333334,55.3236908560748,69.47297168940813,-41.17441002274146,,1,看多状态,2020-05-28
2020-05-28,28.1829,14.155734999999998,55.32349615099825,69.47923115099825,-41.16776115099825,,1,看多状态,2020-05-29
2020-05-29,51.0717,14.250235,55.33780803758685,69.58804303758686,-41.08757303758685,,1,看多状态,2020-06-01
2020-06-01,104.8564,14.554245,55.43980767008582,69.99405267008582,-40.88556267008582,看多触发,1,看多状态,2020-06-02
2020-06-02,19.2868,15.217685833333332,56.04188868822806,71.25957452156139,-40.82420285489473,,1,看多状态,2020-06-03
2020-06-03,44.142,15.362585833333332,56.02964001691355,71.39222585024687,-40.66705418358021,,1,看多状态,2020-06-04
2020-06-04,28.8347,15.678008333333333,56.084657961567146,71.76266629490048,-40.406649628233815,,1,看多状态,2020-06-05
2020-06-05,43.3946,15.8395675,56.09448231266218,71.93404981266218,-40.25491481266218,,1,看多状态,2020-06-08
2020-06-08,6.1424,15.731489166666666,56.02820201032282,71.75969117698949,-40.29671284365615,,1,看多状态,2020-06-09
2020-06-09,46.285,13.99683,52.96746959325634,66.96429959325634,-38.97063959325634,,1,看多状态,2020-06-10
2020-06-10,4.2241,14.1807325,53.041509758826194,67.2222422588262,-38.8607772588262,,1,看多状态,2020-06-11
2020-06-11,1.4518,14.071099166666666,53.0484371485226,67.11953631518926,-38.97733798185594,,1,看多状态,2020-06-12
2020-06-12,-8.95009999999998,14.02728083333333,53.0567395594744,67.08402039280773,-39.02945872614107,,1,看多状态,2020-06-15
2020-06-15,-40.7018,13.726825833333333,53.08414198415913,66.81096781749247,-39.357316150825795,看空触发,-1,看空状态,2020-06-16
2020-06-16,39.7039,13.099594166666666,53.280154067367334,66.379748234034,-40.18055990070067,,-1,看空状态,2020-06-17
2020-06-17,-27.2142,13.100663333333333,53.280691107516695,66.38135444085003,-40.18002777418336,,-1,看空状态,2020-06-18
2020-06-18,49.5657,12.368498333333331,53.22549561838782,65.59399395172115,-40.85699728505449,,-1,看空状态,2020-06-19
2020-06-19,182.3336,12.418063333333333,53.25760012671079,65.67566346004412,-40.83953679337746,看多触发,1,看多状态,2020-06-22
2020-06-22,21.8237,13.654945,55.43973639752173,69.09468139752173,-41.78479139752173,,1,看多状态,2020-06-23
2020-06-23,7.5247999999999795,13.590583333333333,55.42561304014161,69.01619637347494,-41.83502970680828,,1,看多状态,2020-06-24
2020-06-24,18.5582,13.455961666666667,55.420521172043024,68.87648283870969,-41.96455950537636,,1,看多状态,2020-06-29
2020-06-29,-14.469,13.067132499999998,55.217619780827434,68.28475228082743,-42.150487280827434,,1,看多状态,2020-06-30
2020-07-02,171.1509,12.507341666666665,55.15285721267097,67.66019887933764,-42.645515546004304,看多触发,1,看多状态,2020-07-03
2020-07-03,131.9388,13.875265,57.01920541613591,70.89447041613592,-43.14394041613591,看多触发,1,看多状态,2020-07-06
2020-07-06,136.5222,14.2408775,57.63623837231948,71.87711587231948,-43.395360872319486,看多触发,1,看多状态,2020-07-07
2020-07-07,98.4385,15.004970833333333,58.64415453506143,73.64912536839476,-43.6391837017281,看多触发,1,看多状态,2020-07-08
2020-07-08,11.5329,15.530594166666667,59.108986990634854,74.63958115730152,-43.57839282396819,,1,看多状态,2020-07-09
2020-07-09,79.5141,15.317091666666666,59.07649103027373,74.3935826969404,-43.75939936360706,看多触发,1,看多状态,2020-07-10
2020-07-10,-43.9312,15.833946666666666,59.366278974774424,75.2002256414411,-43.532332308107755,看空触发,-1,看空状态,2020-07-13
2020-07-13,68.5035000000001,15.077778333333333,59.54604590723962,74.62382424057296,-44.46826757390629,,-1,看空状态,2020-07-14
2020-07-14,-173.84150000000002,15.279643333333333,59.686768093516314,74.96641142684965,-44.40712476018298,看空触发,-1,看空状态,2020-07-15
2020-07-15,-27.0562,13.844484999999999,62.1175821090513,75.9620671090513,-48.2730971090513,,-1,看空状态,2020-07-16
2020-07-16,-69.2036,12.773429166666666,61.70065817572542,74.4740873423921,-48.927229009058756,看空触发,-1,看空状态,2020-07-17
2020-07-17,10.4342,11.916661666666666,62.121297865261695,74.03795953192837,-50.204636198595026,,-1,看空状态,2020-07-20
2020-07-20,-58.9896,11.640679166666667,62.053099986925524,73.69377915359219,-50.41242082025886,看空触发,-1,看空状态,2020-07-21
2020-07-21,-30.1124,10.773519166666667,62.30858328396394,73.0821024506306,-51.535064117297274,,-1,看空状态,2020-07-22
2020-07-22,41.7026,10.404003333333332,62.4193002432619,72.82330357659524,-52.015296909928566,,-1,看空状态,2020-07-23
2020-07-23,-36.536100000000005,10.122309999999999,62.198918644721395,72.3212286447214,-52.0766086447214,,-1,看空状态,2020-07-24
2020-07-24,-163.57389999999998,9.5713225,62.317824165777125,71.88914666577713,-52.746501665777124,看空触发,-1,看空状态,2020-07-27
2020-07-27,-15.1432,7.565667500000001,63.97699340963119,71.5426609096312,-56.41132590963119,,-1,看空状态,2020-07-28
2020-07-28,-22.328000000000003,7.153810833333334,63.96265519990668,71.11646603324002,-56.80884436657335,,-1,看空状态,2020-07-29
2020-07-29,77.3135,6.8807325,64.01842895648878,70.89916145648877,-57.137696456488776,看多触发,1,看多状态,2020-07-30
2020-07-30,-63.3808,7.20447,64.27719529400085,71.48166529400085,-57.07272529400085,看空触发,-1,看空状态,2020-07-31
2020-07-31,-19.0316,6.382850833333333,64.54573975627832,70.92859058961166,-58.16288892294499,,-1,看空状态,2020-08-03
2020-08-03,-1.95279999999999,5.874837499999999,64.50349968703743,70.37833718703743,-58.628662187037435,,-1,看空状态,2020-08-04
2020-08-04,21.3665,6.452565833333333,64.11595292034276,70.5685187536761,-57.66338708700943,,-1,看空状态,2020-08-05
2020-08-05,-19.8107,6.694279166666666,64.11705643581715,70.81133560248381,-57.42277726915048,,-1,看空状态,2020-08-06
2020-08-06,-25.4751000000001,7.50934,63.137697089815326,70.64703708981533,-55.628357089815324,,-1,看空状态,2020-08-07
2020-08-07,-18.6227,5.781264999999999,61.13063129316964,66.91189629316965,-55.349366293169645,,-1,看空状态,2020-08-10
2020-08-10,0.07369999999999,5.216061666666666,61.039277928166555,66.25533959483322,-55.82321626149989,,-1,看空状态,2020-08-11
2020-08-11,39.4822,5.242354166666666,61.03635324022363,66.2787074068903,-55.79399907355697,,-1,看空状态,2020-08-12
2020-08-12,-16.3774,4.691542499999999,60.41838237504169,65.10992487504168,-55.72683987504169,,-1,看空状态,2020-08-13
2020-08-13,-20.8217,4.830004166666666,60.3502954120044,65.18029957867107,-55.52029124533773,,-1,看空状态,2020-08-14
2020-08-14,64.2907,4.9291849999999995,60.297817730433195,65.2270027304332,-55.3686327304332,,-1,看空状态,2020-08-17
2020-08-17,57.1343,5.377980833333331,60.539083499291316,65.91706433262465,-55.16110266595798,,-1,看空状态,2020-08-18
2020-08-18,-20.3772,5.730340833333332,60.71747306827102,66.44781390160435,-54.98713223493769,,-1,看空状态,2020-08-19
2020-08-19,-61.3363,5.4945974999999985,60.76383183276667,66.25842933276667,-55.26923433276667,看空触发,-1,看空状态,2020-08-20
2020-08-20,-28.3248,4.623232499999999,60.9675786216239,65.5908111216239,-56.3443461216239,,-1,看空状态,2020-08-21
2020-08-21,11.2679,3.940326666666665,60.872989118340776,64.81331578500745,-56.93266245167411,,-1,看空状态,2020-08-24
2020-08-24,19.4732,4.4834316666666645,60.64286045364004,65.1262921203067,-56.15942878697338,,-1,看空状态,2020-08-25
2020-08-25,17.3802,4.3336549999999985,60.58292949957571,64.9165844995757,-56.24927449957571,,-1,看空状态,2020-08-26
2020-08-26,-11.7728,4.153663333333332,60.51117551977371,64.66483885310704,-56.357512186440374,,-1,看空状态,2020-08-27
2020-08-27,-10.0498,4.148896666666666,60.51241772242091,64.66131438908758,-56.36352105575425,,-1,看空状态,2020-08-28
2020-08-28,64.42779999999999,4.790576666666666,59.94277871038741,64.73335537705407,-55.15220204372074,,-1,看空状态,2020-08-31
2020-08-31,-80.2601999999999,5.730086666666665,59.98696736662213,65.7170540332888,-54.25688069995547,看空触发,-1,看空状态,2020-09-01
2020-09-01,-2.99930000000004,5.621825833333333,60.13136774960497,65.75319358293831,-54.50954191627164,,-1,看空状态,2020-09-02
2020-09-02,-66.1426,5.925206666666666,59.99396671904043,65.9191733857071,-54.06876005237376,看空触发,-1,看空状态,2020-09-03
2020-09-03,-10.0382,5.802084999999999,60.12754561314036,65.92963061314036,-54.325460613140365,,-1,看空状态,2020-09-04
2020-09-04,-63.1761,5.3724324999999995,60.05433625879339,65.42676875879339,-54.68190375879339,看空触发,-1,看空状态,2020-09-07
2020-09-07,-54.6539,4.8059408333333336,60.37949597145378,65.18543680478712,-55.57355513812045,,-1,看空状态,2020-09-08
2020-09-08,63.5066,4.415527499999999,60.61273296547953,65.02826046547953,-56.197205465479534,,-1,看空状态,2020-09-09
2020-09-09,-37.5816,4.543864166666666,60.72222246693127,65.26608663359794,-56.178358300264605,,-1,看空状态,2020-09-10
2020-09-10,9.988699999999987,4.484193333333334,60.76037702959006,65.2445703629234,-56.27618369625672,,-1,看空状态,2020-09-11
2020-09-11,12.9093,5.760673333333333,59.22144850160302,64.98212183493635,-53.46077516826969,,-1,看空状态,2020-09-14
2020-09-14,-31.4333,5.610261666666665,59.179818771375096,64.79008043804176,-53.56955710470843,,-1,看空状态,2020-09-15
2020-09-15,33.2117,5.9704033333333335,58.817676306626375,64.7880796399597,-52.847272973293045,,-1,看空状态,2020-09-16
2020-09-16,7.420099999999979,6.945532499999999,58.28438984985118,65.22992234985118,-51.33885734985118,,-1,看空状态,2020-09-17
2020-09-17,4.39010000000002,8.234558333333332,56.529304152414866,64.7638624857482,-48.294745819081534,,-1,看空状态,2020-09-18
2020-09-18,94.7356,9.0884325,55.677455962050516,64.76588846205051,-46.58902346205052,看多触发,1,看多状态,2020-09-21
2020-09-21,-64.9577,10.564398333333333,55.579831633531946,66.14422996686528,-45.01543330019861,看空触发,-1,看空状态,2020-09-22
2020-09-22,-20.0179,10.622353333333333,55.49667133328304,66.11902466661637,-44.87431799994971,,-1,看空状态,2020-09-23
2020-09-23,-27.5282,11.307233333333333,54.592350837828526,65.89958417116186,-43.28511750449519,,-1,看空状态,2020-09-24
2020-09-24,-121.6786,10.937279166666666,54.70467014612754,65.64194931279421,-43.76739097946087,看空触发,-1,看空状态,2020-09-25
2020-09-25,-12.9201,10.589895833333333,55.41469019352267,66.004586026856,-44.82479436018933,,-1,看空状态,2020-09-28
2020-09-28,-10.7894,10.149966666666666,55.38982157182437,65.53978823849104,-45.239854905157706,,-1,看空状态,2020-09-29
2020-09-29,-0.93939999999999,9.8514,55.40545253820261,65.25685253820261,-45.55405253820261,,-1,看空状态,2020-09-30
2020-09-30,-29.0391,9.956697499999999,55.37255382228112,65.32925132228112,-45.41585632228112,,-1,看空状态,2020-10-09
2020-10-09,112.6684,9.430227499999999,55.44100934193565,64.87123684193564,-46.010781841935646,看多触发,1,看多状态,2020-10-12
2020-10-12,135.0999,10.379605,56.22633612088701,66.60594112088701,-45.846731120887014,看多触发,1,看多状态,2020-10-13
2020-10-14,-15.5468,11.36795,57.365641047646214,68.73359104764621,-45.997691047646214,,1,看多状态,2020-10-15
2020-10-15,-3.33139999999996,10.885476666666667,57.346344102397154,68.23182076906382,-46.460867435730485,,1,看多状态,2020-10-16
2020-10-16,-5.02889999999999,10.496735,57.282722195683384,67.77945719568338,-46.78598719568338,,1,看多状态,2020-10-19
2020-10-19,-32.4304,10.616759166666666,57.23455504365896,67.85131421032563,-46.61779587699229,,1,看多状态,2020-10-20
2020-10-20,-11.1252,9.290359166666667,56.35850195983942,65.64886112650609,-47.068142793172754,,1,看多状态,2020-10-21
2020-10-21,-69.22399999999999,9.485374166666668,56.24598426938746,65.73135843605414,-46.7606101027208,看空触发,-1,看空状态,2020-10-22
2020-10-22,-27.4781,7.722759166666666,55.356371156750754,63.07913032341742,-47.63361199008409,,-1,看空状态,2020-10-23
2020-10-27,-46.3691,7.2142425,55.39744480028946,62.61168730028946,-48.183202300289466,,-1,看空状态,2020-10-28
2020-10-28,1.8637000000000297,6.5099575000000005,55.53795617248244,62.04791367248244,-49.02799867248244,,-1,看空状态,2020-10-29
2020-10-29,17.8639,5.806852500000001,55.05209601071455,60.85894851071455,-49.24524351071455,,-1,看空状态,2020-10-30
2020-10-30,-56.7344,5.951557500000001,55.06084863848382,61.01240613848382,-49.10929113848382,看空触发,-1,看空状态,2020-11-02
2020-11-02,30.8047,5.7081475,55.274234233784306,60.98238173378431,-49.5660867337843,,-1,看空状态,2020-11-03
2020-11-03,31.213800000000003,5.8666816666666675,55.31906092884021,61.18574259550687,-49.452379262173544,,-1,看空状态,2020-11-04
2020-11-04,2.35970000000001,6.069209166666667,55.36738160187726,61.43659076854393,-49.298172435210596,,-1,看空状态,2020-11-05
2020-11-05,109.9714,5.818060833333334,55.314822678912606,61.13288351224594,-49.49676184557927,看多触发,1,看多状态,2020-11-06
2020-11-06,39.8098,6.406273333333334,56.0452564962388,62.45152982957213,-49.63898316290547,,1,看多状态,2020-11-09
2020-11-09,196.9918,6.651630833333334,56.12712965438789,62.77876048772123,-49.47549882105456,看多触发,1,看多状态,2020-11-10
2020-11-10,-41.0979,8.198200000000002,58.75458729818034,66.95278729818034,-50.55638729818034,,1,看多状态,2020-11-11
2020-11-11,-9.29809999999998,8.118085833333334,58.8156730607322,66.93375889406553,-50.69758722739887,,1,看多状态,2020-11-12
2020-11-12,-5.06800000000003,7.635180833333334,58.71789754603449,66.35307837936783,-51.082716712701156,,1,看多状态,2020-11-13
2020-11-13,-49.3973,7.372317499999999,58.70344966657906,66.07576716657906,-51.33113216657906,,1,看多状态,2020-11-16
2020-11-16,25.8949,6.814845000000001,58.923696844478236,65.73854184447823,-52.10885184447824,,1,看多状态,2020-11-17
2020-11-17,0.53330000000002,7.047689166666667,58.94358966833636,65.99127883500303,-51.89590050166969,,1,看多状态,2020-11-18
2020-11-18,-0.1418,7.162534166666668,58.917133108921455,66.07966727558812,-51.75459894225479,,1,看多状态,2020-11-19
2020-11-19,4.384799999999959,7.061820833333334,58.91922086495995,65.98104169829328,-51.85740003162661,,1,看多状态,2020-11-20
2020-11-20,24.433200000000003,6.814705000000001,58.86728859919558,65.68199359919558,-52.05258359919558,,1,看多状态,2020-11-23
2020-11-23,100.5118,6.710060833333333,58.824341920948456,65.53440275428179,-52.114281087615126,看多触发,1,看多状态,2020-11-24
2020-11-24,-1.375,7.3777791666666666,59.432492970077405,66.81027213674408,-52.054713803410735,,1,看多状态,2020-11-25
2020-11-25,-15.6883,7.188735,59.423882018147076,66.61261701814708,-52.235147018147075,,1,看多状态,2020-11-26
2020-11-26,60.28939999999999,7.335125000000001,59.34499731669634,66.68012231669634,-52.009872316696345,,1,看多状态,2020-11-27
2020-11-27,24.7648,7.658760833333334,59.52824943961698,67.18701027295032,-51.869488606283646,,1,看多状态,2020-11-30
2020-11-30,49.3945,7.541344166666666,59.480076079159936,67.0214202458266,-51.93873191249327,,1,看多状态,2020-12-01
2020-12-01,162.9281,7.8455924999999995,59.600891211498684,67.44648371149869,-51.75529871149868,看多触发,1,看多状态,2020-12-02
2020-12-02,-40.2484,8.968469166666667,61.23418043462299,70.20264960128966,-52.26571126795633,,1,看多状态,2020-12-03
2020-12-03,35.9442000000001,8.207468333333333,61.27397360075248,69.48144193408581,-53.066505267419146,,1,看多状态,2020-12-04
2020-12-04,37.3851,7.633200000000001,60.68060875976745,68.31380875976745,-53.04740875976745,,1,看多状态,2020-12-07
2020-12-07,-11.6012,7.784019166666668,60.732285991274296,68.51630515794096,-52.94826682460763,,1,看多状态,2020-12-08
2020-12-08,66.7565,7.319492500000001,60.66500151121727,67.98449401121727,-53.34550901121727,,1,看多状态,2020-12-09
2020-12-09,38.899,7.635507500000001,60.87642231310126,68.51192981310126,-53.240914813101256,,1,看多状态,2020-12-10
2020-12-10,15.2161,7.598044166666668,60.85561099022488,68.45365515689156,-53.257566823558214,,1,看多状态,2020-12-11
2020-12-11,-39.6782,7.673658333333334,60.85942412433325,68.53308245766658,-53.185765790999916,,1,看多状态,2020-12-14
2020-12-14,2.2282,6.957298333333335,60.90702745734473,67.86432579067807,-53.9497291240114,,1,看多状态,2020-12-15
2020-12-15,-3.50110000000001,6.940665833333335,60.908052623371105,67.84871845670445,-53.96738679003777,,1,看多状态,2020-12-16
2020-12-16,19.1542,6.899391666666668,60.91348131122843,67.8128729778951,-54.014089644561764,,1,看多状态,2020-12-17
2020-12-17,80.578,7.133594166666668,60.90605828022227,68.03965244688894,-53.7724641135556,看多触发,1,看多状态,2020-12-18
2020-12-18,-13.6241,8.144259166666668,61.111517217399545,69.25577638406621,-52.96725805073288,,1,看多状态,2020-12-21
2020-12-21,78.6074,7.699859166666668,61.07397625011612,68.77383541678279,-53.37411708344945,看多触发,1,看多状态,2020-12-22
2020-12-22,-35.8569,8.581705833333334,61.32906201158543,69.91076784491877,-52.74735617825209,,1,看多状态,2020-12-23
2020-12-23,43.3861,7.869850833333334,61.345111454533,69.21496228786633,-53.475260621199666,,1,看多状态,2020-12-24
2020-12-28,-4.08140000000003,6.7119550000000014,59.301708187110584,66.01366318711058,-52.58975318711058,,1,看多状态,2020-12-29
2020-12-29,44.712,6.496079166666669,59.29338521252595,65.78946437919262,-52.79730604585928,,1,看多状态,2020-12-30
2020-12-30,64.4008,6.805972500000001,59.395896665176544,66.20186916517655,-52.58992416517654,,1,看多状态,2020-12-31
2020-12-31,30.7843,7.187994166666668,59.61912506692037,66.80711923358703,-52.4311309002537,,1,看多状态,2021-01-04
2021-01-04,-5.4191000000000304,7.565105000000002,59.624107097846235,67.18921209784624,-52.05900209784623,,1,看多状态,2021-01-05
2021-01-05,-44.4437000000001,6.0936883333333345,57.700875481721894,63.79456381505523,-51.60718714838856,,1,看多状态,2021-01-06
2021-01-06,2.35919999999998,4.623834166666667,56.70618003669323,61.3300142033599,-52.082345870026565,,1,看多状态,2021-01-07
2021-01-07,32.630700000000004,3.5058091666666664,55.39114267531991,58.89695184198658,-51.88533350865325,,1,看多状态,2021-01-08
2021-01-08,206.1462,2.9574108333333338,54.76559816390566,57.72300899723899,-51.80818733057232,看多触发,1,看多状态,2021-01-11
2021-01-11,8.935800000000091,4.579188333333334,57.818154798000755,62.39734313133409,-53.23896646466742,,1,看多状态,2021-01-12
2021-01-12,84.4484,3.991035833333334,57.40699252933823,61.39802836267157,-53.4159566960049,看多触发,1,看多状态,2021-01-13
2021-01-13,27.1215,5.0608658333333345,57.70189069432429,62.76275652765763,-52.64102486099095,,1,看多状态,2021-01-14
2021-01-14,51.0704,4.716015833333333,57.442620822021354,62.158636655354684,-52.726604988688024,,1,看多状态,2021-01-15
2021-01-15,8.013399999999969,6.590281666666667,55.192809902159944,61.78309156882661,-48.602528235493274,,1,看多状态,2021-01-18
2021-01-18,16.3659,6.882528333333332,55.10593282630137,61.9884611596347,-48.22340449296804,,1,看多状态,2021-01-19
2021-01-19,9.18460000000003,7.5956075,54.664969938880276,62.260577438880276,-47.069362438880276,,1,看多状态,2021-01-20
2021-01-20,33.9425,7.585194166666667,54.66454367967206,62.249737846338725,-47.07934951300539,,1,看多状态,2021-01-21
2021-01-21,56.7791,8.359628333333333,54.37094831871925,62.730576652052584,-46.01131998538592,,1,看多状态,2021-01-22
2021-01-22,-20.1978,9.083724166666666,54.43284606884854,63.5165702355152,-45.34912190218188,,1,看多状态,2021-01-25
2021-01-25,19.31,8.567887500000001,54.41443202565892,62.98231952565892,-45.84654452565891,,1,看多状态,2021-01-26
2021-01-26,-35.412,9.033271666666668,54.26404109120297,63.29731275786963,-45.230769424536305,,1,看多状态,2021-01-27
2021-01-27,-12.5473,10.1012875,52.05451409114106,62.155801591141056,-41.95322659114106,,1,看多状态,2021-01-28
2021-01-28,-64.0457,10.12292,52.04447340636162,62.16739340636162,-41.92155340636162,看空触发,-1,看空状态,2021-01-29
2021-01-29,25.3283,9.775272500000002,52.40117206135624,62.17644456135624,-42.62589956135624,,-1,看空状态,2021-02-01
2021-02-01,34.592,9.3420625,52.051850454852215,61.39391295485221,-42.70978795485222,,-1,看空状态,2021-02-02
2021-02-02,32.8087,10.1585025,51.668544212030014,61.82704671203001,-41.51004171203002,,-1,看空状态,2021-02-03
2021-02-03,34.2298999999999,10.590505,51.63914474110134,62.22964974110134,-41.04863974110134,,-1,看空状态,2021-02-04
2021-02-04,67.7057,10.892027500000001,51.67091469941071,62.56294219941071,-40.778887199410704,看多触发,1,看多状态,2021-02-05
2021-02-05,83.92530000000001,11.2781875,51.92239782746662,63.20058532746662,-40.64421032746662,看多触发,1,看多状态,2021-02-08
2021-02-08,79.297,12.142654166666665,52.26288750692018,64.40554167358684,-40.12023334025351,看多触发,1,看多状态,2021-02-09
2021-02-09,26.2361,13.015755,52.50376969136768,65.51952469136768,-39.48801469136768,,1,看多状态,2021-02-10
2021-02-10,-17.8018,13.389578333333334,52.43626546753895,65.82584380087229,-39.04668713420562,,1,看多状态,2021-02-18
2021-02-18,50.73479999999999,13.240615833333333,52.49976367238207,65.74037950571541,-39.25914783904874,,1,看多状态,2021-02-19
2021-02-19,95.5262000000001,13.3343875,52.55704663951829,65.8914341395183,-39.22265913951829,看多触发,1,看多状态,2021-02-22
2021-02-22,-11.1395,14.266917500000002,53.01619264977063,67.28311014977064,-38.749275149770625,,1,看多状态,2021-02-23
2021-02-23,6.5076999999999705,14.3476025,52.96969000517291,67.3172925051729,-38.62208750517291,,1,看多状态,2021-02-24
2021-02-24,-6.73239999999998,13.866077500000001,52.774142682931384,66.64022018293139,-38.90806518293138,,1,看多状态,2021-02-25
2021-02-25,-7.324500000000009,13.333855,52.65603248390311,65.98988748390312,-39.32217748390311,,1,看多状态,2021-02-26
2021-02-26,-56.320600000000006,13.442627500000002,52.59926076291733,66.04188826291734,-39.15663326291733,看空触发,-1,看空状态,2021-03-01
2021-03-01,37.8646000000001,13.484425,52.54129995970959,66.02572495970959,-39.05687495970959,,-1,看空状态,2021-03-02
2021-03-02,-67.9062,14.036003333333335,52.446040214880206,66.48204354821354,-38.41003688154687,看空触发,-1,看空状态,2021-03-03
2021-03-03,90.103,13.376219166666667,52.97648863678662,66.35270780345328,-39.600269470119954,看多触发,1,看多状态,2021-03-04
2021-03-04,-73.6914,13.964800833333335,53.43516827039062,67.39996910372395,-39.470367437057284,看空触发,-1,看空状态,2021-03-05
2021-03-05,5.26699999999997,13.205870833333336,54.02968180405063,67.23555263738396,-40.8238109707173,,-1,看空状态,2021-03-08
2021-03-08,-85.88850000000001,13.347869166666667,53.98585618039433,67.33372534706099,-40.63798701372766,看空触发,-1,看空状态,2021-03-09
2021-03-09,24.3104,12.71588,54.7012300909599,67.41711009095991,-41.985350090959905,,-1,看空状态,2021-03-10
2021-03-10,52.25020000000001,12.381568333333336,54.5047698746332,66.88633820796653,-42.12320154129986,,-1,看空状态,2021-03-11
2021-03-11,67.194,13.485821666666668,53.95160516233168,67.43742682899835,-40.465783495665015,,-1,看空状态,2021-03-12
2021-03-12,8.27149999999998,14.070765833333335,54.1515193167842,68.22228515011754,-40.08075348345087,,-1,看空状态,2021-03-15
2021-03-15,36.8698,14.690883333333334,53.64898052191422,68.33986385524756,-38.958097188580886,,-1,看空状态,2021-03-16
2021-03-16,55.7237,15.081783333333334,53.638174717708786,68.71995805104211,-38.55639138437545,,-1,看空状态,2021-03-17
2021-03-17,1.64730000000003,16.072615,53.277382596062004,69.349997596062,-37.204767596062005,,-1,看空状态,2021-03-18
2021-03-18,33.1541,16.54179166666667,52.89584618071043,69.43763784737709,-36.35405451404376,,-1,看空状态,2021-03-19
2021-03-19,-40.3157,16.288854166666667,52.74172784862385,69.03058201529052,-36.452873681957186,看空触发,-1,看空状态,2021-03-22
2021-03-22,71.63119999999999,16.266070000000003,52.7657802550221,69.0318502550221,-36.499710255022094,看多触发,1,看多状态,2021-03-23
2021-03-23,-71.8391,16.779757500000002,53.00367100087523,69.78342850087523,-36.22391350087523,看空触发,-1,看空状态,2021-03-24
2021-03-24,50.0575,16.073520833333333,53.616736431681055,69.6902572650144,-37.54321559834772,,-1,看空状态,2021-03-25
2021-03-25,27.485100000000003,16.752610833333335,53.525965572949794,70.27857640628312,-36.77335473961646,,-1,看空状态,2021-03-26
2021-03-26,64.3014,16.704889166666668,53.51371938252908,70.21860854919575,-36.808830215862415,,-1,看空状态,2021-03-29
2021-03-29,-58.4246,17.1789,53.682440009332964,70.86134000933296,-36.503540009332966,看空触发,-1,看空状态,2021-03-30
2021-03-30,38.0722,16.655444166666665,54.11271884562367,70.76816301229033,-37.457274678957006,,-1,看空状态,2021-03-31
2021-03-31,-79.0316,16.183249166666666,53.671079256966365,69.85432842363304,-37.487830090299695,看空触发,-1,看空状态,2021-04-01
2021-04-07,-28.1583,16.065966666666668,53.864906360691926,69.93087302735859,-37.79893969402526,,-1,看空状态,2021-04-08
2021-04-08,-17.0292,15.99813,53.91583360172292,69.91396360172293,-37.91770360172292,,-1,看空状态,2021-04-09
2021-04-09,-8.07149999999998,16.08562166666667,53.85308999911836,69.93871166578504,-37.76746833245169,,-1,看空状态,2021-04-12
2021-04-12,43.0422,17.0323475,52.38958071817379,69.42192821817379,-35.35723321817379,,-1,看空状态,2021-04-13
2021-04-13,84.7105,17.4987,52.36978867426071,69.8684886742607,-34.87108867426071,看多触发,1,看多状态,2021-04-14
2021-04-14,57.3138,18.294532500000003,52.661116095472856,70.95564859547287,-34.366583595472854,,1,看多状态,2021-04-15
2021-04-15,-9.50110000000001,18.77997583333333,52.75074296432616,71.53071879765949,-33.970767130992826,,1,看多状态,2021-04-16
2021-04-16,71.5256,18.9427925,52.63192621827151,71.57471871827151,-33.689133718271506,,1,看多状态,2021-04-19
2021-04-19,163.1568,18.599935833333333,52.14802745257088,70.7479632859042,-33.548091619237546,看多触发,1,看多状态,2021-04-20
2021-04-20,-4.97479999999996,18.833743333333334,52.73434936167588,71.56809269500921,-33.90060602834255,,1,看多状态,2021-04-21
2021-04-21,-10.5671,18.921843333333335,52.68523737961943,71.60708071295277,-33.763394046286095,,1,看多状态,2021-04-22
2021-04-22,-15.9668,18.86154583333333,52.71505206066837,71.57659789400171,-33.85350622733504,,1,看多状态,2021-04-23
2021-04-23,78.5946,18.77039666666667,52.76613953009452,71.53653619676119,-33.99574286342785,看多触发,1,看多状态,2021-04-26
2021-04-26,32.041,19.695605,52.834153448057805,72.5297584480578,-33.138548448057804,,1,看多状态,2021-04-27
2021-04-27,35.1235,20.05532333333333,52.769456070366225,72.82477940369955,-32.7141327370329,,1,看多状态,2021-04-28
2021-04-28,20.0792,20.924885833333335,52.1419168370635,73.06680267039684,-31.217031003730163,,1,看多状态,2021-04-29
2021-04-29,50.8764,21.321196666666665,51.95131675165784,73.27251341832451,-30.630120084991177,,1,看多状态,2021-04-30
2021-04-30,-16.122,22.131575833333336,51.64410418972165,73.77568002305499,-29.512528356388316,,1,看多状态,2021-05-06
2021-05-06,1.84290000000001,21.981695,51.729448058096196,73.7111430580962,-29.747753058096198,,1,看多状态,2021-05-07
2021-05-07,3.80440000000002,21.848186666666667,51.7608297167028,73.60901638336946,-29.912643050036134,,1,看多状态,2021-05-10
2021-05-10,45.2668,22.352676666666664,51.28128475373584,73.6339614204025,-28.928608087069176,,1,看多状态,2021-05-11
2021-05-11,-47.8075,22.473194166666666,51.31829552102655,73.79148968769321,-28.845101354359883,看空触发,-1,看空状态,2021-05-12
2021-05-12,-4.2811999999999895,21.814683333333335,51.71069071455009,73.52537404788342,-29.896007381216755,,-1,看空状态,2021-05-13
2021-05-13,-56.3952,21.7593425,51.73523414596765,73.49457664596765,-29.975891645967653,看空触发,-1,看空状态,2021-05-14
2021-05-14,90.3354,20.372954166666666,51.58037837112795,71.95333253779461,-31.207424204461283,看多触发,1,看多状态,2021-05-17
2021-05-17,25.7803,20.79400083333333,51.945300555933876,72.73930138926721,-31.151299722600545,,1,看多状态,2021-05-18
2021-05-20,-15.2457,19.367238333333333,49.351620947908934,68.71885928124226,-29.9843826145756,,1,看多状态,2021-05-21
2021-05-21,-5.78310000000005,19.582673333333332,49.141432775293566,68.7241061086269,-29.558759441960234,,1,看多状态,2021-05-24
2021-05-24,18.8623,19.611964999999998,49.12511807141226,68.73708307141226,-29.513153071412262,,1,看多状态,2021-05-25
2021-05-25,217.2333,19.811384166666667,49.07263344232583,68.8840176089925,-29.261249275659164,看多触发,1,看多状态,2021-05-26
2021-05-26,91.0324,22.033305833333333,51.86924556180158,73.9025513951349,-29.835939728468244,看多触发,1,看多状态,2021-05-27
2021-05-27,146.2735,22.576118333333334,52.24943594404238,74.82555427737572,-29.67331761070905,看多触发,1,看多状态,2021-05-28
2021-05-28,-5.26250000000004,23.790619999999997,53.41360556660141,77.20422556660141,-29.622985566601415,,1,看多状态,2021-05-31
2021-05-31,52.108,23.747947500000002,53.43492723911716,77.18287473911715,-29.686979739117156,,1,看多状态,2021-06-01
2021-06-01,11.0267,24.145640833333335,53.46718653931275,77.61282737264608,-29.321545705979414,,1,看多状态,2021-06-02
2021-06-02,-20.1384,24.033920000000002,53.48058553478667,77.51450553478668,-29.446665534786668,,1,看多状态,2021-06-03
2021-06-03,15.2114,23.028501666666667,53.16389865233548,76.19240031900215,-30.135396985668816,,1,看多状态,2021-06-04
2021-06-04,30.6697,23.166721666666668,53.121463629812375,76.28818529647904,-29.954741963145707,,1,看多状态,2021-06-07
2021-06-07,-39.7177,23.553038333333333,53.00496020785859,76.55799854119192,-29.451921874525254,看空触发,-1,看空状态,2021-06-08
2021-06-08,3.0082,22.719645833333335,53.20831519361434,75.92796102694767,-30.488669360281005,,-1,看空状态,2021-06-09
2021-06-09,28.1373,22.538340833333333,53.23834671434421,75.77668754767754,-30.700005881010878,,-1,看空状态,2021-06-10
2021-06-10,68.203,22.3611975,53.18357262261018,75.54477012261017,-30.82237512261018,,-1,看空状态,2021-06-11
2021-06-11,-30.3207,21.571821666666665,51.76370344323028,73.33552510989693,-30.191881776563612,看空触发,-1,看空状态,2021-06-15
2021-06-15,-51.5369,21.6545525,51.67192165183403,73.32647415183403,-30.017369151834032,看空触发,-1,看空状态,2021-06-16
2021-06-16,-4.05169999999998,20.925543333333334,52.08408934183124,73.00963267516457,-31.158546008497904,,-1,看空状态,2021-06-17
2021-06-17,15.9371,20.580236666666668,52.11140042216598,72.69163708883265,-31.53116375549931,,-1,看空状态,2021-06-18
2021-06-18,-10.3981,20.809722500000003,52.02906125738241,72.83878375738242,-31.219338757382406,,-1,看空状态,2021-06-21
2021-06-21,-20.0913,20.1667675,51.93313230664207,72.09989980664207,-31.766364806642073,,-1,看空状态,2021-06-22
2021-06-22,-24.1295,19.675181666666667,52.03342446935335,71.70860613602002,-32.35824280268668,,-1,看空状态,2021-06-23
2021-06-23,81.98479999999999,19.347301666666667,52.18550140501292,71.53280307167958,-32.838199738346255,看多触发,1,看多状态,2021-06-24
2021-06-24,30.9718,20.361159999999998,52.21094556468555,72.57210556468556,-31.849785564685554,,1,看多状态,2021-06-25
2021-06-25,141.0305,20.60069,52.19298820083828,72.79367820083829,-31.59229820083828,看多触发,1,看多状态,2021-06-28
2021-06-28,-40.5531,21.80512,53.28827726124225,75.09339726124225,-31.48315726124225,看空触发,-1,看空状态,2021-06-29
2021-06-29,-31.3922,21.307559166666667,53.59112485579584,74.8986840224625,-32.283565689129176,,-1,看空状态,2021-06-30
2021-07-02,-86.0252,20.37447416666667,53.52521063738617,73.89968480405284,-33.150736470719494,看空触发,-1,看空状态,2021-07-05
2021-07-05,59.1895,19.77113166666667,54.31391310342332,74.08504477008998,-34.54278143675665,,-1,看空状态,2021-07-06
2021-07-06,-0.60160000000004,19.60931583333333,54.16587477316651,73.77519060649983,-34.55655893983318,,-1,看空状态,2021-07-07
2021-07-07,43.7267,19.90311,53.957711345339334,73.86082134533933,-34.054601345339336,,-1,看空状态,2021-07-08
2021-07-08,-17.0106,19.90594833333333,53.95896594339852,73.86491427673185,-34.05301761006518,,-1,看空状态,2021-07-09
2021-07-09,-2.11239999999998,19.798205,54.02013912520682,73.81834412520682,-34.221934125206815,,-1,看空状态,2021-07-12
2021-07-12,16.4204,19.408001666666667,54.00777898334134,73.415780650008,-34.599777316674675,,-1,看空状态,2021-07-13
2021-07-13,25.7879,19.008165,53.84925834040218,72.85742334040218,-34.84109334040218,,-1,看空状态,2021-07-14
2021-07-14,-108.0585,18.966528333333333,53.84200756455765,72.80853589789098,-34.87547923122432,看空触发,-1,看空状态,2021-07-15
2021-07-15,123.9817,18.1112,55.034699536691875,73.14589953669187,-36.92349953669188,看多触发,1,看多状态,2021-07-16
2021-07-16,-41.4444,19.514745,55.571017085217406,75.08576208521741,-36.0562720852174,看空触发,-1,看空状态,2021-07-19
2021-07-19,43.741400000000006,19.149715,55.82792664718957,74.97764164718957,-36.67821164718957,,-1,看空状态,2021-07-20
2021-07-20,30.6383,19.242304166666667,55.85967676731109,75.10198093397776,-36.61737260064443,,-1,看空状态,2021-07-21
2021-07-21,31.1718,17.779738333333334,53.15714974580103,70.93688807913436,-35.377411412467694,,-1,看空状态,2021-07-22
2021-07-22,59.2664000000001,17.965038333333332,53.16481725540277,71.12985558873609,-35.199778922069434,,-1,看空状态,2021-07-23
2021-07-23,-46.5949,17.755188333333333,52.94945410535562,70.70464243868895,-35.19426577202229,看空触发,-1,看空状态,2021-07-26
2021-07-26,-128.0173,17.140885000000004,53.266543961019345,70.40742896101935,-36.12565896101934,看空触发,-1,看空状态,2021-07-27
2021-07-27,-41.718900000000005,15.6484875,54.79480873169271,70.44329623169271,-39.14632123169271,看空触发,-1,看空状态,2021-07-28
2021-07-28,80.5282,15.234051666666668,55.040563220002824,70.2746148866695,-39.80651155333616,看多触发,1,看多状态,2021-07-29
2021-07-29,42.2796000000001,15.768737500000002,55.362359145047506,71.1310966450475,-39.593621645047506,,1,看多状态,2021-07-30
2021-07-30,22.4716,16.044529166666667,55.41169476123707,71.45622392790374,-39.36716559457041,,1,看多状态,2021-08-02
2021-08-02,51.8385999999999,15.948938333333334,55.39044963701132,71.33938797034466,-39.441511303677984,,1,看多状态,2021-08-03
2021-08-03,17.991499999999903,15.907767500000002,55.3616748268297,71.2694423268297,-39.45390732682969,,1,看多状态,2021-08-04
2021-08-04,55.4574,16.22601166666667,55.26205455254482,71.48806621921149,-39.036042885878146,,1,看多状态,2021-08-05
2021-08-05,-19.6531999999999,16.52724,55.37740402857261,71.90464402857262,-38.850164028572614,,1,看多状态,2021-08-06
2021-08-06,-4.74400000000001,16.658563333333333,55.27178367816813,71.93034701150145,-38.613220344834794,,1,看多状态,2021-08-09
2021-08-09,44.6613,16.723590833333336,55.2417162336368,71.96530706697014,-38.51812540030346,,1,看多状态,2021-08-10
2021-08-10,10.4171,17.629482499999998,54.79560023176996,72.42508273176996,-37.16611773176996,,1,看多状态,2021-08-11
2021-08-11,-28.152600000000003,17.5052225,54.79490197190339,72.30012447190339,-37.2896794719034,,1,看多状态,2021-08-12
2021-08-12,-1.7832,16.982350833333335,54.92968339198337,71.9120342253167,-37.94733255865003,,1,看多状态,2021-08-13
2021-08-13,-12.3809,16.694084999999998,54.93669732886027,71.63078232886026,-38.242612328860275,,1,看多状态,2021-08-16
2021-08-16,62.0161,16.30566166666667,54.97643422700772,71.2820958936744,-38.67077256034105,,1,看多状态,2021-08-17
2021-08-17,14.7411,16.258248333333334,54.9341699686134,71.19241830194673,-38.67592163528007,,1,看多状态,2021-08-18
2021-08-18,34.3250000000001,15.681713333333335,54.57993793177857,70.26165126511191,-38.89822459844523,,1,看多状态,2021-08-19
2021-08-19,-107.8313,15.30694666666667,54.2931042223131,69.60005088897977,-38.98615755564643,看空触发,-1,看空状态,2021-08-20
2021-08-20,-108.1602,14.189718333333335,55.433736373206166,69.6234547065395,-41.24401803987283,看空触发,-1,看空状态,2021-08-23
2021-08-23,18.3131,13.436731666666669,56.475844681596705,69.91257634826337,-43.03911301493004,,-1,看空状态,2021-08-24
2021-08-24,53.1504,13.166550833333336,56.37337086746136,69.5399217007947,-43.20682003412803,,-1,看空状态,2021-08-25
2021-08-25,34.1864999999999,12.81341916666667,55.98450478591155,68.79792395257822,-43.17108561924488,,-1,看空状态,2021-08-26
2021-08-26,12.2906,13.191135833333336,55.974443014316776,69.16557884765011,-42.78330718098344,,-1,看空状态,2021-08-27
2021-08-27,62.0304,13.239326666666667,55.971129877226936,69.2104565438936,-42.73180321056027,,-1,看空状态,2021-08-30
2021-08-30,18.8674,13.812350000000002,56.11674613900996,69.92909613900997,-42.30439613900996,,-1,看空状态,2021-08-31
2021-08-31,61.46979999999999,14.030615833333336,56.08477113031819,70.11538696365153,-42.05415529698485,,-1,看空状态,2021-09-01
2021-09-01,76.88,15.0122025,55.87352509023986,70.88572759023987,-40.86132259023986,看多触发,1,看多状态,2021-09-02
2021-09-02,51.369,15.337330833333334,56.12058993915807,71.4579207724914,-40.78325910582474,,1,看多状态,2021-09-03
2021-09-03,70.6805,16.331290833333334,55.68844864445609,72.01973947778941,-39.357157811122754,,1,看多状态,2021-09-06
2021-09-06,33.8064999999999,16.169436666666666,55.50014172363155,71.66957839029821,-39.33070505696489,,1,看多状态,2021-09-07
2021-09-07,60.6861,17.0652525,54.90185435217308,71.96710685217309,-37.83660185217308,,1,看多状态,2021-09-08
2021-09-08,-16.1795,17.527078333333332,55.03470298218065,72.56178131551398,-37.50762464884731,,1,看多状态,2021-09-09
2021-09-09,26.1515000000001,18.107986666666665,54.296901066839716,72.40488773350638,-36.18891440017305,,1,看多状态,2021-09-10
2021-09-10,36.189299999999896,18.123329166666668,54.298928469433385,72.42225763610006,-36.17559930276671,,1,看多状态,2021-09-13
2021-09-13,-38.2436,17.989488333333334,54.233857816342265,72.22334614967559,-36.24436948300893,看空触发,-1,看空状态,2021-09-14
2021-09-14,-41.282700000000006,17.110841666666666,54.28407093864214,71.3949126053088,-37.17322927197547,看空触发,-1,看空状态,2021-09-15
2021-09-15,21.395100000000003,16.69789,54.53976198287642,71.23765198287643,-37.84187198287642,,-1,看空状态,2021-09-16
2021-09-16,-30.1416,16.568934166666665,54.50995230204772,71.07888646871439,-37.94101813538106,,-1,看空状态,2021-09-17
2021-09-23,-43.0912,15.85339,54.55520609967228,70.40859609967228,-38.701816099672286,看空触发,-1,看空状态,2021-09-24
2021-09-24,27.3049,15.480569166666667,54.80539776282826,70.28596692949492,-39.32482859616159,,-1,看空状态,2021-09-27
2021-09-27,14.7705,15.431825833333331,54.79214653035863,70.22397236369196,-39.3603206970253,,-1,看空状态,2021-09-28
2021-09-28,47.8591,15.890877499999998,54.55139451271247,70.44227201271246,-38.660517012712475,,-1,看空状态,2021-09-29
2021-09-29,-2.6682,15.692776666666667,54.39020062622003,70.0829772928867,-38.69742395955336,,-1,看空状态,2021-09-30
2021-09-30,9.70459999999999,16.269200833333333,53.81827508392476,70.08747591725809,-37.54907425059143,,-1,看空状态,2021-10-08
2021-10-08,-25.7175999999999,15.932926666666667,53.731379531278066,69.66430619794474,-37.7984528646114,,-1,看空状态,2021-10-11
2021-10-11,1.87239999999998,15.489570833333334,53.85461305656969,69.34418388990302,-38.36504222323636,,-1,看空状态,2021-10-12
2021-10-12,-13.7851,14.969329166666666,53.68037658895949,68.64970575562616,-38.71104742229282,,-1,看空状态,2021-10-13
2021-10-15,26.9263,15.341325,53.320964038022446,68.66228903802245,-37.97963903802245,,-1,看空状态,2021-10-18
2021-10-18,-80.1845,15.248442500000001,53.29073446636374,68.53917696636374,-38.042291966363734,看空触发,-1,看空状态,2021-10-19
2021-10-19,39.0648,15.238835,53.30797567833351,68.54681067833351,-38.06914067833351,,-1,看空状态,2021-10-20
2021-10-20,40.7945,15.7990275,53.20120359771522,69.00023109771521,-37.40217609771522,,-1,看空状态,2021-10-21
2021-10-21,101.5399,16.28089166666667,53.16321923096141,69.44411089762808,-36.88232756429474,看多触发,1,看多状态,2021-10-22
2021-10-22,131.8158,17.194319999999998,53.68042340411743,70.87474340411742,-36.48610340411743,看多触发,1,看多状态,2021-10-25
2021-10-25,8.94189999999999,17.9341,54.642709063936955,72.57680906393696,-36.708609063936954,,1,看多状态,2021-10-26
2021-10-26,8.4534,17.302694999999996,54.30130569322334,71.60400069322334,-36.99861069322334,,1,看多状态,2021-10-27
2021-10-27,-30.4237,16.895525,54.181822063183105,71.07734706318311,-37.286297063183106,,1,看多状态,2021-10-28
2021-10-28,71.7185,16.721169999999997,54.301012146158484,71.02218214615849,-37.579842146158484,看多触发,1,看多状态,2021-10-29
2021-10-29,47.3798,16.7227775,54.30265101325297,71.02542851325296,-37.57987351325297,,1,看多状态,2021-11-01
2021-11-01,7.111899999999991,15.757969166666667,52.683436908107666,68.44140607477433,-36.925467741441,,1,看多状态,2021-11-02
2021-11-02,23.6503000000001,15.858691666666665,52.65501227481845,68.51370394148512,-36.79632060815179,,1,看多状态,2021-11-03
2021-11-03,7.31459999999996,16.14383666666667,52.60332909364465,68.74716576031132,-36.45949242697799,,1,看多状态,2021-11-04
2021-11-04,12.0539,16.337848333333334,52.526780936145194,68.86462926947853,-36.18893260281186,,1,看多状态,2021-11-05
2021-11-05,-5.989599999999991,15.7833425,52.21433003223262,67.99767253223261,-36.43098753223262,,1,看多状态,2021-11-08
2021-11-08,-10.0252,15.466420833333334,52.230236252629915,67.69665708596325,-36.76381541929658,,1,看多状态,2021-11-09
2021-11-09,-21.1564,15.090181666666666,52.25005706753674,67.34023873420341,-37.15987540087007,,1,看多状态,2021-11-10
2021-11-10,-118.0978,14.746551666666667,52.35246591136701,67.09901757803368,-37.605914244700344,看空触发,-1,看空状态,2021-11-11
2021-11-11,86.0974,13.338433333333333,53.62938661327102,66.96781994660435,-40.29095327993769,看多触发,1,看多状态,2021-11-12
2021-11-12,36.2705,14.190261666666666,53.968252310026614,68.15851397669329,-39.77799064335995,,1,看多状态,2021-11-15
2021-11-15,33.8242,14.477158333333334,53.993564902244394,68.47072323557772,-39.51640656891106,,1,看多状态,2021-11-16
2021-11-16,41.993100000000005,14.727323333333333,54.0132407824584,68.74056411579174,-39.28591744912507,,1,看多状态,2021-11-17
2021-11-17,-2.37870000000003,14.7000425,53.99851110863174,68.69855360863174,-39.29846860863174,,1,看多状态,2021-11-18
2021-11-18,-44.5279,15.078615833333332,53.71510260340936,68.7937184367427,-38.63648677007603,看空触发,-1,看空状态,2021-11-19
2021-11-19,82.9251,14.743226666666667,53.96207767623571,68.70530434290238,-39.21885100956904,看多触发,1,看多状态,2021-11-22
2021-11-22,14.3527,15.904229166666665,53.91739202069075,69.82162118735741,-38.01316285402408,,1,看多状态,2021-11-23
2021-11-23,52.2268,15.27104,53.48033730746194,68.75137730746194,-38.20929730746194,,1,看多状态,2021-11-24
2021-11-24,23.6967,15.491427499999999,53.57841078107751,69.06983828107751,-38.08698328107751,,1,看多状态,2021-11-25
2021-11-25,11.7155,15.815947499999998,53.50856399055917,69.32451149055916,-37.69261649055917,,1,看多状态,2021-11-26
2021-11-26,-44.88890000000001,15.961769166666667,53.47303939866865,69.43480856533532,-37.511270232001976,看空触发,-1,看空状态,2021-11-29
2021-11-29,32.8422,15.430509166666665,53.75989801830288,69.19040718496954,-38.32938885163621,,-1,看空状态,2021-11-30
2021-11-30,-34.1064,13.893916666666666,50.47842838764347,64.37234505431013,-36.584511720976806,,-1,看空状态,2021-12-01
2021-12-01,30.0093,12.851093333333333,50.16307216665735,63.01416549999068,-37.31197883332402,,-1,看空状态,2021-12-02
2021-12-02,30.2125,11.882225,48.664858341300786,60.547083341300784,-36.78263334130079,,-1,看空状态,2021-12-03
2021-12-03,92.2104,12.177850000000001,48.66758399846422,60.845433998464216,-36.48973399846422,看多触发,1,看多状态,2021-12-06
2021-12-06,3.9513999999999903,12.512036666666667,49.08001566902693,61.592052335693595,-36.56797900236026,,1,看多状态,2021-12-07
2021-12-07,79.4946,12.453075833333333,49.08606450825335,61.53914034158669,-36.632988674920014,看多触发,1,看多状态,2021-12-08
2021-12-08,96.8476,13.283350833333333,49.3719551442063,62.655305977539626,-36.08860431087297,看多触发,1,看多状态,2021-12-09
2021-12-09,216.5631,13.9636525,49.95770763783835,63.92136013783835,-35.994055137838345,看多触发,1,看多状态,2021-12-10
2021-12-10,91.4836,15.512764166666667,53.25350883681038,68.76627300347705,-37.74074467014371,看多触发,1,看多状态,2021-12-13
2021-12-13,53.656400000000005,16.606108333333335,53.45650267867383,70.06261101200717,-36.85039434534049,,1,看多状态,2021-12-14
2021-12-14,60.2593,17.028176666666667,53.54810668041185,70.57628334707852,-36.51993001374518,,1,看多状态,2021-12-15
2021-12-15,7.51689999999999,17.29586,53.68422194673645,70.98008194673645,-36.38836194673645,,1,看多状态,2021-12-16
2021-12-16,58.8455,16.790142499999998,53.48610812887521,70.2762506288752,-36.695965628875214,,1,看多状态,2021-12-17
2021-12-17,-65.612,17.533194166666664,53.4454763624855,70.97867052915217,-35.91228219581883,看空触发,-1,看空状态,2021-12-20
2021-12-20,-9.70760000000002,17.415901666666667,53.61351334664229,71.02941501330896,-36.19761167997562,,-1,看空状态,2021-12-21
2021-12-21,-9.97009999999998,17.368769166666667,53.63502623245158,71.00379539911825,-36.26625706578491,,-1,看空状态,2021-12-22
2021-12-22,-17.4491,17.152875833333333,53.692947405890926,70.84582323922426,-36.54007157255759,,-1,看空状态,2021-12-23
2021-12-23,24.9186,17.0941175,53.72719807077934,70.82131557077933,-36.63308057077934,,-1,看空状态,2021-12-24
2021-12-28,12.9255,17.4692,53.62242652286453,71.09162652286453,-36.15322652286453,,-1,看空状态,2021-12-29
2021-12-29,6.61899999999998,17.777991666666665,53.487384958220225,71.2653766248869,-35.70939329155356,,-1,看空状态,2021-12-30
2021-12-30,81.4141,17.149943333333336,53.168656425430825,70.31859975876417,-36.018713092097485,看多触发,1,看多状态,2021-12-31
2021-12-31,45.7302,17.570295833333333,53.47735338382085,71.04764921715417,-35.907057550487515,,1,看多状态,2022-01-04
2022-01-04,4.60160000000003,16.776126666666666,52.32367952921116,69.09980619587783,-35.54755286254449,,1,看多状态,2022-01-05
2022-01-05,30.4631,17.152415833333336,52.069678021521106,69.22209385485445,-34.91726218818777,,1,看多状态,2022-01-06
2022-01-06,-66.3795,17.667876666666665,51.89093471327082,69.55881137993748,-34.22305804660416,看空触发,-1,看空状态,2022-01-07
2022-01-07,93.3463,17.831590833333333,51.59116224892231,69.42275308225564,-33.75957141558898,看多触发,1,看多状态,2022-01-10
2022-01-10,47.5756,18.116230833333336,51.91447288525381,70.03070371858715,-33.79824205192047,,1,看多状态,2022-01-11
2022-01-11,-40.2641,18.517707499999997,51.9547752691133,70.4724827691133,-33.4370677691133,看空触发,-1,看空状态,2022-01-12
2022-01-12,70.1779,17.817784166666666,52.17758643275935,69.99537059942601,-34.359802266092686,看多触发,1,看多状态,2022-01-13
2022-01-13,-5.85459999999999,18.544355,52.29544217114056,70.83979717114056,-33.751087171140554,,1,看多状态,2022-01-14
2022-01-14,2.81970000000001,18.51317,52.30897782179731,70.82214782179732,-33.79580782179731,,1,看多状态,2022-01-17
2022-01-17,17.0662,18.399830833333333,52.32828130958212,70.72811214291545,-33.928450476248784,,1,看多状态,2022-01-18
2022-01-18,23.3508,18.327150000000003,52.32399027662398,70.65114027662398,-33.99684027662398,,1,看多状态,2022-01-19
2022-01-19,38.212,19.4222275,51.015419997365136,70.43764749736513,-31.593192497365134,,1,看多状态,2022-01-20
2022-01-20,125.7647,18.707479999999997,50.131362297105355,68.83884229710534,-31.423882297105358,看多触发,1,看多状态,2022-01-21
2022-01-21,87.57809999999999,20.100889166666665,50.76517646157249,70.86606562823916,-30.664287294905822,看多触发,1,看多状态,2022-01-24
2022-01-24,34.5233,20.466195000000003,51.09338626039674,71.55958126039674,-30.62719126039674,,1,看多状态,2022-01-25
2022-01-25,-35.7358,20.498569999999997,51.10111618203351,71.59968618203351,-30.60254618203351,看空触发,-1,看空状态,2022-01-26
2022-01-26,11.3936,19.94100666666667,51.34809908169262,71.28910574835929,-31.407092415025947,,-1,看空状态,2022-01-27
2022-01-27,-146.2353,19.542066666666663,51.225823931853014,70.76789059851967,-31.68375726518635,看空触发,-1,看空状态,2022-01-28
2022-01-28,-124.6586,18.71173,53.08083429173055,71.79256429173054,-34.36910429173055,看空触发,-1,看空状态,2022-02-07
2022-02-07,55.517,18.739719166666664,53.00364428536305,71.74336345202971,-34.26392511869639,,-1,看空状态,2022-02-08
2022-02-08,-8.1718,19.550018333333337,52.814524372713706,72.36454270604705,-33.264506039380365,,-1,看空状态,2022-02-09
2022-02-09,4.84289999999997,18.810851666666668,52.57408543582522,71.38493710249189,-33.763233769158546,,-1,看空状态,2022-02-10
2022-02-10,45.2049,18.49887916666666,52.54471828790965,71.04359745457631,-34.04583912124299,,-1,看空状态,2022-02-11
2022-02-11,10.0494,18.688323333333333,52.60011385436726,71.2884371877006,-33.91179052103392,,-1,看空状态,2022-02-14
2022-02-14,-37.884,18.340079999999997,52.51706426675134,70.85714426675133,-34.17698426675135,看空触发,-1,看空状态,2022-02-15
2022-02-15,-35.4439,17.874450833333334,52.767287665869375,70.64173849920272,-34.89283683253604,看空触发,-1,看空状态,2022-02-16
2022-02-16,-16.2341,17.11694,52.875588942339284,69.99252894233928,-35.758648942339285,,-1,看空状态,2022-02-17
2022-02-17,17.2003,17.145432500000002,52.85652627940004,70.00195877940004,-35.711093779400045,,-1,看空状态,2022-02-18
2022-02-18,48.375,17.328301666666665,52.81810509617185,70.14640676283851,-35.48980342950519,,-1,看空状态,2022-02-21
2022-02-21,-35.2141,17.359249166666665,52.83533995553843,70.19458912220509,-35.476090788871765,,-1,看空状态,2022-02-22
2022-02-22,-73.3974,16.978989166666665,53.04949460988141,70.02848377654807,-36.07050544321474,看空触发,-1,看空状态,2022-02-23
2022-02-23,14.2172,16.601949166666667,53.53154954484573,70.1334987115124,-36.92960037817906,,-1,看空状态,2022-02-24
2022-02-24,-33.5795,16.735285833333332,53.50529139643763,70.24057722977096,-36.77000556310429,,-1,看空状态,2022-02-25
2022-02-25,63.8465,16.558630833333332,53.63706303880314,70.19569387213647,-37.07843220546981,,-1,看空状态,2022-02-28
2022-02-28,20.4715,16.573884166666666,53.65035750486512,70.22424167153179,-37.076473338198454,,-1,看空状态,2022-03-01
2022-03-01,32.7626,16.6216375,53.65126272553348,70.27290022553348,-37.02962522553348,,-1,看空状态,2022-03-02
2022-03-02,-7.755700000000001,16.608617499999998,53.647119820363635,70.25573732036364,-37.038502320363634,,-1,看空状态,2022-03-03
2022-03-03,-7.30849999999999,17.44258083333333,52.461147677106865,69.9037285104402,-35.018566843773534,,-1,看空状态,2022-03-04
2022-03-04,4.57390000000003,18.283011666666667,51.2253440119018,69.50835567856846,-32.94233234523513,,-1,看空状态,2022-03-07
2022-03-07,-82.712,18.16851833333333,51.2406281013236,69.40914643465693,-33.07210976799027,看空触发,-1,看空状态,2022-03-08
2022-03-08,-86.9896,17.036331666666666,51.95715425818414,68.9934859248508,-34.92082259151748,看空触发,-1,看空状态,2022-03-09
2022-03-09,-109.3445,16.026530833333332,52.791874694143566,68.8184055274769,-36.76534386081023,看空触发,-1,看空状态,2022-03-10
2022-03-10,-33.7396,15.012904999999998,54.01769922565434,69.03060422565434,-39.004794225654344,,-1,看空状态,2022-03-11
2022-03-11,-50.4177,14.214821666666667,54.024678238436465,68.23949990510313,-39.8098565717698,看空触发,-1,看空状态,2022-03-14
2022-03-14,-144.0822,13.637445833333333,54.34382836038681,67.98127419372014,-40.70638252705348,看空触发,-1,看空状态,2022-03-15
2022-03-15,-160.2449,11.9245125,56.03663310554515,67.96114560554516,-44.11212060554515,看空触发,-1,看空状态,2022-03-16
2022-03-16,-0.82300000000007,9.948471666666666,57.877509636574736,67.8259813032414,-47.929037969908066,,-1,看空状态,2022-03-17
2022-03-17,53.653,9.513538333333333,57.75961434611386,67.2731526794472,-48.24607601278052,,-1,看空状态,2022-03-18
2022-03-18,84.57420000000009,9.371642499999998,57.62885245697256,67.00049495697256,-48.25720995697256,看多触发,1,看多状态,2022-03-21
2022-03-21,-84.18610000000001,9.794706666666668,57.994925598377186,67.78963226504385,-48.200218931710516,看空触发,-1,看空状态,2022-03-22
2022-03-22,-9.21780000000003,8.587438333333333,58.43286131626264,67.02029964959597,-49.84542298292931,,-1,看空状态,2022-03-23
2022-03-23,-1.93609999999997,8.6454525,58.411517218733955,67.05696971873395,-49.76606471873396,,-1,看空状态,2022-03-24
2022-03-24,-1.2748999999999802,8.411389166666666,58.39705221555586,66.80844138222253,-49.985663048889194,,-1,看空状态,2022-03-25
2022-03-25,-31.1743,8.099187500000001,58.34742256448945,66.44661006448945,-50.24823506448945,,-1,看空状态,2022-03-28
2022-03-28,50.30350000000001,8.158098333333335,58.30379155688685,66.46188989022019,-50.145693223553515,,-1,看空状态,2022-03-29
2022-03-29,-3.28099999999999,8.921316666666666,58.25057890245372,67.17189556912038,-49.329262235787056,,-1,看空状态,2022-03-30
2022-03-30,127.2561,8.715682500000002,58.24972969722504,66.96541219722505,-49.53404719722504,看多触发,1,看多状态,2022-03-31
2022-03-31,10.5345,10.027330000000001,59.13282172714142,69.16015172714143,-49.10549172714142,,1,看多状态,2022-04-01
2022-04-01,44.2089,10.474210833333334,58.93030328162105,69.40451411495438,-48.45609244828772,,1,看多状态,2022-04-06
2022-04-06,-53.2101,10.615077500000002,58.99104565892062,69.60612315892062,-48.375968158920614,看空触发,-1,看空状态,2022-04-07
2022-04-07,-6.085499999999991,10.048572500000002,59.27653092352314,69.32510342352315,-49.227958423523134,,-1,看空状态,2022-04-08
2022-04-08,-6.27420000000002,9.599034166666666,59.19186643684445,68.79090060351112,-49.59283227017778,,-1,看空状态,2022-04-11
2022-04-11,-57.6163,9.568984166666668,59.19906138461432,68.76804555128099,-49.63007721794765,看空触发,-1,看空状态,2022-04-12
2022-04-12,91.3704,9.007976666666668,59.51590507541812,68.52388174208478,-50.507928408751454,看多触发,1,看多状态,2022-04-13
2022-04-13,-4.97619999999999,9.98371,59.90037024580575,69.88408024580575,-49.91666024580575,,1,看多状态,2022-04-14
2022-04-19,-19.4362,9.926638333333333,59.91142502754066,69.83806336087399,-49.98478669420733,,1,看多状态,2022-04-20
2022-04-20,-52.8772,9.879545833333335,59.932437214548415,69.81198304788175,-50.052891381215076,看空触发,-1,看空状态,2022-04-21
2022-04-21,9.1098,9.214516666666666,60.183926236491004,69.39844290315767,-50.969409569824336,,-1,看空状态,2022-04-22
2022-04-22,67.6497,9.958635833333336,59.61866730643121,69.57730313976455,-49.660031473097874,,-1,看空状态,2022-04-25
2022-04-25,-43.9732,10.196843333333334,59.79279027043729,69.98963360377061,-49.59594693710395,,-1,看空状态,2022-04-26
2022-04-26,15.4291,9.490445833333332,59.92884097838531,69.41928681171865,-50.43839514505198,,-1,看空状态,2022-04-27
2022-04-27,43.59479999999999,8.772855833333333,59.32992960551558,68.10278543884891,-50.55707377218225,,-1,看空状态,2022-04-28
2022-04-28,-6.365600000000049,8.037680833333333,58.33062594874577,66.3683067820791,-50.29294511541244,,-1,看空状态,2022-04-29
2022-04-29,42.4556,7.910118333333333,58.34536793151653,66.25548626484986,-50.43524959818319,,-1,看空状态,2022-05-05
2022-05-05,-23.6228,8.19347,58.43053145281807,66.62400145281808,-50.237061452818075,,-1,看空状态,2022-05-06
2022-05-10,-89.2581000000001,8.250144166666667,58.39604837843433,66.646192545101,-50.145904211767665,看空触发,-1,看空状态,2022-05-11
2022-05-11,22.2772,6.908672499999999,58.773557581258245,65.68223008125824,-51.864885081258244,,-1,看空状态,2022-05-12
2022-05-12,-27.027600000000003,6.699484166666665,58.672887939880034,65.3723721065467,-51.97340377321337,,-1,看空状态,2022-05-13
2022-05-13,20.7861,6.414988333333332,58.753584499950385,65.16857283328372,-52.33859616661705,,-1,看空状态,2022-05-16
2022-05-16,-78.26060000000001,6.391119999999998,58.747105333169344,65.13822533316934,-52.35598533316934,看空触发,-1,看空状态,2022-05-17
2022-05-17,59.6005,5.6779933333333314,59.2530181300352,64.93101146336853,-53.57502479670187,,-1,看空状态,2022-05-18
2022-05-18,-22.7744,6.074214999999998,59.45463946325519,65.52885446325519,-53.380424463255196,,-1,看空状态,2022-05-19
2022-05-19,51.2504,5.934341666666665,59.50298371871377,65.43732538538043,-53.56864205204711,,-1,看空状态,2022-05-20
2022-05-20,142.3606,6.444971666666665,59.62766492560484,66.07263659227151,-53.18269325893817,看多触发,1,看多状态,2022-05-23
2022-05-23,-57.4384,7.807613333333332,60.847512930061036,68.65512626339437,-53.03989959672771,看空触发,-1,看空状态,2022-05-24
2022-05-24,-95.4914,8.313108333333332,60.03935445132945,68.35246278466278,-51.72624611799612,看空触发,-1,看空状态,2022-05-25
2022-05-25,34.0941,6.7998683333333325,60.34998474260461,67.14985307593794,-53.55011640927128,,-1,看空状态,2022-05-26
2022-05-26,-15.9727,6.781731666666665,60.34138007910572,67.12311174577238,-53.55964841243905,,-1,看空状态,2022-05-27
2022-05-27,39.0061,6.366757499999999,60.32507042361744,66.69182792361744,-53.95831292361744,,-1,看空状态,2022-05-30
2022-05-30,70.4874,6.3418658333333315,60.31086113423544,66.65272696756877,-53.96899530090211,看多触发,1,看多状态,2022-05-31
2022-05-31,138.6548,6.949083333333332,60.58849713564749,67.53758046898082,-53.63941380231416,看多触发,1,看多状态,2022-06-01
2022-06-01,12.474,8.475605833333331,61.5801613059824,70.05576713931573,-53.10455547264907,,1,看多状态,2022-06-02
2022-06-02,31.8261,7.888513333333332,61.19906452653521,69.08757785986855,-53.310551193201874,,1,看多状态,2022-06-06
2022-06-06,112.5469,8.034125,61.23535066707968,69.26947566707967,-53.20122566707968,看多触发,1,看多状态,2022-06-07
2022-06-07,46.07020000000001,8.536792499999999,61.8457024890811,70.3824949890811,-53.3089099890811,,1,看多状态,2022-06-08
2022-06-08,57.671800000000005,8.723238333333333,61.92546220758112,70.64870054091445,-53.202223874247785,,1,看多状态,2022-06-09
2022-06-09,35.7941,9.1062075,62.08601986770296,71.19222736770296,-52.97981236770296,,1,看多状态,2022-06-10
2022-06-10,116.2203,9.77856583333333,61.933056417153686,71.71162225048701,-52.154490583820355,看多触发,1,看多状态,2022-06-13
2022-06-13,-135.1919,10.473383333333334,62.65744490037013,73.13082823370347,-52.18406156703679,看空触发,-1,看空状态,2022-06-14
2022-06-14,39.4444,9.631004166666665,63.92843675844151,73.55944092510818,-54.29743259177484,,-1,看空状态,2022-06-15
2022-06-15,133.592,9.709629999999999,63.959505303821096,73.6691353038211,-54.2498753038211,看多触发,1,看多状态,2022-06-16
2022-06-16,44.5203,10.571125833333332,64.92690090256129,75.49802673589461,-54.35577506922795,,1,看多状态,2022-06-17
2022-06-17,91.6752,10.173708333333332,64.56795100208643,74.74165933541977,-54.3942426687531,看多触发,1,看多状态,2022-06-20
2022-06-20,-97.0329,10.90474,64.99211732703694,75.89685732703694,-54.08737732703693,看空触发,-1,看空状态,2022-06-21
2022-06-21,-10.6227,9.433677499999998,65.42295132777862,74.85662882777862,-55.98927382777862,,-1,看空状态,2022-06-22
2022-06-22,-68.20020000000001,8.538091666666666,64.95015284819041,73.48824451485709,-56.41206118152375,看空触发,-1,看空状态,2022-06-23
2022-06-23,120.3274,6.1650641666666655,62.43940056582571,68.60446473249237,-56.27433639915904,看多触发,1,看多状态,2022-06-24
2022-06-24,96.1729,6.405429166666665,62.82492839720302,69.23035756386969,-56.41949923053635,看多触发,1,看多状态,2022-06-27
2022-06-27,72.6547,6.759733333333332,63.212334222670094,69.97206755600342,-56.452600889336765,看多触发,1,看多状态,2022-06-28
2022-06-28,46.4815,6.8630283333333315,63.310543625405764,70.17357195873909,-56.44751529207243,,1,看多状态,2022-06-29
2022-06-29,-16.8253,7.187733333333331,63.41376139066739,70.60149472400072,-56.226028057334055,,1,看多状态,2022-06-30
2022-07-04,45.015,6.5571433333333315,63.271835475943945,69.82897880927727,-56.714692142610616,,1,看多状态,2022-07-05
2022-07-05,-13.4847,7.479034999999998,63.01689315695226,70.49592815695226,-55.53785815695226,,1,看多状态,2022-07-06
2022-07-06,-13.8260000000001,7.447559166666665,63.02649228434548,70.47405145101214,-55.578933117678815,,1,看多状态,2022-07-07
2022-07-07,5.54099999999999,7.415426666666664,63.03642900347021,70.45185567013688,-55.62100233680355,,1,看多状态,2022-07-08
2022-07-08,12.3585,7.607010833333331,62.99514711530934,70.60215794864267,-55.388136281976,,1,看多状态,2022-07-11
2022-07-11,-10.6843,7.5023433333333305,62.976573578641215,70.47891691197455,-55.474230245307886,,1,看多状态,2022-07-12
2022-07-12,-42.5097,7.3055949999999985,62.9963656230414,70.3019606230414,-55.6907706230414,,1,看多状态,2022-07-13
2022-07-13,-68.741,6.896189166666664,63.160292703365144,70.0564818700318,-56.26410353669848,看空触发,-1,看空状态,2022-07-14
2022-07-14,-9.16809999999998,5.644896666666665,63.15897400924776,68.80387067591442,-57.51407734258109,,-1,看空状态,2022-07-15
2022-07-15,-89.3053,5.187410833333331,63.064935314644586,68.25234614797792,-57.877524481311255,看空触发,-1,看空状态,2022-07-18
2022-07-18,35.5158,4.404853333333332,63.65216556548932,68.05701889882265,-59.24731223215599,,-1,看空状态,2022-07-19
2022-07-19,-98.5852,4.446959166666664,63.67121624493545,68.11817541160211,-59.224257078268785,看空触发,-1,看空状态,2022-07-20
2022-07-20,36.7802,4.1785783333333315,64.03907845187379,68.21765678520713,-59.86050011854046,,-1,看空状态,2022-07-21
2022-07-21,-27.5217,3.707194166666665,63.58377941052476,67.29097357719142,-59.876585243858095,,-1,看空状态,2022-07-22
2022-07-22,16.445999999999998,3.081383333333331,63.51791605838778,66.59929939172112,-60.436532725054455,,-1,看空状态,2022-07-25
2022-07-25,-33.850500000000004,3.553967499999998,63.403571682227756,66.95753918222775,-59.84960418222776,,-1,看空状态,2022-07-26
2022-07-26,72.5675,2.6870641666666644,63.19582069111586,65.88288485778253,-60.5087565244492,看多触发,1,看多状态,2022-07-27
2022-07-27,-37.3815,3.3405816666666643,63.51144697041338,66.85202863708004,-60.170865303746716,,1,看多状态,2022-07-28
2022-07-28,27.3335,3.0055716666666643,63.62015116458442,66.62572283125108,-60.61457949791776,,1,看多状态,2022-07-29
2022-07-29,-17.1896,3.091132499999998,63.64611857959285,66.73725107959285,-60.55498607959285,,1,看多状态,2022-08-01
2022-08-01,23.9824,2.753295833333331,63.6452707894342,66.39856662276753,-60.89197495610087,,1,看多状态,2022-08-02
2022-08-02,-23.1121,2.634715833333331,63.591884595729994,66.22660042906332,-60.95716876239666,,1,看多状态,2022-08-03
2022-08-03,-10.4936,1.394075833333331,62.61423909777992,64.00831493111325,-61.22016326444659,,1,看多状态,2022-08-04
2022-08-04,-32.0489,0.5768116666666643,62.117947576741116,62.69475924340778,-61.54113591007445,,1,看多状态,2022-08-05
2022-08-05,29.3393,0.022043333333330927,62.10950148354582,62.13154481687915,-62.08745815021249,,1,看多状态,2022-08-08
2022-08-08,-10.7492,0.5643358333333309,62.07875312855657,62.6430889618899,-61.51441729522324,,1,看多状态,2022-08-09
2022-08-09,-22.1222,0.37981249999999755,62.0792023575733,62.4590148575733,-61.6993898575733,,1,看多状态,2022-08-10
2022-08-10,-62.3649,1.414088333333331,60.633035802884024,62.047124136217356,-59.21894746955069,看空触发,-1,看空状态,2022-08-11
2022-08-11,132.9533,1.9332024999999975,59.80560509672393,61.73880759672393,-57.87240259672393,看多触发,1,看多状态,2022-08-12
2022-08-12,38.782,2.5785049999999976,60.79816522508403,63.37667022508403,-58.21966022508403,,1,看多状态,2022-08-15
2022-08-15,10.8675,2.9697866666666646,60.879434668774415,63.84922133544108,-57.90964800210775,,1,看多状态,2022-08-16
2022-08-16,8.67490000000002,3.0199916666666646,60.88347633340899,63.903468000075655,-57.86348466674233,,1,看多状态,2022-08-17
2022-08-17,68.72,2.715574999999998,60.76198338210832,63.47755838210832,-58.04640838210832,看多触发,1,看多状态,2022-08-18
2022-08-18,-46.1275,3.2044966666666648,61.05682228253587,64.26131894920253,-57.852325615869205,,1,看多状态,2022-08-19
2022-08-19,17.127,3.135800833333332,61.108055910655104,64.24385674398843,-57.97225507732177,,1,看多状态,2022-08-22
2022-08-22,43.2477,3.573891666666665,61.01752570063785,64.59141736730452,-57.44363403397118,,1,看多状态,2022-08-23
2022-08-23,-92.2806,4.069573333333332,61.096812908995226,65.16638624232856,-57.027239575661895,看空触发,-1,看空状态,2022-08-24
2022-08-24,-66.1469,3.157232499999998,61.713399740203485,64.87063224020348,-58.556167240203486,看空触发,-1,看空状态,2022-08-25
2022-08-25,16.7051,2.2028833333333315,61.8934991764192,64.09638250975253,-59.690615843085865,,-1,看空状态,2022-08-26
2022-08-26,51.5133,2.6355433333333314,61.811154787345366,64.4466981206787,-59.175611454012035,,-1,看空状态,2022-08-29
2022-08-29,21.4523,3.6764658333333315,61.57127782777012,65.24774366110344,-57.894811994436786,,-1,看空状态,2022-08-30
2022-08-30,-49.798100000000005,3.7367583333333316,61.58522721538302,65.32198554871636,-57.84846888204969,,-1,看空状态,2022-08-31
2022-08-31,79.0047000000001,3.6016033333333315,61.68552470551429,65.28712803884763,-58.08392137218096,看多触发,1,看多状态,2022-09-01
2022-09-01,-8.41760000000002,3.7279216666666657,61.825291640067185,65.55321330673385,-58.09736997340052,,1,看多状态,2022-09-02
2022-09-02,-37.8291,3.4871791666666656,61.81579080345591,65.30296997012258,-58.32861163678925,,1,看多状态,2022-09-05
2022-09-05,-76.1499,2.8989149999999992,61.870718099376774,64.76963309937678,-58.97180309937677,看空触发,-1,看空状态,2022-09-06
2022-09-06,-38.9912,2.3289633333333324,62.283339974127635,64.61230330746096,-59.9543766407943,,-1,看空状态,2022-09-07
2022-09-07,-33.7362,2.064940833333332,62.39159529252023,64.45653612585356,-60.3266544591869,,-1,看空状态,2022-09-08
2022-09-08,-0.86590000000004,1.7456899999999986,62.47660568496573,64.22229568496573,-60.73091568496574,,-1,看空状态,2022-09-09
2022-09-09,147.5323,2.4277408333333317,61.99171268097392,64.41945351430725,-59.56397184764059,看多触发,1,看多状态,2022-09-13
2022-09-13,39.7118,4.382089999999997,62.84001662637374,67.22210662637373,-58.45792662637374,,1,看多状态,2022-09-14
2022-09-14,-14.1425,5.624225833333331,62.04122768772326,67.66545352105659,-56.41700185438992,,1,看多状态,2022-09-15
2022-09-15,-41.3303,5.787534999999997,61.962483248411644,67.75001824841164,-56.174948248411646,,1,看多状态,2022-09-16
2022-09-16,-45.1234,5.8632633333333315,61.898734328630496,67.76199766196383,-56.03547099529717,,1,看多状态,2022-09-19
2022-09-19,16.0271,6.687919999999999,60.52829985356127,67.21621985356127,-53.840379853561274,,1,看多状态,2022-09-20
2022-09-20,-5.22730000000003,8.156853333333332,58.54963110273809,66.70648443607142,-50.39277776940476,,1,看多状态,2022-09-21
2022-09-21,-30.5981,8.120150833333332,58.55668754662108,66.6768383799544,-50.436536713287744,,1,看多状态,2022-09-22
2022-09-22,-36.4856,7.418058333333332,58.51122880414947,65.9292871374828,-51.09317047081613,,1,看多状态,2022-09-23
2022-09-23,-5.05590000000004,6.409226666666665,58.212623577028374,64.62185024369504,-51.80339691036171,,1,看多状态,2022-09-26
2022-09-26,42.7658,7.068644999999998,57.62295525556651,64.69160025556651,-50.55431025556651,,1,看多状态,2022-09-27
2022-09-27,32.7247,7.501841666666665,57.694844240179634,65.1966859068463,-50.19300257351297,,1,看多状态,2022-09-28
2022-09-28,-38.3956,7.790681666666663,57.73394626367554,65.5246279303422,-49.94326459700888,,1,看多状态,2022-09-29
2022-09-29,34.2908,7.481342499999997,57.882184204582536,65.36352670458254,-50.40084170458254,,1,看多状态,2022-09-30
2022-09-30,-13.01,8.026884999999996,57.82326716618967,65.85015216618967,-49.79638216618967,,1,看多状态,2022-10-10
2022-10-10,14.3069,7.499272499999997,57.723036939413575,65.22230943941358,-50.22376443941358,,1,看多状态,2022-10-11
2022-10-11,-12.4416,7.64583833333333,57.71776316293193,65.36360149626526,-50.0719248295986,,1,看多状态,2022-10-12
2022-10-12,-58.7558,6.481690833333331,56.68457200578177,63.1662628391151,-50.202881172448436,看空触发,-1,看空状态,2022-10-13
2022-10-13,-80.3494,5.904271666666664,56.995004875833956,62.89927654250062,-51.09073320916729,看空触发,-1,看空状态,2022-10-14
2022-10-14,74.7199,4.866285833333331,57.424148046724675,62.290433880058,-52.557862213391346,看多触发,1,看多状态,2022-10-17
2022-10-17,-44.2467,5.932369166666663,57.52432276711533,63.45669193378199,-51.59195360044867,,1,看多状态,2022-10-18
2022-10-18,-37.5658,5.614359166666663,57.69654400525802,63.31090317192468,-52.08218483859136,,1,看多状态,2022-10-19
2022-10-19,-60.0228,5.35359583333333,57.821303991106966,63.174899824440296,-52.467708157773636,看空触发,-1,看空状态,2022-10-20
2022-10-20,-62.233900000000006,5.3335416666666635,57.843740342695774,63.177282009362436,-52.51019867602911,看空触发,-1,看空状态,2022-10-21
2022-10-21,-89.2272,4.05350583333333,57.62296289598286,61.67646872931619,-53.569457062649526,看空触发,-1,看空状态,2022-10-24
2022-10-24,-179.11520000000002,3.351414166666664,58.2438296270119,61.59524379367856,-54.892415460345234,看空触发,-1,看空状态,2022-10-25
2022-10-25,28.4492,2.02075583333333,60.54730845656912,62.56806428990245,-58.52655262323579,,-1,看空状态,2022-10-26
2022-10-26,34.3271,2.6984758333333305,60.382587741263876,63.08106357459721,-57.68411190793054,,-1,看空状态,2022-10-27
2022-10-27,9.59010000000002,2.908619999999997,60.4489323256529,63.3575523256529,-57.5403123256529,,-1,看空状态,2022-10-28
2022-10-28,-20.3151,2.4247899999999967,60.158046791414804,62.5828367914148,-57.73325679141481,,-1,看空状态,2022-10-31
2022-10-31,-90.1209,2.6219408333333307,60.043369869168735,62.66531070250207,-57.4214290358354,看空触发,-1,看空状态,2022-11-01
2022-11-01,61.5457,1.7423574999999971,60.62447551489897,62.366833014898965,-58.88211801489897,,-1,看空状态,2022-11-02
2022-11-02,-75.81729999999999,1.891948333333331,60.750629853511136,62.64257818684447,-58.858681520177804,看空触发,-1,看空状态,2022-11-03
2022-11-03,-45.6491,1.3131841666666646,61.15941343136591,62.47259759803258,-59.84622926469925,,-1,看空状态,2022-11-04
2022-11-04,99.9271999999999,0.5789783333333312,61.19018836257516,61.76916669590849,-60.611210029241825,看多触发,1,看多状态,2022-11-07
2022-11-07,-40.3161,1.6085616666666638,61.81577381048145,63.42433547714812,-60.207212143814786,,1,看多状态,2022-11-08
2022-11-08,-37.9371,2.0164116666666643,61.37106886768978,63.38748053435644,-59.354657201023116,,1,看多状态,2022-11-09
2022-11-09,-6.8382000000000005,1.5146258333333311,61.450132275840026,62.96475810917336,-59.93550644250669,,1,看多状态,2022-11-10
2022-11-10,-7.572599999999979,1.6828708333333313,61.39894658224723,63.08181741558056,-59.716075748913894,,1,看多状态,2022-11-11
2022-11-11,146.6607,1.4465483333333315,61.37937373586416,62.82592206919749,-59.932825402530824,看多触发,1,看多状态,2022-11-14
2022-11-14,166.01930000000002,3.3208924999999985,62.35141769407389,65.67231019407389,-59.03052519407389,看多触发,1,看多状态,2022-11-15
2022-11-15,81.5423,4.2077158333333315,63.8962669202279,68.10398275356124,-59.68855108689457,看多触发,1,看多状态,2022-11-16
2022-11-16,9.98349999999995,5.077021666666664,64.23480681967429,69.31182848634096,-59.15778515300762,,1,看多状态,2022-11-17
2022-11-17,14.0872,4.733130833333331,64.09584733375664,68.82897816708997,-59.3627165004233,,1,看多状态,2022-11-18
2022-11-18,51.1998,3.6641858333333315,62.83860217927829,66.50278801261162,-59.174416345944955,,1,看多状态,2022-11-21
2022-11-21,-20.4554,4.569504166666665,62.73338659195248,67.30289075861914,-58.16388242528582,,1,看多状态,2022-11-22
2022-11-22,-7.590800000000019,5.194804166666665,62.09839026028011,67.29319442694678,-56.90358609361345,,1,看多状态,2022-11-23
2022-11-23,15.6522,4.847429999999998,62.051944951139625,66.89937495113962,-57.20451495113963,,1,看多状态,2022-11-24
2022-11-24,12.358,5.110970833333331,62.02992985791252,67.14090069124585,-56.91895902457919,,1,看多状态,2022-11-25
2022-11-25,74.5146,4.888903333333332,61.95522058405828,66.84412391739161,-57.06631725072495,看多触发,1,看多状态,2022-11-28
2022-11-28,-37.5961,4.92246333333333,61.992132414562874,66.9145957478962,-57.06966908122954,,1,看多状态,2022-11-29
2022-11-29,98.0569,3.453705833333331,60.87489125154514,64.32859708487847,-57.421185418211806,看多触发,1,看多状态,2022-11-30
2022-11-30,49.1738,4.1668966666666645,61.479783894739384,65.64668056140604,-57.31288722807272,,1,看多状态,2022-12-01
2022-12-01,114.4957,4.311460833333331,61.5657042928816,65.87716512621493,-57.25424345954827,看多触发,1,看多状态,2022-12-02
2022-12-02,40.9406,4.327700833333332,61.59474508886918,65.92244592220251,-57.26704425553585,,1,看多状态,2022-12-05
2022-12-05,58.9344,4.284954166666664,61.56730627003033,65.852260436697,-57.282352103363664,,1,看多状态,2022-12-06
2022-12-06,5.4091,4.295475833333331,61.5766137737795,65.87208960711283,-57.28113794044617,,1,看多状态,2022-12-07
2022-12-07,2.73479999999996,4.042267499999998,61.50843539859298,65.55070289859297,-57.466167898592985,,1,看多状态,2022-12-08
2022-12-08,1.13620000000003,3.0965549999999977,60.63541004699761,63.73196504699761,-57.53885504699762,,1,看多状态,2022-12-09
2022-12-09,-2.7149000000000503,4.232622499999998,59.28474016236872,63.51736266236872,-55.05211766236872,,1,看多状态,2022-12-12
2022-12-12,-43.3764,3.881294999999997,59.19917645002181,63.080471450021804,-55.317881450021815,,1,看多状态,2022-12-13
2022-12-13,-9.46540000000001,2.4065583333333307,58.13545451641089,60.54201284974422,-55.72889618307756,,1,看多状态,2022-12-14
2022-12-14,16.5171,1.9566774999999974,58.01557937483454,59.972256874834535,-56.05890187483454,,1,看多状态,2022-12-15
2022-12-15,49.358900000000006,1.3303599999999973,57.4417210221232,58.772081022123196,-56.1113610221232,,1,看多状态,2022-12-16
2022-12-16,43.6153,2.550291666666664,56.886990146850195,59.43728181351686,-54.33669848018353,,1,看多状态,2022-12-19
2022-12-19,-14.9145,3.0022749999999974,56.996809628841774,59.99908462884177,-53.99453462884178,,1,看多状态,2022-12-20
2022-12-20,11.5601,3.4463224999999977,56.64390298017794,60.09022548017794,-53.19758048017794,,1,看多状态,2022-12-21
2022-12-21,18.7393,2.5399283333333305,55.61885136981597,58.1587797031493,-53.07892303648264,,1,看多状态,2022-12-22
2022-12-22,28.1454,1.8946483333333304,54.96879623640728,56.86344456974061,-53.07414790307395,,1,看多状态,2022-12-23
2022-12-28,39.1833,1.5237374999999973,54.636481384510965,56.16021888451096,-53.11274388451097,,1,看多状态,2022-12-29
2022-12-29,-11.0987,1.4629191666666637,54.59005858380793,56.0529777504746,-53.127139417141265,,1,看多状态,2022-12-30
2022-12-30,0.93110000000001,1.5106408333333305,54.57643834577799,56.08707917911132,-53.065797512444654,,1,看多状态,2023-01-03
2023-01-03,-6.45,1.1432749999999976,54.42931108838335,55.572586088383346,-53.286036088383355,,1,看多状态,2023-01-04
2023-01-04,18.442,1.2018974999999972,54.41721077090212,55.61910827090212,-53.21531327090213,,1,看多状态,2023-01-05
2023-01-05,127.5333,1.4707974999999982,54.422052276768966,55.89284977676896,-52.95125477676897,看多触发,1,看多状态,2023-01-06
2023-01-06,60.662600000000005,2.4873999999999983,55.624837525498926,58.11223752549893,-53.137437525498925,看多触发,1,看多状态,2023-01-09
2023-01-09,77.003,2.8899341666666647,55.8711042593568,58.76103842602346,-52.981170092690135,看多触发,1,看多状态,2023-01-10
2023-01-10,58.0124,3.620661666666665,56.264117990791554,59.88477965745822,-52.64345632412489,,1,看多状态,2023-01-11
2023-01-11,76.1421,4.458345833333332,56.319818368062776,60.77816420139611,-51.861472534729444,看多触发,1,看多状态,2023-01-12
2023-01-12,95.4478,5.665704999999998,56.29037870402751,61.956083704027506,-50.624673704027515,看多触发,1,看多状态,2023-01-13
2023-01-13,133.3612,6.537504166666665,56.86588823898714,63.403392405653804,-50.328384072320475,看多触发,1,看多状态,2023-01-16
2023-01-16,158.42690000000002,8.39305833333333,57.34306440023365,65.73612273356699,-48.95000606690032,看多触发,1,看多状态,2023-01-17
2023-01-17,92.8797,9.417317499999998,58.90796374028588,68.32528124028588,-49.49064624028588,看多触发,1,看多状态,2023-01-18
2023-01-18,47.3539,11.01285833333333,58.54995499006745,69.56281332340077,-47.53709665673412,,1,看多状态,2023-01-19
2023-01-19,93.9331,11.1009725,58.59699665428839,69.69796915428839,-47.49602415428839,看多触发,1,看多状态,2023-01-20
2023-01-20,92.56459999999998,12.11309583333333,58.97199714958924,71.08509298292257,-46.85890131625591,看多触发,1,看多状态,2023-01-30
2023-01-30,186.1432,12.747417499999996,59.426620529299754,72.17403802929975,-46.67920302929976,看多触发,1,看多状态,2023-01-31
2023-01-31,101.4415,14.580698333333332,61.339575920332365,75.9202742536657,-46.758877586999034,看多触发,1,看多状态,2023-02-01
2023-02-01,69.7374,14.821314999999998,61.62492043728297,76.44623543728297,-46.80360543728297,,1,看多状态,2023-02-02
2023-02-02,26.9348,15.713972499999999,61.6382158997773,77.3521883997773,-45.9242433997773,,1,看多状态,2023-02-03
2023-02-03,-42.463,15.710649999999998,61.63759504871804,77.34824504871804,-45.92694504871804,,1,看多状态,2023-02-06
2023-02-06,-5.433999999999981,15.50003833333333,61.79393826263424,77.29397659596758,-46.29389992930091,,1,看多状态,2023-02-07
2023-02-07,-38.6092,15.254901666666665,61.81834858408841,77.07325025075508,-46.56344691742174,,1,看多状态,2023-02-08
2023-02-08,-13.8891,15.125759166666663,61.915284470414534,77.0410436370812,-46.78952530374787,,1,看多状态,2023-02-09
2023-02-09,121.0055,15.097463333333332,61.92786574181931,77.02532907515264,-46.83040240848598,看多触发,1,看多状态,2023-02-10
2023-02-10,-33.7427,16.372916666666665,62.52197764816281,78.89489431482947,-46.14906098149615,,1,看多状态,2023-02-13
2023-02-13,6.92299999999999,15.847233333333332,62.67704415229281,78.52427748562614,-46.82981081895947,,1,看多状态,2023-02-14
2023-02-14,5.98760000000002,15.994501666666666,62.63477441094189,78.62927607760855,-46.64027274427522,,1,看多状态,2023-02-15
2023-02-15,-18.6351,16.228749999999998,62.54352107300093,78.77227107300092,-46.314771073000934,,1,看多状态,2023-02-16
2023-02-16,67.943,16.593165,62.208239461991276,78.80140446199127,-45.61507446199128,,1,看多状态,2023-02-17
2023-02-17,20.294,16.051412499999998,61.465016819575396,77.5164293195754,-45.4136043195754,,1,看多状态,2023-02-20
2023-02-20,60.0328,15.897345833333333,61.430723322224935,77.32806915555827,-45.5333774888916,,1,看多状态,2023-02-21
2023-02-21,18.5403,16.307056666666664,61.560710881802684,77.86776754846935,-45.253654215136024,,1,看多状态,2023-02-22
2023-02-22,-47.3423,16.38926833333333,61.55702011300122,77.94628844633455,-45.167751779667896,看空触发,-1,看空状态,2023-02-23
2023-02-23,-21.503,15.422082499999997,61.63962041685987,77.06170291685987,-46.217537916859875,,-1,看空状态,2023-02-24
2023-02-24,-50.971,15.627286666666665,61.47375961155419,77.10104627822086,-45.84647294488753,看空触发,-1,看空状态,2023-02-27
2023-02-27,-19.1883,15.059803333333331,61.77338563330626,76.8331889666396,-46.71358229997293,,-1,看空状态,2023-02-28
2023-02-28,-13.0403,14.53950333333333,61.796907754365066,76.3364110876984,-47.25740442103174,,-1,看空状态,2023-03-01
2023-03-01,70.1031,15.199839166666665,61.064910017528014,76.26474918419468,-45.86507085086135,,-1,看空状态,2023-03-02
2023-03-02,7.65489999999998,16.33525583333333,60.80581024417728,77.14106607751062,-44.470554410843945,,-1,看空状态,2023-03-03
2023-03-03,20.6633,16.259837499999996,60.81095999570727,77.07079749570727,-44.551122495707276,,-1,看空状态,2023-03-06
2023-03-06,0.75799999999999,16.002754166666666,60.72582153003753,76.7285756967042,-44.72306736337086,,-1,看空状态,2023-03-07
2023-03-07,-1.87790000000001,15.830301666666665,60.7395984009615,76.56990006762817,-44.909296734294834,,-1,看空状态,2023-03-08
2023-03-08,-10.1427,16.229636666666664,60.461385408977634,76.6910220756443,-44.23174874231097,,-1,看空状态,2023-03-09
2023-03-09,-41.7604,15.486741666666664,60.230822140462834,75.7175638071295,-44.744080473796174,,-1,看空状态,2023-03-10
2023-03-10,-52.9583,15.208884999999997,60.41863989116074,75.62752489116073,-45.20975489116074,看空触发,-1,看空状态,2023-03-13
2023-03-13,27.7019,15.08280833333333,60.54589642731643,75.62870476064975,-45.463088093983096,,-1,看空状态,2023-03-14
2023-03-14,7.547200000000011,15.948239999999997,59.97035830109111,75.91859830109111,-44.02211830109111,,-1,看空状态,2023-03-15
2023-03-15,32.8614,16.336059999999996,59.76220440597117,76.09826440597116,-43.42614440597117,,-1,看空状态,2023-03-16
2023-03-16,7.87360000000004,16.891039999999997,59.60231675072724,76.49335675072723,-42.711276750727244,,-1,看空状态,2023-03-17
2023-03-17,71.8259,16.963869166666665,59.5857740692178,76.54964323588446,-42.62190490255114,,-1,看空状态,2023-03-20
2023-03-20,16.0245,16.3329825,58.58408000963437,74.91706250963438,-42.25109750963437,,-1,看空状态,2023-03-21
2023-03-21,42.95140000000001,16.13558833333333,58.54453792327786,74.68012625661119,-42.40894958994453,,-1,看空状态,2023-03-22
2023-03-22,4.78599999999999,16.611370833333332,58.528399226150896,75.13977005948422,-41.91702839281756,,-1,看空状态,2023-03-23
2023-03-23,48.083,16.995673333333333,58.29569135008316,75.29136468341649,-41.30001801674983,,-1,看空状态,2023-03-24
2023-03-24,-2.34170000000002,17.772393333333333,58.08161277049569,75.85400610382902,-40.309219437162355,,-1,看空状态,2023-03-27
2023-03-27,-6.941400000000031,17.619320000000002,58.11044932928759,75.72976932928759,-40.49112932928759,,-1,看空状态,2023-03-28
2023-03-28,3.54469999999998,17.605035833333332,58.11632283951031,75.72135867284365,-40.51128700617698,,-1,看空状态,2023-03-29
2023-03-29,43.2294,17.889559166666665,57.96172070494373,75.85127987161039,-40.072161538277065,,-1,看空状态,2023-03-30
2023-03-30,48.0711,18.553850833333332,57.78984402147338,76.34369485480671,-39.23599318814004,,-1,看空状态,2023-03-31
2023-03-31,16.7436,18.99657583333333,57.81094874522933,76.80752457856266,-38.814372911896,,-1,看空状态,2023-04-03
2023-04-03,5.78650000000001,18.779724166666664,57.769830638577425,76.54955480524409,-38.990106471910764,,-1,看空状态,2023-04-04
2023-04-04,-36.5078000000001,18.555239166666663,57.767526047385374,76.32276521405204,-39.21228688071871,,-1,看空状态,2023-04-06
2023-04-11,26.2639999999999,18.57097083333333,57.75214145782919,76.32311229116252,-39.18117062449586,,-1,看空状态,2023-04-12
2023-04-12,-42.0812,18.50408083333333,57.73842814463195,76.24250897796529,-39.23434731129862,看空触发,-1,看空状态,2023-04-13
2023-04-13,-0.86880000000001,18.26182083333333,57.93242950710582,76.19425034043915,-39.67060867377249,,-1,看空状态,2023-04-14
2023-04-14,64.2429,18.135356666666663,57.95769395312406,76.09305061979072,-39.8223372864574,,-1,看空状态,2023-04-17
2023-04-17,19.1803,18.774394166666664,58.04042139123522,76.81481555790188,-39.26602722456856,,-1,看空状态,2023-04-18
2023-04-18,22.6448,19.423861666666664,57.599952446976765,77.02381411364343,-38.176090780310105,,-1,看空状态,2023-04-19
2023-04-19,-9.15709999999996,20.282146666666666,56.86339671488546,77.14554338155213,-36.58125004821879,,-1,看空状态,2023-04-20
2023-04-20,46.9084,19.583171666666665,56.703906817727116,76.28707848439379,-37.12073515106045,,-1,看空状态,2023-04-21
2023-04-21,-76.1925,20.3427975,56.45164544769428,76.79444294769428,-36.10884794769429,看空触发,-1,看空状态,2023-04-24
2023-04-24,-38.2772,20.02090833333333,56.893016884725384,76.91392521805872,-36.87210855139205,看空触发,-1,看空状态,2023-04-25
2023-04-25,-49.1722,20.20212166666666,56.670117409536246,76.8722390762029,-36.46799574286959,看空触发,-1,看空状态,2023-04-26
2023-04-26,7.51300000000003,20.310969166666663,56.52280269856117,76.83377186522783,-36.21183353189451,,-1,看空状态,2023-04-27
2023-04-27,-1.66449999999997,21.1171375,55.6302037231908,76.7473412231908,-34.513066223190805,,-1,看空状态,2023-04-28
2023-04-28,15.8538,22.59589333333333,52.535321143983424,75.13121447731675,-29.939427810650095,,-1,看空状态,2023-05-04
2023-05-04,-14.3897,22.49093166666666,52.536110730026905,75.02704239669356,-30.045179063360244,,-1,看空状态,2023-05-05
2023-05-05,6.33200000000004,22.08495833333333,52.632020251559844,74.71697858489317,-30.547061918226515,,-1,看空状态,2023-05-08
2023-05-08,20.4939999999999,22.0578075,52.63935988529219,74.69716738529219,-30.581552385292188,,-1,看空状态,2023-05-09
2023-05-09,9.83459999999999,22.39788333333333,52.49493508197784,74.89281841531117,-30.097051748644514,,-1,看空状态,2023-05-10
2023-05-10,55.7137,23.23084583333333,51.47770727464237,74.7085531079757,-28.24686144130904,,-1,看空状态,2023-05-11
2023-05-11,0.2936999999999899,23.182245833333333,51.443972259131634,74.62621809246497,-28.2617264257983,,-1,看空状态,2023-05-12
2023-05-12,13.2604,23.81650416666666,50.67660632064579,74.49311048731245,-26.860102153979128,,-1,看空状态,2023-05-15
2023-05-15,40.8483,24.30741666666666,50.281822125598346,74.58923879226501,-25.974405458931685,,-1,看空状态,2023-05-16
2023-05-16,-34.0079,23.8150925,49.82231435677938,73.63740685677938,-26.00722185677938,看空触发,-1,看空状态,2023-05-17
2023-05-17,16.8657,23.867660833333332,49.7573654810911,73.62502631442443,-25.889704647757767,,-1,看空状态,2023-05-18
2023-05-18,-18.3592,24.324350833333327,49.43579369036472,73.76014452369805,-25.111442857031392,,-1,看空状态,2023-05-19
2023-05-19,-22.2557,24.228342499999997,49.50795716224414,73.73629966224414,-25.279614662244143,,-1,看空状态,2023-05-22
2023-05-22,41.3191,24.105983333333327,49.6052628776751,73.71124621100843,-25.499279544341775,,-1,看空状态,2023-05-23
2023-05-23,-79.7615,23.228136666666664,48.33403810894693,71.56217477561358,-25.105901442280263,看空触发,-1,看空状态,2023-05-24
2023-05-24,-44.8228,21.17996333333333,47.43146110502824,68.61142443836157,-26.25149777169491,看空触发,-1,看空状态,2023-05-25
2023-05-25,-95.6153,20.12692083333333,47.48278432500503,67.60970515833836,-27.3558634916717,看空触发,-1,看空状态,2023-05-26
2023-05-29,14.3687,19.246930833333334,48.63684746878803,67.88377830212136,-29.389916635454693,,-1,看空状态,2023-05-30
2023-05-30,6.49480000000003,19.249276666666663,48.636603303383694,67.88587997005035,-29.38732663671703,,-1,看空状态,2023-05-31
2023-05-31,-37.981,18.876734999999996,48.56096997499341,67.43770497499341,-29.684234974993416,看空触发,-1,看空状态,2023-06-01
2023-06-01,-18.0156,18.730688333333333,48.706391347617405,67.43707968095075,-29.975703014284072,,-1,看空状态,2023-06-02
2023-06-02,85.344,18.643815,48.76299721038253,67.40681221038253,-30.11918221038253,看多触发,1,看多状态,2023-06-05
2023-06-05,-12.1482,19.22458,49.14061867916254,68.36519867916255,-29.916038679162543,,1,看多状态,2023-06-06
2023-06-06,-10.7745,19.020361666666663,49.220251424535476,68.24061309120214,-30.199889757868814,,1,看多状态,2023-06-07
2023-06-07,25.1099000000001,18.309619166666664,49.027590379366416,67.33720954603308,-30.71797121269975,,1,看多状态,2023-06-08
2023-06-08,29.515,18.832169166666667,48.760163944030246,67.59233311069691,-29.92799477736358,,1,看多状态,2023-06-09
2023-06-09,-14.4091,18.260986666666668,48.2228102446594,66.48379691132607,-29.96182357799273,,1,看多状态,2023-06-12
2023-06-12,-29.296100000000003,17.731129166666665,48.22960966615301,65.96073883281967,-30.498480499486345,,1,看多状态,2023-06-13
2023-06-13,-2.31470000000001,16.532864166666666,47.58726720552341,64.12013137219007,-31.054403038856744,,1,看多状态,2023-06-14
2023-06-14,-21.9439,16.17240333333333,47.56464979246658,63.73705312579992,-31.39224645913325,,1,看多状态,2023-06-15
2023-06-15,92.0092,15.498417499999997,47.52662824322304,63.02504574322303,-32.02821074322304,看多触发,1,看多状态,2023-06-16
2023-06-16,105.4554,16.220084999999997,48.02699483402019,64.24707983402018,-31.806909834020196,看多触发,1,看多状态,2023-06-19
2023-06-19,-14.4652,17.07609,48.69538611916627,65.77147611916627,-31.619296119166272,,1,看多状态,2023-06-20
2023-06-20,17.4191,16.946078333333332,48.75908701378319,65.70516534711652,-31.813008680449855,,1,看多状态,2023-06-21
2023-06-21,-6.41240000000002,17.113861666666665,48.72549338213315,65.83935504879982,-31.611631715466487,,1,看多状态,2023-06-26
2023-06-26,21.1721,17.421895,48.455966151201274,65.87786115120127,-31.034071151201275,,1,看多状态,2023-06-27
2023-06-27,-25.9612,17.677207499999998,48.3937815723949,66.0709890723949,-30.716574072394902,,1,看多状态,2023-06-28
2023-06-28,-40.7163,17.323221666666665,48.55741999341612,65.88064166008279,-31.234198326749453,看空触发,-1,看空状态,2023-06-29
2023-06-29,-76.0604,16.572595,48.75385180866038,65.32644680866038,-32.18125680866038,看空触发,-1,看空状态,2023-06-30
2023-06-30,36.7525,15.575297499999998,49.41556260392672,64.99086010392672,-33.840265103926725,,-1,看空状态,2023-07-03
2023-07-03,26.8537999999999,16.00585583333333,49.37274126009142,65.37859709342476,-33.36688542675809,,-1,看空状态,2023-07-04
2023-07-04,-19.4951,16.13330333333333,49.38090723889781,65.51421057223115,-33.24760390556448,,-1,看空状态,2023-07-05
2023-07-05,-40.3503,15.814683333333333,49.48718666428825,65.30186999762158,-33.67250333095492,看空触发,-1,看空状态,2023-07-06
2023-07-06,-13.4395,15.243885833333332,49.7381527834262,64.98203861675954,-34.49426695009287,,-1,看空状态,2023-07-07
2023-07-07,-45.17229999999999,14.8053625,49.757288388141546,64.56265088814155,-34.951925888141545,看空触发,-1,看空状态,2023-07-10
2023-07-10,12.303,14.521415833333332,50.0029718815078,64.52438771484113,-35.48155604817447,,-1,看空状态,2023-07-11
2023-07-11,34.8909,14.616181666666666,49.98777274508859,64.60395441175525,-35.37159107842193,,-1,看空状态,2023-07-12
2023-07-12,4.94560000000001,14.960689166666665,49.9838252326023,64.94451439926897,-35.02313606593563,,-1,看空状态,2023-07-13
2023-07-13,135.8464,14.848219166666665,49.99110979341591,64.83932896008257,-35.14289062674924,看多触发,1,看多状态,2023-07-14
2023-07-14,10.4519,14.917494999999999,50.1540712233157,65.0715662233157,-35.236576223315694,,1,看多状态,2023-07-17
2023-07-18,-87.6516,14.499072499999999,49.978364225921005,64.47743672592101,-35.47929172592101,看空触发,-1,看空状态,2023-07-19
2023-07-19,-49.3151,13.12695083333333,50.505402222760885,63.63235305609422,-37.37845138942755,看空触发,-1,看空状态,2023-07-20
2023-07-20,3.46650000000001,12.232554999999998,50.65395831669914,62.88651331669914,-38.42140331669914,,-1,看空状态,2023-07-21
2023-07-21,58.2507,11.626924999999998,50.316760905903855,61.943685905903855,-38.689835905903855,,-1,看空状态,2023-07-24
2023-07-24,-51.4256000000001,11.316949166666664,49.90896772341261,61.225916890079276,-38.59201855674594,看空触发,-1,看空状态,2023-07-25
2023-07-25,189.8341,9.777059166666664,48.95332874371952,58.730387910386185,-39.17626957705285,看多触发,1,看多状态,2023-07-26
2023-07-26,5.15130000000001,10.03878583333333,49.83085015960962,59.869635992942946,-39.79206432627629,,1,看多状态,2023-07-27
2023-07-27,37.4709,9.307715833333331,49.24536889409295,58.55308472742628,-39.937653060759615,,1,看多状态,2023-07-28
2023-07-28,164.0298,9.225357499999998,49.18943790857916,58.41479540857915,-39.964080408579164,看多触发,1,看多状态,2023-07-31
2023-07-31,93.4677,9.809496666666664,50.59981092069824,60.40930758736491,-40.79031425403157,看多触发,1,看多状态,2023-08-01
2023-08-01,48.5429,9.817022499999998,50.61228834252081,60.42931084252081,-40.79526584252081,,1,看多状态,2023-08-02
2023-08-02,-50.192,8.670353333333331,48.07922687018741,56.74958020352074,-39.40887353685408,看空触发,-1,看空状态,2023-08-03
2023-08-03,5.43369999999999,7.40674083333333,47.61086308109008,55.01760391442341,-40.20412224775675,,-1,看空状态,2023-08-04
2023-08-04,27.4204,6.870876666666663,47.26403961842513,54.13491628509179,-40.39316295175847,,-1,看空状态,2023-08-07
2023-08-07,-24.9765,6.874923333333331,47.265792648642815,54.14071598197614,-40.39086931530949,,-1,看空状态,2023-08-08
2023-08-08,-68.1455,7.020644166666664,47.13919115188286,54.159835318549526,-40.1185469852162,看空触发,-1,看空状态,2023-08-09
2023-08-09,-13.3188,6.49804833333333,47.623555012460756,54.121603345794085,-41.125506679127426,,-1,看空状态,2023-08-10
2023-08-10,-25.9863,6.7088016666666626,47.477997526012004,54.18679919267866,-40.769195859345345,,-1,看空状态,2023-08-11
2023-08-11,-123.375,6.607991666666664,47.53490944007965,54.142901106746315,-40.92691777341299,看空触发,-1,看空状态,2023-08-14
2023-08-14,-46.6321,4.571487499999997,47.82668751014304,52.398175010143035,-43.25520001014304,看空触发,-1,看空状态,2023-08-15
2023-08-15,-97.7342,4.46407583333333,47.92782550703482,52.39190134036815,-43.463749673701486,看空触发,-1,看空状态,2023-08-16
2023-08-16,-46.3917,3.591932499999997,48.826503313940584,52.41843581394058,-45.234570813940586,看空触发,-1,看空状态,2023-08-17
2023-08-17,-15.1854,3.15543833333333,49.03857379949249,52.19401213282582,-45.88313546615916,,-1,看空状态,2023-08-18
2023-08-18,-85.21889999999999,3.1841858333333306,49.02670206542026,52.21088789875359,-45.84251623208693,看空触发,-1,看空状态,2023-08-21
2023-08-21,-64.1232,1.907836666666664,49.31943536339429,51.22727203006095,-47.41159869672763,看空触发,-1,看空状态,2023-08-22
2023-08-22,-63.7805,1.2043599999999972,49.65587960259726,50.860239602597254,-48.451519602597266,看空触发,-1,看空状态,2023-08-23
2023-08-23,-104.6131,0.17258249999999709,49.709539352429175,49.88212185242917,-49.53695685242918,看空触发,-1,看空状态,2023-08-24
2023-08-24,32.3343,-0.8536958333333363,50.59061547792434,49.736919644591005,-51.44431131125767,,-1,看空状态,2023-08-25
2023-08-25,-24.0129,-0.18972416666666964,50.49812246305584,50.30839829638917,-50.687846629722515,,-1,看空状态,2023-08-28
2023-08-28,-82.4724,-0.21064000000000294,50.507543307685424,50.29690330768542,-50.71818330768543,看空触发,-1,看空状态,2023-08-29
2023-08-29,-6.8043,-0.47315166666666963,50.85425982275398,50.381108156087315,-51.32741148942065,,-1,看空状态,2023-08-30
2023-08-30,-24.6302000000001,-0.3699516666666696,50.828520574027834,50.45856890736116,-51.19847224069451,,-1,看空状态,2023-08-31
2023-08-31,-42.9638,-0.4665341666666704,50.8637977352609,50.397263568594234,-51.33033190192757,,-1,看空状态,2023-09-01
2023-09-04,68.8429,-1.408758333333337,50.592073851728564,49.183315518395226,-52.0008321850619,看多触发,1,看多状态,2023-09-05
2023-09-05,-46.0912,-0.8988583333333369,50.99096478646047,50.09210645312713,-51.8898231197938,,1,看多状态,2023-09-06
2023-09-06,0.40790000000005,-1.4551458333333371,51.117727579326846,49.662581745993506,-52.572873412660186,,1,看多状态,2023-09-07
2023-09-07,-70.723,-1.4580633333333364,51.11761019518173,49.6595468618484,-52.57567352851507,看空触发,-1,看空状态,2023-09-08
2023-09-11,22.4391,-2.031772500000003,51.507212246847985,49.47543974684798,-53.53898474684799,,-1,看空状态,2023-09-12
2023-09-12,-19.7953,-1.760257500000003,51.54995510664476,49.78969760664476,-53.31021260664476,,-1,看空状态,2023-09-13
2023-09-13,-65.9195,-1.577215000000003,51.445620920801765,49.86840592080176,-53.02283592080177,看空触发,-1,看空状态,2023-09-14
2023-09-14,-64.18220000000001,-1.685225000000003,51.567862714115805,49.8826377141158,-53.25308771411581,看空触发,-1,看空状态,2023-09-15
2023-09-15,-24.601,-2.4509258333333364,51.80944435169793,49.35851851836459,-54.26037018503126,,-1,看空状态,2023-09-18
2023-09-18,28.2917,-2.7188275000000033,51.84041892376799,49.12159142376799,-54.559246423767995,,-1,看空状态,2023-09-19
2023-09-19,-24.2287000000001,-2.7569083333333366,51.81573536007324,49.058827026739905,-54.572643693406576,,-1,看空状态,2023-09-20
2023-09-20,-35.3979,-3.0244275000000043,51.843253041665726,48.818825541665724,-54.86768054166573,,-1,看空状态,2023-09-21
2023-09-21,-43.3006,-3.9179591666666713,51.464982445948316,47.547023279281646,-55.382941612614985,,-1,看空状态,2023-09-22
2023-09-22,74.9289,-4.412335000000004,51.55666276554479,47.14432776554479,-55.9689977655448,看多触发,1,看多状态,2023-09-25
2023-09-25,-80.39359999999999,-4.145855833333338,51.88512152366368,47.73926569033034,-56.03097735699701,看空触发,-1,看空状态,2023-09-26
2023-09-26,-62.959,-4.855685833333338,52.342545947359895,47.486860114026555,-57.198231780693234,看空触发,-1,看空状态,2023-09-27
2023-09-27,18.0322,-5.781035833333338,52.38031975178557,46.59928391845223,-58.16135558511891,,-1,看空状态,2023-09-28
2023-09-28,-49.9512,-5.611253333333338,52.42456219320997,46.813308859876635,-58.03581552654331,,-1,看空状态,2023-10-09
2023-10-09,-74.6023,-5.969668333333337,52.58052472317776,46.61085638984442,-58.5501930565111,看空触发,-1,看空状态,2023-10-10
2023-10-10,-54.712700000000005,-6.6208933333333375,52.944373986688255,46.32348065335492,-59.56526732002159,,-1,看空状态,2023-10-11
2023-10-11,-3.8996000000000297,-7.437077500000004,52.92435802542571,45.48728052542571,-60.36143552542571,,-1,看空状态,2023-10-12
2023-10-12,66.1575,-7.870166666666671,52.67837891804539,44.80821225137872,-60.54854558471206,看多触发,1,看多状态,2023-10-13
2023-10-13,-64.3854,-7.458384166666671,53.06411938684508,45.60573522017841,-60.52250355351175,看空触发,-1,看空状态,2023-10-16
2023-10-16,-64.76939999999999,-8.043150000000004,53.30304319401185,45.259893194011845,-61.34619319401185,看空触发,-1,看空状态,2023-10-17
2023-10-17,-30.575,-8.278663333333336,53.491968327556386,45.21330499422305,-61.77063166088972,,-1,看空状态,2023-10-18
2023-10-18,-11.6064,-8.752321666666669,53.435148722759216,44.68282705609255,-62.18747038942588,,-1,看空状态,2023-10-19
2023-10-19,-117.0427,-8.498365000000002,53.34776436112889,44.84939936112889,-61.84612936112889,看空触发,-1,看空状态,2023-10-20
2023-10-20,-16.4622,-9.466480833333334,54.25455749929142,44.78807666595809,-63.72103833262476,,-1,看空状态,2023-10-23
2023-10-24,-50.4557,-10.139023333333336,53.831738613642436,43.6927152803091,-63.97076194697577,,-1,看空状态,2023-10-25
2023-10-25,-12.952,-10.719323333333335,53.88832801888597,43.169004685552636,-64.6076513522193,,-1,看空状态,2023-10-26
2023-10-26,12.2675,-11.015963333333335,53.801029041765865,42.785065708432526,-64.8169923750992,,-1,看空状态,2023-10-27
2023-10-27,46.6803,-10.837425000000001,53.84278199387277,43.005356993872766,-64.68020699387277,看多触发,1,看多状态,2023-10-30
2023-10-30,-23.9761,-10.839325833333335,53.84073022581193,43.0014043924786,-64.68005605914527,,1,看多状态,2023-10-31
2023-10-31,-47.5339,-10.404189166666669,53.518150514937126,43.11396134827046,-63.922339681603795,,1,看多状态,2023-11-01
2023-11-01,-20.8225,-10.481328333333334,53.56531365042372,43.08398531709038,-64.04664198375706,,1,看多状态,2023-11-02
2023-11-02,26.8174,-10.245080833333335,53.455640534154035,43.2105597008207,-63.70072136748737,,1,看多状态,2023-11-03
2023-11-03,71.08279999999999,-10.084210833333337,53.538514185120874,43.45430335178754,-63.62272501845421,看多触发,1,看多状态,2023-11-06
2023-11-06,52.73,-9.477983333333336,54.044132163872426,44.56614883053909,-63.52211549720576,看多触发,1,看多状态,2023-11-07
2023-11-07,-45.8757,-9.17068166666667,54.29364759769188,45.122965931025206,-63.464329264358554,,1,看多状态,2023-11-08
2023-11-08,-37.1,-9.433065000000003,54.39506735722694,44.962002357226936,-63.82813235722695,,1,看多状态,2023-11-09
2023-11-09,-0.63360000000004,-9.794998333333336,54.43376836815376,44.638770034820425,-64.22876670148709,,1,看多状态,2023-11-10
2023-11-10,-48.6412,-9.97106166666667,54.36910652044007,44.3980448537734,-64.34016818710674,,1,看多状态,2023-11-13
2023-11-13,-14.4279,-10.458360000000003,54.452090554173424,43.993730554173425,-64.91045055417342,,1,看多状态,2023-11-14
2023-11-14,-21.0929,-11.042873333333338,54.11119944527981,43.06832611194647,-65.15407277861314,,1,看多状态,2023-11-15
2023-11-15,36.2565,-11.221095000000002,54.108766925764456,42.88767192576445,-65.32986192576446,,1,看多状态,2023-11-16
2023-11-16,-21.9041,-11.029460833333335,54.23677098665979,43.20731015332646,-65.26623181999312,,1,看多状态,2023-11-17
2023-11-17,-28.5887,-11.552397500000003,54.03451994192105,42.48212244192104,-65.58691744192105,,1,看多状态,2023-11-20
2023-11-20,13.7297,-11.507237500000002,54.01785678738437,42.510619287384365,-65.52509428738438,,1,看多状态,2023-11-21
2023-11-21,1.42279999999999,-11.533370833333338,54.004771875546496,42.47140104221316,-65.53814270887983,,1,看多状态,2023-11-22
2023-11-22,-35.3855,-11.368520833333337,54.013952462225745,42.64543162889241,-65.38247329555908,,1,看多状态,2023-11-23
2023-11-23,50.5798,-11.477935833333337,54.04947843959027,42.571542606256926,-65.52741427292361,看多触发,1,看多状态,2023-11-24
2023-11-24,-61.9598,-11.400763333333336,54.13204437392883,42.73128104059549,-65.53280770726217,,1,看多状态,2023-11-27
2023-11-27,3.3402,-11.252415833333338,53.96727098552459,42.714855152191255,-65.21968681885792,,1,看多状态,2023-11-28
2023-11-28,28.3446,-10.851057500000001,53.894554479267846,43.04349697926784,-64.74561197926785,,1,看多状态,2023-11-29
2023-11-29,-50.8,-9.818058333333337,53.44229665869755,43.62423832536422,-63.260354992030884,,1,看多状态,2023-11-30
2023-11-30,85.1631,-10.361130833333336,53.52550154187924,43.1643707085459,-63.88663237521257,看多触发,1,看多状态,2023-12-01
2023-12-01,-49.9727,-9.70556166666667,54.21105055585946,44.50548888919279,-63.916612222526126,,1,看多状态,2023-12-04
2023-12-04,-14.4083,-9.805492500000003,54.27462582138134,44.469133321381335,-64.08011832138135,,1,看多状态,2023-12-05
2023-12-05,-75.2067,-9.77543166666667,54.27103917564633,44.49560750897966,-64.046470842313,看空触发,-1,看空状态,2023-12-06
2023-12-06,23.417600000000004,-11.11335416666667,53.884008454867086,42.77065428820042,-64.99736262153375,,-1,看空状态,2023-12-07
2023-12-07,3.73159999999996,-10.816972500000002,53.97600248999703,43.15902998999702,-64.79297498999703,,-1,看空状态,2023-12-08
2023-12-08,4.59960000000006,-10.696088333333336,53.99233980302899,43.296251469695655,-64.68842813636232,,-1,看空状态,2023-12-11
2023-12-11,-32.592600000000004,-10.867007500000003,53.910440968827885,43.043433468827885,-64.77744846882788,,-1,看空状态,2023-12-12
2023-12-12,-50.2393,-11.384570833333337,53.81754829488711,42.432977461553776,-65.20211912822045,,-1,看空状态,2023-12-13
2023-12-13,-95.8981,-11.683155833333338,53.933738982393734,42.2505831490604,-65.61689481572708,看空触发,-1,看空状态,2023-12-14
2023-12-14,34.6276,-12.238172500000003,54.45666781504337,42.21849531504336,-66.69484031504336,,-1,看空状态,2023-12-15
2023-12-15,-41.65560000000001,-11.930320000000004,54.617421437922786,42.687101437922784,-66.5477414379228,,-1,看空状态,2023-12-18
2023-12-18,27.2699,-12.09458416666667,54.67739972021073,42.58281555354406,-66.7719838868774,,-1,看空状态,2023-12-19
2023-12-19,-21.1268,-12.634078333333338,53.95622136390879,41.32214303057545,-66.59029969724213,,-1,看空状态,2023-12-20
2023-12-20,-15.4217,-13.688930000000003,52.85425187608476,39.16532187608476,-66.54318187608476,,-1,看空状态,2023-12-21
2023-12-21,12.0282,-13.696900833333338,52.854442050902286,39.15754121756895,-66.55134288423562,,-1,看空状态,2023-12-22
2023-12-22,-25.1098,-13.741825000000002,52.830057845275654,39.088232845275655,-66.57188284527565,,-1,看空状态,2023-12-25
2023-12-27,56.7795,-13.89763666666667,52.835831323993304,38.93819465732663,-66.73346799065997,看多触发,1,看多状态,2023-12-28
2023-12-28,135.5843,-13.600908333333336,53.13358692046133,39.532678587128,-66.73449525379468,看多触发,1,看多状态,2023-12-29
2023-12-29,-5.66200000000001,-12.254695833333336,54.8369748925849,42.58227905925156,-67.09167072591823,,1,看多状态,2024-01-02
2024-01-02,-52.693900000000006,-11.96257666666667,54.77742011059451,42.81484344392784,-66.73999677726118,,1,看多状态,2024-01-03
2024-01-03,16.8905,-11.767855833333337,54.58885937092345,42.821003537590116,-66.35671520425679,,1,看多状态,2024-01-04
2024-01-04,-39.3636,-11.933372500000003,54.470489540238894,42.53711704023889,-66.40386204023889,,1,看多状态,2024-01-05
2024-01-05,19.9175,-12.485184166666668,54.40962799098287,41.9244438243162,-66.89481215764954,,1,看多状态,2024-01-08
2024-01-08,-43.4653,-12.156745833333336,54.485859469115674,42.329113635782335,-66.64260530244901,,1,看多状态,2024-01-09
2024-01-09,0.18760000000002,-12.182704166666669,54.500144566591736,42.31744039992507,-66.68284873325841,,1,看多状态,2024-01-10
2024-01-10,6.89650000000001,-12.069145000000002,54.51169966032483,42.44255466032483,-66.58084466032483,,1,看多状态,2024-01-11
2024-01-11,42.3051,-11.635238333333337,54.45318754341062,42.81794921007729,-66.08842587674395,,1,看多状态,2024-01-12
2024-01-12,-30.3176,-11.385220833333335,54.63260224951398,43.247381416180644,-66.01782308284731,,1,看多状态,2024-01-15
2024-01-15,-3.54759999999998,-11.928625000000004,54.49256731745261,42.56394231745261,-66.42119231745261,,1,看多状态,2024-01-16
2024-01-16,-41.3313,-11.99940166666667,54.47597946016085,42.47657779349418,-66.47538112682751,,1,看多状态,2024-01-17
2024-01-17,-130.5664,-13.475882500000003,52.810794983693384,39.33491248369338,-66.28667748369338,看空触发,-1,看空状态,2024-01-18
2024-01-18,-7.411200000000029,-14.651035000000002,53.83296297797798,39.18192797797798,-68.48399797797798,,-1,看空状态,2024-01-19
2024-01-19,-52.0861,-13.982365000000003,53.41530945588236,39.43294445588236,-67.39767445588237,,-1,看空状态,2024-01-22
2024-01-22,10.4739,-14.00545666666667,53.43130886680856,39.42585220014189,-67.43676553347522,,-1,看空状态,2024-01-23
2024-01-23,37.8997,-13.947061666666668,53.454388609728454,39.507326943061784,-67.40145027639512,,-1,看空状态,2024-01-24
2024-01-24,-5.38950000000001,-14.116653333333337,53.255318610845634,39.138665277512295,-67.37197194417897,,-1,看空状态,2024-01-25
2024-01-25,62.9353,-13.733019166666669,53.150008969685985,39.41698980301932,-66.88302813635265,看多触发,1,看多状态,2024-01-26
2024-01-26,15.1004,-14.79050916666667,50.24897305776677,35.458463891100095,-65.03948222443344,,1,看多状态,2024-01-29
2024-01-29,-5.923800000000011,-14.707600000000003,50.29034370584914,35.58274370584914,-64.99794370584914,,1,看多状态,2024-01-30
2024-01-30,17.4237,-15.069222500000002,50.06751647546798,34.99829397546798,-65.13673897546798,,1,看多状态,2024-01-31
2024-01-31,37.010999999999896,-16.290940000000003,47.376926574931574,31.08598657493157,-63.66786657493158,看多触发,1,看多状态,2024-02-01
2024-02-01,27.2634,-16.761412500000002,46.55093748065477,29.789524980654765,-63.31234998065477,,1,看多状态,2024-02-02
2024-02-02,23.6018,-16.93874166666667,46.340132820391545,29.401391153724877,-63.27887448705822,,1,看多状态,2024-02-05
2024-02-05,12.11,-16.323793333333338,46.38475537585716,30.060962042523823,-62.708548709190495,,1,看多状态,2024-02-06
2024-02-06,126.0458,-16.268157500000004,46.41506554786986,30.146908047869854,-62.68322304786986,看多触发,1,看多状态,2024-02-07
2024-02-07,16.8384,-15.44627916666667,48.039912785419816,32.593633618753145,-63.486191952086486,,1,看多状态,2024-02-08
2024-02-08,5.82999999999993,-15.09782166666667,48.12178684377638,33.02396517710971,-63.219608510443045,,1,看多状态,2024-02-19
2024-02-19,-63.7242,-14.48135916666667,47.90987445254624,33.42851528587957,-62.39123361921291,看空触发,-1,看空状态,2024-02-20
2024-02-20,-1.23109999999997,-14.901404166666671,48.12009709874006,33.21869293207339,-63.021501265406734,,-1,看空状态,2024-02-21
2024-02-21,135.94899999999998,-14.695110833333336,48.125239372790375,33.43012853945704,-62.82035020612371,看多触发,1,看多状态,2024-02-22
2024-02-22,36.8952,-12.534077500000002,49.01813445164874,36.48405695164874,-61.552211951648744,看多触发,1,看多状态,2024-02-23
2024-02-23,-0.9243,-11.83801666666667,49.12280626641037,37.2847895997437,-60.96082293307704,,1,看多状态,2024-02-26
2024-02-26,-13.1259,-11.031267500000004,48.49116829898722,37.45990079898721,-59.522435798987225,,1,看多状态,2024-02-27
2024-02-27,122.4823,-10.754052500000002,48.3822855002468,37.6282330002468,-59.1363380002468,看多触发,1,看多状态,2024-02-28
2024-02-28,13.397,-9.60682166666667,49.885159935554306,40.27833826888764,-59.491981602220974,,1,看多状态,2024-02-29
2024-02-29,166.0338,-8.785022500000004,49.43937120485564,40.654348704855636,-58.22439370485564,看多触发,1,看多状态,2024-03-01
2024-03-01,-53.3322,-6.8670475000000035,51.6877983285134,44.8207508285134,-58.55484582851341,,1,看多状态,2024-03-04
2024-03-04,-70.60679999999991,-6.779978333333337,51.59984615201187,44.81986781867853,-58.37982448534521,看空触发,-1,看空状态,2024-03-05
2024-03-05,15.5356,-6.496592500000003,51.14944796204431,44.65285546204431,-57.64604046204432,,-1,看空状态,2024-03-06
2024-03-06,-14.5966,-6.63658166666667,51.06519846760741,44.42861680094074,-57.70178013427408,,-1,看空状态,2024-03-07
2024-03-07,-21.405,-6.558112500000004,51.04550379080814,44.487391290808134,-57.60361629080815,,-1,看空状态,2024-03-08
2024-03-08,60.0025,-6.049217500000003,50.584644557906046,44.53542705790604,-56.63386205790605,看多触发,1,看多状态,2024-03-11
2024-03-11,102.6123,-5.4924941666666705,50.94262812484192,45.45013395817524,-56.43512229150859,看多触发,1,看多状态,2024-03-12
2024-03-12,42.4407000000001,-4.432140000000002,51.85698533967949,47.424845339679486,-56.289125339679494,,1,看多状态,2024-03-13
2024-03-13,15.6665,-3.7204358333333345,51.90975330245252,48.18931746911919,-55.630189135785855,,1,看多状态,2024-03-14
2024-03-14,64.22189999999999,-4.163572500000001,51.51053797902654,47.34696547902654,-55.67411047902654,看多触发,1,看多状态,2024-03-15
2024-03-15,103.2577,-3.244296666666668,51.73982796615407,48.495531299487396,-54.98412463282074,看多触发,1,看多状态,2024-03-18
2024-03-18,28.2507,-2.3872150000000016,52.64478650826484,50.25757150826484,-55.03200150826485,,1,看多状态,2024-03-19
2024-03-19,-70.11,-1.5624341666666683,52.339600730183676,50.77716656351701,-53.902034896850346,看空触发,-1,看空状态,2024-03-20
2024-03-20,55.6836,-2.3336766666666686,52.66382523255408,50.33014856588741,-54.99750189922075,看多触发,1,看多状态,2024-03-21
2024-03-21,-60.2028,-1.7046858333333352,52.903714715489194,51.19902888215586,-54.60840054882253,看空触发,-1,看空状态,2024-03-22
2024-03-22,-31.3847,-1.6570466666666683,52.84794863503456,51.190901968367896,-54.50499530170123,,-1,看空状态,2024-03-25
2024-03-25,55.7112,-1.3837341666666683,52.60612722112762,51.22239305446095,-53.98986138779429,看多触发,1,看多状态,2024-03-26
2024-03-26,47.2505,-0.714465833333335,52.818715614917195,52.10424978158386,-53.53318144825053,,1,看多状态,2024-03-27
2024-03-27,-72.4933,-0.5564758333333351,52.934434994651895,52.37795916131856,-53.49091082798523,看空触发,-1,看空状态,2024-03-28
2024-03-28,23.3455,-0.9586808333333342,53.29792551080684,52.33924467747351,-54.256606344140174,,-1,看空状态,2024-03-29
2024-04-02,-16.1786,-0.4691525000000008,53.24870074695235,52.77954824695235,-53.71785324695235,,-1,看空状态,2024-04-03
2024-04-03,-22.7497,-0.2431358333333341,53.12278431873109,52.87964848539776,-53.365920152064426,,-1,看空状态,2024-04-08
2024-04-08,-30.4468,-1.0571241666666675,52.70799507685576,51.65087091018909,-53.76511924352243,,-1,看空状态,2024-04-09
2024-04-09,10.5503,-0.6409008333333343,52.271630903649,51.630730070315664,-52.91253173698233,,-1,看空状态,2024-04-10
2024-04-10,-41.1411,-0.028323333333334175,51.965013410452706,51.93669007711937,-51.99333674378604,,-1,看空状态,2024-04-11
2024-04-11,20.2153,-0.5214341666666675,52.07283607238614,51.55140190571947,-52.594270239052804,,-1,看空状态,2024-04-12
2024-04-12,-73.8533000000001,0.06328666666666584,51.90681154740976,51.97009821407642,-51.8435248807431,看空触发,-1,看空状态,2024-04-15
2024-04-15,81.0842,0.0695283333333317,51.89780199635926,51.967330329692594,-51.82827366302593,看多触发,1,看多状态,2024-04-16
2024-04-16,-27.92740000000009,1.201169166666665,52.17303559668291,53.374204763349574,-50.97186643001624,,1,看多状态,2024-04-17
2024-04-17,-2.31529999999999,1.0009374999999976,52.238841929533976,53.239779429533975,-51.23790442953398,,1,看多状态,2024-04-18
2024-04-18,-52.8488,0.4303308333333311,51.89398087606611,52.32431170939944,-51.46365004273278,看空触发,-1,看空状态,2024-04-19
2024-04-19,-64.89970000000011,0.5264691666666645,51.783463389930496,52.30993255659716,-51.25699422326383,看空触发,-1,看空状态,2024-04-22
2024-04-22,13.8864000000001,0.5253833333333302,51.78484541453013,52.31022874786346,-51.2594620811968,,-1,看空状态,2024-04-23
2024-04-23,-29.9652,0.8958949999999977,51.71947319443513,52.61536819443513,-50.823578194435136,,-1,看空状态,2024-04-24
2024-04-24,46.0568,0.7429049999999976,51.783879916469566,52.526784916469566,-51.040974916469565,,-1,看空状态,2024-04-25
2024-04-25,3.49029999999999,2.1020674999999978,50.797429109819035,52.89949660981903,-48.69536160981904,,-1,看空状态,2024-04-26
2024-04-26,224.4899,2.268338333333331,50.768799998293815,53.03713833162715,-48.50046166496048,看多触发,1,看多状态,2024-04-29
2024-04-29,108.924,4.559551666666664,54.440754519487456,59.00030618615412,-49.88120285282079,看多触发,1,看多状态,2024-04-30
2024-04-30,-86.1666,5.575184999999997,55.242262234047224,60.81744723404722,-49.66707723404723,看空触发,-1,看空状态,2024-05-06
2024-05-06,93.15670000000009,4.754900833333332,55.86931186415495,60.62421269748828,-51.11441103082162,看多触发,1,看多状态,2024-05-07
2024-05-07,-21.399,5.142204166666664,56.321657215513035,61.4638613821797,-51.17945304884637,,1,看多状态,2024-05-08
2024-05-08,-40.4425,5.1636799999999985,56.310951219669256,61.474631219669256,-51.14727121966926,,1,看多状态,2024-05-09
2024-05-09,80.1424000000001,5.222774999999999,56.258880433977566,61.481655433977565,-51.03610543397757,看多触发,1,看多状态,2024-05-10
2024-05-10,-63.0353,6.064149166666666,56.6199164929213,62.684065659587965,-50.55576732625463,看空触发,-1,看空状态,2024-05-13
2024-05-13,-45.90729999999999,5.315376666666666,56.9364038204292,62.251780487095864,-51.62102715376253,,-1,看空状态,2024-05-14
2024-05-14,-66.70020000000001,4.340459166666665,56.80225824436841,61.14271741103508,-52.46179907770174,看空触发,-1,看空状态,2024-05-15
2024-05-16,60.674,3.345207499999999,56.99325132868204,60.33845882868204,-53.64804382868204,看多触发,1,看多状态,2024-05-17
2024-05-17,139.5577,4.2331216666666664,57.049936747989605,61.283058414656274,-52.816815081322936,看多触发,1,看多状态,2024-05-20
2024-05-20,53.325500000000005,5.705269166666667,58.24123889348974,63.946508060156404,-52.53596972682307,,1,看多状态,2024-05-21
2024-05-21,-19.6729,6.1549283333333324,58.399970426516646,64.55489875984998,-52.245042093183315,,1,看多状态,2024-05-22
2024-05-22,47.7598,6.396330833333334,58.23118926396548,64.62752009729881,-51.83485843063215,,1,看多状态,2024-05-23
2024-05-23,-32.6635,6.914561666666667,58.32095760188507,65.23551926855174,-51.406395935218406,,1,看多状态,2024-05-24
2024-05-24,-40.3947,6.81814,58.37718896450091,65.1953289645009,-51.55904896450091,,1,看多状态,2024-05-27
2024-05-27,27.4756,6.17938,58.471649402435034,64.65102940243503,-52.29226940243503,,1,看多状态,2024-05-28
2024-05-28,-50.5461,6.5908775,58.446100127345645,65.03697762734565,-51.85522262734565,,1,看多状态,2024-05-29
2024-05-29,33.9889,6.407899166666667,58.5913537651334,64.99925293180007,-52.18345459846673,,1,看多状态,2024-05-30
2024-05-30,10.4526,6.576725833333333,58.64179426603166,65.218520099365,-52.065068432698325,,1,看多状态,2024-05-31
2024-05-31,-77.979,6.651974166666666,58.640918695274564,65.29289286194123,-51.988944528607895,看空触发,-1,看空状态,2024-06-03
2024-06-03,15.3938,6.297028333333333,59.02515190092921,65.32218023426255,-52.72812356759588,,-1,看空状态,2024-06-04
2024-06-04,33.778,6.0038116666666665,58.89056426260865,64.89437592927531,-52.886752595941985,,-1,看空状态,2024-06-05
2024-06-05,-56.80479999999999,6.801626666666666,58.6099269214606,65.41155358812726,-51.808300254793934,看空触发,-1,看空状态,2024-06-06
2024-06-06,67.7323,6.300418333333332,58.89624486028395,65.19666319361728,-52.59582652695062,看多触发,1,看多状态,2024-06-07
2024-06-07,-7.05189999999999,6.628649166666666,59.129423156854465,65.75807232352113,-52.500773990187795,,1,看多状态,2024-06-11
2024-06-11,-74.9697,6.993216666666667,58.906813733629015,65.90003040029568,-51.913597066962346,看空触发,-1,看空状态,2024-06-12
2024-06-12,-33.3530000000001,5.658776666666667,58.934888815239695,64.59366548190636,-53.27611214857303,,-1,看空状态,2024-06-13
2024-06-13,-63.0579,5.797274166666665,58.822476766161714,64.61975093282838,-53.025202599495046,看空触发,-1,看空状态,2024-06-14
2024-06-14,-47.3528,5.391860833333333,59.12975445459241,64.52161528792574,-53.737893621259076,,-1,看空状态,2024-06-17
2024-06-17,-33.0128,5.623976666666666,58.864780346816474,64.48875701348314,-53.24080368014981,,-1,看空状态,2024-06-18
2024-06-18,-23.1191,5.153723333333332,58.94678360334392,64.10050693667725,-53.793060270010585,,-1,看空状态,2024-06-19
2024-06-19,-72.3561,4.929967499999999,59.003161464084606,63.9331289640846,-54.07319396408461,看空触发,-1,看空状态,2024-06-20
2024-06-20,-32.7037,4.288669999999999,59.423495767400425,63.71216576740042,-55.13482576740043,,-1,看空状态,2024-06-21
2024-06-21,0.03989999999991,4.287744166666665,59.4240760784503,63.71182024511696,-55.136331911783635,,-1,看空状态,2024-06-24
2024-06-24,-4.0278000000000205,4.706737499999999,59.21326335498155,63.92000085498155,-54.50652585498155,,-1,看空状态,2024-06-25
2024-06-25,-33.674,5.472323333333331,58.491088204135785,63.96341153746911,-53.01876487080246,,-1,看空状态,2024-06-26
2024-06-26,-19.8232,4.903143333333332,58.53729753242046,63.44044086575379,-53.63415419908713,,-1,看空状态,2024-06-27
2024-06-27,-109.5753,5.085079999999997,58.425195471873764,63.51027547187376,-53.340115471873766,看空触发,-1,看空状态,2024-06-28
2024-06-28,49.4847,3.944703333333331,59.31724237227955,63.26194570561288,-55.37253903894622,,-1,看空状态,2024-07-01
2024-07-02,-55.2771,4.533132499999998,59.416593261850956,63.94972576185096,-54.883460761850955,看空触发,-1,看空状态,2024-07-03
2024-07-03,-14.0296,4.201004166666665,59.640046785631704,63.84105095229837,-55.43904261896504,,-1,看空状态,2024-07-04
2024-07-04,-39.6649,3.9838558333333314,59.65874368117471,63.64259951450804,-55.67488784784138,,-1,看空状态,2024-07-05
2024-07-05,-30.4975,3.8625633333333314,59.73314084205095,63.595704175384284,-55.870577508717616,,-1,看空状态,2024-07-08
2024-07-08,-21.9992,3.135254999999998,59.61463500766644,62.749890007666444,-56.47938000766644,,-1,看空状态,2024-07-09
2024-07-09,141.1068,1.8220591666666646,58.39568833051123,60.21774749717789,-56.573629163844565,看多触发,1,看多状态,2024-07-10
2024-07-10,-17.8316,3.045132499999998,59.7587188067628,62.8038513067628,-56.7135863067628,,1,看多状态,2024-07-11
2024-07-11,30.4579,3.3356516666666645,59.56990825609858,62.90555992276524,-56.234256589431915,,1,看多状态,2024-07-12
2024-07-12,27.3352,3.4487133333333313,59.60871368226245,63.05742701559578,-56.16000034892912,,1,看多状态,2024-07-15
2024-07-15,-29.3952,4.004536666666665,59.51705130991356,63.52158797658023,-55.512514643246895,,1,看多状态,2024-07-16
2024-07-16,-28.7612,3.5935974999999982,59.57646761230969,63.17006511230969,-55.98287011230969,,1,看多状态,2024-07-17
2024-07-17,-88.8032,3.7161316666666644,59.49392985199232,63.21006151865898,-55.77779818532566,看空触发,-1,看空状态,2024-07-18
2024-07-18,13.5173,2.9745416666666644,60.089930959807134,63.0644726264738,-57.11538929314047,,-1,看空状态,2024-07-19
2024-07-19,-59.7901,3.0297149999999977,60.09660145260761,63.126316452607604,-57.06688645260761,看空触发,-1,看空状态,2024-07-22
2024-07-22,19.7336,2.1789216666666635,60.25837161452607,62.43729328119273,-58.07944994785941,,-1,看空状态,2024-07-23
2024-07-23,-41.8305,2.5960149999999973,60.20474571564654,62.80076071564653,-57.608730715646544,,-1,看空状态,2024-07-24
2024-07-24,-22.7646,2.276990833333331,60.338855149887976,62.615845983221305,-58.06186431655465,,-1,看空状态,2024-07-25
2024-07-25,-65.8177,2.4317133333333305,60.24983287475821,62.68154620809154,-57.818119541424885,看空触发,-1,看空状态,2024-07-26
2024-07-26,-3.48649999999998,2.9712858333333307,59.33168330856444,62.302969141897776,-56.36039747523111,,-1,看空状态,2024-07-29
2024-07-29,-49.85189999999999,3.003991666666664,59.326993536556834,62.3309852032235,-56.32300186989017,,-1,看空状态,2024-07-30
2024-07-30,-24.4477,3.022609999999998,59.30990768305076,62.33251768305076,-56.28729768305076,,-1,看空状态,2024-07-31
2024-07-31,195.7996,2.7315966666666642,59.35869360926826,62.09029027593492,-56.6270969426016,看多触发,1,看多状态,2024-08-01
2024-08-01,-57.0134,4.047429166666665,61.842968319114995,65.89039748578166,-57.79553915244833,,1,看多状态,2024-08-02
2024-08-02,-32.2973,3.617229999999998,62.088235911891495,65.7054659118915,-58.471005911891496,,1,看多状态,2024-08-05
2024-08-05,2.87950000000001,2.823624999999998,61.932097444321926,64.75572244432192,-59.108472444321926,,1,看多状态,2024-08-06
2024-08-06,-62.5051,2.7217841666666645,61.92178706595128,64.64357123261794,-59.20000289928461,看空触发,-1,看空状态,2024-08-07
2024-08-07,-21.355100000000004,2.250273333333331,62.20295728440088,64.4532306177342,-59.95268395106755,,-1,看空状态,2024-08-08
2024-08-08,11.0306,1.9271166666666646,62.224194046370705,64.15131071303738,-60.29707737970404,,-1,看空状态,2024-08-09
2024-08-09,-77.6493,1.7106133333333322,62.146246486949074,63.85685982028241,-60.43563315361574,看空触发,-1,看空状态,2024-08-12
2024-08-12,-7.72990000000002,0.8363408333333322,62.52057725038961,63.35691808372294,-61.684236417056276,,-1,看空状态,2024-08-13
2024-08-13,-25.2739,0.5752433333333321,62.490121619967084,63.06536495330042,-61.91487828663375,,-1,看空状态,2024-08-14
2024-08-14,-71.6644,0.263710833333332,62.525309296302474,62.78902012963581,-62.26159846296914,看空触发,-1,看空状态,2024-08-15
2024-08-15,122.0584,-1.383874166666668,61.78351176679258,60.399637600125914,-63.167385933459244,看多触发,1,看多状态,2024-08-16
2024-08-16,-67.7499,-0.5070408333333345,62.782856421625205,62.27581558829187,-63.28989725495854,看空触发,-1,看空状态,2024-08-19
