日期,指数,等权静态市盈率,静态市盈率,静态市盈率中位数,等权滚动市盈率,滚动市盈率,滚动市盈率中位数
2007-01-15,2197.14,57.84,30.83,42.21,48.89,30.73,36.09
2007-01-16,2263.73,60.91,32.72,46.14,52.77,32.61,39.36
2007-01-17,2225.5,60.49,32.18,45.41,52.54,32.08,39.51
2007-01-18,2244.06,61.32,31.91,46.19,53.82,31.78,40.11
2007-01-19,2321.36,62.73,32.78,47.41,55.07,32.65,41.95
2007-01-22,2417.01,65.29,33.97,49.61,57.17,33.74,43.02
2007-01-23,2430.22,64.74,37.08,50.14,57.27,37.99,42.95
2007-01-24,2456.74,64.72,37.07,50.06,57.18,37.98,43.56
2007-01-25,2367.27,62.68,35.5,47.7,55.29,36.37,41.47
2007-01-26,2415.02,63.39,35.84,48.05,55.17,36.72,41.61
2007-01-29,2481.14,64.17,36.57,49.91,56.7,37.46,42.91
2007-01-30,2461.32,63.95,36.37,49.62,57.09,37.26,42.36
2007-01-31,2309.14,61.55,34.51,46.32,54.46,35.36,40.11
2007-02-01,2322.05,60.85,34.5,46.77,54.96,35.35,40.48
2007-02-02,2240.11,59.39,33.02,45.63,53.83,33.86,39.45
2007-02-05,2226.79,59.62,32.25,46.01,54.33,33.07,39.69
2007-02-06,2271.17,60.58,33.0,46.92,55.14,33.84,40.8
2007-02-07,2321.07,61.26,33.5,47.84,55.88,34.35,41.06
2007-02-08,2361.53,62.0,33.72,48.94,56.85,34.59,42.11
2007-02-09,2353.79,61.86,33.59,48.67,56.78,34.45,41.85
2007-02-12,2432.79,63.4,34.5,49.35,58.2,35.39,42.72
2007-02-13,2471.23,64.49,34.8,50.32,58.56,35.61,43.66
2007-02-14,2533.05,65.47,35.71,51.2,59.76,36.54,44.39
2007-02-15,2611.84,66.28,36.82,53.29,61.26,37.69,45.58
2007-02-16,2625.09,67.33,36.87,53.11,62.22,37.71,46.08
2007-02-26,2673.16,69.39,37.32,54.48,63.23,38.16,46.98
2007-02-27,2428.06,64.19,33.98,50.6,59.22,34.73,43.01
2007-02-28,2519.74,65.85,35.3,52.04,61.83,36.08,44.43
2007-03-01,2453.43,63.9,34.25,50.34,60.07,35.0,42.78
2007-03-02,2490.61,64.69,34.64,50.72,60.84,35.41,43.72
2007-03-05,2467.99,64.54,34.06,50.76,61.1,34.84,44.23
2007-03-06,2502.27,65.19,34.64,50.43,61.18,35.52,44.24
2007-03-07,2569.82,66.71,35.32,51.69,62.88,36.22,45.26
2007-03-08,2611.76,66.68,35.59,52.05,63.24,36.54,45.98
2007-03-09,2600.46,66.23,35.58,52.09,63.64,36.6,45.45
2007-03-12,2618.58,66.25,35.65,52.63,62.95,36.75,46.25
2007-03-13,2644.15,66.72,35.7,52.57,63.17,36.84,46.61
2007-03-14,2607.61,65.47,34.94,52.54,62.45,36.09,45.96
2007-03-15,2656.46,66.05,35.68,53.51,63.89,37.31,46.94
2007-03-16,2613.28,65.7,35.23,52.9,63.76,36.95,46.65
2007-03-19,2664.51,66.46,36.09,53.51,65.0,37.89,47.09
2007-03-20,2689.09,67.08,36.01,53.82,64.91,37.68,47.4
2007-03-21,2723.28,67.42,36.28,54.84,65.63,37.96,48.91
2007-03-22,2730.32,67.04,36.26,54.57,65.49,38.02,48.39
2007-03-23,2743.1,67.04,36.22,55.02,65.71,36.34,48.58
2007-03-26,2801.23,68.14,36.56,56.51,65.51,36.9,50.94
2007-03-27,2828.61,68.27,36.67,56.98,65.91,37.03,51.2
2007-03-28,2830.08,67.32,36.87,55.8,64.74,37.37,50.49
2007-03-29,2792.34,66.81,37.2,53.19,64.98,37.77,48.69
2007-03-30,2798.94,66.62,37.04,53.58,65.16,37.6,48.95
2007-04-02,2866.62,67.56,37.41,53.66,66.06,38.11,50.24
2007-04-03,2907.06,67.89,37.6,54.08,66.85,38.55,50.8
2007-04-04,2933.77,67.78,37.43,54.82,66.17,37.25,51.38
2007-04-05,2971.98,68.57,37.7,55.23,67.24,37.55,52.39
2007-04-06,3004.38,69.41,37.76,55.87,67.99,37.63,53.61
2007-04-09,3067.96,70.56,38.57,56.69,69.25,38.46,54.25
2007-04-10,3105.6,71.24,37.78,57.15,69.74,38.58,54.19
2007-04-11,3147.18,71.82,37.84,57.6,70.65,39.01,55.13
2007-04-12,3207.5,72.6,38.01,59.25,71.49,39.03,56.45
2007-04-13,3195.01,72.87,37.8,58.31,71.2,38.89,56.89
2007-04-16,3284.33,74.06,38.7,60.13,72.67,38.54,57.7
2007-04-17,3329.67,75.66,38.4,60.82,73.33,38.45,58.26
2007-04-18,3367.85,76.33,38.25,60.8,73.86,37.83,59.06
2007-04-19,3200.01,70.63,36.16,57.56,70.91,35.97,56.38
2007-04-20,3347.79,72.88,37.48,60.36,73.32,37.28,58.14
2007-04-23,3495.23,74.92,38.81,61.9,73.62,38.54,60.28
2007-04-24,3515.2,74.73,38.85,61.89,74.56,38.55,60.71
2007-04-25,3513.5,74.55,39.11,61.68,73.87,38.59,59.35
2007-04-26,3559.23,75.61,39.46,62.33,73.43,38.68,60.44
2007-04-27,3540.14,75.52,39.11,61.28,73.37,37.15,58.67
2007-04-30,3620.35,74.39,39.48,60.88,73.62,36.84,58.61
2007-05-08,3761.53,76.69,40.01,64.3,75.7,38.64,61.22
2007-05-09,3774.91,76.97,40.64,63.76,76.5,39.25,61.13
2007-05-10,3799.39,77.53,40.98,64.12,75.71,39.58,61.21
2007-05-11,3778.42,76.4,40.61,64.64,75.51,39.22,60.63
2007-05-14,3808.25,77.18,40.89,63.81,75.91,39.48,61.21
2007-05-15,3677.98,75.4,39.42,61.77,73.49,38.06,59.11
2007-05-16,3778.79,76.99,40.26,63.16,75.06,38.88,61.1
2007-05-17,3862.79,78.68,40.84,65.23,76.75,39.43,62.33
2007-05-18,3864.52,79.21,41.34,64.49,76.75,39.93,62.66
2007-05-21,3936.93,81.03,41.73,65.79,78.47,40.3,63.92
2007-05-22,3989.42,81.24,42.08,67.23,79.6,40.65,66.1
2007-05-23,4070.52,82.29,42.75,69.8,80.47,41.29,67.49
2007-05-24,4053.53,81.33,42.52,69.29,80.39,41.06,66.31
2007-05-25,4121.69,83.28,42.75,69.86,81.94,41.28,67.39
2007-05-28,4214.41,84.62,43.76,72.22,82.69,42.26,69.18
2007-05-29,4308.66,86.01,44.78,74.59,84.0,43.29,70.15
2007-05-30,4000.71,80.54,41.88,69.04,79.26,40.49,65.16
2007-05-31,3986.66,79.42,42.74,66.49,77.35,41.25,63.53
2007-06-01,3819.3,75.85,41.69,62.9,74.19,40.25,60.18
2007-06-04,3516.65,70.49,38.21,58.09,69.11,36.89,55.05
2007-06-05,3619.45,72.27,39.35,59.27,70.02,38.0,56.14
2007-06-06,3670.32,73.47,39.52,60.74,70.87,38.16,56.89
2007-06-07,3812.34,75.83,40.66,64.17,73.8,39.26,59.9
2007-06-08,3855.03,77.14,40.9,64.69,74.34,39.49,60.46
2007-06-11,3950.32,79.07,41.78,66.36,76.38,40.35,62.43
2007-06-12,4056.27,79.61,42.54,68.01,77.41,41.09,63.81
2007-06-13,4155.25,82.01,43.59,70.86,79.55,42.09,66.21
2007-06-14,4108.7,80.85,42.92,70.35,78.06,41.44,65.5
2007-06-15,4127.55,80.77,43.03,69.56,77.98,41.55,64.88
2007-06-18,4253.65,82.77,44.28,72.61,80.04,42.76,67.96
2007-06-19,4294.45,83.2,44.36,72.37,80.85,42.84,68.83
2007-06-20,4190.59,81.51,43.4,70.67,79.21,41.92,67.41
2007-06-21,4215.28,81.67,44.02,70.94,79.63,42.51,67.32
2007-06-22,4044.92,78.43,42.64,66.72,75.01,41.19,63.18
2007-06-25,3848.69,74.03,41.13,62.5,72.58,39.74,59.1
2007-06-26,3905.3,75.84,41.51,63.94,73.57,40.11,60.91
2007-06-27,4012.45,77.65,42.69,65.56,75.67,41.25,61.96
2007-06-28,3811.87,73.78,40.94,61.4,71.38,39.56,58.18
2007-06-29,3699.34,71.53,40.07,59.14,68.96,38.71,55.24
2007-07-02,3708.31,72.14,40.5,58.25,68.64,39.13,54.53
2007-07-03,3779.0,73.7,41.22,60.24,69.82,39.82,55.85
2007-07-04,3692.41,71.93,40.34,58.74,68.48,38.98,54.1
2007-07-05,3479.05,69.35,38.18,54.28,65.35,36.89,50.68
2007-07-06,3659.82,72.54,39.96,57.97,68.23,38.61,53.99
2007-07-09,3772.34,73.56,41.09,59.88,70.04,39.69,56.01
2007-07-10,3712.92,72.29,41.09,58.39,68.35,39.69,54.06
2007-07-11,3734.78,71.87,41.26,59.02,68.25,39.85,54.8
2007-07-12,3759.51,72.3,41.75,59.37,68.85,40.32,55.18
2007-07-13,3758.34,72.11,41.72,59.2,68.94,40.29,55.3
2007-07-16,3636.55,70.93,40.73,57.46,67.3,39.33,53.72
2007-07-17,3724.53,71.39,41.56,58.66,68.24,40.12,54.18
2007-07-18,3741.42,71.55,41.88,58.63,68.57,40.47,54.19
2007-07-19,3744.73,72.32,41.65,59.42,68.58,40.24,54.82
2007-07-20,3904.75,73.86,43.26,61.99,69.84,41.75,57.02
2007-07-23,4091.11,76.76,44.91,64.62,72.84,43.3,59.43
2007-07-24,4096.56,76.79,44.84,64.55,72.35,43.23,59.57
2007-07-25,4194.73,78.63,46.05,65.97,74.24,44.36,61.28
2007-07-26,4250.72,79.85,46.23,67.36,74.72,44.3,61.74
2007-07-27,4272.31,79.99,46.18,67.95,75.51,44.21,62.62
2007-07-30,4370.17,81.63,47.23,69.08,76.66,45.2,63.73
2007-07-31,4420.19,81.73,47.53,70.0,76.98,45.29,64.1
2007-08-01,4234.14,79.11,45.76,66.85,73.54,43.59,60.15
2007-08-02,4386.0,81.18,46.97,69.0,76.03,44.73,61.98
2007-08-03,4525.85,82.63,48.69,70.11,76.62,46.35,62.25
2007-08-06,4628.63,83.24,49.45,71.84,78.16,47.06,63.36
2007-08-07,4636.22,83.06,49.68,70.98,77.96,47.25,62.79
2007-08-08,4575.81,82.97,49.83,70.84,76.51,47.32,61.8
2007-08-09,4669.65,82.81,50.87,71.14,77.21,48.27,62.63
2007-08-10,4609.33,81.63,50.77,69.73,75.36,47.79,62.4
2007-08-13,4600.7,81.79,51.53,69.25,75.48,48.42,61.74
2007-08-14,4682.14,82.44,52.04,71.03,76.62,48.83,61.93
2007-08-15,4679.1,82.28,51.98,70.64,75.74,48.24,61.14
2007-08-16,4626.73,82.37,50.82,70.49,75.46,47.04,61.32
2007-08-17,4542.97,81.6,49.62,70.22,74.67,45.01,60.55
2007-08-20,4781.82,84.24,52.34,73.41,76.63,47.22,62.86
2007-08-21,4860.99,84.86,52.93,74.12,76.47,46.94,62.15
2007-08-22,4935.02,85.68,53.27,74.75,77.1,47.06,62.61
2007-08-23,5010.49,86.97,53.85,75.9,78.06,47.4,63.88
2007-08-24,5074.76,86.3,54.68,76.15,78.48,45.81,63.85
2007-08-27,5089.93,86.13,55.28,75.42,77.5,45.62,62.18
2007-08-28,5097.72,86.88,55.8,75.03,76.71,44.49,62.25
2007-08-29,5030.28,85.82,54.8,74.45,75.51,43.33,61.22
2007-08-30,5116.21,88.13,55.42,76.8,76.43,43.65,62.99
2007-08-31,5171.07,88.12,56.0,77.43,75.66,44.02,63.33
2007-09-03,5290.07,89.85,57.07,79.09,77.4,44.86,64.63
2007-09-04,5238.67,89.55,56.74,78.37,77.21,44.61,64.18
2007-09-05,5247.88,90.12,56.9,78.99,77.48,44.74,64.17
2007-09-06,5297.74,90.37,57.71,79.53,78.28,45.37,64.14
2007-09-07,5179.16,88.91,56.36,77.3,76.88,44.31,62.42
2007-09-10,5265.05,90.52,57.14,79.35,77.91,44.92,63.63
2007-09-11,4997.92,85.89,54.44,74.96,74.8,42.8,59.45
2007-09-12,5070.11,87.0,55.12,76.06,76.27,43.34,60.24
2007-09-13,5205.85,88.35,56.35,76.65,76.76,44.31,61.58
2007-09-14,5256.72,89.75,56.78,77.9,77.78,44.65,62.71
2007-09-17,5359.85,91.45,57.86,78.58,78.91,45.49,63.39
2007-09-18,5354.24,91.9,57.83,80.29,78.7,45.47,64.34
2007-09-19,5294.82,90.66,57.59,78.62,78.0,45.28,63.87
2007-09-20,5364.07,91.84,58.47,79.89,78.76,45.98,64.98
2007-09-21,5332.01,91.09,58.42,78.38,78.12,45.94,65.73
2007-09-24,5372.92,91.69,58.85,78.55,78.52,46.27,65.21
2007-09-25,5318.09,90.69,58.43,78.43,77.35,45.94,63.98
2007-09-26,5228.1,89.26,57.42,77.34,77.87,45.13,63.35
2007-09-27,5288.21,90.22,58.32,78.06,78.28,45.84,64.0
2007-09-28,5430.64,92.33,59.9,80.5,80.0,47.09,65.39
2007-10-08,5486.94,92.38,61.5,81.06,79.37,48.35,65.11
2007-10-09,5516.64,93.04,61.76,81.56,79.89,48.56,66.02
2007-10-10,5516.56,92.7,62.28,81.18,79.61,48.97,65.45
2007-10-11,5549.39,91.09,63.86,79.83,79.34,50.18,64.73
2007-10-12,5505.64,90.03,63.69,77.51,76.89,50.03,62.73
2007-10-15,5569.75,89.37,64.99,78.43,77.02,51.03,62.99
2007-10-16,5624.46,90.77,65.77,79.33,77.6,51.62,64.08
2007-10-17,5580.48,90.73,65.14,78.89,77.14,51.09,63.05
2007-10-18,5394.54,87.99,62.77,76.63,75.62,49.21,60.97
2007-10-19,5393.13,88.29,62.6,76.4,75.35,49.04,60.49
2007-10-22,5256.32,86.29,61.05,74.17,73.2,47.72,59.07
2007-10-23,5308.39,86.56,63.59,73.7,73.18,49.58,58.57
2007-10-24,5324.96,85.2,64.36,72.41,71.75,49.9,57.08
2007-10-25,5052.57,81.94,61.33,68.35,67.42,47.31,53.12
2007-10-26,5094.77,82.53,61.88,67.76,67.3,47.15,52.49
2007-10-29,5195.68,83.58,63.74,68.62,67.96,47.33,52.39
2007-10-30,5285.19,84.43,65.32,69.95,67.33,48.2,52.64
2007-10-31,5391.91,86.68,65.95,71.78,69.28,48.12,53.58
2007-11-01,5301.56,85.5,65.5,69.48,67.43,47.79,52.39
2007-11-02,5177.11,82.96,63.94,67.87,66.31,46.36,50.66
2007-11-05,5096.9,83.87,62.25,68.3,66.59,45.11,51.0
2007-11-06,5070.98,84.28,61.25,68.63,67.37,44.38,51.26
2007-11-07,5094.6,84.19,61.98,68.57,67.58,44.92,51.19
2007-11-08,4856.55,81.34,58.91,66.53,65.09,42.68,49.0
2007-11-09,4804.02,81.02,58.83,65.93,64.39,42.63,48.83
2007-11-12,4743.94,80.27,57.58,64.83,63.57,41.72,48.25
2007-11-13,4717.24,79.85,57.13,64.86,63.76,41.39,47.81
2007-11-14,4909.65,81.82,59.94,66.89,65.73,43.43,49.74
2007-11-15,4847.94,80.58,59.43,65.89,64.8,43.07,49.33
2007-11-16,4792.52,80.51,58.83,66.09,64.81,42.63,49.02
2007-11-19,4802.79,82.0,56.95,67.6,66.25,44.17,50.07
2007-11-20,4873.52,83.11,57.0,68.34,67.13,44.21,50.74
2007-11-21,4804.23,82.33,56.21,67.55,66.21,43.59,50.33
2007-11-22,4587.69,79.5,53.69,64.89,63.5,41.64,48.32
2007-11-23,4669.86,80.34,54.26,66.05,64.68,42.08,49.3
2007-11-26,4617.29,79.71,53.47,65.37,64.23,41.46,49.02
2007-11-27,4539.06,79.72,52.42,64.83,64.36,40.65,48.47
2007-11-28,4483.99,79.08,51.68,64.15,63.89,40.07,47.41
2007-11-29,4657.04,80.61,53.93,65.97,65.59,41.81,48.85
2007-11-30,4562.4,79.76,52.51,65.03,65.01,40.71,48.53
2007-12-03,4599.91,79.9,52.57,65.66,65.32,40.76,48.62
2007-12-04,4648.93,79.71,53.13,65.49,65.07,41.2,48.92
2007-12-05,4772.06,80.68,54.57,66.58,66.0,42.31,49.72
2007-12-06,4779.89,81.03,54.48,66.87,66.37,42.24,49.85
2007-12-07,4849.72,82.02,55.08,68.67,67.09,42.7,50.54
2007-12-10,4947.39,83.88,55.84,70.56,68.6,43.29,52.09
2007-12-11,4963.34,84.16,55.89,71.61,69.05,43.32,52.71
2007-12-12,4916.81,84.57,55.0,71.78,69.47,42.63,53.05
2007-12-13,4736.43,82.03,53.46,69.27,67.21,41.44,51.54
2007-12-14,4829.69,84.01,54.05,70.59,68.45,41.9,52.87
2007-12-17,4737.63,84.26,52.58,70.38,68.73,40.75,52.94
2007-12-18,4708.18,83.35,52.16,70.17,67.94,40.43,52.91
2007-12-19,4819.51,84.46,53.32,71.88,69.39,41.32,53.89
2007-12-20,4902.11,85.28,54.4,73.13,69.64,42.16,54.43
2007-12-21,4967.33,86.55,55.04,74.08,70.71,42.66,55.22
2007-12-24,5066.51,86.94,56.42,75.45,72.12,43.73,56.15
2007-12-25,5083.08,87.46,56.07,76.21,72.41,43.45,56.65
2007-12-26,5141.34,89.1,56.39,77.78,73.72,43.71,57.49
2007-12-27,5231.87,89.75,57.27,78.94,73.81,44.39,58.26
2007-12-28,5205.74,89.38,56.72,78.81,73.87,43.97,57.58
2008-01-02,5278.92,92.64,56.38,80.9,74.52,44.72,59.79
2008-01-03,5329.96,92.97,54.89,81.13,75.4,45.14,61.31
2008-01-04,5380.78,93.45,55.41,81.61,75.43,45.57,61.21
2008-01-07,5459.6,94.89,55.7,82.66,77.1,45.78,62.62
2008-01-08,5406.77,93.18,55.69,80.65,75.21,45.8,61.33
2008-01-09,5505.88,94.75,56.23,82.48,76.98,46.22,63.46
2008-01-10,5557.09,95.26,56.53,82.9,77.44,46.47,63.46
2008-01-11,5577.2,95.36,56.84,83.19,77.59,46.72,63.57
2008-01-14,5616.75,96.63,57.0,84.02,78.5,46.85,64.23
2008-01-15,5597.5,97.46,56.49,84.61,78.44,46.42,64.72
2008-01-16,5432.36,96.08,54.81,83.64,77.06,45.03,63.12
2008-01-17,5293.28,94.2,53.34,81.46,75.61,43.82,61.27
2008-01-18,5341.16,94.52,53.68,82.92,75.75,44.09,61.97
2008-01-21,5084.98,90.37,50.93,79.65,73.15,41.66,59.27
2008-01-22,4688.1,85.39,47.26,73.05,69.08,38.66,54.71
2008-01-23,4913.08,88.72,48.74,76.07,71.78,39.86,57.0
2008-01-24,4988.54,90.64,48.88,78.84,73.68,39.95,59.19
2008-01-25,5031.21,90.66,49.35,79.91,73.31,40.34,58.76
2008-01-28,4686.91,86.53,45.78,74.15,69.68,37.41,55.47
2008-01-29,4731.1,87.52,46.1,75.45,70.02,37.69,56.58
2008-01-30,4692.88,87.23,45.7,76.16,70.02,37.37,56.13
2008-01-31,4583.53,84.96,45.29,73.95,68.2,37.01,53.87
2008-02-01,4501.31,82.63,44.65,70.18,65.99,36.53,51.89
2008-02-04,4872.52,86.5,48.24,74.83,69.8,39.51,56.19
2008-02-05,4854.67,85.99,47.35,73.93,70.55,38.94,56.52
2008-02-13,4767.39,85.64,46.22,73.14,69.97,38.01,55.9
2008-02-14,4837.98,86.98,46.89,74.72,71.0,38.55,57.19
2008-02-15,4780.94,86.28,46.3,74.12,70.28,38.08,56.36
2008-02-18,4890.52,88.7,47.02,75.77,72.15,38.69,58.36
2008-02-19,4994.95,88.96,48.01,77.05,73.68,39.54,59.5
2008-02-20,4898.79,87.77,46.95,75.87,72.83,38.7,58.47
2008-02-21,4887.4,88.65,46.46,75.9,72.69,38.34,59.06
2008-02-22,4726.05,86.37,44.83,74.42,71.88,37.0,57.59
2008-02-25,4550.38,83.64,42.94,71.37,70.21,35.46,55.59
2008-02-26,4546.91,82.95,43.25,71.2,69.24,35.71,54.82
2008-02-27,4666.5,84.29,44.25,72.53,70.32,36.54,55.9
2008-02-28,4655.41,83.89,43.59,72.25,70.34,36.21,56.34
2008-02-29,4710.78,84.45,44.01,72.51,70.27,36.62,56.78
2008-03-03,4837.49,85.77,44.86,74.02,71.84,37.31,58.12
2008-03-04,4737.37,84.85,43.59,73.3,71.44,36.37,57.5
2008-03-05,4709.24,84.92,43.12,73.05,71.4,36.0,57.32
2008-03-06,4754.87,84.49,43.73,73.1,71.98,36.54,57.26
2008-03-07,4682.51,84.15,43.07,71.21,70.83,36.03,56.38
2008-03-10,4499.18,81.84,41.31,68.23,69.38,34.64,54.12
2008-03-11,4521.21,81.77,41.41,68.84,69.89,34.75,54.72
2008-03-12,4390.25,79.93,40.46,66.9,68.38,33.96,53.41
2008-03-13,4263.02,78.19,39.35,64.61,67.22,33.11,52.08
2008-03-14,4225.52,77.79,39.21,63.97,66.3,33.0,51.46
2008-03-17,3998.72,72.85,37.1,58.56,62.7,31.65,47.95
2008-03-18,3774.53,68.8,35.27,52.69,58.58,30.26,43.84
2008-03-19,3912.31,71.42,35.7,54.26,60.65,30.94,45.48
2008-03-20,4036.77,72.86,35.32,55.33,61.9,31.13,47.03
2008-03-21,4077.19,72.68,35.13,56.1,62.76,31.12,47.82
2008-03-24,3917.61,70.72,33.5,54.25,61.28,29.7,46.62
2008-03-25,3966.69,71.54,33.56,54.53,62.0,29.77,47.23
2008-03-26,3970.03,71.08,30.65,54.24,61.72,29.12,46.89
2008-03-27,3791.77,67.83,28.89,50.62,58.9,27.57,44.45
2008-03-28,3949.03,67.68,30.07,51.41,60.24,28.87,45.57
2008-03-31,3807.59,64.73,29.11,48.66,58.51,28.0,43.15
2008-04-01,3573.4,59.85,27.82,44.75,54.13,26.77,39.89
2008-04-02,3502.33,56.86,27.96,41.98,51.59,26.91,38.31
2008-04-03,3600.9,58.4,28.8,42.98,52.81,27.73,39.12
2008-04-07,3802.4,61.32,29.96,45.87,56.19,29.35,41.9
2008-04-08,3856.09,61.7,30.0,46.32,57.25,29.46,42.74
2008-04-09,3652.9,58.61,28.3,43.66,53.97,27.89,40.12
2008-04-10,3727.81,59.52,28.57,44.59,55.31,28.27,40.83
2008-04-11,3763.0,60.09,28.7,44.98,55.78,28.42,41.62
2008-04-14,3516.39,56.48,27.03,41.58,51.96,26.77,38.84
2008-04-15,3577.8,57.81,27.37,42.73,53.51,27.19,39.08
2008-04-16,3489.34,56.58,26.88,41.87,52.31,26.7,38.31
2008-04-17,3379.92,54.74,26.28,40.3,50.55,26.11,36.64
2008-04-18,3254.09,51.58,25.15,37.67,48.16,25.02,34.5
2008-04-21,3245.13,50.88,25.12,36.96,47.92,25.07,34.19
2008-04-22,3256.98,49.57,25.18,35.86,46.55,25.2,33.63
2008-04-23,3409.83,51.4,26.25,37.46,47.85,25.53,34.99
2008-04-24,3725.79,54.88,28.66,40.81,50.8,27.84,37.96
2008-04-25,3755.09,55.59,28.37,40.92,51.67,27.45,37.94
2008-04-28,3692.09,55.26,27.64,40.14,51.36,27.3,37.6
2008-04-29,3735.56,54.82,27.92,40.71,50.9,27.52,37.99
2008-04-30,3907.6,56.3,29.24,42.19,52.99,28.15,39.78
2008-05-05,4012.0,57.47,29.81,43.35,54.85,28.69,41.02
2008-05-06,3973.97,57.27,29.53,42.92,54.64,28.42,40.46
2008-05-07,3789.48,55.82,28.28,40.87,52.61,27.22,38.38
2008-05-08,3898.92,56.74,28.87,42.64,54.4,27.78,39.59
2008-05-09,3863.43,56.68,28.52,42.68,54.32,27.45,40.1
2008-05-12,3901.45,57.08,28.65,43.53,55.31,27.57,40.32
2008-05-13,3862.33,57.68,28.18,43.24,55.22,27.12,40.96
2008-05-14,3977.75,58.72,28.97,44.85,56.26,27.88,42.11
2008-05-15,3948.28,58.16,28.8,44.33,55.81,27.72,41.49
2008-05-16,3926.21,58.47,28.68,43.69,55.48,27.6,40.64
2008-05-19,3908.73,58.11,28.5,43.5,55.43,27.43,40.31
2008-05-20,3696.1,55.81,27.21,41.11,52.07,26.18,38.45
2008-05-21,3772.49,56.89,28.0,42.23,53.34,26.95,39.17
2008-05-22,3709.01,56.38,27.49,41.27,53.9,26.46,38.64
2008-05-23,3671.87,55.85,27.39,40.85,53.0,26.37,37.99
2008-05-26,3560.33,54.57,26.56,39.44,51.47,25.56,37.01
2008-05-27,3576.67,54.83,26.65,39.77,51.69,25.65,37.47
2008-05-28,3676.51,56.04,27.32,40.89,53.12,26.3,38.33
2008-05-29,3581.51,54.88,26.86,40.11,52.11,25.85,37.13
2008-05-30,3606.5,55.12,27.11,39.88,52.3,26.09,37.58
2008-06-02,3624.73,55.63,27.29,40.27,52.76,26.27,37.87
2008-06-03,3611.98,54.8,27.12,40.05,52.25,26.1,37.84
2008-06-04,3545.49,54.1,26.64,39.48,51.61,25.64,37.14
2008-06-05,3508.52,53.18,26.48,39.18,51.09,25.49,36.81
2008-06-06,3485.04,53.07,26.31,39.08,50.07,25.32,36.51
2008-06-10,3197.55,49.71,24.26,35.53,46.93,23.35,33.58
2008-06-11,3127.73,48.34,23.82,34.78,45.95,22.93,32.88
2008-06-12,3078.28,47.87,23.31,34.37,45.59,22.44,32.59
2008-06-13,2963.7,45.55,22.61,32.9,44.03,21.76,31.29
2008-06-16,2928.39,44.96,22.67,32.29,43.46,21.82,30.82
2008-06-17,2803.34,42.5,22.03,30.57,41.12,21.2,29.03
2008-06-18,2953.03,44.56,23.18,32.37,42.74,22.32,30.62
2008-06-19,2730.36,41.15,21.68,29.43,39.45,20.87,28.06
2008-06-20,2802.93,41.8,22.32,29.99,39.99,21.49,28.54
2008-06-23,2746.69,41.52,21.75,29.46,39.58,20.94,27.88
2008-06-24,2813.83,42.51,22.09,30.48,40.79,21.26,29.05
2008-06-25,2939.44,44.79,22.89,32.09,43.06,22.05,30.48
2008-06-26,2956.09,45.28,22.85,32.65,43.6,22.01,31.18
2008-06-27,2782.99,42.44,21.62,30.49,40.49,20.82,29.15
2008-06-30,2768.77,42.39,21.5,30.56,40.75,20.71,29.17
2008-07-01,2685.27,41.18,20.92,29.63,39.22,20.19,28.32
2008-07-02,2695.58,41.88,20.85,30.11,39.89,20.12,28.77
2008-07-03,2769.98,43.71,21.23,31.39,41.62,20.48,29.97
2008-07-04,2755.11,43.72,20.99,31.32,41.64,20.25,29.66
2008-07-07,2897.23,45.96,21.96,33.02,43.81,21.19,31.29
2008-07-08,2921.86,46.37,22.12,33.6,44.53,21.34,31.75
2008-07-09,3028.07,47.56,22.98,34.64,45.7,22.16,32.43
2008-07-10,2980.56,46.44,22.66,33.69,44.7,21.85,31.55
2008-07-11,2960.63,46.47,22.49,33.38,44.4,21.69,31.4
2008-07-14,2991.53,47.47,22.64,33.97,45.36,21.85,31.64
2008-07-15,2876.09,46.05,21.83,32.62,44.03,21.06,30.71
2008-07-16,2759.57,43.72,21.23,31.29,41.77,20.49,29.32
2008-07-17,2731.78,43.14,21.1,30.54,41.2,20.36,29.27
2008-07-18,2828.22,44.6,21.82,31.9,42.54,21.05,30.29
2008-07-21,2928.55,46.4,22.47,33.39,44.33,21.69,31.52
2008-07-22,2925.71,46.53,22.35,33.49,44.38,21.57,31.45
2008-07-23,2903.3,46.22,22.29,33.37,43.74,21.53,31.31
2008-07-24,2993.18,47.37,22.87,34.2,44.82,22.07,31.8
2008-07-25,2957.34,46.88,22.52,33.69,44.25,21.73,31.4
2008-07-28,2983.23,47.16,22.79,34.22,44.88,21.97,31.83
2008-07-29,2926.4,46.67,22.37,33.56,44.01,21.55,31.08
2008-07-30,2906.18,46.39,22.28,33.38,44.15,21.44,30.82
2008-07-31,2820.42,44.68,21.79,32.13,42.11,20.96,29.55
2008-08-01,2857.88,45.37,22.02,32.47,42.86,21.18,29.89
2008-08-04,2789.69,44.32,21.54,31.99,42.18,20.72,29.43
2008-08-05,2715.79,42.99,21.13,31.12,40.9,20.31,28.53
2008-08-06,2731.76,43.13,21.38,31.07,40.59,20.55,28.72
2008-08-07,2734.73,43.46,21.44,30.94,40.58,20.59,28.66
2008-08-08,2590.26,40.59,20.48,29.21,38.43,19.6,26.7
2008-08-11,2443.04,38.13,19.48,26.93,36.22,18.62,24.4
2008-08-12,2425.95,37.49,19.43,26.24,35.73,18.54,24.11
2008-08-13,2426.13,37.38,19.32,26.41,35.59,18.41,24.04
2008-08-14,2427.53,37.53,19.22,26.06,35.89,18.33,24.16
2008-08-15,2428.74,37.36,19.3,26.13,35.7,18.38,24.1
2008-08-18,2285.69,34.84,18.28,24.5,33.1,17.42,22.15
2008-08-19,2320.95,35.44,18.47,25.12,33.66,17.55,22.52
2008-08-20,2505.47,38.03,19.89,27.18,36.0,18.87,24.6
2008-08-21,2417.25,36.74,19.17,26.02,34.96,18.07,23.68
2008-08-22,2376.66,35.76,18.97,25.5,34.44,17.68,23.37
2008-08-25,2371.49,35.95,19.03,25.38,34.7,17.42,23.09
2008-08-26,2291.01,34.62,18.58,24.02,33.22,16.94,21.87
2008-08-27,2284.65,34.24,18.54,24.06,32.66,16.68,21.9
2008-08-28,2292.77,34.27,18.61,23.97,32.58,17.0,21.97
2008-08-29,2350.94,35.35,18.99,24.64,33.42,17.28,22.71
2008-09-01,2271.99,34.02,18.38,24.31,32.09,16.77,22.37
2008-09-02,2256.45,34.24,18.21,24.29,32.33,16.61,22.36
2008-09-03,2222.04,34.4,17.98,24.09,32.16,16.4,22.4
2008-09-04,2229.64,34.67,17.98,24.18,32.42,16.4,22.34
2008-09-05,2154.86,33.77,17.4,23.15,31.26,15.87,21.52
2008-09-08,2088.0,32.15,17.0,22.16,30.07,15.51,20.43
2008-09-09,2101.52,32.13,17.01,22.22,30.47,15.51,20.55
2008-09-10,2107.78,32.35,17.03,22.49,30.37,15.53,20.69
2008-09-11,2044.01,32.0,16.44,21.84,30.09,14.99,20.23
2008-09-12,2049.41,32.03,16.45,21.98,30.1,15.0,20.33
2008-09-16,1979.45,31.62,15.65,21.49,29.7,14.26,19.79
2008-09-17,1915.54,31.0,15.09,20.88,29.08,13.76,19.42
2008-09-18,1877.95,30.49,14.85,20.37,28.57,13.54,19.0
2008-09-19,2055.42,32.71,16.27,22.34,30.94,14.83,20.88
2008-09-22,2180.8,33.96,17.55,23.44,32.1,16.01,22.13
2008-09-23,2086.07,32.22,17.28,21.99,30.46,15.77,20.58
2008-09-24,2107.56,32.98,17.35,22.64,30.82,15.83,20.99
2008-09-25,2184.29,33.45,17.98,23.38,31.57,16.4,21.65
2008-09-26,2199.72,33.76,17.97,23.39,31.55,16.39,21.71
2008-10-06,2092.58,32.48,17.0,22.26,30.76,15.51,20.77
2008-10-07,2070.32,32.4,16.89,22.34,30.64,15.41,20.31
2008-10-08,1997.41,31.61,16.33,21.61,29.86,14.89,19.93
2008-10-09,1970.46,31.56,16.18,21.3,29.49,14.75,19.75
2008-10-10,1874.07,29.78,15.58,19.89,27.49,14.21,18.6
2008-10-13,1943.11,30.43,16.2,20.37,28.2,14.78,19.15
2008-10-14,1891.58,29.59,15.78,19.79,27.35,14.4,18.51
2008-10-15,1873.69,29.37,15.64,19.53,27.12,14.27,18.35
2008-10-16,1779.38,28.05,14.95,18.4,26.22,13.64,17.23
2008-10-17,1793.54,28.06,15.1,18.66,26.58,13.78,17.42
2008-10-20,1855.71,29.06,15.45,19.37,26.79,14.05,18.13
2008-10-21,1842.85,28.99,15.33,19.31,26.85,13.94,18.04
2008-10-22,1798.13,28.4,14.88,18.9,26.35,13.51,17.57
2008-10-23,1802.88,28.71,14.7,19.24,26.52,13.34,17.78
2008-10-24,1755.84,28.32,14.39,18.91,26.71,13.05,17.67
2008-10-27,1628.24,26.51,13.49,17.5,25.0,12.28,16.47
2008-10-28,1676.08,27.16,13.88,17.88,25.43,12.75,16.79
2008-10-29,1625.4,26.4,13.46,17.27,24.1,12.32,16.25
2008-10-30,1659.15,26.96,13.82,17.5,24.77,12.51,16.51
2008-10-31,1626.67,26.43,13.57,17.03,24.88,12.23,16.3
2008-11-03,1614.19,26.02,13.53,16.9,24.55,12.2,16.18
2008-11-04,1588.56,25.98,13.44,16.57,24.16,12.12,15.72
2008-11-05,1648.8,26.48,13.88,17.11,24.98,12.51,16.14
2008-11-06,1610.58,26.0,13.54,16.81,24.55,12.2,15.83
2008-11-07,1637.66,26.44,13.78,17.06,24.62,12.42,16.18
2008-11-10,1758.5,28.01,14.77,18.4,26.42,13.31,17.36
2008-11-11,1739.79,27.76,14.55,18.17,26.25,13.11,17.17
2008-11-12,1764.28,28.43,14.67,18.53,26.13,13.21,17.52
2008-11-13,1837.45,29.37,15.19,19.41,27.33,13.68,18.26
2008-11-14,1909.05,30.36,15.64,20.44,27.8,14.09,18.99
2008-11-17,1961.91,31.41,15.96,21.25,28.33,14.36,19.96
2008-11-18,1816.9,29.42,14.94,19.52,27.67,13.44,18.31
2008-11-19,1932.1,31.43,15.83,20.97,28.43,14.24,19.64
2008-11-20,1916.65,31.52,15.56,20.87,28.99,13.99,19.88
2008-11-21,1901.84,31.11,15.47,20.47,28.66,13.91,19.54
2008-11-24,1820.46,29.84,14.9,19.71,27.78,13.4,19.01
2008-11-25,1814.84,29.68,14.85,19.57,27.62,13.36,18.87
2008-11-26,1823.54,29.78,14.93,19.73,27.72,13.43,18.84
2008-11-27,1850.2,30.15,15.1,19.82,28.09,13.57,19.01
2008-11-28,1814.2,30.13,14.71,19.72,27.71,13.22,18.9
2008-12-01,1856.99,30.99,14.87,20.6,28.46,13.36,19.59
2008-12-02,1868.14,31.24,14.82,21.0,28.23,13.32,20.04
2008-12-03,1951.06,32.52,15.43,21.76,29.34,13.87,20.76
2008-12-04,1974.46,32.51,15.73,22.05,29.31,14.14,21.02
2008-12-05,2010.61,33.1,15.87,22.34,30.09,14.27,21.39
2008-12-08,2093.69,34.56,16.43,23.38,31.45,14.77,22.37
2008-12-09,2039.68,33.67,16.01,22.66,30.61,14.39,21.73
2008-12-10,2095.81,34.55,16.35,23.43,31.44,14.69,22.22
2008-12-11,2042.51,33.91,15.96,22.71,30.53,14.33,21.64
2008-12-12,1955.53,32.44,15.35,21.76,29.19,13.77,20.83
2008-12-15,1975.37,33.06,15.42,22.12,29.78,13.83,21.25
2008-12-16,1998.19,33.56,15.5,22.4,30.22,13.91,21.45
2008-12-17,2008.95,33.96,15.51,22.77,30.62,13.92,21.78
2008-12-18,2051.27,34.59,15.81,23.21,31.19,14.2,22.14
2008-12-19,2060.76,34.52,15.82,23.28,31.49,14.2,22.27
2008-12-22,2033.2,34.15,15.57,23.26,31.46,13.97,22.25
2008-12-23,1927.44,32.75,14.87,21.68,29.53,13.35,21.1
2008-12-24,1893.34,32.09,14.62,20.98,28.91,13.12,20.59
2008-12-25,1879.14,31.55,14.53,20.63,28.7,13.04,20.33
2008-12-26,1868.33,31.22,14.53,20.41,28.73,13.03,20.19
2008-12-29,1862.74,31.56,14.47,20.52,28.74,12.98,20.22
2008-12-30,1843.25,31.29,14.32,20.26,28.53,12.84,19.95
2008-12-31,1824.4,31.1,14.24,20.13,28.04,12.78,19.79
2009-01-05,1892.05,32.88,14.82,21.49,29.3,13.3,20.31
2009-01-06,1953.61,33.38,15.27,22.51,29.99,13.69,21.05
2009-01-07,1946.88,33.51,15.14,22.58,30.57,13.57,21.2
2009-01-08,1902.26,33.03,14.77,22.11,29.85,13.24,20.83
2009-01-09,1937.21,33.86,14.98,22.8,30.57,13.42,21.34
2009-01-12,1944.89,34.28,14.94,22.92,30.58,13.39,21.52
2009-01-13,1898.54,33.75,14.64,22.33,30.18,13.12,20.8
2009-01-14,1976.74,33.97,15.16,23.2,30.95,13.59,21.48
2009-01-15,1980.5,34.7,15.06,23.25,31.33,13.54,21.83
2009-01-16,2011.5,34.7,15.35,23.5,31.64,13.8,22.01
2009-01-19,2028.69,35.21,15.64,23.46,31.95,14.09,22.04
2009-01-20,2043.1,35.5,15.7,23.86,32.2,14.14,22.17
2009-01-21,2040.86,35.51,15.63,23.76,32.26,14.12,22.52
2009-01-22,2066.57,35.72,15.78,24.26,32.38,14.25,22.79
2009-01-23,2053.57,35.52,15.65,24.04,32.53,14.14,22.66
2009-02-02,2086.3,35.9,15.81,24.79,33.54,14.27,23.01
2009-02-03,2139.8,36.83,16.18,25.58,34.07,14.61,23.5
2009-02-04,2196.14,37.69,16.57,26.14,34.86,14.95,24.04
2009-02-05,2176.26,37.16,16.48,25.9,34.04,14.87,23.78
2009-02-06,2266.15,38.58,17.15,27.22,35.65,15.47,25.01
2009-02-09,2330.04,39.83,17.51,28.29,36.78,15.79,25.66
2009-02-10,2368.35,40.88,17.81,28.66,37.87,16.08,26.16
2009-02-11,2372.78,40.9,17.79,28.47,37.58,16.06,26.27
2009-02-12,2372.24,41.18,17.66,28.86,38.2,15.94,26.76
2009-02-13,2455.38,42.3,18.25,30.02,39.58,16.47,27.57
2009-02-16,2515.31,43.11,18.79,30.46,40.34,16.96,27.77
2009-02-17,2431.54,41.46,18.23,29.29,39.16,16.46,27.01
2009-02-18,2323.83,40.35,17.34,28.25,37.58,15.67,26.3
2009-02-19,2352.39,41.17,17.47,28.55,38.44,15.8,26.56
2009-02-20,2406.31,42.01,17.73,29.39,39.44,16.04,27.48
2009-02-23,2477.4,42.84,18.09,30.35,41.21,16.38,29.08
2009-02-24,2368.05,41.82,17.27,29.3,39.94,15.64,27.83
2009-02-25,2373.23,41.37,17.31,29.31,39.76,15.68,27.84
2009-02-26,2243.62,39.43,16.65,27.17,37.73,15.09,26.19
2009-02-27,2174.13,38.06,16.37,25.89,36.07,14.84,24.77
2009-03-02,2205.38,38.47,16.46,26.23,36.86,14.95,25.42
2009-03-03,2191.5,38.54,16.25,26.5,37.39,14.8,25.77
2009-03-04,2334.83,39.85,17.25,28.19,39.32,15.72,27.28
2009-03-05,2354.5,40.17,17.45,28.32,38.89,15.9,27.39
2009-03-06,2336.37,39.94,17.22,27.89,39.36,15.7,27.27
2009-03-09,2246.63,39.09,16.63,26.54,37.92,15.18,26.17
2009-03-10,2289.79,39.54,16.98,27.08,38.8,15.55,27.05
2009-03-11,2270.81,39.64,16.79,27.02,38.99,15.41,26.96
2009-03-12,2268.98,39.55,16.76,27.5,39.66,15.37,27.24
2009-03-13,2255.45,39.49,16.73,27.42,39.26,15.35,27.0
2009-03-16,2290.77,39.71,16.93,27.78,39.36,15.53,27.14
2009-03-17,2373.86,40.45,17.45,28.67,40.01,16.01,27.87
2009-03-18,2388.79,40.66,17.48,28.7,40.63,16.07,28.45
2009-03-19,2440.7,41.28,17.64,29.58,41.39,16.37,29.47
2009-03-20,2436.0,41.33,17.77,29.56,41.37,16.53,29.13
2009-03-23,2495.05,42.22,18.09,30.17,42.63,16.87,30.22
2009-03-24,2509.07,42.71,18.22,30.77,43.12,16.96,30.51
2009-03-25,2453.43,41.63,17.71,29.95,42.25,16.74,30.19
2009-03-26,2529.09,43.01,18.48,31.0,43.94,17.45,31.0
2009-03-27,2549.09,43.87,18.65,31.89,44.86,17.6,31.97
2009-03-30,2538.61,44.35,18.7,32.33,45.44,17.74,32.5
2009-03-31,2563.17,44.97,18.82,32.84,46.3,17.94,33.02
2009-04-01,2604.83,45.52,18.87,33.2,47.15,18.0,33.57
2009-04-02,2627.85,45.47,19.03,33.41,46.82,18.16,33.58
2009-04-03,2617.06,45.33,19.0,32.63,46.56,18.16,33.0
2009-04-07,2628.83,45.88,19.13,32.97,46.74,18.28,33.5
2009-04-08,2531.4,44.35,18.4,31.71,45.16,17.6,31.98
2009-04-09,2571.21,45.62,19.0,32.44,46.42,17.93,32.56
2009-04-10,2651.54,47.13,19.38,33.7,48.11,18.49,33.77
2009-04-13,2708.1,48.83,20.04,34.22,49.58,19.08,34.35
2009-04-14,2733.82,48.78,20.14,34.96,49.51,19.19,34.95
2009-04-15,2750.48,49.83,20.31,35.75,50.05,19.39,35.33
2009-04-16,2753.56,49.91,20.34,36.28,50.61,19.43,35.76
2009-04-17,2716.82,49.61,20.08,35.62,50.19,19.21,35.48
2009-04-20,2778.98,52.39,20.71,36.84,52.19,19.72,36.71
2009-04-21,2753.14,52.38,20.53,37.11,52.71,19.52,37.16
2009-04-22,2642.64,50.84,19.93,35.16,50.58,18.97,35.23
2009-04-23,2659.72,51.46,20.11,35.57,50.94,19.64,35.94
2009-04-24,2638.8,50.99,19.98,35.91,50.47,19.52,35.63
2009-04-27,2567.93,50.16,19.48,34.6,49.19,19.28,34.5
2009-04-28,2580.6,52.16,19.4,35.09,50.35,19.1,35.21
2009-04-29,2665.32,52.92,19.85,35.44,53.16,19.86,36.11
2009-04-30,2688.26,52.68,20.1,35.93,53.74,20.09,36.9
2009-05-04,2781.23,53.39,20.78,37.07,54.82,20.76,38.17
2009-05-05,2797.25,53.89,20.82,37.5,55.35,20.8,38.74
2009-05-06,2836.03,54.5,20.99,37.86,55.83,20.98,38.79
2009-05-07,2833.44,54.33,21.06,37.38,55.96,21.04,38.18
2009-05-08,2853.98,54.18,21.31,37.54,55.44,21.31,38.37
2009-05-11,2779.21,53.58,20.94,36.25,53.76,20.93,37.37
2009-05-12,2844.65,53.81,21.24,36.85,55.13,21.24,38.08
2009-05-13,2869.19,54.2,21.59,37.14,55.5,21.59,38.4
2009-05-14,2854.54,55.2,21.38,37.54,55.72,21.4,38.58
2009-05-15,2862.03,55.11,21.43,37.78,55.21,21.45,38.66
2009-05-18,2878.38,55.41,21.52,38.2,55.57,21.52,38.9
2009-05-19,2907.69,54.91,21.71,38.31,56.17,21.7,39.4
2009-05-20,2882.3,55.71,21.52,38.3,55.86,21.52,39.33
2009-05-21,2820.79,54.29,21.17,37.43,54.9,21.17,38.48
2009-05-22,2814.72,54.42,21.07,37.53,54.94,21.07,38.51
2009-05-25,2827.6,55.13,21.17,37.91,55.69,21.18,38.6
2009-05-26,2802.0,55.13,20.96,37.77,56.07,20.96,38.34
2009-05-27,2834.19,55.34,21.34,38.0,55.39,21.35,38.42
2009-06-01,2923.53,56.09,22.08,38.57,56.07,22.07,39.33
2009-06-02,2933.1,55.73,22.1,38.53,56.43,22.08,39.21
2009-06-03,2997.36,56.29,22.6,38.87,57.07,22.58,39.99
2009-06-04,3007.96,55.52,22.53,38.42,57.1,22.48,39.68
2009-06-05,2992.55,55.52,22.4,38.21,56.28,22.35,39.65
2009-06-08,2998.78,55.21,22.59,38.44,56.28,22.54,39.41
2009-06-09,3011.64,54.77,22.78,38.66,56.96,22.73,39.45
2009-06-10,3041.81,55.73,23.0,39.46,57.54,22.95,39.84
2009-06-11,3015.62,55.56,22.86,39.03,57.06,22.82,39.56
2009-06-12,2957.28,54.61,22.41,38.2,55.79,22.36,38.96
2009-06-15,3014.14,55.05,22.9,38.66,56.56,22.87,39.31
2009-06-16,3008.75,55.0,22.79,38.83,56.51,22.78,39.87
2009-06-17,3058.67,55.87,23.08,39.44,56.6,23.07,40.06
2009-06-18,3101.28,56.31,23.5,39.79,57.01,23.51,40.5
2009-06-19,3119.79,56.46,23.72,39.93,57.1,23.74,40.77
2009-06-22,3116.21,56.13,23.89,39.36,56.76,23.9,40.55
2009-06-23,3114.74,56.01,23.93,39.19,56.97,23.94,40.03
2009-06-24,3151.72,56.41,24.12,39.49,57.43,24.13,40.58
2009-06-25,3148.71,56.78,24.16,39.73,57.75,24.15,40.74
2009-06-26,3161.15,57.35,24.21,39.7,58.02,24.2,40.75
2009-06-29,3207.7,57.42,24.56,40.28,57.74,24.55,41.17
2009-06-30,3192.19,57.02,24.41,40.02,57.64,24.38,40.75
2009-07-01,3259.2,55.34,24.97,40.19,55.83,24.96,40.62
2009-07-02,3301.8,55.56,25.43,40.48,56.45,25.38,41.04
2009-07-03,3346.1,56.1,25.67,41.14,56.61,25.63,41.57
2009-07-06,3385.75,55.66,26.01,40.97,56.84,25.96,41.35
2009-07-07,3357.63,55.22,25.67,40.99,56.7,25.62,41.26
2009-07-08,3375.44,56.59,25.56,41.56,57.02,25.5,41.78
2009-07-09,3423.69,56.59,25.88,42.09,58.07,25.78,42.63
2009-07-10,3428.73,56.81,25.81,42.21,57.92,25.72,43.16
2009-07-13,3405.33,56.44,25.52,42.24,58.2,25.42,43.18
2009-07-14,3491.76,57.48,26.07,43.21,59.13,25.92,43.61
2009-07-15,3529.25,58.14,26.39,43.15,59.39,26.2,43.69
2009-07-16,3531.93,57.79,26.4,43.24,59.12,26.21,43.54
2009-07-17,3551.3,58.39,26.43,43.87,59.64,26.2,43.94
2009-07-20,3621.07,59.47,27.05,44.3,60.85,26.8,44.5
2009-07-21,3561.93,58.14,26.63,43.63,59.64,26.38,43.82
2009-07-22,3629.03,59.45,27.26,44.25,60.49,27.04,44.05
2009-07-23,3672.44,59.68,27.54,44.32,61.04,27.33,44.49
2009-07-24,3680.17,59.43,27.87,44.37,60.77,27.64,44.09
2009-07-27,3753.4,60.55,28.36,45.32,61.92,28.1,44.76
2009-07-28,3772.69,60.66,28.39,45.86,61.98,28.13,45.87
2009-07-29,3565.61,57.65,27.02,42.97,58.87,26.78,42.51
2009-07-30,3634.08,58.29,27.56,43.31,59.35,27.31,43.45
2009-07-31,3737.84,60.16,28.29,44.63,60.88,28.02,44.56
2009-08-03,3797.22,60.7,28.66,45.24,61.84,28.36,45.25
2009-08-04,3806.17,61.36,28.69,45.64,62.46,28.43,45.88
2009-08-05,3769.54,61.65,28.31,45.73,62.36,28.07,45.87
2009-08-06,3696.95,60.33,27.73,45.36,61.53,27.51,45.21
2009-08-07,3587.19,58.77,26.91,43.99,60.07,26.7,43.51
2009-08-10,3586.28,59.25,26.79,44.15,60.85,26.61,43.84
2009-08-11,3599.6,59.53,26.92,44.23,61.05,26.77,43.71
2009-08-12,3437.48,57.75,25.68,42.4,58.61,25.54,41.8
2009-08-13,3473.81,58.01,26.03,42.94,59.01,25.88,42.25
2009-08-14,3364.69,56.63,25.3,41.16,56.77,25.15,40.74
2009-08-17,3153.36,55.51,23.81,38.34,54.47,23.66,37.99
2009-08-18,3191.4,55.69,24.13,39.28,54.41,23.84,38.34
2009-08-19,3031.64,53.96,23.13,37.11,51.68,22.82,36.47
2009-08-20,3159.74,55.67,24.15,38.45,53.67,23.81,37.72
2009-08-21,3224.96,56.36,24.58,39.21,54.88,24.2,38.64
2009-08-24,3259.74,56.97,24.84,39.8,55.67,23.83,39.71
2009-08-25,3153.12,56.08,24.13,38.74,55.14,23.17,38.8
2009-08-26,3223.94,57.83,24.53,39.85,55.67,23.53,39.94
2009-08-27,3217.53,57.64,24.35,40.51,56.06,23.41,40.12
2009-08-28,3111.14,56.84,23.63,39.14,55.31,22.55,38.99
2009-08-31,2889.59,54.18,22.01,36.26,52.06,20.81,36.32
2009-09-01,2894.19,53.62,22.18,36.27,51.9,21.0,35.83
2009-09-02,2935.82,53.93,22.52,36.35,52.2,21.32,35.93
2009-09-03,3095.68,56.41,23.62,38.61,54.89,22.32,38.19
2009-09-04,3127.51,57.0,23.75,39.1,55.83,22.44,39.02
2009-09-07,3156.43,57.38,23.9,39.73,56.44,22.57,39.28
2009-09-08,3222.37,57.8,24.35,40.46,56.7,22.99,40.58
2009-09-09,3245.47,57.86,24.47,40.57,57.41,23.07,40.63
2009-09-10,3213.81,58.02,24.3,40.05,56.35,22.91,40.09
2009-09-11,3285.51,57.88,24.88,40.8,57.35,23.47,40.41
2009-09-14,3347.73,58.61,25.18,41.58,57.16,23.76,41.29
2009-09-15,3362.44,58.55,25.22,42.23,57.66,23.77,41.54
2009-09-16,3327.91,58.19,24.91,42.18,58.09,23.49,41.17
2009-09-17,3394.07,59.6,25.41,43.34,57.85,23.95,42.34
2009-09-18,3273.12,58.28,24.59,41.87,58.17,23.2,41.28
2009-09-21,3292.46,58.78,24.63,41.91,58.71,23.26,41.79
2009-09-22,3212.07,58.26,24.08,41.59,57.88,22.76,41.03
2009-09-23,3133.91,57.3,23.62,40.32,56.91,22.33,39.94
2009-09-24,3145.56,57.33,23.74,40.3,56.44,22.45,39.4
2009-09-25,3121.58,57.07,23.63,39.95,56.34,22.33,39.07
2009-09-28,3033.39,56.06,22.98,38.98,54.71,21.75,38.26
2009-09-29,3021.3,54.85,22.94,38.61,53.85,21.71,37.6
2009-09-30,3052.79,55.36,23.18,38.9,54.28,21.93,38.01
2009-10-09,3213.47,57.88,24.29,40.57,56.69,22.94,39.89
2009-10-12,3207.82,58.19,24.17,40.89,57.04,22.83,40.31
2009-10-13,3257.0,58.88,24.51,41.25,57.71,23.13,40.59
2009-10-14,3286.5,59.06,24.74,41.59,57.37,23.33,41.01
2009-10-15,3298.55,58.79,24.82,41.98,57.79,23.39,41.41
2009-10-16,3302.56,59.35,24.77,41.91,57.11,23.36,41.45
2009-10-19,3389.96,59.72,25.31,42.72,57.96,23.81,42.18
2009-10-20,3439.69,59.83,25.71,43.36,58.68,24.2,42.76
2009-10-21,3428.15,59.37,25.61,43.34,58.17,24.1,42.34
2009-10-22,3413.51,59.39,25.43,43.22,57.96,23.91,42.35
2009-10-23,3476.35,60.3,25.93,43.44,58.24,24.4,43.67
2009-10-26,3477.75,60.38,25.95,43.82,56.99,24.11,42.24
2009-10-27,3378.33,58.62,25.21,42.79,55.62,23.28,40.77
2009-10-28,3397.3,58.88,25.29,43.42,56.05,23.67,41.07
2009-10-29,3318.28,58.64,24.71,42.67,54.66,23.27,39.9
2009-10-30,3354.49,59.29,25.01,42.92,55.29,23.04,39.75
2009-11-02,3468.87,60.09,25.71,44.5,57.18,23.74,40.73
2009-11-03,3521.45,61.42,25.99,45.08,57.53,23.99,41.54
2009-11-04,3541.98,61.83,26.11,45.22,57.97,24.08,41.86
2009-11-05,3558.33,62.04,26.29,45.49,58.55,24.25,42.22
2009-11-06,3576.99,62.42,26.37,45.72,58.94,24.31,42.52
2009-11-09,3593.09,63.03,26.45,45.85,59.42,24.36,42.55
2009-11-10,3600.74,63.08,26.5,46.3,59.45,24.42,42.63
2009-11-11,3597.4,62.55,26.46,46.26,59.7,24.37,42.79
2009-11-12,3603.45,62.99,26.43,46.89,59.82,24.34,43.18
2009-11-13,3628.61,63.69,26.59,47.31,60.33,24.44,44.0
2009-11-16,3733.04,64.85,27.34,48.15,61.72,25.12,44.52
2009-11-17,3739.33,64.77,27.42,48.06,62.01,25.21,44.4
2009-11-18,3744.46,64.96,27.59,48.23,61.38,25.37,45.04
2009-11-19,3767.3,64.77,27.7,49.04,62.24,25.46,45.39
2009-11-20,3764.17,64.99,27.58,49.29,62.01,25.35,45.63
2009-11-23,3807.49,65.45,27.81,49.9,62.76,25.55,46.37
2009-11-24,3667.35,62.82,26.87,47.4,60.73,24.68,44.29
2009-11-25,3763.77,64.15,27.41,48.64,62.3,25.13,45.92
2009-11-26,3613.69,63.3,26.47,47.59,59.83,24.28,43.9
2009-11-27,3509.49,61.54,25.84,46.37,58.22,23.75,43.01
2009-11-30,3648.95,63.14,26.67,48.97,60.74,24.49,45.05
2009-12-01,3710.99,64.32,26.99,49.89,62.16,24.75,46.27
2009-12-02,3752.74,65.21,27.27,50.64,63.0,25.0,46.69
2009-12-03,3753.3,65.09,27.22,50.55,62.72,24.94,46.71
2009-12-04,3773.79,64.16,27.71,49.43,61.78,25.42,45.78
2009-12-07,3808.28,65.0,27.85,50.05,62.51,25.53,46.71
2009-12-08,3770.5,64.31,27.55,50.14,62.31,25.25,46.32
2009-12-09,3700.81,63.57,27.08,48.95,62.01,24.83,45.08
2009-12-10,3726.31,64.31,27.21,49.31,62.46,24.94,45.68
2009-12-11,3724.19,64.27,27.16,49.32,62.1,24.89,46.01
2009-12-14,3750.51,65.49,27.63,49.6,62.52,25.34,46.01
2009-12-15,3728.75,65.13,27.38,49.74,62.98,25.11,46.11
2009-12-16,3707.3,65.24,27.2,49.28,62.74,24.96,45.81
2009-12-17,3616.05,64.38,26.61,47.94,60.86,24.43,44.44
2009-12-18,3514.68,62.13,26.04,46.5,59.1,23.93,43.38
2009-12-21,3528.55,62.9,26.1,46.85,59.72,23.98,44.18
2009-12-22,3432.91,61.86,25.51,46.09,57.95,23.46,43.06
2009-12-23,3471.55,62.95,25.74,46.64,58.92,23.66,43.83
2009-12-24,3579.16,63.82,26.42,47.99,60.37,24.27,45.57
2009-12-25,3573.7,64.54,26.34,48.81,61.14,24.19,45.63
2009-12-28,3630.14,64.88,26.73,49.35,61.74,24.54,46.43
2009-12-29,3651.13,64.53,26.92,49.62,62.09,24.73,46.39
2009-12-30,3694.47,64.41,27.39,49.3,61.94,25.18,46.34
2009-12-31,3715.36,65.29,27.53,49.79,61.59,25.31,46.76
2010-01-04,3687.94,64.69,27.45,50.07,60.61,25.19,46.6
2010-01-05,3719.95,64.56,27.74,50.55,60.05,25.45,46.89
2010-01-06,3700.77,64.07,27.51,50.15,59.54,25.21,46.46
2010-01-07,3627.18,63.84,26.98,48.69,59.12,24.67,45.52
2010-01-08,3644.73,63.69,27.0,49.33,60.07,24.7,46.22
2010-01-11,3651.74,63.62,27.13,49.68,59.7,24.81,46.52
2010-01-12,3712.51,64.56,27.62,51.27,60.55,25.25,47.55
2010-01-13,3612.37,64.0,26.7,50.86,60.95,24.37,46.75
2010-01-14,3674.25,64.86,27.03,52.27,62.06,24.67,48.27
2010-01-15,3691.62,64.64,27.1,52.26,62.1,24.73,48.14
2010-01-18,3721.59,65.58,27.2,53.35,62.7,24.82,49.28
2010-01-19,3727.2,65.25,27.26,53.39,62.31,24.89,48.98
2010-01-20,3602.6,64.28,26.45,51.08,60.81,24.15,47.35
2010-01-21,3616.98,64.4,26.53,51.44,60.59,24.25,47.91
2010-01-22,3558.31,63.41,26.31,50.4,59.8,24.07,46.96
2010-01-25,3516.94,62.91,26.04,50.06,59.36,23.8,46.29
2010-01-26,3413.08,60.91,25.44,47.9,58.27,23.27,44.48
2010-01-27,3372.53,61.12,25.12,47.53,58.59,22.99,43.94
2010-01-28,3392.2,61.51,25.15,48.03,58.62,23.02,44.74
2010-01-29,3397.6,61.67,25.12,48.72,59.06,23.01,45.26
2010-02-01,3348.22,60.69,24.71,47.94,58.46,22.63,44.35
2010-02-02,3337.34,60.25,24.67,47.31,58.15,22.58,44.06
2010-02-03,3416.6,60.99,25.29,48.03,58.31,23.15,44.68
2010-02-04,3415.78,61.46,25.14,48.19,58.35,23.01,44.99
2010-02-05,3344.67,60.49,24.64,47.67,57.35,22.56,43.68
2010-02-08,3342.92,59.99,24.58,47.56,57.64,22.52,43.75
2010-02-09,3357.65,60.06,24.64,47.09,58.06,22.61,43.76
2010-02-10,3403.96,60.7,24.92,47.71,57.92,22.87,44.29
2010-02-11,3407.1,60.14,24.92,47.29,57.02,22.88,44.25
2010-02-12,3443.21,60.69,25.21,47.82,57.35,23.17,44.89
2010-02-22,3429.53,60.42,25.06,47.87,57.0,23.02,44.64
2010-02-23,3409.42,60.38,24.84,48.05,57.46,22.82,44.6
2010-02-24,3464.66,61.55,25.16,49.02,58.02,23.11,45.65
2010-02-25,3516.84,62.41,25.46,50.18,58.71,23.39,46.17
2010-02-26,3509.38,61.77,25.37,50.26,57.92,23.29,45.88
2010-03-01,3553.42,62.41,25.66,50.72,57.81,23.53,46.5
2010-03-02,3543.66,61.99,25.49,50.78,57.9,23.42,46.6
2010-03-03,3575.77,62.47,25.66,51.4,58.49,23.56,47.08
2010-03-04,3475.32,60.54,24.99,49.5,57.0,23.03,45.56
2010-03-05,3486.12,60.89,25.02,49.72,57.34,23.06,45.98
2010-03-08,3516.8,61.16,25.18,50.11,57.75,23.2,46.52
2010-03-09,3533.59,61.13,25.29,49.35,57.49,23.34,46.26
2010-03-10,3500.97,59.98,25.06,48.22,57.15,23.16,45.68
2010-03-11,3491.66,59.27,25.08,47.67,56.64,23.19,44.97
2010-03-12,3443.43,59.46,24.65,46.93,56.1,22.82,43.91
2010-03-15,3396.23,59.03,24.22,46.58,56.37,22.5,43.77
2010-03-16,3419.87,59.17,24.31,47.04,56.24,22.58,44.31
2010-03-17,3499.61,59.66,24.78,48.08,56.19,23.01,45.22
2010-03-18,3497.38,59.94,24.71,47.96,56.61,22.95,45.39
2010-03-19,3524.71,59.74,24.85,48.29,57.24,23.13,45.71
2010-03-22,3536.75,60.36,24.86,48.51,57.98,23.18,46.01
2010-03-23,3509.08,59.84,24.64,47.74,57.39,22.95,45.28
2010-03-24,3514.64,59.96,24.16,47.72,57.14,22.59,45.35
2010-03-25,3464.72,60.15,24.24,46.81,57.0,22.7,44.83
2010-03-26,3514.05,60.31,24.37,47.71,57.62,22.84,45.66
2010-03-29,3587.82,60.14,23.7,46.8,57.87,23.12,45.84
2010-03-30,3598.33,59.72,23.76,46.95,57.87,23.2,46.16
2010-03-31,3583.71,59.53,23.52,46.81,58.01,22.97,46.37
2010-04-01,3634.33,59.53,23.52,46.81,58.01,22.97,46.37
2010-04-02,3649.7,60.34,23.76,47.61,58.94,23.25,47.33
2010-04-06,3649.81,60.31,23.72,47.47,59.13,23.23,47.2
2010-04-07,3637.32,60.66,23.62,47.22,59.06,23.14,46.89
2010-04-08,3605.44,60.85,22.83,46.99,59.2,22.54,46.7
2010-04-09,3645.56,60.93,23.0,47.29,59.35,22.74,47.08
2010-04-12,3630.56,61.61,22.82,47.6,59.14,22.56,47.41
2010-04-13,3651.89,61.73,23.15,46.92,59.36,22.87,46.87
2010-04-14,3672.51,61.44,23.24,47.68,60.07,22.79,47.54
2010-04-15,3653.2,60.74,23.22,47.01,59.59,22.76,46.64
2010-04-16,3619.56,60.79,22.94,46.93,59.84,22.5,46.82
2010-04-19,3435.64,59.7,21.41,44.95,57.78,21.19,44.89
2010-04-20,3444.9,60.19,21.29,46.1,58.4,21.11,45.3
2010-04-21,3523.05,61.17,21.67,47.03,58.68,21.41,46.02
2010-04-22,3496.59,60.3,21.34,47.32,58.22,21.09,45.34
2010-04-23,3480.05,60.54,21.39,47.04,57.01,20.93,44.3
2010-04-26,3466.12,60.04,21.34,47.31,55.68,20.65,43.8
2010-04-27,3390.94,58.98,20.82,46.09,53.61,20.07,42.42
2010-04-28,3377.36,58.88,20.73,45.94,54.29,19.61,41.88
2010-04-29,3318.27,59.02,20.51,44.32,52.25,19.02,40.41
2010-04-30,3300.62,57.27,20.54,43.75,51.79,18.5,38.93
2010-05-04,3261.46,57.79,20.29,43.28,52.37,18.28,38.87
2010-05-05,3300.01,57.84,20.41,44.33,52.33,18.38,39.94
2010-05-06,3160.75,56.86,19.58,43.28,51.29,17.63,38.51
2010-05-07,3099.54,55.78,19.24,42.54,50.37,17.32,37.34
2010-05-10,3101.05,54.98,19.33,42.05,49.99,17.4,36.69
2010-05-11,3031.29,54.02,18.97,40.96,48.7,17.07,36.29
2010-05-12,3025.65,54.16,19.08,40.04,48.12,17.18,35.21
2010-05-13,3102.66,53.82,19.48,41.09,49.4,17.54,36.32
2010-05-14,3092.73,54.36,19.37,41.32,49.6,17.44,36.38
2010-05-17,2918.72,51.44,18.42,38.8,46.35,16.58,34.37
2010-05-18,2974.77,51.78,18.71,39.3,46.95,16.84,34.89
2010-05-19,2968.44,52.02,18.65,39.26,46.91,16.79,35.03
2010-05-20,2924.98,51.68,18.45,38.33,46.26,16.61,34.26
2010-05-21,2974.69,52.32,18.68,38.87,46.77,16.82,34.74
2010-05-24,3093.0,54.7,19.3,40.86,48.94,17.38,36.1
2010-05-25,3039.67,54.21,18.92,40.69,48.6,17.03,36.08
2010-05-26,3041.84,54.09,18.93,40.82,48.76,17.03,36.07
2010-05-27,3092.78,54.79,19.14,41.46,49.75,17.22,36.71
2010-05-28,3088.24,54.55,19.13,41.54,49.87,17.21,37.09
2010-05-31,3001.62,53.38,18.7,40.75,48.18,16.83,36.0
2010-06-01,2963.32,52.5,18.54,39.25,47.43,16.69,35.33
2010-06-02,2985.06,52.87,18.54,39.98,48.05,16.68,35.71
2010-06-03,2962.24,52.41,18.41,39.57,47.67,16.57,35.45
2010-06-04,2975.59,52.82,18.4,39.75,47.76,16.56,35.76
2010-06-07,2933.53,53.11,18.08,39.88,47.82,16.27,35.97
2010-06-08,2943.45,53.69,18.09,40.28,48.3,16.28,36.4
2010-06-09,3029.24,54.35,18.62,41.24,49.15,16.76,37.17
2010-06-10,3005.81,53.99,18.46,41.52,49.18,16.61,37.27
2010-06-11,3007.99,54.14,18.51,41.19,48.94,16.66,37.11
2010-06-17,2985.01,53.56,18.45,40.64,48.77,16.6,36.74
2010-06-18,2914.71,52.16,18.13,38.82,46.86,16.32,35.17
2010-06-21,3004.19,53.42,18.68,39.82,48.23,16.81,36.28
2010-06-22,3012.89,53.84,18.7,40.37,48.64,16.83,36.61
2010-06-23,2987.91,53.12,18.55,39.9,48.33,16.69,36.35
2010-06-24,2987.25,53.08,18.53,40.01,48.26,16.68,36.37
2010-06-25,2957.53,53.31,18.43,39.25,47.54,16.59,35.61
2010-06-28,2929.12,52.51,18.3,38.74,46.79,16.47,35.01
2010-06-29,2786.51,50.43,17.53,36.3,44.38,15.78,33.02
2010-06-30,2749.51,49.24,17.35,35.64,43.4,15.62,32.25
2010-07-01,2708.87,46.88,17.36,35.33,42.04,15.63,32.03
2010-07-02,2711.31,46.57,17.43,35.18,41.77,15.7,31.71
2010-07-05,2690.0,46.25,17.32,35.04,41.47,15.6,31.44
2010-07-06,2749.54,47.57,17.67,36.0,42.66,15.91,32.5
2010-07-07,2773.76,48.23,17.76,36.57,43.26,15.99,32.78
2010-07-08,2766.25,48.05,17.67,36.17,43.08,15.92,32.76
2010-07-09,2844.03,49.1,18.09,37.26,44.25,16.29,33.82
2010-07-12,2875.32,49.61,18.23,37.41,44.64,16.42,33.87
2010-07-13,2830.43,49.15,17.94,36.48,43.94,16.15,33.23
2010-07-14,2852.37,49.38,18.07,37.11,44.42,16.26,33.74
2010-07-15,2799.4,48.6,17.74,36.58,43.42,15.97,33.05
2010-07-16,2809.68,48.98,17.75,36.7,43.7,15.98,33.48
2010-07-19,2878.95,50.17,18.15,37.41,44.7,16.34,33.98
2010-07-20,2946.97,50.92,18.52,38.21,45.98,16.67,34.64
2010-07-21,2953.17,51.08,18.55,38.09,46.09,16.69,34.64
2010-07-22,2991.48,51.5,18.76,38.97,46.73,16.88,34.98
2010-07-23,3000.46,51.86,18.83,38.97,46.71,16.95,35.16
2010-07-26,3025.45,52.53,18.94,39.58,46.87,17.04,35.58
2010-07-27,3012.75,52.38,18.85,39.86,47.05,16.95,35.63
2010-07-28,3084.98,53.23,19.28,40.68,47.91,17.34,36.18
2010-07-29,3102.42,53.69,19.06,40.64,47.88,17.23,36.31
2010-07-30,3094.55,53.33,18.97,40.45,47.74,17.14,35.97
2010-08-02,3147.93,53.95,19.23,41.55,48.42,17.38,36.41
2010-08-03,3092.72,54.0,18.9,41.32,47.4,17.08,35.91
2010-08-04,3111.42,54.3,18.97,41.3,47.71,17.14,36.14
2010-08-05,3094.68,54.12,18.83,41.94,48.29,17.0,36.41
2010-08-06,3148.92,54.92,19.1,42.7,48.58,17.22,36.98
2010-08-09,3176.33,55.74,19.19,43.04,49.42,17.3,37.59
2010-08-10,3076.02,54.29,18.66,41.32,47.79,16.79,36.11
2010-08-11,3099.86,54.89,18.74,41.8,48.33,16.86,36.24
2010-08-12,3062.07,54.47,18.51,41.25,47.42,16.61,35.7
2010-08-13,3108.91,55.21,18.74,42.35,48.3,16.81,36.62
2010-08-16,3181.26,56.12,19.13,43.61,48.69,17.14,37.5
2010-08-17,3203.99,56.54,19.21,43.82,49.25,17.19,37.89
2010-08-18,3199.92,56.85,19.17,43.63,48.75,17.1,37.59
2010-08-19,3215.2,56.96,19.33,43.51,49.14,17.18,37.63
2010-08-20,3151.47,55.42,19.01,42.66,48.16,16.85,36.58
2010-08-23,3156.98,55.42,18.99,42.36,47.92,16.73,36.39
2010-08-24,3179.32,56.1,19.07,42.67,47.59,16.8,37.07
2010-08-25,3107.44,54.9,18.68,41.77,46.45,16.45,36.35
2010-08-26,3118.98,55.27,18.73,42.24,46.55,16.42,36.26
2010-08-27,3131.86,54.61,18.79,42.45,46.49,16.22,36.67
2010-08-30,3200.16,56.01,19.09,43.76,46.7,16.23,36.8
2010-08-31,3197.55,55.93,19.0,43.73,46.96,16.09,37.1
2010-09-01,3171.01,55.25,18.89,42.82,46.37,16.0,36.58
2010-09-02,3218.99,56.36,19.12,43.96,47.36,16.16,37.46
2010-09-03,3225.15,56.86,19.11,44.01,47.84,16.15,37.58
2010-09-06,3267.08,57.06,19.39,44.58,47.93,16.39,37.74
2010-09-07,3278.81,57.81,19.41,44.52,48.25,16.41,38.06
2010-09-08,3284.75,58.31,19.39,44.73,48.73,16.39,38.47
2010-09-09,3229.23,57.53,19.11,44.17,48.09,16.15,38.11
2010-09-10,3243.07,57.98,19.15,44.7,48.5,16.19,38.4
2010-09-13,3282.93,58.65,19.33,45.34,49.31,16.34,39.15
2010-09-14,3288.06,58.87,19.32,45.32,49.46,16.33,39.19
2010-09-15,3232.25,57.95,19.06,44.91,48.68,16.11,38.64
2010-09-16,3165.23,56.95,18.7,43.52,47.53,15.8,37.47
2010-09-17,3166.7,56.57,18.68,43.89,47.46,15.79,37.61
2010-09-20,3147.9,55.97,18.61,43.6,46.98,15.73,37.53
2010-09-21,3152.82,55.85,18.65,43.15,46.9,15.77,37.22
2010-09-27,3214.99,57.34,18.91,44.19,48.14,15.99,38.29
2010-09-28,3192.0,57.13,18.77,43.96,48.01,15.87,38.03
2010-09-29,3174.98,56.52,18.75,43.76,47.53,15.85,37.43
2010-09-30,3237.02,57.44,19.08,44.36,47.93,16.13,37.9
2010-10-08,3344.49,59.06,19.7,45.03,49.26,16.65,38.58
2010-10-11,3419.58,59.83,20.2,45.24,49.79,17.07,38.82
2010-10-12,3454.72,60.32,20.45,45.51,50.11,17.28,38.95
2010-10-13,3496.51,60.43,20.63,45.87,50.4,17.44,39.07
2010-10-14,3472.02,59.76,20.75,44.68,49.21,17.53,37.64
2010-10-15,3557.33,59.97,21.42,44.17,49.6,18.11,37.85
2010-10-18,3529.69,58.92,21.34,43.98,49.06,18.03,37.36
2010-10-19,3612.32,60.31,21.7,45.37,50.72,18.34,38.17
2010-10-20,3632.28,60.36,21.75,45.79,49.96,18.39,38.37
2010-10-21,3621.97,60.86,21.61,46.1,50.94,18.27,38.74
2010-10-22,3633.5,61.56,21.57,46.5,50.39,18.23,39.06
2010-10-25,3738.48,62.69,22.13,47.64,51.76,18.66,39.5
2010-10-26,3735.47,63.79,22.05,48.17,50.55,18.56,39.87
2010-10-27,3675.84,62.56,21.71,46.96,50.69,18.21,39.75
2010-10-28,3671.79,62.9,21.67,46.9,50.02,17.91,39.21
2010-10-29,3668.16,62.95,21.56,47.73,50.1,17.46,39.31
2010-11-01,3770.03,64.22,22.12,48.82,51.31,17.66,40.08
2010-11-02,3757.11,63.52,22.04,48.72,51.23,17.6,39.27
2010-11-03,3708.68,62.79,21.92,48.91,50.8,17.5,38.91
2010-11-04,3781.49,64.37,22.33,49.92,51.69,17.82,39.93
2010-11-05,3829.6,64.94,22.64,50.23,52.45,18.07,40.59
2010-11-08,3874.41,65.79,22.83,51.3,53.73,18.22,41.44
2010-11-09,3861.57,66.06,22.67,51.47,53.2,18.1,41.94
2010-11-10,3844.8,66.26,22.55,52.04,53.7,18.0,41.62
2010-11-11,3845.11,66.34,22.74,51.2,53.2,18.16,41.61
2010-11-12,3607.87,63.69,21.61,47.8,50.06,17.25,39.34
2010-11-15,3653.56,65.0,21.76,48.74,51.18,17.38,40.13
2010-11-16,3501.58,62.77,20.87,47.51,48.9,16.66,38.43
2010-11-17,3408.78,60.54,20.46,45.9,47.75,16.34,37.13
2010-11-18,3458.6,61.8,20.74,46.55,48.44,16.56,37.66
2010-11-19,3511.43,62.98,20.92,47.96,49.61,16.7,38.61
2010-11-22,3519.01,63.62,20.88,48.73,49.81,16.66,39.03
2010-11-23,3450.51,62.37,20.49,47.64,49.17,16.36,38.5
2010-11-24,3533.57,64.02,20.71,48.63,50.15,16.53,39.48
2010-11-25,3580.99,64.88,20.97,49.5,50.83,16.74,39.71
2010-11-26,3551.93,64.47,20.77,48.88,50.88,16.58,39.12
2010-11-29,3552.04,64.51,20.75,48.84,50.29,16.57,39.23
2010-11-30,3483.43,63.18,20.46,47.26,49.32,16.33,38.24
2010-12-01,3483.78,63.29,20.48,47.73,49.77,16.35,38.67
2010-12-02,3503.16,63.59,20.67,47.92,49.99,16.5,38.87
2010-12-03,3498.47,63.24,20.66,47.77,49.33,16.49,38.67
2010-12-06,3488.63,62.31,20.74,47.03,48.61,16.56,38.25
2010-12-07,3529.39,62.83,20.9,47.79,49.24,16.69,38.27
2010-12-08,3503.77,62.56,20.7,47.65,49.07,16.53,38.42
2010-12-09,3445.0,62.0,20.42,46.37,48.09,16.31,37.7
2010-12-10,3490.01,62.94,20.64,47.01,48.78,16.48,38.21
2010-12-13,3595.97,64.12,21.24,48.12,50.24,16.95,39.51
2010-12-14,3614.98,64.58,21.29,48.82,50.94,17.01,39.83
2010-12-15,3594.92,64.64,21.17,48.52,51.08,16.92,40.0
2010-12-16,3578.67,64.41,21.15,48.42,50.59,16.9,39.86
2010-12-17,3576.82,64.52,21.1,48.49,50.64,16.86,39.91
2010-12-20,3526.84,64.04,20.81,47.9,50.38,16.62,39.55
2010-12-21,3594.93,64.82,21.19,48.31,51.0,16.93,40.15
2010-12-22,3558.48,64.0,20.99,48.1,50.55,16.77,39.57
2010-12-23,3517.11,62.9,20.84,47.25,49.64,16.65,38.91
2010-12-24,3481.8,61.95,20.69,46.55,48.84,16.53,38.12
2010-12-27,3404.24,60.85,20.32,45.45,47.42,16.24,36.97
2010-12-28,3337.78,59.35,19.98,44.47,46.33,15.97,36.22
2010-12-29,3366.81,60.32,20.13,44.99,47.08,16.09,36.76
2010-12-30,3371.63,60.47,20.2,45.06,47.22,16.14,36.56
2010-12-31,3443.58,61.6,20.55,46.08,48.32,16.43,37.74
2011-01-04,3507.01,62.35,21.27,47.35,49.16,16.92,38.91
2011-01-05,3499.01,62.77,21.18,47.72,48.96,16.84,39.3
2011-01-06,3480.96,62.2,21.04,47.3,48.72,16.72,38.92
2011-01-07,3481.63,61.81,21.15,46.6,48.42,16.81,38.63
2011-01-10,3407.42,59.83,20.8,45.81,47.15,16.54,37.61
2011-01-11,3416.0,59.56,20.9,45.57,46.85,16.61,37.25
2011-01-12,3435.41,60.24,21.01,45.74,47.16,16.7,37.47
2011-01-13,3433.27,60.18,21.08,45.76,47.21,16.75,37.18
2011-01-14,3374.09,58.92,20.82,44.72,46.39,16.54,36.51
2011-01-17,3241.32,56.46,20.14,43.12,45.43,15.95,34.97
2011-01-18,3247.19,56.61,20.16,43.43,45.21,15.94,35.32
2011-01-19,3321.74,58.02,20.51,44.06,46.3,16.22,36.18
2011-01-20,3209.49,55.83,19.89,42.61,45.02,15.73,34.78
2011-01-21,3246.07,56.56,20.14,42.64,45.73,15.93,35.0
2011-01-24,3202.25,55.14,19.95,41.24,44.71,15.79,34.04
2011-01-25,3179.06,54.38,19.84,41.03,44.5,15.71,33.56
2011-01-26,3226.66,55.47,20.05,41.61,45.03,15.88,34.09
2011-01-27,3279.94,56.05,20.35,42.44,45.78,16.12,34.74
2011-01-28,3296.75,56.55,20.37,42.57,45.93,16.13,34.9
2011-01-31,3340.51,57.35,20.64,43.28,45.86,16.35,35.38
2011-02-01,3344.85,57.55,20.69,43.46,46.34,16.38,35.39
2011-02-09,3311.74,57.24,20.48,43.59,46.16,16.17,35.52
2011-02-10,3385.95,58.79,20.83,44.24,46.27,16.45,36.7
2011-02-11,3409.4,59.34,20.92,44.49,46.67,16.52,36.9
2011-02-14,3504.42,60.56,21.47,45.58,47.24,16.95,37.37
2011-02-15,3502.7,60.27,21.45,45.45,47.19,16.94,37.37
2011-02-16,3543.14,60.53,21.62,46.19,47.88,17.08,37.9
2011-02-17,3547.61,60.83,21.62,46.13,48.15,17.08,38.0
2011-02-18,3511.59,60.1,21.45,45.29,47.8,16.95,37.57
2011-02-21,3567.71,61.08,21.69,46.41,48.9,17.14,38.43
2011-02-22,3466.82,60.17,21.14,44.86,47.6,16.71,37.4
2011-02-23,3488.85,60.76,21.18,45.4,48.16,16.74,37.92
2011-02-24,3511.03,61.22,21.28,46.14,48.51,16.82,38.15
2011-02-25,3517.36,60.95,21.28,45.9,48.56,16.83,38.19
2011-02-28,3562.81,61.01,21.44,47.21,49.08,16.98,38.73
2011-03-01,3580.26,61.23,21.6,47.04,49.5,17.15,38.93
2011-03-02,3568.37,60.95,21.54,46.86,49.75,17.11,39.09
2011-03-03,3532.24,59.8,21.45,45.83,48.8,17.06,38.3
2011-03-04,3582.6,60.5,21.71,46.35,49.37,17.29,38.82
2011-03-07,3647.2,60.64,22.08,46.14,49.55,17.6,39.54
2011-03-08,3654.75,60.65,22.04,46.4,49.67,17.59,39.5
2011-03-09,3658.82,60.33,22.04,46.55,49.68,17.6,39.71
2011-03-10,3604.59,59.13,21.66,45.49,48.96,17.35,39.34
2011-03-11,3577.49,58.86,21.48,45.59,48.79,17.21,39.15
2011-03-14,3599.45,59.06,21.5,45.76,49.19,17.23,39.92
2011-03-15,3541.02,57.67,21.12,44.62,48.55,16.98,38.87
2011-03-16,3589.38,58.4,21.32,45.38,49.2,17.16,39.17
2011-03-17,3530.38,57.14,21.03,44.73,48.34,16.97,38.29
2011-03-18,3549.61,57.64,20.34,44.29,49.15,16.82,38.79
2011-03-21,3535.03,56.83,20.31,43.21,48.68,16.81,38.55
2011-03-22,3547.71,56.27,20.34,42.81,48.79,16.88,38.58
2011-03-23,3594.52,56.51,20.44,43.69,49.08,17.11,38.87
2011-03-24,3586.25,56.37,20.38,43.48,49.33,17.08,38.89
2011-03-25,3629.01,56.45,20.17,43.43,49.12,17.18,38.72
2011-03-28,3623.46,55.81,19.3,43.69,48.96,17.11,38.77
2011-03-29,3580.62,53.78,18.85,41.59,49.01,16.93,37.95
2011-03-30,3570.31,52.83,18.09,40.58,48.57,16.79,37.92
2011-03-31,3531.88,51.43,17.13,39.78,47.84,16.48,37.22
2011-04-01,3583.79,51.43,17.13,39.78,47.84,16.48,37.22
2011-04-06,3613.23,51.71,17.25,40.24,48.12,16.81,37.91
2011-04-07,3629.97,51.81,17.3,40.38,48.36,16.88,38.32
2011-04-08,3664.34,51.85,17.38,40.48,48.67,16.98,38.44
2011-04-11,3640.48,51.19,17.3,40.14,48.3,16.95,38.38
2011-04-12,3636.51,51.18,17.21,40.09,48.54,16.93,38.1
2011-04-13,3682.44,51.23,17.39,40.79,48.74,17.11,38.66
2011-04-14,3664.9,51.18,17.34,40.56,48.85,17.06,38.45
2011-04-15,3671.4,50.85,17.37,40.52,49.55,17.11,38.66
2011-04-18,3674.9,51.39,17.41,40.36,49.91,17.13,38.43
2011-04-19,3611.96,50.93,17.09,39.36,49.26,16.78,38.29
2011-04-20,3618.76,50.7,17.1,39.13,49.26,16.78,37.6
2011-04-21,3642.85,50.09,17.13,39.47,48.96,16.86,37.68
2011-04-22,3624.52,49.85,17.0,39.05,48.31,16.73,37.13
2011-04-25,3563.25,48.67,16.75,38.21,46.85,16.46,36.28
2011-04-26,3532.42,48.9,16.61,37.59,46.17,16.36,35.7
2011-04-27,3504.43,47.76,16.53,36.67,46.18,16.24,35.07
2011-04-28,3436.29,47.22,16.37,35.54,44.99,15.88,34.01
2011-04-29,3476.51,47.12,16.43,36.06,45.88,15.47,34.35
2011-05-03,3507.08,47.56,16.49,36.84,45.05,15.47,34.86
2011-05-04,3421.18,47.55,16.1,35.98,44.78,15.11,34.5
2011-05-05,3421.19,47.72,16.14,36.26,44.94,15.15,34.48
2011-05-06,3421.69,47.05,16.08,36.62,45.08,15.09,34.77
2011-05-09,3435.94,47.41,16.11,37.14,45.4,15.12,34.74
2011-05-10,3460.21,47.07,16.21,37.01,45.72,15.21,34.84
2011-05-11,3455.72,47.14,16.18,36.82,45.76,15.18,35.03
2011-05-12,3408.4,47.13,15.96,36.11,45.77,14.98,34.6
2011-05-13,3436.99,46.94,16.11,36.42,46.29,15.11,34.88
2011-05-16,3414.45,46.9,15.98,36.38,46.2,14.99,34.92
2011-05-17,3421.9,46.72,16.01,36.48,45.78,15.03,34.69
2011-05-18,3446.74,47.0,16.12,36.72,46.06,15.13,34.86
2011-05-19,3426.73,46.75,16.06,36.33,45.81,15.07,34.76
2011-05-20,3424.34,46.66,16.06,36.46,45.71,15.08,34.86
2011-05-23,3310.5,45.59,15.59,35.08,44.01,14.64,33.63
2011-05-24,3311.7,45.69,15.56,35.49,43.99,14.6,33.41
2011-05-25,3272.82,45.23,15.4,34.72,43.19,14.46,33.24
2011-05-26,3254.57,45.55,15.38,34.27,42.89,14.44,32.93
2011-05-27,3215.28,44.54,15.27,33.8,42.38,14.33,32.24
2011-05-30,3192.4,44.44,15.27,33.17,42.0,14.34,31.81
2011-05-31,3248.9,45.09,15.47,33.92,42.49,14.52,32.41
2011-06-01,3259.8,44.84,15.47,34.06,42.2,14.52,32.64
2011-06-02,3209.39,44.65,15.24,34.02,42.02,14.31,32.23
2011-06-03,3248.37,44.98,15.37,34.38,42.64,14.43,32.77
2011-06-07,3270.51,45.44,15.46,34.38,42.71,14.51,32.83
2011-06-08,3277.0,45.67,15.49,34.36,42.59,14.54,32.74
2011-06-09,3211.37,44.96,15.25,33.74,42.69,14.31,32.51
2011-06-10,3221.76,45.42,15.25,33.65,42.8,14.32,32.41
2011-06-13,3212.4,45.09,15.23,33.74,42.47,14.3,32.39
2011-06-14,3260.72,45.37,15.39,34.41,42.71,14.45,32.65
2011-06-15,3228.49,44.95,15.25,34.05,42.38,14.32,32.27
2011-06-16,3173.52,44.99,15.04,33.17,41.76,14.12,31.42
2011-06-17,3140.88,44.63,14.94,32.65,41.45,14.03,30.97
2011-06-20,3115.97,44.47,14.83,32.03,41.63,13.93,30.97
2011-06-21,3154.67,45.03,14.98,32.29,41.79,14.07,31.17
2011-06-22,3151.03,44.52,15.0,32.3,41.62,14.09,31.14
2011-06-23,3205.83,45.26,15.24,32.74,42.3,14.31,31.47
2011-06-24,3281.96,45.1,15.54,33.7,43.0,14.59,32.29
2011-06-27,3300.33,45.67,15.6,34.11,43.57,14.64,32.69
2011-06-28,3305.73,45.8,15.6,34.13,43.3,14.65,32.71
2011-06-29,3260.48,45.83,15.44,33.83,42.71,14.49,32.2
2011-06-30,3308.54,46.13,15.62,34.22,43.29,14.67,32.63
2011-07-01,3317.83,45.87,15.79,34.67,43.56,14.83,32.9
2011-07-04,3397.45,46.65,16.09,35.45,44.34,15.11,33.74
2011-07-05,3403.46,46.62,16.1,36.01,44.25,15.11,34.02
2011-07-06,3398.51,46.7,16.05,35.95,44.39,15.07,34.1
2011-07-07,3388.9,46.96,15.96,35.97,44.33,14.98,34.07
2011-07-08,3394.06,46.31,15.98,35.65,43.95,15.0,33.99
2011-07-11,3405.27,46.65,16.0,36.12,44.3,15.01,34.28
2011-07-12,3347.13,46.6,15.74,35.35,43.94,14.76,33.59
2011-07-13,3404.49,46.81,15.99,36.18,44.77,14.99,34.33
2011-07-14,3419.74,47.19,16.07,36.66,44.72,15.06,34.46
2011-07-15,3435.9,47.2,16.13,36.95,44.32,15.11,34.8
2011-07-18,3430.68,47.6,16.1,36.79,44.39,15.09,34.74
2011-07-19,3398.92,47.5,15.98,36.35,43.99,14.98,34.43
2011-07-20,3397.04,47.18,15.97,36.7,44.02,14.97,34.61
2011-07-21,3358.84,46.56,15.82,36.17,44.09,14.83,34.1
2011-07-22,3369.06,46.71,15.84,36.53,44.21,14.84,34.24
2011-07-25,3253.77,46.54,15.39,35.03,42.82,14.42,33.15
2011-07-26,3265.07,46.7,15.46,35.13,42.96,14.49,33.29
2011-07-27,3297.39,47.22,15.57,35.58,43.6,14.59,33.68
2011-07-28,3276.53,47.32,15.49,35.55,43.32,14.51,33.38
2011-07-29,3259.54,46.81,15.45,35.04,43.11,14.47,33.1
2011-08-01,3267.1,46.67,15.46,35.09,43.37,14.47,32.85
2011-08-02,3243.62,46.31,15.33,35.05,43.37,14.34,32.42
2011-08-03,3245.08,46.77,15.33,35.18,43.46,14.34,32.55
2011-08-04,3253.98,46.97,15.36,35.21,43.32,14.37,32.65
2011-08-05,3186.41,46.31,15.06,34.5,42.84,14.09,32.05
2011-08-08,3060.38,44.33,14.52,32.96,40.93,13.57,30.19
2011-08-09,3061.3,43.88,14.53,32.83,40.39,13.55,29.91
2011-08-10,3093.69,44.11,14.66,33.22,40.92,13.66,30.32
2011-08-11,3142.32,44.81,14.85,33.7,41.5,13.83,30.84
2011-08-12,3158.73,45.31,14.91,33.94,42.4,13.88,30.96
2011-08-15,3205.29,45.99,15.1,34.49,43.19,14.05,31.43
2011-08-16,3181.76,45.63,14.99,34.26,42.83,13.89,31.03
2011-08-17,3168.73,45.1,14.95,33.9,42.67,13.82,30.84
2011-08-18,3112.56,44.32,14.72,33.45,42.17,13.57,30.19
2011-08-19,3083.46,43.88,14.57,33.0,41.63,13.4,29.84
2011-08-22,3053.58,43.6,14.45,32.87,41.42,13.18,29.74
2011-08-23,3101.66,44.34,14.65,33.46,41.94,13.35,30.36
2011-08-24,3091.5,44.65,14.59,33.4,41.69,13.28,29.97
2011-08-25,3184.35,45.61,15.02,33.9,41.88,13.61,31.26
2011-08-26,3184.15,45.72,15.0,34.15,42.09,13.44,31.3
2011-08-29,3137.61,45.32,14.79,33.79,42.38,13.22,30.89
2011-08-30,3121.52,44.97,14.75,33.57,42.16,13.15,30.52
2011-08-31,3121.63,44.83,14.78,33.57,41.89,13.15,30.39
2011-09-01,3105.14,44.48,14.71,33.34,41.57,13.1,30.12
2011-09-02,3071.06,44.3,14.56,33.05,41.07,12.96,29.82
2011-09-05,3002.72,44.21,14.28,32.3,40.39,12.71,29.09
2011-09-06,2979.99,43.94,14.21,32.11,40.1,12.65,28.86
2011-09-07,3043.89,44.31,14.47,32.9,41.08,12.88,29.66
2011-09-08,3016.74,44.19,14.38,32.72,40.67,12.8,29.31
2011-09-09,3007.78,44.36,14.38,32.57,40.14,12.79,28.8
2011-09-13,2969.98,42.95,14.23,31.92,39.83,12.66,28.4
2011-09-14,2989.24,43.44,14.29,32.16,39.92,12.71,29.1
2011-09-15,2986.6,43.45,14.26,32.3,39.92,12.68,29.01
2011-09-16,2990.45,43.78,14.28,32.56,40.27,12.71,28.99
2011-09-19,2930.87,43.2,14.03,31.89,39.38,12.48,28.18
2011-09-20,2943.12,43.4,14.08,31.89,39.59,12.52,28.25
2011-09-21,3031.55,44.05,14.45,32.88,40.79,12.85,29.25
2011-09-22,2939.76,43.46,14.05,31.88,39.59,12.49,28.39
2011-09-23,2920.33,43.14,13.98,31.47,39.3,12.43,28.05
2011-09-26,2860.75,42.43,13.74,31.19,38.67,12.22,27.65
2011-09-27,2885.62,42.64,13.87,31.32,38.52,12.33,27.66
2011-09-28,2850.86,41.93,13.74,30.62,37.82,12.22,27.2
2011-09-29,2808.79,40.66,13.62,29.77,37.02,12.11,26.22
2011-09-30,2800.62,40.48,13.59,29.7,36.46,12.09,26.46
2011-10-10,2776.53,40.28,13.52,29.48,36.27,12.03,26.23
2011-10-11,2769.7,40.16,13.54,29.23,36.2,12.05,26.09
2011-10-12,2869.25,41.26,13.95,30.46,37.47,12.4,26.93
2011-10-13,2893.18,41.82,14.05,30.77,37.98,12.49,27.17
2011-10-14,2882.96,41.61,14.01,30.61,37.76,12.46,27.26
2011-10-17,2895.81,41.77,14.07,30.71,37.97,12.52,27.49
2011-10-18,2813.15,40.84,13.76,29.8,36.96,12.25,26.67
2011-10-19,2801.52,40.64,13.72,29.84,36.77,12.21,26.76
2011-10-20,2729.89,39.13,13.44,28.94,35.99,11.96,25.88
2011-10-21,2706.86,39.49,13.37,28.53,35.64,11.89,25.36
2011-10-24,2774.46,39.56,13.67,28.91,36.07,12.15,25.46
2011-10-25,2833.58,40.31,13.91,29.79,37.18,12.34,26.06
2011-10-26,2862.45,40.69,14.01,30.13,37.41,12.4,26.4
2011-10-27,2868.01,40.73,14.06,30.36,37.47,12.33,26.52
2011-10-28,2926.31,41.62,14.28,30.71,37.63,12.35,26.92
2011-10-31,2919.09,41.82,14.24,30.86,37.48,12.19,26.69
2011-11-01,2920.97,41.86,14.25,30.94,37.49,12.2,26.59
2011-11-02,2970.75,42.24,14.45,31.2,38.11,12.37,27.44
2011-11-03,2976.92,42.82,14.48,31.56,38.35,12.39,27.63
2011-11-04,2998.85,42.55,14.6,31.94,38.78,12.49,27.88
2011-11-07,2973.63,42.7,14.48,31.85,38.22,12.39,27.88
2011-11-08,2956.07,42.52,14.45,31.39,38.13,12.37,27.53
2011-11-09,2988.14,42.85,14.58,31.87,38.72,12.47,27.99
2011-11-10,2934.67,42.22,14.31,31.43,38.12,12.25,27.4
2011-11-11,2930.56,42.51,14.31,31.28,38.13,12.25,27.47
2011-11-14,2993.23,43.17,14.59,32.1,39.03,12.49,28.25
2011-11-15,2994.95,43.52,14.58,32.25,39.33,12.48,28.3
2011-11-16,2915.37,42.75,14.22,31.55,38.35,12.17,27.55
2011-11-17,2907.21,42.67,14.2,31.41,38.27,12.15,27.65
2011-11-18,2840.75,41.49,13.93,30.53,37.2,11.93,26.83
2011-11-21,2843.96,41.5,13.93,30.55,37.26,11.92,26.94
2011-11-22,2842.16,41.4,13.91,30.7,37.19,11.9,27.02
2011-11-23,2818.79,41.52,13.82,30.58,37.0,11.83,26.58
2011-11-24,2821.36,41.41,13.84,30.24,36.92,11.85,26.36
2011-11-25,2801.63,41.17,13.75,30.1,36.67,11.77,26.35
2011-11-28,2805.06,41.21,13.76,30.23,36.77,11.78,26.33
2011-11-29,2845.66,41.87,13.93,30.82,37.38,11.93,26.96
2011-11-30,2745.51,40.84,13.5,29.21,36.16,11.57,25.97
2011-12-01,2809.95,41.32,13.82,30.0,36.92,11.84,26.36
2011-12-02,2773.83,40.51,13.69,29.51,36.2,11.72,25.84
2011-12-05,2721.6,39.58,13.56,28.73,35.42,11.61,24.77
2011-12-06,2717.45,39.9,13.51,28.72,35.43,11.58,24.91
2011-12-07,2728.96,39.96,13.54,28.66,35.19,11.61,24.84
2011-12-08,2725.98,39.96,13.53,28.83,34.79,11.59,25.04
2011-12-09,2701.85,39.49,13.45,28.28,34.76,11.53,24.66
2011-12-12,2672.17,38.99,13.31,28.22,34.98,11.41,24.31
2011-12-13,2603.77,38.28,13.08,27.12,33.72,11.21,23.48
2011-12-14,2571.58,37.56,12.97,26.52,33.06,11.12,22.91
2011-12-15,2508.36,36.35,12.7,25.81,32.02,10.89,22.23
2011-12-16,2566.35,37.36,12.95,26.53,32.88,11.1,22.9
2011-12-19,2563.16,37.47,12.91,26.74,33.11,11.07,23.08
2011-12-20,2555.31,37.34,12.89,26.32,32.97,11.05,22.9
2011-12-21,2509.4,36.44,12.74,25.84,32.85,10.93,22.32
2011-12-22,2503.05,36.08,12.73,25.49,32.72,10.92,22.16
2011-12-23,2522.77,36.36,12.83,25.59,32.99,11.01,22.34
2011-12-26,2500.25,36.13,12.74,25.28,32.76,10.93,22.17
2011-12-27,2459.88,35.28,12.6,24.74,31.96,10.81,21.54
2011-12-28,2459.09,35.17,12.63,24.92,31.84,10.83,21.24
2011-12-29,2461.82,35.13,12.65,25.04,31.82,10.85,21.38
2011-12-30,2500.65,35.73,12.82,25.44,32.39,11.0,21.96
2012-01-04,2448.86,34.95,12.77,25.29,31.34,10.96,21.31
2012-01-05,2408.85,33.97,12.67,24.67,30.15,10.86,20.47
2012-01-06,2422.77,33.79,12.76,24.62,30.23,10.93,20.65
2012-01-09,2509.02,35.16,13.12,25.71,31.47,11.24,21.51
2012-01-10,2597.24,36.64,13.47,26.88,32.82,11.54,22.52
2012-01-11,2588.03,36.72,13.41,26.69,32.85,11.49,22.48
2012-01-12,2587.54,36.35,13.4,26.81,32.96,11.46,22.51
2012-01-13,2533.67,34.5,13.23,25.68,31.92,11.31,21.94
2012-01-16,2475.18,34.33,13.0,24.91,30.86,11.12,21.15
2012-01-17,2600.38,35.29,13.53,26.46,32.67,11.57,22.4
2012-01-18,2556.9,34.6,13.34,25.58,32.05,11.41,21.92
2012-01-19,2600.26,34.9,13.52,25.71,32.39,11.56,22.41
2012-01-20,2637.44,35.3,13.67,26.21,32.85,11.69,22.51
2012-01-30,2598.15,35.06,13.45,25.97,32.75,11.5,22.42
2012-01-31,2601.39,35.08,13.48,26.02,32.97,11.54,22.51
2012-02-01,2567.68,35.05,13.34,25.76,32.65,11.41,22.32
2012-02-02,2625.39,35.33,13.61,26.41,33.29,11.64,22.69
2012-02-03,2651.64,35.88,13.72,26.73,33.88,11.73,23.07
2012-02-06,2655.69,36.14,13.71,26.88,34.07,11.73,23.1
2012-02-07,2607.94,35.57,13.49,26.46,33.52,11.53,22.62
2012-02-08,2681.15,36.6,13.81,27.01,34.48,11.81,23.26
2012-02-09,2686.49,36.76,13.83,27.34,34.64,11.83,23.31
2012-02-10,2693.46,36.92,13.83,27.3,34.45,11.83,23.33
2012-02-13,2698.04,37.28,13.82,27.64,34.82,11.82,23.65
2012-02-14,2690.97,37.3,13.78,27.76,34.86,11.78,23.68
2012-02-15,2723.12,37.9,13.9,28.1,35.06,11.89,24.16
2012-02-16,2712.04,37.52,13.84,28.06,35.03,11.84,24.14
2012-02-17,2710.63,37.75,13.85,28.13,35.3,11.84,24.17
2012-02-20,2715.26,37.74,13.87,27.87,35.31,11.87,23.86
2012-02-21,2740.97,38.15,13.98,28.15,35.41,11.97,24.03
2012-02-22,2782.4,38.1,14.11,28.59,36.05,12.08,24.68
2012-02-23,2791.69,38.38,14.14,28.94,36.07,12.11,24.68
2012-02-24,2835.8,39.18,14.32,29.26,36.59,12.27,25.13
2012-02-27,2844.09,39.33,14.37,29.33,36.69,12.31,25.38
2012-02-28,2845.35,38.98,14.38,28.69,35.8,12.34,25.2
2012-02-29,2813.29,38.73,14.25,28.53,36.11,12.23,25.25
2012-03-01,2816.29,38.9,14.22,28.69,36.39,12.21,25.24
2012-03-02,2868.53,39.75,14.44,29.42,37.11,12.39,25.89
2012-03-05,2855.37,39.76,14.33,29.26,37.12,12.3,25.65
2012-03-06,2814.73,39.04,14.14,28.53,36.63,12.14,25.2
2012-03-07,2794.98,38.78,14.04,28.54,36.38,12.06,25.14
2012-03-08,2832.44,39.43,14.19,29.1,37.05,12.19,25.59
2012-03-09,2865.92,39.77,14.26,29.31,37.56,12.28,25.88
2012-03-12,2862.22,40.07,14.21,29.51,37.65,12.25,25.96
2012-03-13,2890.99,40.38,14.32,29.67,38.35,12.35,26.27
2012-03-14,2796.98,38.65,13.96,28.09,36.66,12.04,25.52
2012-03-15,2772.76,38.0,13.86,27.84,35.83,11.97,25.48
2012-03-16,2821.57,38.85,13.92,28.39,36.74,12.11,26.23
2012-03-19,2834.84,38.76,13.95,28.48,36.7,12.15,26.52
2012-03-20,2782.54,38.66,13.69,28.1,36.88,11.98,26.17
2012-03-21,2787.81,39.12,13.71,28.26,37.32,11.99,26.07
2012-03-22,2781.25,38.93,13.69,28.36,37.18,11.98,25.84
2012-03-23,2742.95,38.09,13.21,27.57,36.72,11.86,25.13
2012-03-26,2744.25,37.8,12.9,27.72,36.57,11.87,25.2
2012-03-27,2735.06,37.53,12.91,27.5,36.21,11.9,25.6
2012-03-28,2646.46,35.69,12.59,26.28,34.61,11.64,24.4
2012-03-29,2608.85,35.16,12.22,25.26,34.07,11.47,23.96
2012-03-30,2616.71,35.36,11.83,25.32,34.36,11.56,24.1
2012-04-05,2684.8,36.07,11.99,26.31,35.49,11.74,24.9
2012-04-06,2694.63,36.31,11.99,26.36,35.89,11.76,25.35
2012-04-09,2667.06,35.81,11.88,25.89,35.77,11.66,24.95
2012-04-10,2694.6,36.17,11.97,26.13,35.92,11.76,25.28
2012-04-11,2697.11,36.23,11.93,26.01,36.12,11.77,25.18
2012-04-12,2751.54,36.7,12.14,26.56,36.64,11.93,25.65
2012-04-13,2766.06,37.08,12.18,26.74,37.02,11.97,25.87
2012-04-16,2762.84,37.22,12.15,26.8,37.28,11.94,25.95
2012-04-17,2726.85,37.12,12.03,26.3,37.42,11.87,25.43
2012-04-18,2789.02,37.26,12.25,26.67,37.97,12.11,26.23
2012-04-19,2784.18,37.19,12.19,26.64,37.92,12.07,26.09
2012-04-20,2814.91,37.48,12.27,26.88,38.45,12.2,26.25
2012-04-23,2789.79,37.45,12.18,26.45,37.5,12.07,25.86
2012-04-24,2784.15,37.93,12.17,26.65,37.69,12.11,25.85
2012-04-25,2810.97,38.76,12.24,26.7,38.54,12.18,26.28
2012-04-26,2811.89,38.53,12.23,26.5,38.81,12.16,26.15
2012-04-27,2801.0,37.8,12.2,26.36,37.71,12.11,25.9
2012-05-02,2857.24,38.7,12.42,26.77,38.17,12.11,26.52
2012-05-03,2866.62,38.87,12.43,26.81,38.71,12.12,26.62
2012-05-04,2890.77,38.91,12.5,27.1,38.76,12.19,26.93
2012-05-07,2897.25,39.13,12.51,27.19,38.62,12.19,27.13
2012-05-08,2890.06,39.23,12.47,27.05,38.73,12.16,27.11
2012-05-09,2836.14,38.96,12.27,26.76,38.4,11.96,26.71
2012-05-10,2838.44,39.1,12.27,26.96,38.57,11.97,26.79
2012-05-11,2819.13,38.89,12.2,26.68,38.35,11.89,26.47
2012-05-14,2800.9,38.79,12.11,26.56,38.22,11.81,26.47
2012-05-15,2801.6,38.31,12.09,26.6,38.44,11.79,26.47
2012-05-16,2758.64,37.79,11.93,26.3,37.9,11.63,26.07
2012-05-17,2800.38,38.41,12.08,26.41,38.53,11.79,26.33
2012-05-18,2757.27,38.46,11.91,26.11,37.89,11.62,25.8
2012-05-21,2767.54,38.39,11.95,26.08,37.82,11.66,25.83
2012-05-22,2810.75,38.64,12.08,26.4,38.42,11.79,26.26
2012-05-23,2801.76,38.92,12.03,26.2,38.33,11.74,26.12
2012-05-24,2778.59,38.59,11.97,26.04,38.03,11.67,25.83
2012-05-25,2752.78,38.16,11.88,25.91,37.61,11.59,25.57
2012-05-28,2796.0,38.28,12.02,25.98,38.48,11.73,25.69
2012-05-29,2836.02,38.89,12.16,26.47,38.79,11.86,26.11
2012-05-30,2830.3,38.53,12.13,26.52,38.76,11.83,26.09
2012-05-31,2822.32,38.55,12.08,26.76,38.78,11.78,26.46
2012-06-01,2821.38,38.45,12.08,26.51,38.66,11.78,26.43
2012-06-04,2738.87,37.5,11.77,25.91,37.34,11.49,25.51
2012-06-05,2737.94,37.46,11.79,25.95,37.27,11.5,25.47
2012-06-06,2733.53,37.35,11.78,25.99,37.12,11.49,25.43
2012-06-07,2717.71,37.19,11.7,25.65,36.95,11.41,25.38
2012-06-08,2700.15,37.06,11.64,25.67,36.81,11.35,25.17
2012-06-11,2739.84,37.69,11.76,26.23,37.46,11.47,25.68
2012-06-12,2721.17,37.26,11.69,25.96,37.1,11.39,25.73
2012-06-13,2766.19,37.59,11.82,26.44,37.77,11.53,26.04
2012-06-14,2745.75,37.73,11.71,26.26,37.52,11.42,25.86
2012-06-15,2751.22,37.72,11.76,26.48,37.51,11.47,25.98
2012-06-18,2768.49,37.71,11.82,26.4,37.87,11.52,26.04
2012-06-19,2745.28,37.77,11.74,26.29,37.55,11.45,25.96
2012-06-20,2736.36,37.21,11.71,26.16,37.38,11.42,25.78
2012-06-21,2695.32,36.65,11.56,25.68,37.12,11.27,25.35
2012-06-25,2632.21,36.4,11.33,24.98,36.06,11.05,24.91
2012-06-26,2630.33,36.34,11.32,25.13,36.03,11.04,25.02
2012-06-27,2621.58,36.16,11.3,25.07,35.81,11.02,24.95
2012-06-28,2595.21,35.65,11.2,24.48,35.27,10.93,24.47
2012-06-29,2632.19,36.5,11.35,24.81,35.78,11.07,24.84
2012-07-02,2642.24,37.4,11.57,25.5,36.67,11.28,25.26
2012-07-03,2646.21,37.4,11.59,25.48,36.7,11.29,25.25
2012-07-04,2639.81,36.92,11.57,25.41,36.57,11.28,25.06
2012-07-05,2597.18,36.71,11.44,24.78,35.63,11.16,24.58
2012-07-06,2643.97,37.13,11.57,25.41,36.38,11.28,25.21
2012-07-09,2582.0,36.57,11.31,24.75,35.42,11.03,24.66
2012-07-10,2568.33,36.62,11.28,24.44,35.18,11.0,24.65
2012-07-11,2590.69,37.01,11.34,24.58,35.48,11.05,24.79
2012-07-12,2618.32,37.14,11.4,24.9,35.87,11.11,25.04
2012-07-13,2616.69,36.99,11.41,24.86,35.71,11.12,24.91
2012-07-16,2552.62,36.4,11.21,23.96,34.32,10.93,23.89
2012-07-17,2568.61,35.99,11.28,24.16,34.59,10.99,23.94
2012-07-18,2572.14,35.93,11.3,24.21,34.89,11.01,24.01
2012-07-19,2587.57,36.3,11.37,24.48,35.25,11.08,24.45
2012-07-20,2562.44,36.03,11.27,24.41,35.01,10.99,24.4
2012-07-23,2529.81,36.02,11.12,24.17,34.68,10.85,24.45
2012-07-24,2542.64,36.28,11.15,24.24,34.92,10.87,24.51
2012-07-25,2524.42,36.3,11.09,24.42,34.59,10.81,24.39
2012-07-26,2508.73,36.03,11.04,24.19,34.3,10.76,24.33
2012-07-27,2506.59,36.18,11.05,23.93,34.11,10.78,24.21
2012-07-30,2483.61,35.36,10.97,23.7,33.35,10.7,23.74
2012-07-31,2470.54,34.39,10.98,23.18,32.84,10.71,23.38
2012-08-01,2501.87,34.97,11.09,23.55,33.3,10.81,23.63
2012-08-02,2478.89,34.74,11.02,23.28,33.27,10.75,23.46
2012-08-03,2505.95,35.45,11.12,23.98,33.57,10.84,23.87
2012-08-06,2546.02,35.93,11.23,24.59,34.31,10.95,24.58
2012-08-07,2554.38,35.92,11.24,24.63,34.4,10.96,24.93
2012-08-08,2552.96,35.8,11.26,24.77,34.33,10.98,25.04
2012-08-09,2579.64,36.29,11.34,24.98,34.86,11.06,25.33
2012-08-10,2568.27,35.87,11.3,24.75,34.71,11.0,25.2
2012-08-13,2515.24,35.36,11.13,24.24,33.84,10.84,24.66
2012-08-14,2525.16,36.04,11.16,24.67,34.1,10.87,24.9
2012-08-15,2497.46,35.67,11.06,24.14,34.09,10.76,24.48
2012-08-16,2483.36,35.05,11.01,24.09,33.77,10.71,24.33
2012-08-17,2478.34,35.05,11.01,24.02,33.76,10.7,24.41
2012-08-20,2469.38,35.08,10.97,23.97,33.84,10.66,24.27
2012-08-21,2487.56,35.53,11.02,24.26,34.51,10.71,24.81
2012-08-22,2467.43,35.18,10.96,24.05,34.29,10.66,24.58
2012-08-23,2476.82,35.43,10.98,24.2,34.72,10.68,24.84
2012-08-24,2443.88,35.07,10.86,23.77,34.62,10.58,24.39
2012-08-27,2390.44,34.49,10.71,23.04,33.66,10.4,23.92
2012-08-28,2401.78,34.71,10.78,23.11,33.88,10.44,24.13
2012-08-29,2378.72,34.42,10.68,23.16,33.46,10.37,24.08
2012-08-30,2366.71,34.36,10.68,22.87,33.1,10.32,23.48
2012-08-31,2363.29,34.73,10.65,22.75,33.69,10.25,23.87
2012-09-03,2393.52,34.95,10.72,23.22,34.25,10.32,24.28
2012-09-04,2367.59,34.56,10.62,22.89,33.9,10.23,24.04
2012-09-05,2367.05,34.76,10.59,22.98,33.76,10.2,24.12
2012-09-06,2388.24,35.13,10.66,23.22,34.18,10.27,24.23
2012-09-07,2490.17,36.15,11.07,24.32,35.63,10.66,25.1
2012-09-10,2503.19,35.87,11.1,24.51,36.04,10.69,25.43
2012-09-11,2488.74,36.47,11.03,24.32,35.56,10.62,25.32
2012-09-12,2500.16,35.68,11.05,24.38,35.81,10.64,25.46
2012-09-13,2474.03,35.93,10.97,23.89,35.65,10.56,25.25
2012-09-14,2489.47,35.67,11.05,24.03,35.76,10.63,25.31
2012-09-17,2424.97,35.32,10.81,23.39,34.75,10.41,24.51
2012-09-18,2403.5,35.13,10.71,23.26,34.2,10.31,24.28
2012-09-19,2418.23,35.46,10.75,23.51,34.9,10.35,24.46
2012-09-20,2360.18,34.78,10.53,22.84,33.87,10.15,23.84
2012-09-21,2359.37,34.23,10.54,22.8,34.02,10.15,23.76
2012-09-24,2377.01,34.47,10.58,22.82,34.34,10.19,24.04
2012-09-25,2368.48,34.54,10.56,22.69,33.69,10.17,23.72
2012-09-26,2334.68,33.42,10.44,22.03,33.31,10.06,23.15
2012-09-27,2401.5,34.23,10.72,22.58,34.14,10.33,23.68
2012-09-28,2445.82,34.89,10.88,22.9,34.78,10.49,24.11
2012-10-08,2424.14,34.71,10.81,22.72,34.56,10.42,24.06
2012-10-09,2479.85,35.57,11.03,23.25,35.46,10.63,24.63
2012-10-10,2488.83,35.92,11.05,23.68,35.74,10.64,24.83
2012-10-11,2462.35,35.37,10.97,23.23,35.17,10.56,24.61
2012-10-12,2462.56,35.34,10.98,23.25,35.11,10.58,24.22
2012-10-15,2451.55,35.08,10.96,22.92,34.84,10.55,24.41
2012-10-16,2456.08,35.49,10.96,23.06,34.89,10.56,24.52
2012-10-17,2459.61,35.59,10.99,23.06,34.88,10.58,24.51
2012-10-18,2498.12,35.77,11.12,23.49,34.95,10.69,24.75
2012-10-19,2493.47,35.65,11.11,23.37,34.96,10.67,24.5
2012-10-22,2503.26,35.79,11.13,23.48,35.09,10.69,24.59
2012-10-23,2472.1,35.74,11.02,23.37,34.45,10.58,24.37
2012-10-24,2468.41,35.71,11.02,23.67,34.5,10.57,24.33
2012-10-25,2449.18,35.43,10.95,23.35,34.28,10.52,24.28
2012-10-26,2402.51,34.69,10.77,22.76,33.77,10.3,23.84
2012-10-29,2391.96,34.55,10.73,22.57,34.99,10.27,24.38
2012-10-30,2395.54,34.55,10.75,22.62,35.22,10.29,24.03
2012-10-31,2408.99,34.64,10.79,22.61,34.49,10.27,24.32
2012-11-01,2454.93,35.28,10.98,22.98,34.77,10.45,24.67
2012-11-02,2466.06,35.43,11.04,22.89,35.31,10.51,24.66
2012-11-05,2459.48,35.34,11.02,22.81,35.2,10.49,24.62
2012-11-06,2447.58,35.12,10.98,22.72,35.0,10.45,24.57
2012-11-07,2443.01,35.24,10.98,22.95,34.67,10.45,24.31
2012-11-08,2394.27,34.33,10.81,22.57,33.75,10.3,23.89
2012-11-09,2388.32,34.23,10.8,22.23,33.62,10.28,23.84
2012-11-12,2400.73,34.46,10.84,22.46,33.76,10.32,23.94
2012-11-13,2357.0,33.79,10.68,22.01,33.42,10.17,23.51
2012-11-14,2367.32,33.93,10.72,21.76,33.18,10.21,23.48
2012-11-15,2333.42,33.32,10.59,21.42,32.6,10.09,22.98
2012-11-16,2316.9,33.09,10.51,21.56,32.36,10.01,22.86
2012-11-19,2316.37,33.17,10.51,21.5,32.45,10.01,23.04
2012-11-20,2305.98,33.0,10.47,21.55,32.29,9.97,22.93
2012-11-21,2336.01,33.4,10.57,21.83,32.66,10.06,23.06
2012-11-22,2314.55,33.37,10.49,21.54,32.27,9.99,22.78
2012-11-23,2328.71,33.5,10.55,21.54,32.0,10.05,22.99
2012-11-26,2308.41,33.12,10.49,21.21,31.62,9.99,22.51
2012-11-27,2268.64,31.96,10.37,20.22,30.88,9.88,21.77
2012-11-28,2239.52,31.58,10.29,19.77,30.97,9.81,21.25
2012-11-29,2223.75,31.59,10.24,19.63,30.62,9.76,21.09
2012-11-30,2250.98,32.0,10.32,19.82,30.6,9.84,21.27
2012-12-03,2213.61,31.24,10.22,19.24,29.81,9.74,20.79
2012-12-04,2238.23,31.64,10.29,19.5,29.85,9.81,20.95
2012-12-05,2319.02,32.8,10.6,20.48,31.02,10.1,21.73
2012-12-06,2315.22,32.69,10.59,20.5,30.93,10.09,21.74
2012-12-07,2362.29,33.07,10.75,20.94,31.64,10.24,22.26
2012-12-10,2391.54,33.63,10.86,21.38,31.8,10.35,22.58
2012-12-11,2377.66,33.43,10.82,21.23,31.98,10.31,22.54
2012-12-12,2385.32,33.08,10.85,21.17,31.98,10.35,22.39
2012-12-13,2357.68,32.93,10.75,20.93,31.52,10.24,22.17
2012-12-14,2471.98,33.98,11.22,21.96,32.94,10.69,23.18
2012-12-17,2485.48,34.31,11.26,21.98,33.26,10.73,23.14
2012-12-18,2485.65,34.31,11.27,21.96,33.28,10.74,23.05
2012-12-19,2490.38,34.37,11.28,22.03,33.36,10.75,23.19
2012-12-20,2503.27,34.58,11.31,22.08,33.65,10.78,23.29
2012-12-21,2491.47,34.46,11.23,22.13,33.54,10.7,23.29
2012-12-24,2501.99,34.62,11.26,22.32,33.76,10.73,23.6
2012-12-25,2569.52,35.39,11.56,22.77,34.51,11.01,24.13
2012-12-26,2584.29,35.79,11.59,23.08,34.91,11.04,24.48
2012-12-27,2568.36,35.61,11.52,22.79,34.27,10.98,24.18
2012-12-28,2603.64,35.73,11.66,23.04,34.71,11.11,24.59
2012-12-31,2645.86,35.85,11.86,23.28,35.15,11.3,24.99
2013-01-04,2643.83,36.11,11.91,22.96,34.9,11.38,25.11
2013-01-07,2658.72,35.71,11.95,23.2,35.19,11.41,25.26
2013-01-08,2657.14,36.43,11.89,23.59,34.82,11.35,25.57
2013-01-09,2659.23,35.85,11.91,23.62,35.24,11.36,25.69
2013-01-10,2666.74,36.46,11.95,23.73,35.47,11.4,25.71
2013-01-11,2612.77,35.99,11.76,23.09,35.05,11.22,25.18
2013-01-14,2710.2,36.94,12.14,23.84,35.94,11.57,26.09
2013-01-15,2736.96,37.59,12.21,24.39,36.64,11.64,26.55
2013-01-16,2721.7,37.68,12.11,24.34,36.63,11.55,26.53
2013-01-17,2694.19,37.21,11.98,23.94,36.52,11.42,26.24
2013-01-18,2739.17,37.36,12.15,24.27,36.67,11.58,26.68
2013-01-21,2756.55,37.91,12.19,24.55,36.87,11.61,26.62
2013-01-22,2735.02,36.95,12.13,24.14,36.27,11.54,26.29
2013-01-23,2744.74,37.43,12.16,24.07,36.67,11.57,26.26
2013-01-24,2711.54,36.23,12.08,23.6,35.84,11.55,25.73
2013-01-25,2701.51,36.46,12.02,23.6,35.73,11.48,25.39
2013-01-28,2782.25,37.03,12.31,24.3,36.34,11.76,26.03
2013-01-29,2807.71,37.08,12.37,24.59,36.6,11.82,26.33
2013-01-30,2821.43,37.58,12.51,24.55,37.12,11.96,26.37
2013-01-31,2816.12,37.42,12.52,24.48,36.98,11.97,26.46
2013-02-01,2867.06,37.71,12.72,24.75,37.28,12.16,26.99
2013-02-04,2866.61,37.88,12.76,24.48,37.39,12.19,26.62
2013-02-05,2892.43,37.52,12.78,24.67,37.74,12.21,26.93
2013-02-06,2900.15,38.07,12.79,24.81,37.87,12.22,27.33
2013-02-07,2889.6,37.87,12.7,24.94,38.01,12.14,27.66
2013-02-08,2908.52,38.3,12.78,25.29,38.48,12.21,28.2
2013-02-18,2884.22,38.76,12.72,25.36,38.21,12.14,28.02
2013-02-19,2829.99,38.52,12.51,24.91,37.53,11.94,27.23
2013-02-20,2857.33,39.17,12.59,25.63,37.84,12.02,27.72
2013-02-21,2768.88,38.21,12.21,24.93,37.28,11.66,27.2
2013-02-22,2755.38,37.82,12.15,24.82,37.13,11.59,27.02
2013-02-25,2769.32,38.14,12.2,25.17,37.85,11.64,27.44
2013-02-26,2729.06,37.9,12.03,24.91,37.25,11.48,26.73
2013-02-27,2751.54,37.96,12.13,25.12,37.44,11.58,26.8
2013-02-28,2828.58,38.97,12.4,25.85,37.75,11.86,27.52
2013-03-01,2832.27,38.95,12.38,25.78,38.08,11.83,27.81
2013-03-04,2708.66,38.34,11.91,24.86,36.71,11.37,26.83
2013-03-05,2785.69,38.7,12.2,25.37,37.67,11.64,27.44
2013-03-06,2818.16,39.26,12.3,25.6,38.0,11.74,27.56
2013-03-07,2785.13,38.93,12.17,25.57,37.68,11.61,27.37
2013-03-08,2767.78,38.26,12.11,25.44,37.31,11.57,27.05
2013-03-11,2756.09,38.44,12.07,25.36,37.42,11.53,27.13
2013-03-12,2709.84,37.9,11.95,24.66,36.56,11.4,26.39
2013-03-13,2681.2,37.54,11.83,24.4,36.15,11.29,26.37
2013-03-14,2689.54,37.65,11.83,24.64,36.25,11.34,26.31
2013-03-15,2695.25,37.64,11.89,24.69,36.36,11.4,26.71
2013-03-18,2656.86,38.03,11.69,24.43,36.17,11.2,26.27
2013-03-19,2677.2,38.12,11.77,24.66,36.33,11.28,26.1
2013-03-20,2762.63,38.24,12.06,25.29,37.29,11.59,27.13
2013-03-21,2773.34,38.61,12.1,25.35,37.66,11.62,27.45
2013-03-22,2778.76,38.99,12.25,25.61,37.68,11.65,27.35
2013-03-25,2772.45,38.77,12.2,25.68,37.62,11.56,27.26
2013-03-26,2737.06,38.43,12.04,25.54,37.23,11.41,26.89
2013-03-27,2745.48,38.95,11.89,25.78,37.51,11.36,27.07
2013-03-28,2658.26,38.01,11.4,25.41,36.97,10.98,26.07
2013-03-29,2654.53,38.55,11.27,25.51,37.76,11.02,26.15
2013-04-01,2657.31,38.55,11.25,25.5,38.94,11.02,26.35
2013-04-02,2644.04,37.98,11.17,25.31,38.65,11.0,26.05
2013-04-03,2636.02,37.76,11.16,25.53,38.34,10.99,25.97
2013-04-08,2629.43,37.65,11.11,25.29,38.44,10.94,25.84
2013-04-09,2649.41,37.65,11.16,25.32,39.02,11.0,26.12
2013-04-10,2644.77,37.68,11.15,25.22,38.96,11.0,26.09
2013-04-11,2636.17,37.22,11.12,25.04,38.78,10.97,25.98
2013-04-12,2618.13,36.87,11.06,25.02,38.66,10.91,25.8
2013-04-15,2588.9,36.51,10.95,24.73,38.3,10.8,25.56
2013-04-16,2614.0,37.41,11.03,25.08,38.46,10.87,25.97
2013-04-17,2618.45,37.65,11.03,25.42,38.56,10.86,25.95
2013-04-18,2625.56,37.99,11.05,25.42,39.06,10.9,25.95
2013-04-19,2694.73,38.92,11.31,26.38,39.92,11.14,26.54
2013-04-22,2695.16,39.13,11.25,26.22,40.44,11.12,26.46
2013-04-23,2611.88,38.07,10.93,25.72,38.98,10.82,25.75
2013-04-24,2661.74,38.94,11.09,26.42,39.49,10.96,26.04
2013-04-25,2629.54,38.47,10.98,26.05,37.45,10.83,25.96
2013-04-26,2601.24,38.98,10.84,25.92,36.54,10.63,25.5
2013-05-02,2605.99,39.36,10.85,26.14,35.68,10.49,25.1
2013-05-03,2653.02,39.45,11.02,26.71,36.15,10.64,25.57
2013-05-06,2691.87,39.47,11.15,27.27,36.86,10.77,25.95
2013-05-07,2696.36,39.9,11.16,27.24,36.92,10.78,26.2
2013-05-08,2712.7,40.27,11.23,27.57,37.19,10.84,26.38
2013-05-09,2700.87,40.58,11.17,27.42,37.56,10.79,26.15
2013-05-10,2715.39,40.86,11.23,27.52,37.46,10.84,26.34
2013-05-13,2709.66,40.61,11.19,27.51,37.55,10.8,26.38
2013-05-14,2671.7,40.2,11.05,27.31,36.75,10.67,25.94
2013-05-15,2691.44,39.95,11.1,27.39,37.2,10.72,26.03
2013-05-16,2735.67,40.49,11.25,28.0,37.67,10.86,26.49
2013-05-17,2777.76,41.18,11.42,28.87,37.93,11.03,27.03
2013-05-20,2800.47,41.61,11.5,29.06,37.95,11.1,27.18
2013-05-21,2813.71,41.73,11.53,29.3,38.39,11.13,27.57
2013-05-22,2810.61,42.24,11.51,28.7,38.14,11.12,27.56
2013-05-23,2776.27,41.88,11.38,28.74,37.81,10.98,27.25
2013-05-24,2798.49,42.12,11.44,29.22,38.38,11.04,27.49
2013-05-27,2807.39,42.83,11.45,29.54,38.73,11.06,27.57
2013-05-28,2845.09,42.62,11.59,29.49,38.89,11.2,27.65
2013-05-29,2848.83,42.88,11.61,29.49,39.12,11.21,27.99
2013-05-30,2843.75,42.91,11.57,29.45,39.15,11.17,27.91
2013-05-31,2816.73,42.92,11.48,29.45,38.84,11.09,27.83
2013-06-03,2808.78,41.99,11.47,29.23,38.66,11.08,27.81
2013-06-04,2765.14,41.9,11.34,28.51,38.3,10.95,27.57
2013-06-05,2763.78,41.66,11.33,28.54,38.47,10.94,27.48
2013-06-06,2725.13,41.73,11.19,27.84,37.84,10.81,26.81
2013-06-07,2676.44,40.61,11.03,27.64,37.15,10.66,26.27
2013-06-13,2589.6,40.34,10.72,26.91,36.73,10.36,25.47
2013-06-14,2616.02,40.29,10.8,27.21,36.98,10.44,25.87
2013-06-17,2607.05,40.34,10.76,27.01,37.03,10.4,25.69
2013-06-18,2621.41,40.86,10.78,27.28,37.17,10.41,26.08
2013-06-19,2602.72,40.29,10.69,26.95,36.98,10.33,25.92
2013-06-20,2516.76,39.65,10.39,25.98,35.79,10.03,25.03
2013-06-21,2510.08,39.38,10.29,26.08,35.59,9.94,24.94
2013-06-24,2352.45,37.99,9.74,24.76,33.36,9.41,23.3
2013-06-25,2345.22,37.77,9.74,24.82,33.18,9.41,23.33
2013-06-26,2359.72,37.96,9.72,25.05,33.7,9.39,23.82
2013-06-27,2343.99,37.59,9.71,24.85,33.4,9.39,23.5
2013-06-28,2376.89,37.25,9.87,24.49,33.44,9.55,23.38
2013-07-01,2399.63,36.86,10.07,24.74,33.03,9.72,23.54
2013-07-02,2416.55,37.44,10.14,25.64,33.55,9.79,24.31
2013-07-03,2402.7,37.45,10.08,25.39,33.52,9.73,24.43
2013-07-04,2422.23,37.43,10.14,25.44,33.81,9.79,24.52
2013-07-05,2422.76,37.29,10.16,25.18,33.61,9.81,24.17
2013-07-08,2347.58,37.13,9.92,24.13,32.19,9.57,23.0
2013-07-09,2350.32,36.98,9.95,24.25,32.75,9.6,23.17
2013-07-10,2418.66,37.37,10.16,25.06,33.37,9.8,24.05
2013-07-11,2519.3,38.17,10.49,25.83,34.42,10.12,24.75
2013-07-12,2471.96,37.75,10.32,25.45,34.07,9.96,24.33
2013-07-15,2510.31,38.5,10.42,26.02,34.76,10.06,25.0
2013-07-16,2526.66,38.59,10.46,26.36,35.15,10.09,25.2
2013-07-17,2488.88,38.4,10.34,26.09,34.59,9.97,24.82
2013-07-18,2457.65,38.56,10.22,25.94,34.51,9.86,24.81
2013-07-19,2397.28,38.31,10.07,25.09,33.65,9.72,24.27
2013-07-22,2418.93,38.61,10.13,25.43,34.27,9.77,24.03
2013-07-23,2485.89,38.87,10.33,26.09,35.14,9.97,24.86
2013-07-24,2476.16,38.67,10.28,26.49,35.27,9.92,24.87
2013-07-25,2454.51,38.48,10.21,25.96,34.7,9.85,24.61
2013-07-26,2442.64,38.31,10.16,26.32,34.43,9.8,24.72
2013-07-29,2391.31,37.93,9.98,25.89,33.97,9.63,24.35
2013-07-30,2399.45,37.92,10.05,25.7,33.7,9.69,24.23
2013-07-31,2405.94,38.03,10.06,25.81,33.79,9.7,24.25
2013-08-01,2464.91,38.32,10.25,26.6,34.69,9.88,24.99
2013-08-02,2468.71,38.41,10.26,26.69,34.76,9.88,25.07
2013-08-05,2504.67,39.09,10.37,27.19,35.35,10.0,25.35
2013-08-06,2524.11,39.48,10.43,27.46,35.52,10.04,25.82
2013-08-07,2507.22,39.09,10.35,27.02,35.16,9.96,25.35
2013-08-08,2505.82,39.15,10.35,26.98,35.34,9.96,25.61
2013-08-09,2515.66,39.33,10.38,26.92,35.58,9.99,25.43
2013-08-12,2580.42,40.12,10.62,27.62,35.86,10.22,25.96
2013-08-13,2589.03,39.92,10.64,27.92,35.93,10.22,26.15
2013-08-14,2578.28,40.08,10.61,28.04,35.74,10.19,26.1
2013-08-15,2546.89,39.56,10.5,27.62,35.05,10.09,25.56
2013-08-16,2518.76,38.84,10.44,26.84,34.11,10.01,25.16
2013-08-19,2550.87,39.42,10.51,27.25,34.7,10.08,25.55
2013-08-20,2533.73,39.62,10.44,27.08,34.89,9.99,25.37
2013-08-21,2535.62,39.54,10.44,27.19,34.85,10.0,25.63
2013-08-22,2533.45,39.86,10.42,27.38,34.94,9.95,25.6
2013-08-23,2518.08,39.78,10.37,27.46,34.88,9.86,25.63
2013-08-26,2571.39,40.31,10.55,28.06,36.01,10.01,26.1
2013-08-27,2580.84,40.58,10.57,28.35,35.76,10.01,26.26
2013-08-28,2565.3,40.39,10.52,27.98,35.47,9.96,25.98
2013-08-29,2556.85,40.32,10.49,27.93,35.44,9.86,25.76
2013-08-30,2546.58,39.87,10.47,27.29,34.57,9.74,25.16
2013-09-02,2556.49,40.51,10.49,27.56,34.57,9.75,25.3
2013-09-03,2594.24,40.7,10.62,27.94,35.06,9.87,25.46
2013-09-04,2593.02,41.19,10.63,27.95,35.2,9.87,25.8
2013-09-05,2587.04,40.8,10.61,28.24,35.24,9.86,25.62
2013-09-06,2605.57,40.73,10.67,28.24,35.49,9.92,26.04
2013-09-09,2680.11,41.25,11.02,28.58,35.94,10.25,26.23
2013-09-10,2715.09,41.7,11.11,28.64,35.92,10.32,26.31
2013-09-11,2714.98,41.09,11.13,28.41,36.04,10.35,26.33
2013-09-12,2736.95,41.24,11.22,28.48,35.78,10.43,26.21
2013-09-13,2722.69,41.58,11.14,28.8,36.11,10.36,26.24
2013-09-16,2714.92,41.6,11.11,28.84,36.1,10.33,26.27
2013-09-17,2661.05,40.87,10.9,28.6,35.84,10.13,25.77
2013-09-18,2671.74,41.27,10.92,28.76,36.19,10.15,26.09
2013-09-23,2718.14,42.11,11.09,29.39,36.56,10.3,26.67
2013-09-24,2695.7,42.12,11.0,29.41,36.93,10.22,26.57
2013-09-25,2681.02,41.99,10.94,28.94,36.78,10.17,26.3
2013-09-26,2630.07,41.18,10.76,28.66,36.05,10.0,25.58
2013-09-27,2641.27,41.27,10.79,28.74,36.16,10.02,25.98
2013-09-30,2661.78,41.67,10.85,29.07,36.53,10.08,26.13
2013-10-08,2700.25,42.3,10.97,29.63,37.07,10.19,26.81
2013-10-09,2717.6,42.69,11.02,29.72,37.41,10.24,26.82
2013-10-10,2693.96,42.44,10.92,29.46,37.14,10.14,26.9
2013-10-11,2738.03,42.77,11.09,30.24,37.69,10.3,27.31
2013-10-14,2748.79,43.16,11.13,30.21,38.01,10.33,27.35
2013-10-15,2745.73,42.58,11.09,30.12,37.65,10.29,27.52
2013-10-16,2688.13,41.43,10.92,29.4,36.63,10.13,26.52
2013-10-17,2680.45,41.69,10.9,29.6,36.92,10.11,26.5
2013-10-18,2693.28,41.53,10.94,29.34,36.74,10.14,26.4
2013-10-21,2747.92,42.45,11.11,29.94,37.53,10.3,26.93
2013-10-22,2719.53,42.06,11.01,29.55,37.67,10.19,26.77
2013-10-23,2678.75,41.46,10.9,29.25,37.18,10.08,26.23
2013-10-24,2659.39,41.48,10.8,29.07,36.89,10.0,26.04
2013-10-25,2619.59,40.64,10.66,28.72,36.08,9.85,25.35
2013-10-28,2615.11,40.55,10.65,28.49,36.75,9.79,25.04
2013-10-29,2601.2,40.61,10.65,27.45,35.91,9.78,24.47
2013-10-30,2640.99,40.14,10.81,27.89,36.42,9.81,24.85
2013-10-31,2604.35,39.57,10.71,27.45,36.1,9.6,24.51
2013-11-01,2611.47,39.88,10.76,27.7,36.0,9.64,24.74
2013-11-04,2612.43,40.09,10.76,27.64,36.17,9.64,24.71
2013-11-05,2623.99,40.51,10.79,28.03,36.56,9.66,25.16
2013-11-06,2592.11,40.15,10.69,27.69,35.91,9.58,24.55
2013-11-07,2572.12,39.96,10.65,27.61,35.84,9.54,24.22
2013-11-08,2535.61,39.35,10.54,27.24,35.26,9.44,23.65
2013-11-11,2544.95,39.57,10.57,27.42,35.47,9.47,24.0
2013-11-12,2570.86,39.92,10.66,27.51,35.72,9.55,24.17
2013-11-13,2516.17,39.57,10.46,27.09,35.16,9.37,23.63
2013-11-14,2538.18,40.13,10.53,27.21,35.69,9.43,23.99
2013-11-15,2589.68,40.26,10.69,27.79,36.05,9.58,24.44
2013-11-18,2669.89,40.92,10.99,28.44,36.92,9.85,25.02
2013-11-19,2658.49,40.93,10.96,28.75,36.91,9.82,25.16
2013-11-20,2675.71,41.32,11.02,28.83,36.92,9.87,25.37
2013-11-21,2661.22,41.19,11.0,28.56,37.16,9.86,25.31
2013-11-22,2647.34,41.02,10.97,28.51,37.02,9.83,25.31
2013-11-25,2639.16,40.97,10.92,28.56,36.61,9.78,25.05
2013-11-26,2639.26,40.72,10.9,28.81,36.7,9.76,25.08
2013-11-27,2669.27,41.28,10.99,29.06,37.25,9.84,25.42
2013-11-28,2695.62,41.64,11.09,29.27,37.18,9.93,25.65
2013-11-29,2699.42,41.96,11.09,29.48,37.48,9.93,25.62
2013-12-02,2651.37,40.7,11.05,27.96,35.99,9.9,24.86
2013-12-03,2686.98,41.5,11.13,28.64,36.76,9.97,25.53
2013-12-04,2726.52,42.15,11.25,29.12,37.32,10.07,25.98
2013-12-05,2720.09,41.79,11.22,29.0,37.29,10.05,26.02
2013-12-06,2705.33,41.9,11.18,29.29,37.07,10.01,26.14
2013-12-09,2709.38,42.07,11.18,29.47,37.26,10.01,26.21
2013-12-10,2711.88,41.74,11.18,29.33,37.23,10.01,26.11
2013-12-11,2670.94,41.21,11.01,28.91,36.77,9.86,25.93
2013-12-12,2670.54,41.4,11.0,28.98,36.94,9.85,25.95
2013-12-13,2669.31,41.81,10.97,29.1,36.95,9.82,26.01
2013-12-16,2625.57,41.17,10.94,28.74,36.6,9.82,26.15
2013-12-17,2611.91,40.9,10.89,28.69,36.77,9.77,25.82
2013-12-18,2612.61,40.86,10.88,28.65,36.71,9.76,25.82
2013-12-19,2585.34,40.51,10.79,28.19,36.75,9.68,25.62
2013-12-20,2532.25,40.64,10.55,27.79,36.26,9.46,25.34
2013-12-23,2536.82,40.54,10.61,27.89,36.21,9.52,25.48
2013-12-24,2544.37,40.41,10.64,27.99,36.03,9.54,25.7
2013-12-25,2565.22,40.49,10.71,28.22,36.06,9.61,25.81
2013-12-26,2521.03,40.49,10.54,28.13,35.82,9.46,25.4
2013-12-27,2562.53,40.77,10.69,28.67,36.04,9.59,25.8
2013-12-30,2561.37,40.87,10.66,28.8,36.11,9.56,25.86
2013-12-31,2589.35,41.14,10.76,28.79,36.3,9.65,26.05
2014-01-02,2586.02,41.39,10.74,29.01,36.58,9.63,25.9
2014-01-03,2554.8,41.44,10.62,28.63,36.37,9.53,25.86
2014-01-06,2493.4,40.62,10.44,27.89,35.75,9.36,25.32
2014-01-07,2496.86,40.81,10.44,27.9,35.56,9.35,25.49
2014-01-08,2500.88,40.94,10.43,27.78,35.64,9.35,25.41
2014-01-09,2477.28,40.75,10.35,27.49,35.17,9.27,25.2
2014-01-10,2451.18,40.14,10.27,26.96,35.3,9.19,24.6
2014-01-13,2439.07,39.92,10.26,26.92,35.1,9.18,24.36
2014-01-14,2467.37,40.62,10.35,27.41,35.91,9.27,24.73
2014-01-15,2468.46,40.83,10.33,27.37,36.11,9.25,24.74
2014-01-16,2471.93,40.89,10.33,27.52,36.15,9.25,24.77
2014-01-17,2437.04,40.35,10.24,27.04,35.61,9.17,24.56
2014-01-20,2421.88,40.04,10.17,26.9,35.01,9.1,24.54
2014-01-21,2449.32,40.22,10.25,27.27,35.47,9.17,24.76
2014-01-22,2513.08,41.24,10.47,28.03,36.35,9.37,25.33
2014-01-23,2507.91,41.39,10.42,28.21,36.13,9.33,25.27
2014-01-24,2529.27,41.59,10.48,28.48,36.58,9.39,25.64
2014-01-27,2504.64,41.39,10.38,28.79,36.41,9.3,25.62
2014-01-28,2506.45,41.12,10.4,28.71,36.36,9.33,25.39
2014-01-29,2519.04,41.44,10.46,28.86,36.85,9.38,25.55
2014-01-30,2494.15,41.2,10.36,28.56,36.73,9.29,25.31
2014-02-07,2515.06,41.56,10.41,28.85,37.35,9.33,25.84
2014-02-10,2580.88,42.07,10.63,29.66,38.44,9.53,26.85
2014-02-11,2596.73,42.14,10.71,29.84,38.48,9.6,26.9
2014-02-12,2609.3,42.45,10.74,29.97,38.77,9.63,26.94
2014-02-13,2588.99,42.26,10.69,29.42,38.29,9.58,26.66
2014-02-14,2614.39,42.88,10.77,29.89,38.86,9.65,27.09
2014-02-17,2641.38,43.25,10.87,30.5,39.55,9.73,27.3
2014-02-18,2616.44,42.97,10.75,30.53,39.61,9.61,27.29
2014-02-19,2638.09,43.02,10.88,30.26,39.62,9.72,27.22
2014-02-20,2610.3,42.85,10.84,29.86,39.15,9.69,27.14
2014-02-21,2586.48,42.56,10.72,29.68,38.84,9.59,26.99
2014-02-24,2542.66,42.67,10.53,29.01,38.78,9.42,26.79
2014-02-25,2470.77,41.28,10.3,28.22,37.54,9.22,26.01
2014-02-26,2479.86,41.51,10.34,28.26,37.71,9.25,26.07
2014-02-27,2462.96,40.95,10.34,28.1,37.62,9.26,25.65
2014-02-28,2490.65,41.6,10.4,28.31,38.02,9.31,25.89
2014-03-03,2514.55,42.31,10.46,28.54,38.67,9.37,26.52
2014-03-04,2509.67,42.09,10.43,28.6,38.65,9.35,26.26
2014-03-05,2489.14,42.02,10.34,28.12,38.5,9.26,25.78
2014-03-06,2496.21,41.65,10.37,28.36,38.42,9.29,25.92
2014-03-07,2488.31,41.51,10.33,28.18,38.36,9.28,25.97
2014-03-10,2403.54,40.41,10.05,27.48,37.39,9.03,25.45
2014-03-11,2413.19,40.9,10.07,27.66,37.52,9.05,25.57
2014-03-12,2417.95,40.83,10.06,27.5,37.4,9.04,25.6
2014-03-13,2446.79,41.18,10.17,27.6,37.49,9.14,25.67
2014-03-14,2429.2,40.95,10.04,27.36,37.65,9.06,25.68
2014-03-17,2459.52,41.59,10.13,27.82,37.96,9.15,25.86
2014-03-18,2459.35,41.58,10.1,27.76,37.66,9.15,25.98
2014-03-19,2443.64,41.11,10.08,27.6,37.57,9.14,25.82
2014-03-20,2397.49,40.71,9.9,26.97,37.32,9.02,25.11
2014-03-21,2469.92,40.84,10.1,27.55,37.36,9.25,25.79
2014-03-24,2490.4,40.85,10.15,27.86,37.8,9.34,25.7
2014-03-25,2489.58,41.69,10.11,27.63,38.43,9.32,25.77
2014-03-26,2488.61,41.58,9.95,27.66,38.48,9.33,25.92
2014-03-27,2465.91,40.65,9.78,27.46,38.17,9.26,25.32
2014-03-28,2449.04,39.52,9.58,26.91,37.58,9.23,24.79
2014-03-31,2440.04,39.27,9.39,26.17,37.88,9.2,24.23
2014-04-01,2464.21,39.65,9.43,26.78,38.75,9.27,25.1
2014-04-02,2479.15,39.66,9.47,26.65,38.82,9.33,25.0
2014-04-03,2465.2,39.65,9.41,26.64,38.64,9.26,24.96
2014-04-04,2489.58,39.93,9.48,26.95,38.72,9.34,25.22
2014-04-08,2539.69,39.93,9.68,27.38,39.16,9.54,25.43
2014-04-09,2547.23,40.02,9.72,27.63,39.37,9.57,25.82
2014-04-10,2579.72,40.24,9.84,27.56,40.31,9.7,25.68
2014-04-11,2574.08,39.69,9.82,27.36,39.69,9.68,25.59
2014-04-14,2577.67,39.63,9.82,27.79,40.08,9.69,25.88
2014-04-15,2540.29,39.71,9.67,27.15,40.7,9.57,25.71
2014-04-16,2542.45,40.13,9.68,27.32,41.0,9.58,25.57
2014-04-17,2535.23,39.44,9.64,26.77,40.55,9.55,25.31
2014-04-18,2537.47,39.74,9.63,26.72,41.2,9.54,25.52
2014-04-21,2495.62,39.3,9.49,26.52,40.56,9.42,25.2
2014-04-22,2500.29,39.72,9.5,25.63,40.3,9.44,25.1
2014-04-23,2495.39,39.83,9.5,25.96,40.41,9.43,25.1
2014-04-24,2484.16,39.55,9.44,25.8,39.73,9.36,24.71
2014-04-25,2450.78,39.23,9.34,25.43,39.11,9.25,24.87
2014-04-28,2403.39,37.95,9.2,24.22,37.77,9.09,24.15
2014-04-29,2432.25,38.08,9.27,24.5,37.73,9.11,24.3
2014-04-30,2437.18,38.59,9.3,24.7,37.99,9.02,24.29
2014-05-05,2441.01,38.7,9.3,25.05,38.31,9.02,24.66
2014-05-06,2445.17,38.88,9.3,25.4,38.5,9.02,24.84
2014-05-07,2416.77,38.26,9.22,24.96,37.86,8.94,24.49
2014-05-08,2415.98,38.36,9.23,25.22,37.98,8.95,24.4
2014-05-09,2408.02,38.12,9.21,25.07,37.76,8.94,24.5
2014-05-12,2462.96,39.23,9.4,25.97,38.88,9.12,25.3
2014-05-13,2457.65,39.11,9.38,25.85,38.75,9.11,25.27
2014-05-14,2455.07,39.09,9.38,25.81,38.4,9.1,25.1
2014-05-15,2419.26,38.69,9.28,25.29,37.68,9.0,24.44
2014-05-16,2419.8,38.68,9.28,25.19,37.64,9.0,24.42
2014-05-19,2390.7,38.13,9.19,25.05,37.51,8.91,24.52
2014-05-20,2393.03,38.57,9.2,24.9,37.57,8.93,24.38
2014-05-21,2415.15,38.95,9.28,25.27,37.98,9.0,24.8
2014-05-22,2410.79,38.9,9.27,25.15,37.74,8.99,24.63
2014-05-23,2432.32,39.28,9.34,25.17,38.11,9.06,24.72
2014-05-26,2445.71,39.67,9.37,25.26,38.49,9.09,25.06
2014-05-27,2436.95,39.55,9.34,25.19,38.39,9.06,24.79
2014-05-28,2462.7,39.99,9.43,25.34,38.84,9.14,25.04
2014-05-29,2444.06,38.96,9.39,25.34,38.47,9.11,24.66
2014-05-30,2446.42,39.43,9.38,25.57,38.55,9.1,24.93
2014-06-03,2439.89,39.03,9.39,25.46,38.52,9.11,24.99
2014-06-04,2416.21,39.68,9.32,24.96,38.13,9.04,24.75
2014-06-05,2442.09,39.38,9.4,25.15,38.52,9.11,24.94
2014-06-06,2426.6,39.56,9.34,25.0,38.34,9.06,24.64
2014-06-09,2422.58,39.03,9.35,25.01,38.16,9.07,24.36
2014-06-10,2452.26,39.5,9.46,25.21,38.25,9.18,24.77
2014-06-11,2455.01,39.64,9.47,25.25,38.37,9.18,24.84
2014-06-12,2447.56,39.58,9.44,25.05,38.28,9.16,24.77
2014-06-13,2473.62,40.03,9.54,25.35,38.7,9.26,25.11
2014-06-16,2490.59,40.34,9.71,26.04,39.21,9.43,25.71
2014-06-17,2466.07,40.39,9.61,25.77,38.95,9.33,25.49
2014-06-18,2454.59,40.29,9.57,25.62,38.9,9.29,25.28
2014-06-19,2409.29,40.61,9.42,25.17,37.95,9.14,24.82
2014-06-20,2423.24,40.93,9.43,25.51,38.24,9.16,24.91
2014-06-23,2425.67,40.84,9.42,25.84,38.51,9.15,25.37
2014-06-24,2438.57,40.76,9.47,25.75,38.78,9.19,25.38
2014-06-25,2424.74,40.82,9.42,25.76,38.53,9.15,25.19
2014-06-26,2446.03,41.25,9.49,25.99,38.96,9.21,25.42
2014-06-27,2451.75,41.52,9.47,26.07,39.15,9.2,25.46
2014-06-30,2470.2,41.85,9.53,26.29,39.47,9.25,25.8
2014-07-01,2474.38,41.82,9.53,26.57,39.78,9.26,25.86
2014-07-02,2484.37,42.12,9.58,26.61,40.12,9.3,26.18
2014-07-03,2499.07,42.41,9.61,26.76,40.08,9.33,26.42
2014-07-04,2495.22,42.25,9.6,26.64,39.9,9.32,26.16
2014-07-07,2494.95,42.28,9.6,26.45,39.91,9.32,26.13
2014-07-08,2502.78,42.47,9.63,26.51,40.45,9.35,26.26
2014-07-09,2466.59,41.86,9.5,26.15,39.85,9.23,25.91
2014-07-10,2461.71,41.87,9.46,26.12,39.84,9.18,26.0
2014-07-11,2474.21,41.98,9.49,26.49,40.3,9.21,26.04
2014-07-14,2504.43,42.51,9.58,26.99,40.83,9.3,26.31
2014-07-15,2507.49,42.53,9.6,27.08,40.44,9.31,26.5
2014-07-16,2498.72,42.22,9.58,27.02,40.12,9.3,26.47
2014-07-17,2482.0,41.98,9.52,26.5,39.91,9.24,26.41
2014-07-18,2489.77,42.07,9.54,26.85,39.96,9.26,26.29
2014-07-21,2489.42,41.92,9.53,26.55,39.54,9.24,26.28
2014-07-22,2520.44,42.47,9.63,27.05,40.05,9.33,26.63
2014-07-23,2520.15,42.17,9.64,26.93,39.56,9.34,26.48
2014-07-24,2552.04,42.2,9.77,26.9,39.63,9.47,26.64
2014-07-25,2577.58,42.67,9.87,27.15,40.03,9.56,26.88
2014-07-28,2643.65,43.52,10.12,27.8,40.72,9.8,27.56
2014-07-29,2656.67,43.54,10.15,28.25,40.68,9.83,27.66
2014-07-30,2650.14,43.6,10.13,28.31,40.69,9.81,27.68
2014-07-31,2680.8,44.0,10.23,28.9,41.13,9.91,28.07
2014-08-01,2655.45,43.17,10.16,28.46,40.69,9.84,27.61
2014-08-04,2705.55,43.93,10.33,28.83,41.39,10.0,28.32
2014-08-05,2704.06,43.88,10.31,28.98,41.59,9.99,28.32
2014-08-06,2703.93,43.89,10.3,29.03,41.93,9.97,28.48
2014-08-07,2666.99,43.83,10.16,28.42,41.54,9.83,28.16
2014-08-08,2674.47,44.1,10.19,28.52,41.79,9.86,28.06
2014-08-11,2714.08,44.43,10.32,29.22,42.34,9.99,28.92
2014-08-12,2711.17,44.66,10.31,29.18,42.34,9.97,28.86
2014-08-13,2713.05,45.74,10.31,29.18,42.21,9.97,29.03
2014-08-14,2689.16,44.76,10.23,28.82,41.88,9.87,28.56
2014-08-15,2718.26,44.63,10.33,29.09,42.3,9.96,28.74
2014-08-18,2740.16,45.21,10.38,29.46,42.55,10.01,29.12
2014-08-19,2742.65,45.46,10.4,29.21,43.09,10.01,29.13
2014-08-20,2735.6,45.41,10.37,29.19,43.08,9.97,29.14
2014-08-21,2725.43,45.44,10.32,29.48,43.03,9.91,28.91
2014-08-22,2739.18,45.7,10.37,29.63,42.94,9.95,29.29
2014-08-25,2714.58,45.4,10.31,29.29,42.23,9.86,28.93
2014-08-26,2685.27,44.93,10.22,29.17,42.25,9.76,28.65
2014-08-27,2690.53,45.14,10.23,29.23,42.23,9.74,28.57
2014-08-28,2670.15,44.81,10.16,29.03,41.24,9.63,28.33
2014-08-29,2700.52,45.23,10.26,29.28,41.28,9.67,28.57
2014-09-01,2728.39,45.59,10.34,29.64,41.54,9.71,29.18
2014-09-02,2766.04,46.27,10.47,29.84,42.13,9.84,29.46
2014-09-03,2790.17,46.72,10.58,29.94,42.54,9.94,29.61
2014-09-04,2811.36,47.12,10.66,30.11,42.85,10.01,29.66
2014-09-05,2833.62,46.98,10.74,30.33,43.28,10.08,29.82
2014-09-09,2836.39,46.98,10.73,30.47,43.63,10.08,30.21
2014-09-10,2827.24,47.04,10.68,30.7,43.66,10.03,30.34
2014-09-11,2818.96,47.27,10.65,30.45,43.56,10.0,30.25
2014-09-12,2840.29,47.88,10.73,30.98,44.12,10.08,30.45
2014-09-15,2848.1,48.31,10.75,31.06,44.55,10.09,30.49
2014-09-16,2779.99,46.37,10.55,30.09,43.24,9.91,29.82
2014-09-17,2797.39,46.77,10.6,30.64,43.67,9.95,29.95
2014-09-18,2809.17,47.07,10.64,30.82,43.92,9.99,30.1
2014-09-19,2829.73,47.47,10.69,31.23,44.28,10.04,30.31
2014-09-22,2780.29,46.71,10.5,30.8,43.62,9.85,30.09
2014-09-23,2807.71,47.26,10.58,31.23,44.16,9.93,30.39
2014-09-24,2853.38,47.82,10.74,31.87,44.94,10.08,30.88
2014-09-25,2849.16,48.2,10.73,31.62,44.93,10.08,30.8
2014-09-26,2851.99,47.75,10.74,31.64,45.11,10.08,30.73
2014-09-29,2868.99,47.96,10.78,31.94,45.59,10.12,31.1
2014-09-30,2878.33,48.6,10.81,32.2,45.98,10.15,31.24
2014-10-08,2914.4,48.96,10.9,32.63,46.28,10.24,31.68
2014-10-09,2919.17,48.77,10.93,32.47,46.69,10.26,31.49
2014-10-10,2902.79,48.13,10.87,32.32,46.4,10.2,31.33
2014-10-13,2893.15,48.12,10.82,32.23,46.4,10.15,31.36
2014-10-14,2883.34,47.94,10.79,32.1,46.23,10.12,30.98
2014-10-15,2901.4,47.87,10.85,32.33,46.45,10.18,30.87
2014-10-16,2871.17,47.78,10.78,31.67,45.76,10.11,30.28
2014-10-17,2861.07,47.78,10.74,31.88,45.43,10.07,30.22
2014-10-20,2883.67,47.75,10.81,32.02,46.0,10.13,30.44
2014-10-21,2858.22,47.26,10.72,31.88,45.55,10.05,30.34
2014-10-22,2835.9,46.66,10.67,31.8,44.98,10.0,29.91
2014-10-23,2804.92,45.71,10.57,31.33,44.33,9.9,29.66
2014-10-24,2803.97,45.82,10.56,31.35,44.73,9.88,29.73
2014-10-27,2791.95,46.43,10.49,31.52,45.09,9.82,29.53
2014-10-28,2851.49,47.18,10.69,32.35,45.57,9.99,30.15
2014-10-29,2891.78,47.83,10.84,32.72,44.88,10.08,30.98
2014-10-30,2906.43,47.89,10.92,32.8,44.87,10.11,30.82
2014-10-31,2937.91,47.92,11.06,32.8,44.63,10.16,30.66
2014-11-03,2948.73,48.34,11.08,32.92,44.71,10.16,30.99
2014-11-04,2944.87,48.33,11.08,32.67,44.62,10.16,30.92
2014-11-05,2935.44,48.54,11.03,32.84,44.43,10.11,30.76
2014-11-06,2942.71,48.8,11.05,32.87,44.69,10.13,31.02
2014-11-07,2931.22,48.27,11.01,32.8,44.24,10.09,30.78
2014-11-10,2993.08,48.9,11.25,33.22,44.74,10.31,31.3
2014-11-11,2961.25,47.87,11.26,32.38,43.96,10.33,30.26
2014-11-12,3005.31,48.37,11.35,32.68,44.42,10.41,30.89
2014-11-13,2985.69,48.65,11.31,32.54,44.07,10.37,30.48
2014-11-14,2984.71,47.84,11.31,32.49,44.05,10.37,30.64
2014-11-17,2981.62,47.89,11.26,32.69,44.38,10.33,30.84
2014-11-18,2961.99,48.01,11.16,32.83,44.46,10.24,31.0
2014-11-19,2961.55,48.24,11.15,32.68,44.61,10.22,30.8
2014-11-20,2959.63,48.12,11.14,32.55,44.52,10.22,30.59
2014-11-21,3007.51,48.37,11.31,32.83,45.06,10.37,30.76
2014-11-24,3076.17,48.79,11.52,33.51,44.72,10.56,30.88
2014-11-25,3119.51,49.53,11.68,34.29,45.42,10.71,31.47
2014-11-26,3154.84,49.78,11.84,34.67,45.57,10.86,31.69
2014-11-27,3187.29,50.16,11.97,35.02,45.87,10.97,31.91
2014-11-28,3231.13,50.41,12.24,34.63,45.81,11.23,32.08
2014-12-01,3233.78,50.46,12.26,34.64,45.55,11.25,32.38
2014-12-02,3331.89,51.19,12.68,35.27,46.21,11.64,32.73
2014-12-03,3378.57,51.72,12.75,35.51,47.01,11.7,32.88
2014-12-04,3511.22,52.52,13.33,36.45,48.11,12.23,33.96
2014-12-05,3507.71,52.06,13.56,35.63,47.46,12.45,32.91
2014-12-08,3627.15,52.96,13.96,36.2,48.19,12.82,33.28
2014-12-09,3468.84,51.78,13.19,34.16,47.61,12.11,31.94
2014-12-10,3594.57,53.2,13.58,35.38,47.71,12.46,32.94
2014-12-11,3576.66,52.39,13.46,35.97,47.83,12.35,33.23
2014-12-12,3591.82,53.18,13.52,35.99,47.96,12.4,33.45
2014-12-15,3627.61,54.18,13.83,38.82,49.79,12.68,35.31
2014-12-16,3702.13,54.8,14.18,39.06,50.5,13.01,35.34
2014-12-17,3739.99,54.49,14.4,38.34,50.25,13.22,35.16
2014-12-18,3728.14,54.12,14.34,38.28,49.63,13.16,34.98
2014-12-19,3752.48,53.8,14.56,37.66,49.43,13.36,34.29
2014-12-22,3722.52,52.6,14.71,36.41,49.35,13.5,33.29
2014-12-23,3645.74,51.57,14.29,35.9,48.7,13.11,32.55
2014-12-24,3580.81,52.09,13.95,36.41,48.44,12.79,33.24
2014-12-25,3684.9,52.33,14.43,36.83,48.72,13.24,33.63
2014-12-26,3785.51,52.59,14.85,37.2,49.28,13.63,33.75
2014-12-29,3783.5,52.42,14.9,36.48,49.06,13.67,33.25
2014-12-30,3768.65,52.28,14.93,35.72,48.33,13.71,32.9
2014-12-31,3839.39,52.75,15.27,35.9,48.44,14.01,32.98
2015-01-05,3944.36,53.44,15.83,36.73,48.76,14.52,33.66
2015-01-06,3955.21,53.82,15.87,37.6,49.03,14.56,34.51
2015-01-07,3958.94,53.89,15.93,37.33,49.46,14.61,34.54
2015-01-08,3881.92,53.47,15.55,37.12,49.34,14.26,34.09
2015-01-09,3865.42,53.34,15.54,37.15,48.93,14.25,33.78
2015-01-12,3824.61,52.66,15.33,36.91,48.57,14.05,33.36
2015-01-13,3837.99,52.71,15.37,37.81,49.53,14.08,33.63
2015-01-14,3823.96,52.37,15.33,37.41,49.54,14.04,33.62
2015-01-15,3919.5,52.93,15.85,37.85,49.41,14.53,34.13
2015-01-16,3957.55,53.66,16.05,38.64,49.78,14.7,34.8
2015-01-19,3686.08,51.69,14.82,37.52,48.55,13.57,33.6
2015-01-20,3753.67,53.09,15.08,38.88,50.13,13.79,34.81
2015-01-21,3903.34,54.51,15.8,39.6,50.78,14.45,35.7
2015-01-22,3932.65,55.38,15.86,40.18,50.86,14.51,36.25
2015-01-23,3925.88,54.91,15.89,39.58,50.97,14.52,35.85
2015-01-26,3977.93,55.31,15.97,40.23,51.25,14.59,36.44
2015-01-27,3953.52,55.6,15.93,40.11,50.85,14.55,36.5
2015-01-28,3906.89,55.15,15.69,40.19,50.41,14.3,35.92
2015-01-29,3864.38,55.26,15.48,39.29,50.51,14.11,35.6
2015-01-30,3813.4,54.61,15.24,39.34,50.21,13.89,35.13
2015-02-02,3743.43,54.23,14.86,39.07,49.83,13.54,35.18
2015-02-03,3829.2,55.28,15.24,39.79,50.78,13.89,35.94
2015-02-04,3795.75,54.71,15.08,39.37,50.23,13.74,35.26
2015-02-05,3762.04,54.41,14.92,38.99,50.27,13.59,35.09
2015-02-06,3696.15,53.24,14.62,38.47,49.6,13.33,34.44
2015-02-09,3718.23,53.06,14.72,38.38,49.38,13.42,34.33
2015-02-10,3781.64,53.65,14.96,38.69,50.11,13.65,34.72
2015-02-11,3814.77,54.17,15.05,38.94,50.06,13.75,35.35
2015-02-12,3828.98,54.26,15.11,39.16,51.11,13.81,35.59
2015-02-13,3866.72,54.78,15.25,39.47,51.01,13.94,36.16
2015-02-16,3908.89,55.63,15.34,40.17,51.53,14.05,36.66
2015-02-17,3934.95,55.82,15.44,40.13,52.74,14.17,36.79
2015-02-25,3898.49,56.02,15.32,40.08,52.25,14.07,36.54
2015-02-26,3981.35,56.74,15.65,40.43,52.93,14.37,37.16
2015-02-27,3995.43,56.93,15.7,40.41,52.92,14.41,36.98
2015-03-02,4040.31,57.79,15.83,41.56,53.89,14.56,37.94
2015-03-03,3960.18,57.66,15.43,40.75,53.51,14.2,37.36
2015-03-04,3995.3,57.42,15.51,41.87,54.42,14.29,38.48
2015-03-05,3966.84,57.41,15.35,42.06,54.37,14.14,39.07
2015-03-06,3938.72,56.62,15.28,41.36,54.04,14.07,38.45
2015-03-09,4001.29,57.33,15.58,41.42,54.72,14.35,38.59
2015-03-10,3998.73,57.62,15.49,41.64,55.1,14.26,38.9
2015-03-11,3999.63,57.59,15.51,41.05,54.62,14.29,38.47
2015-03-12,4054.98,57.51,15.78,41.21,54.66,14.56,38.9
2015-03-13,4087.65,58.21,15.84,41.88,55.26,14.64,39.3
2015-03-16,4193.01,59.36,16.17,42.97,56.63,14.96,40.31
2015-03-17,4253.15,60.15,16.39,43.63,57.37,15.17,41.14
2015-03-18,4345.52,61.02,16.74,44.29,58.09,15.5,41.98
2015-03-19,4350.04,61.34,16.64,43.83,58.08,15.48,41.81
2015-03-20,4405.46,61.7,16.72,44.06,59.17,15.64,41.91
2015-03-23,4500.11,63.1,17.25,44.84,59.35,16.04,42.72
2015-03-24,4506.08,63.53,17.22,45.26,60.09,16.1,43.92
2015-03-25,4493.4,63.92,16.9,45.09,61.0,15.96,44.26
2015-03-26,4492.26,62.93,16.81,44.53,59.75,16.02,43.95
2015-03-27,4524.54,63.17,16.94,45.01,60.63,16.27,44.77
2015-03-30,4635.79,64.49,17.24,46.8,61.73,16.71,45.22
2015-03-31,4606.9,64.14,16.95,46.58,61.83,16.57,45.21
2015-04-01,4697.13,65.21,17.25,47.76,62.03,16.84,46.55
2015-04-02,4721.89,65.53,17.29,47.8,62.79,16.89,47.24
2015-04-03,4780.42,65.73,17.39,49.66,62.96,17.01,48.16
2015-04-07,4886.49,66.87,17.81,50.6,63.68,17.43,48.96
2015-04-08,4905.89,66.59,17.96,50.13,63.49,17.58,48.54
2015-04-09,4867.33,65.6,17.79,49.52,62.45,17.41,47.46
2015-04-10,4971.36,66.49,18.15,51.25,63.16,17.77,48.2
2015-04-13,5064.49,67.54,18.54,52.22,64.71,18.16,49.3
2015-04-14,5077.97,67.49,18.55,52.52,65.16,18.19,50.18
2015-04-15,4974.25,65.52,18.32,50.68,64.1,17.96,48.76
2015-04-16,5102.57,66.21,18.81,50.72,64.53,18.44,49.22
2015-04-17,5182.36,66.89,19.16,50.68,64.65,18.79,49.94
2015-04-20,5096.54,65.87,18.79,49.6,64.62,18.42,48.59
2015-04-21,5224.72,67.73,19.15,51.71,66.11,18.78,50.58
2015-04-22,5360.98,68.09,19.58,53.44,66.37,19.18,51.95
2015-04-23,5377.43,68.2,19.57,53.52,66.29,19.17,52.16
2015-04-24,5347.64,67.82,19.42,53.08,67.18,19.04,51.51
2015-04-27,5450.23,68.19,20.01,53.56,67.12,19.62,51.69
2015-04-28,5352.5,66.94,19.65,51.31,66.08,19.56,49.44
2015-04-29,5407.9,66.9,19.63,52.73,67.28,19.39,50.58
2015-04-30,5395.31,66.44,19.4,52.87,64.85,18.97,49.97
2015-05-04,5433.54,66.95,19.55,53.09,65.28,19.11,49.38
2015-05-05,5221.92,65.95,18.76,51.08,63.71,18.35,47.65
2015-05-06,5165.58,65.69,18.52,50.34,62.63,18.11,47.18
2015-05-07,5065.49,64.62,18.09,50.29,62.47,17.7,46.65
2015-05-08,5190.84,66.26,18.51,52.32,63.69,18.1,48.21
2015-05-11,5362.57,66.95,19.04,54.03,64.87,18.62,49.95
2015-05-12,5442.53,68.39,19.29,55.33,65.25,18.87,50.99
2015-05-13,5432.97,67.97,19.2,55.75,65.55,18.77,51.26
2015-05-14,5416.47,68.14,19.15,55.41,66.42,18.73,50.93
2015-05-15,5335.77,68.62,18.82,54.8,65.82,18.41,50.01
2015-05-18,5329.83,68.84,18.72,55.64,65.89,18.3,50.52
2015-05-19,5496.94,69.27,19.31,56.52,67.2,18.87,51.87
2015-05-20,5543.53,70.52,19.43,57.42,67.25,19.0,53.12
2015-05-21,5674.82,72.94,19.7,59.4,68.92,19.26,54.88
2015-05-22,5793.45,73.71,20.18,60.26,69.31,19.73,56.17
2015-05-25,5961.35,75.44,20.78,62.13,71.15,20.31,58.48
2015-05-26,6102.07,75.57,21.15,64.76,73.15,20.68,59.92
2015-05-27,6109.77,75.84,21.18,65.27,73.79,20.7,60.51
2015-05-28,5713.43,73.45,19.84,61.65,70.32,19.38,57.4
2015-05-29,5736.51,73.92,19.87,61.84,70.85,19.41,58.07
2015-06-01,6021.97,76.12,20.86,65.15,74.07,20.39,61.7
2015-06-02,6162.93,77.16,21.23,67.32,76.42,20.74,63.96
2015-06-03,6164.61,77.82,21.2,67.03,76.61,20.72,63.93
2015-06-04,6192.99,77.65,21.4,66.28,76.5,20.92,63.08
2015-06-05,6265.08,77.94,21.66,67.09,77.7,21.16,63.87
2015-06-08,6345.76,79.12,22.35,67.74,76.76,21.85,63.09
2015-06-09,6312.99,78.76,22.22,68.22,76.4,21.72,62.94
2015-06-10,6340.7,79.31,22.18,69.03,77.67,21.68,64.23
2015-06-11,6366.78,80.07,22.18,70.43,78.42,21.68,66.29
2015-06-12,6422.07,81.3,22.36,72.31,79.53,21.85,66.38
2015-06-15,6290.77,81.14,22.42,70.24,78.2,21.82,64.96
2015-06-16,6082.55,77.36,21.68,66.52,75.08,21.11,62.14
2015-06-17,6182.2,78.94,22.04,67.52,76.66,21.46,64.2
2015-06-18,5945.73,76.78,21.17,64.38,73.82,20.61,61.76
2015-06-19,5573.44,73.43,19.89,60.7,71.23,19.37,57.52
2015-06-23,5706.91,74.33,20.44,61.96,71.84,19.9,57.76
2015-06-24,5823.12,75.74,20.93,63.05,73.1,20.38,59.76
2015-06-25,5616.61,73.4,20.22,60.07,71.27,19.69,56.76
2015-06-26,5166.2,68.84,18.72,55.38,66.65,18.24,51.57
2015-06-29,4943.37,66.16,18.17,50.98,62.42,17.71,47.84
2015-06-30,5249.52,68.1,19.27,54.34,65.85,18.78,50.62
2015-07-01,4981.6,65.46,18.27,51.34,63.03,17.82,47.52
2015-07-02,4761.34,63.47,17.78,47.83,59.69,17.35,44.25
2015-07-03,4494.2,59.87,16.84,45.06,57.39,16.44,41.85
2015-07-06,4566.63,59.71,17.43,44.33,56.94,17.03,41.07
2015-07-07,4426.12,56.19,17.34,41.59,54.51,16.96,38.38
2015-07-08,4178.86,55.98,16.41,39.36,53.09,16.05,36.91
2015-07-09,4424.08,57.04,17.31,41.95,55.26,16.9,38.94
2015-07-10,4657.53,59.17,18.04,44.48,57.44,17.6,41.0
2015-07-13,4823.01,61.49,18.33,47.1,59.92,17.87,43.63
2015-07-14,4768.93,62.95,18.03,48.82,60.42,17.52,44.37
2015-07-15,4569.74,60.23,17.57,45.31,57.63,17.09,42.19
2015-07-16,4625.21,61.56,17.69,46.66,57.91,17.17,43.64
2015-07-17,4825.09,64.0,18.25,48.99,59.44,17.69,45.87
2015-07-20,4853.82,64.82,18.37,49.66,60.36,17.77,46.97
2015-07-21,4876.37,65.04,18.4,50.6,61.44,17.79,47.55
2015-07-22,4886.41,65.93,18.39,51.44,62.15,17.77,47.76
2015-07-23,5004.19,66.79,18.76,52.57,63.26,18.12,49.34
2015-07-24,4920.46,66.11,18.49,51.8,62.57,17.79,48.14
2015-07-27,4514.93,62.48,16.95,47.63,59.57,16.31,44.75
2015-07-28,4483.49,62.2,16.82,46.67,59.29,16.15,43.69
2015-07-29,4647.06,64.06,17.32,48.82,61.67,16.62,45.79
2015-07-30,4513.3,62.65,16.87,47.26,60.23,16.23,45.24
2015-07-31,4501.57,62.75,16.8,47.46,60.12,16.14,45.14
2015-08-03,4479.43,61.71,16.76,47.38,59.44,16.11,44.09
2015-08-04,4647.72,63.99,17.28,48.96,60.17,16.61,46.32
2015-08-05,4562.63,62.95,16.95,48.6,60.21,16.28,45.37
2015-08-06,4525.41,62.84,16.8,48.1,60.06,16.11,45.08
2015-08-07,4626.03,63.71,17.13,49.1,60.91,16.43,46.41
2015-08-10,4839.04,65.93,17.89,51.72,62.1,17.14,48.2
2015-08-11,4831.57,66.59,17.84,51.72,62.93,17.08,48.07
2015-08-12,4772.54,65.77,17.62,50.88,62.45,16.87,48.09
2015-08-13,4856.09,66.35,17.88,52.14,63.21,17.12,48.79
2015-08-14,4870.31,67.4,17.89,52.76,63.19,17.11,49.03
2015-08-17,4907.87,68.05,17.95,54.05,64.18,17.13,50.33
2015-08-18,4584.34,64.9,16.92,50.48,60.59,16.17,47.03
2015-08-19,4665.84,66.17,17.09,50.93,61.79,16.32,47.44
2015-08-20,4511.99,65.3,16.56,48.97,61.16,15.8,45.83
2015-08-21,4293.81,62.71,15.85,46.68,58.18,15.11,43.49
2015-08-24,3928.51,58.04,14.51,42.41,54.58,13.76,39.19
2015-08-25,3644.79,53.72,13.43,38.87,52.5,12.72,35.53
2015-08-26,3588.29,52.28,13.34,37.73,50.11,12.61,34.74
2015-08-27,3775.0,54.18,14.05,40.06,51.3,13.17,36.5
2015-08-28,3955.33,56.61,14.65,42.34,52.8,13.78,38.37
2015-08-31,3929.9,54.93,14.59,40.98,52.12,13.58,36.89
2015-09-01,3854.53,52.36,14.57,38.71,50.05,13.56,34.14
2015-09-02,3849.52,52.02,14.71,39.17,49.43,13.71,35.32
2015-09-07,3757.75,52.0,14.2,38.82,49.42,13.23,34.99
2015-09-08,3867.09,53.44,14.54,40.73,51.37,13.54,36.06
2015-09-09,3951.74,54.86,14.83,41.62,52.41,13.8,37.26
2015-09-10,3897.95,53.91,14.64,40.78,52.1,13.63,36.32
2015-09-11,3898.59,54.27,14.6,40.59,52.44,13.59,36.25
2015-09-14,3766.8,52.07,14.22,37.73,49.41,13.25,33.47
2015-09-15,3600.72,50.1,13.72,35.98,46.66,12.8,31.66
2015-09-16,3796.16,52.68,14.35,38.58,49.98,13.37,34.32
2015-09-17,3715.61,51.63,14.06,37.15,48.57,13.1,33.27
2015-09-18,3739.85,51.6,14.1,37.63,49.17,13.14,33.51
2015-09-21,3824.13,52.8,14.35,39.31,51.0,13.36,34.93
2015-09-22,3857.51,53.33,14.47,39.8,51.12,13.48,35.08
2015-09-23,3782.22,52.56,14.17,38.82,50.72,13.2,34.78
2015-09-24,3816.14,53.42,14.27,39.26,51.53,13.29,35.05
2015-09-25,3736.3,52.45,14.06,38.03,49.36,13.1,33.85
2015-09-28,3764.59,52.86,14.11,38.82,50.37,13.14,34.78
2015-09-29,3691.54,52.76,13.83,37.94,49.3,12.89,34.7
2015-09-30,3714.97,52.7,13.91,38.19,49.6,12.96,34.69
2015-10-08,3835.62,54.27,14.33,39.96,51.74,13.34,36.0
2015-10-09,3888.68,55.23,14.51,40.78,52.33,13.51,36.58
2015-10-12,4020.93,57.18,14.96,42.23,54.45,13.93,38.15
2015-10-13,4033.23,57.51,14.97,42.47,54.81,13.94,38.07
2015-10-14,3987.53,57.15,14.82,41.75,54.09,13.8,37.92
2015-10-15,4089.9,58.27,15.15,43.25,55.11,14.09,39.04
2015-10-16,4149.57,59.33,15.36,43.77,56.09,14.28,39.53
2015-10-19,4149.63,59.41,15.36,44.04,55.74,14.28,39.43
2015-10-20,4205.59,59.88,15.54,44.73,56.73,14.43,40.04
2015-10-21,4041.04,57.2,15.12,41.5,53.32,14.06,37.76
2015-10-22,4127.21,58.75,15.33,43.11,55.02,14.24,39.16
2015-10-23,4196.1,60.0,15.52,44.34,56.4,14.41,39.77
2015-10-26,4219.44,60.78,15.6,44.55,56.53,14.51,40.03
2015-10-27,4230.2,61.25,15.6,44.19,56.91,14.51,40.04
2015-10-28,4142.24,60.03,15.33,43.63,55.3,14.24,39.2
2015-10-29,4159.62,60.23,15.38,43.95,55.38,14.31,39.42
2015-10-30,4156.09,60.42,15.36,43.98,55.94,14.51,39.06
2015-11-02,4082.17,58.96,15.1,43.24,54.62,14.13,39.3
2015-11-03,4070.67,58.84,15.03,43.28,54.59,14.08,39.22
2015-11-04,4266.07,61.6,15.71,45.0,56.63,14.71,40.83
2015-11-05,4331.61,61.83,15.99,45.36,56.67,14.97,40.37
2015-11-06,4433.55,62.77,16.31,46.49,58.12,15.27,40.88
2015-11-09,4489.28,63.54,16.59,47.16,58.45,15.53,41.85
2015-11-10,4488.83,63.65,16.55,46.99,58.48,15.5,42.05
2015-11-11,4508.24,64.55,16.58,47.7,59.29,15.52,42.62
2015-11-12,4476.15,64.2,16.45,47.64,59.65,15.4,42.18
2015-11-13,4415.48,63.63,16.23,46.7,58.77,15.21,41.47
2015-11-16,4456.67,64.2,16.35,46.97,59.25,15.32,41.77
2015-11-17,4440.01,63.62,16.33,46.64,58.65,15.29,41.74
2015-11-18,4383.13,62.74,16.17,46.3,58.22,15.14,40.76
2015-11-19,4465.6,64.15,16.4,47.32,58.8,15.36,41.72
2015-11-20,4480.36,64.51,16.43,47.63,59.49,15.38,41.94
2015-11-23,4452.15,64.45,16.34,47.0,59.16,15.3,42.01
2015-11-24,4462.06,64.89,16.36,47.32,59.21,15.32,42.19
2015-11-25,4506.53,65.33,16.5,47.93,59.86,15.45,43.01
2015-11-26,4479.78,65.81,16.42,47.8,59.43,15.38,42.76
2015-11-27,4225.7,61.75,15.55,45.12,57.27,14.57,39.85
2015-11-30,4239.11,61.59,15.61,45.52,56.82,14.62,40.06
2015-12-01,4266.21,62.05,15.66,45.41,56.94,14.67,40.94
2015-12-02,4367.36,61.94,16.1,45.48,57.16,15.08,40.86
2015-12-03,4418.62,62.99,16.33,45.97,58.09,15.3,41.47
2015-12-04,4349.06,62.16,16.01,45.59,57.64,15.01,41.19
2015-12-07,4373.08,62.59,16.05,46.15,58.43,15.04,41.33
2015-12-08,4285.2,61.22,15.74,45.23,57.25,14.76,40.29
2015-12-09,4290.7,60.99,15.77,44.96,57.23,14.78,39.92
2015-12-10,4275.88,60.8,15.7,45.09,57.03,14.72,40.03
2015-12-11,4253.11,60.8,15.62,44.94,56.67,14.64,39.7
2015-12-14,4364.49,62.63,16.3,46.05,57.57,15.26,40.49
2015-12-15,4360.74,62.53,16.26,46.16,58.55,15.22,40.8
2015-12-16,4358.93,62.84,16.27,46.53,58.15,15.24,40.98
2015-12-17,4449.87,63.7,16.57,47.6,59.57,15.51,42.09
2015-12-18,4456.74,63.98,16.59,47.79,59.61,15.53,42.09
2015-12-21,4552.99,64.96,16.9,48.96,60.22,15.82,42.93
2015-12-22,4573.89,65.47,16.93,48.78,60.35,15.86,43.54
2015-12-23,4550.62,64.65,16.87,48.57,59.3,15.8,43.17
2015-12-24,4516.69,64.44,16.76,47.93,59.37,15.69,43.02
2015-12-25,4530.85,64.78,16.79,48.16,59.48,15.68,43.44
2015-12-28,4406.66,63.54,16.37,46.85,58.4,15.29,42.04
2015-12-29,4447.35,64.17,16.51,47.49,58.66,15.42,42.27
2015-12-30,4461.88,64.7,16.52,47.83,59.19,15.44,42.5
2015-12-31,4411.98,63.48,16.42,47.01,58.67,15.35,42.25
2016-01-04,4084.6,59.04,15.33,43.17,54.86,14.33,38.78
2016-01-05,4075.97,58.89,15.31,43.37,53.96,14.3,37.93
2016-01-06,4157.23,59.73,15.62,44.37,55.35,14.57,38.77
2016-01-07,3848.9,56.83,14.57,40.7,51.29,13.6,35.41
2016-01-08,3923.2,57.08,14.87,41.9,51.81,13.87,36.11
2016-01-11,3706.14,53.89,14.11,39.02,49.72,13.17,33.77
2016-01-12,3726.65,53.77,14.19,38.91,50.23,13.22,34.1
2016-01-13,3639.88,52.54,13.89,37.73,48.31,12.94,33.29
2016-01-14,3729.36,54.47,14.16,38.97,49.69,13.19,33.93
2016-01-15,3604.01,52.43,13.69,37.48,48.47,12.76,33.03
2016-01-18,3628.95,52.8,13.74,37.61,48.98,12.81,33.95
2016-01-19,3743.43,54.74,14.15,38.62,50.37,13.19,34.9
2016-01-20,3693.04,54.22,13.99,38.26,50.44,13.05,34.6
2016-01-21,3572.11,51.95,13.57,36.78,48.65,12.66,33.03
2016-01-22,3615.07,52.88,13.73,37.5,49.43,12.81,33.49
2016-01-25,3638.48,53.5,13.81,37.74,50.0,12.88,33.62
2016-01-26,3403.8,50.47,12.95,34.66,46.88,12.08,31.23
2016-01-27,3382.16,50.42,12.89,34.28,46.15,12.03,30.87
2016-01-28,3276.27,48.18,12.55,32.94,45.12,11.72,29.8
2016-01-29,3387.11,50.02,12.93,34.18,46.33,12.07,30.94
2016-02-01,3337.8,49.31,12.72,33.82,45.58,11.93,30.42
2016-02-02,3420.42,51.02,12.99,35.36,47.2,12.19,31.36
2016-02-03,3414.16,50.77,12.93,35.52,46.97,12.13,31.44
2016-02-04,3463.52,51.17,13.1,36.13,48.0,12.29,32.21
2016-02-05,3436.16,51.31,13.02,35.73,47.53,12.21,31.78
2016-02-15,3422.81,51.25,12.92,35.7,47.61,12.13,31.55
2016-02-16,3538.48,52.37,13.34,37.1,49.57,12.51,33.15
2016-02-17,3572.26,52.7,13.46,37.5,50.2,12.63,33.68
2016-02-18,3561.83,52.54,13.42,37.4,50.03,12.59,33.49
2016-02-19,3564.05,52.45,13.41,37.28,50.27,12.57,33.55
2016-02-22,3641.28,53.19,13.71,38.1,51.11,12.86,34.16
2016-02-23,3611.17,53.12,13.59,37.91,50.77,12.74,33.68
2016-02-24,3634.92,53.45,13.68,37.83,51.06,12.82,33.71
2016-02-25,3392.43,50.05,12.83,34.84,46.85,12.04,31.2
2016-02-26,3420.52,50.19,12.96,35.08,46.87,12.15,31.37
2016-02-29,3309.76,48.07,12.58,33.37,44.67,11.83,29.72
2016-03-01,3375.27,48.43,12.77,34.23,45.73,12.03,30.36
2016-03-02,3523.8,50.18,13.29,35.87,47.66,12.51,31.56
2016-03-03,3533.83,50.37,13.33,36.33,47.79,12.55,31.85
2016-03-04,3535.47,49.63,13.44,35.54,46.15,12.66,31.24
2016-03-07,3567.64,49.91,13.49,35.91,47.21,12.72,32.3
2016-03-08,3572.05,49.85,13.51,36.05,47.71,12.74,32.33
2016-03-09,3516.61,49.63,13.35,35.2,46.55,12.6,31.44
2016-03-10,3451.53,49.08,13.09,35.12,46.13,12.36,30.84
2016-03-11,3453.46,48.9,13.11,34.89,46.0,12.38,30.84
2016-03-14,3524.52,50.12,13.3,35.77,47.57,12.59,32.13
2016-03-15,3523.0,49.6,13.3,35.65,46.89,12.6,32.19
2016-03-16,3521.9,48.79,13.25,34.85,46.28,12.65,31.36
2016-03-17,3582.38,50.02,13.43,36.07,47.84,12.82,32.36
2016-03-18,3657.57,51.41,13.66,37.15,48.83,13.04,33.42
2016-03-21,3747.77,52.08,13.87,37.94,49.4,13.29,34.21
2016-03-22,3724.11,51.94,13.78,37.71,49.29,13.21,34.12
2016-03-23,3740.26,52.32,13.79,38.09,49.66,13.26,34.71
2016-03-24,3677.93,52.0,13.94,37.57,49.56,13.11,34.39
2016-03-25,3701.47,52.09,14.14,37.91,48.87,13.19,34.28
2016-03-28,3671.39,51.86,13.97,37.53,48.79,13.1,34.27
2016-03-29,3622.7,51.05,13.77,36.4,47.89,12.95,33.59
2016-03-30,3727.26,51.94,14.15,38.06,49.63,13.23,35.2
2016-03-31,3731.98,52.25,13.99,37.36,50.13,13.28,35.33
2016-04-01,3729.58,52.24,14.0,36.9,50.31,13.3,35.21
2016-04-05,3793.22,53.22,14.19,37.71,51.29,13.48,35.99
2016-04-06,3794.02,53.27,14.18,38.06,51.17,13.47,36.38
2016-04-07,3737.69,52.74,13.96,37.41,51.03,13.29,35.94
2016-04-08,3707.68,52.74,13.84,37.47,50.88,13.19,35.67
2016-04-11,3768.1,54.05,14.02,37.82,52.18,13.39,36.15
2016-04-12,3749.42,53.66,13.97,37.81,51.93,13.35,35.85
2016-04-13,3800.86,54.3,14.16,38.14,52.28,13.53,36.23
2016-04-14,3822.92,54.8,14.23,38.5,52.63,13.59,36.9
2016-04-15,3816.84,54.45,14.22,38.45,52.48,13.6,37.19
2016-04-18,3762.67,53.88,13.97,38.11,52.22,13.43,36.58
2016-04-19,3775.54,54.19,13.98,38.61,52.33,13.46,36.58
2016-04-20,3677.98,52.84,13.63,37.26,50.34,13.17,35.13
2016-04-21,3652.09,52.27,13.53,37.32,50.23,13.08,34.95
2016-04-22,3671.02,52.83,13.58,37.03,51.3,13.15,35.21
2016-04-25,3654.57,52.37,13.45,36.83,50.95,13.11,34.8
2016-04-26,3680.78,52.58,13.51,37.02,51.44,13.18,34.93
2016-04-27,3664.58,51.67,13.37,36.76,51.27,13.13,34.85
2016-04-28,3655.54,52.15,13.31,36.7,50.94,13.08,34.52
2016-04-29,3651.55,52.07,13.2,36.07,50.14,13.11,34.21
2016-05-03,3730.34,52.27,13.44,37.07,51.49,13.31,35.4
2016-05-04,3727.4,52.6,13.42,37.19,51.47,13.28,35.37
2016-05-05,3737.08,52.94,13.45,37.39,51.1,13.32,35.38
2016-05-06,3625.6,51.91,13.1,35.85,49.84,12.97,34.35
2016-05-09,3533.92,50.71,12.79,34.72,48.75,12.67,33.42
2016-05-10,3535.96,50.54,12.8,34.99,48.61,12.68,33.45
2016-05-11,3544.48,50.39,12.85,34.88,48.47,12.73,33.58
2016-05-12,3551.04,50.38,12.87,35.12,48.48,12.75,33.54
2016-05-13,3536.41,50.2,12.82,35.06,47.96,12.71,33.38
2016-05-16,3570.5,50.93,12.92,35.69,48.68,12.8,33.89
2016-05-17,3558.95,50.89,12.89,35.18,48.64,12.77,33.91
2016-05-18,3516.06,49.93,12.77,34.18,47.76,12.65,33.06
2016-05-19,3517.79,50.32,12.77,34.43,47.78,12.66,33.15
2016-05-20,3542.39,50.22,12.85,34.8,48.0,12.74,33.34
2016-05-23,3563.31,50.8,12.91,35.3,48.6,12.8,33.54
2016-05-24,3532.15,50.56,12.82,34.85,48.08,12.71,33.43
2016-05-25,3523.65,50.07,12.8,34.43,47.89,12.68,33.18
2016-05-26,3532.9,50.33,12.83,34.46,47.79,12.71,33.26
2016-05-27,3530.65,50.65,12.82,34.4,48.18,12.71,33.25
2016-05-30,3529.12,50.6,12.83,34.19,48.22,12.73,33.07
2016-05-31,3655.33,51.27,13.25,35.84,49.49,13.13,34.28
2016-06-01,3652.59,51.85,13.23,35.88,49.35,13.11,34.22
2016-06-02,3665.06,51.89,13.26,36.03,49.7,13.15,34.36
2016-06-03,3686.63,51.87,13.33,36.36,49.81,13.22,34.55
2016-06-06,3681.37,52.32,13.33,36.54,49.95,13.22,34.61
2016-06-07,3678.79,52.29,13.32,36.88,49.69,13.22,34.69
2016-06-08,3664.26,51.77,13.28,36.52,49.17,13.17,34.31
2016-06-13,3534.51,52.7,13.1,35.95,50.19,12.96,34.32
2016-06-14,3545.3,52.26,13.13,35.89,50.15,12.99,34.4
2016-06-15,3612.69,53.12,13.32,37.17,51.27,13.18,35.15
2016-06-16,3591.03,53.25,13.24,37.27,50.75,13.1,35.0
2016-06-17,3609.89,53.24,13.3,37.49,51.36,13.16,35.15
2016-06-20,3615.65,53.64,13.32,37.52,51.42,13.18,35.31
2016-06-21,3597.97,52.65,13.27,36.83,50.5,13.13,34.83
2016-06-22,3637.17,53.19,13.4,37.37,51.72,13.26,35.26
2016-06-23,3618.07,53.36,13.35,37.28,51.54,13.22,35.4
2016-06-24,3571.91,53.04,13.18,36.7,50.57,13.05,34.87
2016-06-27,3632.72,54.03,13.36,37.51,51.79,13.22,35.7
2016-06-28,3657.11,54.24,13.44,38.12,52.33,13.3,36.14
2016-06-29,3671.58,54.28,13.49,38.02,52.38,13.36,36.19
2016-06-30,3674.23,54.73,13.48,38.04,52.49,13.35,36.5
2016-07-01,3672.28,54.24,13.49,38.1,52.36,13.35,36.37
2016-07-04,3735.17,55.35,13.7,38.91,53.08,13.56,36.97
2016-07-05,3744.21,55.6,13.74,38.83,53.02,13.6,37.09
2016-07-06,3756.93,55.49,13.78,39.54,53.61,13.64,37.33
2016-07-07,3755.46,55.62,13.77,39.59,53.0,13.63,37.32
2016-07-08,3737.48,55.46,13.66,39.51,53.24,13.52,37.45
2016-07-11,3748.75,55.22,13.7,39.53,53.21,13.6,37.43
2016-07-12,3820.48,55.87,13.98,39.93,53.29,13.87,38.04
2016-07-13,3837.7,56.05,14.05,40.48,53.0,13.94,38.27
2016-07-14,3834.39,56.17,14.01,40.33,53.8,13.9,38.14
2016-07-15,3831.35,55.59,14.02,40.45,53.46,13.91,38.25
2016-07-18,3814.51,55.19,13.98,40.0,53.19,13.88,37.78
2016-07-19,3806.94,55.42,13.93,39.84,53.36,13.84,37.8
2016-07-20,3795.76,54.96,13.88,39.89,52.79,13.79,37.77
2016-07-21,3812.38,55.13,13.94,40.41,53.3,13.84,38.01
2016-07-22,3780.75,55.14,13.83,39.73,52.3,13.75,37.55
2016-07-25,3788.65,55.32,13.85,39.74,52.49,13.79,37.57
2016-07-26,3835.66,55.4,14.0,40.41,53.1,13.95,38.27
2016-07-27,3745.69,53.83,13.75,38.52,51.68,13.7,36.52
2016-07-28,3750.58,53.73,13.75,38.4,51.53,13.71,36.7
2016-07-29,3729.26,53.85,13.71,38.26,51.14,13.7,36.51
2016-08-01,3690.21,53.74,13.61,38.15,50.47,13.63,35.99
2016-08-02,3710.93,54.19,13.67,38.26,51.04,13.67,36.45
2016-08-03,3719.99,53.98,13.68,38.15,51.19,13.7,36.54
2016-08-04,3733.56,54.29,13.71,38.28,51.49,13.73,36.65
2016-08-05,3730.29,54.33,13.7,38.02,51.22,13.71,36.5
2016-08-08,3769.81,54.79,13.83,38.59,51.2,13.84,36.87
2016-08-09,3797.56,55.22,13.92,39.04,51.57,13.93,37.31
2016-08-10,3782.25,55.04,13.88,38.88,51.65,13.89,36.77
2016-08-11,3757.41,54.21,13.83,38.1,50.86,13.85,36.06
2016-08-12,3820.05,54.83,14.08,38.42,51.29,14.09,36.67
2016-08-15,3926.65,55.41,14.45,39.93,52.45,14.46,37.35
2016-08-16,3919.14,55.62,14.37,40.01,52.4,14.37,37.51
2016-08-17,3918.47,55.78,14.36,40.05,52.62,14.36,37.48
2016-08-18,3911.9,55.73,14.33,39.94,52.33,14.3,37.47
2016-08-19,3914.0,55.83,14.35,40.07,52.1,14.31,37.39
2016-08-22,3876.67,55.71,14.25,39.8,51.45,14.22,36.8
2016-08-23,3882.28,55.75,14.28,39.76,51.66,14.26,37.19
2016-08-24,3873.73,56.2,14.25,39.57,52.29,14.22,36.88
2016-08-25,3847.22,55.78,14.17,39.56,52.11,14.14,36.88
2016-08-26,3850.82,55.99,14.17,39.62,52.66,14.25,37.31
2016-08-29,3854.44,56.11,14.17,39.65,52.42,14.33,37.11
2016-08-30,3857.53,56.13,14.2,39.66,52.47,14.35,37.23
2016-08-31,3871.89,56.18,14.25,39.68,52.66,14.4,37.47
2016-09-01,3841.02,55.73,14.16,39.36,52.27,14.3,36.97
2016-09-02,3846.72,55.25,14.18,39.19,52.12,14.32,37.11
2016-09-05,3857.58,55.48,14.2,39.26,51.96,14.35,37.43
2016-09-06,3894.63,56.3,14.29,39.82,52.68,14.44,37.93
2016-09-07,3893.41,56.24,14.3,40.0,53.02,14.44,37.94
2016-09-08,3896.7,55.66,14.31,39.93,53.12,14.45,38.06
2016-09-09,3870.69,55.99,14.23,39.53,52.81,14.37,37.4
2016-09-12,3793.03,54.45,13.97,38.6,51.41,14.11,36.58
2016-09-13,3796.36,54.63,13.97,38.63,51.62,14.1,36.97
2016-09-14,3771.21,54.69,13.87,38.67,51.35,14.0,36.78
2016-09-19,3803.02,54.86,13.97,39.21,51.82,14.1,37.23
2016-09-20,3797.99,55.21,13.95,39.06,51.79,14.08,37.0
2016-09-21,3805.79,54.93,13.97,39.03,51.86,14.11,37.2
2016-09-22,3833.29,55.32,14.07,39.46,52.16,14.21,37.3
2016-09-23,3818.01,55.25,14.04,39.44,52.05,14.17,37.3
2016-09-26,3749.57,54.54,13.81,38.22,51.0,13.94,36.55
2016-09-27,3774.44,54.91,13.9,38.58,51.44,14.03,36.62
2016-09-28,3765.42,54.81,13.86,38.69,51.33,13.99,36.48
2016-09-29,3779.55,54.99,13.91,38.87,51.48,14.04,36.62
2016-09-30,3792.11,54.91,13.95,38.86,51.67,14.08,36.83
2016-10-10,3846.82,55.79,14.13,39.66,52.58,14.26,37.29
2016-10-11,3864.17,55.87,14.19,39.75,53.0,14.32,37.52
2016-10-12,3858.19,56.18,14.16,40.11,52.99,14.29,37.73
2016-10-13,3860.71,56.26,14.16,40.04,53.12,14.29,37.72
2016-10-14,3860.51,55.95,14.18,40.18,52.7,14.3,37.37
2016-10-17,3827.56,55.78,14.07,39.73,52.08,14.18,36.8
2016-10-18,3880.32,56.28,14.26,40.28,52.91,14.38,37.19
2016-10-19,3873.64,56.28,14.24,40.03,52.9,14.37,37.26
2016-10-20,3876.1,56.37,14.26,40.2,53.05,14.38,37.41
2016-10-21,3879.33,56.16,14.29,39.99,52.45,14.4,37.33
2016-10-24,3923.34,56.08,14.45,40.54,52.58,14.56,37.66
2016-10-25,3927.59,56.31,14.46,40.58,52.33,14.52,37.65
2016-10-26,3911.32,56.41,14.39,40.84,51.66,14.45,37.02
2016-10-27,3901.56,55.94,14.35,40.49,51.51,14.39,36.58
2016-10-28,3885.83,56.48,14.32,40.1,50.41,14.22,35.98
2016-10-31,3882.04,56.84,14.3,40.09,50.52,14.09,36.02
2016-11-01,3910.68,56.93,14.39,40.47,50.92,14.18,36.43
2016-11-02,3880.21,56.42,14.28,40.25,50.56,14.07,36.07
2016-11-03,3911.15,56.71,14.39,40.32,50.82,14.18,36.23
2016-11-04,3898.45,56.24,14.35,40.18,50.68,14.14,35.91
2016-11-07,3901.54,56.31,14.36,40.0,51.07,14.15,35.86
2016-11-08,3919.59,56.63,14.43,40.54,51.08,14.22,36.17
2016-11-09,3895.89,56.16,14.34,40.31,51.05,14.13,35.86
2016-11-10,3941.56,56.89,14.51,40.62,51.65,14.29,36.24
2016-11-11,3971.69,57.06,14.61,40.59,52.01,14.39,36.31
2016-11-14,3987.93,57.09,14.68,40.81,52.33,14.46,36.63
2016-11-15,3992.27,56.96,14.68,40.65,51.75,14.46,36.76
2016-11-16,3992.72,57.31,14.69,40.93,52.48,14.46,36.8
2016-11-17,3996.94,57.19,14.69,40.97,52.46,14.47,37.03
2016-11-18,3975.25,56.85,14.62,40.6,51.98,14.39,36.54
2016-11-21,3996.11,57.38,14.73,40.63,51.76,14.5,36.47
2016-11-22,4027.27,57.21,14.86,40.83,52.56,14.62,36.73
2016-11-23,4026.94,56.59,14.86,40.82,52.33,14.63,36.51
2016-11-24,4036.82,57.23,14.88,40.43,51.83,14.65,36.39
2016-11-25,4068.65,56.53,15.01,40.64,52.11,14.77,37.0
2016-11-28,4083.1,57.0,15.08,40.71,51.9,14.85,36.89
2016-11-29,4097.46,57.31,15.15,40.64,52.28,14.92,36.65
2016-11-30,4069.92,56.4,15.01,40.72,52.06,14.78,36.82
2016-12-01,4098.94,56.7,15.11,40.97,51.96,14.88,37.0
2016-12-02,4050.8,56.14,15.0,40.3,51.11,14.77,36.47
2016-12-05,3996.15,56.22,14.82,40.02,51.11,14.59,36.45
2016-12-06,3988.73,56.15,14.77,40.11,50.72,14.54,36.19
2016-12-07,4014.44,56.39,14.84,40.44,51.21,14.61,36.64
2016-12-08,4004.31,56.49,14.82,40.19,50.97,14.58,36.42
2016-12-09,4020.93,56.45,14.93,39.94,50.64,14.7,36.47
2016-12-12,3904.01,57.88,14.88,41.65,49.55,14.62,36.74
2016-12-13,3905.99,57.96,14.84,41.82,49.59,14.58,36.81
2016-12-14,3877.79,57.3,14.76,41.81,49.27,14.5,36.5
2016-12-15,3854.11,57.62,14.6,41.61,49.59,14.34,36.65
2016-12-16,3865.62,57.9,14.62,41.75,49.85,14.36,37.18
2016-12-19,3852.23,57.87,14.59,41.95,49.84,14.33,36.94
2016-12-20,3832.42,57.7,14.51,41.66,49.69,14.25,36.59
2016-12-21,3864.88,58.14,14.66,41.73,50.09,14.39,37.08
2016-12-22,3861.5,58.03,14.66,41.98,49.64,14.4,37.14
2016-12-23,3827.82,57.46,14.56,41.51,49.14,14.29,36.61
2016-12-26,3842.14,57.62,14.61,41.86,49.65,14.35,36.94
2016-12-27,3836.19,57.53,14.57,41.84,49.78,14.3,36.9
2016-12-28,3821.05,57.38,14.52,41.84,48.89,14.25,36.9
2016-12-29,3814.48,57.28,14.5,41.68,49.16,14.23,36.77
2016-12-30,3826.47,56.98,14.55,41.63,49.22,14.28,36.79
2017-01-03,3862.95,57.82,14.69,41.95,49.29,14.42,36.99
2017-01-04,3897.6,58.44,14.8,42.63,49.79,14.53,37.55
2017-01-05,3898.02,58.53,14.82,42.69,49.88,14.55,37.5
2017-01-06,3876.67,58.27,14.78,42.75,49.66,14.51,36.99
2017-01-09,3897.83,58.65,14.85,42.68,49.7,14.57,37.11
2017-01-10,3889.34,58.14,14.81,42.82,49.49,14.54,37.0
2017-01-11,3858.75,57.95,14.72,42.16,49.04,14.44,36.59
2017-01-12,3834.27,57.72,14.65,41.53,49.27,14.38,36.4
2017-01-13,3821.81,56.98,14.65,41.33,49.02,14.38,36.24
2017-01-16,3791.52,55.35,14.62,40.44,48.39,14.37,35.51
2017-01-17,3806.42,55.83,14.65,40.98,48.8,14.4,35.9
2017-01-18,3814.48,55.6,14.69,40.78,48.66,14.44,35.61
2017-01-19,3801.76,55.77,14.64,40.86,48.45,14.4,35.77
2017-01-20,3836.82,56.52,14.74,41.25,48.99,14.49,35.94
2017-01-23,3853.45,56.29,14.8,41.3,49.39,14.54,36.05
2017-01-24,3852.49,56.11,14.84,41.5,49.48,14.57,35.76
2017-01-25,3864.38,56.23,14.87,41.94,49.61,14.63,35.98
2017-01-26,3882.22,56.63,14.93,41.9,49.7,14.71,36.13
2017-02-03,3860.18,56.47,14.83,41.63,49.61,14.63,36.11
2017-02-06,3876.78,56.92,14.89,42.19,49.63,14.68,36.47
2017-02-07,3870.09,56.78,14.86,42.09,50.18,14.65,36.5
2017-02-08,3890.87,57.15,14.92,42.6,50.49,14.7,36.67
2017-02-09,3908.64,57.22,14.98,42.56,50.77,14.77,36.88
2017-02-10,3923.65,57.21,15.04,42.69,50.36,14.82,36.77
2017-02-13,3948.05,57.55,15.14,42.67,50.69,14.92,37.13
2017-02-14,3948.63,57.7,15.15,43.12,50.76,14.93,37.29
2017-02-15,3925.66,57.5,15.13,42.62,50.33,14.9,37.34
2017-02-16,3949.94,57.89,15.19,42.6,50.67,14.95,37.5
2017-02-17,3924.61,57.5,15.08,42.49,49.95,14.84,37.09
2017-02-20,3979.31,57.81,15.27,43.04,50.49,15.04,37.34
2017-02-21,3997.6,57.97,15.36,43.22,50.96,15.09,37.57
2017-02-22,4010.5,57.82,15.41,43.75,51.15,15.13,37.43
2017-02-23,3997.15,58.81,15.36,43.61,51.1,15.08,37.62
2017-02-24,3997.98,57.93,15.35,44.03,51.15,15.06,37.43
2017-02-27,3966.11,58.58,15.24,43.75,50.66,14.95,37.27
2017-02-28,3976.33,58.25,15.26,43.18,50.63,14.96,37.13
2017-03-01,3983.93,58.48,15.29,43.29,50.56,14.99,37.28
2017-03-02,3958.99,58.04,15.2,43.21,50.6,14.9,36.97
2017-03-03,3956.46,57.78,15.17,43.3,50.32,14.87,36.87
2017-03-06,3983.33,58.43,15.24,43.85,50.82,14.93,37.53
2017-03-07,3990.46,58.35,15.28,43.55,50.88,14.97,37.61
2017-03-08,3981.45,58.05,15.24,42.84,50.59,14.94,37.24
2017-03-09,3953.26,57.85,15.14,42.33,50.53,14.84,36.98
2017-03-10,3955.58,57.5,15.13,42.63,50.53,14.84,37.2
2017-03-13,3991.02,57.66,15.25,43.23,50.61,14.96,37.83
2017-03-14,3987.25,58.07,15.24,42.78,50.89,14.96,37.77
2017-03-15,3991.52,57.49,15.25,42.52,51.4,14.98,37.53
2017-03-16,4016.46,57.58,15.33,42.77,50.98,15.05,37.91
2017-03-17,3976.55,57.69,15.19,42.38,50.89,14.92,37.47
2017-03-20,3982.4,57.62,15.17,42.34,51.59,14.92,37.5
2017-03-21,3999.17,56.93,15.23,42.5,51.08,14.98,37.95
2017-03-22,3983.02,57.45,15.15,41.99,51.41,14.91,37.77
2017-03-23,3994.95,57.56,15.19,42.1,51.19,14.95,37.92
2017-03-24,4023.61,57.51,15.37,41.89,51.44,15.02,37.77
2017-03-27,4008.66,56.9,15.21,41.52,51.24,14.92,37.68
2017-03-28,3998.82,56.55,15.12,40.85,51.99,14.88,37.7
2017-03-29,3991.76,56.03,15.06,40.37,52.04,14.87,37.69
2017-03-30,3949.56,54.72,15.08,39.66,51.87,14.76,36.76
2017-03-31,3969.92,54.12,15.31,39.19,51.28,14.87,36.93
2017-04-05,4033.97,54.56,15.52,39.61,51.76,15.13,37.51
2017-04-06,4045.8,54.95,15.55,39.98,52.24,15.18,37.71
2017-04-07,4052.05,54.98,15.59,39.91,51.97,15.21,38.0
2017-04-10,4039.85,54.45,15.55,39.16,52.41,15.19,38.08
2017-04-11,4061.17,54.93,15.62,39.27,52.38,15.3,38.11
2017-04-12,4045.14,54.38,15.59,38.62,52.43,15.29,37.4
2017-04-13,4056.47,54.57,15.59,38.95,53.24,15.32,37.51
2017-04-14,4017.73,53.86,15.46,38.11,52.27,15.19,37.49
2017-04-17,3999.31,53.4,15.4,37.83,51.77,15.11,36.68
2017-04-18,3978.36,53.6,15.35,38.22,51.39,15.03,36.73
2017-04-19,3952.33,53.17,15.22,37.75,50.79,14.91,36.45
2017-04-20,3964.49,52.82,15.23,37.76,50.7,14.94,36.25
2017-04-21,3960.12,53.08,15.3,37.31,50.57,15.01,36.16
2017-04-24,3901.66,52.33,15.12,36.42,49.3,14.84,35.01
2017-04-25,3913.54,52.51,15.12,36.43,49.17,14.81,34.49
2017-04-26,3919.87,52.15,15.17,36.84,49.05,14.87,33.67
2017-04-27,3924.03,52.66,15.2,36.81,48.1,14.83,33.29
2017-04-28,3921.97,52.58,15.13,36.39,47.94,14.52,33.43
2017-05-02,3912.08,52.27,14.96,36.17,46.66,14.29,32.58
2017-05-03,3897.78,52.14,14.9,36.24,46.53,14.23,32.74
2017-05-04,3886.83,52.21,14.87,36.17,46.76,14.21,32.49
2017-05-05,3853.29,51.45,14.78,35.15,46.09,14.12,32.08
2017-05-08,3813.17,50.58,14.69,34.75,45.29,14.03,31.83
2017-05-09,3814.77,50.84,14.68,35.16,45.57,14.02,31.91
2017-05-10,3779.66,49.72,14.59,34.43,44.58,13.94,31.47
2017-05-11,3792.58,49.39,14.66,34.23,44.3,14.01,31.38
2017-05-12,3814.21,49.3,14.78,34.26,44.23,14.12,31.42
2017-05-15,3830.84,49.55,14.83,34.4,44.43,14.17,31.44
2017-05-16,3876.88,50.44,14.93,34.88,45.21,14.26,32.14
2017-05-17,3864.12,50.44,14.92,34.88,45.21,14.26,32.14
2017-05-18,3845.13,50.09,14.82,34.88,45.03,14.16,31.92
2017-05-19,3849.53,50.11,14.82,34.99,45.08,14.16,31.75
2017-05-22,3839.73,49.44,14.83,34.68,44.44,14.17,31.48
2017-05-23,3827.53,48.39,14.86,34.14,43.46,14.2,31.3
2017-05-24,3833.8,48.71,14.87,34.4,43.74,14.21,31.06
2017-05-25,3893.02,49.32,15.09,34.61,44.25,14.43,31.27
2017-05-26,3886.25,49.3,15.1,34.43,44.25,14.43,31.26
2017-05-31,3893.98,49.21,15.14,34.53,44.24,14.47,31.12
2017-06-01,3877.01,48.61,15.14,34.09,43.72,14.47,31.17
2017-06-02,3879.37,48.75,15.12,34.34,44.14,14.45,31.12
2017-06-05,3872.93,49.04,15.01,34.57,44.07,14.35,31.15
2017-06-06,3897.17,49.28,15.09,34.7,44.27,14.43,31.48
2017-06-07,3951.13,50.16,15.26,35.3,45.08,14.59,32.28
2017-06-08,3973.8,50.16,15.34,35.49,45.09,14.66,32.34
2017-06-09,3987.98,50.23,15.39,35.42,45.16,14.72,32.27
2017-06-12,3974.28,48.22,15.55,34.96,43.83,14.86,32.47
2017-06-13,3994.89,48.8,15.6,35.3,44.34,14.91,32.8
2017-06-14,3954.48,48.71,15.45,35.16,44.24,14.77,32.38
2017-06-15,3959.35,49.16,15.44,35.49,44.68,14.76,32.46
2017-06-16,3949.75,49.08,15.39,35.33,44.62,14.71,32.37
2017-06-19,3986.11,49.49,15.49,35.65,44.96,14.81,32.58
2017-06-20,3982.08,49.57,15.49,35.65,45.04,14.8,32.62
2017-06-21,4017.62,49.67,15.6,35.93,45.15,14.91,33.0
2017-06-22,4003.68,49.04,15.59,35.43,44.56,14.91,32.6
2017-06-23,4033.25,48.83,15.68,35.54,44.66,14.99,32.75
2017-06-26,4088.45,49.27,15.84,36.16,45.36,15.14,33.22
2017-06-27,4094.07,49.34,15.85,36.08,45.4,15.16,33.26
2017-06-28,4066.06,49.09,15.76,35.71,45.16,15.07,33.03
2017-06-29,4090.03,49.35,15.86,36.05,45.4,15.16,33.2
2017-06-30,4092.3,49.43,15.85,36.36,45.49,15.16,33.39
2017-07-03,4086.68,49.74,15.84,36.04,45.77,15.14,33.22
2017-07-04,4056.13,49.56,15.76,35.91,45.61,15.07,33.14
2017-07-05,4096.86,49.89,15.88,36.27,45.93,15.18,33.56
2017-07-06,4098.62,50.27,15.89,36.48,45.98,15.19,33.58
2017-07-07,4099.76,50.16,15.89,36.27,45.88,15.19,33.47
2017-07-10,4094.35,50.02,15.89,36.01,45.78,15.19,33.39
2017-07-11,4093.84,49.47,15.89,35.83,45.44,15.2,32.94
2017-07-12,4084.91,49.78,15.87,35.53,45.07,15.17,32.88
2017-07-13,4110.71,50.02,15.98,35.81,45.23,15.27,32.97
2017-07-14,4119.85,49.51,16.01,35.75,45.02,15.3,32.93
2017-07-17,4041.35,48.14,15.86,34.36,43.12,15.17,31.7
2017-07-18,4055.72,47.96,15.88,34.56,43.5,15.18,32.05
2017-07-19,4128.54,48.59,16.1,35.15,44.02,15.39,32.74
2017-07-20,4150.55,48.83,16.17,35.06,44.21,15.46,32.66
2017-07-21,4139.94,48.88,16.13,35.26,44.24,15.42,32.87
2017-07-24,4159.51,48.86,16.16,35.24,44.39,15.47,32.82
2017-07-25,4137.72,48.68,16.15,35.13,44.23,15.44,32.9
2017-07-26,4125.02,48.7,16.17,35.09,44.2,15.45,32.61
2017-07-27,4137.4,49.45,16.19,35.7,44.61,15.47,32.76
2017-07-28,4151.04,49.22,16.23,35.54,44.51,15.49,32.81
2017-07-31,4179.18,49.79,16.3,35.94,45.02,15.55,33.0
2017-08-01,4203.29,49.78,16.42,35.89,45.0,15.65,32.91
2017-08-02,4189.19,49.47,16.39,35.48,44.72,15.63,32.54
2017-08-03,4164.42,49.6,16.3,35.49,44.79,15.53,32.53
2017-08-04,4141.28,49.42,16.23,35.05,44.65,15.47,32.15
2017-08-07,4171.25,49.91,16.31,35.51,45.17,15.54,32.55
2017-08-08,4175.68,50.02,16.33,35.46,45.23,15.56,32.72
2017-08-09,4181.45,50.18,16.28,35.5,45.53,15.51,32.9
2017-08-10,4159.86,49.76,16.21,35.23,45.07,15.45,32.73
2017-08-11,4080.88,48.71,15.96,34.9,44.22,15.2,31.96
2017-08-14,4143.36,49.69,16.11,35.43,45.05,15.36,32.71
2017-08-15,4156.62,49.81,16.21,35.61,45.3,15.45,32.91
2017-08-16,4153.63,50.34,16.19,36.07,45.46,15.43,32.8
2017-08-17,4178.38,50.46,16.27,36.3,45.55,15.5,33.24
2017-08-18,4177.74,50.29,16.27,35.98,45.64,15.48,32.54
2017-08-21,4201.26,50.78,16.35,36.15,46.03,15.55,32.81
2017-08-22,4205.24,50.52,16.37,36.24,45.88,15.56,32.85
2017-08-23,4198.46,50.49,16.4,36.02,45.55,15.58,32.39
2017-08-24,4172.99,50.09,16.33,35.76,45.12,15.52,32.16
2017-08-25,4234.84,50.73,16.63,36.32,45.53,15.81,32.34
2017-08-28,4287.14,51.01,16.79,36.88,45.4,15.91,32.4
2017-08-29,4277.51,51.17,16.78,36.58,44.79,15.85,32.12
2017-08-30,4285.7,51.45,16.77,36.59,44.96,15.79,32.02
2017-08-31,4278.99,51.98,16.72,36.8,44.57,15.6,32.19
2017-09-01,4296.17,51.68,16.71,36.78,45.02,15.55,32.24
2017-09-04,4315.39,51.7,16.79,36.82,45.34,15.63,32.32
2017-09-05,4325.93,52.34,16.86,36.89,45.32,15.69,32.41
2017-09-06,4326.33,52.62,16.85,37.05,45.2,15.68,32.49
2017-09-07,4301.56,51.82,16.75,37.08,44.56,15.59,32.33
2017-09-08,4301.32,51.57,16.74,37.22,44.6,15.58,32.18
2017-09-11,4314.99,52.06,16.78,37.22,45.03,15.61,32.66
2017-09-12,4323.86,51.97,16.81,37.34,45.04,15.65,32.58
2017-09-13,4335.1,52.23,16.83,37.44,45.22,15.66,32.89
2017-09-14,4322.64,52.73,16.76,37.34,45.14,15.6,32.77
2017-09-15,4314.45,52.15,16.7,37.33,44.58,15.54,32.66
2017-09-18,4332.77,52.25,16.75,37.84,44.91,15.59,33.0
2017-09-19,4317.69,52.01,16.72,37.41,45.03,15.56,32.65
2017-09-20,4336.46,52.85,16.78,37.67,45.1,15.61,32.88
2017-09-21,4317.86,52.64,16.77,37.44,44.99,15.61,32.71
2017-09-22,4310.38,52.32,16.75,37.2,45.06,15.6,32.38
2017-09-25,4279.11,51.99,16.71,36.84,44.47,15.56,32.32
2017-09-26,4287.23,52.21,16.73,37.07,44.59,15.58,32.27
2017-09-27,4299.11,52.55,16.73,37.25,44.96,15.58,32.35
2017-09-28,4297.35,52.46,16.72,37.25,44.86,15.57,32.34
2017-09-29,4315.17,52.79,16.77,37.64,45.17,15.62,32.65
2017-10-09,4365.92,53.45,16.92,38.3,45.37,15.76,33.05
2017-10-10,4377.11,53.69,16.96,38.27,45.64,15.8,33.5
2017-10-11,4380.23,53.34,17.0,38.74,45.35,15.83,33.66
2017-10-12,4387.14,53.32,17.0,38.79,45.08,15.84,33.48
2017-10-13,4403.02,53.63,17.03,39.12,45.27,15.86,34.0
2017-10-16,4380.16,52.89,17.0,38.02,44.58,15.82,33.4
2017-10-17,4378.69,52.8,16.98,37.86,44.47,15.8,33.33
2017-10-18,4394.6,52.81,17.09,37.77,44.24,15.9,33.18
2017-10-19,4372.7,52.23,17.05,37.59,43.73,15.86,32.79
2017-10-20,4382.12,52.73,17.05,38.03,44.08,15.85,33.15
2017-10-23,4392.95,52.92,17.06,38.13,44.06,15.86,33.39
2017-10-24,4414.2,52.8,17.14,38.02,43.61,15.92,33.11
2017-10-25,4436.66,52.46,17.18,38.17,43.61,15.93,33.27
2017-10-26,4454.51,52.71,17.2,38.45,43.71,15.86,33.09
2017-10-27,4469.79,52.32,17.28,38.38,43.14,15.81,33.19
2017-10-30,4437.89,51.62,17.22,37.5,42.59,15.55,32.23
2017-10-31,4444.43,52.0,17.22,37.57,42.35,15.39,32.02
2017-11-01,4434.95,52.02,17.22,37.68,42.35,15.39,31.87
2017-11-02,4422.77,51.95,17.21,37.35,42.11,15.38,31.5
2017-11-03,4408.47,51.62,17.15,37.24,41.88,15.33,31.44
2017-11-06,4446.77,52.27,17.23,37.8,42.31,15.41,31.72
2017-11-07,4481.22,52.09,17.37,38.0,42.72,15.53,31.97
2017-11-08,4477.99,52.14,17.36,38.26,42.82,15.51,32.08
2017-11-09,4509.67,52.48,17.43,38.64,43.08,15.58,32.18
2017-11-10,4544.23,52.25,17.47,38.74,43.21,15.62,32.4
2017-11-13,4562.81,52.44,17.55,38.53,43.37,15.69,32.15
2017-11-14,4529.16,52.08,17.45,38.15,43.07,15.6,31.68
2017-11-15,4494.23,51.79,17.31,37.8,42.55,15.48,31.9
2017-11-16,4523.33,51.78,17.35,37.62,42.88,15.51,31.49
2017-11-17,4499.75,50.6,17.36,36.77,42.33,15.53,30.69
2017-11-20,4531.47,50.7,17.48,36.69,42.66,15.63,30.74
2017-11-21,4595.31,50.89,17.66,36.96,42.83,15.79,31.06
2017-11-22,4600.13,50.93,17.77,36.69,42.86,15.89,31.15
2017-11-23,4468.7,50.37,17.33,35.61,41.85,15.49,30.31
2017-11-24,4470.8,50.73,17.33,35.45,42.18,15.49,30.27
2017-11-27,4411.61,49.77,17.13,35.14,41.42,15.31,29.87
2017-11-28,4435.73,49.91,17.16,35.97,42.02,15.34,30.27
2017-11-29,4437.59,49.99,17.17,35.44,41.66,15.35,30.37
2017-11-30,4389.0,49.9,17.03,35.25,41.64,15.22,30.0
2017-12-01,4392.38,49.99,17.01,35.57,41.99,15.21,30.28
2017-12-04,4402.28,50.36,17.04,35.33,42.0,15.23,29.85
2017-12-05,4392.33,49.59,17.09,34.74,41.04,15.27,29.62
2017-12-06,4380.07,49.7,17.02,35.13,41.41,15.21,29.84
2017-12-07,4337.07,49.49,16.87,35.01,41.29,15.07,29.52
2017-12-08,4375.65,49.96,16.96,35.45,41.65,15.15,29.78
2017-12-11,4444.32,49.75,17.23,35.68,42.13,15.4,30.01
2017-12-12,4391.4,49.32,17.03,35.12,41.76,15.21,29.75
2017-12-13,4427.06,48.98,17.16,35.19,42.02,15.33,29.98
2017-12-14,4408.99,49.29,17.08,35.32,41.98,15.26,29.93
2017-12-15,4363.53,48.97,16.92,35.1,41.44,15.12,29.65
2017-12-18,4360.49,48.76,16.95,35.17,41.57,15.14,29.47
2017-12-19,4410.31,49.08,17.14,35.52,41.51,15.32,29.67
2017-12-20,4396.81,48.69,17.11,35.03,41.47,15.29,29.61
2017-12-21,4434.17,48.95,17.22,35.16,41.66,15.38,29.69
2017-12-22,4424.3,48.92,17.19,35.46,41.6,15.36,29.76
2017-12-25,4403.17,48.74,17.15,35.06,41.13,15.33,29.43
2017-12-26,4419.31,48.77,17.26,35.1,41.4,15.42,29.64
2017-12-27,4360.29,48.79,17.07,34.95,41.25,15.25,29.21
2017-12-28,4388.37,49.11,17.19,35.08,41.45,15.36,29.49
2017-12-29,4406.62,49.09,17.27,35.22,41.75,15.43,29.84
2018-01-02,4467.28,49.26,17.51,35.9,42.14,15.65,30.2
2018-01-03,4496.99,49.38,17.61,35.85,42.23,15.74,30.38
2018-01-04,4516.45,49.58,17.68,35.79,42.33,15.8,30.38
2018-01-05,4524.41,49.52,17.72,35.87,42.3,15.83,30.27
2018-01-08,4547.03,50.04,17.8,36.17,42.39,15.9,30.23
2018-01-09,4570.45,50.0,17.85,36.02,42.36,15.95,30.32
2018-01-10,4578.03,50.1,17.93,35.79,41.82,16.03,30.14
2018-01-11,4579.93,49.96,17.96,35.77,42.04,16.05,30.38
2018-01-12,4590.67,49.7,18.0,35.85,41.82,16.08,30.16
2018-01-15,4563.86,49.85,17.99,34.87,41.47,16.04,29.15
2018-01-16,4599.5,49.79,18.13,34.74,40.96,16.13,29.63
2018-01-17,4584.92,50.01,18.16,35.06,41.55,16.15,29.68
2018-01-18,4607.28,49.72,18.36,35.08,41.21,16.33,29.95
2018-01-19,4615.89,49.36,18.44,34.97,41.6,16.4,29.74
2018-01-22,4671.1,49.9,18.57,35.54,41.68,16.52,30.34
2018-01-23,4709.56,49.72,18.88,35.43,41.79,16.8,30.44
2018-01-24,4722.7,49.75,18.92,35.89,42.14,16.82,30.62
2018-01-25,4700.55,49.7,18.83,35.95,42.05,16.74,30.29
2018-01-26,4713.8,49.67,18.9,36.08,42.07,16.8,30.55
2018-01-29,4636.23,49.73,18.68,35.6,41.82,16.59,30.05
2018-01-30,4599.87,49.31,18.48,35.29,41.7,16.41,29.83
2018-01-31,4592.86,48.73,18.5,34.46,40.93,16.43,29.43
2018-02-01,4530.8,47.45,18.4,33.49,39.97,16.35,28.69
2018-02-02,4554.95,47.78,18.51,33.72,40.11,16.45,28.48
2018-02-05,4556.07,48.03,18.65,33.7,39.96,16.57,28.62
2018-02-06,4400.68,46.04,18.05,32.31,38.3,16.04,27.41
2018-02-07,4322.66,45.76,17.62,32.29,38.39,15.66,27.17
2018-02-08,4301.86,46.1,17.36,32.76,38.76,15.43,27.45
2018-02-09,4124.52,44.95,16.67,31.23,37.34,14.81,26.41
2018-02-12,4191.08,45.99,16.8,32.08,38.17,14.94,27.29
2018-02-13,4234.79,46.13,16.95,32.16,38.53,15.09,27.34
2018-02-14,4263.36,46.33,17.05,32.4,38.46,15.16,27.33
2018-02-22,4354.89,46.99,17.44,33.08,39.47,15.51,27.87
2018-02-23,4373.75,46.82,17.53,33.33,39.55,15.59,27.99
2018-02-26,4436.34,48.17,17.73,33.79,40.26,15.77,28.78
2018-02-27,4384.88,48.06,17.47,33.64,40.12,15.55,28.84
2018-02-28,4358.82,48.14,17.32,33.48,40.23,15.38,28.82
2018-03-01,4391.65,48.64,17.4,33.78,40.45,15.46,28.9
2018-03-02,4359.07,48.38,17.28,33.65,40.68,15.35,28.92
2018-03-05,4361.83,48.35,17.29,33.91,40.56,15.36,28.92
2018-03-06,4415.98,49.27,17.46,34.31,40.98,15.5,29.44
2018-03-07,4380.93,48.81,17.37,33.63,40.66,15.43,29.14
2018-03-08,4422.28,49.08,17.46,33.97,40.59,15.51,29.28
2018-03-09,4461.45,49.28,17.57,34.94,41.16,15.61,29.74
2018-03-12,4493.05,49.91,17.64,35.12,41.73,15.68,30.07
2018-03-13,4455.99,49.82,17.53,34.79,41.4,15.57,29.86
2018-03-14,4429.55,49.37,17.47,34.54,41.27,15.48,29.63
2018-03-15,4446.24,49.24,17.49,34.33,41.2,15.51,29.55
2018-03-16,4407.94,48.62,17.33,33.76,40.78,15.39,29.04
2018-03-19,4423.71,48.87,17.38,33.82,41.26,15.45,29.13
2018-03-20,4430.17,48.77,17.43,33.84,41.32,15.5,29.15
2018-03-21,4408.51,48.05,17.15,33.53,40.46,15.33,28.95
2018-03-22,4370.52,47.85,17.02,33.55,40.34,15.22,28.86
2018-03-23,4219.33,45.19,16.26,31.74,38.96,14.75,27.95
2018-03-26,4220.58,45.56,15.88,31.92,39.78,14.64,28.22
2018-03-27,4271.89,45.81,15.87,32.68,40.4,14.74,28.78
2018-03-28,4203.65,45.58,15.42,32.09,39.66,14.48,28.71
2018-03-29,4256.42,45.99,15.59,32.29,39.95,14.68,28.81
2018-03-30,4274.8,45.76,15.36,32.12,40.36,14.7,29.21
2018-04-02,4266.8,44.4,15.23,31.91,40.48,14.64,29.12
2018-04-03,4235.57,43.87,15.09,31.42,39.96,14.52,28.88
2018-04-04,4221.65,43.56,15.03,31.31,39.58,14.46,28.96
2018-04-09,4221.57,43.33,15.04,31.22,39.77,14.47,28.85
2018-04-10,4288.46,43.91,15.28,31.34,39.91,14.75,28.83
2018-04-11,4301.7,43.88,15.35,31.37,40.02,14.83,29.25
2018-04-12,4263.16,42.82,15.16,31.05,39.79,14.66,28.92
2018-04-13,4236.53,43.11,15.06,31.03,39.69,14.56,28.83
2018-04-16,4183.59,42.96,14.8,30.61,39.93,14.32,28.54
2018-04-17,4112.54,42.3,14.55,29.83,39.14,14.1,27.95
2018-04-18,4141.54,42.43,14.67,30.02,39.31,14.21,28.02
2018-04-19,4184.57,42.62,14.79,30.16,39.18,14.33,28.01
2018-04-20,4120.53,41.62,14.55,28.91,38.67,14.12,27.52
2018-04-23,4114.4,41.23,14.55,29.17,38.55,14.12,27.12
2018-04-24,4201.28,41.94,14.78,29.57,39.14,14.37,27.76
2018-04-25,4189.77,42.27,14.67,29.07,38.91,14.28,27.51
2018-04-26,4110.13,40.97,14.36,28.27,38.14,14.02,26.39
2018-04-27,4113.65,40.62,14.37,28.13,38.44,13.95,26.33
2018-05-02,4118.06,39.94,14.28,27.92,37.68,13.73,25.57
2018-05-03,4151.96,40.37,14.38,28.36,38.05,13.82,25.87
2018-05-04,4136.88,40.28,14.32,28.4,37.6,13.77,25.8
2018-05-07,4205.25,40.87,14.54,28.91,38.2,13.98,26.6
2018-05-08,4245.31,41.04,14.67,28.98,38.37,14.11,26.73
2018-05-09,4237.29,40.92,14.65,29.09,38.28,14.09,26.67
2018-05-10,4256.68,41.0,14.72,29.22,38.68,14.15,26.81
2018-05-11,4231.26,40.69,14.68,28.76,38.02,14.11,26.51
2018-05-14,4256.25,40.34,14.76,28.86,37.97,14.19,26.65
2018-05-15,4278.0,40.62,14.81,28.8,38.28,14.25,26.73
2018-05-16,4249.75,40.51,14.69,28.68,38.14,14.13,26.65
2018-05-17,4220.93,40.26,14.61,28.73,37.92,14.05,26.66
2018-05-18,4256.33,40.35,14.78,28.82,38.1,14.23,26.7
2018-05-21,4285.25,40.46,14.85,28.97,38.54,14.29,26.96
2018-05-22,4276.97,40.65,14.8,29.23,38.7,14.24,26.99
2018-05-23,4220.71,40.28,14.58,28.73,38.35,14.03,26.55
2018-05-24,4194.72,40.08,14.49,28.7,38.17,13.94,26.43
2018-05-25,4172.23,40.05,14.42,28.63,37.77,13.88,26.12
2018-05-28,4180.83,39.83,14.43,28.57,37.91,13.89,26.23
2018-05-29,4146.91,39.76,14.33,28.23,37.54,13.79,26.27
2018-05-30,4053.61,39.07,14.01,27.34,36.52,13.48,25.32
2018-05-31,4130.61,39.21,14.25,27.97,36.99,13.71,25.96
2018-06-01,4092.14,38.79,14.14,27.45,36.59,13.61,25.7
2018-06-04,4121.59,39.0,14.21,27.38,36.49,13.69,25.67
2018-06-05,4169.78,39.12,14.31,27.78,37.07,13.8,25.84
2018-06-06,4162.46,39.14,14.28,27.89,37.07,13.77,25.69
2018-06-07,4150.64,39.15,14.26,27.73,36.81,13.76,25.57
2018-06-08,4096.49,38.97,14.07,27.33,36.32,13.57,25.13
2018-06-11,4090.07,38.15,14.28,27.07,35.6,13.76,25.03
2018-06-12,4138.44,38.83,14.43,27.29,35.92,13.9,25.39
2018-06-13,4092.23,38.16,14.29,26.77,35.3,13.77,25.07
2018-06-14,4076.44,38.05,14.27,26.66,35.17,13.74,24.79
2018-06-15,4041.54,37.36,14.2,26.12,34.53,13.68,24.47
2018-06-19,3871.98,35.09,13.72,24.65,32.44,13.22,22.95
2018-06-20,3893.91,35.73,13.75,24.92,32.69,13.25,23.1
2018-06-21,3839.61,34.88,13.58,24.28,31.88,13.08,22.66
2018-06-22,3865.43,35.64,13.64,24.67,32.26,13.14,22.91
2018-06-25,3819.77,35.38,13.46,24.61,32.01,12.97,22.99
2018-06-26,3802.36,35.33,13.36,24.77,32.27,12.88,23.08
2018-06-27,3734.85,35.35,13.17,24.52,31.98,12.69,22.84
2018-06-28,3695.98,34.66,13.04,24.3,31.68,12.56,22.83
2018-06-29,3796.49,35.72,13.35,24.88,32.68,12.86,23.2
2018-07-02,3698.57,35.15,12.98,24.48,32.28,12.51,22.81
2018-07-03,3710.25,35.6,13.02,24.62,32.71,12.55,22.94
2018-07-04,3659.54,35.43,12.92,24.34,32.23,12.45,22.72
2018-07-05,3617.06,34.61,12.83,23.7,31.51,12.36,22.13
2018-07-06,3637.98,34.74,12.89,23.9,31.6,12.42,22.39
2018-07-09,3734.44,35.25,13.25,24.4,32.38,12.77,22.85
2018-07-10,3746.47,35.45,13.29,24.69,32.56,12.81,23.07
2018-07-11,3679.56,35.07,13.07,23.99,31.9,12.6,22.67
2018-07-12,3763.99,35.97,13.36,24.68,32.72,12.88,23.12
2018-07-13,3779.19,36.18,13.35,24.79,32.92,12.87,23.22
2018-07-16,3760.84,36.24,13.25,24.66,33.03,12.77,23.38
2018-07-17,3742.61,36.26,13.13,24.65,33.04,12.66,23.36
2018-07-18,3720.77,36.02,13.08,24.64,32.81,12.6,23.17
2018-07-19,3710.11,35.69,13.03,24.43,32.5,12.56,22.99
2018-07-20,3774.08,36.1,13.32,24.6,32.92,12.83,23.2
2018-07-23,3807.78,36.43,13.47,24.83,33.22,12.97,23.74
2018-07-24,3869.64,36.97,13.67,25.33,33.72,13.16,24.0
2018-07-25,3867.17,37.05,13.66,25.13,33.75,13.14,23.75
2018-07-26,3827.11,36.49,13.54,24.84,33.65,13.02,23.72
2018-07-27,3810.53,36.63,13.49,24.6,33.43,12.97,23.69
2018-07-30,3793.87,36.21,13.47,24.4,33.04,12.95,23.54
2018-07-31,3796.61,36.15,13.51,24.44,32.83,12.96,23.09
2018-08-01,3724.47,35.57,13.25,23.95,32.61,12.71,22.91
2018-08-02,3642.59,34.8,12.98,23.22,31.82,12.44,22.46
2018-08-03,3585.39,34.32,12.84,23.08,31.37,12.31,22.29
2018-08-06,3532.31,33.66,12.7,22.34,30.55,12.17,21.65
2018-08-07,3633.78,34.59,13.05,22.93,31.32,12.5,22.1
2018-08-08,3575.81,34.41,12.87,22.55,30.79,12.33,21.95
2018-08-09,3665.73,35.25,13.13,23.07,31.57,12.58,22.21
2018-08-10,3676.49,35.46,13.13,23.24,31.74,12.57,22.04
2018-08-13,3669.1,35.66,13.07,23.31,32.07,12.51,21.93
2018-08-14,3651.8,35.18,13.04,23.13,31.9,12.47,21.92
2018-08-15,3567.05,34.44,12.76,22.42,31.2,12.2,21.46
2018-08-16,3546.6,34.11,12.69,22.32,30.82,12.12,21.21
2018-08-17,3492.87,33.83,12.53,21.9,30.22,11.96,20.8
2018-08-20,3528.77,34.08,12.68,21.86,30.3,12.1,21.06
2018-08-21,3587.74,34.49,12.87,22.15,30.88,12.27,21.04
2018-08-22,3562.58,34.16,12.78,21.98,30.62,12.12,20.84
2018-08-23,3577.21,34.37,12.82,22.13,30.92,12.15,20.96
2018-08-24,3579.45,34.28,12.85,21.97,30.69,12.18,20.89
2018-08-27,3664.94,35.03,13.12,22.43,31.07,12.37,21.26
2018-08-28,3662.32,35.12,13.11,22.52,30.92,12.31,21.29
2018-08-29,3645.42,35.01,13.07,22.33,30.3,12.2,21.14
2018-08-30,3603.04,34.5,12.92,22.01,29.9,12.04,20.75
2018-08-31,3580.07,34.11,12.87,21.81,29.46,11.92,20.64
2018-09-03,3574.16,34.25,12.86,21.74,29.59,11.9,20.61
2018-09-04,3617.63,34.67,13.0,22.1,29.94,12.04,20.69
2018-09-05,3550.62,34.15,12.76,21.69,29.52,11.81,20.4
2018-09-06,3518.08,34.04,12.67,21.57,29.38,11.73,20.27
2018-09-07,3529.77,33.97,12.71,21.63,29.33,11.77,20.37
2018-09-10,3475.37,33.32,12.55,21.13,29.09,11.62,19.84
2018-09-11,3470.27,33.42,12.53,21.17,29.18,11.6,19.84
2018-09-12,3450.65,33.35,12.47,21.3,29.14,11.54,19.79
2018-09-13,3483.61,33.57,12.61,21.43,29.37,11.67,19.77
2018-09-14,3478.79,33.24,12.61,21.39,28.76,11.67,19.75
2018-09-17,3436.33,32.8,12.46,21.09,28.75,11.53,19.47
2018-09-18,3503.4,33.29,12.68,21.5,29.22,11.73,19.88
2018-09-19,3548.02,33.3,12.84,21.71,29.19,11.88,20.14
2018-09-20,3545.49,33.21,12.84,21.67,29.11,11.89,20.08
2018-09-21,3639.92,33.69,13.21,22.02,29.54,12.23,20.6
2018-09-25,3612.74,33.62,13.11,21.89,29.41,12.13,20.36
2018-09-26,3647.29,33.79,13.23,21.94,29.56,12.25,20.39
2018-09-27,3625.26,33.38,13.18,21.63,29.19,12.2,20.32
2018-09-28,3662.11,33.67,13.32,21.94,29.47,12.33,20.51
2018-10-08,3514.07,32.58,12.79,21.27,28.53,11.85,19.78
2018-10-09,3510.16,32.47,12.79,21.21,28.47,11.85,19.77
2018-10-10,3503.5,32.42,12.8,21.3,28.45,11.85,19.76
2018-10-11,3317.12,30.52,12.17,19.47,27.17,11.28,18.21
2018-10-12,3349.56,30.29,12.33,19.25,27.28,11.43,18.24
2018-10-15,3299.3,29.84,12.15,19.06,26.86,11.25,17.83
2018-10-16,3260.54,29.01,12.06,18.73,26.64,11.17,17.53
2018-10-17,3280.68,29.3,12.13,18.87,26.51,11.24,17.58
2018-10-18,3199.87,28.83,11.81,18.36,26.13,10.94,16.99
2018-10-19,3293.23,29.56,12.14,18.89,26.42,11.24,17.37
2018-10-22,3440.3,31.04,12.64,19.75,27.72,11.68,18.18
2018-10-23,3355.4,30.16,12.32,19.48,27.26,11.38,17.81
2018-10-24,3357.8,30.11,12.36,19.5,27.05,11.41,17.84
2018-10-25,3360.74,30.05,12.39,19.52,27.06,11.42,17.9
2018-10-26,3343.89,29.99,12.35,19.46,26.7,11.42,18.1
2018-10-29,3252.45,29.57,12.05,18.98,26.4,11.13,17.58
2018-10-30,3287.16,29.86,12.17,19.05,26.29,11.22,18.03
2018-10-31,3334.86,30.3,12.31,19.43,26.79,11.23,18.58
2018-11-01,3358.49,30.52,12.35,19.69,26.62,11.26,18.78
2018-11-02,3475.58,31.46,12.71,20.29,27.45,11.58,19.37
2018-11-05,3453.88,31.18,12.62,20.35,27.35,11.49,19.38
2018-11-06,3437.42,31.18,12.57,20.31,27.35,11.45,19.24
2018-11-07,3416.02,31.36,12.49,20.24,27.19,11.37,19.21
2018-11-08,3402.64,30.82,12.46,20.04,27.03,11.35,19.02
2018-11-09,3363.39,30.7,12.27,20.03,26.94,11.17,18.94
2018-11-12,3414.53,31.46,12.41,20.5,27.65,11.3,19.41
2018-11-13,3455.57,32.36,12.52,21.04,28.29,11.4,19.71
2018-11-14,3425.98,32.24,12.39,20.99,28.18,11.28,19.55
2018-11-15,3469.86,32.86,12.54,21.16,28.71,11.42,19.93
2018-11-16,3489.41,32.86,12.59,21.55,29.02,11.46,20.27
2018-11-19,3521.48,32.67,12.71,21.5,29.11,11.57,20.26
2018-11-20,3435.44,32.5,12.44,20.8,28.35,11.32,19.56
2018-11-21,3445.13,32.61,12.46,20.93,28.48,11.34,19.63
2018-11-22,3434.73,32.56,12.42,21.09,28.82,11.31,19.72
2018-11-23,3345.07,31.3,12.15,20.01,27.72,11.06,18.91
2018-11-26,3341.93,31.26,12.14,20.09,27.67,11.05,18.94
2018-11-27,3342.36,31.45,12.12,20.1,27.86,11.04,19.02
2018-11-28,3386.03,31.83,12.26,20.6,28.2,11.16,19.43
2018-11-29,3335.06,31.14,12.11,20.19,27.59,11.02,19.03
2018-11-30,3369.1,31.41,12.21,20.3,27.82,11.12,19.22
2018-12-03,3465.88,32.38,12.53,20.86,28.68,11.41,19.8
2018-12-04,3475.19,32.5,12.56,21.16,28.8,11.43,19.79
2018-12-05,3456.35,32.32,12.49,20.82,28.62,11.37,19.67
2018-12-06,3382.65,31.68,12.26,20.45,28.03,11.16,19.32
2018-12-07,3382.54,31.77,12.26,20.37,28.01,11.14,19.09
2018-12-10,3343.3,31.36,12.15,20.2,27.75,11.04,18.84
2018-12-11,3362.11,31.6,12.19,20.23,27.97,11.09,18.87
2018-12-12,3370.45,31.61,12.24,20.21,27.96,11.13,18.86
2018-12-13,3419.32,31.94,12.4,20.53,28.26,11.28,19.07
2018-12-14,3356.41,31.17,12.2,19.94,27.59,11.1,18.53
2018-12-17,3351.41,30.88,12.33,19.87,27.12,11.18,18.46
2018-12-18,3320.68,30.68,12.22,19.66,26.94,11.08,18.35
2018-12-19,3279.59,30.28,12.09,19.49,26.62,10.96,18.15
2018-12-20,3262.72,30.34,12.01,19.52,26.69,10.89,18.08
2018-12-21,3226.78,30.12,11.89,19.4,26.5,10.79,18.01
2018-12-24,3241.98,30.39,11.94,19.69,26.71,10.83,18.12
2018-12-25,3215.98,30.09,11.85,19.55,26.4,10.75,18.02
2018-12-26,3200.52,29.94,11.81,19.47,26.27,10.71,18.13
2018-12-27,3182.46,29.6,11.75,19.32,25.97,10.66,17.87
2018-12-28,3199.94,29.69,11.81,19.35,26.07,10.71,17.84
2019-01-02,3160.12,29.45,11.65,19.09,25.87,10.57,17.69
2019-01-03,3152.77,29.39,11.64,19.04,25.85,10.56,17.71
2019-01-04,3228.22,30.16,11.89,19.38,26.6,10.78,18.18
2019-01-07,3257.48,30.73,11.96,19.7,27.11,10.85,18.39
2019-01-08,3250.11,30.63,11.94,19.83,27.02,10.82,18.46
2019-01-09,3277.02,30.7,12.03,20.08,27.07,10.91,18.43
2019-01-10,3271.07,30.61,11.99,19.92,26.96,10.87,18.52
2019-01-11,3295.01,30.53,12.07,20.01,27.19,10.95,18.58
2019-01-14,3268.0,30.36,11.98,19.87,27.01,10.86,18.42
2019-01-15,3327.79,30.44,12.16,20.21,27.39,11.03,18.73
2019-01-16,3326.37,30.7,12.17,20.13,27.34,11.03,18.64
2019-01-17,3306.33,30.46,12.12,19.88,27.1,10.98,18.54
2019-01-18,3360.23,30.81,12.31,20.25,27.4,11.16,18.84
2019-01-21,3379.09,31.03,12.39,20.24,27.55,11.24,18.96
2019-01-22,3332.85,30.92,12.23,20.11,27.14,11.09,18.8
2019-01-23,3332.41,30.94,12.24,20.08,27.26,11.1,18.67
2019-01-24,3350.87,30.79,12.3,20.2,27.46,11.15,18.88
2019-01-25,3367.87,30.65,12.38,20.03,27.3,11.23,18.82
2019-01-28,3365.22,30.59,12.37,19.97,27.51,11.27,18.75
2019-01-29,3363.57,30.46,12.39,19.72,27.14,11.28,18.38
2019-01-30,3335.1,30.13,12.3,19.52,26.8,11.2,18.35
2019-01-31,3355.24,30.22,12.4,19.22,26.66,11.31,18.29
2019-02-01,3414.02,30.73,12.57,19.74,27.42,11.46,18.75
2019-02-11,3481.81,31.55,12.75,20.18,28.12,11.63,19.22
2019-02-12,3507.84,31.5,12.82,20.69,28.4,11.69,19.47
2019-02-13,3575.11,32.1,13.07,21.08,29.0,11.92,19.8
2019-02-14,3582.9,32.23,13.07,21.33,29.1,11.92,19.93
2019-02-15,3526.36,32.39,12.86,21.24,28.94,11.72,19.82
2019-02-18,3642.01,33.15,13.23,21.96,30.0,12.05,20.47
2019-02-19,3638.24,33.22,13.22,21.82,29.73,12.04,20.44
2019-02-20,3648.22,33.22,13.26,21.99,29.75,12.09,20.49
2019-02-21,3639.21,33.22,13.22,21.9,29.76,12.04,20.34
2019-02-22,3723.54,33.73,13.46,22.52,30.66,12.27,20.89
2019-02-25,3941.82,35.66,14.24,23.55,31.93,12.98,22.24
2019-02-26,3904.69,35.38,14.11,23.67,32.65,12.85,22.18
2019-02-27,3895.77,34.96,14.12,23.52,32.68,12.88,21.96
2019-02-28,3889.89,35.26,14.07,23.54,34.39,12.85,22.68
2019-03-01,3962.37,35.28,14.34,23.87,34.82,13.11,22.85
2019-03-04,4015.06,35.63,14.5,24.04,35.45,13.25,23.38
2019-03-05,4058.23,36.19,14.6,24.63,36.04,13.34,23.81
2019-03-06,4101.71,36.44,14.76,24.89,36.44,13.48,24.03
2019-03-07,4082.91,36.86,14.66,25.13,36.24,13.39,24.03
2019-03-08,3921.48,35.49,14.07,24.13,35.7,12.85,23.18
2019-03-11,4019.0,36.36,14.35,25.0,36.64,13.11,24.09
2019-03-12,4057.07,36.25,14.47,25.35,36.53,13.22,24.63
2019-03-13,4008.48,35.69,14.21,24.86,36.42,13.05,24.11
2019-03-14,3964.24,34.5,14.06,24.24,35.38,12.93,23.57
2019-03-15,4012.96,35.47,14.2,24.5,36.07,13.07,23.83
2019-03-18,4125.37,35.86,14.54,25.15,36.64,13.41,24.38
2019-03-19,4114.97,35.41,14.46,25.15,36.48,13.38,24.38
2019-03-20,4114.97,35.65,14.45,25.06,36.04,13.37,24.28
2019-03-21,4129.87,35.78,14.46,25.19,35.2,13.4,24.71
2019-03-22,4133.47,35.72,14.25,25.28,35.95,13.39,25.42
2019-03-25,4046.75,34.79,13.81,24.85,35.88,13.1,25.0
2019-03-26,3983.78,34.26,13.59,24.01,35.27,12.9,24.14
2019-03-27,4028.22,34.59,13.73,24.24,35.47,13.04,24.36
2019-03-28,4001.66,34.47,13.67,24.12,35.42,13.02,24.22
2019-03-29,4150.6,36.37,14.03,25.32,36.76,13.47,25.0
2019-04-01,4271.54,37.18,14.21,26.12,37.59,13.85,26.11
2019-04-02,4272.72,37.05,14.2,26.11,37.62,13.85,25.86
2019-04-03,4324.93,37.61,14.37,26.56,38.21,14.02,26.23
2019-04-04,4363.8,37.58,14.51,26.57,38.01,14.17,26.18
2019-04-08,4355.32,37.59,14.5,26.1,38.29,14.16,25.97
2019-04-09,4371.9,37.33,14.51,26.46,38.4,14.17,26.05
2019-04-10,4378.93,37.44,14.48,26.5,38.6,14.17,26.16
2019-04-11,4284.85,36.31,14.22,26.11,37.36,13.91,25.65
2019-04-12,4275.25,36.59,14.18,25.93,37.96,13.88,25.65
2019-04-15,4253.83,35.85,14.12,25.6,36.58,13.8,25.36
2019-04-16,4365.13,36.77,14.49,26.43,37.42,14.17,26.08
2019-04-17,4372.02,36.88,14.53,26.51,37.4,14.21,26.26
2019-04-18,4353.75,36.82,14.45,26.32,37.12,14.14,26.16
2019-04-19,4399.33,36.96,14.54,26.08,37.15,14.23,25.95
2019-04-22,4306.64,36.79,14.22,25.83,37.19,13.93,25.65
2019-04-23,4283.61,36.48,14.13,25.04,36.84,13.86,25.05
2019-04-24,4302.16,36.82,14.17,25.44,37.29,13.88,25.63
2019-04-25,4189.86,35.79,13.81,24.45,35.03,13.57,24.88
2019-04-26,4138.19,35.62,13.6,24.05,34.21,13.34,24.42
2019-04-29,4120.53,35.75,13.52,23.72,34.29,13.26,24.28
2019-04-30,4138.71,36.47,13.56,24.42,33.7,13.12,24.27
2019-05-06,3880.4,34.85,12.81,22.73,31.71,12.38,22.27
2019-05-07,3921.46,35.34,12.9,23.0,31.69,12.47,22.55
2019-05-08,3873.86,35.23,12.74,23.14,31.22,12.32,22.33
2019-05-09,3808.27,34.91,12.54,22.75,30.9,12.12,21.95
2019-05-10,3946.29,36.22,12.93,23.31,32.09,12.5,22.72
2019-05-13,3885.72,35.44,12.75,23.07,31.72,12.33,22.56
2019-05-14,3859.24,35.16,12.67,22.98,31.49,12.25,22.46
2019-05-15,3945.86,35.9,12.93,23.55,32.12,12.5,22.74
2019-05-16,3965.37,36.1,12.98,23.63,32.33,12.55,22.74
2019-05-17,3857.85,35.34,12.68,22.77,32.02,12.26,22.28
2019-05-20,3829.38,35.27,12.63,22.49,31.62,12.21,22.04
2019-05-21,3884.89,35.47,12.78,23.02,32.18,12.35,22.52
2019-05-22,3864.65,35.36,12.72,22.8,32.05,12.3,22.21
2019-05-23,3792.72,34.98,12.53,22.18,31.78,12.12,21.7
2019-05-24,3794.91,34.66,12.55,22.08,31.52,12.13,21.62
2019-05-27,3852.34,35.25,12.7,22.57,32.35,12.28,22.13
2019-05-28,3879.16,35.33,12.78,22.46,32.41,12.36,22.24
2019-05-29,3872.7,35.35,12.77,22.52,32.41,12.35,22.25
2019-05-30,3848.73,35.13,12.72,22.33,32.23,12.3,22.11
2019-05-31,3836.88,35.1,12.68,22.52,32.21,12.26,21.97
2019-06-03,3827.82,35.22,12.66,22.33,31.91,12.24,21.89
2019-06-04,3789.93,34.73,12.57,21.98,31.51,12.15,21.94
2019-06-05,3786.68,34.7,12.57,21.8,31.47,12.15,21.77
2019-06-06,3741.0,33.95,12.44,21.31,30.81,12.04,21.23
2019-06-10,3786.74,34.21,12.57,21.51,31.1,12.16,21.32
2019-06-11,3906.93,35.12,12.89,22.22,32.22,12.47,22.15
2019-06-12,3877.17,34.97,12.8,22.14,32.04,12.38,21.81
2019-06-13,3875.22,34.67,12.78,22.23,32.11,12.36,21.78
2019-06-14,3835.36,34.13,12.68,21.61,31.62,12.26,21.33
2019-06-17,3836.7,35.46,12.94,22.0,32.56,12.51,21.53
2019-06-18,3845.85,35.49,12.97,21.91,32.54,12.54,21.42
2019-06-19,3896.24,35.65,13.11,22.28,33.0,12.67,21.86
2019-06-20,4004.49,36.12,13.44,22.81,33.4,13.0,22.52
2019-06-21,4021.51,36.62,13.48,23.09,33.52,13.04,22.8
2019-06-24,4027.92,36.92,13.51,23.13,33.85,13.07,22.65
2019-06-25,3986.6,36.67,13.38,22.93,33.61,12.94,22.56
2019-06-26,3978.66,36.51,13.36,22.98,33.89,12.92,22.38
2019-06-27,4019.58,36.81,13.47,23.16,33.77,13.03,22.55
2019-06-28,4001.34,36.78,13.41,22.76,33.8,12.98,22.39
2019-07-01,4117.99,37.51,13.74,23.42,34.44,13.29,22.98
2019-07-02,4116.05,37.42,13.73,23.36,34.34,13.28,23.07
2019-07-03,4072.85,37.15,13.62,23.16,33.75,13.17,22.84
2019-07-04,4053.52,36.99,13.57,23.05,33.95,13.12,22.67
2019-07-05,4072.95,37.5,13.62,23.14,34.05,13.17,22.71
2019-07-08,3967.93,36.63,13.29,22.31,33.29,12.85,22.14
2019-07-09,3962.27,36.37,13.26,22.36,32.67,12.82,22.05
2019-07-10,3949.97,36.16,13.19,22.33,32.49,12.75,22.11
2019-07-11,3948.89,36.52,13.19,22.37,32.85,12.76,22.14
2019-07-12,3970.93,36.66,13.28,22.42,32.92,12.83,22.14
2019-07-15,3995.42,36.55,13.34,22.6,33.41,12.88,22.3
2019-07-16,3982.83,36.53,13.3,22.69,33.07,12.84,22.3
2019-07-17,3980.51,36.51,13.29,22.61,33.05,12.82,22.08
2019-07-18,3935.36,36.0,13.17,22.39,32.95,12.71,21.73
2019-07-19,3973.57,36.34,13.29,22.48,32.85,12.81,21.92
2019-07-22,3933.13,35.9,13.18,22.09,32.53,12.69,21.46
2019-07-23,3948.72,35.94,13.23,22.19,32.88,12.74,21.54
2019-07-24,3981.99,36.67,13.33,22.37,32.83,12.84,21.72
2019-07-25,4010.51,36.45,13.41,22.38,32.94,12.9,21.87
2019-07-26,4017.74,36.8,13.43,22.36,33.33,12.92,21.83
2019-07-29,4014.09,36.43,13.42,22.47,33.28,12.91,21.95
2019-07-30,4031.86,36.58,13.48,22.54,33.05,12.97,22.07
2019-07-31,4000.15,36.41,13.38,22.56,33.29,12.89,22.12
2019-08-01,3968.42,36.15,13.28,22.39,33.02,12.78,22.01
2019-08-02,3912.09,35.63,13.09,21.96,32.25,12.6,21.63
2019-08-05,3843.69,35.57,12.86,21.62,31.83,12.37,21.28
2019-08-06,3792.91,34.84,12.7,21.11,31.18,12.22,20.85
2019-08-07,3776.39,35.0,12.65,21.08,31.04,12.17,20.73
2019-08-08,3820.32,35.25,12.78,21.16,31.01,12.3,20.81
2019-08-09,3781.11,35.14,12.68,20.87,30.65,12.21,20.37
2019-08-12,3849.67,35.83,12.88,21.18,31.18,12.38,20.77
2019-08-13,3817.93,35.62,12.78,21.04,31.36,12.28,20.74
2019-08-14,3836.08,35.83,12.84,21.22,31.53,12.33,20.9
2019-08-15,3849.68,36.0,12.88,21.23,31.7,12.36,20.83
2019-08-16,3865.97,35.86,12.91,21.43,31.86,12.33,21.0
2019-08-19,3959.39,36.31,13.18,22.19,32.37,12.58,21.65
2019-08-20,3956.24,36.63,13.16,22.11,32.36,12.56,21.74
2019-08-21,3953.38,36.66,13.15,22.08,32.2,12.55,21.79
2019-08-22,3963.77,36.75,13.17,22.21,32.21,12.57,21.8
2019-08-23,3985.64,36.71,13.23,22.05,32.57,12.6,21.85
2019-08-26,3935.52,36.87,13.07,22.19,32.11,12.42,21.9
2019-08-27,3991.68,36.84,13.25,22.61,32.26,12.62,22.26
2019-08-28,3978.69,36.77,13.2,22.59,32.14,12.57,22.11
2019-08-29,3969.91,36.49,13.18,22.62,32.29,12.52,22.35
2019-08-30,3968.36,35.88,13.19,22.11,31.96,12.5,22.08
2019-09-02,4030.51,36.39,13.36,22.67,31.68,12.61,22.51
2019-09-03,4041.57,36.56,13.39,22.58,31.87,12.64,22.54
2019-09-04,4076.82,36.88,13.52,22.8,32.2,12.76,22.74
2019-09-05,4116.85,36.9,13.65,23.02,32.54,12.89,23.0
2019-09-06,4138.48,37.02,13.71,22.97,32.65,12.94,23.05
2019-09-09,4178.74,36.96,13.81,23.39,33.29,13.04,23.53
2019-09-10,4164.34,36.51,13.77,23.78,33.17,13.0,23.49
2019-09-11,4135.69,36.96,13.72,23.32,32.96,12.95,23.35
2019-09-12,4174.32,36.83,13.82,23.35,33.16,13.05,23.51
2019-09-16,4164.06,37.19,13.8,23.44,33.2,13.03,23.47
2019-09-17,4089.97,36.81,13.58,23.02,32.5,12.82,22.95
2019-09-18,4105.17,37.11,13.61,23.11,32.48,12.85,22.94
2019-09-19,4126.24,36.37,13.67,23.36,32.77,12.91,23.09
2019-09-20,4137.69,36.78,13.71,23.59,32.87,12.94,23.22
2019-09-23,4095.43,36.49,13.57,23.08,32.63,12.81,23.03
2019-09-24,4105.52,37.24,13.6,23.21,32.71,12.84,22.99
2019-09-25,4063.63,36.59,13.48,22.57,32.5,12.73,22.58
2019-09-26,4017.55,35.71,13.37,22.06,31.72,12.63,21.95
2019-09-27,4033.49,36.31,13.41,22.18,31.91,12.66,22.29
2019-09-30,3990.69,35.86,13.28,22.1,31.53,12.54,22.2
2019-10-08,4009.37,35.03,13.34,22.21,31.47,12.6,21.95
2019-10-09,4021.65,35.33,13.39,22.0,31.73,12.64,22.12
2019-10-10,4058.82,35.81,13.49,22.28,32.14,12.74,22.41
2019-10-11,4090.23,35.59,13.61,22.64,32.18,12.85,22.51
2019-10-14,4137.81,36.08,13.77,22.98,32.72,13.0,22.64
2019-10-15,4110.89,35.66,13.7,22.93,32.24,12.93,22.38
2019-10-16,4095.73,35.49,13.65,22.6,32.14,12.88,22.46
2019-10-17,4096.15,35.44,13.66,22.57,32.11,12.88,22.29
2019-10-18,4038.54,34.97,13.48,22.41,31.66,12.72,22.18
2019-10-21,4045.66,34.85,13.54,22.22,31.62,12.76,22.11
2019-10-22,4068.06,35.2,13.6,22.49,32.01,12.8,22.24
2019-10-23,4040.93,34.91,13.53,22.43,31.78,12.73,21.92
2019-10-24,4038.89,34.85,13.54,22.42,32.43,12.73,21.92
2019-10-25,4066.7,35.13,13.61,22.42,32.71,12.75,21.96
2019-10-28,4107.62,35.83,13.71,22.56,33.58,12.81,22.13
2019-10-29,4079.94,35.32,13.61,22.43,33.4,12.7,21.81
2019-10-30,4053.37,34.89,13.56,22.17,32.84,12.6,21.7
2019-10-31,4044.0,34.65,13.52,22.29,32.65,12.5,21.59
2019-11-01,4105.04,35.0,13.68,22.41,32.97,12.65,21.79
2019-11-04,4130.47,35.15,13.77,22.47,33.25,12.74,22.05
2019-11-05,4157.35,35.37,13.86,22.7,33.43,12.82,22.26
2019-11-06,4133.39,35.03,13.81,22.43,33.13,12.77,22.07
2019-11-07,4145.13,35.22,13.82,22.86,32.95,12.78,22.09
2019-11-08,4126.47,35.11,13.75,22.79,33.21,12.71,22.04
2019-11-11,4049.13,35.04,13.51,22.38,32.46,12.49,21.52
2019-11-12,4050.74,34.7,13.52,22.23,32.5,12.5,21.55
2019-11-13,4046.62,34.28,13.49,22.32,32.51,12.47,21.41
2019-11-14,4058.27,34.5,13.51,22.21,32.37,12.49,21.42
2019-11-15,4026.95,34.13,13.42,21.96,32.04,12.41,21.46
2019-11-18,4056.19,34.34,13.51,22.19,32.21,12.49,21.6
2019-11-19,4103.19,34.91,13.64,22.51,32.74,12.61,21.89
2019-11-20,4066.37,34.66,13.52,22.26,32.91,12.5,21.59
2019-11-21,4051.66,34.6,13.48,22.21,32.48,12.46,21.66
2019-11-22,4012.06,34.59,13.37,22.02,32.54,12.36,21.46
2019-11-25,4034.14,35.23,13.47,22.09,32.41,12.45,21.49
2019-11-26,4041.21,34.86,13.49,21.97,32.41,12.47,21.49
2019-11-27,4032.59,34.82,13.47,21.97,32.75,12.45,21.56
2019-11-28,4019.09,34.73,13.41,21.73,32.68,12.39,21.38
2019-11-29,3993.27,34.75,13.32,21.95,32.68,12.31,21.51
2019-12-02,4001.17,34.8,13.35,22.01,32.38,12.34,21.59
2019-12-03,4017.19,34.9,13.39,22.02,32.15,12.37,21.56
2019-12-04,4015.08,34.95,13.36,22.1,32.57,12.35,21.68
2019-12-05,4047.64,35.29,13.46,22.36,32.54,12.44,21.88
2019-12-06,4074.21,35.56,13.53,22.59,32.44,12.51,22.06
2019-12-09,4071.35,35.56,13.52,22.4,32.42,12.5,21.99
2019-12-10,4079.95,35.68,13.53,22.5,32.15,12.5,21.98
2019-12-11,4077.7,35.22,13.55,22.45,32.07,12.52,21.98
2019-12-12,4065.41,35.18,13.51,22.35,32.4,12.49,21.9
2019-12-13,4138.88,35.7,13.76,22.92,32.85,12.72,22.17
2019-12-16,4172.1,36.64,13.98,23.6,33.42,12.91,22.63
2019-12-17,4228.81,36.88,14.16,24.04,33.93,13.08,23.16
2019-12-18,4221.45,37.0,14.15,24.15,33.99,13.06,23.25
2019-12-19,4218.24,36.95,14.15,24.26,33.62,13.06,23.33
2019-12-20,4199.35,36.6,14.1,24.04,33.69,13.02,23.11
2019-12-23,4140.05,35.88,13.9,23.65,33.42,12.84,22.6
2019-12-24,4175.64,36.7,14.0,24.18,33.5,12.92,22.97
2019-12-25,4178.02,36.84,14.0,24.28,33.26,12.92,23.1
2019-12-26,4212.95,36.78,14.11,24.31,33.49,13.03,23.28
2019-12-27,4202.09,36.83,14.09,23.95,33.64,13.01,22.99
2019-12-30,4261.67,36.92,14.27,24.55,34.35,13.17,23.7
2019-12-31,4278.53,37.09,14.31,24.6,34.52,13.21,23.85
2020-01-02,4341.85,37.79,14.51,24.95,34.81,13.39,24.19
2020-01-03,4338.85,37.95,14.5,25.07,34.58,13.38,24.4
2020-01-06,4336.82,38.27,14.49,25.28,34.93,13.37,24.51
2020-01-07,4373.99,38.61,14.59,25.49,35.22,13.46,24.76
2020-01-08,4321.16,38.12,14.41,25.15,35.19,13.29,24.09
2020-01-09,4376.84,38.63,14.56,25.37,35.26,13.41,24.55
2020-01-10,4372.56,38.56,14.55,25.4,35.17,13.42,24.55
2020-01-13,4420.37,39.14,14.68,25.65,35.67,13.54,24.89
2020-01-14,4405.8,39.35,14.64,25.63,35.59,13.5,24.93
2020-01-15,4384.99,39.26,14.56,25.6,35.48,13.43,24.91
2020-01-16,4370.45,39.24,14.49,25.25,35.41,13.36,24.8
2020-01-17,4371.67,39.25,14.49,25.12,35.36,13.36,24.77
2020-01-20,4411.29,39.77,14.6,25.49,35.75,13.45,24.78
2020-01-21,4342.07,39.3,14.39,25.22,35.24,13.25,24.05
2020-01-22,4366.05,39.32,14.46,25.26,35.57,13.32,24.21
2020-01-23,4225.94,38.07,14.05,24.37,34.82,12.95,23.45
2020-02-03,3884.6,35.14,12.95,22.22,32.84,11.93,21.28
2020-02-04,3978.57,35.66,13.23,22.78,33.61,12.19,21.29
2020-02-05,4037.33,36.25,13.39,23.4,34.14,12.34,21.96
2020-02-06,4124.73,37.03,13.64,23.92,35.22,12.56,22.41
2020-02-07,4133.33,37.01,13.65,24.03,35.88,12.57,22.81
2020-02-10,4158.03,37.7,13.71,24.18,35.48,12.63,22.87
2020-02-11,4181.81,37.56,13.8,24.18,35.35,12.71,23.04
2020-02-12,4226.31,38.28,13.92,24.63,35.65,12.82,23.34
2020-02-13,4197.7,37.62,13.82,24.46,35.75,12.73,23.14
2020-02-14,4221.39,38.04,13.88,24.6,35.46,12.8,23.16
2020-02-17,4326.32,38.93,14.2,25.12,36.59,13.09,23.89
2020-02-18,4323.28,39.31,14.16,25.1,36.99,13.06,23.92
2020-02-19,4307.23,38.94,14.13,24.82,36.65,13.03,24.26
2020-02-20,4401.52,39.8,14.41,25.25,37.0,13.28,25.1
2020-02-21,4420.3,39.64,14.27,25.58,37.46,13.35,24.99
2020-02-24,4422.77,39.68,14.24,25.39,38.04,13.32,25.1
2020-02-25,4421.85,39.38,14.18,25.49,37.84,13.25,25.1
2020-02-26,4351.58,38.67,14.02,25.23,37.51,13.1,24.34
2020-02-27,4363.01,39.47,14.02,25.16,37.07,13.1,24.38
2020-02-28,4189.31,37.47,13.51,23.99,35.64,12.61,23.04
2020-03-02,4332.11,39.19,13.93,24.79,37.31,12.96,24.42
2020-03-03,4359.74,39.72,14.01,25.06,37.76,13.04,24.61
2020-03-04,4379.85,39.81,14.07,25.01,37.77,13.1,24.86
2020-03-05,4469.17,40.46,14.35,25.34,37.92,13.36,25.36
2020-03-06,4407.66,40.31,14.16,25.4,38.17,13.18,24.99
2020-03-09,4249.15,38.8,13.7,24.56,36.68,12.75,24.16
2020-03-10,4346.12,39.8,13.97,25.15,37.65,13.0,24.62
2020-03-11,4286.37,39.63,13.81,25.0,37.12,12.85,24.14
2020-03-12,4206.19,39.24,13.59,24.42,36.08,12.64,23.66
2020-03-13,4154.84,38.97,13.42,23.89,35.59,12.48,23.33
2020-03-16,3971.88,37.01,12.93,22.97,34.28,12.06,22.32
2020-03-17,3959.72,37.04,12.88,22.9,33.88,12.02,22.24
2020-03-18,3883.39,36.64,12.63,22.32,33.26,11.8,21.93
2020-03-19,3853.22,36.22,12.5,22.57,33.58,11.67,22.0
2020-03-20,3916.15,36.19,12.69,22.9,33.9,11.86,22.31
2020-03-23,3775.76,36.07,12.17,22.25,32.81,11.47,21.5
2020-03-24,3870.0,36.13,12.46,22.69,33.5,11.76,22.14
2020-03-25,3970.99,36.66,12.75,22.89,34.34,12.04,22.51
2020-03-26,3941.6,36.66,12.45,22.61,34.0,11.93,22.12
2020-03-27,3945.63,36.05,12.47,22.62,33.57,11.94,22.13
2020-03-30,3895.82,35.58,12.2,21.94,33.36,11.82,21.67
2020-03-31,3908.1,35.52,12.12,21.92,33.53,11.81,21.9
2020-04-01,3894.99,35.78,12.09,21.76,33.7,11.79,21.78
2020-04-02,3967.03,35.63,12.29,22.14,34.47,11.99,22.09
2020-04-03,3942.31,35.29,12.21,21.96,34.18,11.91,21.95
2020-04-07,4040.71,36.03,12.47,22.65,35.19,12.16,22.72
2020-04-08,4027.54,35.86,12.42,22.79,34.87,12.12,22.9
2020-04-09,4047.24,36.14,12.46,22.81,35.17,12.16,23.24
2020-04-10,4006.44,36.06,12.35,22.25,34.75,12.06,22.58
2020-04-13,3986.18,36.36,12.29,22.03,34.83,12.0,22.11
2020-04-14,4066.9,36.43,12.54,22.51,35.26,12.21,22.73
2020-04-15,4040.51,36.28,12.47,22.38,35.16,12.14,22.64
2020-04-16,4053.81,36.55,12.47,22.39,35.51,12.17,22.75
2020-04-17,4083.65,36.37,12.53,22.53,35.44,12.25,22.77
2020-04-20,4106.98,36.67,12.61,22.54,35.84,12.32,23.03
2020-04-21,4063.51,36.19,12.47,22.14,35.78,12.2,22.51
2020-04-22,4096.9,36.16,12.52,22.42,36.29,12.28,22.89
2020-04-23,4083.48,36.63,12.47,22.05,36.19,12.24,22.82
2020-04-24,4041.13,36.0,12.3,21.65,35.5,12.2,22.91
2020-04-27,4060.16,35.3,12.32,21.67,35.93,12.31,23.42
2020-04-28,4073.87,34.68,12.32,21.35,35.79,12.32,22.84
2020-04-29,4087.91,35.74,12.4,22.44,36.56,12.45,23.72
2020-04-30,4148.69,37.68,12.56,24.0,37.85,12.92,25.97
2020-05-06,4186.34,38.41,12.63,24.28,38.56,12.99,26.02
2020-05-07,4176.22,38.34,12.59,24.13,38.49,12.95,26.14
2020-05-08,4219.01,38.8,12.71,24.36,38.96,13.07,26.55
2020-05-11,4214.05,38.74,12.71,24.18,38.92,13.07,26.21
2020-05-12,4217.23,38.78,12.7,24.18,38.95,13.06,26.26
2020-05-13,4228.21,39.01,12.73,24.44,39.15,13.09,26.63
2020-05-14,4184.45,38.73,12.6,24.16,38.91,12.96,26.06
2020-05-15,4178.58,38.83,12.59,24.1,39.02,12.95,26.16
2020-05-18,4181.02,38.83,12.6,24.2,38.67,12.97,26.76
2020-05-19,4220.88,39.19,12.71,24.24,39.09,13.08,26.77
2020-05-20,4192.92,38.84,12.64,24.04,38.74,13.01,26.6
2020-05-21,4163.61,38.39,12.57,23.85,38.3,12.93,26.46
2020-05-22,4073.25,37.71,12.32,23.42,37.92,12.67,25.83
2020-05-25,4075.2,37.56,12.32,23.46,37.73,12.68,25.67
2020-05-26,4129.78,38.34,12.45,23.72,38.52,12.81,26.05
2020-05-27,4098.37,37.97,12.39,23.6,38.13,12.74,26.04
2020-05-28,4105.54,37.9,12.43,23.52,38.04,12.78,25.96
2020-05-29,4122.52,38.28,12.45,23.65,38.42,12.8,26.32
2020-06-01,4237.07,39.46,12.75,24.33,39.22,13.11,26.97
2020-06-02,4246.22,39.42,12.78,24.27,39.15,13.14,26.86
2020-06-03,4247.42,39.44,12.79,24.17,39.12,13.15,26.83
2020-06-04,4247.11,39.44,12.77,24.07,39.11,13.14,26.86
2020-06-05,4263.97,39.59,12.83,24.19,39.31,13.19,27.04
2020-06-08,4278.51,39.2,12.87,24.23,39.26,13.24,27.29
2020-06-09,4305.24,39.79,12.95,24.29,39.54,13.32,27.44
2020-06-10,4300.35,39.83,12.93,24.3,39.56,13.29,27.51
2020-06-11,4260.4,39.67,12.81,24.11,39.7,13.17,27.1
2020-06-12,4266.59,39.82,12.82,24.15,39.83,13.18,27.13
2020-06-15,4227.85,40.25,12.71,24.91,39.77,13.06,27.46
2020-06-16,4295.4,40.96,12.9,25.16,40.53,13.25,27.97
2020-06-17,4305.39,40.89,12.91,25.43,40.43,13.27,28.07
2020-06-18,4326.69,40.92,12.96,25.54,40.46,13.32,28.03
2020-06-19,4380.23,41.38,13.11,25.84,41.0,13.46,28.31
2020-06-22,4382.32,41.47,13.1,25.77,40.76,13.46,28.69
2020-06-23,4402.0,41.71,13.14,25.74,41.01,13.5,28.57
2020-06-24,4412.91,41.93,13.19,25.79,40.9,13.55,28.29
2020-06-29,4384.4,41.73,13.11,25.83,41.38,13.48,27.61
2020-06-30,4447.17,42.15,13.24,26.27,41.79,13.6,28.23
2020-07-01,4517.69,42.3,13.44,26.79,42.06,13.81,28.76
2020-07-02,4605.95,42.88,13.72,27.27,42.68,14.11,29.5
2020-07-03,4687.52,43.6,14.01,27.71,43.39,14.4,30.11
2020-07-06,4935.33,45.13,14.81,29.06,44.26,15.23,31.07
2020-07-07,4972.95,45.76,14.89,29.29,44.79,15.31,31.44
2020-07-08,5063.16,47.02,15.13,30.02,45.61,15.55,31.77
2020-07-09,5146.61,48.27,15.34,30.47,46.71,15.76,32.74
2020-07-10,5073.06,47.4,15.02,30.1,46.91,15.43,32.15
2020-07-13,5195.27,48.23,15.31,30.9,48.01,15.73,33.68
2020-07-14,5140.82,48.38,15.16,30.6,47.44,15.58,33.49
2020-07-15,5059.01,47.45,14.92,30.59,46.32,15.33,32.52
2020-07-16,4815.76,45.58,14.26,28.65,44.21,14.65,31.05
2020-07-17,4843.22,45.42,14.32,28.79,44.36,14.71,31.24
2020-07-20,4986.4,46.84,14.74,29.98,45.65,15.12,32.49
2020-07-21,5001.9,46.8,14.78,29.97,45.78,15.15,32.31
2020-07-22,5031.51,47.57,14.85,30.04,46.24,15.22,32.44
2020-07-23,5029.78,46.75,14.81,30.16,46.01,15.18,32.28
2020-07-24,4800.4,45.52,14.2,28.59,44.1,14.55,30.48
2020-07-27,4821.52,45.28,14.26,28.43,44.89,14.6,30.95
2020-07-28,4864.96,46.05,14.37,28.54,45.01,14.72,30.91
2020-07-29,4986.0,46.7,14.7,29.31,45.95,15.05,31.89
2020-07-30,4964.11,46.19,14.63,29.17,45.32,14.96,31.55
2020-07-31,5008.2,47.01,14.72,29.59,45.04,15.07,31.83
2020-08-03,5099.62,47.85,14.96,29.93,46.15,15.31,33.06
2020-08-04,5095.26,47.16,15.0,29.69,46.18,15.34,32.49
2020-08-05,5110.51,46.38,15.0,30.21,46.32,15.35,32.71
2020-08-06,5098.53,46.77,15.0,30.54,46.65,15.34,32.93
2020-08-07,5039.17,46.61,14.85,29.97,46.46,15.19,32.36
2020-08-10,5059.63,46.72,14.95,30.23,46.34,15.29,32.63
2020-08-11,5001.57,46.22,14.79,29.73,45.36,15.12,32.24
2020-08-12,4960.51,45.92,14.7,29.57,44.73,15.0,31.59
2020-08-13,4955.51,45.65,14.68,29.63,44.74,14.97,31.72
2020-08-14,5024.18,46.26,14.89,29.81,45.32,15.2,31.73
2020-08-17,5135.73,46.88,15.25,30.56,46.14,15.56,32.63
2020-08-18,5142.22,46.52,15.26,30.48,46.11,15.57,32.73
2020-08-19,5061.16,46.03,15.05,30.11,44.66,15.32,32.01
2020-08-20,4998.12,45.75,14.86,29.5,44.34,15.13,31.56
2020-08-21,5039.43,46.41,14.96,30.02,44.4,15.24,31.82
2020-08-24,5077.61,46.43,15.04,30.38,44.45,15.34,32.26
2020-08-25,5075.62,46.51,15.03,30.35,44.03,15.3,31.82
2020-08-26,5006.92,46.3,14.85,29.72,43.66,15.11,31.3
2020-08-27,5037.14,46.4,14.92,29.85,44.21,15.17,31.25
2020-08-28,5148.93,47.18,15.22,30.41,43.98,15.32,31.45
2020-08-31,5122.13,46.92,15.13,30.51,44.81,15.78,31.02
2020-09-01,5150.85,46.9,15.21,31.14,44.03,15.86,31.72
2020-09-02,5153.61,46.91,15.2,31.1,44.05,15.86,31.83
2020-09-03,5121.67,46.87,15.11,30.8,44.14,15.77,31.55
2020-09-04,5075.83,46.58,14.98,30.75,44.18,15.62,31.25
2020-09-07,4968.55,45.47,14.69,29.71,43.53,15.31,30.4
2020-09-08,4997.36,46.01,14.8,29.77,43.7,15.42,30.55
2020-09-09,4876.08,44.74,14.5,29.36,43.54,15.1,29.67
2020-09-10,4852.5,44.66,14.45,28.33,42.5,15.06,29.38
2020-09-11,4903.26,45.2,14.57,28.69,42.67,15.19,29.53
2020-09-14,4929.74,45.38,14.63,28.83,42.92,15.25,29.54
2020-09-15,4966.68,45.03,14.72,29.04,42.51,15.35,29.73
2020-09-16,4935.29,45.39,14.66,28.89,42.24,15.27,29.44
2020-09-17,4918.03,45.43,14.6,29.32,43.01,15.21,29.24
2020-09-18,5021.08,45.89,14.91,29.66,43.02,15.54,29.79
2020-09-21,4980.03,45.36,14.78,29.56,43.18,15.41,29.98
2020-09-22,4918.89,44.45,14.61,29.19,42.6,15.24,29.51
2020-09-23,4938.48,44.74,14.65,29.18,42.86,15.28,29.56
2020-09-24,4839.04,44.33,14.4,28.57,42.22,15.02,28.86
2020-09-25,4843.15,44.36,14.4,28.68,42.24,15.03,28.69
2020-09-28,4841.63,44.0,14.43,28.38,41.94,15.05,28.41
2020-09-29,4859.07,44.13,14.47,28.38,41.97,15.09,28.57
2020-09-30,4848.68,43.64,14.44,28.42,41.83,15.07,28.3
2020-10-09,4955.13,44.78,14.7,28.64,42.52,15.34,29.37
2020-10-12,5103.63,46.11,15.11,29.28,43.82,15.77,29.69
2020-10-13,5118.42,46.25,15.14,29.69,43.83,15.8,29.82
2020-10-14,5084.55,45.91,15.05,29.4,43.47,15.71,29.75
2020-10-15,5068.7,45.65,15.03,29.06,43.2,15.69,29.6
2020-10-16,5057.11,45.37,15.04,28.96,42.93,15.7,29.53
2020-10-19,5014.79,44.87,14.95,28.66,42.37,15.6,29.41
2020-10-20,5057.49,45.36,15.03,28.85,42.75,15.63,29.5
2020-10-21,5043.15,45.56,15.04,28.68,42.46,15.63,29.45
2020-10-22,5025.03,45.34,14.99,28.58,42.35,15.57,29.14
2020-10-23,4957.69,44.92,14.82,27.96,41.71,15.37,28.68
2020-10-26,4936.06,44.86,14.74,28.2,41.11,15.27,28.53
2020-10-27,4943.82,44.72,14.76,28.34,41.4,15.27,28.43
2020-10-28,4978.94,45.01,14.84,28.47,40.31,15.29,28.31
2020-10-29,5009.26,45.48,14.89,28.56,40.39,15.16,28.09
2020-10-30,4919.88,44.85,14.66,27.91,40.33,14.98,27.14
2020-11-02,4946.3,44.75,14.72,27.65,39.84,15.0,26.86
2020-11-03,5010.44,44.83,14.9,28.23,40.57,15.19,27.12
2020-11-04,5037.94,44.86,14.97,28.17,40.61,15.25,27.32
2020-11-05,5117.5,45.67,15.17,28.91,41.31,15.46,27.81
2020-11-06,5108.4,45.08,15.15,28.93,41.1,15.44,27.6
2020-11-09,5207.83,45.62,15.42,29.6,41.97,15.71,27.85
2020-11-10,5176.62,45.5,15.36,29.19,41.24,15.64,27.78
2020-11-11,5122.52,45.41,15.24,28.75,40.93,15.53,27.58
2020-11-12,5129.32,45.54,15.24,28.82,41.07,15.52,27.68
2020-11-13,5086.34,45.58,15.09,28.67,41.1,15.37,27.55
2020-11-16,5139.49,46.04,15.25,29.47,41.19,15.52,28.05
2020-11-17,5122.42,45.68,15.21,29.24,41.21,15.49,28.0
2020-11-18,5120.7,45.67,15.23,29.16,41.13,15.5,27.8
2020-11-19,5153.51,45.92,15.32,29.24,41.35,15.59,27.83
2020-11-20,5177.59,46.09,15.38,29.54,41.34,15.65,28.25
2020-11-23,5236.52,45.07,15.55,29.99,41.58,15.84,28.36
2020-11-24,5212.31,44.96,15.49,30.04,41.55,15.76,28.41
2020-11-25,5137.72,44.85,15.3,29.52,41.13,15.57,28.22
2020-11-26,5141.8,44.54,15.33,29.35,41.08,15.6,27.87
2020-11-27,5194.09,44.07,15.53,29.52,41.26,15.81,28.04
2020-11-30,5171.84,44.34,15.46,29.37,41.17,15.74,27.79
2020-12-01,5277.47,44.8,15.76,29.79,41.84,16.03,28.14
2020-12-02,5279.09,44.9,15.74,29.87,41.19,16.02,28.05
2020-12-03,5272.13,44.93,15.72,29.54,41.19,15.99,28.05
2020-12-04,5283.75,45.14,15.73,29.76,41.42,16.0,28.09
2020-12-07,5241.16,44.93,15.58,29.53,41.16,15.86,27.9
2020-12-08,5231.07,44.18,15.53,29.55,40.77,15.81,27.76
2020-12-09,5155.18,44.03,15.34,28.96,40.76,15.62,27.06
2020-12-10,5155.88,44.75,15.33,28.68,41.17,15.61,27.37
2020-12-11,5094.13,44.41,15.19,28.05,40.57,15.46,26.95
2020-12-14,5139.75,46.78,15.71,30.1,42.65,16.01,29.03
2020-12-15,5149.22,47.28,15.71,30.24,43.14,16.01,29.15
2020-12-16,5150.56,47.05,15.72,30.17,42.91,16.02,28.79
2020-12-17,5215.45,47.19,15.9,30.53,43.39,16.2,29.11
2020-12-18,5198.2,47.33,15.85,30.39,43.25,16.15,29.24
2020-12-21,5255.93,47.49,15.99,30.32,43.68,16.3,29.53
2020-12-22,5162.07,47.12,15.7,29.59,43.03,16.0,29.31
2020-12-23,5206.9,47.6,15.83,29.47,43.13,16.14,29.23
2020-12-24,5181.87,47.09,15.77,29.06,43.03,16.08,28.59
2020-12-25,5229.39,47.45,15.91,29.61,43.09,16.21,28.81
2020-12-28,5240.93,47.25,15.93,29.42,43.17,16.25,28.72
2020-12-29,5215.28,47.78,15.86,29.07,42.66,16.17,28.62
2020-12-30,5285.15,48.03,16.03,29.28,43.56,16.34,28.74
2020-12-31,5381.89,47.87,16.31,29.9,43.65,16.63,29.09
2021-01-04,5448.99,48.38,16.47,30.39,44.47,16.79,29.6
2021-01-05,5540.58,47.92,16.7,31.04,44.72,17.03,29.73
2021-01-06,5577.82,47.78,16.84,31.04,44.62,17.18,29.56
2021-01-07,5656.69,48.31,17.05,30.83,45.15,17.4,29.98
2021-01-08,5645.75,49.27,17.03,31.3,45.17,17.38,29.78
2021-01-11,5582.92,48.51,16.86,30.92,44.87,17.2,29.04
2021-01-12,5723.96,49.02,17.26,31.13,45.69,17.61,29.58
2021-01-13,5700.47,48.64,17.22,31.24,45.43,17.57,29.55
2021-01-14,5603.48,48.43,16.98,30.76,45.61,17.32,29.12
2021-01-15,5589.33,48.13,16.96,30.73,44.97,17.26,29.03
2021-01-18,5656.12,48.57,17.11,31.22,45.62,17.4,29.55
2021-01-19,5583.97,48.12,16.95,31.15,45.18,17.23,29.43
2021-01-20,5626.33,49.05,17.03,31.16,45.01,17.32,29.49
2021-01-21,5713.78,49.27,17.26,31.56,45.71,17.55,29.88
2021-01-22,5720.53,49.99,17.22,31.31,46.12,17.51,29.71
2021-01-25,5766.96,49.91,17.36,31.49,46.5,17.62,29.6
2021-01-26,5655.16,48.71,17.08,30.97,45.58,17.32,29.27
2021-01-27,5671.79,49.05,17.13,30.88,45.57,17.37,29.43
2021-01-28,5523.85,48.04,16.74,30.15,44.46,16.94,28.63
2021-01-29,5490.75,47.53,16.67,30.02,44.35,16.87,28.53
2021-02-01,5552.33,47.78,16.83,30.11,45.34,17.03,28.79
2021-02-02,5630.85,48.68,17.03,30.46,45.78,17.21,28.99
2021-02-03,5607.63,48.5,16.94,30.15,45.25,17.13,29.02
2021-02-04,5585.27,47.89,16.91,29.57,44.68,16.98,28.51
2021-02-05,5576.05,47.76,16.93,28.93,44.25,17.0,27.97
2021-02-08,5656.85,48.39,17.13,29.31,44.73,17.2,28.46
2021-02-09,5779.89,48.82,17.46,30.1,45.43,17.53,28.83
2021-02-10,5889.99,49.45,17.79,30.63,45.62,17.86,29.26
2021-02-18,5875.36,49.69,17.77,31.34,46.25,17.83,29.81
2021-02-19,5900.57,50.55,17.84,31.82,46.26,17.89,30.58
2021-02-22,5746.28,49.85,17.47,31.47,45.23,17.56,29.69
2021-02-23,5727.24,49.35,17.42,31.53,44.99,17.5,29.69
2021-02-24,5595.34,48.55,17.02,31.14,44.29,17.1,29.29
2021-02-25,5613.98,48.34,17.13,30.94,43.97,17.2,29.42
2021-02-26,5482.03,47.75,16.73,30.42,43.0,16.78,28.51
2021-03-01,5571.25,48.62,16.94,30.87,43.69,16.95,28.81
2021-03-02,5505.39,47.84,16.73,30.8,43.32,16.74,28.74
2021-03-03,5604.92,48.22,17.08,31.26,43.94,17.07,29.14
2021-03-04,5444.21,46.8,16.66,30.74,42.86,16.65,28.86
2021-03-05,5430.13,47.27,16.64,30.83,43.04,16.64,29.03
2021-03-08,5255.79,45.49,16.18,30.68,41.67,16.17,28.41
2021-03-09,5140.32,46.24,15.87,29.69,40.59,15.84,27.53
2021-03-10,5157.81,46.43,15.89,29.13,40.78,15.86,27.39
2021-03-11,5286.36,46.32,16.26,29.84,41.59,16.22,27.57
2021-03-12,5302.54,46.56,16.3,29.77,41.58,16.27,27.65
2021-03-15,5204.49,46.08,16.07,29.6,40.98,16.04,27.31
2021-03-16,5243.67,46.47,16.2,29.69,41.12,16.16,27.25
2021-03-17,5266.6,46.49,16.23,29.82,40.75,16.18,27.07
2021-03-18,5308.57,46.17,16.32,30.05,41.24,16.28,27.45
2021-03-19,5187.85,45.93,15.95,29.7,40.7,15.92,27.23
2021-03-22,5246.71,45.99,16.09,29.69,41.23,16.08,27.45
2021-03-23,5191.95,46.27,15.96,29.73,40.99,15.93,27.42
2021-03-24,5112.87,45.97,15.72,29.34,40.43,15.72,26.87
2021-03-25,5113.8,46.13,15.71,29.14,40.45,15.69,26.84
2021-03-26,5221.16,46.58,16.12,29.77,40.98,15.96,27.02
2021-03-29,5228.89,46.93,16.27,29.93,41.05,15.79,27.2
2021-03-30,5272.06,46.05,16.3,29.72,41.2,15.85,27.2
2021-03-31,5229.91,44.41,16.07,28.88,41.02,15.62,27.01
2021-04-01,5290.85,45.22,16.2,28.65,41.43,15.77,27.21
2021-04-02,5334.39,45.52,16.28,28.69,41.78,15.87,27.28
2021-04-06,5320.49,45.57,16.24,28.62,41.28,15.83,27.22
2021-04-07,5292.08,45.49,16.17,28.56,41.53,15.77,27.16
2021-04-08,5300.51,45.46,16.2,28.82,41.5,15.79,27.23
2021-04-09,5234.8,44.95,16.01,28.59,41.11,15.61,27.04
2021-04-12,5144.0,44.12,15.79,27.98,40.57,15.38,26.26
2021-04-13,5134.36,43.76,15.72,27.5,40.39,15.35,26.06
2021-04-14,5179.97,44.17,15.83,27.46,40.57,15.46,26.26
2021-04-15,5154.44,44.3,15.73,27.26,39.85,15.33,26.34
2021-04-16,5180.16,44.33,15.78,27.49,40.37,15.41,26.51
2021-04-19,5293.25,45.31,16.04,27.66,41.35,15.66,27.08
2021-04-20,5290.94,44.82,16.0,27.59,41.03,15.62,26.85
2021-04-21,5301.71,44.37,15.97,27.3,40.94,15.62,27.02
2021-04-22,5298.85,44.25,15.97,27.65,40.91,15.55,27.19
2021-04-23,5339.18,44.38,16.04,27.69,40.55,15.6,26.95
2021-04-26,5288.69,43.71,15.89,27.52,39.95,15.4,26.71
2021-04-27,5300.03,42.86,15.82,27.0,39.26,15.32,26.58
2021-04-28,5331.28,42.82,15.87,27.41,38.96,15.33,26.23
2021-04-29,5367.72,41.23,15.93,27.59,37.85,15.06,25.47
2021-04-30,5333.92,41.34,15.65,27.29,36.74,14.41,24.42
2021-05-06,5284.59,41.3,15.55,27.37,36.33,14.32,24.32
2021-05-07,5223.92,40.88,15.43,27.28,35.88,14.2,23.8
2021-05-10,5226.97,41.04,15.46,27.54,36.01,14.23,23.68
2021-05-11,5247.77,41.14,15.52,27.59,36.12,14.28,23.98
2021-05-12,5275.59,41.53,15.6,27.66,36.45,14.36,24.15
2021-05-13,5220.43,41.16,15.45,27.51,36.03,14.22,23.86
2021-05-14,5331.15,41.98,15.75,28.21,36.72,14.5,24.41
2021-05-17,5400.7,42.09,15.93,28.26,37.07,14.66,24.75
2021-05-18,5406.85,42.56,15.96,28.17,37.18,14.69,24.86
2021-05-19,5391.68,42.53,15.9,27.98,37.53,14.63,24.9
2021-05-20,5396.28,42.78,15.9,27.97,37.44,14.64,24.43
2021-05-21,5350.43,42.47,15.79,27.56,37.16,14.53,24.29
2021-05-24,5370.7,42.73,15.84,28.15,37.42,14.58,24.63
2021-05-25,5515.59,43.09,16.24,28.31,38.05,14.95,25.27
2021-05-26,5518.9,43.09,16.26,28.34,38.03,14.97,25.48
2021-05-27,5543.85,43.46,16.32,28.93,38.4,15.02,25.42
2021-05-28,5526.85,42.97,16.28,28.6,38.28,14.99,25.25
2021-05-31,5546.75,43.47,16.31,29.13,38.69,15.01,25.49
2021-06-01,5556.89,43.63,16.34,28.97,38.83,15.03,25.64
2021-06-02,5504.41,43.09,16.21,28.81,38.32,14.92,25.09
2021-06-03,5474.0,42.95,16.13,28.65,38.18,14.85,25.2
2021-06-04,5500.43,43.23,16.2,28.66,38.45,14.91,25.23
2021-06-07,5502.08,43.51,16.21,28.78,38.72,14.92,25.62
2021-06-08,5458.61,43.27,16.1,28.67,38.47,14.82,25.68
2021-06-09,5463.66,43.37,16.13,28.43,38.54,14.84,25.43
2021-06-10,5505.48,43.53,16.23,28.87,38.94,14.94,25.68
2021-06-11,5460.48,43.12,16.12,28.65,38.55,14.84,25.22
2021-06-15,5401.97,42.81,16.21,28.39,38.28,14.9,25.54
2021-06-16,5314.42,42.31,15.99,28.35,37.93,14.7,25.08
2021-06-17,5340.78,42.89,16.03,28.34,38.11,14.74,25.16
2021-06-18,5348.7,43.24,16.04,28.19,38.42,14.74,25.51
2021-06-21,5347.7,43.93,16.03,28.68,38.72,14.74,25.34
2021-06-22,5379.43,43.5,16.14,28.66,39.28,14.83,25.59
2021-06-23,5408.96,44.15,16.2,28.82,39.2,14.89,25.71
2021-06-24,5409.67,44.14,16.21,28.87,38.9,14.9,25.62
2021-06-25,5488.58,44.66,16.44,29.03,39.33,15.11,25.81
2021-06-28,5500.89,44.98,16.45,28.77,39.22,15.12,25.89
2021-06-29,5439.73,44.59,16.27,28.75,38.86,14.96,25.58
2021-06-30,5474.67,45.04,16.37,28.77,39.26,15.05,25.59
2021-07-01,5462.87,44.45,16.35,28.6,38.77,15.03,25.24
2021-07-02,5331.35,43.99,15.99,28.29,38.09,14.7,25.06
2021-07-05,5344.64,44.22,16.04,28.44,38.59,14.75,24.86
2021-07-06,5342.18,44.05,16.03,28.32,38.42,14.73,24.87
2021-07-07,5398.71,44.72,16.15,28.4,38.93,14.84,25.11
2021-07-08,5353.39,44.03,16.0,28.23,38.96,14.7,25.12
2021-07-09,5348.07,43.88,15.97,28.13,39.05,14.67,25.19
2021-07-12,5417.5,44.46,16.11,28.28,39.09,14.8,25.48
2021-07-13,5435.44,45.28,16.16,28.45,38.8,14.85,25.69
2021-07-14,5376.08,45.2,15.99,28.39,38.42,14.69,25.62
2021-07-15,5437.79,45.18,16.13,28.09,38.66,14.83,25.66
2021-07-16,5390.32,44.9,16.0,28.18,38.4,14.71,25.27
2021-07-19,5399.15,45.28,16.01,28.27,38.75,14.71,25.3
2021-07-20,5397.6,45.1,15.99,28.26,38.9,14.69,25.0
2021-07-21,5441.1,45.19,16.1,28.34,39.58,14.79,25.04
2021-07-22,5454.9,45.68,16.16,28.68,38.96,14.85,25.17
2021-07-23,5396.67,45.07,16.03,28.51,38.75,14.72,24.61
2021-07-26,5242.1,44.12,15.6,27.82,38.27,14.32,24.04
2021-07-27,5073.71,43.35,15.15,27.29,37.43,13.91,23.89
2021-07-28,5063.75,42.79,15.13,26.96,36.91,13.89,23.12
2021-07-29,5161.41,44.01,15.35,27.38,37.57,14.08,23.52
2021-07-30,5131.07,43.57,15.28,27.26,37.53,13.99,23.35
2021-08-02,5249.65,44.43,15.6,27.9,38.6,14.28,23.92
2021-08-03,5240.21,44.52,15.56,28.11,38.37,14.24,24.05
2021-08-04,5297.03,44.95,15.7,28.15,38.97,14.36,24.08
2021-08-05,5268.95,44.43,15.61,27.74,38.79,14.28,24.25
2021-08-06,5251.72,44.76,15.56,27.59,38.31,14.24,24.18
2021-08-09,5311.13,45.37,15.74,27.99,38.19,14.4,24.99
2021-08-10,5365.15,45.03,15.9,28.36,38.02,14.52,25.09
2021-08-11,5352.23,44.96,15.9,28.27,37.92,14.52,24.8
2021-08-12,5321.91,45.2,15.82,28.34,37.8,14.45,24.75
2021-08-13,5298.49,44.64,15.76,28.28,37.95,14.39,24.62
2021-08-16,5287.96,44.8,15.76,28.1,38.08,14.34,24.51
2021-08-17,5175.21,44.11,15.45,27.63,37.66,14.05,24.1
2021-08-18,5229.85,44.42,15.63,27.68,37.36,14.18,24.34
2021-08-19,5204.79,44.58,15.53,27.6,37.31,14.1,24.32
2021-08-20,5124.31,44.08,15.33,27.58,36.82,13.89,24.0
2021-08-23,5197.29,44.61,15.53,27.9,38.36,14.04,24.21
2021-08-24,5251.92,45.09,15.68,28.03,38.64,14.14,23.83
2021-08-25,5271.03,44.69,15.74,28.12,38.24,14.17,23.64
2021-08-26,5186.29,44.21,15.52,27.8,37.99,13.94,23.35
2021-08-27,5217.99,44.47,15.61,27.55,37.78,13.88,23.48
2021-08-30,5215.16,44.43,15.59,28.12,38.55,13.52,23.13
2021-08-31,5214.03,44.33,15.64,28.25,38.64,13.37,23.25
2021-09-01,5254.86,44.75,15.78,28.12,38.53,13.49,23.21
2021-09-02,5275.24,44.6,15.85,28.56,38.62,13.55,23.6
2021-09-03,5248.71,43.8,15.79,28.92,38.42,13.49,23.73
2021-09-06,5336.29,44.95,16.03,29.32,39.14,13.7,24.14
2021-09-07,5410.16,45.65,16.24,29.7,38.93,13.89,24.52
2021-09-08,5401.41,45.36,16.24,30.05,39.05,13.88,24.77
2021-09-09,5412.86,44.57,16.31,30.13,39.25,13.94,24.66
2021-09-10,5446.52,44.66,16.38,30.0,39.01,14.0,24.64
2021-09-13,5436.11,44.29,16.42,30.08,39.28,14.03,24.69
2021-09-14,5358.93,43.91,16.19,29.31,38.94,13.83,24.24
2021-09-15,5324.79,43.98,16.1,29.12,39.01,13.76,24.34
2021-09-16,5250.15,43.48,15.9,28.8,38.66,13.58,24.29
2021-09-17,5280.18,44.31,15.95,28.97,38.48,13.63,24.31
2021-09-22,5262.8,43.75,15.93,29.21,38.67,13.61,24.37
2021-09-23,5297.22,44.77,16.01,29.63,38.69,13.68,24.62
2021-09-24,5272.14,43.98,15.92,29.32,38.38,13.6,24.46
2021-09-27,5257.17,43.21,15.88,29.1,38.09,13.57,23.5
2021-09-28,5267.51,43.85,15.94,29.27,38.03,13.62,23.82
2021-09-29,5193.01,43.0,15.72,28.33,37.08,13.42,23.06
2021-09-30,5236.2,43.31,15.82,28.69,37.62,13.51,23.42
2021-10-08,5285.71,43.42,15.96,28.87,37.43,13.63,23.61
2021-10-11,5290.64,43.72,15.99,28.73,37.04,13.65,23.8
2021-10-12,5223.19,42.87,15.8,28.19,36.35,13.49,23.49
2021-10-13,5274.26,43.25,15.89,28.37,36.95,13.57,23.47
2021-10-14,5257.51,43.24,15.84,28.33,36.94,13.53,23.51
2021-10-15,5275.4,43.37,15.9,28.09,36.68,13.58,23.27
2021-10-18,5236.67,43.39,15.82,27.7,36.99,13.49,23.1
2021-10-19,5285.07,43.74,15.95,27.98,37.33,13.63,23.39
2021-10-20,5274.59,43.8,15.91,27.61,37.42,13.6,23.24
2021-10-21,5285.4,43.27,15.96,27.78,37.22,13.63,23.18
2021-10-22,5298.21,43.36,15.97,27.78,37.11,13.63,23.19
2021-10-25,5328.33,43.88,16.08,28.14,37.46,13.68,23.36
2021-10-26,5314.69,43.5,16.02,28.18,37.16,13.62,23.29
2021-10-27,5252.19,43.44,15.85,27.76,36.31,13.44,22.88
2021-10-28,5206.82,42.88,15.69,27.71,36.02,13.28,22.55
2021-10-29,5256.12,43.56,15.79,28.22,35.82,13.41,23.02
2021-11-01,5248.29,43.63,15.77,28.54,36.09,13.2,23.34
2021-11-02,5193.33,43.85,15.63,28.52,36.06,13.08,23.09
2021-11-03,5183.99,43.6,15.59,28.74,36.17,13.05,23.2
2021-11-04,5232.81,44.03,15.72,28.82,36.63,13.16,23.41
2021-11-05,5196.59,43.68,15.6,28.42,36.37,13.06,23.32
2021-11-08,5207.64,43.83,15.61,28.24,36.38,13.07,23.36
2021-11-09,5216.33,44.27,15.64,28.12,36.78,13.09,23.43
2021-11-10,5192.06,44.14,15.56,28.2,36.76,13.02,23.43
2021-11-11,5265.41,44.47,15.77,28.35,37.11,13.2,23.67
2021-11-12,5263.66,43.98,15.75,27.94,37.31,13.18,23.99
2021-11-15,5248.28,44.05,15.7,28.02,37.13,13.14,23.89
2021-11-16,5239.64,44.2,15.69,27.96,37.0,13.13,23.77
2021-11-17,5252.16,44.16,15.72,28.5,37.17,13.16,23.81
2021-11-18,5209.44,44.39,15.61,28.32,36.98,13.07,23.62
2021-11-19,5267.42,44.45,15.79,28.44,37.3,13.21,24.21
2021-11-22,5300.92,44.66,15.88,28.7,37.71,13.29,24.59
2021-11-23,5302.83,44.32,15.88,28.67,37.73,13.3,24.71
2021-11-24,5304.57,44.24,15.9,28.78,37.62,13.31,24.77
2021-11-25,5284.07,43.71,15.84,28.85,37.47,13.26,24.67
2021-11-26,5252.07,43.62,15.73,28.64,37.32,13.17,24.67
2021-11-29,5245.36,43.98,15.71,28.56,37.31,13.16,24.69
2021-11-30,5235.13,43.72,15.69,28.85,37.39,13.13,24.6
2021-12-01,5248.37,44.09,15.75,29.06,37.42,13.18,24.68
2021-12-02,5250.67,44.15,15.77,29.21,37.19,13.21,24.68
2021-12-03,5300.09,43.83,15.92,29.41,37.56,13.33,24.62
2021-12-06,5282.2,43.42,15.88,29.18,37.18,13.29,24.27
2021-12-07,5300.13,43.91,15.94,29.23,37.0,13.34,24.76
2021-12-08,5377.48,43.93,16.13,29.45,37.64,13.5,25.17
2021-12-09,5447.9,44.35,16.33,29.79,37.98,13.67,25.33
2021-12-10,5426.27,44.23,16.27,29.81,37.85,13.61,25.26
2021-12-13,5457.92,46.39,17.25,30.67,39.06,14.43,26.35
2021-12-14,5424.86,46.52,17.13,30.7,38.96,14.33,26.0
2021-12-15,5387.15,46.31,17.04,30.65,38.75,14.24,26.12
2021-12-16,5422.47,46.59,17.16,30.84,38.96,14.35,26.1
2021-12-17,5345.2,45.91,16.94,30.51,38.44,14.17,25.78
2021-12-20,5263.46,45.33,16.72,30.29,37.71,13.98,25.3
2021-12-21,5304.49,45.67,16.85,30.77,38.04,14.09,25.64
2021-12-22,5309.99,45.88,16.86,31.0,38.25,14.1,25.86
2021-12-23,5344.21,46.46,16.98,30.76,38.39,14.19,25.66
2021-12-24,5311.51,46.06,16.89,30.76,38.14,14.12,25.58
2021-12-27,5308.8,46.06,16.88,31.07,38.12,14.11,25.83
2021-12-28,5341.2,46.38,16.95,31.29,38.33,14.17,25.83
2021-12-29,5275.02,46.36,16.75,30.95,38.05,14.01,25.49
2021-12-30,5317.27,46.78,16.85,31.41,38.42,14.09,25.86
2021-12-31,5341.22,47.03,16.92,31.62,38.62,14.14,26.13
2022-01-04,5321.8,46.71,16.88,31.48,38.42,14.11,26.01
2022-01-05,5258.02,46.34,16.72,31.42,37.64,13.98,25.97
2022-01-06,5218.34,45.48,16.62,31.3,37.47,13.89,25.8
2022-01-07,5212.25,44.95,16.64,31.21,37.09,13.91,25.72
2022-01-10,5232.81,45.06,16.7,31.32,37.2,13.96,25.9
2022-01-11,5185.0,45.59,16.56,31.3,36.74,13.83,25.61
2022-01-12,5235.02,45.54,16.69,31.33,37.2,13.94,26.0
2022-01-13,5152.3,45.84,16.48,30.6,36.64,13.75,25.53
2022-01-14,5117.23,45.12,16.33,30.34,36.55,13.62,25.52
2022-01-17,5163.91,45.7,16.44,30.71,37.05,13.7,25.62
2022-01-18,5202.66,45.39,16.6,30.7,37.08,13.82,25.72
2022-01-19,5167.84,45.17,16.5,30.6,36.68,13.75,25.64
2022-01-20,5192.43,45.12,16.59,30.56,36.38,13.81,25.57
2022-01-21,5142.14,44.63,16.43,29.83,35.94,13.68,25.23
2022-01-24,5148.7,45.2,16.45,29.97,36.04,13.7,24.84
2022-01-25,5018.7,43.52,16.05,28.92,34.94,13.36,23.81
2022-01-26,5053.25,43.75,16.16,28.6,35.11,13.46,23.79
2022-01-27,4946.51,42.56,15.87,28.01,34.06,13.22,23.47
2022-01-28,4896.01,42.6,15.7,27.88,33.87,13.07,23.12
2022-02-07,4970.52,42.87,15.99,28.37,34.33,13.33,23.15
2022-02-08,4961.17,42.69,16.02,28.56,34.27,13.35,23.38
2022-02-09,5014.32,43.3,16.16,28.97,34.77,13.47,23.69
2022-02-10,5003.85,43.06,16.16,28.95,34.59,13.46,23.65
2022-02-11,4955.61,42.34,16.06,28.27,34.32,13.38,23.09
2022-02-14,4906.18,42.17,15.89,28.13,34.16,13.23,22.96
2022-02-15,4957.21,42.96,16.0,28.38,34.32,13.32,23.17
2022-02-16,4973.95,43.04,16.06,28.68,34.67,13.37,23.12
2022-02-17,4982.56,42.61,16.07,28.39,34.72,13.38,23.07
2022-02-18,5012.24,43.09,16.16,28.58,34.88,13.46,23.15
2022-02-21,5003.94,43.21,16.13,28.95,34.99,13.43,23.7
2022-02-22,4940.16,42.5,15.95,28.32,34.64,13.28,23.29
2022-02-23,4998.23,43.41,16.09,28.52,34.95,13.4,23.69
2022-02-24,4899.87,43.04,15.8,27.95,34.3,13.16,23.15
2022-02-25,4945.61,43.22,15.91,28.26,34.5,13.25,23.49
2022-02-28,4958.27,42.6,15.96,28.24,34.67,13.3,23.85
2022-03-01,4993.13,43.02,16.07,28.31,34.78,13.39,23.73
2022-03-02,4959.59,42.84,15.99,28.12,34.63,13.31,23.58
2022-03-03,4934.7,42.78,15.95,28.37,34.31,13.28,23.52
2022-03-04,4879.65,42.33,15.78,28.02,34.02,13.13,23.48
2022-03-07,4736.47,41.89,15.38,27.19,32.89,12.79,23.03
2022-03-08,4624.68,41.16,15.03,26.39,31.93,12.5,22.17
2022-03-09,4570.93,40.5,14.85,26.03,31.76,12.35,21.72
2022-03-10,4644.61,40.32,15.0,26.09,32.18,12.5,21.78
2022-03-11,4666.17,40.44,15.06,26.41,31.98,12.51,21.98
2022-03-14,4531.69,40.54,14.66,25.9,31.41,12.17,21.55
2022-03-15,4312.34,38.46,13.9,24.2,29.87,11.59,20.27
2022-03-16,4487.21,39.45,14.39,24.98,30.87,12.0,20.89
2022-03-17,4573.64,40.15,14.62,25.47,31.41,12.19,21.48
2022-03-18,4608.09,40.03,14.88,25.64,31.53,12.35,21.56
2022-03-21,4606.86,40.19,14.69,25.58,31.93,12.34,21.67
2022-03-22,4603.88,39.28,14.64,25.47,31.38,12.35,21.38
2022-03-23,4628.29,39.26,14.65,25.38,31.55,12.41,21.63
2022-03-24,4598.17,38.82,14.56,24.86,31.27,12.35,21.34
2022-03-25,4521.9,38.28,14.24,24.58,31.08,12.18,20.94
2022-03-28,4503.07,37.8,13.99,24.5,30.9,12.16,20.75
2022-03-29,4486.04,36.96,13.87,24.04,30.62,12.16,20.67
2022-03-30,4606.34,37.59,13.91,24.56,31.23,12.39,20.86
2022-03-31,4571.24,36.4,13.16,23.81,30.92,12.37,20.8
2022-04-01,4622.14,36.5,13.08,23.68,31.08,12.48,21.21
2022-04-06,4610.7,35.52,13.08,23.74,30.86,12.48,21.39
2022-04-07,4542.15,35.54,12.89,23.05,30.25,12.31,20.83
2022-04-08,4560.39,35.42,12.93,22.94,30.19,12.38,20.96
2022-04-11,4419.17,33.95,12.58,22.12,28.77,12.05,20.34
2022-04-12,4501.72,34.88,12.78,22.81,29.76,12.24,20.81
2022-04-13,4454.28,34.32,12.66,22.6,29.24,12.15,20.55
2022-04-14,4511.18,34.78,12.81,22.72,29.57,12.29,20.82
2022-04-15,4499.15,33.81,12.71,22.23,29.43,12.23,20.37
2022-04-18,4481.34,33.92,12.56,22.26,29.75,12.15,20.67
2022-04-19,4458.68,33.37,12.51,22.18,29.86,12.13,20.78
2022-04-20,4382.4,32.68,12.28,21.48,29.69,11.94,20.4
2022-04-21,4286.48,31.66,12.05,20.76,28.81,11.72,19.88
2022-04-22,4297.52,31.24,12.09,20.76,28.34,11.76,19.75
2022-04-25,4069.89,28.87,11.48,19.11,27.21,11.2,18.49
2022-04-26,4020.95,28.09,11.34,18.64,27.44,11.09,18.03
2022-04-27,4147.86,28.71,11.6,19.3,28.53,11.35,18.58
2022-04-28,4165.69,28.28,11.58,19.06,28.08,11.38,18.49
2022-04-29,4280.28,28.76,11.82,19.66,28.8,11.69,19.26
2022-05-05,4285.56,29.25,11.92,20.23,29.54,11.64,19.97
2022-05-06,4180.83,28.71,11.65,19.78,29.0,11.37,19.4
2022-05-09,4162.84,28.86,11.61,19.8,29.13,11.33,19.67
2022-05-10,4211.91,29.33,11.71,20.15,29.61,11.44,20.09
2022-05-11,4266.7,30.06,11.84,20.17,29.94,11.56,20.22
2022-05-12,4253.08,30.18,11.81,20.28,30.05,11.53,20.29
2022-05-13,4286.97,30.39,11.91,20.46,30.24,11.63,20.4
2022-05-16,4259.63,30.27,11.85,20.34,29.72,11.56,20.2
2022-05-17,4304.58,30.85,11.96,20.4,30.31,11.67,20.49
2022-05-18,4289.81,30.48,11.91,20.5,30.29,11.63,20.45
2022-05-19,4303.25,30.64,11.94,20.5,30.43,11.65,20.51
2022-05-20,4383.21,31.13,12.14,20.79,30.94,11.85,20.65
2022-05-23,4370.11,31.31,12.11,21.03,30.74,11.82,20.81
2022-05-24,4253.87,30.55,11.84,20.38,29.98,11.56,20.13
2022-05-25,4290.78,30.29,11.94,20.86,30.41,11.66,20.38
2022-05-26,4310.6,30.49,12.0,20.84,30.64,11.71,20.71
2022-05-27,4315.36,30.43,12.02,20.77,30.56,11.73,20.52
2022-05-30,4345.61,30.79,12.09,20.89,30.92,11.8,20.61
2022-05-31,4411.49,31.38,12.24,21.26,31.17,11.95,20.93
2022-06-01,4404.18,31.4,12.22,21.54,31.19,11.93,20.87
2022-06-02,4418.97,32.07,12.25,21.66,31.56,11.95,21.2
2022-06-06,4500.83,31.99,12.43,21.78,32.18,12.13,21.61
2022-06-07,4511.4,31.67,12.46,21.78,32.55,12.16,21.56
2022-06-08,4550.28,31.81,12.57,21.71,32.73,12.27,21.43
2022-06-09,4498.83,31.23,12.46,21.61,31.74,12.16,20.99
2022-06-10,4569.92,31.8,12.65,22.17,32.34,12.35,21.89
2022-06-13,4528.27,32.57,12.71,23.21,32.4,12.38,22.29
2022-06-14,4562.63,32.68,12.84,23.45,32.85,12.51,22.51
2022-06-15,4605.65,32.72,12.95,23.42,32.93,12.61,22.68
2022-06-16,4583.35,32.85,12.85,23.26,33.06,12.51,22.43
2022-06-17,4640.64,33.2,12.98,23.48,33.43,12.64,22.87
2022-06-20,4660.59,33.49,13.0,23.59,33.73,12.65,22.61
2022-06-21,4647.11,33.19,12.98,23.64,33.45,12.63,22.58
2022-06-22,4584.93,32.72,12.81,23.17,32.96,12.47,22.21
2022-06-23,4666.23,33.43,13.02,23.65,33.69,12.67,22.72
2022-06-24,4719.83,33.85,13.13,24.24,34.1,12.78,23.22
2022-06-27,4767.23,34.17,13.24,24.21,34.34,12.89,23.43
2022-06-28,4821.65,34.57,13.36,24.47,34.75,13.0,23.48
2022-06-29,4742.59,33.98,13.18,23.92,34.16,12.83,23.02
2022-06-30,4808.73,34.47,13.33,24.17,34.62,12.97,23.18
2022-07-01,4791.04,34.34,13.28,23.95,34.44,12.93,23.18
2022-07-04,4830.02,34.8,13.38,24.37,34.87,13.02,23.48
2022-07-05,4822.66,34.59,13.37,24.25,34.61,13.0,23.24
2022-07-06,4752.6,34.22,13.18,24.07,34.32,12.82,23.0
2022-07-07,4774.65,34.46,13.22,23.92,34.51,12.86,23.03
2022-07-08,4754.02,34.24,13.16,23.89,34.33,12.8,22.78
2022-07-11,4678.32,33.72,12.98,23.65,33.81,12.62,22.19
2022-07-12,4631.03,33.47,12.86,23.29,33.19,12.5,22.03
2022-07-13,4642.25,33.61,12.86,23.73,33.29,12.51,22.02
2022-07-14,4648.79,33.5,12.84,23.68,33.59,12.49,21.86
2022-07-15,4569.97,33.05,12.63,23.29,33.2,12.28,22.0
2022-07-18,4626.5,33.49,12.79,23.65,33.62,12.44,22.15
2022-07-19,4611.69,33.51,12.76,24.0,33.65,12.41,22.28
2022-07-20,4636.85,33.92,12.84,24.37,34.09,12.48,22.39
2022-07-21,4586.65,33.69,12.69,24.16,33.85,12.34,22.12
2022-07-22,4578.09,33.42,12.68,23.65,33.5,12.32,22.02
2022-07-25,4546.83,33.09,12.61,23.3,33.22,12.26,21.98
2022-07-26,4587.69,33.45,12.71,23.5,33.5,12.35,22.28
2022-07-27,4574.92,33.54,12.66,23.7,33.55,12.29,21.97
2022-07-28,4578.28,33.66,12.67,23.9,33.87,12.3,22.52
2022-07-29,4523.31,33.26,12.52,23.65,33.45,12.15,22.12
2022-08-01,4547.93,33.59,12.58,23.58,33.75,12.21,22.32
2022-08-02,4449.75,32.78,12.33,22.89,32.99,11.97,21.75
2022-08-03,4408.94,32.66,12.23,22.84,32.87,11.86,21.72
2022-08-04,4443.26,32.82,12.33,23.01,33.07,11.97,21.82
2022-08-05,4508.35,33.46,12.48,23.88,33.35,12.12,22.44
2022-08-08,4510.5,33.64,12.48,24.03,33.59,12.12,22.48
2022-08-09,4520.48,33.65,12.51,23.98,33.58,12.14,22.43
2022-08-10,4479.04,33.82,12.4,23.89,33.38,12.03,22.18
2022-08-11,4568.3,34.01,12.64,24.5,33.91,12.26,22.71
2022-08-12,4563.06,34.12,12.64,24.6,33.64,12.23,22.72
2022-08-15,4562.5,33.77,12.62,24.17,33.6,12.21,22.84
2022-08-16,4560.09,33.79,12.6,23.97,33.59,12.19,22.81
2022-08-17,4597.05,34.0,12.7,24.3,33.8,12.28,23.05
2022-08-18,4562.58,33.93,12.6,23.97,33.86,12.18,22.76
2022-08-19,4525.17,33.42,12.54,23.81,33.31,12.12,22.52
2022-08-22,4564.33,33.77,12.64,23.89,33.38,12.21,22.74
2022-08-23,4546.63,33.68,12.6,23.73,33.26,12.16,22.5
2022-08-24,4450.07,33.05,12.38,23.06,32.54,11.92,21.95
2022-08-25,4484.45,33.13,12.5,23.11,32.31,12.03,22.33
2022-08-26,4473.03,32.71,12.48,23.09,31.96,11.95,22.47
2022-08-29,4460.46,33.16,12.45,22.91,31.51,11.87,22.56
2022-08-30,4444.9,33.08,12.42,22.81,31.16,11.85,22.57
2022-08-31,4424.21,32.49,12.38,22.42,31.67,11.76,22.16
2022-09-01,4390.41,32.26,12.31,22.53,31.49,11.69,21.94
2022-09-02,4378.02,32.33,12.26,22.62,31.54,11.64,22.28
2022-09-05,4377.25,32.33,12.29,22.47,31.5,11.66,22.4
2022-09-06,4426.71,32.8,12.4,22.63,31.9,11.77,22.69
2022-09-07,4430.69,32.89,12.4,22.84,31.96,11.78,22.73
2022-09-08,4411.41,32.75,12.37,22.53,31.81,11.74,22.38
2022-09-09,4465.1,32.96,12.51,22.55,32.04,11.88,22.51
2022-09-13,4476.3,33.02,12.54,22.47,32.12,11.9,22.47
2022-09-14,4429.98,32.76,12.42,22.47,31.88,11.79,22.09
2022-09-15,4373.47,32.0,12.3,21.94,31.19,11.68,21.71
2022-09-16,4269.12,31.36,12.02,21.35,30.53,11.41,21.07
2022-09-19,4257.94,31.08,12.01,21.05,30.21,11.4,20.79
2022-09-20,4269.92,31.3,12.02,21.3,30.39,11.41,20.92
2022-09-21,4249.78,31.21,11.98,21.51,30.27,11.37,21.07
2022-09-22,4219.45,31.08,11.92,21.25,30.16,11.32,21.02
2022-09-23,4195.01,30.7,11.9,21.15,29.82,11.3,20.65
2022-09-26,4164.4,30.47,11.79,20.77,29.56,11.2,20.28
2022-09-27,4230.03,31.07,11.95,21.32,30.23,11.35,20.88
2022-09-28,4151.35,30.69,11.78,20.73,29.57,11.18,20.31
2022-09-29,4150.49,30.7,11.77,20.84,29.58,11.18,20.29
2022-09-30,4122.04,30.34,11.72,20.67,29.63,11.14,20.0
2022-10-10,4039.58,29.72,11.54,20.13,29.05,10.96,19.54
2022-10-11,4053.77,29.79,11.56,20.17,29.1,10.98,19.75
2022-10-12,4124.17,30.55,11.73,20.63,29.86,11.14,20.27
2022-10-13,4100.11,30.34,11.66,20.78,30.06,11.06,20.18
2022-10-14,4198.86,31.15,11.87,21.32,30.84,11.27,20.66
2022-10-17,4209.58,31.41,11.89,21.44,30.76,11.27,20.77
2022-10-18,4206.51,31.44,11.88,21.52,31.1,11.25,20.8
2022-10-19,4144.93,31.05,11.73,21.15,30.7,11.11,20.63
2022-10-20,4123.05,31.04,11.68,21.13,30.34,11.06,20.53
2022-10-21,4114.65,30.99,11.66,20.95,30.26,11.02,20.54
2022-10-24,4014.6,30.61,11.4,20.7,29.86,10.76,20.15
2022-10-25,4004.94,30.86,11.37,20.67,29.36,10.74,20.15
2022-10-26,4047.09,31.22,11.46,20.79,30.1,10.84,20.65
2022-10-27,4024.54,31.18,11.41,21.01,30.19,10.8,20.58
2022-10-28,3919.0,30.64,11.16,20.08,29.91,10.52,19.91
2022-10-31,3896.87,30.44,11.06,20.38,29.63,10.44,20.41
2022-11-01,4023.12,31.3,11.37,20.99,30.01,10.73,21.15
2022-11-02,4068.81,31.76,11.49,21.36,30.4,10.83,21.54
2022-11-03,4044.21,31.77,11.41,21.13,30.43,10.77,21.59
2022-11-04,4165.89,32.5,11.72,21.69,31.07,11.06,22.42
2022-11-07,4173.93,32.49,11.75,21.91,31.06,11.09,22.52
2022-11-08,4151.46,32.36,11.69,21.95,30.94,11.03,22.45
2022-11-09,4120.47,32.17,11.62,21.97,30.81,10.96,22.28
2022-11-10,4091.6,31.86,11.55,21.68,30.58,10.9,21.85
2022-11-11,4184.16,32.19,11.8,22.26,31.28,11.13,22.4
2022-11-14,4187.09,32.14,11.81,21.95,30.95,11.14,22.43
2022-11-15,4264.84,32.75,11.99,22.72,31.56,11.32,22.86
2022-11-16,4233.28,32.59,11.92,22.62,31.44,11.24,22.67
2022-11-17,4222.81,32.73,11.89,22.41,31.56,11.21,22.53
2022-11-18,4204.31,32.57,11.85,22.3,31.44,11.18,22.65
2022-11-21,4177.5,32.44,11.77,22.25,31.67,11.11,22.49
2022-11-22,4166.41,32.08,11.81,21.89,31.36,11.14,22.3
2022-11-23,4167.9,32.02,11.82,21.81,30.87,11.16,22.34
2022-11-24,4155.05,31.93,11.78,22.0,30.81,11.12,22.14
2022-11-25,4164.79,31.74,11.87,21.79,31.06,11.2,22.0
2022-11-28,4124.29,31.56,11.76,21.75,30.53,11.09,21.78
2022-11-29,4237.6,32.11,12.06,22.08,31.07,11.38,22.28
2022-11-30,4240.0,32.14,12.08,22.32,31.01,11.4,22.4
2022-12-01,4279.38,32.5,12.16,22.75,31.32,11.47,22.8
2022-12-02,4256.72,32.44,12.09,22.74,31.25,11.41,22.77
2022-12-05,4327.07,32.72,12.34,22.74,31.58,11.64,23.05
2022-12-06,4343.77,32.79,12.38,22.96,31.61,11.68,23.04
2022-12-07,4334.52,32.78,12.32,22.96,31.58,11.62,23.15
2022-12-08,4331.97,32.3,12.32,23.03,31.81,11.62,23.09
2022-12-09,4364.92,32.34,12.4,23.08,31.88,11.7,23.22
2022-12-12,4321.83,33.9,12.44,24.07,32.06,11.72,23.99
2022-12-13,4309.5,33.62,12.43,23.95,31.82,11.71,23.87
2022-12-14,4312.34,33.53,12.44,23.97,32.14,11.71,23.54
2022-12-15,4311.0,33.97,12.41,24.01,31.83,11.69,23.78
2022-12-16,4307.52,33.7,12.42,23.79,31.67,11.7,23.52
2022-12-19,4233.28,33.06,12.2,23.06,31.75,11.49,23.0
2022-12-20,4170.66,32.69,12.04,22.79,31.79,11.34,22.83
2022-12-21,4166.02,32.5,12.04,22.73,31.61,11.34,22.57
2022-12-22,4158.29,32.3,12.03,22.71,31.43,11.33,22.45
2022-12-23,4149.11,32.2,12.01,22.73,31.34,11.31,22.53
2022-12-26,4176.04,32.75,12.06,22.77,31.8,11.36,22.51
2022-12-27,4219.67,33.08,12.19,23.04,31.73,11.48,22.55
2022-12-28,4201.95,32.92,12.16,22.79,31.97,11.45,22.42
2022-12-29,4189.31,32.93,12.1,22.76,31.98,11.4,22.49
2022-12-30,4202.68,32.99,12.14,22.8,31.67,11.43,22.56
2023-01-03,4232.51,33.46,12.22,23.19,32.11,11.51,22.84
2023-01-04,4235.97,33.33,12.25,23.08,32.43,11.54,22.86
2023-01-05,4307.76,33.81,12.42,23.57,32.84,11.71,23.01
2023-01-06,4318.15,33.87,12.45,23.58,32.87,11.75,23.2
2023-01-09,4349.2,34.04,12.52,23.71,33.02,11.81,23.36
2023-01-10,4354.23,34.15,12.51,23.88,33.13,11.81,23.35
2023-01-11,4341.98,33.83,12.51,23.69,32.86,11.81,23.29
2023-01-12,4348.53,33.85,12.53,23.74,32.86,11.83,23.24
2023-01-13,4402.0,34.15,12.68,24.0,32.41,11.97,23.37
2023-01-16,4465.95,34.63,12.81,24.45,33.26,12.08,23.67
2023-01-17,4466.55,34.73,12.8,24.56,33.35,12.06,23.68
2023-01-18,4464.37,34.82,12.8,24.4,32.61,12.06,23.79
2023-01-19,4494.8,34.77,12.86,24.58,32.54,12.12,23.85
2023-01-20,4524.05,34.95,12.96,24.78,32.69,12.21,23.85
2023-01-30,4545.9,35.64,12.99,24.85,32.94,12.24,24.06
2023-01-31,4510.96,35.52,12.9,24.76,32.48,12.16,23.77
2023-02-01,4556.58,35.96,13.02,25.24,32.88,12.27,24.23
2023-02-02,4545.38,35.96,13.0,25.18,33.32,12.25,24.16
2023-02-03,4508.58,35.81,12.9,25.01,33.2,12.16,24.14
2023-02-06,4456.72,35.51,12.77,24.65,32.99,12.04,23.87
2023-02-07,4465.39,35.55,12.79,24.8,33.08,12.06,23.99
2023-02-08,4441.82,35.27,12.73,24.59,32.83,12.0,23.85
2023-02-09,4501.84,35.85,12.89,25.06,33.39,12.15,24.13
2023-02-10,4478.27,35.66,12.83,25.1,33.26,12.1,24.15
2023-02-13,4517.47,35.98,12.92,25.43,33.2,12.18,24.5
2023-02-14,4521.3,36.02,12.94,25.49,32.89,12.2,24.44
2023-02-15,4501.47,35.97,12.89,25.53,33.23,12.15,24.58
2023-02-16,4459.73,35.42,12.8,25.14,33.08,12.07,24.2
2023-02-17,4402.5,34.94,12.67,24.82,32.67,11.94,23.99
2023-02-20,4502.42,35.51,12.96,25.13,33.23,12.23,24.37
2023-02-21,4518.03,35.65,13.01,25.18,32.93,12.27,24.53
2023-02-22,4486.23,35.56,12.91,25.19,33.22,12.18,24.54
2023-02-23,4480.87,35.5,12.9,25.29,33.54,12.17,24.51
2023-02-24,4442.83,35.36,12.8,25.03,33.63,12.07,24.25
2023-02-27,4422.78,35.13,12.76,24.78,33.42,12.03,24.23
2023-02-28,4452.69,35.48,12.85,25.01,33.88,12.11,24.6
2023-03-01,4507.34,35.73,13.02,25.41,33.37,12.27,24.67
2023-03-02,4496.27,35.52,13.0,25.09,33.27,12.26,24.74
2023-03-03,4508.11,35.54,13.08,24.99,33.32,12.33,24.58
2023-03-06,4491.57,35.65,13.04,25.02,33.39,12.3,24.72
2023-03-07,4422.66,35.02,12.88,24.47,32.75,12.16,24.23
2023-03-08,4413.86,35.09,12.86,24.66,32.82,12.13,24.21
2023-03-09,4399.49,34.95,12.81,24.47,33.09,12.1,24.19
2023-03-10,4342.04,34.46,12.58,23.96,32.68,11.92,23.99
2023-03-13,4382.98,34.75,12.76,24.31,32.51,12.08,24.05
2023-03-14,4353.43,34.51,12.67,24.23,32.68,11.99,23.95
2023-03-15,4361.64,34.8,12.73,24.2,32.64,12.05,24.03
2023-03-16,4307.71,34.27,12.62,23.74,32.45,11.96,23.68
2023-03-17,4331.35,34.5,12.71,23.9,32.31,12.04,23.86
2023-03-20,4311.21,34.4,12.62,23.68,32.24,11.96,23.76
2023-03-21,4359.81,34.64,12.72,24.01,33.11,12.05,24.13
2023-03-22,4380.01,34.46,12.79,24.36,33.16,12.11,24.29
2023-03-23,4418.67,34.71,12.89,24.33,33.11,12.22,24.31
2023-03-24,4409.71,34.49,12.77,24.52,33.42,12.15,24.4
2023-03-27,4398.19,34.51,12.56,24.21,33.65,12.09,24.33
2023-03-28,4381.93,34.24,12.58,24.04,33.41,12.09,24.12
2023-03-29,4383.76,33.75,12.53,23.77,33.01,12.07,24.19
2023-03-30,4414.65,33.78,12.46,24.09,33.19,12.16,24.3
2023-03-31,4434.46,35.23,12.38,24.93,34.16,12.22,24.91
2023-04-03,4480.03,36.0,12.54,25.59,34.42,12.35,25.46
2023-04-04,4489.29,36.04,12.67,25.4,34.78,12.43,25.41
2023-04-06,4485.5,35.78,12.65,25.59,34.51,12.43,25.54
2023-04-07,4515.74,35.16,12.69,25.94,34.77,12.48,25.73
2023-04-10,4490.96,35.44,12.65,25.56,34.64,12.45,25.53
2023-04-11,4489.07,34.92,12.62,25.45,34.58,12.43,25.84
2023-04-12,4490.87,34.51,12.67,25.69,34.31,12.48,25.96
2023-04-13,4460.88,34.62,12.61,25.3,34.48,12.43,25.48
2023-04-14,4484.33,34.85,12.69,25.61,35.0,12.52,25.81
2023-04-17,4535.92,35.85,12.9,25.82,35.09,12.73,25.86
2023-04-18,4544.45,35.92,12.98,26.32,35.32,12.84,25.93
2023-04-19,4508.12,35.98,12.89,25.69,35.21,12.74,25.6
2023-04-20,4497.83,36.25,12.9,25.82,35.4,12.73,25.68
2023-04-21,4403.32,35.17,12.68,25.01,34.84,12.49,24.85
2023-04-24,4355.31,35.2,12.58,24.84,35.14,12.38,24.64
2023-04-25,4322.6,34.14,12.46,24.05,34.52,12.32,24.11
2023-04-26,4324.2,34.1,12.41,23.96,34.65,12.29,24.35
2023-04-27,4350.7,34.32,12.45,24.36,35.34,12.32,24.46
2023-04-28,4398.8,34.89,12.61,24.57,34.54,12.37,24.84
2023-05-04,4403.6,35.46,12.73,25.26,34.05,12.47,24.44
2023-05-05,4381.49,35.21,12.68,25.11,33.79,12.42,24.28
2023-05-08,4427.29,35.2,12.94,25.05,34.07,12.68,24.2
2023-05-09,4386.98,35.56,12.8,25.06,33.73,12.54,23.92
2023-05-10,4360.42,35.19,12.65,24.96,33.71,12.38,23.96
2023-05-11,4351.87,35.09,12.59,24.79,33.68,12.33,24.0
2023-05-12,4297.61,35.03,12.44,24.51,33.26,12.19,23.69
2023-05-15,4359.42,35.08,12.61,24.89,33.68,12.36,24.04
2023-05-16,4333.81,34.8,12.54,24.76,33.47,12.28,23.79
2023-05-17,4321.28,35.23,12.47,24.62,33.55,12.22,23.69
2023-05-18,4319.09,35.26,12.52,24.37,33.6,12.26,23.74
2023-05-19,4307.74,35.29,12.46,24.39,33.64,12.21,23.83
2023-05-22,4327.46,35.35,12.52,24.85,33.66,12.27,23.8
2023-05-23,4270.57,34.95,12.32,24.55,33.27,12.07,23.66
2023-05-24,4218.3,34.67,12.14,24.36,33.02,11.89,23.45
2023-05-25,4208.14,34.62,12.11,23.9,33.36,11.86,23.37
2023-05-26,4217.06,34.46,12.15,24.16,33.22,11.9,23.41
2023-05-29,4201.51,34.37,12.16,23.85,32.75,11.91,23.3
2023-05-30,4211.2,34.45,12.19,23.89,32.78,11.93,23.29
2023-05-31,4177.03,34.35,12.08,23.88,32.33,11.83,23.15
2023-06-01,4184.43,34.52,12.12,23.81,32.4,11.87,23.24
2023-06-02,4238.7,34.82,12.24,24.08,32.68,11.99,23.44
2023-06-05,4223.0,34.66,12.23,24.1,32.53,11.97,23.52
2023-06-06,4173.03,33.99,12.12,23.54,31.87,11.87,23.14
2023-06-07,4158.47,33.91,12.09,23.55,31.77,11.84,22.99
2023-06-08,4179.6,33.84,12.18,23.41,31.68,11.93,22.91
2023-06-09,4200.89,34.13,12.26,23.72,31.95,12.0,23.15
2023-06-12,4210.47,35.52,12.32,24.26,33.66,12.06,23.55
2023-06-13,4229.97,35.36,12.35,24.27,33.46,12.09,23.71
2023-06-14,4229.27,35.43,12.32,24.29,33.47,12.05,23.52
2023-06-15,4288.51,35.78,12.46,24.58,33.83,12.2,23.77
2023-06-16,4328.45,36.08,12.53,24.49,34.14,12.27,24.06
2023-06-19,4299.27,36.03,12.44,24.55,34.09,12.18,24.16
2023-06-20,4292.92,35.98,12.39,24.55,34.06,12.12,24.13
2023-06-21,4219.41,35.26,12.22,24.18,33.33,11.96,23.83
2023-06-26,4156.45,35.11,12.06,23.8,33.57,11.8,23.27
2023-06-27,4196.51,35.45,12.19,24.1,33.52,11.93,23.64
2023-06-28,4191.72,35.38,12.18,24.24,33.48,11.92,23.32
2023-06-29,4176.15,35.38,12.14,24.1,33.83,11.88,23.71
2023-06-30,4203.51,35.7,12.21,24.27,34.13,11.94,23.97
2023-07-03,4252.16,35.89,12.37,24.31,34.03,12.1,24.02
2023-07-04,4259.5,36.08,12.37,24.49,33.88,12.11,24.06
2023-07-05,4228.81,35.77,12.28,24.37,33.97,12.01,23.88
2023-07-06,4201.86,35.6,12.2,24.01,33.76,11.94,23.78
2023-07-07,4183.15,35.4,12.15,23.87,33.52,11.89,23.61
2023-07-10,4202.34,35.2,12.19,24.0,33.68,11.93,23.7
2023-07-11,4230.91,35.13,12.27,24.3,33.97,12.0,23.72
2023-07-12,4197.64,35.14,12.18,24.1,33.57,11.91,23.41
2023-07-13,4256.95,35.56,12.36,24.63,34.0,12.09,23.81
2023-07-14,4254.99,35.49,12.35,24.56,33.9,12.08,23.87
2023-07-17,4225.99,35.37,12.23,24.25,33.81,11.96,23.67
2023-07-18,4214.12,35.69,12.18,24.03,33.77,11.91,23.66
2023-07-19,4209.29,35.61,12.18,24.12,34.05,11.91,23.68
2023-07-20,4174.84,35.19,12.09,24.01,33.64,11.82,23.41
2023-07-21,4173.43,35.56,12.08,24.12,33.64,11.81,23.49
2023-07-24,4158.35,35.51,12.05,24.12,33.57,11.78,23.39
2023-07-25,4265.31,35.8,12.35,24.9,33.82,12.07,23.94
2023-07-26,4255.99,36.06,12.31,24.74,34.13,12.03,23.77
2023-07-27,4244.76,35.87,12.3,24.45,33.94,12.02,23.69
2023-07-28,4332.71,36.39,12.56,25.16,34.18,12.27,24.07
2023-07-31,4358.67,35.94,12.61,25.35,33.93,12.32,24.23
2023-08-01,4347.25,35.94,12.59,25.27,33.92,12.3,24.16
2023-08-02,4320.66,35.84,12.47,25.37,33.81,12.18,24.26
2023-08-03,4352.84,35.66,12.57,25.56,33.94,12.27,24.42
2023-08-04,4370.92,35.82,12.63,25.48,34.09,12.34,24.39
2023-08-07,4339.42,35.59,12.54,25.08,33.86,12.25,24.39
2023-08-08,4326.48,35.78,12.52,25.09,33.67,12.23,24.16
2023-08-09,4308.47,35.93,12.47,25.02,33.47,12.18,24.02
2023-08-10,4316.88,36.05,12.5,24.98,33.54,12.22,24.2
2023-08-11,4221.34,35.99,12.25,24.54,32.68,11.96,23.62
2023-08-14,4199.16,35.59,12.18,24.44,32.78,11.89,23.53
2023-08-15,4184.77,35.72,12.18,24.2,32.83,11.87,23.25
2023-08-16,4153.45,35.72,12.08,24.09,32.35,11.78,23.23
2023-08-17,4171.34,35.61,12.11,24.06,32.59,11.81,23.36
2023-08-18,4115.55,35.39,11.99,23.73,32.46,11.68,22.99
2023-08-21,4059.32,34.92,11.85,23.44,32.07,11.55,22.72
2023-08-22,4088.0,35.18,11.96,23.51,32.5,11.68,22.76
2023-08-23,4017.77,34.41,11.81,22.96,31.72,11.52,22.29
2023-08-24,4043.63,34.55,11.83,23.16,31.76,11.56,22.46
2023-08-25,4018.92,34.11,11.8,22.96,31.82,11.51,22.2
2023-08-28,4065.56,34.47,11.94,23.12,31.44,11.71,22.53
2023-08-29,4119.08,35.27,12.03,23.4,32.17,11.79,22.69
2023-08-30,4118.69,35.06,12.02,23.49,32.13,11.88,23.01
2023-08-31,4093.36,34.89,11.97,23.38,32.61,11.9,23.07
2023-09-01,4116.59,34.57,12.02,23.35,32.63,11.95,22.88
2023-09-04,4177.46,34.62,12.2,24.11,33.05,12.13,23.44
2023-09-05,4146.81,34.78,12.11,23.81,32.87,12.04,23.27
2023-09-06,4140.44,35.16,12.1,23.93,32.91,12.03,23.12
2023-09-07,4081.1,34.6,11.97,23.46,32.36,11.9,22.84
2023-09-08,4067.32,34.65,11.93,23.26,32.45,11.86,22.77
2023-09-11,4101.73,34.98,12.02,23.5,32.76,11.95,23.11
2023-09-12,4095.44,34.94,12.0,23.46,32.71,11.93,23.09
2023-09-13,4065.88,34.57,11.95,23.2,32.34,11.88,22.77
2023-09-14,4060.89,34.77,11.97,23.08,32.2,11.9,22.87
2023-09-15,4041.45,34.78,11.91,23.12,32.2,11.84,22.8
2023-09-18,4059.48,34.86,11.94,23.21,32.3,11.87,22.84
2023-09-19,4047.79,34.64,11.95,23.07,32.07,11.88,22.85
2023-09-20,4029.04,34.37,11.91,22.91,31.82,11.84,22.68
2023-09-21,3995.04,34.13,11.81,22.79,31.61,11.74,22.59
2023-09-22,4064.65,34.71,11.99,23.01,32.14,11.92,22.84
2023-09-25,4039.11,34.48,11.92,22.97,31.93,11.86,22.65
2023-09-26,4017.93,34.34,11.86,22.83,31.82,11.79,22.6
2023-09-27,4029.18,34.49,11.86,22.8,31.98,11.8,22.73
2023-09-28,4023.38,34.64,11.85,22.92,32.09,11.79,22.68
2023-10-09,4013.47,34.21,11.84,22.78,31.98,11.77,22.69
2023-10-10,3986.12,34.05,11.75,22.54,31.81,11.68,22.63
2023-10-11,3994.41,34.11,11.77,22.7,31.85,11.7,22.48
2023-10-12,4030.2,34.37,11.9,22.86,32.1,11.83,22.57
2023-10-13,3991.74,33.76,11.83,22.69,31.81,11.76,22.62
2023-10-16,3952.35,33.78,11.75,22.71,31.45,11.68,22.33
2023-10-17,3965.37,34.23,11.82,22.79,31.54,11.75,22.31
2023-10-18,3929.08,33.79,11.74,22.33,31.06,11.67,21.91
2023-10-19,3855.85,33.42,11.51,21.95,31.09,11.44,21.71
2023-10-20,3829.9,33.09,11.42,21.8,30.77,11.34,21.44
2023-10-23,3775.98,32.75,11.29,21.54,30.58,11.21,21.06
2023-10-24,3797.76,33.1,11.32,21.82,30.51,11.23,21.37
2023-10-25,3816.15,33.26,11.31,21.82,30.69,11.21,21.41
2023-10-26,3828.19,33.39,11.37,21.95,30.61,11.3,21.61
2023-10-27,3884.25,33.61,11.49,22.47,31.56,11.43,22.25
2023-10-30,3911.52,33.7,11.49,23.01,33.01,11.49,22.75
2023-10-31,3899.09,33.59,11.48,22.88,32.88,11.51,22.28
2023-11-01,3894.53,33.47,11.49,22.92,32.78,11.52,22.15
2023-11-02,3871.63,33.11,11.45,22.51,32.43,11.48,22.01
2023-11-03,3905.16,33.51,11.51,22.65,32.46,11.55,22.05
2023-11-06,3961.7,34.15,11.6,23.19,33.09,11.63,22.85
2023-11-07,3952.47,34.16,11.58,23.18,33.1,11.61,22.71
2023-11-08,3944.91,34.16,11.55,23.06,33.09,11.58,22.76
2023-11-09,3943.37,34.04,11.57,23.15,33.32,11.61,22.64
2023-11-10,3918.65,33.89,11.51,23.09,32.85,11.55,22.62
2023-11-13,3918.96,34.1,11.51,23.11,33.06,11.55,22.61
2023-11-14,3925.71,34.25,11.53,23.28,32.88,11.57,22.58
2023-11-15,3952.29,34.05,11.6,23.27,33.07,11.63,22.71
2023-11-16,3913.98,34.41,11.51,22.95,33.07,11.55,22.58
2023-11-17,3914.6,34.53,11.49,23.03,33.24,11.53,22.62
2023-11-20,3926.49,34.31,11.52,23.21,33.42,11.56,22.66
2023-11-21,3926.85,34.16,11.53,23.22,33.25,11.57,22.66
2023-11-22,3884.73,33.73,11.44,22.83,32.84,11.47,22.4
2023-11-23,3907.77,34.02,11.49,23.14,33.12,11.53,22.55
2023-11-24,3879.11,33.67,11.43,23.01,32.73,11.47,22.4
2023-11-27,3857.4,33.67,11.36,22.9,32.68,11.4,22.32
2023-11-28,3867.32,33.46,11.38,23.07,32.85,11.42,22.45
2023-11-29,3835.93,33.63,11.29,22.93,32.64,11.33,22.31
2023-11-30,3840.76,33.2,11.34,22.83,32.59,11.38,22.38
2023-12-01,3834.06,33.27,11.33,22.71,32.69,11.37,22.34
2023-12-04,3814.3,33.16,11.28,22.61,32.58,11.32,22.34
2023-12-05,3743.01,32.55,11.09,22.17,31.96,11.13,22.1
2023-12-06,3751.27,32.63,11.08,22.3,32.04,11.11,22.09
2023-12-07,3744.44,32.95,11.07,22.29,31.97,11.1,21.89
2023-12-08,3754.15,33.04,11.1,22.2,31.69,11.13,21.87
2023-12-11,3782.67,34.19,11.12,23.02,32.97,11.18,22.04
2023-12-12,3788.81,33.81,11.17,23.06,32.94,11.22,22.03
2023-12-13,3731.96,34.1,11.01,22.79,32.54,11.07,21.63
2023-12-14,3714.41,33.98,10.97,22.7,32.42,11.02,21.59
2023-12-15,3698.67,34.08,10.92,22.58,32.19,10.98,21.5
2023-12-18,3676.86,33.66,10.89,22.09,31.79,10.95,21.32
2023-12-19,3679.61,33.66,10.91,22.21,31.8,10.97,21.22
2023-12-20,3637.11,33.17,10.81,21.84,31.32,10.86,20.96
2023-12-21,3669.39,33.43,10.87,22.06,31.55,10.93,21.15
2023-12-22,3669.45,33.3,10.89,22.23,31.43,10.95,20.98
2023-12-25,3678.34,32.99,10.93,22.11,31.49,10.99,21.16
2023-12-26,3649.5,32.61,10.88,21.78,31.48,10.94,21.02
2023-12-27,3663.87,32.77,10.94,21.96,31.64,11.0,20.95
2023-12-28,3744.77,33.5,11.1,22.57,31.94,11.17,21.42
2023-12-29,3766.73,33.39,11.17,22.75,32.2,11.23,21.49
2024-01-02,3727.11,33.29,11.15,22.69,32.11,11.21,21.43
2024-01-03,3719.14,32.95,11.09,22.56,31.82,11.16,21.35
2024-01-04,3685.47,32.97,11.04,22.18,31.47,11.11,21.11
2024-01-05,3657.37,32.46,10.97,21.82,30.98,11.04,20.95
2024-01-08,3601.52,32.47,10.84,21.51,30.27,10.91,20.65
2024-01-09,3609.11,32.48,10.85,21.47,30.28,10.92,20.74
2024-01-10,3592.56,31.96,10.79,21.43,30.48,10.85,20.52
2024-01-11,3619.71,32.31,10.81,21.68,30.88,10.87,20.65
2024-01-12,3607.18,32.45,10.8,21.51,30.71,10.86,20.7
2024-01-15,3602.17,32.32,10.8,21.34,30.17,10.87,20.48
2024-01-16,3617.65,32.31,10.85,21.43,30.17,10.92,20.64
2024-01-17,3535.99,31.47,10.64,21.01,29.76,10.71,20.2
2024-01-18,3573.64,31.65,10.73,21.2,29.88,10.8,20.3
2024-01-19,3560.62,31.34,10.69,20.99,29.59,10.76,20.18
2024-01-22,3475.5,30.72,10.49,20.02,28.67,10.56,19.35
2024-01-23,3501.77,30.44,10.54,20.34,29.06,10.61,19.63
2024-01-24,3550.71,30.82,10.72,20.57,29.45,10.8,19.88
2024-01-25,3629.54,31.67,11.0,21.28,29.92,11.08,20.26
2024-01-26,3613.65,31.32,11.02,21.05,29.57,11.1,20.02
2024-01-29,3571.18,30.67,10.95,20.28,28.97,11.04,19.72
2024-01-30,3502.83,30.29,10.77,19.88,28.62,10.85,19.28
2024-01-31,3456.99,30.23,10.7,19.41,27.89,10.78,18.81
2024-02-01,3455.48,29.81,10.65,19.49,28.23,10.74,18.84
2024-02-02,3403.37,29.37,10.56,19.05,27.43,10.65,18.61
2024-02-05,3400.87,29.08,10.62,18.57,26.8,10.71,18.37
2024-02-06,3554.64,30.39,10.97,19.92,28.69,11.06,19.49
2024-02-07,3636.85,31.13,11.13,20.83,29.34,11.21,20.21
2024-02-08,3661.53,31.95,11.17,21.18,29.83,11.24,20.44
2024-02-19,3691.14,31.68,11.33,21.26,29.97,11.41,20.42
2024-02-20,3696.68,31.65,11.36,21.31,29.97,11.45,20.39
2024-02-21,3733.28,31.75,11.47,21.37,30.05,11.56,20.48
2024-02-22,3764.16,32.04,11.58,21.5,30.35,11.67,20.63
2024-02-23,3770.6,32.2,11.59,21.37,30.48,11.68,20.73
2024-02-26,3740.97,32.21,11.45,21.41,31.01,11.53,20.74
2024-02-27,3795.16,33.01,11.58,21.78,31.35,11.66,21.0
2024-02-28,3736.35,32.11,11.43,21.34,30.81,11.5,20.79
2024-02-29,3819.53,33.15,11.63,21.95,31.48,11.7,21.13
2024-03-01,3842.98,33.46,11.67,22.07,31.86,11.75,21.2
2024-03-04,3847.26,33.48,11.72,22.17,32.31,11.8,21.46
2024-03-05,3860.16,33.33,11.79,21.99,31.79,11.87,21.38
2024-03-06,3848.22,33.26,11.74,21.95,31.75,11.82,21.3
2024-03-07,3817.53,32.7,11.7,21.74,31.24,11.78,21.07
2024-03-08,3843.2,33.09,11.79,21.82,31.62,11.87,21.25
2024-03-11,3895.85,33.66,11.87,22.5,32.16,11.95,21.71
2024-03-12,3899.23,33.73,11.79,22.51,32.13,11.86,21.97
2024-03-13,3877.45,33.7,11.73,22.37,31.7,11.79,21.65
2024-03-14,3865.17,33.48,11.71,22.21,31.49,11.78,21.61
2024-03-15,3882.82,33.36,11.74,22.47,31.78,11.81,21.7
2024-03-18,3923.59,33.52,11.8,22.72,32.16,11.91,21.75
2024-03-19,3893.44,33.17,11.72,22.59,32.28,11.83,21.78
2024-03-20,3902.5,33.12,11.79,22.61,32.38,11.9,22.02
2024-03-21,3893.91,32.92,11.77,22.51,32.23,11.87,22.0
2024-03-22,3849.79,32.39,11.68,22.12,32.12,11.82,21.5
2024-03-25,3817.6,31.78,11.66,21.68,31.59,11.78,21.24
2024-03-26,3830.12,31.88,11.67,21.63,32.03,11.83,21.23
2024-03-27,3773.43,30.82,11.52,21.26,31.39,11.71,20.79
2024-03-28,3800.53,31.48,11.61,21.53,31.59,11.79,21.21
2024-03-29,3825.42,31.9,12.02,21.96,31.97,11.98,21.24
2024-04-01,3893.56,32.01,12.25,22.34,32.61,12.15,21.72
2024-04-02,3877.82,31.67,12.28,22.35,32.45,12.16,21.64
2024-04-03,3866.25,31.42,12.23,22.18,32.61,12.14,21.68
2024-04-08,3826.87,30.91,12.16,21.9,32.07,12.08,21.21
2024-04-09,3832.79,31.01,12.15,22.25,32.39,12.06,21.4
2024-04-10,3797.11,30.56,12.07,21.87,31.87,11.98,21.34
2024-04-11,3801.66,30.77,12.08,22.08,32.06,11.99,21.68
2024-04-12,3774.27,30.53,11.99,21.83,31.84,11.91,21.45
2024-04-15,3844.71,31.68,12.27,22.31,32.37,12.19,21.64
2024-04-16,3786.6,31.01,12.13,21.37,31.23,12.07,21.26
2024-04-17,3857.81,31.62,12.31,21.93,32.16,12.26,21.63
2024-04-18,3863.22,31.63,12.32,22.26,32.15,12.27,21.79
2024-04-19,3834.11,31.46,12.32,22.07,31.68,12.25,21.59
2024-04-22,3816.66,31.13,12.24,21.92,31.69,12.18,21.65
2024-04-23,3785.79,31.33,12.13,21.79,31.3,12.07,21.35
2024-04-24,3808.36,31.2,12.21,21.88,31.23,12.13,21.34
2024-04-25,3814.62,31.05,12.23,21.73,30.88,12.16,21.34
2024-04-26,3878.99,32.38,12.41,22.28,32.73,12.33,21.76
2024-04-29,3930.65,33.22,12.47,22.85,34.13,12.4,22.42
2024-04-30,3908.01,32.93,12.51,22.47,34.29,12.55,22.18
2024-05-06,3967.25,33.47,12.62,22.73,34.87,12.66,22.43
2024-05-07,3967.88,33.51,12.64,22.96,34.96,12.68,22.46
2024-05-08,3932.03,33.08,12.56,22.56,34.48,12.61,22.18
2024-05-09,3977.87,33.64,12.65,23.02,35.08,12.69,22.65
2024-05-10,3975.26,33.42,12.66,22.91,34.84,12.71,22.48
2024-05-13,3968.37,33.22,12.65,22.95,35.01,12.7,22.51
2024-05-14,3961.39,33.22,12.61,22.93,34.6,12.66,22.64
2024-05-15,3926.43,32.84,12.51,22.71,34.69,12.56,22.54
2024-05-16,3933.81,32.75,12.53,22.65,34.58,12.59,22.47
2024-05-17,3976.54,33.17,12.65,22.72,35.02,12.7,22.54
2024-05-20,3992.86,33.3,12.71,22.85,34.71,12.76,22.82
2024-05-21,3972.67,33.01,12.67,22.71,34.37,12.72,22.6
2024-05-22,3977.4,33.12,12.67,22.71,34.49,12.72,22.6
2024-05-23,3923.34,32.46,12.52,22.22,33.81,12.58,22.12
2024-05-24,3881.86,32.05,12.41,22.18,34.13,12.47,21.88
2024-05-27,3920.14,32.36,12.56,22.4,33.7,12.61,22.11
2024-05-28,3888.54,32.06,12.5,22.24,34.14,12.55,21.8
2024-05-29,3894.3,32.11,12.52,22.16,34.2,12.57,21.97
2024-05-30,3875.22,32.13,12.44,22.04,33.84,12.49,21.84
2024-05-31,3863.65,32.11,12.41,21.88,33.82,12.46,21.85
2024-06-03,3864.3,32.28,12.43,21.61,33.97,12.49,21.7
2024-06-04,3898.57,32.58,12.51,22.21,34.26,12.56,22.08
2024-06-05,3869.88,32.36,12.43,22.13,34.01,12.48,21.97
2024-06-06,3858.67,32.01,12.42,21.97,33.56,12.48,21.9
2024-06-07,3840.42,31.89,12.39,22.01,33.47,12.45,21.76
2024-06-11,3816.93,32.13,12.29,21.94,33.71,12.34,21.73
2024-06-12,3820.81,32.2,12.32,21.91,33.79,12.37,21.74
2024-06-13,3799.22,32.05,12.28,21.69,33.67,12.33,21.72
2024-06-14,3815.03,32.12,12.31,21.72,33.72,12.36,21.65
2024-06-17,3809.64,33.45,12.31,21.85,33.92,12.36,21.82
2024-06-18,3821.62,33.59,12.36,21.97,34.04,12.4,21.87
2024-06-19,3796.49,33.19,12.33,21.67,33.62,12.38,21.67
2024-06-20,3762.16,32.78,12.28,21.41,33.5,12.33,21.25
2024-06-21,3757.48,32.79,12.26,21.37,33.5,12.31,21.25
2024-06-24,3721.89,32.07,12.19,21.16,32.73,12.24,20.97
2024-06-25,3698.44,31.65,12.14,21.06,32.71,12.19,20.97
2024-06-26,3729.82,32.23,12.2,21.22,32.95,12.25,21.07
2024-06-27,3691.55,31.67,12.13,20.82,32.38,12.18,20.84
2024-06-28,3700.35,31.71,12.21,20.85,32.76,12.26,20.74
2024-07-01,3724.91,31.92,12.32,20.92,32.98,12.37,21.0
2024-07-02,3709.72,31.59,12.34,20.85,32.61,12.39,20.92
2024-07-03,3695.79,31.47,12.29,20.77,32.07,12.34,20.73
2024-07-04,3667.35,31.32,12.24,20.31,31.91,12.29,20.46
2024-07-05,3661.49,31.54,12.16,20.59,31.72,12.21,20.61
2024-07-08,3622.52,31.33,12.1,20.18,32.2,12.15,20.23
2024-07-09,3670.49,31.59,12.23,20.45,32.43,12.28,20.65
2024-07-10,3655.67,31.51,12.16,20.42,32.34,12.21,20.63
2024-07-11,3705.0,31.86,12.25,20.84,32.33,12.3,21.1
2024-07-12,3704.57,32.13,12.25,20.92,32.25,12.31,21.05
2024-07-15,3701.0,31.57,12.3,20.71,31.63,12.36,20.8
2024-07-16,3721.37,32.19,12.32,20.75,31.88,12.38,20.87
2024-07-17,3716.18,31.67,12.26,20.84,32.48,12.32,20.82
2024-07-18,3735.64,31.75,12.35,20.96,32.63,12.41,20.93
2024-07-19,3749.07,32.29,12.35,21.04,32.86,12.42,20.96
2024-07-22,3728.63,31.57,12.24,21.0,33.18,12.3,20.92
2024-07-23,3641.66,31.31,12.06,20.45,32.52,12.12,20.29
2024-07-24,3614.0,30.9,12.01,20.18,32.5,12.07,20.06
2024-07-25,3598.37,30.89,11.94,20.19,32.17,11.99,20.04
2024-07-26,3619.7,31.27,11.93,20.36,32.21,11.98,20.41
2024-07-29,3599.67,31.09,11.92,20.02,32.59,11.97,20.23
2024-07-30,3580.76,31.12,11.84,19.84,32.23,11.88,20.16
2024-07-31,3674.1,31.94,12.03,20.77,32.36,12.08,20.83
2024-08-01,3649.55,31.78,11.99,20.37,32.54,12.04,20.56
2024-08-02,3609.54,31.71,11.88,20.18,32.46,11.93,20.31
2024-08-05,3558.87,31.01,11.72,19.84,32.14,11.77,19.96
2024-08-06,3569.27,31.37,11.71,20.17,32.56,11.76,20.21
2024-08-07,3568.29,31.32,11.73,20.26,32.44,11.77,20.24
2024-08-08,3570.18,31.23,11.73,20.35,32.34,11.77,20.2
2024-08-09,3554.46,30.97,11.71,19.98,32.15,11.74,20.09
2024-08-12,3548.69,30.84,11.7,20.18,32.35,11.73,20.0
2024-08-13,3558.83,30.99,11.74,20.04,32.12,11.77,20.1
2024-08-14,3526.54,30.59,11.68,19.99,32.09,11.71,19.65
2024-08-15,3558.62,30.86,11.79,20.03,32.31,11.82,19.81
2024-08-16,3556.32,30.69,11.83,19.98,32.11,11.85,19.73
2024-08-19,3567.76,30.72,11.9,20.04,32.13,11.92,19.88
2024-08-20,3533.14,30.26,11.82,19.54,31.88,11.82,19.54
2024-08-21,3521.48,30.17,11.78,19.45,31.61,11.78,19.54
2024-08-22,3504.59,30.22,11.77,19.27,30.7,11.77,19.3
2024-08-23,3516.55,30.3,11.81,19.31,30.5,11.78,19.27
2024-08-26,3515.53,30.03,11.81,19.24,30.86,11.75,19.27
2024-08-27,3491.2,29.96,11.81,19.03,30.7,11.74,19.07
2024-08-28,3476.99,29.96,11.75,19.03,30.69,11.69,19.01
2024-08-29,3480.78,30.0,11.65,19.37,30.82,11.55,19.38
2024-08-30,3531.07,30.22,11.73,19.76,29.92,11.55,19.69
2024-09-02,3468.57,29.83,11.59,19.43,30.43,11.43,19.38
2024-09-03,3484.61,30.14,11.56,19.49,30.0,11.39,19.48
2024-09-04,3464.87,30.02,11.47,19.45,29.88,11.31,19.27
2024-09-05,3472.92,30.19,11.46,19.41,30.06,11.3,19.37
2024-09-06,3439.82,29.74,11.38,19.16,29.64,11.22,19.04
2024-09-09,3403.39,29.54,11.24,18.97,29.82,11.08,18.91
2024-09-10,3405.73,29.61,11.29,18.88,29.89,11.13,18.86
2024-09-11,3399.37,29.64,11.19,18.93,30.31,11.03,19.1
2024-09-12,3384.99,29.45,11.17,18.86,30.14,11.0,18.91
2024-09-13,3365.84,29.16,11.13,18.61,29.45,10.97,18.71
2024-09-18,3377.5,29.14,11.22,18.64,29.81,11.06,18.72
2024-09-19,3408.34,29.2,11.28,18.97,29.87,11.11,19.11
2024-09-20,3408.23,29.41,11.3,18.87,29.72,11.14,19.09
2024-09-23,3416.92,29.37,11.35,19.04,29.66,11.2,18.97
2024-09-24,3564.95,30.23,11.84,19.74,30.88,11.67,19.69
2024-09-25,3612.56,30.53,11.98,19.82,30.8,11.81,19.67
2024-09-26,3766.53,31.53,12.4,20.6,31.42,12.23,20.71
2024-09-27,3942.82,32.66,12.77,21.81,32.98,12.58,21.62
2024-09-30,4296.08,35.13,13.79,24.2,35.14,13.58,23.87
2024-10-08,4564.29,37.43,14.47,25.8,37.52,14.24,24.91
2024-10-09,4245.09,35.24,13.52,23.8,35.16,13.31,23.05
2024-10-10,4270.19,35.11,13.71,23.82,35.1,13.5,23.08
2024-10-11,4140.29,34.02,13.39,22.77,33.22,13.19,22.52
2024-10-14,4225.48,34.44,13.67,23.24,33.94,13.46,22.74
2024-10-15,4115.65,33.99,13.29,22.55,33.1,13.09,22.25
2024-10-16,4093.94,34.12,13.26,22.27,32.43,13.06,22.21
2024-10-17,4051.3,33.91,13.12,22.01,32.61,12.92,21.89
2024-10-18,4202.53,34.77,13.51,22.77,34.2,13.29,22.56
2024-10-21,4222.55,35.24,13.51,23.17,34.61,13.27,22.62
2024-10-22,4249.95,35.44,13.57,23.36,34.84,13.25,22.77
2024-10-23,4266.54,35.58,13.62,23.52,34.52,13.3,23.03
2024-10-24,4221.67,35.23,13.5,23.31,34.31,13.17,22.8
2024-10-25,4259.34,35.39,13.57,23.75,34.38,13.22,23.32
2024-10-28,4279.43,35.71,13.59,23.83,35.15,13.24,23.76
2024-10-29,4234.42,35.61,13.46,23.59,34.09,13.14,23.32
2024-10-30,4210.99,35.91,13.34,23.54,34.12,12.99,23.13
2024-10-31,4224.15,35.5,13.35,23.57,35.2,12.67,23.51
2024-11-01,4210.3,35.29,13.38,23.43,34.94,12.71,23.71
2024-11-04,4272.36,35.95,13.53,23.76,35.68,12.85,23.97
2024-11-05,4386.66,36.85,13.83,24.33,36.6,13.13,24.71
2024-11-06,4373.0,36.73,13.76,24.36,36.83,13.06,24.48
2024-11-07,4491.61,37.49,14.12,24.99,37.29,13.41,25.19
2024-11-08,4455.03,37.1,14.0,24.6,37.22,13.29,25.16
2024-11-11,4497.02,37.6,14.04,25.07,38.13,13.31,25.13
2024-11-12,4448.14,37.13,13.87,24.59,37.31,13.16,24.78
2024-11-13,4467.53,37.21,13.96,24.81,37.36,13.24,24.82
2024-11-14,4376.38,36.1,13.75,24.11,36.98,13.05,24.22
2024-11-15,4290.82,35.83,13.56,23.66,36.34,12.88,23.59
2024-11-18,4258.89,35.48,13.54,23.42,35.62,12.87,23.47
2024-11-19,4299.55,35.76,13.61,23.88,36.33,12.92,23.74
2024-11-20,4317.13,36.12,13.64,23.94,36.67,12.95,23.78
2024-11-21,4318.63,36.09,13.63,23.97,36.67,12.94,23.82
2024-11-22,4175.52,34.71,13.23,23.09,35.25,12.57,22.89
2024-11-25,4158.67,34.95,13.2,23.1,35.16,12.53,22.86
2024-11-26,4143.87,34.66,13.2,23.04,34.81,12.54,22.8
2024-11-27,4218.9,35.48,13.4,23.46,35.6,12.72,23.29
2024-11-28,4182.39,35.21,13.3,23.38,35.31,12.63,23.15
2024-11-29,4235.36,35.84,13.42,23.68,35.94,12.74,23.44
2024-12-02,4277.43,36.35,13.52,24.02,36.06,12.84,23.86
2024-12-03,4278.68,36.17,13.58,23.87,36.26,12.89,23.86
2024-12-04,4251.68,35.79,13.56,23.55,35.45,12.88,23.64
2024-12-05,4248.75,35.98,13.52,23.61,35.63,12.84,23.6
2024-12-06,4304.53,36.4,13.68,23.98,36.5,13.0,24.02
2024-12-09,4293.25,36.19,13.68,23.95,36.27,12.99,24.07
2024-12-10,4324.98,36.16,13.76,24.08,36.17,13.08,24.32
2024-12-11,4329.84,36.35,13.74,24.23,36.74,13.06,24.48
2024-12-12,4371.62,36.59,13.88,24.43,37.02,13.19,24.7
2024-12-13,4274.22,36.24,13.6,23.87,35.87,12.93,24.2
2024-12-16,4242.93,36.9,13.72,23.88,35.89,13.04,23.94
2024-12-17,4239.02,36.5,13.72,23.76,35.93,13.05,23.71
2024-12-18,4262.51,36.75,13.8,23.69,35.77,13.12,23.78
2024-12-19,4267.87,36.56,13.77,23.55,35.57,13.1,23.77
2024-12-20,4256.54,36.77,13.73,23.67,35.78,13.05,23.63
2024-12-23,4242.71,36.49,13.78,23.22,35.21,13.11,23.49
2024-12-24,4297.25,36.94,13.96,23.58,35.68,13.28,23.69
2024-12-25,4288.49,36.64,14.0,23.32,35.78,13.32,23.47
2024-12-26,4298.75,36.95,13.98,23.33,36.08,13.31,23.38
2024-12-27,4295.85,36.93,13.97,23.39,36.06,13.3,23.57
2024-12-30,4310.24,36.86,14.05,23.68,35.6,13.38,23.61
2024-12-31,4226.38,35.8,13.85,22.94,35.27,13.19,23.02
2025-01-02,4100.89,34.58,13.45,22.65,34.43,12.81,22.44
2025-01-03,4042.52,34.19,13.29,22.14,33.68,12.66,22.13
2025-01-06,4037.42,34.15,13.27,22.09,33.62,12.64,22.23
2025-01-07,4069.96,34.65,13.34,22.18,34.14,12.71,22.31
2025-01-08,4060.11,34.47,13.35,21.93,33.99,12.72,22.1
2025-01-09,4051.69,34.54,13.27,21.87,34.06,12.64,22.0
2025-01-10,3997.34,34.04,13.1,21.55,33.13,12.49,21.72
2025-01-13,3991.69,34.14,13.06,21.61,33.23,12.44,21.74
2025-01-14,4105.97,34.7,13.36,22.16,34.49,12.73,22.34
2025-01-15,4076.99,34.72,13.29,21.78,34.16,12.65,22.31
2025-01-16,4084.82,34.82,13.35,22.18,34.24,12.7,22.37
2025-01-17,4102.22,35.09,13.37,22.37,34.53,12.72,22.48
2025-01-20,4121.18,35.2,13.38,22.5,34.67,12.72,22.66
2025-01-21,4127.21,35.31,13.37,22.39,34.41,12.71,22.4
2025-01-22,4093.66,35.16,13.28,22.12,34.22,12.63,22.33
2025-01-23,4094.77,35.05,13.35,22.21,34.16,12.71,22.34
2025-01-24,4130.42,35.48,13.42,22.31,34.56,12.76,22.6
2025-01-27,4106.4,35.02,13.43,22.18,34.27,12.76,22.4
2025-02-05,4093.49,35.42,13.32,22.29,34.3,12.66,22.47
2025-02-06,4156.79,35.61,13.48,22.5,34.4,12.8,22.68
2025-02-07,4212.89,35.98,13.58,22.79,34.96,12.92,23.22
2025-02-10,4229.83,36.31,13.62,23.09,35.34,12.96,23.34
2025-02-11,4209.79,36.1,13.62,23.04,35.06,12.96,23.03
2025-02-12,4254.64,36.45,13.75,23.08,35.27,13.07,23.16
2025-02-13,4234.92,36.51,13.71,23.1,35.33,13.03,23.15
2025-02-14,4271.34,36.9,13.81,23.36,35.71,13.12,23.33
2025-02-17,4278.24,37.08,13.82,23.48,34.84,13.14,23.27
2025-02-18,4230.24,35.96,13.73,22.78,34.91,13.06,22.84
2025-02-19,4271.53,36.34,13.81,22.95,35.17,13.12,23.06
2025-02-20,4265.07,36.82,13.78,23.05,35.19,13.09,23.08
2025-02-21,4323.44,37.25,13.91,23.68,35.82,13.21,23.17
2025-02-24,4314.18,36.77,13.85,23.51,35.87,13.16,23.28
2025-02-25,4266.68,36.71,13.69,23.24,35.91,13.0,22.92
2025-02-26,4307.62,36.72,13.8,23.38,36.22,13.1,23.16
2025-02-27,4309.89,36.49,13.83,23.42,36.04,13.13,23.35
2025-02-28,4215.63,36.37,13.59,23.03,35.16,12.89,22.87
2025-03-03,4219.23,36.28,13.58,23.12,35.68,12.89,22.82
2025-03-04,4226.33,36.25,13.55,23.24,35.53,12.85,22.91
2025-03-05,4242.69,36.34,13.63,23.27,35.56,12.93,22.86
2025-03-06,4303.88,37.05,13.76,23.55,36.18,13.05,23.18
2025-03-07,4287.72,36.46,13.72,23.55,35.58,13.02,23.08
2025-03-10,4275.5,36.73,13.66,23.69,35.59,12.96,23.11
2025-03-11,4291.48,36.92,13.72,23.9,35.68,13.01,23.26
2025-03-12,4279.27,36.82,13.68,23.89,35.64,12.97,23.22
2025-03-13,4258.01,36.82,13.65,23.82,35.63,12.95,23.09
2025-03-14,4353.99,37.08,13.94,24.09,35.89,13.23,23.52
2025-03-17,4347.67,36.71,13.94,23.87,35.84,13.23,23.63
2025-03-18,4361.17,36.8,13.95,23.76,35.93,13.25,23.63
2025-03-19,4357.16,36.9,13.96,23.74,35.72,13.26,23.6
2025-03-20,4321.11,36.7,13.75,23.65,35.57,13.15,23.34
2025-03-21,4256.38,36.31,13.58,23.37,35.23,13.0,23.14
2025-03-24,4272.0,36.68,13.57,23.45,35.56,13.03,23.31
2025-03-25,4265.8,36.2,13.56,23.53,35.29,13.02,23.4
2025-03-26,4255.72,36.5,13.51,23.47,35.67,12.97,23.16
2025-03-27,4267.89,36.14,13.25,23.35,35.29,13.01,23.3
2025-03-28,4246.28,36.06,13.03,23.54,35.11,12.91,23.45
2025-03-31,4213.03,36.03,12.91,23.56,34.26,12.84,23.27
2025-04-01,4219.91,36.48,12.93,23.65,34.84,12.86,23.28
2025-04-02,4218.44,36.89,12.94,23.64,34.84,12.87,23.23
2025-04-03,4190.06,36.27,12.88,23.31,34.72,12.84,22.9
2025-04-07,3867.37,33.72,12.02,21.36,31.55,11.99,21.13
2025-04-08,3923.98,33.73,12.24,21.49,31.91,12.21,21.39
2025-04-09,3974.02,34.55,12.34,21.9,32.7,12.3,21.64
2025-04-10,4032.29,35.23,12.47,22.39,33.16,12.44,22.05
2025-04-11,4051.61,35.93,12.51,22.51,33.82,12.46,21.99
2025-04-14,4067.12,35.32,12.56,22.55,33.94,12.55,22.07
2025-04-15,4064.18,35.17,12.62,22.3,33.65,12.57,21.93
2025-04-16,4064.9,34.7,12.67,22.1,33.48,12.63,21.71
2025-04-17,4064.45,34.74,12.67,22.19,33.5,12.62,21.86
2025-04-18,4065.38,34.65,12.67,21.89,33.46,12.63,21.69
2025-04-21,4090.6,35.07,12.68,22.33,34.24,12.67,21.87
2025-04-22,4086.45,34.92,12.73,22.12,34.54,12.7,21.88
2025-04-23,4090.81,35.08,12.72,22.34,34.41,12.67,21.79
2025-04-24,4083.33,34.54,12.72,22.28,34.12,12.66,21.65
2025-04-25,4089.44,34.36,12.7,22.27,33.91,12.62,21.67
2025-04-28,4079.72,34.41,12.68,22.08,33.57,12.62,21.79
2025-04-29,4075.71,34.15,12.68,21.97,32.42,12.59,21.68
2025-04-30,4077.15,34.89,12.71,22.42,32.08,12.45,21.53
2025-05-06,4127.92,35.21,12.81,22.53,32.73,12.56,21.81
2025-05-07,4148.28,34.94,12.92,22.68,32.83,12.67,21.88
2025-05-08,4169.74,35.05,12.97,22.84,32.95,12.71,21.96
2025-05-09,4154.57,34.69,12.95,22.75,32.56,12.7,21.9
2025-05-12,4203.68,35.11,13.07,23.0,32.98,12.81,22.08
2025-05-13,4205.95,34.98,13.09,22.99,32.84,12.83,22.06
2025-05-14,4246.85,35.55,13.23,23.04,32.99,12.97,22.19
2025-05-15,4202.28,35.06,13.13,22.83,32.52,12.87,22.12
2025-05-16,4187.87,35.03,13.07,22.76,32.49,12.81,22.08
2025-05-19,4179.23,35.45,13.04,22.72,32.5,12.78,22.08
2025-05-20,4201.06,35.6,13.1,22.89,32.64,12.84,22.32
2025-05-21,4217.63,35.64,13.16,22.9,32.68,12.89,22.36
2025-05-22,4205.37,35.32,13.13,22.79,32.39,12.87,22.19
2025-05-23,4170.64,35.36,13.03,22.63,32.08,12.77,22.07
2025-05-26,4155.95,35.44,12.98,22.65,32.16,12.72,21.87
2025-05-27,4136.11,35.32,12.95,22.68,32.05,12.69,21.85
2025-05-28,4130.78,35.21,12.94,22.52,31.95,12.68,21.93
2025-05-29,4164.28,35.71,13.01,22.73,32.44,12.74,22.13
2025-05-30,4140.33,35.83,12.97,22.66,32.56,12.71,22.15
2025-06-03,4154.22,36.02,13.02,22.92,32.73,12.75,22.19
2025-06-04,4175.91,35.58,13.06,23.04,32.63,12.79,22.4
2025-06-05,4188.77,36.09,13.09,22.88,32.75,12.83,22.46
2025-06-06,4184.43,36.06,13.09,22.74,32.71,12.82,22.38
2025-06-09,4201.63,35.96,13.11,22.79,32.97,12.84,22.38
2025-06-10,4176.84,35.99,13.06,22.82,33.02,12.79,22.27
2025-06-11,4206.76,35.84,13.31,23.06,33.22,13.04,22.48
2025-06-12,4206.13,35.88,13.3,23.31,33.24,13.02,22.81
2025-06-13,4172.49,35.91,13.23,22.91,32.92,12.96,22.37
2025-06-16,4185.37,36.93,13.32,23.79,33.64,13.06,23.13
2025-06-17,4179.45,36.83,13.32,23.78,33.56,13.06,22.93
2025-06-18,4182.18,36.44,13.35,23.57,33.55,13.08,22.79
2025-06-19,4143.67,36.36,13.31,23.29,33.16,13.05,22.54
2025-06-20,4139.49,36.48,13.32,23.3,32.93,13.06,22.36
2025-06-23,4155.02,36.4,13.4,23.52,33.21,13.14,22.58
2025-06-24,4209.18,36.31,13.53,23.69,33.43,13.27,22.83
2025-06-25,4272.22,37.01,13.69,24.01,34.11,13.43,23.35
2025-06-26,4256.41,36.86,13.68,23.73,33.99,13.41,23.08
2025-06-27,4241.78,36.97,13.56,23.68,34.1,13.3,23.0
2025-06-30,4262.96,37.27,13.62,23.93,34.45,13.35,23.22
2025-07-01,4271.93,37.4,13.67,23.97,34.55,13.41,23.29
2025-07-02,4264.83,36.72,13.66,23.74,34.66,13.4,23.09
2025-07-03,4289.93,37.34,13.71,23.83,34.48,13.44,23.33
2025-07-04,4299.14,37.23,13.77,23.93,34.37,13.5,23.23
2025-07-07,4283.43,37.18,13.73,23.94,34.31,13.46,23.1
2025-07-08,4324.61,37.67,13.82,24.13,34.76,13.55,23.52
2025-07-09,4314.41,37.14,13.82,24.32,34.6,13.55,23.43
2025-07-10,4334.87,38.06,13.89,24.45,34.77,13.62,23.55
2025-07-11,4346.97,38.0,13.88,24.4,35.08,13.61,23.58
2025-07-14,4348.1,37.52,13.89,24.46,34.6,13.62,23.68
2025-07-15,4348.82,37.92,13.87,24.24,34.6,13.61,23.46
2025-07-16,4339.03,37.9,13.84,24.14,34.58,13.58,23.53
2025-07-17,4373.14,37.64,13.89,24.58,35.03,13.63,23.79
2025-07-18,4395.62,38.14,13.96,24.58,35.16,13.7,23.89
2025-07-21,4428.88,38.15,14.04,24.88,35.48,13.78,24.0
2025-07-22,4465.37,38.07,14.13,25.02,35.74,13.87,24.19
2025-07-23,4462.89,38.34,14.14,24.95,35.65,13.87,24.41
2025-07-24,4504.51,38.62,14.21,25.36,36.33,13.94,24.7
2025-07-25,4488.12,38.96,14.13,24.9,36.26,13.86,24.31
2025-07-28,4499.53,39.09,14.15,24.98,36.35,13.87,24.33
2025-07-29,4518.65,39.29,14.01,25.0,36.61,13.74,24.58
2025-07-30,4510.24,39.39,14.04,24.86,36.35,13.76,24.65
2025-07-31,4433.07,39.16,13.84,24.08,35.83,13.55,24.03
2025-08-01,4414.05,39.03,13.77,24.02,35.7,13.48,24.03
2025-08-04,4435.79,39.3,13.84,24.19,35.93,13.55,23.94
2025-08-05,4469.81,39.14,13.97,24.27,36.11,13.67,24.11
2025-08-06,4488.01,39.42,14.01,24.72,36.37,13.71,24.29
2025-08-07,4485.24,39.34,14.02,24.74,36.63,13.72,24.18
2025-08-08,4474.83,39.14,14.01,24.7,36.47,13.69,24.22
2025-08-11,4501.7,39.55,14.02,24.73,36.98,13.7,24.47
2025-08-12,4523.73,40.04,14.1,24.77,37.07,13.77,24.58
2025-08-13,4566.84,40.06,14.14,24.85,37.44,13.81,24.64
2025-08-14,4549.54,39.62,14.11,25.0,36.63,13.78,24.49
2025-08-15,4598.84,40.12,14.19,25.37,37.44,13.85,24.78
2025-08-18,4647.22,40.52,14.3,25.74,37.68,13.95,24.86
2025-08-19,4631.96,39.99,14.27,25.71,36.76,13.93,24.83
2025-08-20,4684.08,40.46,14.41,25.86,37.53,14.06,25.16
2025-08-21,4692.94,40.36,14.46,25.97,37.17,14.1,25.25
2025-08-22,4787.24,41.32,14.67,26.17,37.71,14.31,25.59
2025-08-25,4884.53,42.12,14.9,26.44,37.76,14.52,25.83
2025-08-26,4873.5,42.07,14.86,26.45,37.94,14.47,25.88
2025-08-27,4801.21,41.56,14.61,26.12,37.47,14.21,25.25
2025-08-28,4891.3,42.55,14.79,26.57,38.06,14.42,25.23
2025-08-29,4923.87,42.64,14.89,26.57,38.78,14.49,25.22
2025-09-01,4957.91,43.11,14.94,26.81,38.98,14.5,25.13
2025-09-02,4903.37,42.16,14.9,26.45,38.52,14.45,25.28
2025-09-03,4861.33,42.63,14.75,26.32,38.62,14.31,24.88
2025-09-04,4753.63,41.54,14.57,26.05,38.1,14.14,24.65
2025-09-05,4870.26,42.87,14.77,26.79,39.18,14.32,25.4
2025-09-08,4890.73,42.93,14.81,27.07,39.16,14.36,25.59
2025-09-09,4853.8,42.36,14.71,27.31,38.64,14.27,25.48
2025-09-10,4861.68,42.4,14.75,26.98,38.67,14.31,25.31
2025-09-11,4979.69,43.29,15.02,27.35,39.33,14.57,26.06
2025-09-12,4963.53,44.12,14.97,27.31,38.93,14.52,25.66
2025-09-15,4970.44,43.41,14.97,27.37,38.93,14.52,25.88
2025-09-16,4972.72,42.91,14.95,27.25,39.15,14.5,26.05
2025-09-17,5007.85,43.55,15.03,27.56,39.46,14.58,26.06
2025-09-18,4954.18,43.18,14.84,26.94,39.2,14.39,25.87
2025-09-19,4951.69,43.72,14.83,26.82,39.05,14.39,25.56
2025-09-22,4978.54,43.68,14.85,26.74,39.34,14.41,25.39
2025-09-23,4967.94,42.98,14.88,26.61,39.46,14.44,25.39
2025-09-24,5031.85,43.82,15.0,26.85,40.22,14.55,25.63
2025-09-25,5057.12,43.2,15.03,27.06,39.92,14.58,25.51
2025-09-26,5003.48,43.37,14.93,27.02,39.49,14.48,25.39
2025-09-29,5080.13,44.07,15.09,27.45,39.7,14.65,26.06
2025-09-30,5108.27,43.88,15.15,27.66,40.09,14.69,25.92
2025-10-09,5188.99,44.21,15.35,28.3,40.75,14.89,26.58
2025-10-10,5086.5,45.0,15.18,27.88,39.93,14.72,26.37
2025-10-13,5064.12,44.64,15.11,27.58,39.84,14.65,26.12
2025-10-14,4986.04,43.55,15.01,27.16,38.91,14.56,25.65
2025-10-15,5058.5,44.09,15.18,27.55,39.35,14.73,25.97
2025-10-16,5056.5,43.03,15.25,27.17,39.08,14.79,25.78
2025-10-17,4932.62,42.46,14.96,26.4,39.05,14.51,25.3
2025-10-20,4961.88,42.79,15.05,26.62,40.05,14.58,25.3
2025-10-21,5039.44,43.13,15.24,26.95,39.85,14.74,25.64
2025-10-22,5016.46,43.11,15.23,26.73,39.88,14.72,25.26
2025-10-23,5030.21,43.11,15.29,26.97,39.56,14.78,25.4
2025-10-24,5095.43,43.5,15.42,27.24,39.68,14.9,25.44
2025-10-27,5162.43,43.85,15.61,27.54,39.81,15.04,25.42
2025-10-28,5135.97,43.76,15.55,27.32,39.41,14.97,25.59
2025-10-29,5206.97,44.49,15.69,27.9,40.2,15.01,25.94
2025-10-30,5158.72,44.3,15.57,27.63,39.76,14.87,26.0
2025-10-31,5092.98,43.55,15.39,27.38,37.95,14.49,25.57
2025-11-03,5103.68,43.92,15.47,27.47,38.01,14.57,25.74
2025-11-04,5052.85,43.3,15.39,27.21,37.45,14.51,25.49
2025-11-05,5063.18,43.34,15.41,27.17,37.49,14.52,25.95
2025-11-06,5138.0,44.28,15.58,27.45,37.99,14.68,26.24
2025-11-07,5122.95,44.16,15.54,27.21,37.88,14.64,26.17
2025-11-10,5138.96,44.3,15.62,27.64,38.05,14.71,25.92
2025-11-11,5094.81,43.95,15.52,27.57,38.11,14.62,26.0
2025-11-12,5080.73,43.6,15.55,27.46,37.8,14.65,25.64
2025-11-13,5146.74,44.24,15.67,27.87,38.31,14.76,25.99
2025-11-14,5065.03,43.53,15.48,27.58,38.05,14.58,25.77
2025-11-17,5040.9,43.14,15.37,27.34,38.0,14.47,25.49
2025-11-18,5001.17,43.08,15.27,27.07,37.62,14.37,25.29
2025-11-19,5011.97,42.88,15.35,27.08,37.45,14.46,25.35
2025-11-20,4981.87,42.56,15.32,27.13,37.15,14.43,25.16
2025-11-21,4846.8,41.49,15.0,26.11,36.35,14.13,24.31
2025-11-24,4852.01,41.81,14.96,26.26,36.62,14.09,24.42
2025-11-25,4902.01,42.23,15.09,26.54,36.94,14.21,24.71
2025-11-26,4925.78,42.26,15.09,26.42,36.95,14.22,24.58
2025-11-27,4921.42,42.51,15.11,26.41,36.88,14.23,24.45
2025-11-28,4945.49,42.62,15.13,26.71,37.27,14.25,24.66
2025-12-01,4998.59,43.12,15.26,27.07,36.57,14.37,24.8
2025-12-02,4969.3,42.75,15.21,26.81,37.06,14.33,24.63
2025-12-03,4942.41,42.46,15.13,26.59,36.83,14.25,24.49
2025-12-04,4957.92,42.51,15.15,26.99,36.5,14.28,24.38
2025-12-05,5004.29,42.59,15.24,27.3,36.55,14.36,25.03
2025-12-08,5048.09,43.04,15.32,27.43,37.3,14.43,24.87
2025-12-09,5019.66,42.83,15.26,27.2,37.04,14.38,24.82
2025-12-10,5021.04,43.01,15.21,27.39,37.2,14.33,24.82
2025-12-11,4975.57,42.77,15.11,27.21,37.1,14.23,24.69
2025-12-12,5014.91,43.27,15.17,27.5,37.13,14.29,24.88
2025-12-15,4981.32,44.85,15.2,28.24,39.47,14.32,25.57
2025-12-16,4916.58,44.2,15.05,27.6,38.94,14.18,25.25
2025-12-17,5008.12,45.11,15.27,28.01,39.3,14.38,25.57
2025-12-18,4979.47,44.76,15.26,28.22,39.06,14.37,25.16
2025-12-19,5004.59,45.08,15.29,28.67,38.6,14.4,25.48
2025-12-22,5055.51,45.36,15.4,28.65,39.54,14.51,25.63
2025-12-23,5063.05,45.66,15.43,28.63,39.12,14.54,25.64
2025-12-24,5091.44,46.25,15.49,28.69,40.07,14.59,25.67
2025-12-25,5109.13,46.57,15.53,28.98,39.61,14.63,26.01
2025-12-26,5129.89,46.41,15.56,29.03,39.78,14.65,25.95
2025-12-29,5110.28,46.26,15.55,28.99,39.31,14.65,25.76
2025-12-30,5125.11,46.44,15.58,28.81,39.78,14.68,26.02
2025-12-31,5109.17,45.96,15.57,28.74,39.38,14.67,25.79
2026-01-05,5214.24,47.04,15.78,29.2,40.3,14.86,26.49
2026-01-06,5303.14,47.19,16.01,29.74,40.76,15.08,26.91
2026-01-07,5303.15,47.48,15.96,29.64,40.64,15.03,26.96
2026-01-08,5275.37,47.87,15.87,29.48,40.75,14.95,26.82
2026-01-09,5322.55,48.32,15.98,29.95,41.42,15.05,27.4
2026-01-12,5383.18,49.28,16.1,30.28,42.44,15.16,27.31
2026-01-13,5340.31,48.53,16.06,30.24,41.91,15.13,27.38
2026-01-14,5340.62,48.6,16.0,30.27,42.31,15.06,27.62
2026-01-15,5347.43,48.64,15.98,30.42,42.31,15.04,27.77
2026-01-16,5333.45,49.12,15.91,30.18,41.97,14.97,27.54
2026-01-19,5345.79,49.32,15.93,30.62,42.11,14.99,28.33
2026-01-20,5325.81,48.6,15.94,30.65,41.87,15.01,28.19
2026-01-21,5346.31,48.76,15.93,30.62,42.28,15.0,28.31
2026-01-22,5355.64,48.65,15.94,30.67,42.15,15.01,28.24
2026-01-23,5376.18,49.1,15.93,30.97,43.27,14.99,28.35
2026-01-26,5364.28,48.88,15.98,30.76,43.08,15.03,28.21
2026-01-27,5371.1,49.05,15.98,30.68,43.27,15.03,27.89
2026-01-28,5390.68,49.58,16.07,30.56,42.95,15.12,28.43
2026-01-29,5404.07,48.75,16.15,30.42,42.97,15.19,28.33
2026-01-30,5338.51,48.86,15.97,29.61,42.42,15.03,27.59
2026-02-02,5195.9,47.48,15.59,28.93,40.75,14.68,26.9
2026-02-03,5285.77,48.77,15.74,29.65,41.89,14.82,27.85
2026-02-04,5319.08,48.76,15.91,30.05,41.93,14.96,27.69
2026-02-05,5267.96,48.5,15.81,29.88,41.23,14.88,27.34
2026-02-06,5246.45,48.42,15.77,30.04,41.54,14.84,27.41
2026-02-09,5337.74,48.73,15.97,30.11,42.03,15.02,27.97
2026-02-10,5341.05,48.87,16.0,30.42,42.09,15.05,28.03
2026-02-11,5336.22,48.46,16.01,30.41,42.0,15.06,28.36
2026-02-12,5358.99,49.27,16.02,30.8,42.5,15.07,28.35
2026-02-13,5288.4,48.38,15.79,30.37,41.98,14.86,27.96
2026-02-24,5343.63,49.15,15.97,30.49,42.69,15.02,28.48
2026-02-25,5391.41,49.79,16.06,30.62,43.2,15.11,28.63
2026-02-26,5389.66,49.7,16.01,30.71,43.51,15.07,28.78
2026-02-27,5395.39,49.86,16.03,30.88,43.45,15.09,29.08
2026-03-02,5409.87,49.6,16.19,30.76,42.95,15.24,29.04
2026-03-03,5281.43,48.68,16.07,30.16,42.19,15.13,28.23
2026-03-04,5232.52,48.69,15.91,30.06,42.72,14.97,28.25
2026-03-05,5279.95,49.06,15.98,30.4,43.08,15.05,28.64
2026-03-06,5299.69,48.59,16.0,30.1,42.93,15.07,28.86
2026-03-09,5248.51,48.82,15.95,29.8,43.28,15.01,28.6
2026-03-10,5320.48,49.09,15.95,30.25,43.1,15.05,28.91
2026-03-11,5343.1,48.97,16.02,30.19,42.71,15.15,29.24
2026-03-12,5321.34,48.3,16.01,30.12,42.45,15.14,29.08
2026-03-13,5284.32,47.99,15.98,29.62,42.49,15.14,28.54
2026-03-16,5276.12,48.42,15.95,29.28,42.29,15.12,28.51
2026-03-17,5217.28,47.79,15.86,29.08,41.5,15.03,28.1
2026-03-18,5249.01,48.15,15.9,29.31,41.94,15.07,28.21
2026-03-19,5147.91,47.25,15.74,28.47,40.89,14.92,27.43
2026-03-20,5113.12,46.62,15.65,28.1,40.74,14.83,27.05
2026-03-23,4934.02,44.69,15.16,26.82,39.57,14.37,25.93
2026-03-24,5008.71,45.33,15.31,27.52,39.94,14.53,26.48
2026-03-25,5090.78,46.19,15.47,28.03,40.77,14.71,26.93
2026-03-26,5019.28,45.21,15.18,27.6,40.36,14.62,26.64
2026-03-27,5057.13,45.67,15.2,27.79,40.72,14.75,26.87
2026-03-30,5051.58,45.09,15.12,27.61,40.71,14.81,26.75
2026-03-31,4992.57,43.31,14.96,26.81,40.6,14.76,26.44
2026-04-01,5078.35,43.88,15.11,27.37,41.12,14.92,26.9
2026-04-02,5013.55,43.0,14.99,26.7,40.87,14.81,26.26
2026-04-03,4969.83,43.38,14.86,26.34,40.85,14.67,25.99
2026-04-07,4976.41,44.01,14.86,26.46,41.44,14.68,25.92
2026-04-08,5170.45,44.41,15.22,27.47,41.88,15.04,27.09
2026-04-09,5138.22,44.05,15.13,27.01,42.29,14.95,26.64
2026-04-10,5207.92,44.26,15.25,27.09,42.37,15.08,27.0
2026-04-13,5215.32,44.47,15.3,27.06,42.57,15.12,26.99
2026-04-14,5282.09,44.76,15.44,27.13,42.73,15.25,27.26
2026-04-15,5260.93,44.59,15.5,27.04,42.52,15.3,27.11
2026-04-16,5327.48,45.51,15.63,27.44,42.88,15.41,27.52
2026-04-17,5327.44,45.73,15.6,27.62,43.13,15.39,27.27
2026-04-20,5364.65,45.71,15.73,27.91,43.28,15.54,27.5
2026-04-21,5369.48,45.53,15.76,28.2,43.46,15.58,27.59
2026-04-22,5414.57,46.23,15.83,28.3,43.62,15.64,27.71
2026-04-23,5388.84,45.48,15.78,27.57,44.56,15.61,27.74
2026-04-24,5366.41,45.0,15.72,27.7,44.33,15.53,27.41
2026-04-27,5377.18,44.71,15.75,27.64,44.2,15.56,27.97
2026-04-28,5349.29,44.13,15.78,27.78,42.28,15.53,27.44
2026-04-29,5416.92,43.6,15.92,28.18,41.76,15.61,27.79
2026-04-30,5415.79,44.05,15.9,28.62,41.92,15.57,27.52
2026-05-06,5516.27,44.12,16.15,29.25,42.22,15.79,28.32
2026-05-07,5555.22,44.61,16.17,29.16,42.56,15.81,28.35
2026-05-08,5531.74,45.28,16.11,29.16,42.57,15.75,28.22
2026-05-11,5623.03,45.46,16.3,29.21,42.98,15.93,28.3
2026-05-12,5610.0,45.54,16.26,29.13,43.11,15.9,27.86
2026-05-13,5675.0,45.79,16.37,29.17,42.94,16.0,28.55
2026-05-14,5561.6,45.63,16.13,28.61,42.82,15.77,27.63
2026-05-15,5492.53,45.35,15.98,28.26,42.26,15.62,27.44
2026-05-18,5474.89,45.77,15.94,28.13,42.28,15.58,26.99
2026-05-19,5504.14,45.43,16.03,28.3,41.97,15.67,27.29
2026-05-20,5507.65,45.43,15.99,27.96,41.93,15.63,26.88
2026-05-21,5409.38,44.61,15.76,27.77,41.22,15.41,26.52
2026-05-22,5488.41,45.31,15.89,27.64,42.23,15.54,27.15
2026-05-25,5573.49,45.6,16.08,27.64,41.75,15.72,27.02
2026-05-26,5586.2,45.3,16.13,27.46,41.84,15.77,27.07
2026-05-27,5530.59,45.73,15.97,27.29,41.92,15.61,26.73
2026-05-28,5541.44,45.47,15.98,27.15,41.71,15.62,26.39
2026-05-29,5485.86,45.14,15.91,26.99,41.09,15.56,26.19
2026-06-01,5431.52,44.73,15.85,27.2,41.09,15.5,26.08
2026-06-02,5496.82,45.14,15.99,26.98,40.76,15.64,26.02
2026-06-03,5523.88,45.32,16.03,26.79,40.93,15.68,25.84
2026-06-04,5495.48,44.79,15.9,26.24,40.78,15.56,25.47
2026-06-05,5405.26,43.93,15.72,25.91,40.01,15.38,25.14
2026-06-08,5268.79,42.47,15.48,25.25,39.03,15.15,24.25
2026-06-09,5379.19,43.53,15.67,25.47,40.02,15.33,24.41
2026-06-10,5315.54,43.23,15.55,25.17,39.4,15.22,24.14
2026-06-11,5289.28,43.06,15.51,25.0,39.23,15.18,24.06
2026-06-12,5346.5,43.58,15.69,25.68,40.09,15.36,24.58
2026-06-15,5493.64,46.78,16.28,28.0,42.42,15.92,27.17
2026-06-16,5505.72,47.18,16.22,27.61,42.89,15.87,26.92
2026-06-17,5565.51,48.16,16.31,27.46,43.01,15.95,26.79
2026-06-18,5582.09,47.95,16.23,26.94,43.16,15.88,26.24
2026-06-22,5713.38,49.09,16.57,27.47,43.74,16.21,26.84
2026-06-23,5566.78,48.49,16.27,27.26,43.18,15.92,26.33
2026-06-24,5613.74,48.64,16.3,27.0,43.6,15.95,26.54
2026-06-25,5693.6,48.87,16.41,27.05,43.74,16.05,26.55
2026-06-26,5527.79,47.11,15.98,25.94,43.55,15.64,25.27
2026-06-29,5596.71,47.56,16.15,26.38,42.48,15.8,25.24
2026-06-30,5677.23,48.2,16.23,26.42,42.67,15.88,25.62
2026-07-01,5660.13,48.4,16.24,26.96,43.9,15.89,25.94
2026-07-02,5480.56,47.91,15.87,26.84,43.56,15.53,25.84
2026-07-03,5514.06,48.15,15.98,26.96,43.82,15.64,25.98
2026-07-06,5497.02,47.3,16.01,27.05,43.35,15.67,25.54
2026-07-07,5430.96,47.08,15.87,26.58,42.91,15.53,25.11
2026-07-08,5379.72,46.67,15.82,26.2,42.99,15.48,24.74
2026-07-09,5525.27,47.18,16.09,26.13,43.06,15.75,24.94
2026-07-10,5420.75,46.64,15.91,26.52,42.93,15.56,24.81
2026-07-13,5285.5,44.96,15.68,25.96,42.2,15.34,24.2
2026-07-14,5392.61,46.24,15.93,26.15,41.96,15.59,24.74
2026-07-15,5361.64,46.32,15.91,26.45,41.83,15.57,24.79
2026-07-16,5255.23,44.7,15.65,26.38,41.69,15.31,24.92
2026-07-17,5037.96,43.05,15.24,25.41,40.58,14.92,24.26
2026-07-20,5075.96,43.45,15.5,25.92,40.27,15.17,24.58
2026-07-21,5260.62,43.85,15.82,26.0,41.33,15.48,24.77
2026-07-22,5233.92,44.07,15.81,26.56,41.41,15.47,24.8
2026-07-23,5239.57,44.75,15.85,26.58,41.72,15.51,25.31
2026-07-24,5139.18,43.93,15.6,25.61,41.39,15.27,24.46
2026-07-27,5216.28,44.94,15.76,26.14,41.65,15.4,25.02
2026-07-28,5058.27,43.76,15.51,26.02,41.26,15.16,24.53
2026-07-29,5097.86,44.46,15.58,26.82,40.85,15.22,25.11
2026-07-30,5018.1,43.36,15.51,26.78,39.77,15.15,25.36
2026-07-31,5082.55,43.79,15.59,26.74,40.47,15.23,25.63
2026-08-03,5031.62,43.44,15.45,26.71,39.77,15.08,25.63
2026-08-04,5113.3,43.73,15.5,26.75,40.39,15.13,25.78
2026-08-05,5196.13,44.48,15.66,27.02,41.04,15.28,25.97
