日期,指数,等权静态市盈率,静态市盈率,静态市盈率中位数,等权滚动市盈率,滚动市盈率,滚动市盈率中位数
2005-04-08,1003.45,33.19,15.68,21.17,30.39,14.98,20.65
2005-04-11,995.42,33.43,15.76,21.4,29.77,15.12,20.65
2005-04-12,978.7,32.45,15.21,20.85,29.03,14.75,20.3
2005-04-13,1000.9,32.99,15.59,21.45,29.53,15.12,20.78
2005-04-14,986.98,32.23,15.42,21.14,28.95,14.99,20.56
2005-04-15,974.08,31.11,15.22,20.85,28.68,14.79,20.52
2005-04-18,963.77,31.93,14.96,20.66,30.03,14.61,20.45
2005-04-19,965.89,32.38,15.0,20.87,30.54,14.58,20.75
2005-04-20,950.87,32.74,14.91,20.86,31.27,14.39,20.4
2005-04-21,943.98,32.02,14.82,20.76,31.43,14.3,20.28
2005-04-22,939.1,31.66,14.84,20.62,30.65,14.33,20.11
2005-04-25,930.07,31.39,14.73,20.43,30.59,14.15,19.73
2005-04-26,937.08,32.9,14.51,20.38,32.17,14.28,20.03
2005-04-27,926.6,32.96,14.34,20.15,32.25,14.09,19.97
2005-04-28,942.07,33.75,14.58,20.57,33.06,14.3,20.33
2005-04-29,932.4,33.66,14.48,20.36,31.53,13.99,20.27
2005-05-09,909.17,32.67,14.33,20.11,31.0,13.71,19.63
2005-05-10,913.08,32.8,14.43,20.3,31.06,13.81,20.17
2005-05-11,901.85,32.61,14.25,20.05,31.85,13.64,20.11
2005-05-12,885.82,32.38,13.93,19.67,31.52,13.32,19.76
2005-05-13,887.54,32.75,13.94,19.75,31.86,13.33,19.84
2005-05-16,875.27,32.36,13.76,19.69,31.51,13.16,19.56
2005-05-17,881.46,32.7,13.76,19.62,31.86,13.15,19.74
2005-05-18,883.2,33.02,13.76,19.8,32.19,13.15,19.7
2005-05-19,884.17,33.0,13.76,19.85,32.13,13.15,19.8
2005-05-20,882.76,32.76,13.73,19.82,31.86,13.12,19.88
2005-05-23,863.34,31.78,13.39,19.32,30.87,12.79,19.66
2005-05-24,868.46,32.44,13.36,19.46,31.49,12.75,19.67
2005-05-25,868.45,32.5,13.32,19.46,31.56,12.72,19.62
2005-05-26,857.33,32.13,13.15,19.0,31.17,12.56,19.11
2005-05-27,849.51,31.95,13.06,19.0,30.98,12.47,18.77
2005-05-30,855.61,32.35,13.16,18.99,31.37,12.57,18.93
2005-05-31,855.95,32.25,13.17,19.14,31.23,12.58,19.01
2005-06-01,837.53,31.54,12.88,18.73,30.51,12.3,18.59
2005-06-02,818.38,31.16,12.59,18.3,30.09,12.02,18.11
2005-06-03,818.03,30.96,12.55,18.02,29.89,11.98,18.27
2005-06-06,839.0,31.47,12.84,18.44,30.43,12.26,18.48
2005-06-07,837.28,31.57,12.77,18.37,30.48,12.19,18.53
2005-06-08,905.77,34.05,13.84,19.81,32.88,13.22,20.07
2005-06-09,912.6,34.56,14.03,19.76,33.29,13.39,20.1
2005-06-10,894.56,33.8,13.71,19.39,32.56,13.09,19.78
2005-06-13,892.96,33.86,13.68,19.41,32.61,13.06,19.69
2005-06-14,883.54,33.22,13.56,19.32,32.06,12.94,19.47
2005-06-15,866.83,32.28,13.3,18.97,31.17,12.71,19.08
2005-06-16,879.24,32.56,13.47,19.11,31.4,12.86,19.26
2005-06-17,880.35,32.54,13.45,19.02,31.29,12.85,19.22
2005-06-20,906.26,33.51,13.84,19.97,32.2,13.22,20.05
2005-06-21,896.17,33.06,13.63,19.75,31.83,13.03,19.64
2005-06-22,900.65,33.14,13.63,19.91,31.94,13.02,19.62
2005-06-23,893.57,32.69,13.55,19.64,31.55,12.95,19.56
2005-06-24,898.3,32.82,13.66,19.58,31.65,13.06,19.55
2005-06-27,916.04,33.64,13.92,20.07,32.43,13.31,20.18
2005-06-28,903.72,32.9,13.72,19.79,31.82,13.12,19.88
2005-06-29,898.9,32.74,13.66,19.42,31.68,13.06,19.82
2005-06-30,878.69,31.92,13.35,19.25,30.95,12.76,19.31
2005-07-01,859.49,29.71,13.02,18.85,28.49,12.47,18.63
2005-07-04,855.93,29.14,12.97,18.31,28.03,12.42,18.04
2005-07-05,849.68,28.81,12.85,18.33,27.75,12.31,17.99
2005-07-06,842.56,28.7,12.78,18.29,27.53,12.24,17.93
2005-07-07,844.73,28.73,12.84,18.46,27.63,12.3,17.99
2005-07-08,829.49,27.85,12.63,17.73,26.77,12.11,17.42
2005-07-11,824.1,27.46,12.56,17.65,26.4,12.04,17.3
2005-07-12,851.82,28.47,12.98,18.13,27.32,12.44,17.75
2005-07-13,846.23,28.2,12.88,18.1,27.08,12.34,17.76
2005-07-14,849.59,28.23,12.93,18.31,27.12,12.39,17.84
2005-07-15,841.0,27.61,12.81,17.97,26.6,12.26,17.71
2005-07-18,833.0,27.06,12.7,17.56,26.13,12.16,17.4
2005-07-19,835.61,27.27,12.71,17.66,26.3,12.16,17.88
2005-07-20,842.64,27.43,12.81,17.7,26.45,12.26,17.95
2005-07-21,843.99,27.42,12.83,17.73,26.44,12.28,17.68
2005-07-22,859.69,28.18,13.14,18.21,27.22,12.58,18.09
2005-07-25,856.86,28.11,13.12,18.28,27.19,12.56,18.03
2005-07-26,876.48,28.79,13.47,18.8,27.86,12.88,18.61
2005-07-27,894.01,29.45,13.7,19.13,28.46,13.08,19.04
2005-07-28,890.89,29.28,13.67,18.82,28.33,13.03,18.92
2005-07-29,888.16,29.16,13.6,18.64,28.18,12.94,18.73
2005-08-01,891.61,29.4,13.66,18.61,28.34,12.98,18.96
2005-08-02,903.6,30.07,13.86,18.96,28.97,13.15,19.52
2005-08-03,909.57,30.37,13.9,19.35,29.27,13.19,19.66
2005-08-04,904.15,30.22,13.84,19.25,29.11,13.14,19.85
2005-08-05,923.8,30.9,14.13,19.58,29.75,13.42,20.3
2005-08-08,927.47,31.19,14.23,19.68,29.92,13.52,20.33
2005-08-09,933.09,31.66,14.37,19.95,30.13,13.63,20.24
2005-08-10,940.37,31.91,14.51,20.12,30.48,13.75,20.33
2005-08-11,953.99,32.29,14.78,20.36,30.84,13.95,20.92
2005-08-12,938.32,31.74,14.55,19.94,30.19,13.73,20.51
2005-08-15,954.5,32.41,14.71,20.12,30.86,13.88,20.84
2005-08-16,945.06,32.34,14.53,20.44,30.83,13.58,20.78
2005-08-17,953.01,32.86,14.64,20.62,31.34,13.69,21.05
2005-08-18,920.67,31.59,14.06,19.71,29.86,13.11,20.15
2005-08-19,923.04,31.63,14.11,19.57,29.97,13.12,20.0
2005-08-22,931.67,31.99,14.2,19.68,30.24,13.23,20.29
2005-08-23,923.41,31.47,14.12,19.58,29.95,13.16,20.46
2005-08-24,930.65,31.83,14.31,19.71,30.34,13.33,20.3
2005-08-25,930.12,32.11,14.31,19.6,29.84,13.35,20.05
2005-08-26,928.26,32.22,14.29,19.62,30.03,13.35,20.1
2005-08-29,917.37,31.9,14.05,19.82,28.53,12.98,19.83
2005-08-30,914.88,31.72,13.97,19.48,28.53,12.85,19.45
2005-08-31,927.92,32.31,14.13,19.81,28.53,12.88,19.81
2005-09-01,944.56,33.11,14.39,20.4,29.18,13.1,20.18
2005-09-02,947.87,33.36,14.41,20.71,29.36,13.13,20.2
2005-09-05,952.72,33.8,14.44,21.15,29.68,13.13,20.62
2005-09-06,936.61,32.91,14.21,20.7,28.97,12.93,20.08
2005-09-07,952.76,33.86,14.42,21.02,29.55,13.12,20.4
2005-09-08,955.28,33.97,14.43,21.19,29.61,13.12,20.47
2005-09-09,949.07,33.57,14.39,20.91,29.35,13.09,20.4
2005-09-12,949.51,33.7,14.34,21.22,28.5,13.05,20.18
2005-09-13,963.77,34.42,14.55,21.45,29.06,13.23,20.69
2005-09-14,970.19,34.68,14.66,21.44,29.32,13.33,20.87
2005-09-15,969.6,34.81,14.63,21.37,29.39,13.31,21.12
2005-09-16,967.5,34.79,14.57,21.4,29.34,13.25,21.05
2005-09-19,971.14,34.22,14.61,21.5,29.61,13.27,21.28
2005-09-20,961.92,33.86,14.48,21.38,29.3,13.15,20.75
2005-09-21,944.41,34.31,14.16,20.93,28.88,12.87,20.54
2005-09-22,923.27,33.25,13.87,20.24,27.03,12.62,20.11
2005-09-23,916.15,32.8,13.82,20.01,27.78,12.57,20.07
2005-09-26,918.49,32.87,13.84,20.06,26.86,12.59,20.01
2005-09-27,904.21,32.11,13.58,19.78,26.29,12.37,19.79
2005-09-28,903.72,31.94,13.57,19.82,26.14,12.36,19.67
2005-09-29,915.98,32.51,13.83,19.99,26.56,12.6,19.97
2005-09-30,917.39,32.44,13.86,19.86,26.51,12.63,20.19
2005-10-10,907.32,31.93,13.68,19.57,26.09,12.47,19.82
2005-10-11,919.72,32.72,13.87,19.96,26.66,12.64,20.07
2005-10-12,923.49,33.01,13.89,20.03,26.83,12.65,20.21
2005-10-13,916.5,32.73,13.76,19.77,26.6,12.53,20.09
2005-10-14,904.83,32.33,13.59,19.45,26.25,12.38,19.95
2005-10-17,897.62,32.16,13.43,19.13,26.09,12.24,19.57
2005-10-18,902.37,32.56,13.5,19.33,26.42,12.31,19.89
2005-10-19,898.74,32.47,13.43,19.15,26.21,12.23,19.69
2005-10-20,899.92,32.3,13.47,19.32,26.3,12.27,19.61
2005-10-21,904.41,32.53,13.52,19.35,26.47,12.29,19.4
2005-10-24,906.65,32.43,13.47,19.46,26.89,12.26,19.52
2005-10-25,894.27,31.79,13.27,18.9,26.32,12.06,18.79
2005-10-26,875.82,30.99,12.96,18.52,25.71,11.76,18.44
2005-10-27,875.85,30.66,13.0,18.65,25.52,11.81,18.42
2005-10-28,867.73,30.15,12.83,18.51,24.95,11.7,18.29
2005-10-31,876.28,30.21,12.99,18.63,25.42,11.78,18.31
2005-11-01,872.87,29.93,12.99,18.46,25.61,11.91,18.17
2005-11-02,882.48,30.51,13.12,18.58,26.04,12.02,18.45
2005-11-03,874.58,30.18,13.03,18.49,25.7,11.94,18.36
2005-11-04,878.36,30.35,13.07,18.37,25.88,11.97,18.36
2005-11-07,877.28,30.57,13.01,18.55,25.93,11.92,18.33
2005-11-08,881.52,30.75,13.1,18.55,26.07,11.99,18.78
2005-11-09,879.25,30.63,13.1,18.26,25.98,11.99,18.66
2005-11-10,862.97,29.87,12.9,17.88,25.31,11.82,18.15
2005-11-11,864.79,30.05,12.92,17.96,25.39,11.83,18.29
2005-11-14,862.15,30.09,12.85,17.92,25.4,11.76,18.12
2005-11-15,856.64,29.8,12.86,17.75,25.18,11.77,17.95
2005-11-16,863.12,30.09,12.96,17.87,25.4,11.86,17.95
2005-11-17,862.66,30.05,12.96,17.96,25.4,11.86,17.97
2005-11-18,882.24,30.77,13.2,18.32,25.96,12.08,18.41
2005-11-21,883.87,30.83,13.19,18.34,26.01,12.06,18.6
2005-11-22,869.62,30.15,12.94,18.0,25.49,11.85,18.16
2005-11-23,876.23,30.39,13.02,18.37,25.66,11.92,18.27
2005-11-24,881.49,30.5,13.11,18.28,25.76,11.99,18.29
2005-11-25,884.11,30.51,13.12,18.06,25.76,12.01,18.32
2005-11-28,880.17,30.41,13.07,17.9,25.62,11.96,18.26
2005-11-29,871.31,30.06,12.94,17.87,25.39,11.84,18.02
2005-11-30,873.83,30.08,12.94,17.9,25.37,11.85,18.04
2005-12-01,873.07,29.92,12.94,17.94,25.17,11.85,18.05
2005-12-02,869.94,29.67,12.93,17.97,25.01,11.84,17.84
2005-12-05,859.61,29.1,12.81,17.61,24.58,11.75,17.42
2005-12-06,866.08,29.24,12.94,17.89,24.71,11.87,17.46
2005-12-07,873.84,29.53,13.09,17.99,24.91,12.0,17.57
2005-12-08,874.06,29.49,13.09,18.16,24.91,12.01,17.62
2005-12-09,887.36,29.98,13.25,18.38,25.3,12.15,17.9
2005-12-12,888.52,30.02,13.27,18.38,25.41,12.17,17.92
2005-12-13,889.1,30.0,13.3,18.43,25.4,12.2,17.96
2005-12-14,898.15,30.35,13.39,18.78,25.69,12.28,18.08
2005-12-15,896.43,30.99,13.39,18.64,25.58,12.28,18.03
2005-12-16,902.56,31.23,13.42,18.84,25.75,12.31,18.22
2005-12-19,902.91,31.2,13.48,18.69,25.75,12.36,18.18
2005-12-20,907.32,31.33,13.53,18.75,25.81,12.4,18.32
2005-12-21,903.14,31.11,13.46,18.62,25.67,12.34,18.09
2005-12-22,908.75,31.26,13.51,18.74,25.83,12.39,18.12
2005-12-23,915.89,31.54,13.6,18.9,26.07,12.48,18.36
2005-12-26,922.38,31.75,13.75,19.15,26.26,12.62,18.41
2005-12-27,919.36,31.66,13.69,19.03,26.16,12.56,18.36
2005-12-28,920.92,31.65,13.72,19.03,26.17,12.59,18.34
2005-12-29,932.03,31.94,13.88,19.33,26.47,12.74,18.44
2005-12-30,923.45,31.68,13.74,19.01,26.22,12.61,18.3
2006-01-04,941.43,33.79,14.18,20.24,26.81,12.81,18.42
2006-01-05,959.13,34.4,14.42,20.67,27.25,13.02,18.87
2006-01-06,970.03,34.8,14.54,20.94,27.52,13.12,18.99
2006-01-09,975.25,35.21,14.58,21.09,27.82,13.16,19.27
2006-01-10,978.15,35.34,14.64,21.23,27.89,13.21,19.33
2006-01-11,973.48,35.17,14.5,20.7,27.82,13.08,19.12
2006-01-12,983.72,35.83,14.66,20.94,28.29,13.21,19.49
2006-01-13,978.81,35.87,14.55,20.94,28.26,13.11,19.53
2006-01-16,961.44,35.29,14.34,20.44,27.81,12.92,19.25
2006-01-17,964.29,35.34,14.44,20.56,27.9,13.02,19.18
2006-01-18,983.62,36.02,14.72,20.94,28.43,13.26,19.51
2006-01-19,991.22,36.31,14.91,20.9,28.64,13.44,19.57
2006-01-20,993.34,36.49,14.96,20.68,28.74,13.49,19.44
2006-01-23,996.16,36.55,14.93,20.91,28.75,13.47,19.67
2006-01-24,999.09,36.52,14.89,20.99,28.82,13.44,19.7
2006-01-25,1009.6,36.51,15.01,20.91,28.98,13.56,19.93
2006-02-06,1033.23,37.28,15.37,21.35,29.57,13.9,20.52
2006-02-07,1029.94,37.43,15.3,21.43,29.48,13.82,20.43
2006-02-08,1033.07,37.62,15.38,21.51,29.67,13.88,20.27
2006-02-09,1019.6,36.92,15.13,21.16,29.17,13.66,20.03
2006-02-10,1032.34,37.37,15.28,21.64,29.52,13.8,20.34
2006-02-13,1031.61,37.25,15.23,21.87,29.45,13.76,20.46
2006-02-14,1038.53,37.76,15.3,21.89,30.02,13.84,20.38
2006-02-15,1041.66,37.81,15.49,21.82,30.05,14.02,20.34
2006-02-16,1020.12,36.88,15.17,21.08,29.32,13.72,19.7
2006-02-17,1020.37,36.5,15.15,20.96,29.03,13.72,19.88
2006-02-20,1021.64,36.23,15.2,20.92,28.85,13.78,19.69
2006-02-21,1038.82,36.97,15.48,21.17,29.36,14.03,19.8
2006-02-22,1037.89,36.86,15.44,21.11,29.3,13.99,19.62
2006-02-23,1041.37,36.87,15.49,20.94,29.26,14.02,19.6
2006-02-24,1049.44,37.12,15.57,21.32,29.41,14.09,19.91
2006-02-27,1047.85,36.89,15.58,21.24,29.27,14.1,19.88
2006-02-28,1053.01,37.04,15.55,21.05,29.36,14.08,19.76
2006-03-01,1056.62,36.33,15.6,21.47,29.52,14.13,19.98
2006-03-02,1038.67,35.58,15.24,21.03,28.9,13.86,19.61
2006-03-03,1041.68,35.43,15.34,21.0,28.93,13.96,19.69
2006-03-06,1038.87,35.25,15.25,20.95,28.81,13.89,19.65
2006-03-07,1014.97,34.33,14.88,20.12,27.88,13.57,19.21
2006-03-08,1009.27,34.22,14.73,20.01,27.75,13.44,19.15
2006-03-09,1004.34,34.06,14.7,19.97,27.57,13.4,18.98
2006-03-10,1008.9,33.98,14.67,19.92,27.63,13.4,18.98
2006-03-13,1019.86,33.97,14.93,19.98,27.88,13.66,19.26
2006-03-14,1018.27,33.95,14.9,20.13,27.9,13.64,19.25
2006-03-15,1028.96,34.57,15.1,20.53,28.14,13.81,19.47
2006-03-16,1027.62,34.47,15.05,20.45,28.1,13.79,19.51
2006-03-17,1024.02,34.23,14.94,20.24,27.93,13.7,19.47
2006-03-20,1037.66,36.05,15.15,20.57,29.74,13.91,19.93
2006-03-21,1040.76,35.94,15.13,20.56,29.74,13.95,20.01
2006-03-22,1047.67,36.4,15.2,20.82,30.16,14.01,20.19
2006-03-23,1048.54,36.65,15.21,20.89,30.35,14.06,20.1
2006-03-24,1042.6,35.12,15.27,20.83,28.92,14.01,19.94
2006-03-27,1050.71,35.74,15.49,21.05,29.91,14.13,20.38
2006-03-28,1055.98,34.94,15.48,21.1,29.14,14.15,20.47
2006-03-29,1065.29,34.82,15.11,20.95,29.13,14.23,20.61
2006-03-30,1055.63,34.96,14.92,20.55,29.9,14.07,20.21
2006-03-31,1061.09,34.81,14.88,20.52,29.94,14.03,20.2
2006-04-03,1079.32,35.19,14.32,20.58,30.39,13.82,20.48
2006-04-04,1089.37,34.68,14.39,20.74,29.72,13.99,20.68
2006-04-05,1099.97,33.96,14.49,21.15,29.97,14.08,21.01
2006-04-06,1103.24,34.16,14.48,21.17,30.2,14.1,21.11
2006-04-07,1103.15,34.81,14.44,21.55,30.39,14.06,21.25
2006-04-10,1117.91,35.57,14.6,21.38,30.95,14.2,21.47
2006-04-11,1123.31,35.23,14.64,21.41,31.67,14.31,21.5
2006-04-12,1117.07,36.05,14.6,21.56,31.25,14.3,21.71
2006-04-13,1093.93,36.08,14.39,21.06,31.56,14.13,21.11
2006-04-14,1118.61,35.49,14.7,21.28,32.07,14.43,21.65
2006-04-17,1124.41,35.47,15.0,21.67,32.1,14.68,21.77
2006-04-18,1131.28,36.35,15.09,21.61,32.89,14.81,21.72
2006-04-19,1138.24,36.28,15.22,21.31,32.57,14.86,21.32
2006-04-20,1134.38,36.54,15.03,21.05,33.13,14.73,21.04
2006-04-21,1149.16,37.65,15.72,21.3,33.54,15.29,21.74
2006-04-24,1142.7,37.81,15.6,21.2,33.74,15.32,21.32
2006-04-25,1141.93,38.07,15.37,21.95,34.11,15.33,21.14
2006-04-26,1155.73,37.76,15.56,22.2,33.85,15.43,21.47
2006-04-27,1155.27,37.23,15.55,22.07,34.68,15.49,21.79
2006-04-28,1172.35,38.27,15.79,23.1,34.6,15.8,22.53
2006-05-08,1218.45,38.38,16.44,23.42,34.92,16.64,23.1
2006-05-09,1251.61,39.65,16.79,24.06,33.96,17.0,23.82
2006-05-10,1265.93,41.06,16.92,24.48,33.65,17.12,24.64
2006-05-11,1255.04,40.88,16.75,23.85,33.5,16.96,23.91
2006-05-12,1296.26,41.37,17.36,24.67,34.83,17.64,24.78
2006-05-15,1352.16,42.43,18.04,25.59,35.54,18.36,25.68
2006-05-16,1331.13,42.02,17.57,25.26,34.58,17.84,24.89
2006-05-17,1335.52,42.18,17.64,25.36,35.84,17.89,25.24
2006-05-18,1331.2,42.71,17.49,25.69,36.01,17.73,25.81
2006-05-19,1366.1,41.87,17.89,25.67,35.92,18.12,26.01
2006-05-22,1373.67,43.5,17.77,26.35,36.4,17.99,26.39
2006-05-23,1317.65,41.62,17.22,25.49,34.73,17.44,25.15
2006-05-24,1308.24,40.82,17.13,25.21,34.14,17.4,24.61
2006-05-25,1307.7,40.24,17.06,25.35,34.3,17.33,23.89
2006-05-26,1331.02,41.06,17.27,25.8,34.95,17.55,24.73
2006-05-29,1366.29,40.94,17.64,25.97,35.79,17.92,25.3
2006-05-30,1378.76,42.43,17.66,26.26,36.34,17.94,25.26
2006-05-31,1365.45,41.29,17.44,25.88,36.16,17.7,25.01
2006-06-01,1402.88,42.85,17.82,26.38,37.43,18.07,25.5
2006-06-02,1390.12,42.87,17.56,26.32,37.36,17.8,25.29
2006-06-05,1403.16,43.31,17.69,27.26,37.68,17.93,26.1
2006-06-06,1399.14,43.18,17.62,27.03,37.57,17.84,26.16
2006-06-07,1320.23,41.24,16.71,25.14,36.1,16.92,24.06
2006-06-08,1325.98,42.01,16.76,24.88,37.01,16.98,24.27
2006-06-09,1294.19,40.95,16.36,24.35,36.08,16.57,23.23
2006-06-12,1297.67,40.84,16.39,24.34,37.02,16.6,23.36
2006-06-13,1298.28,41.04,16.29,24.5,36.13,16.49,23.7
2006-06-14,1283.88,40.58,16.04,24.18,35.93,16.23,23.21
2006-06-15,1285.39,40.51,16.05,24.14,35.85,16.25,23.49
2006-06-16,1318.01,41.53,16.54,24.59,35.64,16.74,24.0
2006-06-19,1334.89,41.16,16.66,24.61,36.1,16.87,24.5
2006-06-20,1338.22,41.21,16.67,24.55,36.16,16.88,24.32
2006-06-21,1333.53,41.1,16.75,24.97,35.96,16.96,24.42
2006-06-22,1331.55,40.97,16.69,24.72,35.85,16.9,24.21
2006-06-23,1339.45,42.51,16.78,24.99,36.25,16.99,24.5
2006-06-26,1363.41,42.26,17.11,25.52,35.83,17.33,24.94
2006-06-27,1363.9,42.4,17.16,25.57,35.86,17.37,25.19
2006-06-28,1362.89,42.32,17.17,25.4,35.85,17.39,24.91
2006-06-29,1395.12,42.22,17.54,25.82,36.57,17.76,25.52
2006-06-30,1393.96,41.04,17.57,25.68,36.45,17.79,25.54
2006-07-03,1420.33,39.27,18.16,27.47,35.75,18.29,26.66
2006-07-04,1411.01,39.15,17.95,27.41,35.64,18.08,26.59
2006-07-05,1393.01,38.86,17.66,26.87,35.34,17.79,25.87
2006-07-06,1418.68,39.75,17.96,27.47,36.11,18.09,26.4
2006-07-07,1410.43,40.64,17.82,27.69,35.99,17.94,26.62
2006-07-10,1412.12,39.69,17.83,28.07,36.03,17.91,26.38
2006-07-11,1418.58,39.99,17.89,27.99,36.31,17.97,26.75
2006-07-12,1419.2,39.94,17.87,27.93,36.32,17.96,26.79
2006-07-13,1346.09,38.48,17.0,25.97,34.21,17.09,25.07
2006-07-14,1357.13,38.56,17.09,26.08,34.55,17.19,25.2
2006-07-17,1372.25,39.04,17.29,26.58,34.95,17.4,25.36
2006-07-18,1373.42,39.26,17.3,26.43,35.13,17.37,25.59
2006-07-19,1336.64,39.09,19.09,26.28,34.11,19.18,24.91
2006-07-20,1345.19,38.53,19.09,26.32,34.31,19.18,25.28
2006-07-21,1356.03,39.82,19.21,27.05,34.4,19.24,25.34
2006-07-24,1358.12,38.91,19.2,26.74,34.4,19.23,25.46
2006-07-25,1374.17,39.46,19.41,27.31,34.89,19.45,25.9
2006-07-26,1371.3,39.24,19.36,27.0,34.69,19.44,25.57
2006-07-27,1355.55,38.68,19.22,26.64,34.28,19.31,25.44
2006-07-28,1341.39,39.27,19.05,26.18,33.84,19.09,25.07
2006-07-31,1294.33,38.72,18.48,25.25,32.44,18.52,24.18
2006-08-01,1282.06,38.2,18.28,24.95,31.92,18.29,23.81
2006-08-02,1275.09,37.92,18.28,25.18,31.68,18.29,23.51
2006-08-03,1271.74,37.68,18.25,24.65,31.5,18.28,23.08
2006-08-04,1241.91,36.44,17.94,23.77,30.52,17.96,22.08
2006-08-07,1224.1,36.58,17.69,23.09,29.96,17.71,21.73
2006-08-08,1252.39,36.7,18.06,23.72,30.56,18.11,22.21
2006-08-09,1251.3,37.65,18.03,24.1,30.5,18.01,22.25
2006-08-10,1271.47,37.21,18.34,24.54,30.9,18.31,22.68
2006-08-11,1275.65,37.44,18.32,24.56,30.56,18.28,22.74
2006-08-14,1245.72,37.22,17.94,24.21,29.68,17.91,21.8
2006-08-15,1265.86,37.81,18.26,24.61,30.14,18.08,22.49
2006-08-16,1283.57,37.47,18.5,25.05,31.07,18.34,23.02
2006-08-17,1271.63,37.2,18.34,24.46,31.01,18.17,22.85
2006-08-18,1267.87,37.14,18.27,24.41,30.99,18.06,22.39
2006-08-21,1270.56,37.34,18.29,24.29,31.4,18.07,22.36
2006-08-22,1285.27,37.8,18.43,24.61,31.35,18.18,22.94
2006-08-23,1285.68,37.69,18.43,24.7,31.12,18.08,22.61
2006-08-24,1292.4,37.98,18.51,25.07,31.31,18.15,22.83
2006-08-25,1295.44,38.15,18.51,24.87,31.45,18.17,22.88
2006-08-28,1325.89,39.03,18.81,25.55,32.23,18.45,23.37
2006-08-29,1330.16,39.12,18.82,25.42,32.29,18.53,23.2
2006-08-30,1334.67,39.34,18.84,25.73,32.14,18.61,23.37
2006-08-31,1338.69,39.48,18.84,25.54,32.2,18.61,23.8
2006-09-01,1318.1,38.62,18.63,24.94,31.63,18.4,23.39
2006-09-04,1337.24,39.29,18.81,25.58,32.11,18.58,23.94
2006-09-05,1340.68,39.45,18.86,25.26,32.22,18.62,23.99
2006-09-06,1346.37,39.71,18.96,25.75,32.35,18.72,24.43
2006-09-07,1328.38,39.11,18.86,25.1,31.83,18.39,23.87
2006-09-08,1332.15,38.33,18.94,25.0,31.89,18.47,24.03
2006-09-11,1338.76,39.43,19.02,25.24,32.01,18.55,24.05
2006-09-12,1347.64,39.59,19.31,25.31,32.1,18.82,24.01
2006-09-13,1338.39,39.01,19.26,24.99,31.69,18.78,23.79
2006-09-14,1338.28,39.23,19.25,24.99,31.81,18.77,23.85
2006-09-15,1362.32,39.74,19.65,25.31,32.24,19.16,24.25
2006-09-18,1375.56,40.31,19.74,25.72,32.74,19.24,24.5
2006-09-19,1378.31,40.31,19.74,25.9,32.7,19.25,24.53
2006-09-20,1378.46,40.28,19.67,25.87,32.76,19.18,24.47
2006-09-21,1387.37,40.49,19.77,26.06,32.88,19.27,24.54
2006-09-22,1374.85,40.13,19.69,25.66,32.6,19.19,24.09
2006-09-25,1372.4,40.1,19.61,25.3,32.58,19.12,23.88
2006-09-26,1357.65,39.81,19.48,25.12,32.36,18.99,23.57
2006-09-27,1371.12,40.13,19.62,25.24,32.6,19.12,23.94
2006-09-28,1387.0,40.48,19.74,25.7,32.88,19.24,24.06
2006-09-29,1403.27,40.94,19.9,26.03,33.23,19.39,24.26
2006-10-09,1436.07,41.89,20.33,26.12,33.91,19.82,24.91
2006-10-10,1437.25,42.11,19.66,26.2,34.04,19.16,24.86
2006-10-11,1435.91,42.05,19.71,26.08,34.02,19.2,25.34
2006-10-12,1426.5,41.54,19.63,26.08,33.68,19.13,25.52
2006-10-13,1430.88,41.69,19.7,26.04,34.61,19.18,25.29
2006-10-16,1418.52,41.25,19.52,26.33,34.37,19.01,25.39
2006-10-17,1414.45,41.12,19.44,26.48,34.19,18.82,25.55
2006-10-18,1437.59,41.67,19.7,26.48,34.65,19.04,25.92
2006-10-19,1439.38,41.72,19.72,26.44,34.65,19.06,25.87
2006-10-20,1440.18,41.59,19.75,26.36,34.35,19.07,25.49
2006-10-23,1408.72,40.3,19.48,26.12,33.16,18.77,24.85
2006-10-24,1440.05,41.12,19.98,26.19,33.28,19.24,25.39
2006-10-25,1446.83,40.13,20.05,26.05,33.02,19.29,25.08
2006-10-26,1456.1,39.93,20.13,26.43,32.68,19.3,24.85
2006-10-27,1439.05,39.31,20.1,26.48,32.04,18.91,23.31
2006-10-30,1446.24,40.36,20.12,26.71,32.51,18.52,23.34
2006-10-31,1464.47,39.83,20.49,26.75,32.51,18.3,23.55
2006-11-01,1479.41,40.94,20.75,26.98,32.72,18.54,23.56
2006-11-02,1479.66,40.94,20.71,26.73,33.69,18.5,23.46
2006-11-03,1488.29,40.17,20.84,26.8,32.83,18.61,23.6
2006-11-06,1507.89,40.11,21.19,27.05,32.84,18.93,23.56
2006-11-07,1516.1,40.77,21.27,27.07,32.75,19.01,23.41
2006-11-08,1498.17,40.48,20.96,26.82,33.41,18.73,23.14
2006-11-09,1524.71,40.93,21.32,27.21,32.81,19.05,23.53
2006-11-10,1504.06,40.13,22.53,26.78,33.02,20.49,23.16
2006-11-13,1475.78,40.01,22.46,25.96,32.13,20.43,22.43
2006-11-14,1493.78,38.66,22.76,25.9,32.58,20.7,22.5
2006-11-15,1534.76,39.56,23.21,26.61,33.27,21.12,22.92
2006-11-16,1533.29,39.12,23.59,26.16,32.91,21.46,22.63
2006-11-17,1562.08,38.88,23.99,26.8,33.41,21.83,22.81
2006-11-20,1593.16,39.08,24.65,27.4,33.52,22.42,23.15
2006-11-21,1612.25,39.61,24.9,27.69,33.91,22.66,23.56
2006-11-22,1624.03,40.07,24.92,27.76,34.34,22.68,23.84
2006-11-23,1634.91,40.17,25.17,28.09,34.46,22.91,24.15
2006-11-24,1636.58,40.52,24.94,28.02,32.87,22.7,24.69
2006-11-27,1651.8,41.36,24.81,28.83,34.42,22.57,25.04
2006-11-28,1644.01,41.36,24.67,28.48,33.42,22.44,24.84
2006-11-29,1667.14,41.97,24.88,28.83,33.9,22.64,25.23
2006-11-30,1714.36,42.73,25.5,29.95,34.58,23.21,25.94
2006-12-01,1729.22,43.21,25.48,30.18,34.95,23.18,26.34
2006-12-04,1780.74,44.29,26.24,31.22,34.92,23.87,26.68
2006-12-05,1794.23,42.89,26.33,31.99,36.19,23.95,26.97
2006-12-06,1779.41,43.5,26.2,31.27,35.88,23.82,27.18
2006-12-07,1775.71,42.2,26.25,31.02,36.59,23.86,26.68
2006-12-08,1711.58,42.32,25.57,29.71,36.08,23.24,25.35
2006-12-11,1789.92,42.89,26.69,30.63,36.46,24.28,26.86
2006-12-12,1802.79,42.93,27.25,30.65,36.43,24.79,26.92
2006-12-13,1803.86,43.04,27.29,30.98,36.51,24.83,27.13
2006-12-14,1836.14,43.9,27.59,31.25,37.24,25.1,27.37
2006-12-15,1867.64,44.5,27.91,31.59,37.74,25.4,27.79
2006-12-18,1916.11,45.25,28.72,32.13,38.42,26.14,28.68
2006-12-19,1921.44,45.52,29.14,32.17,37.79,26.52,28.54
2006-12-20,1936.55,45.14,29.12,33.19,38.24,26.5,28.78
2006-12-21,1908.99,44.48,28.75,32.21,37.55,26.15,28.57
2006-12-22,1895.64,44.98,28.7,31.8,37.17,26.1,28.47
2006-12-25,1939.1,45.51,30.06,31.9,37.67,27.36,28.35
2006-12-26,1938.24,45.06,30.76,31.89,39.24,28.01,27.99
2006-12-27,1982.88,45.74,31.5,32.7,39.79,28.68,28.89
2006-12-28,1979.93,45.16,32.11,32.05,39.27,29.24,28.23
2006-12-29,2041.05,46.0,33.65,32.7,39.97,30.66,29.03
2007-01-04,2067.09,45.8,31.0,35.47,39.64,31.27,30.09
2007-01-05,2072.88,45.54,29.73,34.97,40.37,30.13,30.73
2007-01-08,2131.56,47.3,30.38,35.86,41.06,30.78,31.87
2007-01-09,2200.09,47.54,31.59,37.14,41.05,32.01,32.53
2007-01-10,2255.97,48.84,31.74,38.17,42.26,32.16,33.6
2007-01-11,2231.63,48.91,30.99,37.19,42.25,31.39,33.25
2007-01-12,2173.75,47.45,29.91,36.02,41.95,30.3,32.69
2007-01-15,2287.34,50.04,31.36,37.95,43.29,31.78,34.18
2007-01-16,2353.87,51.8,31.62,39.23,44.79,32.05,35.67
2007-01-17,2308.93,51.0,31.08,38.29,44.9,31.49,35.05
2007-01-18,2317.1,52.11,30.7,38.75,45.76,31.07,36.14
2007-01-19,2396.09,54.14,31.52,39.83,46.62,31.91,37.63
2007-01-22,2491.31,56.35,32.62,42.36,48.3,32.92,39.1
2007-01-23,2508.13,56.38,36.08,42.59,48.05,37.6,39.34
2007-01-24,2536.43,55.93,36.01,42.5,48.35,37.54,39.27
2007-01-25,2452.83,54.4,34.52,41.69,47.11,35.98,37.96
2007-01-26,2512.92,55.27,34.87,42.97,46.91,36.35,38.21
2007-01-29,2576.92,56.93,35.53,43.67,48.34,37.04,39.13
2007-01-30,2551.88,56.46,35.32,42.74,47.87,36.82,39.05
2007-01-31,2385.34,53.19,33.51,39.79,44.96,34.95,36.29
2007-02-01,2395.17,52.86,33.48,39.89,45.49,34.91,36.08
2007-02-02,2298.0,52.13,31.98,38.99,44.05,33.34,35.5
2007-02-05,2271.8,51.51,31.1,39.18,44.38,32.42,35.17
2007-02-06,2316.04,51.52,31.84,39.7,45.16,33.19,36.26
2007-02-07,2369.79,51.66,32.31,40.8,46.18,33.68,36.92
2007-02-08,2410.6,53.6,32.49,41.67,47.14,33.86,37.36
2007-02-09,2397.25,52.66,32.36,41.19,47.34,33.72,37.49
2007-02-12,2485.39,55.18,33.26,42.21,48.18,34.67,38.79
2007-02-13,2522.63,55.9,33.51,43.12,48.64,34.82,39.09
2007-02-14,2588.35,56.08,34.4,43.67,49.69,35.75,40.23
2007-02-15,2668.63,56.36,35.49,45.64,50.27,36.89,41.53
2007-02-16,2676.74,56.63,35.47,45.74,51.27,36.85,41.28
2007-02-26,2707.68,58.86,35.81,46.43,52.62,37.18,41.62
2007-02-27,2457.49,54.24,32.6,42.2,48.51,33.84,37.98
2007-02-28,2544.57,55.26,33.85,43.85,50.42,35.15,39.45
2007-03-01,2473.54,53.69,32.81,42.84,49.11,34.07,37.9
2007-03-02,2508.73,54.48,33.17,43.58,49.74,34.44,38.93
2007-03-05,2475.61,54.26,32.54,43.21,49.56,33.79,38.36
2007-03-06,2520.29,54.47,33.18,43.68,49.89,34.54,38.9
2007-03-07,2589.44,56.14,33.81,44.49,51.32,35.19,39.83
2007-03-08,2627.63,56.13,34.1,44.99,52.2,35.48,40.67
2007-03-09,2611.39,54.17,34.11,44.02,51.78,35.56,40.25
2007-03-12,2616.17,55.23,34.12,44.34,52.31,35.65,40.71
2007-03-13,2640.17,55.67,34.15,44.85,52.03,35.7,41.09
2007-03-14,2597.36,54.23,33.36,44.06,51.75,34.91,40.22
2007-03-15,2645.55,55.17,34.13,44.97,53.73,36.19,41.25
2007-03-16,2604.23,55.11,33.73,43.98,52.44,35.86,40.27
2007-03-19,2659.41,54.63,34.62,44.26,53.19,36.84,40.55
2007-03-20,2672.77,54.93,34.47,45.28,53.66,36.54,41.0
2007-03-21,2702.6,55.73,34.7,45.74,54.49,36.77,41.53
2007-03-22,2711.32,54.81,34.68,44.9,54.41,36.84,41.32
2007-03-23,2716.27,54.83,34.6,44.94,53.64,35.01,40.79
2007-03-26,2764.03,55.92,34.84,45.68,54.96,35.48,42.26
2007-03-27,2784.02,56.39,34.9,45.95,55.7,35.55,42.84
2007-03-28,2797.65,54.99,35.23,45.8,54.91,36.01,42.62
2007-03-29,2783.31,54.63,35.76,44.72,53.51,36.61,41.25
2007-03-30,2781.78,54.48,35.58,45.64,53.82,36.37,41.53
2007-04-02,2850.11,55.03,35.92,45.93,53.69,36.84,42.47
2007-04-03,2888.12,55.53,36.08,46.33,54.56,37.25,43.34
2007-04-04,2911.82,55.79,35.84,46.86,55.01,35.82,43.43
2007-04-05,2945.05,56.71,36.08,47.92,55.78,36.06,44.61
2007-04-06,2972.01,57.26,36.07,48.46,55.61,36.07,45.31
2007-04-09,3038.17,58.49,36.89,49.55,56.82,36.89,45.83
2007-04-10,3081.57,59.04,36.06,49.37,57.8,37.03,45.93
2007-04-11,3121.32,59.69,36.1,51.04,58.45,37.44,46.68
2007-04-12,3176.44,59.58,36.18,50.53,58.82,37.36,47.68
2007-04-13,3169.23,58.98,35.98,49.58,58.57,37.24,46.98
2007-04-16,3256.0,60.2,36.79,50.37,59.44,36.77,48.18
2007-04-17,3283.6,61.04,36.33,50.35,58.78,36.54,47.6
2007-04-18,3304.5,59.94,36.09,49.4,58.4,35.8,47.98
2007-04-19,3150.3,56.24,34.19,46.63,57.58,34.1,45.56
2007-04-20,3289.28,58.82,35.42,49.31,59.33,35.33,47.44
2007-04-23,3431.32,59.5,36.69,51.24,59.83,36.51,49.75
2007-04-24,3445.2,60.0,36.69,51.39,60.17,36.49,50.05
2007-04-25,3448.28,59.54,37.02,51.22,58.49,36.62,49.6
2007-04-26,3493.58,60.28,37.31,51.55,58.31,36.71,49.58
2007-04-27,3470.52,59.67,36.96,50.38,57.53,35.17,46.46
2007-04-30,3558.71,60.57,37.38,48.98,59.22,34.88,46.85
2007-05-08,3686.03,62.83,37.76,51.03,61.04,36.6,49.07
2007-05-09,3701.28,62.59,38.45,49.64,59.95,37.26,49.17
2007-05-10,3724.51,62.84,38.78,50.44,60.98,37.58,48.97
2007-05-11,3702.61,62.43,38.41,49.09,60.42,37.22,47.87
2007-05-14,3734.42,62.68,38.69,49.53,60.6,37.49,48.76
2007-05-15,3604.64,60.92,37.28,48.36,58.95,36.12,47.21
2007-05-16,3700.29,62.87,38.02,49.69,60.78,36.85,48.99
2007-05-17,3778.61,64.22,38.5,51.25,62.19,37.31,50.21
2007-05-18,3776.63,64.42,39.05,50.76,62.57,37.86,49.74
2007-05-21,3831.44,65.81,39.3,53.08,63.9,38.1,50.36
2007-05-22,3870.49,66.54,39.56,53.47,64.74,38.35,51.18
2007-05-23,3938.95,68.07,40.12,55.35,65.33,38.89,52.95
2007-05-24,3919.75,66.78,39.89,54.85,64.86,38.67,51.89
2007-05-25,3985.25,67.93,40.03,54.82,65.81,38.8,53.2
2007-05-28,4072.58,69.42,40.96,56.5,67.32,39.71,54.79
2007-05-29,4168.29,71.01,42.03,58.24,68.88,40.78,56.75
2007-05-30,3886.46,65.86,39.41,55.17,63.77,38.24,53.04
2007-05-31,3927.95,66.11,40.57,56.26,63.88,39.27,52.2
2007-06-01,3803.95,62.98,39.83,53.01,61.59,38.56,49.81
2007-06-04,3511.43,58.74,36.52,48.95,56.69,35.36,45.68
2007-06-05,3634.63,60.53,37.68,50.93,58.55,36.49,47.75
2007-06-06,3677.58,61.38,37.76,50.92,59.3,36.56,48.39
2007-06-07,3802.3,63.97,38.72,53.58,60.97,37.5,50.22
2007-06-08,3837.87,64.95,38.89,53.78,61.05,37.65,50.96
2007-06-11,3931.86,66.64,39.7,55.35,63.48,38.44,52.23
2007-06-12,4036.11,66.91,40.35,55.96,65.35,39.08,54.77
2007-06-13,4118.27,68.45,41.29,57.86,66.05,39.98,55.26
2007-06-14,4075.82,67.76,40.64,56.37,65.37,39.35,53.9
2007-06-15,4099.38,68.19,40.75,56.58,64.96,39.46,53.8
2007-06-18,4227.57,70.0,41.93,58.49,66.73,40.61,55.19
2007-06-19,4253.0,70.64,41.9,58.41,67.49,40.59,56.89
2007-06-20,4157.6,68.84,41.04,57.45,65.7,39.75,54.74
2007-06-21,4197.28,69.09,41.73,57.02,65.93,40.42,54.78
2007-06-22,4051.43,66.16,40.57,55.47,63.79,39.3,51.43
2007-06-25,3877.59,63.4,39.3,52.43,60.25,38.07,48.62
2007-06-26,3928.21,64.77,39.6,53.44,61.53,38.36,49.87
2007-06-27,4040.48,66.54,40.76,54.76,63.25,39.48,51.49
2007-06-28,3858.52,64.45,39.22,52.2,60.64,38.0,49.0
2007-06-29,3764.08,61.92,38.5,50.02,59.1,37.29,46.99
2007-07-02,3757.66,63.53,39.05,49.39,59.36,37.87,46.42
2007-07-03,3832.23,64.83,39.73,50.88,60.51,38.53,46.96
2007-07-04,3743.58,62.58,38.89,50.09,59.15,37.71,46.28
2007-07-05,3537.44,61.21,36.87,46.78,56.35,35.76,43.08
2007-07-06,3710.28,63.58,38.52,49.24,59.32,37.36,45.17
2007-07-09,3821.3,63.65,39.59,50.99,60.18,38.39,46.66
2007-07-10,3775.62,62.43,39.73,49.82,59.48,38.53,45.27
2007-07-11,3789.87,61.93,39.85,50.3,59.02,38.64,46.38
2007-07-12,3816.92,62.25,40.37,50.2,60.2,39.14,46.65
2007-07-13,3820.12,62.39,40.35,50.99,60.22,39.12,46.85
2007-07-16,3697.97,61.26,39.43,48.99,58.47,38.24,45.12
2007-07-17,3789.65,62.37,40.22,49.77,59.57,39.0,45.97
2007-07-18,3807.57,62.5,40.56,49.52,59.79,39.37,46.05
2007-07-19,3807.0,62.92,40.29,49.7,60.17,39.11,46.44
2007-07-20,3971.88,63.6,41.83,52.17,60.78,40.58,47.78
2007-07-23,4156.72,65.01,43.36,54.8,63.42,42.04,49.84
2007-07-24,4161.35,65.05,43.27,54.79,63.34,41.96,49.89
2007-07-25,4255.46,66.49,44.42,56.51,64.68,43.06,51.92
2007-07-26,4303.19,67.59,44.51,56.36,65.53,42.92,52.04
2007-07-27,4307.14,68.32,44.35,56.59,66.06,42.76,52.43
2007-07-30,4410.3,69.79,45.38,58.33,67.49,43.73,54.01
2007-07-31,4460.56,69.84,45.64,59.24,68.18,43.81,54.46
2007-08-01,4290.48,66.61,44.02,56.4,64.91,42.25,52.56
2007-08-02,4436.19,68.91,45.1,59.11,67.08,43.28,54.32
2007-08-03,4598.38,70.65,46.86,60.98,68.57,44.96,54.99
2007-08-06,4703.98,72.2,47.56,62.01,69.86,45.61,56.89
2007-08-07,4724.55,71.76,47.84,61.58,70.11,45.87,56.63
2007-08-08,4668.09,70.56,48.11,62.51,68.63,46.06,55.7
2007-08-09,4777.29,71.45,49.17,63.09,69.51,47.08,55.72
2007-08-10,4726.68,71.0,49.19,61.93,68.21,46.7,53.99
2007-08-13,4721.19,70.6,50.05,61.73,67.71,47.45,53.31
2007-08-14,4795.57,71.29,50.47,62.22,68.9,47.82,54.33
2007-08-15,4798.75,71.93,50.44,61.92,67.82,47.24,53.68
2007-08-16,4721.94,71.71,49.15,61.78,66.91,45.93,54.32
2007-08-17,4626.58,70.9,47.91,61.3,65.29,43.82,52.9
2007-08-20,4885.43,73.17,50.61,63.98,67.64,46.05,55.43
2007-08-21,4972.71,73.28,51.18,63.94,67.65,45.73,55.84
2007-08-22,5051.69,75.14,51.48,65.1,68.06,45.81,56.88
2007-08-23,5135.93,76.38,52.05,66.28,68.76,46.14,57.34
2007-08-24,5217.58,76.25,52.93,67.26,69.31,44.49,57.45
2007-08-27,5243.15,77.31,53.59,67.34,68.72,44.4,55.9
2007-08-28,5251.77,78.38,54.14,67.27,67.24,43.24,55.01
2007-08-29,5171.82,77.33,53.11,66.5,65.37,42.06,54.07
2007-08-30,5241.23,79.18,53.59,67.27,66.14,42.29,55.36
2007-08-31,5296.81,79.12,54.15,67.91,65.81,42.64,55.38
2007-09-03,5419.17,80.92,55.16,69.39,67.39,43.44,56.66
2007-09-04,5360.33,81.04,54.84,68.53,66.85,43.19,56.27
2007-09-05,5363.25,81.42,54.97,68.58,67.25,43.3,56.85
2007-09-06,5412.04,81.22,55.77,69.32,67.68,43.92,57.68
2007-09-07,5294.8,80.52,54.47,67.98,66.39,42.9,56.46
2007-09-10,5377.22,81.13,55.18,69.13,67.61,43.46,56.65
2007-09-11,5124.09,78.37,52.69,65.24,65.77,41.5,54.35
2007-09-12,5202.86,79.72,53.37,66.06,66.93,42.03,55.14
2007-09-13,5349.97,81.4,54.56,66.72,66.66,42.97,56.41
2007-09-14,5397.28,82.1,54.96,68.09,67.28,43.28,56.5
2007-09-17,5498.91,83.82,55.98,69.56,69.55,44.09,57.59
2007-09-18,5476.84,83.71,55.87,69.74,69.44,44.0,57.54
2007-09-19,5419.27,82.89,55.7,68.74,68.68,43.87,57.44
2007-09-20,5494.92,84.12,56.58,71.26,69.87,44.56,57.8
2007-09-21,5468.1,83.93,56.59,71.18,69.59,44.56,57.48
2007-09-24,5513.9,84.6,57.02,71.93,69.14,44.9,58.3
2007-09-25,5454.62,83.23,56.63,69.99,68.01,44.59,57.66
2007-09-26,5361.02,82.32,55.62,68.61,68.09,43.79,56.47
2007-09-27,5427.66,82.57,56.53,69.95,68.89,44.5,57.15
2007-09-28,5580.81,84.86,58.09,72.22,70.37,45.73,58.64
2007-10-08,5653.14,85.14,59.81,71.47,69.65,47.09,58.32
2007-10-09,5675.93,85.75,60.03,71.38,70.2,47.27,58.11
2007-10-10,5685.76,85.39,60.64,70.52,69.81,47.74,57.71
2007-10-11,5760.08,84.45,62.48,71.13,71.13,49.16,57.47
2007-10-12,5737.22,83.99,62.43,70.87,69.32,49.09,56.99
2007-10-15,5821.45,84.0,63.83,72.35,69.87,50.18,58.05
2007-10-16,5877.2,85.62,64.59,72.87,69.57,50.77,59.46
2007-10-17,5824.12,85.06,63.94,73.09,69.16,50.25,57.92
2007-10-18,5615.75,82.17,61.52,69.84,67.47,48.34,56.46
2007-10-19,5614.06,81.98,61.35,69.91,67.22,48.17,56.97
2007-10-22,5472.68,79.74,59.83,68.11,65.04,46.91,55.87
2007-10-23,5540.09,80.13,62.61,68.83,64.84,49.0,55.54
2007-10-24,5588.01,79.88,63.55,67.55,63.86,49.47,54.88
2007-10-25,5333.79,76.19,60.72,64.15,60.31,47.04,51.16
2007-10-26,5394.81,77.04,61.35,64.07,59.85,46.99,50.65
2007-10-29,5508.36,78.35,63.26,65.47,60.06,47.17,50.6
2007-10-30,5596.07,79.67,64.84,66.8,59.22,48.05,51.23
2007-10-31,5688.54,81.83,65.32,68.07,60.67,47.84,51.71
2007-11-01,5605.23,79.7,64.99,65.13,59.1,47.6,50.69
2007-11-02,5472.93,77.58,63.44,63.71,57.49,46.15,48.58
2007-11-05,5360.31,77.33,61.58,63.96,57.54,44.78,49.03
2007-11-06,5317.55,77.22,60.45,64.04,57.55,43.96,48.95
2007-11-07,5350.63,77.43,61.26,64.7,57.63,44.54,49.31
2007-11-08,5093.67,74.34,58.17,61.72,55.44,42.29,47.39
2007-11-09,5040.53,73.21,58.15,60.57,54.72,42.28,46.34
2007-11-12,4978.25,72.63,56.87,59.79,53.64,41.36,45.48
2007-11-13,4939.24,71.65,56.37,59.96,53.61,40.99,45.2
2007-11-14,5145.89,74.41,59.2,61.8,55.65,43.05,47.27
2007-11-15,5081.11,73.32,58.72,61.53,54.83,42.71,46.29
2007-11-16,5007.66,72.77,58.07,60.55,54.46,42.23,46.76
2007-11-19,4994.42,73.78,56.18,62.1,55.22,43.88,47.3
2007-11-20,5069.38,74.94,56.17,63.27,56.07,43.87,48.02
2007-11-21,4997.62,74.12,55.39,62.91,55.41,43.26,47.03
2007-11-22,4772.62,70.65,52.9,59.52,52.88,41.32,44.98
2007-11-23,4856.16,71.81,53.44,60.72,53.76,41.73,46.24
2007-11-26,4800.08,71.25,52.63,60.06,53.44,41.1,45.32
2007-11-27,4711.15,70.4,51.57,59.18,53.78,40.27,44.92
2007-11-28,4648.75,69.42,50.81,59.1,53.1,39.68,44.81
2007-11-29,4842.07,71.48,53.08,60.62,54.6,41.45,46.37
2007-11-30,4737.41,70.22,51.64,59.3,53.69,40.32,44.93
2007-12-03,4772.67,70.65,51.66,59.14,53.09,40.34,45.19
2007-12-04,4829.21,71.13,52.23,59.55,53.43,40.79,45.69
2007-12-05,4965.95,72.92,53.67,62.18,54.71,41.91,46.82
2007-12-06,4971.06,73.3,53.57,62.24,55.09,41.83,47.13
2007-12-07,5041.35,74.36,54.13,63.84,55.85,42.26,48.05
2007-12-10,5133.56,76.31,54.81,65.03,57.4,42.79,49.07
2007-12-11,5140.0,76.13,54.81,64.94,57.89,42.8,49.18
2007-12-12,5077.39,76.62,53.87,65.35,58.63,42.05,49.07
2007-12-13,4884.3,73.76,52.37,63.43,56.45,40.89,47.53
2007-12-14,4977.65,75.49,52.9,65.88,56.94,41.3,48.31
2007-12-17,4857.29,74.74,51.34,65.04,57.31,40.08,48.17
2007-12-18,4829.91,74.31,50.93,64.49,56.98,39.76,47.77
2007-12-19,4946.29,75.92,52.06,65.66,58.24,40.64,48.68
2007-12-20,5037.2,77.06,53.15,66.74,58.28,41.49,49.6
2007-12-21,5101.85,78.21,53.77,66.85,59.17,41.97,50.42
2007-12-24,5207.13,78.77,55.14,67.97,60.96,43.05,51.07
2007-12-25,5216.81,79.25,54.73,68.76,61.41,42.73,52.44
2007-12-26,5265.03,80.54,54.97,70.12,62.36,42.92,52.41
2007-12-27,5367.53,81.01,55.86,70.83,62.45,43.61,52.42
2007-12-28,5338.28,81.51,55.29,69.96,62.22,43.17,52.38
2008-01-02,5385.1,83.68,54.83,73.62,62.62,43.75,53.63
2008-01-03,5422.03,83.28,53.23,73.21,62.83,44.13,54.36
2008-01-04,5483.65,84.27,53.76,73.29,63.51,44.57,54.67
2008-01-07,5556.59,85.42,53.97,73.5,64.33,44.71,55.96
2008-01-08,5528.05,84.0,54.1,73.35,63.22,44.85,54.85
2008-01-09,5613.76,85.89,54.53,74.57,64.7,45.2,56.3
2008-01-10,5672.15,86.23,54.82,75.16,65.45,45.44,56.5
2008-01-11,5699.15,86.02,55.15,75.32,66.16,45.71,56.81
2008-01-14,5731.76,87.22,55.25,76.3,67.05,45.8,57.87
2008-01-15,5696.45,87.14,54.64,75.9,67.06,45.28,58.24
2008-01-16,5505.72,85.63,52.94,74.27,65.44,43.87,56.36
2008-01-17,5365.62,83.29,51.51,73.19,63.5,42.68,54.63
2008-01-18,5414.47,84.32,51.83,74.19,64.39,42.95,55.98
2008-01-21,5145.73,79.45,49.13,70.59,60.64,40.53,53.43
2008-01-22,4753.87,74.43,45.66,65.15,56.48,37.67,49.2
2008-01-23,4975.11,77.98,47.0,68.36,58.31,38.77,51.47
2008-01-24,5027.21,78.73,46.99,70.97,59.5,38.74,51.87
2008-01-25,5077.43,79.32,47.47,70.42,59.73,39.14,52.61
2008-01-28,4731.88,74.65,44.02,67.13,56.39,36.29,49.4
2008-01-29,4762.08,76.03,44.28,67.06,56.99,36.51,49.3
2008-01-30,4710.65,75.74,43.85,65.94,56.91,36.16,48.74
2008-01-31,4620.4,73.71,43.59,64.52,55.19,35.92,47.08
2008-02-01,4571.95,71.63,43.13,62.47,53.93,35.56,46.41
2008-02-04,4950.12,76.45,46.65,67.6,57.19,38.47,50.66
2008-02-05,4921.83,74.99,45.74,66.79,57.29,37.86,49.84
2008-02-13,4816.08,73.8,44.57,65.8,56.18,36.89,49.69
2008-02-14,4880.25,75.03,45.19,66.16,57.01,37.4,50.0
2008-02-15,4813.31,73.83,44.58,64.66,56.34,36.91,49.51
2008-02-18,4910.99,75.49,45.21,66.84,57.83,37.43,50.7
2008-02-19,5020.75,77.05,46.17,68.6,59.38,38.25,52.22
2008-02-20,4908.72,75.68,45.09,67.51,58.51,37.4,51.69
2008-02-21,4876.03,75.59,44.57,66.78,58.6,36.97,51.73
2008-02-22,4702.24,73.75,42.97,64.81,57.19,35.64,50.3
2008-02-25,4519.78,71.65,41.13,61.96,54.95,34.14,48.05
2008-02-26,4515.53,69.86,41.49,61.77,54.63,34.42,46.86
2008-02-27,4639.77,71.65,42.45,63.54,56.04,35.22,48.72
2008-02-28,4622.06,71.01,41.78,63.08,55.94,34.87,48.81
2008-02-29,4674.55,70.83,42.2,63.63,56.56,35.24,49.39
2008-03-03,4790.74,71.35,43.0,64.94,58.31,35.87,50.53
2008-03-04,4671.15,71.69,41.72,63.22,57.35,34.91,49.79
2008-03-05,4628.72,70.55,41.21,61.07,57.21,34.49,49.24
2008-03-06,4685.03,70.15,41.85,61.01,57.64,35.07,49.2
2008-03-07,4621.69,71.3,41.26,60.28,56.51,34.6,48.1
2008-03-10,4431.59,68.49,39.55,56.63,54.96,33.25,46.03
2008-03-11,4441.18,67.94,39.63,57.16,55.11,33.32,45.87
2008-03-12,4309.65,65.88,38.73,55.94,54.34,32.57,44.57
2008-03-13,4198.96,64.52,37.72,53.79,52.61,31.81,43.04
2008-03-14,4157.87,63.82,37.61,53.58,52.02,31.72,42.46
2008-03-17,3965.28,59.73,35.71,50.24,49.48,30.55,39.9
2008-03-18,3763.95,56.28,34.09,45.98,45.66,29.31,37.5
2008-03-19,3888.86,57.82,34.4,46.16,47.25,29.89,37.9
2008-03-20,4001.83,57.81,33.9,47.34,47.64,29.98,38.88
2008-03-21,4037.83,57.78,33.68,47.54,49.48,29.93,39.36
2008-03-24,3857.09,56.26,32.03,44.87,47.65,28.48,37.42
2008-03-25,3905.77,55.37,32.06,45.13,47.14,28.53,37.96
2008-03-26,3914.37,54.67,29.13,44.72,46.78,27.86,38.21
2008-03-27,3748.92,54.08,27.47,42.03,45.15,26.37,35.91
2008-03-28,3918.16,51.82,28.67,42.63,45.7,27.68,36.92
2008-03-31,3790.53,50.76,27.84,40.23,44.21,26.89,34.93
2008-04-01,3582.86,47.18,26.73,37.22,41.66,25.83,32.64
2008-04-02,3547.98,46.19,27.03,35.9,40.17,26.12,31.34
2008-04-03,3650.7,46.93,27.85,36.4,41.08,26.94,32.14
2008-04-07,3845.82,48.04,28.93,38.92,43.59,28.48,34.5
2008-04-08,3891.06,48.05,28.92,39.49,44.81,28.54,35.34
2008-04-09,3688.13,46.76,27.27,38.17,42.2,27.02,33.51
2008-04-10,3754.72,46.87,27.51,38.38,42.98,27.35,34.13
2008-04-11,3783.73,47.24,27.62,38.66,43.46,27.47,34.18
2008-04-14,3536.33,45.87,26.04,36.01,40.56,25.91,31.98
2008-04-15,3583.3,46.63,26.35,35.9,41.48,26.29,32.82
2008-04-16,3494.02,46.11,25.91,34.26,41.25,25.85,31.81
2008-04-17,3386.63,45.37,25.37,32.9,39.81,25.31,30.76
2008-04-18,3272.5,42.96,24.3,31.63,38.72,24.28,28.56
2008-04-21,3267.55,41.19,24.3,29.65,37.75,24.36,28.62
2008-04-22,3296.28,40.01,24.45,30.28,37.0,24.58,28.67
2008-04-23,3453.73,41.64,25.48,31.55,37.65,24.86,29.46
2008-04-24,3774.5,43.48,27.82,33.68,39.6,27.13,31.82
2008-04-25,3803.07,43.88,27.5,33.3,40.99,26.72,32.22
2008-04-28,3729.15,43.47,26.76,32.92,39.87,26.57,31.53
2008-04-29,3776.94,43.05,27.05,33.07,40.12,26.82,31.81
2008-04-30,3959.12,43.7,28.39,34.59,41.85,27.41,32.93
2008-05-05,4055.78,44.39,28.89,35.84,43.27,27.9,33.87
2008-05-06,4010.89,44.88,28.6,35.09,42.9,27.62,33.74
2008-05-07,3821.32,44.65,27.4,33.58,41.85,26.46,31.93
2008-05-08,3925.04,45.15,27.93,35.12,43.11,26.97,32.62
2008-05-09,3878.92,43.98,27.56,34.73,42.8,26.61,32.37
2008-05-12,3904.92,43.59,27.62,34.72,43.3,26.67,32.84
2008-05-13,3851.69,43.97,27.11,34.79,42.77,26.18,32.43
2008-05-14,3975.78,45.29,27.89,35.91,43.18,26.93,33.57
2008-05-15,3948.09,44.98,27.74,35.47,42.92,26.78,33.47
2008-05-16,3936.12,44.55,27.65,35.15,43.35,26.69,33.21
2008-05-19,3914.07,45.4,27.46,35.06,43.26,26.51,33.4
2008-05-20,3710.82,42.82,26.26,32.59,40.76,25.35,31.46
2008-05-21,3783.05,43.78,27.04,33.69,41.71,26.11,31.77
2008-05-22,3711.44,43.0,26.52,33.53,40.97,25.61,31.16
2008-05-23,3675.15,42.39,26.45,32.66,40.43,25.54,30.68
2008-05-26,3559.22,41.17,25.63,31.4,39.24,24.74,29.48
2008-05-27,3576.2,41.59,25.71,31.99,39.6,24.82,30.03
2008-05-28,3676.23,42.7,26.36,33.52,40.65,25.45,31.08
2008-05-29,3580.87,41.58,25.93,32.72,39.65,25.04,30.03
2008-05-30,3611.33,41.86,26.2,32.69,39.95,25.3,30.13
2008-06-02,3625.83,42.1,26.37,33.27,40.19,25.46,30.33
2008-06-03,3614.11,42.06,26.2,32.76,40.12,25.3,30.2
2008-06-04,3546.92,41.33,25.73,32.31,39.44,24.84,29.6
2008-06-05,3512.14,40.89,25.6,31.92,39.06,24.71,29.54
2008-06-06,3489.5,40.64,25.43,31.5,38.81,24.56,29.52
2008-06-10,3206.56,37.32,23.47,28.86,35.63,22.66,26.75
2008-06-11,3140.3,36.35,23.07,27.55,34.68,22.27,25.79
2008-06-12,3084.63,35.86,22.54,27.13,34.23,21.77,25.66
2008-06-13,2979.12,34.3,21.91,25.91,32.75,21.15,24.37
2008-06-16,2952.24,33.6,22.01,25.71,32.11,21.26,24.25
2008-06-17,2842.68,31.93,21.47,24.85,30.47,20.73,22.88
2008-06-18,2991.27,33.73,22.58,25.97,32.18,21.81,24.22
2008-06-19,2773.08,31.09,21.15,23.82,29.63,20.43,21.93
2008-06-20,2849.67,31.92,21.8,24.72,30.47,21.05,23.12
2008-06-23,2789.94,31.44,21.22,24.29,29.95,20.49,22.68
2008-06-24,2851.92,32.36,21.52,25.1,30.76,20.78,23.19
2008-06-25,2969.54,33.81,22.25,26.01,32.29,21.51,24.02
2008-06-26,2980.91,34.19,22.19,26.09,32.68,21.45,24.34
2008-06-27,2816.02,32.06,21.03,24.52,30.65,20.32,22.72
2008-06-30,2791.82,32.12,20.89,24.14,30.7,20.19,22.83
2008-07-01,2698.35,30.04,20.36,23.59,28.5,19.71,22.36
2008-07-02,2699.6,30.43,20.25,23.83,28.87,19.6,22.55
2008-07-03,2760.61,31.6,20.57,24.84,29.96,19.91,23.02
2008-07-04,2741.85,31.47,20.31,24.77,29.84,19.66,22.99
2008-07-07,2882.76,32.95,21.23,25.92,31.25,20.55,24.03
2008-07-08,2901.84,33.39,21.37,26.22,31.67,20.68,24.49
2008-07-09,3015.13,34.4,22.22,27.29,32.64,21.5,25.74
2008-07-10,2973.73,33.82,21.94,26.59,32.09,21.22,25.46
2008-07-11,2953.5,33.65,21.77,26.74,31.88,21.06,25.75
2008-07-14,2975.87,34.14,21.88,26.83,32.34,21.17,26.05
2008-07-15,2852.98,32.97,21.08,25.58,31.22,20.39,24.76
2008-07-16,2745.6,31.36,20.56,24.75,29.73,19.89,23.66
2008-07-17,2718.07,30.91,20.44,24.35,29.31,19.77,23.0
2008-07-18,2815.46,31.96,21.14,25.32,30.31,20.45,23.61
2008-07-21,2911.05,33.21,21.75,26.09,31.49,21.05,24.75
2008-07-22,2904.74,33.26,21.61,26.08,31.5,20.92,24.38
2008-07-23,2883.32,32.94,21.57,25.94,31.06,20.89,24.05
2008-07-24,2977.36,33.76,22.12,26.64,31.84,21.43,24.94
2008-07-25,2939.2,33.4,21.77,26.34,31.42,21.08,24.42
2008-07-28,2960.85,33.58,22.03,26.45,31.65,21.32,24.2
2008-07-29,2905.63,32.95,21.63,25.95,31.02,20.91,23.64
2008-07-30,2884.38,32.73,21.54,26.0,30.84,20.82,23.49
2008-07-31,2805.21,31.73,21.11,25.39,29.93,20.38,22.66
2008-08-01,2840.79,32.07,21.31,25.29,30.22,20.58,22.61
2008-08-04,2773.15,31.22,20.86,24.37,29.36,20.14,22.1
2008-08-05,2703.08,30.19,20.48,23.35,28.38,19.77,21.59
2008-08-06,2721.69,30.31,20.75,23.57,28.52,20.03,21.9
2008-08-07,2720.44,30.44,20.79,23.54,28.64,20.05,21.8
2008-08-08,2591.46,28.55,19.92,22.19,26.74,19.14,19.87
2008-08-11,2456.81,26.49,19.0,20.61,24.73,18.22,18.81
2008-08-12,2444.16,26.24,18.97,20.6,24.47,18.16,18.66
2008-08-13,2444.67,26.34,18.84,20.77,24.55,18.03,18.79
2008-08-14,2443.51,26.43,18.73,20.86,24.82,17.93,18.73
2008-08-15,2447.62,26.29,18.83,20.69,24.71,17.99,18.32
2008-08-18,2313.4,24.58,17.86,19.48,22.85,17.1,17.24
2008-08-19,2348.47,24.98,18.04,19.68,23.24,17.22,17.63
2008-08-20,2532.94,26.99,19.42,21.41,25.1,18.5,18.99
2008-08-21,2443.98,26.07,18.71,20.53,24.2,17.72,18.19
2008-08-22,2404.93,25.62,18.54,20.07,23.69,17.35,18.05
2008-08-25,2400.55,25.42,18.61,19.92,24.22,17.08,17.17
2008-08-26,2331.53,24.2,18.22,19.29,23.79,16.66,16.46
2008-08-27,2325.29,24.06,18.19,19.16,23.94,16.39,16.65
2008-08-28,2335.87,24.03,18.26,19.31,23.43,16.73,16.69
2008-08-29,2391.64,24.75,18.61,19.96,24.55,16.98,17.07
2008-09-01,2309.17,23.98,18.02,19.41,23.83,16.49,16.98
2008-09-02,2285.41,23.86,17.82,19.23,23.8,16.31,17.06
2008-09-03,2245.96,23.59,17.59,18.99,23.64,16.1,17.15
2008-09-04,2251.15,23.75,17.58,19.12,23.78,16.09,16.95
2008-09-05,2183.43,23.72,17.04,18.45,22.86,15.59,16.34
2008-09-08,2126.52,22.79,16.69,17.44,21.92,15.27,15.6
2008-09-09,2139.15,22.96,16.68,17.75,22.16,15.27,15.66
2008-09-10,2143.18,23.08,16.7,17.84,22.37,15.28,15.69
2008-09-11,2072.13,22.56,16.09,17.46,21.94,14.72,15.28
2008-09-12,2077.85,22.67,16.1,17.31,22.01,14.73,15.31
2008-09-16,2000.65,22.28,15.28,16.64,21.57,13.97,15.1
2008-09-17,1929.14,21.84,14.71,16.26,21.16,13.46,14.71
2008-09-18,1895.99,21.37,14.5,16.01,20.68,13.26,14.31
2008-09-19,2073.11,23.38,15.87,17.62,22.64,14.52,15.74
2008-09-22,2207.61,24.64,17.18,18.85,23.85,15.71,16.58
2008-09-23,2123.48,22.59,16.99,17.88,22.64,15.54,16.03
2008-09-24,2138.85,22.86,17.03,18.06,22.94,15.58,16.56
2008-09-25,2223.53,23.55,17.66,18.74,23.64,16.16,17.02
2008-09-26,2243.66,23.81,17.65,19.07,23.95,16.15,17.4
2008-10-06,2128.7,22.78,16.68,18.25,22.98,15.26,16.45
2008-10-07,2102.45,22.66,16.57,18.19,22.8,15.16,16.6
2008-10-08,2022.88,22.05,16.0,17.7,22.16,14.64,15.83
2008-10-09,1995.3,21.76,15.86,17.53,21.88,14.51,15.64
2008-10-10,1906.96,20.64,15.32,16.69,20.72,14.01,14.63
2008-10-13,1985.49,21.13,15.95,17.44,21.47,14.6,15.51
2008-10-14,1934.62,20.63,15.55,16.94,20.92,14.23,15.18
2008-10-15,1914.36,20.4,15.4,16.77,20.7,14.09,14.94
2008-10-16,1820.9,19.34,14.73,16.05,19.59,13.48,14.24
2008-10-17,1833.26,19.52,14.88,16.1,19.76,13.62,14.16
2008-10-20,1896.73,20.14,15.21,16.47,20.6,13.87,14.84
2008-10-21,1881.41,20.02,15.09,16.27,20.48,13.76,14.73
2008-10-22,1833.32,19.57,14.63,16.01,20.04,13.32,14.08
2008-10-23,1834.78,19.76,14.42,16.18,20.0,13.13,14.62
2008-10-24,1781.6,19.33,14.12,16.1,19.61,12.84,14.16
2008-10-27,1654.67,18.89,13.25,14.82,18.03,12.09,13.31
2008-10-28,1705.82,19.36,13.64,15.31,18.83,12.58,13.58
2008-10-29,1658.22,18.66,13.24,14.75,17.4,12.16,12.88
2008-10-30,1697.66,18.85,13.61,15.07,18.07,12.35,12.91
2008-10-31,1663.66,18.54,13.36,14.83,17.83,12.07,12.94
2008-11-03,1653.54,18.23,13.34,14.53,17.58,12.05,13.07
2008-11-04,1627.76,17.86,13.26,14.55,17.26,11.99,12.75
2008-11-05,1691.42,18.43,13.69,15.08,17.82,12.37,13.38
2008-11-06,1649.78,18.08,13.35,14.59,17.52,12.06,12.96
2008-11-07,1677.83,18.29,13.59,14.91,17.77,12.28,13.19
2008-11-10,1801.67,19.64,14.57,16.02,19.02,13.16,14.31
2008-11-11,1781.36,19.51,14.33,15.64,18.83,12.95,14.15
2008-11-12,1801.82,19.86,14.43,15.99,19.2,13.04,14.28
2008-11-13,1874.08,19.75,14.93,16.71,20.04,13.48,14.9
2008-11-14,1943.65,20.71,15.36,17.43,20.98,13.87,15.55
2008-11-17,1987.23,21.53,15.63,17.99,21.76,14.1,16.05
2008-11-18,1839.82,19.91,14.65,16.48,20.07,13.21,14.47
2008-11-19,1953.16,21.26,15.51,17.6,21.42,13.98,15.57
2008-11-20,1932.43,21.28,15.22,17.39,21.42,13.73,15.59
2008-11-21,1920.74,21.14,15.14,17.43,21.29,13.65,15.02
2008-11-24,1837.64,20.22,14.59,16.43,20.3,13.16,14.65
2008-11-25,1834.29,20.1,14.54,16.35,20.22,13.11,14.51
2008-11-26,1843.5,20.17,14.62,16.36,20.3,13.18,14.7
2008-11-27,1870.47,20.49,14.78,16.49,20.63,13.32,15.23
2008-11-28,1829.92,20.13,14.39,16.26,20.31,12.96,14.84
2008-12-01,1864.21,20.75,14.5,16.55,20.96,13.06,15.23
2008-12-02,1868.63,21.0,14.43,16.72,21.23,13.0,15.55
2008-12-03,1952.67,21.92,15.02,17.51,22.13,13.53,16.25
2008-12-04,1982.93,22.07,15.34,17.68,22.33,13.83,16.32
2008-12-05,2013.18,22.52,15.44,17.97,22.75,13.92,16.44
2008-12-08,2095.04,23.44,15.97,18.94,23.74,14.4,17.26
2008-12-09,2040.85,22.88,15.57,18.52,23.15,14.03,16.86
2008-12-10,2096.39,23.43,15.88,18.91,23.68,14.31,17.1
2008-12-11,2046.34,22.85,15.52,18.52,23.04,13.98,16.63
2008-12-12,1960.38,21.89,14.94,17.75,22.03,13.43,15.86
2008-12-15,1975.03,22.16,14.98,17.61,22.34,13.48,15.86
2008-12-16,1994.45,22.48,15.03,18.09,22.63,13.54,16.15
2008-12-17,2001.42,22.7,15.03,18.22,22.82,13.53,16.21
2008-12-18,2045.1,23.11,15.33,18.83,23.23,13.8,16.52
2008-12-19,2052.11,23.24,15.32,18.85,23.37,13.79,16.55
2008-12-22,2017.55,23.0,15.05,18.89,23.12,13.54,16.49
2008-12-23,1918.96,21.75,14.41,17.75,21.79,12.97,15.64
2008-12-24,1887.08,21.38,14.17,17.48,21.35,12.75,15.31
2008-12-25,1870.77,21.23,14.08,17.36,21.25,12.67,15.11
2008-12-26,1862.1,21.09,14.08,17.15,21.04,12.67,15.14
2008-12-29,1854.76,21.12,14.03,17.2,21.08,12.61,15.04
2008-12-30,1833.44,20.93,13.87,17.08,20.89,12.48,14.86
2008-12-31,1817.72,20.67,13.81,16.86,20.62,12.42,14.79
2009-01-05,1882.96,22.3,14.37,17.53,21.13,12.91,15.14
2009-01-06,1942.8,23.05,14.79,18.45,21.84,13.28,16.02
2009-01-07,1931.18,23.07,14.64,18.33,21.91,13.14,16.02
2009-01-08,1887.99,22.6,14.28,17.88,21.46,12.81,15.67
2009-01-09,1918.37,23.05,14.46,18.28,21.92,12.98,16.01
2009-01-12,1920.69,23.22,14.4,18.19,22.07,12.92,16.3
2009-01-13,1876.19,22.59,14.12,17.85,21.49,12.67,15.67
2009-01-14,1955.24,23.46,14.61,18.51,22.3,13.12,16.22
2009-01-15,1954.87,23.67,14.5,18.48,22.64,13.06,16.45
2009-01-16,1990.21,23.98,14.8,18.95,22.93,13.33,16.68
2009-01-19,2012.47,24.02,15.11,19.2,22.97,13.62,16.8
2009-01-20,2025.19,24.2,15.15,19.16,23.11,13.67,16.86
2009-01-21,2021.71,24.22,15.08,18.95,23.11,13.64,16.75
2009-01-22,2044.55,24.6,15.21,19.03,23.44,13.76,17.07
2009-01-23,2032.68,24.4,15.09,18.87,23.06,13.65,16.87
2009-02-02,2057.06,25.03,15.2,19.14,23.64,13.75,17.1
2009-02-03,2108.91,25.65,15.56,19.68,24.22,14.07,17.47
2009-02-04,2166.41,26.2,15.93,20.17,24.72,14.4,17.89
2009-02-05,2150.97,25.82,15.87,19.89,24.4,14.34,17.69
2009-02-06,2237.28,26.91,16.5,20.91,25.49,14.91,18.91
2009-02-09,2296.67,27.89,16.81,21.46,26.47,15.2,20.19
2009-02-10,2326.76,28.43,17.09,21.69,27.1,15.46,20.55
2009-02-11,2331.14,28.48,17.07,21.71,27.21,15.44,20.18
2009-02-12,2318.34,28.83,16.89,21.96,27.58,15.27,20.36
2009-02-13,2399.07,29.89,17.45,22.76,28.59,15.78,21.39
2009-02-16,2462.25,30.33,17.99,23.19,29.15,16.27,21.29
2009-02-17,2385.29,29.32,17.48,22.47,28.2,15.81,20.72
2009-02-18,2275.84,28.19,16.61,21.41,27.11,15.04,19.77
2009-02-19,2298.41,28.66,16.71,21.4,27.76,15.14,20.31
2009-02-20,2344.32,29.19,16.93,21.95,28.79,15.34,20.85
2009-02-23,2410.48,30.18,17.23,22.82,29.75,15.62,21.78
2009-02-24,2301.85,29.06,16.44,22.31,28.54,14.9,20.73
2009-02-25,2304.25,28.87,16.48,22.03,28.46,14.93,20.93
2009-02-26,2190.19,27.14,15.92,20.92,26.88,14.43,19.45
2009-02-27,2140.49,26.23,15.74,20.52,25.84,14.26,18.69
2009-03-02,2164.67,26.47,15.78,21.11,26.59,14.32,19.61
2009-03-03,2142.15,26.24,15.55,20.95,27.41,14.15,19.91
2009-03-04,2285.15,27.81,16.51,22.03,29.14,15.04,21.09
2009-03-05,2304.92,27.96,16.71,22.21,29.31,15.21,21.16
2009-03-06,2286.58,27.73,16.48,22.27,29.75,15.02,21.49
2009-03-09,2202.53,26.6,15.93,21.56,28.54,14.52,20.84
2009-03-10,2240.78,27.7,16.26,22.07,30.09,14.88,21.52
2009-03-11,2220.38,27.54,16.08,21.63,30.0,14.74,21.29
2009-03-12,2215.7,27.71,16.03,21.59,30.23,14.69,21.38
2009-03-13,2205.42,27.46,16.02,21.52,29.93,14.68,21.19
2009-03-16,2241.61,27.85,16.2,21.68,30.35,14.85,21.83
2009-03-17,2322.4,28.99,16.69,22.55,31.58,15.3,22.62
2009-03-18,2332.65,29.09,16.7,22.74,31.96,15.34,22.72
2009-03-19,2382.56,29.78,16.84,23.35,32.75,15.61,23.35
2009-03-20,2379.84,29.92,16.99,23.52,33.08,15.78,23.34
2009-03-23,2439.4,30.13,17.28,24.05,33.81,16.09,24.11
2009-03-24,2451.78,30.33,17.4,24.61,34.02,16.17,24.24
2009-03-25,2401.33,29.6,16.92,24.12,33.32,15.98,23.98
2009-03-26,2479.79,30.8,17.67,25.01,34.78,16.67,24.81
2009-03-27,2498.93,31.78,17.84,25.45,35.54,16.81,25.21
2009-03-30,2484.49,32.89,17.87,25.74,36.87,16.93,25.94
2009-03-31,2507.79,33.56,17.97,25.65,37.51,17.09,25.93
2009-04-01,2548.22,34.25,17.99,26.02,38.23,17.12,26.33
2009-04-02,2576.4,34.39,18.16,26.0,37.51,17.3,26.52
2009-04-03,2570.5,33.88,18.15,25.7,37.36,17.32,26.23
2009-04-07,2576.95,34.1,18.27,25.82,37.04,17.43,26.27
2009-04-08,2479.35,33.0,17.56,24.97,35.83,16.77,25.66
2009-04-09,2517.67,34.11,18.13,25.53,36.69,17.07,26.34
2009-04-10,2595.53,35.35,18.46,26.6,38.13,17.59,27.02
2009-04-13,2656.52,36.06,19.11,27.72,39.31,18.18,27.91
2009-04-14,2676.87,35.51,19.18,28.13,38.79,18.25,28.44
2009-04-15,2686.99,36.06,19.31,28.38,38.93,18.42,28.58
2009-04-16,2687.11,36.42,19.32,28.24,39.28,18.45,28.32
2009-04-17,2650.69,35.95,19.05,28.32,38.89,18.22,28.75
2009-04-20,2707.67,38.59,19.64,29.37,40.67,18.69,29.42
2009-04-21,2675.44,38.5,19.45,30.31,41.3,18.5,29.64
2009-04-22,2576.28,36.66,18.92,28.23,38.2,18.02,28.48
2009-04-23,2593.56,38.6,19.1,28.91,40.05,18.68,28.8
2009-04-24,2572.89,38.26,18.98,28.62,40.29,18.58,28.87
2009-04-27,2513.29,39.51,18.54,28.21,40.47,18.43,28.68
2009-04-28,2518.53,40.83,18.44,28.62,39.55,18.21,28.8
2009-04-29,2605.37,41.93,18.86,29.39,42.49,18.93,30.26
2009-04-30,2622.93,43.17,19.09,29.89,43.44,19.13,30.59
2009-05-04,2714.3,42.74,19.74,31.12,45.12,19.78,31.83
2009-05-05,2727.01,42.22,19.76,31.13,45.53,19.8,32.27
2009-05-06,2764.98,43.18,19.92,31.62,46.34,19.95,32.15
2009-05-07,2767.08,44.2,20.0,31.15,46.14,20.04,31.66
2009-05-08,2789.22,43.23,20.26,31.14,46.25,20.31,31.75
2009-05-11,2725.32,44.61,19.95,30.7,44.75,19.99,31.29
2009-05-12,2788.56,42.86,20.22,31.47,45.81,20.26,31.78
2009-05-13,2814.01,43.13,20.57,31.71,46.18,20.63,31.9
2009-05-14,2792.6,45.03,20.34,31.37,46.22,20.41,31.64
2009-05-15,2796.12,44.09,20.38,31.48,46.3,20.45,31.94
2009-05-18,2810.57,44.49,20.44,31.45,46.53,20.5,31.95
2009-05-19,2840.08,43.05,20.62,31.81,47.03,20.66,32.15
2009-05-20,2812.87,45.71,20.43,31.7,46.77,20.48,31.94
2009-05-21,2750.01,44.73,20.1,31.01,45.87,20.16,32.0
2009-05-22,2740.68,44.73,20.0,31.16,45.83,20.05,31.68
2009-05-25,2752.72,45.08,20.09,30.69,47.18,20.15,31.29
2009-05-26,2719.76,44.72,19.87,30.3,46.79,19.92,31.16
2009-05-27,2759.71,44.94,20.27,30.69,47.01,20.33,31.03
2009-06-01,2858.34,46.1,21.01,31.36,47.24,21.05,31.64
2009-06-02,2865.1,45.45,21.01,31.38,47.66,21.05,32.34
2009-06-03,2939.39,45.17,21.52,31.68,48.42,21.56,32.54
2009-06-04,2953.75,45.24,21.45,32.03,48.45,21.45,33.1
2009-06-05,2939.31,45.04,21.33,32.42,48.18,21.33,32.62
2009-06-08,2948.48,45.92,21.54,32.44,47.91,21.54,32.22
2009-06-09,2960.56,45.04,21.73,32.64,48.02,21.74,32.53
2009-06-10,2989.6,45.62,21.94,33.17,48.6,21.95,33.25
2009-06-11,2961.63,45.03,21.81,33.06,47.97,21.82,32.48
2009-06-12,2906.29,44.05,21.38,32.27,46.99,21.39,31.95
2009-06-15,2966.19,44.57,21.87,33.08,47.5,21.9,32.87
2009-06-16,2961.22,44.65,21.76,33.29,47.58,21.8,32.71
2009-06-17,3010.59,45.45,22.02,33.48,47.5,22.08,33.45
2009-06-18,3057.43,45.84,22.45,33.83,47.88,22.52,33.67
2009-06-19,3080.0,46.04,22.69,33.65,48.11,22.77,33.58
2009-06-22,3082.56,45.91,22.88,33.47,47.98,22.95,33.65
2009-06-23,3083.9,45.91,22.93,33.39,47.79,23.0,33.45
2009-06-24,3120.73,45.8,23.11,33.93,48.74,23.17,34.18
2009-06-25,3117.92,46.68,23.15,33.83,48.63,23.2,34.06
2009-06-26,3128.42,47.66,23.19,33.77,48.7,23.24,34.51
2009-06-29,3179.97,48.17,23.54,34.07,49.22,23.58,35.17
2009-06-30,3166.47,47.85,23.39,33.77,48.92,23.42,35.14
2009-07-01,3237.9,48.7,23.94,33.44,47.43,23.97,33.8
2009-07-02,3282.36,49.25,24.4,34.11,47.9,24.4,34.28
2009-07-03,3327.14,49.73,24.62,34.41,48.39,24.63,34.42
2009-07-06,3374.75,48.3,24.98,34.6,48.77,24.98,34.72
2009-07-07,3340.49,47.22,24.62,34.79,48.67,24.62,35.39
2009-07-08,3352.27,48.63,24.47,34.75,48.25,24.46,36.22
2009-07-09,3396.3,47.69,24.76,35.61,49.03,24.71,36.48
2009-07-10,3398.31,47.94,24.67,35.33,49.34,24.63,36.68
2009-07-13,3361.01,47.05,24.34,35.55,49.16,24.3,36.42
2009-07-14,3454.75,48.14,24.88,36.58,50.26,24.79,37.32
2009-07-15,3493.31,48.71,25.19,36.89,50.88,25.06,37.47
2009-07-16,3501.24,48.53,25.21,36.31,50.74,25.08,37.07
2009-07-17,3519.81,49.09,25.23,36.48,51.16,25.05,37.32
2009-07-20,3591.12,50.24,25.84,37.02,52.43,25.65,37.26
2009-07-21,3539.83,49.29,25.46,36.04,51.66,25.27,37.16
2009-07-22,3606.92,50.02,26.08,36.84,52.51,25.92,37.46
2009-07-23,3651.97,50.64,26.35,37.6,53.05,26.21,38.26
2009-07-24,3667.56,50.58,26.72,37.94,52.96,26.55,38.08
2009-07-27,3743.63,51.69,27.2,38.38,54.49,27.0,38.79
2009-07-28,3755.82,52.31,27.19,38.76,54.26,27.0,39.63
2009-07-29,3558.51,50.02,25.92,36.6,51.86,25.76,37.37
2009-07-30,3634.82,49.73,26.46,37.32,52.57,26.31,37.84
2009-07-31,3734.62,51.42,27.15,38.42,54.28,26.96,38.62
2009-08-03,3787.03,52.49,27.48,39.16,54.66,27.27,39.93
2009-08-04,3786.62,52.93,27.47,39.7,55.1,27.31,39.75
2009-08-05,3740.94,52.8,27.08,39.26,54.64,26.93,39.81
2009-08-06,3663.12,51.82,26.5,39.11,53.69,26.37,38.99
2009-08-07,3555.1,49.9,25.72,37.44,51.67,25.58,37.35
2009-08-10,3544.54,50.16,25.56,37.77,53.13,25.47,38.0
2009-08-11,3556.38,50.2,25.68,37.79,52.95,25.62,38.5
2009-08-12,3397.4,48.64,24.5,35.78,51.25,24.45,36.77
2009-08-13,3440.82,49.23,24.86,35.87,51.85,24.81,37.0
2009-08-14,3344.46,48.53,24.2,34.43,49.97,24.15,35.39
2009-08-17,3140.27,47.09,22.81,32.13,45.79,22.75,33.24
2009-08-18,3171.99,47.79,23.1,33.15,45.67,22.9,33.31
2009-08-19,3014.57,47.02,22.17,31.82,43.45,21.94,31.92
2009-08-20,3144.39,47.93,23.16,33.03,45.14,22.91,32.79
2009-08-21,3203.62,48.02,23.55,33.94,45.27,23.27,33.18
2009-08-24,3229.6,48.2,23.77,34.93,46.35,22.85,33.78
2009-08-25,3109.83,46.82,23.06,34.11,45.63,22.19,33.34
2009-08-26,3172.39,48.11,23.41,34.73,45.23,22.5,34.16
2009-08-27,3156.3,48.18,23.18,34.79,47.24,22.37,34.42
2009-08-28,3046.78,46.78,22.49,33.04,47.1,21.52,33.52
2009-08-31,2830.27,46.85,20.96,31.32,44.02,19.88,30.53
2009-09-01,2843.7,45.43,21.16,30.8,43.75,20.09,30.38
2009-09-02,2890.93,45.82,21.5,31.08,44.15,20.42,30.48
2009-09-03,3051.96,48.51,22.55,32.68,46.64,21.37,32.57
2009-09-04,3077.14,48.4,22.64,32.93,47.31,21.46,33.04
2009-09-07,3104.21,48.03,22.78,33.8,47.73,21.58,33.0
2009-09-08,3170.97,49.17,23.21,34.65,47.76,21.97,33.89
2009-09-09,3194.91,49.73,23.32,34.83,49.18,22.04,34.17
2009-09-10,3162.91,50.1,23.16,34.34,47.57,21.89,33.66
2009-09-11,3238.13,50.83,23.73,34.79,48.3,22.44,34.33
2009-09-14,3293.39,50.16,23.98,35.35,49.42,22.69,35.36
2009-09-15,3302.64,50.59,24.0,35.54,49.65,22.68,35.07
2009-09-16,3258.24,50.33,23.66,35.13,49.36,22.38,35.33
2009-09-17,3320.1,51.35,24.13,36.06,49.38,22.81,35.72
2009-09-18,3199.69,49.53,23.35,34.87,48.79,22.11,35.19
2009-09-21,3208.6,49.92,23.35,35.46,49.28,22.12,35.35
2009-09-22,3131.03,50.36,22.84,34.94,48.04,21.66,34.17
2009-09-23,3060.07,49.85,22.43,33.54,47.72,21.28,33.09
2009-09-24,3080.93,49.69,22.58,33.84,47.46,21.41,33.22
2009-09-25,3058.53,49.18,22.47,33.65,47.07,21.31,33.26
2009-09-28,2972.64,47.71,21.86,32.96,45.65,20.75,32.66
2009-09-29,2972.29,47.3,21.87,33.03,45.18,20.75,32.31
2009-09-30,3004.81,47.9,22.09,33.08,45.69,20.96,32.69
2009-10-09,3163.71,50.5,23.15,34.86,48.06,21.92,34.24
2009-10-12,3151.63,49.63,23.0,35.01,48.18,21.79,34.48
2009-10-13,3198.52,50.37,23.32,35.34,48.72,22.07,34.83
2009-10-14,3227.4,50.79,23.54,35.47,47.95,22.27,35.15
2009-10-15,3239.64,51.8,23.62,35.38,48.02,22.33,34.8
2009-10-16,3241.71,51.91,23.56,35.9,48.23,22.29,34.74
2009-10-19,3329.16,52.45,24.06,36.25,48.97,22.7,35.14
2009-10-20,3377.57,52.25,24.44,36.51,49.82,23.08,35.69
2009-10-21,3369.29,51.96,24.35,36.84,49.49,22.99,35.56
2009-10-22,3347.32,51.74,24.16,36.51,48.63,22.79,35.79
2009-10-23,3413.25,52.71,24.65,37.22,49.93,23.29,36.13
2009-10-26,3414.24,52.77,24.67,37.27,48.67,23.0,35.8
2009-10-27,3314.72,51.22,23.95,36.0,46.35,22.21,34.43
2009-10-28,3329.33,51.73,24.02,36.3,45.86,22.62,34.47
2009-10-29,3247.05,51.35,23.45,35.65,44.15,22.25,33.65
2009-10-30,3280.37,51.79,23.73,36.25,45.5,22.01,33.76
2009-11-02,3392.8,51.59,24.37,37.34,45.84,22.68,34.7
2009-11-03,3435.43,52.49,24.61,38.26,46.59,22.88,35.06
2009-11-04,3453.89,52.76,24.71,38.09,46.77,22.96,35.48
2009-11-05,3464.32,52.19,24.87,38.51,47.14,23.11,36.0
2009-11-06,3483.02,52.6,24.94,39.19,47.6,23.17,36.07
2009-11-09,3495.79,53.04,25.0,39.45,47.9,23.21,36.23
2009-11-10,3503.78,53.04,25.05,39.54,47.93,23.26,36.29
2009-11-11,3495.67,52.14,25.0,39.4,48.0,23.2,36.35
2009-11-12,3499.99,53.11,24.96,39.9,48.07,23.16,36.9
2009-11-13,3518.72,53.62,25.09,40.04,48.21,23.24,37.04
2009-11-16,3625.8,54.15,25.81,41.15,49.53,23.89,37.74
2009-11-17,3628.35,54.1,25.89,41.3,49.61,23.97,37.33
2009-11-18,3630.23,54.11,26.05,41.12,49.71,24.14,37.71
2009-11-19,3642.44,54.56,26.12,41.01,50.12,24.19,37.87
2009-11-20,3631.01,54.53,25.97,40.99,50.1,24.06,38.02
2009-11-23,3665.51,55.4,26.15,42.21,50.86,24.22,38.6
2009-11-24,3548.08,53.16,25.33,41.24,48.68,23.44,36.59
2009-11-25,3629.63,54.63,25.79,42.16,50.03,23.83,38.08
2009-11-26,3485.77,53.62,24.92,40.43,48.19,23.04,36.14
2009-11-27,3382.51,51.15,24.34,39.09,46.81,22.54,35.29
2009-11-30,3511.67,53.22,25.07,40.86,48.77,23.21,37.29
2009-12-01,3560.83,54.2,25.32,41.56,49.64,23.42,38.31
2009-12-02,3597.33,54.98,25.58,42.36,50.27,23.64,38.7
2009-12-03,3590.88,55.21,25.5,42.33,49.53,23.55,38.59
2009-12-04,3643.49,54.72,26.1,41.74,49.17,24.14,38.19
2009-12-07,3668.83,55.61,26.2,42.05,50.02,24.21,38.17
2009-12-08,3624.02,55.2,25.88,42.12,49.66,23.91,38.01
2009-12-09,3554.48,54.17,25.44,41.47,49.73,23.51,37.53
2009-12-10,3577.24,54.51,25.54,41.83,50.1,23.6,37.66
2009-12-11,3575.02,54.5,25.49,41.78,49.11,23.55,38.07
2009-12-14,3612.75,54.71,26.0,41.87,49.46,24.03,38.02
2009-12-15,3583.34,54.39,25.73,41.29,50.12,23.78,37.9
2009-12-16,3560.72,54.08,25.55,41.12,49.79,23.63,37.64
2009-12-17,3480.15,53.65,25.02,40.35,48.55,23.16,36.8
2009-12-18,3391.74,51.92,24.54,38.93,46.92,22.74,35.94
2009-12-21,3396.62,52.37,24.57,39.4,47.23,22.76,36.44
2009-12-22,3305.54,51.82,24.02,38.34,45.78,22.27,35.59
2009-12-23,3336.48,53.54,24.21,38.65,46.37,22.44,36.08
2009-12-24,3438.82,53.36,24.83,39.64,47.87,23.0,37.39
2009-12-25,3424.78,54.23,24.69,39.84,47.85,22.87,37.3
2009-12-28,3478.43,54.13,25.06,40.25,48.67,23.2,37.67
2009-12-29,3500.74,53.57,25.25,40.26,48.81,23.38,37.92
2009-12-30,3558.86,53.85,25.77,40.71,49.06,23.87,37.66
2009-12-31,3575.68,54.18,25.89,41.17,49.4,23.99,38.19
2010-01-04,3535.23,53.43,25.78,41.25,49.74,23.83,37.46
2010-01-05,3564.04,53.62,26.06,40.79,50.08,24.08,38.08
2010-01-06,3541.73,53.46,25.81,40.55,48.93,23.83,37.88
2010-01-07,3471.46,52.38,25.32,39.82,47.97,23.32,36.89
2010-01-08,3480.13,52.51,25.3,40.52,49.19,23.31,37.34
2010-01-11,3482.05,52.42,25.41,40.3,49.29,23.42,37.29
2010-01-12,3534.92,53.45,25.86,40.74,49.26,23.82,37.81
2010-01-13,3421.14,52.31,24.92,40.07,49.19,22.92,36.23
2010-01-14,3469.05,52.33,25.18,41.38,50.14,23.15,37.85
2010-01-15,3482.74,52.82,25.23,41.49,50.58,23.2,37.64
2010-01-18,3500.68,53.45,25.27,41.86,51.1,23.26,38.55
2010-01-19,3507.48,52.54,25.34,41.89,51.07,23.32,38.2
2010-01-20,3394.43,50.8,24.61,40.27,49.33,22.65,36.47
2010-01-21,3408.57,50.89,24.68,40.25,49.43,22.74,36.44
2010-01-22,3366.2,49.76,24.55,39.41,48.17,22.64,35.44
2010-01-25,3328.01,50.11,24.32,39.19,47.57,22.4,35.23
2010-01-26,3242.8,49.25,23.81,37.53,45.91,21.94,33.7
2010-01-27,3198.57,48.82,23.49,37.02,46.6,21.66,33.61
2010-01-28,3206.57,49.28,23.48,37.47,47.06,21.65,33.73
2010-01-29,3204.16,49.34,23.42,37.58,47.11,21.6,34.17
2010-02-01,3152.71,49.49,23.02,37.35,46.01,21.23,33.0
2010-02-02,3146.19,49.2,23.0,36.93,45.79,21.21,33.12
2010-02-03,3230.72,49.38,23.61,38.34,45.58,21.76,34.56
2010-02-04,3218.8,49.48,23.42,38.18,46.64,21.59,34.25
2010-02-05,3153.09,49.36,22.97,37.52,45.49,21.19,33.55
2010-02-08,3150.99,49.6,22.93,37.29,46.65,21.15,33.77
2010-02-09,3169.19,49.77,22.99,37.12,46.9,21.24,33.9
2010-02-10,3214.13,50.46,23.25,37.96,46.54,21.48,34.55
2010-02-11,3220.4,49.38,23.27,37.83,45.73,21.51,34.49
2010-02-12,3251.28,50.1,23.54,38.13,45.58,21.77,34.85
2010-02-22,3233.35,49.11,23.38,38.03,44.49,21.62,34.84
2010-02-23,3198.63,49.14,23.12,37.77,44.5,21.37,34.13
2010-02-24,3244.48,49.96,23.38,38.53,45.25,21.61,34.47
2010-02-25,3292.13,50.75,23.66,38.94,45.95,21.87,35.01
2010-02-26,3281.67,50.75,23.57,38.93,45.64,21.76,35.21
2010-03-01,3324.42,51.6,23.84,39.03,45.72,22.01,34.95
2010-03-02,3311.24,51.05,23.67,38.87,45.33,21.88,35.05
2010-03-03,3335.08,50.75,23.8,39.38,45.94,22.0,35.19
2010-03-04,3250.57,49.11,23.22,38.01,44.41,21.53,34.57
2010-03-05,3259.76,49.45,23.25,37.81,45.77,21.56,34.45
2010-03-08,3286.18,49.94,23.4,38.58,45.27,21.68,34.44
2010-03-09,3305.86,49.79,23.51,38.53,45.24,21.82,34.46
2010-03-10,3279.69,48.24,23.3,37.13,45.17,21.65,33.65
2010-03-11,3276.71,47.24,23.35,36.88,44.7,21.71,33.46
2010-03-12,3233.13,48.01,22.96,36.09,43.8,21.36,32.78
2010-03-15,3183.18,48.03,22.54,35.97,45.67,21.04,32.21
2010-03-16,3203.97,48.4,22.61,35.85,44.76,21.1,32.0
2010-03-17,3273.92,47.59,23.02,36.7,44.78,21.49,32.87
2010-03-18,3267.56,47.39,22.94,36.71,44.4,21.4,33.04
2010-03-19,3293.87,47.88,23.08,35.88,45.03,21.57,33.01
2010-03-22,3302.63,47.6,23.06,35.29,45.14,21.6,33.07
2010-03-23,3275.57,47.86,22.87,35.17,45.11,21.39,32.95
2010-03-24,3276.67,47.76,22.4,35.04,45.03,21.05,33.18
2010-03-25,3229.13,47.99,22.51,34.59,45.34,21.15,33.06
2010-03-26,3275.0,48.55,22.61,34.78,45.89,21.28,33.32
2010-03-29,3358.54,47.88,21.98,35.48,45.82,21.57,34.02
2010-03-30,3366.71,49.32,22.05,35.62,46.71,21.63,34.28
2010-03-31,3345.61,48.73,21.8,35.37,46.9,21.38,33.81
2010-04-01,3391.94,48.73,21.8,35.37,46.9,21.38,33.81
2010-04-02,3407.35,48.7,22.02,35.75,47.79,21.61,34.35
2010-04-06,3405.15,48.51,21.98,35.58,47.7,21.59,34.5
2010-04-07,3386.95,48.55,21.86,35.37,47.77,21.47,34.35
2010-04-08,3346.74,48.84,21.06,34.52,47.4,20.86,33.97
2010-04-09,3379.17,48.37,21.22,34.98,48.11,21.05,34.31
2010-04-12,3351.48,48.0,21.01,35.54,47.9,20.83,34.29
2010-04-13,3391.72,47.8,21.41,35.1,47.38,21.2,33.93
2010-04-14,3403.71,48.23,21.46,35.66,47.8,21.08,34.3
2010-04-15,3394.57,48.58,21.49,35.39,48.41,21.09,33.96
2010-04-16,3356.33,47.81,21.19,35.08,47.9,20.82,33.51
2010-04-19,3176.42,44.6,19.73,32.58,44.9,19.57,31.98
2010-04-20,3173.37,43.88,19.56,32.74,45.15,19.47,31.75
2010-04-21,3236.68,44.62,19.87,33.72,44.97,19.71,31.91
2010-04-22,3201.54,43.88,19.51,33.22,43.44,19.37,31.41
2010-04-23,3190.0,43.64,19.58,33.02,42.08,19.24,30.78
2010-04-26,3172.0,43.86,19.53,32.8,40.66,19.01,29.67
2010-04-27,3108.41,44.03,19.07,31.61,39.45,18.49,28.32
2010-04-28,3097.35,43.83,19.0,31.23,38.58,18.06,28.35
2010-04-29,3060.06,43.87,18.87,30.94,37.26,17.59,27.64
2010-04-30,3067.37,43.41,18.97,30.43,35.86,17.14,26.11
2010-05-04,3019.45,43.05,18.71,29.97,35.55,16.91,26.05
2010-05-05,3036.39,43.55,18.76,30.55,36.05,16.95,26.5
2010-05-06,2896.86,41.84,17.97,29.46,34.68,16.23,25.41
2010-05-07,2836.79,40.82,17.65,28.95,33.88,15.94,24.69
2010-05-10,2858.23,40.57,17.8,28.81,34.67,16.07,24.81
2010-05-11,2800.82,39.77,17.5,28.31,33.93,15.8,24.24
2010-05-12,2818.16,39.39,17.69,28.12,33.56,15.97,24.04
2010-05-13,2886.91,40.35,18.04,28.76,34.4,16.28,24.75
2010-05-14,2868.02,40.18,17.9,29.02,34.31,16.16,24.6
2010-05-17,2714.72,37.7,17.06,26.98,32.27,15.4,23.15
2010-05-18,2771.35,38.27,17.33,27.29,32.77,15.65,23.49
2010-05-19,2762.17,38.22,17.27,27.15,32.72,15.59,23.17
2010-05-20,2726.02,37.58,17.11,26.44,32.14,15.44,22.71
2010-05-21,2768.79,38.25,17.29,26.71,32.69,15.61,23.12
2010-05-24,2873.47,39.96,17.84,27.9,34.14,16.1,23.95
2010-05-25,2813.94,39.47,17.45,27.47,33.78,15.75,23.7
2010-05-26,2813.94,39.52,17.45,27.48,33.82,15.75,23.8
2010-05-27,2859.98,40.34,17.62,27.94,34.52,15.91,24.09
2010-05-28,2850.3,40.26,17.6,28.1,34.49,15.89,24.03
2010-05-31,2773.26,38.97,17.23,27.54,33.4,15.56,22.98
2010-06-01,2744.16,38.5,17.11,26.76,33.03,15.45,22.9
2010-06-02,2757.53,38.84,17.07,27.25,33.31,15.41,23.01
2010-06-03,2736.08,38.53,16.95,27.0,33.02,15.3,22.91
2010-06-04,2744.39,38.69,16.92,27.22,33.19,15.28,23.23
2010-06-07,2695.72,38.16,16.58,26.84,32.82,14.97,22.7
2010-06-08,2699.34,38.51,16.57,27.01,33.14,14.96,22.93
2010-06-09,2782.13,39.48,17.07,27.68,33.95,15.41,23.55
2010-06-10,2750.02,39.24,16.89,27.6,33.8,15.25,23.29
2010-06-11,2758.87,39.41,16.96,27.53,33.85,15.31,23.36
2010-06-17,2742.73,39.06,16.93,27.21,33.55,15.29,23.13
2010-06-18,2696.17,37.97,16.71,26.15,32.59,15.08,22.46
2010-06-21,2780.66,39.11,17.22,26.97,33.52,15.54,23.29
2010-06-22,2783.72,39.27,17.21,27.28,33.66,15.54,23.3
2010-06-23,2758.5,38.9,17.07,27.01,33.37,15.41,23.11
2010-06-24,2757.5,38.85,17.05,27.12,33.29,15.4,23.0
2010-06-25,2736.29,38.37,16.98,26.34,32.88,15.34,22.73
2010-06-28,2716.78,37.93,16.89,26.01,32.46,15.25,22.43
2010-06-29,2592.02,35.91,16.22,24.7,30.74,14.64,21.43
2010-06-30,2563.07,35.18,16.07,24.49,30.11,14.51,20.77
2010-07-01,2526.07,33.69,16.09,23.67,28.78,14.53,20.12
2010-07-02,2534.11,33.54,16.19,23.63,28.66,14.62,20.29
2010-07-05,2512.65,33.29,16.08,23.41,28.37,14.52,19.93
2010-07-06,2562.9,34.08,16.39,23.87,29.08,14.8,20.31
2010-07-07,2580.48,34.43,16.44,24.21,29.45,14.85,20.72
2010-07-08,2575.92,34.31,16.37,23.99,29.36,14.78,20.49
2010-07-09,2647.1,35.38,16.73,24.6,30.06,15.11,21.21
2010-07-12,2676.22,35.68,16.85,25.08,30.41,15.22,21.49
2010-07-13,2634.59,35.05,16.59,24.63,29.87,14.97,20.95
2010-07-14,2653.61,35.49,16.71,24.78,30.13,15.08,21.07
2010-07-15,2608.52,34.75,16.41,24.29,29.54,14.82,20.64
2010-07-16,2616.13,34.93,16.4,24.35,29.67,14.81,20.85
2010-07-19,2682.47,35.92,16.77,25.38,30.49,15.15,21.61
2010-07-20,2741.5,37.05,17.1,25.8,31.42,15.44,22.22
2010-07-21,2747.34,37.22,17.13,25.97,31.53,15.46,22.47
2010-07-22,2781.29,37.72,17.3,26.32,31.89,15.62,22.69
2010-07-23,2793.08,37.78,17.39,26.88,31.93,15.69,22.9
2010-07-26,2811.06,38.24,17.47,26.97,32.3,15.76,23.06
2010-07-27,2795.72,38.08,17.37,27.01,32.2,15.67,22.88
2010-07-28,2863.72,38.93,17.76,27.63,32.91,16.03,23.45
2010-07-29,2877.98,39.29,17.61,27.47,33.18,15.98,23.6
2010-07-30,2868.85,39.17,17.51,27.5,33.14,15.89,23.2
2010-08-02,2917.28,39.92,17.74,28.12,33.78,16.11,24.02
2010-08-03,2865.97,39.16,17.44,27.92,32.94,15.82,24.01
2010-08-04,2876.43,39.45,17.48,27.92,33.2,15.86,24.06
2010-08-05,2850.83,39.38,17.31,27.65,33.29,15.7,23.72
2010-08-06,2897.66,40.27,17.54,28.33,33.94,15.9,23.74
2010-08-09,2918.24,40.81,17.6,28.8,34.36,15.94,23.84
2010-08-10,2832.64,39.5,17.14,27.63,33.18,15.5,22.83
2010-08-11,2850.21,39.84,17.19,27.81,33.4,15.55,23.13
2010-08-12,2816.39,39.34,16.99,27.49,32.98,15.32,22.7
2010-08-13,2855.55,40.08,17.17,27.84,33.57,15.48,23.09
2010-08-16,2922.08,41.04,17.53,28.67,34.33,15.78,23.77
2010-08-17,2942.29,41.32,17.59,29.03,34.44,15.82,23.75
2010-08-18,2937.36,41.38,17.55,28.95,33.91,15.73,23.55
2010-08-19,2955.4,41.53,17.71,28.98,34.11,15.83,23.56
2010-08-20,2898.33,40.57,17.44,28.18,33.74,15.54,22.85
2010-08-23,2896.19,40.57,17.39,28.45,32.72,15.41,22.89
2010-08-24,2911.83,41.09,17.44,28.64,33.35,15.45,23.04
2010-08-25,2843.02,40.09,17.09,28.19,32.55,15.13,22.46
2010-08-26,2850.09,40.2,17.12,28.17,32.94,15.09,22.58
2010-08-27,2858.57,40.34,17.16,28.26,32.96,14.89,22.47
2010-08-30,2915.01,41.39,17.4,28.58,33.57,14.87,22.91
2010-08-31,2903.19,40.46,17.28,28.71,33.27,14.7,22.58
2010-09-01,2884.04,40.0,17.2,28.43,32.89,14.64,22.52
2010-09-02,2921.39,40.67,17.38,28.87,33.38,14.75,22.92
2010-09-03,2920.21,40.83,17.35,28.82,33.51,14.73,22.65
2010-09-06,2975.09,41.44,17.66,29.55,33.99,14.99,23.28
2010-09-07,2983.11,41.82,17.66,29.72,34.23,14.99,23.58
2010-09-08,2980.97,42.19,17.61,30.18,34.51,14.95,23.61
2010-09-09,2926.46,41.59,17.36,29.47,34.03,14.73,23.0
2010-09-10,2932.55,41.79,17.37,29.3,34.2,14.74,23.2
2010-09-13,2962.32,42.43,17.51,29.54,34.73,14.86,23.49
2010-09-14,2965.01,42.55,17.48,29.73,34.81,14.84,23.71
2010-09-15,2913.19,41.94,17.25,29.54,34.33,14.64,23.37
2010-09-16,2857.79,41.21,16.94,28.91,33.72,14.38,22.42
2010-09-17,2861.37,41.38,16.93,28.82,33.82,14.37,22.32
2010-09-20,2849.83,40.96,16.89,28.65,33.45,14.33,22.29
2010-09-21,2857.48,40.93,16.93,28.73,33.42,14.38,22.21
2010-09-27,2905.03,41.95,17.13,29.24,34.25,14.54,22.63
2010-09-28,2880.91,41.93,16.99,28.76,34.19,14.43,22.58
2010-09-29,2874.81,41.68,17.02,28.62,33.99,14.44,22.55
2010-09-30,2935.57,42.54,17.32,29.22,34.65,14.7,22.76
2010-10-08,3044.23,44.11,17.91,30.52,35.89,15.2,24.27
2010-10-11,3132.9,45.08,18.42,31.39,36.67,15.64,24.98
2010-10-12,3172.73,45.86,18.68,31.58,37.12,15.85,25.56
2010-10-13,3217.58,46.22,18.85,32.53,37.29,16.0,25.43
2010-10-14,3224.14,45.19,19.08,31.63,37.0,16.18,25.59
2010-10-15,3327.68,46.16,19.79,31.89,37.68,16.79,26.27
2010-10-18,3306.16,45.45,19.73,32.22,37.15,16.74,25.7
2010-10-19,3375.67,46.77,20.03,32.99,38.22,17.0,26.33
2010-10-20,3396.88,46.87,20.07,33.6,38.04,17.04,27.45
2010-10-21,3374.69,47.19,19.9,33.8,38.21,16.89,27.61
2010-10-22,3378.66,47.49,19.83,33.93,38.02,16.84,27.44
2010-10-25,3481.08,49.16,20.35,34.84,39.49,17.25,27.83
2010-10-26,3466.08,49.12,20.23,34.93,39.68,17.12,27.82
2010-10-27,3403.87,48.18,19.9,34.34,38.84,16.79,26.33
2010-10-28,3397.69,47.99,19.86,34.48,38.5,16.49,25.98
2010-10-29,3379.98,48.36,19.7,34.58,37.9,16.02,25.15
2010-11-01,3473.0,50.06,20.21,35.38,39.08,16.18,26.7
2010-11-02,3463.13,48.51,20.15,35.36,39.13,16.13,26.4
2010-11-03,3420.34,48.17,20.06,34.42,38.23,16.07,26.04
2010-11-04,3480.51,49.33,20.41,35.09,39.14,16.34,26.68
2010-11-05,3520.8,50.04,20.69,35.62,39.72,16.57,27.13
2010-11-08,3548.57,50.55,20.81,36.09,40.19,16.67,27.23
2010-11-09,3523.95,50.64,20.63,36.14,40.2,16.52,26.88
2010-11-10,3499.11,50.73,20.49,35.96,40.27,16.41,26.78
2010-11-11,3509.98,50.43,20.72,35.92,39.96,16.6,27.02
2010-11-12,3291.83,47.89,19.73,33.33,37.24,15.8,24.93
2010-11-15,3314.89,48.29,19.8,33.88,37.57,15.86,25.32
2010-11-16,3169.54,46.97,18.96,32.29,35.91,15.19,23.73
2010-11-17,3103.91,45.54,18.66,31.44,34.81,14.95,23.01
2010-11-18,3147.96,46.24,18.91,31.78,35.34,15.15,23.46
2010-11-19,3178.85,46.96,19.0,32.61,35.89,15.22,23.94
2010-11-22,3171.94,47.18,18.92,32.82,36.06,15.15,23.92
2010-11-23,3107.18,45.97,18.56,32.5,35.08,14.86,23.13
2010-11-24,3177.04,47.12,18.7,33.06,36.0,14.98,23.93
2010-11-25,3223.48,47.81,18.94,33.54,36.53,15.17,24.27
2010-11-26,3194.85,47.32,18.76,32.85,36.26,15.02,23.97
2010-11-29,3190.05,47.09,18.72,32.69,36.11,14.99,24.17
2010-11-30,3136.99,46.31,18.5,31.92,35.39,14.82,23.81
2010-12-01,3136.02,46.25,18.52,31.74,35.32,14.83,23.78
2010-12-02,3155.06,46.55,18.71,32.01,35.52,14.98,23.96
2010-12-03,3158.16,46.45,18.72,32.0,35.46,14.99,23.64
2010-12-06,3165.57,46.1,18.86,32.26,35.24,15.11,23.85
2010-12-07,3200.34,46.73,18.98,32.66,35.71,15.21,24.04
2010-12-08,3171.88,46.42,18.78,32.15,35.49,15.05,24.09
2010-12-09,3123.37,45.59,18.55,31.54,34.84,14.86,23.45
2010-12-10,3161.98,46.21,18.74,32.07,35.28,15.01,23.99
2010-12-13,3261.06,47.81,19.28,33.35,36.47,15.44,24.73
2010-12-14,3269.47,48.2,19.3,33.45,36.87,15.46,24.99
2010-12-15,3247.64,47.85,19.18,33.25,36.69,15.37,24.71
2010-12-16,3230.67,47.61,19.16,32.9,36.52,15.36,24.65
2010-12-17,3225.66,47.67,19.1,32.99,36.52,15.31,24.57
2010-12-20,3178.66,47.13,18.83,32.59,36.16,15.09,24.37
2010-12-21,3249.51,47.87,19.2,33.21,36.75,15.39,25.25
2010-12-22,3215.45,46.66,19.03,32.94,36.44,15.25,24.99
2010-12-23,3188.61,45.98,18.92,32.64,35.91,15.17,24.49
2010-12-24,3162.96,45.29,18.81,32.13,35.4,15.08,23.9
2010-12-27,3099.71,45.06,18.51,31.35,34.51,14.84,24.17
2010-12-28,3044.93,44.15,18.23,30.52,33.86,14.61,23.44
2010-12-29,3061.83,44.64,18.33,30.9,34.25,14.69,23.7
2010-12-30,3064.1,44.81,18.39,31.47,34.37,14.74,23.98
2010-12-31,3128.26,45.12,18.7,32.55,35.25,14.99,24.52
2011-01-04,3189.68,48.37,19.31,34.41,36.43,15.4,26.92
2011-01-05,3175.66,49.09,19.2,34.78,36.33,15.3,26.62
2011-01-06,3159.64,48.04,19.07,34.29,36.21,15.19,26.63
2011-01-07,3166.62,47.66,19.21,33.91,35.98,15.31,26.55
2011-01-10,3108.19,47.42,18.93,33.27,35.19,15.09,26.3
2011-01-11,3124.92,47.31,19.05,33.0,35.15,15.18,26.15
2011-01-12,3142.34,47.54,19.16,33.14,35.32,15.26,26.44
2011-01-13,3141.28,47.54,19.24,33.27,35.22,15.32,26.12
2011-01-14,3091.86,46.45,19.03,32.92,34.51,15.16,25.3
2011-01-17,2974.35,44.63,18.44,31.13,33.1,14.64,24.41
2011-01-18,2977.65,44.69,18.45,31.17,33.1,14.62,24.65
2011-01-19,3044.85,45.9,18.76,32.18,33.96,14.86,25.49
2011-01-20,2944.71,44.19,18.2,31.1,32.78,14.43,24.73
2011-01-21,2983.46,44.65,18.46,31.49,33.13,14.63,25.31
2011-01-24,2954.23,43.57,18.34,30.91,32.64,14.54,24.69
2011-01-25,2938.65,43.0,18.25,30.03,32.34,14.48,24.45
2011-01-26,2978.43,43.78,18.43,30.71,32.77,14.62,24.77
2011-01-27,3026.47,44.66,18.7,31.59,33.42,14.83,25.46
2011-01-28,3036.74,45.1,18.7,31.8,33.74,14.83,25.16
2011-01-31,3076.51,45.67,18.95,32.61,34.21,15.03,25.28
2011-02-01,3077.28,45.76,18.99,32.6,34.16,15.05,25.56
2011-02-09,3040.95,45.27,18.78,32.13,33.89,14.85,24.63
2011-02-10,3104.16,46.38,19.06,33.52,34.69,15.07,25.43
2011-02-11,3120.96,46.67,19.12,33.43,34.9,15.12,25.65
2011-02-14,3219.14,48.01,19.65,34.52,35.85,15.54,26.72
2011-02-15,3217.67,47.28,19.64,34.25,35.94,15.52,26.7
2011-02-16,3248.53,47.99,19.77,35.64,36.41,15.63,27.44
2011-02-17,3245.91,48.14,19.75,35.35,36.53,15.61,27.06
2011-02-18,3211.88,47.7,19.6,35.16,36.18,15.5,26.96
2011-02-21,3257.91,48.62,19.79,35.83,37.1,15.65,27.87
2011-02-22,3163.58,47.29,19.29,34.98,36.1,15.26,26.96
2011-02-23,3174.74,47.66,19.29,35.19,36.38,15.25,27.08
2011-02-24,3190.94,47.96,19.37,35.31,36.58,15.32,27.06
2011-02-25,3197.62,47.96,19.37,35.35,36.54,15.33,26.84
2011-02-28,3239.56,48.67,19.5,35.9,36.97,15.45,27.29
2011-03-01,3254.89,49.02,19.66,35.81,37.59,15.62,27.74
2011-03-02,3243.3,48.43,19.61,35.68,37.34,15.58,27.46
2011-03-03,3221.72,47.49,19.59,34.89,36.71,15.57,27.31
2011-03-04,3270.67,48.28,19.82,35.32,37.14,15.78,28.0
2011-03-07,3334.51,48.82,20.19,35.8,37.75,16.08,28.5
2011-03-08,3337.46,48.63,20.15,35.76,37.71,16.06,28.48
2011-03-09,3338.86,47.89,20.13,36.04,37.71,16.06,28.45
2011-03-10,3280.26,47.07,19.75,35.38,37.14,15.79,28.27
2011-03-11,3247.38,46.63,19.56,34.88,36.85,15.65,27.94
2011-03-14,3262.92,46.59,19.55,34.7,36.97,15.65,27.86
2011-03-15,3203.96,45.35,19.21,33.6,36.41,15.4,26.98
2011-03-16,3248.2,46.05,19.39,34.16,37.01,15.58,27.4
2011-03-17,3197.1,44.64,19.15,32.99,36.28,15.42,27.04
2011-03-18,3215.69,44.35,18.45,31.46,36.42,15.24,26.94
2011-03-21,3207.11,44.11,18.48,31.57,36.29,15.28,26.52
2011-03-22,3222.96,43.66,18.52,30.99,36.39,15.34,26.7
2011-03-23,3264.93,43.57,18.6,31.01,36.85,15.53,27.01
2011-03-24,3251.36,43.06,18.53,30.67,36.47,15.5,26.79
2011-03-25,3294.48,43.24,18.33,30.59,36.84,15.6,26.99
2011-03-28,3290.57,43.05,17.52,29.84,37.54,15.56,27.21
2011-03-29,3257.98,41.21,17.16,28.71,37.03,15.41,26.51
2011-03-30,3256.08,40.89,16.47,27.81,37.0,15.31,26.11
2011-03-31,3223.29,39.51,15.57,27.04,36.22,15.02,25.69
2011-04-01,3272.73,39.51,15.57,27.04,36.22,15.02,25.69
2011-04-06,3311.07,40.12,15.7,27.55,36.85,15.36,26.29
2011-04-07,3324.42,39.99,15.74,27.81,36.93,15.41,26.62
2011-04-08,3353.36,40.1,15.81,27.93,37.16,15.5,26.82
2011-04-11,3333.43,39.22,15.74,27.69,36.16,15.47,26.6
2011-04-12,3326.77,39.91,15.66,27.68,36.97,15.44,26.57
2011-04-13,3372.03,39.38,15.82,28.23,36.42,15.61,26.71
2011-04-14,3353.56,39.22,15.78,28.09,36.28,15.56,26.59
2011-04-15,3358.94,39.17,15.82,27.95,36.82,15.61,26.45
2011-04-18,3359.44,39.53,15.84,27.78,36.91,15.63,26.71
2011-04-19,3295.81,39.52,15.52,27.33,37.08,15.28,26.18
2011-04-20,3295.76,39.05,15.53,27.79,36.82,15.27,26.12
2011-04-21,3317.37,38.42,15.57,27.9,36.89,15.36,26.3
2011-04-22,3299.94,37.97,15.45,27.46,36.45,15.25,25.66
2011-04-25,3249.57,37.06,15.23,26.7,35.2,15.02,25.23
2011-04-26,3230.96,36.67,15.13,26.17,34.78,14.95,25.1
2011-04-27,3209.5,35.97,15.07,25.68,35.43,14.87,24.63
2011-04-28,3161.78,35.18,14.98,25.11,34.63,14.58,23.7
2011-04-29,3192.72,35.33,15.02,25.3,35.27,14.16,23.54
2011-05-03,3211.13,35.52,15.04,25.41,34.81,14.14,23.66
2011-05-04,3129.03,34.76,14.68,24.49,34.95,13.8,23.01
2011-05-05,3126.12,34.82,14.71,24.28,34.98,13.83,23.06
2011-05-06,3121.4,34.45,14.64,24.4,34.96,13.76,23.29
2011-05-09,3129.76,34.59,14.65,24.56,35.12,13.78,23.41
2011-05-10,3153.22,34.83,14.74,24.8,35.43,13.86,23.6
2011-05-11,3145.09,34.77,14.7,24.64,35.32,13.82,23.5
2011-05-12,3101.6,34.2,14.5,24.28,34.75,13.64,23.19
2011-05-13,3128.09,34.56,14.64,24.58,35.12,13.76,23.19
2011-05-16,3100.46,34.27,14.5,24.51,34.83,13.64,23.22
2011-05-17,3116.03,34.33,14.56,24.7,34.91,13.69,23.15
2011-05-18,3139.38,34.48,14.66,24.68,35.07,13.79,23.36
2011-05-19,3120.64,34.24,14.6,24.41,34.83,13.73,23.17
2011-05-20,3121.6,34.3,14.61,24.3,34.91,13.75,23.28
2011-05-23,3022.98,33.12,14.21,23.53,33.71,13.36,22.28
2011-05-24,3026.22,33.21,14.17,23.55,33.85,13.33,22.34
2011-05-25,2990.34,32.78,14.03,23.22,33.47,13.2,22.18
2011-05-26,2978.38,33.5,14.04,23.1,33.27,13.2,21.97
2011-05-27,2963.31,33.01,13.99,22.96,32.82,13.16,21.7
2011-05-30,2954.51,32.69,14.04,22.72,32.48,13.2,21.42
2011-05-31,3001.56,33.25,14.2,23.14,33.02,13.35,22.19
2011-06-01,3004.17,33.44,14.17,23.23,32.31,13.33,22.31
2011-06-02,2955.71,33.12,13.95,22.92,31.98,13.13,22.15
2011-06-03,2986.35,33.57,14.06,23.31,33.31,13.22,22.4
2011-06-07,3004.26,33.89,14.13,23.53,32.71,13.29,22.33
2011-06-08,3008.65,34.11,14.15,23.64,31.99,13.31,22.15
2011-06-09,2951.89,33.44,13.94,23.25,32.3,13.12,21.66
2011-06-10,2961.93,33.56,13.94,23.21,33.31,13.12,21.64
2011-06-13,2950.35,33.61,13.92,23.11,32.41,13.09,21.84
2011-06-14,2993.56,34.01,14.06,23.55,32.76,13.22,22.23
2011-06-15,2963.12,33.66,13.93,23.34,32.45,13.1,22.07
2011-06-16,2917.58,33.02,13.76,22.87,31.82,12.94,21.49
2011-06-17,2892.16,32.46,13.68,22.52,32.18,12.87,21.21
2011-06-20,2874.9,32.13,13.6,22.43,31.87,12.79,21.14
2011-06-21,2909.07,32.42,13.72,22.87,32.13,12.91,21.58
2011-06-22,2908.58,32.34,13.76,22.73,32.08,12.94,21.49
2011-06-23,2957.63,32.86,13.96,23.4,32.58,13.13,21.9
2011-06-24,3027.47,33.72,14.23,23.86,32.48,13.38,22.33
2011-06-27,3036.49,34.08,14.26,24.0,32.8,13.41,22.43
2011-06-28,3041.73,34.24,14.26,24.07,32.97,13.41,22.66
2011-06-29,3000.17,33.76,14.12,23.77,32.51,13.28,22.21
2011-06-30,3044.09,34.25,14.28,24.13,32.96,13.43,22.5
2011-07-01,3049.75,35.0,14.4,24.8,33.77,13.56,23.97
2011-07-04,3121.98,35.87,14.66,25.47,34.65,13.8,24.53
2011-07-05,3122.5,35.08,14.65,25.49,34.76,13.79,24.45
2011-07-06,3113.71,35.11,14.6,25.38,34.83,13.74,24.39
2011-07-07,3101.68,35.89,14.5,25.39,34.72,13.65,24.26
2011-07-08,3109.18,35.93,14.53,25.33,34.75,13.67,24.35
2011-07-11,3113.21,36.09,14.53,25.27,34.91,13.66,24.0
2011-07-12,3056.91,35.41,14.29,24.67,35.09,13.43,23.38
2011-07-13,3106.25,36.02,14.5,25.23,35.7,13.63,24.09
2011-07-14,3115.75,36.32,14.56,25.46,35.05,13.68,24.13
2011-07-15,3128.89,36.64,14.61,25.57,34.35,13.73,24.5
2011-07-18,3122.6,36.7,14.57,25.72,35.32,13.7,24.76
2011-07-19,3095.13,36.37,14.48,25.4,35.03,13.6,24.64
2011-07-20,3091.57,36.32,14.46,25.38,34.97,13.59,24.56
2011-07-21,3059.14,35.86,14.34,25.02,35.44,13.48,24.16
2011-07-22,3067.99,35.97,14.35,24.95,35.53,13.49,24.34
2011-07-25,2968.29,34.67,13.97,23.79,34.23,13.13,23.23
2011-07-26,2977.77,34.81,14.04,23.87,34.4,13.2,23.17
2011-07-27,3000.05,35.29,14.11,24.24,34.83,13.26,23.48
2011-07-28,2981.0,35.21,14.04,24.72,34.76,13.19,23.37
2011-07-29,2972.08,34.8,14.03,24.24,34.26,13.18,23.13
2011-08-01,2977.72,34.95,14.03,24.8,34.79,13.17,23.3
2011-08-02,2956.38,34.71,13.91,24.67,34.52,13.05,23.35
2011-08-03,2954.87,34.75,13.9,24.51,34.52,13.05,23.38
2011-08-04,2960.31,34.82,13.91,24.53,34.59,13.06,23.38
2011-08-05,2897.42,34.12,13.64,24.07,33.86,12.8,22.79
2011-08-08,2793.9,32.71,13.19,22.85,32.24,12.37,21.72
2011-08-09,2798.19,32.65,13.2,22.87,32.05,12.35,21.64
2011-08-10,2824.12,32.97,13.31,22.96,32.43,12.44,21.69
2011-08-11,2866.92,33.49,13.46,23.47,32.92,12.58,22.17
2011-08-12,2875.37,33.79,13.5,23.54,33.39,12.61,22.35
2011-08-15,2917.88,34.19,13.67,23.99,34.58,12.77,22.29
2011-08-16,2897.58,33.9,13.57,23.85,34.17,12.62,22.48
2011-08-17,2886.01,33.76,13.54,23.73,33.95,12.56,22.33
2011-08-18,2834.25,33.16,13.34,23.06,33.34,12.34,21.6
2011-08-19,2807.66,32.85,13.2,22.83,33.13,12.18,21.52
2011-08-22,2777.79,32.57,13.09,22.89,32.84,11.98,21.26
2011-08-23,2821.0,33.06,13.27,23.08,32.74,12.13,21.77
2011-08-24,2810.02,33.03,13.21,22.85,32.6,12.06,21.42
2011-08-25,2903.84,33.91,13.62,23.97,33.64,12.38,22.29
2011-08-26,2901.22,33.95,13.59,24.04,33.93,12.21,22.17
2011-08-29,2852.81,33.58,13.39,23.52,33.58,12.0,21.94
2011-08-30,2841.74,33.31,13.37,23.55,33.74,11.97,22.01
2011-08-31,2846.78,33.44,13.41,23.63,34.22,11.99,21.86
2011-09-01,2834.54,33.16,13.36,23.62,33.99,11.95,21.71
2011-09-02,2803.85,32.83,13.22,23.26,33.64,11.82,21.29
2011-09-05,2743.82,32.06,12.97,22.39,32.81,11.61,20.76
2011-09-06,2723.3,31.81,12.93,22.1,32.52,11.56,20.47
2011-09-07,2779.09,32.5,13.15,22.64,33.24,11.76,21.04
2011-09-08,2756.11,32.21,13.08,22.31,32.94,11.7,20.82
2011-09-09,2751.1,32.19,13.08,22.29,32.85,11.7,20.78
2011-09-13,2720.28,31.64,12.96,22.04,32.3,11.59,20.44
2011-09-14,2733.11,31.91,13.0,22.13,32.58,11.63,20.55
2011-09-15,2729.05,31.92,12.96,22.12,32.6,11.59,20.56
2011-09-16,2733.99,31.95,12.99,22.02,32.6,11.62,20.49
2011-09-19,2679.27,31.33,12.77,21.46,31.94,11.42,19.98
2011-09-20,2689.85,31.44,12.81,21.42,32.1,11.46,20.04
2011-09-21,2771.01,32.47,13.13,22.37,33.1,11.75,20.86
2011-09-22,2685.69,31.51,12.77,21.67,32.07,11.43,20.17
2011-09-23,2669.48,31.32,12.72,21.59,31.83,11.38,20.15
2011-09-26,2610.92,30.75,12.5,21.32,31.29,11.18,20.04
2011-09-27,2637.88,30.97,12.63,21.65,31.53,11.29,20.35
2011-09-28,2610.59,30.58,12.53,21.27,31.11,11.21,20.05
2011-09-29,2588.19,30.05,12.47,21.01,30.49,11.15,19.81
2011-09-30,2581.35,29.88,12.45,20.89,30.3,11.13,19.48
2011-10-10,2557.08,29.66,12.38,20.83,30.08,11.07,19.39
2011-10-11,2551.99,29.52,12.42,20.44,29.95,11.1,18.72
2011-10-12,2644.76,29.62,12.77,21.15,30.95,11.42,19.31
2011-10-13,2662.6,29.9,12.85,21.4,31.27,11.49,19.54
2011-10-14,2653.78,29.7,12.82,21.16,31.06,11.47,19.55
2011-10-17,2666.95,29.79,12.88,21.32,31.36,11.53,19.69
2011-10-18,2592.21,29.79,12.61,20.54,30.33,11.29,19.01
2011-10-19,2583.08,29.66,12.58,20.53,30.2,11.26,18.88
2011-10-20,2520.53,27.92,12.34,19.85,29.31,11.05,18.39
2011-10-21,2507.88,29.38,12.3,19.59,28.95,11.01,18.06
2011-10-24,2576.67,28.15,12.59,20.09,28.71,11.26,18.55
2011-10-25,2625.43,28.86,12.78,20.5,29.36,11.42,19.27
2011-10-26,2651.65,29.23,12.87,20.78,30.11,11.47,19.26
2011-10-27,2657.48,29.19,12.93,20.64,29.78,11.4,19.0
2011-10-28,2709.02,29.8,13.11,21.2,29.65,11.39,19.87
2011-10-31,2695.31,29.83,13.06,21.12,28.03,11.22,19.89
2011-11-01,2697.53,29.84,13.07,21.04,28.02,11.23,19.95
2011-11-02,2742.39,30.36,13.24,21.31,28.52,11.38,20.2
2011-11-03,2744.3,30.53,13.26,21.33,28.67,11.39,20.39
2011-11-04,2763.75,30.93,13.37,21.42,29.0,11.49,20.62
2011-11-07,2736.25,30.76,13.26,21.41,28.81,11.39,20.23
2011-11-08,2727.71,30.5,13.25,21.5,28.6,11.39,20.02
2011-11-09,2751.65,30.85,13.35,21.56,28.95,11.47,20.22
2011-11-10,2699.59,30.36,13.09,21.21,28.5,11.25,19.83
2011-11-11,2695.0,31.22,13.1,21.09,28.46,11.26,19.83
2011-11-14,2750.2,31.88,13.35,21.74,29.08,11.47,20.43
2011-11-15,2744.68,32.01,13.32,21.86,29.19,11.45,20.68
2011-11-16,2670.12,31.18,12.99,21.2,28.47,11.17,20.0
2011-11-17,2662.02,31.14,12.97,21.19,28.43,11.15,19.98
2011-11-18,2606.5,30.36,12.75,20.61,27.73,10.96,19.27
2011-11-21,2609.69,30.44,12.74,20.58,27.75,10.95,19.32
2011-11-22,2609.48,30.4,12.72,20.42,27.72,10.94,19.34
2011-11-23,2584.01,30.16,12.64,20.31,27.54,10.87,19.01
2011-11-24,2588.92,30.15,12.67,20.13,27.53,10.89,19.12
2011-11-25,2569.97,29.94,12.58,19.78,27.35,10.81,18.92
2011-11-28,2573.32,29.98,12.6,19.78,27.42,10.83,18.79
2011-11-29,2608.57,30.44,12.74,20.27,27.85,10.95,19.18
2011-11-30,2521.52,30.17,12.37,19.17,26.73,10.64,18.21
2011-12-01,2583.61,29.83,12.66,19.5,27.26,10.89,18.61
2011-12-02,2557.31,29.37,12.57,19.4,26.76,10.81,18.6
2011-12-05,2521.39,29.63,12.49,19.05,26.17,10.75,18.29
2011-12-06,2516.34,29.57,12.44,19.12,26.16,10.71,18.36
2011-12-07,2528.23,29.64,12.47,19.2,26.23,10.73,18.51
2011-12-08,2525.0,29.58,12.46,19.21,26.14,10.72,18.51
2011-12-09,2503.46,29.21,12.39,18.99,25.85,10.66,18.13
2011-12-12,2477.69,28.87,12.27,18.76,25.5,10.56,17.89
2011-12-13,2421.93,28.92,12.09,18.14,24.7,10.4,17.35
2011-12-14,2397.48,28.45,12.0,17.94,24.28,10.33,16.93
2011-12-15,2340.79,27.46,11.77,17.51,23.52,10.13,16.46
2011-12-16,2390.13,28.06,11.98,17.93,24.02,10.31,16.66
2011-12-19,2384.41,28.01,11.93,17.76,24.0,10.27,16.55
2011-12-20,2377.07,27.9,11.91,17.63,23.88,10.25,16.46
2011-12-21,2339.11,27.24,11.8,17.44,24.24,10.16,16.2
2011-12-22,2341.34,27.2,11.81,17.45,24.99,10.17,16.02
2011-12-23,2359.16,27.4,11.9,17.64,25.17,10.25,16.2
2011-12-26,2335.7,27.22,11.81,17.59,24.97,10.17,15.95
2011-12-27,2305.04,26.7,11.71,17.21,24.48,10.08,15.67
2011-12-28,2307.93,26.79,11.75,17.22,24.43,10.11,15.64
2011-12-29,2311.36,26.77,11.77,17.2,24.43,10.14,15.7
2011-12-30,2345.74,27.22,11.92,17.41,24.82,10.26,15.9
2012-01-04,2298.75,28.38,11.9,17.98,24.9,10.24,16.1
2012-01-05,2276.39,27.52,11.85,17.84,24.14,10.19,15.81
2012-01-06,2290.6,27.73,11.94,17.89,24.26,10.26,16.08
2012-01-09,2368.57,28.82,12.26,18.46,25.27,10.54,16.9
2012-01-10,2447.35,30.0,12.57,19.17,26.32,10.8,17.63
2012-01-11,2435.61,30.03,12.51,19.12,26.34,10.74,17.38
2012-01-12,2435.22,30.0,12.49,18.99,26.27,10.71,17.14
2012-01-13,2394.33,27.5,12.37,18.52,25.62,10.61,16.92
2012-01-16,2345.65,28.33,12.19,18.15,24.76,10.46,16.61
2012-01-17,2460.6,28.18,12.66,19.34,26.36,10.86,17.58
2012-01-18,2422.19,27.67,12.49,19.11,25.94,10.71,17.16
2012-01-19,2468.35,28.07,12.67,19.4,26.34,10.87,17.45
2012-01-20,2504.09,28.38,12.8,19.69,26.81,10.98,17.94
2012-01-30,2460.72,28.06,12.58,19.27,26.45,10.79,17.79
2012-01-31,2464.26,28.08,12.62,19.34,26.47,10.82,17.79
2012-02-01,2428.99,28.58,12.48,19.11,26.12,10.7,17.44
2012-02-02,2486.24,28.11,12.74,19.41,26.66,10.92,17.83
2012-02-03,2506.09,28.44,12.82,19.66,27.01,10.99,17.97
2012-02-06,2504.32,28.54,12.8,19.88,27.09,10.97,18.0
2012-02-07,2457.95,28.08,12.59,19.42,26.64,10.79,17.76
2012-02-08,2528.24,28.99,12.89,19.79,27.52,11.05,18.46
2012-02-09,2529.23,29.02,12.89,20.0,27.55,11.06,18.41
2012-02-10,2533.62,29.14,12.89,19.88,26.73,11.05,18.33
2012-02-13,2531.98,29.31,12.86,19.94,26.91,11.02,18.29
2012-02-14,2522.11,29.25,12.81,19.85,26.87,10.98,18.43
2012-02-15,2549.61,29.67,12.91,20.0,27.26,11.07,18.81
2012-02-16,2536.07,29.54,12.85,20.07,27.18,11.01,18.57
2012-02-17,2537.09,29.42,12.86,20.03,27.14,11.02,18.56
2012-02-20,2540.71,29.45,12.89,20.02,27.15,11.05,18.54
2012-02-21,2562.45,29.77,12.98,20.21,27.46,11.13,18.82
2012-02-22,2597.48,29.26,13.08,20.43,27.96,11.22,19.07
2012-02-23,2606.26,29.82,13.11,20.56,27.9,11.24,19.38
2012-02-24,2648.02,30.24,13.27,20.88,28.32,11.39,19.8
2012-02-27,2656.57,30.38,13.32,21.01,28.47,11.43,20.29
2012-02-28,2662.46,30.22,13.35,20.83,27.51,11.46,20.51
2012-02-29,2634.14,30.05,13.22,20.73,28.16,11.35,20.59
2012-03-01,2633.35,29.69,13.19,20.78,28.11,11.33,20.5
2012-03-02,2679.93,30.34,13.37,21.23,28.64,11.48,20.78
2012-03-05,2662.7,30.26,13.26,20.97,28.55,11.38,20.75
2012-03-06,2621.05,29.78,13.07,20.63,28.1,11.22,20.29
2012-03-07,2603.01,29.53,12.98,20.77,27.93,11.15,20.22
2012-03-08,2635.79,29.89,13.1,21.01,28.57,11.26,20.66
2012-03-09,2664.3,30.28,13.15,21.35,28.93,11.33,20.98
2012-03-12,2654.4,30.36,13.09,21.29,28.18,11.28,20.84
2012-03-13,2681.07,30.67,13.19,21.47,29.39,11.37,21.09
2012-03-14,2605.11,29.67,12.9,20.88,28.31,11.12,20.47
2012-03-15,2585.55,29.22,12.83,20.43,27.98,11.07,20.3
2012-03-16,2623.52,29.84,12.86,20.89,28.52,11.18,20.65
2012-03-19,2630.01,29.78,12.86,21.03,28.67,11.19,20.97
2012-03-20,2584.45,30.56,12.65,20.4,29.12,11.05,20.3
2012-03-21,2587.79,30.73,12.66,20.63,29.29,11.05,20.28
2012-03-22,2583.75,30.59,12.65,20.73,29.12,11.04,20.05
2012-03-23,2552.94,29.96,12.21,20.39,28.61,10.95,19.68
2012-03-26,2555.44,30.11,11.92,20.38,28.68,10.96,19.61
2012-03-27,2547.14,29.53,11.93,20.83,28.68,11.0,19.8
2012-03-28,2474.9,28.65,11.66,20.02,27.65,10.8,19.14
2012-03-29,2443.12,29.47,11.33,19.85,27.87,10.64,18.67
2012-03-30,2454.9,28.87,10.94,19.74,28.19,10.73,18.75
2012-04-05,2512.83,28.83,11.07,20.04,29.08,10.87,19.42
2012-04-06,2519.83,29.03,11.06,20.04,29.2,10.88,19.58
2012-04-09,2495.15,28.73,10.96,19.72,29.02,10.79,19.19
2012-04-10,2519.79,28.79,11.05,20.05,29.3,10.88,19.51
2012-04-11,2520.04,28.68,11.01,19.97,29.38,10.89,19.58
2012-04-12,2570.44,29.28,11.2,20.45,29.93,11.03,19.99
2012-04-13,2580.45,29.4,11.23,20.62,30.08,11.05,20.06
2012-04-16,2574.04,29.42,11.2,20.65,29.94,11.02,20.08
2012-04-17,2541.88,29.41,11.1,20.37,29.99,10.97,19.96
2012-04-18,2599.91,29.9,11.31,20.78,31.06,11.19,20.63
2012-04-19,2596.06,29.78,11.25,20.8,30.09,11.15,20.53
2012-04-20,2626.84,30.01,11.33,20.95,30.57,11.27,20.82
2012-04-23,2606.04,29.51,11.24,20.6,30.51,11.17,20.39
2012-04-24,2604.87,29.48,11.25,20.61,30.76,11.22,20.54
2012-04-25,2625.99,29.65,11.3,20.72,31.55,11.28,20.71
2012-04-26,2631.49,29.68,11.3,21.05,31.51,11.25,20.93
2012-04-27,2626.16,29.99,11.3,21.11,31.52,11.23,21.3
2012-05-02,2683.49,30.17,11.5,21.39,32.71,11.22,22.04
2012-05-03,2691.52,30.36,11.5,21.54,32.91,11.22,22.09
2012-05-04,2715.88,30.65,11.56,21.9,33.22,11.28,22.5
2012-05-07,2717.78,30.82,11.55,22.01,33.4,11.28,22.66
2012-05-08,2709.12,30.81,11.52,21.9,33.38,11.25,22.53
2012-05-09,2657.51,30.2,11.33,21.22,32.68,11.06,22.1
2012-05-10,2657.21,30.32,11.33,21.3,32.83,11.06,21.94
2012-05-11,2636.92,30.06,11.25,21.09,32.52,10.99,21.7
2012-05-14,2615.53,29.84,11.16,20.81,32.28,10.9,21.67
2012-05-15,2617.37,29.74,11.14,20.61,32.16,10.88,21.62
2012-05-16,2574.65,29.28,10.99,20.35,31.67,10.73,21.2
2012-05-17,2613.94,29.73,11.13,20.62,32.19,10.87,21.48
2012-05-18,2573.98,29.28,10.97,20.09,31.69,10.72,21.01
2012-05-21,2587.23,29.37,11.02,20.54,31.76,10.76,21.17
2012-05-22,2627.53,29.76,11.13,20.9,32.24,10.87,21.5
2012-05-23,2616.87,29.66,11.08,20.82,32.15,10.82,21.42
2012-05-24,2595.26,29.44,11.02,20.53,31.91,10.77,21.27
2012-05-25,2573.1,29.16,10.95,20.41,31.59,10.69,21.09
2012-05-28,2614.69,29.55,11.08,20.69,32.02,10.82,21.53
2012-05-29,2650.85,30.1,11.2,21.05,32.68,10.94,21.78
2012-05-30,2642.26,30.03,11.16,20.97,32.6,10.9,21.84
2012-05-31,2632.04,30.0,11.1,21.02,32.61,10.84,21.77
2012-06-01,2633.0,29.95,11.11,21.09,32.54,10.85,21.67
2012-06-04,2559.03,28.97,10.84,20.26,31.47,10.59,20.71
2012-06-05,2558.84,28.92,10.86,20.21,31.38,10.6,20.61
2012-06-06,2557.4,28.88,10.86,19.95,31.17,10.6,20.42
2012-06-07,2542.18,28.67,10.78,19.93,30.94,10.53,20.27
2012-06-08,2524.33,28.56,10.72,19.84,30.86,10.47,20.22
2012-06-11,2558.27,29.04,10.82,20.07,31.37,10.57,20.67
2012-06-12,2540.18,28.8,10.75,19.83,31.09,10.5,20.51
2012-06-13,2580.64,29.27,10.87,20.06,31.62,10.61,20.86
2012-06-14,2560.42,29.05,10.75,19.87,31.36,10.5,20.75
2012-06-15,2568.05,29.04,10.82,19.68,31.35,10.56,20.69
2012-06-18,2581.21,29.23,10.85,19.94,31.57,10.6,20.85
2012-06-19,2558.62,28.93,10.78,19.92,31.25,10.53,20.43
2012-06-20,2552.61,28.82,10.76,19.93,31.12,10.51,20.42
2012-06-21,2512.19,28.3,10.62,19.64,30.51,10.37,20.02
2012-06-25,2456.52,27.57,10.42,19.05,29.65,10.17,19.46
2012-06-26,2454.92,27.52,10.41,18.95,29.63,10.16,19.6
2012-06-27,2447.2,27.38,10.39,18.77,29.43,10.15,19.48
2012-06-28,2425.73,27.03,10.31,18.36,29.04,10.07,19.02
2012-06-29,2461.61,27.46,10.45,18.56,29.53,10.2,19.29
2012-07-02,2465.24,27.28,10.6,18.89,29.68,10.34,19.5
2012-07-03,2468.72,27.23,10.61,18.9,29.63,10.36,19.72
2012-07-04,2464.92,27.1,10.61,18.93,29.49,10.35,19.62
2012-07-05,2430.37,27.49,10.51,18.77,28.83,10.26,19.31
2012-07-06,2472.61,28.1,10.61,19.17,29.49,10.36,19.74
2012-07-09,2416.04,27.5,10.38,18.76,28.77,10.13,19.2
2012-07-10,2406.71,27.34,10.36,18.75,28.69,10.11,18.93
2012-07-11,2425.57,27.62,10.4,18.97,28.89,10.15,19.3
2012-07-12,2449.18,28.0,10.45,19.36,29.31,10.19,19.71
2012-07-13,2450.63,27.88,10.46,19.27,29.17,10.21,19.47
2012-07-16,2399.73,27.15,10.32,18.84,28.38,10.07,19.18
2012-07-17,2414.2,27.31,10.38,19.03,28.57,10.12,19.2
2012-07-18,2414.34,27.48,10.39,19.21,28.76,10.13,19.05
2012-07-19,2424.32,27.6,10.44,19.17,28.93,10.19,19.05
2012-07-20,2398.46,27.36,10.35,19.04,28.7,10.1,18.87
2012-07-23,2365.43,27.1,10.21,18.93,28.41,9.97,18.77
2012-07-24,2375.99,27.26,10.23,19.02,28.57,9.98,19.14
2012-07-25,2360.08,27.01,10.18,18.72,28.29,9.93,18.98
2012-07-26,2347.49,26.81,10.14,18.41,28.1,9.89,18.91
2012-07-27,2349.11,26.7,10.17,18.34,27.99,9.92,18.95
2012-07-30,2335.79,26.3,10.11,18.32,27.56,9.87,18.81
2012-07-31,2332.92,26.14,10.15,18.34,27.41,9.91,18.6
2012-08-01,2358.65,26.52,10.23,18.6,27.82,9.99,18.75
2012-08-02,2334.88,26.3,10.17,18.33,27.56,9.93,18.5
2012-08-03,2353.74,26.67,10.24,18.54,27.97,10.0,18.87
2012-08-06,2385.61,27.23,10.33,18.81,28.58,10.08,19.23
2012-08-07,2388.87,27.39,10.32,18.86,29.06,10.07,19.26
2012-08-08,2389.8,27.34,10.35,18.82,29.13,10.1,19.21
2012-08-09,2411.7,27.63,10.41,19.16,29.41,10.16,19.53
2012-08-10,2399.75,27.57,10.37,18.95,29.49,10.11,19.46
2012-08-13,2351.93,26.97,10.23,18.54,28.79,9.97,19.17
2012-08-14,2357.02,27.04,10.25,18.79,28.9,9.99,19.31
2012-08-15,2331.62,26.82,10.15,18.53,28.65,9.89,19.13
2012-08-16,2319.67,26.63,10.12,18.43,28.48,9.86,18.85
2012-08-17,2313.48,26.57,10.12,18.38,28.55,9.85,18.69
2012-08-20,2301.79,26.55,10.07,18.19,28.6,9.81,18.69
2012-08-21,2313.7,26.83,10.1,18.39,29.11,9.84,19.04
2012-08-22,2295.59,26.58,10.05,18.3,28.82,9.8,18.81
2012-08-23,2302.2,26.71,10.06,18.37,29.1,9.81,19.26
2012-08-24,2275.68,27.2,9.97,17.87,29.3,9.73,18.82
2012-08-27,2228.2,27.42,9.85,17.26,28.39,9.58,18.74
2012-08-28,2238.41,27.53,9.92,17.36,28.76,9.63,19.3
2012-08-29,2214.81,27.2,9.83,16.99,28.4,9.56,19.2
2012-08-30,2211.37,26.95,9.85,16.84,28.69,9.54,18.96
2012-08-31,2204.87,27.79,9.81,16.71,29.21,9.47,18.66
2012-09-03,2228.37,28.13,9.85,16.96,29.61,9.51,18.69
2012-09-04,2204.41,27.78,9.77,16.61,29.21,9.43,18.44
2012-09-05,2199.88,27.81,9.72,16.72,29.28,9.39,18.54
2012-09-06,2217.82,28.06,9.78,17.26,29.61,9.44,18.7
2012-09-07,2317.18,29.39,10.15,18.01,31.16,9.8,19.43
2012-09-10,2326.67,27.76,10.18,18.32,31.59,9.82,19.63
2012-09-11,2311.89,29.55,10.1,18.29,31.49,9.75,19.86
2012-09-12,2320.07,27.85,10.12,18.41,31.69,9.76,20.05
2012-09-13,2298.46,28.53,10.05,18.14,31.27,9.7,19.99
2012-09-14,2315.54,27.72,10.13,18.38,31.45,9.78,20.13
2012-09-17,2258.71,27.89,9.93,17.7,30.57,9.58,19.42
2012-09-18,2235.24,27.57,9.83,17.43,30.24,9.49,19.04
2012-09-19,2246.24,27.82,9.85,17.4,30.5,9.51,19.19
2012-09-20,2195.95,27.96,9.67,16.81,29.57,9.34,18.74
2012-09-21,2199.06,26.99,9.69,16.97,29.5,9.35,18.74
2012-09-24,2215.52,27.19,9.72,17.29,29.88,9.38,18.81
2012-09-25,2210.15,27.04,9.71,17.21,29.65,9.38,18.77
2012-09-26,2184.89,26.6,9.62,17.05,29.18,9.28,18.36
2012-09-27,2251.72,27.37,9.88,17.65,30.04,9.54,18.72
2012-09-28,2293.11,27.9,10.03,17.87,30.6,9.68,19.15
2012-10-08,2270.05,27.68,9.96,17.67,30.31,9.62,19.15
2012-10-09,2320.16,28.34,10.15,18.1,31.07,9.8,19.42
2012-10-10,2324.12,28.57,10.16,18.23,31.23,9.81,19.41
2012-10-11,2302.53,28.22,10.09,17.97,30.77,9.74,19.12
2012-10-12,2304.53,28.14,10.11,17.86,30.71,9.76,19.08
2012-10-15,2294.86,27.92,10.09,17.89,30.36,9.74,18.98
2012-10-16,2298.16,28.9,10.09,17.87,30.36,9.74,19.02
2012-10-17,2300.8,28.95,10.12,17.84,30.4,9.76,19.01
2012-10-18,2336.08,28.45,10.23,18.09,29.81,9.85,19.18
2012-10-19,2332.47,28.44,10.22,18.15,30.04,9.84,19.06
2012-10-22,2341.59,28.53,10.24,18.15,30.05,9.85,18.94
2012-10-23,2312.08,29.1,10.14,17.78,29.78,9.76,19.23
2012-10-24,2307.78,29.02,10.14,17.68,29.65,9.75,19.32
2012-10-25,2291.24,28.85,10.08,17.49,29.45,9.71,19.05
2012-10-26,2247.91,28.16,9.92,16.98,28.84,9.51,19.11
2012-10-29,2235.85,28.02,9.88,16.8,29.2,9.47,18.98
2012-10-30,2239.88,28.05,9.9,17.02,29.12,9.49,19.09
2012-10-31,2254.82,28.18,9.94,17.22,26.85,9.46,19.39
2012-11-01,2297.88,28.71,10.11,17.56,27.41,9.63,19.74
2012-11-02,2306.77,28.77,10.17,17.55,27.47,9.68,19.77
2012-11-05,2301.88,28.65,10.15,17.53,27.35,9.66,19.84
2012-11-06,2292.21,28.54,10.12,17.28,27.28,9.64,19.63
2012-11-07,2287.51,28.51,10.12,17.26,27.25,9.63,19.59
2012-11-08,2245.41,27.83,9.98,17.09,26.55,9.5,19.18
2012-11-09,2240.92,27.76,9.97,17.0,26.48,9.49,19.13
2012-11-12,2251.85,27.93,10.01,17.22,26.63,9.53,19.12
2012-11-13,2212.44,27.37,9.88,16.76,26.07,9.4,18.77
2012-11-14,2223.11,27.55,9.91,16.82,26.2,9.44,18.82
2012-11-15,2193.62,27.1,9.8,16.57,25.79,9.33,18.55
2012-11-16,2177.24,26.88,9.72,16.45,25.56,9.26,18.43
2012-11-19,2174.99,26.91,9.72,16.39,25.62,9.25,18.41
2012-11-20,2164.88,26.79,9.68,16.39,25.49,9.21,18.25
2012-11-21,2194.9,27.2,9.77,16.59,25.84,9.31,18.41
2012-11-22,2177.55,26.92,9.71,16.59,25.58,9.25,18.17
2012-11-23,2192.68,27.05,9.77,16.6,25.67,9.3,18.25
2012-11-26,2175.6,26.73,9.72,16.29,25.35,9.25,18.12
2012-11-27,2150.64,26.13,9.65,16.01,24.74,9.19,17.84
2012-11-28,2129.16,25.65,9.6,15.75,24.32,9.15,17.52
2012-11-29,2115.68,25.4,9.55,15.68,23.94,9.1,17.55
2012-11-30,2139.66,25.64,9.62,15.86,24.17,9.17,17.68
2012-12-03,2108.85,25.16,9.54,15.41,23.69,9.09,16.93
2012-12-04,2131.47,25.48,9.61,15.64,24.01,9.15,17.08
2012-12-05,2207.88,26.41,9.88,16.23,24.97,9.41,17.64
2012-12-06,2203.6,26.26,9.87,16.13,24.83,9.4,17.52
2012-12-07,2246.76,26.78,10.0,16.37,25.35,9.53,17.88
2012-12-10,2271.05,27.12,10.1,16.74,25.72,9.62,18.24
2012-12-11,2258.5,27.01,10.06,16.58,25.65,9.59,17.96
2012-12-12,2267.77,27.02,10.1,16.61,25.68,9.63,17.96
2012-12-13,2242.64,26.67,10.01,16.65,25.35,9.54,17.96
2012-12-14,2355.87,27.89,10.45,17.47,26.57,9.96,18.79
2012-12-17,2366.7,28.03,10.48,17.39,26.7,9.99,18.78
2012-12-18,2368.12,28.09,10.5,17.26,26.81,10.0,18.56
2012-12-19,2371.11,28.09,10.5,17.29,26.84,10.01,18.61
2012-12-20,2384.82,28.4,10.53,17.44,27.19,10.03,18.75
2012-12-21,2372.0,28.25,10.44,17.31,27.09,9.95,18.66
2012-12-24,2381.22,28.45,10.47,17.33,27.38,9.97,18.74
2012-12-25,2448.4,29.12,10.75,17.8,27.99,10.23,19.23
2012-12-26,2457.62,29.36,10.75,18.14,28.21,10.24,19.59
2012-12-27,2444.59,29.26,10.7,18.02,28.07,10.19,19.46
2012-12-28,2480.05,28.77,10.82,18.2,28.49,10.31,19.71
2012-12-31,2522.95,29.16,11.01,18.37,28.9,10.49,19.97
2013-01-04,2524.41,30.59,11.11,19.15,28.78,10.58,20.19
2013-01-07,2535.99,30.76,11.13,19.4,28.96,10.6,20.41
2013-01-08,2525.33,30.92,11.05,19.2,28.15,10.52,20.7
2013-01-09,2526.13,30.06,11.07,19.03,29.12,10.53,20.99
2013-01-10,2530.57,31.13,11.1,19.09,29.18,10.56,21.1
2013-01-11,2483.23,30.56,10.94,18.76,28.68,10.41,20.65
2013-01-14,2577.73,31.81,11.29,19.34,29.86,10.73,21.41
2013-01-15,2595.86,32.23,11.32,19.45,30.38,10.76,21.58
2013-01-16,2577.09,32.3,11.22,19.2,30.46,10.67,21.4
2013-01-17,2552.76,31.9,11.1,19.15,30.09,10.56,21.16
2013-01-18,2595.44,32.31,11.26,19.53,30.45,10.7,21.63
2013-01-21,2610.9,32.31,11.29,19.46,30.48,10.71,21.7
2013-01-22,2596.9,30.93,11.25,19.35,30.04,10.67,21.43
2013-01-23,2607.46,32.04,11.28,19.28,30.17,10.7,21.53
2013-01-24,2582.76,30.76,11.23,18.92,30.2,10.71,20.89
2013-01-25,2571.67,31.6,11.16,18.77,30.06,10.64,21.06
2013-01-28,2651.86,31.49,11.44,19.43,30.94,10.9,21.32
2013-01-29,2675.87,31.73,11.48,19.52,31.01,10.94,21.46
2013-01-30,2688.71,31.82,11.62,19.54,31.21,11.08,21.39
2013-01-31,2686.88,31.84,11.65,19.46,31.27,11.1,21.43
2013-02-01,2743.32,32.24,11.85,19.37,31.73,11.29,21.36
2013-02-04,2748.03,32.27,11.9,19.47,31.7,11.33,21.33
2013-02-05,2771.68,31.68,11.9,19.87,31.91,11.34,21.66
2013-02-06,2775.84,32.66,11.91,19.6,31.89,11.34,21.59
2013-02-07,2759.87,31.94,11.81,19.69,32.09,11.24,21.63
2013-02-08,2771.73,32.2,11.86,20.21,32.45,11.29,21.83
2013-02-18,2737.47,32.88,11.78,20.25,32.1,11.22,21.86
2013-02-19,2685.61,32.32,11.59,19.98,31.43,11.03,21.54
2013-02-20,2702.64,32.74,11.64,20.08,31.84,11.07,22.06
2013-02-21,2610.55,31.72,11.27,19.35,30.77,10.73,21.34
2013-02-22,2596.6,31.72,11.21,19.25,30.77,10.66,21.56
2013-02-25,2604.96,31.86,11.24,19.6,30.93,10.7,21.68
2013-02-26,2567.6,31.37,11.09,19.18,30.56,10.55,21.74
2013-02-27,2594.68,31.59,11.19,19.25,30.81,10.66,21.88
2013-02-28,2673.33,32.53,11.44,19.95,32.16,10.91,22.23
2013-03-01,2668.84,32.66,11.39,19.98,32.24,10.86,22.33
2013-03-04,2545.72,32.57,10.96,19.53,31.02,10.43,21.7
2013-03-05,2622.81,32.37,11.23,19.97,31.78,10.68,21.87
2013-03-06,2650.2,32.69,11.31,20.2,32.08,10.76,21.9
2013-03-07,2619.48,32.3,11.18,20.08,31.82,10.64,21.82
2013-03-08,2606.93,31.68,11.15,20.19,31.52,10.62,21.74
2013-03-11,2592.37,32.06,11.11,20.51,31.83,10.58,22.22
2013-03-12,2555.62,31.61,11.02,20.43,31.42,10.49,21.98
2013-03-13,2527.49,31.24,10.92,19.85,31.09,10.4,21.76
2013-03-14,2534.27,31.3,10.91,19.74,31.14,10.43,21.73
2013-03-15,2539.87,31.27,10.97,19.65,31.27,10.5,21.69
2013-03-18,2502.49,32.05,10.76,19.51,30.69,10.3,21.17
2013-03-19,2525.1,32.25,10.84,19.69,31.0,10.38,21.4
2013-03-20,2610.17,32.07,11.11,20.19,31.95,10.67,21.74
2013-03-21,2614.99,32.23,11.13,20.29,32.16,10.68,21.75
2013-03-22,2618.31,32.95,11.27,19.96,32.14,10.7,22.0
2013-03-25,2613.1,33.11,11.23,20.03,32.05,10.62,21.99
2013-03-26,2575.05,31.79,11.06,20.14,31.88,10.47,22.04
2013-03-27,2583.53,32.27,10.91,20.02,32.04,10.42,21.77
2013-03-28,2499.3,31.25,10.44,19.7,30.63,10.07,21.25
2013-03-29,2495.08,31.25,10.32,19.71,30.68,10.1,21.65
2013-04-01,2493.19,30.97,10.29,19.86,31.55,10.11,21.92
2013-04-02,2486.39,30.78,10.23,19.99,31.44,10.1,21.97
2013-04-03,2483.55,30.52,10.24,19.83,31.2,10.11,21.84
2013-04-08,2472.3,30.44,10.17,19.43,31.3,10.05,21.56
2013-04-09,2489.43,30.52,10.21,19.63,31.57,10.1,21.59
2013-04-10,2485.31,30.46,10.21,19.81,31.15,10.09,21.75
2013-04-11,2477.88,30.26,10.19,19.8,30.93,10.07,21.57
2013-04-12,2462.11,29.53,10.15,20.06,30.51,10.02,21.37
2013-04-15,2436.82,29.13,10.05,20.07,30.62,9.92,21.19
2013-04-16,2459.59,29.83,10.11,20.05,30.96,9.98,21.21
2013-04-17,2458.47,29.92,10.09,20.31,31.05,9.96,21.26
2013-04-18,2464.85,30.11,10.11,20.17,31.45,9.99,21.38
2013-04-19,2533.83,30.88,10.34,20.61,32.18,10.21,21.87
2013-04-22,2530.67,31.48,10.29,20.32,32.78,10.18,21.49
2013-04-23,2449.47,30.36,9.99,20.27,31.81,9.91,21.38
2013-04-24,2495.58,30.36,10.11,20.7,33.67,10.02,21.78
2013-04-25,2467.88,29.77,10.03,20.0,32.49,9.92,21.93
2013-04-26,2447.31,31.61,9.93,20.59,30.98,9.75,21.87
2013-05-02,2449.64,32.27,9.94,20.95,29.39,9.62,20.96
2013-05-03,2492.91,33.04,10.08,21.2,29.84,9.75,21.11
2013-05-06,2525.98,33.65,10.19,21.49,30.41,9.86,21.47
2013-05-07,2529.94,33.68,10.2,21.62,30.43,9.86,21.55
2013-05-08,2542.8,33.91,10.25,21.64,30.58,9.92,21.58
2013-05-09,2527.79,33.89,10.19,21.68,30.55,9.86,21.48
2013-05-10,2540.84,34.06,10.24,21.86,30.71,9.91,21.58
2013-05-13,2530.77,34.12,10.19,21.71,30.75,9.86,21.39
2013-05-14,2493.34,33.7,10.07,21.27,30.34,9.73,21.02
2013-05-15,2506.93,33.99,10.1,21.43,30.6,9.76,21.29
2013-05-16,2552.71,34.64,10.23,21.85,31.14,9.9,21.66
2013-05-17,2592.05,35.21,10.39,22.16,31.65,10.05,21.88
2013-05-20,2609.61,35.46,10.45,22.48,31.94,10.11,21.95
2013-05-21,2614.85,35.74,10.46,22.6,32.24,10.12,22.0
2013-05-22,2618.03,35.88,10.46,22.68,32.21,10.12,22.19
2013-05-23,2582.85,35.57,10.33,22.46,31.9,9.99,22.08
2013-05-24,2597.23,36.0,10.36,22.58,32.3,10.02,22.19
2013-05-27,2599.59,36.17,10.36,22.81,32.49,10.02,22.46
2013-05-28,2644.36,36.4,10.51,23.11,32.79,10.17,22.94
2013-05-29,2642.56,36.51,10.51,23.08,32.93,10.17,22.96
2013-05-30,2634.32,36.41,10.47,23.34,32.85,10.13,23.06
2013-05-31,2606.43,35.88,10.39,22.93,32.42,10.05,22.47
2013-06-03,2602.62,35.8,10.39,22.72,32.36,10.05,22.2
2013-06-04,2565.67,35.17,10.28,22.52,31.75,9.95,21.69
2013-06-05,2560.54,35.22,10.27,22.29,31.83,9.93,21.48
2013-06-06,2527.85,34.85,10.16,21.98,31.47,9.82,21.37
2013-06-07,2484.16,34.15,10.02,21.52,30.84,9.69,21.04
2013-06-13,2399.94,32.92,9.74,21.16,29.75,9.42,20.77
2013-06-14,2416.77,33.38,9.79,21.09,30.15,9.47,20.98
2013-06-17,2403.84,33.29,9.74,21.1,30.1,9.42,21.24
2013-06-18,2418.75,33.42,9.75,21.11,30.21,9.44,21.38
2013-06-19,2400.77,33.36,9.68,20.87,30.18,9.36,20.99
2013-06-20,2321.47,32.13,9.41,20.12,29.1,9.1,20.1
2013-06-21,2317.39,31.96,9.31,20.14,28.94,9.01,20.47
2013-06-24,2171.21,30.88,8.83,19.26,27.0,8.54,19.32
2013-06-25,2165.42,30.59,8.82,18.99,26.77,8.54,18.87
2013-06-26,2168.3,30.92,8.77,19.15,27.07,8.49,18.81
2013-06-27,2160.74,30.39,8.79,18.88,26.62,8.51,18.45
2013-06-28,2200.64,30.56,8.96,18.94,26.79,8.68,18.6
2013-07-01,2213.32,30.42,9.12,18.66,27.3,8.83,18.1
2013-07-02,2221.98,30.87,9.17,18.37,27.7,8.87,17.82
2013-07-03,2203.83,30.79,9.1,18.21,27.54,8.81,18.06
2013-07-04,2221.98,31.1,9.15,18.26,27.82,8.86,18.38
2013-07-05,2226.85,31.08,9.18,18.29,27.76,8.89,18.34
2013-07-08,2163.62,30.8,8.99,17.98,26.66,8.7,17.35
2013-07-09,2162.67,29.99,9.01,17.85,26.71,8.73,17.57
2013-07-10,2224.07,30.95,9.19,18.14,27.59,8.89,18.09
2013-07-11,2326.69,32.13,9.5,18.78,28.68,9.19,18.97
2013-07-12,2275.37,31.63,9.33,18.63,28.31,9.03,18.32
2013-07-15,2307.3,32.24,9.41,18.77,28.88,9.1,18.47
2013-07-16,2317.85,32.58,9.42,18.92,29.19,9.12,18.52
2013-07-17,2282.84,32.15,9.32,18.62,28.69,9.02,18.31
2013-07-18,2245.33,31.76,9.2,18.44,28.4,8.9,17.82
2013-07-19,2190.48,31.0,9.08,17.98,27.71,8.79,17.39
2013-07-22,2202.19,31.45,9.11,18.15,28.13,8.82,17.78
2013-07-23,2265.85,32.35,9.28,18.46,28.98,8.99,18.26
2013-07-24,2249.15,32.37,9.22,18.49,28.99,8.92,17.93
2013-07-25,2237.68,32.04,9.18,19.05,28.71,8.89,17.73
2013-07-26,2224.01,31.73,9.13,18.9,27.92,8.83,17.63
2013-07-29,2175.97,31.09,8.97,18.64,27.47,8.68,17.25
2013-07-30,2189.39,31.16,9.05,18.88,26.56,8.76,17.34
2013-07-31,2193.02,31.15,9.06,18.74,26.71,8.76,17.34
2013-08-01,2245.36,32.03,9.21,19.32,27.46,8.91,17.71
2013-08-02,2247.26,32.09,9.21,19.3,27.47,8.9,18.05
2013-08-05,2278.33,32.6,9.3,19.62,27.96,9.0,18.45
2013-08-06,2293.64,32.96,9.34,20.0,28.21,9.03,18.4
2013-08-07,2280.62,32.69,9.28,19.87,27.93,8.96,18.58
2013-08-08,2276.78,32.67,9.27,20.18,27.98,8.95,18.9
2013-08-09,2286.01,32.87,9.3,19.96,28.36,8.98,19.21
2013-08-12,2352.79,33.66,9.53,20.34,29.07,9.2,20.05
2013-08-13,2359.07,32.73,9.53,20.32,29.0,9.2,19.98
2013-08-14,2349.08,33.53,9.51,20.27,28.94,9.17,19.91
2013-08-15,2321.58,33.05,9.42,20.27,28.04,9.09,19.64
2013-08-16,2304.14,32.61,9.39,19.97,27.31,9.05,19.52
2013-08-19,2331.43,32.94,9.44,20.01,27.62,9.09,19.79
2013-08-20,2312.47,32.71,9.37,19.96,27.81,9.0,19.51
2013-08-21,2308.59,32.78,9.36,20.32,28.06,8.99,19.68
2013-08-22,2303.93,32.62,9.33,20.16,27.98,8.95,19.66
2013-08-23,2286.93,32.5,9.27,20.25,27.89,8.86,19.71
2013-08-26,2335.62,33.24,9.43,20.46,29.07,8.99,19.84
2013-08-27,2340.88,33.37,9.44,20.57,29.11,8.99,19.8
2013-08-28,2328.06,33.33,9.4,20.69,29.09,8.94,20.01
2013-08-29,2318.31,33.13,9.36,20.65,28.97,8.86,20.15
2013-08-30,2313.91,32.83,9.36,20.41,28.54,8.76,19.92
2013-09-02,2320.34,33.1,9.37,20.65,28.2,8.76,20.23
2013-09-03,2354.5,33.49,9.49,20.71,28.56,8.87,20.24
2013-09-04,2350.7,33.55,9.48,20.67,28.61,8.86,20.49
2013-09-05,2341.74,33.38,9.46,20.35,28.48,8.85,20.38
2013-09-06,2357.78,33.55,9.51,20.52,28.74,8.89,20.28
2013-09-09,2440.61,34.19,9.86,20.4,29.32,9.22,20.81
2013-09-10,2474.89,34.59,9.94,20.67,29.68,9.29,21.0
2013-09-11,2482.89,33.61,9.98,21.04,29.71,9.33,21.33
2013-09-12,2507.46,33.67,10.06,21.6,29.78,9.41,21.14
2013-09-13,2488.9,34.58,9.97,21.81,29.68,9.33,21.76
2013-09-16,2478.39,34.52,9.94,21.93,29.63,9.3,21.69
2013-09-17,2427.32,33.87,9.75,21.69,29.07,9.12,21.18
2013-09-18,2432.51,34.14,9.74,22.15,29.28,9.11,21.32
2013-09-23,2472.29,34.81,9.88,23.24,29.91,9.24,21.86
2013-09-24,2443.89,34.73,9.79,22.94,29.88,9.15,21.67
2013-09-25,2429.03,34.58,9.73,22.77,29.69,9.1,21.74
2013-09-26,2384.44,33.95,9.58,22.39,29.13,8.96,21.48
2013-09-27,2394.97,34.03,9.61,22.19,29.22,8.98,21.54
2013-09-30,2409.04,34.28,9.65,21.96,29.46,9.02,21.44
2013-10-08,2441.81,34.76,9.75,22.15,29.89,9.11,21.62
2013-10-09,2453.58,34.96,9.78,22.43,30.09,9.14,21.57
2013-10-10,2429.32,34.76,9.69,22.52,29.78,9.05,21.39
2013-10-11,2468.51,34.34,9.83,22.63,30.22,9.19,21.74
2013-10-14,2472.54,34.56,9.85,22.47,30.35,9.2,21.31
2013-10-15,2467.52,34.66,9.81,22.67,30.28,9.16,21.0
2013-10-16,2421.37,33.81,9.68,22.17,29.42,9.04,20.93
2013-10-17,2413.33,33.78,9.67,21.91,29.42,9.03,20.59
2013-10-18,2426.05,33.89,9.7,21.77,29.56,9.05,21.16
2013-10-21,2471.32,34.58,9.84,22.41,30.0,9.18,21.71
2013-10-22,2445.89,34.27,9.75,21.74,29.54,9.09,21.09
2013-10-23,2418.49,33.64,9.67,21.67,28.99,9.01,20.81
2013-10-24,2400.51,33.33,9.59,21.73,28.99,8.93,20.44
2013-10-25,2368.56,32.64,9.47,20.78,28.41,8.81,19.43
2013-10-28,2365.95,32.7,9.47,20.8,28.15,8.77,20.17
2013-10-29,2372.05,32.36,9.52,20.41,27.65,8.8,19.72
2013-10-30,2407.47,31.84,9.66,20.62,27.97,8.83,19.96
2013-10-31,2373.72,31.38,9.58,20.54,27.88,8.64,18.95
2013-11-01,2384.96,32.38,9.64,20.75,27.85,8.69,18.98
2013-11-04,2380.45,31.44,9.62,21.01,27.87,8.68,18.9
2013-11-05,2383.77,31.65,9.63,21.23,28.1,8.68,19.04
2013-11-06,2353.57,31.33,9.55,20.93,27.8,8.61,18.79
2013-11-07,2340.55,31.86,9.53,20.82,27.46,8.59,18.75
2013-11-08,2307.95,31.32,9.43,20.38,27.01,8.51,18.32
2013-11-11,2315.89,31.38,9.46,20.72,27.07,8.54,18.7
2013-11-12,2340.0,31.57,9.53,20.79,27.28,8.6,18.75
2013-11-13,2288.12,31.01,9.36,20.59,26.79,8.44,18.54
2013-11-14,2304.5,31.48,9.4,20.9,27.22,8.48,18.61
2013-11-15,2350.73,32.21,9.54,21.26,27.83,8.61,18.87
2013-11-18,2428.9,33.04,9.81,21.76,28.55,8.85,19.25
2013-11-19,2412.16,32.88,9.77,21.62,28.42,8.81,19.13
2013-11-20,2424.85,33.16,9.82,21.59,28.71,8.86,19.15
2013-11-21,2409.99,33.1,9.81,21.5,28.64,8.85,19.12
2013-11-22,2397.96,32.89,9.79,21.42,28.5,8.83,19.13
2013-11-25,2388.63,32.88,9.73,21.19,28.45,8.77,18.99
2013-11-26,2387.42,32.14,9.7,21.67,28.56,8.75,19.11
2013-11-27,2414.48,32.75,9.78,22.04,29.07,8.82,19.3
2013-11-28,2439.53,33.09,9.87,22.35,29.34,8.9,19.68
2013-11-29,2438.94,33.23,9.86,22.21,29.44,8.89,19.59
2013-12-02,2418.79,33.45,9.9,21.46,28.68,8.93,19.16
2013-12-03,2442.78,33.97,9.94,21.89,29.14,8.96,19.67
2013-12-04,2475.14,34.38,10.03,22.25,29.48,9.04,20.3
2013-12-05,2468.2,34.34,10.0,22.22,29.47,9.01,20.29
2013-12-06,2452.29,34.11,9.96,22.26,29.26,8.98,20.19
2013-12-09,2450.87,34.12,9.95,22.29,29.36,8.97,20.02
2013-12-10,2453.32,33.21,9.94,22.27,29.35,8.96,19.99
2013-12-11,2412.76,32.68,9.78,22.02,28.89,8.82,19.72
2013-12-12,2410.02,32.76,9.77,21.92,28.94,8.81,19.63
2013-12-13,2406.64,33.67,9.73,22.02,28.92,8.77,19.68
2013-12-16,2367.92,34.6,9.75,24.44,28.82,8.79,21.1
2013-12-17,2356.38,34.41,9.7,24.04,28.67,8.75,21.02
2013-12-18,2357.23,34.38,9.7,23.97,28.63,8.74,20.9
2013-12-19,2332.41,34.16,9.61,23.72,28.39,8.67,20.84
2013-12-20,2278.14,33.56,9.38,23.35,27.89,8.46,20.53
2013-12-23,2284.6,33.51,9.45,23.59,27.86,8.53,20.65
2013-12-24,2288.25,33.56,9.46,23.56,27.9,8.53,20.8
2013-12-25,2305.11,33.97,9.52,23.77,28.21,8.58,20.95
2013-12-26,2265.33,34.3,9.37,23.26,27.71,8.45,20.61
2013-12-27,2303.48,33.92,9.5,23.94,28.18,8.57,20.99
2013-12-30,2299.46,33.99,9.46,23.91,28.19,8.53,20.91
2013-12-31,2330.03,34.38,9.56,24.03,28.46,8.62,21.15
2014-01-02,2321.98,34.59,9.53,24.02,28.66,8.59,21.28
2014-01-03,2290.78,34.34,9.42,23.71,28.46,8.49,20.89
2014-01-06,2238.64,34.33,9.28,23.0,27.71,8.36,20.09
2014-01-07,2238.0,34.4,9.26,23.18,27.8,8.34,20.22
2014-01-08,2241.91,34.53,9.25,22.97,27.9,8.33,20.22
2014-01-09,2222.22,34.14,9.18,22.83,27.57,8.27,19.9
2014-01-10,2204.85,33.65,9.13,22.42,27.1,8.22,19.9
2014-01-13,2193.68,33.46,9.13,22.12,26.9,8.21,19.41
2014-01-14,2212.85,33.91,9.19,22.39,27.27,8.27,19.5
2014-01-15,2208.94,34.09,9.16,22.29,27.46,8.24,19.66
2014-01-16,2211.84,34.14,9.15,22.8,27.44,8.23,19.89
2014-01-17,2178.49,33.63,9.08,22.46,26.95,8.17,19.23
2014-01-20,2165.99,33.36,9.01,22.35,26.75,8.1,19.18
2014-01-21,2187.41,33.76,9.08,22.6,27.07,8.16,19.33
2014-01-22,2243.8,34.63,9.26,23.18,27.77,8.32,19.64
2014-01-23,2231.89,34.61,9.2,23.18,27.73,8.27,19.67
2014-01-24,2245.68,35.0,9.24,23.19,27.97,8.3,20.11
2014-01-27,2215.92,34.57,9.13,22.97,27.65,8.21,19.68
2014-01-28,2219.86,34.53,9.16,23.11,27.67,8.24,19.83
2014-01-29,2227.78,34.8,9.19,22.91,28.26,8.28,19.9
2014-01-30,2202.45,34.61,9.11,22.91,28.11,8.2,19.67
2014-02-07,2212.48,34.18,9.12,22.73,28.51,8.21,19.66
2014-02-10,2267.53,34.18,9.3,23.66,29.28,8.37,20.45
2014-02-11,2285.56,34.14,9.38,23.87,29.28,8.44,20.95
2014-02-12,2291.25,34.27,9.39,24.1,29.45,8.45,21.05
2014-02-13,2279.55,34.69,9.37,23.88,29.06,8.43,20.63
2014-02-14,2295.58,35.12,9.41,24.17,29.42,8.47,21.03
2014-02-17,2311.65,34.65,9.48,24.32,29.83,8.52,21.46
2014-02-18,2282.44,33.87,9.36,23.95,29.54,8.4,21.6
2014-02-19,2308.66,34.88,9.49,24.15,29.62,8.52,21.44
2014-02-20,2287.44,34.45,9.48,23.85,29.24,8.51,21.06
2014-02-21,2264.29,34.11,9.37,23.38,28.95,8.42,20.87
2014-02-24,2214.51,34.66,9.18,22.89,28.62,8.24,20.36
2014-02-25,2157.91,33.36,9.0,22.14,27.56,8.1,20.01
2014-02-26,2163.41,33.43,9.03,22.6,27.93,8.12,20.08
2014-02-27,2154.11,33.01,9.06,22.36,28.03,8.15,20.16
2014-02-28,2178.97,33.49,9.1,22.3,28.81,8.19,20.3
2014-03-03,2190.37,33.85,9.13,22.5,29.19,8.22,20.59
2014-03-04,2184.27,32.89,9.1,22.35,29.19,8.19,20.29
2014-03-05,2163.98,33.41,9.01,21.72,29.02,8.11,20.17
2014-03-06,2173.63,33.47,9.05,21.89,29.01,8.15,20.03
2014-03-07,2168.36,33.38,9.03,21.51,28.97,8.14,20.04
2014-03-10,2097.79,32.17,8.8,20.74,28.94,7.94,19.41
2014-03-11,2108.66,32.42,8.81,20.91,29.02,7.95,19.41
2014-03-12,2114.13,32.25,8.8,20.35,28.81,7.94,19.46
2014-03-13,2140.33,32.55,8.9,20.62,28.21,8.03,19.58
2014-03-14,2122.84,32.09,8.78,20.59,28.92,7.96,19.29
2014-03-17,2143.04,32.33,8.84,20.86,28.32,8.02,19.59
2014-03-18,2138.13,31.78,8.81,20.53,28.21,8.01,19.31
2014-03-19,2120.87,31.67,8.78,20.41,28.12,8.0,19.37
2014-03-20,2086.97,32.35,8.66,20.08,28.4,7.91,18.87
2014-03-21,2158.8,33.21,8.84,20.58,28.18,8.12,19.27
2014-03-24,2176.55,32.45,8.89,21.32,28.66,8.2,19.52
2014-03-25,2174.44,32.59,8.84,21.45,28.62,8.17,19.53
2014-03-26,2171.05,32.36,8.69,21.41,28.54,8.18,19.37
2014-03-27,2155.71,31.9,8.56,21.19,28.06,8.13,19.24
2014-03-28,2151.97,30.02,8.41,19.75,27.53,8.13,19.01
2014-03-31,2146.31,30.04,8.26,19.63,27.15,8.11,18.44
2014-04-01,2163.12,30.22,8.27,19.9,27.35,8.16,18.54
2014-04-02,2180.73,30.34,8.31,19.69,27.47,8.22,18.55
2014-04-03,2165.01,30.25,8.25,19.7,27.39,8.15,18.42
2014-04-04,2185.47,30.6,8.3,19.49,27.73,8.21,18.55
2014-04-08,2237.32,30.78,8.5,19.55,28.29,8.4,18.99
2014-04-09,2238.62,30.74,8.51,19.74,28.47,8.42,19.07
2014-04-10,2273.76,30.75,8.64,19.72,28.66,8.54,19.07
2014-04-11,2270.67,30.59,8.62,19.64,28.58,8.53,19.24
2014-04-14,2268.61,30.6,8.62,19.6,28.83,8.52,19.24
2014-04-15,2229.46,30.05,8.46,19.17,29.25,8.4,18.81
2014-04-16,2232.53,29.9,8.48,19.21,29.18,8.41,18.77
2014-04-17,2224.8,29.67,8.44,19.24,29.0,8.38,18.93
2014-04-18,2224.48,30.11,8.42,19.23,29.57,8.36,19.04
2014-04-21,2187.25,29.7,8.3,19.26,29.22,8.26,18.92
2014-04-22,2196.8,29.6,8.33,19.18,29.0,8.29,19.03
2014-04-23,2194.67,29.83,8.33,19.04,29.2,8.29,18.97
2014-04-24,2190.47,29.58,8.28,18.96,29.03,8.25,18.87
2014-04-25,2167.83,28.97,8.22,18.87,28.86,8.16,19.09
2014-04-28,2134.97,28.13,8.13,18.6,29.26,8.05,19.14
2014-04-29,2158.47,28.24,8.18,18.59,29.87,8.07,19.57
2014-04-30,2158.66,28.26,8.19,18.87,30.26,7.96,19.25
2014-05-05,2156.47,28.87,8.18,18.97,30.54,7.95,19.27
2014-05-06,2157.33,28.97,8.17,19.07,30.66,7.94,19.35
2014-05-07,2137.32,28.51,8.11,18.85,30.2,7.89,19.01
2014-05-08,2135.5,28.51,8.12,18.82,30.23,7.9,19.02
2014-05-09,2133.91,28.47,8.12,18.75,30.22,7.9,19.16
2014-05-12,2180.05,29.37,8.27,19.25,31.23,8.04,19.84
2014-05-13,2174.85,29.27,8.26,19.1,31.13,8.03,19.47
2014-05-14,2172.37,29.21,8.26,19.06,31.03,8.03,19.33
2014-05-15,2144.08,28.65,8.18,18.73,30.42,7.95,19.04
2014-05-16,2145.95,28.65,8.19,18.62,30.4,7.96,19.0
2014-05-19,2115.14,28.39,8.1,18.35,30.16,7.87,18.72
2014-05-20,2115.77,28.37,8.11,18.28,30.11,7.88,18.71
2014-05-21,2135.91,28.7,8.18,18.55,30.46,7.95,18.89
2014-05-22,2130.87,28.56,8.17,18.43,30.29,7.94,18.79
2014-05-23,2148.41,28.76,8.22,18.56,30.48,7.99,18.91
2014-05-26,2155.98,28.98,8.24,18.71,30.75,8.01,19.03
2014-05-27,2147.28,28.77,8.21,18.56,30.52,7.98,18.91
2014-05-28,2169.35,29.12,8.28,18.7,30.86,8.05,19.04
2014-05-29,2155.16,28.78,8.26,18.53,30.48,8.03,18.85
2014-05-30,2156.46,28.83,8.25,18.5,30.62,8.02,18.95
2014-06-03,2149.92,28.8,8.25,18.56,30.6,8.02,18.82
2014-06-04,2128.27,28.49,8.2,18.58,30.25,7.97,18.75
2014-06-05,2150.6,28.76,8.26,18.64,30.52,8.03,18.9
2014-06-06,2134.72,28.59,8.21,18.5,30.3,7.98,18.85
2014-06-09,2134.28,28.55,8.22,18.31,30.19,7.99,18.75
2014-06-10,2161.27,28.88,8.32,18.52,30.57,8.09,19.01
2014-06-11,2160.77,28.92,8.32,18.74,30.62,8.09,19.19
2014-06-12,2153.41,28.86,8.3,18.54,30.56,8.07,19.02
2014-06-13,2176.24,29.14,8.39,18.6,30.87,8.15,19.11
2014-06-16,2191.86,30.63,8.57,19.86,31.86,8.34,21.0
2014-06-17,2169.67,30.34,8.49,19.59,31.57,8.26,20.61
2014-06-18,2160.24,30.31,8.45,19.55,31.57,8.22,20.51
2014-06-19,2126.91,29.64,8.34,19.27,30.86,8.11,20.15
2014-06-20,2136.73,29.81,8.34,19.45,31.05,8.11,20.16
2014-06-23,2134.11,30.03,8.31,19.39,31.3,8.09,20.22
2014-06-24,2144.82,30.26,8.35,19.58,31.56,8.12,20.47
2014-06-25,2133.37,30.08,8.31,19.67,31.38,8.09,20.5
2014-06-26,2149.08,30.34,8.36,19.93,31.64,8.13,20.62
2014-06-27,2150.26,30.47,8.33,19.94,31.75,8.1,20.72
2014-06-30,2165.12,30.7,8.38,19.83,31.97,8.15,20.72
2014-07-01,2164.56,30.87,8.37,19.96,32.16,8.14,20.84
2014-07-02,2170.87,31.21,8.41,19.87,32.53,8.17,20.84
2014-07-03,2180.19,31.35,8.42,20.03,32.66,8.19,20.87
2014-07-04,2178.7,31.22,8.41,19.84,32.51,8.18,20.66
2014-07-07,2176.29,31.11,8.41,19.71,32.39,8.18,20.73
2014-07-08,2180.47,31.2,8.43,19.85,32.5,8.2,20.61
2014-07-09,2148.71,30.7,8.32,19.61,31.96,8.09,20.21
2014-07-10,2142.85,30.56,8.27,19.58,31.83,8.04,20.31
2014-07-11,2148.01,30.77,8.29,19.64,32.03,8.06,20.11
2014-07-14,2171.76,31.11,8.36,19.94,32.42,8.12,20.24
2014-07-15,2174.98,31.14,8.38,19.85,32.46,8.14,20.17
2014-07-16,2170.87,30.91,8.37,19.78,32.2,8.14,20.09
2014-07-17,2157.07,30.75,8.32,19.7,32.07,8.09,19.97
2014-07-18,2164.14,30.77,8.34,19.72,32.09,8.1,20.15
2014-07-21,2166.3,30.76,8.33,19.6,32.11,8.09,20.29
2014-07-22,2192.7,31.2,8.41,19.75,32.59,8.17,20.28
2014-07-23,2197.83,31.0,8.44,19.84,32.39,8.19,19.9
2014-07-24,2237.02,31.21,8.57,20.4,32.69,8.32,20.35
2014-07-25,2260.45,31.66,8.66,20.79,33.15,8.41,20.78
2014-07-28,2323.9,32.35,8.9,21.29,33.84,8.64,21.22
2014-07-29,2331.37,32.58,8.91,21.15,34.03,8.65,21.41
2014-07-30,2322.01,32.6,8.89,21.05,34.05,8.63,21.36
2014-07-31,2350.25,32.93,8.98,21.47,34.38,8.72,21.61
2014-08-01,2329.4,32.55,8.92,21.39,34.01,8.66,21.46
2014-08-04,2375.62,33.16,9.07,21.63,34.69,8.81,21.62
2014-08-05,2369.35,33.29,9.05,21.66,34.81,8.78,21.46
2014-08-06,2363.22,33.59,9.02,21.47,35.12,8.76,21.49
2014-08-07,2327.46,33.26,8.89,21.22,34.78,8.63,21.19
2014-08-08,2331.13,33.3,8.9,21.29,34.85,8.64,21.32
2014-08-11,2365.35,33.76,9.02,21.61,35.31,8.76,21.52
2014-08-12,2357.05,33.85,8.99,21.52,35.43,8.73,21.9
2014-08-13,2358.9,33.91,9.0,21.48,35.29,8.73,21.99
2014-08-14,2335.95,33.53,8.92,21.24,34.85,8.64,21.77
2014-08-15,2360.64,33.96,9.0,21.54,35.34,8.72,21.65
2014-08-18,2374.56,34.38,9.04,21.72,35.78,8.75,22.06
2014-08-19,2374.77,34.62,9.05,21.57,36.47,8.75,21.95
2014-08-20,2366.14,34.5,9.02,21.5,36.44,8.7,22.06
2014-08-21,2354.24,34.49,8.97,21.27,36.29,8.65,21.97
2014-08-22,2365.36,34.59,9.0,21.46,34.96,8.68,22.16
2014-08-25,2342.86,34.29,8.95,21.25,34.41,8.6,21.96
2014-08-26,2324.09,33.82,8.89,21.21,34.01,8.53,21.78
2014-08-27,2327.6,33.95,8.9,21.22,34.07,8.5,22.09
2014-08-28,2311.28,33.79,8.84,21.02,33.42,8.42,21.7
2014-08-29,2338.29,34.13,8.92,21.26,33.08,8.45,21.92
2014-09-01,2355.32,34.51,8.97,21.48,33.69,8.47,22.52
2014-09-02,2386.46,35.01,9.08,21.72,34.2,8.57,22.89
2014-09-03,2408.84,35.36,9.18,21.99,34.52,8.66,23.62
2014-09-04,2426.22,35.59,9.24,22.3,34.76,8.72,23.58
2014-09-05,2449.26,35.81,9.32,22.75,34.96,8.8,23.57
2014-09-09,2445.22,35.97,9.3,22.82,35.21,8.78,23.83
2014-09-10,2432.43,36.0,9.24,22.95,35.19,8.73,23.76
2014-09-11,2423.45,35.96,9.21,22.74,35.11,8.69,23.8
2014-09-12,2438.36,36.19,9.27,22.74,35.35,8.75,24.16
2014-09-15,2437.19,36.38,9.26,22.86,35.58,8.74,24.27
2014-09-16,2388.77,34.5,9.13,22.57,34.66,8.61,23.73
2014-09-17,2401.33,34.74,9.16,22.63,34.88,8.64,23.79
2014-09-18,2408.66,34.88,9.18,22.78,34.97,8.66,24.26
2014-09-19,2425.21,35.17,9.22,23.03,35.24,8.7,24.56
2014-09-22,2378.92,34.54,9.04,22.97,34.63,8.53,24.3
2014-09-23,2399.46,34.89,9.1,23.06,34.98,8.59,24.6
2014-09-24,2441.86,35.6,9.24,23.43,35.69,8.72,25.11
2014-09-25,2436.97,35.68,9.23,23.33,35.59,8.71,24.92
2014-09-26,2437.2,34.89,9.23,23.35,35.72,8.71,25.09
2014-09-29,2447.8,35.16,9.25,23.44,36.01,8.73,25.12
2014-09-30,2450.99,35.19,9.26,23.49,36.16,8.74,25.22
2014-10-08,2478.38,35.62,9.33,24.06,36.59,8.8,25.38
2014-10-09,2481.96,35.7,9.35,24.18,36.64,8.82,25.75
2014-10-10,2466.79,35.46,9.29,23.9,36.4,8.77,25.46
2014-10-13,2454.95,35.47,9.24,23.73,36.47,8.72,25.27
2014-10-14,2446.56,35.27,9.22,23.46,36.33,8.7,24.89
2014-10-15,2463.87,35.51,9.27,23.73,36.46,8.75,25.19
2014-10-16,2444.4,35.01,9.24,23.5,35.96,8.71,24.81
2014-10-17,2441.73,34.85,9.21,23.56,35.95,8.69,24.57
2014-10-20,2454.71,35.17,9.25,23.73,36.21,8.73,24.78
2014-10-21,2433.39,34.78,9.18,23.46,35.77,8.67,24.43
2014-10-22,2418.64,34.4,9.15,23.28,35.37,8.64,23.82
2014-10-23,2395.94,33.97,9.08,23.05,34.9,8.56,23.32
2014-10-24,2390.71,33.9,9.06,23.09,34.76,8.53,23.42
2014-10-27,2368.83,33.87,8.97,22.9,34.71,8.45,23.38
2014-10-28,2416.65,34.68,9.13,23.18,35.65,8.59,24.0
2014-10-29,2451.38,35.16,9.26,23.5,36.32,8.67,24.55
2014-10-30,2468.93,35.22,9.34,23.59,35.35,8.71,24.27
2014-10-31,2508.33,35.47,9.5,23.73,34.54,8.79,24.15
2014-11-03,2512.55,35.66,9.49,23.94,34.15,8.77,24.26
2014-11-04,2513.17,35.64,9.5,24.18,34.12,8.78,24.17
2014-11-05,2503.45,35.63,9.45,24.22,33.95,8.73,23.9
2014-11-06,2506.07,35.74,9.46,24.25,34.11,8.74,24.11
2014-11-07,2502.15,35.5,9.44,23.79,33.8,8.72,23.89
2014-11-10,2565.73,36.15,9.67,24.27,34.38,8.94,24.37
2014-11-11,2558.61,35.45,9.75,24.38,34.61,9.02,24.37
2014-11-12,2594.32,36.06,9.81,24.62,35.18,9.07,24.79
2014-11-13,2579.75,36.72,9.79,24.1,34.9,9.04,24.37
2014-11-14,2581.09,35.72,9.79,24.35,34.93,9.05,24.34
2014-11-17,2567.1,35.82,9.72,24.23,34.94,8.98,24.31
2014-11-18,2541.42,35.78,9.61,23.99,34.85,8.87,24.12
2014-11-19,2537.22,35.96,9.58,24.17,34.95,8.85,24.23
2014-11-20,2537.1,35.87,9.58,24.11,34.81,8.85,24.41
2014-11-21,2583.46,36.43,9.73,24.29,35.32,8.99,24.59
2014-11-24,2649.26,37.27,9.93,24.61,35.11,9.17,25.18
2014-11-25,2685.56,37.88,10.06,25.24,35.79,9.29,25.9
2014-11-26,2723.02,38.2,10.22,25.1,36.06,9.44,26.11
2014-11-27,2754.49,38.51,10.34,25.31,36.31,9.55,26.28
2014-11-28,2808.82,38.5,10.64,25.37,36.29,9.83,26.21
2014-12-01,2819.81,38.59,10.68,25.75,36.4,9.86,26.53
2014-12-02,2923.94,39.44,11.09,26.46,37.15,10.25,26.68
2014-12-03,2967.55,40.52,11.14,26.55,38.13,10.29,27.54
2014-12-04,3104.35,40.94,11.7,27.82,39.35,10.81,27.92
2014-12-05,3124.89,41.69,12.0,27.31,39.01,11.1,27.18
2014-12-08,3252.88,43.06,12.4,28.52,40.09,11.47,27.43
2014-12-09,3106.91,42.31,11.68,27.63,38.58,10.79,27.05
2014-12-10,3221.55,42.93,12.01,28.43,39.97,11.1,28.42
2014-12-11,3183.01,41.88,11.84,28.69,39.9,10.94,28.34
2014-12-12,3193.23,42.28,11.88,28.63,40.28,10.98,28.54
2014-12-15,3217.23,44.56,12.13,32.68,40.88,11.2,30.9
2014-12-16,3303.4,45.22,12.5,32.23,41.35,11.54,30.76
2014-12-17,3360.6,44.82,12.76,31.7,40.93,11.78,30.32
2014-12-18,3345.93,44.61,12.7,32.44,40.86,11.72,30.52
2014-12-19,3383.17,45.52,12.95,32.57,40.99,11.96,30.71
2014-12-22,3394.48,44.7,13.23,31.44,40.2,12.21,29.81
2014-12-23,3324.92,43.7,12.82,30.89,40.15,11.83,29.06
2014-12-24,3230.39,43.44,12.42,31.37,39.95,11.46,29.4
2014-12-25,3335.42,43.48,12.89,31.67,39.99,11.89,29.95
2014-12-26,3445.84,44.47,13.31,31.64,40.8,12.28,30.47
2014-12-29,3455.46,44.23,13.39,31.43,40.62,12.36,30.11
2014-12-30,3457.55,43.55,13.47,31.1,39.99,12.43,29.57
2014-12-31,3533.71,44.18,13.81,31.53,40.55,12.74,29.68
2015-01-05,3641.54,45.33,14.35,32.42,41.83,13.24,30.29
2015-01-06,3641.06,45.89,14.37,33.13,42.28,13.25,31.23
2015-01-07,3643.79,45.9,14.43,33.13,42.33,13.31,31.23
2015-01-08,3559.26,45.37,14.04,32.3,41.83,12.95,30.88
2015-01-09,3546.72,44.87,14.05,33.16,41.38,12.95,30.55
2015-01-12,3513.58,44.52,13.86,32.98,40.92,12.77,30.96
2015-01-13,3514.04,44.85,13.87,33.25,41.22,12.77,30.89
2015-01-14,3502.42,44.48,13.83,33.06,41.68,12.75,30.87
2015-01-15,3604.12,45.19,14.37,33.85,41.35,13.24,30.93
2015-01-16,3635.15,45.86,14.54,33.62,41.91,13.39,31.45
2015-01-19,3355.16,44.14,13.33,32.24,40.5,12.27,29.94
2015-01-20,3396.22,44.34,13.51,33.19,41.52,12.43,30.87
2015-01-21,3548.89,45.91,14.21,34.22,42.0,13.08,31.43
2015-01-22,3567.61,46.74,14.25,34.81,42.68,13.11,32.51
2015-01-23,3571.73,46.43,14.3,34.58,42.2,13.14,31.83
2015-01-26,3607.99,46.26,14.33,35.52,42.84,13.16,32.28
2015-01-27,3574.93,46.54,14.27,35.23,43.11,13.1,32.67
2015-01-28,3525.32,45.92,14.03,34.59,42.45,12.86,31.28
2015-01-29,3481.8,45.47,13.82,34.17,42.01,12.66,31.19
2015-01-30,3434.39,44.88,13.6,33.85,41.39,12.46,30.92
2015-02-02,3353.96,44.28,13.19,33.71,40.88,12.09,31.09
2015-02-03,3437.45,45.29,13.56,34.62,41.69,12.42,31.4
2015-02-04,3401.77,44.96,13.4,34.09,41.37,12.27,30.95
2015-02-05,3366.95,44.59,13.23,33.58,41.89,12.12,30.91
2015-02-06,3312.42,44.63,12.98,33.07,41.03,11.89,30.32
2015-02-09,3345.92,44.73,13.1,32.77,41.03,12.0,30.39
2015-02-10,3406.94,45.62,13.33,33.49,41.83,12.21,31.01
2015-02-11,3434.12,46.16,13.39,33.8,42.23,12.29,31.11
2015-02-12,3442.87,46.37,13.43,34.0,42.42,12.33,31.13
2015-02-13,3469.83,46.38,13.54,34.25,42.75,12.44,31.15
2015-02-16,3499.48,47.39,13.59,35.04,42.8,12.5,31.77
2015-02-17,3522.32,47.36,13.69,34.68,44.02,12.6,31.96
2015-02-25,3478.73,46.97,13.56,34.44,42.79,12.49,31.77
2015-02-26,3566.3,47.97,13.89,34.87,43.61,12.79,32.12
2015-02-27,3572.84,48.36,13.92,35.21,43.75,12.81,32.57
2015-03-02,3601.27,49.09,13.99,35.74,45.21,12.91,33.62
2015-03-03,3507.9,48.3,13.58,35.22,44.47,12.54,33.0
2015-03-04,3530.82,49.03,13.62,35.82,45.13,12.59,33.07
2015-03-05,3496.34,48.98,13.45,35.66,44.01,12.42,33.22
2015-03-06,3478.52,48.23,13.41,34.94,44.39,12.39,33.0
2015-03-09,3537.75,48.49,13.7,34.98,44.71,12.66,32.55
2015-03-10,3520.61,48.69,13.58,35.26,44.82,12.54,32.53
2015-03-11,3524.65,48.5,13.61,35.17,44.65,12.57,32.61
2015-03-12,3592.84,48.46,13.9,35.29,44.87,12.86,32.6
2015-03-13,3617.66,48.93,13.93,35.64,45.41,12.91,32.82
2015-03-16,3705.67,49.59,14.2,36.43,46.66,13.18,34.06
2015-03-17,3757.12,49.95,14.39,36.79,47.13,13.36,34.41
2015-03-18,3846.06,50.46,14.71,37.09,47.19,13.66,35.53
2015-03-19,3839.74,50.6,14.58,36.7,47.33,13.62,35.2
2015-03-20,3892.57,50.95,14.65,36.7,48.55,13.75,35.34
2015-03-23,3972.06,52.39,15.12,37.55,47.87,14.09,35.9
2015-03-24,3973.05,52.57,15.06,37.32,48.42,14.1,35.93
2015-03-25,3940.41,53.04,14.7,37.34,49.12,13.91,36.21
2015-03-26,3950.0,52.19,14.66,36.45,47.96,14.01,35.28
2015-03-27,3971.7,52.42,14.73,36.7,49.34,14.2,35.43
2015-03-30,4088.18,52.93,15.02,37.46,49.42,14.62,36.28
2015-03-31,4051.2,52.13,14.72,36.97,49.59,14.46,37.09
2015-04-01,4123.9,53.02,14.96,38.3,50.26,14.68,38.11
2015-04-02,4124.78,52.29,14.94,38.4,49.96,14.67,38.4
2015-04-03,4170.54,52.94,15.01,38.28,50.25,14.75,38.76
2015-04-07,4260.04,54.01,15.37,39.33,51.29,15.12,39.73
2015-04-08,4295.8,53.47,15.55,39.08,50.15,15.3,39.15
2015-04-09,4262.14,52.74,15.41,38.68,49.43,15.15,38.34
2015-04-10,4344.42,53.88,15.68,39.04,50.42,15.44,38.69
2015-04-13,4421.07,53.81,16.04,39.91,51.25,15.77,39.21
2015-04-14,4438.18,53.91,16.05,39.2,51.4,15.79,39.22
2015-04-15,4380.51,52.02,15.95,38.26,50.67,15.69,38.59
2015-04-16,4513.55,52.07,16.42,38.95,49.9,16.17,40.53
2015-04-17,4596.14,53.04,16.76,39.29,50.01,16.5,40.25
2015-04-20,4521.92,52.95,16.44,39.94,51.22,16.17,39.49
2015-04-21,4619.16,54.08,16.7,41.83,52.16,16.42,41.48
2015-04-22,4739.81,55.77,17.08,42.15,53.87,16.75,42.16
2015-04-23,4740.89,56.54,17.03,42.29,54.1,16.72,41.45
2015-04-24,4702.64,55.98,16.9,42.35,53.54,16.57,41.65
2015-04-27,4807.59,56.81,17.46,43.29,54.0,17.13,41.86
2015-04-28,4741.86,55.03,17.24,42.99,52.64,17.17,39.41
2015-04-29,4774.33,56.11,17.14,43.41,53.83,16.97,40.24
2015-04-30,4749.89,55.38,16.88,43.12,51.25,16.58,39.36
2015-05-04,4787.74,55.68,17.0,43.2,51.6,16.71,39.25
2015-05-05,4596.84,53.75,16.31,41.5,50.66,16.03,37.53
2015-05-06,4553.33,53.24,16.1,40.91,49.25,15.83,37.49
2015-05-07,4470.09,52.13,15.73,40.46,49.13,15.46,36.35
2015-05-08,4558.4,53.73,16.04,41.31,50.73,15.77,37.98
2015-05-11,4690.53,54.87,16.45,42.98,52.62,16.17,38.91
2015-05-12,4747.42,56.28,16.63,43.73,52.21,16.34,38.97
2015-05-13,4718.44,56.34,16.49,43.12,54.1,16.21,39.18
2015-05-14,4700.78,56.14,16.44,43.47,53.86,16.15,39.35
2015-05-15,4617.47,56.46,16.12,43.25,52.47,15.84,38.56
2015-05-18,4575.14,55.97,15.93,43.16,52.88,15.65,38.56
2015-05-19,4731.22,56.55,16.45,45.11,54.2,16.16,39.95
2015-05-20,4754.92,57.17,16.51,44.79,53.94,16.22,40.77
2015-05-21,4840.98,59.28,16.62,46.84,55.09,16.33,42.4
2015-05-22,4951.34,60.2,17.07,47.17,55.91,16.76,43.46
2015-05-25,5099.5,61.97,17.58,48.56,57.41,17.27,44.58
2015-05-26,5198.92,63.08,17.83,49.37,59.31,17.52,45.98
2015-05-27,5181.43,62.75,17.8,49.68,59.86,17.49,45.83
2015-05-28,4834.01,59.97,16.66,47.26,55.63,16.36,42.32
2015-05-29,4840.83,59.95,16.65,46.64,56.51,16.34,43.87
2015-06-01,5076.18,62.4,17.48,49.11,59.66,17.16,45.95
2015-06-02,5161.87,64.38,17.68,49.09,61.64,17.36,46.46
2015-06-03,5143.59,64.1,17.62,49.51,61.67,17.3,46.71
2015-06-04,5181.42,64.22,17.85,49.94,61.9,17.53,46.79
2015-06-05,5230.55,64.93,18.04,50.0,62.59,17.71,46.37
2015-06-08,5353.75,65.01,18.82,51.44,62.46,18.49,46.49
2015-06-09,5317.46,65.21,18.7,50.45,61.8,18.37,45.81
2015-06-10,5309.11,65.92,18.56,50.55,63.42,18.23,46.5
2015-06-11,5306.59,66.49,18.49,50.44,63.98,18.16,47.05
2015-06-12,5335.12,67.04,18.59,50.8,64.42,18.26,46.91
2015-06-15,5221.17,65.02,18.64,51.17,62.61,18.27,45.44
2015-06-16,5064.82,62.53,18.08,49.13,60.18,17.71,44.28
2015-06-17,5138.83,63.66,18.36,50.47,61.27,17.99,45.02
2015-06-18,4930.55,61.99,17.61,48.26,58.84,17.25,43.11
2015-06-19,4637.05,59.66,16.59,45.0,57.53,16.26,40.44
2015-06-23,4786.09,60.31,17.14,46.31,58.01,16.8,41.75
2015-06-24,4880.13,60.87,17.56,47.6,59.28,17.21,43.18
2015-06-25,4706.52,59.75,16.97,45.71,57.45,16.64,41.53
2015-06-26,4336.19,55.28,15.77,41.35,52.33,15.45,37.78
2015-06-29,4191.55,52.78,15.46,38.38,50.03,15.16,35.83
2015-06-30,4473.0,55.28,16.43,41.38,52.34,16.11,37.9
2015-07-01,4253.02,52.23,15.6,39.12,50.48,15.3,35.86
2015-07-02,4108.0,52.63,15.36,37.5,48.51,15.07,34.02
2015-07-03,3885.92,49.79,14.57,36.11,48.64,14.31,32.26
2015-07-06,3998.54,49.88,15.25,37.2,48.71,14.98,33.15
2015-07-07,3928.0,47.12,15.39,34.48,45.93,15.12,30.9
2015-07-08,3663.04,45.43,14.46,31.87,43.6,14.21,28.53
2015-07-09,3897.63,47.17,15.28,34.19,45.95,14.99,30.39
2015-07-10,4106.56,49.23,15.89,36.6,48.58,15.58,33.0
2015-07-13,4211.81,50.46,15.98,38.17,50.76,15.65,34.62
2015-07-14,4112.15,51.47,15.59,37.2,50.07,15.23,34.75
2015-07-15,3966.76,48.98,15.32,35.98,48.66,14.97,31.8
2015-07-16,3997.36,50.01,15.36,36.49,47.01,14.97,32.47
2015-07-17,4151.5,51.98,15.76,38.34,47.83,15.35,34.31
2015-07-20,4160.61,51.99,15.83,38.84,47.54,15.38,34.03
2015-07-21,4166.01,52.47,15.81,39.23,48.74,15.36,34.24
2015-07-22,4157.16,53.12,15.75,39.4,49.17,15.29,34.15
2015-07-23,4250.81,53.69,16.04,40.56,49.65,15.57,35.59
2015-07-24,4176.28,52.74,15.8,39.7,49.58,15.27,34.73
2015-07-27,3818.73,50.92,14.45,35.98,48.21,13.97,31.44
2015-07-28,3811.09,50.17,14.38,35.96,47.41,13.87,31.48
2015-07-29,3930.38,51.93,14.73,37.59,49.93,14.2,32.78
2015-07-30,3815.41,51.43,14.35,36.27,48.51,13.87,30.95
2015-07-31,3816.7,50.31,14.3,36.5,48.16,13.82,31.16
2015-08-03,3829.24,49.64,14.35,36.94,47.48,13.86,31.82
2015-08-04,3948.16,51.11,14.71,38.14,46.99,14.21,33.45
2015-08-05,3866.9,50.06,14.41,37.22,46.88,13.91,32.81
2015-08-06,3831.85,50.4,14.27,36.82,47.39,13.76,32.3
2015-08-07,3906.94,50.0,14.52,37.79,46.85,14.0,32.7
2015-08-10,4084.36,51.69,15.14,39.17,48.14,14.6,34.51
2015-08-11,4066.67,52.62,15.06,39.03,49.02,14.52,34.54
2015-08-12,4016.13,52.0,14.89,38.75,48.29,14.34,34.02
2015-08-13,4075.46,53.08,15.06,39.85,49.32,14.51,34.95
2015-08-14,4073.54,53.07,15.03,39.53,49.12,14.47,34.29
2015-08-17,4077.87,53.61,15.0,40.38,49.23,14.41,35.64
2015-08-18,3825.41,49.92,14.22,37.9,46.75,13.67,33.24
2015-08-19,3886.14,50.98,14.32,39.15,47.65,13.75,33.79
2015-08-20,3761.45,50.0,13.89,38.09,47.06,13.34,32.2
2015-08-21,3589.54,49.0,13.35,35.79,45.37,12.79,30.93
2015-08-24,3275.53,44.76,12.2,32.4,42.83,11.63,27.47
2015-08-25,3042.93,41.2,11.3,29.55,39.78,10.76,24.95
2015-08-26,3025.69,40.75,11.32,28.6,37.89,10.77,24.33
2015-08-27,3205.64,42.72,11.97,30.09,39.63,11.32,25.9
2015-08-28,3342.29,44.34,12.43,31.68,41.49,11.78,26.97
2015-08-31,3366.54,44.31,12.5,31.82,42.79,11.69,26.48
2015-09-01,3362.08,42.55,12.68,31.81,41.99,11.86,25.87
2015-09-02,3365.83,42.71,12.84,31.29,41.28,12.03,26.16
2015-09-07,3250.49,41.92,12.28,30.56,40.57,11.5,26.11
2015-09-08,3334.02,43.27,12.54,31.63,41.81,11.74,26.84
2015-09-09,3399.31,43.67,12.76,32.87,42.21,11.94,27.57
2015-09-10,3357.56,42.87,12.61,31.75,42.23,11.81,26.78
2015-09-11,3347.19,42.82,12.55,31.82,42.17,11.74,26.75
2015-09-14,3281.13,42.19,12.36,29.49,40.68,11.58,25.25
2015-09-15,3152.23,40.55,12.0,27.76,39.13,11.25,23.87
2015-09-16,3309.25,42.58,12.49,29.9,40.97,11.7,25.83
2015-09-17,3237.0,40.71,12.24,29.03,40.06,11.46,24.9
2015-09-18,3251.27,40.13,12.25,28.97,40.44,11.47,25.11
2015-09-21,3308.25,41.45,12.4,29.78,41.78,11.61,25.81
2015-09-22,3339.03,41.91,12.52,30.21,42.16,11.71,26.06
2015-09-23,3263.03,41.03,12.23,29.83,41.35,11.45,25.33
2015-09-24,3285.0,41.62,12.29,30.13,41.87,11.5,25.74
2015-09-25,3231.95,41.16,12.16,29.05,39.7,11.39,24.56
2015-09-28,3242.75,41.82,12.16,29.48,40.29,11.38,24.92
2015-09-29,3178.85,40.94,11.92,29.11,39.35,11.16,24.47
2015-09-30,3202.95,41.27,11.99,29.12,39.76,11.22,24.66
2015-10-08,3296.48,42.83,12.31,30.14,41.18,11.53,25.78
2015-10-09,3340.12,43.54,12.46,30.88,41.91,11.66,26.05
2015-10-12,3447.69,44.18,12.83,31.73,43.11,12.01,27.15
2015-10-13,3445.04,44.41,12.79,31.97,43.33,11.97,27.21
2015-10-14,3406.11,43.81,12.67,31.17,42.81,11.86,26.68
2015-10-15,3486.82,45.17,12.92,32.33,44.15,12.08,27.15
2015-10-16,3534.07,46.12,13.09,33.06,44.8,12.23,27.23
2015-10-19,3534.18,46.2,13.09,33.79,43.88,12.23,27.71
2015-10-20,3577.7,47.04,13.23,33.87,44.7,12.34,28.04
2015-10-21,3473.25,45.13,13.0,31.73,42.82,12.14,26.62
2015-10-22,3524.53,45.86,13.1,33.06,44.23,12.23,27.32
2015-10-23,3571.24,47.12,13.22,33.78,45.38,12.34,28.11
2015-10-26,3589.26,47.35,13.27,33.58,44.96,12.41,28.14
2015-10-27,3592.88,47.69,13.25,34.03,44.42,12.4,28.04
2015-10-28,3524.92,47.28,13.05,33.22,42.55,12.19,27.91
2015-10-29,3533.31,46.75,13.06,33.51,42.42,12.24,28.43
2015-10-30,3534.08,47.55,13.05,33.45,43.3,12.44,28.49
2015-11-02,3475.96,46.53,12.84,32.2,40.92,12.1,27.63
2015-11-03,3465.49,46.39,12.78,32.13,40.92,12.04,27.91
2015-11-04,3628.54,47.87,13.34,33.95,42.93,12.57,29.28
2015-11-05,3705.97,48.31,13.64,34.31,43.2,12.85,29.4
2015-11-06,3793.37,49.61,13.9,35.88,44.3,13.1,29.86
2015-11-09,3840.35,49.95,14.14,35.62,44.67,13.33,30.22
2015-11-10,3833.24,50.21,14.09,35.98,44.92,13.28,30.4
2015-11-11,3833.65,50.5,14.07,36.55,45.12,13.25,30.5
2015-11-12,3795.32,50.16,13.92,36.48,44.94,13.11,30.07
2015-11-13,3746.24,49.17,13.75,35.93,43.87,12.96,29.54
2015-11-16,3764.13,49.78,13.8,35.97,44.45,13.01,30.04
2015-11-17,3758.39,49.52,13.81,36.1,44.11,13.02,30.23
2015-11-18,3715.58,48.56,13.7,34.9,43.31,12.92,29.76
2015-11-19,3774.97,49.69,13.86,35.91,44.3,13.06,30.08
2015-11-20,3774.38,49.93,13.84,35.64,44.64,13.05,30.0
2015-11-23,3753.34,49.77,13.78,35.39,44.48,12.99,29.62
2015-11-24,3753.89,49.83,13.77,35.68,44.53,12.98,29.37
2015-11-25,3781.61,50.33,13.86,35.94,44.99,13.07,29.66
2015-11-26,3759.43,49.94,13.8,35.78,44.63,13.01,29.62
2015-11-27,3556.99,47.59,13.1,32.88,41.83,12.36,28.32
2015-11-30,3566.41,47.5,13.14,32.9,41.78,12.41,28.32
2015-12-01,3591.7,46.79,13.18,33.31,41.97,12.44,28.42
2015-12-02,3721.95,47.47,13.67,34.11,42.46,12.91,29.06
2015-12-03,3749.3,48.18,13.84,34.31,43.15,13.07,29.16
2015-12-04,3677.59,47.56,13.53,34.01,42.64,12.78,28.85
2015-12-07,3687.61,48.02,13.53,34.31,43.18,12.78,29.25
2015-12-08,3623.02,46.85,13.29,33.55,42.18,12.56,28.85
2015-12-09,3635.94,46.86,13.34,33.36,42.13,12.6,28.8
2015-12-10,3623.08,46.71,13.28,33.24,41.94,12.54,28.66
2015-12-11,3608.06,46.64,13.21,33.33,41.79,12.48,28.54
2015-12-14,3711.32,48.22,13.84,34.83,41.65,13.02,28.59
2015-12-15,3694.39,48.47,13.76,34.61,41.88,12.94,28.75
2015-12-16,3685.44,48.41,13.75,34.91,41.87,12.93,28.66
2015-12-17,3755.89,49.56,13.97,36.13,42.86,13.14,29.54
2015-12-18,3767.91,49.64,14.0,35.43,42.92,13.17,29.38
2015-12-21,3865.97,50.32,14.29,35.58,43.48,13.44,30.53
2015-12-22,3876.73,50.69,14.29,36.34,43.82,13.45,30.65
2015-12-23,3866.38,50.16,14.27,36.51,43.29,13.44,30.24
2015-12-24,3829.4,49.74,14.16,35.38,43.05,13.33,29.65
2015-12-25,3838.2,49.85,14.18,35.53,42.97,13.31,29.56
2015-12-28,3727.63,49.43,13.81,34.5,41.88,12.97,28.55
2015-12-29,3761.87,49.84,13.92,35.12,42.24,13.07,28.78
2015-12-30,3765.18,50.12,13.9,35.47,42.58,13.05,29.3
2015-12-31,3731.0,49.54,13.85,35.69,42.07,13.01,29.24
2016-01-04,3469.07,45.56,12.99,32.82,38.65,12.21,26.8
2016-01-05,3478.78,45.15,13.02,32.81,38.2,12.22,26.89
2016-01-06,3539.81,46.25,13.26,33.58,39.16,12.44,27.58
2016-01-07,3294.38,43.18,12.43,30.52,36.79,11.67,25.61
2016-01-08,3361.56,44.14,12.69,31.66,36.66,11.91,26.7
2016-01-11,3192.45,41.41,12.11,29.26,35.31,11.36,25.11
2016-01-12,3215.71,41.89,12.18,29.37,36.61,11.42,25.25
2016-01-13,3155.88,40.65,11.96,28.8,35.41,11.21,24.57
2016-01-14,3221.57,42.02,12.16,29.46,36.62,11.39,25.04
2016-01-15,3118.73,40.41,11.77,28.41,35.25,11.03,24.02
2016-01-18,3130.73,40.95,11.78,28.78,35.66,11.04,24.12
2016-01-19,3223.13,42.31,12.12,29.77,35.66,11.35,24.73
2016-01-20,3174.38,41.82,11.97,29.28,36.44,11.22,24.52
2016-01-21,3081.35,40.23,11.64,28.13,35.04,10.92,23.5
2016-01-22,3113.46,40.77,11.76,28.56,35.55,11.03,24.01
2016-01-25,3128.89,41.19,11.82,28.75,35.97,11.08,24.24
2016-01-26,2940.51,39.98,11.12,26.87,33.32,10.44,22.26
2016-01-27,2930.35,40.72,11.1,26.04,33.26,10.41,21.7
2016-01-28,2853.76,39.14,10.84,25.2,31.93,10.19,21.34
2016-01-29,2946.09,40.59,11.16,26.23,33.08,10.47,21.97
2016-02-01,2901.05,40.07,10.96,25.75,32.66,10.34,21.87
2016-02-02,2961.33,41.21,11.15,26.33,33.63,10.52,22.29
2016-02-03,2948.64,40.38,11.08,26.33,33.63,10.46,22.39
2016-02-04,2984.76,41.07,11.21,26.87,34.34,10.57,22.81
2016-02-05,2963.79,40.65,11.14,26.65,34.09,10.51,22.56
2016-02-15,2946.71,40.5,11.05,26.6,34.08,10.42,22.48
2016-02-16,3037.04,42.04,11.37,27.5,35.37,10.73,23.21
2016-02-17,3063.32,41.62,11.47,28.03,35.8,10.82,23.26
2016-02-18,3053.7,41.55,11.44,27.66,35.68,10.79,23.28
2016-02-19,3051.59,40.73,11.41,27.82,35.77,10.76,23.38
2016-02-22,3118.87,41.64,11.68,28.23,36.53,11.01,23.85
2016-02-23,3089.36,41.22,11.56,28.35,36.19,10.9,23.85
2016-02-24,3109.55,41.47,11.64,28.05,36.39,10.97,24.29
2016-02-25,2918.75,40.01,10.97,26.16,33.58,10.35,22.41
2016-02-26,2948.03,40.36,11.09,26.33,33.76,10.46,22.2
2016-02-29,2877.47,38.31,10.85,25.1,33.91,10.26,22.06
2016-03-01,2930.69,39.19,10.99,25.38,34.8,10.42,22.23
2016-03-02,3051.33,39.28,11.42,26.44,35.54,10.82,23.75
2016-03-03,3058.42,39.31,11.45,26.76,35.55,10.85,23.66
2016-03-04,3093.89,39.64,11.65,26.42,34.15,11.05,23.65
2016-03-07,3104.84,40.0,11.65,26.13,34.8,11.05,23.8
2016-03-08,3107.67,39.13,11.66,26.13,35.75,11.06,23.89
2016-03-09,3071.91,40.07,11.56,25.53,34.94,10.98,23.67
2016-03-10,3013.15,39.23,11.32,25.12,34.29,10.77,23.44
2016-03-11,3018.28,39.13,11.35,25.28,34.22,10.81,23.4
2016-03-14,3065.69,39.23,11.47,25.83,35.28,10.94,23.81
2016-03-15,3074.78,38.94,11.51,25.61,35.05,10.98,24.19
2016-03-16,3090.03,38.2,11.5,25.47,34.77,11.06,23.84
2016-03-17,3124.2,39.19,11.61,26.62,35.68,11.16,23.86
2016-03-18,3171.96,39.34,11.77,27.18,35.77,11.31,24.34
2016-03-21,3249.44,40.32,11.93,28.46,35.44,11.52,24.91
2016-03-22,3225.79,39.91,11.84,27.88,35.3,11.43,24.53
2016-03-23,3236.09,40.26,11.84,28.0,35.5,11.47,24.9
2016-03-24,3181.85,39.28,11.99,27.36,35.97,11.34,23.78
2016-03-25,3197.82,39.57,12.15,27.7,35.13,11.4,23.83
2016-03-28,3169.73,39.11,12.0,26.92,34.66,11.3,23.67
2016-03-29,3135.41,38.22,11.85,26.64,34.62,11.19,23.07
2016-03-30,3216.28,39.29,12.15,27.35,35.63,11.4,23.61
2016-03-31,3218.09,39.6,12.02,27.15,35.2,11.44,23.63
2016-04-01,3221.89,39.11,12.04,27.4,36.09,11.48,23.77
2016-04-05,3264.49,39.97,12.16,27.8,35.86,11.59,24.41
2016-04-06,3257.53,39.96,12.13,27.72,35.86,11.56,24.58
2016-04-07,3209.29,39.22,11.94,27.19,35.23,11.41,24.1
2016-04-08,3185.73,38.89,11.85,26.77,34.98,11.32,23.73
2016-04-11,3230.1,39.52,11.99,27.33,35.56,11.47,24.22
2016-04-12,3218.45,38.98,11.96,27.0,35.43,11.45,24.43
2016-04-13,3261.38,39.58,12.12,27.47,36.04,11.6,24.95
2016-04-14,3275.83,39.84,12.17,27.58,36.23,11.65,25.21
2016-04-15,3272.21,39.47,12.16,27.34,35.87,11.66,24.9
2016-04-18,3228.45,39.1,11.96,26.88,35.53,11.52,24.59
2016-04-19,3238.3,39.5,11.95,27.2,35.54,11.54,24.69
2016-04-20,3181.03,39.05,11.71,26.1,35.29,11.36,23.77
2016-04-21,3160.6,38.34,11.64,25.76,34.93,11.29,23.56
2016-04-22,3174.9,38.35,11.66,26.53,35.37,11.34,23.64
2016-04-25,3162.03,37.6,11.55,25.93,35.48,11.29,23.4
2016-04-26,3179.16,37.3,11.59,26.42,35.4,11.34,23.8
2016-04-27,3165.92,36.69,11.47,25.48,35.2,11.29,23.62
2016-04-28,3160.58,37.14,11.43,25.33,35.47,11.27,22.64
2016-04-29,3156.75,37.65,11.32,24.07,36.55,11.32,23.11
2016-05-03,3213.54,36.59,11.49,24.87,37.62,11.47,23.28
2016-05-04,3209.46,36.5,11.47,24.86,37.52,11.44,23.17
2016-05-05,3213.92,36.7,11.49,25.38,37.7,11.46,23.25
2016-05-06,3130.35,37.36,11.22,24.51,36.44,11.2,22.52
2016-05-09,3065.62,37.12,10.99,23.93,35.26,10.97,22.01
2016-05-10,3069.11,37.14,11.01,23.72,35.24,10.98,22.15
2016-05-11,3082.81,37.08,11.06,23.98,35.24,11.04,22.6
2016-05-12,3090.14,37.13,11.07,24.07,35.23,11.06,22.97
2016-05-13,3074.94,36.92,11.03,23.87,35.06,11.02,22.84
2016-05-16,3095.31,37.28,11.09,24.12,35.41,11.08,23.13
2016-05-17,3086.02,37.29,11.07,23.7,35.43,11.06,22.64
2016-05-18,3068.04,36.67,11.02,23.72,34.89,11.0,22.27
2016-05-19,3062.5,36.73,10.99,23.49,34.97,10.98,22.39
2016-05-20,3078.22,36.96,11.04,23.73,35.2,11.03,22.66
2016-05-23,3087.22,37.19,11.07,23.71,35.41,11.07,22.66
2016-05-24,3063.56,36.79,11.01,23.6,35.11,11.0,22.48
2016-05-25,3059.23,36.67,10.99,23.45,34.86,10.98,22.39
2016-05-26,3064.21,36.87,11.01,23.47,35.16,11.01,22.31
2016-05-27,3062.5,36.8,11.01,23.49,35.22,11.0,22.36
2016-05-30,3066.71,36.51,11.04,23.58,34.88,11.03,22.18
2016-05-31,3169.56,37.94,11.37,24.25,36.28,11.36,22.92
2016-06-01,3160.55,38.07,11.34,24.36,36.42,11.33,22.93
2016-06-02,3167.1,38.25,11.35,24.53,36.64,11.34,23.21
2016-06-03,3189.33,38.02,11.42,24.7,36.67,11.41,23.56
2016-06-06,3178.79,37.97,11.4,24.66,36.75,11.4,23.66
2016-06-07,3177.05,37.92,11.41,24.56,36.7,11.4,23.57
2016-06-08,3163.99,37.7,11.37,24.39,36.48,11.36,23.5
2016-06-13,3066.34,38.82,11.19,24.17,36.78,11.15,23.12
2016-06-14,3075.98,37.68,11.21,24.35,36.56,11.17,23.25
2016-06-15,3116.37,38.52,11.33,24.68,37.4,11.28,23.73
2016-06-16,3094.67,38.25,11.25,24.5,36.23,11.21,23.57
2016-06-17,3110.36,38.48,11.3,24.56,37.33,11.25,23.72
2016-06-20,3112.67,38.36,11.31,24.69,37.25,11.27,23.69
2016-06-21,3106.32,39.09,11.29,24.47,37.03,11.25,23.6
2016-06-22,3133.96,38.67,11.39,24.62,37.56,11.34,23.73
2016-06-23,3117.32,38.53,11.34,24.39,37.41,11.3,23.76
2016-06-24,3077.16,38.98,11.19,23.86,36.06,11.15,23.42
2016-06-27,3120.54,38.85,11.32,24.26,36.83,11.28,23.79
2016-06-28,3136.4,39.17,11.37,24.66,37.15,11.33,23.89
2016-06-29,3151.39,39.21,11.43,24.83,37.19,11.39,23.89
2016-06-30,3153.92,39.33,11.42,24.93,37.32,11.37,23.9
2016-07-01,3154.2,39.25,11.43,24.81,37.25,11.38,23.97
2016-07-04,3204.7,40.13,11.6,25.18,38.17,11.55,24.39
2016-07-05,3207.38,40.3,11.62,25.37,38.35,11.58,24.46
2016-07-06,3216.8,40.5,11.65,25.71,38.59,11.6,24.87
2016-07-07,3209.95,40.44,11.63,25.72,38.5,11.59,24.88
2016-07-08,3192.28,40.28,11.52,25.6,38.36,11.48,24.68
2016-07-11,3203.33,40.42,11.55,25.98,38.68,11.55,25.13
2016-07-12,3273.18,41.25,11.81,26.63,38.46,11.8,25.99
2016-07-13,3282.87,40.62,11.85,26.69,38.73,11.84,26.21
2016-07-14,3276.76,40.64,11.81,26.54,39.7,11.8,26.15
2016-07-15,3276.28,40.56,11.83,26.72,39.57,11.82,26.11
2016-07-18,3262.02,40.24,11.81,26.68,39.45,11.8,25.84
2016-07-19,3248.23,40.28,11.75,26.65,39.52,11.75,25.92
2016-07-20,3237.61,40.12,11.7,26.52,39.45,11.7,25.78
2016-07-21,3252.52,40.24,11.75,26.73,39.58,11.75,25.99
2016-07-22,3225.16,40.04,11.65,26.37,39.43,11.68,25.67
2016-07-25,3230.89,40.16,11.67,26.43,39.64,11.72,25.73
2016-07-26,3269.59,40.57,11.8,26.84,40.09,11.85,26.16
2016-07-27,3218.24,39.2,11.65,26.39,38.7,11.71,25.55
2016-07-28,3221.14,39.21,11.65,26.95,38.64,11.7,25.93
2016-07-29,3203.93,38.87,11.61,26.46,38.35,11.7,25.98
2016-08-01,3176.81,39.34,11.55,25.86,38.8,11.67,25.53
2016-08-02,3189.05,39.62,11.59,26.07,39.02,11.7,25.54
2016-08-03,3193.51,38.74,11.59,26.35,39.1,11.71,25.62
2016-08-04,3201.29,38.91,11.6,26.42,39.27,11.72,25.68
2016-08-05,3205.11,39.74,11.6,26.19,39.16,11.72,25.61
2016-08-08,3234.18,39.38,11.7,26.31,39.78,11.81,25.82
2016-08-09,3256.98,39.62,11.77,26.58,39.98,11.89,26.02
2016-08-10,3243.34,39.5,11.73,26.42,39.86,11.86,26.02
2016-08-11,3233.36,38.99,11.74,26.4,39.39,11.86,25.96
2016-08-12,3294.23,39.47,11.96,26.87,40.19,12.08,26.66
2016-08-15,3393.42,39.59,12.29,27.62,41.3,12.42,26.99
2016-08-16,3378.25,39.63,12.18,27.64,41.31,12.31,26.7
2016-08-17,3373.05,39.73,12.16,27.68,41.39,12.28,26.8
2016-08-18,3364.49,39.68,12.14,27.89,41.3,12.23,26.97
2016-08-19,3365.02,39.75,12.15,27.91,40.78,12.25,27.39
2016-08-22,3336.79,39.33,12.08,27.39,39.96,12.19,27.04
2016-08-23,3341.83,39.32,12.1,27.43,39.95,12.23,27.06
2016-08-24,3329.86,40.27,12.07,27.4,40.4,12.18,27.06
2016-08-25,3308.97,39.9,12.01,27.37,40.19,12.14,26.84
2016-08-26,3307.09,40.01,12.0,27.49,42.03,12.23,27.27
2016-08-29,3307.78,40.09,11.99,27.37,41.89,12.3,26.55
2016-08-30,3311.99,40.12,12.02,27.45,41.64,12.31,26.64
2016-08-31,3327.79,40.17,12.07,27.49,41.42,12.36,26.84
2016-09-01,3301.58,39.85,12.0,27.43,41.1,12.28,26.53
2016-09-02,3314.11,39.88,12.03,27.63,41.13,12.32,26.45
2016-09-05,3319.68,40.01,12.04,27.45,40.31,12.33,26.62
2016-09-06,3342.63,40.47,12.09,27.7,40.74,12.37,26.89
2016-09-07,3340.82,39.41,12.09,27.8,41.61,12.37,26.76
2016-09-08,3339.56,39.41,12.09,27.6,41.6,12.37,26.77
2016-09-09,3318.04,39.09,12.02,27.37,41.23,12.31,26.59
2016-09-12,3262.6,38.12,11.84,26.89,40.17,12.12,26.11
2016-09-13,3260.33,38.16,11.82,26.98,40.21,12.1,26.17
2016-09-14,3238.73,38.03,11.73,26.69,40.08,12.01,25.91
2016-09-19,3263.12,38.32,11.8,26.88,40.37,12.08,26.13
2016-09-20,3257.4,38.26,11.78,26.82,40.3,12.06,26.12
2016-09-21,3266.64,38.36,11.81,26.76,40.4,12.08,26.22
2016-09-22,3291.12,38.5,11.89,26.83,40.54,12.17,26.27
2016-09-23,3275.67,38.29,11.85,26.62,40.31,12.13,26.21
2016-09-26,3220.28,38.42,11.67,26.12,39.46,11.95,25.72
2016-09-27,3240.75,38.71,11.74,26.37,39.8,12.02,25.87
2016-09-28,3230.89,38.6,11.7,26.43,39.67,11.98,25.82
2016-09-29,3244.39,38.71,11.75,26.43,39.78,12.03,26.14
2016-09-30,3253.28,37.88,11.77,26.67,39.9,12.05,26.21
2016-10-10,3293.87,38.56,11.92,26.98,40.49,12.19,26.8
2016-10-11,3306.56,38.75,11.95,27.36,40.7,12.23,26.94
2016-10-12,3300.01,38.71,11.93,27.19,40.62,12.2,26.85
2016-10-13,3302.65,38.79,11.92,27.15,40.69,12.2,26.89
2016-10-14,3305.85,38.76,11.94,27.21,40.68,12.22,26.65
2016-10-17,3277.88,38.42,11.85,26.94,40.35,12.12,26.25
2016-10-18,3321.33,38.96,12.01,27.43,40.95,12.29,26.73
2016-10-19,3316.24,38.95,12.0,27.46,40.93,12.28,26.75
2016-10-20,3318.6,39.09,12.01,27.81,40.98,12.29,26.59
2016-10-21,3327.74,38.97,12.06,27.67,40.05,12.33,26.52
2016-10-24,3367.58,39.43,12.2,27.65,40.54,12.48,26.8
2016-10-25,3367.45,39.49,12.19,27.87,40.01,12.43,26.64
2016-10-26,3354.8,39.34,12.13,27.64,39.28,12.38,26.55
2016-10-27,3345.7,39.25,12.1,27.82,39.4,12.33,26.39
2016-10-28,3340.13,38.99,12.1,27.51,37.63,12.19,25.67
2016-10-31,3336.28,38.95,12.08,27.34,37.3,12.08,25.47
2016-11-01,3359.05,39.18,12.15,27.67,37.53,12.15,25.57
2016-11-02,3333.35,38.88,12.05,27.57,37.28,12.05,25.36
2016-11-03,3365.09,39.12,12.16,27.66,37.55,12.16,25.89
2016-11-04,3354.17,38.91,12.12,27.43,37.39,12.12,25.65
2016-11-07,3356.59,38.96,12.13,27.29,37.38,12.13,25.62
2016-11-08,3371.12,39.15,12.19,27.54,37.8,12.19,25.68
2016-11-09,3353.05,38.9,12.12,27.17,37.53,12.12,25.42
2016-11-10,3390.61,39.37,12.25,27.46,37.95,12.25,25.78
2016-11-11,3417.22,38.79,12.34,27.7,38.15,12.33,25.96
2016-11-14,3430.25,39.05,12.4,27.75,38.45,12.39,26.15
2016-11-15,3429.87,39.08,12.38,27.92,38.44,12.37,26.12
2016-11-16,3429.59,39.1,12.38,27.98,38.48,12.37,26.09
2016-11-17,3436.54,39.07,12.39,27.96,38.7,12.39,26.07
2016-11-18,3417.46,38.78,12.33,27.71,38.21,12.32,25.66
2016-11-21,3441.11,38.9,12.44,27.86,38.35,12.43,25.68
2016-11-22,3468.36,39.27,12.55,27.86,38.69,12.54,25.95
2016-11-23,3474.73,39.07,12.57,28.04,38.5,12.56,25.81
2016-11-24,3488.74,39.06,12.6,27.98,38.47,12.59,25.89
2016-11-25,3521.3,39.32,12.72,27.93,38.71,12.71,25.98
2016-11-28,3535.08,39.47,12.79,27.92,38.88,12.78,25.95
2016-11-29,3564.04,39.46,12.9,27.91,38.82,12.89,25.91
2016-11-30,3538.0,39.28,12.76,27.84,38.65,12.75,25.73
2016-12-01,3565.04,39.53,12.85,27.95,38.89,12.84,25.77
2016-12-02,3528.95,38.99,12.78,27.79,38.37,12.77,25.66
2016-12-05,3469.41,38.67,12.6,27.56,38.01,12.59,25.58
2016-12-06,3459.15,38.49,12.55,27.49,37.8,12.54,25.59
2016-12-07,3475.75,38.84,12.59,27.67,38.12,12.57,25.67
2016-12-08,3470.14,39.58,12.57,27.59,37.95,12.56,25.65
2016-12-09,3493.7,39.55,12.7,27.49,37.91,12.69,25.63
2016-12-12,3409.18,41.18,12.73,29.85,38.14,12.68,27.26
2016-12-13,3405.04,41.05,12.68,29.5,38.07,12.63,27.23
2016-12-14,3378.95,40.72,12.61,29.32,37.81,12.56,26.77
2016-12-15,3340.43,40.83,12.41,29.35,37.89,12.36,26.56
2016-12-16,3346.03,41.01,12.42,29.68,38.01,12.37,26.72
2016-12-19,3328.98,40.84,12.38,29.97,37.86,12.33,26.95
2016-12-20,3309.06,40.66,12.3,29.75,37.72,12.25,26.81
2016-12-21,3338.54,41.03,12.44,30.21,38.1,12.38,27.14
2016-12-22,3335.67,40.99,12.45,30.33,38.07,12.39,27.07
2016-12-23,3307.6,40.55,12.37,29.86,37.7,12.31,26.76
2016-12-26,3322.4,40.59,12.42,30.13,37.78,12.36,26.84
2016-12-27,3316.39,40.47,12.37,29.91,37.66,12.31,26.78
2016-12-28,3301.89,40.32,12.33,29.67,37.51,12.27,26.88
2016-12-29,3297.76,40.31,12.32,29.42,37.43,12.26,26.78
2016-12-30,3310.08,39.44,12.36,29.9,37.45,12.31,27.14
2017-01-03,3342.23,40.72,12.49,30.02,37.79,12.42,27.24
2017-01-04,3368.31,41.12,12.57,30.08,38.12,12.51,27.25
2017-01-05,3367.79,41.11,12.59,30.03,38.2,12.53,27.09
2017-01-06,3347.67,40.82,12.56,30.13,37.94,12.5,26.84
2017-01-09,3363.9,41.07,12.61,30.39,38.19,12.55,26.95
2017-01-10,3358.27,40.99,12.59,30.31,38.07,12.53,26.73
2017-01-11,3334.5,40.69,12.52,29.91,37.76,12.46,26.6
2017-01-12,3317.62,40.31,12.48,29.44,37.4,12.42,26.45
2017-01-13,3319.91,39.93,12.51,29.38,37.06,12.46,26.48
2017-01-16,3319.45,39.32,12.56,29.25,36.49,12.51,26.36
2017-01-17,3326.36,39.64,12.57,29.27,36.77,12.52,26.57
2017-01-18,3339.37,39.57,12.61,29.0,36.68,12.56,26.55
2017-01-19,3329.29,39.49,12.58,29.06,36.56,12.53,26.43
2017-01-20,3354.89,39.93,12.64,29.37,36.95,12.6,26.7
2017-01-23,3364.08,40.15,12.68,29.45,37.2,12.62,26.73
2017-01-24,3364.45,40.02,12.73,29.17,37.09,12.66,26.71
2017-01-25,3375.9,40.13,12.75,29.35,37.26,12.71,26.86
2017-01-26,3387.96,40.39,12.79,29.62,37.55,12.78,26.93
2017-02-03,3364.49,40.21,12.69,29.47,37.43,12.69,27.04
2017-02-06,3373.21,40.41,12.72,29.67,37.62,12.72,27.05
2017-02-07,3365.68,40.31,12.69,29.42,37.51,12.69,26.86
2017-02-08,3383.29,40.62,12.74,29.7,37.79,12.74,27.0
2017-02-09,3396.29,40.77,12.79,29.86,37.92,12.79,27.06
2017-02-10,3413.49,40.86,12.86,29.64,38.02,12.85,27.12
2017-02-13,3436.28,41.1,12.94,29.92,38.25,12.93,27.43
2017-02-14,3435.8,41.18,12.94,29.8,38.8,12.93,27.32
2017-02-15,3421.71,40.77,12.94,29.68,38.39,12.93,27.25
2017-02-16,3440.93,41.04,12.98,30.09,38.61,12.96,27.47
2017-02-17,3421.44,40.8,12.89,29.98,38.42,12.87,27.06
2017-02-20,3471.39,41.27,13.07,30.18,38.87,13.04,27.65
2017-02-21,3482.82,41.66,13.14,30.43,39.24,13.08,27.78
2017-02-22,3489.76,41.73,13.17,30.52,39.27,13.11,27.91
2017-02-23,3473.32,41.59,13.11,30.35,39.17,13.05,27.86
2017-02-24,3473.85,40.73,13.1,30.5,39.21,13.04,27.97
2017-02-27,3446.22,41.54,13.01,30.65,39.02,12.95,27.67
2017-02-28,3452.81,41.55,13.02,30.88,38.71,12.97,27.48
2017-03-01,3458.44,41.77,13.04,31.01,38.83,12.99,27.47
2017-03-02,3435.1,41.51,12.97,30.7,38.57,12.91,27.37
2017-03-03,3427.86,40.52,12.92,30.64,38.45,12.86,27.58
2017-03-06,3446.48,41.07,12.96,30.9,38.76,12.9,27.81
2017-03-07,3453.96,41.09,13.0,30.82,38.75,12.93,27.93
2017-03-08,3448.73,40.79,12.98,30.49,38.37,12.92,27.87
2017-03-09,3426.94,40.46,12.9,30.21,38.06,12.84,27.47
2017-03-10,3427.89,40.38,12.88,30.14,38.04,12.82,27.51
2017-03-13,3458.1,40.75,12.99,30.24,38.41,12.93,27.81
2017-03-14,3456.69,41.51,12.99,30.16,38.5,12.94,27.75
2017-03-15,3463.64,40.58,13.01,29.92,38.49,12.96,27.68
2017-03-16,3481.51,40.64,13.07,30.0,38.55,13.01,27.96
2017-03-17,3445.81,41.27,12.95,30.29,38.12,12.89,27.74
2017-03-20,3449.61,40.66,12.94,30.25,38.57,12.89,27.95
2017-03-21,3466.35,40.24,13.0,30.36,38.77,12.95,28.0
2017-03-22,3450.05,40.9,12.92,30.0,38.55,12.86,27.72
2017-03-23,3461.98,41.03,12.94,29.81,38.63,12.89,27.43
2017-03-24,3489.6,41.89,13.11,30.28,39.22,12.96,27.88
2017-03-27,3478.04,42.19,12.99,30.11,39.04,12.88,27.74
2017-03-28,3469.81,41.43,12.91,30.36,38.98,12.83,27.64
2017-03-29,3465.19,41.26,12.87,30.01,38.91,12.82,27.68
2017-03-30,3436.76,40.72,12.92,29.66,38.06,12.74,27.3
2017-03-31,3456.05,40.99,13.15,29.68,38.25,12.85,28.18
2017-04-05,3503.89,40.89,13.3,29.77,38.43,13.05,28.58
2017-04-06,3514.05,40.92,13.31,29.95,38.5,13.07,28.67
2017-04-07,3517.46,41.03,13.34,30.18,38.6,13.1,28.67
2017-04-10,3505.14,40.72,13.3,30.06,38.42,13.07,28.51
2017-04-11,3517.33,40.98,13.35,29.96,38.51,13.17,28.6
2017-04-12,3509.44,41.22,13.35,30.07,38.9,13.18,28.47
2017-04-13,3514.57,41.34,13.34,30.12,39.38,13.19,28.7
2017-04-14,3486.5,40.97,13.24,29.67,39.05,13.1,28.37
2017-04-17,3479.94,40.26,13.22,29.52,38.67,13.06,28.3
2017-04-18,3462.74,39.78,13.17,29.69,38.26,12.98,28.38
2017-04-19,3445.88,39.33,13.08,29.21,37.76,12.89,28.51
2017-04-20,3461.55,39.39,13.1,29.03,37.89,12.92,28.42
2017-04-21,3466.79,39.23,13.21,29.23,37.65,13.03,28.61
2017-04-24,3431.26,39.18,13.12,28.98,37.57,12.94,27.97
2017-04-25,3440.97,39.32,13.13,28.76,37.91,12.91,27.94
2017-04-26,3445.18,39.44,13.19,29.21,38.16,12.99,28.39
2017-04-27,3446.72,39.49,13.22,29.47,38.37,12.97,28.34
2017-04-28,3439.75,39.61,13.16,29.16,37.83,12.69,28.09
2017-05-02,3426.58,39.2,12.96,28.55,36.06,12.47,27.59
2017-05-03,3413.13,39.04,12.9,28.38,35.9,12.42,27.53
2017-05-04,3404.39,38.82,12.88,28.34,35.69,12.4,27.26
2017-05-05,3382.55,38.29,12.83,27.94,35.24,12.35,26.97
2017-05-08,3358.81,37.8,12.8,27.15,34.79,12.31,26.85
2017-05-09,3352.53,37.85,12.76,27.19,34.84,12.28,26.74
2017-05-10,3337.7,37.13,12.73,26.63,34.13,12.25,26.41
2017-05-11,3356.65,36.94,12.82,26.62,33.95,12.34,26.74
2017-05-12,3385.38,36.96,12.95,26.89,33.96,12.47,26.43
2017-05-15,3399.19,37.12,12.99,27.07,34.09,12.5,26.74
2017-05-16,3428.65,37.66,13.03,27.5,34.59,12.54,26.98
2017-05-17,3409.97,37.66,13.03,27.5,34.59,12.54,26.98
2017-05-18,3398.11,37.55,12.92,27.28,34.46,12.44,26.7
2017-05-19,3403.85,37.53,12.93,27.24,34.46,12.44,26.68
2017-05-22,3411.24,37.21,12.98,27.18,34.15,12.49,26.86
2017-05-23,3424.19,36.75,13.09,27.27,33.71,12.59,26.25
2017-05-24,3424.17,36.87,13.08,27.08,33.84,12.58,26.58
2017-05-25,3485.66,37.36,13.29,27.68,34.29,12.79,26.84
2017-05-26,3480.43,37.28,13.3,27.62,34.2,12.8,26.95
2017-05-31,3492.88,37.31,13.35,27.84,34.46,12.85,27.21
2017-06-01,3497.74,36.97,13.42,27.34,34.11,12.91,26.58
2017-06-02,3486.51,37.08,13.36,27.4,34.22,12.85,26.71
2017-06-05,3468.75,37.16,13.22,27.63,34.3,12.73,26.95
2017-06-06,3492.88,37.33,13.29,27.64,34.46,12.79,26.93
2017-06-07,3533.87,37.9,13.42,28.27,34.99,12.91,27.21
2017-06-08,3560.98,37.9,13.49,28.3,35.04,12.98,27.26
2017-06-09,3576.17,38.0,13.54,28.4,35.09,13.03,27.57
2017-06-12,3574.39,36.84,13.72,27.95,34.01,13.19,26.95
2017-06-13,3582.27,37.14,13.73,28.28,34.29,13.2,27.52
2017-06-14,3535.3,36.96,13.58,28.17,34.13,13.06,27.27
2017-06-15,3528.79,37.16,13.52,28.24,34.34,13.01,27.5
2017-06-16,3518.76,37.13,13.48,28.26,34.32,12.96,27.43
2017-06-19,3553.67,37.42,13.57,28.27,34.57,13.05,27.54
2017-06-20,3546.49,37.4,13.56,28.16,34.53,13.04,27.42
2017-06-21,3587.96,37.61,13.67,28.13,34.81,13.15,27.67
2017-06-22,3590.34,37.41,13.71,27.82,34.61,13.19,27.47
2017-06-23,3622.88,37.61,13.8,27.71,34.74,13.28,27.36
2017-06-26,3668.09,37.23,13.92,28.24,35.24,13.38,27.57
2017-06-27,3674.72,37.27,13.93,28.26,35.27,13.4,27.6
2017-06-28,3646.17,37.03,13.85,27.98,35.05,13.32,27.55
2017-06-29,3668.83,37.26,13.93,27.99,35.31,13.4,27.91
2017-06-30,3666.8,37.29,13.92,27.92,35.32,13.39,27.87
2017-07-03,3650.85,37.44,13.88,28.3,35.47,13.35,28.13
2017-07-04,3619.98,37.28,13.81,28.2,35.33,13.28,27.96
2017-07-05,3659.68,37.57,13.92,28.21,35.6,13.38,28.02
2017-07-06,3660.1,38.48,13.93,28.5,35.61,13.4,27.85
2017-07-07,3655.93,37.76,13.92,28.48,34.93,13.39,27.86
2017-07-10,3653.69,37.68,13.92,28.11,34.86,13.39,27.66
2017-07-11,3670.81,37.35,13.97,27.9,35.45,13.44,27.49
2017-07-12,3658.82,38.2,13.95,27.85,34.48,13.41,27.38
2017-07-13,3686.92,38.34,14.05,27.98,34.63,13.52,27.51
2017-07-14,3703.09,37.44,14.1,28.08,34.61,13.56,27.37
2017-07-17,3663.56,37.23,14.08,27.48,33.53,13.55,26.44
2017-07-18,3667.18,36.53,14.07,27.69,33.73,13.54,26.7
2017-07-19,3729.75,37.41,14.24,28.11,34.53,13.7,27.32
2017-07-20,3747.88,37.55,14.3,28.34,34.62,13.76,27.38
2017-07-21,3728.6,37.5,14.24,28.26,34.59,13.7,27.5
2017-07-24,3743.47,37.6,14.26,28.46,34.68,13.74,27.45
2017-07-25,3719.56,37.38,14.25,28.26,34.47,13.72,27.26
2017-07-26,3705.39,37.52,14.28,28.26,34.52,13.74,27.17
2017-07-27,3712.19,37.84,14.28,28.32,34.82,13.73,27.32
2017-07-28,3721.89,37.92,14.31,28.48,34.86,13.75,27.33
2017-07-31,3737.87,38.39,14.34,28.82,35.03,13.78,27.53
2017-08-01,3770.38,38.46,14.47,29.14,35.05,13.9,27.46
2017-08-02,3760.85,38.41,14.47,28.99,34.97,13.89,27.21
2017-08-03,3727.83,38.42,14.36,28.79,35.0,13.78,27.07
2017-08-04,3707.58,38.31,14.3,28.39,34.98,13.73,26.85
2017-08-07,3726.79,38.6,14.35,28.48,35.23,13.77,27.27
2017-08-08,3732.21,38.78,14.37,28.61,35.4,13.79,27.35
2017-08-09,3731.04,38.87,14.3,28.56,35.44,13.72,27.48
2017-08-10,3715.92,38.62,14.25,28.51,35.41,13.68,27.47
2017-08-11,3647.35,37.78,14.05,27.87,34.65,13.48,26.96
2017-08-14,3694.68,38.53,14.15,28.39,35.42,13.59,27.24
2017-08-15,3706.06,38.56,14.24,28.19,35.48,13.67,27.12
2017-08-16,3701.42,38.72,14.21,28.05,35.59,13.65,27.01
2017-08-17,3721.28,39.04,14.28,28.22,35.89,13.71,27.19
2017-08-18,3724.67,38.86,14.29,28.38,35.56,13.7,27.29
2017-08-21,3740.99,39.25,14.34,28.96,35.99,13.76,27.23
2017-08-22,3752.3,39.09,14.38,28.99,35.67,13.79,27.12
2017-08-23,3756.09,38.85,14.44,28.73,35.63,13.84,27.0
2017-08-24,3734.65,38.51,14.38,28.44,35.3,13.8,26.98
2017-08-25,3795.75,39.07,14.67,29.11,35.85,14.09,27.21
2017-08-28,3842.71,39.62,14.81,29.48,36.37,14.18,27.56
2017-08-29,3834.54,39.43,14.81,29.31,35.64,14.15,27.04
2017-08-30,3834.3,39.63,14.77,29.73,35.72,14.07,27.54
2017-08-31,3822.09,40.66,14.71,29.58,35.55,13.88,27.41
2017-09-01,3830.54,40.96,14.66,29.59,35.83,13.8,27.4
2017-09-04,3845.62,40.35,14.73,29.64,36.09,13.87,27.56
2017-09-05,3857.05,41.17,14.8,30.03,35.99,13.94,27.62
2017-09-06,3849.45,41.24,14.78,29.67,36.07,13.91,27.54
2017-09-07,3829.87,40.92,14.7,29.72,35.79,13.84,27.33
2017-09-08,3825.99,40.91,14.68,29.38,35.73,13.82,27.35
2017-09-11,3825.65,41.25,14.68,29.38,35.98,13.82,27.43
2017-09-12,3837.93,41.21,14.72,29.57,36.07,13.86,27.55
2017-09-13,3842.61,41.33,14.72,29.61,36.13,13.86,27.8
2017-09-14,3829.96,41.18,14.65,29.49,35.99,13.8,27.53
2017-09-15,3831.3,41.06,14.61,29.54,35.88,13.76,27.3
2017-09-18,3843.14,41.36,14.64,29.67,36.13,13.78,27.77
2017-09-19,3832.12,41.19,14.62,29.59,35.96,13.77,27.58
2017-09-20,3842.44,41.53,14.65,29.51,36.22,13.79,27.78
2017-09-21,3837.82,41.16,14.69,29.41,35.95,13.83,27.58
2017-09-22,3837.73,40.88,14.69,29.2,35.77,13.84,27.38
2017-09-25,3817.79,40.46,14.69,29.17,35.37,13.84,27.35
2017-09-26,3820.78,40.59,14.7,29.18,35.43,13.84,27.07
2017-09-27,3821.2,40.8,14.66,29.25,35.61,13.81,27.19
2017-09-28,3822.54,40.84,14.66,29.26,35.62,13.81,27.2
2017-09-29,3836.5,41.09,14.69,29.53,35.85,13.83,27.4
2017-10-09,3882.21,41.58,14.81,29.71,36.27,13.95,27.91
2017-10-10,3889.86,41.66,14.84,29.79,36.43,13.98,28.08
2017-10-11,3902.69,41.51,14.9,29.9,36.3,14.03,27.89
2017-10-12,3912.95,41.48,14.9,29.64,36.27,14.04,27.72
2017-10-13,3921.0,41.68,14.91,29.73,36.42,14.04,28.06
2017-10-16,3913.45,41.36,14.93,29.36,36.08,14.05,27.88
2017-10-17,3913.07,41.26,14.9,29.28,35.98,14.03,28.13
2017-10-18,3944.16,41.27,15.04,29.22,35.95,14.16,28.02
2017-10-19,3931.25,40.89,15.04,29.08,35.51,14.15,27.79
2017-10-20,3926.85,41.17,15.0,29.23,35.72,14.12,27.9
2017-10-23,3930.8,41.28,14.99,29.38,35.77,14.1,28.22
2017-10-24,3959.4,41.37,15.08,29.49,35.83,14.19,28.32
2017-10-25,3976.95,40.66,15.1,29.54,35.96,14.19,28.43
2017-10-26,3993.58,40.82,15.11,29.88,36.11,14.16,28.29
2017-10-27,4021.97,40.53,15.22,29.72,35.85,14.16,28.06
2017-10-30,4009.72,39.97,15.22,29.35,36.24,13.99,27.78
2017-10-31,4006.72,40.27,15.19,29.91,35.99,13.84,28.18
2017-11-01,3996.62,40.24,15.19,29.71,35.97,13.84,28.08
2017-11-02,3997.13,41.02,15.22,29.7,36.14,13.87,28.14
2017-11-03,3992.7,40.81,15.18,29.65,35.95,13.84,28.11
2017-11-06,4020.89,41.24,15.23,30.01,36.24,13.88,28.45
2017-11-07,4054.25,41.68,15.35,29.76,36.68,14.0,28.56
2017-11-08,4048.01,40.86,15.34,29.93,36.78,13.98,28.64
2017-11-09,4075.9,41.05,15.39,30.11,36.94,14.02,28.85
2017-11-10,4111.91,41.13,15.42,30.42,37.03,14.05,28.91
2017-11-13,4128.07,41.3,15.49,30.26,37.19,14.12,29.04
2017-11-14,4099.35,41.01,15.41,30.24,36.91,14.04,28.89
2017-11-15,4073.67,40.42,15.29,30.02,36.45,13.94,28.62
2017-11-16,4105.01,40.42,15.32,29.96,36.43,13.97,28.56
2017-11-17,4120.85,39.65,15.45,29.47,35.76,14.09,28.36
2017-11-20,4143.83,39.94,15.55,29.63,36.04,14.18,28.12
2017-11-21,4217.7,40.29,15.73,29.96,36.34,14.34,28.65
2017-11-22,4227.57,40.39,15.86,29.96,36.46,14.46,28.58
2017-11-23,4102.4,39.31,15.47,29.17,35.51,14.1,27.84
2017-11-24,4104.2,39.35,15.47,29.57,36.36,14.1,27.56
2017-11-27,4049.95,38.77,15.29,29.46,35.8,13.94,27.61
2017-11-28,4055.82,39.25,15.27,29.46,36.26,13.92,27.59
2017-11-29,4053.75,39.25,15.28,29.41,36.21,13.92,27.39
2017-11-30,4006.1,38.85,15.15,29.32,35.81,13.81,27.06
2017-12-01,3998.14,39.06,15.1,29.31,36.05,13.77,27.1
2017-12-04,4018.86,38.93,15.15,29.29,35.87,13.8,27.17
2017-12-05,4040.17,38.44,15.28,28.91,35.33,13.92,27.29
2017-12-06,4015.82,37.65,15.18,29.01,35.49,13.83,27.2
2017-12-07,3971.06,37.41,15.02,28.94,35.29,13.69,27.0
2017-12-08,4003.38,37.71,15.09,28.9,35.53,13.74,26.97
2017-12-11,4069.5,38.88,15.44,29.88,35.62,14.01,27.03
2017-12-12,4016.02,38.53,15.24,29.21,35.3,13.83,26.52
2017-12-13,4050.09,38.74,15.36,29.62,35.46,13.93,26.71
2017-12-14,4026.15,38.61,15.27,29.57,35.33,13.85,26.42
2017-12-15,3980.86,38.36,15.13,29.26,35.09,13.72,26.42
2017-12-18,3985.29,38.3,15.17,29.36,35.02,13.76,26.05
2017-12-19,4035.33,38.62,15.35,29.72,34.44,13.93,26.4
2017-12-20,4030.49,38.39,15.35,30.04,35.08,13.93,26.29
2017-12-21,4067.85,38.63,15.44,30.1,35.26,14.0,26.38
2017-12-22,4054.6,38.53,15.4,29.86,35.13,13.97,26.35
2017-12-25,4041.54,38.2,15.39,29.53,34.79,13.96,26.17
2017-12-26,4053.62,38.45,15.49,29.67,34.94,14.05,26.26
2017-12-27,3991.21,38.28,15.31,29.49,34.72,13.88,26.18
2017-12-28,4018.9,38.67,15.43,29.76,35.03,13.99,26.42
2017-12-29,4030.85,38.84,15.49,29.75,35.22,14.05,26.41
2018-01-02,4087.4,39.25,15.71,29.88,35.61,14.25,26.53
2018-01-03,4111.39,39.63,15.78,30.11,35.99,14.32,26.42
2018-01-04,4128.81,39.77,15.84,30.16,36.09,14.37,26.5
2018-01-05,4138.75,39.69,15.88,30.21,36.08,14.41,26.45
2018-01-08,4160.16,39.91,15.96,30.11,36.25,14.47,26.74
2018-01-09,4189.3,39.98,16.01,29.95,36.3,14.52,26.9
2018-01-10,4207.81,39.81,16.12,30.04,35.34,14.63,26.68
2018-01-11,4205.59,39.98,16.14,30.09,35.51,14.65,26.73
2018-01-12,4225.0,39.85,16.21,30.27,35.36,14.7,26.74
2018-01-15,4225.24,39.16,16.27,29.59,35.55,14.72,26.54
2018-01-16,4258.47,39.49,16.39,29.79,34.95,14.8,26.33
2018-01-17,4248.12,39.42,16.44,30.03,35.83,14.84,26.39
2018-01-18,4271.42,39.49,16.65,30.12,35.84,15.03,26.22
2018-01-19,4285.4,39.66,16.75,30.34,36.06,15.12,26.56
2018-01-22,4336.6,40.16,16.85,30.74,35.55,15.21,26.72
2018-01-23,4382.61,40.45,17.19,31.06,35.85,15.52,26.88
2018-01-24,4389.89,40.72,17.21,31.14,36.13,15.53,27.15
2018-01-25,4365.08,40.66,17.12,31.1,36.03,15.44,26.89
2018-01-26,4381.3,40.55,17.2,30.86,35.98,15.51,26.93
2018-01-29,4302.02,40.0,16.99,30.18,35.44,15.31,26.46
2018-01-30,4256.1,39.82,16.77,29.84,35.18,15.1,26.33
2018-01-31,4275.9,39.35,16.86,29.58,34.91,15.19,26.23
2018-02-01,4245.9,38.35,16.86,28.93,34.9,15.19,25.97
2018-02-02,4271.23,38.98,16.98,29.09,35.31,15.3,26.3
2018-02-05,4274.15,38.87,17.12,29.15,35.14,15.43,26.12
2018-02-06,4148.89,37.22,16.64,28.24,33.57,14.99,25.01
2018-02-07,4050.5,36.95,16.16,27.36,33.4,14.56,24.42
2018-02-08,4012.05,37.01,15.83,27.51,33.54,14.27,24.65
2018-02-09,3840.65,35.31,15.19,26.09,32.08,13.69,23.38
2018-02-12,3890.1,36.1,15.26,26.68,32.77,13.76,23.85
2018-02-13,3935.63,36.33,15.45,26.89,33.43,13.93,23.98
2018-02-14,3966.96,36.54,15.55,26.92,33.59,14.0,24.19
2018-02-22,4052.73,37.41,15.91,27.49,34.43,14.33,24.58
2018-02-23,4071.09,37.55,16.0,27.57,34.51,14.41,24.59
2018-02-26,4118.42,39.17,16.15,28.1,35.1,14.54,25.2
2018-02-27,4058.98,38.88,15.87,27.96,34.99,14.3,25.23
2018-02-28,4023.64,38.92,15.7,28.32,34.62,14.12,24.89
2018-03-01,4049.09,39.25,15.76,28.43,34.12,14.18,24.92
2018-03-02,4016.46,38.97,15.64,28.23,34.8,14.08,24.67
2018-03-05,4018.1,38.38,15.65,28.49,34.26,14.08,24.72
2018-03-06,4066.56,39.84,15.79,28.95,34.63,14.21,24.94
2018-03-07,4036.65,39.44,15.73,28.63,35.29,14.15,24.64
2018-03-08,4077.6,39.64,15.81,28.99,34.64,14.23,24.75
2018-03-09,4108.87,39.16,15.89,28.99,35.1,14.3,24.96
2018-03-12,4127.67,39.61,15.93,29.17,35.49,14.33,25.61
2018-03-13,4091.25,40.09,15.83,28.69,35.15,14.23,25.24
2018-03-14,4073.34,39.92,15.8,28.7,34.88,14.17,25.06
2018-03-15,4096.16,39.9,15.83,28.75,34.87,14.21,25.31
2018-03-16,4056.42,39.44,15.69,28.88,34.01,14.09,25.13
2018-03-19,4074.25,39.52,15.76,28.64,34.06,14.15,25.02
2018-03-20,4077.7,39.88,15.82,28.61,34.11,14.21,24.76
2018-03-21,4061.05,39.64,15.57,28.69,33.95,14.05,24.82
2018-03-22,4020.35,39.36,15.45,28.47,33.72,13.94,25.08
2018-03-23,3904.94,36.93,14.81,26.77,33.39,13.57,23.9
2018-03-26,3879.89,37.19,14.38,26.79,33.19,13.39,23.77
2018-03-27,3913.27,37.83,14.32,27.28,33.96,13.44,24.16
2018-03-28,3842.72,38.27,13.91,26.68,33.55,13.2,23.93
2018-03-29,3894.05,38.46,14.06,27.53,33.69,13.39,24.28
2018-03-30,3898.5,37.24,13.81,26.86,34.07,13.37,24.41
2018-04-02,3886.92,35.36,13.68,27.05,34.09,13.29,24.45
2018-04-03,3862.48,34.89,13.57,26.44,33.7,13.19,24.2
2018-04-04,3854.86,34.59,13.53,26.5,33.45,13.15,24.23
2018-04-09,3852.93,34.63,13.54,26.64,33.63,13.16,23.89
2018-04-10,3927.17,34.83,13.79,26.61,33.85,13.44,24.02
2018-04-11,3938.34,34.85,13.87,26.6,33.98,13.51,24.33
2018-04-12,3898.64,34.69,13.69,26.48,33.82,13.35,24.26
2018-04-13,3871.14,34.17,13.59,26.35,33.61,13.24,24.05
2018-04-16,3808.86,33.82,13.31,25.6,33.37,12.99,23.81
2018-04-17,3748.64,33.07,13.12,25.38,32.58,12.82,23.52
2018-04-18,3766.28,33.56,13.22,25.38,32.91,12.91,23.43
2018-04-19,3811.84,33.71,13.35,25.45,33.11,13.03,23.75
2018-04-20,3760.85,33.18,13.16,24.55,32.43,12.87,23.53
2018-04-23,3766.33,32.93,13.2,24.55,32.28,12.89,23.59
2018-04-24,3843.49,32.94,13.39,24.29,32.86,13.12,24.08
2018-04-25,3828.7,33.04,13.28,24.35,32.88,13.02,23.97
2018-04-26,3755.49,32.18,13.02,24.19,31.93,12.8,23.42
2018-04-27,3756.88,32.72,13.05,24.59,32.5,12.74,23.37
2018-05-02,3763.65,32.53,13.0,24.41,32.38,12.56,23.31
2018-05-03,3793.0,32.88,13.08,24.98,32.65,12.63,23.79
2018-05-04,3774.6,32.86,13.01,24.84,31.7,12.57,23.6
2018-05-07,3834.19,33.35,13.2,25.13,32.17,12.75,23.83
2018-05-08,3878.68,33.53,13.34,25.18,32.35,12.88,23.84
2018-05-09,3871.62,33.43,13.33,25.11,32.24,12.87,23.83
2018-05-10,3893.06,33.59,13.39,25.19,33.29,12.93,23.79
2018-05-11,3872.84,33.37,13.37,25.08,32.17,12.91,23.62
2018-05-14,3909.29,33.4,13.46,25.28,33.1,13.0,23.74
2018-05-15,3924.1,33.74,13.5,25.36,33.41,13.04,23.85
2018-05-16,3892.84,33.6,13.37,25.28,33.23,12.91,23.76
2018-05-17,3864.05,33.4,13.3,25.18,33.05,12.84,23.58
2018-05-18,3903.06,33.4,13.48,25.27,33.29,13.02,23.71
2018-05-21,3921.24,33.67,13.51,25.29,33.59,13.05,23.98
2018-05-22,3906.21,33.74,13.44,25.15,33.64,12.99,23.75
2018-05-23,3854.58,33.38,13.24,25.06,33.31,12.79,23.77
2018-05-24,3827.22,33.22,13.15,24.72,33.16,12.7,23.42
2018-05-25,3816.5,33.94,13.1,24.69,32.93,12.66,23.39
2018-05-28,3833.26,33.81,13.12,24.69,32.81,12.68,23.62
2018-05-29,3804.01,33.4,13.04,24.62,32.42,12.6,23.29
2018-05-30,3723.37,32.62,12.75,23.75,31.65,12.33,22.78
2018-05-31,3802.38,33.13,12.98,24.25,32.16,12.55,23.04
2018-06-01,3770.59,32.84,12.9,24.06,31.9,12.47,22.89
2018-06-04,3807.58,32.62,12.98,23.98,31.73,12.56,22.92
2018-06-05,3845.32,33.06,13.05,24.03,32.16,12.63,23.18
2018-06-06,3837.35,33.16,13.02,23.94,32.22,12.6,23.17
2018-06-07,3831.01,32.78,13.02,23.77,32.04,12.61,23.22
2018-06-08,3779.62,32.31,12.83,23.5,31.55,12.43,22.78
2018-06-11,3779.98,30.78,13.07,23.04,29.91,12.62,22.58
2018-06-12,3825.95,31.96,13.2,23.38,30.14,12.75,22.78
2018-06-13,3788.34,31.45,13.09,23.24,29.65,12.64,22.44
2018-06-14,3773.37,31.36,13.07,23.24,29.57,12.62,22.24
2018-06-15,3753.43,30.94,13.04,22.88,29.15,12.6,22.12
2018-06-19,3621.12,29.31,12.69,21.15,27.61,12.26,20.8
2018-06-20,3635.44,29.52,12.68,21.27,27.8,12.25,20.76
2018-06-21,3592.97,28.91,12.55,20.67,27.23,12.12,20.02
2018-06-22,3608.9,29.22,12.58,20.78,27.52,12.15,20.24
2018-06-25,3560.48,29.02,12.4,20.36,27.33,11.98,20.07
2018-06-26,3531.11,29.1,12.27,20.17,27.41,11.86,20.14
2018-06-27,3459.26,28.71,12.08,20.18,27.06,11.67,19.9
2018-06-28,3423.53,28.48,11.97,20.13,26.85,11.56,19.95
2018-06-29,3510.98,29.3,12.23,20.53,27.61,11.81,20.23
2018-07-02,3407.96,28.8,11.86,19.86,27.12,11.45,19.69
2018-07-03,3409.28,29.0,11.88,20.15,27.34,11.47,19.82
2018-07-04,3363.75,29.51,11.8,19.74,26.96,11.4,19.69
2018-07-05,3342.44,28.94,11.77,19.66,26.45,11.37,19.49
2018-07-06,3365.12,29.08,11.84,19.6,26.55,11.43,19.31
2018-07-09,3459.18,28.85,12.18,20.16,27.18,11.76,19.61
2018-07-10,3467.52,29.0,12.21,20.11,27.33,11.79,19.61
2018-07-11,3407.53,29.35,12.01,19.63,26.8,11.6,19.17
2018-07-12,3481.06,30.09,12.26,20.1,27.49,11.85,19.71
2018-07-13,3492.69,30.23,12.23,20.31,27.6,11.81,19.74
2018-07-16,3472.09,30.26,12.12,20.1,27.69,11.7,19.62
2018-07-17,3449.38,30.15,11.99,20.24,27.6,11.58,19.66
2018-07-18,3431.32,30.03,11.95,20.09,27.48,11.54,19.66
2018-07-19,3428.34,29.76,11.92,20.07,27.25,11.51,19.4
2018-07-20,3492.89,30.11,12.21,20.53,27.57,11.79,19.63
2018-07-23,3525.75,30.33,12.36,20.77,27.81,11.92,19.73
2018-07-24,3581.71,30.76,12.53,21.11,28.23,12.09,20.15
2018-07-25,3577.75,30.81,12.52,21.04,28.25,12.07,20.17
2018-07-26,3536.25,30.5,12.4,20.62,27.96,11.95,20.17
2018-07-27,3521.23,30.31,12.36,20.6,27.8,11.91,19.98
2018-07-30,3515.08,30.01,12.37,20.22,27.64,11.92,19.91
2018-07-31,3517.66,29.98,12.41,20.18,27.59,11.93,19.95
2018-08-01,3447.39,29.48,12.17,19.96,27.99,11.69,19.54
2018-08-02,3370.96,28.87,11.93,19.6,27.34,11.45,18.98
2018-08-03,3315.28,28.38,11.8,19.24,26.86,11.33,18.67
2018-08-06,3273.27,27.74,11.7,18.86,26.28,11.23,18.25
2018-08-07,3368.87,28.52,12.03,19.31,26.89,11.55,18.44
2018-08-08,3314.51,28.01,11.86,18.89,26.43,11.39,18.15
2018-08-09,3397.53,28.73,12.09,19.37,27.09,11.61,18.78
2018-08-10,3405.02,28.92,12.08,19.52,27.25,11.59,18.93
2018-08-13,3390.34,29.06,12.0,19.37,27.3,11.51,19.04
2018-08-14,3372.91,28.94,11.97,19.45,27.07,11.48,18.8
2018-08-15,3291.98,28.26,11.71,18.99,26.45,11.23,18.22
2018-08-16,3276.73,28.05,11.66,18.95,26.11,11.18,18.2
2018-08-17,3229.62,27.49,11.53,18.92,25.58,11.04,18.03
2018-08-20,3267.25,27.72,11.68,18.87,25.77,11.19,18.19
2018-08-21,3326.65,28.18,11.85,19.08,26.75,11.35,18.07
2018-08-22,3307.95,27.94,11.78,18.89,25.75,11.22,17.9
2018-08-23,3320.03,28.14,11.82,19.0,25.91,11.25,17.98
2018-08-24,3325.33,28.14,11.86,19.0,25.88,11.3,18.03
2018-08-27,3406.57,28.81,12.11,19.4,26.44,11.47,18.34
2018-08-28,3400.17,28.9,12.09,19.47,26.36,11.41,18.53
2018-08-29,3386.57,28.9,12.06,19.37,26.19,11.31,18.29
2018-08-30,3351.09,28.55,11.93,19.1,25.41,11.17,17.81
2018-08-31,3334.5,28.26,11.91,18.85,25.26,11.09,17.9
2018-09-03,3321.82,28.25,11.87,18.83,25.29,11.06,17.83
2018-09-04,3363.9,28.65,12.01,18.9,25.63,11.19,17.93
2018-09-05,3298.14,28.22,11.78,18.71,25.3,10.97,17.77
2018-09-06,3262.88,28.05,11.69,18.68,25.17,10.89,17.57
2018-09-07,3277.64,28.03,11.74,18.59,25.17,10.93,17.59
2018-09-10,3230.07,27.45,11.6,18.29,24.63,10.81,17.32
2018-09-11,3224.21,27.54,11.58,18.39,24.77,10.79,17.46
2018-09-12,3202.02,27.46,11.52,18.24,24.66,10.73,17.35
2018-09-13,3236.57,27.65,11.66,18.28,24.88,10.87,17.65
2018-09-14,3242.09,27.46,11.68,18.43,24.72,10.88,17.66
2018-09-17,3204.92,27.08,11.57,18.11,24.38,10.78,17.2
2018-09-18,3269.43,27.58,11.77,18.57,24.82,10.97,17.46
2018-09-19,3312.48,27.92,11.92,18.67,25.17,11.11,17.75
2018-09-20,3310.13,27.86,11.93,18.66,25.08,11.11,17.69
2018-09-21,3410.49,28.37,12.3,19.22,25.56,11.46,18.14
2018-09-25,3379.8,28.31,12.2,19.25,25.45,11.36,18.08
2018-09-26,3417.24,28.54,12.33,19.47,25.68,11.48,18.31
2018-09-27,3403.59,28.31,12.29,19.24,25.45,11.45,18.09
2018-09-28,3438.86,28.59,12.43,19.41,25.71,11.58,18.26
2018-10-08,3290.9,27.51,11.92,18.73,24.82,11.1,17.63
2018-10-09,3288.69,27.45,11.93,18.81,24.79,11.11,17.52
2018-10-10,3281.6,27.4,11.93,18.53,24.74,11.12,17.54
2018-10-11,3124.11,25.72,11.4,16.99,24.13,10.62,16.22
2018-10-12,3170.73,25.75,11.59,16.6,24.13,10.8,16.14
2018-10-15,3126.45,25.44,11.42,16.36,23.91,10.64,15.98
2018-10-16,3100.97,24.98,11.37,15.76,23.48,10.6,15.62
2018-10-17,3118.25,25.17,11.44,15.82,23.62,10.66,15.74
2018-10-18,3044.39,24.5,11.13,15.47,23.01,10.38,15.36
2018-10-19,3134.95,25.21,11.45,15.91,23.59,10.67,15.72
2018-10-22,3270.27,26.47,11.89,17.27,24.86,11.08,16.75
2018-10-23,3183.43,25.97,11.59,17.1,24.39,10.78,16.18
2018-10-24,3188.2,25.9,11.64,17.24,23.84,10.82,16.08
2018-10-25,3194.31,25.93,11.67,17.34,23.93,10.83,16.29
2018-10-26,3173.64,25.78,11.63,17.04,23.75,10.83,16.28
2018-10-29,3076.89,25.35,11.33,16.41,23.56,10.54,15.75
2018-10-30,3110.26,25.69,11.44,16.72,23.43,10.62,15.92
2018-10-31,3153.82,26.03,11.57,17.24,23.99,10.6,16.59
2018-11-01,3177.03,26.28,11.59,17.48,24.22,10.63,16.87
2018-11-02,3290.25,27.11,11.92,17.94,24.99,10.93,17.49
2018-11-05,3262.84,27.11,11.82,18.14,24.91,10.83,17.44
2018-11-06,3243.15,27.04,11.77,18.09,24.79,10.78,17.35
2018-11-07,3221.91,26.91,11.69,17.98,24.61,10.71,17.43
2018-11-08,3212.77,26.73,11.67,17.84,24.37,10.69,17.25
2018-11-09,3167.44,26.52,11.46,17.83,24.25,10.5,17.02
2018-11-12,3205.14,27.02,11.56,18.08,24.78,10.59,17.2
2018-11-13,3237.38,27.39,11.64,18.31,25.13,10.66,17.33
2018-11-14,3204.94,27.24,11.51,18.23,24.94,10.54,17.32
2018-11-15,3242.37,27.69,11.64,18.4,25.37,10.66,17.43
2018-11-16,3257.67,27.01,11.67,18.42,25.59,10.69,17.44
2018-11-19,3294.6,27.2,11.8,18.72,25.88,10.81,17.52
2018-11-20,3218.41,27.45,11.57,18.1,25.24,10.59,17.13
2018-11-21,3226.49,27.53,11.58,18.1,25.3,10.6,17.09
2018-11-22,3214.43,27.45,11.54,18.07,25.3,10.57,17.08
2018-11-23,3143.48,26.56,11.32,17.55,24.55,10.37,16.59
2018-11-26,3141.24,26.48,11.32,17.43,24.41,10.36,16.5
2018-11-27,3137.24,26.59,11.29,17.46,24.6,10.34,16.38
2018-11-28,3178.93,26.94,11.42,17.63,24.95,10.45,16.83
2018-11-29,3137.65,26.51,11.29,17.31,24.48,10.34,16.72
2018-11-30,3172.69,26.81,11.4,17.58,24.75,10.44,16.72
2018-12-03,3260.95,27.58,11.68,18.13,25.44,10.7,17.29
2018-12-04,3267.71,27.65,11.7,18.17,25.57,10.72,17.28
2018-12-05,3252.0,27.52,11.64,18.03,25.44,10.66,17.32
2018-12-06,3181.67,26.89,11.43,17.81,24.83,10.47,16.91
2018-12-07,3181.56,27.12,11.44,17.64,24.75,10.45,16.88
2018-12-10,3144.76,26.7,11.33,17.29,24.69,10.35,16.65
2018-12-11,3159.82,26.84,11.37,17.53,24.84,10.39,16.72
2018-12-12,3170.61,26.93,11.41,17.52,24.89,10.44,16.87
2018-12-13,3219.69,27.26,11.57,17.7,25.21,10.58,17.13
2018-12-14,3165.91,26.68,11.4,17.16,24.67,10.43,16.79
2018-12-17,3161.2,26.87,11.55,18.11,24.42,10.55,16.91
2018-12-18,3128.43,26.62,11.44,17.86,24.19,10.45,16.89
2018-12-19,3091.13,26.22,11.32,17.66,23.9,10.34,16.65
2018-12-20,3067.42,26.2,11.22,17.83,23.92,10.25,16.49
2018-12-21,3029.4,25.93,11.11,17.67,23.69,10.15,16.24
2018-12-24,3038.2,26.13,11.14,17.72,23.79,10.17,16.36
2018-12-25,3017.28,25.95,11.06,17.23,23.51,10.1,16.23
2018-12-26,3002.03,25.78,11.02,17.13,23.38,10.07,16.18
2018-12-27,2990.51,25.59,10.98,17.08,23.24,10.03,16.24
2018-12-28,3010.65,25.74,11.04,17.31,23.4,10.09,16.21
2019-01-02,2969.54,25.43,10.88,17.12,23.11,9.94,15.95
2019-01-03,2964.84,25.36,10.89,17.19,23.08,9.95,15.98
2019-01-04,3035.87,26.09,11.11,17.54,23.84,10.15,16.27
2019-01-07,3054.3,26.45,11.16,17.56,24.18,10.19,16.33
2019-01-08,3047.7,26.36,11.13,17.36,24.13,10.16,16.38
2019-01-09,3078.48,26.43,11.23,17.73,24.19,10.26,16.52
2019-01-10,3072.69,26.29,11.19,17.88,24.06,10.22,16.39
2019-01-11,3094.78,26.45,11.26,17.96,24.22,10.29,16.42
2019-01-14,3067.78,26.37,11.17,17.7,24.05,10.2,16.23
2019-01-15,3127.99,25.85,11.35,18.17,24.42,10.36,16.8
2019-01-16,3128.65,26.74,11.35,18.2,24.36,10.37,16.67
2019-01-17,3111.42,26.55,11.32,18.28,24.21,10.33,16.62
2019-01-18,3168.17,26.92,11.52,18.51,24.56,10.52,17.02
2019-01-21,3185.64,27.09,11.59,18.6,24.69,10.58,17.09
2019-01-22,3143.32,26.71,11.44,18.28,24.34,10.45,16.78
2019-01-23,3141.05,26.66,11.44,18.37,24.52,10.45,16.79
2019-01-24,3158.78,26.8,11.5,18.57,24.66,10.5,16.94
2019-01-25,3184.47,26.8,11.6,18.62,24.61,10.59,16.96
2019-01-28,3183.78,26.82,11.6,18.69,24.77,10.63,16.93
2019-01-29,3193.97,26.62,11.64,18.71,24.61,10.67,16.94
2019-01-30,3168.48,26.29,11.57,18.56,24.26,10.61,16.78
2019-01-31,3201.63,26.12,11.7,18.78,24.23,10.74,16.68
2019-02-01,3247.4,26.78,11.83,18.95,24.81,10.86,17.06
2019-02-11,3306.47,27.48,11.97,19.32,25.41,10.99,17.52
2019-02-12,3330.34,27.79,12.02,19.48,25.72,11.04,17.62
2019-02-13,3397.03,28.42,12.28,19.81,26.38,11.27,18.05
2019-02-14,3402.14,28.48,12.26,19.72,26.42,11.25,18.09
2019-02-15,3338.7,28.19,12.04,19.49,26.17,11.04,17.4
2019-02-18,3445.74,29.16,12.37,20.17,27.16,11.35,18.38
2019-02-19,3439.61,29.17,12.36,20.27,27.19,11.34,18.25
2019-02-20,3451.93,29.18,12.41,20.37,27.25,11.38,18.31
2019-02-21,3442.71,29.12,12.36,20.51,27.31,11.34,18.27
2019-02-22,3520.12,29.87,12.58,20.84,28.26,11.54,19.16
2019-02-25,3729.48,31.58,13.31,22.21,29.35,12.21,20.16
2019-02-26,3684.69,30.7,13.16,22.35,29.26,12.06,20.15
2019-02-27,3678.39,30.54,13.19,21.97,29.21,12.1,19.86
2019-02-28,3669.37,30.49,13.12,21.61,30.01,12.06,20.68
2019-03-01,3749.71,30.91,13.4,21.99,30.55,12.32,21.09
2019-03-04,3794.1,30.56,13.53,22.63,31.1,12.44,21.44
2019-03-05,3816.01,31.06,13.58,22.74,31.57,12.48,21.73
2019-03-06,3848.09,31.33,13.71,23.07,32.23,12.6,21.95
2019-03-07,3808.85,31.38,13.57,23.52,32.47,12.48,21.74
2019-03-08,3657.58,30.11,13.02,22.43,31.77,11.97,20.72
2019-03-11,3729.95,30.94,13.22,23.44,31.67,12.15,21.64
2019-03-12,3755.35,31.41,13.31,23.65,32.12,12.24,22.09
2019-03-13,3724.19,30.74,13.1,23.17,31.41,12.11,21.81
2019-03-14,3698.49,30.21,12.99,22.61,30.67,12.03,21.15
2019-03-15,3745.01,30.5,13.12,23.06,31.03,12.15,21.46
2019-03-18,3851.75,31.13,13.43,22.75,32.02,12.46,22.29
2019-03-19,3833.96,31.12,13.35,22.81,32.03,12.43,22.1
2019-03-20,3835.44,31.01,13.34,22.71,31.76,12.41,21.97
2019-03-21,3836.89,31.17,13.34,22.93,32.05,12.41,22.18
2019-03-22,3833.8,30.99,13.11,22.62,31.96,12.39,22.06
2019-03-25,3742.83,30.32,12.68,21.93,31.39,12.09,22.05
2019-03-26,3700.44,29.8,12.53,21.71,30.82,11.96,21.38
2019-03-27,3743.39,30.62,12.67,22.26,31.0,12.08,22.03
2019-03-28,3728.4,30.37,12.62,22.12,30.98,12.09,21.67
2019-03-29,3872.34,31.76,12.96,23.29,32.46,12.5,22.26
2019-04-01,3973.93,33.86,13.12,24.27,33.64,12.83,23.37
2019-04-02,3971.29,33.75,13.1,24.04,33.62,12.82,23.24
2019-04-03,4022.16,34.23,13.25,24.79,34.11,12.98,23.29
2019-04-04,4062.23,34.0,13.41,25.01,34.3,13.13,23.55
2019-04-08,4057.23,33.67,13.4,24.54,33.93,13.12,23.31
2019-04-09,4075.43,33.65,13.4,24.65,33.93,13.12,23.23
2019-04-10,4085.85,33.41,13.39,24.1,33.75,13.13,23.4
2019-04-11,3997.58,32.69,13.15,23.82,33.03,12.89,22.93
2019-04-12,3988.62,32.65,13.11,23.74,33.13,12.87,22.97
2019-04-15,3975.52,32.3,13.1,23.65,31.52,12.8,23.0
2019-04-16,4085.79,33.1,13.45,24.58,32.32,13.17,23.44
2019-04-17,4087.24,33.24,13.48,25.08,32.43,13.2,23.59
2019-04-18,4072.08,33.07,13.41,24.71,32.31,13.14,23.51
2019-04-19,4120.61,33.04,13.51,24.56,32.3,13.23,23.48
2019-04-22,4025.61,33.07,13.19,24.17,30.99,12.94,22.99
2019-04-23,4019.01,32.77,13.17,23.4,30.74,12.9,22.92
2019-04-24,4030.09,33.05,13.19,23.58,30.98,12.91,23.1
2019-04-25,3941.82,33.09,12.9,22.98,29.53,12.66,22.31
2019-04-26,3889.27,32.09,12.71,22.43,28.91,12.43,22.11
2019-04-29,3900.33,31.39,12.7,21.85,27.98,12.4,22.12
2019-04-30,3913.21,31.01,12.7,22.02,28.02,12.27,21.64
2019-05-06,3684.62,30.9,12.04,20.75,26.99,11.62,19.92
2019-05-07,3720.67,31.27,12.12,20.95,27.29,11.69,19.98
2019-05-08,3667.46,31.0,11.95,20.78,26.18,11.53,19.83
2019-05-09,3599.7,30.65,11.75,20.5,25.82,11.34,19.54
2019-05-10,3730.45,31.75,12.11,20.99,26.74,11.68,20.22
2019-05-13,3668.73,30.34,11.93,20.73,26.39,11.51,19.91
2019-05-14,3645.15,30.12,11.86,20.48,26.22,11.45,19.79
2019-05-15,3727.09,30.67,12.09,20.77,26.69,11.67,20.32
2019-05-16,3743.96,30.92,12.14,20.86,26.91,11.72,20.36
2019-05-17,3648.76,30.84,11.88,20.3,27.02,11.46,19.68
2019-05-20,3617.79,30.71,11.83,20.05,25.98,11.42,19.59
2019-05-21,3666.78,30.28,11.96,20.47,26.43,11.54,19.95
2019-05-22,3649.38,30.15,11.91,20.31,26.34,11.5,19.66
2019-05-23,3583.96,29.55,11.74,19.95,26.8,11.34,19.31
2019-05-24,3593.91,29.41,11.77,20.03,26.69,11.37,19.19
2019-05-27,3637.2,30.07,11.89,20.21,27.25,11.48,19.64
2019-05-28,3672.26,30.29,11.99,20.32,27.42,11.58,19.65
2019-05-29,3663.91,30.18,11.97,20.31,27.36,11.56,19.69
2019-05-30,3641.18,29.92,11.93,19.94,27.14,11.52,19.54
2019-05-31,3629.79,29.97,11.89,20.11,27.17,11.48,19.34
2019-06-03,3632.01,29.87,11.89,19.8,27.02,11.48,19.51
2019-06-04,3598.47,29.54,11.81,19.35,26.74,11.41,19.33
2019-06-05,3597.11,29.44,11.82,19.22,26.69,11.42,19.26
2019-06-06,3564.68,29.03,11.74,19.06,26.31,11.34,19.08
2019-06-10,3610.74,30.15,11.86,19.44,26.54,11.46,19.26
2019-06-11,3719.28,30.24,12.13,20.09,27.43,11.72,19.95
2019-06-12,3691.1,30.03,12.05,19.94,27.24,11.64,19.97
2019-06-13,3685.39,30.09,12.03,19.89,27.27,11.62,19.82
2019-06-14,3654.88,29.7,11.95,19.8,26.93,11.54,19.68
2019-06-17,3654.82,32.06,12.17,20.36,28.59,11.77,20.16
2019-06-18,3667.62,32.15,12.2,20.53,28.65,11.8,20.11
2019-06-19,3715.94,31.68,12.32,20.91,29.07,11.92,20.32
2019-06-20,3828.52,32.65,12.65,21.49,28.99,12.24,21.13
2019-06-21,3833.94,33.0,12.67,21.47,29.35,12.26,21.24
2019-06-24,3841.27,32.96,12.7,21.6,30.27,12.29,21.35
2019-06-25,3801.31,32.98,12.58,21.34,29.36,12.17,21.08
2019-06-26,3794.33,32.7,12.56,21.34,30.06,12.15,21.18
2019-06-27,3834.82,32.97,12.66,21.65,29.34,12.25,21.36
2019-06-28,3825.59,32.86,12.62,21.54,30.19,12.22,21.3
2019-07-01,3935.81,33.8,12.92,22.09,30.08,12.5,21.93
2019-07-02,3937.17,33.81,12.91,21.61,30.05,12.49,21.83
2019-07-03,3893.53,33.66,12.81,21.86,29.95,12.39,21.8
2019-07-04,3873.1,33.42,12.76,21.63,29.74,12.35,21.77
2019-07-05,3893.2,34.44,12.8,21.64,29.82,12.39,21.78
2019-07-08,3802.79,33.56,12.52,20.94,29.94,12.11,21.12
2019-07-09,3793.13,33.63,12.48,20.84,29.05,12.07,21.3
2019-07-10,3786.74,33.45,12.42,20.86,28.9,12.01,21.14
2019-07-11,3785.22,33.43,12.43,21.02,29.83,12.02,21.04
2019-07-12,3808.73,33.51,12.51,21.22,29.89,12.1,20.83
2019-07-15,3824.19,34.02,12.55,21.12,30.28,12.13,21.05
2019-07-16,3806.84,33.97,12.51,21.18,29.28,12.08,21.23
2019-07-17,3804.64,33.99,12.49,21.12,29.29,12.07,21.1
2019-07-18,3768.4,33.56,12.39,20.8,29.83,11.97,20.73
2019-07-19,3807.96,33.99,12.51,21.17,29.22,12.07,20.8
2019-07-22,3781.68,33.41,12.43,21.18,29.69,11.98,20.53
2019-07-23,3789.91,33.72,12.46,21.3,29.96,12.01,20.7
2019-07-24,3819.83,34.03,12.56,21.58,29.27,12.1,20.84
2019-07-25,3851.07,34.18,12.64,21.64,29.38,12.16,20.98
2019-07-26,3858.57,34.17,12.66,21.58,29.39,12.18,20.94
2019-07-29,3854.27,33.21,12.64,21.46,29.29,12.16,21.01
2019-07-30,3870.32,33.33,12.69,21.57,29.42,12.22,21.09
2019-07-31,3835.36,33.17,12.6,21.37,30.29,12.14,21.0
2019-08-01,3803.47,32.86,12.5,20.8,30.01,12.04,20.7
2019-08-02,3747.44,32.36,12.31,20.4,29.6,11.86,20.38
2019-08-05,3675.69,31.91,12.08,20.2,29.21,11.64,20.08
2019-08-06,3636.33,31.45,11.95,19.87,28.77,11.52,19.47
2019-08-07,3621.43,32.21,11.91,19.88,28.67,11.47,19.7
2019-08-08,3669.29,32.59,12.04,20.0,28.99,11.6,19.73
2019-08-09,3633.53,33.07,11.96,19.68,28.62,11.52,19.41
2019-08-12,3699.1,33.68,12.15,20.03,29.02,11.69,19.44
2019-08-13,3665.75,33.5,12.05,19.91,28.86,11.58,19.32
2019-08-14,3682.4,33.67,12.09,19.99,29.01,11.63,19.42
2019-08-15,3694.0,33.77,12.13,20.13,29.07,11.65,19.37
2019-08-16,3710.54,33.07,12.16,20.32,29.2,11.61,19.37
2019-08-19,3791.09,34.04,12.39,20.68,29.97,11.82,20.21
2019-08-20,3787.73,33.91,12.36,20.78,29.87,11.8,20.36
2019-08-21,3781.76,33.82,12.35,20.65,29.36,11.77,20.27
2019-08-22,3793.51,33.91,12.36,20.44,29.36,11.79,20.63
2019-08-23,3820.86,33.94,12.44,20.49,29.34,11.82,20.55
2019-08-26,3765.91,34.61,12.27,20.33,29.07,11.64,20.3
2019-08-27,3816.95,33.38,12.43,20.58,29.32,11.83,20.75
2019-08-28,3802.58,33.25,12.38,20.51,29.42,11.77,20.63
2019-08-29,3790.19,33.26,12.36,20.31,29.65,11.7,20.72
2019-08-30,3799.59,33.17,12.38,20.29,30.03,11.7,20.66
2019-09-02,3848.32,33.84,12.5,20.4,30.56,11.77,21.26
2019-09-03,3853.61,33.91,12.52,20.61,30.62,11.79,21.4
2019-09-04,3886.0,34.2,12.65,20.94,30.93,11.9,21.61
2019-09-05,3925.32,34.61,12.77,21.25,31.3,12.02,22.32
2019-09-06,3948.51,34.71,12.83,21.27,31.35,12.08,22.48
2019-09-09,3972.95,34.3,12.89,21.6,31.84,12.14,22.66
2019-09-10,3959.27,33.33,12.86,21.37,31.8,12.1,22.59
2019-09-11,3930.1,34.88,12.81,21.15,31.55,12.06,22.38
2019-09-12,3972.38,34.2,12.92,21.37,31.76,12.16,22.69
2019-09-16,3957.72,35.08,12.89,21.53,31.73,12.13,22.54
2019-09-17,3891.22,33.45,12.69,21.11,31.05,11.95,21.82
2019-09-18,3910.08,34.38,12.73,21.07,31.04,11.98,21.7
2019-09-19,3924.38,33.71,12.77,21.55,31.28,12.02,21.77
2019-09-20,3935.65,33.81,12.81,21.47,31.38,12.05,21.93
2019-09-23,3890.66,33.52,12.67,21.36,31.13,11.92,21.49
2019-09-24,3901.08,34.48,12.69,21.42,31.21,11.95,21.41
2019-09-25,3870.98,33.95,12.6,20.84,30.72,11.86,21.03
2019-09-26,3841.14,33.15,12.54,20.55,30.03,11.8,20.77
2019-09-27,3852.65,34.31,12.56,20.83,30.16,11.82,20.88
2019-09-30,3814.53,34.0,12.45,20.47,29.88,11.72,20.82
2019-10-08,3837.68,31.99,12.51,20.42,29.73,11.78,20.69
2019-10-09,3843.24,32.23,12.55,20.46,29.94,11.81,20.6
2019-10-10,3874.64,32.71,12.63,20.66,30.35,11.89,20.69
2019-10-11,3911.73,31.95,12.76,20.58,30.49,12.01,20.96
2019-10-14,3953.24,32.3,12.9,20.79,31.09,12.14,21.25
2019-10-15,3936.25,31.94,12.86,20.55,30.8,12.1,20.95
2019-10-16,3922.69,31.8,12.81,20.51,30.7,12.05,21.04
2019-10-17,3925.22,31.79,12.82,20.48,30.73,12.06,20.96
2019-10-18,3869.38,31.31,12.66,20.25,30.27,11.9,20.5
2019-10-21,3880.84,31.21,12.73,20.17,30.08,11.96,20.43
2019-10-22,3895.88,31.4,12.77,20.24,30.33,11.99,20.65
2019-10-23,3871.08,31.16,12.72,20.32,30.02,11.92,20.29
2019-10-24,3870.67,31.08,12.72,20.52,30.22,11.93,20.41
2019-10-25,3896.79,31.38,12.79,20.61,30.69,11.94,20.66
2019-10-28,3926.59,31.91,12.86,20.8,31.05,11.97,21.23
2019-10-29,3910.23,31.45,12.79,20.66,30.6,11.88,20.34
2019-10-30,3891.23,31.24,12.76,20.56,29.91,11.77,20.13
2019-10-31,3886.75,31.14,12.73,20.5,29.59,11.67,20.04
2019-11-01,3952.39,31.51,12.88,20.87,29.93,11.81,20.09
2019-11-04,3978.12,31.75,12.97,20.9,30.2,11.89,20.13
2019-11-05,4002.81,31.93,13.05,21.1,30.34,11.96,20.54
2019-11-06,3984.88,31.69,13.01,20.88,30.15,11.93,20.45
2019-11-07,3991.87,31.78,13.01,21.06,30.24,11.93,20.34
2019-11-08,3973.01,31.71,12.94,20.97,30.12,11.86,20.44
2019-11-11,3902.98,31.13,12.72,20.41,29.53,11.66,20.09
2019-11-12,3903.69,31.09,12.74,20.4,29.56,11.68,20.16
2019-11-13,3899.98,31.1,12.7,20.44,29.57,11.64,20.03
2019-11-14,3905.86,31.29,12.7,20.75,29.75,11.64,20.42
2019-11-15,3877.09,31.03,12.63,20.47,29.46,11.58,20.3
2019-11-18,3907.93,31.28,12.71,20.77,29.69,11.66,20.61
2019-11-19,3947.04,31.75,12.81,21.03,30.15,11.74,20.6
2019-11-20,3907.86,31.47,12.7,20.79,29.9,11.64,20.37
2019-11-21,3889.6,31.38,12.65,21.36,29.85,11.6,20.24
2019-11-22,3849.99,31.04,12.55,21.03,29.53,11.51,20.08
2019-11-25,3878.21,31.87,12.67,20.9,29.45,11.61,20.08
2019-11-26,3891.65,32.11,12.7,21.17,29.68,11.64,20.32
2019-11-27,3875.62,31.92,12.66,21.18,29.54,11.6,20.11
2019-11-28,3862.3,31.82,12.6,21.03,29.42,11.55,20.05
2019-11-29,3828.67,31.73,12.51,21.32,29.33,11.46,20.22
2019-12-02,3836.06,31.76,12.52,21.13,29.32,11.48,20.14
2019-12-03,3851.09,31.94,12.56,21.33,29.47,11.51,20.35
2019-12-04,3849.82,31.98,12.53,21.36,29.56,11.49,20.25
2019-12-05,3879.36,32.31,12.62,21.57,29.83,11.57,20.41
2019-12-06,3902.39,32.48,12.67,21.79,30.01,11.62,20.46
2019-12-09,3895.45,32.41,12.66,21.82,29.91,11.6,20.5
2019-12-10,3900.38,32.5,12.66,22.04,29.99,11.6,20.79
2019-12-11,3902.75,31.59,12.69,21.78,30.01,11.63,20.8
2019-12-12,3891.02,31.59,12.66,21.62,30.02,11.6,20.78
2019-12-13,3968.22,32.19,12.91,22.1,30.54,11.83,21.35
2019-12-16,3987.55,34.85,13.15,24.22,30.74,12.01,21.49
2019-12-17,4041.8,35.38,13.32,24.75,31.21,12.17,21.7
2019-12-18,4032.78,35.39,13.3,24.53,31.23,12.15,21.56
2019-12-19,4027.15,35.2,13.29,24.69,31.09,12.14,21.49
2019-12-20,4017.25,35.07,13.26,24.53,30.94,12.12,21.23
2019-12-23,3967.1,34.38,13.09,23.9,30.38,11.96,20.98
2019-12-24,3992.96,34.81,13.16,24.52,30.78,12.02,21.08
2019-12-25,3990.87,34.96,13.15,24.53,30.89,12.01,21.12
2019-12-26,4025.99,35.35,13.26,24.67,31.2,12.11,21.35
2019-12-27,4022.03,34.99,13.26,24.71,30.97,12.11,21.32
2019-12-30,4081.63,35.6,13.43,24.94,31.44,12.26,21.71
2019-12-31,4096.58,35.8,13.46,25.08,31.64,12.3,21.91
2020-01-02,4152.24,36.41,13.64,25.6,32.21,12.45,22.47
2020-01-03,4144.96,36.49,13.62,25.61,32.32,12.44,22.57
2020-01-06,4129.3,36.62,13.58,25.85,32.53,12.4,22.75
2020-01-07,4160.23,36.87,13.66,25.92,32.71,12.47,22.84
2020-01-08,4112.32,36.38,13.5,25.43,32.38,12.32,22.35
2020-01-09,4164.37,36.88,13.63,25.7,32.73,12.42,22.69
2020-01-10,4163.18,36.95,13.62,25.66,32.74,12.43,22.59
2020-01-13,4203.99,37.56,13.73,25.8,33.18,12.53,22.84
2020-01-14,4189.89,37.42,13.7,25.77,33.13,12.49,22.77
2020-01-15,4166.73,37.27,13.61,25.53,32.98,12.42,22.84
2020-01-16,4149.04,37.28,13.53,25.3,32.92,12.34,22.57
2020-01-17,4154.85,37.39,13.54,25.14,32.97,12.35,22.26
2020-01-20,4185.83,37.87,13.63,25.5,33.28,12.42,22.34
2020-01-21,4114.31,37.34,13.42,25.07,32.82,12.23,22.0
2020-01-22,4131.93,37.79,13.47,25.08,33.12,12.28,21.95
2020-01-23,4003.9,36.67,13.12,24.17,32.15,11.96,21.01
2020-02-03,3688.36,33.5,12.11,21.9,30.28,11.04,19.13
2020-02-04,3785.64,34.21,12.39,22.21,30.96,11.29,19.35
2020-02-05,3828.53,34.88,12.51,22.59,31.63,11.4,19.86
2020-02-06,3899.78,35.82,12.71,23.49,32.52,11.58,20.45
2020-02-07,3899.87,36.15,12.69,23.3,33.62,11.57,20.45
2020-02-10,3916.01,36.32,12.73,23.32,32.91,11.61,21.1
2020-02-11,3952.46,36.33,12.84,23.38,32.93,11.71,20.9
2020-02-12,3984.43,36.99,12.93,23.48,33.51,11.78,20.97
2020-02-13,3959.92,36.8,12.85,23.39,34.32,11.71,20.76
2020-02-14,3987.73,37.0,12.91,24.11,33.66,11.78,20.87
2020-02-17,4077.42,38.2,13.18,24.64,34.63,12.03,21.64
2020-02-18,4057.51,38.33,13.12,24.34,34.75,11.96,21.52
2020-02-19,4051.31,38.08,13.11,24.17,34.48,11.96,21.3
2020-02-20,4144.66,39.21,13.36,24.81,34.47,12.19,22.34
2020-02-21,4149.49,38.75,13.19,24.93,34.91,12.24,22.35
2020-02-24,4132.84,38.97,13.11,24.93,35.99,12.17,22.66
2020-02-25,4123.85,38.94,13.04,24.74,36.09,12.08,22.36
2020-02-26,4073.02,37.87,12.93,24.41,35.11,11.98,21.78
2020-02-27,4084.88,38.83,12.93,24.76,34.42,11.98,21.92
2020-02-28,3940.05,37.1,12.49,23.34,32.41,11.57,20.43
2020-03-02,4069.67,38.38,12.86,24.24,33.78,11.88,21.47
2020-03-03,4091.36,38.85,12.93,24.29,34.14,11.94,21.53
2020-03-04,4115.05,39.05,13.0,24.58,34.3,12.0,21.92
2020-03-05,4206.73,39.72,13.27,25.21,33.87,12.25,22.38
2020-03-06,4138.51,39.13,13.07,24.97,34.33,12.07,21.99
2020-03-09,3997.13,37.56,12.67,24.18,32.96,11.7,21.47
2020-03-10,4082.73,38.51,12.9,24.55,33.86,11.91,22.35
2020-03-11,4028.43,37.92,12.76,24.21,33.36,11.78,21.96
2020-03-12,3950.91,38.07,12.55,23.8,32.65,11.59,21.32
2020-03-13,3895.31,37.78,12.39,23.33,32.36,11.44,20.88
2020-03-16,3727.84,35.83,11.96,22.51,30.8,11.07,19.92
2020-03-17,3709.68,35.79,11.9,22.41,30.72,11.02,19.85
2020-03-18,3636.26,35.11,11.67,21.93,30.18,10.82,19.62
2020-03-19,3589.09,35.15,11.49,21.61,30.22,10.66,19.83
2020-03-20,3653.22,35.33,11.67,21.86,30.6,10.84,20.11
2020-03-23,3530.31,34.01,11.21,21.7,29.27,10.5,19.22
2020-03-24,3625.11,33.96,11.49,22.24,29.94,10.78,19.52
2020-03-25,3722.52,34.87,11.75,22.48,30.79,11.04,20.06
2020-03-26,3698.05,34.58,11.46,22.07,30.49,10.94,19.6
2020-03-27,3710.06,34.05,11.48,21.7,29.6,10.96,19.72
2020-03-30,3674.11,33.64,11.25,20.49,29.75,10.88,19.08
2020-03-31,3686.16,33.44,11.13,19.38,29.89,10.85,18.84
2020-04-01,3675.08,33.13,11.09,19.43,30.0,10.81,19.04
2020-04-02,3734.53,33.36,11.26,19.8,30.64,10.98,19.47
2020-04-03,3713.22,33.08,11.19,19.41,30.37,10.92,19.19
2020-04-07,3798.02,34.18,11.41,20.14,31.39,11.13,19.59
2020-04-08,3780.34,33.2,11.34,20.13,30.43,11.07,19.58
2020-04-09,3792.81,33.48,11.37,20.19,30.64,11.1,19.67
2020-04-10,3769.18,33.58,11.3,19.53,30.99,11.03,19.32
2020-04-13,3753.26,34.27,11.26,19.74,31.75,10.99,19.08
2020-04-14,3825.7,34.09,11.48,20.22,31.58,11.17,19.53
2020-04-15,3797.36,32.96,11.41,19.94,30.44,11.1,19.03
2020-04-16,3802.38,33.11,11.39,19.79,30.93,11.11,19.12
2020-04-17,3839.49,32.71,11.47,19.5,31.03,11.2,19.07
2020-04-20,3853.46,33.04,11.53,19.85,31.18,11.25,19.15
2020-04-21,3808.05,33.55,11.39,19.5,31.46,11.13,19.09
2020-04-22,3839.38,33.77,11.42,19.47,31.86,11.2,19.07
2020-04-23,3829.75,33.46,11.37,19.63,31.92,11.16,19.14
2020-04-24,3796.97,32.99,11.22,18.86,32.08,11.15,19.14
2020-04-27,3822.77,31.63,11.24,19.94,32.4,11.24,20.43
2020-04-28,3849.15,31.5,11.25,20.01,33.12,11.28,19.88
2020-04-29,3867.03,31.17,11.33,20.48,33.65,11.4,21.02
2020-04-30,3912.58,31.66,11.42,21.01,33.79,11.77,22.57
2020-05-06,3936.25,32.11,11.45,20.82,34.29,11.8,22.91
2020-05-07,3924.89,32.05,11.42,20.66,34.18,11.76,22.71
2020-05-08,3963.62,32.44,11.51,20.79,34.62,11.86,22.8
2020-05-11,3960.18,32.35,11.52,20.43,34.53,11.87,22.61
2020-05-12,3960.24,32.37,11.5,20.58,34.54,11.85,22.31
2020-05-13,3968.25,32.67,11.52,20.47,34.77,11.87,22.32
2020-05-14,3925.22,32.41,11.4,20.1,34.46,11.75,21.99
2020-05-15,3912.82,32.42,11.37,20.12,34.46,11.72,22.01
2020-05-18,3922.91,32.51,11.4,20.65,34.47,11.75,21.81
2020-05-19,3956.25,32.8,11.49,20.75,34.87,11.84,22.06
2020-05-20,3935.22,32.51,11.44,20.64,34.47,11.79,21.93
2020-05-21,3913.79,32.23,11.38,20.27,34.16,11.73,21.66
2020-05-22,3824.06,31.54,11.15,19.69,33.4,11.49,20.98
2020-05-25,3829.32,31.39,11.16,19.5,33.2,11.5,21.05
2020-05-26,3872.77,31.95,11.26,19.59,33.83,11.6,21.46
2020-05-27,3845.61,31.63,11.2,20.11,33.44,11.55,21.39
2020-05-28,3856.63,31.67,11.25,20.1,33.47,11.59,21.41
2020-05-29,3867.02,32.0,11.25,20.06,33.83,11.6,21.35
2020-06-01,3971.34,33.01,11.51,20.53,34.85,11.86,22.03
2020-06-02,3983.57,32.94,11.55,20.56,34.76,11.91,21.88
2020-06-03,3983.65,32.89,11.56,20.37,34.71,11.92,21.8
2020-06-04,3982.19,32.84,11.54,20.22,34.68,11.89,21.82
2020-06-05,4001.25,33.1,11.6,20.48,34.98,11.95,22.08
2020-06-08,4021.95,33.09,11.65,20.51,34.94,12.0,22.36
2020-06-09,4047.03,33.37,11.73,20.8,35.27,12.08,22.74
2020-06-10,4039.71,33.46,11.69,20.75,35.35,12.04,22.67
2020-06-11,3995.88,33.33,11.57,20.71,35.16,11.92,22.48
2020-06-12,4003.08,33.39,11.58,20.97,35.21,11.93,22.42
2020-06-15,3954.99,34.44,11.57,21.72,36.9,11.92,23.85
2020-06-16,4014.57,35.03,11.73,21.91,37.55,12.07,24.04
2020-06-17,4017.59,34.22,11.73,22.07,36.72,12.07,24.1
2020-06-18,4044.38,34.41,11.78,22.13,36.92,12.13,24.22
2020-06-19,4098.71,34.97,11.92,22.53,37.57,12.27,24.6
2020-06-22,4102.05,35.28,11.92,22.67,37.89,12.27,24.37
2020-06-23,4121.79,35.57,11.95,22.86,38.24,12.3,24.29
2020-06-24,4138.99,35.56,12.01,22.84,38.25,12.37,24.57
2020-06-29,4109.72,35.33,11.93,22.47,37.97,12.29,24.33
2020-06-30,4163.96,36.01,12.03,22.87,38.75,12.38,24.75
2020-07-01,4247.78,36.38,12.25,23.29,39.24,12.61,25.08
2020-07-02,4335.84,36.98,12.52,24.41,39.96,12.9,25.77
2020-07-03,4419.6,37.75,12.8,25.44,40.82,13.19,26.63
2020-07-06,4670.09,38.7,13.59,26.98,41.11,14.0,28.36
2020-07-07,4698.13,39.18,13.64,27.08,41.46,14.05,28.26
2020-07-08,4774.0,40.33,13.84,27.18,42.54,14.25,29.33
2020-07-09,4840.77,41.49,13.99,27.65,43.58,14.41,29.56
2020-07-10,4753.13,41.09,13.64,27.12,43.3,14.05,29.22
2020-07-13,4852.96,42.25,13.87,27.85,44.45,14.28,30.05
2020-07-14,4806.69,41.91,13.74,27.57,44.11,14.15,29.93
2020-07-15,4744.47,41.12,13.54,27.31,42.32,13.94,29.61
2020-07-16,4516.25,39.74,12.95,26.15,40.78,13.34,27.96
2020-07-17,4544.7,39.81,13.0,25.89,40.9,13.39,27.83
2020-07-20,4680.3,41.17,13.39,26.41,42.19,13.76,28.81
2020-07-21,4691.04,41.3,13.41,26.51,42.07,13.78,28.78
2020-07-22,4714.45,41.67,13.46,26.82,42.46,13.82,29.37
2020-07-23,4712.44,41.04,13.41,26.69,41.71,13.78,29.36
2020-07-24,4505.59,39.83,12.9,25.75,40.41,13.23,28.16
2020-07-27,4528.45,39.16,12.95,25.65,41.53,13.29,28.18
2020-07-28,4568.26,40.39,13.04,25.72,40.9,13.38,28.34
2020-07-29,4679.01,40.77,13.33,26.55,42.19,13.67,29.16
2020-07-30,4656.15,40.51,13.26,26.45,41.97,13.58,28.64
2020-07-31,4695.05,40.99,13.34,26.34,41.41,13.67,28.78
2020-08-03,4771.31,42.0,13.53,26.94,42.4,13.87,29.4
2020-08-04,4775.8,41.72,13.58,26.82,42.06,13.92,29.2
2020-08-05,4777.11,41.16,13.56,27.11,42.39,13.9,29.94
2020-08-06,4762.76,41.12,13.55,26.89,42.35,13.89,29.64
2020-08-07,4707.93,41.55,13.42,26.37,42.71,13.75,29.16
2020-08-10,4724.87,40.58,13.51,26.59,42.12,13.84,29.11
2020-08-11,4681.78,40.88,13.4,26.39,41.41,13.73,28.5
2020-08-12,4647.64,40.16,13.33,26.23,40.63,13.64,28.07
2020-08-13,4635.71,40.06,13.3,26.39,40.5,13.6,27.8
2020-08-14,4704.63,40.7,13.5,26.86,41.16,13.81,28.24
2020-08-17,4815.23,41.7,13.83,27.68,42.16,14.15,28.94
2020-08-18,4812.76,40.9,13.83,28.22,42.14,14.14,28.96
2020-08-19,4740.68,40.27,13.64,27.79,41.27,13.94,28.63
2020-08-20,4679.15,40.53,13.46,27.13,40.56,13.76,28.35
2020-08-21,4718.84,40.87,13.56,27.53,40.54,13.84,28.52
2020-08-24,4755.85,41.22,13.62,27.64,40.58,13.92,28.76
2020-08-25,4761.95,40.99,13.62,27.53,40.22,13.92,28.51
2020-08-26,4706.13,41.26,13.48,27.07,41.28,13.79,27.83
2020-08-27,4731.35,40.79,13.54,27.01,40.6,13.84,27.8
2020-08-28,4844.27,41.65,13.82,27.61,40.67,13.96,28.08
2020-08-31,4816.22,42.27,13.73,27.48,43.42,14.45,28.4
2020-09-01,4842.12,41.72,13.79,27.5,41.96,14.52,28.9
2020-09-02,4843.89,41.72,13.78,27.61,41.96,14.51,28.64
2020-09-03,4817.1,42.33,13.71,27.5,41.76,14.43,28.66
2020-09-04,4770.22,41.97,13.59,27.37,42.34,14.3,28.31
2020-09-07,4669.37,40.84,13.34,26.77,41.25,14.03,28.01
2020-09-08,4694.39,40.83,13.44,26.8,41.26,14.14,28.36
2020-09-09,4584.59,39.56,13.18,25.94,40.85,13.86,26.89
2020-09-10,4581.98,39.23,13.18,25.86,40.58,13.86,26.39
2020-09-11,4627.28,39.74,13.28,26.15,40.22,13.97,26.7
2020-09-14,4651.05,39.91,13.33,26.03,40.46,14.02,26.75
2020-09-15,4688.48,39.44,13.41,26.33,39.92,14.11,27.5
2020-09-16,4657.36,40.07,13.35,26.11,39.68,14.04,27.39
2020-09-17,4632.71,39.96,13.28,26.21,40.51,13.97,27.4
2020-09-18,4737.09,40.81,13.58,27.13,41.27,14.29,27.81
2020-09-21,4691.43,40.54,13.45,26.89,40.96,14.15,27.93
2020-09-22,4635.76,40.01,13.3,26.25,40.43,14.0,27.54
2020-09-23,4652.33,40.34,13.32,26.23,40.78,14.03,27.44
2020-09-24,4563.07,39.48,13.11,25.72,39.9,13.8,27.12
2020-09-25,4570.02,39.64,13.12,25.96,40.0,13.82,27.37
2020-09-28,4581.91,39.55,13.17,25.85,39.95,13.87,26.63
2020-09-29,4591.8,39.97,13.19,25.87,39.42,13.89,26.84
2020-09-30,4587.4,39.93,13.18,25.6,39.37,13.87,26.62
2020-10-09,4681.14,40.89,13.39,26.01,40.28,14.1,27.06
2020-10-12,4823.16,42.18,13.76,26.89,41.51,14.5,27.94
2020-10-13,4839.2,42.29,13.79,27.13,41.37,14.52,28.37
2020-10-14,4807.1,41.89,13.71,26.67,41.0,14.44,28.04
2020-10-15,4798.74,41.77,13.71,26.55,40.82,14.44,28.11
2020-10-16,4791.68,41.53,13.73,26.41,40.58,14.46,28.08
2020-10-19,4755.49,41.14,13.67,26.32,40.05,14.4,28.12
2020-10-20,4793.47,41.57,13.73,26.59,40.41,14.41,28.31
2020-10-21,4792.83,41.23,13.77,26.49,40.51,14.44,28.61
2020-10-22,4777.98,41.07,13.73,26.35,40.33,14.4,28.14
2020-10-23,4718.49,40.31,13.59,25.68,39.28,14.23,27.75
2020-10-26,4691.24,40.16,13.49,25.42,39.1,14.13,27.4
2020-10-27,4699.28,40.56,13.51,25.46,38.43,14.13,27.35
2020-10-28,4737.27,40.99,13.58,25.6,38.1,14.16,27.37
2020-10-29,4772.92,41.18,13.64,25.25,38.61,14.03,27.02
2020-10-30,4695.33,40.47,13.45,24.91,39.27,13.92,26.07
2020-11-02,4720.83,40.79,13.5,24.59,38.73,13.96,25.03
2020-11-03,4777.56,41.42,13.66,25.08,39.38,14.13,25.43
2020-11-04,4813.66,41.58,13.73,25.31,39.54,14.2,25.35
2020-11-05,4885.11,41.35,13.9,25.53,40.21,14.38,25.73
2020-11-06,4885.72,40.46,13.9,25.81,40.18,14.38,25.76
2020-11-09,4981.35,41.43,14.15,26.54,41.24,14.63,26.05
2020-11-10,4953.88,41.02,14.1,26.41,39.94,14.58,25.85
2020-11-11,4904.9,41.99,14.0,26.21,40.0,14.48,25.52
2020-11-12,4908.46,42.18,13.98,26.03,40.24,14.46,25.68
2020-11-13,4856.85,42.14,13.83,26.08,40.22,14.3,25.68
2020-11-16,4904.17,42.44,13.96,26.5,39.68,14.44,25.88
2020-11-17,4894.79,42.1,13.95,26.27,40.33,14.42,25.75
2020-11-18,4891.67,41.81,13.96,26.15,39.12,14.44,25.77
2020-11-19,4927.99,42.09,14.05,26.7,40.29,14.53,26.23
2020-11-20,4943.29,42.46,14.09,26.5,39.67,14.56,26.32
2020-11-23,5005.03,41.08,14.26,26.98,39.07,14.75,26.81
2020-11-24,4974.29,40.84,14.18,26.9,38.92,14.66,26.59
2020-11-25,4910.7,41.01,14.03,26.41,39.16,14.51,26.31
2020-11-26,4919.59,41.86,14.07,25.9,39.12,14.55,26.14
2020-11-27,4980.77,42.17,14.29,26.18,39.4,14.78,26.63
2020-11-30,4960.25,42.23,14.23,26.21,39.48,14.71,26.21
2020-12-01,5067.1,43.1,14.51,27.62,40.22,15.0,26.58
2020-12-02,5067.14,43.12,14.49,27.55,40.15,14.98,26.56
2020-12-03,5057.06,43.09,14.46,27.48,40.19,14.95,26.44
2020-12-04,5065.92,43.31,14.45,27.6,40.39,14.95,26.38
2020-12-07,5022.24,43.13,14.31,26.91,40.17,14.8,26.02
2020-12-08,5009.88,41.24,14.26,27.02,39.18,14.74,26.09
2020-12-09,4942.7,42.26,14.1,26.43,40.33,14.58,25.58
2020-12-10,4940.52,42.3,14.08,26.61,40.28,14.56,25.5
2020-12-11,4889.63,41.81,13.97,25.91,39.82,14.45,25.28
2020-12-14,4934.84,43.06,14.58,30.67,43.69,15.01,29.18
2020-12-15,4945.1,44.35,14.58,30.72,44.03,15.01,29.08
2020-12-16,4953.87,47.89,14.6,30.38,43.92,15.03,28.71
2020-12-17,5017.48,48.42,14.77,30.89,44.38,15.2,29.2
2020-12-18,4999.97,48.25,14.72,30.43,44.27,15.15,29.82
2020-12-21,5046.84,48.19,14.83,30.76,45.1,15.27,30.0
2020-12-22,4964.77,47.2,14.57,29.72,44.04,15.01,29.32
2020-12-23,5007.12,47.86,14.7,29.84,44.66,15.14,30.06
2020-12-24,5000.02,46.92,14.68,29.75,44.5,15.12,29.69
2020-12-25,5042.01,47.45,14.79,30.41,44.94,15.23,29.92
2020-12-28,5064.41,48.22,14.84,29.99,44.82,15.29,29.52
2020-12-29,5042.94,48.07,14.78,30.4,44.65,15.22,30.33
2020-12-30,5113.71,48.71,14.94,30.85,45.29,15.39,30.62
2020-12-31,5211.29,48.93,15.21,31.18,45.46,15.66,30.93
2021-01-04,5267.72,48.94,15.33,31.67,46.36,15.79,31.4
2021-01-05,5368.5,49.84,15.56,32.3,47.2,16.03,32.08
2021-01-06,5417.67,49.96,15.72,31.96,47.23,16.19,31.87
2021-01-07,5513.66,50.8,15.96,31.75,47.82,16.45,31.33
2021-01-08,5495.43,50.62,15.93,33.01,47.81,16.42,32.15
2021-01-11,5441.16,49.88,15.79,32.03,47.19,16.26,32.65
2021-01-12,5596.35,51.23,16.19,33.07,48.4,16.68,33.36
2021-01-13,5577.97,50.96,16.17,32.98,48.25,16.66,32.97
2021-01-14,5470.46,49.98,15.93,31.88,47.38,16.41,32.65
2021-01-15,5458.08,49.46,15.91,31.68,46.83,16.34,32.82
2021-01-18,5518.52,50.08,16.03,31.93,47.51,16.46,33.21
2021-01-19,5437.52,49.28,15.86,31.79,46.72,16.28,32.7
2021-01-20,5476.43,50.09,15.93,31.79,47.48,16.35,32.49
2021-01-21,5564.97,51.14,16.14,32.46,48.45,16.58,32.4
2021-01-22,5569.78,51.39,16.09,32.21,48.68,16.52,31.38
2021-01-25,5625.92,51.4,16.25,32.22,48.88,16.65,31.28
2021-01-26,5512.97,50.19,15.99,31.85,47.72,16.37,31.45
2021-01-27,5528.0,50.17,16.03,32.18,47.8,16.41,30.51
2021-01-28,5377.14,48.78,15.66,30.76,46.32,16.0,29.77
2021-01-29,5351.96,48.44,15.62,31.27,46.03,15.95,29.34
2021-02-01,5417.65,48.97,15.78,31.66,47.14,16.1,30.07
2021-02-02,5501.09,49.84,15.97,31.75,47.87,16.29,31.21
2021-02-03,5485.2,50.31,15.9,31.61,47.43,16.22,30.68
2021-02-04,5473.95,49.82,15.9,31.29,46.94,16.09,30.31
2021-02-05,5483.41,49.65,15.97,31.04,46.7,16.15,28.95
2021-02-08,5564.56,50.54,16.15,31.33,47.44,16.33,29.87
2021-02-09,5686.25,50.95,16.45,32.15,48.64,16.64,30.48
2021-02-10,5807.72,51.93,16.8,32.51,48.71,16.99,31.32
2021-02-18,5768.38,51.43,16.73,33.37,49.35,16.92,31.84
2021-02-19,5778.84,52.25,16.76,33.95,49.23,16.95,31.95
2021-02-22,5597.33,50.81,16.37,32.92,47.83,16.59,31.14
2021-02-23,5579.67,50.59,16.32,33.17,47.46,16.54,30.71
2021-02-24,5437.57,49.3,15.92,33.24,46.28,16.13,30.21
2021-02-25,5469.56,49.23,16.05,32.48,45.83,16.26,30.36
2021-02-26,5336.76,48.92,15.67,32.0,44.66,15.87,29.95
2021-03-01,5418.78,49.89,15.85,32.59,45.73,16.0,31.04
2021-03-02,5349.63,48.38,15.64,31.71,45.26,15.78,30.26
2021-03-03,5452.21,48.95,15.97,32.11,45.71,16.12,30.12
2021-03-04,5280.71,48.21,15.56,31.5,44.04,15.69,29.66
2021-03-05,5262.8,48.3,15.54,31.64,43.88,15.69,29.8
2021-03-08,5080.02,46.37,15.08,30.73,42.04,15.22,29.27
2021-03-09,4971.0,46.74,14.8,30.31,40.82,14.93,28.47
2021-03-10,5003.61,46.14,14.85,29.85,41.05,14.97,28.13
2021-03-11,5128.22,46.16,15.19,30.09,41.78,15.31,28.27
2021-03-12,5146.38,46.0,15.22,30.51,41.71,15.35,28.23
2021-03-15,5035.54,46.41,14.99,29.84,40.64,15.11,28.05
2021-03-16,5079.36,46.57,15.12,29.96,40.78,15.23,28.39
2021-03-17,5100.86,46.23,15.14,30.45,41.2,15.25,28.14
2021-03-18,5141.77,46.42,15.22,30.61,41.58,15.34,28.15
2021-03-19,5007.09,45.55,14.83,29.97,40.76,14.95,27.82
2021-03-22,5057.15,45.38,14.93,30.02,41.15,15.09,27.89
2021-03-23,5009.25,44.9,14.82,30.01,40.69,14.96,27.67
2021-03-24,4928.69,44.99,14.59,29.32,39.94,14.76,26.44
2021-03-25,4926.35,45.13,14.58,29.16,39.92,14.71,26.33
2021-03-26,5037.99,45.42,14.99,29.77,40.54,14.98,26.76
2021-03-29,5046.88,46.21,15.11,29.39,40.41,14.78,27.1
2021-03-30,5094.73,46.15,15.17,28.91,40.42,14.87,27.35
2021-03-31,5048.36,44.6,14.94,28.06,39.79,14.61,26.67
2021-04-01,5110.78,45.08,15.06,28.01,40.37,14.74,26.51
2021-04-02,5161.56,45.6,15.15,27.85,40.9,14.85,26.92
2021-04-06,5140.34,45.53,15.1,27.44,40.91,14.81,26.97
2021-04-07,5103.74,45.43,15.02,27.27,40.76,14.73,26.9
2021-04-08,5112.21,45.67,15.05,27.19,40.86,14.75,26.73
2021-04-09,5035.34,45.14,14.85,26.84,40.46,14.56,26.38
2021-04-12,4947.75,43.94,14.66,25.73,39.11,14.35,25.17
2021-04-13,4939.64,43.64,14.6,25.89,38.97,14.32,25.29
2021-04-14,4980.63,44.32,14.69,25.97,39.81,14.42,25.63
2021-04-15,4948.97,43.84,14.56,25.47,39.37,14.29,25.43
2021-04-16,4966.18,43.82,14.61,26.02,39.29,14.34,25.85
2021-04-19,5087.02,45.48,14.88,26.54,40.95,14.6,26.09
2021-04-20,5083.37,44.86,14.85,26.77,40.51,14.57,25.85
2021-04-21,5098.74,44.77,14.84,26.88,40.65,14.58,25.91
2021-04-22,5089.24,44.5,14.84,27.07,40.09,14.5,25.95
2021-04-23,5135.45,44.37,14.91,26.92,39.11,14.56,26.22
2021-04-26,5077.24,43.06,14.74,26.75,38.63,14.36,26.34
2021-04-27,5090.52,41.91,14.69,26.51,38.15,14.31,25.97
2021-04-28,5119.24,42.62,14.74,26.88,38.06,14.35,24.27
2021-04-29,5164.17,41.36,14.82,26.59,36.77,14.14,24.04
2021-04-30,5123.49,39.99,14.55,25.86,35.39,13.52,23.32
2021-05-06,5061.12,39.73,14.43,25.95,35.09,13.41,23.3
2021-05-07,4996.05,39.04,14.31,25.66,34.44,13.29,23.15
2021-05-10,4992.42,39.21,14.33,25.55,34.52,13.31,22.84
2021-05-11,5023.06,39.47,14.4,25.19,34.8,13.38,23.27
2021-05-12,5044.55,39.77,14.47,25.23,35.06,13.45,23.42
2021-05-13,4992.97,39.43,14.34,24.75,34.83,13.32,23.11
2021-05-14,5110.59,40.39,14.64,25.59,35.71,13.6,23.6
2021-05-17,5184.99,41.05,14.82,26.3,36.26,13.77,23.7
2021-05-18,5187.6,41.09,14.84,26.51,36.29,13.78,23.75
2021-05-19,5172.27,41.07,14.78,26.46,36.28,13.73,23.8
2021-05-20,5186.41,41.09,14.8,26.08,36.34,13.76,23.61
2021-05-21,5134.15,40.65,14.67,25.97,35.91,13.63,23.62
2021-05-24,5155.59,40.93,14.72,25.95,36.2,13.68,23.77
2021-05-25,5318.48,42.04,15.15,26.57,37.2,14.07,23.87
2021-05-26,5320.59,41.91,15.16,26.81,37.1,14.09,24.49
2021-05-27,5338.23,42.28,15.2,27.19,37.42,14.12,24.52
2021-05-28,5321.09,42.06,15.17,26.65,37.2,14.1,24.16
2021-05-31,5331.57,42.49,15.17,26.96,37.55,14.09,24.37
2021-06-01,5341.68,42.71,15.19,27.22,37.73,14.12,24.37
2021-06-02,5289.97,42.11,15.08,26.74,37.21,14.01,24.45
2021-06-03,5255.29,41.86,14.99,26.66,36.94,13.93,24.28
2021-06-04,5282.28,42.16,15.06,26.61,37.22,13.99,24.26
2021-06-07,5277.63,42.37,15.05,26.94,37.41,13.99,24.35
2021-06-08,5232.12,41.96,14.96,26.74,37.06,13.9,24.33
2021-06-09,5236.45,42.08,14.98,26.86,37.16,13.92,24.11
2021-06-10,5271.47,42.54,15.06,27.06,37.53,13.99,23.96
2021-06-11,5224.7,42.13,14.95,26.04,37.13,13.89,23.89
2021-06-15,5166.56,45.91,15.35,29.7,40.62,14.23,26.8
2021-06-16,5080.49,44.66,15.14,29.36,39.57,14.04,26.51
2021-06-17,5101.89,45.4,15.16,29.4,40.18,14.05,26.68
2021-06-18,5102.47,45.86,15.15,29.42,40.54,14.04,26.99
2021-06-21,5090.39,46.09,15.12,29.59,40.76,14.01,27.28
2021-06-22,5122.16,46.35,15.22,29.7,40.95,14.1,27.1
2021-06-23,5147.39,46.75,15.26,30.54,41.29,14.15,27.54
2021-06-24,5155.97,46.4,15.3,30.46,41.01,14.18,28.03
2021-06-25,5239.97,47.26,15.53,30.83,41.73,14.39,28.27
2021-06-28,5251.76,47.64,15.54,31.14,42.07,14.4,27.98
2021-06-29,5190.54,47.2,15.36,30.47,41.67,14.24,27.56
2021-06-30,5224.04,47.71,15.45,30.45,42.1,14.32,27.78
2021-07-01,5229.66,47.31,15.46,30.01,41.75,14.33,27.39
2021-07-02,5081.12,46.13,15.08,29.53,40.68,13.98,26.84
2021-07-05,5085.79,46.8,15.11,29.73,41.2,14.01,27.11
2021-07-06,5083.1,46.39,15.11,29.48,40.83,14.0,27.05
2021-07-07,5140.49,47.48,15.22,29.78,41.73,14.11,27.34
2021-07-08,5088.26,46.57,15.06,29.41,41.71,13.95,27.23
2021-07-09,5069.44,46.55,15.0,29.38,41.61,13.89,27.32
2021-07-12,5132.71,47.63,15.12,29.9,42.48,14.01,27.55
2021-07-13,5142.1,48.53,15.15,30.38,42.42,14.03,27.55
2021-07-14,5083.08,48.05,14.97,30.27,42.03,13.87,27.14
2021-07-15,5151.46,47.68,15.12,30.56,42.39,14.01,28.12
2021-07-16,5094.77,47.87,14.97,30.22,41.81,13.87,28.2
2021-07-19,5113.49,48.0,15.0,30.29,41.85,13.89,27.49
2021-07-20,5108.99,48.23,14.97,30.09,42.03,13.87,27.29
2021-07-21,5144.04,48.4,15.06,30.12,42.93,13.95,27.07
2021-07-22,5151.75,48.54,15.11,30.05,42.05,13.99,27.35
2021-07-23,5089.23,47.0,14.98,29.93,41.49,13.87,27.28
2021-07-26,4925.3,46.6,14.54,29.15,40.28,13.45,26.01
2021-07-27,4751.31,45.08,14.09,28.1,39.01,13.03,25.03
2021-07-28,4760.48,44.83,14.1,27.68,38.82,13.06,24.95
2021-07-29,4850.27,46.52,14.3,28.19,40.18,13.23,25.03
2021-07-30,4811.17,45.49,14.2,27.74,40.02,13.12,25.01
2021-08-02,4933.74,46.5,14.54,29.44,40.87,13.42,25.36
2021-08-03,4934.46,46.98,14.52,29.34,40.59,13.39,25.28
2021-08-04,4978.85,47.04,14.62,29.28,41.33,13.49,25.61
2021-08-05,4948.67,46.81,14.53,29.04,41.1,13.41,25.45
2021-08-06,4921.56,46.46,14.47,28.86,40.65,13.35,25.42
2021-08-09,4985.56,46.71,14.65,29.49,40.8,13.51,25.51
2021-08-10,5043.15,47.03,14.81,29.76,41.07,13.64,25.51
2021-08-11,5015.34,46.56,14.77,29.71,40.64,13.6,25.34
2021-08-12,4973.35,46.25,14.68,29.63,40.34,13.52,25.44
2021-08-13,4945.98,45.75,14.6,29.34,40.82,13.45,25.95
2021-08-16,4941.07,46.39,14.6,29.55,40.55,13.41,26.13
2021-08-17,4837.4,45.28,14.33,28.87,39.55,13.15,26.39
2021-08-18,4894.24,45.68,14.51,29.13,39.66,13.31,26.67
2021-08-19,4862.14,45.83,14.4,28.89,39.15,13.22,26.52
2021-08-20,4769.27,45.04,14.18,28.32,38.42,13.0,25.98
2021-08-23,4835.88,45.16,14.35,28.46,39.19,13.14,25.82
2021-08-24,4888.39,45.74,14.49,28.72,39.32,13.25,25.69
2021-08-25,4898.16,44.96,14.52,28.92,38.98,13.26,25.61
2021-08-26,4801.61,44.04,14.27,28.45,38.34,13.03,25.66
2021-08-27,4827.04,44.04,14.34,28.49,37.49,12.96,25.65
2021-08-30,4813.27,43.29,14.3,28.16,38.57,12.6,24.62
2021-08-31,4805.61,43.04,14.34,28.64,37.95,12.41,24.41
2021-09-01,4869.46,43.78,14.53,29.7,38.04,12.59,25.21
2021-09-02,4869.41,44.34,14.55,29.09,37.71,12.6,25.3
2021-09-03,4843.06,42.88,14.49,29.48,37.32,12.55,25.53
2021-09-06,4933.73,44.12,14.73,29.76,38.37,12.75,26.0
2021-09-07,4992.83,44.59,14.9,30.09,38.69,12.9,26.16
2021-09-08,4972.13,44.36,14.87,30.41,38.56,12.87,26.15
2021-09-09,4970.01,44.5,14.9,30.36,38.68,12.9,25.86
2021-09-10,5013.52,44.68,14.99,30.18,38.76,12.98,25.82
2021-09-13,4991.66,44.33,14.99,29.95,38.35,12.98,25.78
2021-09-14,4917.16,43.99,14.77,29.27,38.1,12.79,25.59
2021-09-15,4867.32,43.72,14.65,28.95,37.83,12.68,25.56
2021-09-16,4807.7,43.0,14.48,28.53,37.28,12.54,25.04
2021-09-17,4855.94,43.59,14.58,28.69,37.8,12.62,25.16
2021-09-22,4821.77,43.5,14.51,28.94,37.81,12.56,25.11
2021-09-23,4853.2,43.87,14.58,29.21,37.36,12.62,25.75
2021-09-24,4849.43,43.82,14.54,28.63,37.35,12.58,25.66
2021-09-27,4877.37,43.69,14.6,28.69,38.18,12.64,25.28
2021-09-28,4883.83,43.59,14.66,28.98,38.13,12.69,25.21
2021-09-29,4833.93,42.76,14.5,28.26,37.37,12.55,24.48
2021-09-30,4866.38,43.31,14.57,28.43,37.81,12.61,25.01
2021-10-08,4929.94,43.53,14.76,29.07,38.06,12.77,25.18
2021-10-11,4936.19,43.37,14.79,28.9,37.84,12.8,25.3
2021-10-12,4883.84,42.68,14.64,28.47,37.21,12.67,25.15
2021-10-13,4940.11,43.43,14.75,28.69,37.73,12.76,25.4
2021-10-14,4913.61,43.27,14.68,28.5,37.58,12.7,25.14
2021-10-15,4932.11,43.51,14.74,28.46,37.75,12.76,24.91
2021-10-18,4874.78,43.18,14.61,28.32,37.36,12.64,24.38
2021-10-19,4922.72,43.53,14.74,28.69,37.69,12.77,24.46
2021-10-20,4910.18,43.46,14.69,28.19,37.71,12.73,24.57
2021-10-21,4928.02,43.31,14.76,28.33,37.45,12.78,24.33
2021-10-22,4959.73,43.37,14.81,28.99,37.5,12.82,24.47
2021-10-25,4979.52,43.86,14.89,29.13,37.87,12.86,24.37
2021-10-26,4963.1,43.83,14.83,29.07,37.5,12.8,24.18
2021-10-27,4898.16,43.38,14.66,28.37,36.74,12.62,23.58
2021-10-28,4864.14,42.89,14.52,28.04,35.98,12.5,23.54
2021-10-29,4908.77,43.62,14.61,28.4,35.78,12.67,23.81
2021-11-01,4890.69,43.32,14.56,28.78,35.61,12.43,24.01
2021-11-02,4839.85,44.09,14.41,28.4,35.66,12.3,23.44
2021-11-03,4821.11,43.96,14.35,28.72,35.49,12.24,23.53
2021-11-04,4868.74,44.43,14.47,28.98,35.95,12.35,23.41
2021-11-05,4842.35,44.12,14.38,28.65,35.71,12.27,23.42
2021-11-08,4848.18,43.38,14.38,28.39,35.67,12.28,23.76
2021-11-09,4846.74,44.47,14.38,28.74,35.91,12.28,23.77
2021-11-10,4821.19,44.3,14.3,28.38,35.86,12.21,23.64
2021-11-11,4898.65,44.59,14.51,28.66,36.21,12.39,24.39
2021-11-12,4888.37,44.62,14.47,28.41,36.26,12.35,24.26
2021-11-15,4882.38,44.5,14.45,28.54,36.25,12.33,24.25
2021-11-16,4883.32,44.49,14.45,28.28,36.23,12.34,24.25
2021-11-17,4885.75,44.73,14.46,28.42,36.37,12.35,24.3
2021-11-18,4837.62,44.39,14.35,28.22,36.07,12.25,23.7
2021-11-19,4890.06,44.62,14.5,28.67,36.29,12.38,24.3
2021-11-22,4912.4,45.2,14.56,29.08,36.67,12.43,24.69
2021-11-23,4913.35,44.23,14.57,28.64,36.63,12.44,24.91
2021-11-24,4916.66,44.08,14.58,28.41,36.51,12.46,25.03
2021-11-25,4896.44,43.95,14.52,28.41,36.36,12.4,24.96
2021-11-26,4860.13,43.79,14.41,28.17,36.12,12.31,24.53
2021-11-29,4851.42,43.72,14.38,27.96,36.05,12.28,24.28
2021-11-30,4832.03,43.72,14.35,28.72,36.14,12.25,24.13
2021-12-01,4843.85,43.59,14.4,29.03,36.04,12.3,24.18
2021-12-02,4856.16,43.53,14.45,28.86,35.97,12.34,24.43
2021-12-03,4901.02,43.91,14.57,29.07,36.32,12.44,24.71
2021-12-06,4892.62,43.51,14.56,29.14,36.01,12.43,24.69
2021-12-07,4922.1,43.51,14.64,29.11,35.95,12.49,25.05
2021-12-08,4995.93,44.32,14.81,29.43,36.67,12.65,25.56
2021-12-09,5078.69,45.11,15.04,30.02,37.32,12.84,25.88
2021-12-10,5055.12,44.94,14.97,29.85,37.12,12.78,25.81
2021-12-13,5083.8,49.56,16.21,33.13,39.05,13.72,28.29
2021-12-14,5049.7,50.09,16.09,32.96,38.87,13.62,28.28
2021-12-15,5005.9,49.5,15.97,32.6,38.43,13.52,27.75
2021-12-16,5034.73,49.76,16.07,32.78,38.65,13.6,27.99
2021-12-17,4954.76,48.79,15.85,32.34,37.94,13.42,27.3
2021-12-20,4880.42,47.74,15.66,31.81,37.12,13.25,26.9
2021-12-21,4913.49,48.12,15.77,32.03,37.45,13.35,27.32
2021-12-22,4914.45,48.24,15.76,32.28,37.55,13.34,27.33
2021-12-23,4948.74,48.42,15.88,32.41,37.66,13.43,27.14
2021-12-24,4921.34,47.94,15.8,32.48,37.36,13.36,27.54
2021-12-27,4919.32,48.01,15.78,32.83,37.41,13.35,27.69
2021-12-28,4955.96,48.49,15.87,32.82,37.7,13.43,27.68
2021-12-29,4883.48,48.79,15.66,32.59,37.3,13.25,27.52
2021-12-30,4921.51,49.2,15.75,32.83,37.65,13.33,27.48
2021-12-31,4940.37,49.33,15.8,33.08,37.78,13.37,27.74
2022-01-04,4917.77,48.73,15.76,32.99,37.39,13.33,28.25
2022-01-05,4868.12,49.45,15.65,32.77,36.64,13.23,28.22
2022-01-06,4818.23,47.19,15.51,32.66,36.28,13.12,27.9
2022-01-07,4822.37,46.8,15.56,32.88,36.0,13.16,27.91
2022-01-10,4844.05,46.97,15.62,32.95,36.13,13.21,28.06
2022-01-11,4797.77,47.19,15.48,32.45,35.55,13.09,27.56
2022-01-12,4845.58,47.15,15.62,32.64,36.11,13.19,27.76
2022-01-13,4765.92,48.07,15.42,32.16,35.47,13.02,27.13
2022-01-14,4726.73,48.01,15.26,31.53,35.37,12.88,27.26
2022-01-17,4767.28,47.82,15.36,31.59,35.94,12.94,27.31
2022-01-18,4813.35,48.02,15.52,31.52,36.09,13.08,27.06
2022-01-19,4780.38,47.27,15.44,31.08,35.55,13.0,27.04
2022-01-20,4823.51,47.92,15.57,31.25,35.44,13.11,27.56
2022-01-21,4779.31,47.42,15.42,30.63,35.0,12.99,27.14
2022-01-24,4786.74,47.86,15.44,30.72,35.23,13.0,26.52
2022-01-25,4678.45,46.72,15.1,29.63,34.32,12.72,25.5
2022-01-26,4712.31,46.09,15.21,29.64,34.5,12.82,25.4
2022-01-27,4619.88,44.98,14.96,28.78,33.62,12.6,24.69
2022-01-28,4563.77,45.32,14.77,28.63,33.24,12.44,24.53
2022-02-07,4634.09,45.08,15.05,29.18,33.72,12.69,24.87
2022-02-08,4608.77,44.38,15.05,29.39,33.27,12.69,24.82
2022-02-09,4652.06,44.9,15.16,29.58,33.62,12.79,24.88
2022-02-10,4639.86,44.54,15.16,29.74,33.3,12.77,24.7
2022-02-11,4601.4,43.75,15.1,29.12,33.56,12.72,24.22
2022-02-14,4551.69,43.48,14.92,28.67,33.33,12.56,23.45
2022-02-15,4600.1,44.63,15.02,28.93,33.12,12.65,23.84
2022-02-16,4617.99,44.76,15.09,29.33,34.05,12.7,23.74
2022-02-17,4629.16,45.1,15.1,29.27,34.19,12.71,23.62
2022-02-18,4651.24,45.0,15.18,29.38,34.15,12.78,23.81
2022-02-21,4634.31,44.98,15.13,29.42,34.14,12.73,23.87
2022-02-22,4574.15,44.65,14.96,28.78,33.78,12.59,23.58
2022-02-23,4623.05,45.64,15.07,29.23,33.48,12.68,24.08
2022-02-24,4529.32,44.85,14.79,28.56,32.77,12.45,23.52
2022-02-25,4573.42,45.61,14.89,29.12,33.23,12.53,23.59
2022-02-28,4581.65,44.89,14.92,29.19,33.47,12.57,24.06
2022-03-01,4619.69,45.81,15.04,29.24,33.54,12.66,24.15
2022-03-02,4578.6,45.42,14.94,29.08,33.23,12.58,24.05
2022-03-03,4551.63,44.79,14.89,29.08,32.76,12.54,23.76
2022-03-04,4496.43,44.31,14.73,28.74,32.42,12.4,23.78
2022-03-07,4352.78,44.6,14.34,27.69,31.3,12.06,23.22
2022-03-08,4265.39,43.12,14.05,26.69,30.54,11.83,22.51
2022-03-09,4226.35,42.71,13.91,26.16,30.19,11.71,22.33
2022-03-10,4292.84,42.68,14.04,26.13,30.77,11.84,22.64
2022-03-11,4306.52,43.68,14.08,26.29,30.82,11.83,22.77
2022-03-14,4174.76,42.42,13.7,25.76,29.76,11.5,22.12
2022-03-15,3983.81,40.71,13.02,24.24,28.48,10.98,20.8
2022-03-16,4156.08,41.44,13.51,25.24,29.59,11.38,21.25
2022-03-17,4237.7,42.27,13.72,25.49,30.12,11.56,21.69
2022-03-18,4265.9,41.58,13.97,25.51,30.12,11.72,21.87
2022-03-21,4258.75,42.01,13.77,24.94,30.82,11.69,22.05
2022-03-22,4255.3,41.96,13.79,24.95,30.45,11.71,21.66
2022-03-23,4276.52,41.83,13.8,24.55,30.74,11.76,21.86
2022-03-24,4251.31,41.4,13.73,24.46,30.51,11.7,22.0
2022-03-25,4174.57,41.04,13.41,24.12,30.47,11.54,21.14
2022-03-28,4148.47,40.42,13.12,24.1,30.21,11.52,20.78
2022-03-29,4134.14,39.4,13.04,23.88,30.13,11.5,20.52
2022-03-30,4254.1,40.5,13.06,24.4,31.05,11.73,20.82
2022-03-31,4222.6,38.26,12.35,22.21,30.52,11.72,20.76
2022-04-01,4276.16,38.32,12.25,22.33,30.69,11.83,20.76
2022-04-06,4263.84,37.95,12.25,22.4,30.44,11.82,20.78
2022-04-07,4209.1,37.44,12.09,22.08,29.98,11.68,20.32
2022-04-08,4230.77,37.41,12.15,22.11,29.99,11.76,20.72
2022-04-11,4100.07,35.9,11.84,21.15,28.91,11.45,20.84
2022-04-12,4179.97,36.41,12.03,21.82,29.62,11.63,21.19
2022-04-13,4139.74,35.77,11.92,21.47,29.12,11.55,21.17
2022-04-14,4191.57,36.31,12.06,21.67,29.43,11.68,21.06
2022-04-15,4188.75,35.07,12.02,21.64,29.46,11.66,21.2
2022-04-18,4166.38,35.2,11.86,21.88,29.55,11.56,21.34
2022-04-19,4134.9,33.85,11.79,21.31,29.23,11.51,21.3
2022-04-20,4070.79,33.43,11.62,21.14,29.6,11.36,21.15
2022-04-21,3995.83,32.35,11.44,20.56,28.81,11.18,20.6
2022-04-22,4013.25,31.93,11.49,20.41,28.7,11.24,20.71
2022-04-25,3814.91,29.59,10.99,19.57,28.99,10.76,19.72
2022-04-26,3784.12,29.78,10.87,19.14,29.28,10.67,19.21
2022-04-27,3895.54,30.44,11.09,19.8,30.21,10.87,19.71
2022-04-28,3921.11,28.83,11.07,19.43,29.86,10.92,19.36
2022-04-29,4016.24,28.42,11.3,20.93,29.04,11.21,20.01
2022-05-05,4010.21,28.77,11.36,21.81,29.89,11.11,20.43
2022-05-06,3908.82,28.15,11.1,21.14,29.23,10.85,19.98
2022-05-09,3877.44,27.98,11.03,21.51,29.03,10.79,20.08
2022-05-10,3919.87,28.38,11.12,21.78,29.45,10.87,20.28
2022-05-11,3976.42,28.93,11.24,21.9,30.01,10.99,20.74
2022-05-12,3958.74,29.04,11.21,22.02,30.12,10.96,20.46
2022-05-13,3988.6,29.19,11.31,22.0,30.26,11.05,20.62
2022-05-16,3956.54,28.94,11.23,21.8,30.0,10.97,20.64
2022-05-17,4005.89,30.25,11.35,22.05,30.32,11.09,20.72
2022-05-18,3991.91,29.27,11.31,22.26,30.29,11.05,20.56
2022-05-19,3999.6,29.34,11.32,22.46,30.34,11.07,20.81
2022-05-20,4077.6,29.9,11.51,22.56,30.95,11.26,21.0
2022-05-23,4053.98,29.87,11.46,22.53,30.9,11.2,21.17
2022-05-24,3959.15,29.93,11.24,21.8,29.98,10.99,20.57
2022-05-25,3983.18,29.27,11.32,22.11,30.28,11.06,20.78
2022-05-26,3993.04,29.37,11.35,22.44,30.41,11.09,20.98
2022-05-27,4001.3,29.35,11.38,22.38,30.38,11.12,20.74
2022-05-30,4029.02,29.74,11.44,22.46,30.78,11.18,20.75
2022-05-31,4091.52,30.37,11.59,22.95,31.45,11.32,20.93
2022-06-01,4083.18,30.33,11.56,22.96,31.39,11.3,20.9
2022-06-02,4089.57,30.55,11.57,23.02,31.64,11.31,20.8
2022-06-06,4166.09,30.31,11.74,22.79,32.33,11.47,21.36
2022-06-07,4179.13,30.38,11.77,22.94,32.34,11.5,21.14
2022-06-08,4219.81,30.61,11.88,22.62,32.63,11.61,21.43
2022-06-09,4175.67,30.02,11.79,22.33,31.98,11.53,21.13
2022-06-10,4238.99,30.54,11.96,22.98,32.57,11.7,22.02
2022-06-13,4189.35,32.75,12.02,24.9,33.34,11.7,23.51
2022-06-14,4222.31,32.72,12.15,25.44,33.34,11.82,23.38
2022-06-15,4278.22,32.9,12.28,26.55,33.56,11.95,23.51
2022-06-16,4250.06,33.03,12.17,26.02,33.64,11.84,23.3
2022-06-17,4309.04,33.59,12.3,26.27,34.24,11.97,23.36
2022-06-20,4330.43,33.97,12.31,26.52,34.62,11.97,23.49
2022-06-21,4325.57,33.74,12.32,26.31,34.4,11.98,22.86
2022-06-22,4270.62,33.3,12.16,25.59,33.92,11.83,22.39
2022-06-23,4343.88,34.03,12.35,25.71,34.69,12.02,23.21
2022-06-24,4394.77,34.48,12.46,25.89,35.13,12.12,23.72
2022-06-27,4444.26,34.93,12.58,25.95,35.52,12.23,23.93
2022-06-28,4490.52,35.25,12.67,26.43,35.85,12.32,23.91
2022-06-29,4421.36,34.65,12.51,26.56,35.24,12.18,23.63
2022-06-30,4485.01,35.19,12.65,26.43,35.74,12.31,23.55
2022-07-01,4466.72,34.98,12.61,26.76,35.53,12.26,23.85
2022-07-04,4496.03,35.42,12.68,26.47,35.92,12.33,24.08
2022-07-05,4489.54,35.22,12.67,26.03,35.67,12.31,24.07
2022-07-06,4423.97,34.91,12.49,25.97,35.4,12.15,24.01
2022-07-07,4443.47,35.13,12.53,25.81,35.67,12.18,24.27
2022-07-08,4428.78,34.95,12.48,26.04,35.49,12.13,24.02
2022-07-11,4354.62,34.3,12.3,25.52,34.83,11.95,23.46
2022-07-12,4313.62,34.64,12.19,25.31,34.23,11.84,22.88
2022-07-13,4321.46,34.75,12.19,25.2,34.33,11.84,23.02
2022-07-14,4322.07,34.17,12.15,25.17,34.7,11.81,23.06
2022-07-15,4248.53,33.8,11.95,25.28,34.36,11.61,23.17
2022-07-18,4292.59,34.09,12.09,25.24,34.71,11.74,22.81
2022-07-19,4269.34,33.92,12.05,25.09,34.52,11.7,22.82
2022-07-20,4283.8,34.26,12.1,25.24,34.87,11.75,22.69
2022-07-21,4236.06,34.07,11.96,25.36,34.65,11.62,22.26
2022-07-22,4238.23,33.87,11.98,24.68,34.41,11.63,22.3
2022-07-25,4212.64,33.53,11.92,24.28,34.05,11.58,22.08
2022-07-26,4245.98,33.84,12.0,24.76,34.31,11.65,21.92
2022-07-27,4225.04,33.82,11.94,24.66,34.23,11.58,21.85
2022-07-28,4225.67,33.92,11.94,25.07,34.36,11.58,21.99
2022-07-29,4170.1,33.37,11.79,24.39,33.85,11.44,21.35
2022-08-01,4188.68,33.78,11.83,24.32,34.26,11.48,21.79
2022-08-02,4107.02,33.16,11.62,23.71,33.63,11.28,21.06
2022-08-03,4066.98,33.01,11.52,23.66,33.44,11.18,21.02
2022-08-04,4101.54,33.16,11.62,23.7,33.65,11.28,21.33
2022-08-05,4156.91,33.86,11.75,24.69,34.26,11.41,21.96
2022-08-08,4148.07,33.89,11.73,24.65,34.22,11.39,21.99
2022-08-09,4156.29,34.0,11.76,24.41,34.3,11.41,22.01
2022-08-10,4109.74,34.5,11.64,24.1,33.81,11.3,21.68
2022-08-11,4193.54,34.13,11.87,24.96,34.29,11.52,22.12
2022-08-12,4191.15,34.83,11.87,24.92,34.02,11.5,22.3
2022-08-15,4185.68,33.85,11.84,24.5,33.94,11.47,22.28
2022-08-16,4177.84,33.71,11.81,24.37,33.79,11.43,21.98
2022-08-17,4216.96,33.92,11.91,24.62,34.07,11.53,22.21
2022-08-18,4180.1,33.79,11.81,24.28,34.06,11.43,21.7
2022-08-19,4151.07,33.3,11.77,24.1,33.61,11.38,21.54
2022-08-22,4181.4,33.61,11.85,24.08,33.21,11.45,21.36
2022-08-23,4161.08,33.53,11.8,23.85,33.09,11.39,21.77
2022-08-24,4082.42,33.55,11.63,23.2,33.04,11.18,21.24
2022-08-25,4116.24,33.63,11.75,23.3,33.03,11.29,20.97
2022-08-26,4107.55,32.61,11.73,23.2,32.83,11.21,21.08
2022-08-29,4089.52,33.6,11.69,23.05,32.56,11.11,21.15
2022-08-30,4075.79,33.54,11.67,22.95,32.02,11.1,21.37
2022-08-31,4078.84,33.11,11.68,23.03,32.57,11.02,21.61
2022-09-01,4043.74,32.9,11.6,23.11,32.35,10.95,21.67
2022-09-02,4023.61,32.81,11.55,22.9,32.25,10.89,21.46
2022-09-05,4015.43,32.76,11.56,22.59,32.12,10.9,21.27
2022-09-06,4052.28,33.14,11.64,22.77,32.44,10.98,21.51
2022-09-07,4054.98,33.39,11.65,22.7,32.59,10.99,21.44
2022-09-08,4037.68,33.18,11.62,22.59,32.4,10.96,21.05
2022-09-09,4093.79,33.46,11.77,22.84,32.73,11.1,21.49
2022-09-13,4111.11,33.58,11.8,22.9,32.88,11.13,21.37
2022-09-14,4065.36,33.32,11.68,22.66,32.61,11.02,20.89
2022-09-15,4027.12,32.58,11.61,22.32,31.95,10.95,20.81
2022-09-16,3932.68,32.03,11.35,21.77,31.31,10.7,20.06
2022-09-19,3928.0,31.77,11.35,21.38,31.02,10.7,19.77
2022-09-20,3932.84,31.98,11.34,21.61,31.18,10.7,19.91
2022-09-21,3903.73,31.68,11.29,21.94,30.92,10.65,19.77
2022-09-22,3869.34,31.48,11.22,21.63,30.72,10.59,19.45
2022-09-23,3856.02,31.15,11.23,21.39,30.43,10.6,19.18
2022-09-26,3836.68,31.1,11.14,21.03,30.34,10.51,19.15
2022-09-27,3892.3,31.6,11.28,21.7,30.89,10.64,19.71
2022-09-28,3828.71,30.9,11.14,21.27,30.26,10.51,19.16
2022-09-29,3827.14,31.03,11.13,21.01,30.33,10.5,18.9
2022-09-30,3804.89,30.58,11.09,21.13,29.97,10.47,18.7
2022-10-10,3720.94,29.72,10.91,20.16,29.17,10.29,18.29
2022-10-11,3727.69,29.59,10.92,20.05,29.03,10.3,18.22
2022-10-12,3784.31,30.32,11.05,20.52,29.75,10.43,18.42
2022-10-13,3752.67,30.35,10.97,20.31,29.84,10.34,18.48
2022-10-14,3842.47,31.26,11.16,21.27,30.67,10.52,19.04
2022-10-17,3846.41,31.42,11.16,21.29,30.83,10.51,19.2
2022-10-18,3838.27,31.41,11.13,21.17,30.75,10.48,19.14
2022-10-19,3776.53,30.97,10.98,20.81,30.33,10.34,18.83
2022-10-20,3754.93,31.01,10.94,20.85,30.37,10.3,18.99
2022-10-21,3742.89,30.95,10.91,20.67,30.03,10.25,18.69
2022-10-24,3633.37,30.44,10.64,20.17,29.45,9.98,18.32
2022-10-25,3627.45,30.36,10.62,19.3,28.6,9.97,18.44
2022-10-26,3656.9,31.09,10.67,19.62,29.21,10.04,18.94
2022-10-27,3631.14,30.94,10.62,19.53,29.17,10.0,19.03
2022-10-28,3541.33,30.23,10.41,18.88,29.39,9.73,18.21
2022-10-31,3508.7,30.2,10.28,18.6,28.3,9.61,18.58
2022-11-01,3634.17,31.14,10.58,19.45,28.14,9.89,19.44
2022-11-02,3677.81,31.67,10.69,20.15,28.62,9.99,19.69
2022-11-03,3647.9,31.59,10.61,19.69,28.56,9.92,19.7
2022-11-04,3767.17,32.49,10.91,20.42,29.37,10.2,20.18
2022-11-07,3775.3,32.44,10.94,20.4,29.31,10.22,20.33
2022-11-08,3749.33,32.18,10.88,20.17,29.07,10.17,20.03
2022-11-09,3714.27,31.81,10.79,19.97,28.84,10.08,19.9
2022-11-10,3685.69,31.3,10.73,19.94,28.47,10.03,20.24
2022-11-11,3788.44,31.91,11.0,20.54,29.08,10.28,20.72
2022-11-14,3794.02,31.78,11.01,20.62,29.08,10.29,20.82
2022-11-15,3865.97,32.46,11.18,21.56,29.75,10.45,21.4
2022-11-16,3834.39,32.2,11.1,21.45,29.59,10.38,21.24
2022-11-17,3818.66,32.25,11.06,21.61,29.6,10.33,21.36
2022-11-18,3801.57,32.06,11.02,21.41,29.47,10.3,21.13
2022-11-21,3769.13,31.8,10.94,21.24,29.19,10.22,20.98
2022-11-22,3769.57,31.48,11.0,20.81,28.94,10.28,20.77
2022-11-23,3773.53,31.45,11.02,20.68,28.85,10.31,20.7
2022-11-24,3756.81,31.33,10.98,20.73,28.76,10.26,20.73
2022-11-25,3775.78,31.15,11.08,20.91,28.7,10.37,20.73
2022-11-28,3733.24,30.91,10.97,20.83,28.51,10.25,20.44
2022-11-29,3848.42,31.49,11.27,21.21,29.14,10.54,20.73
2022-11-30,3853.04,31.6,11.3,21.17,29.13,10.57,20.65
2022-12-01,3894.77,32.04,11.38,21.57,29.49,10.64,20.71
2022-12-02,3870.95,31.86,11.3,21.34,29.31,10.57,20.8
2022-12-05,3946.88,32.15,11.57,21.84,29.72,10.81,21.27
2022-12-06,3968.2,32.39,11.62,22.48,29.89,10.86,21.22
2022-12-07,3958.44,32.37,11.55,22.26,29.83,10.8,21.17
2022-12-08,3959.18,32.26,11.55,22.11,29.77,10.8,21.19
2022-12-09,3998.24,32.36,11.64,22.24,29.93,10.88,21.04
2022-12-12,3953.44,32.94,11.63,21.99,28.16,10.8,20.48
2022-12-13,3945.68,32.66,11.63,21.97,27.98,10.8,20.34
2022-12-14,3954.89,32.68,11.65,22.0,28.99,10.81,20.37
2022-12-15,3951.99,32.8,11.62,21.87,28.05,10.79,20.29
2022-12-16,3954.23,32.53,11.64,22.08,27.92,10.81,20.3
2022-12-19,3893.22,32.03,11.45,21.31,29.35,10.63,19.76
2022-12-20,3829.02,31.64,11.29,21.13,28.98,10.48,19.78
2022-12-21,3830.54,31.5,11.3,21.04,28.85,10.49,19.65
2022-12-22,3836.03,31.5,11.32,20.78,28.85,10.51,19.75
2022-12-23,3828.22,31.39,11.3,20.93,28.76,10.5,19.88
2022-12-26,3843.49,31.91,11.33,20.99,29.15,10.52,19.92
2022-12-27,3887.85,32.33,11.46,21.26,29.53,10.64,20.26
2022-12-28,3871.26,32.1,11.44,20.91,29.33,10.62,19.96
2022-12-29,3856.7,32.14,11.37,20.84,29.33,10.56,19.79
2022-12-30,3871.63,32.18,11.41,20.72,29.36,10.59,19.69
2023-01-03,3887.9,32.5,11.47,20.81,29.6,10.65,19.99
2023-01-04,3892.95,32.27,11.51,20.98,29.49,10.69,20.22
2023-01-05,3968.58,32.9,11.68,21.32,30.03,10.85,20.75
2023-01-06,3980.89,33.09,11.71,21.57,30.15,10.89,20.76
2023-01-09,4013.12,33.24,11.78,21.75,30.3,10.96,20.86
2023-01-10,4017.47,33.43,11.77,21.98,30.45,10.95,20.99
2023-01-11,4010.03,33.08,11.77,21.78,30.2,10.96,20.82
2023-01-12,4017.87,33.16,11.8,21.61,30.19,10.99,20.78
2023-01-13,4074.38,33.53,11.95,22.45,29.62,11.13,21.22
2023-01-16,4137.96,34.09,12.07,23.14,31.13,11.23,21.48
2023-01-17,4137.24,34.2,12.05,23.46,31.24,11.2,21.42
2023-01-18,4130.31,34.25,12.05,23.05,30.24,11.2,21.58
2023-01-19,4156.01,34.52,12.1,23.29,29.57,11.25,21.92
2023-01-20,4181.53,34.69,12.19,23.2,29.68,11.33,21.88
2023-01-30,4201.35,34.98,12.22,23.44,29.84,11.35,21.88
2023-01-31,4156.86,34.52,12.11,23.46,29.48,11.26,22.16
2023-02-01,4195.93,34.93,12.22,23.8,29.85,11.36,22.4
2023-02-02,4181.15,34.9,12.18,23.79,29.87,11.33,22.29
2023-02-03,4141.63,34.69,12.08,23.46,29.72,11.24,22.19
2023-02-06,4086.88,34.26,11.96,23.07,29.4,11.12,21.98
2023-02-07,4094.23,34.22,11.97,23.15,29.38,11.13,22.1
2023-02-08,4076.14,34.07,11.92,23.4,29.24,11.08,22.17
2023-02-09,4130.86,34.65,12.06,23.65,29.76,11.22,22.33
2023-02-10,4106.31,34.34,12.01,23.59,29.55,11.17,22.15
2023-02-13,4143.57,34.62,12.09,23.71,29.84,11.24,22.29
2023-02-14,4145.29,34.62,12.1,24.1,29.85,11.26,22.6
2023-02-15,4123.69,34.54,12.05,23.98,29.78,11.21,22.45
2023-02-16,4093.49,34.13,11.99,23.46,30.36,11.16,22.21
2023-02-17,4034.51,33.49,11.85,23.11,29.87,11.03,22.01
2023-02-20,4133.49,34.12,12.15,23.6,30.49,11.31,22.47
2023-02-21,4144.35,34.18,12.18,23.83,30.45,11.34,22.73
2023-02-22,4106.95,34.04,12.08,23.6,30.3,11.24,22.57
2023-02-23,4103.65,33.97,12.07,23.9,30.22,11.23,22.54
2023-02-24,4061.05,33.74,11.96,23.61,29.97,11.12,22.27
2023-02-27,4043.84,33.51,11.92,23.5,29.84,11.09,22.27
2023-02-28,4069.46,33.74,12.0,23.67,30.55,11.17,22.52
2023-03-01,4126.94,34.07,12.18,23.79,30.83,11.34,22.71
2023-03-02,4117.74,33.95,12.18,23.65,30.75,11.33,22.73
2023-03-03,4130.55,33.99,12.26,23.49,30.88,11.42,22.86
2023-03-06,4109.01,34.09,12.21,23.43,30.89,11.37,22.81
2023-03-07,4048.85,33.52,12.08,22.98,30.32,11.25,22.45
2023-03-08,4034.11,33.5,12.05,22.98,30.34,11.22,22.41
2023-03-09,4019.85,33.36,12.0,23.09,30.24,11.2,22.33
2023-03-10,3967.14,32.76,11.78,22.35,29.89,11.03,22.03
2023-03-13,4008.69,33.16,11.97,22.47,30.16,11.2,22.2
2023-03-14,3984.7,32.97,11.89,22.53,30.01,11.12,22.0
2023-03-15,3986.9,32.82,11.93,22.62,29.94,11.16,22.22
2023-03-16,3939.15,32.23,11.84,22.48,29.53,11.1,21.73
2023-03-17,3958.82,32.43,11.93,22.35,29.72,11.18,21.9
2023-03-20,3939.08,32.19,11.83,21.95,29.6,11.1,21.9
2023-03-21,3982.38,32.35,11.91,22.31,30.02,11.17,22.05
2023-03-22,3999.44,32.42,12.0,22.48,30.12,11.23,22.34
2023-03-23,4039.09,32.7,12.1,22.93,30.55,11.34,22.83
2023-03-24,4027.05,32.1,11.96,22.8,30.42,11.27,22.52
2023-03-27,4012.48,31.6,11.74,22.54,30.36,11.19,22.36
2023-03-28,3999.51,31.36,11.78,22.01,30.15,11.2,22.19
2023-03-29,4006.14,30.76,11.73,22.1,30.25,11.2,22.1
2023-03-30,4038.53,30.71,11.63,22.2,30.43,11.27,22.38
2023-03-31,4050.93,32.12,11.45,23.06,31.55,11.27,23.09
2023-04-03,4090.57,33.2,11.61,23.9,32.27,11.38,23.85
2023-04-04,4103.11,33.34,11.75,24.3,32.28,11.48,23.8
2023-04-06,4096.64,32.38,11.72,24.14,31.31,11.47,23.95
2023-04-07,4123.28,32.48,11.77,24.22,31.6,11.52,23.94
2023-04-10,4104.81,33.13,11.75,24.18,32.42,11.5,24.11
2023-04-11,4100.15,33.6,11.72,24.15,32.42,11.48,23.95
2023-04-12,4097.29,32.69,11.77,24.28,31.51,11.52,23.65
2023-04-13,4068.98,33.18,11.71,24.23,32.07,11.47,23.56
2023-04-14,4092.0,33.79,11.79,24.33,33.27,11.56,23.73
2023-04-17,4149.38,34.04,12.03,24.54,33.06,11.78,23.96
2023-04-18,4162.03,34.18,12.1,24.75,33.89,11.89,24.39
2023-04-19,4124.56,33.85,11.99,24.7,33.23,11.79,24.25
2023-04-20,4113.02,34.12,12.01,24.61,33.37,11.79,24.07
2023-04-21,4032.57,33.85,11.81,23.93,32.3,11.56,23.49
2023-04-24,3982.64,32.97,11.69,23.18,31.7,11.48,22.96
2023-04-25,3962.67,31.84,11.59,22.61,31.04,11.44,22.45
2023-04-26,3959.23,31.59,11.52,22.99,30.62,11.39,22.3
2023-04-27,3988.42,31.57,11.59,23.17,30.73,11.42,22.05
2023-04-28,4029.09,32.19,11.71,23.31,29.38,11.47,22.12
2023-05-04,4030.25,31.96,11.79,23.42,29.57,11.56,22.21
2023-05-05,4016.88,31.69,11.76,23.12,29.34,11.53,22.24
2023-05-08,4062.66,32.0,12.03,23.22,29.58,11.8,22.6
2023-05-09,4027.88,31.74,11.9,22.93,29.31,11.67,22.41
2023-05-10,3996.87,31.65,11.73,22.97,29.18,11.5,22.3
2023-05-11,3990.66,31.55,11.67,23.11,29.16,11.45,22.52
2023-05-12,3937.76,31.09,11.52,22.68,28.72,11.31,22.03
2023-05-15,3998.89,31.56,11.69,22.91,29.17,11.47,22.29
2023-05-16,3978.21,31.36,11.62,22.9,29.02,11.4,22.1
2023-05-17,3960.17,31.29,11.55,22.84,28.97,11.32,21.99
2023-05-18,3956.07,31.34,11.6,22.69,28.98,11.38,22.16
2023-05-19,3944.54,31.38,11.54,22.78,29.01,11.32,21.91
2023-05-22,3969.33,31.48,11.61,22.94,29.12,11.38,21.92
2023-05-23,3913.19,31.11,11.41,23.01,28.74,11.19,21.5
2023-05-24,3859.09,30.79,11.21,22.45,28.46,11.0,21.54
2023-05-25,3850.5,30.76,11.19,22.41,28.47,10.97,21.43
2023-05-26,3850.95,30.84,11.21,22.26,28.53,11.0,21.38
2023-05-29,3833.94,30.67,11.23,22.22,28.34,11.02,21.45
2023-05-30,3837.75,30.78,11.25,22.2,28.38,11.03,21.37
2023-05-31,3798.54,30.7,11.14,21.92,28.29,10.93,21.23
2023-06-01,3806.87,30.87,11.18,22.2,28.36,10.97,21.46
2023-06-02,3861.83,31.24,11.3,22.41,28.7,11.08,21.87
2023-06-05,3844.25,31.04,11.29,22.05,28.54,11.07,21.57
2023-06-06,3808.16,30.46,11.21,21.63,28.04,11.0,21.25
2023-06-07,3789.34,30.26,11.18,21.34,27.84,10.96,21.21
2023-06-08,3820.19,30.22,11.29,21.46,27.82,11.08,21.32
2023-06-09,3836.7,30.56,11.36,21.9,28.08,11.14,21.44
2023-06-12,3844.43,30.24,11.32,21.5,28.22,11.1,21.24
2023-06-13,3864.91,29.59,11.35,21.78,28.45,11.12,21.32
2023-06-14,3864.02,29.66,11.31,21.84,28.5,11.08,21.31
2023-06-15,3925.5,30.05,11.45,22.32,28.88,11.22,21.58
2023-06-16,3963.35,30.45,11.51,22.89,29.25,11.29,21.74
2023-06-19,3930.91,30.44,11.42,22.71,29.21,11.2,21.74
2023-06-20,3924.24,30.48,11.37,22.59,29.22,11.14,21.43
2023-06-21,3864.03,29.79,11.23,22.07,28.58,11.0,21.03
2023-06-26,3809.7,30.37,11.08,21.74,28.2,10.86,20.58
2023-06-27,3845.43,30.63,11.2,22.15,28.47,10.98,20.9
2023-06-28,3840.8,30.47,11.19,22.15,28.34,10.96,20.8
2023-06-29,3821.84,30.44,11.14,22.29,28.28,10.92,20.77
2023-06-30,3842.45,30.68,11.2,22.41,28.51,10.97,21.03
2023-07-03,3892.88,30.9,11.36,22.59,28.8,11.13,21.28
2023-07-04,3899.01,31.11,11.36,22.61,29.0,11.13,21.27
2023-07-05,3868.81,30.81,11.27,22.49,28.74,11.04,21.03
2023-07-06,3842.75,30.68,11.2,22.42,28.55,10.97,21.0
2023-07-07,3825.7,30.48,11.15,22.26,28.33,10.93,20.91
2023-07-10,3844.33,29.67,11.19,22.6,28.51,10.96,21.18
2023-07-11,3869.49,29.95,11.26,22.36,28.73,11.02,21.12
2023-07-12,3843.44,29.63,11.18,21.82,28.41,10.95,21.05
2023-07-13,3898.42,29.99,11.35,22.35,28.82,11.12,21.38
2023-07-14,3899.1,29.99,11.36,22.15,28.77,11.12,21.38
2023-07-17,3867.17,29.84,11.23,22.09,28.62,10.99,21.27
2023-07-18,3854.94,30.7,11.17,22.05,28.57,10.94,21.36
2023-07-19,3850.87,30.63,11.17,22.32,29.46,10.94,21.42
2023-07-20,3823.69,30.2,11.09,22.18,29.09,10.86,21.35
2023-07-21,3821.91,30.16,11.08,22.24,29.06,10.85,21.41
2023-07-24,3805.22,30.03,11.05,22.2,28.96,10.82,21.19
2023-07-25,3915.12,30.78,11.34,22.55,28.71,11.11,21.88
2023-07-26,3907.01,30.66,11.31,22.39,29.74,11.07,21.94
2023-07-27,3902.35,30.55,11.32,22.3,29.64,11.07,21.85
2023-07-28,3992.74,31.09,11.57,22.79,30.16,11.33,22.2
2023-07-31,4014.63,31.28,11.61,22.67,29.13,11.36,22.31
2023-08-01,3998.0,31.2,11.59,22.56,29.1,11.34,22.55
2023-08-02,3969.9,31.1,11.46,22.23,28.96,11.21,22.41
2023-08-03,4004.98,30.39,11.56,22.5,29.16,11.29,22.45
2023-08-04,4020.58,30.57,11.62,22.99,29.32,11.36,23.06
2023-08-07,3990.15,30.36,11.54,22.67,29.08,11.28,22.54
2023-08-08,3979.73,31.22,11.52,22.56,28.98,11.26,22.42
2023-08-09,3967.57,31.05,11.48,22.16,28.83,11.23,22.19
2023-08-10,3975.72,31.14,11.51,22.31,28.9,11.26,22.14
2023-08-11,3884.25,31.34,11.27,21.65,28.22,11.02,21.54
2023-08-14,3855.91,30.29,11.19,21.7,28.25,10.94,21.6
2023-08-15,3846.54,30.96,11.2,21.53,28.99,10.93,21.2
2023-08-16,3818.33,30.54,11.11,21.51,28.67,10.84,20.97
2023-08-17,3831.1,30.71,11.13,21.65,28.81,10.85,20.95
2023-08-18,3784.0,30.18,11.03,21.16,27.45,10.75,20.57
2023-08-21,3729.56,29.77,10.9,20.62,27.22,10.62,20.45
2023-08-22,3758.23,30.06,11.02,20.95,27.44,10.75,20.6
2023-08-23,3696.63,29.39,10.89,20.63,26.83,10.62,20.23
2023-08-24,3723.43,29.58,10.91,20.81,27.25,10.66,20.22
2023-08-25,3709.15,29.19,10.9,20.51,26.79,10.63,20.09
2023-08-28,3752.62,29.47,11.03,20.6,27.65,10.84,20.38
2023-08-29,3790.11,30.03,11.09,20.8,28.18,10.87,20.64
2023-08-30,3788.51,30.29,11.07,20.83,27.96,10.95,20.71
2023-08-31,3765.27,30.16,11.03,20.83,28.4,10.99,21.24
2023-09-01,3791.49,30.2,11.08,20.75,28.47,11.05,21.3
2023-09-04,3848.95,29.59,11.26,20.95,28.85,11.22,21.52
2023-09-05,3820.32,29.39,11.17,20.9,28.69,11.13,21.56
2023-09-06,3812.03,30.31,11.15,20.97,28.66,11.12,21.34
2023-09-07,3758.47,29.76,11.04,20.45,28.14,11.0,20.97
2023-09-08,3739.99,29.69,11.0,20.61,28.12,10.96,20.93
2023-09-11,3767.54,29.96,11.06,20.81,28.37,11.03,20.95
2023-09-12,3760.6,29.91,11.04,20.81,28.31,11.01,21.08
2023-09-13,3736.65,29.54,11.01,20.57,28.0,10.97,20.83
2023-09-14,3733.51,29.37,11.04,20.52,27.87,11.0,20.69
2023-09-15,3708.78,29.28,10.97,20.32,27.8,10.93,20.56
2023-09-18,3727.71,29.37,11.0,20.35,27.9,10.96,20.47
2023-09-19,3720.5,29.18,11.01,20.29,27.76,10.98,20.34
2023-09-20,3705.69,28.98,10.98,20.07,27.57,10.95,20.17
2023-09-21,3672.44,28.74,10.89,19.89,27.36,10.86,20.03
2023-09-22,3738.93,29.28,11.06,20.47,27.8,11.02,20.34
2023-09-25,3714.6,29.07,11.0,20.09,27.63,10.96,20.17
2023-09-26,3692.89,28.99,10.93,20.02,27.53,10.9,19.89
2023-09-27,3700.5,29.1,10.93,20.05,27.6,10.9,19.98
2023-09-28,3689.52,29.13,10.91,19.93,27.62,10.87,19.93
2023-10-09,3684.73,29.23,10.91,20.04,27.68,10.87,19.86
2023-10-10,3657.13,29.06,10.82,20.01,27.48,10.79,19.79
2023-10-11,3667.55,29.24,10.85,20.13,27.59,10.81,19.86
2023-10-12,3702.38,29.43,10.98,20.2,27.79,10.94,20.14
2023-10-13,3663.41,28.16,10.92,20.06,27.49,10.88,20.1
2023-10-16,3626.6,28.74,10.85,19.78,27.16,10.81,19.85
2023-10-17,3639.4,28.84,10.92,19.96,27.25,10.88,20.06
2023-10-18,3610.58,28.48,10.86,19.73,26.81,10.82,19.84
2023-10-19,3533.54,28.04,10.63,19.42,26.4,10.59,19.39
2023-10-20,3510.59,27.68,10.54,19.08,26.13,10.5,19.2
2023-10-23,3474.24,28.29,10.46,18.62,25.78,10.4,18.85
2023-10-24,3487.13,28.43,10.45,18.77,26.04,10.4,19.17
2023-10-25,3504.46,28.55,10.44,18.97,26.15,10.38,19.01
2023-10-26,3514.14,28.57,10.5,19.13,26.56,10.46,18.93
2023-10-27,3562.39,28.12,10.59,19.43,27.24,10.54,19.13
2023-10-30,3583.77,28.51,10.56,19.65,27.69,10.59,19.72
2023-10-31,3572.51,28.34,10.56,19.47,27.52,10.64,19.57
2023-11-01,3571.03,28.18,10.58,19.2,27.37,10.66,19.6
2023-11-02,3554.19,27.95,10.55,19.1,27.14,10.63,19.45
2023-11-03,3584.14,28.35,10.61,19.43,27.5,10.69,19.62
2023-11-06,3632.61,28.94,10.67,19.85,28.04,10.75,20.25
2023-11-07,3619.76,28.94,10.65,19.94,28.01,10.72,20.22
2023-11-08,3611.07,28.96,10.62,20.0,27.97,10.69,20.14
2023-11-09,3612.83,28.91,10.65,20.02,27.92,10.72,19.87
2023-11-10,3586.49,28.74,10.58,19.8,27.85,10.67,19.74
2023-11-13,3579.41,28.83,10.57,19.82,27.89,10.65,19.79
2023-11-14,3582.06,28.92,10.58,19.97,27.96,10.66,19.97
2023-11-15,3607.25,28.13,10.65,19.94,28.14,10.73,20.11
2023-11-16,3572.36,29.68,10.57,19.67,27.8,10.65,19.82
2023-11-17,3568.07,29.72,10.54,19.79,27.84,10.62,19.91
2023-11-20,3576.32,28.82,10.56,19.87,27.88,10.64,19.75
2023-11-21,3581.07,28.72,10.58,19.79,27.8,10.66,19.73
2023-11-22,3544.42,28.35,10.5,19.54,27.44,10.58,19.54
2023-11-23,3561.52,28.53,10.54,19.59,27.62,10.62,19.78
2023-11-24,3538.01,28.22,10.49,19.29,27.33,10.57,19.59
2023-11-27,3511.94,28.1,10.41,19.02,27.2,10.49,19.5
2023-11-28,3518.52,27.25,10.42,18.92,27.32,10.5,19.57
2023-11-29,3488.31,28.03,10.34,19.06,27.14,10.42,19.35
2023-11-30,3496.2,27.03,10.4,19.07,27.17,10.48,19.38
2023-12-01,3482.88,27.05,10.38,19.18,27.17,10.46,19.36
2023-12-04,3460.14,27.84,10.32,18.99,26.99,10.4,19.14
2023-12-05,3394.26,27.25,10.15,18.52,26.41,10.23,18.8
2023-12-06,3399.6,27.31,10.12,18.44,26.45,10.2,18.91
2023-12-07,3391.28,28.21,10.11,18.38,26.34,10.19,18.79
2023-12-08,3399.46,28.39,10.14,18.6,26.48,10.22,18.8
2023-12-11,3419.45,30.2,10.21,19.71,27.88,10.28,19.33
2023-12-12,3426.8,29.2,10.25,19.69,27.85,10.32,19.27
2023-12-13,3369.61,30.63,10.1,19.34,27.45,10.18,19.06
2023-12-14,3351.96,30.46,10.06,19.33,27.3,10.13,18.91
2023-12-15,3341.55,30.28,10.02,19.24,27.16,10.09,18.82
2023-12-18,3329.37,30.01,10.02,19.04,26.93,10.09,18.57
2023-12-19,3334.04,30.07,10.04,18.91,26.98,10.11,18.55
2023-12-20,3297.5,29.61,9.95,18.77,26.59,10.02,18.28
2023-12-21,3330.87,29.93,10.01,18.95,26.85,10.08,18.58
2023-12-22,3337.23,29.86,10.05,18.93,26.81,10.12,18.49
2023-12-25,3347.45,29.01,10.09,18.95,26.89,10.16,18.62
2023-12-26,3324.79,28.72,10.05,19.04,26.62,10.12,18.31
2023-12-27,3336.36,28.84,10.11,19.23,26.74,10.18,18.57
2023-12-28,3414.54,29.63,10.26,19.48,27.41,10.33,19.04
2023-12-29,3431.11,28.83,10.31,19.85,27.57,10.38,19.14
2024-01-02,3386.35,28.68,10.29,19.57,27.42,10.37,19.24
2024-01-03,3378.3,28.19,10.23,19.34,26.99,10.31,19.1
2024-01-04,3347.05,28.82,10.19,19.13,26.64,10.27,18.84
2024-01-05,3329.11,28.43,10.14,18.92,26.33,10.22,18.63
2024-01-08,3286.06,27.88,10.04,18.77,25.84,10.12,18.27
2024-01-09,3292.5,27.92,10.05,18.91,25.86,10.12,18.23
2024-01-10,3277.13,27.79,9.98,18.74,25.74,10.06,18.3
2024-01-11,3295.67,28.05,9.98,18.84,25.98,10.05,18.41
2024-01-12,3284.17,27.75,9.97,18.85,25.76,10.04,18.26
2024-01-15,3280.92,27.66,9.99,18.89,25.67,10.06,18.17
2024-01-16,3300.88,27.71,10.04,18.91,25.74,10.12,18.24
2024-01-17,3229.08,27.02,9.86,18.32,25.13,9.93,17.7
2024-01-18,3274.73,27.41,9.96,18.48,25.45,10.03,18.06
2024-01-19,3269.78,27.24,9.94,18.38,25.31,10.01,17.94
2024-01-22,3218.9,27.44,9.81,17.8,24.65,9.89,17.24
2024-01-23,3231.93,26.78,9.84,17.88,24.86,9.91,17.4
2024-01-24,3277.11,27.05,10.01,18.36,25.12,10.09,17.69
2024-01-25,3342.92,27.64,10.27,19.06,25.64,10.34,18.07
2024-01-26,3333.82,27.32,10.3,18.96,25.35,10.38,17.97
2024-01-29,3303.96,26.79,10.27,18.96,24.94,10.35,17.68
2024-01-30,3245.04,27.12,10.11,18.64,24.37,10.19,17.35
2024-01-31,3215.35,26.47,10.07,18.32,23.91,10.16,17.31
2024-02-01,3217.71,25.65,10.03,18.35,24.01,10.11,17.22
2024-02-02,3179.63,26.08,9.98,18.06,23.53,10.06,17.02
2024-02-05,3200.42,25.9,10.09,17.86,23.44,10.17,17.13
2024-02-06,3311.69,27.24,10.34,18.83,24.61,10.42,17.58
2024-02-07,3343.63,26.63,10.38,18.91,25.0,10.47,17.74
2024-02-08,3364.93,28.05,10.41,19.19,25.39,10.49,17.82
2024-02-19,3403.81,27.56,10.6,19.3,25.75,10.69,18.15
2024-02-20,3410.85,27.58,10.64,19.36,25.81,10.73,18.19
2024-02-21,3456.87,27.81,10.76,19.74,26.04,10.85,18.37
2024-02-22,3486.67,28.16,10.88,19.75,26.32,10.96,18.61
2024-02-23,3489.74,28.24,10.88,19.89,26.27,10.96,18.56
2024-02-26,3453.36,28.16,10.71,19.5,26.57,10.79,18.43
2024-02-27,3494.79,28.8,10.82,19.91,27.23,10.9,18.66
2024-02-28,3450.26,28.11,10.7,19.54,26.54,10.76,18.38
2024-02-29,3516.08,28.96,10.85,20.03,27.29,10.91,18.74
2024-03-01,3537.8,29.31,10.89,20.14,27.59,10.95,19.03
2024-03-04,3540.87,29.34,10.94,20.27,27.86,11.0,19.29
2024-03-05,3565.51,29.37,11.04,20.31,27.88,11.1,19.4
2024-03-06,3551.05,29.24,10.98,20.15,27.77,11.04,19.31
2024-03-07,3529.72,28.77,10.96,19.94,27.38,11.03,19.18
2024-03-08,3544.91,28.99,11.04,20.14,27.62,11.1,19.28
2024-03-11,3589.26,29.45,11.09,20.22,27.99,11.15,20.07
2024-03-12,3597.49,29.65,11.01,20.43,28.1,11.07,20.07
2024-03-13,3572.36,29.61,10.94,20.33,27.91,10.99,19.93
2024-03-14,3562.22,29.43,10.94,20.52,27.73,10.99,19.66
2024-03-15,3569.99,29.54,10.94,21.03,27.84,11.0,19.81
2024-03-18,3603.53,29.81,10.99,20.59,28.22,11.08,20.19
2024-03-19,3577.63,29.47,10.91,20.28,28.0,11.02,20.01
2024-03-20,3585.38,29.55,10.99,19.93,28.09,11.09,19.97
2024-03-21,3581.09,29.42,10.99,20.0,27.99,11.07,19.94
2024-03-22,3545.0,28.98,10.92,19.99,27.56,11.03,19.53
2024-03-25,3525.76,28.47,10.92,19.61,27.2,11.01,19.41
2024-03-26,3543.75,28.93,10.92,19.86,27.71,11.07,19.62
2024-03-27,3502.79,28.2,10.81,19.85,27.79,10.98,19.34
2024-03-28,3520.96,28.58,10.86,19.62,27.2,11.04,19.42
2024-03-29,3537.48,29.3,11.27,20.7,27.72,11.21,19.46
2024-04-01,3595.65,29.41,11.47,21.09,28.25,11.36,20.29
2024-04-02,3580.68,28.77,11.49,20.98,28.4,11.37,20.26
2024-04-03,3567.8,28.47,11.44,20.76,29.14,11.34,20.22
2024-04-08,3536.41,28.09,11.39,20.77,28.72,11.29,19.56
2024-04-09,3533.49,28.29,11.36,20.76,28.95,11.25,19.75
2024-04-10,3504.71,28.02,11.29,20.37,28.55,11.19,19.31
2024-04-11,3504.24,28.02,11.28,20.37,28.57,11.18,19.3
2024-04-12,3475.84,27.54,11.2,20.15,28.51,11.1,19.48
2024-04-15,3549.08,28.26,11.46,20.59,28.87,11.37,19.86
2024-04-16,3511.11,27.56,11.38,19.96,28.14,11.29,19.62
2024-04-17,3565.4,28.21,11.53,20.5,28.82,11.44,19.99
2024-04-18,3569.8,28.03,11.52,20.17,28.71,11.44,19.97
2024-04-19,3541.66,28.25,11.54,20.27,28.39,11.43,19.96
2024-04-22,3530.9,27.74,11.44,20.03,28.56,11.34,19.81
2024-04-23,3506.22,27.19,11.35,19.78,29.09,11.26,19.67
2024-04-24,3521.62,27.42,11.39,20.01,29.33,11.29,19.79
2024-04-25,3530.28,27.42,11.41,19.76,29.01,11.32,19.72
2024-04-26,3584.27,28.2,11.56,19.83,30.64,11.47,20.19
2024-04-29,3623.91,30.78,11.54,21.13,30.91,11.47,20.64
2024-04-30,3604.39,30.86,11.59,20.75,31.62,11.63,20.58
2024-05-06,3657.88,31.33,11.67,21.13,32.14,11.72,20.88
2024-05-07,3659.01,31.38,11.69,21.07,32.22,11.74,21.0
2024-05-08,3630.22,31.0,11.64,21.1,31.78,11.68,20.74
2024-05-09,3664.56,31.4,11.69,21.15,32.22,11.74,21.16
2024-05-10,3666.28,31.27,11.71,21.07,32.16,11.76,21.19
2024-05-13,3664.69,31.23,11.7,21.07,32.16,11.76,21.13
2024-05-14,3657.05,31.25,11.66,21.05,32.16,11.72,21.04
2024-05-15,3626.06,30.8,11.58,20.75,31.69,11.63,20.9
2024-05-16,3640.36,30.81,11.62,20.66,31.63,11.67,20.77
2024-05-17,3677.97,31.14,11.71,20.68,31.92,11.77,20.81
2024-05-20,3690.96,31.29,11.77,20.79,32.05,11.82,20.87
2024-05-21,3676.16,31.02,11.74,20.75,31.78,11.79,20.71
2024-05-22,3684.45,31.16,11.75,20.62,31.99,11.8,20.68
2024-05-23,3641.79,30.6,11.63,20.37,31.44,11.69,20.53
2024-05-24,3601.48,30.14,11.53,20.07,30.96,11.58,20.22
2024-05-27,3635.71,30.46,11.66,20.27,31.26,11.72,20.46
2024-05-28,3609.17,30.19,11.62,20.05,30.99,11.67,20.35
2024-05-29,3613.52,30.24,11.63,20.26,31.04,11.69,20.24
2024-05-30,3594.31,30.29,11.56,20.42,31.12,11.61,20.3
2024-05-31,3579.92,30.19,11.52,20.24,31.03,11.57,20.28
2024-06-03,3588.75,30.2,11.57,20.59,31.03,11.62,20.46
2024-06-04,3615.67,30.4,11.62,20.76,31.21,11.67,20.65
2024-06-05,3594.79,30.33,11.56,20.65,31.11,11.61,20.59
2024-06-06,3592.25,30.08,11.57,20.5,30.81,11.63,20.81
2024-06-07,3574.11,29.95,11.54,20.64,30.66,11.6,20.75
2024-06-11,3542.88,30.12,11.43,20.36,30.83,11.48,20.53
2024-06-12,3544.12,30.15,11.45,20.38,30.84,11.5,20.63
2024-06-13,3526.13,30.09,11.43,20.31,30.79,11.48,20.52
2024-06-14,3541.53,30.21,11.46,20.16,30.88,11.51,20.52
2024-06-17,3536.2,29.01,11.42,19.58,29.81,11.46,20.17
2024-06-18,3545.59,29.12,11.46,19.54,29.93,11.51,20.16
2024-06-19,3528.75,28.83,11.46,19.45,29.64,11.51,19.95
2024-06-20,3503.28,28.57,11.44,19.17,29.31,11.48,19.69
2024-06-21,3495.62,28.61,11.41,19.21,29.36,11.46,19.58
2024-06-24,3476.81,28.16,11.38,18.86,28.86,11.43,19.6
2024-06-25,3457.9,27.77,11.34,18.82,28.47,11.39,19.54
2024-06-26,3480.26,28.22,11.38,18.91,29.0,11.43,19.72
2024-06-27,3454.12,27.8,11.34,18.66,28.59,11.39,19.37
2024-06-28,3461.66,27.86,11.43,18.88,28.65,11.48,19.29
2024-07-01,3478.18,27.94,11.52,19.04,28.73,11.57,19.47
2024-07-02,3471.79,27.7,11.57,18.96,28.43,11.62,19.39
2024-07-03,3463.41,27.61,11.53,18.84,28.34,11.58,19.34
2024-07-04,3445.81,27.28,11.51,18.6,27.99,11.56,19.07
2024-07-05,3431.06,27.4,11.41,18.85,28.12,11.46,19.16
2024-07-08,3401.76,27.09,11.38,18.45,27.71,11.43,18.73
2024-07-09,3439.81,27.57,11.48,18.67,28.23,11.53,19.28
2024-07-10,3428.97,27.57,11.42,18.48,28.24,11.47,19.06
2024-07-11,3468.17,28.11,11.49,18.87,27.82,11.54,19.44
2024-07-12,3472.4,28.04,11.49,18.75,27.76,11.55,19.39
2024-07-15,3476.25,28.02,11.56,18.88,27.7,11.63,19.32
2024-07-16,3498.28,28.41,11.59,18.9,28.06,11.65,19.57
2024-07-17,3501.58,28.41,11.54,18.82,28.98,11.6,19.49
2024-07-18,3520.93,28.51,11.62,19.09,29.08,11.69,19.54
2024-07-19,3539.02,28.83,11.64,19.2,29.42,11.7,19.63
2024-07-22,3514.92,28.74,11.52,19.05,29.32,11.58,19.49
2024-07-23,3439.88,27.87,11.37,18.73,28.42,11.43,19.13
2024-07-24,3418.17,27.6,11.34,18.77,28.14,11.41,19.08
2024-07-25,3399.27,27.56,11.25,18.63,28.1,11.32,18.82
2024-07-26,3409.29,27.81,11.21,18.83,28.37,11.27,19.2
2024-07-29,3390.74,27.58,11.21,18.52,29.0,11.27,18.97
2024-07-30,3369.38,27.6,11.13,18.51,29.0,11.18,18.84
2024-07-31,3442.08,28.42,11.27,18.62,28.96,11.32,19.2
2024-08-01,3419.27,28.24,11.23,18.62,29.7,11.29,18.91
2024-08-02,3384.39,27.93,11.14,18.52,29.36,11.19,18.79
2024-08-05,3343.32,27.38,11.0,18.11,28.77,11.05,18.49
2024-08-06,3342.98,27.6,10.96,18.3,29.01,11.01,18.51
2024-08-07,3341.49,27.51,10.98,18.22,28.91,11.03,18.67
2024-08-08,3342.94,27.43,10.98,18.12,28.81,11.03,18.65
2024-08-09,3331.63,27.23,10.97,17.93,28.77,11.01,18.56
2024-08-12,3325.86,27.14,10.97,17.85,28.66,11.0,18.63
2024-08-13,3334.39,27.26,11.0,17.77,28.77,11.04,18.51
2024-08-14,3309.24,26.95,10.96,17.77,28.43,11.0,18.54
2024-08-15,3341.95,27.15,11.07,17.83,28.54,11.11,18.46
2024-08-16,3345.63,27.01,11.13,18.19,28.37,11.16,18.55
2024-08-19,3356.97,27.02,11.2,18.16,28.36,11.24,18.49
2024-08-20,3332.7,26.73,11.15,18.0,27.81,11.16,18.28
2024-08-21,3321.64,26.63,11.11,17.89,27.3,11.13,18.18
2024-08-22,3313.14,26.38,11.13,18.02,26.42,11.14,17.88
2024-08-23,3327.19,27.39,11.17,18.09,26.41,11.15,17.96
2024-08-26,3324.22,27.34,11.17,17.94,26.15,11.11,17.68
2024-08-27,3305.33,27.0,11.19,17.9,26.07,11.14,17.45
2024-08-28,3286.5,26.99,11.12,17.82,25.73,11.07,17.42
2024-08-29,3277.68,27.14,10.99,17.54,25.97,10.89,17.58
2024-08-30,3321.43,27.64,11.03,17.48,25.72,10.86,17.8
2024-09-02,3265.01,26.92,10.92,17.25,24.87,10.76,17.29
2024-09-03,3273.43,27.15,10.86,17.42,25.09,10.69,17.57
2024-09-04,3252.16,26.96,10.76,17.44,24.92,10.6,17.63
2024-09-05,3257.76,27.12,10.75,17.36,25.06,10.58,17.64
2024-09-06,3231.35,26.79,10.69,17.28,24.75,10.52,17.43
2024-09-09,3192.95,26.56,10.55,17.01,24.53,10.39,17.4
2024-09-10,3195.76,26.66,10.6,17.12,24.64,10.44,17.24
2024-09-11,3186.13,26.63,10.49,17.09,25.65,10.33,17.27
2024-09-12,3172.47,26.43,10.47,16.97,25.47,10.31,17.13
2024-09-13,3159.25,26.26,10.45,16.76,24.29,10.29,17.07
2024-09-18,3171.01,26.21,10.54,16.81,25.25,10.38,17.04
2024-09-19,3196.04,26.54,10.58,17.04,24.59,10.42,17.16
2024-09-20,3201.05,26.5,10.62,17.08,24.55,10.46,17.08
2024-09-23,3212.76,26.47,10.68,17.19,24.53,10.52,17.06
2024-09-24,3351.91,27.48,11.14,17.77,25.51,10.97,17.91
2024-09-25,3401.53,27.81,11.28,18.08,25.82,11.11,18.18
2024-09-26,3545.32,28.02,11.66,18.75,25.93,11.48,18.77
2024-09-27,3703.68,29.73,11.95,19.44,27.6,11.77,19.73
2024-09-30,4017.85,32.99,12.86,21.16,29.68,12.65,21.55
2024-10-08,4256.1,34.09,13.45,22.5,32.52,13.23,22.96
2024-10-09,3955.98,32.58,12.58,20.62,30.29,12.38,20.99
2024-10-10,3997.79,32.23,12.8,20.92,29.86,12.6,21.06
2024-10-11,3887.17,31.08,12.54,20.49,28.7,12.34,20.43
2024-10-14,3961.34,31.7,12.79,20.63,29.26,12.59,20.82
2024-10-15,3855.99,30.88,12.43,20.08,28.44,12.23,20.23
2024-10-16,3831.59,31.44,12.4,19.91,27.9,12.21,20.28
2024-10-17,3788.22,31.23,12.27,19.75,27.77,12.07,19.84
2024-10-18,3925.23,31.9,12.61,20.43,29.19,12.4,20.5
2024-10-21,3935.2,32.16,12.59,20.21,29.46,12.36,20.49
2024-10-22,3957.78,32.25,12.63,20.44,29.49,12.32,21.07
2024-10-23,3973.21,32.22,12.68,20.43,29.5,12.35,21.08
2024-10-24,3928.83,31.87,12.56,20.39,29.14,12.24,20.41
2024-10-25,3956.42,32.26,12.6,20.65,29.6,12.26,20.76
2024-10-28,3964.16,32.4,12.59,20.66,29.57,12.26,21.06
2024-10-29,3924.65,32.01,12.48,20.33,29.22,12.18,20.86
2024-10-30,3889.45,31.75,12.34,20.26,29.49,12.03,20.67
2024-10-31,3891.04,31.83,12.33,20.12,30.39,11.65,20.38
2024-11-01,3890.02,31.43,12.38,20.29,29.93,11.72,20.35
2024-11-04,3944.76,31.93,12.5,20.64,30.49,11.83,20.44
2024-11-05,4044.57,33.11,12.76,20.92,31.64,12.08,20.98
2024-11-06,4024.28,33.25,12.68,21.15,31.75,12.0,21.14
2024-11-07,4145.7,34.28,13.04,21.58,32.77,12.34,21.58
2024-11-08,4104.05,33.32,12.91,21.37,32.58,12.22,21.57
2024-11-11,4131.13,34.09,12.91,21.57,33.4,12.21,21.63
2024-11-12,4085.74,32.71,12.76,21.51,32.06,12.06,21.38
2024-11-13,4110.89,32.9,12.86,21.55,32.31,12.16,21.63
2024-11-14,4039.62,32.06,12.7,21.16,32.28,12.02,21.41
2024-11-15,3968.83,32.16,12.55,20.68,31.45,11.88,20.88
2024-11-18,3950.38,31.58,12.56,20.62,30.83,11.89,20.76
2024-11-19,3976.89,32.09,12.59,21.02,31.38,11.92,20.73
2024-11-20,3985.77,32.23,12.61,21.21,31.55,11.93,20.84
2024-11-21,3989.3,32.24,12.61,21.44,31.57,11.93,21.04
2024-11-22,3865.7,31.08,12.26,20.54,30.41,11.61,20.22
2024-11-25,3848.09,30.85,12.23,20.56,30.26,11.57,20.3
2024-11-26,3840.18,30.64,12.24,20.39,30.04,11.59,20.36
2024-11-27,3907.04,31.42,12.42,20.81,30.82,11.75,20.6
2024-11-28,3872.55,31.16,12.33,20.51,30.56,11.67,20.57
2024-11-29,3916.58,31.71,12.42,20.71,31.07,11.75,20.73
2024-12-02,3947.63,32.04,12.5,20.87,31.4,11.83,20.9
2024-12-03,3951.89,31.86,12.57,20.82,31.17,11.89,20.79
2024-12-04,3930.56,31.61,12.57,20.59,30.93,11.9,20.6
2024-12-05,3921.59,31.65,12.52,20.48,30.98,11.85,20.6
2024-12-06,3973.14,32.06,12.66,20.53,31.39,11.99,20.76
2024-12-09,3966.57,31.92,12.67,20.74,31.2,12.0,20.93
2024-12-10,3995.64,32.15,12.75,20.76,31.36,12.07,20.88
2024-12-11,3988.83,32.2,12.7,20.7,31.39,12.03,20.9
2024-12-12,4028.5,32.45,12.83,20.9,31.64,12.15,21.04
2024-12-13,3933.18,31.78,12.58,20.36,30.97,11.91,20.71
2024-12-16,3911.84,31.32,12.65,20.37,28.94,11.97,20.25
2024-12-17,3922.03,31.2,12.67,20.31,28.84,11.99,20.19
2024-12-18,3941.89,31.33,12.75,20.21,28.99,12.06,20.33
2024-12-19,3945.46,31.51,12.71,20.29,29.16,12.03,20.46
2024-12-20,3927.74,31.56,12.65,20.17,29.26,11.97,20.33
2024-12-23,3933.57,32.24,12.75,20.1,29.01,12.07,20.1
2024-12-24,3983.69,32.64,12.92,20.38,29.35,12.23,20.33
2024-12-25,3985.63,32.6,12.99,20.56,29.32,12.3,20.1
2024-12-26,3987.48,32.88,12.96,20.57,29.52,12.27,20.51
2024-12-27,3981.03,32.77,12.94,20.45,29.44,12.25,20.36
2024-12-30,3999.05,32.72,13.02,20.5,29.41,12.33,20.45
2024-12-31,3934.91,31.95,12.87,20.02,28.69,12.19,20.24
2025-01-02,3820.4,30.87,12.5,19.47,27.7,11.84,19.63
2025-01-03,3775.16,31.3,12.38,19.13,27.21,11.73,19.52
2025-01-06,3768.97,31.26,12.35,18.95,27.13,11.7,19.56
2025-01-07,3796.11,31.73,12.41,19.1,27.53,11.75,19.66
2025-01-08,3789.22,31.59,12.42,18.96,27.43,11.77,19.9
2025-01-09,3779.88,31.57,12.34,18.84,27.47,11.69,19.8
2025-01-10,3732.48,31.1,12.19,18.56,27.06,11.55,19.28
2025-01-13,3722.51,31.09,12.14,18.62,27.06,11.51,19.47
2025-01-14,3820.54,31.19,12.39,19.22,28.06,11.74,19.92
2025-01-15,3796.03,31.81,12.34,18.99,27.83,11.68,19.69
2025-01-16,3800.38,31.88,12.39,19.14,27.82,11.72,20.11
2025-01-17,3812.34,32.17,12.39,19.25,28.12,11.73,20.24
2025-01-20,3829.68,32.21,12.39,19.23,28.17,11.72,20.22
2025-01-21,3832.61,32.32,12.37,19.29,28.21,11.7,20.31
2025-01-22,3797.02,32.26,12.25,19.19,28.08,11.59,20.0
2025-01-23,3803.74,32.14,12.34,19.33,28.01,11.68,19.94
2025-01-24,3832.86,32.51,12.39,19.41,28.26,11.72,20.18
2025-01-27,3817.08,32.08,12.42,19.39,27.9,11.74,20.24
2025-02-05,3795.08,32.26,12.3,19.53,28.19,11.62,19.92
2025-02-06,3842.83,31.95,12.42,19.63,28.75,11.73,20.06
2025-02-07,3892.7,31.96,12.5,20.04,29.05,11.83,20.32
2025-02-10,3901.06,32.06,12.52,19.97,29.15,11.85,20.66
2025-02-11,3883.14,31.89,12.53,19.92,28.92,11.86,20.51
2025-02-12,3919.86,32.53,12.64,19.95,29.33,11.96,20.55
2025-02-13,3905.14,32.13,12.61,19.8,28.98,11.93,20.44
2025-02-14,3939.01,32.4,12.7,19.95,29.2,12.02,20.81
2025-02-17,3947.4,32.65,12.72,19.72,29.34,12.04,20.88
2025-02-18,3912.78,31.17,12.66,19.63,28.81,11.99,20.58
2025-02-19,3940.16,30.75,12.71,19.73,29.2,12.02,20.74
2025-02-20,3928.9,31.71,12.67,19.62,29.23,11.99,20.59
2025-02-21,3978.44,31.33,12.77,20.03,29.71,12.09,20.74
2025-02-24,3969.72,31.29,12.71,19.97,29.86,12.03,20.7
2025-02-25,3925.65,30.88,12.56,19.66,29.33,11.89,20.42
2025-02-26,3959.94,30.24,12.65,19.89,29.64,11.96,20.63
2025-02-27,3968.12,30.03,12.69,19.91,29.48,12.0,20.6
2025-02-28,3890.05,31.97,12.5,19.62,29.61,11.82,20.22
2025-03-03,3888.47,31.57,12.48,19.92,29.61,11.81,20.45
2025-03-04,3885.22,30.79,12.43,19.85,29.71,11.75,20.46
2025-03-05,3902.57,30.88,12.52,20.16,29.82,11.84,20.46
2025-03-06,3956.24,31.42,12.63,20.26,30.35,11.94,20.57
2025-03-07,3944.01,30.3,12.6,20.26,29.18,11.92,20.64
2025-03-10,3928.8,31.05,12.53,20.43,29.08,11.85,20.5
2025-03-11,3941.42,31.15,12.57,20.44,29.11,11.89,20.55
2025-03-12,3927.23,30.99,12.53,20.29,29.0,11.86,20.3
2025-03-13,3911.58,31.56,12.52,20.34,28.7,11.85,20.23
2025-03-14,4006.56,31.29,12.8,20.57,29.34,12.12,20.73
2025-03-17,3996.79,31.13,12.78,20.38,29.2,12.11,20.74
2025-03-18,4007.72,31.21,12.8,20.71,29.27,12.12,20.69
2025-03-19,4010.17,30.97,12.82,20.54,29.1,12.15,20.39
2025-03-20,3974.99,30.6,12.61,20.4,28.83,12.04,19.96
2025-03-21,3914.7,31.04,12.44,20.03,28.35,11.89,19.85
2025-03-24,3934.85,32.07,12.42,20.06,29.22,11.92,20.01
2025-03-25,3932.3,30.97,12.41,20.06,28.05,11.91,20.12
2025-03-26,3919.36,31.76,12.36,19.91,28.91,11.87,19.94
2025-03-27,3932.41,30.56,12.09,19.66,28.02,11.9,20.0
2025-03-28,3915.17,30.63,11.87,19.83,28.04,11.81,20.05
2025-03-31,3887.31,30.65,11.8,19.85,28.12,11.78,19.7
2025-04-01,3887.68,31.6,11.81,19.74,29.0,11.78,19.69
2025-04-02,3884.39,32.4,11.81,19.8,28.96,11.79,19.9
2025-04-03,3861.5,31.26,11.77,19.51,29.09,11.78,19.74
2025-04-07,3589.44,29.73,11.06,18.07,26.81,11.07,18.06
2025-04-08,3650.76,29.24,11.28,18.07,27.29,11.29,18.44
2025-04-09,3686.79,29.88,11.34,18.34,27.93,11.35,18.42
2025-04-10,3735.12,30.35,11.43,18.93,28.32,11.44,18.93
2025-04-11,3750.52,30.26,11.46,18.76,28.6,11.46,18.95
2025-04-14,3759.14,30.1,11.52,18.88,28.62,11.53,18.95
2025-04-15,3761.23,30.23,11.57,18.88,28.35,11.57,18.8
2025-04-16,3772.82,29.46,11.65,18.95,28.34,11.64,18.89
2025-04-17,3772.22,29.46,11.64,18.72,28.34,11.64,18.61
2025-04-18,3772.52,29.35,11.65,18.75,28.21,11.65,18.49
2025-04-21,3784.88,29.62,11.64,18.78,28.27,11.66,18.76
2025-04-22,3783.95,29.59,11.69,18.95,29.23,11.71,18.78
2025-04-23,3786.88,29.51,11.68,19.07,29.12,11.68,18.79
2025-04-24,3784.36,28.39,11.7,18.83,28.88,11.7,18.73
2025-04-25,3786.99,28.42,11.68,18.6,29.03,11.64,18.56
2025-04-28,3781.62,28.04,11.68,18.55,28.53,11.65,18.59
2025-04-29,3775.08,28.08,11.67,18.63,28.07,11.63,18.76
2025-04-30,3770.57,30.15,11.68,19.8,28.12,11.49,18.81
2025-05-06,3808.54,29.65,11.76,19.97,28.6,11.56,18.94
2025-05-07,3831.63,29.77,11.87,19.93,28.7,11.67,19.19
2025-05-08,3852.9,29.83,11.91,19.99,28.78,11.71,19.29
2025-05-09,3846.16,29.54,11.91,19.79,28.35,11.71,19.11
2025-05-12,3890.61,29.96,12.0,20.09,28.77,11.8,19.51
2025-05-13,3896.26,29.85,12.03,20.05,28.66,11.83,19.41
2025-05-14,3943.21,30.04,12.18,20.14,28.84,11.97,19.52
2025-05-15,3907.2,29.64,12.1,20.01,28.45,11.9,19.45
2025-05-16,3889.09,29.59,12.03,20.13,28.38,11.83,19.41
2025-05-19,3877.15,29.54,11.99,20.05,28.33,11.79,19.41
2025-05-20,3898.17,29.68,12.06,20.19,28.5,11.85,19.54
2025-05-21,3916.38,29.73,12.11,20.23,28.52,11.91,19.39
2025-05-22,3913.87,29.59,12.11,20.18,28.37,11.91,19.17
2025-05-23,3882.27,30.31,12.01,19.98,28.13,11.81,19.17
2025-05-26,3860.11,30.29,11.95,20.1,28.12,11.75,19.22
2025-05-27,3839.4,30.12,11.92,19.96,27.96,11.72,19.04
2025-05-28,3836.24,30.02,11.92,20.0,27.88,11.72,19.05
2025-05-29,3858.7,30.39,11.96,20.07,28.25,11.76,19.15
2025-05-30,3840.23,30.23,11.94,20.05,28.07,11.73,18.97
2025-06-03,3852.01,30.3,11.98,19.9,28.17,11.77,18.88
2025-06-04,3868.74,29.55,12.01,20.02,28.36,11.8,19.06
2025-06-05,3877.56,30.64,12.04,20.03,28.48,11.83,19.18
2025-06-06,3873.98,30.6,12.04,20.08,28.42,11.83,19.08
2025-06-09,3885.25,29.86,12.04,20.05,28.65,11.83,19.53
2025-06-10,3865.47,29.59,12.0,20.02,28.38,11.79,19.4
2025-06-11,3894.63,29.81,12.27,20.14,28.58,12.06,19.25
2025-06-12,3892.2,29.81,12.25,20.22,28.56,12.04,19.62
2025-06-13,3864.18,29.61,12.2,19.98,28.37,11.99,19.84
2025-06-16,3873.8,29.48,12.27,19.88,28.96,12.07,19.71
2025-06-17,3870.38,29.4,12.27,19.88,28.93,12.07,19.55
2025-06-18,3874.97,29.43,12.31,19.83,28.94,12.11,19.59
2025-06-19,3843.09,30.1,12.29,19.55,28.64,12.09,19.44
2025-06-20,3846.64,29.93,12.32,19.57,28.48,12.12,19.36
2025-06-23,3857.9,30.08,12.4,19.6,28.63,12.2,19.34
2025-06-24,3904.03,29.53,12.51,19.76,29.04,12.31,19.4
2025-06-25,3960.07,30.07,12.65,20.07,29.56,12.45,19.51
2025-06-26,3946.02,29.91,12.65,19.92,29.41,12.44,19.46
2025-06-27,3921.76,29.9,12.51,19.97,29.41,12.3,19.45
2025-06-30,3936.08,30.18,12.54,19.98,29.72,12.34,19.65
2025-07-01,3942.76,30.15,12.6,20.0,29.68,12.39,19.7
2025-07-02,3943.68,29.98,12.6,20.12,29.55,12.4,19.75
2025-07-03,3968.07,30.2,12.64,20.15,29.77,12.43,19.78
2025-07-04,3982.2,30.14,12.71,20.37,29.7,12.5,19.75
2025-07-07,3965.17,30.01,12.67,20.3,29.57,12.46,19.7
2025-07-08,3998.45,30.41,12.73,20.37,29.98,12.53,19.87
2025-07-09,3991.4,30.27,12.74,20.18,29.86,12.54,19.72
2025-07-10,4010.02,30.37,12.81,20.3,29.97,12.6,19.63
2025-07-11,4014.81,30.57,12.78,20.27,30.14,12.57,19.76
2025-07-14,4017.67,30.51,12.8,20.5,30.05,12.59,19.85
2025-07-15,4019.06,30.65,12.77,20.41,30.17,12.58,19.79
2025-07-16,4007.2,30.57,12.74,20.52,30.11,12.55,19.79
2025-07-17,4034.49,30.03,12.77,20.91,30.54,12.57,20.01
2025-07-18,4058.55,31.15,12.84,20.9,30.65,12.64,20.07
2025-07-21,4085.61,31.41,12.9,21.0,30.91,12.7,20.25
2025-07-22,4118.96,31.59,12.97,21.1,31.1,12.77,20.61
2025-07-23,4119.77,31.52,12.99,21.05,31.02,12.79,20.59
2025-07-24,4149.04,31.98,13.03,21.2,31.63,12.82,20.59
2025-07-25,4127.16,32.0,12.95,21.03,31.62,12.74,20.39
2025-07-28,4135.82,32.06,12.96,21.01,31.65,12.75,20.27
2025-07-29,4152.02,32.27,12.79,20.88,31.94,12.59,20.34
2025-07-30,4151.24,32.13,12.83,20.92,31.79,12.63,20.44
2025-07-31,4075.59,31.58,12.66,20.59,31.19,12.44,20.05
2025-08-01,4054.93,31.4,12.59,20.63,31.02,12.37,20.02
2025-08-04,4070.7,31.55,12.65,20.6,31.17,12.42,20.03
2025-08-05,4103.45,31.73,12.77,20.73,31.34,12.54,20.13
2025-08-06,4113.49,31.91,12.79,20.68,31.44,12.57,20.07
2025-08-07,4114.67,31.91,12.82,20.75,31.41,12.58,20.06
2025-08-08,4104.97,31.69,12.8,20.7,31.2,12.56,20.05
2025-08-11,4122.51,31.93,12.79,20.8,31.45,12.54,20.14
2025-08-12,4143.83,32.03,12.87,20.82,31.53,12.62,20.07
2025-08-13,4176.58,32.07,12.88,20.68,31.55,12.63,20.02
2025-08-14,4173.31,31.87,12.88,20.69,31.32,12.63,19.98
2025-08-15,4202.35,32.34,12.91,20.82,31.79,12.65,20.02
2025-08-18,4239.41,31.85,12.99,20.86,32.26,12.73,20.4
2025-08-19,4223.37,31.74,12.97,20.92,31.57,12.71,20.03
2025-08-20,4271.4,32.24,13.09,21.11,32.99,12.83,20.15
2025-08-21,4288.07,32.28,13.16,21.08,32.02,12.89,20.26
2025-08-22,4378.0,33.32,13.35,21.22,32.07,13.08,20.39
2025-08-25,4469.22,34.07,13.54,21.63,33.4,13.27,20.68
2025-08-26,4452.59,34.0,13.49,21.63,33.28,13.21,20.7
2025-08-27,4386.13,33.59,13.26,21.21,32.65,12.97,20.24
2025-08-28,4463.78,34.53,13.41,21.29,32.52,13.16,20.26
2025-08-29,4496.76,34.67,13.51,21.4,34.57,13.23,20.48
2025-09-01,4523.71,35.04,13.54,21.35,34.69,13.23,20.57
2025-09-02,4490.45,34.32,13.54,21.32,34.06,13.23,20.51
2025-09-03,4459.83,34.88,13.42,21.2,34.48,13.11,20.37
2025-09-04,4365.21,33.8,13.28,21.1,33.49,12.98,20.23
2025-09-05,4460.32,34.67,13.41,21.19,34.31,13.1,20.45
2025-09-08,4467.57,34.96,13.42,21.49,34.61,13.11,20.79
2025-09-09,4436.26,34.44,13.34,21.35,34.14,13.03,20.78
2025-09-10,4445.36,34.54,13.38,21.16,34.2,13.08,20.6
2025-09-11,4548.03,35.59,13.6,21.3,35.11,13.29,20.82
2025-09-12,4522.0,35.56,13.54,21.34,35.06,13.24,20.83
2025-09-15,4533.06,35.75,13.55,21.44,35.26,13.24,20.82
2025-09-16,4523.34,34.9,13.5,21.38,35.38,13.2,20.78
2025-09-17,4551.02,35.09,13.57,21.39,35.57,13.26,20.81
2025-09-18,4498.11,34.91,13.38,21.12,35.38,13.08,20.43
2025-09-19,4501.92,35.79,13.39,21.24,35.4,13.08,20.41
2025-09-22,4522.61,35.19,13.39,21.11,35.7,13.09,20.33
2025-09-23,4519.78,34.97,13.44,20.94,35.46,13.14,20.26
2025-09-24,4566.07,35.53,13.51,21.23,35.96,13.21,20.45
2025-09-25,4593.49,34.75,13.55,21.65,36.12,13.24,20.54
2025-09-26,4550.05,35.34,13.46,22.11,35.87,13.16,20.61
2025-09-29,4620.05,35.95,13.6,22.5,35.4,13.3,20.98
2025-09-30,4640.69,35.4,13.63,22.74,35.8,13.32,21.13
2025-10-09,4709.48,36.11,13.81,23.06,36.46,13.5,21.48
2025-10-10,4616.83,37.01,13.66,22.66,35.52,13.36,21.18
2025-10-13,4593.98,37.05,13.6,22.55,35.43,13.3,21.02
2025-10-14,4539.06,36.14,13.57,22.51,34.62,13.26,20.69
2025-10-15,4606.29,36.61,13.72,22.72,35.07,13.4,20.88
2025-10-16,4618.42,36.42,13.81,22.47,34.95,13.5,20.95
2025-10-17,4514.23,35.41,13.58,21.99,34.02,13.27,20.7
2025-10-20,4538.22,35.67,13.66,21.74,36.16,13.33,20.8
2025-10-21,4607.87,36.25,13.82,22.12,35.63,13.47,20.88
2025-10-22,4592.57,35.94,13.83,22.12,35.34,13.47,20.78
2025-10-23,4606.34,35.89,13.89,21.95,35.3,13.53,21.03
2025-10-24,4660.68,36.57,13.99,22.28,35.76,13.62,20.93
2025-10-27,4716.02,36.18,14.15,22.13,36.27,13.75,21.0
2025-10-28,4691.97,37.04,14.11,22.04,36.73,13.7,20.78
2025-10-29,4747.84,37.64,14.2,22.57,36.23,13.7,21.11
2025-10-30,4709.91,37.24,14.11,22.31,34.72,13.57,20.86
2025-10-31,4640.67,36.65,13.92,21.93,31.66,13.19,20.44
2025-11-03,4653.4,36.65,14.01,22.07,31.74,13.28,20.41
2025-11-04,4618.7,36.21,13.98,21.99,31.4,13.25,20.3
2025-11-05,4627.26,36.18,13.98,21.68,31.41,13.26,20.11
2025-11-06,4693.4,36.73,14.12,21.99,31.86,13.39,20.17
2025-11-07,4678.79,36.63,14.08,22.04,31.77,13.35,20.12
2025-11-10,4695.05,36.72,14.15,22.3,31.88,13.41,20.51
2025-11-11,4652.17,36.27,14.07,22.24,32.52,13.33,20.33
2025-11-12,4645.91,36.01,14.12,22.1,31.25,13.38,20.29
2025-11-13,4702.07,36.45,14.2,22.3,31.62,13.46,20.57
2025-11-14,4628.14,35.75,14.04,22.03,32.0,13.31,20.33
2025-11-17,4598.05,35.65,13.93,21.9,31.87,13.2,20.35
2025-11-18,4568.19,35.39,13.85,21.69,31.62,13.13,20.24
2025-11-19,4588.29,35.31,13.96,21.62,31.53,13.23,20.19
2025-11-20,4564.95,35.08,13.94,21.56,31.31,13.22,20.14
2025-11-21,4453.61,34.06,13.69,21.41,30.39,12.98,19.98
2025-11-24,4448.05,34.18,13.63,21.24,30.45,12.92,19.93
2025-11-25,4490.4,34.48,13.74,21.26,30.68,13.02,19.83
2025-11-26,4517.63,34.61,13.74,21.25,30.83,13.02,19.83
2025-11-27,4515.4,34.6,13.77,21.26,30.81,13.05,19.72
2025-11-28,4526.66,34.83,13.76,21.24,30.99,13.04,19.85
2025-12-01,4576.49,35.29,13.86,21.4,30.37,13.14,20.34
2025-12-02,4554.33,35.01,13.84,21.33,31.11,13.12,20.16
2025-12-03,4531.05,34.84,13.76,21.41,30.96,13.04,20.12
2025-12-04,4546.57,34.97,13.78,21.39,30.04,13.06,20.09
2025-12-05,4584.54,35.25,13.84,21.66,30.25,13.12,20.05
2025-12-08,4621.75,35.64,13.9,21.52,30.54,13.18,20.14
2025-12-09,4598.22,35.48,13.85,21.11,30.34,13.13,19.89
2025-12-10,4591.83,35.6,13.79,21.21,30.43,13.07,19.94
2025-12-11,4552.18,35.12,13.7,21.0,30.01,12.99,19.73
2025-12-12,4580.95,35.38,13.73,21.18,30.21,13.02,20.12
2025-12-15,4552.06,37.9,13.82,21.15,32.36,13.08,20.22
2025-12-16,4497.55,37.43,13.7,20.98,31.9,12.97,20.0
2025-12-17,4579.88,38.26,13.88,21.18,32.62,13.14,20.34
2025-12-18,4552.79,37.87,13.88,21.24,32.26,13.14,20.32
2025-12-19,4568.18,38.1,13.89,21.41,32.47,13.15,20.42
2025-12-22,4611.62,38.74,13.98,21.4,32.98,13.23,20.48
2025-12-23,4620.73,38.66,14.02,21.26,32.03,13.27,20.43
2025-12-24,4634.06,39.04,14.04,21.55,33.31,13.29,20.63
2025-12-25,4642.54,39.15,14.06,21.69,33.39,13.31,20.65
2025-12-26,4657.24,39.31,14.07,21.98,33.47,13.32,20.74
2025-12-29,4639.37,39.25,14.07,21.93,32.41,13.32,20.62
2025-12-30,4651.28,38.55,14.1,22.2,32.5,13.35,20.75
2025-12-31,4629.94,38.4,14.09,22.18,32.38,13.34,20.76
2026-01-05,4717.75,39.22,14.24,22.21,33.04,13.49,21.04
2026-01-06,4790.69,39.86,14.43,22.76,33.65,13.66,21.73
2026-01-07,4776.67,39.85,14.35,22.46,33.59,13.58,21.46
2026-01-08,4737.65,39.75,14.25,22.43,33.54,13.49,21.28
2026-01-09,4758.92,40.09,14.31,22.74,33.85,13.54,21.82
2026-01-12,4789.92,40.72,14.37,22.72,34.45,13.6,21.91
2026-01-13,4761.03,40.16,14.35,22.69,33.94,13.59,21.66
2026-01-14,4741.93,39.33,14.25,23.16,34.0,13.48,21.85
2026-01-15,4751.43,39.43,14.23,22.88,34.03,13.46,21.89
2026-01-16,4731.87,40.44,14.14,22.52,34.06,13.38,22.05
2026-01-19,4734.46,39.61,14.13,22.64,34.18,13.37,22.19
2026-01-20,4718.88,39.28,14.15,22.61,34.08,13.4,22.09
2026-01-21,4723.07,39.61,14.1,22.71,34.39,13.35,22.22
2026-01-22,4723.71,39.77,14.09,22.85,34.52,13.34,22.13
2026-01-23,4702.5,39.77,14.0,23.66,35.59,13.25,22.23
2026-01-26,4706.96,39.59,14.08,23.45,35.31,13.32,22.04
2026-01-27,4705.69,39.7,14.07,22.97,35.3,13.31,21.83
2026-01-28,4717.99,39.91,14.14,22.66,35.4,13.38,21.8
2026-01-29,4753.87,39.79,14.26,23.22,35.36,13.5,21.89
2026-01-30,4706.34,39.51,14.13,22.74,35.0,13.37,21.54
2026-02-02,4605.98,38.39,13.86,22.23,33.33,13.12,21.07
2026-02-03,4660.11,39.14,13.92,22.87,33.92,13.18,21.02
2026-02-04,4698.68,39.98,14.09,23.24,33.96,13.33,21.35
2026-02-05,4670.42,39.65,14.04,23.32,33.59,13.29,21.56
2026-02-06,4643.6,39.52,14.0,23.18,33.47,13.25,21.45
2026-02-09,4719.06,39.42,14.15,23.54,34.15,13.39,21.53
2026-02-10,4724.3,39.71,14.19,23.38,34.32,13.43,21.57
2026-02-11,4713.82,39.63,14.19,23.65,34.18,13.43,21.74
2026-02-12,4719.58,39.83,14.16,24.04,34.43,13.4,21.69
2026-02-13,4660.41,39.56,13.97,23.14,34.06,13.22,21.19
2026-02-24,4707.54,40.9,14.12,23.85,34.38,13.36,21.65
2026-02-25,4735.89,41.17,14.15,24.04,34.67,13.4,21.86
2026-02-26,4726.87,40.54,14.09,24.03,34.92,13.35,21.8
2026-02-27,4710.65,40.34,14.07,23.94,35.0,13.33,21.84
2026-03-02,4728.67,40.23,14.23,23.56,34.8,13.48,22.65
2026-03-03,4655.9,39.92,14.25,23.06,33.73,13.5,22.44
2026-03-04,4602.62,40.51,14.09,22.92,34.38,13.34,22.28
2026-03-05,4647.69,40.88,14.15,23.16,34.68,13.4,22.27
2026-03-06,4660.44,40.06,14.16,23.52,33.84,13.41,22.27
2026-03-09,4615.46,40.55,14.13,23.14,34.39,13.38,22.22
2026-03-10,4674.76,40.62,14.08,23.48,34.47,13.37,22.28
2026-03-11,4704.5,40.5,14.17,23.77,34.48,13.48,22.59
2026-03-12,4687.56,40.19,14.17,23.55,34.3,13.48,22.68
2026-03-13,4669.14,39.72,14.18,22.91,33.9,13.52,22.37
2026-03-16,4671.56,39.72,14.17,22.92,33.88,13.52,22.31
2026-03-17,4637.44,39.3,14.14,23.13,33.6,13.48,21.92
2026-03-18,4658.33,39.63,14.16,23.14,33.8,13.5,21.57
2026-03-19,4583.25,38.75,14.07,22.56,33.04,13.42,21.25
2026-03-20,4567.02,38.31,14.03,22.75,32.66,13.36,20.91
2026-03-23,4418.0,37.74,13.62,21.91,31.49,12.97,20.65
2026-03-24,4474.72,38.18,13.72,21.87,31.93,13.08,20.6
2026-03-25,4537.47,38.72,13.81,21.76,32.45,13.2,21.07
2026-03-26,4477.53,37.96,13.56,21.63,31.86,13.13,20.94
2026-03-27,4502.57,37.81,13.55,21.24,32.1,13.23,21.25
2026-03-30,4491.95,36.52,13.49,20.91,32.57,13.29,21.21
2026-03-31,4450.05,35.49,13.42,20.93,32.57,13.3,21.03
2026-04-01,4526.07,36.23,13.53,21.26,33.34,13.42,21.64
2026-04-02,4478.91,35.55,13.47,20.8,33.29,13.36,21.3
2026-04-03,4440.79,35.36,13.34,20.71,33.03,13.24,20.97
2026-04-07,4440.62,36.46,13.34,20.71,34.14,13.23,21.06
2026-04-08,4595.56,36.61,13.59,21.2,34.48,13.49,21.64
2026-04-09,4566.22,36.41,13.51,20.9,34.23,13.42,21.69
2026-04-10,4636.57,36.83,13.62,21.08,34.76,13.52,21.75
2026-04-13,4646.15,37.12,13.67,21.13,34.71,13.56,21.65
2026-04-14,4701.28,37.61,13.79,21.15,35.07,13.67,21.74
2026-04-15,4685.25,36.99,13.77,21.29,34.73,13.65,21.6
2026-04-16,4736.61,37.38,13.85,21.49,35.12,13.72,21.75
2026-04-17,4728.67,37.56,13.81,21.18,35.1,13.69,21.46
2026-04-20,4757.44,37.54,13.91,21.02,35.0,13.8,21.53
2026-04-21,4768.0,37.5,13.95,21.12,34.96,13.85,21.46
2026-04-22,4799.63,38.44,14.0,21.2,35.67,13.87,21.58
2026-04-23,4786.33,38.08,13.99,21.36,35.42,13.87,21.48
2026-04-24,4769.37,37.62,13.95,21.37,35.21,13.81,21.33
2026-04-27,4770.95,37.31,13.95,21.04,34.85,13.81,21.14
2026-04-28,4758.21,36.9,13.98,21.55,33.05,13.81,21.13
2026-04-29,4810.35,36.81,14.1,22.36,33.34,13.9,21.22
2026-04-30,4807.31,36.94,14.07,22.13,33.35,13.85,21.26
2026-05-06,4877.09,34.92,14.23,22.78,33.16,13.99,21.67
2026-05-07,4900.51,36.15,14.21,22.89,33.43,13.97,21.59
2026-05-08,4871.91,36.98,14.14,22.86,33.29,13.91,21.95
2026-05-11,4951.84,36.77,14.29,22.9,33.93,14.05,21.42
2026-05-12,4948.05,36.55,14.26,22.53,33.84,14.02,21.18
2026-05-13,4998.34,37.08,14.33,22.73,33.42,14.09,21.39
2026-05-14,4914.6,38.08,14.17,21.96,33.61,13.93,20.89
2026-05-15,4859.59,37.61,14.06,22.26,33.16,13.82,20.74
2026-05-18,4833.52,37.57,14.01,21.53,33.08,13.78,20.56
2026-05-19,4852.88,37.9,14.08,21.56,32.49,13.85,20.82
2026-05-20,4850.7,37.98,14.03,21.36,32.59,13.79,20.42
2026-05-21,4783.1,37.21,13.86,20.82,32.93,13.63,20.08
2026-05-22,4845.1,37.77,13.95,21.09,34.39,13.72,20.0
2026-05-25,4921.6,37.62,14.1,21.1,33.19,13.86,20.05
2026-05-26,4947.85,37.59,14.16,21.65,33.2,13.93,20.37
2026-05-27,4908.17,39.02,14.04,21.35,33.83,13.81,20.09
2026-05-28,4914.21,39.01,14.03,21.11,33.86,13.8,19.81
2026-05-29,4892.12,39.19,14.03,20.6,33.29,13.8,19.79
2026-06-01,4844.26,38.81,13.99,20.6,33.76,13.76,19.96
2026-06-02,4914.56,39.12,14.14,20.92,33.04,13.91,19.96
2026-06-03,4938.81,39.37,14.16,21.07,33.21,13.93,19.81
2026-06-04,4904.75,38.21,14.02,20.59,33.11,13.8,19.79
2026-06-05,4816.92,37.52,13.87,20.48,32.43,13.65,19.83
2026-06-08,4713.64,36.35,13.73,20.22,32.32,13.51,19.44
2026-06-09,4801.81,37.31,13.86,20.23,33.16,13.63,19.52
2026-06-10,4748.59,37.62,13.78,19.91,32.64,13.56,19.13
2026-06-11,4722.41,36.47,13.74,19.56,32.48,13.52,18.97
2026-06-12,4777.32,36.96,13.9,20.08,32.9,13.68,19.2
2026-06-15,4891.71,40.4,14.32,21.31,35.52,14.06,20.56
2026-06-16,4884.23,40.69,14.22,21.09,35.76,13.96,20.26
2026-06-17,4931.39,42.32,14.26,21.32,36.41,14.0,20.53
2026-06-18,4941.6,42.47,14.17,20.88,36.56,13.91,20.01
2026-06-22,5059.66,42.71,14.45,21.2,36.46,14.19,20.5
2026-06-23,4919.39,42.51,14.18,20.59,35.56,13.93,20.13
2026-06-24,4943.02,41.06,14.15,20.3,36.88,13.9,19.87
2026-06-25,5020.1,41.66,14.23,20.24,36.67,13.98,20.2
2026-06-26,4868.22,40.45,13.87,19.89,36.49,13.62,19.86
2026-06-29,4926.92,40.84,14.01,20.1,35.88,13.76,19.53
2026-06-30,4979.43,41.57,14.02,20.14,36.52,13.77,19.61
2026-07-01,4958.98,41.58,14.03,20.09,37.41,13.77,19.89
2026-07-02,4812.3,42.92,13.76,19.93,35.98,13.51,19.56
2026-07-03,4842.17,42.32,13.85,20.2,36.25,13.6,19.84
2026-07-06,4842.0,42.07,13.92,20.22,36.15,13.67,20.04
2026-07-07,4792.26,40.46,13.84,19.82,35.65,13.59,19.76
2026-07-08,4755.53,39.96,13.83,19.85,35.32,13.58,19.73
2026-07-09,4876.31,41.12,14.03,19.87,35.46,13.78,19.66
2026-07-10,4780.79,39.56,13.88,20.18,34.8,13.63,19.7
2026-07-13,4695.38,38.25,13.79,19.87,34.63,13.54,19.23
2026-07-14,4796.5,39.74,14.0,20.05,35.17,13.75,19.47
2026-07-15,4786.78,40.16,14.02,20.38,35.72,13.77,19.93
2026-07-16,4698.43,39.4,13.81,20.2,36.03,13.56,20.38
2026-07-17,4529.1,37.58,13.54,19.78,34.39,13.3,19.84
2026-07-20,4598.32,38.44,13.86,20.37,34.4,13.61,20.31
2026-07-21,4739.23,38.23,14.03,20.55,34.94,13.78,20.57
2026-07-22,4717.24,39.11,14.06,21.03,34.86,13.81,20.54
2026-07-23,4728.0,39.88,14.11,21.3,35.65,13.86,20.56
2026-07-24,4649.19,39.02,13.93,20.52,34.92,13.68,20.15
2026-07-27,4702.43,39.64,14.03,20.88,35.44,13.76,20.34
2026-07-28,4569.52,38.2,13.87,20.6,34.15,13.61,20.04
2026-07-29,4600.26,38.29,13.91,20.98,34.26,13.64,20.25
2026-07-30,4549.72,37.45,13.93,21.07,33.44,13.66,20.07
2026-07-31,4588.2,38.26,13.95,21.24,34.13,13.68,20.37
2026-08-03,4543.18,37.69,13.82,21.17,33.64,13.55,20.33
2026-08-04,4600.93,38.48,13.8,21.31,34.29,13.52,20.28
2026-08-05,4658.15,39.56,13.88,21.49,35.15,13.61,20.34
2026-08-06,4651.31,39.63,13.9,21.37,35.22,13.63,20.35
2026-08-07,4694.44,40.23,13.99,21.33,35.75,13.71,20.69
