date,open,high,low,close,volume,amount
2007-01-15,2084.35,2197.27,2084.35,2197.14,105156254,80703234048.0
2007-01-16,2218.7,2264.09,2205.81,2263.73,124438673,98532483072.0
2007-01-17,2270.91,2302.66,2183.06,2225.5,147848427,118384091136.0
2007-01-18,2210.6,2250.0,2166.39,2244.06,129598067,102103179264.0
2007-01-19,2249.91,2321.36,2249.91,2321.36,141259191,110490787840.0
2007-01-22,2348.66,2417.3,2348.66,2417.01,157482195,122798850048.0
2007-01-23,2431.74,2437.31,2339.58,2430.22,163417792,132412964864.0
2007-01-24,2430.25,2472.55,2410.73,2456.74,135474920,114206203904.0
2007-01-25,2435.86,2443.67,2364.44,2367.27,129230811,109414637568.0
2007-01-26,2332.14,2425.71,2268.02,2415.02,123413414,102054002688.0
2007-01-29,2431.5,2482.3,2426.16,2481.14,131098748,110333026304.0
2007-01-30,2490.99,2502.03,2441.69,2461.32,128459216,106648117248.0
2007-01-31,2454.52,2459.11,2292.92,2309.14,129956061,104773656576.0
2007-02-01,2277.57,2336.07,2238.0,2322.05,107416941,85156724736.0
2007-02-02,2324.6,2331.84,2236.18,2240.11,97987764,79287869440.0
2007-02-05,2227.58,2254.46,2201.99,2226.79,77721617,62477488128.0
2007-02-06,2228.02,2271.65,2171.47,2271.17,97886833,81921163264.0
2007-02-07,2284.72,2335.11,2284.72,2321.07,108433441,92304875520.0
2007-02-08,2327.94,2366.43,2308.84,2361.53,101710437,85078179840.0
2007-02-09,2364.09,2369.55,2332.16,2353.79,92677354,76242624512.0
2007-02-12,2355.3,2432.94,2354.8,2432.79,91180674,76722462720.0
2007-02-13,2445.07,2473.38,2437.49,2471.23,89692645,75028889600.0
2007-02-14,2475.57,2540.14,2468.93,2533.05,106842861,89685778432.0
2007-02-15,2551.26,2612.26,2551.26,2611.84,123147789,104517304320.0
2007-02-16,2633.82,2665.3,2607.56,2625.09,129965536,111554150400.0
2007-02-26,2630.92,2673.86,2596.39,2673.16,123494645,107424538624.0
2007-02-27,2683.78,2687.34,2425.65,2428.06,180141061,154021609472.0
2007-02-28,2386.63,2528.43,2386.63,2519.74,135847601,115017826304.0
2007-03-01,2527.12,2527.17,2417.8,2453.43,140987795,115887153152.0
2007-03-02,2449.49,2504.42,2438.65,2490.61,105184910,88124096512.0
2007-03-05,2488.12,2526.22,2396.08,2467.99,118053466,99459866624.0
2007-03-06,2459.49,2518.44,2442.45,2502.27,85954819,75070103552.0
2007-03-07,2514.09,2571.65,2514.09,2569.82,96951658,86572933120.0
2007-03-08,2577.76,2612.3,2547.27,2611.76,98463625,87296581632.0
2007-03-09,2616.29,2627.43,2570.95,2600.46,118443031,105323077632.0
2007-03-12,2602.09,2618.92,2557.89,2618.58,113836013,100167303168.0
2007-03-13,2623.21,2647.11,2609.99,2644.15,119385071,103865982976.0
2007-03-14,2615.91,2636.17,2548.65,2607.61,125532360,110428807168.0
2007-03-15,2605.09,2656.64,2605.09,2656.46,114788295,103841406976.0
2007-03-16,2666.32,2675.14,2582.96,2613.28,130964982,119857938432.0
2007-03-19,2539.14,2678.06,2527.89,2664.51,121633448,111672786944.0
2007-03-20,2674.5,2690.37,2658.4,2689.09,104808710,98244149248.0
2007-03-21,2701.56,2723.48,2682.57,2723.28,112889713,108975226880.0
2007-03-22,2739.26,2761.28,2721.63,2730.32,139313773,133388312576.0
2007-03-23,2729.97,2746.56,2677.5,2743.1,126184275,120651071488.0
2007-03-26,2754.13,2801.38,2747.71,2801.23,132811548,126593540096.0
2007-03-27,2807.53,2833.2,2790.56,2828.61,137682928,134454648832.0
2007-03-28,2833.23,2849.38,2716.75,2830.08,179219310,171315019776.0
2007-03-29,2833.79,2843.36,2792.18,2792.34,162562038,161839529984.0
2007-03-30,2777.36,2814.61,2761.41,2798.94,98913124,98040627200.0
2007-04-02,2810.28,2866.62,2810.28,2866.62,106921471,111051710464.0
2007-04-03,2878.2,2907.12,2869.02,2907.06,123781478,130364358656.0
2007-04-10,3082.6,3105.61,3012.5,3105.6,164444951,181408399360.0
2007-04-11,3114.95,3147.37,3081.82,3147.18,169393707,190990598144.0
2007-04-12,3154.69,3207.59,3141.02,3207.5,157242633,183291510784.0
2007-04-13,3213.85,3241.49,3179.81,3195.01,168188189,200192573440.0
2007-04-16,3202.05,3284.66,3202.05,3284.33,148325798,174785937408.0
2007-04-17,3303.34,3332.4,3220.55,3329.67,183251342,214320824320.0
2007-04-18,3341.17,3373.58,3298.42,3367.84,173040707,206041858048.0
2007-04-19,3361.26,3361.26,3116.96,3200.01,193284311,225697005568.0
2007-04-20,3216.65,3356.17,3216.65,3347.79,156721014,185218514944.0
2007-04-23,3391.89,3497.28,3391.89,3495.23,183679019,220442918912.0
2007-04-24,3526.23,3559.08,3478.44,3515.2,196457326,243280920576.0
2007-04-25,3500.75,3531.24,3436.99,3513.5,164969941,202456875008.0
2007-04-26,3528.5,3559.52,3502.62,3559.23,134431039,171992514560.0
2007-04-27,3565.9,3571.17,3503.69,3540.14,138996038,181576155136.0
2007-04-30,3549.26,3629.0,3537.69,3620.35,159874015,214809722880.0
2007-05-08,3705.39,3769.82,3682.52,3761.52,179912706,242153324544.0
2007-05-09,3775.48,3793.24,3622.77,3774.91,223700857,290653470720.0
2007-05-10,3777.68,3817.06,3743.96,3799.39,183933844,236207849472.0
2007-05-11,3771.79,3791.68,3706.59,3778.42,149204513,207189082112.0
2007-05-14,3723.63,3841.71,3694.1,3808.25,149849430,211431079936.0
2007-05-15,3813.3,3827.58,3672.54,3677.98,157580362,217952550912.0
2007-05-16,3668.88,3779.08,3625.64,3778.79,141788662,195858857984.0
2007-05-17,3797.75,3877.61,3786.76,3862.79,152965181,215847026688.0
2007-05-18,3856.72,3891.28,3830.43,3864.51,141628598,196976001024.0
2007-05-21,3734.74,3944.97,3725.91,3936.93,170100395,237979303936.0
2007-05-22,3959.54,4012.17,3959.54,3989.42,190268871,267305025536.0
2007-05-23,4002.73,4070.89,3977.86,4070.52,172813171,246813491200.0
2007-05-24,4087.53,4106.26,3983.81,4053.53,196949545,284281044992.0
2007-05-25,4041.52,4134.21,4018.92,4121.69,166625283,249808715776.0
2007-05-28,4172.28,4234.45,4165.76,4214.41,195198286,298502488064.0
2007-05-29,4233.2,4308.9,4212.59,4308.66,188901333,287877201920.0
2007-05-30,4022.74,4235.36,3966.87,4000.71,213369445,323274768384.0
2007-05-31,3926.93,4059.09,3761.31,3986.66,200523556,290741354496.0
2007-06-01,4003.92,4059.13,3797.65,3819.29,185981453,278622666752.0
2007-06-04,3805.94,3825.0,3510.14,3516.65,135697455,184168792064.0
2007-06-05,3392.73,3619.89,3244.98,3619.45,184181269,222407311360.0
2007-06-06,3637.24,3708.53,3533.63,3670.32,163087184,208394190848.0
2007-06-07,3686.65,3812.34,3676.14,3812.34,158964822,210127470592.0
2007-06-08,3829.34,3880.61,3789.44,3855.03,153646081,213930344448.0
2007-06-11,3896.87,3955.39,3892.89,3950.32,152712365,216479563776.0
2007-06-12,3975.1,4056.39,3838.53,4056.27,172959513,249591922688.0
2007-06-13,4093.99,4182.6,4086.11,4155.25,187166238,263697498112.0
2007-06-14,4142.56,4171.83,4054.12,4108.7,155570286,220468264960.0
2007-06-15,4072.21,4147.63,4051.75,4127.55,120864350,177360977920.0
2007-06-18,4207.54,4271.43,4207.54,4253.65,145758684,219081113600.0
2007-06-19,4255.48,4294.79,4211.91,4294.44,143384861,212400128000.0
2007-06-20,4308.78,4338.34,4170.19,4190.59,154144014,230292570112.0
2007-06-21,4172.12,4240.85,4129.14,4215.28,125741937,189729439744.0
2007-06-22,4220.15,4231.54,3966.49,4044.92,135241785,198831456256.0
2007-06-25,4060.11,4100.67,3822.1,3848.69,117683181,171545313280.0
2007-06-26,3766.42,3906.49,3710.7,3905.3,102512385,136810151936.0
2007-06-27,3923.14,4024.33,3880.97,4012.45,107302780,152196874240.0
2007-06-28,4009.63,4033.86,3811.23,3811.87,106827461,146126798848.0
2007-06-29,3715.44,3808.77,3650.99,3699.33,97708688,130051653632.0
2007-07-02,3682.51,3744.01,3585.8,3708.31,83252178,106640334848.0
2007-07-03,3734.55,3782.38,3684.76,3779.0,76984903,101548982272.0
2007-07-04,3786.84,3793.77,3676.45,3692.41,65073525,89246048256.0
2007-07-05,3636.31,3651.75,3477.0,3479.05,72639617,90961829888.0
2007-07-06,3459.04,3662.33,3415.29,3659.82,89321141,109930536960.0
2007-07-09,3693.9,3793.32,3671.93,3772.34,95592867,122989379584.0
2007-07-10,3779.44,3788.69,3701.22,3712.92,86644803,114864340992.0
2007-07-11,3688.9,3740.0,3670.2,3734.78,58435327,77946249216.0
2007-07-12,3743.28,3780.07,3723.07,3759.51,54966735,71361527808.0
2007-07-13,3765.74,3769.01,3709.52,3758.34,47056792,60600082432.0
2007-07-16,3761.75,3767.4,3636.22,3636.55,50777792,66806988800.0
2007-07-17,3622.02,3748.96,3591.04,3724.53,54008305,73011552256.0
2007-07-18,3712.75,3793.87,3692.87,3741.42,70935717,97185718272.0
2007-07-19,3731.36,3769.83,3712.13,3744.73,49097222,66504052736.0
2007-07-20,3746.03,3905.33,3746.03,3904.75,90503976,120296316928.0
2007-07-23,3938.89,4091.12,3938.89,4091.11,135709749,181662253056.0
2007-07-24,4120.91,4181.86,4079.45,4096.56,127180190,169845506048.0
2007-07-25,4097.69,4195.09,4097.63,4194.73,105655372,148985217024.0
2007-07-26,4222.02,4272.88,4185.41,4250.72,113110639,159412060160.0
2007-07-27,4226.81,4278.31,4172.94,4272.31,113212074,162562064384.0
2007-07-30,4273.0,4389.78,4271.8,4370.17,128451237,185911410688.0
2007-07-31,4363.45,4425.13,4314.8,4420.19,122087551,181466054656.0
2007-08-01,4438.98,4454.65,4220.81,4234.14,138760538,201740058624.0
2007-08-02,4254.95,4394.23,4247.0,4386.0,109313298,167196639232.0
2007-08-03,4423.29,4526.4,4423.29,4525.85,132086545,210959024128.0
2007-08-06,4568.52,4628.71,4547.87,4628.63,130914394,207058518016.0
2007-08-07,4638.64,4680.71,4553.14,4636.21,134945996,221411377152.0
2007-08-08,4594.39,4647.72,4485.13,4575.81,135093604,194458189824.0
2007-08-09,4573.98,4671.56,4573.85,4669.65,110833014,168506703872.0
2007-08-10,4661.22,4664.03,4512.23,4609.33,115641560,177428299776.0
2007-08-13,4606.5,4636.4,4539.9,4600.7,126265584,187380744192.0
2007-08-14,4600.93,4689.16,4587.01,4682.13,98166211,152482267136.0
2007-08-15,4692.03,4716.1,4576.48,4679.1,100467455,156620587008.0
2007-08-16,4655.32,4656.78,4566.01,4626.73,102962514,158045126656.0
2007-08-17,4601.82,4676.61,4534.25,4542.97,101657777,158167089152.0
2007-08-20,4655.98,4782.05,4653.02,4781.82,113388706,175530098688.0
2007-08-21,4811.2,4880.92,4804.73,4860.99,124032437,195423944704.0
2007-08-22,4791.84,4957.63,4777.3,4935.02,129497359,208295411712.0
2007-08-23,4958.64,5026.01,4911.74,5010.48,118067467,195429629952.0
2007-08-24,5033.98,5086.28,5022.68,5074.76,124650991,199565017088.0
2007-08-27,5113.74,5142.67,5040.19,5089.93,134873273,218043973632.0
2007-08-28,5068.49,5112.82,4987.1,5097.71,122843269,204709642240.0
2007-08-29,5065.87,5129.24,4991.39,5030.27,117836727,199568785408.0
2007-08-30,5051.59,5121.74,5039.32,5116.21,118818400,189165207552.0
2007-08-31,5133.34,5183.06,5108.51,5171.06,122368242,192881999872.0
2007-09-03,5210.48,5303.68,5210.48,5290.06,147488883,234039427072.0
2007-09-04,5297.15,5304.65,5213.06,5238.67,137688894,225182547968.0
2007-09-05,5237.7,5269.02,5147.75,5247.88,111131691,185911377920.0
2007-09-06,5273.74,5329.08,5253.66,5297.74,121638507,198691962880.0
2007-09-07,5268.9,5287.35,5171.28,5179.15,136623479,226465202176.0
2007-09-10,5113.83,5265.23,5070.45,5265.05,114320227,183556161536.0
2007-09-11,5271.17,5296.33,4981.67,4997.92,124590931,202335895552.0
2007-09-12,4975.53,5083.61,4919.13,5070.11,109516608,175125168128.0
2007-09-13,5095.48,5206.89,5076.57,5205.85,101117564,173142605824.0
2007-09-14,5219.9,5265.71,5136.94,5256.72,107197193,181961523200.0
2007-09-17,5248.51,5364.87,5245.64,5359.85,121914865,201248423936.0
2007-09-18,5383.8,5393.17,5281.44,5354.24,121396676,207024914432.0
2007-09-19,5364.73,5374.11,5265.97,5294.82,98991042,169205104640.0
2007-09-20,5311.38,5368.67,5301.33,5364.07,97936506,170068836352.0
2007-09-21,5377.71,5384.63,5223.09,5332.01,104007413,179141066752.0
2007-09-24,5344.79,5399.19,5268.16,5372.92,93811396,171700568064.0
2007-09-25,5380.58,5399.69,5286.63,5318.08,78473456,141732102144.0
2007-09-26,5301.42,5346.37,5204.13,5228.1,66942081,122458923008.0
2007-09-27,5231.2,5289.21,5202.92,5288.21,59004272,109089497088.0
2007-09-28,5336.61,5440.13,5336.61,5430.64,83887024,155595423744.0
2007-10-08,5543.81,5555.34,5460.85,5486.94,102708013,182795173888.0
2007-10-09,5476.12,5521.1,5424.67,5516.64,89076682,157822484480.0
2007-10-10,5534.87,5598.03,5484.66,5516.56,101978121,185155878912.0
2007-10-11,5524.07,5561.22,5472.17,5549.39,101535478,189396779008.0
2007-10-12,5563.0,5573.37,5260.92,5505.64,125245826,227014819840.0
2007-10-15,5525.71,5573.34,5443.06,5569.75,104927987,207106392064.0
2007-10-16,5594.64,5626.03,5552.8,5624.46,93336985,178182766592.0
2007-10-17,5612.89,5637.83,5553.6,5580.48,76828858,150411149312.0
2007-10-18,5570.73,5570.73,5378.25,5394.54,76057118,146531991552.0
2007-10-19,5425.59,5482.94,5350.59,5393.13,60643058,117775351808.0
2007-10-22,5330.55,5377.61,5250.8,5256.32,59223176,107775975424.0
2007-10-23,5252.76,5309.74,5149.44,5308.38,64858374,122383269888.0
2007-10-24,5329.68,5381.88,5312.82,5324.96,66977828,130957443072.0
2007-10-25,5288.25,5288.25,5035.4,5052.56,80919746,141836058624.0
2007-10-26,4998.21,5127.44,4973.92,5094.77,57456527,104506638336.0
2007-10-29,5125.82,5196.45,5125.62,5195.68,53314823,95546990592.0
2007-10-30,5215.65,5286.12,5159.2,5285.19,57907822,103914496000.0
2007-10-31,5345.04,5395.44,5293.29,5391.91,76639082,138824810496.0
2007-11-01,5403.55,5403.55,5301.17,5301.56,70005518,127713329152.0
2007-11-02,5218.95,5264.77,5153.07,5177.11,64914271,122829832192.0
2007-11-05,5145.72,5208.09,5071.74,5096.9,51166069,96672718848.0
2007-11-06,5075.15,5141.75,5050.58,5070.98,43478193,77525352448.0
2007-11-07,5097.1,5133.96,4984.94,5094.6,45728544,80040837120.0
2007-11-08,5069.68,5069.68,4854.06,4856.55,53270503,95310274560.0
2007-11-09,4810.37,4886.09,4731.89,4804.02,50513075,88134877184.0
2007-11-12,4694.75,4779.14,4580.59,4743.94,55671897,96662781952.0
2007-11-13,4784.64,4840.05,4649.27,4717.24,53587163,94373076992.0
2007-11-14,4782.6,4910.54,4711.37,4909.65,54722919,97146871808.0
2007-11-15,4896.0,4931.46,4837.1,4847.94,51005386,90922377216.0
2007-11-16,4777.4,4801.93,4707.36,4792.52,38856420,66363695104.0
2007-11-19,4802.51,4825.91,4771.48,4802.79,43516653,71502102528.0
2007-11-20,4777.95,4900.63,4740.59,4873.52,52625549,90885120000.0
2007-11-21,4889.46,4929.75,4799.88,4804.23,44311535,75864711168.0
2007-11-22,4718.99,4756.14,4576.19,4587.69,42035803,72850071552.0
2007-11-23,4551.06,4670.53,4530.64,4669.86,31571423,55555690496.0
2007-11-26,4737.99,4761.48,4612.98,4617.29,37658045,66549940224.0
2007-11-27,4580.74,4626.88,4536.73,4539.06,32882389,60418539520.0
2007-11-28,4551.43,4585.3,4457.13,4483.99,33965153,59687526400.0
2007-11-29,4536.8,4661.64,4471.36,4657.04,53271966,93313540096.0
2007-11-30,4657.12,4657.12,4549.8,4562.4,44895494,76396568576.0
2007-12-03,4542.84,4631.8,4521.02,4599.91,36308260,61161971712.0
2007-12-04,4611.73,4696.62,4611.73,4648.93,36611136,61170950144.0
2007-12-05,4648.75,4774.81,4635.63,4772.06,49468771,83682009088.0
2007-12-06,4789.73,4802.63,4738.16,4779.89,39605672,67198349312.0
2007-12-07,4787.62,4849.92,4785.44,4849.72,46329042,74364510208.0
2007-12-10,4775.53,4950.37,4759.25,4947.39,70537651,119060914176.0
2007-12-11,4972.04,4989.31,4896.13,4963.34,69688103,118593978368.0
2007-12-12,4935.94,4964.35,4875.04,4916.81,65492268,116754325504.0
2007-12-13,4894.44,4911.32,4734.09,4736.43,63403358,111384297472.0
2007-12-14,4683.06,4830.84,4659.01,4829.69,53035391,88491278336.0
2007-12-17,4831.35,4833.21,4736.1,4737.63,65968928,114188247040.0
2007-12-18,4710.75,4762.74,4681.27,4708.17,40822159,69850890240.0
2007-12-19,4750.26,4833.37,4744.09,4819.51,55658589,90612432896.0
2007-12-20,4838.66,4911.53,4811.78,4902.11,54872705,91056259072.0
2007-12-21,4882.23,4968.67,4880.78,4967.33,63452352,108470689792.0
2007-12-24,5005.63,5098.49,4997.71,5066.5,85165105,151212605440.0
2007-12-25,5076.28,5103.02,5042.1,5083.08,67530703,118425042944.0
2007-12-26,5097.93,5141.87,5071.28,5141.34,72291914,126475870208.0
2007-12-27,5162.87,5234.13,5144.07,5231.87,88046896,159796887552.0
2007-12-28,5243.03,5252.94,5191.48,5205.74,75164986,137778659328.0
2008-01-02,5217.93,5294.61,5167.08,5278.92,80014621,149336375296.0
2008-01-03,5276.88,5330.43,5235.42,5329.96,106633361,197736087552.0
2008-01-04,5338.83,5393.36,5322.53,5380.78,85055012,169192734720.0
2008-01-07,5377.21,5471.32,5354.62,5459.6,93889122,184487755776.0
2008-01-08,5477.04,5511.06,5364.55,5406.77,107372386,211889700864.0
2008-01-09,5385.36,5506.51,5370.6,5505.88,81620658,161557364736.0
2008-01-10,5523.28,5593.94,5500.49,5557.09,105079571,207281045504.0
2008-01-11,5570.73,5580.96,5507.82,5577.2,91115314,176179478528.0
2008-01-14,5592.87,5637.66,5561.82,5616.75,83696880,162720710656.0
2008-01-15,5627.26,5644.37,5548.7,5597.5,87767012,176491954176.0
2008-01-16,5549.98,5549.98,5421.84,5432.36,94834460,185549537280.0
2008-01-17,5378.7,5465.06,5150.76,5293.28,104872021,201317400576.0
2008-01-18,5287.0,5344.52,5235.25,5341.16,75151233,140005605376.0
2008-01-21,5352.06,5361.88,5062.88,5084.98,83296589,153434931200.0
2008-01-22,4957.98,4963.27,4648.08,4688.1,101147153,182479175680.0
2008-01-23,4714.44,4914.0,4679.38,4913.08,93971142,164682825728.0
2008-01-24,4967.81,5037.01,4881.29,4988.54,99386023,176638738432.0
2008-01-25,4985.23,5074.38,4940.12,5031.21,86046491,156158541824.0
2008-01-28,4995.92,4995.92,4665.29,4686.91,75959850,128402890752.0
2008-01-29,4698.97,4806.31,4654.93,4731.1,52806690,90726170624.0
2008-01-30,4782.09,4828.72,4585.26,4692.88,59003453,107751661568.0
2008-01-31,4677.03,4714.28,4578.43,4583.53,49420516,90049355776.0
2008-02-01,4583.88,4614.42,4347.47,4501.31,57639192,97124016128.0
2008-02-04,4621.42,4873.2,4621.42,4872.52,62258199,115668844544.0
2008-02-05,4866.52,4919.61,4802.62,4854.67,53570278,100671373312.0
2008-02-13,4797.18,4834.24,4732.39,4767.39,37062700,65401925632.0
2008-02-14,4806.82,4866.94,4794.98,4837.98,35951258,62835793920.0
2008-02-15,4805.88,4805.88,4707.72,4780.94,43425382,74576674816.0
2008-02-18,4843.33,4922.92,4818.99,4890.52,59512832,105279627264.0
2008-02-19,4905.26,4994.95,4867.52,4994.95,65000291,118488211456.0
2008-02-20,5008.35,5035.08,4891.28,4898.79,71034874,132204371968.0
2008-02-21,4870.83,4931.37,4797.29,4887.4,64958195,113646731264.0
2008-02-22,4865.03,4865.03,4665.98,4726.05,69117793,122107166720.0
2008-02-25,4729.69,4749.97,4540.6,4550.38,60387591,103764615168.0
2008-02-26,4664.25,4698.37,4423.35,4546.91,58563985,103801446400.0
2008-02-27,4570.68,4681.99,4532.57,4666.5,53367292,93928202240.0
2008-02-28,4677.28,4704.61,4613.52,4655.41,49515785,84549926912.0
2008-02-29,4649.83,4714.15,4633.84,4710.78,48745546,82959409152.0
2008-03-03,4688.07,4846.73,4653.13,4837.49,76680973,134534791168.0
2008-03-04,4859.06,4883.68,4723.6,4737.37,88297893,149924675584.0
2008-03-05,4716.91,4757.35,4593.64,4709.24,77997294,127634341888.0
2008-03-06,4725.24,4812.88,4684.12,4754.87,89160288,147100467200.0
2008-03-07,4715.08,4755.85,4661.97,4682.51,58644729,101946621952.0
2008-03-10,4649.48,4649.54,4472.54,4499.17,55638234,93921779712.0
2008-03-11,4460.41,4521.21,4386.06,4521.21,46716102,81111924736.0
2008-03-12,4610.97,4630.97,4389.36,4390.25,49685026,87441833984.0
2008-03-13,4345.49,4371.69,4181.54,4263.02,60376085,100364402688.0
2008-03-14,4242.97,4279.73,4161.44,4225.52,40007230,67829157888.0
2008-03-17,4206.41,4206.41,3992.94,3998.72,49293808,79636905984.0
2008-03-18,3953.33,4028.47,3712.54,3774.53,58854732,87036952576.0
2008-03-19,3848.53,3977.03,3785.09,3912.31,63415788,99951812608.0
2008-03-20,3855.45,4079.92,3686.67,4036.77,74641330,118154715136.0
2008-03-21,4033.85,4121.33,3996.68,4077.19,68332523,109109329920.0
2008-03-24,4126.12,4144.35,3917.61,3917.61,61599987,98798632960.0
2008-03-25,3840.88,3995.45,3805.86,3966.69,54632438,87060611072.0
2008-03-26,3986.55,4057.66,3942.19,3970.03,47496401,77163429888.0
2008-03-27,3906.64,3922.45,3788.63,3791.77,53748866,82141519872.0
2008-03-28,3753.64,3956.15,3687.25,3949.03,65172976,101252481024.0
2008-03-31,3835.2,3919.68,3802.55,3807.59,48493947,74232127488.0
2008-04-01,3792.3,3832.19,3560.72,3573.4,58057038,84364435456.0
2008-04-02,3607.74,3668.85,3455.87,3502.33,65841975,94771445760.0
2008-04-03,3472.66,3621.32,3409.8,3600.9,51928333,74190430208.0
2008-04-07,3561.31,3809.42,3527.24,3802.4,62339710,94779187200.0
2008-04-08,3809.47,3897.21,3779.18,3856.09,69217979,106088161280.0
2008-04-09,3825.45,3883.22,3652.51,3652.9,63317390,92821176320.0
2008-04-10,3604.9,3727.81,3573.89,3727.81,49517709,70685212672.0
2008-04-11,3764.41,3802.72,3732.75,3763.0,46236532,67839520768.0
2008-04-14,3679.45,3687.98,3505.63,3516.39,54253944,77937033216.0
2008-04-15,3494.28,3578.15,3407.47,3577.8,48794618,69704646656.0
2008-04-16,3569.02,3580.17,3476.65,3489.34,43941314,62549008384.0
2008-04-17,3488.56,3552.85,3333.16,3379.92,46755322,65770561536.0
2008-04-18,3350.59,3379.04,3239.18,3254.09,44620469,59080843264.0
2008-04-21,3494.85,3494.85,3202.98,3245.13,63200113,88257961984.0
2008-04-22,3188.17,3264.1,3085.21,3256.98,51597819,66281545728.0
2008-04-23,3228.56,3424.34,3205.68,3409.83,67050593,91489771520.0
2008-04-24,3691.97,3731.97,3611.27,3725.79,143660628,202546724864.0
2008-04-25,3730.11,3867.33,3686.38,3755.09,127606504,196578721792.0
2008-04-28,3694.18,3748.99,3668.55,3692.09,79609976,121047654400.0
2008-04-29,3670.14,3756.43,3666.75,3735.56,70426222,108849676288.0
2008-04-30,3751.16,3917.97,3751.16,3907.6,107700609,166725943296.0
2008-05-05,3959.66,4017.7,3916.43,4012.0,101706440,158410784768.0
2008-05-06,3979.82,4037.14,3923.87,3973.97,98300981,155385348096.0
2008-05-07,3949.75,4003.25,3789.37,3789.48,91928236,144186982400.0
2008-05-08,3743.19,3899.59,3731.78,3898.92,75876197,115996631040.0
2008-05-09,3932.92,3945.9,3787.0,3863.43,91105201,142999420928.0
2008-05-12,3793.2,3945.86,3759.35,3901.45,83080165,129076142080.0
2008-05-13,3782.9,3922.02,3774.73,3862.33,97319049,137478406144.0
2008-05-14,3855.54,3977.75,3855.54,3977.75,94290584,139040653312.0
2008-05-15,4005.6,4039.93,3948.28,3948.28,90508042,130401050624.0
2008-05-16,3947.24,3980.89,3870.69,3926.21,70374561,104393416704.0
2008-05-19,3915.89,3932.42,3857.94,3908.73,52515510,77867343872.0
2008-05-20,3906.59,3939.86,3682.15,3696.1,70989176,101677588480.0
2008-05-21,3650.82,3791.17,3574.35,3772.49,77996770,107870429184.0
2008-05-22,3724.38,3783.45,3695.67,3709.01,72158692,102882295808.0
2008-05-23,3695.43,3735.87,3618.26,3671.87,62685923,84326014976.0
2008-05-26,3641.52,3641.52,3557.26,3560.33,56503859,76281053184.0
2008-05-27,3549.74,3592.35,3531.85,3576.67,44871353,61803868160.0
2008-05-28,3583.47,3697.05,3562.73,3676.5,54558790,76991717376.0
2008-05-29,3667.07,3679.64,3579.99,3581.51,53681039,73960587264.0
2008-05-30,3584.11,3617.57,3548.21,3606.5,49936306,70503325696.0
2008-06-02,3596.17,3647.25,3577.23,3624.73,49261384,64990806016.0
2008-06-03,3623.95,3638.85,3583.4,3611.98,57336059,74185695232.0
2008-06-04,3599.82,3603.39,3512.64,3545.49,49935684,64969703424.0
2008-06-05,3529.52,3541.3,3485.97,3508.51,41214746,55327535104.0
2008-06-06,3514.91,3528.82,3465.57,3485.04,36050300,46887165952.0
2008-06-10,3341.91,3347.38,3180.77,3197.55,51825770,64783613952.0
2008-06-11,3144.91,3169.34,3081.53,3127.73,49536079,60107014144.0
2008-06-12,3111.16,3137.94,3015.4,3078.27,51455650,62962016256.0
2008-06-13,3081.39,3103.48,2960.54,2963.7,42906712,50014466048.0
2008-06-16,2964.49,2992.37,2877.26,2928.39,42594553,48083316736.0
2008-06-17,2926.16,2954.23,2783.3,2803.33,44976746,48121745408.0
2008-06-18,2780.89,2969.19,2716.25,2953.03,68916929,75565768704.0
2008-06-19,2929.22,2929.22,2726.24,2730.36,60300613,66291490816.0
2008-06-20,2751.14,2900.08,2645.02,2802.93,79261744,88403648512.0
2008-06-23,2755.09,2802.57,2727.53,2746.69,43308151,46621716480.0
2008-06-24,2733.67,2827.24,2729.71,2813.83,52037283,56281214976.0
2008-06-25,2808.16,2941.89,2798.77,2939.44,70875013,76194742272.0
2008-06-26,2935.24,2986.33,2898.61,2956.09,73025050,80127475712.0
2008-06-27,2860.89,2875.06,2754.21,2782.99,66952977,71869710336.0
2008-06-30,2750.75,2806.82,2718.32,2768.77,41657176,46458331136.0
2008-07-01,2775.76,2785.88,2676.4,2685.27,45869939,51108728832.0
2008-07-02,2689.39,2739.6,2665.4,2695.58,45172150,51485843456.0
2008-07-03,2653.09,2812.45,2616.98,2769.98,76411719,87600562176.0
2008-07-04,2760.62,2795.97,2729.19,2755.11,64784761,74051133440.0
2008-07-07,2761.18,2901.89,2761.18,2897.23,87224556,96732594176.0
2008-07-08,2912.56,2948.05,2854.27,2921.86,90824187,103267803136.0
2008-07-09,2942.95,3028.07,2942.95,3028.07,111455111,124998770688.0
2008-07-10,2985.29,3068.38,2963.31,2980.56,103697005,118676316160.0
2008-07-11,2968.2,2994.81,2917.61,2960.63,74441810,83960061952.0
2008-07-14,2935.66,3006.22,2925.42,2991.53,60615828,69584191488.0
2008-07-15,3002.4,3014.21,2869.0,2876.09,79938003,88763293696.0
2008-07-16,2842.27,2848.88,2714.6,2759.57,67013070,70798000128.0
2008-07-17,2803.42,2829.53,2718.85,2731.78,56616186,60442660864.0
2008-07-18,2757.7,2832.17,2697.11,2828.22,63885785,69141495808.0
2008-07-21,2807.69,2934.12,2794.81,2928.55,73783374,81522130944.0
2008-07-22,2923.85,2952.98,2910.48,2925.71,68028088,74718003200.0
2008-07-23,2942.39,2961.03,2898.86,2903.3,67216304,73280405504.0
2008-07-24,2923.4,2996.12,2921.33,2993.18,79391793,88660967424.0
2008-07-25,2956.56,2986.35,2934.96,2957.34,66969446,73158811648.0
2008-07-28,2976.69,3012.18,2968.03,2983.23,67051002,73433006080.0
2008-07-29,2944.73,2944.73,2902.31,2926.4,63065195,67053629440.0
2008-07-30,2960.42,2971.49,2886.38,2906.18,52131319,54792290304.0
2008-07-31,2915.37,2920.43,2819.78,2820.42,48820716,49881255936.0
2008-08-01,2802.1,2883.62,2764.05,2857.88,54715454,58252775424.0
2008-08-04,2835.11,2852.18,2784.57,2789.69,40610219,43614699520.0
2008-08-05,2795.32,2808.04,2708.16,2715.79,48975650,51612319744.0
2008-08-06,2735.16,2760.81,2690.03,2731.76,45460023,48158281728.0
2008-08-07,2727.7,2757.46,2695.05,2734.73,41158876,42426322944.0
2008-08-08,2734.13,2734.13,2582.79,2590.26,52204285,51969363968.0
2008-08-11,2578.47,2578.5,2429.82,2443.04,51935917,47195156480.0
2008-08-12,2414.73,2456.23,2394.69,2425.95,40475743,36356661248.0
2008-08-13,2409.07,2447.76,2346.18,2426.13,45347285,40988225536.0
2008-08-14,2411.82,2445.93,2393.94,2427.52,34677825,32620523520.0
2008-08-15,2423.94,2460.87,2396.03,2428.74,33992787,31846352896.0
2008-08-18,2432.8,2434.61,2285.18,2285.69,38959438,33433733120.0
2008-08-19,2256.92,2327.45,2244.32,2320.95,33397364,28274520064.0
2008-08-20,2306.19,2505.67,2284.74,2505.47,71374172,63142547456.0
2008-08-21,2467.73,2510.49,2411.09,2417.25,62847326,58340233216.0
2008-08-22,2395.66,2409.35,2332.07,2376.66,44173581,39093248000.0
2008-08-25,2378.43,2410.49,2345.39,2371.49,32676409,29058672640.0
2008-08-26,2342.53,2355.92,2264.12,2291.01,41434652,34330920960.0
2008-08-27,2280.92,2325.59,2246.83,2284.65,39996772,34571603968.0
2008-08-28,2283.58,2317.9,2273.55,2292.77,33663868,30819772416.0
2008-08-29,2302.94,2377.17,2297.59,2350.94,48295763,42187214848.0
2008-09-01,2332.58,2332.58,2258.72,2271.99,36608169,31631321088.0
2008-09-02,2256.32,2280.15,2231.71,2256.45,33889976,28218001408.0
2008-09-03,2250.45,2267.54,2193.54,2222.04,42615964,35901456384.0
2008-09-04,2215.43,2249.61,2195.22,2229.64,34585338,28339118080.0
2008-09-05,2171.5,2196.94,2150.08,2154.86,39116488,30712092672.0
2008-09-08,2159.49,2169.23,2080.53,2088.0,38081200,29876506624.0
2008-09-09,2095.75,2113.42,2072.63,2101.52,30379582,23471900672.0
2008-09-10,2087.61,2144.52,2063.67,2107.78,37399568,30074271744.0
2008-09-11,2100.76,2110.06,2039.57,2044.01,35352077,28935821312.0
2008-09-12,2042.79,2074.87,2039.09,2049.41,29693712,24193634304.0
2008-09-16,2027.26,2027.26,1968.74,1979.45,48504338,37633040384.0
2008-09-17,1963.22,1985.91,1909.49,1915.54,47045445,35309723648.0
2008-09-18,1866.2,1917.7,1785.47,1877.95,68968090,48422232064.0
2008-09-19,2046.77,2055.42,2027.23,2055.42,59609159,46567804928.0
2008-09-22,2203.37,2239.59,2102.82,2180.8,148238255,128514596864.0
2008-09-23,2113.76,2141.35,2083.14,2086.07,105811819,86934765568.0
2008-09-24,2038.71,2107.8,2019.47,2107.56,67094597,54115405824.0
2008-09-25,2111.98,2213.17,2107.88,2184.29,109074787,94275223552.0
2008-09-26,2194.2,2214.54,2150.78,2199.72,86234334,76466790400.0
2008-10-06,2161.66,2161.66,2092.29,2092.58,66557814,55599611904.0
2008-10-07,2013.66,2101.6,1994.26,2070.32,61771354,53595115520.0
2008-10-08,2014.54,2044.38,1975.85,1997.41,53510378,45116293120.0
2008-10-09,2034.2,2038.68,1969.09,1970.46,49331648,41407598592.0
2008-10-10,1891.92,1905.83,1854.91,1874.06,58299062,43394195456.0
2008-10-13,1855.88,1943.11,1805.43,1943.11,60785746,47132385280.0
2008-10-14,2009.37,2015.73,1891.58,1891.58,75976329,61387816960.0
2008-10-15,1869.98,1889.9,1851.02,1873.69,45896449,34241533952.0
2008-10-16,1796.69,1825.86,1777.68,1779.38,58181520,41611149312.0
2008-10-17,1795.42,1809.48,1765.94,1793.54,42526308,30265745408.0
2008-10-20,1789.55,1857.98,1765.08,1855.71,50016104,37252993024.0
2008-10-21,1860.7,1888.09,1841.85,1842.85,58972980,44312207360.0
2008-10-22,1818.29,1849.46,1797.26,1798.13,49650583,35058040832.0
2008-10-23,1761.11,1804.02,1747.12,1802.88,51225346,36963491840.0
2008-10-24,1799.9,1809.81,1742.63,1755.84,48921607,35382837248.0
2008-10-27,1722.39,1722.39,1626.32,1628.24,56007445,37347454976.0
2008-10-28,1589.86,1686.11,1582.76,1676.08,66950580,46138662912.0
2008-10-29,1693.84,1698.95,1625.04,1625.4,57533912,40123928576.0
2008-10-30,1636.39,1684.3,1614.04,1659.15,57877252,40026492928.0
2008-10-31,1651.67,1660.12,1618.29,1626.67,42068574,27611977728.0
2008-11-03,1613.12,1643.39,1607.08,1614.19,37736042,25256495104.0
2008-11-04,1607.19,1609.21,1566.98,1588.56,40312319,25543098368.0
2008-11-05,1600.47,1669.0,1600.47,1648.8,63047126,40895860736.0
2008-11-06,1607.95,1620.83,1597.16,1610.58,47559705,29019662336.0
2008-11-07,1581.36,1648.72,1574.82,1637.66,49360818,31425753088.0
2008-11-10,1671.12,1759.85,1671.12,1758.5,95840926,62038470656.0
2008-11-11,1752.47,1781.68,1735.18,1739.79,100925096,65647681536.0
2008-11-12,1718.77,1765.15,1714.45,1764.28,70913920,46862299136.0
2008-11-13,1741.08,1854.85,1734.48,1837.45,130742420,88346763264.0
2008-11-14,1856.19,1909.05,1837.75,1909.05,146219057,101376073728.0
2008-11-17,1901.38,1961.91,1887.31,1961.91,144372540,100690821120.0
2008-11-18,1949.8,1970.36,1808.66,1816.9,161254462,109638959104.0
2008-11-19,1807.81,1938.09,1802.27,1932.1,135554428,92954787840.0
2008-11-20,1897.82,1960.06,1881.69,1916.65,143009638,98156609536.0
2008-11-21,1857.57,1950.3,1816.92,1901.84,138132507,94556422144.0
2008-11-24,1896.43,1907.75,1818.53,1820.46,87763602,59722801152.0
2008-11-25,1851.39,1865.2,1779.71,1814.84,70934043,49275613184.0
2008-11-26,1812.66,1845.58,1795.36,1823.54,69528746,46996652032.0
2008-11-27,1942.55,1948.87,1849.81,1850.2,135548242,96702808064.0
2008-11-28,1831.66,1846.81,1798.82,1814.2,82332084,56339550208.0
2008-12-01,1808.33,1856.99,1786.5,1856.99,85563277,57476362240.0
2008-12-02,1815.06,1888.9,1808.02,1868.14,111566959,75125547008.0
2008-12-03,1883.77,1951.06,1883.77,1951.06,144448221,100207804416.0
2008-12-04,1977.54,2038.73,1970.52,1974.46,193468173,140620021760.0
2008-12-05,1961.38,2010.91,1956.99,2010.61,125732616,89314099200.0
2008-12-08,2038.19,2093.97,2031.51,2093.69,177418220,130302935040.0
2008-12-09,2101.96,2103.47,2035.37,2039.68,153354859,114217754624.0
2008-12-10,2027.62,2096.17,2014.58,2095.81,136137741,102243336192.0
2008-12-11,2088.69,2105.28,2040.34,2042.51,125186059,95050194944.0
2008-12-12,2023.34,2034.11,1930.38,1955.53,112897088,80765386752.0
2008-12-15,1986.55,2001.66,1938.09,1975.37,86647126,61711179776.0
2008-12-16,1958.25,1998.45,1919.01,1998.19,84040297,59477512192.0
2008-12-17,2005.66,2037.37,1999.45,2008.95,103015769,75789041664.0
2008-12-18,2008.53,2052.12,1990.43,2051.27,100301216,73203458048.0
2008-12-19,2045.25,2083.05,2040.71,2060.76,111479173,82408488960.0
2008-12-22,2059.98,2065.28,2006.27,2033.2,95509404,69130829824.0
2008-12-23,2035.4,2035.4,1926.77,1927.44,109356564,77296164864.0
2008-12-24,1900.38,1920.26,1877.1,1893.34,78515918,53423247360.0
2008-12-25,1898.03,1910.35,1854.45,1879.14,68106499,46516035584.0
2008-12-26,1877.77,1889.36,1857.71,1868.33,55849366,40659587072.0
2008-12-29,1859.37,1869.19,1820.89,1862.74,56046942,40310624256.0
2008-12-30,1861.06,1876.48,1834.34,1843.25,59853812,42246414336.0
2008-12-31,1844.96,1854.23,1821.11,1824.4,55547992,38787182592.0
2009-01-05,1854.64,1892.05,1845.04,1892.05,72905248,53488046080.0
2009-01-06,1889.57,1958.47,1881.64,1953.61,109300076,81505337344.0
2009-01-07,1953.68,1970.56,1943.46,1946.88,99858068,73778405376.0
2009-01-08,1910.86,1920.79,1887.4,1902.26,87039100,66798333952.0
2009-01-09,1900.68,1941.15,1900.68,1937.21,78992780,60555395072.0
2009-01-12,1931.42,1970.6,1925.63,1944.89,92245925,70194511872.0
2009-01-13,1918.33,1932.39,1897.19,1898.54,83174104,59917250560.0
2009-01-14,1895.88,1976.73,1895.88,1976.73,96926159,75153678336.0
2009-01-15,1957.61,2003.48,1952.22,1980.5,129056202,97039499264.0
2009-01-16,1991.05,2046.51,1991.05,2011.5,149685652,117336195072.0
2009-01-19,2030.34,2064.88,2008.76,2028.69,122729024,95198904320.0
2009-01-20,2023.14,2043.09,2003.49,2043.09,85533187,65786302464.0
2009-01-21,2012.62,2064.68,2006.66,2040.86,102881825,84100349952.0
2009-01-22,2053.82,2069.2,2034.71,2066.57,100914216,79770050560.0
2009-01-23,2061.97,2076.02,2047.19,2053.57,95285285,73124757504.0
2009-02-02,2073.27,2086.85,2053.81,2086.3,94154420,71903838208.0
2009-02-03,2086.3,2139.8,2079.52,2139.8,151522451,114112290816.0
2009-02-04,2149.62,2196.14,2147.99,2196.14,170735405,130156855296.0
2009-02-05,2194.16,2234.26,2159.84,2176.25,188844242,148684275712.0
2009-02-06,2182.99,2268.83,2182.99,2266.15,183228457,144724180992.0
2009-02-09,2300.29,2339.22,2283.62,2330.04,220357779,180522647552.0
2009-02-10,2320.39,2368.57,2295.25,2368.35,197999700,163431219200.0
2009-02-11,2328.28,2424.35,2316.28,2372.78,242650187,210277466112.0
2009-02-12,2377.81,2388.68,2293.23,2372.24,200023325,171116527616.0
2009-02-13,2376.1,2458.5,2362.72,2455.38,230449433,198570344448.0
2009-02-16,2478.48,2515.38,2448.63,2515.31,243038356,213324890112.0
2009-02-17,2511.99,2519.74,2431.15,2431.54,226084078,200682602496.0
2009-02-18,2376.83,2418.11,2321.0,2323.83,184418051,161998815232.0
2009-02-19,2345.18,2375.1,2310.69,2352.39,147864233,129847574528.0
2009-02-20,2355.71,2406.64,2331.69,2406.3,146675651,131101401088.0
2009-02-23,2396.51,2485.88,2373.33,2477.4,183045825,165434720256.0
2009-02-24,2443.98,2480.88,2360.68,2368.05,213011018,192306593792.0
2009-02-25,2391.59,2405.85,2293.36,2373.23,176535102,160769966080.0
2009-02-26,2365.84,2401.21,2218.55,2243.62,167928141,150488760320.0
2009-02-27,2214.92,2230.3,2151.53,2174.13,140256417,116410990592.0
2009-03-02,2154.46,2216.49,2149.2,2205.38,100079302,86887530496.0
2009-03-03,2149.54,2217.34,2139.02,2191.5,110299462,95118131200.0
2009-03-04,2199.58,2339.7,2199.58,2334.83,172004499,150517874688.0
2009-03-05,2363.49,2388.31,2306.99,2354.5,202319119,180125646848.0
2009-03-06,2309.55,2361.67,2303.36,2336.37,136773193,121765380096.0
2009-03-09,2350.31,2381.68,2242.33,2246.63,137161000,119882252288.0
2009-03-10,2219.11,2290.17,2212.62,2289.79,92401138,79704391680.0
2009-03-11,2336.22,2341.28,2262.47,2270.8,114707653,101639135232.0
2009-03-12,2258.07,2274.05,2204.48,2268.98,93965273,80841474048.0
2009-03-13,2281.65,2301.91,2250.86,2255.45,90118221,80730685440.0
2009-03-16,2247.65,2295.12,2231.04,2290.77,80068708,70195027968.0
2009-03-17,2293.76,2380.96,2287.63,2373.86,147230328,133303156736.0
2009-03-18,2386.47,2427.44,2380.79,2388.79,170198438,153357893632.0
2009-03-19,2393.22,2442.57,2387.68,2440.7,163168366,150295019520.0
2009-03-20,2447.05,2451.98,2397.24,2436.0,173730487,163277799424.0
2009-03-23,2440.0,2502.67,2431.79,2495.04,187065305,182997024768.0
2009-03-24,2530.81,2536.88,2495.97,2509.07,184365676,178023006208.0
2009-03-25,2493.21,2527.36,2453.29,2453.43,160742105,154503462912.0
2009-03-26,2458.41,2529.13,2429.01,2529.09,170319817,161499201536.0
2009-03-27,2549.48,2564.67,2531.59,2549.09,205047539,188373630976.0
2009-03-30,2551.5,2560.91,2525.18,2538.61,151527814,144634068992.0
2009-03-31,2489.49,2563.22,2475.73,2563.17,155129274,152955666432.0
2009-04-01,2574.8,2622.31,2574.8,2604.82,202636895,197010079744.0
2009-04-02,2615.15,2651.94,2611.79,2627.85,211522884,204529090560.0
2009-04-03,2648.39,2658.96,2600.66,2617.06,190394816,184856281088.0
2009-04-07,2618.54,2643.64,2594.17,2628.83,139107991,136538480640.0
2009-04-08,2616.6,2625.68,2531.4,2531.4,160906891,155535294464.0
2009-04-09,2528.89,2571.24,2508.63,2571.21,124464840,122120880128.0
2009-04-10,2592.39,2652.0,2583.47,2651.54,176224348,180305772544.0
2009-04-13,2676.76,2718.27,2673.74,2708.1,217009426,220229156864.0
2009-04-14,2703.35,2739.19,2689.42,2733.82,187428281,190822891520.0
2009-04-15,2719.56,2750.55,2686.28,2750.48,204440763,203676958720.0
2009-04-16,2754.68,2773.16,2707.24,2753.56,210395094,203591729152.0
2009-04-17,2743.1,2760.57,2692.35,2716.82,178393621,180338196480.0
2009-04-20,2709.73,2779.51,2707.24,2778.98,169432765,165566316544.0
2009-04-21,2742.91,2774.55,2708.36,2753.14,188053431,183043506176.0
2009-04-22,2765.8,2789.13,2628.29,2642.64,210098257,202024861696.0
2009-04-23,2620.38,2672.02,2604.65,2659.72,136206704,129489174528.0
2009-04-24,2671.46,2676.12,2636.41,2638.8,125844344,125000908800.0
2009-04-27,2633.55,2642.83,2554.51,2567.93,125169957,117076795392.0
2009-04-28,2546.68,2589.71,2543.86,2580.6,103630069,102858915840.0
2009-04-29,2581.49,2674.25,2576.36,2665.32,138084882,137569501184.0
2009-04-30,2676.33,2702.47,2664.79,2688.26,148129749,148104790016.0
2009-05-04,2699.95,2781.46,2698.51,2781.23,172108576,170585079808.0
2009-05-05,2799.71,2815.16,2780.46,2797.25,175271048,173746094080.0
2009-05-06,2792.14,2840.53,2783.84,2836.02,178793653,180371603456.0
2009-05-07,2853.64,2865.06,2792.9,2833.44,203475061,206269644800.0
2009-05-08,2818.04,2865.59,2797.72,2853.98,184587536,184248369152.0
2009-05-11,2871.27,2894.07,2779.21,2779.21,204430788,204248334336.0
2009-05-12,2755.66,2844.68,2752.7,2844.65,139523033,134627835904.0
2009-05-13,2848.46,2878.61,2832.69,2869.19,168561108,173480001536.0
2009-05-14,2838.48,2865.71,2817.97,2854.54,141763245,144163520512.0
2009-05-15,2862.61,2880.17,2837.75,2862.03,123877129,123438252032.0
2009-05-18,2850.14,2881.24,2806.6,2878.38,131149642,135251394560.0
2009-05-19,2902.45,2917.62,2888.91,2907.69,169094200,177264361472.0
2009-05-20,2910.95,2917.13,2882.21,2882.3,157942041,164117102592.0
2009-05-21,2865.19,2879.12,2805.93,2820.78,155598277,161441382400.0
2009-05-22,2804.91,2837.79,2792.34,2814.72,111136991,116586414080.0
2009-05-25,2754.53,2835.7,2742.84,2827.6,130699014,139594924032.0
2009-05-26,2831.87,2843.43,2800.55,2802.0,133395117,143563685888.0
2009-05-27,2816.22,2841.48,2792.5,2834.19,118469112,122021838848.0
2009-06-01,2870.32,2928.87,2870.32,2923.53,164997271,182038167552.0
2009-06-02,2942.27,2957.44,2922.45,2933.1,172760204,187569569792.0
2009-06-03,2933.19,2997.36,2931.56,2997.36,177250785,189702832128.0
2009-06-04,2984.0,3015.08,2954.34,3007.96,195258769,211694944256.0
2009-06-05,3018.55,3027.02,2990.28,2992.55,166641040,182891429888.0
2009-06-08,2991.25,3026.2,2965.78,2998.78,148837090,162006204416.0
2009-06-09,2998.69,3011.79,2941.16,3011.64,148312880,156781953024.0
2009-06-10,3022.27,3046.44,3016.35,3041.81,162993715,167670284288.0
2009-06-11,3035.82,3054.08,3003.72,3015.61,148080110,153122783232.0
2009-06-12,3009.55,3028.25,2933.61,2957.28,135606375,139579883520.0
2009-06-15,2960.24,3014.74,2949.09,3014.14,115296235,127648333824.0
2009-06-16,2985.43,3023.89,2977.57,3008.75,110978945,125360259072.0
2009-06-17,3005.32,3064.52,2981.46,3058.67,126275686,141766344704.0
2009-06-18,3063.03,3104.33,3063.03,3101.28,155912187,175586295808.0
2009-06-19,3105.21,3127.71,3090.33,3119.79,167255321,175964504064.0
2009-06-22,3144.26,3149.1,3105.95,3116.21,161483842,172347080704.0
2009-06-23,3071.71,3155.51,3064.39,3114.74,160559931,168951218176.0
2009-06-24,3111.75,3152.02,3100.88,3151.72,159189063,175828336640.0
2009-06-25,3156.33,3169.25,3134.7,3148.71,134179532,151908040704.0
2009-06-26,3156.54,3166.72,3141.81,3161.15,120625626,132904050688.0
2009-06-29,3164.73,3210.64,3155.56,3207.7,144343652,159922831360.0
2009-06-30,3218.31,3221.5,3184.5,3192.19,140274163,166161137664.0
2009-07-01,3180.71,3259.31,3178.03,3259.2,157799166,185070567424.0
2009-07-02,3269.84,3302.34,3266.52,3301.8,184826946,218051690496.0
2009-07-03,3275.87,3346.52,3269.52,3346.1,180863056,212271890432.0
2009-07-06,3352.54,3389.01,3350.91,3385.75,209778115,246654828544.0
2009-07-07,3379.85,3404.83,3344.83,3357.63,200923179,226250260480.0
2009-07-08,3326.23,3389.27,3289.05,3375.44,174015633,203597086720.0
2009-07-09,3372.94,3423.77,3361.08,3423.69,188321170,221150199808.0
2009-07-10,3426.68,3457.66,3406.72,3428.73,184031161,215049207808.0
2009-07-13,3414.5,3442.87,3401.72,3405.33,175292167,205344456704.0
2009-07-14,3418.75,3491.76,3418.75,3491.76,181890020,215100833792.0
2009-07-15,3503.66,3531.91,3503.66,3529.25,217843837,259372253184.0
2009-07-16,3550.35,3573.76,3521.83,3531.93,213661947,263380025344.0
2009-07-17,3530.17,3557.22,3513.69,3551.3,182634872,222146936832.0
2009-07-20,3563.49,3623.87,3548.62,3621.07,226629578,282417987584.0
2009-07-21,3631.42,3634.15,3554.87,3561.93,219971996,275050168320.0
2009-07-22,3554.94,3629.33,3554.94,3629.02,192412381,248054104064.0
2009-07-23,3635.41,3673.59,3621.54,3672.44,192996008,238939979776.0
2009-07-24,3690.96,3703.98,3605.34,3680.17,210605109,266624876544.0
2009-07-27,3692.22,3753.63,3683.21,3753.4,218091907,285153230848.0
2009-07-28,3755.2,3773.47,3715.78,3772.69,234549222,302498021376.0
2009-07-29,3759.57,3777.97,3465.53,3565.61,262043810,321378418688.0
2009-07-30,3590.1,3654.75,3510.4,3634.08,204805846,254791417856.0
2009-07-31,3666.8,3739.45,3638.91,3737.84,207499001,261244731392.0
2009-08-03,3756.6,3799.35,3724.05,3797.22,221523180,286184210432.0
2009-08-04,3810.9,3810.9,3729.27,3806.17,234686037,303186313216.0
2009-08-05,3801.25,3812.94,3715.97,3769.54,222237802,288028786688.0
2009-08-06,3737.55,3773.06,3635.38,3696.95,196831198,262902087680.0
2009-08-07,3689.44,3719.6,3571.6,3587.19,167270760,219681161216.0
2009-08-10,3622.88,3647.5,3524.6,3586.28,138681374,183801004032.0
2009-08-11,3600.07,3611.93,3552.27,3599.6,109137633,142997864448.0
2009-08-12,3589.99,3589.99,3430.61,3437.48,146368405,187067645952.0
2009-08-13,3439.15,3483.15,3378.8,3473.81,129791725,167244087296.0
2009-08-14,3471.94,3487.3,3361.5,3364.69,138975091,177034887168.0
2009-08-17,3306.03,3337.59,3151.12,3153.36,139937570,166298484736.0
2009-08-18,3123.75,3205.47,3100.69,3191.4,115469262,135426285568.0
2009-08-19,3196.89,3202.52,2999.76,3031.64,125509938,144688906240.0
2009-08-20,3036.94,3162.17,3036.94,3159.74,122480053,146846105600.0
2009-08-21,3151.01,3234.91,3129.97,3224.96,138197293,162434416640.0
2009-08-24,3240.85,3272.1,3201.61,3259.74,135021617,164241653760.0
2009-08-25,3241.3,3241.3,3061.42,3153.12,157355592,186384564224.0
2009-08-26,3127.62,3254.22,3109.83,3223.94,141704107,168489680896.0
2009-08-27,3203.79,3268.45,3172.44,3217.53,145551259,166271074304.0
2009-08-28,3211.38,3226.5,3094.93,3111.14,132294152,154732462080.0
2009-08-31,3066.2,3066.2,2885.75,2889.59,131831539,148823719936.0
2009-09-01,2862.36,2954.0,2848.72,2894.19,107928182,120977833984.0
2009-09-02,2875.83,2949.25,2865.37,2935.82,91901885,103292002304.0
2009-09-03,2942.06,3103.26,2937.12,3095.68,141103961,162336997376.0
2009-09-04,3097.54,3144.72,3081.64,3127.5,140818321,166962987008.0
2009-09-07,3146.71,3202.74,3128.01,3156.43,141110857,170135404544.0
2009-09-08,3136.26,3222.37,3100.61,3222.37,139750801,173949779968.0
2009-09-09,3237.27,3254.16,3193.66,3245.47,147070316,187950809088.0
2009-09-10,3229.99,3255.0,3199.47,3213.81,115759031,139761500160.0
2009-09-11,3203.05,3299.98,3202.68,3285.51,134211947,161020592128.0
2009-09-14,3295.91,3353.63,3289.94,3347.73,157390296,186331709440.0
2009-09-15,3353.19,3383.88,3321.76,3362.44,158455086,187317600256.0
2009-09-16,3350.6,3358.97,3277.17,3327.91,160481921,195147808768.0
2009-09-17,3341.81,3403.77,3341.81,3394.07,168996680,201875292160.0
2009-09-18,3400.02,3406.77,3243.92,3273.12,181004282,210924535808.0
2009-09-21,3237.38,3294.19,3166.31,3292.46,133896395,161016512512.0
2009-09-22,3280.36,3321.06,3212.07,3212.07,130618078,160706183168.0
2009-09-23,3208.5,3239.2,3114.75,3133.91,115948785,138593337344.0
2009-09-24,3114.89,3188.3,3054.93,3145.56,109270327,129735409664.0
2009-09-25,3123.95,3155.16,3093.71,3121.58,78971994,92759982080.0
2009-09-28,3129.67,3153.78,3020.22,3033.39,74206045,85379104768.0
2009-09-29,3034.88,3052.68,2970.11,3021.3,78571579,86111289344.0
2009-09-30,3042.6,3084.21,3038.84,3052.79,71048420,81496604672.0
2009-10-09,3122.59,3213.71,3116.51,3213.47,93307972,111027568640.0
2009-10-12,3229.62,3247.09,3203.57,3207.82,98161667,120348639232.0
2009-10-13,3200.54,3257.98,3196.54,3257.0,88645993,105828425728.0
2009-10-14,3267.21,3332.97,3263.43,3286.5,133234150,163834724352.0
2009-10-15,3314.98,3342.44,3283.4,3298.55,104814964,129622835200.0
2009-10-16,3308.55,3325.52,3248.54,3302.56,98552607,122504118272.0
2009-10-19,3300.76,3390.44,3294.81,3389.96,134277545,171706957824.0
2009-10-20,3414.65,3439.69,3404.29,3439.69,157151364,199962378240.0
2009-10-21,3436.45,3473.56,3419.26,3428.15,148960896,184419270656.0
2009-10-22,3421.62,3442.72,3403.7,3413.51,117688867,145075830784.0
2009-10-23,3420.16,3498.21,3420.16,3476.35,156165498,190235918336.0
2009-10-26,3484.29,3495.3,3446.97,3477.75,126504360,156883484672.0
2009-10-27,3448.61,3455.24,3378.15,3378.33,131832390,165206654976.0
2009-10-28,3367.1,3401.31,3324.82,3397.3,112604466,138405101568.0
2009-10-29,3334.57,3360.71,3310.33,3318.28,109214225,135498801152.0
2009-10-30,3373.82,3401.68,3346.14,3354.49,112395431,139839045632.0
2009-11-02,3280.95,3469.75,3271.89,3468.87,147931861,180792590336.0
2009-11-03,3479.44,3530.36,3474.66,3521.45,166381117,204433883136.0
2009-11-04,3528.67,3560.98,3503.1,3541.98,163977432,202025975808.0
2009-11-05,3545.86,3564.36,3521.95,3558.33,151534729,177384013824.0
2009-11-06,3583.96,3601.05,3567.32,3576.99,176136011,211129942016.0
2009-11-09,3580.89,3593.09,3547.95,3593.09,146375458,180739997696.0
2009-11-10,3616.13,3626.07,3598.38,3600.74,154103572,190804541440.0
2009-11-11,3596.27,3612.88,3566.54,3597.4,135410124,166699532288.0
2009-11-12,3607.22,3633.82,3590.78,3603.45,146788098,177274486784.0
2009-11-13,3592.69,3628.66,3550.79,3628.61,154519457,191394480128.0
2009-11-16,3651.95,3733.04,3651.95,3733.04,211532172,269572440064.0
2009-11-17,3751.63,3754.47,3727.0,3739.33,176252746,222928601088.0
2009-11-18,3743.48,3763.79,3724.33,3744.46,166997745,204550701056.0
2009-11-19,3751.76,3767.82,3723.17,3767.3,180996321,219108261888.0
2009-11-20,3755.22,3792.08,3725.91,3764.17,183021954,224069435392.0
2009-11-23,3770.1,3808.23,3763.22,3807.49,176828121,229995675648.0
2009-11-24,3822.68,3836.92,3656.43,3667.35,263653646,335570796544.0
2009-11-25,3659.46,3764.42,3630.96,3763.77,202198375,254113464320.0
2009-11-26,3770.04,3781.5,3598.89,3613.69,231611641,296026963968.0
2009-11-27,3564.82,3614.65,3492.09,3509.49,160124316,201586294784.0
2009-11-30,3542.53,3649.1,3542.53,3648.95,147354846,186968702976.0
2009-12-01,3645.73,3715.56,3629.7,3710.99,177608304,222585356288.0
2009-12-02,3729.75,3763.67,3720.62,3752.74,185679909,235786960896.0
2009-12-03,3750.72,3761.49,3710.36,3753.3,169020394,217242681344.0
2009-12-04,3744.5,3798.49,3663.56,3773.79,228116259,293681430528.0
2009-12-07,3775.18,3810.95,3765.63,3808.28,151718644,200524972032.0
2009-12-08,3810.41,3810.66,3734.48,3770.5,149344501,192962265088.0
2009-12-09,3725.71,3752.79,3687.75,3700.81,123873177,158339612672.0
2009-12-10,3724.84,3748.48,3691.05,3726.31,102981556,132608925696.0
2009-12-11,3737.97,3763.54,3715.93,3724.19,101664558,127512739840.0
2009-12-14,3721.93,3758.18,3638.49,3750.51,129878165,165183373312.0
2009-12-15,3734.65,3762.0,3720.27,3728.75,115767528,152357568512.0
2009-12-16,3714.08,3754.33,3696.6,3707.3,100381804,131227328512.0
2009-12-17,3715.66,3726.73,3612.25,3616.05,108213298,138159702016.0
2009-12-18,3583.06,3585.8,3508.71,3514.68,109098167,136263385088.0
2009-12-21,3508.76,3529.27,3483.72,3528.55,80429524,104500346880.0
2009-12-22,3533.87,3536.05,3423.58,3432.91,90791652,116465426432.0
2009-12-23,3430.57,3476.04,3426.65,3471.55,80953352,104869412864.0
2009-12-24,3480.5,3585.54,3473.91,3579.16,108737902,145366024192.0
2009-12-25,3575.0,3591.5,3554.33,3573.7,89639115,117225971712.0
2009-12-28,3582.52,3636.87,3582.52,3630.14,99125127,128993427456.0
2009-12-29,3633.82,3651.59,3598.34,3651.13,100807910,130168619008.0
2009-12-30,3652.87,3696.29,3646.85,3694.47,136518974,181840216064.0
2009-12-31,3696.14,3718.02,3678.71,3715.36,114534690,152879120384.0
2010-01-04,3733.3,3738.57,3687.94,3687.94,117357813,156091695104.0
2010-01-05,3696.44,3727.06,3653.0,3719.95,142850386,196745576448.0
2010-01-06,3714.9,3745.87,3700.11,3700.76,136349104,190664441856.0
2010-01-07,3699.93,3714.97,3607.99,3627.18,138223478,189197598720.0
2010-01-08,3611.73,3645.87,3585.21,3644.73,107363899,145088757760.0
2010-01-11,3741.58,3743.96,3633.89,3651.74,147069904,204180389888.0
2010-01-12,3646.91,3713.04,3612.92,3712.51,155804968,210343165952.0
2010-01-13,3625.08,3678.69,3604.98,3612.37,180356709,243318980608.0
2010-01-14,3623.63,3674.75,3611.45,3674.25,151271735,202669162496.0
2010-01-15,3678.2,3706.0,3657.98,3691.62,131056474,177111220224.0
2010-01-18,3682.24,3722.1,3670.6,3721.59,146138665,196095623168.0
2010-01-19,3727.77,3744.49,3713.32,3727.2,141038176,188861579264.0
2010-01-20,3731.08,3733.87,3594.58,3602.6,170581682,222740054016.0
2010-01-21,3603.82,3635.75,3571.44,3616.98,121531743,161563049984.0
2010-01-22,3571.39,3594.79,3483.95,3558.31,149120587,189186703360.0
2010-01-25,3533.04,3563.09,3514.98,3516.94,98244254,126297718784.0
2010-01-26,3514.41,3529.55,3389.35,3413.08,103272513,129053908992.0
2010-01-27,3412.57,3427.18,3354.0,3372.53,85615546,108470853632.0
2010-01-28,3369.71,3403.88,3347.55,3392.2,79118045,101495799808.0
2010-01-29,3375.35,3442.06,3361.53,3397.6,90150678,114938986496.0
2010-02-01,3391.31,3391.34,3307.6,3348.22,100096409,126101307392.0
2010-02-02,3365.08,3404.91,3334.06,3337.34,88662538,113737842688.0
2010-02-03,3348.59,3417.02,3269.16,3416.6,113325573,142900133888.0
2010-02-04,3393.29,3441.75,3376.31,3415.78,110846509,135475732480.0
2010-02-05,3340.63,3377.41,3318.46,3344.67,108776250,131022585856.0
2010-02-08,3341.7,3363.47,3324.31,3342.92,69302027,84043350016.0
2010-02-09,3338.31,3369.4,3335.11,3357.65,65849737,78273773568.0
2010-02-10,3382.58,3404.26,3371.31,3403.96,60117090,78514200576.0
2010-02-11,3406.28,3426.91,3397.0,3407.1,60276462,75560140800.0
2010-02-12,3418.81,3444.54,3416.01,3443.21,58569617,76024242176.0
2010-02-22,3440.64,3458.71,3426.5,3429.53,69753198,86923911168.0
2010-02-23,3422.13,3422.13,3352.69,3409.42,81585009,107281719296.0
2010-02-24,3388.23,3465.01,3375.1,3464.66,98014005,119680352256.0
2010-02-25,3472.6,3518.97,3470.11,3516.84,123106026,155343142912.0
2010-02-26,3509.85,3529.19,3496.95,3509.38,101637810,129076731904.0
2010-03-01,3516.29,3559.43,3514.95,3553.42,114366957,144728326144.0
2010-03-02,3556.78,3569.33,3529.29,3543.66,113663235,143927525376.0
2010-03-03,3545.12,3576.33,3528.33,3575.77,124196283,155320434688.0
2010-03-04,3579.63,3588.36,3468.12,3475.32,137817515,171014553600.0
2010-03-05,3478.23,3504.63,3459.74,3486.12,98000613,118369697792.0
2010-03-08,3495.75,3524.98,3486.27,3516.8,86580344,106241884160.0
2010-03-09,3516.07,3549.44,3484.0,3533.59,101413915,126475935744.0
2010-03-10,3532.01,3548.21,3485.05,3500.97,91220637,113708392448.0
2010-03-11,3502.11,3521.74,3463.43,3491.66,85048872,107315544064.0
2010-03-12,3491.9,3500.17,3442.54,3443.43,75357556,93575053312.0
2010-03-15,3440.57,3445.7,3381.72,3396.23,67773084,84533682176.0
2010-03-16,3396.52,3420.23,3379.71,3419.87,58512256,73444687872.0
2010-03-17,3429.77,3499.69,3424.75,3499.61,90170387,114942509056.0
2010-03-18,3505.06,3523.94,3483.89,3497.38,96739360,120999542784.0
2010-03-19,3500.32,3527.05,3480.16,3524.71,92477733,116506927104.0
2010-03-22,3528.93,3542.71,3518.32,3536.75,96639782,121399615488.0
2010-03-23,3539.1,3543.1,3504.09,3509.08,93588203,118893273088.0
2010-03-24,3515.1,3530.97,3507.31,3514.64,91990733,116400504832.0
2010-03-25,3508.12,3508.12,3457.66,3464.72,93938401,117448351744.0
2010-03-26,3460.76,3522.88,3454.36,3514.04,92664247,116241547264.0
2010-03-29,3533.48,3589.07,3531.92,3587.82,135008148,171660673024.0
2010-03-30,3589.48,3603.56,3578.36,3598.33,103780703,138497163264.0
2010-03-31,3600.3,3600.82,3574.61,3583.71,102232563,133843378176.0
2010-04-01,3587.16,3634.78,3587.16,3634.33,129651526,170092003328.0
2010-04-02,3642.15,3655.18,3632.92,3649.7,128505398,170713890816.0
2010-04-06,3664.03,3674.01,3627.91,3649.81,122588760,164789272576.0
2010-04-07,3647.96,3651.75,3617.5,3637.32,107300414,142807007232.0
2010-04-08,3631.43,3635.03,3593.96,3605.44,119360833,161885962240.0
2010-04-09,3607.37,3645.79,3603.97,3645.56,109699792,151782932480.0
2010-04-12,3654.61,3660.0,3605.3,3630.56,146846868,199468417024.0
2010-04-13,3630.22,3669.56,3573.68,3651.89,153377138,212943601664.0
2010-04-14,3652.47,3673.25,3636.51,3672.51,116508422,163273441280.0
2010-04-15,3674.69,3680.6,3623.7,3653.2,115302807,158716903424.0
2010-04-16,3645.46,3648.1,3605.84,3619.56,90186105,121321611264.0
2010-04-19,3576.18,3576.18,3434.78,3435.64,146693747,189648666624.0
2010-04-20,3433.98,3457.2,3384.51,3444.9,116856932,153804505088.0
2010-04-21,3449.9,3524.13,3443.34,3523.05,130881716,176647094272.0
2010-04-22,3509.43,3530.07,3467.53,3496.59,137076896,185294979072.0
2010-04-23,3492.4,3521.56,3461.7,3480.05,117016579,165166759936.0
2010-04-26,3485.28,3499.99,3460.78,3466.12,99404650,139086233600.0
2010-04-27,3456.26,3456.26,3335.14,3390.94,119012441,154763067392.0
2010-04-28,3357.6,3407.24,3337.79,3377.36,90315263,121395666944.0
2010-04-29,3394.48,3412.25,3318.03,3318.27,96554371,131019497472.0
2010-04-30,3314.35,3321.54,3241.24,3300.62,98297535,126105640960.0
2010-05-04,3234.86,3300.02,3221.47,3261.46,73086202,92901097472.0
2010-05-05,3222.62,3300.38,3195.01,3300.01,102968939,133088714752.0
2010-05-06,3281.43,3281.43,3159.46,3160.75,103753913,137942417408.0
2010-05-07,3091.71,3161.06,3074.56,3099.54,103330949,130334146560.0
2010-05-10,3103.22,3131.31,3035.71,3101.04,90401331,113548206080.0
2010-05-11,3163.1,3170.29,3021.66,3031.28,98389301,120558239744.0
2010-05-12,3007.64,3057.08,2966.18,3025.65,89574105,105435373568.0
2010-05-13,3025.94,3102.7,3008.43,3102.66,91662640,106976927744.0
2010-05-14,3080.26,3114.12,3065.83,3092.73,79441159,96785391616.0
2010-05-17,3050.13,3050.13,2917.24,2918.72,89769979,101998501888.0
2010-05-18,2911.94,2984.5,2878.22,2974.77,92222655,101101199360.0
2010-05-19,2951.9,3012.94,2924.49,2968.44,80536739,93561413632.0
2010-05-20,2943.25,3002.92,2918.99,2924.98,75609125,88914149376.0
2010-05-21,2847.52,2974.94,2836.96,2974.69,94706196,106255695872.0
2010-05-24,2996.34,3103.28,2996.34,3093.0,128921614,150715187200.0
2010-05-25,3069.78,3079.18,3018.25,3039.67,102619344,120259002368.0
2010-05-26,3037.03,3065.66,3019.8,3041.84,74088273,87337091072.0
2010-05-27,3034.96,3100.15,2996.71,3092.78,97097570,114028838912.0
2010-05-28,3120.39,3129.13,3070.07,3088.24,96849102,116604846080.0
2010-05-31,3072.32,3098.0,3001.34,3001.62,87625075,103899217920.0
2010-06-01,2978.65,3005.16,2918.94,2963.32,83597617,95806365696.0
2010-06-02,2947.32,2985.45,2916.54,2985.06,72295820,82494693376.0
2010-06-03,2997.41,3020.89,2961.88,2962.24,77130785,89868328960.0
2010-06-04,2944.99,2980.05,2936.32,2975.59,64161416,73750953984.0
2010-06-07,2917.48,2951.53,2902.41,2933.53,74512355,86463406080.0
2010-06-08,2930.75,2962.83,2910.02,2943.45,69379778,82230771712.0
2010-06-09,2956.25,3033.17,2934.14,3029.24,107767805,122681303040.0
2010-06-10,3004.37,3033.87,2996.34,3005.81,84792505,98224390144.0
2010-06-11,3021.7,3035.55,3004.87,3007.99,74976590,88565055488.0
2010-06-17,3028.22,3035.92,2984.8,2985.01,61610717,73612550144.0
2010-06-18,2979.45,2990.98,2902.05,2914.71,76850967,89466511360.0
2010-06-21,2914.67,3005.09,2897.72,3004.19,90347724,98780512256.0
2010-06-22,2996.95,3024.95,2989.6,3012.89,73712590,81448812544.0
2010-06-23,2996.78,3020.04,2957.98,2987.91,66868328,74734075904.0
2010-06-24,2983.4,3012.77,2968.87,2987.25,54191468,60635492352.0
2010-06-25,2973.48,2985.63,2934.39,2957.53,56473497,62622154752.0
2010-06-28,2955.09,2969.91,2920.65,2929.12,48829513,54057496576.0
2010-06-29,2929.54,2937.06,2786.0,2786.5,82334195,85033623552.0
2010-06-30,2764.01,2766.06,2728.24,2749.51,61236134,61274394624.0
2010-07-01,2744.15,2763.35,2707.42,2708.87,55321117,55353237504.0
2010-07-02,2705.33,2719.77,2624.32,2711.31,75790968,73847832576.0
2010-07-05,2680.41,2707.31,2650.1,2690.0,54662827,52474576896.0
2010-07-06,2682.31,2749.91,2680.44,2749.54,69306774,67834638336.0
2010-07-07,2749.4,2773.91,2736.53,2773.76,64668603,65377222656.0
2010-07-08,2784.6,2794.57,2750.63,2766.25,61849437,61987856384.0
2010-07-09,2768.54,2857.88,2747.41,2844.03,99226339,101612208128.0
2010-07-12,2844.69,2889.43,2834.25,2875.32,98476927,102673047552.0
2010-07-13,2847.76,2847.76,2809.81,2830.43,77673801,79476948992.0
2010-07-14,2836.72,2884.47,2836.72,2852.37,82098519,84984692736.0
2010-07-15,2848.44,2878.63,2798.87,2799.4,73151071,73742843904.0
2010-07-16,2786.04,2815.09,2759.55,2809.68,63050513,63023230976.0
2010-07-19,2782.95,2887.61,2774.32,2878.95,88942306,95276498944.0
2010-07-20,2882.63,2950.71,2882.63,2946.97,125811849,134527115264.0
2010-07-21,2949.99,2975.4,2938.17,2953.17,122799580,127211266048.0
2010-07-22,2943.55,2991.49,2939.05,2991.48,107243689,110683586560.0
2010-07-23,2997.05,3013.27,2972.13,3000.46,109229026,116732067840.0
2010-07-26,3006.46,3025.62,2985.95,3025.45,97437898,105465733120.0
2010-07-27,3017.92,3028.78,2999.67,3012.75,90866167,100160716800.0
2010-07-28,3011.86,3087.03,3000.11,3084.98,137887961,145109073920.0
2010-07-29,3089.02,3110.69,3071.44,3102.42,158714445,157505552384.0
2010-07-30,3094.78,3100.58,3065.04,3094.55,109873881,115892117504.0
2010-08-02,3094.38,3151.44,3093.95,3147.93,126016435,132631560192.0
2010-08-03,3156.1,3160.86,3092.49,3092.72,141154268,151596744704.0
2010-08-04,3083.68,3111.44,3044.01,3111.42,126004801,134319104000.0
2010-08-05,3109.81,3120.76,3074.04,3094.68,125572159,136482201600.0
2010-08-06,3091.14,3149.29,3063.82,3148.92,138611171,152625463296.0
2010-08-09,3146.29,3180.0,3140.76,3176.33,134717495,151917199360.0
2010-08-10,3177.82,3182.44,3075.65,3076.02,140920545,154560004096.0
2010-08-11,3065.36,3113.35,3065.36,3099.86,97617979,107671552000.0
2010-08-12,3068.6,3111.57,3054.67,3062.07,105219881,116278444032.0
2010-08-13,3063.48,3109.34,3042.93,3108.91,100357307,110147690496.0
2010-08-16,3105.24,3186.94,3097.54,3181.26,137320636,155824799744.0
2010-08-17,3187.88,3212.27,3177.72,3203.99,133364614,151934468096.0
2010-08-18,3207.86,3222.57,3180.8,3199.92,127644808,147018891264.0
2010-08-19,3202.49,3236.68,3186.79,3215.2,136237727,161188528128.0
2010-08-20,3201.97,3208.79,3143.88,3151.47,129962053,149704671232.0
2010-08-23,3148.71,3176.24,3144.58,3156.98,97452173,115309264896.0
2010-08-24,3153.12,3197.41,3127.05,3179.32,115793460,126906327040.0
2010-08-25,3159.69,3173.3,3106.15,3107.44,117896019,128296804352.0
2010-08-26,3117.16,3136.81,3101.19,3118.98,91071981,101248622592.0
2010-08-27,3115.85,3135.01,3101.31,3131.86,77739471,91549802496.0
2010-08-30,3148.53,3203.93,3148.53,3200.16,121162789,145927700480.0
2010-08-31,3190.12,3206.01,3180.04,3197.55,124829595,154972995584.0
2010-09-01,3202.26,3222.43,3140.39,3171.0,141624531,168933015552.0
2010-09-02,3204.13,3228.03,3189.23,3218.99,135827251,168425242624.0
2010-09-03,3224.73,3233.11,3189.92,3225.15,140233669,171548672000.0
2010-09-06,3241.38,3273.44,3235.03,3267.08,158099640,188991471616.0
2010-09-07,3270.26,3281.85,3248.58,3278.81,127687226,149012578304.0
2010-09-08,3264.69,3286.75,3250.28,3284.75,128098506,159722962944.0
2010-09-09,3291.47,3291.87,3224.41,3229.23,151642784,188988915712.0
2010-09-10,3230.03,3247.64,3187.8,3243.07,127400780,160521453568.0
2010-09-13,3245.38,3294.87,3237.77,3282.93,129634502,167442153472.0
2010-09-14,3291.61,3304.84,3275.08,3288.06,131155717,164339924992.0
2010-09-15,3287.96,3287.96,3222.9,3232.25,131875929,160139968512.0
2010-09-16,3226.72,3237.63,3137.03,3165.23,130090515,152230166528.0
2010-09-17,3171.86,3187.37,3150.75,3166.7,94024183,114753044480.0
2010-09-20,3170.66,3178.08,3127.77,3147.9,89089496,104800083968.0
2010-09-21,3157.22,3167.85,3136.49,3152.82,64266013,79325880320.0
2010-09-27,3167.33,3215.3,3163.7,3214.99,85552107,107821375488.0
2010-09-28,3211.12,3215.02,3185.77,3192.0,100338840,133655461888.0
2010-09-29,3187.92,3213.27,3166.26,3174.98,96735719,123961729024.0
2010-09-30,3157.52,3237.02,3155.1,3237.02,98289266,125003333632.0
2010-10-08,3267.92,3357.37,3265.39,3344.49,151546208,200474591232.0
2010-10-11,3367.66,3443.2,3367.66,3419.58,235330316,310654992384.0
2010-10-12,3407.48,3455.27,3390.97,3454.72,195195145,263528546304.0
2010-10-13,3458.5,3500.1,3441.56,3496.5,221978177,292584325120.0
2010-10-14,3519.74,3544.83,3466.93,3472.02,255325301,323701899264.0
2010-10-15,3451.66,3557.33,3444.89,3557.33,265241527,338162450432.0
2010-10-18,3573.3,3603.0,3498.66,3529.69,301556610,370110365696.0
2010-10-19,3525.41,3612.57,3509.19,3612.32,195604934,245789900800.0
2010-10-20,3536.84,3672.51,3532.87,3632.28,243166517,332474810368.0
2010-10-21,3640.75,3655.07,3589.06,3621.97,191782660,261389336576.0
2010-10-22,3615.34,3659.96,3597.91,3633.5,182433779,249223282688.0
2010-10-25,3643.28,3738.67,3627.75,3738.48,226462353,315556495360.0
2010-10-26,3749.0,3755.55,3702.49,3735.47,231775489,322727018496.0
2010-10-27,3723.72,3762.83,3667.97,3675.84,204253248,283650785280.0
2010-10-28,3661.98,3694.15,3642.16,3671.79,160131078,222069112832.0
2010-10-29,3675.0,3687.28,3633.61,3668.16,165930847,234511286272.0
2010-11-01,3679.79,3770.06,3679.79,3770.03,211507525,305360601088.0
2010-11-02,3781.3,3821.21,3753.24,3757.11,251775818,370175377408.0
2010-11-03,3755.44,3769.64,3707.76,3708.68,202676426,284859695104.0
2010-11-04,3714.77,3781.95,3709.77,3781.49,192925490,268119621632.0
2010-11-05,3837.19,3852.54,3804.96,3829.6,227192935,317705355264.0
2010-11-08,3845.4,3874.91,3823.75,3874.41,221547246,300176310272.0
2010-11-09,3874.31,3874.31,3831.45,3861.57,215155114,295382876160.0
2010-11-10,3846.52,3855.6,3812.49,3844.8,208671218,299991728128.0
2010-11-11,3833.93,3910.29,3829.82,3845.11,237749517,348114485248.0
2010-11-12,3819.41,3835.34,3599.26,3607.87,265877105,365977665536.0
2010-11-15,3614.54,3654.59,3562.81,3653.56,170166059,237655015424.0
2010-11-16,3651.73,3651.73,3481.04,3501.58,186669225,261683838976.0
2010-11-17,3450.26,3492.53,3390.9,3408.78,137565969,191181783040.0
2010-11-18,3439.37,3467.46,3396.39,3458.6,107721797,152079171584.0
2010-11-19,3479.85,3511.43,3398.59,3511.43,137558229,190165532672.0
2010-11-22,3480.87,3549.14,3470.04,3519.01,144080427,201428828160.0
2010-11-23,3502.58,3502.58,3397.61,3450.5,131171865,180287324160.0
2010-11-24,3428.15,3533.92,3428.15,3533.57,129418281,185584107520.0
2010-11-25,3554.54,3586.92,3534.16,3580.99,144228652,201124921344.0
2010-11-26,3572.62,3580.87,3521.25,3551.93,118540176,170121822208.0
2010-11-29,3540.35,3569.68,3515.52,3552.04,109065891,159880003584.0
2010-11-30,3548.09,3566.18,3393.93,3483.43,150362478,208034611200.0
2010-12-01,3471.76,3499.63,3455.71,3483.78,89703905,125613539328.0
2010-12-02,3534.75,3544.52,3502.26,3503.16,108770623,155281391616.0
2010-12-03,3508.18,3515.48,3470.51,3498.47,88113328,123224465408.0
2010-12-06,3507.74,3517.02,3463.93,3488.63,90498309,128231464960.0
2010-12-07,3475.13,3541.03,3430.18,3529.39,92165250,132545576960.0
2010-12-08,3523.69,3550.4,3497.93,3503.77,92531841,133984165888.0
2010-12-09,3486.69,3501.24,3444.15,3445.0,101189034,130144550912.0
2010-12-10,3428.39,3498.09,3421.57,3490.01,87520632,120230502400.0
2010-12-13,3506.04,3596.29,3505.39,3595.97,141277289,195972841472.0
2010-12-14,3606.32,3619.23,3593.7,3614.98,133467523,184911986688.0
2010-12-15,3616.17,3631.46,3587.31,3594.92,119065507,172277022720.0
2010-12-16,3591.42,3607.19,3570.41,3578.67,92320064,129028407296.0
2010-12-17,3576.68,3582.96,3558.7,3576.82,75331290,108722700288.0
2010-12-20,3590.96,3602.87,3455.63,3526.84,120347449,173093470208.0
2010-12-21,3532.23,3595.7,3511.62,3594.93,120240826,168262680576.0
2010-12-22,3598.95,3605.8,3544.34,3558.48,110715392,155267170304.0
2010-12-23,3552.13,3570.07,3511.08,3517.11,95923981,132273373184.0
2010-12-24,3498.42,3510.91,3454.68,3481.8,86088553,113433206784.0
2010-12-27,3492.71,3538.03,3395.4,3404.24,104172445,145313857536.0
2010-12-28,3386.85,3395.65,3329.52,3337.77,85879997,112342163456.0
2010-12-29,3341.82,3367.52,3321.75,3366.8,66669612,89716490240.0
2010-12-30,3367.39,3387.59,3333.03,3371.63,77813670,103448584192.0
2010-12-31,3376.63,3444.31,3376.52,3443.58,90220692,131686359040.0
2011-01-04,3470.68,3510.36,3456.47,3507.01,122406084,183308419072.0
2011-01-05,3487.12,3514.33,3474.29,3499.01,114021028,168959836160.0
2011-01-06,3500.3,3520.05,3473.93,3480.96,90919836,137455583232.0
2011-01-07,3476.33,3525.88,3460.28,3481.63,119089466,160878477312.0
2011-01-10,3476.37,3493.5,3400.36,3407.42,96632268,131826057216.0
2011-01-11,3394.17,3422.69,3373.8,3416.0,84492006,111513067520.0
2011-01-12,3425.87,3446.75,3388.06,3435.41,85412915,105393790976.0
2011-01-13,3448.18,3451.88,3419.02,3433.27,77380761,99378987008.0
2011-01-14,3422.04,3422.04,3366.71,3374.08,81163213,107543871488.0
2011-01-17,3348.33,3357.25,3234.59,3241.32,97485072,123994972160.0
2011-01-18,3230.78,3254.41,3213.31,3247.19,62407430,78883823616.0
2011-01-19,3248.22,3322.35,3238.19,3321.74,80932880,104771600384.0
2011-01-20,3314.56,3314.56,3209.3,3209.49,89699106,112654917632.0
2011-01-21,3198.6,3291.37,3198.11,3246.06,100198008,118544687104.0
2011-01-24,3248.24,3261.42,3195.21,3202.25,90693227,107879718912.0
2011-01-25,3196.99,3203.16,3157.08,3179.06,70318857,84221853696.0
2011-01-26,3179.57,3229.92,3179.36,3226.66,63118103,76981280768.0
2011-01-27,3201.62,3290.44,3181.91,3279.94,110550736,132584972288.0
2011-01-28,3273.9,3307.3,3267.88,3296.75,88831254,111473164288.0
2011-01-31,3294.96,3340.53,3291.11,3340.51,93512237,117135425536.0
2011-02-01,3346.41,3351.45,3329.23,3344.85,73809225,97684545536.0
2011-02-09,3321.04,3357.57,3300.55,3311.74,87936230,114022440960.0
2011-02-10,3305.3,3386.28,3297.25,3385.95,101181912,130550325248.0
2011-02-11,3383.26,3422.44,3375.93,3409.4,115891536,150827597824.0
2011-02-14,3412.38,3513.43,3412.38,3504.42,169117464,218332299264.0
2011-02-15,3508.86,3548.14,3500.17,3502.7,161111479,215801806848.0
2011-02-16,3495.79,3543.45,3483.32,3543.14,136005650,186565279744.0
2011-02-17,3550.63,3562.46,3513.16,3547.61,139410022,196066476032.0
2011-02-18,3540.97,3544.08,3500.11,3511.59,118285403,163179937792.0
2011-02-21,3490.16,3567.95,3487.43,3567.71,126769995,172096356352.0
2011-02-22,3577.27,3578.66,3465.15,3466.82,165245702,227078897664.0
2011-02-23,3454.38,3495.43,3454.38,3488.85,116154918,158865735680.0
2011-02-24,3484.72,3515.72,3473.62,3511.03,116577579,160099221504.0
2011-02-25,3509.43,3530.5,3474.38,3517.36,106074725,145917214720.0
2011-02-28,3521.21,3564.02,3497.86,3562.81,127873450,175877701632.0
2011-03-01,3565.39,3599.0,3557.32,3580.26,146365373,201497542656.0
2011-03-02,3561.66,3581.86,3520.27,3568.37,134053431,184485199872.0
2011-03-03,3571.83,3592.45,3531.53,3532.24,152930386,198671368192.0
2011-03-04,3533.02,3584.54,3525.56,3582.6,122573518,161971912704.0
2011-03-07,3599.41,3647.83,3599.41,3647.2,175665786,247572676608.0
2011-03-08,3647.62,3655.25,3625.48,3654.75,138018735,197762482176.0
2011-03-09,3660.54,3671.18,3639.7,3658.82,129172558,182630842368.0
2011-03-10,3650.68,3650.68,3603.62,3604.59,130532528,190008377344.0
2011-03-11,3586.02,3623.73,3571.1,3577.49,118927670,171192729600.0
2011-03-14,3568.3,3600.37,3558.82,3599.45,117099915,169687810048.0
2011-03-15,3587.3,3587.3,3475.09,3541.02,159370043,214920626176.0
2011-03-16,3540.08,3591.57,3537.99,3589.38,134420839,187607613440.0
2011-03-17,3554.75,3580.39,3516.34,3530.38,142427890,192295403520.0
2011-03-18,3561.53,3574.76,3537.15,3549.61,104016995,143939616768.0
2011-03-21,3552.44,3566.01,3520.44,3535.03,101024712,139199528960.0
2011-03-22,3544.99,3552.03,3498.25,3547.71,96355683,133605081088.0
2011-03-23,3547.0,3595.89,3541.27,3594.52,118451144,159230590976.0
2011-03-24,3598.99,3605.2,3582.47,3586.25,110300936,151886577664.0
2011-03-25,3589.28,3637.61,3588.59,3629.01,145473375,197069127680.0
2011-03-28,3641.42,3657.75,3618.25,3623.46,166807330,228322410496.0
2011-03-29,3619.23,3635.63,3578.27,3580.62,175613491,220182691840.0
2011-03-30,3577.72,3593.48,3546.93,3570.31,131964939,169528049664.0
2011-03-31,3571.29,3579.99,3518.5,3531.88,110297283,142766374912.0
2011-04-01,3535.19,3583.79,3528.43,3583.79,102212024,135329996800.0
2011-04-06,3577.52,3616.26,3575.47,3613.23,151538434,201447145472.0
2011-04-07,3614.83,3634.51,3604.34,3629.97,129650648,170362388480.0
2011-04-08,3627.2,3664.64,3619.87,3664.34,119300814,165704007680.0
2011-04-11,3673.94,3686.34,3637.92,3640.48,157038095,208907747328.0
2011-04-12,3631.52,3659.82,3615.3,3636.51,154652871,185991790592.0
2011-04-13,3621.12,3682.44,3603.96,3682.44,135907667,166319898624.0
2011-04-14,3683.73,3688.51,3658.0,3664.9,137885360,166766837760.0
2011-04-15,3656.7,3686.09,3631.94,3671.4,131308986,162221588480.0
2011-04-18,3658.66,3685.05,3649.88,3674.9,143042855,176192258048.0
2011-04-19,3649.69,3649.69,3604.09,3611.96,149124907,181546156032.0
2011-04-20,3615.66,3631.57,3601.76,3618.76,123220033,157039149056.0
2011-04-21,3635.27,3652.72,3625.51,3642.85,127071131,163965124608.0
2011-04-22,3642.55,3650.22,3615.58,3624.52,122159125,149346844672.0
2011-04-25,3616.06,3616.06,3562.67,3563.25,124535873,159054282752.0
2011-04-26,3553.64,3568.27,3515.57,3532.42,98354135,123428323328.0
2011-04-27,3543.18,3558.9,3480.35,3504.43,103571824,122985496576.0
2011-04-28,3517.81,3526.82,3434.81,3436.29,105825837,125852286976.0
2011-04-29,3434.68,3477.09,3422.5,3476.5,83793375,98408120320.0
2011-05-03,3476.6,3507.47,3450.49,3507.08,90459445,106686013440.0
2011-05-04,3488.59,3488.59,3411.78,3421.18,107344255,132069081088.0
2011-05-05,3405.65,3432.41,3397.16,3421.19,87267778,102957965312.0
2011-05-06,3387.75,3442.63,3375.74,3421.69,92257958,113229725696.0
2011-05-09,3426.7,3452.71,3422.68,3435.94,80589911,99236118528.0
2011-05-10,3441.03,3460.3,3426.09,3460.21,76157541,96521322496.0
2011-05-11,3460.66,3474.97,3432.35,3455.72,90063456,109266878464.0
2011-05-12,3431.85,3454.27,3408.05,3408.4,96155074,116067180544.0
2011-05-13,3410.66,3437.29,3383.05,3436.99,89360034,106958249984.0
2011-05-16,3430.36,3449.76,3412.35,3414.45,86189662,101424447488.0
2011-05-17,3410.14,3444.58,3381.02,3421.9,98064326,118793928704.0
2011-05-18,3413.73,3451.48,3410.22,3446.74,75722520,90015514624.0
2011-05-19,3455.19,3463.39,3424.41,3426.73,77793438,92906487808.0
2011-05-20,3425.77,3436.89,3412.94,3424.34,68687976,85115846656.0
2011-05-23,3417.54,3417.54,3309.02,3310.5,98755094,113831280640.0
2011-05-24,3298.62,3315.21,3275.45,3311.7,74480925,89909813248.0
2011-05-25,3306.12,3318.6,3270.07,3272.82,73471396,85959770112.0
2011-05-26,3293.03,3305.67,3253.92,3254.57,72705585,88701288448.0
2011-05-27,3254.34,3264.19,3214.05,3215.28,76673291,89068756992.0
2011-05-30,3204.99,3230.36,3184.04,3192.4,61263735,71012982784.0
2011-05-31,3196.24,3249.1,3184.87,3248.9,66161782,79077761024.0
2011-06-01,3243.58,3261.65,3233.3,3259.8,65886622,78805778432.0
2011-06-02,3222.29,3236.6,3170.74,3209.39,83003855,94546223104.0
2011-06-03,3205.22,3255.88,3204.67,3248.37,65795855,79168675840.0
2011-06-07,3239.67,3272.44,3236.0,3270.51,62204759,79051440128.0
2011-06-08,3269.1,3281.2,3228.34,3277.0,72602461,84521623552.0
2011-06-09,3268.31,3271.43,3211.35,3211.37,77624087,88883773440.0
2011-06-10,3205.5,3223.26,3176.68,3221.75,69364609,80399671296.0
2011-06-13,3198.95,3219.27,3178.16,3212.4,61254643,72585527296.0
2011-06-14,3209.9,3267.31,3205.69,3260.72,85938400,100062887936.0
2011-06-15,3252.01,3269.12,3228.42,3228.49,73938663,87985987584.0
2011-06-16,3202.42,3209.19,3171.25,3173.52,69041551,77730611200.0
2011-06-17,3170.85,3188.88,3139.71,3140.88,64003427,76838780928.0
2011-06-20,3136.07,3141.36,3100.83,3115.97,59580487,68898258944.0
2011-06-21,3124.19,3154.97,3116.18,3154.67,66487579,76984606720.0
2011-06-22,3158.91,3166.55,3135.74,3151.03,59599681,67759910912.0
2011-06-23,3140.82,3214.3,3127.36,3205.83,75218493,88317640704.0
2011-06-24,3194.56,3302.93,3191.1,3281.96,131388524,158114791424.0
2011-06-27,3283.27,3317.85,3280.05,3300.33,104780376,126147149824.0
2011-06-28,3303.59,3311.25,3275.21,3305.73,88076265,110448590848.0
2011-06-29,3302.89,3309.04,3260.43,3260.48,87440550,103055302656.0
2011-06-30,3262.03,3320.66,3262.03,3308.54,95240498,113436942336.0
2011-07-01,3316.85,3340.79,3301.07,3317.83,95586855,117465522176.0
2011-07-04,3332.54,3397.52,3332.54,3397.45,130778825,162572566528.0
2011-07-05,3398.74,3409.92,3382.75,3403.46,113831844,138955948032.0
2011-07-06,3396.97,3400.08,3365.15,3398.51,104860147,130919833600.0
2011-07-07,3405.52,3429.54,3388.08,3388.9,120313518,153671286784.0
2011-07-08,3390.91,3408.28,3374.75,3394.06,87693190,111305793536.0
2011-07-11,3382.21,3411.54,3372.05,3405.27,85172853,109720199168.0
2011-07-12,3378.9,3381.3,3344.89,3347.13,98528788,122454450176.0
2011-07-13,3349.61,3405.79,3349.61,3404.49,94349635,120452538368.0
2011-07-14,3411.16,3425.62,3391.23,3419.74,106445717,139816665088.0
2011-07-15,3409.16,3435.9,3401.04,3435.9,109369626,139538317312.0
2011-07-18,3439.4,3447.26,3419.98,3430.68,109127977,139238064128.0
2011-07-19,3414.89,3414.89,3389.98,3398.92,94894783,120985198592.0
2011-07-20,3417.74,3425.56,3372.35,3397.04,83569445,106162200576.0
2011-07-21,3397.1,3403.28,3358.0,3358.84,82883663,106257907712.0
2011-07-22,3365.85,3385.27,3359.04,3369.06,70417833,90827423744.0
2011-07-25,3352.3,3352.3,3243.33,3253.77,110685126,130546745344.0
2011-07-26,3250.07,3266.01,3238.77,3265.07,71928063,85085478912.0
2011-07-27,3249.8,3300.29,3238.45,3297.39,80597998,99923435520.0
2011-07-28,3268.73,3280.04,3248.24,3276.53,80053035,100116873216.0
2011-07-29,3276.15,3287.76,3237.32,3259.54,75696824,90108002304.0
2011-08-01,3256.1,3280.3,3245.46,3267.1,58869732,72115068928.0
2011-08-02,3248.7,3248.7,3200.26,3243.62,69564647,84846583808.0
2011-08-03,3214.1,3258.96,3210.22,3245.08,66107439,83347652608.0
2011-08-04,3252.73,3276.17,3243.99,3253.98,58899160,73672425472.0
2011-08-05,3163.52,3207.13,3147.97,3186.41,80048264,97291075584.0
2011-08-08,3147.83,3170.95,3008.48,3060.38,113235271,131366019072.0
2011-08-09,2977.02,3078.04,2942.01,3061.3,107847174,122060865536.0
2011-08-10,3112.76,3131.54,3089.4,3093.69,96927856,113191927808.0
2011-08-11,3040.09,3142.65,3037.19,3142.32,96543907,113336352768.0
2011-08-12,3159.61,3177.53,3150.74,3158.73,97580201,109070336000.0
2011-08-15,3166.66,3205.29,3155.76,3205.29,96044661,102684901376.0
2011-08-16,3208.9,3219.27,3172.09,3181.76,85766197,97174749184.0
2011-08-17,3176.39,3194.07,3163.76,3168.73,67280120,73466585088.0
2011-08-18,3168.98,3171.98,3110.83,3112.56,70294491,79796297728.0
2011-08-19,3058.66,3086.82,3053.01,3083.46,70689042,79766724608.0
2011-08-22,3084.81,3108.54,3043.3,3053.58,58686518,68612919296.0
2011-08-23,3064.67,3101.7,3053.68,3101.66,58215668,65220792320.0
2011-08-24,3116.05,3128.64,3086.09,3091.5,63085512,73995640832.0
2011-08-25,3099.33,3184.35,3095.49,3184.35,106330966,113742118912.0
2011-08-26,3170.07,3190.83,3159.2,3184.15,76313355,87295754240.0
2011-08-29,3159.82,3159.82,3131.87,3137.61,74488193,85956468736.0
2011-08-30,3159.55,3186.45,3119.04,3121.52,74516023,84131987456.0
2011-08-31,3122.95,3134.58,3095.38,3121.63,56529183,65876832256.0
2011-09-01,3127.04,3144.49,3095.26,3105.14,52919796,60459151360.0
2011-09-02,3099.1,3107.29,3055.7,3071.06,50285887,55555579904.0
2011-09-05,3045.13,3045.13,3002.37,3002.72,53019090,59621781504.0
2011-09-06,2983.61,3003.95,2966.56,2979.99,46999942,53218983936.0
2011-09-07,2995.66,3043.93,2988.41,3043.89,56751809,63840116736.0
2011-09-08,3054.39,3054.78,3016.56,3016.74,49162101,57518837760.0
2011-09-09,3027.38,3055.46,2995.31,3007.78,45255862,51600465920.0
2011-09-13,2965.9,2977.01,2947.57,2969.98,44776072,50807369728.0
2011-09-14,2979.4,2989.59,2925.62,2989.24,49431049,54353612800.0
2011-09-15,2991.01,3013.11,2985.08,2986.6,51553149,54792491008.0
2011-09-16,3001.35,3014.44,2986.04,2990.45,45210210,49122009088.0
2011-09-19,2975.14,2975.14,2930.42,2930.87,46881192,48554217472.0
2011-09-20,2925.44,2956.15,2913.21,2943.12,43310714,46676828160.0
2011-09-21,2944.42,3037.92,2930.99,3031.55,86406287,92613787648.0
2011-09-22,3004.41,3015.27,2939.27,2939.76,74594273,78223220736.0
2011-09-23,2892.81,2932.05,2881.26,2920.33,65837960,71160782848.0
2011-09-26,2897.97,2932.01,2852.29,2860.75,58919926,61627727872.0
2011-09-27,2884.92,2899.46,2858.62,2885.62,54296102,58162368512.0
2011-09-28,2903.12,2908.79,2842.2,2850.85,54461585,57737064448.0
2011-09-29,2832.9,2843.46,2803.41,2808.79,59155210,59751219200.0
2011-09-30,2815.49,2828.33,2788.27,2800.62,48807796,49035816960.0
2011-10-10,2808.14,2816.18,2770.77,2776.53,42078291,41879441408.0
2011-10-11,2847.63,2860.11,2742.0,2769.7,65049004,67766894592.0
2011-10-12,2755.32,2871.46,2737.95,2869.25,92947710,89527762944.0
2011-10-13,2861.48,2902.92,2853.71,2893.18,89179080,85605031936.0
2011-10-14,2886.01,2895.99,2856.84,2882.96,60437383,60091973632.0
2011-10-17,2888.72,2916.86,2881.14,2895.81,57973380,61280694272.0
2011-10-18,2875.36,2879.16,2810.12,2813.15,63827317,64937336832.0
2011-10-19,2820.29,2836.21,2798.99,2801.52,50817981,52761731072.0
2011-10-20,2785.83,2787.18,2708.3,2729.89,62443605,61661003776.0
2011-10-21,2730.01,2744.18,2704.26,2706.86,47053586,46559154176.0
2011-10-24,2715.01,2774.93,2690.52,2774.46,69374523,66574110720.0
2011-10-25,2771.06,2841.57,2759.37,2833.58,90606012,90095378432.0
2011-10-26,2819.17,2891.8,2816.41,2862.45,111988454,109538009088.0
2011-10-27,2869.01,2887.49,2856.82,2868.01,81831870,79786401792.0
2011-10-28,2906.07,2939.09,2899.26,2926.31,114824173,115401752576.0
2011-10-31,2922.0,2931.28,2901.63,2919.09,86589728,90453401600.0
2011-11-01,2894.0,2947.25,2889.14,2920.97,89123635,91529773056.0
2011-11-02,2877.99,2971.25,2870.74,2970.75,107335462,110750916608.0
2011-11-03,2981.37,3016.14,2976.07,2976.92,142407209,152701435904.0
2011-11-04,3001.36,3014.59,2980.04,2998.85,104076195,107507458048.0
2011-11-07,2987.43,3008.67,2969.94,2973.63,77852570,81747066880.0
2011-11-08,2980.92,2991.45,2951.44,2956.07,78454707,79305736192.0
2011-11-09,2966.73,2988.14,2935.96,2988.14,79062185,83710992384.0
2011-11-10,2954.78,2966.04,2933.59,2934.67,85697382,89234653184.0
2011-11-11,2940.17,2950.43,2919.2,2930.56,65825497,69420310528.0
2011-11-14,2954.31,2993.23,2952.98,2993.23,81517959,89523666944.0
2011-11-15,2990.39,2999.83,2980.12,2994.95,76921303,84538523648.0
2011-11-16,2996.22,2996.51,2903.34,2915.37,94305917,97259896832.0
2011-11-17,2916.52,2936.45,2903.74,2907.21,64495505,67716755456.0
2011-11-18,2887.73,2888.53,2835.02,2840.75,72381894,75034542080.0
2011-11-21,2841.13,2846.42,2817.16,2843.96,48455098,51904626688.0
2011-11-22,2823.51,2843.95,2808.8,2842.16,49244401,52439031808.0
2011-11-23,2846.4,2851.63,2812.35,2818.79,48967229,52201103360.0
2011-11-24,2797.8,2837.92,2786.14,2821.36,51428744,53501145088.0
2011-11-25,2817.53,2833.43,2794.26,2801.63,43055240,47545757696.0
2011-11-28,2809.24,2820.83,2790.97,2805.06,44168009,48908042240.0
2011-11-29,2828.21,2846.07,2813.4,2845.66,52778350,60113182720.0
2011-11-30,2837.73,2838.47,2726.42,2745.51,72469020,72957984768.0
2011-12-01,2824.94,2859.38,2803.27,2809.95,98462136,102159261696.0
2011-12-02,2795.88,2799.52,2759.07,2773.83,55393894,57289990144.0
2011-12-05,2775.0,2775.02,2717.32,2721.6,52225501,53021986816.0
2011-12-06,2714.16,2726.41,2695.61,2717.45,43336473,43614404608.0
2011-12-07,2717.74,2737.03,2709.07,2728.96,38588414,39266553856.0
2011-12-08,2725.23,2751.29,2689.58,2725.98,47272007,47867211776.0
2011-12-09,2706.03,2727.23,2694.47,2701.85,39387425,40960540672.0
2011-12-12,2697.33,2702.86,2670.36,2672.17,35995752,35553247232.0
2011-12-13,2660.02,2663.12,2599.76,2603.77,56070184,52497985536.0
2011-12-14,2596.46,2615.91,2566.44,2571.58,40772443,38448443392.0
2011-12-15,2555.36,2555.42,2507.97,2508.36,56619049,51192983552.0
2011-12-16,2507.45,2566.56,2500.77,2566.35,55527997,51103440896.0
2011-12-19,2546.98,2565.98,2496.5,2563.16,57291017,52311056384.0
2011-12-20,2554.7,2592.88,2551.29,2555.3,52358213,48917413888.0
2011-12-21,2576.24,2584.55,2507.98,2509.4,48960025,47892357120.0
2011-12-22,2493.28,2522.53,2446.53,2503.05,58600128,51091009536.0
2011-12-23,2497.58,2546.66,2490.77,2522.77,52158081,47105167360.0
2011-12-26,2510.79,2536.54,2499.55,2500.25,43700924,39149277184.0
2011-12-27,2495.95,2504.99,2456.77,2459.88,45151410,41183449088.0
2011-12-28,2448.23,2460.59,2411.78,2459.09,50322668,44521148416.0
2011-12-29,2447.3,2474.83,2443.02,2461.82,46108628,40569118720.0
2011-12-30,2469.02,2502.18,2469.02,2500.65,53649508,48589762560.0
2012-01-04,2517.84,2523.06,2448.67,2448.86,52687405,49131032576.0
2012-01-05,2438.85,2457.5,2405.18,2408.85,62982181,55240904704.0
2012-01-06,2404.61,2423.1,2378.05,2422.77,53017114,46490644480.0
2012-01-09,2423.59,2509.3,2401.83,2509.02,80343749,73314607104.0
2012-01-10,2506.51,2599.23,2501.78,2597.24,120542508,109019541504.0
2012-01-11,2594.62,2602.58,2572.44,2588.03,92607383,87056596992.0
2012-01-12,2577.99,2618.93,2573.81,2587.54,76191153,73646465024.0
2012-01-13,2589.68,2596.41,2513.41,2533.67,73622653,72646492160.0
2012-01-16,2513.56,2530.63,2475.18,2475.18,49302610,51083828736.0
2012-01-17,2476.35,2600.38,2458.32,2600.38,94354153,91055104000.0
2012-01-18,2604.82,2626.92,2548.28,2556.9,94717875,95870312448.0
2012-01-19,2556.95,2612.94,2545.67,2600.26,78589752,77635215360.0
2012-01-20,2608.09,2643.72,2595.07,2637.44,76597133,78096719872.0
2012-01-30,2643.36,2643.42,2597.78,2598.15,62271534,62174816768.0
2012-01-31,2598.05,2608.61,2582.09,2601.39,48992223,49644703232.0
2012-02-01,2595.17,2619.64,2561.27,2567.68,53251773,54769199872.0
2012-02-02,2575.52,2625.39,2568.6,2625.39,63854889,64604077312.0
2012-02-03,2618.32,2659.45,2611.78,2651.64,82117553,80681906176.0
2012-02-06,2656.51,2668.19,2638.35,2655.69,76329106,76238061568.0
2012-02-07,2640.63,2640.63,2590.73,2607.94,66494940,64433155584.0
2012-02-08,2605.62,2683.92,2599.62,2681.15,89708406,92622237696.0
2012-02-09,2678.32,2705.75,2667.52,2686.49,103197962,102024404992.0
2012-02-10,2679.3,2718.11,2678.5,2693.46,101359068,93819469824.0
2012-02-13,2664.42,2718.09,2654.88,2698.04,90152049,88464076800.0
2012-02-14,2695.0,2700.3,2673.32,2690.97,76334927,75765932032.0
2012-02-15,2684.82,2733.49,2678.68,2723.12,101716101,99129098240.0
2012-02-16,2718.03,2736.37,2691.82,2712.04,98173396,93629476864.0
2012-02-17,2725.72,2733.21,2692.94,2710.63,71802767,70207176704.0
2012-02-20,2747.18,2750.94,2714.46,2715.26,96545925,94237536256.0
2012-02-21,2717.61,2741.31,2691.75,2740.97,84698583,83033022464.0
2012-02-22,2742.26,2782.6,2739.74,2782.4,128168328,125519171584.0
2012-02-23,2780.6,2799.71,2771.85,2791.69,117325814,117348372480.0
2012-02-24,2792.15,2835.8,2786.78,2835.8,142589135,138548936704.0
2012-02-27,2845.95,2884.93,2844.09,2844.09,167263544,166921146368.0
2012-02-28,2837.7,2855.3,2819.7,2845.35,126601198,122999382016.0
2012-02-29,2837.79,2849.42,2810.75,2813.29,99535365,103529287680.0
2012-03-01,2800.91,2831.99,2799.86,2816.29,77785252,81717288960.0
2012-03-02,2820.81,2868.53,2820.81,2868.53,110356664,110302384128.0
2012-03-05,2876.93,2885.76,2853.16,2855.37,120499976,124281892864.0
2012-03-06,2846.72,2848.33,2804.98,2814.73,108086385,113294241792.0
2012-03-07,2787.12,2824.45,2784.42,2794.98,99052572,103983636480.0
2012-03-08,2804.2,2842.76,2804.19,2832.44,100749466,106124423168.0
2012-03-09,2841.05,2865.92,2828.22,2865.92,99262339,111230472192.0
2012-03-12,2865.9,2871.52,2841.97,2862.22,109405652,123256881152.0
2012-03-13,2861.05,2891.19,2855.37,2890.99,105900836,114603565056.0
2012-03-14,2904.48,2917.25,2784.62,2796.98,185017313,192815767552.0
2012-03-15,2793.52,2811.36,2757.15,2772.76,123459896,126705049600.0
2012-03-16,2778.61,2821.94,2765.86,2821.57,103626486,113928626176.0
2012-03-19,2817.18,2835.59,2797.01,2834.84,103047608,114855505920.0
2012-03-20,2827.05,2827.05,2782.17,2782.54,99528909,104414507008.0
2012-03-21,2794.97,2812.41,2761.76,2787.81,98284375,107254947840.0
2012-03-22,2786.15,2798.67,2766.95,2781.25,78580114,82501541888.0
2012-03-23,2771.62,2774.67,2733.13,2742.95,76199050,80573005824.0
2012-03-26,2740.1,2752.9,2726.93,2744.25,56701028,60745912064.0
2012-03-27,2755.29,2763.56,2732.22,2735.06,62053706,73683849216.0
2012-03-28,2725.43,2725.43,2642.23,2646.46,86275924,88710496256.0
2012-03-29,2633.94,2646.28,2591.76,2608.85,76932769,76184674304.0
2012-03-30,2612.2,2627.16,2597.38,2616.71,61853102,61530908672.0
2012-04-05,2612.71,2688.28,2605.43,2684.8,83684134,85912834048.0
2012-04-06,2681.89,2702.16,2674.65,2694.63,72434043,76030861312.0
2012-04-09,2685.26,2695.11,2665.35,2667.06,61191012,62310296320.0
2012-04-10,2660.01,2694.65,2623.23,2694.6,70162130,70935117824.0
2012-04-11,2666.66,2717.06,2659.66,2697.11,75231762,72487075840.0
2012-04-12,2699.8,2751.59,2693.45,2751.54,98285742,96206749696.0
2012-04-13,2757.72,2780.51,2752.17,2766.06,101314900,104983818240.0
2012-04-16,2747.32,2775.54,2742.02,2762.84,85065516,79615352832.0
2012-04-17,2760.45,2769.81,2726.56,2726.85,80669798,75232124928.0
2012-04-18,2735.25,2790.83,2730.48,2789.02,102942858,99439276032.0
2012-04-19,2787.47,2797.32,2771.93,2784.18,86810130,92692574208.0
2012-04-20,2779.01,2816.03,2776.55,2814.91,107276736,104646856704.0
2012-04-23,2812.32,2819.55,2780.9,2789.79,111832348,110780432384.0
2012-04-24,2774.58,2819.97,2727.56,2784.15,126871373,121121976320.0
2012-04-25,2776.63,2817.12,2771.1,2810.97,125378506,114763436032.0
2012-04-26,2816.74,2827.36,2797.23,2811.89,112424484,109921292288.0
2012-04-27,2809.3,2816.77,2798.68,2801.0,87080602,86996099072.0
2012-05-02,2836.89,2872.13,2817.0,2857.24,127805059,136030887936.0
2012-05-03,2852.04,2868.74,2848.52,2866.62,100974208,111667740672.0
2012-05-04,2864.51,2890.78,2851.37,2890.77,103889536,112053063680.0
2012-05-07,2874.47,2897.25,2870.12,2897.25,110860070,124573085696.0
2012-05-08,2896.68,2896.79,2863.78,2890.06,103907402,114423992320.0
2012-05-09,2866.27,2866.27,2834.41,2836.14,97731389,108084523008.0
2012-05-10,2835.67,2848.88,2829.39,2838.44,79353756,87044935680.0
2012-05-11,2833.83,2850.1,2818.89,2819.13,73366303,82540822528.0
2012-05-14,2838.43,2840.84,2798.83,2800.9,90056161,97885622272.0
2012-05-15,2780.74,2801.92,2771.05,2801.6,78877652,84404871168.0
2012-05-16,2794.05,2798.05,2758.17,2758.64,75874601,80363315200.0
2012-05-17,2760.67,2805.37,2753.19,2800.38,80403259,83147587584.0
2012-05-18,2781.34,2790.95,2750.1,2757.27,81173691,80458813440.0
2012-05-21,2755.06,2785.57,2742.0,2767.54,70098291,73691156480.0
2012-05-22,2778.7,2810.75,2778.7,2810.75,77304719,83216584704.0
2012-05-23,2804.59,2819.56,2779.68,2801.76,83733256,93822611456.0
2012-05-24,2796.66,2814.45,2771.19,2778.59,80326961,86922039296.0
2012-05-25,2778.11,2784.99,2744.39,2752.78,74967439,74038886400.0
2012-05-28,2741.81,2796.05,2718.21,2796.0,98304760,95446896640.0
2012-05-29,2796.21,2842.18,2793.67,2836.02,119746230,126003654656.0
2012-05-30,2831.17,2842.52,2824.09,2830.3,91475156,95177682944.0
2012-05-31,2811.22,2837.19,2805.08,2822.32,80891848,86493511680.0
2012-06-01,2823.28,2842.13,2810.03,2821.38,79142456,87934992384.0
2012-06-04,2782.49,2794.51,2738.87,2738.87,89618565,96228913152.0
2012-06-05,2744.46,2754.96,2727.32,2737.94,65572093,70712700928.0
2012-06-06,2743.04,2753.79,2722.8,2733.53,59263191,65684147968.0
2012-06-07,2757.89,2763.72,2711.68,2717.71,60470723,66112754944.0
2012-06-08,2737.48,2738.07,2695.76,2700.15,70038966,72270336000.0
2012-06-11,2704.62,2745.4,2697.96,2739.84,66881403,69845057536.0
2012-06-12,2724.72,2735.75,2710.64,2721.17,63255552,63702173696.0
2012-06-13,2727.87,2766.48,2721.19,2766.19,76724559,80760123392.0
2012-06-14,2759.2,2772.85,2743.79,2745.75,70817923,77285146624.0
2012-06-15,2750.54,2765.63,2719.18,2751.22,70607096,76558974976.0
2012-06-18,2760.77,2779.22,2758.5,2768.49,61896637,67122125056.0
2012-06-19,2764.81,2765.28,2742.45,2745.28,62836521,66329623552.0
2012-06-20,2750.45,2756.99,2732.91,2736.36,55628682,57238937856.0
2012-06-21,2730.4,2730.4,2683.5,2695.32,60069581,62247146240.0
2012-06-25,2683.73,2683.73,2631.1,2632.21,64588262,65035722752.0
2012-06-26,2617.42,2640.17,2603.69,2630.33,56366390,55379864832.0
2012-06-27,2627.87,2648.39,2619.16,2621.58,53240827,53076996352.0
2012-06-28,2626.64,2634.78,2594.9,2595.21,55190720,57021230336.0
2012-06-29,2586.97,2633.1,2584.89,2632.19,63249260,64282927872.0
2012-07-02,2645.68,2652.66,2627.69,2642.24,66697418,73129930752.0
2012-07-03,2641.58,2668.62,2634.22,2646.21,66795510,73472024576.0
2012-07-04,2651.6,2657.9,2630.45,2639.81,57686922,62275765248.0
2012-07-05,2625.96,2625.96,2586.98,2597.18,59702661,60094009344.0
2012-07-06,2604.31,2647.86,2585.5,2643.97,79268818,85807427584.0
2012-07-09,2626.28,2640.15,2581.3,2582.0,78490801,84830699520.0
2012-07-10,2575.68,2589.53,2563.06,2568.33,58773036,61751970816.0
2012-07-11,2563.36,2590.8,2562.93,2590.69,58878779,62699618048.0
2012-07-12,2585.2,2629.42,2569.74,2618.32,88428787,98671722496.0
2012-07-13,2608.92,2635.57,2606.09,2616.69,61037327,67773354240.0
2012-07-16,2618.17,2618.17,2552.34,2552.62,71918072,76183482368.0
2012-07-17,2543.71,2575.08,2543.04,2568.61,56546688,61613051904.0
2012-07-18,2565.74,2575.16,2525.62,2572.14,69458593,69803913216.0
2012-07-19,2564.79,2607.51,2558.56,2587.57,80145449,77097512960.0
2012-07-20,2578.79,2589.77,2556.12,2562.44,65090908,61365171456.0
2012-07-23,2543.35,2543.35,2518.47,2529.81,55563479,53871058176.0
2012-07-24,2516.12,2559.42,2515.64,2542.64,52251781,51451507200.0
2012-07-25,2534.6,2547.25,2520.97,2524.42,47700050,45614567680.0
2012-07-26,2523.89,2540.81,2506.56,2508.73,54682245,51935290624.0
2012-07-27,2515.81,2524.04,2497.7,2506.59,51657321,52111227392.0
2012-07-30,2507.3,2523.09,2480.1,2483.61,51755540,47443113984.0
2012-07-31,2483.32,2490.98,2466.56,2470.54,52478136,48157511936.0
2012-08-01,2468.7,2514.98,2468.48,2501.87,51311741,49035297024.0
2012-08-02,2497.4,2504.4,2468.58,2478.89,52045468,47526260992.0
2012-08-03,2484.57,2506.26,2475.58,2505.95,51626675,49981708544.0
2012-08-06,2501.35,2548.36,2498.96,2546.02,71871954,69454135296.0
2012-08-07,2543.93,2555.23,2541.02,2554.38,72297807,68364136192.0
2012-08-08,2555.24,2568.59,2543.6,2552.96,68111145,66652695808.0
2012-08-09,2550.92,2580.03,2540.17,2579.64,69290734,72162111488.0
2012-08-10,2577.45,2580.96,2562.06,2568.27,65827776,66596452352.0
2012-08-13,2562.22,2562.22,2514.2,2515.24,72520689,70646525952.0
2012-08-14,2514.85,2525.16,2483.51,2525.16,66935263,66393751808.0
2012-08-15,2517.89,2517.89,2496.02,2497.46,51740314,48593641728.0
2012-08-16,2492.78,2501.54,2479.82,2483.36,43562796,43133259776.0
2012-08-17,2481.7,2486.43,2457.33,2478.34,42757598,44059186176.0
2012-08-20,2460.4,2475.17,2444.24,2469.38,44262221,41786573056.0
2012-08-21,2469.18,2498.88,2464.18,2487.56,57692692,55163288320.0
2012-08-22,2489.15,2491.06,2456.99,2467.43,53625715,51171847680.0
2012-08-23,2469.09,2484.16,2456.16,2476.82,53378286,53444833792.0
2012-08-24,2469.86,2473.2,2443.29,2443.88,55506793,53028268544.0
2012-08-27,2435.28,2435.28,2390.44,2390.44,59376553,54165269760.0
2012-08-28,2388.55,2415.36,2383.6,2401.78,54259950,47270984192.0
2012-08-29,2394.46,2406.72,2378.46,2378.72,49905679,44432319232.0
2012-08-30,2369.42,2384.84,2340.1,2366.71,61561201,55500482816.0
2012-08-31,2360.73,2375.12,2359.17,2363.29,43732170,37755741952.0
2012-09-03,2359.47,2399.74,2356.22,2393.52,61132001,54252300544.0
2012-09-04,2396.63,2399.77,2362.95,2367.59,55955812,50671076096.0
2012-09-05,2362.56,2376.85,2350.95,2367.05,55703503,47226177536.0
2012-09-06,2371.72,2388.92,2368.59,2388.24,53472681,44348307200.0
2012-09-07,2405.45,2515.01,2405.45,2490.17,144879450,125336567808.0
2012-09-10,2494.59,2511.81,2486.61,2503.19,108048172,98865745920.0
2012-09-11,2492.96,2492.96,2470.25,2488.74,79714458,72073482240.0
2012-09-12,2501.97,2513.94,2476.05,2500.16,83418729,76019314688.0
2012-09-13,2497.16,2506.01,2474.03,2474.03,75988091,68032570880.0
2012-09-14,2499.68,2507.98,2470.78,2489.47,96487268,85896495104.0
2012-09-17,2486.03,2488.27,2424.67,2424.97,78386373,68755070976.0
2012-09-18,2414.75,2422.19,2395.18,2403.5,53868628,48406213120.0
2012-09-19,2405.67,2420.74,2398.91,2418.23,53981478,50112796928.0
2012-09-20,2409.67,2409.67,2358.64,2360.18,69339927,61069497344.0
2012-09-21,2354.13,2380.81,2348.76,2359.37,61872960,54632913408.0
2012-09-24,2344.54,2387.1,2331.63,2377.01,59625247,52685388288.0
2012-09-25,2371.04,2386.94,2361.12,2368.48,47612895,43793125632.0
2012-09-26,2366.43,2374.68,2330.79,2334.68,48315062,41976238080.0
2012-09-27,2334.4,2415.14,2334.2,2401.5,79962522,70523711488.0
2012-09-28,2385.93,2448.77,2383.97,2445.82,84568228,78099816448.0
2012-10-08,2444.73,2457.93,2411.74,2424.14,55019750,50742325248.0
2012-10-09,2433.95,2482.65,2433.95,2479.85,82427082,74001129472.0
2012-10-10,2473.84,2489.8,2465.11,2488.83,75978025,64529320960.0
2012-10-11,2480.54,2486.09,2461.11,2462.35,70492475,60530328576.0
2012-10-12,2471.08,2492.64,2443.2,2462.56,65087972,55222089984.0
2012-10-15,2463.18,2464.75,2432.94,2451.55,52191624,48030338048.0
2012-10-16,2449.55,2474.34,2443.96,2456.08,54549399,52705140736.0
2012-10-17,2464.34,2470.12,2437.17,2459.61,55848837,50290440704.0
2012-10-18,2465.11,2503.23,2464.51,2498.12,85216223,71822442496.0
2012-10-19,2496.99,2505.19,2489.41,2493.47,63903639,54935681792.0
2012-10-22,2480.73,2508.74,2475.45,2503.26,58895629,52450450176.0
2012-10-23,2502.69,2506.06,2469.25,2472.1,66173617,56669302528.0
2012-10-24,2462.1,2482.08,2460.83,2468.41,67182113,51277183488.0
2012-10-25,2467.53,2484.99,2446.63,2449.18,77713495,56775861760.0
2012-10-26,2448.29,2450.48,2389.99,2402.51,70617997,56724818176.0
2012-10-29,2396.62,2404.18,2382.65,2391.96,48308984,40951771392.0
2012-10-30,2391.92,2414.81,2388.08,2395.54,56691863,46456690432.0
2012-10-31,2396.52,2409.64,2388.01,2408.99,58147471,46975396096.0
2012-11-01,2410.75,2461.27,2410.61,2454.93,83898125,69996007424.0
2012-11-02,2455.26,2468.75,2442.3,2466.06,72972314,59141810688.0
2012-11-05,2461.83,2476.76,2448.5,2459.48,68627789,56357982208.0
2012-11-06,2459.21,2461.11,2414.17,2447.58,68988042,57147631616.0
2012-11-07,2444.35,2456.2,2431.68,2443.01,57541740,50008126464.0
2012-11-08,2423.7,2429.43,2394.27,2394.27,63035354,51635583744.0
2012-11-09,2390.12,2401.58,2381.47,2388.32,50797166,40650286848.0
2012-11-12,2390.18,2403.0,2380.56,2400.73,56129185,46215374592.0
2012-11-13,2400.03,2400.03,2353.07,2357.0,57030459,46553929216.0
2012-11-14,2357.01,2369.34,2347.56,2367.32,46416579,38826510592.0
2012-11-15,2354.67,2365.4,2333.09,2333.42,48581243,39219091200.0
2012-11-16,2329.07,2330.6,2301.67,2316.9,49171658,40760176384.0
2012-11-19,2314.96,2317.17,2288.09,2316.37,43702451,39949681920.0
2012-11-20,2321.87,2326.24,2304.74,2305.98,40281466,35338946304.0
2012-11-21,2305.81,2336.14,2287.62,2336.01,51178396,42266391808.0
2012-11-22,2322.33,2325.34,2308.0,2314.55,40037639,34214833920.0
2012-11-23,2319.75,2339.23,2315.42,2328.71,45775301,39193977344.0
2012-11-26,2324.07,2327.66,2305.06,2308.41,39518587,33731518720.0
2012-11-27,2300.95,2303.65,2268.14,2268.64,52685824,40842955008.0
2012-11-28,2260.19,2261.07,2235.72,2239.52,48310487,38117282304.0
2012-11-29,2239.12,2252.96,2222.58,2223.75,47215411,37307380224.0
2012-11-30,2222.41,2253.68,2217.97,2250.98,55387269,41892770304.0
2012-12-03,2248.53,2263.81,2212.71,2213.61,61301778,49262851584.0
2012-12-04,2208.65,2242.01,2200.2,2238.23,58966310,48320869376.0
2012-12-05,2234.26,2330.81,2231.81,2319.02,120475036,96406671360.0
2012-12-06,2316.93,2329.18,2302.08,2315.22,76961720,63445475072.0
2012-12-07,2315.23,2366.06,2309.36,2362.29,115363379,92727255040.0
2012-12-10,2369.04,2396.13,2363.92,2391.54,113826007,91131895808.0
2012-12-11,2383.57,2396.52,2374.28,2377.66,86588173,71026536448.0
2012-12-12,2376.43,2392.45,2363.99,2385.32,72394460,59586202624.0
2012-12-13,2378.36,2385.58,2357.37,2357.68,68719178,55768869888.0
2012-12-14,2359.37,2472.95,2359.37,2471.98,163432899,132046630912.0
2012-12-17,2476.1,2496.75,2474.83,2485.48,146694589,125358567424.0
2012-12-18,2480.11,2517.0,2465.45,2485.65,132777907,114780061696.0
2012-12-19,2480.58,2505.14,2475.95,2490.38,100168714,89714155520.0
2012-12-20,2481.32,2509.38,2464.03,2503.27,102566830,91611828224.0
2012-12-21,2504.9,2533.53,2483.72,2491.47,107855419,99213979648.0
2012-12-24,2486.93,2514.83,2485.61,2501.99,82170890,78886244352.0
2012-12-25,2494.81,2579.83,2486.58,2569.52,148365202,130909548544.0
2012-12-26,2567.22,2584.45,2564.79,2584.29,118391831,105604874240.0
2012-12-27,2590.84,2605.13,2567.74,2568.36,120478792,107674320896.0
2012-12-28,2570.39,2604.66,2566.19,2603.64,108482552,99446947840.0
2012-12-31,2609.53,2645.86,2609.53,2645.86,129418140,119515463680.0
2013-01-04,2673.15,2679.3,2617.65,2643.83,144159035,133928226816.0
2013-01-07,2637.83,2665.53,2631.41,2658.72,117899116,109471244288.0
2013-01-08,2657.59,2665.52,2628.62,2657.14,123800927,121017479168.0
2013-01-09,2650.31,2670.07,2636.1,2659.23,121158566,117801652224.0
2013-01-10,2658.82,2687.12,2648.86,2666.74,118987820,110567501824.0
2013-01-11,2669.32,2674.84,2603.97,2612.77,125539709,115405197312.0
2013-01-14,2604.14,2715.43,2603.82,2710.2,150307320,146145964032.0
2013-01-15,2712.36,2746.8,2710.67,2736.96,167989775,162534543360.0
2013-01-16,2732.87,2742.42,2681.76,2721.7,156444567,151351549952.0
2013-01-17,2715.41,2720.28,2682.07,2694.19,117330780,113328230400.0
2013-01-18,2708.66,2748.99,2694.59,2739.17,129058913,121775050752.0
2013-01-21,2749.38,2756.79,2728.24,2756.55,137923274,131177320448.0
2013-01-22,2755.49,2761.64,2715.29,2735.02,159240399,149508321280.0
2013-01-23,2725.64,2749.31,2710.86,2744.74,119096817,110810177536.0
2013-01-24,2744.06,2795.92,2692.08,2711.54,168452142,159058022400.0
2013-01-25,2708.87,2720.99,2696.82,2701.51,95586545,94087880704.0
2013-01-28,2705.76,2782.36,2705.76,2782.25,136696911,139858059264.0
2013-01-29,2785.44,2816.76,2777.27,2807.71,150320604,154014031872.0
2013-01-30,2809.8,2822.38,2793.09,2821.43,154093921,147847360512.0
2013-01-31,2822.64,2827.8,2800.98,2816.12,145331351,137569263616.0
2013-02-01,2806.72,2867.7,2801.61,2867.06,151805002,152746053632.0
2013-02-04,2877.25,2890.42,2850.08,2866.61,183876626,186507579392.0
2013-02-05,2847.06,2898.57,2844.45,2892.43,163841953,154002468864.0
2013-02-06,2892.81,2911.36,2888.76,2900.15,125087977,127000207360.0
2013-02-07,2895.75,2900.16,2854.21,2889.6,128682977,132577775616.0
2013-02-08,2885.53,2926.22,2882.28,2908.52,115357947,119359512576.0
2013-02-18,2921.54,2925.65,2875.62,2884.22,121537505,122449608704.0
2013-02-19,2881.73,2887.34,2818.42,2829.99,129047421,125159411712.0
2013-02-20,2829.34,2857.57,2814.43,2857.33,114271685,114853068800.0
2013-02-21,2831.36,2831.36,2743.59,2768.88,155069609,154184695808.0
2013-02-22,2765.13,2780.14,2749.98,2755.38,101790290,105655332864.0
2013-02-25,2764.53,2786.92,2753.8,2769.32,90839045,91276324864.0
2013-02-26,2752.56,2792.83,2726.87,2729.06,123389824,124878090240.0
2013-02-27,2736.97,2774.05,2725.71,2751.54,101461716,101227728896.0
2013-02-28,2767.04,2828.87,2750.71,2828.58,132984684,134938824704.0
2013-03-01,2827.45,2839.73,2790.45,2832.27,123517036,128256536576.0
2013-03-04,2785.98,2785.98,2690.79,2708.66,175207191,171209576448.0
2013-03-05,2710.03,2786.0,2703.49,2785.69,140041367,140036165632.0
2013-03-06,2796.84,2824.37,2785.6,2818.16,154076032,150531727360.0
2013-03-07,2808.67,2824.74,2757.73,2785.13,149024123,149994819584.0
2013-03-08,2787.6,2798.79,2762.78,2767.78,99078794,101435662336.0
2013-03-11,2762.06,2774.89,2737.21,2756.09,83680102,83471335424.0
2013-03-12,2754.37,2781.06,2681.45,2709.84,116004426,112394964992.0
2013-03-13,2705.24,2709.44,2664.53,2681.2,87845970,84831358976.0
2013-03-14,2672.28,2702.56,2669.89,2689.54,75362386,75844997120.0
2013-03-15,2689.46,2752.5,2659.48,2695.25,119375242,118779600896.0
2013-03-18,2682.34,2699.67,2654.36,2656.86,95970143,97255866368.0
2013-03-19,2659.85,2680.44,2639.66,2677.2,89168509,86851919872.0
2013-03-20,2678.5,2762.63,2677.92,2762.63,136009242,131038887936.0
2013-03-21,2763.77,2784.54,2755.2,2773.34,118057198,116893171712.0
2013-03-22,2770.41,2785.63,2761.41,2778.76,98458511,94619422720.0
2013-03-25,2787.21,2799.35,2764.97,2772.45,96046228,95328542720.0
2013-03-26,2761.18,2765.74,2714.11,2737.06,102098511,101049896960.0
2013-03-27,2737.16,2773.3,2727.27,2745.48,93800520,94082330624.0
2013-03-28,2702.2,2702.2,2655.2,2658.26,128831145,121775054848.0
2013-03-29,2661.14,2669.75,2642.1,2654.53,83957655,80685088768.0
2013-04-01,2647.91,2672.42,2645.53,2657.31,80299845,77327220736.0
2013-04-02,2659.6,2688.57,2635.22,2644.04,93547827,90820128768.0
2013-04-03,2650.37,2660.48,2626.49,2636.02,82285240,77717544960.0
2013-04-08,2595.5,2629.92,2577.76,2629.43,89517601,87502139392.0
2013-04-09,2633.53,2663.08,2633.53,2649.41,86573220,85825527808.0
2013-04-10,2648.25,2656.32,2624.5,2644.77,83056622,85067423744.0
2013-04-11,2659.75,2666.15,2634.59,2636.17,74915525,71682318336.0
2013-04-12,2634.01,2647.26,2615.94,2618.13,69212265,66626953216.0
2013-04-15,2609.24,2615.08,2581.7,2588.9,75847841,69665021952.0
2013-04-16,2568.76,2615.05,2565.52,2614.0,85174502,79595483136.0
2013-04-17,2612.34,2621.0,2594.14,2618.45,73485622,73527861248.0
2013-04-18,2601.03,2637.9,2594.12,2625.56,75207434,76135493632.0
2013-04-19,2629.78,2702.22,2629.67,2694.73,118858767,116582920192.0
2013-04-22,2684.52,2698.53,2679.93,2695.16,106321577,104300834816.0
2013-04-23,2695.96,2695.96,2610.43,2611.88,104270433,101346222080.0
2013-04-24,2614.74,2674.95,2608.76,2661.74,105500129,102713544704.0
2013-04-25,2652.55,2670.96,2623.3,2629.54,109394368,106844311552.0
2013-04-26,2636.77,2646.97,2595.33,2601.24,84526290,81153642496.0
2013-05-02,2588.51,2609.81,2578.43,2605.99,76454623,75277553664.0
2013-05-03,2613.83,2677.59,2613.83,2653.02,99574428,98926673920.0
2013-05-06,2662.59,2698.67,2662.56,2691.87,104668093,104244535296.0
2013-05-07,2685.9,2705.7,2673.8,2696.36,95692040,99344859136.0
2013-05-08,2706.98,2726.17,2696.88,2712.7,101861588,101616578560.0
2013-05-09,2712.01,2712.77,2678.86,2700.87,109541870,113589317632.0
2013-05-10,2693.1,2719.09,2687.92,2715.39,93483436,95714566144.0
2013-05-13,2716.66,2721.75,2693.92,2709.66,93557926,94087135232.0
2013-05-14,2704.97,2704.97,2656.47,2671.7,92963722,92979658752.0
2013-05-15,2672.29,2691.44,2670.49,2691.44,80677079,84616327168.0
2013-05-16,2686.22,2735.79,2672.78,2735.67,123189750,127432978432.0
2013-05-17,2733.27,2783.85,2731.77,2777.76,141249306,138597007360.0
2013-05-20,2783.49,2814.12,2775.37,2800.47,153136627,160797966336.0
2013-05-21,2797.92,2813.71,2786.94,2813.71,139196111,142185766912.0
2013-05-22,2811.79,2827.53,2796.36,2810.61,139505088,141261643776.0
2013-05-23,2797.16,2820.32,2772.29,2776.27,142638467,135833006080.0
2013-05-24,2783.12,2800.9,2769.09,2798.49,110978606,111758299136.0
2013-05-27,2795.91,2815.55,2793.31,2807.39,119724436,122210406400.0
2013-05-28,2808.21,2845.09,2787.32,2845.09,144267681,145617805312.0
2013-05-29,2849.25,2863.41,2846.06,2848.83,137596805,139049959424.0
2013-05-30,2839.45,2853.08,2830.45,2843.75,124601178,126528978944.0
2013-05-31,2847.76,2855.28,2815.36,2816.73,117596467,122112045056.0
2013-06-03,2815.55,2834.51,2801.55,2808.78,108162222,112400293888.0
2013-06-04,2806.15,2806.15,2751.97,2765.14,115565455,111749943296.0
2013-06-05,2763.81,2772.2,2744.66,2763.78,82253368,84377165824.0
2013-06-06,2755.21,2758.99,2722.75,2725.13,91310292,92462055424.0
2013-06-07,2724.78,2736.34,2666.17,2676.44,101739546,100924837888.0
2013-06-13,2639.94,2639.94,2557.92,2589.6,106971748,98346098688.0
2013-06-14,2594.03,2619.69,2590.19,2616.02,90608374,88952733696.0
2013-06-17,2622.44,2627.29,2594.6,2607.05,86041682,89312731136.0
2013-06-18,2614.84,2626.85,2592.43,2621.41,79963287,80161579008.0
2013-06-19,2609.82,2609.82,2564.28,2602.72,87241677,85087531008.0
2013-06-20,2586.95,2586.95,2515.6,2516.76,88225047,84735385600.0
2013-06-21,2474.06,2525.52,2454.69,2510.08,90995638,84242673664.0
2013-06-24,2501.3,2501.3,2341.37,2352.45,127133798,110238535680.0
2013-06-25,2326.49,2349.68,2186.92,2345.22,159109274,131340722176.0
2013-06-26,2349.85,2366.84,2314.75,2359.72,119157015,105523277824.0
2013-06-27,2364.74,2395.34,2340.39,2343.99,120375444,105444511744.0
2013-06-28,2330.66,2408.78,2316.79,2376.89,118091924,99085684736.0
2013-07-01,2364.17,2400.13,2346.88,2399.63,93052856,85483446272.0
2013-07-02,2398.47,2419.74,2382.54,2416.55,102223923,99196350464.0
2013-07-03,2405.3,2408.35,2360.73,2402.7,110146680,102093107200.0
2013-07-04,2385.13,2448.24,2373.14,2422.23,119520100,111536492544.0
2013-07-05,2426.98,2453.37,2421.35,2422.76,105774607,99094151168.0
2013-07-08,2387.43,2395.91,2346.98,2347.58,94734963,85572493312.0
2013-07-09,2343.61,2360.29,2331.23,2350.32,71589069,65396572928.0
2013-07-10,2350.66,2418.66,2345.8,2418.66,103013906,93085450240.0
2013-07-11,2425.87,2544.33,2425.87,2519.3,189116713,168228372480.0
2013-07-12,2512.61,2529.6,2470.9,2471.96,141541294,132120862720.0
2013-07-15,2484.96,2533.1,2472.75,2510.31,121343772,117405286400.0
2013-07-16,2505.64,2526.66,2486.3,2526.66,114938880,110394044416.0
2013-07-17,2520.25,2536.79,2486.03,2488.88,117702026,112284127232.0
2013-07-18,2479.22,2488.76,2448.52,2457.65,103127729,97682087936.0
2013-07-19,2459.63,2471.29,2396.22,2397.28,121521876,116068823040.0
2013-07-22,2377.11,2419.65,2366.08,2418.93,95276467,90660700160.0
2013-07-23,2428.27,2493.65,2425.21,2485.89,128353564,122578116608.0
2013-07-24,2474.15,2486.19,2438.34,2476.16,126142049,125596749824.0
2013-07-25,2480.24,2492.95,2446.32,2454.51,116641106,112121040896.0
2013-07-26,2443.31,2459.11,2423.31,2442.64,88299530,84617482240.0
2013-07-29,2424.18,2424.18,2385.2,2391.31,93791980,86293401600.0
2013-07-30,2397.92,2431.42,2367.48,2399.45,91786350,85860675584.0
2013-07-31,2420.72,2444.78,2399.11,2405.94,84152717,80116576256.0
2013-08-01,2417.3,2464.91,2412.27,2464.91,106829962,101214638080.0
2013-08-02,2482.34,2494.48,2465.51,2468.71,108154913,102889897984.0
2013-08-05,2470.57,2504.67,2465.73,2504.67,97064000,93738369024.0
2013-08-06,2497.89,2532.31,2485.44,2524.66,123542966,116329148416.0
2013-08-07,2522.52,2542.13,2502.98,2507.22,125665213,119536898048.0
2013-08-08,2503.18,2525.31,2492.84,2505.82,95548398,93895376896.0
2013-08-09,2516.43,2531.62,2485.0,2515.66,108957709,106485506048.0
2013-08-12,2525.92,2580.42,2523.52,2580.42,154355904,147253403648.0
2013-08-13,2580.65,2589.06,2569.46,2589.03,131043118,116876685312.0
2013-08-14,2591.76,2611.89,2568.79,2578.28,128925417,118371553280.0
2013-08-15,2576.92,2589.01,2545.2,2546.89,105691589,101037449216.0
2013-08-16,2537.3,2633.29,2517.46,2518.76,174005166,153175314432.0
2013-08-19,2499.56,2557.43,2497.39,2550.87,110952819,102481932288.0
2013-08-20,2545.9,2572.82,2523.78,2533.73,116246164,108532396032.0
2013-08-21,2539.85,2541.12,2512.41,2535.62,97627267,89888653312.0
2013-08-22,2529.79,2554.83,2524.19,2533.45,101470641,94952943616.0
2013-08-23,2543.84,2549.59,2478.0,2518.08,123804365,117998407680.0
2013-08-26,2524.7,2571.85,2519.44,2571.39,123893632,117389508608.0
2013-08-27,2568.92,2581.53,2559.61,2580.84,123458240,114158383104.0
2013-08-28,2564.36,2585.53,2545.22,2565.3,159462103,144551313408.0
2013-08-29,2573.69,2578.42,2545.07,2556.85,129022100,113065844736.0
2013-08-30,2555.22,2574.12,2534.99,2546.58,164723709,140724436992.0
2013-09-02,2553.41,2565.14,2527.67,2556.49,142371195,126394339328.0
2013-09-03,2560.45,2594.59,2555.84,2594.24,140180649,122772672512.0
2013-09-04,2593.06,2602.29,2585.16,2593.02,141089610,122995367936.0
2013-09-05,2592.25,2595.29,2581.0,2587.04,123632489,114293231616.0
2013-09-06,2582.33,2609.2,2581.33,2605.57,133943232,120906194944.0
2013-09-09,2620.19,2687.25,2617.97,2680.11,222821860,194553053184.0
2013-09-10,2685.7,2715.38,2676.84,2715.09,235919444,202418843648.0
2013-09-11,2723.36,2739.89,2702.36,2714.98,254941240,218846535680.0
2013-09-12,2711.29,2754.2,2704.24,2736.95,212446615,183564169216.0
2013-09-13,2733.19,2745.33,2712.18,2722.69,175640392,154684497920.0
2013-09-16,2733.07,2736.04,2704.69,2714.92,161065592,149687873536.0
2013-09-17,2716.43,2717.08,2660.27,2661.05,157018534,146203856896.0
2013-09-18,2659.0,2674.3,2643.21,2671.74,115505170,113009483776.0
2013-09-23,2680.68,2718.71,2680.49,2718.14,136655491,137411584000.0
2013-09-24,2716.46,2716.46,2669.51,2695.7,162932767,160717705216.0
2013-09-25,2692.51,2707.22,2675.01,2681.02,160710042,157005905920.0
2013-09-26,2674.05,2674.05,2628.47,2630.07,145264343,140947406848.0
2013-09-27,2627.77,2649.35,2626.47,2641.27,109520773,110408196096.0
2013-09-30,2652.49,2663.45,2648.73,2661.78,98968573,102753628160.0
2013-10-08,2660.12,2704.11,2647.31,2700.25,139919885,139728830464.0
2013-10-09,2691.27,2717.8,2682.41,2717.6,136491658,134254399488.0
2013-10-10,2721.03,2721.35,2686.24,2693.96,160137160,155761070080.0
2013-10-11,2707.38,2739.86,2707.05,2738.03,165403843,160490184704.0
2013-10-14,2742.41,2757.5,2733.5,2748.79,174773588,172080209920.0
2013-10-15,2752.23,2756.13,2725.67,2745.73,164845279,159051079680.0
2013-10-16,2737.0,2737.0,2674.96,2688.13,166817784,158873186304.0
2013-10-17,2700.43,2710.58,2673.92,2680.45,137541652,130924269568.0
2013-10-18,2681.48,2702.4,2675.38,2693.28,111071232,107185631232.0
2013-10-21,2699.25,2748.76,2690.94,2747.92,150967086,147002138624.0
2013-10-22,2747.35,2748.65,2712.55,2719.53,164348972,158051803136.0
2013-10-23,2724.15,2743.89,2670.7,2678.75,159253775,146237976576.0
2013-10-24,2671.85,2683.36,2653.83,2659.39,109503104,103194923008.0
2013-10-25,2660.13,2673.04,2603.64,2619.59,126975419,120165187584.0
2013-10-28,2622.66,2627.68,2599.59,2615.11,102445996,95310860288.0
2013-10-29,2616.55,2650.62,2550.8,2601.2,162477594,143186202624.0
2013-10-30,2599.32,2641.28,2594.0,2640.99,133727409,114431557632.0
2013-10-31,2632.39,2632.39,2601.29,2604.35,124524508,108424544256.0
2013-11-01,2601.78,2622.09,2588.73,2611.47,96443118,88734912512.0
2013-11-04,2622.0,2629.36,2607.27,2612.43,84650614,79481483264.0
2013-11-05,2599.88,2624.32,2575.6,2623.99,101582653,93289390080.0
2013-11-06,2612.28,2627.7,2591.56,2592.11,108873915,100835323904.0
2013-11-07,2588.05,2593.8,2560.83,2572.12,89636710,84030193664.0
2013-11-08,2560.13,2571.88,2533.88,2535.61,88735237,81189376000.0
2013-11-11,2533.3,2554.93,2519.96,2544.95,73096955,68906799104.0
2013-11-12,2547.7,2572.64,2543.67,2570.86,82742525,78206603264.0
2013-11-13,2558.35,2558.5,2515.84,2516.17,92806116,83257847808.0
2013-11-14,2517.14,2539.04,2502.57,2538.18,90418115,83579613184.0
2013-11-15,2540.12,2616.09,2540.12,2589.68,135218680,130255667200.0
2013-11-18,2607.75,2670.11,2601.67,2669.89,166298639,162105208832.0
2013-11-19,2669.55,2670.73,2648.77,2658.49,129530908,128968781824.0
2013-11-20,2672.36,2678.67,2651.58,2675.71,120874696,114417930240.0
2013-11-21,2663.26,2666.85,2635.31,2661.22,141693550,131326914560.0
2013-11-22,2666.1,2670.38,2642.6,2647.34,124024655,115456491520.0
2013-11-25,2635.98,2669.85,2630.04,2639.16,112579622,106681274368.0
2013-11-26,2638.19,2649.73,2629.64,2639.26,102140280,93797924864.0
2013-11-27,2638.04,2675.24,2635.35,2669.27,122515146,117506039808.0
2013-11-28,2674.43,2716.84,2672.57,2695.62,146108370,139982778368.0
2013-11-29,2698.5,2705.31,2689.45,2699.42,110276992,111318654976.0
2013-12-02,2673.45,2712.98,2627.62,2651.37,186438213,177713295360.0
2013-12-03,2641.95,2691.6,2638.04,2686.98,121397811,117283938304.0
2013-12-04,2683.92,2740.23,2679.35,2726.52,166792120,156389003264.0
2013-12-05,2727.26,2733.69,2710.82,2720.09,127233208,121484914688.0
2013-12-06,2715.15,2724.31,2698.15,2705.33,108936878,106573062144.0
2013-12-09,2713.33,2722.93,2701.43,2709.38,97269622,98400751616.0
2013-12-10,2713.91,2725.34,2701.07,2711.88,112825679,106906710016.0
2013-12-11,2699.89,2699.89,2656.09,2670.94,114263191,106507882496.0
2013-12-12,2665.45,2686.0,2662.46,2670.54,89238392,85935972352.0
2013-12-13,2650.43,2678.47,2646.23,2669.31,87395745,82793504768.0
2013-12-16,2671.68,2675.32,2624.66,2625.57,105629350,102270337024.0
2013-12-17,2626.15,2631.08,2606.31,2611.91,80359201,77934702592.0
2013-12-18,2612.53,2625.53,2604.68,2612.61,66998423,66172989184.0
2013-12-19,2621.1,2628.16,2584.11,2585.34,76279168,72742895616.0
2013-12-20,2587.11,2592.84,2530.39,2532.25,94404664,89443749888.0
2013-12-23,2536.72,2548.09,2507.33,2536.82,72270415,71365349376.0
2013-12-24,2542.88,2569.96,2524.72,2544.37,74209316,75131248640.0
2013-12-25,2546.82,2565.42,2536.92,2565.22,70957315,70718496768.0
2013-12-26,2561.18,2561.88,2520.05,2521.03,84613612,81603792896.0
2013-12-27,2522.7,2573.34,2519.27,2562.53,85604298,82830340096.0
2013-12-30,2573.3,2576.93,2556.99,2561.37,80068347,77093253120.0
2013-12-31,2551.48,2591.99,2547.71,2589.35,85907133,86337368064.0
2014-01-02,2582.91,2586.94,2570.95,2586.02,75994552,80430018560.0
2014-01-03,2576.61,2579.29,2544.59,2554.8,94600207,93591343104.0
2014-01-06,2549.47,2549.47,2487.07,2493.4,100812270,93068435456.0
2014-01-07,2478.02,2504.66,2473.27,2496.86,70961723,70153236480.0
2014-01-08,2499.35,2523.13,2488.01,2500.88,83292296,83280494592.0
2014-01-09,2495.87,2520.02,2475.95,2477.28,89341176,88751513600.0
2014-01-10,2470.66,2477.24,2446.0,2451.18,85562596,77332168704.0
2014-01-13,2452.92,2470.34,2426.91,2439.07,77965189,73775489024.0
2014-01-14,2438.14,2467.59,2426.48,2467.37,82615050,74650034176.0
2014-01-15,2464.61,2471.81,2451.07,2468.46,78441587,75934474240.0
2014-01-16,2469.1,2488.56,2461.69,2471.93,81882214,79517392896.0
2014-01-17,2463.58,2465.42,2434.97,2437.04,75598449,72100941824.0
2014-01-20,2432.07,2441.54,2411.27,2421.88,64365901,63949082112.0
2014-01-21,2424.09,2456.63,2424.09,2449.32,68804050,67806565888.0
2014-01-22,2453.03,2513.33,2451.09,2513.08,112490424,106905604096.0
2014-01-23,2512.28,2520.21,2501.94,2507.91,97051753,99769737216.0
2014-01-24,2501.38,2538.83,2498.16,2529.27,106958418,108383449088.0
2014-01-27,2516.2,2522.65,2499.19,2504.64,112981051,109486989312.0
2014-01-28,2508.65,2523.01,2490.44,2506.45,85215662,84877086720.0
2014-01-29,2512.06,2521.29,2508.7,2519.04,83231099,85442510848.0
2014-01-30,2513.76,2513.76,2490.98,2494.15,72182244,74428088320.0
2014-02-07,2478.11,2515.06,2469.54,2515.06,84495882,87182086144.0
2014-02-10,2525.18,2582.9,2525.18,2580.88,140820664,143933865984.0
2014-02-11,2582.25,2607.84,2572.26,2596.73,161106650,159116574720.0
2014-02-12,2597.85,2609.69,2586.98,2609.3,135631429,133677355008.0
2014-02-13,2606.61,2624.19,2588.83,2588.99,157269289,149462257664.0
2014-02-14,2587.93,2614.63,2584.06,2614.39,117714156,116878737408.0
2014-02-17,2628.41,2641.38,2616.89,2641.38,150301084,152465309696.0
2014-02-18,2640.96,2640.96,2608.24,2616.44,150963039,154873491456.0
2014-02-19,2614.9,2649.24,2604.95,2638.09,160570322,151496396800.0
2014-02-20,2643.21,2657.38,2608.91,2610.3,169004012,154071728128.0
2014-02-21,2606.31,2610.69,2569.02,2586.48,124386875,117137117184.0
2014-02-24,2568.62,2568.62,2515.17,2542.66,140454671,132420534272.0
2014-02-25,2544.96,2557.65,2460.38,2470.77,158902822,158367789056.0
2014-02-26,2458.83,2480.17,2441.7,2479.86,126850033,118405427200.0
2014-02-27,2486.87,2505.19,2459.72,2462.96,144615219,138904272896.0
2014-02-28,2457.73,2491.55,2435.98,2490.65,123269256,118471307264.0
2014-03-03,2486.41,2514.55,2480.59,2514.55,133362570,122904440832.0
2014-03-04,2506.81,2514.52,2483.48,2509.67,126724859,119293865984.0
2014-03-05,2513.15,2515.13,2484.92,2489.14,114475645,107598082048.0
2014-03-06,2484.12,2504.16,2456.45,2496.21,117283671,108109643776.0
2014-03-07,2493.15,2512.07,2479.23,2488.31,109951498,104289521664.0
2014-03-10,2467.51,2467.51,2400.76,2403.54,121081961,110434959360.0
2014-03-11,2397.16,2425.57,2392.5,2413.19,97560922,90526027776.0
2014-03-12,2407.2,2436.44,2388.18,2417.95,111290908,97091936256.0
2014-03-13,2422.45,2453.97,2419.11,2446.79,106290685,93300682752.0
2014-03-14,2435.38,2447.81,2413.36,2429.2,93758569,83211440128.0
2014-03-17,2437.56,2459.66,2426.51,2459.52,91697615,86345723904.0
2014-03-18,2462.68,2474.56,2455.5,2459.35,99624975,98268872704.0
2014-03-19,2451.96,2451.96,2421.22,2443.64,101972864,94532829184.0
2014-03-20,2438.47,2458.27,2397.32,2397.49,117494341,103781212160.0
2014-03-21,2388.36,2473.84,2382.61,2469.92,156387528,128830111744.0
2014-03-24,2472.76,2500.46,2462.17,2490.4,158694963,127020699648.0
2014-03-25,2484.25,2506.17,2477.47,2489.58,140544535,112792551424.0
2014-03-26,2496.23,2501.4,2481.37,2488.61,104553677,89863151616.0
2014-03-27,2485.21,2500.54,2461.22,2465.91,120735004,103757148160.0
2014-03-28,2463.38,2479.35,2441.38,2449.04,123544338,103968231424.0
2014-03-31,2452.35,2461.49,2426.33,2440.04,93795267,79202115584.0
2014-04-01,2437.2,2467.45,2434.99,2464.21,83521623,72991571968.0
2014-04-02,2466.93,2483.55,2464.77,2479.15,109021202,90984628224.0
2014-04-03,2485.67,2493.11,2459.21,2465.2,113878743,91667509248.0
2014-04-04,2458.1,2490.18,2454.78,2489.58,86149107,76365414400.0
2014-04-08,2482.95,2544.67,2480.85,2539.69,139837325,123405819904.0
2014-04-09,2542.75,2552.83,2534.88,2547.23,110042304,101158944768.0
2014-04-10,2550.18,2595.78,2539.84,2579.72,165719588,148369522688.0
2014-04-11,2573.31,2584.26,2563.13,2574.08,133863291,125721710592.0
2014-04-14,2571.55,2579.55,2561.37,2577.67,103836741,98074435584.0
2014-04-15,2571.57,2571.57,2536.13,2540.29,113674998,104312885248.0
2014-04-16,2533.33,2553.12,2528.61,2542.45,89783124,82530115584.0
2014-04-17,2548.56,2551.76,2532.6,2535.23,87052019,80684068864.0
2014-04-18,2526.47,2540.01,2514.72,2537.47,85494474,77957238784.0
2014-04-21,2521.18,2543.89,2495.35,2495.62,96532232,90109521920.0
2014-04-22,2491.53,2505.08,2464.13,2500.29,99029514,91570294784.0
2014-04-23,2494.89,2509.03,2486.73,2495.39,78505444,74565468160.0
2014-04-24,2493.0,2507.92,2483.28,2484.16,77404631,71708631040.0
2014-04-25,2487.62,2492.62,2450.54,2450.78,96246003,83855986688.0
2014-04-28,2446.51,2449.6,2400.79,2403.39,97155517,81494056960.0
2014-04-29,2401.88,2432.51,2401.03,2432.25,76502349,66307800064.0
2014-04-30,2431.77,2442.43,2426.89,2437.18,71927452,62943176704.0
2014-05-05,2431.32,2444.2,2411.79,2441.01,77959493,66209487104.0
2014-05-06,2436.31,2460.49,2434.55,2445.17,78686904,69537431552.0
2014-05-07,2438.39,2438.49,2416.52,2416.77,73971100,64066396160.0
2014-05-08,2410.72,2450.4,2406.72,2415.98,78848404,66956338944.0
2014-05-09,2417.77,2420.61,2392.38,2408.02,78669970,65985947648.0
2014-05-12,2425.49,2465.38,2415.45,2462.96,125927370,103116161024.0
2014-05-13,2462.57,2468.23,2448.76,2457.65,100727498,81977683968.0
2014-05-14,2457.55,2467.01,2451.05,2455.07,76821760,64135809280.0
2014-05-15,2451.35,2453.15,2417.25,2419.26,77505213,66725359360.0
2014-05-16,2417.42,2423.32,2401.26,2419.8,68966543,58715567872.0
2014-05-19,2413.63,2413.63,2378.5,2390.7,67097198,58884549120.0
2014-05-20,2401.18,2411.73,2387.98,2393.03,62145705,54746627328.0
2014-05-21,2384.28,2415.15,2371.17,2415.15,62992932,53952450816.0
2014-05-22,2413.93,2442.63,2409.01,2410.79,77213722,67414761728.0
2014-05-23,2410.16,2432.36,2408.66,2432.32,66500337,59347307008.0
2014-05-26,2445.55,2450.06,2436.14,2445.71,72947028,71380275200.0
2014-05-27,2444.04,2449.95,2435.52,2436.95,68639931,64336582656.0
2014-05-28,2437.11,2464.26,2431.85,2462.7,86831025,81410179072.0
2014-05-29,2464.39,2472.05,2443.87,2444.06,82256230,79043936256.0
2014-05-30,2444.47,2456.87,2432.68,2446.42,78403676,73616252928.0
2014-06-03,2448.07,2459.55,2439.4,2439.89,72137946,67201819648.0
2014-06-04,2439.08,2439.16,2402.16,2416.21,72057656,64591469568.0
2014-06-05,2413.89,2442.39,2410.9,2442.09,66058150,61130331392.0
2014-06-06,2441.17,2442.14,2414.78,2426.6,65664379,61212049664.0
2014-06-09,2419.72,2444.26,2417.64,2422.58,66130583,61760739584.0
2014-06-10,2426.91,2452.27,2418.8,2452.26,80805289,74760601600.0
2014-06-11,2447.81,2456.97,2444.28,2455.01,74479012,69602734080.0
2014-06-12,2450.52,2455.11,2440.53,2447.56,78160760,71427969024.0
2014-06-13,2444.95,2479.36,2444.19,2473.62,99093673,92087709696.0
2014-06-16,2474.19,2494.11,2472.85,2490.59,102591634,97929441280.0
2014-06-17,2484.55,2484.55,2464.85,2466.07,89794419,85249900544.0
2014-06-18,2465.61,2468.63,2452.92,2454.59,90152568,81959292928.0
2014-06-19,2454.79,2459.83,2400.52,2409.29,96514135,86256640000.0
2014-06-20,2406.9,2423.36,2403.8,2423.24,71725350,62676036608.0
2014-06-23,2424.49,2436.52,2423.27,2425.67,73379610,67923948800.0
2014-06-24,2423.43,2438.88,2422.24,2438.57,74314051,72175276032.0
2014-06-25,2435.38,2435.38,2417.02,2424.74,68085993,63578502912.0
2014-06-26,2426.02,2447.83,2425.86,2446.03,84901868,78964891648.0
2014-06-27,2443.65,2462.17,2436.53,2451.75,101199017,89782198272.0
2014-06-30,2454.45,2472.74,2454.45,2470.2,103513851,96130334720.0
2014-07-01,2474.02,2475.7,2464.8,2474.38,102137085,96716541952.0
2014-07-02,2473.7,2484.92,2464.78,2484.37,112651858,102532186112.0
2014-07-03,2482.75,2503.81,2478.24,2499.07,124874785,111092830208.0
2014-07-04,2499.06,2502.22,2490.34,2495.22,108017495,97987506176.0
2014-07-07,2495.02,2504.8,2486.87,2494.95,101439488,95792963584.0
2014-07-08,2493.41,2503.07,2478.78,2502.78,100924344,96131596288.0
2014-07-09,2499.83,2502.14,2466.08,2466.59,118966692,115765538816.0
2014-07-10,2464.52,2472.97,2457.99,2461.71,104440980,100625633280.0
2014-07-11,2455.88,2480.42,2454.35,2474.21,114448960,103793160192.0
2014-07-14,2476.17,2504.43,2472.79,2504.43,126751342,118562512896.0
2014-07-15,2502.79,2509.18,2494.39,2507.49,138649692,125078564864.0
2014-07-16,2505.11,2516.32,2492.82,2498.72,140974648,115314950144.0
2014-07-17,2494.31,2494.31,2469.45,2482.0,109441925,90886537216.0
2014-07-18,2471.95,2503.57,2469.18,2489.77,115055882,98443169792.0
2014-07-21,2489.18,2497.28,2481.46,2489.42,98358354,88514719744.0
2014-07-22,2485.22,2524.29,2484.94,2520.44,133215598,117114699776.0
2014-07-23,2519.32,2536.84,2511.57,2520.15,142732147,121845944320.0
2014-07-24,2521.46,2554.86,2521.46,2552.04,182173821,154449547264.0
2014-07-25,2556.66,2577.74,2552.77,2577.58,154016246,131016921088.0
2014-07-28,2590.42,2646.62,2590.42,2643.65,259397683,215706279936.0
2014-07-29,2646.25,2668.4,2637.16,2656.67,215030472,187715543040.0
2014-07-30,2649.51,2662.9,2640.2,2650.14,192169508,171742916608.0
2014-07-31,2649.45,2681.0,2645.23,2680.8,176698808,158483030016.0
2014-08-01,2670.79,2700.16,2655.03,2655.45,204489283,180576690176.0
2014-08-04,2661.93,2705.55,2659.13,2705.55,182796902,163014864896.0
2014-08-05,2707.45,2710.83,2686.06,2704.06,186241405,166315057152.0
2014-08-06,2693.37,2712.29,2671.38,2703.93,190849078,166786826240.0
2014-08-07,2704.37,2710.57,2665.72,2666.99,187864947,161351233536.0
2014-08-08,2668.74,2682.15,2660.04,2674.47,144137411,129246756864.0
2014-08-11,2681.13,2714.55,2681.13,2714.08,156399764,146756784128.0
2014-08-12,2710.84,2711.78,2696.49,2711.17,159085537,149950369792.0
2014-08-13,2712.27,2724.09,2684.62,2713.05,183558387,166610300928.0
2014-08-14,2710.84,2720.86,2686.92,2689.16,172587372,155911229440.0
2014-08-15,2690.72,2724.27,2686.02,2718.26,158564833,146776195072.0
2014-08-18,2724.75,2740.32,2722.58,2740.16,176035814,162636058624.0
2014-08-19,2745.06,2747.12,2724.28,2742.65,193371512,183567470592.0
2014-08-20,2739.88,2747.37,2728.64,2735.6,177656781,165967138816.0
2014-08-21,2735.45,2737.43,2699.23,2725.43,172947264,164459618304.0
2014-08-22,2723.17,2742.46,2720.3,2739.18,161858698,157632311296.0
2014-08-25,2740.56,2741.0,2709.08,2714.58,165349187,154357993472.0
2014-08-26,2709.68,2721.26,2676.74,2685.27,163451133,151936753664.0
2014-08-27,2684.03,2699.77,2683.71,2690.53,122035960,119505539072.0
2014-08-28,2691.35,2699.52,2666.81,2670.15,124846638,121905061888.0
2014-08-29,2674.64,2700.84,2670.08,2700.52,106934236,104322060288.0
2014-09-01,2704.21,2728.52,2703.11,2728.39,135006287,135956623360.0
2014-09-02,2734.2,2766.77,2725.24,2766.04,198590569,194216742912.0
2014-09-03,2769.82,2793.8,2769.8,2790.17,217661340,214743326720.0
2014-09-04,2793.25,2811.91,2785.15,2811.36,205590397,203588923392.0
2014-09-05,2818.25,2834.61,2809.65,2833.62,224378381,214877122560.0
2014-09-09,2837.05,2840.7,2819.62,2836.39,207478651,198336643072.0
2014-09-10,2825.73,2831.74,2812.35,2827.24,195362862,184098902016.0
2014-09-11,2825.29,2860.2,2808.35,2818.96,230652288,226752323584.0
2014-09-12,2813.89,2840.29,2807.6,2840.29,187710195,174727483392.0
2014-09-15,2836.35,2850.11,2824.4,2848.1,215120223,206234783744.0
2014-09-16,2851.03,2853.8,2778.27,2779.99,304053020,262997110784.0
2014-09-17,2786.14,2799.22,2765.2,2797.39,211545157,178779402240.0
2014-09-18,2792.1,2813.31,2784.51,2809.17,193839434,162146865152.0
2014-09-19,2809.67,2833.96,2801.59,2829.73,175705001,159729737728.0
2014-09-22,2824.01,2824.01,2774.44,2780.29,179907942,163986894848.0
2014-09-23,2780.63,2809.79,2780.59,2807.71,155712468,147586502656.0
2014-09-24,2799.7,2854.79,2793.91,2853.38,227603674,206185369600.0
2014-09-25,2864.89,2878.33,2840.2,2849.16,231001288,212462030848.0
2014-09-26,2842.11,2854.61,2830.9,2851.99,173268017,162972172288.0
2014-09-29,2860.64,2873.16,2854.97,2868.99,204319818,193837715456.0
2014-09-30,2874.18,2882.27,2866.26,2878.33,197559276,186173435904.0
2014-10-08,2889.78,2914.4,2873.37,2914.4,212312115,209197768704.0
2014-10-09,2916.44,2924.89,2890.67,2919.17,242227205,227723444224.0
2014-10-10,2908.08,2919.79,2890.34,2902.79,243758234,220588703744.0
2014-10-13,2891.99,2894.63,2860.94,2893.15,214727908,199147397120.0
2014-10-14,2889.31,2909.22,2869.29,2883.34,209685893,191957401600.0
2014-10-15,2881.87,2901.86,2863.12,2901.4,217787630,199127040000.0
2014-10-16,2884.72,2917.79,2871.17,2871.17,253919780,225940733952.0
2014-10-17,2868.18,2882.27,2819.83,2861.07,217989806,197269061632.0
2014-10-20,2868.83,2884.37,2862.89,2883.67,156032005,152209432576.0
2014-10-21,2882.6,2889.32,2856.74,2858.22,164055096,155898613760.0
2014-10-22,2859.02,2873.03,2834.31,2835.9,150017001,146265341952.0
2014-10-23,2831.43,2841.84,2798.88,2804.92,168504241,151591063552.0
2014-10-24,2806.83,2820.11,2796.66,2803.97,131308764,120932364288.0
2014-10-27,2790.99,2795.01,2774.08,2791.95,129866033,121225252864.0
2014-10-28,2797.26,2851.59,2797.26,2851.49,176636068,167025451008.0
2014-10-29,2859.8,2901.11,2850.49,2891.78,264192732,240957710336.0
2014-10-30,2890.46,2913.39,2883.3,2906.43,288794957,237643489280.0
2014-10-31,2911.32,2940.89,2896.6,2937.91,330841469,273786830848.0
2014-11-03,2945.27,2958.25,2934.26,2948.73,297998664,242966929408.0
2014-11-04,2947.46,2953.95,2932.15,2944.87,312054656,246468747264.0
2014-11-05,2948.17,2950.77,2928.91,2935.44,275170435,227283169280.0
2014-11-06,2936.39,2944.18,2912.38,2942.71,229301857,199066386432.0
2014-11-07,2945.8,2975.87,2917.28,2931.22,304962196,274056409088.0
2014-11-10,2956.2,2993.08,2940.99,2993.08,311842655,272916176896.0
2014-11-11,3004.91,3021.92,2933.5,2961.25,430218258,370749349888.0
2014-11-12,2947.72,3005.31,2941.77,3005.31,257546990,229903904768.0
2014-11-13,3007.56,3016.49,2970.43,2985.69,306879112,281968410624.0
2014-11-14,2973.42,2986.0,2958.92,2984.71,230803773,211278598144.0
2014-11-17,3014.25,3015.77,2976.1,2981.62,226917317,217781370880.0
2014-11-18,2978.92,2986.56,2953.22,2961.99,206431857,186899013632.0
2014-11-19,2959.35,2975.46,2952.98,2961.55,190311690,181874163712.0
2014-11-20,2952.43,2968.21,2946.41,2959.63,165826619,158718107648.0
2014-11-21,2960.15,3008.81,2954.91,3007.51,223894902,218417659904.0
2014-11-24,3043.02,3094.46,3030.03,3076.17,398355325,383582216192.0
2014-11-25,3077.99,3119.51,3071.12,3119.51,330381714,320077672448.0
2014-11-26,3129.11,3155.13,3120.1,3154.84,353842583,356761395200.0
2014-11-27,3169.05,3187.29,3149.45,3187.29,386052096,386597830656.0
2014-11-28,3186.53,3231.63,3170.37,3231.13,500685414,460748861440.0
2014-12-01,3245.21,3269.28,3219.94,3233.78,481410806,459702378496.0
2014-12-02,3222.29,3348.94,3219.08,3331.89,470872328,458812956672.0
2014-12-03,3343.16,3424.85,3317.48,3378.57,619103675,628987146240.0
2014-12-04,3386.1,3511.73,3380.67,3511.22,578934902,602860941312.0
2014-12-05,3545.83,3581.76,3390.4,3507.71,697318236,747185303552.0
2014-12-08,3489.93,3644.22,3456.42,3627.15,636864346,688826654720.0
2014-12-09,3607.38,3747.64,3439.86,3468.84,830483251,920720744448.0
2014-12-10,3477.85,3600.56,3432.06,3594.57,556330381,620853526528.0
2014-12-11,3563.13,3634.51,3542.13,3576.66,506961318,545184071680.0
2014-12-12,3577.07,3626.18,3563.77,3591.82,417628155,466278912000.0
2014-12-15,3576.98,3635.82,3551.03,3627.61,419874867,475492974592.0
2014-12-16,3632.18,3702.13,3618.79,3702.13,483240671,569796681728.0
2014-12-17,3718.86,3748.79,3658.72,3739.99,581275279,678326800384.0
2014-12-18,3737.64,3771.9,3707.34,3728.14,463109204,539532816384.0
2014-12-19,3727.3,3762.18,3651.81,3752.48,544598735,584472674304.0
2014-12-22,3763.09,3789.61,3688.11,3722.52,701129196,698655662080.0
2014-12-23,3687.78,3753.21,3638.41,3645.74,465018680,481670168576.0
2014-12-24,3654.93,3667.44,3537.51,3580.81,403595333,434792505344.0
2014-12-25,3603.52,3685.28,3579.41,3684.9,399566172,430223544320.0
2014-12-26,3692.65,3791.41,3684.26,3785.51,490400837,557959020544.0
2014-12-29,3834.0,3848.31,3737.16,3783.5,545711278,641061421056.0
2014-12-30,3777.88,3800.79,3739.7,3768.65,427144200,508815437824.0
2014-12-31,3772.53,3846.0,3763.9,3839.39,439617659,508196913152.0
2015-01-05,3868.72,3968.61,3852.91,3944.36,579985702,659192848384.0
2015-01-06,3912.46,3981.38,3889.72,3955.21,544716682,638857687040.0
2015-01-07,3937.23,3980.78,3916.37,3958.94,416241725,510518800384.0
2015-01-08,3963.03,3971.91,3871.8,3881.92,390637663,464352948224.0
2015-01-09,3868.87,3998.17,3860.55,3865.42,440623480,535600844800.0
2015-01-12,3848.98,3872.22,3778.53,3824.61,344593605,423620644864.0
2015-01-13,3819.09,3865.9,3816.77,3837.99,255847731,335507746816.0
2015-01-14,3845.11,3867.35,3793.72,3823.96,263099008,324501753856.0
2015-01-15,3823.52,3919.5,3809.2,3919.5,305697851,385025953792.0
2015-01-16,3931.23,3979.61,3919.69,3957.55,367188457,460240310272.0
2015-01-19,3748.05,3833.09,3655.93,3686.08,434841546,487935864832.0
2015-01-20,3674.86,3765.21,3669.47,3753.67,389781184,495755059200.0
2015-01-21,3776.78,3910.5,3770.52,3903.34,448095639,563228676096.0
2015-01-22,3906.17,3939.78,3880.68,3932.65,374266220,479804432384.0
2015-01-23,3945.86,3980.24,3903.36,3925.88,379612511,485923450880.0
2015-01-26,3934.65,3980.41,3923.1,3977.93,341064996,435601358848.0
2015-01-27,3984.44,3987.92,3884.92,3953.52,401987164,497154547712.0
2015-01-28,3927.81,3963.64,3893.74,3906.89,318606628,402582659072.0
2015-01-29,3857.18,3889.44,3837.72,3864.38,296157440,354802544640.0
2015-01-30,3877.99,3896.17,3811.83,3813.4,277072430,337441390592.0
2015-02-02,3741.24,3794.41,3731.31,3743.43,267055562,312666681344.0
2015-02-03,3774.98,3831.74,3754.3,3829.2,268278656,339665952768.0
2015-02-04,3838.73,3866.09,3793.65,3795.75,272231066,348881162240.0
2015-02-05,3876.53,3876.97,3762.04,3762.04,338754964,426500485120.0
2015-02-06,3747.56,3764.95,3670.83,3696.15,268941796,317030330368.0
2015-02-09,3689.14,3747.21,3680.22,3718.23,228227259,292025065472.0
2015-02-10,3717.14,3781.92,3712.34,3781.64,214282857,271984848896.0
2015-02-11,3790.27,3824.1,3787.47,3814.77,202673336,264457658368.0
2015-02-12,3816.81,3838.65,3791.58,3828.98,218773466,277546725376.0
2015-02-13,3846.99,3902.42,3845.92,3866.72,283396339,357853544448.0
2015-02-16,3872.56,3912.15,3868.8,3908.89,247946918,335808913408.0
2015-02-17,3922.17,3946.66,3921.75,3934.95,246267185,321759322112.0
2015-02-25,3943.56,3943.56,3883.18,3898.49,249089966,321704886272.0
2015-02-26,3893.8,3983.73,3879.09,3981.35,320249183,393520259072.0
2015-02-27,3981.34,4012.86,3978.0,3995.43,319347121,397199196160.0
2015-03-02,4028.73,4040.57,3994.25,4040.31,375411456,493779918848.0
2015-03-03,4019.59,4019.59,3956.66,3960.18,408819753,527569350656.0
2015-03-04,3965.01,3999.07,3955.83,3995.3,318890314,416901185536.0
2015-03-05,3981.32,3984.93,3936.9,3966.84,338467896,439099830272.0
2015-03-06,3971.76,3984.64,3933.69,3938.72,290831780,376844636160.0
2015-03-09,3911.68,4007.02,3880.16,4001.29,332642624,405661499392.0
2015-03-10,3990.15,4027.63,3984.49,3998.73,297182715,381014286336.0
2015-03-11,4001.74,4038.23,3985.99,3999.63,288410278,367267946496.0
2015-03-12,4028.6,4060.23,4010.99,4054.98,367486098,457463918592.0
2015-03-13,4066.74,4099.68,4064.22,4087.65,342094597,424578662400.0
2015-03-16,4114.44,4193.04,4099.95,4193.01,412496627,547921408000.0
2015-03-17,4221.62,4260.02,4204.04,4253.15,544209004,690500263936.0
2015-03-18,4264.07,4345.52,4257.7,4345.52,579806359,705730727936.0
2015-03-19,4350.67,4365.44,4312.11,4350.04,558420618,689311805440.0
2015-03-20,4361.65,4423.37,4347.19,4405.46,553979871,762945437696.0
2015-03-23,4437.74,4500.33,4437.74,4500.11,562898053,769320919040.0
2015-03-24,4511.25,4520.15,4389.57,4506.08,665648192,878308024320.0
2015-03-25,4497.71,4527.23,4458.19,4493.4,549544300,757432332288.0
2015-03-26,4474.41,4540.9,4439.19,4492.26,510682696,715076894720.0
2015-03-27,4498.8,4542.4,4476.55,4524.54,425217047,582996480000.0
2015-03-30,4551.19,4648.67,4551.19,4635.79,591516567,784523292672.0
2015-03-31,4683.46,4704.88,4593.09,4606.9,605971638,851415048192.0
2015-04-01,4613.07,4710.7,4605.0,4697.13,484431657,704078155776.0
2015-04-02,4725.24,4732.98,4656.47,4721.89,506721436,737246838784.0
2015-04-03,4700.36,4780.45,4684.83,4780.42,491427328,731270692864.0
2015-04-07,4824.78,4886.89,4815.03,4886.49,596267489,850701164544.0
2015-04-08,4908.83,4920.74,4807.76,4905.89,648172442,966020169728.0
2015-04-09,4925.02,4926.68,4780.96,4867.33,622454651,942262112256.0
2015-04-10,4853.48,4978.97,4831.42,4971.36,509693135,769026928640.0
2015-04-13,5019.46,5076.47,4990.21,5064.49,612638024,895521923072.0
2015-04-14,5074.75,5119.39,5021.05,5077.97,617622623,900273471488.0
2015-04-15,5074.11,5082.58,4972.84,4974.25,639365156,863306366976.0
2015-04-16,4936.44,5110.1,4908.31,5102.57,565849807,794808037376.0
2015-04-17,5167.83,5217.98,5139.06,5182.36,743912489,1000000000000.0
2015-04-20,5195.37,5255.23,5066.86,5096.54,901035131,1000000000000.0
2015-04-21,5097.6,5224.72,5084.57,5224.72,660125402,957813518336.0
2015-04-22,5251.38,5362.05,5251.38,5360.98,715370701,1000000000000.0
2015-04-23,5389.79,5416.7,5316.41,5377.43,695425925,1075132575744.0
2015-04-24,5313.84,5376.15,5253.78,5347.64,663680612,1025300611072.0
2015-04-27,5404.61,5458.97,5373.41,5450.23,698762076,1073224376320.0
2015-04-28,5456.96,5463.88,5307.52,5352.5,792896184,1163987189760.0
2015-04-29,5333.76,5429.16,5305.49,5407.9,540131707,850090131456.0
2015-04-30,5425.16,5460.87,5395.03,5395.31,546381335,865410351104.0
2015-05-04,5405.98,5443.99,5339.4,5433.54,514048453,800722362368.0
2015-05-05,5429.79,5429.79,5196.0,5221.92,604643901,897935101952.0
2015-05-06,5249.75,5334.97,5119.26,5165.58,505387638,805332254720.0
2015-05-07,5131.86,5157.35,5061.24,5065.49,410330145,606412877824.0
2015-05-08,5117.98,5191.47,5061.05,5190.84,421295542,655244349440.0
2015-05-11,5226.5,5362.95,5179.35,5362.57,522410729,851715629056.0
2015-05-12,5370.44,5443.11,5339.09,5442.53,542902953,908155052032.0
2015-05-13,5437.3,5478.78,5385.69,5432.97,545716864,907784876032.0
2015-05-14,5433.45,5455.99,5376.14,5416.47,486743004,785387163648.0
2015-05-15,5404.1,5404.1,5294.98,5335.77,472144742,763519545344.0
2015-05-18,5303.69,5373.84,5285.46,5329.83,409625879,689433939968.0
2015-05-19,5336.12,5503.4,5336.12,5496.94,466540544,795090153472.0
2015-05-20,5522.71,5640.99,5522.71,5543.53,554136714,931393482752.0
2015-05-21,5562.55,5675.5,5544.75,5674.82,492232527,845266235392.0
2015-05-22,5744.24,5794.71,5689.43,5793.45,678354591,1128001961984.0
2015-05-25,5780.84,5961.74,5774.85,5961.35,694200525,1172810891264.0
2015-05-26,6008.98,6102.27,5933.21,6102.07,726463652,1256463269888.0
2015-05-27,6124.69,6137.92,6011.45,6109.77,703410913,1226270834688.0
2015-05-28,6104.48,6156.9,5709.87,5713.43,829923123,1357732970496.0
2015-05-29,5714.04,5835.41,5499.01,5736.51,626651497,1001701756928.0
2015-06-01,5772.37,6022.52,5751.15,6021.97,603519877,989973671936.0
2015-06-02,6052.9,6163.75,6011.47,6162.93,626207421,1071666307072.0
2015-06-03,6190.56,6208.89,6047.23,6164.61,623317842,1094572797952.0
2015-06-04,6175.92,6199.15,5809.36,6192.99,694227476,1151276548096.0
2015-06-05,6280.19,6324.19,6118.06,6265.08,794835804,1339491418112.0
2015-06-08,6290.96,6365.0,6196.61,6345.76,872943821,1407316590592.0
2015-06-09,6363.09,6372.14,6232.08,6312.99,755611730,1236674936832.0
2015-06-10,6249.49,6414.25,6194.02,6340.71,626756040,1086630412288.0
2015-06-11,6339.59,6373.35,6282.11,6366.78,582706734,1042383413248.0
2015-06-12,6395.68,6447.62,6355.31,6422.07,640786972,1119646384128.0
2015-06-15,6445.37,6452.7,6274.37,6290.77,681623081,1192128610304.0
2015-06-16,6222.21,6247.66,6022.99,6082.55,591179479,1014512902144.0
2015-06-17,6086.21,6203.67,5923.13,6182.2,557163773,911404511232.0
2015-06-18,6155.22,6179.91,5941.09,5945.73,518747753,863040065536.0
2015-06-19,5832.17,5905.2,5570.78,5573.44,495953354,779949105152.0
2015-06-23,5570.83,5707.39,5310.84,5706.92,506133783,792180543488.0
2015-06-24,5743.58,5825.62,5655.94,5823.12,592848164,916016857088.0
2015-06-25,5850.09,5868.09,5560.85,5616.62,610209364,955075661824.0
2015-06-26,5448.66,5508.94,5115.5,5166.2,591716375,860165795840.0
2015-06-29,5290.61,5296.43,4760.58,4943.37,707315261,995308363776.0
2015-06-30,4886.43,5252.51,4693.76,5249.52,722613821,1022769262592.0
2015-07-01,5179.6,5327.27,4964.83,4981.6,603018836,910972981248.0
2015-07-02,5002.96,5026.66,4664.01,4761.34,614036029,829934182400.0
2015-07-03,4633.22,4824.18,4393.41,4494.2,585406843,750124990464.0
2015-07-06,4853.87,4853.87,4368.26,4566.63,878848901,1074731266048.0
2015-07-07,4421.83,4495.96,4274.56,4426.12,793500959,926719520768.0
2015-07-08,4141.53,4270.66,4109.34,4178.86,856807875,946455089152.0
2015-07-09,4131.21,4451.1,4071.16,4424.08,599686359,678518501376.0
2015-07-10,4475.23,4717.65,4448.2,4657.53,572842998,721507213312.0
2015-07-13,4734.17,4877.81,4674.56,4823.01,626669865,833983332352.0
2015-07-14,4823.07,4927.63,4713.39,4768.93,621805711,847399178240.0
2015-07-15,4729.13,4762.67,4511.99,4569.74,586224026,745798656000.0
2015-07-16,4544.72,4706.79,4422.09,4625.21,472544425,610571362304.0
2015-07-17,4655.93,4866.4,4639.71,4825.09,470484500,643991248896.0
2015-07-20,4834.98,4927.47,4777.07,4853.83,514805312,736036454400.0
2015-07-21,4793.56,4917.2,4757.83,4876.37,461472538,654658158592.0
2015-07-22,4859.63,4911.96,4795.73,4886.41,480111844,692294213632.0
2015-07-23,4889.65,5019.06,4874.37,5004.19,531966725,757716770816.0
2015-07-24,5012.81,5070.95,4889.26,4920.46,588993249,855685308416.0
2015-07-27,4823.46,4915.53,4513.27,4514.93,536794555,755759595520.0
2015-07-28,4360.53,4583.68,4264.53,4483.49,563821548,748203393024.0
2015-07-29,4527.58,4649.7,4423.78,4647.06,409718090,579310555136.0
2015-07-30,4627.47,4705.05,4497.09,4513.3,413477366,604678598656.0
2015-07-31,4462.85,4565.52,4441.02,4501.57,330210903,469075566592.0
2015-08-03,4438.61,4493.08,4379.45,4479.43,358169618,474752884736.0
2015-08-04,4479.25,4647.81,4455.17,4647.72,337416876,464253743104.0
2015-08-05,4637.49,4677.6,4544.53,4562.63,320484037,458846732288.0
2015-08-06,4478.61,4589.24,4466.16,4525.41,237336975,332883828736.0
2015-08-07,4568.35,4642.49,4558.18,4626.03,292818816,417142190080.0
2015-08-10,4675.7,4860.88,4659.03,4839.04,452097910,632501551104.0
2015-08-11,4839.83,4887.69,4799.34,4831.57,484469015,680071118848.0
2015-08-12,4781.53,4850.29,4771.43,4772.54,387826842,557730959360.0
2015-08-13,4759.03,4856.39,4716.01,4856.09,376487263,536594530304.0
2015-08-14,4886.04,4918.97,4843.77,4870.31,414106068,602442719232.0
2015-08-17,4855.47,4910.94,4810.54,4907.87,418952919,601177264128.0
2015-08-18,4916.97,4926.15,4573.63,4584.34,504276769,720249634816.0
2015-08-19,4469.08,4687.39,4369.03,4665.84,431672090,588659019776.0
2015-08-20,4619.83,4667.44,4511.99,4511.99,350482432,486078373888.0
2015-08-21,4444.23,4500.75,4280.94,4293.81,352547497,461288427520.0
2015-08-24,4119.97,4137.58,3920.81,3928.51,347628874,396630540288.0
2015-08-25,3669.76,3805.76,3623.47,3644.8,380243597,408963145728.0
2015-08-26,3659.06,3804.61,3514.64,3588.29,457467832,490304823296.0
2015-08-27,3662.33,3776.21,3566.29,3775.0,392227269,426878234624.0
2015-08-28,3825.75,3964.3,3800.75,3955.33,442256942,497128386560.0
2015-08-31,3917.52,3931.66,3800.83,3929.9,396508954,454907727872.0
2015-09-01,3859.21,3868.01,3718.29,3854.53,451126459,464206290944.0
2015-09-02,3687.08,3887.96,3679.39,3849.52,462822136,479626588160.0
2015-09-07,3845.51,3940.33,3740.85,3757.75,306671503,344882229248.0
2015-09-08,3725.74,3874.23,3669.52,3867.09,240109468,267875680256.0
2015-09-09,3881.91,3984.5,3865.13,3951.74,370565248,443934273536.0
2015-09-10,3890.1,3953.2,3875.67,3897.95,251298148,297340063744.0
2015-09-11,3888.68,3933.46,3853.9,3898.59,201119537,243611635712.0
2015-09-14,3922.81,3931.21,3684.01,3766.8,324570916,364270559232.0
2015-09-15,3678.47,3723.41,3584.24,3600.72,236983066,243449012224.0
2015-09-16,3600.7,3830.37,3583.03,3796.16,264662917,281619935232.0
2015-09-17,3773.61,3861.16,3715.62,3715.62,297237609,335564943360.0
2015-09-18,3737.36,3767.41,3703.68,3739.85,190555592,216364130304.0
2015-09-21,3703.86,3827.86,3691.27,3824.13,228222597,268436414464.0
2015-09-22,3829.91,3895.76,3820.2,3857.51,264911608,314981412864.0
2015-09-23,3798.99,3838.97,3763.56,3782.22,224418765,258769117184.0
2015-09-24,3799.78,3830.78,3776.99,3816.14,195301430,232815267840.0
2015-09-25,3802.3,3823.97,3704.7,3736.3,220361311,252879339520.0
2015-09-28,3733.59,3766.81,3683.7,3764.59,141956626,169190600704.0
2015-09-29,3708.62,3729.85,3668.65,3691.54,155730127,178321666048.0
2015-09-30,3711.82,3737.85,3691.69,3714.97,135057019,165461635072.0
2015-10-08,3850.51,3875.8,3822.89,3835.62,226989087,281773846528.0
2015-10-09,3840.0,3902.98,3830.17,3888.68,224064164,267397795840.0
2015-10-12,3904.04,4065.0,3900.2,4020.93,375020344,458579017728.0
2015-10-13,3992.06,4041.48,3981.4,4033.23,278411308,341987446784.0
2015-10-14,4016.57,4051.6,3982.69,3987.53,278056389,337131876352.0
2015-10-15,3979.98,4089.93,3979.69,4089.9,302953367,378616885248.0
2015-10-16,4116.63,4153.05,4082.23,4149.57,373474678,466867302400.0
2015-10-19,4166.2,4193.17,4106.85,4149.63,363614676,468110872576.0
2015-10-20,4141.95,4205.59,4121.4,4205.59,317087900,417840324608.0
2015-10-21,4207.67,4224.71,3991.25,4041.04,460245230,565069062144.0
2015-10-22,4023.66,4133.42,4013.9,4127.21,319776481,407606181888.0
2015-10-23,4146.32,4210.18,4124.62,4196.1,357193441,478385188864.0
2015-10-26,4246.82,4253.5,4179.22,4219.44,367553577,506606088192.0
2015-10-27,4191.98,4242.95,4084.57,4230.21,339497423,449824870400.0
2015-10-28,4207.13,4241.4,4130.85,4142.24,303701317,407421726720.0
2015-10-29,4163.09,4196.29,4121.83,4159.62,237751716,323218759680.0
2015-10-30,4153.56,4205.56,4108.45,4156.09,249211466,347683418112.0
2015-11-02,4093.14,4172.78,4077.93,4082.17,237206892,325327659008.0
2015-11-03,4092.98,4114.1,4051.62,4070.67,190507215,263707226112.0
2015-11-04,4086.19,4266.07,4086.19,4266.07,344632261,470431121408.0
2015-11-05,4269.51,4407.23,4265.23,4331.61,583238341,763886227456.0
2015-11-06,4326.76,4441.99,4325.73,4433.55,451446349,615408799744.0
2015-11-09,4430.63,4523.93,4430.63,4489.29,534324920,732475658240.0
2015-11-10,4456.83,4528.55,4446.44,4488.83,452257144,632813817856.0
2015-11-11,4487.41,4515.27,4447.77,4508.24,384320466,534290612224.0
2015-11-12,4519.8,4522.73,4438.51,4476.15,379817940,556503666688.0
2015-11-13,4429.64,4469.45,4384.68,4415.48,351049152,513840136192.0
2015-11-16,4340.56,4457.06,4337.25,4456.67,278610860,415086456832.0
2015-11-17,4490.3,4547.54,4430.81,4440.01,411283953,624115191808.0
2015-11-18,4442.59,4457.46,4371.83,4383.13,311379502,445962375168.0
2015-11-19,4395.97,4465.98,4384.39,4465.6,265152015,380364808192.0
2015-11-20,4472.85,4498.78,4451.3,4480.36,333027866,476831793152.0
2015-11-23,4482.25,4516.02,4438.14,4452.15,318010266,462244798464.0
2015-11-24,4445.0,4462.38,4391.52,4462.06,253641843,361036386304.0
2015-11-25,4457.82,4506.77,4446.54,4506.54,276380442,421660938240.0
2015-11-26,4524.74,4534.36,4475.16,4479.79,313930084,469249527808.0
2015-11-27,4456.92,4462.08,4196.99,4225.7,361909847,504098770944.0
2015-11-30,4226.07,4267.14,4082.33,4239.11,302435187,416897810432.0
2015-12-01,4234.94,4300.45,4205.7,4266.21,249545231,350037929984.0
2015-12-02,4259.39,4370.49,4234.42,4367.36,316186340,410696331264.0
2015-12-03,4358.38,4422.9,4351.94,4418.62,293091538,379662954496.0
2015-12-04,4387.74,4399.79,4332.32,4349.06,252562058,351331844096.0
2015-12-07,4354.89,4382.2,4327.24,4373.09,206764447,308050415616.0
2015-12-08,4349.42,4349.42,4281.6,4285.2,220719908,310547271680.0
2015-12-09,4271.17,4316.32,4267.63,4290.7,196625413,286621261824.0
2015-12-10,4289.42,4334.27,4267.02,4275.88,199206049,298128809984.0
2015-12-11,4256.0,4281.4,4222.07,4253.11,182454769,257129066496.0
2015-12-14,4213.38,4364.84,4208.46,4364.49,231726408,322520375296.0
2015-12-15,4362.91,4385.55,4342.65,4360.74,212503201,321003286528.0
2015-12-16,4372.93,4389.51,4347.92,4358.93,196693893,298200854528.0
2015-12-17,4388.68,4454.48,4388.68,4449.87,307978839,442364399616.0
2015-12-18,4447.71,4496.22,4442.74,4456.74,287882890,416276721664.0
2015-12-21,4451.8,4563.12,4449.03,4552.99,332450278,470635700224.0
2015-12-22,4562.0,4574.65,4526.7,4573.89,291896169,419624251392.0
2015-12-23,4575.28,4615.55,4545.4,4550.62,325183457,481615241216.0
2015-12-24,4541.56,4552.29,4463.2,4516.7,238690739,345014755328.0
2015-12-25,4520.1,4540.57,4501.82,4530.85,200877532,292121595904.0
2015-12-28,4542.63,4549.78,4406.66,4406.66,263801956,380519759872.0
2015-12-29,4400.84,4447.66,4382.44,4447.35,179178084,261278994432.0
2015-12-30,4451.51,4462.09,4416.39,4461.88,191163187,295151362048.0
2015-12-31,4459.19,4471.8,4410.42,4411.98,181655081,277330612224.0
2016-01-04,4407.37,4408.81,4084.49,4084.6,193385672,261057236992.0
2016-01-05,3956.64,4130.51,3946.53,4075.97,275545208,352734384128.0
2016-01-06,4083.7,4159.24,4065.55,4157.23,246896571,297298673664.0
2016-01-07,4086.37,4086.37,3839.69,3848.9,72529382,81912340480.0
2016-01-08,3940.11,3991.13,3760.47,3923.21,297089055,342432870400.0
2016-01-11,3851.41,3900.2,3706.14,3706.14,290239124,317583691776.0
2016-01-12,3724.15,3758.86,3667.96,3726.65,220131016,247776108544.0
2016-01-13,3752.71,3776.54,3639.88,3639.88,206789896,229342785536.0
2016-01-14,3541.29,3735.73,3536.77,3729.36,226789117,249026707456.0
2016-01-15,3704.2,3727.28,3582.62,3604.01,213232317,234160046080.0
2016-01-18,3540.43,3669.33,3538.62,3628.95,173598177,196438601728.0
2016-01-19,3628.17,3748.38,3615.54,3743.43,215634908,249093185536.0
2016-01-20,3721.56,3754.15,3669.12,3693.04,222598021,256707842048.0
2016-01-21,3642.84,3725.34,3572.11,3572.11,193072499,222411497472.0
2016-01-22,3611.6,3636.0,3534.63,3615.07,159781796,181315043328.0
2016-01-25,3637.32,3664.45,3607.66,3638.48,146848576,164455575552.0
2016-01-26,3601.22,3609.25,3397.15,3403.8,212377838,225354747904.0
2016-01-27,3416.83,3429.29,3259.28,3382.16,220153485,222352601088.0
2016-01-28,3352.08,3390.89,3264.08,3276.27,166560832,168816615424.0
2016-01-29,3276.23,3410.85,3272.83,3387.11,185663352,187766067200.0
2016-02-01,3379.46,3389.56,3297.84,3337.8,151511457,153794785280.0
2016-02-02,3339.65,3430.21,3339.63,3420.42,155173924,164414410752.0
2016-02-03,3384.07,3423.49,3361.28,3414.16,140669724,145442013184.0
2016-02-04,3427.51,3479.23,3427.51,3463.52,162863706,174776561664.0
2016-02-05,3463.6,3470.98,3435.12,3436.16,132926354,142765191168.0
2016-02-15,3342.7,3440.53,3340.26,3422.81,126550687,134636351488.0
2016-02-16,3440.25,3545.22,3440.25,3538.48,195456786,210835398656.0
2016-02-17,3533.76,3575.54,3521.77,3572.26,218874127,230136348672.0
2016-02-18,3592.35,3608.22,3556.61,3561.83,218116262,232728346624.0
2016-02-19,3554.02,3581.19,3538.06,3564.05,157718510,177698459648.0
2016-02-22,3604.09,3650.22,3590.56,3641.28,235267489,252485689344.0
2016-02-23,3639.7,3644.0,3572.65,3611.17,200442268,224033259520.0
2016-02-24,3596.43,3635.23,3566.42,3634.92,201602230,224032743424.0
2016-02-25,3628.29,3628.34,3377.81,3392.43,268498404,283090092032.0
2016-02-26,3419.08,3441.6,3360.5,3420.52,186807624,194287898624.0
2016-02-29,3408.2,3408.38,3253.4,3309.76,216044173,211816738816.0
2016-03-01,3314.95,3396.51,3288.67,3375.27,196849487,197713633280.0
2016-03-02,3376.35,3528.44,3375.82,3523.8,286644298,281988370432.0
2016-03-03,3523.77,3567.15,3515.95,3533.84,301633103,301807710208.0
2016-03-04,3521.03,3554.54,3471.15,3535.47,328002483,322975477760.0
2016-03-07,3559.4,3593.72,3537.76,3567.64,219632617,222257623040.0
2016-03-08,3563.58,3572.99,3445.93,3572.05,234385398,235127197696.0
2016-03-09,3497.06,3523.69,3469.36,3516.62,184081569,187103535104.0
2016-03-10,3503.79,3525.58,3451.07,3451.53,135631608,145478549504.0
2016-03-11,3421.84,3466.41,3411.35,3453.46,123133586,129817284608.0
2016-03-14,3481.46,3566.93,3478.61,3524.52,197106074,218692591616.0
2016-03-15,3517.8,3525.37,3479.73,3523.0,164580841,183909892096.0
2016-03-16,3522.15,3540.95,3512.84,3521.9,182223780,195671834624.0
2016-03-17,3532.14,3604.08,3514.8,3582.38,206237535,242781642752.0
2016-03-18,3597.26,3681.54,3591.46,3657.57,322462904,367773941760.0
2016-03-21,3695.23,3760.12,3689.57,3747.77,365094979,423597965312.0
2016-03-22,3723.65,3751.07,3707.61,3724.11,268742551,334127734784.0
2016-03-23,3713.73,3743.71,3697.63,3740.26,215340611,274125668352.0
2016-03-24,3710.12,3729.96,3677.92,3677.93,234570865,297311776768.0
2016-03-25,3671.71,3707.42,3668.0,3701.47,175626642,218410557440.0
2016-03-28,3715.58,3742.64,3661.47,3671.39,197224264,248121905152.0
2016-03-29,3671.31,3677.15,3604.11,3622.7,176298721,213794377728.0
2016-03-30,3654.49,3727.26,3654.49,3727.26,205863803,257232515072.0
2016-03-31,3742.61,3759.97,3720.93,3731.99,216467794,277484007424.0
2016-04-01,3723.75,3735.88,3665.75,3729.58,203341670,236286160896.0
2016-04-05,3723.03,3800.06,3714.65,3793.22,251590820,296656343040.0
2016-04-06,3777.51,3802.38,3762.44,3794.02,224870884,276616622080.0
2016-04-07,3804.91,3810.57,3737.24,3737.69,222336617,273625513984.0
2016-04-08,3712.5,3722.72,3674.9,3707.68,189675799,231194222592.0
2016-04-11,3740.69,3788.98,3740.69,3768.1,227412687,278894915584.0
2016-04-12,3765.0,3771.8,3721.03,3749.42,179931205,217757683712.0
2016-04-13,3772.4,3843.4,3772.4,3800.86,328603850,368641536000.0
2016-04-14,3819.3,3829.45,3789.86,3822.92,212245504,244141047808.0
2016-04-15,3826.47,3830.55,3802.46,3816.84,182605583,216389414912.0
2016-04-18,3793.61,3793.61,3750.25,3762.67,177490542,210812153856.0
2016-04-19,3781.32,3790.4,3754.33,3775.54,150310108,185227145216.0
2016-04-20,3784.51,3790.25,3600.74,3677.98,279533245,323581313024.0
2016-04-21,3657.48,3700.96,3644.33,3652.09,189561244,216746135552.0
2016-04-22,3630.17,3671.25,3624.38,3671.02,139402304,162552569856.0
2016-04-25,3660.17,3666.02,3619.92,3654.57,124553682,148290646016.0
2016-04-26,3651.61,3680.98,3641.6,3680.78,115076040,142244765696.0
2016-04-27,3683.88,3695.68,3660.01,3664.58,120735729,151362101248.0
2016-04-28,3666.94,3672.23,3617.02,3655.54,130301361,157892722688.0
2016-04-29,3645.09,3669.23,3639.98,3651.55,107733965,137585397760.0
2016-05-03,3655.18,3730.64,3642.83,3730.34,173995894,219160055808.0
2016-05-04,3718.02,3746.06,3713.2,3727.4,165418148,203020480512.0
2016-05-05,3721.28,3740.25,3710.43,3737.08,139292649,175777845248.0
2016-05-06,3737.25,3743.48,3625.43,3625.6,206737157,250074796032.0
2016-05-09,3604.26,3604.26,3520.22,3533.93,177463859,197379198976.0
2016-05-10,3522.63,3553.51,3518.78,3535.96,121507681,137533849600.0
2016-05-11,3550.99,3574.01,3524.37,3544.48,139805386,163557818368.0
2016-05-12,3511.75,3553.97,3476.57,3551.05,136981540,155776864256.0
2016-05-13,3540.95,3571.02,3521.68,3536.41,115706491,136653828096.0
2016-05-16,3524.02,3570.79,3510.25,3570.5,117422753,141323796480.0
2016-05-17,3570.95,3585.79,3543.9,3558.95,130538263,163821453312.0
2016-05-18,3538.68,3538.68,3481.19,3516.06,146420224,167943032832.0
2016-05-19,3509.3,3548.85,3508.83,3517.79,116883105,145594724352.0
2016-05-20,3497.42,3542.71,3488.88,3542.39,112016919,141853601792.0
2016-05-23,3546.03,3572.86,3545.97,3563.31,122475008,156166598656.0
2016-05-24,3558.37,3558.41,3515.84,3532.15,116690801,137478623232.0
2016-05-25,3552.01,3563.84,3515.98,3523.65,109955758,137407479808.0
2016-05-26,3519.71,3537.79,3477.06,3532.9,120058708,145401999360.0
2016-05-27,3526.49,3547.04,3517.43,3530.65,120453455,140143427584.0
2016-05-30,3519.63,3543.38,3495.46,3529.12,111986583,128622362624.0
2016-05-31,3532.53,3655.46,3532.53,3655.33,234101181,275301273600.0
2016-06-01,3659.86,3675.55,3650.09,3652.59,207662469,262384390144.0
2016-06-02,3648.39,3665.06,3642.39,3665.06,167248735,205875642368.0
2016-06-03,3670.4,3701.65,3657.2,3686.63,186335296,253930541056.0
2016-06-06,3692.89,3698.99,3665.49,3681.37,150246569,203295535104.0
2016-06-07,3683.74,3687.27,3665.39,3678.79,138526572,183757062144.0
2016-06-08,3673.08,3679.19,3642.47,3664.26,149789939,199788306432.0
2016-06-13,3625.37,3643.4,3533.96,3534.51,180115804,231901634560.0
2016-06-14,3524.01,3549.93,3517.53,3545.3,128312161,159992217600.0
2016-06-15,3508.14,3624.3,3505.38,3612.69,178271862,228604706816.0
2016-06-16,3601.61,3613.68,3583.1,3591.03,179006162,226893373440.0
2016-06-17,3593.41,3633.5,3592.14,3609.89,174469827,216105697280.0
2016-06-20,3613.87,3620.04,3583.23,3615.65,138117286,175139774464.0
2016-06-21,3632.55,3662.68,3586.0,3597.97,176106030,225964351488.0
2016-06-22,3590.36,3637.28,3586.6,3637.17,138904259,174375178240.0
2016-06-23,3631.87,3633.71,3597.95,3618.07,145731295,185336918016.0
2016-06-24,3610.72,3634.73,3508.78,3571.91,203212076,244475416576.0
2016-06-27,3555.07,3632.81,3554.95,3632.72,167315167,215652093952.0
2016-06-28,3617.44,3660.03,3611.04,3657.11,186977359,244880723968.0
2016-06-29,3666.24,3680.23,3659.4,3671.58,196778885,239734206464.0
2016-06-30,3674.17,3683.77,3663.74,3674.23,156992279,204070522880.0
2016-07-01,3678.54,3694.69,3664.76,3672.28,145560714,187669368832.0
2016-07-04,3652.01,3741.39,3650.44,3735.17,233388721,275547521024.0
2016-07-05,3732.96,3751.29,3729.51,3744.21,238155697,280774062080.0
2016-07-06,3732.83,3757.14,3717.95,3756.93,219967081,269108424704.0
2016-07-07,3747.46,3767.97,3727.91,3755.46,231048799,292114444288.0
2016-07-08,3745.04,3754.24,3726.7,3737.48,177799596,227919708160.0
2016-07-11,3746.65,3788.78,3744.51,3748.75,242192376,295059546112.0
2016-07-12,3747.11,3820.77,3734.76,3820.48,289408005,339322306560.0
2016-07-13,3824.56,3850.13,3822.33,3837.7,287318170,340059656192.0
2016-07-14,3831.64,3837.18,3811.97,3834.39,202797381,252967759872.0
2016-07-15,3836.81,3841.93,3817.35,3831.35,195857930,245517524992.0
2016-07-18,3823.44,3836.37,3800.22,3814.51,199643146,246085214208.0
2016-07-19,3812.3,3817.9,3775.22,3806.94,169848732,216417161216.0
2016-07-20,3805.42,3815.95,3789.07,3795.76,147521564,192812740608.0
2016-07-21,3795.79,3835.6,3795.79,3812.38,173442752,224828030976.0
2016-07-22,3810.46,3814.26,3776.35,3780.75,172474619,222231433216.0
2016-07-25,3775.36,3804.96,3772.07,3788.65,151293225,197687013376.0
2016-07-26,3786.87,3835.83,3786.87,3835.66,162607644,206912577536.0
2016-07-27,3836.95,3844.33,3682.7,3745.69,298716559,361601679360.0
2016-07-28,3732.98,3767.82,3715.28,3750.58,204098675,251734810624.0
2016-07-29,3746.76,3756.84,3721.45,3729.26,160726170,194113581056.0
2016-08-01,3718.86,3720.81,3662.51,3690.21,159913718,186510274560.0
2016-08-02,3686.18,3710.93,3679.33,3710.93,117972695,136928870400.0
2016-08-03,3700.77,3723.85,3693.35,3719.99,141551053,160639442944.0
2016-08-04,3716.82,3733.98,3697.37,3733.56,144060769,171147755520.0
2016-08-05,3732.39,3754.77,3723.39,3730.29,144739722,175837765632.0
2016-08-08,3723.68,3770.08,3706.68,3769.81,163723932,189725835264.0
2016-08-09,3767.17,3797.66,3764.08,3797.56,169230380,198718734336.0
2016-08-10,3795.19,3805.88,3781.71,3782.25,167627796,197530423296.0
2016-08-11,3776.73,3805.59,3756.91,3757.41,171725740,201064652800.0
2016-08-12,3754.7,3820.05,3754.25,3820.05,184889523,206963568640.0
2016-08-15,3829.43,3947.54,3827.91,3926.65,338524890,395086180352.0
2016-08-16,3936.08,3952.92,3910.56,3919.14,306102579,357149872128.0
2016-08-17,3917.51,3933.91,3896.14,3918.47,234636196,278139076608.0
2016-08-18,3915.51,3943.09,3895.71,3911.9,252795704,292504428544.0
2016-08-19,3906.23,3924.27,3886.22,3914.0,211788605,236190359552.0
2016-08-22,3913.76,3921.86,3875.62,3876.67,200320161,230109601792.0
2016-08-23,3872.31,3899.96,3859.93,3882.28,173497480,195385835520.0
2016-08-24,3883.12,3892.62,3866.34,3873.73,155053773,177348972544.0
2016-08-25,3854.28,3854.28,3811.08,3847.22,180311585,203438026752.0
2016-08-26,3852.48,3877.6,3843.83,3850.82,156316485,181414043648.0
2016-08-29,3850.11,3862.87,3840.64,3854.44,145992904,170367283200.0
2016-08-30,3856.76,3874.26,3850.11,3857.53,137314340,163593596928.0
2016-08-31,3855.84,3878.09,3845.47,3871.89,144847808,174248554496.0
2016-09-01,3871.05,3875.12,3840.62,3841.02,156833326,181915963392.0
2016-09-02,3836.88,3860.31,3825.25,3846.72,150298765,177915924480.0
2016-09-05,3855.17,3877.74,3850.96,3857.58,143727117,163950239744.0
2016-09-06,3859.63,3898.11,3833.35,3894.63,185110085,223195054080.0
2016-09-07,3895.32,3913.05,3888.9,3893.41,196130317,224551391232.0
2016-09-08,3890.27,3899.19,3880.55,3896.7,144380293,171565957120.0
2016-09-09,3896.67,3904.69,3870.69,3870.69,161329500,190782492672.0
2016-09-12,3813.51,3821.15,3769.18,3793.03,212959439,239199539200.0
2016-09-13,3801.28,3807.23,3778.7,3796.36,135816947,158375510016.0
2016-09-14,3778.43,3791.46,3762.47,3771.21,128752389,148893130752.0
2016-09-19,3777.13,3803.52,3777.13,3803.02,113809846,131491946496.0
2016-09-20,3804.37,3804.95,3790.32,3797.99,107289820,124368101376.0
2016-09-21,3798.23,3812.44,3794.68,3805.79,109433321,129109884928.0
2016-09-22,3824.64,3847.3,3821.35,3833.29,138725140,163951280128.0
2016-09-23,3836.36,3838.65,3817.49,3818.01,120572293,140092735488.0
2016-09-26,3810.33,3810.33,3749.57,3749.57,142558845,159621627904.0
2016-09-27,3743.04,3774.44,3738.54,3774.44,114861082,130264948736.0
2016-09-28,3779.33,3779.33,3761.22,3765.42,93890760,107554369536.0
2016-09-29,3770.02,3794.74,3770.0,3779.55,106144115,120333119488.0
2016-09-30,3774.92,3800.14,3773.72,3792.11,89943150,105246302208.0
2016-10-10,3808.55,3846.82,3800.24,3846.82,153243295,177383575552.0
2016-10-11,3849.87,3864.5,3845.52,3864.17,166564050,178121089024.0
2016-10-12,3854.04,3860.31,3844.45,3858.19,136388268,149982679040.0
2016-10-13,3857.17,3867.34,3849.47,3860.71,149695849,158417846272.0
2016-10-14,3855.98,3861.76,3836.09,3860.51,148176369,156929916928.0
2016-10-17,3862.25,3866.22,3819.12,3827.56,157818304,171943059456.0
2016-10-18,3822.72,3880.32,3822.72,3880.32,176559222,190669578240.0
2016-10-19,3883.65,3893.17,3865.29,3873.64,176216532,183631417344.0
2016-10-20,3874.5,3881.34,3866.97,3876.1,144813783,158115729408.0
2016-10-21,3873.89,3896.08,3855.08,3879.33,182980303,190732095488.0
2016-10-24,3883.98,3936.9,3881.73,3923.34,239091090,243182444544.0
2016-10-25,3923.98,3931.01,3914.42,3927.59,195114924,204891885568.0
2016-10-26,3925.36,3925.77,3904.29,3911.32,178884029,196499914752.0
2016-10-27,3907.24,3909.0,3887.75,3901.56,144732849,161903923200.0
2016-10-28,3901.76,3925.3,3883.6,3885.83,163830405,184510038016.0
2016-10-31,3876.94,3886.89,3860.3,3882.04,131606551,152470237184.0
2016-11-01,3884.89,3910.82,3880.42,3910.68,137478100,156968857600.0
2016-11-02,3901.55,3907.93,3877.83,3880.21,163496172,183247298560.0
2016-11-03,3872.65,3929.05,3870.18,3911.15,203773348,226069762048.0
2016-11-04,3908.61,3924.72,3891.55,3898.45,174705060,192454266880.0
2016-11-07,3897.56,3909.57,3884.3,3901.54,168690115,170697142272.0
2016-11-08,3913.98,3932.29,3906.81,3919.59,175593160,183646392320.0
2016-11-09,3919.39,3921.93,3857.64,3895.89,227170161,241704202240.0
2016-11-10,3922.38,3951.79,3922.38,3941.56,225330772,229434966016.0
2016-11-11,3939.83,3976.09,3933.68,3971.69,309153091,308330409984.0
2016-11-14,3962.43,4007.32,3961.15,3987.93,339916449,337426120704.0
2016-11-15,3988.25,3994.55,3974.17,3992.27,239677233,242991374336.0
2016-11-16,3995.64,3999.75,3981.98,3992.72,225277187,231738650624.0
2016-11-17,3985.77,3999.59,3970.66,3996.94,206097042,209305870336.0
2016-11-18,3997.02,4003.58,3970.2,3975.25,197229757,204248289280.0
2016-11-21,3970.41,4018.31,3970.21,3996.11,225186373,238195191808.0
2016-11-22,3999.33,4028.02,3999.33,4027.27,260701256,269235265536.0
2016-11-23,4033.03,4049.1,4017.32,4026.94,256351744,275151499264.0
2016-11-24,4022.88,4058.58,4021.41,4036.82,239332600,269791690752.0
2016-11-25,4037.36,4068.65,4000.21,4068.65,242556142,266861355008.0
2016-11-28,4085.37,4099.21,4076.25,4083.1,303116849,326582050816.0
2016-11-29,4073.39,4119.46,4068.02,4097.46,338365263,361023086592.0
2016-11-30,4089.45,4097.03,4058.15,4069.92,260086991,282036183040.0
2016-12-01,4076.21,4107.37,4076.21,4098.94,257989271,287300280320.0
2016-12-02,4093.47,4095.75,4042.27,4050.8,277453005,294945374208.0
2016-12-05,3995.29,4023.59,3984.91,3996.15,247674176,265798766592.0
2016-12-06,3995.44,4007.57,3986.11,3988.73,167538289,187349405696.0
2016-12-07,3988.48,4014.44,3976.85,4014.44,173751516,183101882368.0
2016-12-08,4020.02,4021.91,4000.62,4004.31,174373686,186778112000.0
2016-12-09,3998.57,4035.76,3995.73,4020.93,209521600,224175534080.0
2016-12-12,4017.17,4023.52,3900.21,3904.01,282204529,306626785280.0
2016-12-13,3889.42,3917.64,3862.31,3905.99,186311826,200400207872.0
2016-12-14,3899.77,3915.62,3874.64,3877.79,192985326,207247921152.0
2016-12-15,3861.3,3882.82,3836.15,3854.11,179693632,196717641728.0
2016-12-16,3849.8,3875.8,3844.71,3865.62,152979599,169443053568.0
2016-12-19,3862.88,3865.47,3846.22,3852.23,144219835,156276256768.0
2016-12-20,3850.55,3851.37,3811.81,3832.42,148490250,154071932928.0
2016-12-21,3838.12,3866.65,3838.12,3864.88,171887864,176800034816.0
2016-12-22,3860.94,3866.67,3847.27,3861.5,151894456,157043093504.0
2016-12-23,3859.21,3861.08,3821.69,3827.82,154627195,163794034688.0
2016-12-26,3812.22,3842.14,3779.99,3842.14,144238341,156357574656.0
2016-12-27,3838.99,3850.88,3835.4,3836.19,124761884,136047419392.0
2016-12-28,3835.66,3840.64,3811.59,3821.05,117574602,126721314816.0
2016-12-29,3815.59,3832.31,3805.02,3814.48,115116065,127086276608.0
2016-12-30,3818.95,3831.09,3811.8,3826.47,118669053,131475640320.0
2017-01-03,3831.47,3864.8,3831.47,3862.95,135145687,144915763200.0
2017-01-04,3861.78,3898.0,3858.82,3897.6,156790249,176546242560.0
2017-01-05,3897.06,3903.97,3891.83,3898.02,149781560,163457130496.0
2017-01-06,3897.19,3899.29,3875.95,3876.67,152361587,164795260928.0
2017-01-09,3873.98,3898.64,3871.47,3897.83,147686973,162226475008.0
2017-01-10,3895.51,3904.74,3887.1,3889.34,152029844,159256109056.0
2017-01-11,3885.1,3897.72,3858.68,3858.75,153914796,155082346496.0
2017-01-12,3856.12,3865.92,3832.25,3834.27,134672768,132291362816.0
2017-01-13,3834.53,3850.75,3815.99,3821.81,137792074,143001010176.0
2017-01-16,3815.22,3815.22,3717.86,3791.52,236737482,235410931712.0
2017-01-17,3775.7,3806.61,3756.08,3806.42,119994227,128773410816.0
2017-01-18,3801.25,3829.22,3795.77,3814.48,116765407,124085264384.0
2017-01-19,3805.13,3821.16,3796.42,3801.76,110579425,109723807744.0
2017-01-20,3798.77,3841.0,3798.18,3836.82,111017815,119844409344.0
2017-01-23,3841.74,3868.36,3841.65,3853.45,125947233,129220071424.0
2017-01-24,3851.89,3860.01,3843.8,3852.49,116322030,115620777984.0
2017-01-25,3848.67,3865.35,3844.51,3864.38,101351219,106223579136.0
2017-01-26,3866.94,3887.28,3866.94,3882.22,105859123,108433707008.0
2017-02-03,3885.31,3887.22,3856.06,3860.18,90730353,95043043328.0
2017-02-06,3863.0,3881.59,3853.51,3876.78,114277018,123442913280.0
2017-02-07,3874.7,3881.26,3855.29,3870.09,114682693,123708981248.0
2017-02-08,3865.56,3891.22,3848.6,3890.87,129287997,140611878912.0
2017-02-09,3889.25,3915.92,3887.18,3908.64,170280845,177037942784.0
2017-02-10,3910.01,3933.09,3908.18,3923.65,213145859,209111367680.0
2017-02-13,3927.27,3950.7,3927.27,3948.05,203909591,209958076416.0
2017-02-14,3949.37,3951.89,3934.39,3948.63,170878095,174416351232.0
2017-02-15,3946.97,3958.97,3919.99,3925.66,211719946,209398427648.0
2017-02-16,3925.13,3950.14,3922.24,3949.94,183351542,177595285504.0
2017-02-17,3951.52,3964.45,3922.24,3924.61,193679987,198738866176.0
2017-02-20,3924.78,3980.1,3924.78,3979.31,206755497,215007207424.0
2017-02-21,3983.27,3998.39,3980.27,3997.6,193738911,206897463296.0
2017-02-22,3997.6,4010.7,3990.3,4010.5,190341635,204830191616.0
2017-02-23,4008.07,4014.35,3979.46,3997.15,188903009,205833162752.0
2017-02-24,3992.19,3998.04,3977.27,3997.98,171793260,185301381120.0
2017-02-27,3995.81,3997.74,3961.16,3966.11,170917171,187842691072.0
2017-02-28,3965.27,3982.06,3961.56,3976.33,138246387,153149513728.0
2017-03-01,3975.01,3998.75,3971.92,3983.93,175740024,192495435776.0
2017-03-02,3989.57,3994.48,3957.64,3958.99,161962250,181969108992.0
2017-03-03,3947.39,3957.04,3934.52,3956.46,146247905,168901210112.0
2017-03-06,3956.83,3983.78,3955.75,3983.33,150348554,179031703552.0
2017-03-07,3983.17,3990.56,3973.39,3990.46,148869635,176814407680.0
2017-03-08,3988.45,3990.95,3972.11,3981.45,142655058,164174376960.0
2017-03-09,3974.44,3974.57,3940.79,3953.26,148809364,164039376896.0
2017-03-10,3950.37,3964.98,3950.37,3955.58,126376128,152161128448.0
2017-03-13,3953.17,3991.02,3937.01,3991.02,156596554,189690253312.0
2017-03-14,3989.94,3997.96,3978.74,3987.25,137349957,169865678848.0
2017-03-15,3982.3,3993.35,3974.19,3991.52,134855040,163160264704.0
2017-03-16,4001.02,4022.96,4001.02,4016.46,174988534,209504825344.0
2017-03-17,4019.58,4023.11,3972.52,3976.55,176819267,212280070144.0
2017-03-20,3979.42,3985.23,3957.85,3982.4,150379105,180133367808.0
2017-03-21,3981.87,3999.47,3977.3,3999.17,146702899,189312225280.0
2017-03-22,3981.12,3997.14,3962.36,3983.02,177209260,212197789696.0
2017-03-23,3985.35,4005.95,3961.82,3994.95,171229207,211478896640.0
2017-03-24,3996.2,4032.31,3993.23,4023.61,209193656,241516769280.0
2017-03-27,4022.72,4037.98,4004.82,4008.66,184498115,215997837312.0
2017-03-28,4009.17,4012.55,3989.34,3998.82,145456934,172042481664.0
2017-03-29,4002.39,4013.78,3980.61,3991.76,190465754,208809181184.0
2017-03-30,3986.4,3991.82,3937.18,3949.56,212889646,224647176192.0
2017-03-31,3947.78,3970.24,3943.95,3969.92,163660262,182854823936.0
2017-04-05,3995.43,4033.97,3995.43,4033.97,240413993,271004606464.0
2017-04-06,4039.99,4050.53,4027.11,4045.8,234238139,251759722496.0
2017-04-07,4045.14,4062.35,4036.83,4052.05,240889874,259705454592.0
2017-04-10,4053.07,4057.58,4035.74,4039.85,244416701,273697611776.0
2017-04-11,4038.84,4063.76,4001.88,4061.17,293683881,337657888768.0
2017-04-12,4058.34,4064.46,4035.84,4045.14,295997563,327788634112.0
2017-04-13,4036.4,4061.33,4032.31,4056.47,217693253,229067988992.0
2017-04-14,4059.71,4060.05,4009.18,4017.73,232985229,237944320000.0
2017-04-17,4004.03,4006.67,3973.75,3999.31,204697167,223208120320.0
2017-04-18,3994.55,4013.01,3978.22,3978.36,191113464,218208624640.0
2017-04-19,3965.36,3972.25,3918.66,3952.33,208349711,222627614720.0
2017-04-20,3951.01,3972.7,3939.25,3964.49,193358364,226032750592.0
2017-04-21,3964.0,3978.33,3946.02,3960.12,165290212,187396366336.0
2017-04-24,3949.82,3949.82,3880.07,3901.66,185432159,201364709376.0
2017-04-25,3898.98,3928.34,3893.53,3913.54,158729876,181313380352.0
2017-04-26,3912.86,3940.6,3911.83,3919.87,181686057,212749451264.0
2017-04-27,3908.25,3928.31,3860.47,3924.03,212656212,236302872576.0
2017-04-28,3914.92,3921.97,3898.5,3921.97,168401518,190467002368.0
2017-05-02,3911.15,3919.96,3900.28,3912.08,163086467,185188966400.0
2017-05-03,3906.27,3918.35,3885.51,3897.78,164145070,183428399104.0
2017-05-04,3887.96,3910.8,3871.74,3886.83,180895588,196901539840.0
2017-05-05,3874.14,3877.26,3845.82,3853.29,181447329,198757429248.0
2017-05-08,3839.99,3845.13,3801.52,3813.17,190931843,203196624896.0
2017-05-09,3796.07,3818.2,3777.9,3814.77,131498662,148251783168.0
2017-05-10,3813.01,3831.59,3778.77,3779.66,154728289,173662175232.0
2017-05-11,3762.32,3795.12,3731.68,3792.58,182307205,189164773376.0
2017-05-12,3785.52,3820.36,3782.74,3814.21,150072095,160128937984.0
2017-05-15,3822.34,3840.18,3822.34,3830.84,132703544,151095169024.0
2017-05-16,3822.1,3877.07,3800.27,3876.88,178669030,196850204672.0
2017-05-17,3870.95,3888.7,3862.11,3864.12,172883745,195142144000.0
2017-05-18,3837.96,3864.38,3831.89,3845.13,145821714,159062908928.0
2017-05-19,3842.33,3853.48,3834.34,3849.53,126541678,143066046464.0
2017-05-22,3844.56,3867.8,3821.81,3839.73,153433697,165122248704.0
2017-05-23,3833.01,3857.55,3816.13,3827.53,181829681,197547307008.0
2017-05-24,3811.33,3833.8,3777.44,3833.8,141684009,155465388032.0
2017-05-25,3823.93,3896.93,3822.48,3893.02,201405588,211985907712.0
2017-05-26,3886.8,3906.59,3879.78,3886.25,162497352,178278408192.0
2017-05-31,3907.44,3923.81,3884.16,3893.98,163307512,182190030848.0
2017-06-01,3885.27,3892.45,3873.42,3877.01,163406628,181579030528.0
2017-06-02,3869.62,3885.29,3844.81,3879.37,141536858,154413248512.0
2017-06-05,3875.28,3882.47,3865.19,3872.93,134071444,145385304064.0
2017-06-06,3868.13,3897.17,3862.66,3897.17,112870889,131106615296.0
2017-06-07,3897.49,3953.35,3894.88,3951.13,179086026,205931294720.0
2017-06-08,3947.71,3975.73,3944.39,3973.8,156731451,186788630528.0
2017-06-09,3972.81,3994.76,3971.98,3987.98,163298140,191275319296.0
2017-06-12,3978.45,4005.97,3968.36,3974.28,150740841,187905388544.0
2017-06-13,3968.69,3997.78,3965.41,3994.89,135601308,164976271360.0
2017-06-14,3985.26,3987.5,3949.22,3954.48,144737746,177581752320.0
2017-06-15,3949.53,3966.15,3934.7,3959.35,147623644,179331055616.0
2017-06-16,3953.88,3965.54,3946.05,3949.75,133365304,157749989376.0
2017-06-19,3950.41,3986.44,3950.41,3986.11,139028726,165887574016.0
2017-06-20,3992.54,3996.4,3975.32,3982.08,146631967,175978102784.0
2017-06-21,4000.15,4017.66,3978.63,4017.62,144590252,184004476928.0
2017-06-22,4013.36,4057.1,4003.57,4003.68,204752627,251769126912.0
2017-06-23,3995.5,4033.31,3975.31,4033.25,168634258,207926358016.0
2017-06-26,4037.18,4089.66,4037.18,4088.45,204484173,257064935424.0
2017-06-27,4086.0,4096.97,4069.03,4094.07,159875553,198620504064.0
2017-06-28,4083.54,4091.5,4062.65,4066.06,158400338,195916283904.0
2017-06-29,4069.24,4090.1,4067.78,4090.03,143624786,182693580800.0
2017-06-30,4075.77,4094.64,4066.98,4092.3,135031250,168821702656.0
2017-07-03,4093.39,4094.54,4064.36,4086.68,152646182,189462929408.0
2017-07-04,4081.89,4081.92,4047.48,4056.13,158185610,202059239424.0
2017-07-05,4047.55,4097.1,4044.99,4096.86,156854062,203392782336.0
2017-07-06,4091.53,4105.4,4064.49,4098.62,185251059,230463393792.0
2017-07-07,4085.03,4101.1,4071.54,4099.76,183063803,217350873088.0
2017-07-10,4092.48,4110.92,4086.64,4094.35,210962908,245616373760.0
2017-07-11,4086.66,4129.74,4085.54,4093.84,195743155,235879718912.0
2017-07-12,4094.57,4108.65,4059.13,4084.91,197867292,233049235456.0
2017-07-13,4083.24,4116.56,4079.36,4110.71,204805560,242640420864.0
2017-07-14,4106.02,4119.85,4091.53,4119.85,171900365,201765130240.0
2017-07-17,4114.1,4123.61,4005.33,4041.35,280357770,309258235904.0
2017-07-18,4025.06,4055.72,4002.41,4055.72,201186378,225303801856.0
2017-07-19,4048.7,4129.58,4046.31,4128.54,285379702,307237744640.0
2017-07-20,4123.56,4154.55,4121.18,4150.55,236238810,275022381056.0
2017-07-21,4140.94,4157.17,4132.71,4139.94,201073879,238614949888.0
2017-07-24,4135.65,4169.21,4132.61,4159.51,232168645,269029650432.0
2017-07-25,4157.42,4166.76,4126.1,4137.72,210896364,236217417728.0
2017-07-26,4140.08,4153.57,4102.35,4125.02,225078705,252229423104.0
2017-07-27,4119.56,4142.37,4092.44,4137.4,249008443,282914426880.0
2017-07-28,4127.91,4154.17,4122.19,4151.04,197879270,230666407936.0
2017-07-31,4151.32,4183.35,4146.05,4179.18,261760105,290663350272.0
2017-08-01,4178.96,4203.39,4177.62,4203.29,253628096,290045493248.0
2017-08-02,4202.02,4219.1,4187.54,4189.19,286305395,322069536768.0
2017-08-03,4182.39,4194.93,4152.96,4164.42,246313884,277874503680.0
2017-08-04,4161.34,4179.28,4140.86,4141.28,283358446,308390965248.0
2017-08-07,4136.59,4171.9,4125.72,4171.25,232803845,248423624704.0
2017-08-08,4169.01,4182.91,4163.61,4175.68,257622364,277725155328.0
2017-08-09,4170.9,4183.68,4157.22,4181.45,240027638,261212405760.0
2017-08-10,4173.36,4194.27,4129.65,4159.86,242784599,275943436288.0
2017-08-11,4128.64,4142.63,4077.9,4080.88,268248036,292642631680.0
2017-08-14,4084.86,4145.36,4084.86,4143.36,205153475,253569376256.0
2017-08-15,4143.97,4167.16,4139.85,4156.62,189048520,232376586240.0
2017-08-16,4151.25,4159.11,4126.82,4153.63,193751839,240490012672.0
2017-08-17,4159.71,4179.26,4155.26,4178.38,207381138,256476893184.0
2017-08-18,4159.41,4187.37,4152.34,4177.74,187736259,234568806400.0
2017-08-21,4184.69,4201.59,4184.69,4201.26,186834867,229645344768.0
2017-08-22,4203.83,4214.13,4188.99,4205.24,189393021,247889510400.0
2017-08-23,4198.46,4216.42,4184.58,4198.46,180571423,218294444032.0
2017-08-24,4198.27,4204.86,4166.71,4172.99,157514959,194199535616.0
2017-08-25,4173.53,4235.79,4173.53,4234.84,205490627,245396017152.0
2017-08-28,4243.26,4307.76,4243.26,4287.14,280469727,359794139136.0
2017-08-29,4283.55,4293.7,4268.17,4277.51,215931167,270413168640.0
2017-08-30,4276.88,4295.69,4276.88,4285.7,236912517,281748910080.0
2017-08-31,4286.58,4291.44,4254.67,4278.99,223974103,267989856256.0
2017-09-01,4282.07,4306.66,4281.53,4296.17,279762703,323632865280.0
2017-09-04,4295.3,4316.42,4281.48,4315.39,269550346,319427928064.0
2017-09-05,4314.77,4332.01,4308.5,4325.93,220196232,265904959488.0
2017-09-06,4313.6,4332.81,4303.32,4326.33,236876956,292121804800.0
2017-09-07,4327.06,4334.08,4299.89,4301.56,230945989,290054127616.0
2017-09-08,4300.99,4319.07,4284.84,4301.32,199888097,255870971904.0
2017-09-11,4304.27,4328.39,4295.87,4314.99,226431396,289468387328.0
2017-09-12,4322.19,4346.16,4312.06,4323.86,286070518,377899671552.0
2017-09-13,4320.3,4337.6,4309.71,4335.1,200133222,262775963648.0
2017-09-14,4335.71,4347.45,4309.59,4322.64,229325363,288537948160.0
2017-09-15,4317.6,4330.18,4301.61,4314.45,231811238,287554359296.0
2017-09-18,4314.7,4346.64,4314.7,4332.77,206785004,263511687168.0
2017-09-19,4338.48,4346.24,4303.78,4317.69,205951708,263037128704.0
2017-09-20,4314.57,4341.81,4311.02,4336.46,203102029,261575970816.0
2017-09-21,4335.67,4347.11,4317.86,4317.86,210035684,265276518400.0
2017-09-22,4304.83,4316.91,4291.77,4310.38,185856271,231635083264.0
2017-09-25,4301.32,4307.18,4273.12,4279.11,181778227,233418584064.0
2017-09-26,4272.07,4287.23,4270.19,4287.23,149635351,183550885888.0
2017-09-27,4286.28,4308.6,4286.17,4299.11,160827082,204051922944.0
2017-09-28,4298.37,4306.71,4291.26,4297.35,168169961,210065416192.0
2017-09-29,4300.36,4329.2,4300.36,4315.17,164242322,207826558976.0
2017-10-09,4389.2,4398.44,4359.01,4365.92,221955520,282610102272.0
2017-10-10,4366.38,4381.38,4340.89,4377.11,199537772,269459021824.0
2017-10-11,4374.14,4393.07,4368.97,4380.23,195164204,265063759872.0
2017-10-12,4378.14,4390.53,4366.05,4387.14,172301883,222373859328.0
2017-10-13,4387.33,4408.29,4384.84,4403.02,163067689,209207160832.0
2017-10-16,4407.28,4420.74,4378.38,4380.16,207226081,260040364032.0
2017-10-17,4375.26,4392.67,4365.39,4378.69,141660475,185481551872.0
2017-10-18,4380.02,4396.75,4378.32,4394.6,174340808,215383646208.0
2017-10-19,4389.94,4393.67,4365.73,4372.7,179143040,218443313152.0
2017-10-20,4360.3,4382.59,4354.89,4382.12,133459497,172063027200.0
2017-10-23,4385.07,4396.05,4376.77,4392.95,141966932,179630919680.0
2017-10-24,4387.93,4414.27,4382.31,4414.2,152229468,198799147008.0
2017-10-25,4412.06,4437.67,4408.13,4436.66,146852360,187003736064.0
2017-10-26,4437.68,4470.99,4431.26,4454.51,204801359,275240828928.0
2017-10-27,4452.3,4473.72,4450.08,4469.79,194593987,243418517504.0
2017-10-30,4468.28,4478.39,4388.92,4437.89,241151777,302739431424.0
2017-10-31,4423.54,4445.62,4414.56,4444.43,171440215,231039049728.0
2017-11-01,4445.26,4468.58,4429.83,4434.95,195050156,259465773056.0
2017-11-02,4430.81,4431.12,4404.13,4422.77,193652925,242853335040.0
2017-11-03,4417.6,4425.44,4379.35,4408.47,197661542,247457972224.0
2017-11-06,4406.58,4447.56,4391.19,4446.77,188798758,252836270080.0
2017-11-07,4447.45,4484.41,4445.84,4481.22,224494336,291320786944.0
2017-11-08,4477.64,4516.33,4471.44,4477.99,224634516,302575640576.0
2017-11-09,4474.13,4510.21,4470.76,4509.67,189874801,252761399296.0
2017-11-10,4502.97,4549.11,4499.71,4544.23,221829660,311075180544.0
2017-11-13,4547.81,4567.75,4547.81,4562.81,236043021,328201216000.0
2017-11-14,4562.56,4567.62,4514.5,4529.16,227985997,320012816384.0
2017-11-15,4512.93,4529.51,4474.7,4494.23,194584878,285477978112.0
2017-11-16,4484.49,4527.44,4480.74,4523.33,189324572,270832287744.0
2017-11-17,4512.83,4531.12,4488.91,4499.75,280803092,368907182080.0
2017-11-20,4472.15,4532.12,4432.21,4531.47,207513964,286754324480.0
2017-11-21,4519.44,4595.55,4516.6,4595.31,248105400,351081078784.0
2017-11-22,4603.91,4634.09,4562.12,4600.13,257372928,354116603904.0
2017-11-23,4586.5,4586.5,4457.81,4468.7,253156961,341641924608.0
2017-11-24,4453.75,4484.49,4428.3,4470.8,189907098,265170538496.0
2017-11-27,4456.86,4456.86,4402.6,4411.61,202862761,261097373696.0
2017-11-28,4397.72,4435.73,4383.33,4435.73,158536330,206958419968.0
2017-11-29,4439.07,4447.66,4384.68,4437.59,201117558,260152344576.0
2017-11-30,4418.99,4436.64,4372.19,4389.0,168866698,223534133248.0
2017-12-01,4386.31,4417.05,4370.61,4392.38,152133194,208075649024.0
2017-12-04,4384.09,4422.68,4378.42,4402.28,162835387,217524609024.0
2017-12-05,4390.92,4414.07,4385.54,4392.33,223777308,283746586624.0
2017-12-06,4378.71,4389.17,4319.93,4380.07,169553418,219108601856.0
2017-12-07,4367.16,4381.92,4324.13,4337.07,143352018,188896292864.0
2017-12-08,4329.08,4387.0,4324.55,4375.65,144862106,196761620480.0
2017-12-11,4380.6,4444.35,4379.65,4444.32,158261852,225868611584.0
2017-12-12,4442.59,4443.68,4391.16,4391.4,140953116,197479989248.0
2017-12-13,4388.08,4427.97,4381.7,4427.06,127898132,179682402304.0
2017-12-14,4427.01,4434.96,4395.12,4408.99,136528102,187584753664.0
2017-12-15,4401.16,4403.23,4355.28,4363.53,150982502,196164608000.0
2017-12-18,4364.38,4387.52,4342.73,4360.49,131625564,178861600768.0
2017-12-19,4361.09,4410.6,4361.09,4410.31,130168292,181184888832.0
2017-12-20,4409.54,4413.4,4383.07,4396.81,148419034,196258885632.0
2017-12-21,4389.43,4447.27,4375.59,4434.17,156081948,211719569408.0
2017-12-22,4431.39,4445.49,4418.15,4424.3,128484329,175163072512.0
2017-12-25,4426.94,4451.27,4388.43,4403.17,153191675,205543182336.0
2017-12-26,4401.31,4421.49,4375.19,4419.31,148790446,188842614784.0
2017-12-27,4411.3,4413.51,4356.05,4360.29,169351107,218526564352.0
2017-12-28,4360.03,4405.31,4348.6,4388.37,184420429,231646924800.0
2017-12-29,4391.06,4411.28,4384.77,4406.62,147652314,193098842112.0
2018-01-02,4420.48,4467.64,4420.48,4467.28,219967670,266556018688.0
2018-01-03,4470.46,4520.09,4467.07,4496.99,235788964,309181575168.0
2018-01-04,4497.71,4522.58,4490.9,4516.45,215087483,277453213696.0
2018-01-05,4519.59,4536.55,4509.84,4524.41,230590889,282848591872.0
2018-01-08,4525.49,4551.1,4511.01,4547.03,263354596,332793462784.0
2018-01-09,4544.08,4571.4,4539.75,4570.45,214607511,274812862464.0
2018-01-10,4568.33,4581.84,4543.66,4578.03,232088640,293788557312.0
2018-01-11,4566.8,4585.1,4553.89,4579.93,200348611,261976518656.0
2018-01-12,4578.26,4595.59,4568.67,4590.67,189189350,247383269376.0
2018-01-15,4593.09,4614.74,4553.76,4563.86,262381929,345499508736.0
2018-01-16,4554.59,4600.72,4553.34,4599.5,240664696,324636086272.0
2018-01-17,4599.74,4611.73,4567.47,4584.92,298506534,384248823808.0
2018-01-18,4591.33,4624.08,4582.92,4607.28,237048138,302186504192.0
2018-01-19,4615.36,4649.17,4601.25,4615.89,281297313,342817890304.0
2018-01-22,4607.29,4672.65,4606.36,4671.1,247404365,319435706368.0
2018-01-23,4678.48,4710.2,4676.56,4709.56,268621471,337653014528.0
2018-01-24,4714.77,4725.76,4680.9,4722.7,297166615,379224895488.0
2018-01-25,4714.93,4729.92,4681.02,4700.55,276457887,346298535936.0
2018-01-26,4688.59,4733.89,4687.1,4713.8,246231785,305808109568.0
2018-01-29,4718.7,4726.45,4622.21,4636.23,275131515,353038401536.0
2018-01-30,4622.29,4645.24,4594.73,4599.87,209734418,268228153344.0
2018-01-31,4575.53,4614.68,4563.08,4592.86,225943660,282508013568.0
2018-02-01,4591.67,4602.48,4506.66,4530.8,284971459,341352345600.0
2018-02-02,4496.31,4555.56,4454.34,4554.95,229814387,280727191552.0
2018-02-05,4486.84,4556.98,4480.36,4556.07,235394319,296637214720.0
2018-02-06,4461.34,4490.07,4395.78,4400.68,307251159,375071023104.0
2018-02-07,4465.34,4475.6,4320.6,4322.66,288363489,350472450048.0
2018-02-08,4297.49,4352.85,4265.0,4301.86,221714783,265400016896.0
2018-02-09,4183.54,4196.47,4047.24,4124.52,290668669,329066500096.0
2018-02-12,4134.01,4208.16,4119.58,4191.08,173429130,211288801280.0
2018-02-13,4225.63,4285.78,4225.63,4234.79,169774520,207269855232.0
2018-02-14,4243.33,4268.1,4220.39,4263.36,112479560,135600185344.0
2018-02-22,4315.44,4359.24,4307.1,4354.89,165447680,200326311936.0
2018-02-23,4362.53,4385.97,4335.75,4373.75,161606595,193020940288.0
2018-02-26,4397.05,4444.82,4359.75,4436.34,220954988,271077949440.0
2018-02-27,4437.61,4437.61,4379.03,4384.88,202956628,259970031616.0
2018-02-28,4342.97,4385.16,4317.61,4358.82,180330511,234760417280.0
2018-03-01,4328.9,4398.3,4320.08,4391.65,183301624,232473858048.0
2018-03-02,4357.33,4386.78,4351.51,4359.07,169599828,217066180608.0
2018-03-05,4365.18,4382.9,4338.1,4361.83,155277243,200311590912.0
2018-03-06,4377.9,4416.83,4347.82,4415.98,222258212,271270805504.0
2018-03-07,4411.36,4434.49,4373.26,4380.93,181546555,221507358720.0
2018-03-08,4380.41,4422.82,4374.11,4422.28,159045722,200367656960.0
2018-03-09,4430.65,4463.59,4421.87,4461.45,199630149,248437350400.0
2018-03-12,4483.47,4499.1,4474.6,4493.05,238569016,307605094400.0
2018-03-13,4488.51,4493.66,4452.9,4455.99,196571187,238697656320.0
2018-03-14,4440.06,4450.59,4426.97,4429.55,174480041,218723184640.0
2018-03-15,4414.7,4450.31,4414.01,4446.24,160335076,209857507328.0
2018-03-16,4447.06,4461.31,4407.56,4407.94,149969720,197768728576.0
2018-03-19,4405.79,4426.83,4384.4,4423.71,148736097,196865703936.0
2018-03-20,4392.54,4432.02,4385.46,4430.17,148080942,190403969024.0
2018-03-21,4447.3,4465.61,4395.92,4408.51,177096650,231856529408.0
2018-03-22,4409.48,4423.46,4352.26,4370.52,156502702,205800206336.0
2018-03-23,4236.09,4273.6,4151.51,4219.33,301447508,339950100480.0
2018-03-26,4171.99,4220.82,4142.37,4220.58,199912041,248414236672.0
2018-03-27,4268.82,4281.31,4237.3,4271.89,202899983,268830416896.0
2018-03-28,4219.65,4267.12,4198.24,4203.65,176794002,246824218624.0
2018-03-29,4217.04,4273.57,4164.08,4256.42,185442801,247739285504.0
2018-03-30,4259.38,4287.67,4248.01,4274.8,170558758,232404611072.0
2018-04-02,4275.91,4311.28,4262.44,4266.8,196676498,269266636800.0
2018-04-03,4221.82,4248.23,4207.97,4235.57,166887252,219858309120.0
2018-04-04,4247.88,4270.98,4218.81,4221.65,155990807,214727593984.0
2018-04-09,4214.98,4239.93,4188.55,4221.57,148957281,197423161344.0
2018-04-10,4229.11,4288.78,4221.0,4288.46,175594711,219553202176.0
2018-04-11,4297.49,4322.22,4291.55,4301.7,178181880,221069115392.0
2018-04-12,4297.17,4301.74,4260.48,4263.16,143223731,180780666880.0
2018-04-13,4285.14,4295.9,4231.35,4236.53,125701839,165807427584.0
2018-04-16,4227.87,4236.66,4159.66,4183.59,170203630,218718539776.0
2018-04-17,4189.07,4199.18,4109.52,4112.54,162531049,214522982400.0
2018-04-18,4148.57,4155.02,4068.12,4141.54,182878418,241276895232.0
2018-04-19,4147.39,4201.25,4141.92,4184.57,175052616,227169075200.0
2018-04-20,4172.17,4186.37,4114.34,4120.53,171674314,214110310400.0
2018-04-23,4116.44,4147.6,4080.4,4114.4,154308690,193137991680.0
2018-04-24,4117.55,4207.65,4117.55,4201.28,182173642,230862516224.0
2018-04-25,4180.9,4199.46,4176.56,4189.77,138555402,184618668032.0
2018-04-26,4183.97,4188.74,4103.47,4110.13,149789036,202879893504.0
2018-04-27,4125.89,4134.33,4073.19,4113.65,145529549,214409383936.0
2018-05-02,4124.33,4144.05,4095.75,4118.06,146448061,198849404928.0
2018-05-03,4109.76,4155.44,4081.62,4151.96,161565609,206556807168.0
2018-05-04,4141.35,4160.18,4132.61,4136.88,127018335,171954532352.0
2018-05-07,4145.51,4205.32,4140.78,4205.25,151319555,209839824896.0
2018-05-08,4206.42,4255.75,4205.41,4245.31,156409823,215926460416.0
2018-05-09,4241.9,4245.6,4219.65,4237.29,120837120,159736766464.0
2018-05-10,4247.59,4258.77,4228.67,4256.68,128978476,175568891904.0
2018-05-11,4264.82,4266.14,4230.62,4231.26,137203858,184522858496.0
2018-05-14,4240.93,4270.9,4240.93,4256.25,141774190,198161932288.0
2018-05-15,4265.84,4278.28,4239.37,4278.0,130771103,175634878464.0
2018-05-16,4263.19,4281.74,4246.09,4249.75,130252285,180649119744.0
2018-05-17,4251.26,4255.23,4214.68,4220.93,112027397,153071546368.0
2018-05-18,4216.83,4256.33,4198.54,4256.33,130482230,167722876928.0
2018-05-21,4281.72,4295.74,4274.53,4285.25,163364188,207462010880.0
2018-05-22,4282.19,4282.19,4249.29,4276.97,137635630,177312481280.0
2018-05-23,4268.31,4268.31,4220.71,4220.71,151568187,193314365440.0
2018-05-24,4219.7,4226.47,4191.08,4194.72,122056829,160474345472.0
2018-05-25,4190.32,4201.59,4160.8,4172.23,128630195,165159559168.0
2018-05-28,4170.69,4199.95,4147.47,4180.83,129331254,168654761984.0
2018-05-29,4172.28,4193.26,4144.82,4146.91,137732590,185190506496.0
2018-05-30,4093.48,4106.6,4052.6,4053.61,156441170,191986614272.0
2018-05-31,4081.98,4132.68,4067.16,4130.61,148675748,195737636864.0
2018-06-01,4115.82,4131.58,4073.24,4092.14,131655383,167468769280.0
2018-06-04,4105.36,4129.25,4096.71,4121.59,123374623,169196769280.0
2018-06-05,4124.22,4170.09,4119.3,4169.78,126097830,177711853568.0
2018-06-06,4163.69,4172.93,4153.65,4162.46,121299745,163446644736.0
2018-06-07,4172.45,4181.91,4147.56,4150.64,127632338,166455083008.0
2018-06-08,4140.18,4140.19,4073.02,4096.49,136262889,166585962496.0
2018-06-11,4086.74,4105.92,4071.0,4090.07,111819525,154344415232.0
2018-06-12,4093.75,4142.03,4071.32,4138.44,119851602,170406645760.0
2018-06-13,4126.6,4128.69,4087.47,4092.23,115612183,151129903104.0
2018-06-14,4078.13,4115.15,4062.72,4076.44,112891031,149099479040.0
2018-06-15,4067.32,4083.25,4022.86,4041.54,141937467,169072496640.0
2018-06-19,3984.5,3994.59,3828.38,3871.98,243692895,270771642368.0
2018-06-20,3851.9,3909.54,3827.91,3893.91,147047516,169911214080.0
2018-06-21,3891.97,3933.19,3836.73,3839.61,157149030,176013492224.0
2018-06-22,3812.58,3865.6,3785.88,3865.43,126807068,139586007040.0
2018-06-25,3885.77,3892.59,3818.15,3819.77,127737889,153353490432.0
2018-06-26,3776.29,3812.5,3744.08,3802.36,136051855,157905518592.0
2018-06-27,3797.39,3811.28,3717.25,3734.85,131349658,156242321408.0
2018-06-28,3712.95,3752.98,3689.88,3695.98,123685568,145235501056.0
2018-06-29,3703.91,3797.18,3697.17,3796.49,134491968,155511181312.0
2018-07-02,3791.03,3796.94,3671.98,3698.57,139600379,166231019520.0
2018-07-03,3700.57,3715.28,3611.42,3710.25,156702927,194166468608.0
2018-07-04,3697.02,3714.48,3652.69,3659.54,129017948,146792382464.0
2018-07-05,3658.79,3688.54,3608.22,3617.06,134515395,150183424000.0
2018-07-06,3620.66,3674.38,3563.75,3637.98,147437834,171565342720.0
2018-07-09,3651.08,3734.6,3651.08,3734.44,129538703,156705239040.0
2018-07-10,3740.27,3752.65,3714.26,3746.47,121776492,144693334016.0
2018-07-11,3676.93,3702.01,3644.23,3679.56,130956211,148473884672.0
2018-07-12,3674.91,3780.35,3674.91,3763.99,164443131,189020557312.0
2018-07-13,3770.39,3784.29,3758.18,3779.19,129310108,161014824960.0
2018-07-16,3775.68,3792.34,3746.72,3760.84,119949371,148242538496.0
2018-07-17,3755.15,3755.89,3708.35,3742.61,110226399,138330763264.0
2018-07-18,3748.96,3770.65,3719.96,3720.77,121787464,145948385280.0
2018-07-19,3731.11,3753.32,3699.26,3710.11,118961651,140267102208.0
2018-07-20,3707.54,3786.24,3679.3,3774.08,159853240,181168271360.0
2018-07-23,3751.81,3808.77,3743.76,3807.78,187520942,215166820352.0
2018-07-24,3811.65,3881.96,3811.65,3869.64,245114250,266979983360.0
2018-07-25,3876.58,3879.85,3855.63,3867.17,171609362,184443568128.0
2018-07-26,3871.44,3881.96,3818.99,3827.11,165469880,170849091584.0
2018-07-27,3824.52,3835.91,3800.15,3810.53,131893990,135341576192.0
2018-07-30,3809.41,3835.18,3770.07,3793.87,142953019,154550108160.0
2018-07-31,3789.72,3807.58,3772.99,3796.61,117477174,129362239488.0
2018-08-01,3808.42,3825.75,3724.0,3724.47,150718103,166078070784.0
2018-08-02,3711.89,3711.89,3583.43,3642.59,175699052,190187372544.0
2018-08-03,3636.72,3652.09,3585.39,3585.39,121532708,139677896704.0
2018-08-06,3581.52,3610.73,3514.93,3532.31,130430303,148564885504.0
2018-08-07,3543.81,3633.84,3519.4,3633.78,150929697,163325665280.0
2018-08-08,3625.4,3632.39,3573.45,3575.81,137367916,144367525888.0
2018-08-09,3563.51,3678.91,3559.44,3665.73,160222405,173530161152.0
2018-08-10,3665.59,3693.13,3649.5,3676.49,122152312,138659725312.0
2018-08-13,3639.13,3675.24,3608.09,3669.1,131914184,148800647168.0
2018-08-14,3663.89,3670.95,3635.48,3651.8,107027359,120099078144.0
2018-08-15,3650.6,3650.98,3564.11,3567.05,121524042,132621520896.0
2018-08-16,3524.3,3587.45,3500.52,3546.6,128941210,136691888128.0
2018-08-17,3576.63,3584.33,3486.81,3492.87,119103388,132230336512.0
2018-08-20,3498.24,3528.77,3464.33,3528.77,122535340,136717107200.0
2018-08-21,3532.23,3592.78,3528.26,3587.74,124943488,146809368576.0
2018-08-22,3586.89,3586.89,3554.47,3562.58,94709325,107698581504.0
2018-08-23,3562.07,3594.23,3541.8,3577.21,108376146,127515267072.0
2018-08-24,3566.07,3606.92,3550.57,3579.45,107663997,118939525120.0
2018-08-27,3592.09,3664.94,3592.09,3664.94,152815880,173363003392.0
2018-08-28,3667.06,3677.01,3649.51,3662.32,128910802,147974606848.0
2018-08-29,3656.16,3661.1,3635.54,3645.42,120292616,124193411072.0
2018-08-30,3644.02,3660.3,3600.88,3603.04,122543752,127648550912.0
2018-08-31,3586.46,3606.37,3559.36,3580.07,124217684,138144768000.0
2018-09-03,3567.69,3577.19,3534.78,3574.16,119332457,127801430016.0
2018-09-04,3575.17,3624.43,3561.13,3617.63,128113720,140861333504.0
2018-09-05,3603.72,3608.78,3550.62,3550.62,122705431,127896653824.0
2018-09-06,3538.75,3566.85,3507.26,3518.08,108168781,123945680896.0
2018-09-07,3527.64,3574.53,3504.5,3529.77,117547479,134506242048.0
2018-09-10,3524.84,3530.23,3473.17,3475.37,115143526,121551585280.0
2018-09-11,3474.71,3493.96,3454.23,3470.27,108459313,109937778688.0
2018-09-12,3464.05,3476.85,3443.21,3450.65,97168781,107411832832.0
2018-09-13,3487.27,3499.75,3435.06,3483.61,122982428,133167177728.0
2018-09-14,3488.61,3495.89,3467.9,3478.79,116578570,121413132288.0
2018-09-17,3461.2,3464.26,3429.92,3436.33,101598492,98556805120.0
2018-09-18,3424.61,3503.71,3424.61,3503.4,124857362,128478298112.0
2018-09-19,3495.63,3573.57,3490.95,3548.02,156226522,165066801152.0
2018-09-20,3549.52,3568.48,3537.97,3545.49,120960031,120235184128.0
2018-09-21,3555.94,3639.92,3541.55,3639.92,174311201,176080826368.0
2018-09-25,3606.4,3627.71,3599.71,3612.74,121708933,125511680000.0
2018-09-26,3620.11,3676.99,3613.71,3647.29,157892897,170823077888.0
2018-09-27,3645.71,3652.72,3619.06,3625.26,131202913,134671130624.0
2018-09-28,3631.69,3665.21,3624.56,3662.11,141646395,140819013632.0
2018-10-08,3585.18,3589.78,3508.49,3514.07,161164654,163659046912.0
2018-10-09,3514.57,3536.22,3497.19,3510.16,117160727,119616962560.0
2018-10-10,3515.58,3535.79,3475.47,3503.5,115832466,118707888128.0
2018-10-11,3394.07,3421.9,3291.11,3317.12,211504942,190203400192.0
2018-10-12,3309.22,3364.34,3262.69,3349.56,180136300,161123708928.0
2018-10-15,3353.06,3366.75,3293.72,3299.3,131896870,121986699264.0
2018-10-16,3299.97,3335.45,3247.12,3260.54,129964380,119222353920.0
2018-10-17,3301.41,3311.79,3218.43,3280.68,146361019,133270413312.0
2018-10-18,3258.8,3258.8,3198.32,3199.87,133555878,120086339584.0
2018-10-19,3167.35,3295.89,3159.96,3293.23,168401267,160888397824.0
2018-10-22,3320.07,3468.68,3320.07,3440.3,238820365,240162304000.0
2018-10-23,3443.22,3448.1,3334.82,3355.4,195681306,197037572096.0
2018-10-24,3340.48,3413.35,3331.56,3357.8,173733225,165219094528.0
2018-10-25,3270.56,3364.07,3261.01,3360.74,176639022,161663586304.0
2018-10-26,3373.65,3390.5,3323.64,3343.89,169282975,152894468096.0
2018-10-29,3328.38,3329.66,3237.79,3252.45,149291359,149757591552.0
2018-10-30,3237.21,3321.89,3219.21,3287.16,188904750,184075259904.0
2018-10-31,3292.93,3351.49,3284.24,3334.86,185895219,170343002112.0
2018-11-01,3365.2,3403.54,3354.7,3358.49,218712522,210923995136.0
2018-11-02,3436.96,3475.58,3407.41,3475.58,250358272,254149451776.0
2018-11-05,3456.85,3472.23,3416.41,3453.88,197483960,189786062848.0
2018-11-06,3445.05,3445.05,3404.14,3437.42,153672187,142923153408.0
2018-11-07,3437.94,3467.06,3413.14,3416.02,169701896,160711450624.0
2018-11-08,3445.2,3447.89,3398.39,3402.64,148559895,136743890944.0
2018-11-09,3383.37,3388.73,3362.32,3363.39,151707722,134040539136.0
2018-11-12,3356.1,3415.63,3350.87,3414.53,175052928,157312671744.0
2018-11-13,3372.69,3474.01,3368.15,3455.57,255203827,210585100288.0
2018-11-14,3450.4,3462.33,3420.24,3425.98,226407488,179410329600.0
2018-11-15,3422.17,3469.86,3420.61,3469.86,196864010,169788076032.0
2018-11-16,3471.21,3514.12,3453.06,3489.41,237548659,217760874496.0
2018-11-19,3490.57,3521.48,3480.15,3521.48,226971699,205737943040.0
2018-11-20,3492.39,3503.73,3431.84,3435.44,212485379,190455304192.0
2018-11-21,3400.21,3449.92,3397.43,3445.13,174276352,153111875584.0
2018-11-22,3451.83,3455.01,3418.6,3434.73,140373284,124240666624.0
2018-11-23,3428.33,3432.03,3340.09,3345.07,176713083,151110078464.0
2018-11-26,3348.68,3370.72,3331.0,3341.93,127963840,107541131264.0
2018-11-27,3355.98,3367.6,3328.83,3342.36,117760543,105778487296.0
2018-11-28,3343.17,3386.2,3323.85,3386.03,147389885,128202301440.0
2018-11-29,3405.97,3412.77,3335.06,3335.06,157600947,139537289216.0
2018-11-30,3331.76,3371.96,3321.02,3369.1,134769833,121323962368.0
2018-12-03,3459.93,3480.0,3429.57,3465.88,217752909,218445860864.0
2018-12-04,3460.42,3475.19,3448.64,3475.19,155695252,146859159552.0
2018-12-05,3425.39,3473.76,3420.09,3456.35,150429025,146161020928.0
2018-12-06,3424.16,3429.71,3381.02,3382.65,142376366,147730243584.0
2018-12-07,3388.92,3395.88,3376.44,3382.54,105116979,107577171968.0
2018-12-10,3354.42,3370.52,3333.41,3343.3,117377623,113820389376.0
2018-12-11,3348.61,3363.4,3343.45,3362.11,103654659,97209212928.0
2018-12-12,3382.17,3384.21,3360.34,3370.45,101403525,96362291200.0
2018-12-13,3379.3,3436.07,3367.25,3419.32,154056666,151151034368.0
2018-12-14,3408.01,3411.27,3355.9,3356.41,150087795,138912206848.0
2018-12-17,3347.57,3358.44,3321.46,3351.41,117999821,115713380352.0
2018-12-18,3330.1,3356.06,3302.8,3320.68,115123799,109363347456.0
2018-12-19,3325.7,3328.6,3275.72,3279.59,101782474,101727268864.0
2018-12-20,3272.08,3287.42,3237.88,3262.72,116717315,112912424960.0
2018-12-21,3250.5,3253.04,3204.34,3226.78,123868526,120198864896.0
2018-12-24,3214.89,3243.95,3206.14,3241.98,99141555,96586862592.0
2018-12-25,3209.1,3229.85,3156.89,3215.98,139073098,124163883008.0
2018-12-26,3211.15,3228.23,3193.67,3200.52,100679967,92903555072.0
2018-12-27,3243.69,3248.9,3182.46,3182.46,134761178,121487036416.0
2018-12-28,3187.34,3215.56,3173.75,3199.94,121017964,115495366656.0
2019-01-02,3206.6,3208.65,3150.16,3160.12,116157471,111678033920.0
2019-01-03,3154.82,3194.35,3143.63,3152.77,126358346,117768511488.0
2019-01-04,3126.0,3228.38,3121.97,3228.22,176767708,159371718656.0
2019-01-07,3248.24,3262.54,3231.68,3257.48,182317811,164935245824.0
2019-01-08,3252.04,3256.85,3240.61,3250.11,155727524,129329016832.0
2019-01-09,3265.89,3320.98,3263.82,3277.02,192517944,178640609280.0
2019-01-10,3276.37,3293.96,3263.02,3271.07,154182646,139450015744.0
2019-01-11,3278.88,3301.44,3267.12,3295.01,140141509,124020199424.0
2019-01-14,3293.67,3298.89,3263.95,3268.0,133801316,112881926144.0
2019-01-15,3270.34,3329.28,3263.91,3327.79,160778143,150585032704.0
2019-01-16,3326.25,3336.5,3317.18,3326.37,149489083,135811657728.0
2019-01-17,3329.16,3338.54,3304.23,3306.33,154736983,131309342720.0
2019-01-18,3317.49,3363.39,3314.52,3360.23,187335444,162257596416.0
2019-01-21,3363.68,3393.78,3363.68,3379.09,166696553,158474629120.0
2019-01-22,3375.61,3375.61,3323.89,3332.85,142487201,125977477120.0
2019-01-23,3325.3,3346.33,3321.35,3332.41,118356214,103241527296.0
2019-01-24,3337.44,3360.77,3315.86,3350.87,143564941,132535934976.0
2019-01-25,3356.62,3390.41,3354.43,3367.87,155625208,145712865280.0
2019-01-28,3387.18,3413.36,3356.47,3365.22,149902364,146658975744.0
2019-01-29,3358.91,3372.68,3314.78,3363.57,155412060,140167716864.0
2019-01-30,3350.11,3373.04,3334.78,3335.1,122260288,115471880192.0
2019-01-31,3345.12,3378.81,3335.89,3355.24,157759045,145204641792.0
2019-02-01,3376.99,3414.09,3367.64,3414.02,148119319,142459883520.0
2019-02-11,3410.13,3482.27,3410.13,3481.81,174115791,171496034304.0
2019-02-12,3480.88,3514.21,3476.79,3507.84,207503619,184423026688.0
2019-02-13,3514.43,3584.48,3505.94,3575.11,277047235,251806728192.0
2019-02-14,3570.9,3597.75,3560.5,3582.9,245955822,208813346816.0
2019-02-15,3572.6,3577.5,3523.23,3526.36,237180211,208809680896.0
2019-02-18,3553.37,3642.01,3553.37,3642.01,307010094,272639684608.0
2019-02-19,3653.39,3676.59,3611.88,3638.24,322958554,291466997760.0
2019-02-20,3646.56,3659.61,3614.96,3648.22,267603441,232873656320.0
2019-02-21,3646.53,3701.73,3627.37,3639.21,326094400,296526274560.0
2019-02-22,3635.12,3723.54,3617.78,3723.54,333404116,314409373696.0
2019-02-25,3780.18,3941.85,3778.42,3941.82,584340700,566923583488.0
2019-02-26,3948.81,3980.53,3898.8,3904.69,620871964,583890419712.0
2019-02-27,3901.09,3957.37,3853.92,3895.77,495090094,462778187776.0
2019-02-28,3893.17,3919.41,3871.7,3889.89,340853097,322983206912.0
2019-03-01,3918.0,3962.37,3882.46,3962.37,354539333,348386017280.0
2019-03-04,3997.71,4107.08,3982.48,4015.06,555936991,560179015680.0
2019-03-05,4005.87,4058.28,3990.63,4058.23,437744428,429509865472.0
2019-03-06,4069.86,4107.73,4035.68,4101.71,583041690,540668874752.0
2019-03-07,4094.48,4121.92,4042.66,4082.91,596813770,574150852608.0
2019-03-08,3990.44,4059.26,3920.62,3921.48,603670326,579164401664.0
2019-03-11,3932.97,4019.99,3921.02,4019.0,445165079,454485344256.0
2019-03-12,4050.13,4104.26,4014.42,4057.07,524260375,541396717568.0
2019-03-13,4060.92,4060.92,3989.71,4008.48,458031483,487654772736.0
2019-03-14,3989.14,4028.62,3933.45,3964.24,369425915,386109440000.0
2019-03-15,3982.33,4053.76,3982.14,4012.96,328021007,363875950592.0
2019-03-18,4025.2,4125.37,3999.19,4125.37,389583314,430357286912.0
2019-03-19,4130.11,4144.73,4093.33,4114.97,348441042,374330552320.0
2019-03-20,4107.3,4132.92,4060.16,4114.97,352452826,369787092992.0
2019-03-21,4120.76,4160.01,4107.61,4129.87,403460355,415998545920.0
2019-03-22,4131.15,4139.51,4074.37,4133.47,353311816,367128813568.0
2019-03-25,4068.5,4112.4,4045.2,4046.75,377019267,389780848640.0
2019-03-26,4069.9,4076.7,3971.22,3983.78,349211310,357087731712.0
2019-03-27,4009.98,4028.51,3974.82,4028.22,283715062,312222031872.0
2019-03-28,4015.52,4044.86,3993.82,4001.66,282533212,313916882944.0
2019-03-29,4010.87,4154.3,4010.23,4150.6,393972119,447976873984.0
2019-04-01,4182.01,4279.62,4182.01,4271.54,492564334,549264248832.0
2019-04-02,4288.42,4294.73,4257.07,4272.72,454750625,497909665792.0
2019-04-03,4248.03,4329.72,4238.01,4324.93,431022131,467130773504.0
2019-04-04,4345.12,4376.06,4320.4,4363.8,469245798,510384697344.0
2019-04-08,4401.12,4423.24,4309.32,4355.32,505823043,547577556992.0
2019-04-09,4358.13,4382.4,4331.11,4371.9,362320310,412260466688.0
2019-04-10,4355.48,4412.48,4328.08,4378.93,373441219,450953605120.0
2019-04-11,4377.36,4390.19,4278.27,4284.85,334925714,393656176640.0
2019-04-12,4274.84,4295.44,4245.84,4275.25,275940460,304917917696.0
2019-04-15,4345.0,4370.96,4252.56,4253.83,340399706,384231632896.0
2019-04-16,4234.05,4365.13,4216.11,4365.13,358071598,397963747328.0
2019-04-17,4360.98,4393.75,4338.9,4372.02,350167270,387681259520.0
2019-04-18,4369.67,4381.04,4338.65,4353.75,297884628,329219534848.0
2019-04-19,4354.78,4399.35,4321.12,4399.33,299519199,328208994304.0
2019-04-22,4405.67,4406.37,4295.11,4306.64,347514770,387791167488.0
2019-04-23,4301.14,4331.86,4269.34,4283.61,305483113,337889755136.0
2019-04-24,4296.93,4307.03,4231.33,4302.16,280283108,308468686848.0
2019-04-25,4283.73,4289.77,4187.76,4189.86,311123789,329629712384.0
2019-04-26,4168.09,4197.65,4136.44,4138.19,266287949,295542951936.0
2019-04-29,4143.53,4184.49,4099.53,4120.53,292543314,323659751424.0
2019-04-30,4105.92,4154.45,4105.92,4138.71,218423716,252515573760.0
2019-05-06,3993.04,4006.59,3844.15,3880.4,340859116,370712924160.0
2019-05-07,3899.12,3938.6,3866.24,3921.46,249421340,281320112128.0
2019-05-08,3843.36,3933.56,3835.8,3873.86,220605476,233561919488.0
2019-05-09,3840.34,3866.79,3796.94,3808.27,191972050,217267957760.0
2019-05-10,3852.86,3948.01,3791.59,3946.29,270181330,298993987584.0
2019-05-13,3892.05,3919.3,3873.3,3885.72,195128253,216323325952.0
2019-05-14,3843.07,3899.18,3843.07,3859.24,189854428,213532020736.0
2019-05-15,3890.15,3958.25,3890.15,3945.86,207625628,240684572672.0
2019-05-16,3939.17,3967.77,3927.61,3965.37,220680440,231058120704.0
2019-05-17,3966.83,3967.71,3845.45,3857.85,247524457,258023456768.0
2019-05-20,3846.36,3854.91,3787.18,3829.38,204649974,218465779712.0
2019-05-21,3829.54,3906.38,3820.53,3884.89,211859994,224372637696.0
2019-05-22,3880.54,3895.91,3846.39,3864.65,192438838,208283181056.0
2019-05-23,3844.73,3846.75,3785.87,3792.72,190461463,208194736128.0
2019-05-24,3788.93,3827.27,3783.0,3794.91,158867484,170642878464.0
2019-05-27,3795.14,3862.88,3763.01,3852.34,201907284,215077412864.0
2019-05-28,3849.47,3896.4,3842.15,3879.16,208150231,232608309248.0
2019-05-29,3853.03,3902.93,3848.12,3872.7,179232292,198643331072.0
2019-05-30,3856.22,3857.48,3817.09,3848.73,188982162,193686630400.0
2019-05-31,3848.12,3878.31,3834.06,3836.88,175938995,183995318272.0
2019-06-03,3847.4,3877.11,3809.75,3827.82,199264010,207483138048.0
2019-06-04,3827.11,3829.45,3773.56,3789.93,173848748,186718031872.0
2019-06-05,3821.46,3829.01,3783.08,3786.68,169942185,187407081472.0
2019-06-06,3788.47,3788.47,3732.98,3741.0,168951334,174796906496.0
2019-06-10,3754.52,3801.56,3742.39,3786.74,165736440,180611973120.0
2019-06-11,3793.23,3910.36,3793.23,3906.93,260294252,280568987648.0
2019-06-12,3894.68,3903.68,3869.68,3877.17,227026414,226981322752.0
2019-06-13,3874.47,3886.74,3841.76,3875.22,192504256,190157004800.0
2019-06-14,3879.79,3897.65,3830.5,3835.36,204620897,199724924928.0
2019-06-17,3835.12,3864.27,3826.05,3836.7,146337818,157182582784.0
2019-06-18,3842.02,3857.61,3818.35,3845.85,137216164,146167746560.0
2019-06-19,3940.92,3954.0,3895.27,3896.24,223870090,260820992000.0
2019-06-20,3897.55,4022.24,3894.78,4004.49,288568033,330531323904.0
2019-06-21,4011.45,4041.02,4002.45,4021.51,276449367,306794356736.0
2019-06-24,4025.51,4039.58,4008.06,4027.92,199704778,230086950912.0
2019-06-25,4024.09,4024.09,3937.88,3986.6,223278093,255072645120.0
2019-06-26,3963.23,3996.43,3954.58,3978.66,151855969,176313577472.0
2019-06-27,3991.58,4039.22,3990.08,4019.58,186947625,233601126400.0
2019-06-28,4016.94,4016.94,3977.68,4001.34,161930767,186783473664.0
2019-07-01,4078.23,4117.99,4063.02,4117.99,270000556,325627432960.0
2019-07-02,4112.77,4122.51,4099.86,4116.05,228944133,265615155200.0
2019-07-03,4106.42,4106.42,4057.62,4072.85,197351194,242355945472.0
2019-07-04,4075.35,4088.67,4034.55,4053.52,179489444,214685732864.0
2019-07-05,4055.59,4080.98,4037.18,4072.95,138910669,176788533248.0
2019-07-08,4056.33,4056.33,3943.55,3967.93,201305162,228629696512.0
2019-07-09,3963.74,3977.55,3939.46,3962.27,135855245,169903022080.0
2019-07-10,3976.08,3978.62,3937.46,3949.97,133629140,156616736768.0
2019-07-11,3970.05,3996.43,3936.03,3948.89,137940449,170157772800.0
2019-07-12,3947.87,3981.8,3936.02,3970.93,136945364,161072467968.0
2019-07-15,3956.03,4016.81,3906.9,3995.42,185799703,218358161408.0
2019-07-16,3990.04,4000.69,3974.52,3982.83,149655913,169408655360.0
2019-07-17,3977.18,3996.9,3965.27,3980.51,170544973,182627545088.0
2019-07-18,3967.66,3967.66,3935.07,3935.36,160132603,171518259200.0
2019-07-19,3953.89,3997.53,3953.89,3973.57,156683448,175188291584.0
2019-07-22,3979.29,3981.62,3918.42,3933.13,164292956,179009261568.0
2019-07-23,3934.9,3949.76,3925.08,3948.72,126042609,152167571456.0
2019-07-24,3962.29,4002.47,3962.29,3981.99,160392067,193526685696.0
2019-07-25,3983.26,4010.51,3975.16,4010.51,161124836,191440314368.0
2019-07-26,3995.77,4022.41,3991.73,4017.74,142512077,168120414208.0
2019-07-29,4017.15,4023.6,4000.21,4014.09,141395891,166494867456.0
2019-07-30,4021.04,4055.31,4021.04,4031.86,165318083,186034253824.0
2019-07-31,4019.31,4019.31,3994.51,4000.15,144905702,169860083712.0
2019-08-01,3982.44,3996.26,3955.12,3968.42,148446684,179451097088.0
2019-08-02,3890.5,3918.77,3880.06,3912.09,187338258,215722835968.0
2019-08-05,3891.01,3910.92,3843.69,3843.69,172938524,202087014400.0
2019-08-06,3774.05,3807.35,3727.03,3792.91,228501737,251506806784.0
2019-08-07,3812.85,3817.61,3776.39,3776.39,151656123,171012395008.0
2019-08-08,3803.27,3826.29,3799.12,3820.32,148535503,171724816384.0
2019-08-09,3838.31,3840.86,3775.47,3781.11,149738916,180833013760.0
2019-08-12,3794.06,3849.67,3787.55,3849.67,144029563,183277391872.0
2019-08-13,3824.07,3835.94,3807.88,3817.93,135191619,161494884352.0
2019-08-14,3865.45,3872.38,3833.49,3836.08,162351378,197740187648.0
2019-08-15,3765.8,3850.1,3760.23,3849.68,166860444,191859466240.0
2019-08-16,3851.99,3894.22,3842.96,3865.97,165861627,209199349760.0
2019-08-19,3894.43,3959.39,3884.07,3959.39,245907937,300593303552.0
2019-08-20,3956.03,3973.34,3947.97,3956.24,208804380,243940610048.0
2019-08-21,3947.39,3964.58,3943.9,3953.38,167240668,204810280960.0
2019-08-22,3965.27,3967.44,3939.22,3963.77,168045903,202739499008.0
2019-08-23,3966.58,3994.02,3956.23,3985.64,170457111,218981040128.0
2019-08-26,3917.24,3946.41,3914.31,3935.52,182312412,229131239424.0
2019-08-27,3960.3,4024.16,3960.3,3991.68,232924114,287125073920.0
2019-08-28,3991.99,3996.86,3965.49,3978.69,187745106,229835816960.0
2019-08-29,3982.8,3985.71,3953.51,3969.91,180901384,220538109952.0
2019-08-30,3996.63,4008.65,3947.28,3968.36,199146785,260544135168.0
2019-09-02,3973.08,4037.98,3969.31,4030.51,218582280,274198777856.0
2019-09-03,4036.03,4042.47,4019.97,4041.57,206805079,261323358208.0
2019-09-04,4036.15,4076.82,4033.99,4076.82,249127839,300048162816.0
2019-09-05,4100.38,4162.91,4100.38,4116.85,340603599,405418258432.0
2019-09-06,4136.56,4138.76,4110.05,4138.48,234680952,304323493888.0
2019-09-09,4173.58,4178.74,4149.8,4178.74,279751680,349087682560.0
2019-09-10,4182.04,4182.04,4142.23,4164.34,262000932,322669580288.0
2019-09-11,4175.94,4177.48,4128.31,4135.69,247198817,309227347968.0
2019-09-12,4149.83,4179.57,4134.63,4174.32,206285499,256624922624.0
2019-09-16,4185.44,4186.01,4148.59,4164.06,224396145,271700500480.0
2019-09-17,4153.18,4153.18,4077.38,4089.97,228465751,268555517952.0
2019-09-18,4100.84,4117.66,4095.57,4105.17,171612152,222203682816.0
2019-09-19,4118.07,4126.24,4091.98,4126.24,174113549,220145975296.0
2019-09-20,4134.84,4145.93,4121.82,4137.69,197642394,257432940544.0
2019-09-23,4127.11,4127.11,4069.09,4095.43,188693906,242980737024.0
2019-09-24,4098.95,4136.59,4089.53,4105.52,182311227,250931617792.0
2019-09-25,4091.17,4091.17,4061.2,4063.63,181723756,236993392640.0
2019-09-26,4076.98,4082.77,4017.26,4017.55,197369052,251715960832.0
2019-09-27,4020.13,4042.08,4012.16,4033.49,148333778,186904023040.0
2019-09-30,4025.7,4039.22,3990.68,3990.69,131716444,167464607744.0
2019-10-08,3996.63,4038.53,3996.63,4009.37,143101284,187893727232.0
2019-10-09,3994.36,4022.99,3976.2,4021.65,142360271,179630297088.0
2019-10-10,4018.83,4061.32,4010.4,4058.82,153040847,203436351488.0
2019-10-11,4069.7,4102.34,4047.77,4090.23,176198592,222509969408.0
2019-10-14,4124.28,4166.01,4116.04,4137.81,226082491,268594827264.0
2019-10-15,4134.73,4134.73,4104.07,4110.89,173595379,211611865088.0
2019-10-16,4113.94,4136.66,4092.59,4095.73,161451116,202302935040.0
2019-10-17,4101.27,4108.2,4084.85,4096.15,135378253,165934759936.0
2019-10-18,4105.06,4112.41,4033.57,4038.54,164359992,196618182656.0
2019-10-21,4034.36,4049.73,4017.97,4045.66,144082189,176224481280.0
2019-10-22,4058.62,4070.29,4039.82,4068.06,134453548,166471225344.0
2019-10-23,4066.22,4073.18,4031.68,4040.93,139235131,165292646400.0
2019-10-24,4045.35,4056.76,4017.53,4038.89,136203018,167171612672.0
2019-10-25,4038.84,4070.33,4014.78,4066.7,150612398,199350312960.0
2019-10-28,4079.24,4108.05,4074.13,4107.62,200313416,251826814976.0
2019-10-29,4109.44,4109.44,4079.94,4079.94,190963379,244886847488.0
2019-10-30,4069.44,4072.96,4045.71,4053.37,163635077,206230560768.0
2019-10-31,4066.28,4069.28,4037.06,4044.0,166297226,214663065600.0
2019-11-01,4039.97,4108.89,4031.97,4105.04,174845268,223918174208.0
2019-11-04,4116.62,4141.4,4116.62,4130.47,185472082,236726960128.0
2019-11-05,4135.12,4182.44,4121.89,4157.35,197984832,247553806336.0
2019-11-06,4159.55,4160.66,4121.21,4133.39,180529226,222563328000.0
2019-11-07,4132.32,4157.95,4126.34,4145.13,159347095,188364464128.0
2019-11-08,4171.39,4177.03,4125.08,4126.47,176203505,219328372736.0
2019-11-11,4101.81,4101.81,4043.32,4049.13,171252022,202281381888.0
2019-11-12,4052.05,4060.77,4019.03,4050.74,145328563,172853174272.0
2019-11-13,4051.51,4055.34,4029.47,4046.62,137355487,172219346944.0
2019-11-14,4051.32,4069.0,4042.77,4058.27,150918559,188070400000.0
2019-11-15,4060.01,4070.24,4026.95,4026.95,153807322,189474074624.0
2019-11-18,4023.67,4061.31,4017.68,4056.19,140611364,171000602624.0
2019-11-19,4053.1,4103.19,4051.43,4103.19,154524396,196456808448.0
2019-11-20,4097.79,4100.61,4061.04,4066.37,155813609,199391264768.0
2019-11-21,4052.59,4064.48,4037.23,4051.66,135298053,167429816320.0
2019-11-22,4056.95,4088.16,3993.8,4012.06,179070333,236287791104.0
2019-11-25,4013.01,4034.62,3994.05,4034.14,192413555,219471556608.0
2019-11-26,4047.25,4054.36,4023.75,4041.21,192773266,214763794432.0
2019-11-27,4034.49,4049.61,4016.18,4032.59,149084244,177326559232.0
2019-11-28,4033.16,4044.53,4009.17,4019.09,124902433,144007454720.0
2019-11-29,4014.82,4022.21,3966.07,3993.27,135539950,175134527488.0
2019-12-02,3999.26,4020.45,3992.86,4001.17,140562332,171509870592.0
2019-12-03,3992.65,4017.19,3976.09,4017.19,133956764,168673902592.0
2019-12-04,4005.1,4020.27,3998.07,4015.08,143179835,174695788544.0
2019-12-05,4027.46,4052.72,4024.6,4047.64,163128297,207349088256.0
2019-12-06,4052.27,4074.21,4044.71,4074.21,152354844,194040668160.0
2019-12-09,4081.77,4084.91,4061.08,4071.35,183840220,223374802944.0
2019-12-10,4061.84,4081.09,4056.72,4079.95,169199258,206739775488.0
2019-12-11,4084.58,4085.35,4064.02,4077.7,185776517,214889021440.0
2019-12-12,4081.92,4081.92,4061.09,4065.41,164763768,199906222080.0
2019-12-13,4101.82,4141.25,4098.2,4138.88,248550533,301233680384.0
2019-12-16,4145.05,4172.11,4131.42,4172.1,265009203,320232816640.0
2019-12-17,4172.48,4252.59,4168.95,4228.81,351382080,394645598208.0
2019-12-18,4227.04,4247.41,4213.06,4221.45,280616161,324000944128.0
2019-12-19,4223.25,4227.72,4204.88,4218.24,231566853,263872802816.0
2019-12-20,4222.7,4233.7,4197.11,4199.35,239266135,265865138176.0
2019-12-23,4192.8,4211.79,4137.18,4140.05,228468774,260263206912.0
2019-12-24,4146.4,4177.37,4139.61,4175.64,181440960,202743185408.0
2019-12-25,4171.3,4188.08,4160.84,4178.02,190857567,229217947648.0
2019-12-26,4179.92,4212.95,4179.43,4212.95,204486172,229984182272.0
2019-12-27,4216.38,4251.73,4199.8,4202.09,277186040,311363481600.0
2019-12-30,4193.27,4263.11,4174.31,4261.67,272840945,323650564096.0
2019-12-31,4258.19,4280.09,4248.96,4278.53,227153917,268475932672.0
2020-01-02,4305.78,4358.28,4304.94,4341.85,328011177,406919282688.0
2020-01-03,4350.91,4355.53,4323.27,4338.85,271278264,337416015872.0
2020-01-06,4316.41,4377.44,4306.94,4336.82,334897367,408373006336.0
2020-01-07,4344.63,4373.99,4343.02,4373.99,283631754,338583220224.0
2020-01-08,4354.14,4364.91,4310.27,4321.16,322992696,362244333568.0
2020-01-09,4355.73,4377.6,4352.59,4376.84,269317990,336111366144.0
2020-01-10,4390.09,4393.65,4356.06,4372.56,226851540,296024383488.0
2020-01-13,4375.17,4420.37,4354.76,4420.37,237768164,328447438848.0
2020-01-14,4432.54,4438.56,4404.04,4405.8,259132165,331066589184.0
2020-01-15,4401.6,4409.22,4366.66,4384.99,217058156,281224765440.0
2020-01-16,4393.24,4393.38,4362.63,4370.45,212164918,278580461568.0
2020-01-17,4383.24,4397.59,4359.19,4371.67,203675011,277083451392.0
2020-01-20,4386.82,4411.29,4365.6,4411.29,237812147,330904408064.0
2020-01-21,4393.46,4393.46,4341.13,4342.07,255132316,339807866880.0
2020-01-22,4321.62,4377.5,4271.94,4366.05,250233533,346386403328.0
2020-01-23,4324.95,4339.98,4191.19,4225.94,306130675,412271276032.0
2020-02-03,3843.32,3929.03,3843.32,3884.6,239336730,332758142976.0
2020-02-04,3821.91,3982.51,3821.91,3978.57,403605606,473540763648.0
2020-02-05,3998.39,4077.49,3982.39,4037.33,346020864,441395269632.0
2020-02-06,4048.67,4139.8,4015.62,4124.73,362419692,460094144512.0
2020-02-07,4109.48,4133.34,4075.26,4133.33,342879401,441004359680.0
2020-02-10,4110.47,4159.56,4097.53,4158.03,325110252,416393363456.0
2020-02-11,4166.73,4202.84,4150.32,4181.81,295949852,376610013184.0
2020-02-12,4173.36,4226.31,4170.41,4226.31,277751795,365328932864.0
2020-02-13,4226.83,4240.64,4187.03,4197.7,303204485,404285792256.0
2020-02-14,4192.14,4241.38,4191.81,4221.39,288586299,385637076992.0
2020-02-17,4237.37,4326.32,4237.37,4326.32,357415626,456946540544.0
2020-02-18,4322.86,4335.99,4283.63,4323.28,348334922,448981041152.0
2020-02-19,4315.69,4348.64,4303.05,4307.23,354688525,468145954816.0
2020-02-20,4319.6,4405.33,4307.38,4401.52,404308649,516400566272.0
2020-02-21,4393.37,4455.49,4389.29,4420.3,424449843,556739051520.0
2020-02-24,4406.35,4439.21,4373.0,4422.77,430968266,576542232576.0
2020-02-25,4346.66,4426.9,4290.9,4421.85,511534510,674174631936.0
2020-02-26,4364.83,4426.01,4338.49,4351.58,527469140,647068164096.0
2020-02-27,4365.56,4397.63,4337.0,4363.01,385985856,503952293888.0
2020-02-28,4248.75,4297.92,4180.34,4189.31,454581801,563238678528.0
2020-03-02,4224.82,4355.29,4223.89,4332.11,418825170,530931208192.0
2020-03-03,4395.65,4428.0,4331.16,4359.74,445695270,575006937088.0
2020-03-04,4341.86,4379.9,4315.04,4379.85,367557827,476765016064.0
2020-03-05,4423.04,4478.31,4392.55,4469.17,449055334,580077219840.0
2020-03-06,4418.17,4445.39,4401.05,4407.66,357772864,430665129984.0
2020-03-09,4329.23,4334.81,4248.16,4249.15,426640123,517470838784.0
2020-03-10,4218.84,4351.84,4195.7,4346.12,405819279,506656751616.0
2020-03-11,4356.05,4357.08,4286.36,4286.37,349407022,435001139200.0
2020-03-12,4228.84,4243.88,4177.62,4206.19,315813614,387255775232.0
2020-03-13,4011.15,4197.73,4007.45,4154.84,383563382,468618563584.0
2020-03-16,4166.12,4166.12,3962.81,3971.88,372818212,467759788032.0
2020-03-17,3990.15,4037.55,3856.24,3959.72,325384005,403375296512.0
2020-03-18,3984.5,4031.39,3883.39,3883.39,319324152,404663222272.0
2020-03-19,3873.55,3902.73,3758.4,3853.22,335401108,420508094464.0
2020-03-20,3896.92,3925.04,3847.43,3916.15,267116288,342742106112.0
2020-03-23,3801.12,3845.07,3767.37,3775.76,275793536,331397324800.0
2020-03-24,3847.6,3874.98,3780.99,3870.0,283890726,345925263360.0
2020-03-25,3958.98,3981.18,3931.19,3970.99,300377029,373871599616.0
2020-03-26,3940.04,3982.31,3926.73,3941.6,237963116,296318320640.0
2020-03-27,3991.05,4000.94,3945.2,3945.63,241106068,304584216576.0
2020-03-30,3891.46,3918.07,3856.56,3895.82,250857989,305199964160.0
2020-03-31,3931.8,3941.3,3898.21,3908.1,223058637,268133957632.0
2020-04-01,3902.74,3956.99,3889.63,3894.99,231506732,281073680384.0
2020-04-02,3876.08,3967.03,3875.06,3967.03,228519288,286715428864.0
2020-04-03,3955.92,3971.28,3927.09,3942.31,209304061,262883987456.0
2020-04-07,4013.84,4046.34,4006.92,4040.71,287887483,354469376000.0
2020-04-08,4018.89,4041.27,4012.45,4027.54,249175767,298076307456.0
2020-04-09,4047.68,4056.73,4036.49,4047.24,225583493,282948202496.0
2020-04-10,4048.73,4069.7,3996.38,4006.44,226261345,288719446016.0
2020-04-13,3986.35,4004.95,3970.32,3986.18,177234337,221230018560.0
2020-04-14,4011.15,4066.94,4000.65,4066.9,220825830,289529896960.0
2020-04-15,4063.69,4074.02,4036.47,4040.51,230939384,297725943808.0
2020-04-16,4020.53,4059.79,4016.83,4053.81,216690158,269233467392.0
2020-04-17,4084.67,4111.25,4076.28,4083.65,268974136,360341037056.0
2020-04-20,4090.6,4107.06,4078.51,4106.99,220655296,282749915136.0
2020-04-21,4090.39,4090.39,4030.34,4063.51,233666314,294845882368.0
2020-04-22,4040.89,4096.9,4034.13,4096.9,209496468,263493054464.0
2020-04-23,4109.78,4113.15,4080.47,4083.48,240126753,287447150592.0
2020-04-24,4079.34,4080.74,4030.6,4041.13,226227502,266172403712.0
2020-04-27,4050.97,4085.23,4033.95,4060.16,212595164,256039555072.0
2020-04-28,4070.64,4087.7,3985.2,4073.87,262918387,318150995968.0
2020-04-29,4059.95,4106.57,4057.74,4087.91,201781440,254621421568.0
2020-04-30,4105.17,4158.76,4105.17,4148.69,265953810,344792080384.0
2020-05-06,4106.24,4187.3,4104.82,4186.34,281534725,374881665024.0
2020-05-07,4187.97,4194.78,4165.38,4176.22,245661000,315183157248.0
2020-05-08,4196.25,4235.39,4189.98,4219.01,253261962,336684351488.0
2020-05-11,4232.01,4253.95,4195.93,4214.05,252525788,335813005312.0
2020-05-12,4214.57,4222.52,4179.79,4217.23,214194232,285051138048.0
2020-05-13,4203.21,4233.45,4190.52,4228.21,196086492,266040496128.0
2020-05-14,4210.95,4210.95,4183.48,4184.45,207727706,273094967296.0
2020-05-15,4201.56,4206.41,4170.22,4178.58,205269893,285618540544.0
2020-05-18,4182.9,4208.36,4162.36,4181.02,246456425,346917171200.0
2020-05-19,4220.55,4223.97,4202.91,4220.88,206024151,293068926976.0
2020-05-20,4219.91,4219.91,4180.95,4192.92,224282414,298457092096.0
2020-05-21,4208.73,4210.23,4156.67,4163.61,209420142,278037995520.0
2020-05-22,4157.8,4157.8,4064.66,4073.25,209794071,272991997952.0
2020-05-25,4075.82,4085.07,4051.62,4075.2,163419008,218387267584.0
2020-05-26,4096.39,4131.54,4092.17,4129.78,168417083,224796626944.0
2020-05-27,4131.74,4131.74,4090.57,4098.37,187672202,236846927872.0
2020-05-28,4100.23,4133.19,4061.69,4105.54,195588306,246692229120.0
2020-05-29,4088.76,4128.67,4080.2,4122.52,198817083,245681352704.0
2020-06-01,4157.87,4242.35,4157.87,4237.07,278154235,356316479488.0
2020-06-02,4240.95,4256.18,4227.77,4246.22,283332165,344766607360.0
2020-06-03,4263.57,4277.67,4246.11,4247.42,274943002,347101040640.0
2020-06-04,4262.26,4263.88,4231.24,4247.11,225056202,272867844096.0
2020-06-05,4253.54,4263.97,4229.97,4263.97,214697838,269478776832.0
2020-06-08,4288.13,4309.93,4273.4,4278.51,257372004,321108713472.0
2020-06-09,4284.29,4310.05,4273.81,4305.24,230175409,285912838144.0
2020-06-10,4304.86,4304.86,4281.96,4300.35,220633825,280893640704.0
2020-06-11,4294.66,4314.07,4243.45,4260.4,254824394,341674692608.0
2020-06-12,4188.91,4278.48,4184.56,4266.59,263712113,335642427392.0
2020-06-15,4253.17,4282.69,4227.85,4227.85,276657636,363692486656.0
2020-06-16,4268.46,4295.4,4262.79,4295.4,245003241,327191531520.0
2020-06-17,4301.16,4305.75,4275.71,4305.39,252443318,330660687872.0
2020-06-18,4299.62,4330.73,4289.76,4326.69,296303127,370956034048.0
2020-06-19,4328.65,4390.09,4325.11,4380.23,294715087,403376939008.0
2020-06-22,4380.52,4406.98,4369.48,4382.32,301221814,416570929152.0
2020-06-23,4378.93,4404.2,4359.84,4402.0,254977636,375083933696.0
2020-06-24,4407.85,4421.91,4397.77,4412.91,231953900,353088204800.0
2020-06-29,4401.28,4411.49,4366.54,4384.4,248627005,358193184768.0
2020-06-30,4405.89,4456.99,4405.46,4447.17,241283845,367607222272.0
2020-07-01,4457.93,4517.69,4448.25,4517.69,312823439,467149430784.0
2020-07-02,4510.78,4609.89,4509.2,4605.95,454120750,599634706432.0
2020-07-03,4622.65,4687.52,4622.65,4687.52,517312356,659422531584.0
2020-07-06,4732.98,4941.7,4732.98,4935.33,708197499,889180209152.0
2020-07-07,5004.01,5070.25,4950.81,4972.95,731873976,964582150144.0
2020-07-08,4968.53,5087.75,4945.84,5063.16,636922237,825111531520.0
2020-07-09,5061.12,5160.79,5048.78,5146.61,668459164,891301634048.0
2020-07-10,5105.22,5144.22,5053.15,5073.06,605686323,832981839872.0
2020-07-13,5070.9,5212.29,5070.9,5195.27,618951040,876291252224.0
2020-07-14,5181.32,5199.45,5053.9,5140.82,591110282,853065793536.0
2020-07-15,5154.2,5170.38,5034.55,5059.01,528861834,787627966464.0
2020-07-16,5057.31,5094.95,4810.87,4815.76,537973002,788246118400.0
2020-07-17,4823.92,4907.85,4782.5,4843.22,404179471,588050788352.0
2020-07-20,4899.4,4986.4,4834.16,4986.4,458482135,642562805760.0
2020-07-21,5003.92,5025.58,4966.48,5001.9,394381609,570752090112.0
2020-07-22,4993.45,5106.77,4983.96,5031.51,434300408,619418279936.0
2020-07-23,4983.77,5046.71,4910.1,5029.78,442307031,646057705472.0
2020-07-24,4996.32,5011.04,4776.06,4800.4,462922980,684959510528.0
2020-07-27,4827.89,4852.5,4771.56,4821.52,316963031,469916733440.0
2020-07-28,4861.84,4886.6,4831.12,4864.96,301606643,455276265472.0
2020-07-29,4854.14,4986.81,4843.35,4986.0,345916989,537331007488.0
2020-07-30,4998.11,5012.91,4955.35,4964.11,344583127,533294694400.0
2020-07-31,4958.66,5053.02,4927.63,5008.2,364751967,558981799936.0
2020-08-03,5051.48,5099.66,5034.97,5099.62,422042985,642861547520.0
2020-08-04,5108.9,5131.26,5068.1,5095.26,449453921,671496126464.0
2020-08-05,5083.81,5121.29,5035.65,5110.51,381544364,565402009600.0
2020-08-06,5113.63,5125.36,5019.56,5098.53,433084250,645252325376.0
2020-08-07,5077.01,5082.81,4962.14,5039.17,411646431,625017876480.0
2020-08-10,5013.96,5094.04,4982.91,5059.63,379142060,581688467456.0
2020-08-11,5064.52,5118.39,4995.07,5001.57,386392282,554256363520.0
2020-08-12,4987.29,5001.21,4870.13,4960.51,380776284,545268109312.0
2020-08-13,4980.15,4986.09,4941.34,4955.51,314610609,417758117888.0
2020-08-14,4947.12,5027.89,4936.13,5024.18,304168909,415644545024.0
2020-08-17,5046.56,5155.4,5036.28,5135.73,469408914,624009805824.0
2020-08-18,5137.38,5156.28,5116.72,5142.22,378306030,522972262400.0
2020-08-19,5134.45,5134.5,5058.27,5061.16,386752084,524879138816.0
2020-08-20,5026.69,5046.73,4980.65,4998.12,316014897,423915921408.0
2020-08-21,5035.74,5059.34,5001.87,5039.43,285621358,404903362560.0
2020-08-24,5065.94,5091.0,5027.94,5077.61,294163866,430377197568.0
2020-08-25,5090.05,5123.39,5059.25,5075.62,288799480,420551888896.0
2020-08-26,5075.04,5096.7,4989.62,5006.92,305039951,448002453504.0
2020-08-27,5018.81,5038.86,4978.23,5037.14,248879048,365771489280.0
2020-08-28,5032.59,5154.66,5023.63,5148.93,301349358,460926492672.0
2020-08-31,5175.62,5208.57,5122.13,5122.13,358591414,530317578240.0
2020-09-01,5111.61,5150.85,5096.78,5150.85,264027891,402222518272.0
2020-09-02,5167.32,5173.88,5103.1,5153.61,307552072,441597083648.0
2020-09-03,5151.23,5182.94,5103.51,5121.67,287781537,431003717632.0
2020-09-04,5035.64,5084.51,5027.58,5075.83,245391258,370540724224.0
2020-09-07,5067.5,5100.43,4954.1,4968.55,304189540,449532608512.0
2020-09-08,4982.97,5011.19,4935.71,4997.36,300429545,397346865152.0
2020-09-09,4935.95,4946.85,4849.14,4876.08,379193459,421593714688.0
2020-09-10,4924.65,4938.85,4841.65,4852.5,331702374,375481696256.0
2020-09-11,4839.83,4907.5,4836.55,4903.26,239931617,313931808768.0
2020-09-14,4930.38,4947.71,4899.71,4929.74,237737457,340957380608.0
2020-09-15,4928.42,4969.14,4909.93,4966.68,217100078,311650766848.0
2020-09-16,4960.71,4967.69,4914.08,4935.29,222133527,308624609280.0
2020-09-17,4921.48,4952.06,4879.02,4918.03,224943311,337829146624.0
2020-09-18,4921.32,5022.29,4917.34,5021.08,295652739,418674864128.0
2020-09-21,5036.33,5039.07,4975.91,4980.03,250559547,357778235392.0
2020-09-22,4939.99,4995.09,4904.76,4918.89,240978842,325898956800.0
2020-09-23,4926.48,4952.85,4909.0,4938.48,190875361,296420614144.0
2020-09-24,4908.48,4915.02,4838.45,4839.04,225395149,306140483584.0
2020-09-25,4859.73,4875.76,4825.09,4843.15,180813944,260446543872.0
2020-09-28,4856.7,4879.84,4832.42,4841.63,164011305,246840946688.0
2020-09-29,4868.17,4887.6,4846.83,4859.07,167365023,251721150464.0
2020-09-30,4874.81,4898.99,4822.4,4848.68,170565294,255147679744.0
2020-10-09,4930.12,4969.59,4926.89,4955.13,211723743,345076658176.0
2020-10-12,4983.89,5103.74,4981.51,5103.63,300608906,468808564736.0
2020-10-13,5094.96,5124.92,5072.66,5118.42,228074788,372456378368.0
2020-10-14,5110.74,5110.74,5074.16,5084.55,230536527,363376201728.0
2020-10-15,5088.01,5106.42,5067.05,5068.7,216969213,329474195456.0
2020-10-16,5068.22,5091.84,5028.93,5057.11,215448123,313221664768.0
2020-10-19,5089.78,5113.0,5005.99,5014.79,232914724,340075081728.0
2020-10-20,5009.85,5057.49,4996.05,5057.49,184237381,281176522752.0
2020-10-21,5064.62,5064.62,5011.9,5043.15,191317957,292099624960.0
2020-10-22,5029.9,5039.05,4971.45,5025.03,187075620,291360722944.0
2020-10-23,5022.04,5049.37,4954.55,4957.69,187390272,294940184576.0
2020-10-26,4926.69,4958.5,4878.01,4936.06,181736230,290774052864.0
2020-10-27,4922.07,4952.33,4912.07,4943.82,168242821,275991420928.0
2020-10-28,4946.88,4993.14,4922.52,4978.94,195594291,330833494016.0
2020-10-29,4921.34,5037.35,4916.0,5009.26,209704732,362064789504.0
2020-10-30,5015.46,5017.08,4909.05,4919.88,251924664,407244324864.0
2020-11-02,4927.33,4963.54,4918.81,4946.3,254624072,402822098944.0
2020-11-03,4970.27,5023.41,4959.63,5010.44,241495444,368253616128.0
2020-11-04,5014.47,5050.02,4994.4,5037.94,207591552,338740387840.0
2020-11-05,5087.59,5117.5,5066.41,5117.5,258087808,414554079232.0
2020-11-06,5130.22,5130.22,5068.4,5108.4,271883246,437067218944.0
2020-11-09,5141.81,5226.82,5141.81,5207.83,357159867,546995073024.0
2020-11-10,5221.52,5221.52,5150.6,5176.62,318196147,490202931200.0
2020-11-11,5160.54,5180.0,5119.64,5122.52,295198597,438297595904.0
2020-11-12,5134.02,5147.85,5110.14,5129.32,222795305,340830031872.0
2020-11-13,5110.02,5110.02,5051.95,5086.34,240809400,368296718336.0
2020-11-16,5108.08,5139.49,5079.08,5139.49,282448310,398486966272.0
2020-11-17,5137.39,5140.12,5092.23,5122.42,292761782,427883790336.0
2020-11-18,5117.66,5144.09,5098.89,5120.7,298199078,420523081728.0
2020-11-19,5109.63,5164.14,5094.58,5153.51,257486223,368786743296.0
2020-11-20,5152.6,5181.88,5147.63,5177.59,260067986,357119082496.0
2020-11-23,5189.1,5264.4,5173.25,5236.52,387840855,503851900928.0
2020-11-24,5230.09,5234.56,5198.8,5212.31,310700877,413563977728.0
2020-11-25,5229.77,5237.83,5137.72,5137.72,324153633,433695551488.0
2020-11-26,5135.71,5149.87,5091.03,5141.8,260439273,365276610560.0
2020-11-27,5151.19,5194.09,5129.92,5194.09,283838039,370586931200.0
2020-11-30,5206.46,5262.26,5171.84,5171.84,425796631,554013483008.0
2020-12-01,5171.67,5283.72,5171.05,5277.47,355022976,481013854208.0
2020-12-02,5284.33,5298.63,5252.27,5279.09,345140580,461100691456.0
2020-12-03,5278.19,5288.18,5248.62,5272.13,330080681,428226957312.0
2020-12-04,5263.28,5289.39,5234.81,5283.75,273202337,393119711232.0
2020-12-07,5283.84,5286.1,5234.58,5241.16,260974500,395504795648.0
2020-12-08,5246.57,5261.6,5219.11,5231.07,228568023,353205497856.0
2020-12-09,5242.38,5251.74,5155.18,5155.18,260433178,394212216832.0
2020-12-10,5143.79,5179.43,5129.33,5155.88,236491412,352049881088.0
2020-12-11,5171.39,5171.39,5053.38,5094.13,291999304,418669801472.0
2020-12-14,5105.05,5141.94,5088.89,5139.75,227678702,371779059712.0
2020-12-15,5135.47,5158.36,5112.85,5149.22,216323625,367811948544.0
2020-12-16,5159.5,5166.95,5134.93,5150.56,206062917,343804076032.0
2020-12-17,5154.11,5219.31,5139.86,5215.45,261088223,410263498752.0
2020-12-18,5213.15,5227.9,5177.12,5198.2,256671905,396469956608.0
2020-12-21,5196.78,5257.72,5175.37,5255.93,277159603,454966001664.0
2020-12-22,5241.57,5257.69,5157.41,5162.07,313655588,499215331328.0
2020-12-23,5173.11,5227.86,5168.46,5206.9,284337142,474987597824.0
2020-12-24,5206.17,5226.0,5164.76,5181.87,245640320,394363445248.0
2020-12-25,5167.75,5229.45,5158.03,5229.39,255485245,387824037888.0
2020-12-28,5231.13,5267.29,5217.88,5240.93,285874621,441514811392.0
2020-12-29,5245.87,5257.26,5210.58,5215.28,295674693,434709893120.0
2020-12-30,5210.67,5285.15,5209.48,5285.15,286668122,444805648384.0
2020-12-31,5294.77,5385.75,5294.77,5381.89,331796595,533020692480.0
2021-01-04,5388.59,5463.38,5364.1,5448.99,398332593,663923085312.0
2021-01-05,5429.07,5540.58,5417.28,5540.58,421657452,725074944000.0
2021-01-06,5556.91,5596.97,5506.36,5577.82,372294531,653767745536.0
2021-01-07,5585.58,5656.69,5566.17,5656.69,417007721,692624158720.0
2021-01-08,5667.47,5687.86,5593.84,5645.75,385162386,680681480192.0
2021-01-11,5652.79,5696.91,5553.21,5582.92,415093253,740238880768.0
2021-01-12,5559.97,5723.96,5559.96,5723.96,386531423,685282291712.0
2021-01-13,5735.6,5763.98,5658.78,5700.47,446483305,769922367488.0
2021-01-14,5678.28,5692.78,5593.1,5603.48,406707195,700622757888.0
2021-01-15,5601.82,5628.18,5520.62,5589.33,376880635,642672721920.0
2021-01-18,5572.85,5676.49,5547.35,5656.12,343884677,592608755712.0
2021-01-19,5661.34,5669.05,5562.68,5583.97,358660142,607750283264.0
2021-01-20,5586.13,5641.43,5571.18,5626.33,299438692,527149293568.0
2021-01-21,5642.72,5741.44,5642.72,5713.78,366759785,642392428544.0
2021-01-22,5711.21,5724.72,5664.08,5720.53,357362332,659483869184.0
2021-01-25,5715.7,5803.12,5694.24,5766.96,362670121,731723726848.0
2021-01-26,5742.33,5742.33,5646.34,5655.16,315275901,606900461568.0
2021-01-27,5648.39,5678.58,5594.67,5671.79,299950892,551668670464.0
2021-01-28,5594.18,5612.23,5508.81,5523.85,315310991,550984216576.0
2021-01-29,5559.85,5575.33,5422.63,5490.75,328220365,562364932096.0
2021-02-01,5493.26,5555.42,5480.36,5552.33,303638889,504438370304.0
2021-02-02,5564.18,5633.36,5541.4,5630.85,297604877,541737181184.0
2021-02-03,5630.34,5661.5,5601.13,5607.63,333511470,580043014144.0
2021-02-04,5578.12,5625.84,5520.79,5585.27,329436984,571704139776.0
2021-02-05,5604.75,5647.76,5570.85,5576.05,324832476,557900763136.0
2021-02-08,5595.79,5671.2,5569.19,5656.85,280167780,509174976512.0
2021-02-09,5674.7,5780.21,5653.23,5779.89,284206369,525620043776.0
2021-02-10,5801.86,5905.67,5795.58,5889.99,289212444,567092228096.0
2021-02-18,6006.66,6016.5,5852.61,5875.36,385741079,702477660160.0
2021-02-19,5845.11,5908.06,5780.84,5900.57,393243597,657902551040.0
2021-02-22,5911.21,5911.21,5746.28,5746.28,519189967,803581448192.0
2021-02-23,5694.25,5792.66,5692.43,5727.24,426464594,631049134080.0
2021-02-24,5737.09,5746.4,5538.06,5595.34,399147443,669167046656.0
2021-02-25,5653.07,5671.9,5597.49,5613.98,392804211,583657320448.0
2021-02-26,5488.02,5560.48,5467.76,5482.03,363024750,569373204480.0
2021-03-01,5532.2,5574.02,5497.33,5571.25,336071959,523938754560.0
2021-03-02,5603.75,5603.75,5461.17,5505.39,362388183,550470057984.0
2021-03-03,5486.15,5605.47,5478.35,5604.92,365726579,507277778944.0
2021-03-04,5545.89,5549.46,5417.92,5444.21,407109827,577040228352.0
2021-03-05,5358.65,5473.3,5344.17,5430.13,369132841,516206276608.0
2021-03-08,5469.3,5495.49,5255.14,5255.79,398777976,584253849600.0
2021-03-09,5240.68,5263.22,5083.76,5140.32,427143690,596303671296.0
2021-03-10,5212.03,5217.13,5140.25,5157.81,312482767,445188644864.0
2021-03-11,5176.88,5288.32,5168.35,5286.36,350415409,483271860224.0
2021-03-12,5310.11,5310.11,5240.95,5302.54,376766766,483584696320.0
2021-03-15,5272.6,5283.15,5158.3,5204.49,374952776,481305444352.0
2021-03-16,5220.04,5252.29,5174.75,5243.67,314236047,410607837184.0
2021-03-17,5227.65,5283.73,5183.71,5266.6,284002770,388599341056.0
2021-03-18,5278.71,5328.67,5275.54,5308.57,283627182,398915014656.0
2021-03-19,5234.99,5261.76,5159.63,5187.85,307413125,426872979456.0
2021-03-22,5189.34,5256.15,5179.54,5246.71,310444078,402693492736.0
2021-03-23,5247.08,5248.77,5152.39,5191.95,308978020,399841021952.0
2021-03-24,5165.49,5205.89,5104.57,5112.87,307059092,403654590464.0
2021-03-25,5088.66,5139.53,5070.95,5113.8,262252280,341883637760.0
2021-03-26,5137.34,5233.75,5137.34,5221.16,274814308,404306997248.0
2021-03-29,5236.05,5265.01,5192.25,5228.89,283022108,403783737344.0
2021-03-30,5222.93,5280.76,5210.56,5272.06,273028145,393830666240.0
2021-03-31,5264.52,5264.52,5194.72,5229.91,266464236,365598089216.0
2021-04-01,5240.2,5296.2,5234.75,5290.85,250699707,336464932864.0
2021-04-02,5307.07,5343.64,5291.56,5334.39,250941125,373369827328.0
2021-04-06,5351.73,5355.55,5304.99,5320.49,221323369,329832153088.0
2021-04-07,5322.92,5322.92,5250.14,5292.08,295780524,385930330112.0
2021-04-08,5268.79,5319.38,5252.05,5300.51,315512325,375854809088.0
2021-04-09,5288.59,5289.53,5219.07,5234.8,269723410,349059010560.0
2021-04-12,5226.22,5243.92,5127.87,5144.0,308085752,409236533248.0
2021-04-13,5142.6,5186.88,5118.98,5134.36,263307067,341785612288.0
2021-04-14,5138.61,5186.79,5138.61,5179.97,238299054,328319090688.0
2021-04-15,5168.81,5168.81,5103.21,5154.44,228605560,325403009024.0
2021-04-16,5170.21,5190.91,5129.66,5180.16,238004577,333373800448.0
2021-04-19,5178.86,5294.97,5155.29,5293.25,296970755,452620308480.0
2021-04-20,5275.17,5327.29,5267.89,5290.94,271216223,420005339136.0
2021-04-21,5262.29,5313.9,5251.7,5301.71,245689011,370929889280.0
2021-04-22,5318.71,5323.19,5277.34,5298.85,246091523,373395009536.0
2021-04-23,5298.53,5349.96,5291.82,5339.18,248174298,399516172288.0
2021-04-26,5359.45,5391.1,5284.31,5288.69,296346107,492347150336.0
2021-04-27,5286.7,5304.43,5254.37,5300.03,249856548,393058099200.0
2021-04-28,5284.27,5331.33,5269.72,5331.28,237855260,408560369664.0
2021-04-29,5339.64,5374.55,5321.96,5367.72,268397919,439614767104.0
2021-04-30,5357.38,5369.03,5301.69,5333.92,304375859,478821433344.0
2021-05-06,5317.5,5352.32,5256.51,5284.59,312964611,490694393856.0
2021-05-07,5297.55,5317.23,5223.57,5223.92,349777070,482554044416.0
2021-05-10,5231.45,5249.55,5189.2,5226.97,359900718,463563431936.0
2021-05-11,5190.33,5259.14,5150.03,5247.77,338790108,446281752576.0
2021-05-12,5228.35,5282.3,5224.12,5275.59,283110016,378471206912.0
2021-05-13,5221.81,5254.41,5205.65,5220.43,291938053,393675055104.0
2021-05-14,5235.14,5332.73,5207.89,5331.15,325669586,482414051328.0
2021-05-17,5334.19,5424.79,5334.19,5400.7,313253391,507469176832.0
2021-05-18,5405.63,5416.24,5376.48,5406.85,250909752,380168798208.0
2021-05-19,5391.97,5408.28,5368.63,5391.68,253911237,397082632192.0
2021-05-20,5379.32,5413.44,5361.02,5396.28,300784699,444224266240.0
2021-05-21,5408.14,5423.79,5338.9,5350.43,259119181,414043774976.0
2021-05-24,5351.9,5370.7,5312.67,5370.7,263968950,429252345856.0
2021-05-25,5379.26,5521.29,5375.44,5515.59,327688876,562718875648.0
2021-05-26,5523.93,5539.5,5508.58,5518.9,325844099,516349267968.0
2021-05-27,5511.7,5575.43,5490.77,5543.85,293629532,476536156160.0
2021-05-28,5546.87,5565.19,5496.52,5526.85,321924191,507323662336.0
2021-05-31,5526.97,5546.81,5495.92,5546.75,291532762,498179506176.0
2021-06-01,5535.9,5558.99,5483.22,5556.89,304923430,506884419584.0
2021-06-02,5562.37,5566.12,5482.41,5504.41,295119639,470441730048.0
2021-06-03,5500.74,5532.92,5474.0,5474.0,296854569,453047570432.0
2021-06-04,5447.49,5548.04,5439.19,5500.43,282598492,453583192064.0
2021-06-07,5504.92,5507.41,5468.35,5502.08,268265866,454617276416.0
2021-06-08,5502.42,5540.65,5427.69,5458.61,269244480,473948831744.0
2021-06-09,5451.46,5480.05,5440.03,5463.66,258331356,410561560576.0
2021-06-10,5462.9,5527.8,5456.46,5505.48,293272932,478457352192.0
2021-06-11,5510.43,5510.93,5450.84,5460.48,350376781,559776866304.0
2021-06-15,5456.94,5462.83,5375.69,5401.97,295089308,496975900672.0
2021-06-16,5398.52,5399.49,5309.44,5314.42,261955863,450556227584.0
2021-06-17,5307.3,5358.24,5307.18,5340.78,244945080,425723232256.0
2021-06-18,5342.2,5368.02,5311.2,5348.7,286608387,518237167616.0
2021-06-21,5336.07,5377.46,5309.68,5347.7,275215688,506303676416.0
2021-06-22,5363.37,5381.51,5343.86,5379.43,276960251,483837853696.0
2021-06-23,5383.85,5425.35,5366.73,5408.96,291665667,543347712000.0
2021-06-24,5416.78,5417.33,5379.2,5409.67,271732147,485235081216.0
2021-06-25,5411.72,5500.01,5410.09,5488.58,306416722,542594895872.0
2021-06-28,5499.86,5507.59,5475.69,5500.89,278697833,512900755456.0
2021-06-29,5499.07,5499.07,5434.79,5439.73,261788718,482519080960.0
2021-06-30,5439.19,5481.29,5435.1,5474.67,229158833,436047347712.0
2021-07-01,5492.15,5495.65,5440.27,5462.87,265591432,492297310208.0
2021-07-02,5425.04,5425.04,5324.69,5331.35,266898711,504881274880.0
2021-07-05,5327.54,5355.56,5305.55,5344.64,265946309,500333641728.0
2021-07-06,5350.93,5356.46,5284.16,5342.18,285673175,546398248960.0
2021-07-07,5308.66,5407.5,5299.81,5398.71,296196012,512998154240.0
2021-07-08,5407.82,5410.0,5345.8,5353.39,333465551,600922890240.0
2021-07-09,5328.1,5359.53,5275.38,5348.07,326760230,557422317568.0
2021-07-12,5388.38,5440.51,5355.31,5417.5,399773084,677086691328.0
2021-07-13,5413.7,5438.45,5403.29,5435.44,346103050,585159684096.0
2021-07-14,5424.77,5424.77,5370.21,5376.08,360088169,587472646144.0
2021-07-15,5363.79,5440.22,5351.1,5437.79,354298212,577683369984.0
2021-07-16,5428.95,5435.81,5386.82,5390.32,354863841,584153563136.0
2021-07-19,5378.99,5407.85,5342.59,5399.15,322934408,548399726592.0
2021-07-20,5361.6,5400.49,5352.73,5397.6,269440673,454683623424.0
2021-07-21,5412.86,5456.73,5412.86,5441.1,330985741,595215097856.0
2021-07-22,5448.36,5465.49,5435.76,5454.9,375790180,637721931776.0
2021-07-23,5451.5,5451.5,5386.03,5396.67,441615923,689272410112.0
2021-07-26,5376.73,5376.73,5173.05,5242.1,436308948,737855897600.0
2021-07-27,5242.93,5264.55,5072.68,5073.71,465245563,788104097792.0
2021-07-28,5031.18,5099.0,4973.55,5063.75,389901560,642172563456.0
2021-07-29,5150.87,5170.2,5108.06,5161.41,344339940,624818126848.0
2021-07-30,5137.97,5142.25,5079.23,5131.07,372061509,643458740224.0
2021-08-02,5115.87,5252.2,5087.24,5249.65,433400090,774299656192.0
2021-08-03,5224.75,5269.77,5208.61,5240.21,397722793,708917149696.0
2021-08-04,5234.39,5297.06,5228.27,5297.03,349530808,641991159808.0
2021-08-05,5268.55,5310.46,5245.02,5268.95,346753715,625444589568.0
2021-08-06,5267.45,5268.6,5217.96,5251.72,326536599,586732335104.0
2021-08-09,5221.83,5326.77,5215.08,5311.13,356270244,619852705792.0
2021-08-10,5303.26,5365.7,5275.5,5365.15,340139863,632759177216.0
2021-08-11,5361.2,5382.13,5343.63,5352.23,370623980,595145871360.0
2021-08-12,5335.64,5355.62,5306.64,5321.91,362302858,587903258624.0
2021-08-13,5305.59,5343.6,5271.58,5298.49,350504924,574325043200.0
2021-08-16,5290.06,5322.11,5277.67,5287.96,350132260,562815582208.0
2021-08-17,5281.82,5311.41,5160.99,5175.21,389509844,615010131968.0
2021-08-18,5174.08,5241.12,5156.19,5229.85,372841710,587789574144.0
2021-08-19,5219.39,5231.3,5178.63,5204.79,373525307,592417882112.0
2021-08-20,5162.69,5182.19,5071.92,5124.31,353262950,610073673728.0
2021-08-23,5136.45,5204.75,5126.66,5197.29,357035702,605898657792.0
2021-08-24,5205.66,5267.64,5203.51,5251.92,400610058,653960749056.0
2021-08-25,5253.9,5271.04,5231.38,5271.03,387574907,600605597696.0
2021-08-26,5265.92,5265.92,5183.48,5186.29,427793582,624351252480.0
2021-08-27,5176.91,5243.96,5175.22,5217.99,407140675,627419238400.0
2021-08-30,5238.31,5240.87,5188.76,5215.16,470284905,778197516288.0
2021-08-31,5202.5,5216.85,5144.26,5214.03,480227000,749462978560.0
2021-09-01,5216.09,5289.95,5168.37,5254.86,622241221,899842899968.0
2021-09-02,5248.18,5279.33,5245.42,5275.24,521269711,737499004928.0
2021-09-03,5284.99,5296.8,5232.28,5248.71,556893135,781446926336.0
2021-09-06,5250.43,5345.29,5248.1,5336.29,496382397,726476611584.0
2021-09-07,5336.57,5420.11,5321.47,5410.16,504906061,698162995200.0
2021-09-08,5404.78,5431.08,5381.54,5401.41,537463122,716442025984.0
2021-09-09,5383.79,5413.0,5370.53,5412.86,543734285,704055738368.0
2021-09-10,5410.51,5475.96,5404.47,5446.52,581772995,795450523648.0
2021-09-13,5442.08,5462.84,5407.3,5436.11,513533908,732285689856.0
2021-09-14,5431.38,5449.88,5348.68,5358.93,517091914,723710251008.0
2021-09-15,5344.26,5360.25,5299.44,5324.79,421383145,637329448960.0
2021-09-16,5328.77,5343.65,5249.49,5250.15,484401879,694680248320.0
2021-09-17,5237.02,5283.87,5216.88,5280.18,435562353,619416526848.0
2021-09-22,5194.59,5268.3,5189.07,5262.8,388014909,533791862784.0
2021-09-23,5294.88,5323.89,5282.76,5297.22,469309757,629800153088.0
2021-09-24,5288.86,5326.18,5265.82,5272.14,439408873,610832592896.0
2021-09-27,5293.1,5317.58,5230.31,5257.17,455509437,681179942912.0
2021-09-28,5248.28,5282.05,5230.61,5267.51,379691448,517474570240.0
2021-09-29,5226.66,5231.28,5162.98,5193.01,398742067,539672371200.0
2021-09-30,5205.56,5246.15,5205.56,5236.2,348596508,469440356352.0
2021-10-08,5292.1,5301.72,5257.69,5285.71,374435781,546513330176.0
2021-10-11,5297.02,5325.33,5283.09,5290.64,358932462,509895827456.0
2021-10-12,5274.21,5274.21,5177.66,5223.19,369746061,493570777088.0
2021-10-13,5221.18,5283.56,5202.05,5274.26,293747466,443722952704.0
2021-10-14,5267.53,5285.4,5244.77,5257.51,274321682,412098404352.0
2021-10-15,5241.44,5282.22,5225.77,5275.4,316930340,489728225280.0
2021-10-18,5268.13,5268.13,5202.06,5236.67,316872212,496852439040.0
2021-10-19,5230.97,5289.23,5230.37,5285.07,303402258,465629409280.0
2021-10-20,5281.46,5296.16,5261.39,5274.59,312044524,466024235008.0
2021-10-21,5279.88,5308.68,5252.43,5285.4,316870121,459167834112.0
2021-10-22,5289.33,5332.6,5285.24,5298.21,315541379,473444569088.0
2021-10-25,5281.63,5330.2,5275.0,5328.33,300866094,484015521792.0
2021-10-26,5334.24,5353.55,5303.89,5314.69,315921147,506784247808.0
2021-10-27,5301.73,5301.73,5238.52,5252.19,326132480,511984369664.0
2021-10-28,5235.5,5241.39,5188.85,5206.82,344724810,527012229120.0
2021-10-29,5205.49,5256.12,5194.82,5256.12,330666885,575743885312.0
2021-11-01,5228.06,5264.98,5213.11,5248.29,355726963,606264332288.0
2021-11-02,5244.68,5267.57,5149.37,5193.33,381552415,616365477888.0
2021-11-03,5188.24,5213.34,5162.53,5183.99,293578468,485800566784.0
2021-11-04,5202.78,5235.4,5196.12,5232.81,285245020,497221414912.0
2021-11-05,5224.31,5249.73,5196.59,5196.59,325030751,519370543104.0
2021-11-08,5194.64,5222.91,5186.62,5207.64,283759122,472704180224.0
2021-11-09,5217.74,5232.16,5185.53,5216.33,260072371,437265489920.0
2021-11-10,5201.37,5201.37,5120.86,5192.06,297256532,488180539392.0
2021-11-11,5184.41,5265.68,5176.97,5265.41,325885555,510262398976.0
2021-11-12,5268.73,5276.44,5248.88,5263.66,301176392,467023220736.0
2021-11-15,5270.27,5280.83,5230.36,5248.28,282971351,474937507840.0
2021-11-16,5244.5,5277.54,5233.27,5239.64,289624722,476126822400.0
2021-11-17,5239.16,5253.05,5223.91,5252.16,248806331,415053217792.0
2021-11-18,5241.27,5241.27,5200.32,5209.44,277195425,429637681152.0
2021-11-19,5204.62,5269.62,5200.99,5267.42,305384166,459882020864.0
2021-11-22,5273.11,5305.28,5272.96,5300.92,318615316,539135041536.0
2021-11-23,5293.88,5316.36,5285.56,5302.83,343899443,519321157632.0
2021-11-24,5303.17,5323.8,5287.27,5304.57,314824745,499244392448.0
2021-11-25,5306.55,5308.04,5281.71,5284.07,280052129,445778755584.0
2021-11-26,5273.31,5277.81,5241.32,5252.07,279792110,435135164416.0
2021-11-29,5203.26,5248.94,5201.45,5245.36,300568269,484546940928.0
2021-11-30,5255.52,5271.35,5210.09,5235.13,315966758,492485746688.0
2021-12-01,5232.57,5248.37,5224.16,5248.37,294893084,452080779264.0
2021-12-02,5242.21,5265.63,5234.3,5250.67,324644065,476678774784.0
2021-12-03,5251.98,5300.09,5249.9,5300.09,330282363,500843921408.0
2021-12-06,5308.21,5337.73,5278.11,5282.2,386685635,551728484352.0
2021-12-07,5319.33,5323.57,5268.03,5300.13,371297316,546753847296.0
2021-12-08,5313.4,5377.48,5297.12,5377.48,326771013,519344807936.0
2021-12-09,5380.59,5477.74,5379.24,5447.9,416655944,637173014528.0
2021-12-10,5415.35,5429.93,5407.85,5426.27,380925850,566315302912.0
2021-12-13,5459.73,5506.62,5453.57,5457.92,397164657,637118074880.0
2021-12-14,5439.61,5447.03,5414.34,5424.86,318691543,502241533952.0
2021-12-15,5413.06,5437.47,5383.41,5387.15,310453676,474931982336.0
2021-12-16,5389.33,5422.47,5373.89,5422.47,321744207,478483521536.0
2021-12-17,5411.43,5412.29,5344.38,5345.2,345270735,501382946816.0
2021-12-20,5324.83,5358.81,5256.49,5263.46,351403543,507887607808.0
2021-12-21,5259.38,5309.82,5259.06,5304.49,319556644,423281238016.0
2021-12-22,5316.12,5326.52,5299.21,5309.99,307373929,415730851840.0
2021-12-23,5318.72,5345.29,5306.75,5344.21,308687168,443826757632.0
2021-12-24,5347.55,5357.82,5295.34,5311.51,312092024,473164767232.0
2021-12-27,5307.25,5334.29,5285.36,5308.8,272719741,420007174144.0
2021-12-28,5313.83,5343.39,5300.62,5341.2,273719798,441099579392.0
2021-12-29,5341.6,5341.6,5275.02,5275.02,249796554,428969451520.0
2021-12-30,5273.63,5334.6,5273.63,5317.27,263268288,426470752256.0
2021-12-31,5332.11,5347.93,5324.36,5341.22,271222740,436432306176.0
2022-01-04,5360.64,5363.89,5280.49,5321.8,352344794,555692068864.0
2022-01-05,5311.88,5313.58,5241.14,5258.02,372818504,573754290176.0
2022-01-06,5230.64,5247.68,5181.68,5218.34,331001592,501657616384.0
2022-01-07,5223.76,5253.94,5207.77,5212.25,387157425,534717403136.0
2022-01-10,5201.44,5233.47,5168.81,5232.81,321960573,481751732224.0
2022-01-11,5228.72,5239.57,5177.54,5185.0,316422569,466091114496.0
2022-01-12,5206.69,5240.1,5199.22,5235.02,299251686,463487332352.0
2022-01-13,5242.24,5242.24,5152.19,5152.3,311668621,463398129664.0
2022-01-14,5128.24,5153.56,5112.61,5117.23,322454326,463342403584.0
2022-01-17,5118.8,5171.09,5117.37,5163.91,277075410,447279034368.0
2022-01-18,5164.43,5217.68,5144.23,5202.66,330106194,477749604352.0
2022-01-19,5201.42,5217.13,5141.11,5167.84,297105728,450209832960.0
2022-01-20,5166.23,5215.8,5162.58,5192.43,333637596,477097467904.0
2022-01-21,5177.04,5183.12,5127.51,5142.14,283632374,432903172096.0
2022-01-24,5115.43,5163.25,5107.8,5148.7,237143444,382182313984.0
2022-01-25,5124.98,5144.35,5018.7,5018.7,284004831,404821262336.0
2022-01-26,5037.23,5061.51,4989.96,5053.25,227686152,356788154368.0
2022-01-27,5049.62,5049.85,4943.74,4946.51,246507561,382780383232.0
2022-01-28,4979.23,4989.86,4886.84,4896.01,253568932,394225909760.0
2022-02-07,4972.1,5006.22,4952.25,4970.52,289942339,404673327104.0
2022-02-08,4964.65,4964.65,4866.64,4961.17,315429284,426823528448.0
2022-02-09,4959.71,5021.3,4949.94,5014.32,311158267,429134479360.0
2022-02-10,5018.22,5018.22,4970.33,5003.85,306493230,434289238016.0
2022-02-11,4980.79,5021.48,4949.58,4955.61,315775936,464638201856.0
2022-02-14,4931.73,4952.8,4883.84,4906.18,280756355,407929565184.0
2022-02-15,4908.82,4958.77,4904.58,4957.21,227831360,371245412352.0
2022-02-16,4976.73,4997.25,4961.62,4973.95,215672957,324876066816.0
2022-02-17,4971.71,5004.34,4959.31,4982.56,232999734,358653009920.0
2022-02-18,4956.38,5012.24,4949.9,5012.24,244502866,330232369152.0
2022-02-21,5009.39,5012.25,4981.5,5003.94,257662825,365111578624.0
2022-02-22,4970.34,4970.46,4913.99,4940.16,271927153,399779217408.0
2022-02-23,4946.67,5000.42,4946.67,4998.23,267069535,418463154176.0
2022-02-24,4968.25,4990.0,4853.21,4899.87,395252813,560403763200.0
2022-02-25,4935.98,4990.09,4933.09,4945.61,306151721,435833180160.0
2022-02-28,4939.76,4958.27,4902.11,4958.27,275008366,396949073920.0
2022-03-01,4974.26,4996.95,4957.8,4993.13,260856438,407966494720.0
2022-03-02,4968.39,4968.54,4935.43,4959.59,250413302,356170977280.0
2022-03-03,4977.57,4982.15,4926.3,4934.7,327377659,416218517504.0
2022-03-04,4897.05,4926.66,4863.12,4879.65,304678689,415822868480.0
2022-03-07,4851.26,4851.26,4719.28,4736.47,328682299,471535288320.0
2022-03-08,4742.22,4762.79,4613.4,4624.68,354159355,499620900864.0
2022-03-09,4639.8,4662.04,4399.52,4570.93,392035640,529344983040.0
2022-03-10,4673.76,4690.15,4639.41,4644.61,298418739,460608008192.0
2022-03-11,4581.47,4674.71,4523.8,4666.17,304514424,453780078592.0
2022-03-14,4608.66,4647.45,4531.69,4531.69,268141240,414398111744.0
2022-03-15,4482.3,4513.8,4312.34,4312.34,397238444,531091398656.0
2022-03-16,4387.37,4500.35,4254.49,4487.21,374848827,557497032704.0
2022-03-17,4567.72,4644.82,4554.44,4573.64,349845885,569884262400.0
2022-03-18,4554.71,4623.4,4534.3,4608.09,302078520,429093711872.0
2022-03-21,4621.24,4635.38,4564.63,4606.86,286690084,412988637184.0
2022-03-22,4599.08,4635.06,4580.83,4603.88,277490345,371918921728.0
2022-03-23,4617.42,4640.39,4592.51,4628.29,260268436,368075706368.0
2022-03-24,4601.39,4623.65,4564.98,4598.17,246667359,358770421760.0
2022-03-25,4596.78,4604.03,4521.9,4521.9,243780303,352195022848.0
2022-03-28,4477.68,4530.87,4437.58,4503.07,263306908,350460710912.0
2022-03-29,4509.86,4531.76,4474.92,4486.04,241629097,339865247744.0
2022-03-30,4512.36,4606.34,4510.31,4606.34,302360599,424469979136.0
2022-03-31,4587.49,4600.0,4564.28,4571.24,310933133,405950038016.0
2022-04-01,4545.51,4635.55,4537.19,4622.14,308931648,399310581760.0
2022-04-06,4607.64,4620.33,4575.63,4610.7,355915779,423215939584.0
2022-04-07,4585.01,4623.7,4539.81,4542.15,325642545,380731994112.0
2022-04-08,4546.5,4567.94,4496.62,4560.39,326798687,388327063552.0
2022-04-11,4534.38,4534.38,4405.58,4419.17,326581883,427426373632.0
2022-04-12,4419.77,4501.72,4388.04,4501.72,317465871,404262797312.0
2022-04-13,4475.11,4513.7,4454.28,4454.28,292140549,368551141376.0
2022-04-14,4486.51,4537.02,4471.49,4511.18,283824422,393083289600.0
2022-04-15,4481.55,4526.56,4469.32,4499.15,309389263,388399861760.0
2022-04-18,4460.8,4489.28,4427.15,4481.34,266690990,344408956928.0
2022-04-19,4476.55,4501.62,4435.87,4458.68,252215004,337798012928.0
2022-04-20,4453.43,4459.78,4371.48,4382.4,268387261,351257497600.0
2022-04-21,4360.25,4397.7,4269.1,4286.48,290638333,362652442624.0
2022-04-22,4257.45,4326.14,4235.85,4297.52,262099410,326615457792.0
2022-04-25,4217.21,4235.17,4069.89,4069.89,355117983,423553245184.0
2022-04-26,4076.9,4127.97,4011.08,4020.95,328877043,398770180096.0
2022-04-27,3989.98,4148.31,3988.97,4147.86,352427430,445089697792.0
2022-04-28,4131.26,4193.31,4112.98,4165.69,308096358,401526222848.0
2022-04-29,4187.9,4281.45,4152.37,4280.28,360747889,479138082816.0
2022-05-05,4260.43,4315.83,4255.57,4285.56,322813924,444152246272.0
2022-05-06,4196.82,4223.59,4173.96,4180.83,275998892,342910091264.0
2022-05-09,4158.44,4193.79,4138.13,4162.84,224490624,286311571456.0
2022-05-10,4102.94,4223.91,4090.74,4211.91,301746532,380197048320.0
2022-05-11,4211.6,4333.96,4210.31,4266.7,350795881,482150047744.0
2022-05-12,4239.67,4281.7,4224.43,4253.08,252592236,327982051328.0
2022-05-13,4277.56,4298.34,4250.4,4286.97,246528133,312512331776.0
2022-05-16,4316.23,4319.78,4249.33,4259.63,263812570,332168798208.0
2022-05-17,4263.72,4304.58,4246.89,4304.58,240490844,329377988608.0
2022-05-18,4311.95,4319.3,4265.5,4289.81,235318080,316120641536.0
2022-05-19,4230.31,4303.25,4225.06,4303.25,252917161,332936736768.0
2022-05-20,4323.41,4383.22,4323.41,4383.21,312796503,417499897856.0
2022-05-23,4388.01,4388.01,4340.6,4370.11,284353828,369357701120.0
2022-05-24,4368.57,4371.45,4253.87,4253.87,323095171,409572233216.0
2022-05-25,4253.6,4290.96,4245.67,4290.78,251324652,315388035072.0
2022-05-26,4295.13,4331.33,4242.94,4310.6,288614052,359654076416.0
2022-05-27,4336.68,4365.49,4292.84,4315.36,256176200,335447031808.0
2022-05-30,4334.62,4352.51,4311.48,4345.61,245004887,335328313344.0
2022-05-31,4347.43,4416.54,4332.96,4411.49,291360430,415595339776.0
2022-06-01,4404.42,4416.89,4375.02,4404.18,270216653,368543481856.0
2022-06-02,4384.42,4421.04,4377.37,4418.97,273465313,372693839872.0
2022-06-06,4420.02,4501.67,4396.54,4500.83,350550976,504194998272.0
2022-06-07,4500.36,4528.96,4484.36,4511.4,320304599,454849196032.0
2022-06-08,4517.71,4554.49,4481.06,4550.28,343802921,496150847488.0
2022-06-09,4541.87,4555.0,4479.35,4498.83,340578929,445571817472.0
2022-06-10,4465.94,4573.27,4460.66,4569.92,377337554,502777987072.0
2022-06-13,4524.44,4554.81,4491.02,4528.27,356608018,534238056448.0
2022-06-14,4477.81,4564.54,4427.08,4562.63,368789069,531584770048.0
2022-06-15,4567.47,4687.27,4567.47,4605.65,495187356,691471560704.0
2022-06-16,4609.02,4635.4,4572.19,4583.35,378689500,538126409728.0
2022-06-17,4550.32,4650.4,4549.32,4640.64,326508227,535231062016.0
2022-06-20,4653.15,4696.61,4624.57,4660.59,340873528,562032402432.0
2022-06-21,4657.55,4681.92,4605.06,4647.11,329129247,495976701952.0
2022-06-22,4653.14,4654.4,4583.58,4584.93,312660173,462897119232.0
2022-06-23,4592.23,4666.23,4570.47,4666.23,339148406,506670387200.0
2022-06-24,4676.07,4725.91,4668.93,4719.83,326684902,538050326528.0
2022-06-27,4741.14,4796.88,4741.14,4767.23,346303867,583085895680.0
2022-06-28,4766.7,4828.47,4734.5,4821.65,345339200,558165344256.0
2022-06-29,4803.19,4831.17,4736.06,4742.59,378004997,611902402560.0
2022-06-30,4741.85,4839.16,4741.85,4808.73,320513065,547942858752.0
2022-07-01,4811.82,4822.08,4775.28,4791.04,288984243,491149873152.0
2022-07-04,4776.29,4830.02,4753.65,4830.02,304165619,550752972800.0
2022-07-05,4839.91,4862.3,4768.34,4822.66,341587884,568616779776.0
2022-07-06,4807.18,4814.16,4717.33,4752.6,326904737,532955807744.0
2022-07-07,4752.94,4790.92,4719.03,4774.65,290012029,505039355904.0
2022-07-08,4799.22,4810.65,4752.42,4754.02,274182436,475193847808.0
2022-07-11,4732.52,4732.52,4650.92,4678.32,286442245,468615725056.0
2022-07-12,4676.48,4694.79,4618.13,4631.03,274700930,453817533221.5
2022-07-13,4630.32,4661.69,4601.7,4642.25,273823902,435016749357.6
2022-07-14,4631.75,4679.8,4617.54,4648.79,285604976,457604826364.0
2022-07-15,4626.3,4670.46,4569.97,4569.97,308601282,485958465506.8
2022-07-18,4584.53,4632.7,4545.53,4626.5,281745816,444954609144.4
2022-07-19,4624.28,4626.25,4577.63,4611.69,250190510,394130414297.7
2022-07-20,4632.67,4653.6,4620.22,4636.85,237422717,370084194156.6
2022-07-21,4623.99,4635.78,4586.65,4586.65,265366528,402400900990.4
2022-07-22,4600.61,4622.78,4543.47,4578.09,234461293,368083727324.8
2022-07-25,4575.92,4580.53,4534.98,4546.83,213094693,327850523352.3
2022-07-26,4554.33,4601.12,4545.91,4587.69,203099815,326767298021.6
2022-07-27,4578.54,4587.89,4560.93,4574.92,199340067,327494982445.5
2022-07-28,4594.16,4620.29,4574.59,4578.28,246005359,396533751814.1
2022-07-29,4580.38,4595.56,4514.31,4523.31,252105078,406159907460.3
2022-08-01,4515.47,4554.2,4482.88,4547.93,236428041,402474213294.4
2022-08-02,4501.34,4501.34,4407.37,4449.75,325126963,473886937850.4
2022-08-03,4456.4,4500.57,4399.46,4408.94,263879533,444240676559.0
2022-08-04,4433.71,4451.51,4399.22,4443.26,203179025,354704327703.8
2022-08-05,4452.85,4511.02,4441.12,4508.35,226855452,397776623931.1
2022-08-08,4495.57,4511.65,4489.26,4510.5,206341072,373990488518.8
2022-08-09,4505.3,4523.81,4492.71,4520.48,201103611,362905717891.9
2022-08-10,4512.91,4527.78,4461.02,4479.04,204465767,370859106329.6
2022-08-11,4501.06,4568.3,4487.75,4568.3,263423336,438030099114.3
2022-08-12,4559.14,4576.5,4551.74,4563.06,247208212,377591527018.3
2022-08-15,4551.26,4590.26,4544.57,4562.5,239525977,397021718253.7
2022-08-16,4567.16,4589.48,4552.06,4560.09,229747634,384769486013.3
2022-08-17,4565.38,4603.04,4535.23,4597.05,259084978,417381317429.8
2022-08-18,4585.77,4590.4,4555.78,4562.58,231504409,384696544504.7
2022-08-19,4558.05,4568.27,4525.17,4525.17,259993829,424271745755.9
2022-08-22,4510.34,4565.05,4506.49,4564.33,246178220,415176641645.6
2022-08-23,4557.31,4567.58,4530.27,4546.63,236829889,391913717226.0
2022-08-24,4553.51,4557.95,4446.2,4450.07,277173551,434767236081.7
2022-08-25,4462.25,4487.84,4420.75,4484.45,253267112,394498105766.8
2022-08-26,4495.39,4513.54,4467.09,4473.03,229406330,371123412269.7
2022-08-29,4422.27,4461.9,4417.3,4460.46,219623281,336052523002.7
2022-08-30,4459.5,4464.12,4418.99,4444.9,225410862,329232216589.6
2022-08-31,4426.07,4466.89,4394.05,4424.21,279725173,446751208282.8
2022-09-01,4413.45,4443.14,4386.88,4390.41,215962125,335569361131.3
2022-09-02,4400.99,4403.71,4358.32,4378.02,193353661,298684544373.9
2022-09-05,4366.93,4377.25,4341.29,4377.25,211246353,320876696478.4
2022-09-06,4387.45,4428.11,4373.44,4426.71,243352305,371813815676.7
2022-09-07,4406.91,4443.16,4401.29,4430.69,227838350,345865548428.6
2022-09-08,4433.81,4442.46,4409.09,4411.41,217050318,307859283472.9
2022-09-09,4422.53,4469.78,4415.53,4465.1,239816342,346100884843.3
2022-09-13,4483.16,4495.84,4465.05,4476.3,229896051,342382860433.0
2022-09-14,4417.77,4453.34,4408.96,4429.98,199914841,300129758379.4
2022-09-15,4446.25,4452.77,4340.79,4373.47,265594695,402569847800.8
2022-09-16,4359.51,4365.36,4269.12,4269.12,274365769,372759920038.1
2022-09-19,4264.46,4286.08,4237.82,4257.94,201744987,288184237357.8
2022-09-20,4278.78,4297.03,4257.85,4269.92,173637134,276043238494.0
2022-09-21,4257.81,4269.27,4219.84,4249.78,189922035,268940338445.4
2022-09-22,4219.27,4253.33,4208.42,4219.45,180814522,263419909439.1
2022-09-23,4215.14,4238.73,4164.72,4195.01,194951898,277611423769.7
2022-09-26,4164.89,4230.89,4159.71,4164.4,207770391,295474547294.5
2022-09-27,4173.5,4230.03,4160.08,4230.03,186278182,289908834401.0
2022-09-28,4217.76,4217.76,4150.98,4151.35,180287066,271490725899.3
2022-09-29,4189.97,4202.83,4129.9,4150.49,181039941,269193794869.8
2022-09-30,4154.18,4173.54,4121.34,4122.04,164105134,245835827638.0
2022-10-10,4126.19,4127.88,4032.67,4039.58,200116940,291956840537.3
2022-10-11,4049.83,4066.46,4022.37,4053.77,170516094,255533493011.8
2022-10-12,4049.1,4124.17,3983.84,4124.17,214191076,321747730550.3
2022-10-13,4095.93,4133.45,4089.57,4100.11,204741184,313291044318.3
2022-10-14,4131.62,4219.67,4129.97,4198.86,234454538,395014281260.8
2022-10-17,4178.61,4213.54,4167.84,4209.58,215653887,347649107347.7
2022-10-18,4228.18,4236.15,4197.21,4206.51,194097102,313686837696.3
2022-10-19,4195.23,4208.17,4144.93,4144.93,175455909,299027066882.8
2022-10-20,4115.27,4178.53,4089.87,4123.05,193679140,325548549945.9
2022-10-21,4124.04,4141.61,4096.73,4114.65,195576333,292947440421.7
2022-10-24,4104.5,4148.94,3996.86,4014.6,249557945,396779710943.0
2022-10-25,3999.41,4050.03,3963.2,4004.94,217999737,342958724640.9
2022-10-26,4009.95,4090.81,4009.95,4047.09,237831627,386196367841.7
2022-10-27,4057.07,4075.62,4024.54,4024.54,235086893,405443078078.1
2022-10-28,3996.18,4008.08,3908.95,3919.0,250448494,393189870202.0
2022-10-31,3882.41,3942.65,3876.59,3896.87,265481719,406634040668.2
2022-11-01,3907.21,4023.12,3902.7,4023.12,285903474,460266063224.1
2022-11-02,4009.1,4095.26,4001.11,4068.81,283923205,474814450946.3
2022-11-03,4032.61,4063.7,4022.74,4044.21,216952941,360542029624.2
2022-11-04,4043.22,4182.44,4043.22,4165.89,288442060,485602593593.9
2022-11-07,4155.53,4192.22,4143.14,4173.93,267918780,418490452703.3
2022-11-08,4172.33,4175.48,4123.43,4151.46,207283982,327723991138.1
2022-11-09,4153.77,4164.33,4117.84,4120.47,194196775,299067002088.6
2022-11-10,4090.93,4109.63,4069.82,4091.6,219911230,312298020186.3
2022-11-11,4198.66,4231.52,4154.56,4184.16,366177707,542648444665.2
2022-11-14,4208.68,4240.13,4173.32,4187.09,329151773,489601570591.3
2022-11-15,4182.16,4268.58,4171.5,4264.84,301376615,467749941376.1
2022-11-16,4261.02,4279.13,4227.24,4233.28,250381341,387699528224.3
2022-11-17,4218.8,4222.82,4176.38,4222.81,229370829,372224563993.1
2022-11-18,4226.29,4246.01,4203.26,4204.31,246259870,388867349434.9
2022-11-21,4170.43,4179.09,4138.47,4177.5,208721353,330019869686.3
2022-11-22,4172.96,4211.65,4151.9,4166.41,260572357,341077836688.0
2022-11-23,4156.8,4186.64,4138.88,4167.9,259721428,329757395379.6
2022-11-24,4184.55,4199.61,4148.71,4155.05,201274146,278179360496.5
2022-11-25,4146.1,4179.57,4134.93,4164.79,250672056,301770850459.0
2022-11-28,4088.85,4127.24,4059.33,4124.29,245765855,322003475598.4
2022-11-29,4154.36,4244.53,4154.36,4237.6,334025863,448574445259.1
2022-11-30,4226.66,4252.52,4217.98,4240.0,312159372,403177044821.4
2022-12-01,4305.51,4325.75,4278.94,4279.38,322487910,478157395583.0
2022-12-02,4271.1,4285.03,4250.16,4256.72,232287325,334592930938.0
2022-12-05,4292.71,4328.13,4285.29,4327.07,372224432,474314249601.9
2022-12-06,4310.24,4365.05,4303.91,4343.77,304481138,439799237844.5
2022-12-07,4332.02,4375.19,4319.43,4334.52,280822602,410729666753.7
2022-12-08,4329.38,4345.22,4314.26,4331.97,246251310,347386091871.1
2022-12-09,4334.18,4372.76,4316.66,4364.92,321581779,448406096204.0
2022-12-12,4345.04,4347.31,4318.48,4321.83,260033679,390026558132.8
2022-12-13,4321.72,4328.08,4303.57,4309.5,205851615,315536310912.4
2022-12-14,4315.4,4332.23,4301.75,4312.34,193617923,321521209715.9
2022-12-15,4311.03,4319.45,4287.41,4311.0,177055179,295083256753.8
2022-12-16,4288.75,4314.93,4281.12,4307.52,187089239,280900568552.9
2022-12-19,4303.8,4315.57,4216.92,4233.28,212025276,301884572468.9
2022-12-20,4220.39,4220.45,4153.33,4170.66,161720095,260416111801.9
2022-12-21,4178.97,4193.37,4154.15,4166.02,134622646,208707818068.9
2022-12-22,4193.22,4213.12,4143.31,4158.29,165937046,261417102183.3
2022-12-23,4133.59,4171.79,4129.64,4149.11,131835013,212470608263.6
2022-12-26,4152.05,4188.15,4152.05,4176.04,148429845,242338929677.0
2022-12-27,4192.77,4223.75,4188.41,4219.67,159295772,253304297924.9
2022-12-28,4206.25,4217.06,4186.3,4201.95,174523554,263350355233.9
2022-12-29,4184.86,4204.94,4171.8,4189.31,158905609,243441071103.7
2022-12-30,4206.52,4218.75,4198.95,4202.68,154118305,234412989007.1
2023-01-03,4196.65,4238.89,4167.43,4232.51,214609712,326811403717.4
2023-01-04,4230.56,4248.98,4215.3,4235.97,207821183,313356443126.4
2023-01-05,4253.87,4313.74,4252.73,4307.76,213132374,373792589442.9
2023-01-06,4307.4,4340.9,4304.7,4318.15,210197915,357340705361.5
2023-01-09,4335.27,4362.61,4331.15,4349.2,217751254,358133752039.0
2023-01-10,4351.33,4365.64,4336.73,4354.23,198144492,328838222641.7
2023-01-11,4356.32,4378.99,4338.57,4341.98,194404278,315879860998.1
2023-01-12,4353.01,4363.56,4333.61,4348.53,183452751,288589265100.7
2023-01-13,4363.06,4402.0,4357.89,4402.0,185896917,314623870061.9
2023-01-16,4406.88,4505.05,4405.74,4465.95,281015184,465534499126.6
2023-01-17,4467.31,4476.26,4446.87,4466.55,191400740,313561783224.5
2023-01-18,4470.15,4481.0,4459.15,4464.37,178756481,275178717220.8
2023-01-19,4459.47,4494.8,4442.22,4494.8,194386191,307172005788.5
2023-01-20,4505.34,4530.03,4501.87,4524.05,237458352,350704645761.1
2023-01-30,4608.39,4610.5,4542.56,4545.9,311124984,503891035972.2
2023-01-31,4542.18,4556.8,4507.14,4510.96,259852927,395995725632.5
2023-02-01,4523.77,4556.58,4497.27,4556.58,293451174,432003026453.2
2023-02-02,4569.04,4569.04,4532.75,4545.38,283116547,428710548748.5
2023-02-03,4527.09,4527.09,4463.56,4508.58,238548404,365629149628.1
2023-02-06,4472.68,4476.64,4434.22,4456.72,218678025,353997177393.9
2023-02-07,4467.23,4475.39,4444.3,4465.39,201022756,308615416611.9
2023-02-08,4470.36,4480.09,4438.37,4441.82,190780995,287578021724.7
2023-02-09,4432.7,4501.84,4429.97,4501.84,211321081,340766859023.0
2023-02-10,4495.36,4499.72,4460.49,4478.27,216817562,330343227972.9
2023-02-13,4472.07,4520.27,4466.56,4517.47,260458804,403364742548.7
2023-02-14,4525.65,4527.3,4500.07,4521.3,227174279,348882554711.1
2023-02-15,4522.87,4529.81,4492.85,4501.47,237571529,363327853387.8
2023-02-16,4502.84,4544.92,4431.75,4459.73,327699001,472106990063.0
2023-02-17,4453.02,4472.11,4401.35,4402.5,233353574,369160195122.7
2023-02-20,4408.89,4504.14,4402.58,4502.42,302128556,437412227279.2
2023-02-21,4500.35,4526.39,4487.01,4518.03,287600887,403379996869.3
2023-02-22,4491.75,4512.86,4479.15,4486.23,213373324,319927479016.2
2023-02-23,4486.04,4510.75,4462.93,4480.87,219629560,333185829311.2
2023-02-24,4480.05,4481.26,4426.73,4442.83,197946707,311088390636.6
2023-02-27,4422.12,4449.15,4414.03,4422.78,194870368,312846981296.9
2023-02-28,4437.38,4455.96,4406.31,4452.69,206926754,317894547094.2
2023-03-01,4451.91,4515.63,4442.9,4507.34,279923433,399702431116.6
2023-03-02,4501.01,4515.14,4491.86,4496.27,273566934,383550867743.6
2023-03-03,4503.3,4513.16,4475.85,4508.11,283566517,367187904982.8
2023-03-06,4510.02,4511.41,4469.27,4491.57,289817441,438203548002.7
2023-03-07,4486.24,4504.25,4420.91,4422.66,333840936,421800286198.2
2023-03-08,4404.38,4416.8,4389.75,4413.86,216634850,306123456193.8
2023-03-09,4417.0,4421.66,4379.14,4399.49,209228543,313604566190.3
2023-03-10,4370.51,4379.61,4341.1,4342.04,231907699,347431530849.6
2023-03-13,4335.69,4382.98,4335.69,4382.98,251567922,375339615109.9
2023-03-14,4374.53,4374.53,4311.62,4353.43,271744319,417202603472.5
2023-03-15,4379.33,4391.41,4360.93,4361.64,254974535,361556889118.9
2023-03-16,4332.33,4354.2,4304.28,4307.71,280148329,390023303290.1
2023-03-17,4339.7,4376.38,4318.01,4331.35,314542153,462763502921.2
2023-03-20,4336.68,4351.01,4306.78,4311.21,350845861,487586217004.7
2023-03-21,4320.66,4360.05,4320.66,4359.81,268116010,395806724322.3
2023-03-22,4370.81,4392.86,4364.79,4380.01,277495356,415048913301.5
2023-03-23,4366.18,4418.67,4363.45,4418.67,288067070,460604082541.5
2023-03-24,4416.7,4419.2,4396.11,4409.71,300463319,475234927348.7
2023-03-27,4405.66,4405.66,4369.22,4398.19,313147142,499684003417.8
2023-03-28,4401.34,4408.39,4376.65,4381.93,271051221,423672203581.6
2023-03-29,4394.42,4398.07,4369.34,4383.76,265291794,430432346757.3
2023-03-30,4386.0,4416.35,4357.31,4414.65,273119636,435163360758.8
2023-03-31,4420.02,4441.35,4417.71,4434.46,268332381,444002654858.5
2023-04-03,4442.75,4484.57,4442.75,4480.03,346045361,598226085823.2
2023-04-04,4479.18,4489.29,4464.92,4489.29,354638386,613184088677.6
2023-04-06,4469.98,4488.89,4464.92,4485.5,294767822,535984646347.9
2023-04-07,4485.97,4521.51,4481.97,4515.74,256641363,464305208423.1
2023-04-10,4524.72,4524.92,4483.6,4490.96,297587189,544220420144.0
2023-04-11,4493.06,4499.42,4469.68,4489.07,296300442,512993289842.0
2023-04-12,4489.95,4500.98,4481.37,4490.87,315413234,513590022986.7
2023-04-13,4477.03,4485.48,4451.7,4460.88,312643868,496322035774.1
2023-04-14,4471.83,4489.69,4464.22,4484.33,295996350,496944532289.7
2023-04-17,4481.28,4535.92,4480.57,4535.92,357596174,538583541100.8
2023-04-18,4525.86,4550.26,4524.71,4544.45,313655472,516143816541.2
2023-04-19,4541.41,4541.41,4501.19,4508.12,311254366,504623078685.3
2023-04-20,4505.33,4507.77,4477.01,4497.83,313207971,528372254750.5
2023-04-21,4498.79,4498.79,4403.27,4403.32,343115731,558654123830.7
2023-04-24,4402.37,4405.5,4339.67,4355.31,317794062,519580589839.1
2023-04-25,4356.72,4360.58,4278.71,4322.6,335014686,531957864598.3
2023-04-26,4308.36,4343.7,4295.7,4324.2,314868360,519762644288.8
2023-04-27,4312.49,4364.67,4307.89,4350.7,296964312,484112959107.8
2023-04-28,4353.46,4400.43,4353.46,4398.8,347384970,528272006351.0
2023-05-04,4382.88,4407.92,4374.32,4403.6,430070816,560591254150.4
2023-05-05,4403.07,4414.58,4362.52,4381.49,384887942,499912347404.7
2023-05-08,4390.95,4430.8,4384.68,4427.29,458301340,557702447756.2
2023-05-09,4428.45,4453.84,4385.34,4386.98,503695515,611859174762.6
2023-05-10,4376.23,4378.14,4344.48,4360.42,383006437,489970143319.2
2023-05-11,4369.8,4378.0,4349.52,4351.87,290869565,393327285036.0
2023-05-12,4346.69,4362.39,4296.79,4297.61,284832392,371309342716.5
2023-05-15,4299.02,4359.42,4275.87,4359.42,326100945,439151388128.4
2023-05-16,4362.32,4363.33,4322.15,4333.81,258674388,377288127318.0
2023-05-17,4326.21,4342.09,4304.51,4321.28,225714534,330781235023.1
2023-05-18,4327.52,4344.81,4301.13,4319.09,259476057,373691802465.4
2023-05-19,4309.05,4331.96,4291.12,4307.74,239517375,354619460809.7
2023-05-22,4303.92,4343.78,4296.72,4327.46,221832287,328548968609.5
2023-05-23,4326.37,4328.77,4270.57,4270.57,229789321,310584302001.7
2023-05-24,4259.35,4261.39,4218.3,4218.3,244481678,328682576922.8
2023-05-25,4211.07,4222.47,4170.51,4208.14,234073601,340082857259.8
2023-05-26,4205.53,4225.16,4175.28,4217.06,206708027,314800829710.1
2023-05-29,4228.17,4234.17,4188.07,4201.51,256999384,376903935451.0
2023-05-30,4193.48,4211.69,4153.63,4211.2,264931645,396415400394.5
2023-05-31,4199.47,4199.47,4156.48,4177.03,243863474,380259851425.1
2023-06-01,4165.5,4212.28,4161.55,4184.43,260812196,396736828330.1
2023-06-02,4198.26,4242.87,4198.26,4238.7,247321848,374770087053.8
2023-06-05,4237.1,4237.1,4209.79,4223.0,231911942,342263066791.5
2023-06-06,4218.39,4238.39,4166.25,4173.03,248826645,355727955427.6
2023-06-07,4178.75,4186.67,4147.88,4158.47,192460324,303473535737.3
2023-06-08,4157.08,4195.98,4139.74,4179.6,227682566,323507190333.0
2023-06-09,4181.86,4200.89,4171.4,4200.89,261873295,406056487759.4
2023-06-12,4191.5,4225.93,4178.68,4210.47,240371014,391994377764.7
2023-06-13,4203.36,4232.39,4199.21,4229.97,209605244,359861064864.0
2023-06-14,4236.7,4253.79,4227.39,4229.27,234644780,391978741277.6
2023-06-15,4236.5,4288.51,4236.5,4288.51,246787672,448335945977.3
2023-06-16,4293.54,4332.54,4293.16,4328.45,255109645,446064912056.3
2023-06-19,4323.53,4323.53,4291.96,4299.27,248693058,432993515720.7
2023-06-20,4293.79,4306.78,4283.53,4292.92,229151150,427693844593.6
2023-06-21,4276.69,4285.44,4219.41,4219.41,224794341,397831677811.8
2023-06-26,4186.78,4194.3,4148.45,4156.45,245072210,395917470281.6
2023-06-27,4160.03,4202.75,4156.12,4196.51,210031837,328722849223.5
2023-06-28,4188.97,4198.17,4149.82,4191.72,200965843,334642894539.5
2023-06-29,4185.93,4195.81,4170.09,4176.15,186666130,327594037254.6
2023-06-30,4170.1,4220.87,4167.32,4203.51,195773097,341513744426.2
2023-07-03,4214.18,4258.02,4214.18,4252.16,246233956,409941749733.3
2023-07-04,4248.34,4260.82,4238.91,4259.5,215078292,360820250331.8
2023-07-05,4255.51,4258.43,4223.56,4228.81,201765425,330598770867.8
2023-07-06,4217.45,4238.84,4195.87,4201.86,194086880,316721903424.9
2023-07-07,4190.18,4204.59,4175.11,4183.15,195025266,295606260692.0
2023-07-10,4199.43,4222.88,4188.06,4202.34,177202006,299301005080.2
2023-07-11,4211.21,4231.55,4200.9,4230.91,171042613,295505391414.6
2023-07-12,4227.24,4233.65,4193.36,4197.64,208214265,348465905378.8
2023-07-13,4211.83,4259.88,4211.83,4256.95,219956630,374220577129.5
2023-07-14,4263.57,4266.52,4251.89,4254.99,217328043,358111042474.8
2023-07-17,4237.63,4237.63,4209.39,4225.99,186760357,299615113688.7
2023-07-18,4229.71,4230.92,4202.87,4214.12,179158525,288414503004.3
2023-07-19,4208.29,4221.01,4187.19,4209.29,157376734,255366043610.9
2023-07-20,4215.48,4232.15,4169.89,4174.84,183237444,298005805597.0
2023-07-21,4167.38,4201.04,4160.21,4173.43,161482870,264209625113.2
2023-07-24,4156.26,4184.26,4149.83,4158.35,151411546,251071672277.3
2023-07-25,4218.95,4265.73,4218.95,4265.31,294962712,445586409309.8
2023-07-26,4259.37,4262.57,4241.94,4255.99,229706936,313459992421.8
2023-07-27,4261.3,4281.62,4237.15,4244.76,233667934,314117527078.6
2023-07-28,4231.83,4340.4,4228.27,4332.71,342907352,459239945108.0
2023-07-31,4356.7,4402.19,4346.13,4358.67,386157933,546139863486.6
2023-08-01,4354.03,4376.19,4331.42,4347.25,329875459,422249138311.0
2023-08-02,4335.36,4357.78,4308.45,4320.66,273010219,340634364268.4
2023-08-03,4311.67,4352.95,4309.01,4352.84,275485651,363587288749.9
2023-08-04,4381.05,4406.35,4359.64,4370.92,375210690,503379827406.2
2023-08-07,4354.39,4354.39,4325.63,4339.42,266629799,381506901294.0
2023-08-08,4328.8,4347.83,4309.53,4326.48,231417427,333968686840.1
2023-08-09,4313.43,4327.08,4302.35,4308.47,193449443,290688921119.2
2023-08-10,4303.13,4318.95,4286.69,4316.88,197019488,279597031567.5
2023-08-11,4318.4,4318.4,4221.34,4221.34,239154938,318939734983.7
2023-08-14,4177.39,4202.45,4150.09,4199.16,219642042,313944847438.5
2023-08-15,4201.69,4207.41,4147.73,4184.77,195514493,285063282534.4
2023-08-16,4168.2,4191.71,4153.13,4153.45,199567371,283337558407.6
2023-08-17,4135.15,4176.63,4114.48,4171.34,211991878,294946821719.5
2023-08-18,4172.57,4184.06,4115.55,4115.55,198481483,278212045582.6
2023-08-21,4104.45,4118.51,4059.32,4059.32,191544067,270071930032.2
2023-08-22,4078.38,4099.81,4027.5,4088.0,226493520,323499058595.9
2023-08-23,4081.2,4081.32,4016.69,4017.77,191268363,262347560749.7
2023-08-24,4033.63,4073.04,4019.97,4043.63,227701291,316898273971.3
2023-08-25,4022.44,4047.14,4004.39,4018.92,211424212,290331735489.3
2023-08-28,4238.24,4238.24,4053.75,4065.56,383735997,516504713342.2
2023-08-29,4055.42,4135.91,4053.85,4119.08,313338041,427611215517.7
2023-08-30,4131.4,4146.32,4108.06,4118.69,265676045,371806046244.5
2023-08-31,4116.64,4123.38,4088.81,4093.36,235296780,314829797502.9
2023-09-01,4105.65,4133.62,4103.85,4116.59,209498148,279280550166.7
2023-09-04,4137.82,4180.75,4128.72,4177.46,278034074,373928782105.4
2023-09-05,4168.1,4168.1,4140.68,4146.81,210569991,296349604058.0
2023-09-06,4133.85,4145.91,4115.75,4140.44,183922895,272594277391.8
2023-09-07,4131.02,4131.02,4079.8,4081.1,188024421,270118916103.3
2023-09-08,4069.05,4080.26,4051.27,4067.32,151158194,222256780628.3
2023-09-11,4070.46,4123.38,4062.35,4101.73,218195153,319297437535.8
2023-09-12,4099.1,4111.14,4089.86,4095.44,165426585,245149626831.2
2023-09-13,4093.51,4101.35,4046.65,4065.88,173049374,240171282454.0
2023-09-14,4065.98,4076.32,4043.65,4060.89,190633867,249557866004.7
2023-09-15,4069.38,4078.3,4029.54,4041.45,207771653,290956847138.4
2023-09-18,4030.05,4068.79,4020.05,4059.48,179033463,266216741366.1
2023-09-19,4054.88,4054.88,4030.5,4047.79,168311139,229761714714.5
2023-09-20,4042.29,4045.45,4029.04,4029.04,153082367,201772088517.6
2023-09-21,4020.78,4033.77,3995.04,3995.04,164962513,219858858542.8
2023-09-22,3994.26,4065.84,3987.4,4064.65,214350148,312512853386.2
2023-09-25,4063.23,4063.23,4035.23,4039.11,185937198,269966110309.5
2023-09-26,4035.74,4048.12,4017.93,4017.93,152354140,238232865464.6
2023-09-27,4018.81,4058.65,4018.81,4029.18,172715451,266939586939.4
2023-09-28,4040.27,4046.12,4017.66,4023.38,164699057,254957373661.7
2023-10-09,4012.79,4023.85,3974.7,4013.47,192177894,287167657136.0
2023-10-10,4024.16,4030.29,3984.36,3986.12,186890155,266560199735.7
2023-10-11,4001.92,4019.79,3984.87,3994.41,192736413,299869685314.2
2023-10-12,4023.65,4037.56,4009.07,4030.2,214866211,314545698200.6
2023-10-13,4005.68,4005.83,3979.83,3991.74,187679689,281030689415.7
2023-10-16,3992.23,3992.23,3939.7,3952.35,181720668,267222346424.2
2023-10-17,3960.18,3970.02,3944.12,3965.37,183261925,252116633015.9
2023-10-18,3956.94,3956.94,3926.89,3929.08,193499441,269292947387.9
2023-10-19,3906.17,3908.99,3855.1,3855.85,219815854,306541977136.9
2023-10-20,3839.8,3858.55,3821.42,3829.9,193454720,277304820771.0
2023-10-23,3817.26,3818.61,3754.27,3775.98,199644778,264282631656.3
2023-10-24,3785.98,3806.16,3759.79,3797.76,230293018,312719999422.9
2023-10-25,3834.06,3846.41,3814.97,3816.15,242930860,333433138206.9
2023-10-26,3795.71,3830.4,3787.82,3828.19,207628610,292981510910.9
2023-10-27,3815.59,3899.55,3809.21,3884.25,232767912,357078219757.2
2023-10-30,3876.21,3921.08,3875.88,3911.52,267044611,396039979498.5
2023-10-31,3910.01,3910.4,3880.74,3899.09,218266642,323844726883.0
2023-11-01,3927.11,3927.64,3887.03,3894.53,184831323,288583006037.8
2023-11-02,3902.65,3918.29,3870.99,3871.63,180562288,251260841438.0
2023-11-03,3875.62,3919.05,3875.62,3905.16,195532676,279875925032.6
2023-11-06,3931.83,3964.99,3926.21,3961.7,292223510,411130847131.8
2023-11-07,3952.64,3963.1,3936.46,3952.47,230867912,330332442134.7
2023-11-08,3943.63,3962.52,3923.78,3944.91,233588788,332302873383.7
2023-11-09,3937.47,3960.28,3932.75,3943.37,218234857,312394739330.1
2023-11-10,3927.15,3928.48,3906.17,3918.65,196431058,276596595295.9
2023-11-13,3927.58,3934.09,3898.16,3918.96,198866580,282655022023.3
2023-11-14,3919.84,3941.2,3910.93,3925.71,201957294,282007819807.3
2023-11-15,3962.43,3966.66,3941.34,3952.29,218017155,320796493121.2
2023-11-16,3944.0,3948.38,3913.98,3913.98,182127457,252394292118.6
2023-11-17,3903.15,3916.43,3890.88,3914.6,176741549,241065737928.6
2023-11-20,3916.71,3936.33,3892.01,3926.49,194185517,277334659477.4
2023-11-21,3937.53,3964.32,3921.26,3926.85,223455519,302662716967.4
2023-11-22,3914.12,3920.32,3884.73,3884.73,189502789,246012987547.7
2023-11-23,3881.2,3909.1,3869.44,3907.77,182842599,242651016120.5
2023-11-24,3906.38,3906.38,3873.35,3879.11,186266447,240803103327.4
2023-11-27,3874.83,3874.83,3837.11,3857.4,197320966,263666209153.5
2023-11-28,3855.45,3868.69,3842.54,3867.32,178709061,246671516480.7
2023-11-29,3867.1,3867.42,3830.3,3835.93,188350563,252872320376.1
2023-11-30,3832.79,3849.1,3823.78,3840.76,189192325,249140662252.4
2023-12-01,3838.45,3842.61,3800.92,3834.06,201902649,283533167791.1
2023-12-04,3834.72,3842.14,3814.16,3814.3,196463369,284292783581.3
2023-12-05,3803.22,3803.22,3742.95,3743.01,191770255,268665050683.8
2023-12-06,3735.66,3773.61,3731.36,3751.27,194179516,274227516628.3
2023-12-07,3745.79,3757.67,3721.36,3744.44,186761935,264571922018.1
2023-12-08,3745.56,3766.47,3737.48,3754.15,247645828,343822250273.2
2023-12-11,3732.42,3789.51,3699.16,3782.67,258232160,360392479245.4
2023-12-12,3774.25,3790.24,3770.31,3788.81,189822344,277619061618.7
2023-12-13,3780.56,3780.56,3731.96,3731.96,171215262,261920569677.9
2023-12-14,3750.98,3764.93,3713.44,3714.41,157773233,240245758042.6
2023-12-15,3727.5,3747.57,3695.1,3698.67,177913201,259538916731.7
2023-12-18,3686.36,3706.5,3669.76,3676.86,168549318,230357147952.7
2023-12-19,3673.04,3694.07,3656.22,3679.61,154131839,217485063056.3
2023-12-20,3680.98,3684.31,3637.03,3637.11,167799965,227499706099.5
2023-12-21,3623.3,3678.6,3620.36,3669.39,184068516,268101822956.9
2023-12-22,3668.01,3696.93,3649.46,3669.45,195607136,276254781917.1
2023-12-25,3662.03,3684.02,3660.46,3678.34,140461465,202856478989.6
2023-12-26,3676.21,3676.31,3638.71,3649.5,142264942,202600362330.4
2023-12-27,3651.83,3668.83,3634.37,3663.87,169801846,225178368380.2
2023-12-28,3662.33,3755.09,3657.93,3744.77,255764090,372751839265.6
2023-12-29,3740.93,3767.62,3739.38,3766.73,205860697,306106793569.5
2024-01-02,3763.26,3763.26,3727.11,3727.11,209145472,290936020138.1
2024-01-03,3719.73,3734.12,3701.67,3719.14,192319080,264982617560.6
2024-01-04,3715.35,3715.35,3663.88,3685.47,185567581,256523668754.9
2024-01-05,3679.32,3706.81,3640.92,3657.37,215939458,283336234544.6
2024-01-08,3649.61,3657.43,3601.48,3601.52,201214640,263554436252.9
2024-01-09,3603.61,3625.56,3589.11,3609.11,188070883,263236146796.7
2024-01-10,3598.0,3631.17,3578.09,3592.56,165373313,244005457482.5
2024-01-11,3590.03,3634.31,3583.84,3619.71,193831031,287130480747.2
2024-01-12,3608.63,3638.74,3605.39,3607.18,173473386,249807417172.0
2024-01-15,3592.78,3631.56,3584.0,3602.17,162776628,232359511280.3
2024-01-16,3594.55,3618.52,3573.36,3617.65,196347037,267988194793.6
2024-01-17,3608.07,3608.07,3535.99,3535.99,187511577,261447024479.2
2024-01-18,3518.81,3577.42,3465.2,3573.64,293660223,380220956553.2
2024-01-19,3560.86,3583.16,3548.39,3560.62,196968791,283301228373.2
2024-01-22,3552.93,3556.8,3449.75,3475.5,258414120,341132888979.3
2024-01-23,3465.33,3520.11,3441.11,3501.77,221956717,301600021766.5
2024-01-24,3516.84,3555.6,3450.07,3550.71,268397759,331719612119.3
2024-01-25,3548.1,3630.72,3541.73,3629.54,329141380,400343966981.5
2024-01-26,3613.14,3636.15,3600.85,3613.65,297673842,357377818478.8
2024-01-29,3615.84,3631.32,3571.18,3571.18,301041451,362533024684.2
2024-01-30,3549.57,3567.16,3501.95,3502.83,243325161,295067043437.3
2024-01-31,3486.74,3511.64,3447.22,3456.99,274236626,331925886694.3
2024-02-01,3441.06,3498.98,3426.77,3455.48,256988702,311323888820.1
2024-02-02,3458.59,3476.17,3322.41,3403.37,311259921,359448229345.8
2024-02-05,3384.4,3453.08,3296.12,3400.87,369001306,423260158919.6
2024-02-06,3379.56,3558.97,3376.94,3554.64,375771434,441527219775.1
2024-02-07,3558.01,3636.85,3540.86,3636.85,443846866,510615950703.0
2024-02-08,3647.24,3698.54,3638.3,3661.53,403653701,482495430304.8
2024-02-19,3698.18,3698.18,3654.36,3691.14,346269693,440479978046.9
2024-02-20,3677.88,3702.38,3660.51,3696.68,262380959,351701487589.5
2024-02-21,3672.86,3786.46,3663.02,3733.28,339751863,447384804029.9
2024-02-22,3727.02,3764.16,3722.6,3764.16,257635590,352644646762.0
2024-02-23,3770.57,3781.81,3744.4,3770.6,280086277,378368504290.7
2024-02-26,3766.68,3777.62,3730.65,3740.97,295267276,391552507096.9
2024-02-27,3726.44,3795.16,3722.15,3795.16,278499997,401690317981.2
2024-02-28,3799.88,3828.22,3736.35,3736.35,392398534,542436018210.4
2024-02-29,3720.86,3819.53,3720.86,3819.53,316734697,460947899201.4
2024-03-01,3819.47,3849.79,3804.92,3842.98,305007965,459678889325.5
2024-03-04,3844.9,3854.63,3818.67,3847.26,307173081,473626335178.3
2024-03-05,3828.79,3866.51,3822.36,3860.16,307238867,474178604711.6
2024-03-06,3849.41,3879.69,3833.27,3848.22,264176177,395137517302.2
2024-03-07,3846.64,3869.38,3814.88,3817.53,287941853,409281716185.1
2024-03-08,3818.35,3848.23,3801.39,3843.2,247260642,369382663019.9
2024-03-11,3842.65,3895.85,3841.54,3895.85,291184557,460007446905.1
2024-03-12,3899.42,3913.06,3875.94,3899.23,327758096,518845803715.0
2024-03-13,3897.94,3901.25,3865.5,3877.45,274336892,431425087240.9
2024-03-14,3877.0,3903.23,3844.23,3865.17,272850079,421140777110.9
2024-03-15,3856.9,3885.32,3835.95,3882.82,274721074,402710314983.4
2024-03-18,3891.88,3923.94,3887.45,3923.59,320242076,486108955742.3
2024-03-19,3912.82,3930.25,3893.44,3893.44,292349026,436215196741.0
2024-03-20,3884.68,3905.96,3882.08,3902.5,255802227,380788334308.0
2024-03-21,3910.96,3917.14,3887.19,3893.91,260232836,392414880431.4
2024-03-22,3883.9,3888.63,3827.0,3849.79,276323386,412036894770.7
2024-03-25,3840.38,3868.98,3817.6,3817.6,267793978,389998921961.8
2024-03-26,3817.74,3835.34,3801.28,3830.12,242677646,372026951524.0
2024-03-27,3825.4,3825.55,3773.43,3773.43,238733904,346233434175.2
2024-03-28,3769.93,3834.59,3766.98,3800.53,259652908,373143413446.8
2024-03-29,3796.65,3825.65,3796.6,3825.42,237690439,328323415733.8
2024-04-01,3841.15,3895.94,3841.15,3893.56,299511415,418190378254.4
2024-04-02,3890.55,3892.87,3864.07,3877.82,273421614,375987430628.7
2024-04-03,3874.78,3879.0,3856.26,3866.25,269220384,368337295746.0
2024-04-08,3851.89,3867.09,3826.22,3826.87,303892842,404510210277.2
2024-04-09,3823.68,3836.52,3810.6,3832.79,242971687,329156262852.2
2024-04-10,3827.83,3829.23,3779.29,3797.11,246698892,332005789599.7
2024-04-11,3775.46,3824.27,3775.09,3801.66,254279538,341584394743.1
2024-04-12,3803.97,3815.3,3768.49,3774.27,247446049,344711322333.9
2024-04-15,3771.06,3851.57,3766.66,3844.71,343158874,436741780242.9
2024-04-16,3826.39,3838.18,3784.37,3786.6,338737039,422094471614.0
2024-04-17,3788.68,3857.96,3781.18,3857.81,316060951,400648545682.7
2024-04-18,3841.8,3900.16,3838.24,3863.22,332071786,428668787427.4
2024-04-19,3842.69,3859.64,3820.6,3834.11,289415720,382239867257.2
2024-04-22,3824.97,3851.94,3814.67,3816.66,285845924,379701619605.7
2024-04-23,3810.63,3821.24,3778.67,3785.79,268914625,352276100320.9
2024-04-24,3792.4,3810.43,3776.13,3808.36,239037071,334771014552.7
2024-04-25,3795.34,3832.28,3790.41,3814.62,226021652,312069225286.0
2024-04-26,3815.8,3883.64,3815.8,3878.99,370993834,501833921442.9
2024-04-29,3879.04,3947.74,3877.04,3930.65,413657437,570858559084.2
2024-04-30,3925.54,3935.53,3908.01,3908.01,354094243,461817851334.0
2024-05-06,3958.56,3976.45,3953.22,3967.25,373809633,521177315992.2
2024-05-07,3967.24,3975.99,3955.89,3967.88,301369688,409524092843.3
2024-05-08,3959.27,3959.27,3930.08,3932.03,253990957,339396457136.1
2024-05-09,3932.67,3984.24,3932.67,3977.87,277680247,386694798693.2
2024-05-10,3982.52,3988.5,3948.52,3975.26,279408566,377757532015.4
2024-05-13,3953.25,3979.21,3938.26,3968.37,288895043,395848384035.0
2024-05-14,3971.81,3982.74,3950.65,3961.39,252400890,347235610679.4
2024-05-15,3955.62,3959.63,3923.93,3926.43,233647753,313006762993.1
2024-05-16,3937.59,3955.68,3925.6,3933.81,276738622,373437715026.0
2024-05-17,3931.25,3976.54,3921.48,3976.54,291486585,386974134457.1
2024-05-20,3980.74,4002.25,3976.91,3992.86,329580871,443543421393.7
2024-05-21,3983.66,3985.6,3960.58,3972.67,239369475,320407729536.5
2024-05-22,3970.97,3984.55,3962.6,3977.4,264972388,357412092704.2
2024-05-23,3964.42,3965.02,3915.23,3923.34,269230559,349954236050.7
2024-05-24,3911.96,3937.4,3880.2,3881.86,231355352,312740884180.8
2024-05-27,3888.33,3922.35,3878.35,3920.14,246915874,330929377040.4
2024-05-28,3916.67,3920.74,3884.85,3888.54,234497611,305360348967.1
2024-05-29,3887.05,3914.72,3881.67,3894.3,220267588,291835409049.2
2024-05-30,3886.89,3906.58,3867.05,3875.22,229953181,307827261268.2
2024-05-31,3880.03,3899.25,3863.65,3863.65,216613166,293727307266.8
2024-06-03,3860.16,3881.4,3841.94,3864.3,268023107,352300687152.1
2024-06-04,3858.32,3905.83,3854.68,3898.57,232628240,313626577002.7
2024-06-05,3891.87,3905.66,3869.76,3869.88,216699523,294247995147.9
2024-06-06,3878.32,3897.61,3849.37,3858.67,271261748,362504054109.6
2024-06-07,3864.01,3872.92,3815.88,3840.42,244630504,331555299617.0
2024-06-11,3820.78,3828.16,3796.32,3816.93,250959422,338942963873.4
2024-06-12,3812.34,3828.89,3807.96,3820.81,225879298,312063872334.8
2024-06-13,3823.9,3825.61,3792.53,3799.22,241478226,337986580128.4
2024-06-14,3787.45,3821.92,3777.23,3815.03,305515562,429778078245.6
2024-06-17,3794.47,3815.34,3793.03,3809.64,245404102,367998259510.9
2024-06-18,3807.63,3828.51,3807.35,3821.62,217762741,329215396990.4
2024-06-19,3820.69,3820.76,3793.94,3796.49,194492387,296530828551.7
2024-06-20,3792.37,3802.72,3759.27,3762.16,207226400,299578554001.4
2024-06-21,3753.85,3769.34,3736.91,3757.48,193025522,280827084506.1
2024-06-24,3734.33,3757.05,3718.54,3721.89,218176830,308896014295.3
2024-06-25,3719.85,3729.2,3678.91,3698.44,210084896,295570089268.8
2024-06-26,3692.13,3736.34,3679.81,3729.82,199293482,273690366732.3
2024-06-27,3715.4,3716.04,3690.71,3691.55,203455288,271477484195.4
2024-06-28,3680.67,3729.87,3680.67,3700.35,241717495,319862058610.7
2024-07-01,3697.82,3729.03,3684.08,3724.91,219142563,298839301840.7
2024-07-02,3719.84,3730.14,3701.13,3709.72,217859456,292007663434.9
2024-07-03,3708.77,3715.19,3688.36,3695.79,188385440,259156485705.1
2024-07-04,3700.92,3714.96,3666.39,3667.35,195438375,258248764576.2
2024-07-05,3664.33,3671.11,3623.6,3661.49,199742938,275141201229.6
2024-07-08,3651.54,3654.87,3615.14,3622.52,205782718,274348966054.0
2024-07-09,3616.99,3679.82,3601.96,3670.49,243031411,341753386159.1
2024-07-10,3655.69,3679.15,3649.98,3655.67,228156642,315394392863.1
2024-07-11,3684.35,3709.89,3670.08,3705.0,261167960,370678825824.1
2024-07-12,3696.03,3713.3,3692.53,3704.57,228049695,320649815156.0
2024-07-15,3693.75,3707.57,3690.25,3701.0,205341395,274319626796.8
2024-07-16,3692.29,3723.08,3689.47,3721.37,207926995,314104569475.0
2024-07-17,3717.18,3731.14,3704.36,3716.18,228711609,340763705122.1
2024-07-18,3695.07,3737.34,3684.34,3735.64,220422949,331067643518.7
2024-07-19,3714.89,3754.53,3708.13,3749.07,225738720,340054486597.3
2024-07-22,3748.69,3751.53,3706.92,3728.63,224836795,327765003565.1
2024-07-23,3723.95,3723.95,3641.66,3641.66,231301373,313435857772.0
2024-07-24,3633.65,3653.66,3605.01,3614.0,239710898,287911231648.8
2024-07-25,3598.71,3612.74,3583.81,3598.37,219622316,286016618704.9
2024-07-26,3602.86,3629.18,3596.36,3619.7,210667606,281971941684.8
2024-07-29,3616.52,3620.11,3598.31,3599.67,190889825,257676335855.1
2024-07-30,3588.93,3588.93,3563.87,3580.76,188305546,251623858103.8
2024-07-31,3575.62,3676.05,3575.31,3674.1,315140096,404850813514.2
2024-08-01,3676.34,3685.81,3646.54,3649.55,249536857,325803531306.4
2024-08-02,3622.48,3652.05,3605.76,3609.54,215145100,285325933005.0
2024-08-05,3585.59,3640.05,3558.87,3558.87,256150665,347118730214.6
2024-08-06,3586.86,3599.02,3540.92,3569.27,227115049,287011016085.6
2024-08-07,3565.23,3590.44,3554.47,3568.29,192073859,241913746528.7
2024-08-08,3558.25,3594.19,3542.37,3570.18,196804948,244847075428.5
2024-08-09,3586.56,3598.12,3554.46,3554.46,200331212,230909671241.4
2024-08-12,3550.57,3562.38,3541.57,3548.69,169039586,193920749306.6
2024-08-13,3550.37,3559.24,3529.99,3558.83,165854853,196360568794.5
2024-08-14,3557.17,3557.17,3526.53,3526.54,153330436,186490115890.4
2024-08-15,3518.35,3579.01,3514.93,3558.62,195739693,232962233047.6
2024-08-16,3559.66,3572.41,3548.36,3556.32,183898663,217812592895.8
2024-08-19,3554.46,3591.45,3554.01,3567.76,192707977,224164032763.4
2024-08-20,3571.75,3572.64,3522.17,3533.14,193514477,219262270276.5
2024-08-21,3522.87,3539.73,3511.78,3521.48,173481661,204815957382.4
2024-08-22,3522.91,3527.82,3500.62,3504.59,186223372,225905268279.4
2024-08-23,3497.06,3526.04,3496.87,3516.55,165304138,204050878195.4
2024-08-26,3520.45,3526.07,3502.39,3515.53,181109068,223435851724.9
2024-08-27,3506.47,3508.72,3485.04,3491.2,178337362,208498831509.1
2024-08-28,3484.39,3493.46,3465.5,3476.99,175377849,210226860197.3
2024-08-29,3463.52,3493.75,3460.52,3480.78,233817894,271170076278.0
2024-08-30,3477.56,3567.07,3477.56,3531.07,340288804,413125209444.2
2024-09-02,3518.58,3518.58,3468.49,3468.57,273980870,310303024196.4
2024-09-03,3465.26,3493.23,3465.26,3484.61,221486992,247838648207.8
2024-09-04,3463.56,3489.3,3461.15,3464.87,197268167,228716081172.3
2024-09-05,3466.09,3485.05,3460.87,3472.92,177693173,214766831674.4
2024-09-06,3477.19,3488.73,3439.47,3439.82,178548013,201757295008.9
2024-09-09,3422.84,3432.48,3390.13,3403.39,200617676,228423639295.2
2024-09-10,3404.19,3417.15,3372.63,3405.73,195819621,220622235943.2
2024-09-11,3395.47,3411.06,3383.75,3399.37,187688953,223221705195.2
2024-09-12,3402.78,3419.33,3384.61,3384.99,179522961,217303756012.6
2024-09-13,3386.96,3400.2,3365.84,3365.84,180870433,223159525657.3
2024-09-18,3365.33,3386.7,3345.45,3377.5,175712496,202554671616.6
2024-09-19,3386.9,3430.36,3356.53,3408.34,241051141,287191013917.3
2024-09-20,3404.43,3414.69,3381.88,3408.23,212376142,253069490711.6
2024-09-23,3407.59,3436.13,3403.04,3416.92,185280082,228981004946.9
2024-09-24,3448.0,3565.02,3426.6,3564.95,381216920,467826598530.4
2024-09-25,3616.58,3685.42,3604.75,3612.56,446157773,539072158690.8
2024-09-26,3609.76,3766.53,3603.11,3766.53,473064333,570106203353.9
2024-09-27,3841.4,3951.6,3824.61,3942.82,495665282,699339415494.3
2024-09-30,4103.89,4315.3,4052.06,4296.08,898920907,1281313476987.7
2024-10-08,4769.11,4769.11,4381.07,4564.29,1083414314,1709650760751.9
2024-10-09,4467.78,4504.7,4228.45,4245.09,913425711,1558479592557.1
2024-10-10,4270.21,4384.95,4184.61,4270.19,748533344,1108766441565.6
2024-10-11,4240.08,4243.13,4096.75,4140.29,518479878,751747530407.6
2024-10-14,4168.93,4243.03,4115.07,4225.48,558187535,813307894704.1
2024-10-15,4204.8,4240.56,4115.65,4115.65,481483467,711227531354.2
2024-10-16,4060.91,4146.56,4060.07,4093.94,424317333,599727073745.8
2024-10-17,4119.02,4149.3,4050.8,4051.3,415082505,603629454117.9
2024-10-18,4044.41,4286.15,4034.63,4202.53,600073052,972735838681.2
2024-10-21,4227.49,4275.42,4177.59,4222.55,558070820,960075330388.7
2024-10-22,4213.21,4261.17,4202.88,4249.95,460457021,755466175933.5
2024-10-23,4246.34,4312.18,4230.49,4266.54,519286589,805288555730.5
2024-10-24,4243.26,4251.0,4204.71,4221.67,382414108,597719135374.8
2024-10-25,4225.28,4297.11,4218.97,4259.34,447420592,711821558963.7
2024-10-28,4257.93,4279.43,4223.97,4279.43,486814202,703113865001.8
2024-10-29,4287.79,4307.07,4231.13,4234.42,492665127,762106525291.7
2024-10-30,4214.5,4243.66,4179.51,4210.99,471457901,700967136729.4
2024-10-31,4210.55,4255.54,4186.76,4224.15,614185921,892987921529.7
2024-11-01,4215.78,4262.97,4195.68,4210.3,677827122,905730419098.3
2024-11-04,4217.13,4272.36,4213.66,4272.36,515791354,723825473848.0
2024-11-05,4266.07,4389.67,4254.06,4386.66,683207286,1022434716018.1
2024-11-06,4396.35,4440.97,4348.69,4373.0,750995674,1141448198588.8
2024-11-07,4331.33,4492.2,4327.22,4491.61,759849737,1123960876777.3
2024-11-08,4541.38,4552.51,4444.26,4455.03,717998732,1158526761381.1
2024-11-11,4423.16,4498.03,4408.3,4497.02,623691148,1078934275462.7
2024-11-12,4502.29,4546.18,4417.15,4448.14,630635005,1113065965629.6
2024-11-13,4421.61,4476.15,4411.16,4467.53,500884772,860547279446.2
2024-11-14,4456.18,4468.3,4370.88,4376.38,469895922,781493452929.6
2024-11-15,4360.92,4384.57,4290.82,4290.82,483625506,783759481769.0
2024-11-18,4304.46,4353.02,4237.3,4258.89,589305169,768831318965.1
2024-11-19,4262.94,4301.38,4205.26,4299.55,484350681,665088700939.8
2024-11-20,4287.87,4333.64,4280.0,4317.13,401944597,608583134709.5
2024-11-21,4308.46,4331.42,4291.1,4318.63,372324868,576957324674.1
2024-11-22,4311.53,4318.9,4175.52,4175.52,441352547,665242564140.2
2024-11-25,4184.27,4197.9,4116.26,4158.67,376708013,564268344851.2
2024-11-26,4147.64,4187.49,4142.04,4143.87,297455306,434590000148.8
2024-11-27,4131.26,4219.01,4109.94,4218.9,349449399,525161077057.5
2024-11-28,4216.26,4222.41,4175.65,4182.39,322300827,490791160434.6
2024-11-29,4178.49,4281.18,4178.49,4235.36,391912257,618833214862.9
2024-12-02,4230.17,4285.83,4223.23,4277.43,433471092,625804051515.9
2024-12-03,4277.26,4292.26,4245.91,4278.68,392367376,556642000627.5
2024-12-04,4275.17,4284.69,4236.13,4251.68,390617952,546253361840.4
2024-12-05,4236.05,4263.31,4231.28,4248.75,337076274,469968179673.5
2024-12-06,4250.88,4328.17,4246.59,4304.53,457387443,607352288493.3
2024-12-09,4303.32,4327.15,4272.14,4293.25,460422167,545521879094.4
2024-12-10,4430.12,4435.12,4317.91,4324.98,573991619,811989331238.3
2024-12-11,4315.35,4340.51,4314.31,4329.84,431136787,560724792384.5
2024-12-12,4328.81,4375.41,4322.78,4371.62,425275467,592048313972.2
2024-12-13,4343.11,4343.11,4273.22,4274.22,516681278,728794830452.0
2024-12-16,4271.34,4277.41,4230.51,4242.93,393158692,569409940458.5
2024-12-17,4237.03,4278.85,4234.36,4239.02,354047637,510667613184.4
2024-12-18,4251.5,4279.49,4251.5,4262.51,345734610,470107419593.3
2024-12-19,4227.35,4277.43,4215.26,4267.87,357612234,533059099197.8
2024-12-20,4259.22,4288.78,4250.45,4256.54,333076895,553275793663.3
2024-12-23,4256.96,4288.45,4239.33,4242.71,367382847,571410472396.2
2024-12-24,4245.42,4299.31,4245.42,4297.25,328860413,506497398639.9
2024-12-25,4300.89,4311.75,4267.4,4288.49,316669879,490564592161.4
2024-12-26,4283.58,4303.9,4272.5,4298.75,288744730,507493206984.9
2024-12-27,4299.43,4330.97,4286.87,4295.85,348354164,581691708934.7
2024-12-30,4290.75,4319.79,4290.75,4310.24,320178071,518881969162.1
2024-12-31,4308.28,4314.59,4226.38,4226.38,366087252,565074448609.2
2025-01-02,4222.43,4225.08,4072.84,4100.89,411661881,608715585696.3
2025-01-03,4106.07,4119.48,4035.66,4042.52,349419986,491555830706.8
2025-01-06,4041.91,4058.51,4013.46,4037.42,297212328,419547214492.3
2025-01-07,4031.32,4071.3,4018.63,4069.96,291521057,426692122225.6
2025-01-08,4053.87,4084.51,3988.47,4060.11,333016883,482106962508.6
2025-01-09,4048.86,4070.33,4040.0,4051.69,259626629,408284870640.4
2025-01-10,4049.48,4063.55,3997.34,3997.34,267702724,435338312697.5
2025-01-13,3965.58,4010.97,3965.24,3991.69,256129137,387268494165.7
2025-01-14,3998.79,4112.65,3988.64,4105.97,342807518,553545207999.8
2025-01-15,4095.17,4100.44,4069.87,4076.99,279868763,447911048545.1
2025-01-16,4094.48,4135.02,4058.7,4084.82,293823956,488730504403.0
2025-01-17,4071.18,4123.96,4066.31,4102.22,253313136,429874925320.8
2025-01-20,4127.11,4153.86,4112.04,4121.18,275293783,465601556741.0
2025-01-21,4142.49,4143.53,4104.12,4127.21,267709706,455982486896.2
2025-01-22,4115.19,4116.37,4076.05,4093.66,252630058,456852223100.0
2025-01-23,4129.13,4166.95,4094.63,4094.77,343989538,548831832363.1
2025-01-24,4084.26,4143.59,4084.18,4130.42,288409780,477333220785.1
2025-01-27,4135.68,4150.41,4106.4,4106.4,283216828,446025969088.3
2025-02-05,4138.63,4139.11,4080.98,4093.49,312842450,561015714270.0
2025-02-06,4087.69,4157.53,4086.96,4156.79,348716369,629014058141.0
2025-02-07,4158.22,4243.75,4148.53,4212.89,454576570,815330741868.7
2025-02-10,4221.77,4235.34,4202.83,4229.83,398203944,671221620404.8
2025-02-11,4233.45,4233.45,4196.53,4209.79,348495417,598147125756.4
2025-02-12,4200.87,4255.04,4195.41,4254.64,359674695,640269462176.8
2025-02-13,4249.44,4273.22,4234.92,4234.92,400767713,689553616212.8
2025-02-14,4230.65,4274.83,4230.65,4271.34,384890714,667601731118.5
2025-02-17,4289.7,4291.83,4249.69,4278.24,447489935,787869869287.0
2025-02-18,4271.89,4291.53,4216.87,4230.24,424366582,707091890869.5
2025-02-19,4223.91,4271.99,4222.13,4271.53,388127822,677640704139.2
2025-02-20,4266.69,4276.46,4247.97,4265.07,362102647,631857828435.6
2025-02-21,4274.68,4325.5,4261.57,4323.44,479717458,901606262930.8
2025-02-24,4318.72,4339.15,4290.71,4314.18,464624416,837451397955.1
2025-02-25,4270.65,4301.98,4255.67,4266.68,384942533,718297900408.4
2025-02-26,4273.58,4307.67,4268.98,4307.62,401923400,713723530434.6
2025-02-27,4308.22,4320.35,4265.58,4309.89,419540893,756527554110.3
2025-02-28,4289.7,4307.84,4210.34,4215.63,403327961,718598687179.2
2025-03-03,4226.37,4267.16,4200.35,4219.23,362647747,623013394889.8
2025-03-04,4193.66,4231.39,4186.07,4226.33,303773178,528884561606.8
2025-03-05,4228.3,4246.35,4211.37,4242.69,321724250,532598509597.6
2025-03-06,4264.93,4313.27,4260.15,4303.88,407003767,717962129506.2
2025-03-07,4291.36,4316.16,4276.2,4287.72,374169524,641748830344.8
2025-03-10,4290.64,4296.87,4249.03,4275.5,325809568,541088449780.3
2025-03-11,4231.78,4291.48,4230.74,4291.48,318610045,532685559339.1
2025-03-12,4300.23,4310.85,4275.2,4279.27,341495726,577533568571.4
2025-03-13,4276.65,4288.01,4238.32,4258.01,350247160,548795540016.0
2025-03-14,4264.45,4358.3,4264.45,4353.99,435384837,739933359329.0
2025-03-17,4368.96,4369.3,4344.18,4347.67,346520184,569065088526.2
2025-03-18,4363.06,4373.64,4349.61,4361.17,306231539,529081508938.8
2025-03-19,4355.87,4374.27,4335.96,4357.16,298313209,504947292988.3
2025-03-20,4356.64,4357.77,4316.28,4321.11,280942535,463870263021.7
2025-03-21,4310.48,4328.5,4244.65,4256.38,340009079,535149617350.1
2025-03-24,4257.73,4277.28,4233.93,4272.0,321427108,486145771868.3
2025-03-25,4274.5,4284.71,4255.96,4265.8,287959347,431473325806.8
2025-03-26,4262.05,4279.13,4253.16,4255.72,267866298,392639006502.7
2025-03-27,4246.34,4292.37,4232.54,4267.89,261502642,408764091120.0
2025-03-28,4266.04,4271.34,4239.34,4246.28,260618141,382278672908.6
2025-03-31,4233.47,4255.46,4192.7,4213.03,321054613,458043708753.5
2025-04-01,4219.89,4239.89,4212.26,4219.91,276828876,425369625195.1
2025-04-02,4215.8,4238.09,4210.31,4218.44,225203135,338909594793.7
2025-04-03,4175.02,4217.6,4175.02,4190.06,277538414,437346821736.9
2025-04-07,3980.5,4017.85,3793.55,3867.37,549101241,780369188354.0
2025-04-08,3872.86,3923.98,3856.05,3923.98,504037977,725896437237.9
2025-04-09,3873.72,3978.55,3837.37,3974.02,507423735,743288505093.7
2025-04-10,4041.73,4061.5,4005.6,4032.29,439215262,672508996132.0
2025-04-11,4022.84,4070.41,4008.41,4051.61,333171353,546194931600.2
2025-04-14,4078.7,4087.54,4059.63,4067.12,319949480,500041763729.6
2025-04-15,4064.58,4067.18,4040.64,4064.18,257279747,390505506188.3
2025-04-16,4059.1,4066.99,4012.19,4064.9,288896230,425462132418.4
2025-04-17,4045.2,4076.07,4042.22,4064.45,236023384,357295565309.6
2025-04-18,4052.8,4073.27,4044.27,4065.38,214592767,312913530909.1
2025-04-21,4061.08,4095.22,4053.28,4090.6,244467613,368350490616.0
2025-04-22,4085.37,4103.8,4083.23,4086.45,250354946,374665020120.2
2025-04-23,4106.5,4113.16,4083.82,4090.81,258994634,425108678887.3
2025-04-24,4090.91,4110.24,4071.83,4083.33,239861256,363382245715.6
2025-04-25,4090.89,4107.36,4082.98,4089.44,264591933,392468869892.7
2025-04-28,4088.43,4090.99,4070.9,4079.72,261363184,378251605600.5
2025-04-29,4072.48,4087.12,4065.46,4075.71,238257621,355495748302.3
2025-04-30,4076.27,4092.31,4070.88,4077.15,282068279,426437046740.1
2025-05-06,4103.17,4128.29,4093.69,4127.92,321294065,484997066542.7
2025-05-07,4182.66,4186.63,4128.09,4148.28,332184056,513576940271.5
2025-05-08,4135.92,4182.09,4131.28,4169.74,261100156,434019912046.5
2025-05-09,4165.68,4166.47,4144.37,4154.57,243328534,394860216351.2
2025-05-12,4176.47,4203.79,4168.03,4203.68,289156826,495549781529.0
2025-05-13,4232.01,4232.01,4199.96,4205.95,285591380,461838668246.6
2025-05-14,4204.14,4267.49,4196.03,4246.85,328313774,507610353690.8
2025-05-15,4237.18,4237.18,4200.47,4202.28,273242517,406601637517.5
2025-05-16,4193.27,4201.24,4175.26,4187.87,235114481,350717786934.7
2025-05-19,4183.32,4186.69,4163.23,4179.23,214028353,325986862562.9
2025-05-20,4184.51,4213.72,4180.66,4201.06,221781849,353387888375.4
2025-05-21,4201.01,4228.21,4201.01,4217.63,225595885,372185117441.4
2025-05-22,4211.09,4217.57,4201.49,4205.37,216654772,339132294095.1
2025-05-23,4201.42,4226.06,4170.64,4170.64,234638617,381068981165.7
2025-05-26,4165.47,4179.42,4142.95,4155.95,206772196,336220395642.7
2025-05-27,4153.37,4157.2,4128.46,4136.11,193721788,303742453543.1
2025-05-28,4139.01,4145.03,4127.4,4130.78,183939909,282456200096.5
2025-05-29,4132.17,4173.35,4127.25,4164.28,223154370,357554695467.4
2025-05-30,4154.87,4160.73,4131.11,4140.33,221572935,337060330325.0
2025-06-03,4131.64,4164.29,4131.64,4154.22,254256992,386779615562.8
2025-06-04,4157.33,4182.53,4157.33,4175.91,232999950,362051118552.2
2025-06-05,4179.41,4194.58,4168.71,4188.77,248101768,406719379490.8
2025-06-06,4188.92,4198.64,4178.68,4184.43,219205631,350057108416.0
2025-06-09,4189.5,4212.4,4183.54,4201.63,264494913,433506079691.4
2025-06-10,4204.26,4210.74,4156.95,4176.84,283833040,446627851786.9
2025-06-11,4181.11,4224.68,4181.11,4206.76,266131479,418571376827.4
2025-06-12,4197.22,4213.7,4184.43,4206.13,259614543,425633119821.1
2025-06-13,4194.4,4201.91,4162.05,4172.49,340152910,525182697742.8
2025-06-16,4161.17,4187.56,4161.17,4185.37,265584493,417850158692.4
2025-06-17,4187.32,4192.21,4170.08,4179.45,243869150,380521492830.2
2025-06-18,4178.44,4188.05,4160.51,4182.18,240232465,385094001046.2
2025-06-19,4175.97,4179.33,4134.03,4143.67,255811792,397498155593.7
2025-06-20,4139.57,4155.69,4136.66,4139.49,219945786,348565417880.4
2025-06-23,4122.17,4164.66,4122.17,4155.02,245402695,378517210285.3
2025-06-24,4160.36,4215.71,4160.36,4209.18,305738444,486164174217.1
2025-06-25,4213.85,4275.22,4210.78,4272.22,371845981,600987703151.5
2025-06-26,4267.77,4279.67,4255.63,4256.41,345480426,563326570697.4
2025-06-27,4261.71,4287.7,4238.7,4241.78,393947637,586771219113.5
2025-06-30,4243.25,4266.74,4236.56,4262.96,311445383,515338125484.8
2025-07-01,4262.9,4275.11,4250.35,4271.93,283151727,449665995832.8
2025-07-02,4270.1,4274.57,4253.97,4264.83,309563547,441618918361.0
2025-07-03,4270.02,4294.06,4265.72,4289.93,271074052,444298636932.6
2025-07-04,4288.53,4335.35,4279.25,4299.14,322138193,501886127884.2
2025-07-07,4293.32,4296.78,4276.03,4283.43,268342636,390866092211.7
2025-07-08,4284.14,4327.91,4284.14,4324.61,325084038,509056273121.6
2025-07-09,4324.4,4341.38,4308.77,4314.41,338208198,513263232405.5
2025-07-10,4315.55,4356.55,4313.72,4334.87,386021511,555473340611.5
2025-07-11,4336.55,4393.66,4331.34,4346.97,484415872,707265314274.6
2025-07-14,4353.25,4363.63,4348.1,4348.1,397194619,547706792365.1
2025-07-15,4352.74,4372.83,4320.69,4348.82,380779165,599601332877.9
2025-07-16,4349.24,4362.91,4325.31,4339.03,299637370,513721930517.0
2025-07-17,4336.66,4373.2,4336.66,4373.14,310941699,560559805071.7
2025-07-18,4379.28,4401.22,4376.98,4395.62,339363267,590727155671.7
2025-07-21,4407.5,4429.5,4404.22,4428.88,430618983,649946627558.5
2025-07-22,4431.26,4465.55,4413.7,4465.37,503808627,764535685353.5
2025-07-23,4474.43,4502.34,4456.87,4462.89,558884050,781391138402.8
2025-07-24,4460.75,4504.72,4458.36,4504.51,587987956,807187986529.7
2025-07-25,4502.29,4508.54,4477.16,4488.12,510650291,734813586515.3
2025-07-28,4490.01,4508.31,4471.93,4499.53,437208083,712002971984.6
2025-07-29,4494.14,4519.53,4475.32,4518.65,432565509,721291228569.4
2025-07-30,4514.16,4547.5,4482.69,4510.24,461981459,749946932959.6
2025-07-31,4499.34,4500.15,4419.73,4433.07,491301643,814416209840.7
2025-08-01,4427.53,4445.48,4395.76,4414.05,362129017,614164715754.1
2025-08-04,4396.15,4435.79,4396.15,4435.79,310867382,532626076790.0
2025-08-05,4446.42,4471.09,4442.46,4469.81,333058665,542588967915.5
2025-08-06,4466.58,4489.5,4464.23,4488.01,342703792,571445564015.2
2025-08-07,4493.26,4501.46,4462.2,4485.24,369088302,633008953363.0
2025-08-08,4478.41,4493.69,4465.95,4474.83,345678728,567682987703.0
2025-08-11,4481.34,4513.32,4477.33,4501.7,365352915,637719913787.0
2025-08-12,4502.67,4528.0,4498.24,4523.73,345639741,673583768975.2
2025-08-13,4529.94,4574.28,4528.64,4566.84,429957422,816283566283.6
2025-08-14,4569.76,4604.02,4540.37,4549.54,450056763,853035487225.9
2025-08-15,4538.47,4609.09,4537.29,4598.84,506544807,900065473238.2
2025-08-18,4619.91,4681.77,4602.59,4647.22,603927331,1126857108052.8
2025-08-19,4648.16,4673.15,4621.55,4631.96,503658047,998165416872.1
2025-08-20,4614.01,4684.45,4595.99,4684.08,490715681,948486687262.9
2025-08-21,4696.65,4718.74,4675.55,4692.94,501570178,962643883370.2
2025-08-22,4692.35,4787.58,4692.35,4787.24,547218717,1122616261277.4
2025-08-25,4829.82,4890.19,4816.4,4884.53,691918951,1398604665709.2
2025-08-26,4867.38,4901.06,4851.77,4873.5,552153777,1118762667669.8
2025-08-27,4878.63,4927.91,4801.21,4801.21,661194082,1368962421840.5
2025-08-28,4793.97,4891.74,4771.67,4891.3,604896322,1303075351312.2
2025-08-29,4888.51,4946.39,4880.97,4923.87,632854761,1354235500142.8
2025-09-01,4948.2,4961.11,4915.43,4957.91,606275019,1306539468058.3
2025-09-02,4956.28,4976.01,4864.75,4903.37,597969105,1319493032493.4
2025-09-03,4917.03,4924.63,4833.07,4861.33,513403484,1105277026267.8
2025-09-04,4865.45,4869.66,4706.52,4753.63,578276503,1245116021480.1
2025-09-05,4755.96,4875.85,4737.96,4870.26,490483114,1096125492646.0
2025-09-08,4878.27,4898.51,4850.11,4890.73,511812686,1138991463883.0
2025-09-09,4869.61,4895.43,4829.17,4853.8,447219018,957622717144.6
2025-09-10,4852.08,4884.42,4825.45,4861.68,393520512,895206690137.1
2025-09-11,4854.99,4979.69,4840.27,4979.69,497215113,1162654975400.4
2025-09-12,4975.6,5004.63,4959.29,4963.53,533009510,1188935941381.6
2025-09-15,4978.11,5003.87,4964.5,4970.44,470151402,1055143385235.2
2025-09-16,4978.72,4993.71,4929.11,4972.72,491618389,1048938524199.4
2025-09-17,4966.61,5010.71,4951.42,5007.85,493980921,1054003445197.9
2025-09-18,5001.65,5041.02,4903.83,4954.18,658449367,1444225869777.8
2025-09-19,4955.12,4987.8,4938.78,4951.69,496551193,1054541176091.7
2025-09-22,4962.14,4979.07,4934.72,4978.54,428318025,985065166654.8
2025-09-23,4992.82,5011.7,4894.48,4967.94,534110696,1175582601371.7
2025-09-24,4940.72,5032.52,4938.97,5031.85,460547546,1106423769764.5
2025-09-25,5030.55,5080.58,5023.93,5057.12,465998364,1162913773838.4
2025-09-26,5038.31,5062.5,5003.48,5003.48,419926263,1028921504990.9
2025-09-29,5009.47,5106.98,4992.06,5080.13,507898296,1127259720935.7
2025-09-30,5092.14,5116.3,5081.44,5108.27,468687861,1109580476456.1
2025-10-09,5136.25,5203.17,5123.14,5188.99,630809480,1397964812740.2
2025-10-10,5155.68,5166.49,5069.32,5086.5,581277545,1294870482388.0
2025-10-13,4936.22,5073.16,4936.22,5064.12,573038171,1187287167214.1
2025-10-14,5107.03,5117.1,4966.13,4986.04,650312903,1314797518644.0
2025-10-15,4992.23,5059.46,4969.27,5058.5,502331632,1004785316127.4
2025-10-16,5039.94,5091.62,5034.64,5056.5,443171888,920404721767.2
2025-10-17,5049.36,5060.73,4927.68,4932.62,456949730,907199858035.9
2025-10-20,4982.28,4996.56,4941.52,4961.88,395254597,820473910604.8
2025-10-21,4981.1,5047.04,4973.02,5039.44,421685003,896381548208.5
2025-10-22,5004.47,5030.89,4992.51,5016.46,355077213,727135569439.6
2025-10-23,5001.67,5036.17,4955.93,5030.21,389397650,707104618632.0
2025-10-24,5049.57,5095.43,5049.57,5095.43,404138416,918048466032.2
2025-10-27,5141.0,5168.05,5125.24,5162.43,494252495,1144432440568.8
2025-10-28,5141.22,5181.17,5119.75,5135.97,423025108,993631890980.0
2025-10-29,5145.06,5206.97,5145.06,5206.97,470055457,1089040069015.6
2025-10-30,5194.0,5214.78,5154.5,5158.72,516701154,1193788555266.3
2025-10-31,5152.79,5158.49,5092.98,5092.98,513506416,1115630428147.3
2025-11-03,5089.1,5103.72,5035.27,5103.68,461556869,948000043261.7
2025-11-04,5096.97,5111.37,5025.81,5052.85,426549873,831570093665.0
2025-11-05,4986.53,5080.74,4986.53,5063.18,398626113,780205807536.0
2025-11-06,5077.6,5142.72,5077.6,5138.0,425963974,906451350351.4
2025-11-07,5115.06,5149.19,5104.87,5122.95,405417955,843972785020.5
2025-11-10,5135.95,5144.85,5097.88,5138.96,440528095,965287764586.7
2025-11-11,5151.96,5154.82,5090.15,5094.81,378299172,816226737205.1
2025-11-12,5082.89,5110.7,5050.65,5080.73,394967602,806149207732.9
2025-11-13,5079.1,5147.6,5079.1,5146.74,407257704,849656738766.2
2025-11-14,5102.26,5127.59,5064.98,5065.03,397957585,755205493510.9
2025-11-17,5058.47,5066.51,5020.6,5040.9,392006068,749763256927.5
2025-11-18,5026.47,5042.77,4982.72,5001.17,379927306,726690151168.6
2025-11-19,4999.21,5033.71,4988.97,5011.97,335711576,641985568007.8
2025-11-20,5046.64,5048.77,4977.17,4981.87,354181339,669222985231.9
2025-11-21,4920.64,4937.19,4846.8,4846.8,431784397,792264532613.9
2025-11-24,4869.84,4876.34,4817.59,4852.01,352197642,696020723889.4
2025-11-25,4882.93,4929.57,4875.74,4902.01,332284459,700728711904.2
2025-11-26,4900.25,4951.97,4894.91,4925.78,305143893,702219719462.9
2025-11-27,4928.76,4974.03,4915.75,4921.42,288152876,670802996492.2
2025-11-28,4917.53,4947.93,4901.38,4945.49,283113280,585087512557.6
2025-12-01,4959.71,4998.95,4951.1,4998.59,379355748,772395280865.2
2025-12-02,4991.73,4992.3,4954.44,4969.3,298011328,611726699883.4
2025-12-03,4970.36,4985.95,4932.62,4942.41,327601657,625794820365.8
2025-12-04,4945.44,4971.59,4922.88,4957.92,288236448,588679959199.7
2025-12-05,4958.22,5012.64,4940.45,5004.29,365538242,687255206228.8
2025-12-08,5015.16,5067.08,5014.33,5048.09,392232740,843960788895.7
2025-12-09,5035.76,5055.98,5005.32,5019.66,351061410,757636188204.1
2025-12-10,5008.24,5029.38,4970.86,5021.04,323078933,681948038716.0
2025-12-11,5028.19,5040.05,4971.65,4975.57,350267959,733175669395.8
2025-12-12,4981.8,5019.89,4954.88,5014.91,411228993,897008158334.1
2025-12-15,4981.04,5027.55,4979.13,4981.32,339764031,725407026822.6
2025-12-16,4971.29,4979.87,4898.79,4916.58,337231074,675468838696.5
2025-12-17,4918.59,5024.15,4917.46,5008.12,352837966,754914859636.8
2025-12-18,4979.71,5007.72,4974.18,4979.47,306577451,657613174955.1
2025-12-19,4990.75,5028.13,4977.72,5004.59,333719366,664315159603.6
2025-12-22,5026.94,5061.25,5026.94,5055.51,343495737,775448274338.2
2025-12-23,5059.47,5089.75,5048.74,5063.05,342732414,761700355527.4
2025-12-24,5065.58,5097.7,5049.85,5091.44,322548954,738306569976.8
2025-12-25,5085.75,5118.68,5079.2,5109.13,307848387,721723046061.2
2025-12-26,5109.13,5149.57,5100.78,5129.89,374673450,847341222678.8
2025-12-29,5132.32,5147.2,5098.49,5110.28,399241471,873059623532.4
2025-12-30,5085.03,5142.31,5084.48,5125.11,376578589,864809005176.6
2025-12-31,5132.04,5143.15,5097.39,5109.17,365187967,824861183767.7
2026-01-05,5145.47,5216.27,5145.47,5214.24,485998702,1135267845043.4
2026-01-06,5217.78,5303.14,5217.78,5303.14,610095788,1297089669864.0
2026-01-07,5312.75,5328.0,5274.42,5303.15,552999005,1247638622303.3
2026-01-08,5286.5,5303.27,5250.4,5275.37,532366692,1195109011644.2
2026-01-09,5268.43,5333.83,5268.43,5322.55,569312712,1299934690538.4
2026-01-12,5346.94,5390.23,5315.85,5383.18,630069451,1485778199364.7
2026-01-13,5393.68,5420.08,5321.14,5340.31,665580529,1536273784328.7
2026-01-14,5349.77,5427.4,5303.87,5340.62,787717026,1707293491269.7
2026-01-15,5313.78,5364.93,5312.58,5347.43,567599466,1274860818479.0
2026-01-16,5372.57,5393.02,5318.92,5333.45,607257971,1401809708392.7
2026-01-19,5317.9,5372.7,5317.9,5345.79,529109874,1216075340002.9
2026-01-20,5351.42,5365.4,5279.04,5325.81,572584039,1260132164059.5
2026-01-21,5312.82,5373.48,5312.82,5346.31,509657713,1182922695994.8
2026-01-22,5364.23,5383.62,5328.89,5355.64,543005176,1236373377814.4
2026-01-23,5366.82,5384.89,5350.51,5376.18,634325514,1395039182570.3
2026-01-26,5392.98,5414.63,5350.75,5364.28,712290078,1488937492714.9
2026-01-27,5355.04,5400.44,5313.46,5371.1,604328302,1326153830109.5
2026-01-28,5390.15,5414.02,5360.96,5390.68,694029859,1442145584904.9
2026-01-29,5399.76,5426.27,5369.42,5404.07,769711442,1584223031487.6
2026-01-30,5364.8,5384.87,5256.94,5338.51,648733701,1351062259665.9
2026-02-02,5295.87,5330.0,5192.25,5195.9,604419522,1271976037969.8
2026-02-03,5248.33,5287.35,5181.02,5285.77,537776540,1209891329001.8
2026-02-04,5273.06,5323.32,5256.3,5319.08,533741309,1137905336698.4
2026-02-05,5273.98,5295.23,5231.92,5267.96,469696866,985710868260.8
2026-02-06,5212.75,5291.78,5193.15,5246.45,421358622,924133241018.7
2026-02-09,5311.54,5338.76,5292.6,5337.74,418919504,950739586451.0
2026-02-10,5338.44,5351.59,5324.9,5341.05,382807178,844622890137.4
2026-02-11,5332.05,5351.02,5329.02,5336.22,377411384,822041042806.3
2026-02-12,5344.27,5363.05,5340.63,5358.99,409979757,928794303479.2
2026-02-13,5327.33,5343.26,5285.16,5288.4,391953481,859199055130.4
2026-02-24,5361.44,5366.83,5326.11,5343.63,443118168,975798075928.2
2026-02-25,5352.03,5416.38,5351.15,5391.41,562161743,1103752542446.0
2026-02-26,5398.67,5400.12,5364.27,5389.66,488959408,1113833578555.6
2026-02-27,5356.02,5399.46,5356.02,5395.39,541782032,1091642935591.0
2026-03-02,5358.09,5418.2,5341.27,5409.87,688293048,1372187296765.0
2026-03-03,5415.47,5420.9,5275.23,5281.43,716778177,1436319719142.6
2026-03-04,5222.78,5285.09,5206.04,5232.52,575143380,1080393273909.2
2026-03-05,5297.17,5310.44,5255.19,5279.95,515661279,1043384539683.4
2026-03-06,5252.2,5312.39,5245.22,5299.69,473042886,915502212270.1
2026-03-09,5227.88,5261.78,5155.53,5248.51,609306127,1189650036072.4
2026-03-10,5286.76,5322.17,5286.76,5320.48,503845106,1022690155135.4
2026-03-11,5327.2,5354.61,5319.55,5343.1,534662832,1075316878410.7
2026-03-12,5338.84,5347.64,5281.96,5321.34,585423320,1050519145197.1
2026-03-13,5298.73,5339.59,5272.51,5284.32,598902999,1062672896873.2
2026-03-16,5282.14,5286.25,5213.12,5276.12,552421052,1059595995733.9
2026-03-17,5290.14,5318.68,5217.28,5217.28,493154713,984748848714.5
2026-03-18,5231.74,5253.89,5180.2,5249.01,441184627,915416558935.5
2026-03-19,5188.92,5209.16,5131.84,5147.91,473875315,942705335731.4
2026-03-20,5170.41,5194.19,5109.8,5113.12,477322491,1032576779868.7
2026-03-23,5033.11,5061.04,4910.08,4934.02,599642968,1123658269570.4
2026-03-24,4988.14,5008.74,4903.73,5008.71,484498935,918687552697.7
2026-03-25,5046.06,5096.84,5046.06,5090.78,503350833,973806325140.2
2026-03-26,5079.04,5094.88,5008.46,5019.28,419952914,827044177725.4
2026-03-27,4963.15,5079.64,4963.15,5057.13,380605454,784722245937.9
2026-03-30,5008.99,5057.47,4989.84,5051.58,407131661,806071724783.9
2026-03-31,5049.12,5082.45,4992.57,4992.57,423627620,861060246021.7
2026-04-01,5073.92,5088.51,5044.15,5078.35,392443867,858543551796.9
2026-04-02,5064.61,5070.82,4990.18,5013.55,363077033,755538999902.7
2026-04-03,5030.58,5032.59,4964.18,4969.83,319959061,656567365036.3
2026-04-07,4978.96,5001.16,4952.72,4976.41,309600143,657632801691.9
2026-04-08,5069.76,5170.45,5068.73,5170.45,485275826,1102163040290.4
2026-04-09,5129.16,5157.76,5118.47,5138.22,375495433,898477918071.0
2026-04-10,5172.49,5232.76,5167.78,5207.92,412082955,1059639799380.3
2026-04-13,5181.13,5225.41,5181.13,5215.32,391660972,966324611438.6
2026-04-14,5252.67,5282.09,5228.86,5282.09,418996004,1065849006680.3
2026-04-15,5312.92,5317.47,5246.72,5260.93,405344566,1061535960867.1
2026-04-16,5272.79,5330.39,5268.19,5327.48,380513284,997607539093.9
2026-04-17,5316.78,5338.04,5306.3,5327.44,374494176,1041033537959.3
2026-04-20,5327.97,5373.03,5322.1,5364.65,435397514,1133956587744.1
2026-04-21,5354.13,5378.38,5317.54,5369.48,407450375,1021931121091.3
2026-04-22,5347.96,5416.04,5347.96,5414.57,417819065,1121457223296.2
2026-04-23,5429.9,5435.6,5354.8,5388.84,482352725,1258950983082.5
2026-04-24,5367.74,5389.47,5328.85,5366.41,416110207,1198715931895.3
2026-04-27,5369.89,5395.84,5361.76,5377.18,417392352,1173123845951.5
2026-04-28,5361.5,5378.6,5331.76,5349.29,436833363,1126036238443.4
2026-04-29,5324.04,5422.02,5323.73,5416.92,464170126,1170735592954.8
2026-04-30,5423.42,5431.62,5399.74,5415.79,498188021,1261701857996.8
2026-05-06,5473.32,5534.52,5459.69,5516.27,549091332,1517351849417.6
2026-05-07,5540.49,5556.3,5510.29,5555.22,528828152,1407676850770.8
2026-05-08,5520.82,5545.45,5500.26,5531.74,522864531,1325548758474.0
2026-05-11,5570.45,5631.26,5550.82,5623.03,594064997,1613603851049.5
2026-05-12,5636.68,5636.68,5583.84,5610.0,543682969,1452909426927.4
2026-05-13,5576.76,5678.61,5576.76,5675.0,522551425,1460225983886.0
2026-05-14,5705.01,5707.73,5561.6,5561.6,570197945,1515671461108.8
2026-05-15,5560.41,5587.22,5459.17,5492.53,547929531,1530711383602.6
2026-05-18,5465.77,5512.75,5440.82,5474.89,470171004,1292713739964.0
2026-05-19,5457.39,5506.18,5401.59,5504.14,476149673,1283708024448.5
2026-05-20,5476.78,5522.91,5470.62,5507.65,450441904,1304132861566.3
2026-05-21,5544.93,5601.37,5405.21,5409.38,566831664,1579544041419.5
2026-05-22,5448.11,5496.02,5412.43,5488.41,508550826,1328255984352.6
2026-05-25,5521.08,5574.41,5493.94,5573.49,499796126,1490512411993.5
2026-05-26,5549.08,5592.76,5520.47,5586.2,549907320,1546333937867.4
2026-05-27,5580.76,5618.58,5509.72,5530.59,560825909,1585939860452.8
2026-05-28,5510.32,5554.13,5458.59,5541.44,509672737,1416174656064.4
2026-05-29,5565.11,5571.43,5463.38,5485.86,613709226,1603643185261.4
2026-06-01,5490.3,5522.71,5422.72,5431.52,554309078,1408208471413.6
2026-06-02,5447.76,5519.37,5397.39,5496.82,521321357,1354802256047.7
2026-06-03,5501.45,5583.51,5484.01,5523.88,557612478,1514215597819.1
2026-06-04,5475.24,5528.14,5472.36,5495.48,495630886,1306274806505.9
2026-06-05,5473.93,5511.99,5384.65,5405.26,549018683,1452110272796.6
2026-06-08,5263.68,5355.02,5226.1,5268.79,544440763,1323595344863.1
2026-06-09,5310.57,5380.54,5274.06,5379.19,467684579,1219771787366.8
2026-06-10,5324.8,5360.81,5275.08,5315.54,470207207,1203786829609.2
2026-06-11,5293.55,5334.84,5249.16,5289.28,444034835,1166630677352.3
2026-06-12,5367.8,5400.08,5338.03,5346.5,602166143,1540157245925.0
2026-06-15,5401.19,5494.19,5379.86,5493.64,586878714,1538565382066.7
2026-06-16,5500.55,5529.14,5481.0,5505.72,514079837,1494796193397.8
2026-06-17,5475.62,5568.04,5475.62,5565.51,500699966,1505978858073.3
2026-06-18,5546.45,5614.54,5546.45,5582.09,573927481,1689184721801.0
2026-06-22,5594.97,5715.2,5567.56,5713.38,655123243,1905746332384.6
2026-06-23,5697.23,5716.16,5533.88,5566.78,615122484,1760938598379.4
2026-06-24,5542.34,5623.05,5540.9,5613.74,557560498,1648965454135.8
2026-06-25,5620.56,5700.1,5614.35,5693.6,606766376,1854160909993.7
2026-06-26,5653.98,5657.32,5499.02,5527.79,599737535,1813620896981.2
2026-06-29,5531.05,5598.67,5479.85,5596.71,574677200,1795291898435.1
2026-06-30,5585.51,5685.36,5579.67,5677.23,530481035,1680891224337.8
2026-07-01,5675.45,5727.1,5619.91,5660.13,606039325,1859360033544.1
2026-07-02,5547.94,5591.85,5466.24,5480.56,604525165,1760752066451.0
2026-07-03,5479.74,5574.33,5472.78,5514.06,531215992,1603701122722.6
2026-07-06,5543.75,5556.82,5440.27,5497.02,524203453,1555259382563.2
2026-07-07,5465.66,5497.25,5392.91,5430.96,445945189,1293555641681.2
2026-07-08,5446.34,5473.0,5368.08,5379.72,441148914,1333947159091.5
2026-07-09,5403.55,5531.82,5343.96,5525.27,496708193,1549846220110.2
2026-07-10,5537.93,5570.3,5420.71,5420.75,555544674,1797318621551.9
2026-07-13,5374.93,5404.0,5259.32,5285.5,502672484,1480920439992.9
2026-07-14,5281.48,5392.61,5214.94,5392.61,499092076,1487039661098.4
2026-07-15,5397.05,5420.4,5352.38,5361.64,487808192,1370903283057.1
2026-07-16,5275.01,5346.92,5226.63,5255.23,444671580,1273437627875.9
2026-07-17,5215.27,5218.38,5000.71,5037.96,539375629,1432782211148.9
2026-07-20,5090.98,5135.16,4985.04,5075.96,586879361,1471033465510.5
2026-07-21,5107.15,5260.77,5024.67,5260.62,613785043,1623682494780.5
2026-07-22,5226.81,5302.5,5205.01,5233.92,516303642,1490599178538.8
2026-07-23,5248.38,5254.91,5202.32,5239.57,452306095,1194855285520.0
2026-07-24,5185.29,5214.2,5143.86,5171.53,344889635,875623702402.6
