序号,基金代码,基金简称,日期,单位净值,累计净值,日增长率,近1周,近1月,近3月,近6月,近1年,近2年,近3年,今年来,成立来,自定义,手续费
1,005825,申万菱信智能驱动股票A,2026-07-22,9.0684,9.5108,-2.39,-9.88,-8.62,45.65,61.0,204.78,282.55,242.9,84.84,957.64,205.8173,0.15%
2,015159,申万菱信智能驱动股票C,2026-07-22,8.8605,9.317,-2.39,-9.89,-8.65,45.51,60.69,203.58,279.48,238.78,84.43,171.63,204.6206,0.00%
3,006502,财通集成电路产业股票A,2026-07-22,6.6734,6.6734,-5.3,-18.86,-35.56,14.82,57.09,193.66,325.11,321.33,68.7,567.34,192.1548,0.15%
4,014736,创金合信专精特新股票发起A,2026-07-22,3.4887,3.4887,-0.46,-6.22,-0.5,56.94,69.77,191.48,313.06,216.06,101.39,248.87,187.6329,0.15%
5,006503,财通集成电路产业股票C,2026-07-22,6.2784,6.2784,-5.3,-18.87,-35.6,14.59,56.47,191.34,318.42,311.37,67.96,527.84,189.8615,0.00%
6,014737,创金合信专精特新股票发起C,2026-07-22,3.4115,3.4115,-0.46,-6.23,-0.53,56.75,69.35,190.02,308.95,211.35,100.84,241.15,186.1997,0.00%
7,006265,红土创新新科技股票A,2026-07-22,9.0058,9.0558,-4.55,-12.67,-24.73,7.76,59.59,188.87,303.43,226.63,74.7,814.28,187.5323,0.15%
8,010391,易方达战略新兴产业股票A,2026-07-22,2.7539,2.8939,-3.71,-8.03,-11.72,27.64,63.38,183.81,310.91,290.93,71.24,194.17,183.4567,0.15%
9,010392,易方达战略新兴产业股票C,2026-07-22,2.6892,2.8292,-3.71,-8.04,-11.75,27.51,63.06,182.65,307.54,286.15,70.86,187.68,182.3178,0.00%
10,005628,汇安趋势动力股票A,2026-07-22,2.7938,2.7938,-1.57,-6.96,-4.24,54.88,65.05,173.05,153.91,123.72,105.82,179.38,170.3241,0.15%
11,005629,汇安趋势动力股票C,2026-07-22,2.6738,2.6738,-1.58,-6.97,-4.28,54.68,64.64,171.67,151.39,120.39,105.25,167.38,168.9669,0.00%
12,002289,华商改革创新股票A,2026-07-22,6.0556,6.0556,-0.78,-2.78,9.32,62.06,67.0,167.07,237.17,200.76,101.18,505.56,166.2621,0.15%
13,016052,华商改革创新股票C,2026-07-22,5.8807,5.8807,-0.78,-2.79,9.27,61.7,66.38,165.3,232.71,193.81,100.38,145.35,164.4913,0.00%
14,519935,长信创新驱动股票,2026-07-22,3.622,3.622,-0.44,-6.0,-11.4,17.56,40.12,163.99,258.26,190.22,51.61,262.2,161.1391,0.15%
15,001048,富国新兴产业股票A,2026-07-22,6.4043,6.4043,-3.44,-7.17,-14.13,23.31,53.88,163.44,277.39,213.78,65.43,540.43,164.7499,0.15%
16,015686,富国新兴产业股票C,2026-07-22,6.2543,6.2543,-3.44,-7.18,-14.18,23.13,53.42,161.8,273.17,208.4,64.88,255.16,163.2281,0.00%
17,006081,海富通电子传媒股票A,2026-07-22,6.1458,6.1458,-4.03,-10.4,-18.92,19.33,50.23,160.87,198.75,138.19,58.09,514.58,160.8795,0.15%
18,006080,海富通电子传媒股票C,2026-07-22,5.7339,5.7339,-4.03,-10.41,-18.97,19.1,49.64,158.8,194.05,132.57,57.41,473.39,158.8084,0.00%
19,012696,同泰数字经济股票A,2026-07-22,1.9343,1.9343,-3.66,-8.79,-14.06,26.26,41.24,157.67,246.96,203.94,63.3,93.43,157.9755,0.15%
20,010013,易方达信息行业精选股票A,2026-07-22,2.7339,2.7739,-3.4,-8.3,-20.91,16.46,49.51,156.96,248.97,219.53,57.68,179.59,157.4994,0.15%
21,012697,同泰数字经济股票C,2026-07-22,1.8962,1.8962,-3.65,-8.79,-14.09,26.14,40.97,156.66,244.2,200.32,62.95,89.62,156.9725,0.00%
22,001404,招商移动互联网产业股票基金A,2026-07-22,3.0078,3.0078,-0.46,0.02,5.62,49.39,49.99,156.33,150.13,130.2,73.18,200.78,154.2949,0.15%
23,019024,易方达信息行业精选股票C,2026-07-22,2.6963,2.7363,-3.4,-8.31,-20.94,16.32,49.14,155.65,245.38,,57.24,258.16,156.1966,0.00%
24,015773,招商移动互联网产业股票基金C,2026-07-22,3.0079,3.0079,-0.46,0.01,5.6,49.29,49.77,155.6,148.65,128.15,72.9,151.06,153.5531,0.00%
25,000411,景顺长城优质成长股票A,2026-07-22,4.489,5.042,-2.18,-10.04,-21.97,8.77,40.15,152.47,236.25,266.64,50.44,567.91,152.3328,0.15%
26,021500,景顺长城优质成长股票C,2026-07-22,4.453,4.453,-2.17,-10.04,-21.99,8.66,39.9,151.44,233.81,,50.08,255.96,151.298,0.00%
27,001877,宝盈国家安全沪港深股票A,2026-07-22,3.545,3.545,-3.68,-11.22,-24.77,1.62,33.97,150.25,202.22,196.5,45.35,254.5,149.8062,0.15%
28,013613,宝盈国家安全沪港深股票C,2026-07-22,3.4463,3.4463,-3.68,-11.23,-24.81,1.47,33.58,148.9,198.69,191.29,44.86,100.04,148.4894,0.00%
29,011377,创金合信积极成长股票A,2026-07-22,2.6025,2.6025,-2.26,-4.59,-0.36,53.31,53.78,146.59,263.73,214.46,84.67,160.25,146.4955,0.15%
30,000697,汇添富移动互联股票A,2026-07-22,4.065,4.065,-3.63,-9.55,-16.94,13.17,39.4,146.07,195.64,147.56,48.14,306.5,145.7678,0.15%
31,011378,创金合信积极成长股票C,2026-07-22,2.5318,2.5318,-2.26,-4.6,-0.4,53.13,53.4,145.35,260.09,209.66,84.16,153.18,145.2344,0.00%
32,015199,汇添富移动互联股票D,2026-07-22,3.995,3.995,-3.62,-9.55,-16.96,13.04,39.15,145.24,193.53,144.49,47.8,119.26,144.7917,0.00%
33,008382,融通产业趋势股票A,2026-07-22,1.9938,2.0488,-5.91,-15.26,-32.88,-3.7,43.49,145.15,232.36,152.7,48.34,109.1,145.3908,0.15%
34,015198,汇添富移动互联股票C,2026-07-22,3.962,3.962,-3.65,-9.56,-16.99,12.97,38.97,144.57,191.75,143.22,47.67,117.45,144.1158,0.00%
35,000688,景顺长城研究精选股票A,2026-07-22,4.031,4.281,-3.1,-7.14,-17.23,12.16,36.55,143.56,207.94,227.99,46.32,382.66,142.8313,0.15%
36,021937,华安半导体产业股票发起式A,2026-07-22,2.4781,2.4781,-1.62,-7.43,-11.85,21.36,39.43,142.67,,,63.01,147.81,140.5689,0.15%
37,017744,嘉实绿色主题股票发起式A,2026-07-22,2.4245,2.4245,-1.83,-6.81,-9.25,38.5,43.36,142.38,244.93,170.23,86.17,142.45,142.1594,0.15%
38,006751,富国互联科技股票A,2026-07-22,6.1916,6.1916,-4.58,-9.41,-20.13,6.83,43.0,142.32,177.22,178.95,49.31,519.16,143.1511,0.15%
39,018998,景顺长城研究精选股票C,2026-07-22,3.962,3.962,-3.11,-7.15,-17.27,11.98,36.15,142.18,204.3,,45.88,226.36,141.4381,0.00%
40,021938,华安半导体产业股票发起式C,2026-07-22,2.4589,2.4589,-1.62,-7.44,-11.88,21.19,39.07,141.21,,,62.54,145.89,139.1461,0.00%
41,017745,嘉实绿色主题股票发起式C,2026-07-22,2.3754,2.3754,-1.83,-6.83,-9.29,38.27,42.92,140.94,240.75,165.44,85.53,137.54,140.6931,0.00%
42,011126,富国互联科技股票C,2026-07-22,5.9915,5.9915,-4.58,-9.42,-20.17,6.67,42.57,140.86,173.97,174.03,48.81,133.9,141.6902,0.00%
43,007685,华商电子行业量化股票发起式A,2026-07-22,3.9432,3.9432,-2.21,-5.06,-6.04,44.87,53.15,139.52,194.16,182.69,71.64,294.32,137.8861,0.15%
44,001956,国联安科技动力,2026-07-22,3.6797,3.6797,-3.62,-13.82,-27.57,-0.01,39.72,139.5,187.05,141.93,45.06,267.97,139.517,0.15%
45,014191,广发先进制造股票发起式A,2026-07-22,2.2457,2.2457,-4.18,-10.13,-28.64,-4.5,22.24,139.36,170.66,166.65,34.99,124.57,139.9508,0.15%
46,022831,华商电子行业量化股票发起式C,2026-07-22,3.9194,3.9194,-2.21,-5.07,-6.07,44.73,52.84,138.57,,,71.27,149.44,136.9506,0.00%
47,014192,广发先进制造股票发起式C,2026-07-22,2.208,2.208,-4.18,-10.14,-28.66,-4.59,22.0,138.55,168.65,163.61,34.7,120.8,139.1163,0.00%
48,001105,信澳转型创新股票A,2026-07-22,2.316,2.316,-3.06,-12.6,-22.83,10.44,41.13,134.41,224.82,181.07,53.78,131.6,137.5385,0.15%
49,020476,泰康半导体量化选股股票发起式A,2026-07-22,3.5124,3.5124,-0.75,-3.8,-7.03,40.52,35.99,133.26,220.86,,60.57,251.24,131.5054,0.12%
50,015608,信澳转型创新股票C,2026-07-22,2.259,2.259,-3.09,-12.65,-22.87,10.25,40.66,132.89,220.88,175.82,53.26,132.89,136.0502,0.00%
51,020477,泰康半导体量化选股股票发起式C,2026-07-22,3.4819,3.4819,-0.76,-3.8,-7.06,40.38,35.72,132.34,218.33,,60.23,248.19,130.6047,0.00%
52,017746,建信电子行业股票A,2026-07-22,2.852,2.852,-2.58,-8.71,-9.8,33.53,31.59,131.44,244.32,197.64,55.87,185.2,131.137,0.15%
53,017747,建信电子行业股票C,2026-07-22,2.8154,2.8154,-2.59,-8.72,-9.83,33.4,31.33,130.52,241.63,194.16,55.52,181.54,130.2421,0.00%
54,501201,红土创新科技创新股票(LOF)A,2026-07-22,2.5499,2.5499,-4.49,-13.1,-25.44,5.77,55.66,130.34,215.0,82.7,69.25,154.99,132.4007,0.15%
55,017488,嘉实信息产业股票发起式A,2026-07-22,3.478,3.478,-3.69,-10.49,-22.84,1.76,39.77,129.12,225.81,163.88,49.01,247.8,129.1324,0.15%
56,017489,嘉实信息产业股票发起式C,2026-07-22,3.4046,3.4046,-3.69,-10.5,-22.88,1.61,39.36,127.72,221.89,159.16,48.52,240.46,127.7477,0.00%
57,540010,汇丰晋信科技先锋股票,2026-07-22,5.0397,5.0397,-3.88,-14.34,-28.09,-3.09,26.39,124.49,200.32,143.79,37.76,403.97,123.2326,0.15%
58,005310,广发电子信息传媒股票A,2026-07-22,5.1562,5.1562,-2.06,-5.91,-19.66,16.41,34.05,122.51,170.23,116.6,49.4,415.62,121.9343,0.15%
59,010236,广发电子信息传媒股票C,2026-07-22,5.0439,5.0439,-2.06,-5.91,-19.69,16.3,33.79,121.63,168.08,114.02,49.07,201.9,121.0492,0.00%
60,014416,泰康研究精选股票发起A,2026-07-22,1.9472,1.9472,-3.52,-7.73,-18.64,12.41,30.12,118.93,199.48,149.87,42.21,94.72,118.9834,0.15%
61,019759,中欧半导体产业股票发起A,2026-07-22,2.5649,2.5649,-2.43,-5.34,0.31,42.37,38.34,117.94,183.45,,63.96,156.49,116.2465,0.15%
62,014417,泰康研究精选股票发起C,2026-07-22,1.9036,1.9036,-3.52,-7.74,-18.67,12.27,29.81,117.85,196.56,146.2,41.83,90.36,117.9279,0.00%
63,003853,金鹰信息产业股票A,2026-07-22,5.8361,6.7946,-1.7,-6.87,-10.56,24.8,46.36,117.71,155.35,104.89,54.94,691.64,118.556,0.12%
64,005885,金鹰信息产业股票C,2026-07-22,5.7031,6.6416,-1.7,-6.87,-10.59,24.68,46.07,116.85,153.32,102.45,54.6,638.93,117.6839,0.00%
65,019764,中欧半导体产业股票发起C,2026-07-22,2.5315,2.5315,-2.44,-5.35,0.27,42.2,37.99,116.85,180.69,,63.51,153.15,115.1721,0.00%
66,014299,宏利先进制造股票A,2026-07-22,1.8082,1.8082,-1.77,-8.54,-6.96,53.89,44.61,116.58,156.05,122.68,64.98,80.82,113.5333,0.15%
67,014300,宏利先进制造股票C,2026-07-22,1.7828,1.7828,-1.77,-8.55,-6.98,53.78,44.39,115.78,154.36,120.53,64.71,78.28,112.77,0.00%
68,013242,华银优势行业股票,2026-07-22,2.0468,2.0468,-2.32,-13.44,-25.19,9.23,34.29,115.14,221.98,198.41,52.0,104.68,114.3471,0.15%
69,001416,嘉实事件驱动股票,2026-07-22,1.55,1.55,-4.62,-12.77,-24.09,7.04,42.2,114.38,100.52,77.75,52.41,55.0,113.4986,0.15%
70,004352,华银研究精选股票,2026-07-22,2.7803,2.7803,0.02,-1.41,-9.0,35.65,44.39,112.77,130.6,124.71,57.74,178.03,113.2459,0.15%
71,020775,国寿安保产业升级股票发起式A,2026-07-22,2.1742,2.1742,-1.56,-9.29,-22.33,2.87,33.71,110.03,130.81,,62.21,117.42,112.511,0.12%
72,020774,国寿安保产业升级股票发起式C,2026-07-22,2.1501,2.1501,-1.57,-9.31,-22.36,2.74,33.4,109.01,128.54,,61.76,115.01,111.4783,0.00%
73,000828,宏利转型机遇股票A,2026-07-22,6.423,6.643,-1.0,-0.86,-2.39,16.57,30.79,107.73,176.73,189.72,39.15,671.82,109.4229,0.12%
74,012800,宏利转型机遇股票C,2026-07-22,6.327,6.327,-1.02,-0.88,-2.42,16.48,30.59,107.1,174.97,187.07,38.9,76.53,108.743,0.00%
75,001036,嘉实企业变革股票,2026-07-22,3.11,3.11,-2.45,-7.58,-10.56,29.8,41.62,106.64,146.63,99.1,67.56,211.0,106.6445,0.15%
76,009891,融通产业趋势臻选股票A,2026-07-22,2.898,2.898,-5.82,-15.03,-31.86,-6.13,27.42,105.12,194.6,186.99,31.18,189.8,105.3426,0.15%
77,001313,摩根智慧互联股票A,2026-07-22,1.9333,1.9333,-2.56,-5.96,-15.35,9.0,28.36,104.58,179.54,132.93,33.85,93.33,104.9073,0.15%
78,018495,融通产业趋势臻选股票C,2026-07-22,2.8088,2.8088,-5.81,-15.03,-31.89,-6.27,27.06,103.94,187.61,178.43,30.75,166.82,104.1427,0.00%
79,016919,摩根智慧互联股票C,2026-07-22,1.8971,1.8971,-2.56,-5.97,-15.38,8.87,28.04,103.55,176.79,129.45,33.47,118.43,103.8796,0.00%
80,002861,工银智能制造股票A,2026-07-22,3.51,3.51,-2.9,-5.95,-11.3,4.53,17.51,103.12,177.25,162.53,37.0,251.0,103.8328,0.15%
81,019765,国寿安保优选国企股票发起式A,2026-07-22,2.362,2.362,-2.21,-5.92,-7.5,35.08,40.14,102.92,139.92,,62.14,136.2,103.8491,0.12%
82,019766,国寿安保优选国企股票发起式C,2026-07-22,2.3309,2.3309,-2.21,-5.92,-7.53,34.91,39.8,101.9,137.56,,61.69,133.09,102.8281,0.00%
83,022710,工银智能制造股票C,2026-07-22,3.478,3.478,-2.88,-5.95,-11.32,4.38,17.14,101.86,,,36.55,138.22,102.6807,0.00%
84,001070,建信信息产业股票A,2026-07-22,5.044,5.044,-2.79,-11.15,-20.82,19.41,30.71,101.12,151.7,102.9,46.37,404.4,101.9215,0.15%
85,009491,宝盈创新驱动股票A,2026-07-22,2.5593,2.5593,-3.79,-11.35,-22.48,5.46,38.78,100.9,177.76,173.23,42.52,155.93,99.7424,0.15%
86,001396,建信互联网+产业升级股票,2026-07-22,2.126,2.126,-3.14,-7.32,-19.19,12.19,38.68,100.57,140.23,104.82,51.21,112.6,100.566,0.15%
87,014863,建信信息产业股票C,2026-07-22,4.964,4.964,-2.78,-11.17,-20.84,19.3,30.43,100.32,150.2,100.81,46.04,68.61,101.0531,0.00%
88,009492,宝盈创新驱动股票C,2026-07-22,2.4839,2.4839,-3.79,-11.36,-22.52,5.33,38.43,99.91,174.98,169.11,42.12,148.39,98.7438,0.00%
89,013339,创金合信芯片产业股票发起A,2026-07-22,1.9754,1.9754,-0.7,-2.19,-5.44,35.62,31.7,98.75,153.09,121.66,54.63,97.54,98.3333,0.15%
90,013340,创金合信芯片产业股票发起C,2026-07-22,1.9284,1.9284,-0.71,-2.2,-5.48,35.45,31.38,97.76,150.6,118.32,54.2,92.84,97.3393,0.00%
91,010361,嘉实品质优选股票A,2026-07-22,0.9876,0.9876,-2.59,-7.15,-19.81,7.76,22.82,97.44,106.7,69.43,36.75,-1.24,97.1257,0.15%
92,002980,华夏创新前沿股票A,2026-07-22,5.142,5.142,-2.5,-5.16,-11.16,17.21,36.28,96.94,150.71,119.56,46.58,414.2,97.2382,0.15%
93,008009,华商高端装备制造股票A,2026-07-22,4.7546,4.7546,-4.74,-13.18,-29.29,-14.19,14.32,96.39,161.99,130.55,22.81,375.46,98.1827,0.15%
94,010362,嘉实品质优选股票C,2026-07-22,0.9577,0.9577,-2.59,-7.16,-19.84,7.59,22.5,96.29,104.29,66.44,36.33,-4.23,95.9689,0.00%
95,004784,招商稳健优选股票A,2026-07-22,5.7546,5.7546,-1.29,-4.01,-15.9,18.2,19.71,95.78,142.23,115.84,32.59,475.46,96.5033,0.15%
96,016050,华商高端装备制造股票C,2026-07-22,4.6366,4.6366,-4.74,-13.19,-29.32,-14.33,13.92,95.12,158.75,126.34,22.33,94.12,96.8999,0.00%
97,019863,招商稳健优选股票C,2026-07-22,5.8744,5.8744,-1.29,-4.02,-15.94,18.02,19.36,94.62,139.34,,32.15,137.13,95.338,0.00%
98,001749,招商中国机遇股票A,2026-07-22,2.82,2.82,-3.23,-9.88,-25.16,13.53,32.52,93.68,132.1,97.34,44.69,182.0,94.7514,0.15%
99,001040,新华策略精选股票A,2026-07-22,3.1353,3.5733,-2.99,-18.36,-26.72,-3.25,25.27,90.1,195.0,130.08,40.06,291.93,90.0182,0.15%
100,020553,南方半导体产业股票发起A,2026-07-22,2.7709,2.7709,-2.25,-21.64,-20.64,3.18,14.16,88.32,169.46,,32.29,177.09,84.6036,0.15%
101,000979,景顺长城沪港深精选股票A,2026-07-22,4.962,4.962,-3.12,-10.04,-22.99,0.73,23.25,88.03,124.12,158.84,28.82,396.2,87.0335,0.15%
102,020554,南方半导体产业股票发起C,2026-07-22,2.7476,2.7476,-2.26,-21.64,-20.66,3.08,13.94,87.7,167.46,,32.04,174.76,84.0198,0.00%
103,009863,富国创新趋势股票A,2026-07-22,1.0432,1.0432,-3.75,-6.2,-15.74,4.28,18.46,87.36,111.86,78.29,25.38,4.32,88.6438,0.15%
104,001496,工银聚焦30股票,2026-07-22,2.393,2.393,-2.68,-9.39,-16.77,8.28,20.37,87.25,119.14,81.56,25.95,139.3,87.2457,0.15%
105,014185,招商专精特新股票A,2026-07-22,1.7609,1.7609,-1.77,-8.0,-15.61,21.37,29.0,86.95,140.99,95.59,47.63,76.09,86.1613,0.15%
106,021313,景顺长城沪港深精选股票C,2026-07-22,4.889,4.889,-3.13,-10.05,-23.02,0.58,22.84,86.82,121.32,,28.35,118.45,85.8935,0.00%
107,001039,嘉实先进制造股票,2026-07-22,3.065,3.065,-0.78,-3.8,-8.12,17.88,30.54,85.65,137.6,82.01,45.12,206.5,85.983,0.15%
108,014186,招商专精特新股票C,2026-07-22,1.6969,1.6969,-1.78,-8.02,-15.67,21.13,28.48,85.45,137.13,90.94,46.98,69.69,84.6865,0.00%
109,001482,摩根新兴服务股票A,2026-07-22,2.7457,2.7457,-2.51,-6.87,-16.04,11.9,36.22,85.26,103.22,71.12,41.99,174.57,84.9704,0.15%
110,001072,华安智能装备主题股票A,2026-07-22,4.459,4.512,-2.36,-10.43,-21.76,-0.31,10.87,84.41,129.02,125.32,26.6,368.6,84.4849,0.15%
111,017177,摩根新兴服务股票C,2026-07-22,2.6869,2.6869,-2.51,-6.88,-16.08,11.74,35.83,84.16,100.81,68.07,41.53,72.04,83.8705,0.00%
112,004450,嘉实前沿科技沪港深股票A,2026-07-22,3.6182,3.6182,-2.26,-6.8,-15.08,29.27,35.38,83.68,182.87,125.53,57.0,261.78,81.4362,0.15%
113,013622,华安智能装备主题股票C,2026-07-22,4.331,4.331,-2.34,-10.42,-21.79,-0.44,10.54,83.36,126.4,121.31,26.19,77.79,83.4392,0.00%
114,000524,摩根民生需求股票A,2026-07-22,3.5171,3.9561,-2.38,-6.87,-16.05,12.06,33.59,82.6,91.9,65.64,38.54,339.79,82.4695,0.15%
115,020315,嘉实前沿科技沪港深股票C,2026-07-22,3.55,3.55,-2.26,-6.81,-15.12,29.08,34.98,82.59,178.54,,56.48,127.14,80.3587,0.00%
116,005962,宝盈人工智能股票A,2026-07-22,5.3732,5.3732,-3.64,-8.85,-20.51,6.09,16.57,81.9,161.19,134.59,24.28,437.32,80.5389,0.15%
117,017099,摩根民生需求股票C,2026-07-22,3.4393,3.4393,-2.38,-6.87,-16.09,11.9,33.2,81.52,89.62,62.7,38.09,49.27,81.3881,0.00%
118,001009,摩根安全战略股票A,2026-07-22,2.1299,2.3765,-2.77,-10.07,-20.56,5.26,29.41,81.42,91.47,81.1,37.58,141.43,82.3857,0.15%
119,015172,摩根安全战略股票C,2026-07-22,2.0834,2.0834,-2.77,-10.09,-20.59,5.13,29.09,80.52,89.57,78.4,37.19,22.85,81.4808,0.00%
120,005963,宝盈人工智能股票C,2026-07-22,5.0424,5.0424,-3.65,-8.87,-20.56,5.88,16.1,80.44,157.03,128.99,23.72,404.24,79.1007,0.00%
121,002229,华夏经济转型股票,2026-07-22,3.325,3.489,-1.86,-5.73,-11.57,21.31,27.79,79.92,101.15,77.62,46.03,281.08,80.1192,0.15%
122,006868,华夏科技成长股票,2026-07-22,2.688,2.688,-1.84,-5.54,-10.74,22.29,27.76,78.68,107.89,85.01,45.06,168.8,77.8484,0.15%
123,007133,嘉实长青竞争优势股票A,2026-07-22,1.4825,1.4825,0.07,-2.15,-7.0,14.46,20.07,78.29,78.14,24.57,42.63,48.25,77.4811,0.15%
124,001678,英大国企改革A,2026-07-22,2.9333,3.5833,-0.84,-7.59,-16.25,14.68,22.11,77.57,95.74,66.05,38.24,347.58,77.8512,0.15%
125,007134,嘉实长青竞争优势股票C,2026-07-22,1.427,1.427,0.08,-2.15,-7.03,14.32,19.79,77.42,76.37,22.72,42.24,42.7,76.6308,0.00%
126,022868,英大国企改革C,2026-07-22,2.9238,2.9238,-0.84,-7.6,-16.27,14.61,21.97,77.16,,,38.06,89.6,77.4366,0.00%
127,001410,信澳新能源产业股票A,2026-07-22,6.785,6.847,-1.44,-10.31,-21.81,11.76,18.81,76.33,128.3,89.95,34.76,610.33,76.7848,0.15%
128,024170,信澳新能源产业股票C,2026-07-22,6.747,6.747,-1.45,-10.32,-21.85,11.61,18.47,75.34,,,34.32,83.69,75.7489,0.00%
129,020722,国寿安保数字经济股票发起式A,2026-07-22,2.5928,2.5928,-2.96,-10.17,-23.35,-6.99,53.76,75.11,151.53,,68.42,159.28,71.4021,0.12%
130,014341,摩根时代睿选股票A,2026-07-22,2.0086,2.0086,-2.73,-10.49,-21.07,4.43,26.93,74.63,100.6,100.86,35.49,100.86,75.4389,0.15%
131,005777,广发科技动力股票,2026-07-22,2.4918,2.4918,-2.97,-12.65,-19.96,2.35,28.09,74.45,153.1,101.31,45.92,149.18,75.5407,0.15%
132,021875,路博迈资源精选股票发起A,2026-07-22,1.8958,1.8958,4.37,3.28,-11.27,-16.56,-8.9,74.31,,,4.73,89.58,75.5208,0.15%
133,020723,国寿安保数字经济股票发起式C,2026-07-22,2.564,2.564,-2.96,-10.18,-23.38,-7.11,53.39,74.27,149.03,,67.97,156.4,70.5695,0.00%
134,014342,摩根时代睿选股票C,2026-07-22,1.9773,1.9773,-2.73,-10.5,-21.11,4.3,26.6,73.75,98.56,97.83,35.11,97.73,74.5652,0.00%
135,004616,中欧电子信息产业沪港深股票A,2026-07-22,4.5159,4.5849,-2.98,-7.15,-10.52,21.08,22.54,73.33,142.84,79.26,41.15,365.59,71.1735,0.15%
136,021876,路博迈资源精选股票发起C,2026-07-22,1.8704,1.8704,4.37,3.27,-11.32,-16.7,-9.17,73.17,,,4.32,87.04,74.3638,0.00%
137,000513,富国高端制造行业股票A,2026-07-22,5.377,5.377,-3.38,-7.79,-13.58,0.34,16.74,72.73,98.12,70.32,25.6,437.7,73.4516,0.15%
138,022754,易方达科鑫量化选股股票发起式A,2026-07-22,1.996,1.996,-0.77,-5.68,-14.86,-2.08,15.44,72.54,,,29.27,99.6,73.6709,0.15%
139,164205,天弘文化新兴产业股票A,2026-07-22,4.4977,5.2298,-2.05,-6.51,-15.51,18.94,35.18,72.17,133.05,123.29,56.56,422.98,71.4193,0.15%
140,022755,易方达科鑫量化选股股票发起式C,2026-07-22,1.9835,1.9835,-0.78,-5.69,-14.89,-2.17,15.21,71.9,,,28.98,98.35,73.0048,0.00%
141,005763,中欧电子信息产业沪港深股票C,2026-07-22,4.505,4.575,-2.98,-7.17,-10.58,20.84,22.06,71.89,138.88,74.92,40.47,324.05,69.763,0.00%
142,014930,富国高端制造行业股票C,2026-07-22,5.24,5.24,-3.36,-7.78,-13.62,0.21,16.42,71.8,95.89,67.41,25.21,40.78,72.5387,0.00%
143,015475,天弘文化新兴产业股票C,2026-07-22,2.0449,2.0449,-2.05,-6.51,-15.54,18.81,34.91,71.48,131.22,120.66,56.21,104.49,70.7213,0.00%
144,009601,招商科技动力3个月滚动持有股票A,2026-07-22,2.2851,2.2851,-0.95,-3.48,-2.67,22.24,13.58,70.7,135.55,182.46,30.84,128.51,69.5178,0.15%
145,009602,招商科技动力3个月滚动持有股票C,2026-07-22,2.1809,2.1809,-0.95,-3.5,-2.73,22.0,13.13,69.34,131.86,175.78,30.26,118.09,68.1755,0.00%
146,001672,国寿安保智慧生活股票A,2026-07-22,2.567,3.374,-3.13,-17.72,-32.29,4.05,17.97,69.1,144.71,105.06,35.53,356.5,70.2255,0.15%
147,023101,国寿安保智慧生活股票C,2026-07-22,1.87,1.87,-3.11,-17.73,-32.3,3.95,17.76,68.47,,,35.21,87.0,69.6915,0.00%
148,005826,华夏潜龙精选股票,2026-07-22,2.9889,2.9889,-1.47,-5.36,-17.34,6.05,11.65,67.92,111.9,93.52,20.87,198.89,68.4552,0.15%
149,023117,华安高端装备股票发起式A,2026-07-22,1.8767,1.8767,-2.04,-8.55,-19.56,5.06,22.21,67.89,,,29.13,87.67,67.5027,0.15%
150,023118,华安高端装备股票发起式C,2026-07-22,1.8664,1.8664,-2.04,-8.56,-19.59,4.92,21.9,67.09,,,28.69,86.64,66.7024,0.00%
151,008286,易方达研究精选股票,2026-07-22,1.3688,1.3688,-0.54,-3.88,-11.07,16.42,35.57,66.14,75.78,37.0,38.37,36.88,65.6341,0.15%
152,005495,创金合信科技成长股票A,2026-07-22,2.7471,2.7471,-3.11,-11.68,-21.64,17.79,21.19,65.38,86.35,45.44,37.9,174.71,64.4379,0.15%
153,001188,鹏华改革红利股票,2026-07-22,2.248,2.248,-0.62,-7.72,-11.91,19.89,23.65,64.81,112.08,93.79,41.03,124.8,64.0876,0.15%
154,005496,创金合信科技成长股票C,2026-07-22,2.6251,2.6251,-3.11,-11.68,-21.67,17.64,20.89,64.55,84.5,43.28,37.52,162.51,63.6188,0.00%
155,008314,摩根慧选成长股票A,2026-07-22,2.1402,2.1402,-2.48,-4.77,-14.03,0.95,12.08,64.55,95.88,85.38,16.75,114.02,64.1132,0.15%
156,000592,建信改革红利股票A,2026-07-22,6.278,6.278,-3.07,-8.84,-18.5,1.55,4.53,64.39,75.61,45.26,14.98,527.8,64.9068,0.15%
157,011506,建信高端装备股票A,2026-07-22,1.9393,1.9393,-3.26,-5.69,-8.86,11.11,17.98,64.08,94.3,74.02,25.03,93.93,65.4411,0.15%
158,016269,建信改革红利股票C,2026-07-22,6.18,6.18,-3.07,-8.85,-18.52,1.44,4.32,63.71,74.18,43.52,14.72,7.27,64.2307,0.00%
159,010495,创金合信创新驱动股票A,2026-07-22,1.1664,1.1664,-2.74,-9.16,-14.23,18.77,10.85,63.61,70.38,40.33,25.57,16.64,63.2699,0.15%
160,011507,建信高端装备股票C,2026-07-22,1.9,1.9,-3.26,-5.7,-8.89,11.0,17.75,63.43,92.83,72.02,24.75,90.0,64.7732,0.00%
161,011122,汇添富ESG可持续成长股票A,2026-07-22,1.1766,1.1766,-1.03,-3.38,-8.29,6.82,11.2,63.28,116.45,100.27,18.43,17.66,63.9175,0.15%
162,008315,摩根慧选成长股票C,2026-07-22,2.0323,2.0323,-2.49,-4.78,-14.09,0.74,11.62,63.24,92.78,81.0,16.22,103.23,62.8185,0.00%
163,010680,华夏新兴成长股票A,2026-07-22,1.2447,1.2447,-2.18,-4.16,-8.4,18.89,20.32,62.98,91.99,76.83,33.77,24.47,63.0255,0.15%
164,009899,上银内需增长股票A,2026-07-22,1.3741,1.3741,-0.07,0.05,-5.08,3.16,23.05,62.73,95.38,68.79,34.18,37.41,62.6539,0.15%
165,001521,国寿安保成长优选股票A,2026-07-22,1.992,2.398,-1.39,-13.8,-29.61,-9.54,14.29,62.48,96.84,49.77,29.1,164.53,62.215,0.15%
166,010496,创金合信创新驱动股票C,2026-07-22,1.1157,1.1157,-2.75,-9.17,-14.28,18.53,10.42,62.31,67.67,37.01,25.01,11.57,61.9774,0.00%
167,012835,招商景气精选股票A,2026-07-22,1.7484,1.7484,-1.69,-4.72,-8.4,13.19,14.69,61.99,86.83,123.98,25.74,74.84,61.7242,0.15%
168,011123,汇添富ESG可持续成长股票C,2026-07-22,1.1295,1.1295,-1.03,-3.39,-8.33,6.61,10.77,61.96,113.03,95.55,17.9,12.95,62.6116,0.00%
169,017916,国寿安保成长优选股票C,2026-07-22,1.32,1.32,-1.35,-13.78,-29.64,-9.59,14.09,61.96,95.27,47.82,28.78,32.0,61.5667,0.00%
170,003145,国联竞争优势,2026-07-22,3.1482,3.1482,-0.08,-2.24,-8.04,10.62,13.9,61.93,114.46,75.23,24.9,214.82,63.424,0.15%
171,010681,华夏新兴成长股票C,2026-07-22,1.1974,1.1974,-2.18,-4.17,-8.46,18.7,19.91,61.85,89.31,73.13,33.25,19.74,61.8983,0.00%
172,015754,上银内需增长股票C,2026-07-22,1.3402,1.3402,-0.07,0.04,-5.13,3.01,22.68,61.76,93.03,65.76,33.74,65.27,61.6842,0.00%
173,008261,招商研究优选股票A,2026-07-22,2.2962,2.2962,-1.62,-4.47,-8.12,12.79,13.54,61.13,93.32,111.61,24.09,129.62,61.1821,0.15%
174,012836,招商景气精选股票C,2026-07-22,1.6798,1.6798,-1.69,-4.74,-8.46,12.97,14.24,60.72,83.87,118.67,25.18,67.98,60.4547,0.00%
175,000586,景顺长城中小创精选股票A,2026-07-22,3.59,4.162,-1.05,-7.47,-18.69,4.36,20.67,60.48,78.34,58.71,33.36,349.63,60.4111,0.15%
176,008262,招商研究优选股票C,2026-07-22,2.1852,2.1852,-1.63,-4.49,-8.18,12.56,13.08,59.88,90.33,106.68,23.57,118.52,59.9473,0.00%
177,001707,诺安高端制造股票A,2026-07-22,2.425,2.425,-2.49,0.46,1.63,3.15,0.21,59.85,89.75,69.23,12.27,142.5,55.7482,0.15%
178,000793,工银高端制造股票,2026-07-22,2.534,2.534,-2.01,-4.31,-7.69,12.37,16.29,59.67,80.87,63.38,29.22,153.4,59.4714,0.15%
179,018817,景顺长城中小创精选股票C,2026-07-22,3.534,3.759,-1.04,-7.49,-18.7,4.22,20.33,59.55,76.44,56.13,32.96,50.65,59.4765,0.00%
180,014536,诺安高端制造股票C,2026-07-22,2.378,2.378,-2.46,0.51,1.62,3.08,0.04,59.28,88.28,67.11,12.06,30.23,55.2219,0.00%
181,671030,西部利得事件驱动股票A,2026-07-22,4.198,4.198,-1.57,-11.27,-18.04,-10.32,-7.18,58.28,128.77,108.94,4.35,319.8,57.3581,0.15%
182,001245,工银生态环境股票A,2026-07-22,2.915,2.915,-2.57,-6.75,-15.9,2.39,8.77,57.99,81.62,58.34,14.81,191.5,58.2519,0.15%
183,023532,西部利得事件驱动股票C,2026-07-22,4.1752,4.1752,-1.57,-11.28,-18.07,-10.41,-7.36,57.64,,,4.12,58.76,56.7326,0.00%
184,015002,工银生态环境股票C,2026-07-22,2.855,2.855,-2.56,-6.76,-15.93,2.26,8.51,57.39,79.9,56.1,14.57,25.6,57.5607,0.00%
185,001162,前海开源优势蓝筹股票A,2026-07-22,2.184,2.184,-1.0,-0.14,-0.46,9.42,16.67,57.35,63.6,84.77,21.13,118.4,57.0093,0.15%
186,001638,前海开源优势蓝筹股票C,2026-07-22,2.38,2.38,-1.0,-0.17,-0.46,9.38,16.55,57.2,63.35,84.21,21.0,138.0,56.7852,0.15%
187,001409,工银互联网加股票,2026-07-22,0.775,0.775,-3.12,-8.93,-19.44,4.31,17.78,56.25,74.16,45.13,24.4,-22.5,57.2008,0.15%
188,000756,建信潜力新蓝筹股票A,2026-07-22,5.057,5.057,-2.71,-9.92,-17.44,12.23,11.51,54.6,78.95,53.85,27.0,405.7,55.0276,0.15%
189,340006,兴全全球视野股票,2026-07-22,3.7683,6.5143,-1.94,-9.95,-19.68,-6.67,7.04,54.58,82.53,55.4,18.59,1320.04,55.4772,0.15%
190,014967,建信潜力新蓝筹股票C,2026-07-22,4.966,4.966,-2.7,-9.92,-17.45,12.12,11.3,53.98,77.55,52.0,26.72,53.18,54.4635,0.00%
191,001677,中银战略新兴产业股票A,2026-07-22,4.4701,4.4701,0.24,-1.65,-8.81,1.43,6.99,52.98,98.58,81.49,11.86,347.01,52.9285,0.15%
192,010812,中银战略新兴产业股票C,2026-07-22,4.3706,4.3706,0.24,-1.66,-8.84,1.31,6.78,52.39,96.96,79.27,11.61,90.03,52.3388,0.00%
193,000577,安信价值精选股票A,2026-07-22,5.6263,5.6263,-1.83,-3.74,-5.92,11.4,18.63,52.17,71.36,44.56,25.79,462.63,50.7462,0.15%
194,008934,大成科技消费股票A,2026-07-22,1.2267,1.2267,-2.5,-11.06,-22.51,-1.12,7.11,52.03,71.88,36.51,20.51,22.84,52.8217,0.15%
195,000751,嘉实新兴产业股票,2026-07-22,4.853,4.853,-2.67,-4.94,-11.38,7.53,16.04,51.85,70.64,30.56,29.0,385.3,52.084,0.15%
196,001126,摩根卓越制造股票A,2026-07-22,1.9119,2.0414,-2.65,-7.93,-24.31,-16.49,-1.35,51.62,70.25,58.07,1.28,106.49,52.3791,0.15%
197,023178,安信价值精选股票C,2026-07-22,5.5933,5.5933,-1.83,-3.75,-5.95,11.29,18.4,51.57,,,25.51,63.57,50.1597,0.00%
198,005328,前海开源价值策略股票,2026-07-22,1.0676,1.0676,-1.31,-13.17,-32.25,-18.66,-0.35,51.15,64.17,30.27,14.16,6.76,51.3897,0.15%
199,001028,华安物联网主题股票A,2026-07-22,1.846,1.846,-1.55,-6.39,-12.72,4.71,9.3,51.06,95.76,59.83,19.1,84.6,51.3115,0.15%
200,001938,中欧时代先锋股票A,2026-07-22,2.1287,3.4535,-0.73,-1.47,-6.34,-1.79,1.44,50.85,67.38,57.0,8.73,404.1,51.2828,0.15%
201,008935,大成科技消费股票C,2026-07-22,1.1692,1.1692,-2.5,-11.07,-22.56,-1.28,6.72,50.83,69.18,33.3,20.0,17.08,51.6472,0.00%
202,015075,摩根卓越制造股票C,2026-07-22,1.8639,1.8639,-2.65,-7.94,-24.35,-16.61,-1.64,50.72,68.22,55.22,0.94,16.09,51.4873,0.00%
203,010892,中银证券精选行业股票A,2026-07-22,0.6741,0.6741,-3.58,-11.19,-22.64,-6.98,6.26,50.6,72.23,11.13,9.34,-32.59,51.0419,0.15%
204,001825,建信中国制造2025股票A,2026-07-22,2.0522,2.0522,-2.53,-8.6,-19.02,11.08,21.8,50.45,37.73,19.76,41.26,105.22,50.8527,0.15%
205,012350,万家元贞量化选股股票A,2026-07-22,1.5917,1.5917,-0.92,-7.68,-19.09,-2.89,8.07,50.23,98.12,57.95,17.58,59.17,51.1299,0.15%
206,016292,华安物联网主题股票C,2026-07-22,1.8,1.8,-1.59,-6.4,-12.75,4.59,8.96,50.13,92.93,56.66,18.73,34.63,50.3759,0.00%
207,010893,中银证券精选行业股票C,2026-07-22,0.6596,0.6596,-3.58,-11.2,-22.66,-7.07,6.05,50.01,70.88,9.82,9.11,-34.04,50.4562,0.00%
208,014380,建信中国制造2025股票C,2026-07-22,2.0144,2.0144,-2.54,-8.61,-19.05,10.97,21.55,49.85,36.63,18.32,40.95,-22.58,50.2387,0.00%
209,010003,景顺长城电子信息产业股票A,2026-07-22,2.003,2.003,-1.41,-5.96,-13.36,6.55,10.57,49.73,106.67,78.19,25.42,100.3,49.266,0.15%
210,004241,中欧时代先锋股票C,2026-07-22,1.9949,3.0851,-0.73,-1.48,-6.4,-1.99,1.04,49.65,64.72,53.27,8.25,255.23,50.0828,0.00%
211,000309,大摩品质生活精选股票A,2026-07-22,5.076,5.076,-0.84,-1.28,-1.7,1.06,8.07,49.6,108.2,63.37,16.42,407.6,49.6462,0.15%
212,011269,中银证券优势制造股票A,2026-07-22,1.5588,1.5588,-3.03,-12.75,-21.97,1.95,16.42,49.51,108.26,46.08,18.49,55.88,50.1445,0.15%
213,012351,万家元贞量化选股股票C,2026-07-22,1.5653,1.5653,-0.92,-7.69,-19.12,-3.01,7.81,49.49,96.15,55.61,17.26,56.53,50.3939,0.00%
214,001476,中银智能制造股票A,2026-07-22,2.8815,2.8815,-1.82,-8.86,-19.73,-3.27,3.5,49.38,88.7,56.77,8.25,188.15,50.0,0.15%
215,010004,景顺长城电子信息产业股票C,2026-07-22,1.9573,1.9573,-1.42,-5.97,-13.39,6.44,10.35,49.13,105.08,76.11,25.14,95.73,48.6745,0.00%
216,019484,大摩品质生活精选股票C,2026-07-22,5.021,5.021,-0.85,-1.28,-1.72,0.97,7.89,49.04,106.63,,16.17,71.83,49.0796,0.00%
217,011270,中银证券优势制造股票C,2026-07-22,1.5267,1.5267,-3.04,-12.76,-22.0,1.84,16.19,48.9,106.51,44.23,18.22,52.67,49.5445,0.00%
218,012181,中银智能制造股票C,2026-07-22,2.8247,2.8247,-1.82,-8.87,-19.76,-3.36,3.28,48.75,87.07,54.86,8.02,77.54,49.376,0.00%
219,011229,创金合信数字经济主题股票A,2026-07-22,2.1761,2.1761,-2.74,-8.42,-13.67,17.11,11.78,47.96,80.26,48.96,17.51,117.61,47.1332,0.15%
220,024804,华夏量化选股股票A,2026-07-22,1.6688,1.6688,-0.83,-5.07,-14.14,4.27,16.94,47.72,,,31.13,47.72,47.7468,0.10%
221,008085,海富通先进制造股票A,2026-07-22,1.771,1.771,-0.15,-3.55,-21.57,-0.8,5.64,47.3,93.05,48.39,9.56,77.1,47.7557,0.15%
222,009341,易方达均衡成长股票,2026-07-22,1.5727,1.5727,-2.2,-5.4,-11.74,0.64,-1.48,47.3,76.77,53.45,3.58,57.27,46.543,0.15%
223,011230,创金合信数字经济主题股票C,2026-07-22,2.1939,2.1939,-2.74,-8.42,-13.7,16.97,11.5,47.22,84.95,52.06,17.18,119.39,46.4064,0.00%
224,001764,广发沪港深新机遇股票,2026-07-22,1.661,1.798,-2.41,-3.77,-11.84,14.0,25.26,47.12,80.15,63.32,35.59,85.48,47.6444,0.15%
225,001576,国泰智能装备股票A,2026-07-22,2.8933,2.9953,-3.39,-5.05,-13.59,9.71,3.85,46.94,70.39,27.63,10.23,201.31,47.1668,0.15%
226,000549,华安大国新经济股票A,2026-07-22,4.224,4.224,-1.58,-6.8,-14.3,3.66,7.4,46.92,85.18,49.05,17.17,322.4,47.229,0.15%
227,000409,鹏华环保产业股票,2026-07-22,4.589,4.589,-2.65,-6.1,-22.99,-12.74,3.43,46.9,49.33,22.41,6.45,358.9,48.2235,0.15%
228,024805,华夏量化选股股票C,2026-07-22,1.5918,1.5918,-0.83,-5.08,-14.19,4.11,16.58,46.83,,,30.69,46.83,46.8586,0.00%
229,008084,海富通先进制造股票C,2026-07-22,1.7248,1.7248,-0.15,-3.56,-21.6,-0.89,5.43,46.7,91.47,46.59,9.32,72.48,47.1547,0.00%
230,001042,华夏领先股票,2026-07-22,0.751,0.751,-4.09,-18.1,-35.81,-3.84,8.84,46.68,53.27,6.68,26.22,-24.9,47.5442,0.15%
231,011322,国泰智能装备股票C,2026-07-22,2.8305,2.9315,-3.39,-5.06,-13.62,9.6,3.64,46.35,69.19,26.14,9.98,9.65,46.5821,0.00%
232,019824,国寿安保新材料股票发起式A,2026-07-22,2.1092,2.1092,-1.81,-14.1,-29.74,-9.34,11.27,46.24,119.48,,23.09,110.92,46.0564,0.12%
233,003069,光大创业板量化优选A,2026-07-22,2.1165,2.1165,-2.89,-5.44,-19.19,-3.62,6.11,46.16,91.89,61.34,11.03,111.65,46.2479,0.15%
234,016291,华安大国新经济股票C,2026-07-22,4.127,4.127,-1.6,-6.82,-14.36,3.49,7.06,45.99,82.93,46.35,16.75,23.67,46.3475,0.00%
235,023647,广发科技智选股票发起式A,2026-07-22,1.5856,1.6419,-2.94,-10.02,-20.37,0.88,8.96,45.88,,,18.3,65.58,46.5153,0.15%
236,005983,摩根核心精选股票A,2026-07-22,1.6071,1.6071,-1.8,-7.86,-26.57,-23.06,-6.77,45.83,47.25,10.76,-5.81,60.71,46.2329,0.15%
237,020698,国泰海通科创板量化选股股票发起A,2026-07-22,2.0513,2.0513,-1.36,-8.49,-14.92,2.14,4.15,45.77,114.44,,17.71,105.13,45.72,0.15%
238,009379,中银成长优选股票A,2026-07-22,1.2329,1.2329,-1.72,-9.81,-21.34,-5.07,1.15,45.73,77.42,37.45,5.8,23.29,45.9917,0.15%
239,001008,工银国企改革股票,2026-07-22,2.988,2.988,4.26,4.92,-10.19,-1.26,-1.48,45.54,55.79,48.14,12.25,198.8,46.184,0.15%
240,019825,国寿安保新材料股票发起式C,2026-07-22,2.0879,2.0879,-1.81,-14.11,-29.77,-9.45,11.0,45.52,117.38,,22.75,108.79,45.3362,0.00%
241,003070,光大创业板量化优选C,2026-07-22,1.9022,1.9022,-2.89,-5.45,-19.22,-3.82,5.74,45.26,89.9,58.94,10.62,90.22,45.3503,0.00%
242,020699,国泰海通科创板量化选股股票发起C,2026-07-22,2.0328,2.0328,-1.36,-8.49,-14.95,2.04,3.95,45.19,112.72,,17.46,103.28,45.1378,0.00%
243,023648,广发科技智选股票发起式C,2026-07-22,1.5737,1.6298,-2.94,-10.03,-20.41,0.73,8.64,45.01,,,17.91,64.34,45.6371,0.00%
244,014937,摩根核心精选股票C,2026-07-22,1.5652,1.5652,-1.79,-7.87,-26.6,-23.17,-7.04,44.98,45.51,8.79,-6.12,-38.18,45.3836,0.00%
245,014455,中银成长优选股票C,2026-07-22,1.2,1.2,-1.72,-9.82,-21.38,-5.21,0.85,44.86,75.31,34.98,5.45,0.81,45.1203,0.00%
246,020276,银河新材料股票发起式A,2026-07-22,1.6528,1.6528,-0.08,-3.59,-15.47,-0.09,-10.24,44.67,68.62,,4.41,65.28,45.9684,0.15%
247,019902,国寿安保先进制造股票发起式A,2026-07-22,1.5627,1.5627,-2.56,-13.91,-30.88,-8.39,-5.33,44.33,65.24,,7.73,56.27,45.3539,0.12%
248,005268,鹏华优势企业,2026-07-22,2.4936,2.4936,-3.32,-12.98,-26.79,2.05,26.89,44.32,64.87,48.51,35.7,149.36,44.4811,0.15%
249,022292,前海开源优选领航股票A,2026-07-22,1.6225,1.6225,-0.89,-0.17,-1.08,6.87,10.93,44.18,,,16.38,62.25,43.5714,0.15%
250,020720,国寿安保高端装备股票发起式A,2026-07-22,1.4139,1.4139,-3.07,-11.28,-29.19,2.0,13.03,44.11,41.21,,19.32,41.39,44.7482,0.12%
251,007674,工银产业升级股票A,2026-07-22,1.625,1.625,-0.68,-4.27,-16.11,-13.18,-8.29,43.97,76.02,23.88,2.52,62.5,43.4119,0.15%
252,006257,信澳先进智造股票型A,2026-07-22,2.8842,3.5045,-0.87,-7.92,-8.3,19.76,10.09,43.87,121.33,74.95,25.3,277.77,43.9509,0.15%
253,020277,银河新材料股票发起式C,2026-07-22,1.6382,1.6382,-0.09,-3.6,-15.51,-0.24,-10.51,43.8,66.6,,4.06,63.82,45.1019,0.00%
254,019903,国寿安保先进制造股票发起式C,2026-07-22,1.541,1.541,-2.56,-13.91,-30.9,-8.5,-5.56,43.62,63.57,,7.43,54.1,44.6405,0.00%
255,022293,前海开源优选领航股票C,2026-07-22,1.6118,1.6118,-0.89,-0.18,-1.11,6.76,10.67,43.56,,,16.09,61.18,42.9534,0.00%
256,020721,国寿安保高端装备股票发起式C,2026-07-22,1.401,1.401,-3.08,-11.28,-29.22,1.88,12.76,43.41,39.83,,18.99,40.1,44.0469,0.00%
257,005660,嘉实资源精选股票A,2026-07-22,4.6987,4.6987,4.33,5.01,-1.39,-14.62,-17.47,43.31,70.33,87.72,-7.89,369.87,44.1983,0.15%
258,009988,信澳蓝筹精选股票A,2026-07-22,0.8718,0.8718,0.39,-0.02,-7.42,0.79,2.24,43.25,43.84,15.73,13.8,-12.82,42.6608,0.15%
259,024169,信澳先进智造股票型C,2026-07-22,2.8679,2.8679,-0.87,-7.93,-8.34,19.63,9.8,43.09,,,24.91,45.96,43.1731,0.00%
260,007675,工银产业升级股票C,2026-07-22,1.5488,1.5488,-0.68,-4.28,-16.17,-13.36,-8.65,42.81,73.96,21.48,2.06,54.88,42.2745,0.00%
261,013899,摩根全景优势股票A,2026-07-22,1.1119,1.1119,-0.69,-3.83,-15.87,-5.56,2.78,42.75,62.13,50.46,9.61,11.19,43.7492,0.15%
262,005661,嘉实资源精选股票C,2026-07-22,4.5253,4.5253,4.33,5.0,-1.43,-14.73,-17.67,42.62,68.67,84.96,-8.13,352.53,43.5009,0.00%
263,024168,信澳蓝筹精选股票C,2026-07-22,0.8667,0.8667,0.41,-0.02,-7.45,0.65,1.95,42.41,,,13.43,49.41,41.8494,0.00%
264,001158,工银新材料新能源股票,2026-07-22,1.917,1.917,0.31,-1.79,-15.66,-15.03,-7.39,42.11,55.6,38.21,1.7,91.7,43.1665,0.15%
265,013900,摩根全景优势股票C,2026-07-22,1.087,1.087,-0.69,-3.84,-15.91,-5.67,2.53,42.04,60.54,48.21,9.3,8.7,43.0451,0.00%
266,022003,博道大盘成长股票A,2026-07-22,1.6947,1.6947,-1.88,-11.66,-25.33,-5.28,-1.56,41.78,,,10.44,69.47,41.9466,0.15%
267,022004,博道大盘成长股票C,2026-07-22,1.6807,1.6807,-1.89,-11.67,-25.36,-5.39,-1.81,41.08,,,10.13,68.07,41.2472,0.00%
268,008264,南方ESG股票A,2026-07-22,1.7562,1.7562,-0.79,-3.32,-17.92,0.43,6.22,40.36,72.74,71.15,13.93,75.62,39.8582,0.15%
269,022327,宏利高端装备股票A,2026-07-22,1.5931,1.5931,1.98,3.4,-1.53,-6.6,-4.95,40.15,,,7.0,59.31,40.9075,0.15%
270,015408,景顺长城成长趋势股票A,2026-07-22,1.4688,1.4688,-1.75,-5.58,-17.08,4.72,16.03,39.86,58.17,,26.39,46.88,40.3133,0.15%
271,022328,宏利高端装备股票C,2026-07-22,1.5838,1.5838,1.98,3.39,-1.57,-6.69,-5.13,39.62,,,6.77,58.38,40.358,0.00%
272,010322,大摩新兴产业股票,2026-07-22,1.3593,1.3593,-2.31,-5.31,-16.22,4.18,0.91,39.53,87.0,50.28,6.65,35.93,39.5442,0.15%
273,003053,嘉实文体娱乐股票A,2026-07-22,2.657,2.657,-0.78,-5.65,-10.84,22.22,18.88,39.26,96.96,33.92,31.67,165.7,38.602,0.15%
274,015904,广发新能源精选股票A,2026-07-22,1.1777,1.1777,-1.9,-8.26,-21.22,-14.91,-2.34,39.26,76.33,49.49,2.74,17.77,40.3193,0.15%
275,008265,南方ESG股票C,2026-07-22,1.6874,1.6874,-0.79,-3.33,-17.96,0.28,5.9,39.08,70.6,68.03,13.19,68.74,38.5841,0.00%
276,024377,易方达科智量化选股股票发起式A,2026-07-22,1.4836,1.4836,-0.65,-5.35,-13.84,-6.98,4.5,38.84,,,13.56,48.36,39.3052,0.15%
277,015409,景顺长城成长趋势股票C,2026-07-22,1.4408,1.4408,-1.75,-5.59,-17.12,4.41,15.51,38.82,56.08,,25.79,44.08,39.275,0.00%
278,001208,诺安低碳经济股票A,2026-07-22,2.698,3.326,-0.74,-2.98,-7.63,2.55,2.78,38.71,67.56,58.6,9.99,273.2,38.7147,0.15%
279,004476,景顺长城沪港深领先科技股票A,2026-07-22,2.329,2.329,-2.35,-5.94,-15.28,9.04,16.51,38.71,71.5,50.36,23.55,132.9,37.6478,0.15%
280,003054,嘉实文体娱乐股票C,2026-07-22,2.535,2.535,-0.78,-5.66,-10.86,22.05,18.62,38.6,95.0,31.89,31.28,153.5,37.9217,0.00%
281,015905,广发新能源精选股票C,2026-07-22,1.1523,1.1523,-1.91,-8.29,-21.26,-15.04,-2.64,38.41,74.25,46.83,2.39,15.23,39.4699,0.00%
282,024378,易方达科智量化选股股票发起式C,2026-07-22,1.4772,1.4772,-0.65,-5.36,-13.87,-7.07,4.31,38.3,,,13.33,47.72,38.7694,0.00%
283,010349,诺安低碳经济股票C,2026-07-22,2.637,3.257,-0.75,-3.02,-7.67,2.41,2.53,37.99,65.85,56.27,9.65,116.59,37.9906,0.00%
284,023854,景顺长城沪港深领先科技股票C,2026-07-22,2.32,2.32,-2.36,-5.96,-15.33,8.82,16.12,37.93,,,23.08,47.77,36.8732,0.00%
285,005009,申万菱信行业轮动股票A,2026-07-22,2.3617,2.3617,1.27,-5.71,-24.71,-18.13,-17.35,37.58,64.82,54.7,-4.01,136.15,37.38,0.15%
286,001725,汇添富高端制造股票A,2026-07-22,3.339,3.339,1.15,3.12,3.66,7.57,11.63,37.58,53.02,46.0,16.38,233.9,37.464,0.15%
287,003624,创金合信资源股票发起式A,2026-07-22,3.7413,3.7413,3.85,3.49,-10.87,-18.56,-21.87,37.41,52.11,67.45,-10.76,274.13,37.6034,0.15%
288,015157,申万菱信行业轮动股票C,2026-07-22,2.316,2.316,1.27,-5.71,-24.73,-18.2,-17.51,37.08,63.57,52.48,-4.21,15.21,36.8875,0.00%
289,162208,宏利首选企业股票A,2026-07-22,2.0863,3.2646,-2.68,-8.72,-26.86,1.83,2.65,37.0,44.34,25.08,9.37,425.25,36.1637,0.15%
290,001542,国泰互联网+股票,2026-07-22,2.421,2.58,-2.38,-7.38,-20.26,11.88,4.76,36.93,32.51,13.24,12.45,166.5,37.4787,0.15%
291,000925,汇添富外延增长股票A,2026-07-22,2.02,2.277,1.0,1.56,-2.08,-0.2,2.38,36.86,50.26,69.89,8.37,139.21,36.8564,0.15%
292,004640,华夏节能环保股票A,2026-07-22,2.4733,2.4733,-5.12,-20.58,-39.02,-9.82,4.03,36.84,72.25,25.11,20.54,147.33,37.773,0.15%
293,015114,汇添富高端制造股票C,2026-07-22,3.256,3.256,1.18,3.1,3.63,7.46,11.35,36.75,51.37,43.56,16.04,29.36,36.6919,0.00%
294,015145,同泰新能源1年持有股票A,2026-07-22,1.2422,1.2422,-2.27,-11.51,-31.59,-18.07,-17.72,36.75,64.05,36.22,-6.36,24.22,36.5355,0.15%
295,003625,创金合信资源股票发起式C,2026-07-22,3.5607,3.5607,3.85,3.48,-10.91,-18.67,-22.06,36.73,50.6,64.95,-11.01,256.07,36.9237,0.00%
296,017289,宏利首选企业股票C,2026-07-22,2.0589,2.0589,-2.68,-8.73,-26.88,1.76,2.5,36.6,43.18,23.75,9.2,15.36,35.7576,0.00%
297,005894,华夏优势精选股票,2026-07-22,1.5447,1.5447,-2.84,-9.32,-18.43,1.53,3.78,36.59,65.24,28.61,9.06,54.47,35.5595,0.15%
298,011424,汇添富外延增长股票C,2026-07-22,1.963,2.22,1.03,1.6,-2.09,-0.25,2.19,36.41,49.06,67.83,8.21,22.65,36.4142,0.00%
299,016449,南方新材料股票发起A,2026-07-22,1.2637,1.2637,2.26,2.96,-10.4,-2.63,-8.29,36.31,69.65,33.89,2.98,26.37,36.3656,0.15%
300,015146,同泰新能源1年持有股票C,2026-07-22,1.2234,1.2234,-2.26,-11.52,-31.61,-18.15,-17.89,36.21,62.73,34.6,-6.57,22.34,35.9938,0.00%
301,015060,华夏节能环保股票C,2026-07-22,2.4098,2.4098,-5.12,-20.59,-39.05,-9.94,3.74,36.04,70.21,22.89,20.16,6.73,36.9671,0.00%
302,008854,南方内需增长两年股票A,2026-07-22,1.3273,1.3273,-1.46,-3.29,-1.29,11.44,10.09,35.92,60.22,49.03,13.63,32.73,35.4664,0.15%
303,016450,南方新材料股票发起C,2026-07-22,1.2486,1.2486,2.26,2.95,-10.43,-2.71,-8.46,35.89,68.52,32.48,2.77,24.86,35.9686,0.00%
304,017073,嘉实清洁能源股票发起式A,2026-07-22,1.003,1.003,-0.72,-6.31,-26.9,-25.37,-17.87,35.83,79.59,17.3,-13.88,0.3,36.947,0.15%
305,011882,招商蓝筹精选股票A,2026-07-22,1.0415,1.0415,-0.88,-2.86,-5.05,3.06,3.11,35.77,77.88,54.89,13.59,4.15,34.3524,0.15%
306,005259,建信龙头企业股票,2026-07-22,2.6093,2.6093,-2.45,-3.67,-6.0,8.08,8.88,35.34,84.83,69.42,11.56,160.93,34.4169,0.15%
307,001163,银华中国梦30股票,2026-07-22,1.822,2.105,-2.57,-5.89,-10.25,10.29,12.96,35.16,41.46,19.63,21.22,113.7,34.3658,0.15%
308,014187,华夏量化优选股票A,2026-07-22,1.265,1.265,-0.43,-2.31,-8.44,0.68,2.62,35.16,67.95,52.78,14.45,26.5,35.5551,0.15%
309,008855,南方内需增长两年股票C,2026-07-22,1.2771,1.2771,-1.47,-3.3,-1.34,11.27,9.76,35.1,58.31,46.37,13.25,27.71,34.6442,0.00%
310,017074,嘉实清洁能源股票发起式C,2026-07-22,0.9811,0.9811,-0.73,-6.32,-26.94,-25.48,-18.12,35.04,77.48,15.19,-14.17,-1.89,36.1504,0.00%
311,020236,路博迈中国动力股票A,2026-07-22,1.64,1.64,-0.49,-7.68,-26.57,-14.74,-8.54,34.91,69.77,,3.58,64.0,34.2282,0.08%
312,011883,招商蓝筹精选股票C,2026-07-22,0.9998,0.9998,-0.88,-2.88,-5.12,2.84,2.68,34.58,74.88,51.07,12.98,-0.02,33.1646,0.00%
313,015627,圆信永丰弘阳股票A,2026-07-22,1.2517,1.2517,-1.0,-4.19,-7.4,16.88,5.22,34.56,62.52,49.94,18.54,25.17,34.5625,0.15%
314,015628,圆信永丰弘阳股票C,2026-07-22,1.249,1.249,-1.01,-4.2,-7.43,16.77,5.01,34.27,62.17,49.62,18.27,24.9,34.2722,0.00%
315,014188,华夏量化优选股票C,2026-07-22,1.2249,1.2249,-0.42,-2.32,-8.49,0.51,2.27,34.22,65.64,49.62,14.02,22.49,34.6192,0.00%
316,020237,路博迈中国动力股票C,2026-07-22,1.623,1.623,-0.49,-7.69,-26.59,-14.84,-8.76,34.2,68.22,,3.28,62.3,33.5253,0.00%
317,001541,汇添富民营新动力股票,2026-07-22,2.233,2.233,-1.11,-5.42,-16.24,-1.67,3.91,34.03,77.08,43.79,12.89,123.3,34.7616,0.15%
318,005635,博时量化多策略股票A,2026-07-22,1.8168,2.083,-0.77,-5.35,-10.33,0.61,-0.03,33.97,65.08,45.48,8.03,120.84,33.6306,0.15%
319,005802,汇添富智能制造股票A,2026-07-22,1.8081,1.8081,-1.43,-2.5,-10.82,-6.32,2.24,33.56,66.19,43.37,8.21,80.81,34.4812,0.15%
320,206012,鹏华价值精选股票,2026-07-22,4.125,4.125,0.29,-2.0,-7.84,2.97,-0.27,33.41,66.53,39.88,9.16,312.5,33.5816,0.15%
321,011498,富国沪深300基本面精选股票A,2026-07-22,1.1738,1.1738,-1.26,-1.91,-3.64,-3.02,-1.6,33.11,65.6,45.71,3.41,17.38,33.7207,0.15%
322,001421,南方量化成长股票A,2026-07-22,1.4883,1.4883,-1.83,-6.25,-13.49,-8.11,-5.24,32.97,60.36,33.0,6.96,48.83,33.1455,0.15%
323,005636,博时量化多策略股票C,2026-07-22,1.7386,1.9657,-0.78,-5.36,-10.39,0.41,-0.44,32.91,62.46,42.02,7.54,106.55,32.5732,0.00%
324,000457,摩根核心成长股票A,2026-07-22,3.5742,3.8832,-1.17,-2.28,-8.89,-11.07,6.2,32.87,87.53,61.88,4.18,317.44,33.3706,0.15%
325,001605,国富沪港深成长精选股票A,2026-07-22,2.3733,2.3733,-1.21,-1.67,-4.23,3.08,3.74,32.85,65.16,50.98,11.34,137.33,31.9967,0.15%
326,015196,汇添富智能制造股票C,2026-07-22,1.7599,1.7599,-1.43,-2.5,-10.86,-6.46,1.93,32.74,64.17,40.78,7.84,6.6,33.6599,0.00%
327,000746,招商行业精选股票基金,2026-07-22,6.126,6.126,0.64,0.59,-2.36,-6.76,-4.27,32.48,58.91,92.1,7.06,512.6,33.145,0.15%
328,011499,富国沪深300基本面精选股票C,2026-07-22,1.138,1.138,-1.27,-1.92,-3.69,-3.17,-1.9,32.33,63.65,43.11,3.06,13.8,32.9129,0.00%
329,017946,国富沪港深成长精选股票C,2026-07-22,2.3328,2.3328,-1.22,-1.68,-4.26,2.98,3.54,32.32,63.09,48.56,11.09,37.18,31.4624,0.00%
330,015170,摩根核心成长股票C,2026-07-22,3.4962,3.4962,-1.17,-2.29,-8.92,-11.18,5.95,32.23,85.61,59.43,3.9,25.44,32.7284,0.00%
331,005161,华商上游产业股票A,2026-07-22,3.6721,3.6721,0.98,-1.63,-14.77,-19.43,-20.64,32.02,56.07,60.07,-11.91,267.21,32.4377,0.15%
332,011146,创金合信气候变化责任投资股票A,2026-07-22,1.477,1.477,-4.08,-12.42,-24.83,3.24,-2.8,31.63,59.94,49.57,4.06,47.7,30.0291,0.15%
333,018023,华商上游产业股票C,2026-07-22,3.5988,3.5988,0.98,-1.64,-14.81,-19.56,-20.88,31.23,54.2,57.22,-12.21,47.72,31.6506,0.00%
334,018971,富国致弘量化选股股票A,2026-07-22,1.4453,1.4453,-1.22,-6.33,-12.73,-2.19,3.22,31.2,59.38,,12.8,44.53,31.6422,0.15%
335,011147,创金合信气候变化责任投资股票C,2026-07-22,1.4445,1.4445,-4.08,-12.43,-24.86,3.13,-3.0,31.09,58.65,47.77,3.82,44.45,29.5051,0.00%
336,011149,创金合信ESG责任投资股票A,2026-07-22,1.3232,1.3232,-1.14,-4.17,-10.02,-0.68,1.91,30.89,46.29,14.52,8.81,32.32,30.4031,0.75%
337,002121,广发沪港深新起点股票A,2026-07-22,2.3442,2.4292,-1.54,-3.83,-6.42,5.07,4.21,30.86,61.46,75.58,13.77,150.92,30.0671,0.15%
338,013641,博道成长智航股票A,2026-07-22,1.598,1.598,-2.35,-9.97,-21.0,-5.79,-1.62,30.81,103.18,75.59,7.37,59.8,31.3065,1.50%
339,011645,国泰核心价值两年持有期股票A,2026-07-22,1.0595,1.0595,-0.13,-3.29,-10.49,-10.65,-11.29,30.66,68.47,39.63,1.59,5.95,30.3198,0.15%
340,013465,博时智选量化多因子股票A,2026-07-22,1.0978,1.6059,-0.35,-3.98,-10.11,-1.17,-5.06,30.42,96.42,77.71,5.71,65.56,30.787,0.15%
341,018972,富国致弘量化选股股票C,2026-07-22,1.4205,1.4205,-1.22,-6.34,-12.78,-2.33,2.92,30.42,57.48,,12.43,42.05,30.8614,0.00%
342,010024,广发沪港深新起点股票C,2026-07-22,2.2797,2.2797,-1.55,-3.83,-6.45,4.96,4.0,30.27,59.4,72.61,13.46,30.27,29.4769,0.00%
343,011150,创金合信ESG责任投资股票C,2026-07-22,1.287,1.287,-1.14,-4.18,-10.06,-0.8,1.67,30.25,44.83,12.83,8.52,28.7,29.7641,0.00%
344,013642,博道成长智航股票C,2026-07-22,1.5606,1.5606,-2.35,-9.97,-21.03,-5.91,-1.86,30.16,101.19,72.98,7.07,56.06,30.6488,0.00%
345,009557,申万菱信创业板量化精选股票A,2026-07-22,1.2776,1.2776,-2.56,-5.24,-11.15,-8.72,-2.81,30.02,109.82,68.77,1.88,27.76,30.1946,0.15%
346,024711,中金新锐股票A,2026-07-22,4.9695,4.9695,0.11,-1.27,-8.82,-5.11,-2.49,30.0,,,5.65,32.84,29.6876,0.15%
347,011646,国泰核心价值两年持有期股票C,2026-07-22,1.0326,1.0326,-0.14,-3.3,-10.53,-10.76,-11.51,29.98,66.76,37.53,1.29,3.26,29.6585,0.00%
348,013466,博时智选量化多因子股票C,2026-07-22,1.0945,1.5761,-0.36,-3.98,-10.14,-1.28,-5.29,29.78,94.48,75.09,5.42,61.71,30.1364,0.00%
349,000978,景顺长城量化精选股票A,2026-07-22,2.048,2.302,-0.58,-5.1,-11.53,-3.89,-1.96,29.7,66.44,41.65,8.59,136.98,29.9177,0.15%
350,000594,大摩进取优选股票,2026-07-22,2.996,2.996,-0.07,-1.67,-4.65,1.73,5.75,29.58,54.75,25.3,11.13,199.6,30.3175,0.15%
351,010505,申万菱信创业板量化精选股票C,2026-07-22,1.1889,1.1889,-2.57,-5.26,-11.19,-8.81,-3.01,29.5,108.14,66.77,1.65,18.89,29.6652,0.00%
352,024712,中金新锐股票C,2026-07-22,4.8176,4.8176,0.11,-1.28,-8.86,-5.23,-2.73,29.36,,,5.36,32.14,29.0475,0.00%
353,023853,景顺长城量化精选股票C,2026-07-22,2.037,2.238,-0.59,-5.08,-11.55,-4.01,-2.07,29.26,,,8.47,38.18,29.4771,0.00%
354,006251,银华兴盛股票A,2026-07-22,1.6967,1.6967,-0.94,-3.07,-7.5,-2.31,-0.25,28.98,21.07,11.49,7.26,69.67,28.7916,0.15%
355,005968,创金合信工业周期股票A,2026-07-22,2.1022,2.1022,-2.08,-7.99,-15.11,-3.55,-8.34,28.65,31.26,-5.78,-2.9,110.22,29.3741,0.15%
356,000082,嘉实研究阿尔法股票A,2026-07-22,2.346,3.181,-0.8,-3.02,-8.25,-2.17,2.62,28.55,53.03,38.16,8.91,358.43,28.2668,0.15%
357,024395,银华兴盛股票C,2026-07-22,1.6901,1.6901,-0.94,-3.08,-7.53,-2.41,-0.45,28.47,,,7.02,35.16,28.2808,0.00%
358,023129,富国致盛量化选股股票A,2026-07-22,1.4095,1.4095,-1.5,-5.98,-14.44,-1.2,8.36,27.96,,,13.91,40.95,28.2763,0.15%
359,019306,嘉实研究阿尔法股票C,2026-07-22,2.315,2.315,-0.81,-3.02,-8.28,-2.28,2.34,27.83,51.51,,8.58,39.37,27.6185,0.00%
360,000996,中银新动力股票A,2026-07-22,0.9709,0.9709,-1.56,-8.41,-20.27,-10.43,-8.58,27.75,36.17,6.58,0.93,-2.91,27.75,0.15%
361,005969,创金合信工业周期股票C,2026-07-22,1.9872,1.9872,-2.08,-8.0,-15.17,-3.72,-8.66,27.74,29.43,-7.74,-3.28,98.72,28.4634,0.00%
362,005209,东吴双三角股票A,2026-07-22,0.714,0.714,-4.01,-8.72,-19.11,-1.99,7.4,27.27,60.7,23.1,5.61,-28.6,27.2727,0.15%
363,014453,中银新动力股票C,2026-07-22,0.9515,0.9515,-1.56,-8.41,-20.3,-10.49,-8.77,27.21,34.96,5.14,0.79,-32.18,27.036,0.00%
364,009550,汇添富开放视野中国优势六个月持有股票A,2026-07-22,0.897,0.897,-0.68,-0.36,-3.37,1.06,6.02,27.2,40.95,34.81,9.18,-10.3,27.0358,0.15%
365,023130,富国致盛量化选股股票C,2026-07-22,1.3989,1.3989,-1.5,-5.99,-14.48,-1.35,8.03,27.2,,,13.53,39.89,27.5089,0.00%
366,007137,鹏扬元合量化大盘A,2026-07-22,1.5871,1.8611,-0.82,-3.81,-10.22,-2.7,2.52,27.15,51.7,42.8,8.19,95.33,27.1104,0.15%
367,005927,创金合信新能源汽车股票A,2026-07-22,1.9668,1.9668,-2.94,-12.36,-24.38,-11.52,-10.04,27.01,19.94,-0.82,-2.23,96.68,26.7268,0.15%
368,004925,长信低碳环保行业量化股票A,2026-07-22,1.8815,1.8815,-1.17,-5.46,-24.43,-19.08,-11.49,26.96,63.58,13.0,-7.66,88.15,27.4211,0.15%
369,004292,鹏华沪深港互联网股票,2026-07-22,2.3828,2.3828,-3.66,-9.62,-21.24,5.31,-2.56,26.92,97.94,44.74,3.32,138.28,24.7082,0.15%
370,003745,广发多元新兴股票,2026-07-22,2.1392,2.1392,-1.12,-7.85,-19.49,-7.57,-2.4,26.85,64.68,32.39,9.15,113.92,28.0728,0.15%
371,005210,东吴双三角股票C,2026-07-22,0.6829,0.6829,-4.02,-8.73,-19.15,-2.12,7.12,26.63,59.18,21.34,5.3,-31.71,26.6271,0.00%
372,013151,长信低碳环保行业量化股票C,2026-07-22,1.8454,1.8454,-1.17,-5.46,-24.46,-19.16,-11.66,26.46,62.29,11.65,-7.86,-33.8,26.9276,0.00%
373,023524,广发制造智选股票发起式A,2026-07-22,1.3924,1.4555,-1.92,-9.5,-20.96,-12.14,-9.99,26.44,,,-2.36,45.78,27.6791,0.15%
374,011236,摩根行业睿选股票A,2026-07-22,1.0124,1.0124,-1.55,-2.23,-8.55,-12.75,1.58,26.42,81.63,50.79,0.38,1.24,26.645,0.15%
375,009551,汇添富开放视野中国优势六个月持有股票C,2026-07-22,0.8549,0.8549,-0.69,-0.37,-3.44,0.86,5.6,26.18,38.71,31.6,8.7,-14.51,26.0171,0.00%
376,019879,万家周期驱动股票发起式A,2026-07-22,1.6324,1.6324,3.73,4.16,-2.83,-17.91,-16.33,26.15,39.78,,-4.87,63.24,26.6408,0.15%
377,005928,创金合信新能源汽车股票C,2026-07-22,1.8556,1.8556,-2.93,-12.37,-24.42,-11.67,-10.34,26.13,18.27,-2.89,-2.6,85.56,25.846,0.00%
378,007138,鹏扬元合量化大盘C,2026-07-22,1.4796,1.7416,-0.82,-3.83,-10.28,-2.9,2.1,26.11,49.26,39.37,7.71,81.94,26.0736,0.00%
379,011237,摩根行业睿选股票C,2026-07-22,0.9854,0.9854,-1.55,-2.23,-8.58,-12.86,1.32,25.79,79.85,48.54,0.09,-1.46,26.0102,0.00%
380,580008,东吴新产业精选股票A,2026-07-22,4.3302,4.3302,-3.49,-7.23,-16.28,-9.83,5.77,25.76,63.96,61.21,11.34,333.02,25.9145,0.15%
381,023525,广发制造智选股票发起式C,2026-07-22,1.3811,1.4439,-1.92,-9.51,-21.0,-12.27,-10.26,25.68,,,-2.68,44.6,26.9197,0.00%
382,018650,光大国企改革股票C,2026-07-22,1.681,1.681,0.18,-2.61,-11.53,-3.45,-3.45,25.64,29.81,20.33,5.59,17.31,25.4478,0.00%
383,019880,万家周期驱动股票发起式C,2026-07-22,1.6117,1.6117,3.73,4.15,-2.87,-18.01,-16.54,25.55,38.51,,-5.12,61.17,26.0322,0.00%
384,001975,景顺长城环保优势股票,2026-07-22,4.396,4.396,-1.12,-5.48,-12.8,-4.68,-0.83,25.49,77.83,46.24,10.84,339.6,25.7437,0.15%
385,004686,华夏研究精选股票,2026-07-22,1.8782,1.8782,-0.89,-3.39,-5.91,4.22,6.6,25.23,45.46,34.09,11.08,87.82,24.9717,0.15%
386,011470,东吴新产业精选股票C,2026-07-22,4.2392,4.2392,-3.49,-7.24,-16.3,-9.92,5.56,25.2,62.53,59.17,11.09,19.19,25.3497,0.00%
387,012445,华富新能源股票型发起式A,2026-07-22,1.0216,1.0216,-1.71,-10.7,-28.48,-25.51,-17.08,24.98,55.07,26.64,-14.22,2.16,25.9679,0.15%
388,000971,诺安新经济股票,2026-07-22,1.833,1.833,1.55,-0.7,-9.79,-2.71,-2.03,24.95,40.68,19.65,6.63,83.3,25.3762,0.15%
389,008128,湘财长源股票型A,2026-07-22,1.1189,1.6111,-0.79,-4.19,-12.8,-11.18,-4.81,24.91,54.03,18.48,5.09,63.99,25.4513,0.15%
390,009537,太平行业优选股票A,2026-07-22,1.0692,1.1192,-2.27,-10.96,-27.65,-15.93,-17.36,24.82,65.84,45.55,-7.2,11.99,25.3311,0.12%
391,005402,广发资源优选股票A,2026-07-22,1.9443,1.9443,3.15,2.35,-8.19,-9.79,-12.95,24.59,17.39,34.08,-0.96,94.43,25.5764,0.15%
392,017824,华安新材料主题股票发起式A,2026-07-22,1.5335,1.5335,-1.03,-8.89,-28.32,-21.02,-18.12,24.4,52.65,,-12.36,53.35,25.2041,0.15%
393,008129,湘财长源股票型C,2026-07-22,1.079,1.5665,-0.79,-4.2,-12.84,-11.3,-5.05,24.28,52.49,16.71,4.79,58.17,24.8265,0.00%
394,017967,华富新能源股票型发起式C,2026-07-22,1.0009,1.0009,-1.72,-10.71,-28.52,-25.62,-17.33,24.24,53.21,24.37,-14.5,7.5,25.2221,0.00%
395,001047,光大国企改革股票A,2026-07-22,1.582,1.582,0.19,-2.59,-11.47,-3.36,-3.6,24.18,23.4,13.24,5.47,58.2,24.0784,0.15%
396,009538,太平行业优选股票C,2026-07-22,1.0378,1.0878,-2.27,-10.97,-27.68,-16.04,-17.56,24.18,64.21,43.36,-7.46,8.73,24.6906,0.00%
397,010235,广发资源优选股票C,2026-07-22,1.9006,1.9006,3.15,2.34,-8.21,-9.89,-13.12,24.1,16.45,32.47,-1.18,12.57,25.0724,0.00%
398,000418,景顺长城成长之星股票A,2026-07-22,4.511,5.505,-0.09,-1.87,-9.22,-1.27,1.71,24.08,41.24,37.15,6.79,473.56,24.2057,0.15%
399,011142,创金合信新材料新能源股票A,2026-07-22,1.0869,1.0869,-3.09,-14.08,-34.2,-25.16,-14.74,24.0,24.84,7.22,-3.87,8.69,25.2478,0.15%
400,001277,博时国企改革股票A,2026-07-22,0.8529,0.8529,0.4,0.38,-7.87,-3.51,-0.77,23.91,32.85,24.88,3.86,-14.71,23.914,0.15%
401,017825,华安新材料主题股票发起式C,2026-07-22,1.5132,1.5132,-1.03,-8.9,-28.35,-21.12,-18.32,23.8,51.14,,-12.6,51.32,24.5945,0.00%
402,007388,摩根研究驱动股票A,2026-07-22,1.2214,1.2214,-0.74,-4.65,-12.29,-5.71,-4.28,23.7,36.47,27.71,4.79,22.14,23.8868,0.15%
403,011224,九泰盈泰量化股票A,2026-07-22,0.9577,0.9577,-0.22,1.25,-1.15,-5.48,-6.52,23.59,31.75,22.39,1.2,-4.23,23.654,0.15%
404,021503,景顺长城成长之星股票C,2026-07-22,4.473,5.465,-0.07,-1.84,-9.23,-1.35,1.54,23.57,40.17,,6.58,33.71,23.7305,0.00%
405,010420,民生加银成长优选股票A,2026-07-22,0.9188,0.9188,-3.03,-5.53,-11.84,2.11,12.01,23.53,52.4,27.61,14.28,-8.12,23.5943,0.15%
406,014382,博时国企改革股票C,2026-07-22,0.8381,0.8381,0.41,0.37,-7.9,-3.6,-0.97,23.43,31.78,23.25,3.64,-18.79,23.4315,0.00%
407,003984,嘉实新能源新材料股票A,2026-07-22,2.2667,2.2667,-0.67,-4.17,-24.51,-29.7,-21.68,23.34,67.73,9.16,-18.76,126.67,24.1279,0.15%
408,011143,创金合信新材料新能源股票C,2026-07-22,1.0513,1.0513,-3.1,-14.09,-34.22,-25.26,-14.99,23.28,23.38,5.32,-4.18,5.13,24.5026,0.00%
409,005960,博时量化价值股票A,2026-07-22,1.6651,1.921,-1.47,-6.04,-12.69,-9.79,-5.67,23.22,54.55,46.71,3.02,102.1,23.1611,0.15%
410,017650,中庚港股通价值股票,2026-07-22,1.3549,1.3549,-0.15,0.85,1.37,-0.38,0.48,23.22,60.48,35.14,8.57,35.49,21.8435,0.15%
411,001736,圆信永丰优加生活,2026-07-22,3.7652,3.7652,-0.22,-1.32,-9.43,-7.64,-1.1,23.12,37.98,19.13,4.82,276.52,23.9817,0.15%
412,024682,民生加银成长优选股票C,2026-07-22,0.915,0.915,-3.03,-5.54,-11.88,2.01,11.78,23.05,,,14.0,22.02,23.1163,0.00%
413,011225,九泰盈泰量化股票C,2026-07-22,0.9297,0.9297,-0.23,1.23,-1.19,-5.61,-6.81,22.85,30.17,20.21,0.87,-7.03,22.9274,0.00%
414,001705,泓德战略转型股票,2026-07-22,1.5812,2.4812,-1.09,-2.74,-10.33,-4.37,-3.86,22.77,47.01,25.95,1.5,169.46,23.1177,0.15%
415,003985,嘉实新能源新材料股票C,2026-07-22,2.1777,2.1777,-0.67,-4.18,-24.54,-29.78,-21.87,22.74,66.08,7.54,-18.98,117.77,23.5224,0.00%
416,007389,摩根研究驱动股票C,2026-07-22,1.163,1.163,-0.74,-4.67,-12.35,-5.9,-4.66,22.71,34.3,24.68,4.31,16.3,22.8997,0.00%
417,011836,银华智能建造股票发起式,2026-07-22,0.6357,0.6357,-2.18,-5.37,-11.79,-8.93,-0.58,22.49,38.17,1.1,2.3,-36.43,22.297,0.15%
418,160133,南方天元新产业股票(LOF),2026-07-22,4.2933,4.2933,0.17,0.04,2.31,0.62,-1.9,22.28,45.7,28.35,4.7,329.33,21.948,0.15%
419,005961,博时量化价值股票C,2026-07-22,1.5911,1.8148,-1.48,-6.05,-12.74,-9.97,-6.04,22.25,52.1,43.24,2.57,89.42,22.1913,0.00%
420,014139,易方达高质量增长量化精选股票A,2026-07-22,1.0429,1.0429,-0.46,-1.46,-6.35,-2.34,1.1,22.12,52.25,20.9,5.46,4.29,21.8341,0.15%
421,001166,建信环保产业股票A,2026-07-22,1.089,1.089,-0.64,-7.87,-18.97,-21.2,-15.65,21.95,29.18,-6.92,-13.02,8.9,23.19,0.15%
422,019941,富国洞见价值股票A,2026-07-22,1.5086,1.5086,-0.55,0.41,-4.12,-7.76,-8.55,21.94,44.68,,0.61,50.86,21.8775,0.15%
423,011042,国泰价值先锋股票A,2026-07-22,1.2086,1.2086,0.18,-2.52,11.21,9.16,0.82,21.8,78.52,41.24,12.25,20.86,20.3665,0.15%
424,014140,易方达高质量增长量化精选股票C,2026-07-22,1.0293,1.0293,-0.45,-1.47,-6.38,-2.37,0.96,21.72,50.68,19.91,5.29,2.93,21.437,0.00%
425,008177,建信高股息主题股票,2026-07-22,1.2277,1.9042,-1.45,-5.68,-18.85,-14.56,-14.52,21.67,34.25,26.5,-6.53,93.2,21.5304,0.15%
426,005037,银华新能源新材料A,2026-07-22,1.383,1.646,-0.56,-3.74,-22.02,-24.55,-18.59,21.61,49.92,11.43,-13.87,62.43,22.5412,0.15%
427,020682,建信环保产业股票C,2026-07-22,1.082,1.082,-0.55,-7.84,-18.95,-21.25,-15.73,21.57,28.35,,-13.16,41.07,22.815,0.00%
428,160919,大成产业升级股票(LOF)A,2026-07-22,3.5539,5.5399,-0.43,-3.89,-9.62,-7.09,-1.7,21.55,32.19,18.9,2.87,235.56,22.0642,0.15%
429,002168,嘉实智能汽车股票,2026-07-22,2.623,2.623,-1.24,-3.95,-23.12,-26.3,-18.31,21.49,54.66,-0.27,-16.06,162.3,22.0568,0.15%
430,024153,华安消费机遇股票发起式A,2026-07-22,1.2126,1.2126,-0.3,-5.41,-17.47,13.93,18.44,21.47,,,25.13,21.26,,0.15%
431,019942,富国洞见价值股票C,2026-07-22,1.4816,1.4816,-0.55,0.39,-4.17,-7.9,-8.82,21.19,42.57,,0.26,48.16,21.1249,0.00%
432,005038,银华新能源新材料C,2026-07-22,1.3316,1.5906,-0.56,-3.74,-22.05,-24.62,-18.76,21.14,48.73,10.11,-14.06,56.58,22.0532,0.00%
433,001490,汇添富国企创新股票A,2026-07-22,1.942,1.942,0.21,-1.67,-8.27,1.73,2.1,21.0,21.98,7.12,9.9,94.2,21.375,0.15%
434,024154,华安消费机遇股票发起式C,2026-07-22,1.2078,1.2078,-0.31,-5.41,-17.49,13.81,18.2,20.99,,,24.84,20.78,,0.00%
435,019206,大成产业升级股票(LOF)C,2026-07-22,3.5035,3.5035,-0.42,-3.9,-9.66,-7.19,-1.94,20.95,30.86,,2.6,20.35,21.4637,0.00%
436,011043,国泰价值先锋股票C,2026-07-22,1.1583,1.1583,0.18,-2.53,11.13,8.94,0.42,20.9,75.77,37.94,11.75,15.83,19.4863,0.00%
437,001974,景顺长城量化新动力股票A,2026-07-22,2.145,2.43,-0.6,-3.16,-9.03,-0.65,2.14,20.85,41.7,31.53,6.4,151.08,20.8451,0.15%
438,014062,景顺长城专精特新量化优选股票A,2026-07-22,1.0217,1.0217,-2.03,-9.0,-17.32,-10.29,-7.51,20.83,80.86,37.14,4.12,2.17,21.5008,0.15%
439,010128,宝盈发展新动能股票A,2026-07-22,1.3984,1.3984,-2.33,-8.63,-21.11,-5.93,-10.97,20.76,59.91,47.98,-1.57,39.84,20.8643,0.15%
440,540006,汇丰晋信大盘股票A,2026-07-22,5.4655,5.5255,0.69,2.83,4.02,-5.28,-5.86,20.4,48.15,39.66,-0.36,479.04,21.2239,0.15%
441,003834,华夏能源革新股票A,2026-07-22,2.803,2.803,-1.34,-5.02,-21.06,-23.75,-16.9,20.35,30.49,0.97,-13.25,180.3,21.0276,0.15%
442,014063,景顺长城专精特新量化优选股票C,2026-07-22,1.0027,1.0027,-2.03,-9.01,-17.36,-10.39,-7.7,20.33,79.41,35.48,3.87,0.27,21.0113,0.00%
443,015123,汇添富国企创新股票C,2026-07-22,1.891,1.891,0.21,-1.66,-8.34,1.56,1.83,20.22,20.52,5.23,9.56,-7.62,20.6765,0.00%
444,015891,富国上证50基本面精选股票发起式A,2026-07-22,1.2533,1.2533,-0.02,1.35,0.75,3.57,-2.35,20.21,29.43,30.92,1.93,25.33,20.163,0.15%
445,010129,宝盈发展新动能股票C,2026-07-22,1.352,1.352,-2.33,-8.64,-21.14,-6.04,-11.19,20.17,57.59,45.1,-1.84,35.2,20.274,0.00%
446,023188,景顺长城量化新动力股票C,2026-07-22,2.15,2.15,-0.65,-3.2,-9.09,-0.83,1.75,19.91,,,5.96,35.14,19.9108,0.00%
447,019243,汇丰晋信大盘股票C,2026-07-22,5.4032,5.4032,0.69,2.83,3.98,-5.4,-6.08,19.86,46.85,,-0.61,42.09,20.6826,0.00%
448,014376,东吴新能源汽车股票A,2026-07-22,1.7205,1.7205,-3.26,-6.26,-18.5,-18.75,-10.58,19.75,56.72,54.5,-6.91,72.05,19.662,0.15%
449,013188,华夏能源革新股票C,2026-07-22,2.722,2.722,-1.34,-5.02,-21.1,-23.86,-17.16,19.7,28.94,-0.77,-13.56,-30.58,20.336,0.00%
450,002952,建信多因子量化股票,2026-07-22,1.6718,1.6718,-0.67,-9.75,-20.23,-3.21,3.3,19.57,52.55,39.25,13.07,67.18,20.0919,0.15%
451,001637,嘉实量化精选股票,2026-07-22,1.7744,2.1254,-0.5,-5.2,-13.02,-8.45,-8.75,19.55,49.21,26.62,1.05,121.35,19.9081,0.15%
452,011107,九泰天兴量化智选A,2026-07-22,1.0377,1.0377,1.56,3.54,3.15,-4.3,-1.36,19.5,33.98,22.14,3.31,3.77,19.5094,0.15%
453,015892,富国上证50基本面精选股票发起式C,2026-07-22,1.224,1.224,-0.02,1.34,0.7,3.42,-2.63,19.5,27.87,28.57,1.59,22.4,19.4496,0.00%
454,011108,九泰天兴量化智选C,2026-07-22,1.0325,1.0325,1.55,3.54,3.15,-4.33,-1.41,19.36,33.71,21.77,3.25,3.25,19.378,0.00%
455,004683,建信高端医疗股票A,2026-07-22,1.888,1.888,-0.08,-3.28,23.09,15.21,20.06,19.29,36.32,13.15,35.32,88.8,20.747,0.15%
456,014377,东吴新能源汽车股票C,2026-07-22,1.6898,1.6898,-3.25,-6.26,-18.53,-18.83,-10.75,19.27,55.48,52.65,-7.11,68.98,19.1931,0.00%
457,000803,工银研究精选股票,2026-07-22,3.999,3.999,1.27,2.17,-1.89,-8.45,-13.67,19.23,44.37,35.51,-11.07,299.9,18.9117,0.15%
458,001790,国泰智能汽车股票A,2026-07-22,2.2856,2.2856,-2.11,-6.16,-15.51,-5.17,-13.7,19.23,52.99,4.84,-9.06,128.56,19.6524,0.15%
459,001849,前海开源强势共识100强股票,2026-07-22,1.479,1.479,-0.34,-1.99,-10.96,1.79,8.67,18.89,38.61,10.04,15.1,47.9,18.8907,0.15%
460,360001,光大量化股票A,2026-07-22,1.2366,3.6861,-0.03,-3.36,-6.78,-5.31,-6.19,18.84,62.86,26.57,2.65,523.58,19.2144,0.15%
461,016352,建信高端医疗股票C,2026-07-22,1.859,1.859,-0.08,-3.28,23.06,15.09,19.83,18.82,35.2,11.77,35.03,-1.11,20.2769,0.00%
462,011323,国泰智能汽车股票C,2026-07-22,2.2349,2.2349,-2.12,-6.17,-15.54,-5.26,-13.87,18.75,51.72,3.56,-9.26,-11.98,19.182,0.00%
463,007479,光大量化股票C,2026-07-22,1.2595,1.262,-0.03,-3.37,-6.81,-5.41,-6.39,18.7,63.71,26.25,2.42,32.72,19.0694,0.00%
464,001692,南方国策动力,2026-07-22,2.7695,2.7995,0.57,-0.29,-6.32,-7.11,-2.56,18.63,39.11,24.86,1.65,183.69,18.8627,0.15%
465,001719,工银国家战略股票,2026-07-22,2.177,2.177,-1.23,-1.45,-6.69,-2.2,-0.82,18.25,44.08,-0.96,1.97,117.7,17.8668,0.15%
466,010120,九泰久福量化股票A,2026-07-22,0.8862,0.8862,-0.19,-6.72,-18.5,-13.33,-9.97,17.89,52.77,22.69,0.29,-11.38,17.3619,0.12%
467,012496,同泰行业优选股票A,2026-07-22,0.6465,0.6465,-4.02,-13.73,-30.31,-11.16,1.91,17.8,25.46,6.93,18.6,-35.35,16.3398,0.15%
468,005457,景顺长城量化小盘股票A,2026-07-22,1.8245,2.1045,-1.1,-8.2,-17.3,-12.24,-10.08,17.62,75.05,41.99,-0.62,122.57,18.0295,0.15%
469,004698,博时军工主题股票A,2026-07-22,1.974,1.974,-1.3,-5.96,-18.4,-15.78,-13.53,17.57,64.77,21.85,-5.6,97.4,18.0622,0.15%
470,012497,同泰行业优选股票C,2026-07-22,0.6339,0.6339,-4.01,-13.74,-30.33,-11.24,1.7,17.35,24.46,5.67,18.35,-36.61,15.8867,0.00%
471,010121,九泰久福量化股票C,2026-07-22,0.8621,0.8621,-0.19,-6.72,-18.53,-13.44,-10.19,17.31,51.27,20.86,0.01,-13.79,16.7841,0.00%
472,020748,国联智选先锋股票A,2026-07-22,1.4179,1.7234,-1.06,-7.14,-16.35,-8.87,-7.7,17.14,73.63,,0.16,73.48,17.35,0.15%
473,011425,广发优势成长股票A,2026-07-22,0.5377,0.5377,1.26,-0.96,-10.29,-13.98,-16.79,17.07,49.86,6.52,-5.95,-46.23,18.4361,0.15%
474,001528,诺安先进制造股票A,2026-07-22,3.425,3.425,0.32,0.5,-1.89,2.76,-2.89,17.01,28.13,24.23,4.39,242.5,16.457,0.15%
475,001685,汇添富沪港深新价值股票,2026-07-22,1.302,1.302,-1.74,-5.86,-14.4,-0.23,2.76,16.98,48.8,19.56,9.23,30.2,15.7333,0.15%
476,011793,建信智能汽车股票,2026-07-22,0.9374,0.9374,-0.52,-1.37,-7.35,-8.99,-6.5,16.96,41.24,19.95,-2.8,-6.26,17.3657,0.15%
477,001718,工银物流产业股票A,2026-07-22,4.898,4.898,-1.45,-6.11,-9.51,-4.67,-2.6,16.95,45.17,47.57,-0.22,389.8,16.9253,0.15%
478,023855,景顺长城量化小盘股票C,2026-07-22,1.8121,1.8121,-1.1,-8.21,-17.35,-12.37,-10.35,16.92,,,-0.96,30.17,17.3336,0.00%
479,011592,博时军工主题股票C,2026-07-22,1.912,1.912,-1.34,-6.0,-18.5,-15.96,-13.84,16.8,62.72,19.65,-5.95,4.25,17.3006,0.00%
480,007470,博道叁佰智航股票A,2026-07-22,1.742,1.915,-1.2,-4.46,-12.11,-3.57,-0.16,16.72,44.21,38.28,3.48,98.0,16.5451,0.12%
481,011426,广发优势成长股票C,2026-07-22,0.5262,0.5262,1.27,-0.94,-10.31,-14.06,-16.94,16.6,48.69,5.26,-6.15,-47.38,17.9821,0.00%
482,020749,国联智选先锋股票C,2026-07-22,1.4027,1.706,-1.06,-7.15,-16.38,-8.99,-7.93,16.56,71.88,,-0.13,71.63,16.766,0.00%
483,019607,诺安先进制造股票C,2026-07-22,3.379,3.379,0.3,0.48,-1.94,2.64,-3.15,16.44,26.89,,4.1,25.71,15.8779,0.00%
484,001616,嘉实环保低碳股票,2026-07-22,2.641,2.641,-0.71,-3.65,-19.92,-23.32,-17.88,16.39,46.56,2.72,-14.94,164.1,16.3949,0.15%
485,006195,国金量化多因子股票A,2026-07-22,3.0342,3.0342,-1.14,-8.1,-18.7,-13.4,-8.17,16.36,75.99,45.5,0.85,203.42,16.6955,0.15%
486,015001,工银物流产业股票C,2026-07-22,4.821,4.821,-1.43,-6.11,-9.53,-4.78,-2.82,16.36,43.74,45.43,-0.5,29.21,16.365,0.00%
487,007471,博道叁佰智航股票C,2026-07-22,1.6899,1.8629,-1.19,-4.47,-12.14,-3.67,-0.36,16.26,43.05,36.63,3.25,92.45,16.0805,0.00%
488,001291,大摩量化多策略股票,2026-07-22,1.308,1.308,-0.61,-1.28,-6.9,-1.88,0.0,16.06,30.54,27.36,4.56,30.8,16.3701,0.15%
489,016858,国金量化多因子股票C,2026-07-22,2.9897,2.9897,-1.15,-8.1,-18.73,-13.49,-8.36,15.89,74.59,43.77,0.63,68.82,16.2312,0.00%
490,008860,民生加银龙头优选股票A,2026-07-22,1.2201,1.2201,0.29,1.41,2.51,-2.66,-2.97,15.85,26.49,24.63,-1.02,22.01,14.9953,0.15%
491,000960,招商医药健康产业股票,2026-07-22,2.244,2.244,1.26,-3.98,21.89,12.59,8.14,15.79,38.52,15.61,23.7,124.4,14.6067,0.15%
492,000985,嘉实逆向策略股票,2026-07-22,1.643,1.643,0.24,1.23,1.61,0.92,-2.2,15.79,17.78,-4.75,2.24,64.3,15.8674,0.15%
493,009398,华富成长企业精选股票A,2026-07-22,1.0495,1.1905,-1.37,-10.22,-28.4,-16.63,-15.07,15.65,40.7,7.71,-4.82,17.29,14.9381,0.15%
494,519965,长信量化多策略股票A,2026-07-22,1.323,1.883,-1.75,-5.68,-12.03,-7.53,-3.22,15.58,37.1,29.22,3.57,104.7,15.5055,0.15%
495,001223,鹏华文化传媒娱乐股票,2026-07-22,1.443,1.443,-1.64,-11.58,-29.06,-16.73,-17.73,15.53,29.65,7.37,-10.82,44.3,15.5324,0.15%
496,019079,国富招瑞优选股票A,2026-07-22,1.44,1.44,-1.03,-5.51,-13.91,-8.41,-7.62,15.48,40.67,,-0.62,44.0,15.2738,0.15%
497,022358,民生加银龙头优选股票C,2026-07-22,1.212,1.212,0.29,1.41,2.49,-2.74,-3.16,15.4,,,-1.23,20.26,14.5449,0.00%
498,009043,九泰久信量化股票,2026-07-22,1.1187,1.1187,0.8,1.91,2.83,-5.48,-4.25,15.27,36.84,11.26,1.76,11.87,15.2705,0.15%
499,000696,汇添富环保行业股票,2026-07-22,1.606,1.847,-0.74,-4.35,-18.02,-16.74,-11.71,15.04,23.82,-6.08,-9.27,79.61,15.7061,0.15%
500,019080,国富招瑞优选股票C,2026-07-22,1.4262,1.4262,-1.03,-5.52,-13.94,-8.51,-7.8,15.02,39.6,,-0.84,42.62,14.8217,0.00%
501,022299,安信周期优选股票型发起A,2026-07-22,1.3717,1.3717,1.21,-3.12,-22.38,-12.66,-17.35,14.99,,,-5.87,37.17,14.979,0.15%
502,020487,华富成长企业精选股票C,2026-07-22,1.0335,1.0335,-1.36,-10.23,-28.43,-16.74,-15.29,14.96,39.0,,-5.1,26.05,14.2494,0.00%
503,001319,农银信息传媒股票A,2026-07-22,1.238,1.238,-0.89,0.17,-1.62,5.76,-0.86,14.81,48.41,16.34,6.41,23.8,14.6933,0.15%
504,004716,中信保诚量化阿尔法股票A,2026-07-22,1.9515,2.0324,-0.51,-1.37,-7.42,-1.48,-0.51,14.77,35.22,29.09,2.3,105.04,14.7739,0.15%
505,022300,安信周期优选股票型发起C,2026-07-22,1.3622,1.3622,1.2,-3.14,-22.41,-12.53,-17.33,14.63,,,-5.88,36.22,14.6247,0.00%
506,007130,中庚小盘价值股票,2026-07-22,2.8626,2.8626,-0.55,-4.18,-11.17,-8.18,-7.09,14.53,43.52,23.87,4.52,186.26,14.6094,0.15%
507,007831,博道伍佰智航股票A,2026-07-22,1.7834,2.0754,-1.59,-8.94,-18.93,-9.08,-9.52,14.5,70.51,51.58,-0.26,123.52,14.8506,0.12%
508,004858,长信量化多策略股票C,2026-07-22,1.2956,1.7756,-1.74,-5.7,-12.1,-7.75,-3.7,14.43,34.41,25.33,3.01,58.12,14.3614,0.00%
509,018589,农银信息传媒股票C,2026-07-22,1.2232,1.2232,-0.89,0.16,-1.66,5.65,-1.06,14.35,47.25,15.02,6.17,6.8,14.2323,0.00%
510,011295,中信保诚量化阿尔法股票C,2026-07-22,1.1264,1.1264,-0.51,-1.38,-7.44,-1.57,-0.71,14.31,34.14,27.54,2.08,12.64,14.3205,0.00%
511,009805,国泰医药健康股票A,2026-07-22,0.9542,0.9542,0.79,-5.84,17.14,2.83,1.04,14.28,46.01,12.51,19.71,-4.58,14.1115,0.15%
512,011285,民生价值优选6个月持有股票A,2026-07-22,0.7172,0.7172,0.38,1.2,2.28,-1.01,-2.95,14.24,24.19,20.96,3.13,-28.28,13.6609,0.15%
513,007832,博道伍佰智航股票C,2026-07-22,1.7419,2.0339,-1.59,-8.94,-18.95,-9.15,-9.66,14.16,69.51,50.23,-0.42,119.03,14.5083,0.00%
514,000884,民生加银优选股票,2026-07-22,1.4957,1.8897,0.75,1.82,5.14,-3.61,-2.29,14.14,15.14,-9.13,2.42,74.75,14.7185,0.15%
515,011077,汇丰晋信创新先锋,2026-07-22,1.0691,1.0691,-0.69,0.32,1.95,1.18,-5.26,14.07,63.4,44.71,2.11,6.91,13.6978,0.15%
516,000711,嘉实医疗保健股票,2026-07-22,2.413,2.413,0.0,-4.06,23.74,13.13,9.48,14.04,49.5,21.68,18.52,141.3,12.6517,0.15%
517,001097,华泰柏瑞积极优选股票A,2026-07-22,1.431,1.431,0.42,1.92,3.77,-2.19,-1.58,14.02,50.16,34.37,1.63,43.1,14.2971,0.15%
518,011934,中航量化阿尔法六个月持有A,2026-07-22,1.0705,1.0705,-1.47,-10.21,-20.41,-13.15,-11.73,14.0,55.66,26.66,-3.95,7.05,14.1501,0.15%
519,011286,民生价值优选6个月持有股票C,2026-07-22,0.7028,0.7028,0.37,1.18,2.23,-1.11,-3.16,13.8,23.23,19.54,2.91,-29.72,13.227,0.00%
520,011326,国泰医药健康股票C,2026-07-22,0.9348,0.9348,0.79,-5.85,17.1,2.74,0.82,13.67,45.04,11.31,19.42,-6.62,13.5155,0.00%
521,024709,中金精选股票A,2026-07-22,1.991,1.991,-0.21,0.64,-5.46,-18.1,-18.55,13.66,,,-13.3,17.23,13.7974,0.15%
522,019505,国泰海通中证1000优选股票发起A,2026-07-22,1.2735,1.5911,-0.97,-9.01,-18.96,-13.34,-10.39,13.61,81.95,,-0.98,60.12,14.1829,0.15%
523,004997,广发高端制造股票A,2026-07-22,1.4046,1.4046,1.11,1.17,-8.54,-12.26,-7.0,13.57,7.3,-29.87,-3.99,40.45,15.3107,0.15%
524,009106,嘉合同顺智选股票A,2026-07-22,0.9688,1.1188,-0.33,-0.87,-3.7,0.8,4.37,13.54,27.29,18.8,6.92,11.79,13.9095,0.15%
525,021316,民生加银智选成长股票A,2026-07-22,1.5481,1.5481,-1.06,-5.96,-13.53,-9.73,-7.92,13.41,55.12,,1.69,54.81,13.8225,0.15%
526,011935,中航量化阿尔法六个月持有C,2026-07-22,1.0394,1.0394,-1.47,-10.22,-20.45,-13.28,-11.99,13.32,53.8,24.39,-4.26,3.94,13.4716,0.00%
527,009126,嘉实基础产业优选股票A,2026-07-22,1.6062,1.6062,-0.23,-1.57,0.45,1.92,-8.22,13.3,58.48,45.95,0.31,60.62,12.8425,0.15%
528,016283,华泰柏瑞积极优选股票C,2026-07-22,1.397,1.397,0.36,1.82,3.64,-2.44,-1.9,13.3,48.14,31.79,1.23,27.81,13.5772,0.00%
529,019506,国泰海通中证1000优选股票发起C,2026-07-22,1.2603,1.5755,-0.97,-9.01,-18.98,-13.43,-10.57,13.16,80.53,,-1.19,58.47,13.7345,0.00%
530,011373,招商前沿医疗保健股票A,2026-07-22,0.702,0.702,1.01,-4.31,24.14,10.92,6.54,13.13,55.52,19.71,21.31,-29.8,11.0408,0.15%
531,010160,广发高端制造股票C,2026-07-22,1.3726,1.3726,1.1,1.16,-8.57,-12.35,-7.19,13.1,6.44,-30.71,-4.21,-37.3,14.8523,0.00%
532,014668,银华专精特新量化优选股票发起A,2026-07-22,1.4622,1.4622,-1.04,-9.03,-19.01,-12.95,-10.23,13.09,94.08,49.66,-1.21,46.22,13.6131,0.15%
533,024710,中金精选股票C,2026-07-22,1.9516,1.9516,-0.21,0.63,-5.49,-18.2,-18.75,13.09,,,-13.54,16.62,13.2347,0.00%
534,006803,嘉实互通精选股票,2026-07-22,1.4089,1.4089,-0.94,-1.34,-7.83,-9.89,-11.63,12.96,69.6,18.0,-6.84,40.89,12.2808,0.15%
535,009107,嘉合同顺智选股票C,2026-07-22,0.9376,1.0876,-0.33,-0.88,-3.74,0.68,4.12,12.96,26.02,17.02,6.62,8.3,13.3462,0.00%
536,021317,民生加银智选成长股票C,2026-07-22,1.5356,1.5356,-1.06,-5.97,-13.57,-9.82,-8.11,12.95,53.9,,1.46,53.56,13.3619,0.00%
537,016444,中泰研究精选6个月持有股票A,2026-07-22,1.1079,1.1079,0.85,2.71,2.63,-0.31,-0.19,12.9,25.94,13.2,5.23,10.79,13.051,0.15%
538,014669,银华专精特新量化优选股票发起C,2026-07-22,1.4447,1.4447,-1.04,-9.04,-19.02,-13.02,-10.37,12.75,92.91,48.31,-1.37,44.47,13.2743,0.00%
539,009127,嘉实基础产业优选股票C,2026-07-22,1.553,1.553,-0.23,-1.58,0.41,1.8,-8.46,12.72,56.52,43.42,0.01,55.3,12.2678,0.00%
540,000729,建信中小盘先锋股票A,2026-07-22,3.529,3.529,0.43,-1.31,-6.84,-3.95,-10.79,12.39,17.52,-0.65,-5.72,252.9,12.2455,0.15%
541,008618,永赢医药健康A,2026-07-22,1.2389,1.2389,-0.6,-5.83,17.4,6.83,13.37,12.36,43.84,18.58,27.07,23.89,12.9765,0.15%
542,016445,中泰研究精选6个月持有股票C,2026-07-22,1.0875,1.0875,0.83,2.69,2.58,-0.45,-0.45,12.32,24.68,11.5,4.93,8.75,12.4845,0.00%
543,011374,招商前沿医疗保健股票C,2026-07-22,0.6743,0.6743,1.02,-4.31,24.07,10.7,6.14,12.25,53.11,16.92,20.8,-32.57,10.1797,0.00%
544,008619,永赢医药健康C,2026-07-22,1.2236,1.2236,-0.6,-5.84,17.37,6.77,13.25,12.13,43.26,17.87,26.93,22.36,12.743,0.00%
545,000831,工银医疗保健股票,2026-07-22,3.186,3.186,0.13,-3.6,23.54,9.86,9.98,11.95,40.04,13.62,16.49,218.6,12.2226,0.15%
546,009147,建信新能源行业股票A,2026-07-22,1.6172,1.6172,-2.08,-8.59,-26.53,-25.23,-23.41,11.94,20.92,-5.69,-18.27,61.72,12.6812,0.15%
547,013919,建信中小盘先锋股票C,2026-07-22,3.462,3.462,0.41,-1.34,-6.89,-4.05,-10.98,11.93,16.57,-1.84,-5.92,-12.27,11.7856,0.00%
548,020901,招商成长量化选股股票A,2026-07-22,1.5159,1.5159,-0.49,-2.88,-5.78,-9.04,-11.26,11.67,59.23,,-3.97,51.59,12.2224,0.15%
549,015048,建信新能源行业股票C,2026-07-22,1.5879,1.5879,-2.08,-8.6,-26.56,-25.31,-23.57,11.49,19.95,-6.82,-18.46,-35.48,12.227,0.00%
550,002595,博时工业4.0主题股票,2026-07-22,1.577,1.577,1.09,4.3,5.98,2.87,-1.0,11.37,12.97,-9.68,12.32,57.7,11.6856,0.15%
551,023404,海富通致远量化选股股票发起A,2026-07-22,1.1186,1.1186,-0.96,-4.15,-9.97,-4.95,-2.89,11.36,,,1.53,11.86,,0.15%
552,000955,南方产业活力,2026-07-22,1.6435,1.6435,-0.86,0.33,0.87,1.63,-0.32,11.34,25.71,19.96,-0.23,64.35,11.2126,0.15%
553,020902,招商成长量化选股股票C,2026-07-22,1.4966,1.4966,-0.49,-2.89,-5.83,-9.18,-11.53,11.0,57.34,,-4.3,49.66,11.5534,0.00%
554,001577,嘉实低价策略股票,2026-07-22,2.669,2.669,0.6,1.48,1.1,-3.82,-7.84,10.98,25.36,20.55,-4.13,166.9,10.8849,0.15%
555,001766,摩根医疗健康股票A,2026-07-22,1.7974,1.7974,-0.65,-0.67,25.82,14.97,22.92,10.82,46.87,21.47,22.66,79.74,10.8822,0.15%
556,001645,国泰大健康股票A,2026-07-22,2.189,2.781,1.3,-1.26,13.54,2.1,-7.4,10.78,24.09,-19.9,7.62,169.54,11.2297,0.15%
557,002210,创金合信量化多因子股票A,2026-07-22,1.4533,2.0839,-1.34,-8.24,-16.92,-13.78,-11.79,10.76,64.61,25.72,-4.79,130.96,10.9474,0.15%
558,023405,海富通致远量化选股股票发起C,2026-07-22,1.1114,1.1114,-0.95,-4.16,-10.01,-5.1,-3.17,10.69,,,1.19,11.14,,0.00%
559,000866,华宝制造股票,2026-07-22,2.541,2.541,-1.82,-7.47,-22.17,-27.28,-19.1,10.62,55.79,25.36,-11.31,154.1,11.0092,0.15%
560,011321,国泰大健康股票C,2026-07-22,2.141,2.141,1.28,-1.29,13.52,2.0,-7.6,10.3,23.05,-20.91,7.37,-25.43,10.7605,0.00%
561,501219,华夏智胜先锋股票(LOF)A,2026-07-22,1.5467,1.5467,-1.33,-7.78,-16.46,-11.42,-10.64,10.29,53.81,33.19,-3.4,54.67,10.6129,0.15%
562,012214,民生加银核心资产股票A,2026-07-22,0.8011,0.8011,0.19,2.32,5.46,-5.75,-5.26,10.27,21.05,16.81,-0.57,-19.89,9.83,0.15%
563,011685,创金合信先进装备股票A,2026-07-22,1.4643,1.4643,-0.29,-1.6,-8.17,-15.49,-17.88,10.16,61.68,34.09,-8.15,46.43,11.2267,0.15%
564,014932,摩根医疗健康股票C,2026-07-22,1.7473,1.7473,-0.65,-0.68,25.76,14.82,22.56,10.16,45.12,19.3,22.26,-20.19,10.2258,0.00%
565,005669,前海开源公用事业股票,2026-07-22,3.0705,3.0705,-0.42,-1.02,-6.67,-7.68,-9.46,10.14,27.12,16.21,-3.82,207.05,10.8044,0.15%
566,008537,兴银研究精选股票A,2026-07-22,1.0154,1.0154,1.1,0.42,-6.48,-17.25,-22.11,10.09,37.79,11.73,-13.56,1.54,10.3456,0.15%
567,003865,创金合信量化多因子股票C,2026-07-22,1.3157,1.9463,-1.35,-8.26,-16.97,-13.94,-12.13,9.93,62.13,22.78,-5.19,70.67,10.1188,0.00%
568,014198,华夏智胜先锋股票C,2026-07-22,1.5186,1.5186,-1.33,-7.78,-16.49,-11.51,-10.82,9.85,52.59,31.59,-3.62,51.86,10.1712,0.00%
569,008294,朱雀企业优胜A,2026-07-22,1.5521,1.5521,-2.21,-6.23,-13.55,-3.3,-2.13,9.84,49.25,15.77,6.47,55.21,9.4107,0.15%
570,012215,民生加银核心资产股票C,2026-07-22,0.7862,0.7862,0.19,2.33,5.43,-5.84,-5.46,9.82,20.09,15.43,-0.79,-21.38,9.392,0.00%
571,015641,银华数字经济股票发起式A,2026-07-22,1.5293,1.5293,-2.22,-11.48,-26.79,-21.81,-27.52,9.77,108.47,61.0,-11.05,52.93,10.0453,0.15%
572,005189,海富通量化前锋股票A,2026-07-22,1.3778,1.6918,-0.25,-1.78,-7.82,-2.12,-2.44,9.72,26.4,1.82,0.95,62.61,9.6189,0.15%
573,020772,中信建投量化选股股票A,2026-07-22,1.3191,1.3191,-0.86,-3.8,-10.01,-3.59,-2.79,9.66,31.88,,0.89,31.91,9.806,1.50%
574,167702,德邦量化优选股票(LOF)A,2026-07-22,1.2722,1.4822,-0.93,-2.93,-9.24,-4.64,-1.65,9.63,30.21,1.17,0.01,45.17,9.5874,0.12%
575,011686,创金合信先进装备股票C,2026-07-22,1.4238,1.4238,-0.29,-1.62,-8.21,-15.6,-18.09,9.62,60.07,32.08,-8.41,42.38,10.6724,0.00%
576,008538,兴银研究精选股票C,2026-07-22,0.9833,0.9833,1.1,0.4,-6.52,-17.35,-22.31,9.55,36.42,10.08,-13.8,-1.67,9.7923,0.00%
577,015642,银华数字经济股票发起式C,2026-07-22,1.5156,1.5156,-2.23,-11.49,-26.8,-21.85,-27.59,9.55,107.5,59.92,-11.14,51.56,9.8261,0.00%
578,167703,德邦量化优选股票(LOF)C,2026-07-22,1.2302,1.4402,-0.92,-2.94,-9.26,-4.69,-1.77,9.35,29.56,0.41,-0.13,40.71,9.322,0.00%
579,002871,华夏智胜价值成长A,2026-07-22,2.0656,2.0656,-0.95,-7.62,-17.28,-13.01,-12.37,9.3,55.21,31.92,-5.65,106.56,9.4358,0.15%
580,005188,海富通量化前锋股票C,2026-07-22,1.3584,1.6724,-0.24,-1.79,-7.85,-2.22,-2.62,9.28,25.38,0.6,0.73,60.21,9.1786,0.00%
581,020773,中信建投量化选股股票C,2026-07-22,1.3078,1.3078,-0.86,-3.8,-10.03,-3.68,-2.97,9.22,30.83,,0.68,30.78,9.3753,0.00%
582,002872,华夏智胜价值成长C,2026-07-22,2.0321,2.0321,-0.95,-7.62,-17.29,-13.06,-12.48,9.03,54.44,30.93,-5.78,103.21,9.1647,0.00%
583,008295,朱雀企业优胜C,2026-07-22,1.4789,1.4789,-2.22,-6.25,-13.6,-3.48,-2.51,8.97,46.89,13.03,5.99,47.89,8.5431,0.00%
584,024046,富国致享量化选股股票A,2026-07-22,1.1337,1.1337,-0.89,-5.73,-13.8,-10.17,-7.75,8.97,,,-2.53,13.37,8.9468,0.15%
585,005303,嘉实医药健康股票A,2026-07-22,1.9318,1.9318,0.2,-3.67,18.6,6.17,4.52,8.91,41.3,23.73,12.57,93.18,8.5098,0.15%
586,006923,前海开源沪港深非周期股票A,2026-07-22,1.3216,1.3216,-1.89,-2.11,-1.88,-7.66,-15.37,8.74,47.12,29.28,-10.77,32.16,7.6484,0.15%
587,004075,交银医药创新股票A,2026-07-22,2.742,2.977,0.72,-3.37,22.57,10.72,10.14,8.58,40.06,17.6,15.31,199.67,9.075,0.15%
588,010141,朱雀企业优选A,2026-07-22,1.0808,1.0808,-2.07,-5.38,-9.65,-3.28,-1.4,8.39,38.16,6.85,6.37,8.08,8.4161,0.15%
589,024047,富国致享量化选股股票C,2026-07-22,1.1265,1.1265,-0.89,-5.73,-13.84,-10.29,-8.03,8.33,,,-2.84,12.65,8.2965,0.00%
590,006924,前海开源沪港深非周期股票C,2026-07-22,1.2968,1.2968,-1.89,-2.11,-1.9,-7.71,-15.48,8.32,46.13,28.21,-10.9,29.68,7.2356,0.00%
591,001178,前海开源再融资股票,2026-07-22,1.353,1.933,-0.59,-2.66,-6.5,-5.19,-11.86,8.24,28.73,0.15,-6.56,102.41,7.8947,0.15%
592,015537,红塔红土新能源主题精选股票A,2026-07-22,0.8079,0.8079,-0.25,-3.6,-21.87,-26.02,-16.38,8.24,33.49,-0.14,-13.24,-19.21,9.1609,0.10%
593,010112,广发研究精选股票A,2026-07-22,0.5352,0.5352,-1.13,-4.53,-16.24,-11.97,-12.38,8.16,12.79,-7.07,-6.35,-46.48,8.2087,0.15%
594,005304,嘉实医药健康股票C,2026-07-22,1.8051,1.8051,0.19,-3.68,18.53,5.96,4.11,8.05,39.06,20.85,12.08,80.51,7.6515,0.00%
595,519975,长信量化中小盘股票A,2026-07-22,1.76,2.16,-1.68,-10.39,-20.68,-15.67,-13.89,7.98,50.43,26.62,-5.27,141.61,8.508,0.15%
596,014046,交银医药创新股票C,2026-07-22,2.9143,2.9143,0.72,-3.38,22.51,10.55,9.81,7.93,38.39,15.5,14.93,-13.6,8.427,0.00%
597,376510,摩根大盘蓝筹股票A,2026-07-22,2.3238,2.3238,0.68,2.15,4.09,-3.74,-5.59,7.87,9.43,3.06,-4.54,132.38,7.8129,0.15%
598,001054,工银新金融股票A,2026-07-22,3.095,3.095,0.16,-0.45,-0.26,-2.12,-0.45,7.84,37.43,27.68,-0.45,209.5,7.3535,0.15%
599,015538,红塔红土新能源主题精选股票C,2026-07-22,0.7957,0.7957,-0.25,-3.61,-21.9,-26.1,-16.54,7.8,32.44,-1.3,-13.43,-20.43,8.7319,0.00%
600,010113,广发研究精选股票C,2026-07-22,0.5231,0.5231,-1.13,-4.54,-16.26,-12.07,-12.55,7.74,11.89,-8.18,-6.57,-47.69,7.789,0.00%
601,023752,长信量化中小盘股票C,2026-07-22,1.752,1.752,-1.63,-10.38,-20.69,-15.69,-14.03,7.55,,,-5.5,21.16,8.0814,0.00%
602,001171,工银养老产业股票A,2026-07-22,1.64,1.64,-0.49,-3.19,8.54,1.8,1.61,7.54,24.53,2.63,8.04,64.0,7.4705,0.15%
603,010142,朱雀企业优选C,2026-07-22,1.0315,1.0315,-2.08,-5.39,-9.72,-3.47,-1.78,7.52,35.96,4.31,5.89,3.15,7.5487,0.00%
604,001917,招商量化精选股票A,2026-07-22,3.3489,3.4189,-0.58,-4.9,-10.67,-10.46,-13.44,7.36,60.92,46.05,-6.14,256.28,7.8134,0.15%
605,013355,工银新金融股票C,2026-07-22,3.02,3.02,0.17,-0.49,-0.3,-2.23,-0.69,7.28,36.1,25.78,-0.76,-9.28,6.7892,0.00%
606,001236,博时丝路主题股票A,2026-07-22,1.937,1.937,-1.87,-5.88,-17.68,-18.41,-20.81,7.25,8.45,13.54,-12.55,93.7,7.6709,0.15%
607,016401,摩根大盘蓝筹股票C,2026-07-22,2.2543,2.2543,0.68,2.13,4.04,-3.89,-5.88,7.23,8.12,1.21,-4.86,-21.3,7.169,0.00%
608,012238,工银养老产业股票C,2026-07-22,1.59,1.59,-0.5,-3.23,8.38,1.66,1.27,6.85,23.07,0.82,7.72,-27.36,6.8548,0.00%
609,019561,富国致航量化选股股票A,2026-07-22,1.2091,1.2091,-1.09,-9.01,-16.61,-16.65,-15.09,6.83,36.61,,-6.29,20.91,6.8865,0.15%
610,002556,博时丝路主题股票C,2026-07-22,1.86,1.86,-1.85,-5.87,-17.7,-18.49,-21.02,6.77,7.39,11.85,-12.76,156.55,7.1429,0.00%
611,007950,招商量化精选股票C,2026-07-22,3.2218,3.2218,-0.58,-4.91,-10.72,-10.59,-13.7,6.71,59.0,43.44,-6.45,226.03,7.1683,0.00%
612,008871,大成睿裕六月持有股票A,2026-07-22,1.585,1.585,-0.31,-0.35,-6.05,-10.92,-10.5,6.64,23.5,21.32,-7.75,58.5,6.2617,0.15%
613,018194,建信新材料精选股票发起A,2026-07-22,1.7207,1.7207,-3.34,-15.09,-34.75,-29.37,-22.11,6.48,53.58,,-12.63,72.07,7.1887,0.15%
614,001104,华安新丝路主题股票A,2026-07-22,1.365,1.474,-2.43,-8.7,-25.16,-13.66,-16.36,6.39,16.77,-15.22,-9.78,42.85,6.0606,0.15%
615,021049,易方达高股息量化选股股票发起式A,2026-07-22,1.1252,1.1602,0.2,-0.68,-0.87,-6.37,-3.83,6.27,,,-0.12,15.94,5.98,0.15%
616,019562,富国致航量化选股股票C,2026-07-22,1.1902,1.1902,-1.09,-9.01,-16.65,-16.76,-15.32,6.2,34.99,,-6.59,19.02,6.2584,0.00%
617,018728,华夏智胜新锐股票A,2026-07-22,1.4029,1.4029,-1.26,-8.68,-17.99,-14.89,-13.07,6.19,70.25,41.14,-4.93,40.29,6.7331,0.15%
618,018240,嘉实制造升级股票发起式A,2026-07-22,1.477,1.477,-1.5,-6.2,-12.3,-7.94,-17.71,6.13,87.63,,-9.11,47.7,5.8933,0.15%
619,012126,宏利新能源股票A,2026-07-22,1.0054,1.0054,-0.78,-8.15,-29.26,-28.15,-25.19,6.11,23.82,-9.64,-21.73,0.54,6.9916,0.15%
620,004812,中欧先进制造股票A,2026-07-22,2.374,2.374,-1.26,-4.42,-23.31,-25.28,-19.67,6.08,20.11,2.62,-17.18,137.4,6.759,0.15%
621,018195,建信新材料精选股票发起C,2026-07-22,1.6991,1.6991,-3.34,-15.1,-34.78,-29.44,-22.26,6.07,52.21,,-12.83,69.91,6.7743,0.00%
622,008872,大成睿裕六月持有股票C,2026-07-22,1.5279,1.5279,-0.32,-0.36,-6.1,-11.05,-10.77,6.0,22.05,19.17,-8.06,52.79,5.6274,0.00%
623,017038,富国中证1000优选股票A,2026-07-22,1.2167,1.2167,-1.19,-8.04,-18.05,-17.02,-16.19,5.85,45.71,19.14,-9.39,21.67,6.2249,0.15%
624,021050,易方达高股息量化选股股票发起式C,2026-07-22,1.1197,1.1547,0.21,-0.69,-0.9,-6.47,-4.03,5.85,,,-0.35,15.39,5.5627,0.00%
625,012127,宏利新能源股票C,2026-07-22,0.99,0.99,-0.78,-8.15,-29.28,-28.21,-25.31,5.79,23.09,-10.46,-21.86,-1.0,6.6695,0.00%
626,519606,国泰金鑫股票A,2026-07-22,2.0429,2.2179,-2.17,-3.96,-23.22,-34.04,-36.53,5.78,28.18,13.07,-33.56,104.29,6.9749,0.15%
627,018729,华夏智胜新锐股票C,2026-07-22,1.386,1.386,-1.25,-8.69,-18.01,-14.97,-13.24,5.77,68.9,39.45,-5.15,38.6,6.3128,0.00%
628,013505,华安新丝路主题股票C,2026-07-22,1.327,1.327,-2.43,-8.67,-25.2,-13.72,-16.54,5.74,15.39,-16.7,-10.03,-46.03,5.4849,0.00%
629,018241,嘉实制造升级股票发起式C,2026-07-22,1.4601,1.4601,-1.5,-6.21,-12.33,-8.04,-17.88,5.7,86.21,,-9.32,46.01,5.4681,0.00%
630,004813,中欧先进制造股票C,2026-07-22,2.2646,2.2646,-1.27,-4.43,-23.36,-25.43,-19.99,5.23,18.2,0.19,-17.55,126.46,5.9115,0.00%
631,017039,富国中证1000优选股票C,2026-07-22,1.1898,1.1898,-1.18,-8.05,-18.09,-17.16,-16.46,5.19,43.96,16.98,-9.71,18.98,5.5629,0.00%
632,015593,国泰金鑫股票C,2026-07-22,1.989,1.989,-2.17,-3.97,-23.26,-34.13,-36.72,5.16,26.61,10.84,-33.77,10.18,6.3466,0.00%
633,006002,工银医药健康股票A,2026-07-22,2.3967,2.9443,0.26,-3.44,21.76,4.15,5.38,5.12,58.65,22.01,10.71,187.79,5.0401,0.15%
634,013049,兴业能源革新股票A,2026-07-22,0.8228,0.8228,-1.72,-7.43,-26.85,-28.41,-24.62,5.12,26.24,4.7,-20.46,-17.72,6.1267,0.15%
635,021915,博道大盘价值股票A,2026-07-22,1.0561,1.0561,-0.25,-3.23,-11.7,-6.2,-8.08,4.88,,,0.11,5.61,5.1474,0.15%
636,013050,兴业能源革新股票C,2026-07-22,0.8029,0.8029,-1.73,-7.44,-26.88,-28.5,-24.8,4.6,24.96,3.13,-20.69,-19.71,5.5892,0.00%
637,006003,工银医药健康股票C,2026-07-22,2.2772,2.8204,0.26,-3.45,21.7,3.99,5.07,4.49,56.78,19.85,10.34,174.07,4.4108,0.00%
638,008283,易方达金融行业股票发起式A,2026-07-22,1.6603,1.6603,0.23,-0.61,-2.12,4.86,-1.62,4.44,49.51,49.98,-2.7,66.03,3.8466,0.15%
639,004350,汇丰晋信价值先锋股票A,2026-07-22,2.035,2.435,-1.31,-4.11,-14.33,-13.19,-16.78,4.34,35.24,5.51,-9.38,149.29,4.8375,0.15%
640,021916,博道大盘价值股票C,2026-07-22,1.0474,1.0474,-0.24,-3.23,-11.73,-6.31,-8.3,4.34,,,-0.16,4.74,4.6249,0.00%
641,011349,淳厚现代服务业股票A,2026-07-22,1.2199,1.2199,-1.76,-1.76,-5.24,-1.01,-8.29,3.95,32.14,26.39,-3.86,21.99,3.2501,1.50%
642,019026,易方达金融行业股票发起式C,2026-07-22,1.6243,1.6243,0.23,-0.62,-2.16,4.73,-1.87,3.92,46.93,,-2.97,46.21,3.327,0.00%
643,015364,汇丰晋信价值先锋股票C,2026-07-22,1.9839,2.3839,-1.31,-4.12,-14.37,-13.32,-17.03,3.72,33.63,3.61,-9.68,11.1,4.2183,0.00%
644,000628,大成高鑫股票A,2026-07-22,5.0709,5.0709,0.34,1.82,3.29,-3.63,-4.53,3.56,24.82,32.89,-2.76,407.09,3.1174,0.15%
645,021167,中泰红利量化选股股票发起A,2026-07-22,1.1333,1.1333,0.77,2.8,5.54,-2.35,-1.29,3.54,15.3,,-0.25,13.33,3.7916,0.15%
646,008134,鹏华优选价值股票A,2026-07-22,1.5427,1.6592,0.02,1.41,2.08,-3.13,-6.49,3.38,30.69,32.36,-3.67,70.69,3.0665,0.15%
647,011350,淳厚现代服务业股票C,2026-07-22,1.1842,1.1842,-1.75,-1.77,-5.28,-1.16,-8.56,3.32,30.52,24.09,-4.18,18.42,2.6437,0.00%
648,010161,广发瑞安精选股票A,2026-07-22,0.9882,0.9882,-1.12,-5.42,-9.35,-15.51,-19.67,3.23,34.93,14.28,-17.64,-1.18,3.3682,0.15%
649,001703,银华沪港深增长股票A,2026-07-22,2.121,2.191,-0.52,-2.21,-10.58,-12.97,-11.51,3.16,20.51,8.6,-4.97,125.68,2.8114,0.15%
650,011066,大成高鑫股票C,2026-07-22,4.9625,4.9625,0.34,1.81,3.25,-3.73,-4.72,3.14,23.88,31.39,-2.98,60.55,2.6965,0.00%
651,021168,中泰红利量化选股股票发起C,2026-07-22,1.1211,1.1211,0.76,2.8,5.5,-2.48,-1.55,3.02,14.13,,-0.52,12.11,3.2701,0.00%
652,005267,嘉实价值精选股票A,2026-07-22,2.2079,2.2079,2.61,5.14,5.73,-6.65,-8.93,2.88,14.69,13.94,-3.56,120.79,3.5018,0.15%
653,020258,鹏华优选价值股票C,2026-07-22,1.428,1.428,0.01,1.4,2.03,-3.29,-6.78,2.73,29.07,,-4.01,42.8,2.4317,0.00%
654,010162,广发瑞安精选股票C,2026-07-22,0.9646,0.9646,-1.14,-5.43,-9.38,-15.61,-19.84,2.64,33.62,12.73,-17.96,-3.54,2.781,0.00%
655,010703,财通智选消费股票A,2026-07-22,0.71,0.71,-1.0,-3.48,-7.72,-3.28,-7.48,2.62,17.37,-1.09,-2.39,-29.0,2.9284,0.15%
656,002334,汇丰晋信大盘波动股票A,2026-07-22,1.6328,1.6328,0.61,1.44,4.81,-0.74,4.94,2.6,18.6,5.38,4.17,63.26,2.9443,0.15%
657,320022,诺安研究精选股票A,2026-07-22,1.939,3.369,-2.22,-15.66,-27.54,-35.45,-38.89,2.59,18.96,-1.02,-27.08,236.87,3.1932,0.15%
658,014364,银华沪港深增长股票C,2026-07-22,2.023,2.023,-0.49,-2.18,-10.64,-13.1,-11.77,2.59,19.78,4.6,-5.29,-23.98,2.2233,0.00%
659,002332,汇丰晋信沪港深A,2026-07-22,1.5343,1.5893,-0.97,0.99,4.98,-10.41,-14.61,2.55,39.51,32.23,-9.18,61.3,2.2798,0.15%
660,018048,申万菱信数字产业股票型发起式A,2026-07-22,1.0866,1.0866,-1.46,-6.36,-13.22,-12.71,-28.34,2.51,65.61,12.92,-10.0,8.66,2.6062,0.15%
661,023947,嘉实价值精选股票C,2026-07-22,2.194,2.194,2.61,5.13,5.67,-6.79,-9.2,2.27,,,-3.88,10.5,2.8839,0.00%
662,000471,富国城镇发展股票,2026-07-22,2.3482,2.8482,-0.42,0.59,1.47,-7.75,-7.91,2.2,10.04,2.54,-3.87,194.69,2.278,0.15%
663,010704,财通智选消费股票C,2026-07-22,0.6945,0.6945,-1.03,-3.49,-7.76,-3.39,-7.67,2.19,16.43,-2.28,-2.62,-30.55,2.5092,0.00%
664,001717,工银前沿医疗股票A,2026-07-22,3.445,3.445,-0.23,-3.66,23.08,9.26,9.71,2.16,29.66,5.0,11.89,244.5,2.8665,0.15%
665,021629,华安红利机遇股票发起式A,2026-07-22,1.1346,1.1857,1.41,2.7,5.1,-0.02,-1.63,2.16,,,-0.57,18.77,1.5759,0.15%
666,002335,汇丰晋信大盘波动股票C,2026-07-22,1.5519,1.5519,0.61,1.44,4.77,-0.86,4.69,2.1,17.43,3.82,3.88,55.17,2.4424,0.00%
667,018049,申万菱信数字产业股票型发起式C,2026-07-22,1.0726,1.0726,-1.46,-6.37,-13.26,-12.8,-28.48,2.1,64.28,11.55,-10.21,7.26,2.201,0.00%
668,002333,汇丰晋信沪港深C,2026-07-22,1.4535,1.5085,-0.97,0.97,4.94,-10.52,-14.82,2.04,37.9,30.06,-9.43,52.9,1.7715,0.00%
669,000893,工银创新动力股票,2026-07-22,1.235,1.235,0.65,1.15,1.73,-3.36,-6.58,1.98,16.73,14.67,-3.14,23.5,1.8977,0.15%
670,001473,建信大安全战略精选股票,2026-07-22,2.9298,2.9298,0.19,1.09,0.33,-5.8,-2.72,1.91,12.69,4.95,-4.5,192.98,1.9345,0.15%
671,009658,汇丰晋信中小盘低波动策略股票A,2026-07-22,0.8758,0.8758,-0.44,-0.65,2.61,-5.48,0.21,1.9,16.65,-7.64,1.47,-12.42,1.9558,0.15%
672,021630,华安红利机遇股票发起式C,2026-07-22,1.1258,1.1769,1.41,2.69,5.08,-0.12,-1.82,1.76,,,-0.79,17.87,1.1692,0.00%
673,019124,博道红利智航股票A,2026-07-22,1.1806,1.2726,0.75,-0.5,-1.79,-5.45,-3.13,1.55,23.06,,0.03,28.03,1.7981,1.20%
674,003230,创金合信医疗保健股票A,2026-07-22,2.1985,2.1281,-0.74,-2.59,36.6,10.34,9.58,1.52,45.88,14.47,14.1,112.81,2.5229,0.15%
675,010685,工银前沿医疗股票C,2026-07-22,3.331,3.331,-0.24,-3.7,23.01,9.07,9.36,1.52,28.07,3.1,11.52,1.55,2.2093,0.00%
676,160127,南方新兴消费增长股票(LOF)A,2026-07-22,0.8397,0.8397,-1.2,-2.47,-2.94,-6.74,-1.77,1.39,42.13,26.4,-0.78,297.05,1.3274,0.15%
677,005237,银华医疗健康量化优选A,2026-07-22,1.2704,1.2704,-0.44,-3.55,19.5,6.09,3.99,1.17,19.09,-3.89,7.11,27.04,1.3887,0.15%
678,019125,博道红利智航股票C,2026-07-22,1.1673,1.2593,0.75,-0.5,-1.82,-5.54,-3.32,1.15,22.09,,-0.2,26.65,1.3984,0.00%
679,009775,汇丰晋信中小盘低波动策略股票C,2026-07-22,0.8351,0.8351,-0.44,-0.65,2.54,-5.68,-0.19,1.09,14.79,-9.83,1.03,-16.49,1.1507,0.00%
680,008736,南方高股息股票A,2026-07-22,1.0222,1.0222,0.01,-0.27,0.18,-5.33,-4.48,1.06,16.26,18.65,-1.65,2.22,1.2881,0.15%
681,519193,万家消费成长,2026-07-22,1.917,1.917,0.19,1.0,3.44,5.31,-8.46,0.92,3.63,-12.29,-3.89,91.7,0.916,0.15%
682,003231,创金合信医疗保健股票C,2026-07-22,2.0917,1.9105,-0.74,-2.6,36.54,10.15,9.21,0.82,43.86,12.1,13.67,91.05,1.8156,0.00%
683,007853,华商计算机行业量化股票发起式A,2026-07-22,1.2239,1.2239,-0.5,-1.25,-9.13,-9.74,-18.42,0.82,52.99,5.17,-6.65,22.39,0.1227,0.15%
684,021187,摩根红利优选股票A,2026-07-22,1.1863,1.1863,1.03,0.12,0.92,-4.78,-1.85,0.82,,,0.61,18.63,1.5407,0.15%
685,163110,申万菱信量化小盘股票(LOF)A,2026-07-22,2.181,3.2646,-1.45,-6.17,-14.13,-14.2,-17.0,0.8,42.52,7.08,-9.39,269.64,1.1783,0.15%
686,005238,银华医疗健康量化优选C,2026-07-22,1.2309,1.2309,-0.44,-3.55,19.47,5.99,3.79,0.78,18.15,-5.03,6.88,23.09,0.9928,0.00%
687,160144,南方新兴消费增长股票(LOF)C,2026-07-22,0.8121,0.8121,-1.2,-2.49,-2.99,-6.88,-2.07,0.77,40.45,24.17,-1.13,-17.65,0.7068,0.00%
688,011722,前海开源深圳特区精选股票A,2026-07-22,0.9309,0.9309,-1.2,-5.87,-11.34,-9.69,-16.23,0.75,27.54,18.15,-12.02,-6.91,-0.6404,0.15%
689,001044,嘉实新消费股票A,2026-07-22,2.513,2.583,-0.16,1.7,7.99,3.63,1.7,0.64,7.62,4.66,2.91,163.32,0.1994,0.15%
690,011723,前海开源深圳特区精选股票C,2026-07-22,0.922,0.922,-1.2,-5.87,-11.35,-9.71,-16.27,0.64,26.72,17.27,-12.07,-7.8,-0.7535,0.00%
691,002300,长盛医疗量化股票A,2026-07-22,2.1916,2.1916,-0.49,-4.86,19.35,12.38,5.47,0.61,27.39,19.07,10.35,119.16,0.2516,0.15%
692,017628,华商计算机行业量化股票发起式C,2026-07-22,1.2071,1.2071,-0.5,-1.26,-9.16,-9.82,-18.58,0.41,51.8,3.93,-6.85,26.45,-0.2726,0.00%
693,011328,景顺长城新能源产业股票A,2026-07-22,1.2448,1.2448,-1.3,-5.5,-19.69,-19.63,-16.49,0.4,42.26,13.91,-9.99,24.48,0.533,0.15%
694,013918,申万菱信量化小盘股票(LOF)C,2026-07-22,2.1328,2.1328,-1.46,-6.17,-14.16,-14.29,-17.17,0.36,41.33,5.43,-9.62,-12.59,0.7368,0.00%
695,009877,中银内核驱动股票A,2026-07-22,0.6858,0.6858,-2.64,-10.14,-25.23,-6.5,-9.95,0.35,27.83,0.48,-2.56,-31.42,0.8085,0.15%
696,022164,西部利得央企优选股票A,2026-07-22,0.9744,1.1844,0.14,-0.78,-1.68,-9.1,-7.52,0.32,,,-5.18,18.94,0.6866,0.15%
697,011329,景顺长城新能源产业股票C,2026-07-22,1.2379,1.2379,-1.31,-5.51,-19.7,-19.65,-16.53,0.29,41.96,13.56,-10.05,23.79,0.43,0.00%
698,000778,鹏华先进制造股票,2026-07-22,3.275,3.275,0.43,2.22,4.17,-2.7,-5.32,0.28,20.18,15.28,-2.09,227.5,0.6763,0.15%
699,000916,前海开源股息率100强股票A,2026-07-22,1.7621,2.4431,0.55,2.26,3.97,-3.97,-4.01,0.26,12.0,15.78,-1.39,181.73,0.4561,0.15%
700,008737,南方高股息股票C,2026-07-22,0.9743,0.9743,0.01,-0.29,0.11,-5.53,-4.84,0.26,14.42,15.85,-2.08,-2.57,0.4847,0.00%
701,006138,国联安价值优选股票,2026-07-22,2.0496,2.0496,0.13,-0.59,-4.26,-10.5,-15.31,0.24,22.01,6.88,-7.91,104.96,0.5149,0.15%
702,017132,中银新能源产业股票A,2026-07-22,1.058,1.058,-1.9,-7.64,-26.22,-23.57,-19.23,0.21,24.24,5.8,-13.72,5.8,0.3319,0.15%
703,021188,摩根红利优选股票C,2026-07-22,1.1723,1.1723,1.03,0.11,0.87,-4.92,-2.15,0.21,,,0.27,17.23,0.9385,0.00%
704,001043,工银美丽城镇股票A,2026-07-22,1.691,2.115,0.24,1.2,-7.44,-17.51,-25.14,0.12,14.33,-4.03,-17.55,104.75,0.2966,0.15%
705,022344,景顺长城红利量化选股股票A,2026-07-22,1.0929,1.0929,0.78,-0.43,-1.15,-5.83,-3.82,0.04,,,0.02,9.3,0.3029,0.12%
706,023967,嘉实新消费股票C,2026-07-22,2.496,2.496,-0.2,1.63,7.87,3.48,1.38,0.04,,,2.55,0.4,-0.399,0.00%
707,018009,长盛医疗量化股票C,2026-07-22,2.1485,2.1485,-0.49,-4.87,19.29,12.21,5.15,0.0,25.86,16.94,9.98,7.8,-0.3525,0.00%
708,021979,兴全红利量化选股股票A,2026-07-22,1.0333,1.1143,1.22,2.2,1.6,-7.13,-3.68,0.0,,,-0.78,11.36,-0.3228,0.15%
709,012600,中银内核驱动股票C,2026-07-22,0.67,0.67,-2.64,-10.15,-25.26,-6.62,-10.16,-0.06,26.63,-0.86,-2.8,-46.34,0.3896,0.00%
710,022165,西部利得央企优选股票C,2026-07-22,0.9675,1.1775,0.13,-0.79,-1.71,-9.19,-7.71,-0.08,,,-5.39,18.17,0.2775,0.00%
711,021784,前海开源股息率100强股票C,2026-07-22,1.7481,1.7481,0.55,2.26,3.94,-4.07,-4.2,-0.14,11.12,,-1.6,6.61,0.0572,0.00%
712,017133,中银新能源产业股票C,2026-07-22,1.0423,1.0423,-1.9,-7.65,-26.24,-23.65,-19.39,-0.19,23.31,4.24,-13.91,4.23,-0.0671,0.00%
713,011478,工银美丽城镇股票C,2026-07-22,1.649,2.067,0.24,1.17,-7.46,-17.59,-25.32,-0.36,13.26,-5.39,-17.76,-29.78,-0.1816,0.00%
714,022345,景顺长城红利量化选股股票C,2026-07-22,1.0864,1.0864,0.78,-0.44,-1.18,-5.92,-4.01,-0.37,,,-0.21,8.65,-0.1011,0.00%
715,001579,国泰大农业股票A,2026-07-22,1.7556,1.7556,0.77,0.15,1.19,-9.54,-11.18,-0.39,17.0,-6.69,-7.25,75.56,-0.3576,0.15%
716,000974,安信消费医药股票A,2026-07-22,1.3207,1.3804,-0.12,-2.06,10.69,-3.91,-8.23,-0.41,30.58,10.52,-3.25,37.63,-0.0378,0.15%
717,021980,兴全红利量化选股股票C,2026-07-22,1.0282,1.1031,1.22,2.19,1.55,-7.27,-3.97,-0.59,,,-1.11,10.22,-0.9001,0.00%
718,021570,华夏红利量化选股股票A,2026-07-22,1.1555,1.1555,0.84,0.55,1.93,-3.8,-1.62,-0.77,16.54,,0.03,15.55,-0.3536,0.15%
719,023098,安信消费医药股票C,2026-07-22,1.3128,1.3128,-0.12,-2.07,10.65,-4.01,-8.41,-0.79,,,-3.47,19.9,-0.4248,0.00%
720,015588,国泰大农业股票C,2026-07-22,1.7128,1.7128,0.77,0.15,1.15,-9.67,-11.44,-0.98,15.6,-8.37,-7.56,-25.96,-0.9484,0.00%
721,021571,华夏红利量化选股股票C,2026-07-22,1.146,1.146,0.84,0.54,1.9,-3.89,-1.82,-1.16,15.61,,-0.19,14.6,-0.7448,0.00%
722,014121,大成品质医疗股票A,2026-07-22,0.8274,0.8274,0.98,-0.33,12.68,0.13,-7.89,-1.24,13.78,-5.78,-4.39,-17.26,-1.6873,0.15%
723,005612,嘉实核心优势股票发起式,2026-07-22,1.6181,1.6181,0.08,0.77,1.24,-8.81,-15.57,-1.27,24.05,18.33,-11.42,61.81,-1.856,0.15%
724,019916,富国医药创新股票A,2026-07-22,1.8154,1.8154,-0.5,-1.98,30.19,5.64,4.04,-1.27,84.42,,8.27,81.54,-1.0735,0.15%
725,001167,金鹰科技创新股票A,2026-07-22,1.656,1.992,-2.14,-4.73,-16.37,-16.13,-21.24,-1.33,45.97,30.85,-11.37,110.14,-1.3228,0.15%
726,001651,工银新蓝筹股票A,2026-07-22,2.584,2.584,0.23,0.74,1.61,-5.24,-15.67,-1.49,0.58,11.91,-11.78,158.4,-1.4493,0.15%
727,014122,大成品质医疗股票C,2026-07-22,0.8132,0.8132,0.98,-0.33,12.63,0.02,-8.09,-1.66,12.85,-6.92,-4.62,-18.68,-2.0949,0.00%
728,011824,浙商汇金量化臻选股票A,2026-07-22,1.0517,1.0517,-1.04,-3.87,-5.41,-13.8,-16.82,-1.76,40.08,25.4,-10.02,5.17,-1.3692,0.15%
729,007903,长城量化小盘股票A,2026-07-22,1.339,1.339,-0.69,-8.06,-18.44,-16.8,-16.39,-1.82,26.42,1.72,-6.99,33.89,-1.341,0.15%
730,019917,富国医药创新股票C,2026-07-22,1.7884,1.7884,-0.5,-1.99,30.12,5.48,3.74,-1.85,82.08,,7.91,78.84,-1.6552,0.00%
731,019093,金鹰科技创新股票C,2026-07-22,1.6255,1.9615,-2.14,-4.75,-16.42,-16.27,-21.48,-1.93,44.23,,-11.67,30.14,-1.9188,0.00%
732,003956,南方产业智选股票A,2026-07-22,1.9366,1.9366,-0.74,-0.28,-0.05,-11.22,-10.55,-1.96,13.28,20.56,-7.24,93.66,-2.1376,0.15%
733,009874,九泰久睿量化股票A,2026-07-22,0.6549,0.6549,0.38,-1.55,14.65,2.6,-2.15,-1.96,14.13,-12.91,1.14,-34.51,-1.6224,0.15%
734,011476,工银新蓝筹股票C,2026-07-22,2.518,2.518,0.28,0.76,1.61,-5.41,-15.9,-2.02,-0.43,10.25,-12.05,-11.52,-1.9852,0.00%
735,008958,嘉实回报精选股票,2026-07-22,0.9461,0.9461,-0.8,0.17,1.8,-3.64,-3.74,-2.16,8.13,-6.33,-4.71,-5.4,-2.6946,0.15%
736,011220,南方匠心优选股票A,2026-07-22,0.8669,0.8669,0.95,3.07,3.46,-5.03,-3.52,-2.17,15.02,22.0,-1.63,-13.31,-2.6064,0.15%
737,010998,博道消费智航A,2026-07-22,0.8706,0.8706,-0.38,-3.53,-1.09,-7.96,-11.4,-2.25,29.21,6.2,-6.23,-12.94,-2.2457,0.15%
738,011825,浙商汇金量化臻选股票C,2026-07-22,1.0254,1.0254,-1.04,-3.88,-5.44,-13.9,-17.03,-2.25,38.7,23.53,-10.27,2.54,-1.8662,0.00%
739,008107,华商医药医疗行业股票,2026-07-22,1.1403,1.1403,0.22,-3.91,20.83,1.89,-2.46,-2.29,24.81,12.96,7.98,14.03,-2.5135,0.15%
740,019338,创金合信启富优选股票发起A,2026-07-22,1.3163,1.3163,-0.76,-3.66,-4.92,-14.01,-17.08,-2.35,53.45,,-9.31,31.63,-1.9516,0.15%
741,022518,南方产业智选股票C,2026-07-22,1.9234,1.9234,-0.74,-0.29,-0.09,-11.31,-10.74,-2.38,,,-7.47,6.44,-2.5485,0.00%
742,019272,长城量化小盘股票C,2026-07-22,1.3189,1.3189,-0.69,-8.06,-18.48,-16.91,-16.63,-2.39,24.93,,-7.29,1.2,-1.9186,0.00%
743,006228,中欧医疗创新股票A,2026-07-22,1.5951,1.5951,-0.01,-4.88,26.62,6.14,4.56,-2.56,70.58,16.97,10.91,59.51,-2.5298,0.15%
744,012930,中庚价值先锋股票,2026-07-22,0.9942,0.9942,-0.9,-0.19,4.72,-9.39,-17.05,-2.57,21.54,-12.19,-4.86,-0.58,-2.5103,0.15%
745,007354,创金合信港股通量化股票A,2026-07-22,0.919,0.919,-0.71,-0.13,1.1,-7.16,-12.12,-2.71,37.55,23.64,-8.56,-8.1,-3.9205,0.15%
746,018695,博道消费智航C,2026-07-22,0.8569,0.8569,-0.37,-3.53,-1.13,-8.07,-11.61,-2.72,27.9,4.55,-6.48,5.23,-2.7245,0.00%
747,016399,九泰久睿量化股票C,2026-07-22,0.6346,0.6346,0.38,-1.57,14.57,2.39,-2.55,-2.76,12.28,-15.02,0.68,-28.82,-2.4143,0.00%
748,011221,南方匠心优选股票C,2026-07-22,0.839,0.839,0.94,3.05,3.4,-5.18,-3.81,-2.77,13.65,19.84,-1.96,-16.1,-3.2072,0.00%
749,019339,创金合信启富优选股票发起C,2026-07-22,1.298,1.298,-0.77,-3.67,-4.96,-14.12,-17.29,-2.85,51.92,,-9.57,29.8,-2.45,0.00%
750,005662,嘉实金融精选股票A,2026-07-22,1.2628,1.2628,0.81,1.04,2.79,-0.32,-2.37,-3.21,27.0,26.25,-3.98,26.28,-3.9842,0.15%
751,011384,南方远见回报股票A,2026-07-22,1.0792,1.0792,-2.41,-9.6,-24.68,-10.8,-2.64,-3.28,16.92,27.79,-1.22,7.92,-3.806,0.15%
752,006229,中欧医疗创新股票C,2026-07-22,1.5035,1.5035,-0.01,-4.89,26.54,5.93,4.14,-3.32,67.76,14.12,10.42,50.35,-3.2932,0.00%
753,007287,合煦智远消费主题股票发起式A,2026-07-22,1.1027,1.1027,-0.07,1.41,3.69,0.11,-8.04,-3.33,1.87,-4.94,-6.46,10.27,-3.187,0.15%
754,020759,建信红利精选股票发起A,2026-07-22,1.0328,1.0778,-0.15,-0.72,-10.6,-4.03,-6.35,-3.39,7.78,,-0.65,7.78,-3.1766,0.15%
755,320020,诺安策略精选股票A,2026-07-22,1.7999,2.6235,0.42,0.98,4.37,-0.3,1.62,-3.42,15.28,-8.87,0.18,162.35,-3.3559,0.15%
756,007357,创金合信港股通量化股票C,2026-07-22,0.8787,0.8787,-0.71,-0.14,1.03,-7.35,-12.51,-3.51,35.27,20.62,-8.99,-12.13,-4.7066,0.00%
757,005663,嘉实金融精选股票C,2026-07-22,1.2107,1.2107,0.81,1.03,2.74,-0.44,-2.61,-3.69,25.75,24.37,-4.25,21.07,-4.4662,0.00%
758,008923,建信医疗健康行业股票A,2026-07-22,1.555,1.555,-0.15,-4.56,21.27,2.56,9.46,-3.73,56.82,46.27,16.02,55.5,-2.8125,0.15%
759,020760,建信红利精选股票发起C,2026-07-22,1.03,1.076,-0.15,-0.72,-10.62,-4.13,-6.53,-3.77,7.59,,-0.87,7.59,-3.5642,0.00%
760,024270,诺安策略精选股票C,2026-07-22,1.7895,1.7895,0.42,0.97,4.34,-0.4,1.42,-3.81,,,-0.04,-0.17,-3.7386,0.00%
761,007288,合煦智远消费主题股票发起式C,2026-07-22,1.0632,1.0632,-0.08,1.39,3.65,-0.02,-8.27,-3.82,0.84,-6.36,-6.74,6.32,-3.6695,0.00%
762,020768,中信保诚国企红利量化选股股票A,2026-07-22,1.0878,1.0998,0.85,0.68,2.71,-3.7,-0.88,-3.84,12.48,,-0.22,9.98,-3.5081,0.15%
763,001195,工银农业产业股票,2026-07-22,0.975,0.975,0.31,0.21,1.35,-11.92,-12.63,-3.85,6.79,-6.97,-8.02,-2.5,-3.6561,0.15%
764,011385,南方远见回报股票C,2026-07-22,1.0448,1.0448,-2.42,-9.61,-24.72,-10.93,-2.93,-3.86,15.47,25.46,-1.55,4.48,-4.3836,0.00%
765,017931,富达传承6个月股票A,2026-07-22,1.1411,1.1411,-0.51,-3.51,-13.51,-17.94,-28.36,-3.94,24.36,15.87,-18.95,14.14,-4.5584,0.15%
766,006106,景顺长城量化港股通股票A,2026-07-22,1.1128,1.1128,-0.76,0.33,2.04,-5.91,-10.64,-4.02,34.44,28.01,-6.63,11.28,-4.9458,0.15%
767,008924,建信医疗健康行业股票C,2026-07-22,1.5271,1.5271,-0.15,-4.57,21.23,2.46,9.25,-4.11,55.6,44.54,15.78,52.71,-3.1949,0.00%
768,008412,长盛竞争优势A,2026-07-22,0.7258,0.7258,-0.18,0.95,5.45,-4.22,-7.46,-4.12,7.32,-9.17,-7.32,-27.42,-3.8293,0.15%
769,399011,中海医疗保健主题股票A,2026-07-22,1.086,2.666,-0.82,-5.07,23.13,6.58,3.92,-4.15,7.42,-16.07,8.71,173.59,-3.8087,0.15%
770,001726,汇添富新兴消费股票A,2026-07-22,1.351,1.351,-0.88,1.27,6.63,-4.59,-8.72,-4.25,5.05,-8.22,-8.96,35.1,-4.7921,0.15%
771,007523,汇添富内需增长股票A,2026-07-22,1.123,1.123,-0.04,0.74,-1.96,-8.5,-14.78,-4.25,5.98,-8.65,-11.49,12.3,-4.7821,0.15%
772,020769,中信保诚国企红利量化选股股票C,2026-07-22,1.0724,1.0844,0.86,0.68,2.66,-3.84,-1.17,-4.41,11.14,,-0.55,8.44,-4.0815,0.00%
773,160322,华夏港股通精选股票发起式(LOF)A,2026-07-22,1.0855,1.1355,-1.34,-0.72,0.0,-5.06,-12.88,-4.45,22.46,19.83,-9.28,13.21,-5.543,0.15%
774,017921,中海医疗保健主题股票C,2026-07-22,1.073,1.073,-0.74,-4.96,23.19,6.55,3.77,-4.45,6.55,-17.01,8.6,-27.65,-4.1964,0.00%
775,017932,富达传承6个月股票C,2026-07-22,1.1196,1.1196,-0.52,-3.52,-13.56,-18.06,-28.58,-4.53,22.92,13.85,-19.23,12.0,-5.1347,0.00%
776,018861,景顺长城量化港股通股票C,2026-07-22,1.0481,1.0481,-0.77,0.32,1.98,-6.06,-10.9,-4.58,26.32,20.58,-6.94,21.49,-5.5,0.00%
777,009896,广发港股通成长精选股票A,2026-07-22,0.6608,0.6608,-1.93,-1.3,-5.92,-5.21,-5.17,-4.62,35.83,12.02,2.75,-33.92,-5.9359,0.15%
778,017479,广发医药精选股票A,2026-07-22,1.1999,1.1999,0.58,-2.65,22.18,1.76,-3.3,-4.63,46.08,19.68,10.37,19.99,-4.7925,0.15%
779,005707,富国港股通量化精选股票A,2026-07-22,1.2698,1.2698,-0.72,0.49,1.73,-5.58,-8.57,-4.69,46.97,45.19,-5.45,26.98,-5.7942,0.15%
780,008445,融通产业趋势先锋股票,2026-07-22,1.3174,1.3174,-3.58,-14.95,-33.84,-19.81,-23.17,-4.74,7.22,3.28,-15.05,31.74,-4.9221,0.15%
781,014163,富国港股通量化精选股票C,2026-07-22,1.2536,1.2536,-0.72,0.49,1.72,-5.62,-8.65,-4.81,45.8,43.76,-5.5,31.56,-5.9071,0.00%
782,007524,汇添富内需增长股票C,2026-07-22,1.0752,1.0752,-0.05,0.72,-2.01,-8.64,-15.02,-4.82,4.73,-10.27,-11.78,7.52,-5.3521,0.00%
783,021983,中信保诚红利领航量化股票A,2026-07-22,1.01,1.01,0.47,0.65,2.3,-4.7,-2.98,-4.87,,,-1.75,1.0,-4.627,0.15%
784,008413,长盛竞争优势C,2026-07-22,0.6917,0.6917,-0.19,0.92,5.36,-4.42,-7.83,-4.89,5.6,-11.33,-7.74,-30.83,-4.6063,0.00%
785,015194,汇添富新兴消费股票C,2026-07-22,1.317,1.317,-0.9,1.23,6.55,-4.77,-8.98,-4.91,3.7,-9.86,-9.3,-21.0,-5.5237,0.00%
786,009897,广发港股通成长精选股票C,2026-07-22,0.6451,0.6451,-1.93,-1.3,-5.95,-5.3,-5.37,-5.01,34.65,10.61,2.51,-35.49,-6.3172,0.00%
787,012884,华夏港股通精选股票发起式(LOF)C,2026-07-22,1.0542,1.0542,-1.34,-0.73,-0.05,-5.21,-13.15,-5.04,21.01,17.7,-9.6,-36.04,-6.1097,0.00%
788,017480,广发医药精选股票C,2026-07-22,1.1817,1.1817,0.58,-2.66,22.13,1.63,-3.53,-5.09,44.62,17.89,10.06,18.17,-5.2518,0.00%
789,013004,国泰价值领航股票A,2026-07-22,0.599,0.599,-1.58,-6.38,-21.68,-17.29,-21.17,-5.36,-2.6,-23.38,-16.33,-40.1,-6.1276,0.15%
790,010409,富国消费精选30股票A,2026-07-22,0.9662,0.9662,-0.68,-1.57,-3.25,-2.53,-3.23,-5.4,38.07,27.62,-0.32,-3.38,-5.3024,0.15%
791,021984,中信保诚红利领航量化股票C,2026-07-22,0.9998,0.9998,0.46,0.63,2.25,-4.84,-3.27,-5.44,,,-2.09,-0.02,-5.1963,0.00%
792,450009,国富中小盘股票A,2026-07-22,2.4905,3.5049,1.67,1.79,0.02,-7.64,-11.85,-5.5,15.72,-0.31,-7.17,350.35,-5.3869,0.15%
793,017948,国富中小盘股票C,2026-07-22,2.458,2.458,1.66,1.78,-0.01,-7.74,-12.03,-5.89,14.79,-1.51,-7.39,-5.48,-5.7696,0.00%
794,001583,安信新常态股票A,2026-07-22,1.7045,2.0361,0.0,2.32,4.86,-3.93,-8.06,-5.93,11.92,14.37,-5.0,128.6,-6.5669,0.15%
795,013005,国泰价值领航股票C,2026-07-22,0.5817,0.5817,-1.59,-6.39,-21.72,-17.42,-21.4,-5.93,-3.77,-24.76,-16.61,-41.83,-6.7041,0.00%
796,021605,富国消费精选30股票C,2026-07-22,0.9531,0.9531,-0.68,-1.59,-3.3,-2.68,-3.52,-5.98,36.31,,-0.66,27.44,-5.8853,0.00%
797,001193,中金消费升级股票A,2026-07-22,0.8436,0.8436,-0.61,-0.83,-5.71,-15.22,-22.05,-6.06,0.61,-18.33,-19.13,-15.64,-5.7746,0.15%
798,024196,中金消费升级股票C,2026-07-22,0.8435,0.8435,-0.61,-0.83,-5.72,-15.24,-22.11,-6.16,,,-19.2,-6.42,-5.8804,0.00%
799,009414,中银大健康股票A,2026-07-22,1.6521,1.6521,0.85,-4.32,17.14,-5.51,0.76,-6.18,74.57,72.9,4.4,65.21,-4.9206,0.15%
800,011726,安信新常态股票C,2026-07-22,1.6697,1.6697,0.0,2.3,4.82,-4.03,-8.25,-6.31,11.1,13.08,-5.21,13.38,-6.9442,0.00%
801,009069,大成睿鑫股票A,2026-07-22,1.2791,1.2791,-0.98,-5.63,-14.6,-10.93,-13.73,-6.46,15.82,14.0,-12.51,27.91,-7.1029,0.15%
802,010321,中银大健康股票C,2026-07-22,1.6155,1.6155,0.85,-4.33,17.1,-5.6,0.56,-6.56,73.24,70.9,4.17,33.57,-5.2993,0.00%
803,007548,易方达ESG责任投资股票,2026-07-22,1.4858,1.4858,0.02,1.6,8.42,-5.07,-9.82,-6.57,4.13,-0.68,-7.28,48.58,-6.8698,0.15%
804,009070,大成睿鑫股票C,2026-07-22,1.2491,1.2491,-0.98,-5.64,-14.63,-11.03,-13.9,-6.85,14.89,12.64,-12.72,24.91,-7.4878,0.00%
805,024452,博时卓睿成长股票A,2026-07-22,0.9321,0.9321,1.36,1.3,-3.74,-14.66,-19.37,-6.92,,,-10.45,-6.79,,0.15%
806,009864,招商景气优选股票A,2026-07-22,0.5881,0.5881,0.91,0.32,-2.13,-10.97,-7.31,-6.98,12.45,2.56,-3.61,-41.19,-6.8873,0.15%
807,006603,嘉实互融精选股票A,2026-07-22,2.0315,2.0315,-0.19,-3.35,26.75,0.17,2.09,-7.31,85.58,78.7,5.44,103.15,-6.8888,0.15%
808,010709,安信医药健康股票A,2026-07-22,1.4034,1.4614,0.26,-4.17,14.93,-2.65,-5.37,-7.46,52.56,21.57,3.15,46.94,-7.7742,0.15%
809,024453,博时卓睿成长股票C,2026-07-22,0.9259,0.9259,1.36,1.29,-3.78,-14.79,-19.61,-7.49,,,-10.76,-7.41,,0.00%
810,009240,泰康蓝筹优势一年持有股票,2026-07-22,0.919,0.919,-1.77,-4.84,-11.19,-4.25,-9.02,-7.51,1.57,-10.95,-7.37,-8.1,-7.7772,0.15%
811,020232,嘉实互融精选股票C,2026-07-22,2.0095,2.0095,-0.18,-3.36,26.7,0.09,1.91,-7.61,84.16,,5.23,57.93,-7.191,0.00%
812,014589,招商成长先导股票A,2026-07-22,0.7849,0.7849,0.24,-3.1,11.14,-3.72,-7.77,-7.65,15.65,-11.11,-4.18,-21.51,-7.7131,0.15%
813,001915,宝盈医疗健康沪港深股票A,2026-07-22,2.1,2.176,-0.1,-3.63,22.88,1.79,8.7,-7.65,41.89,40.58,11.29,120.28,-7.0385,0.15%
814,021830,国寿安保农业产业股票发起式A,2026-07-22,1.1596,1.1596,1.07,-0.26,-2.8,-12.3,-12.18,-7.67,15.97,,-10.27,15.96,-7.1577,0.12%
815,007750,广发优势增长股票,2026-07-22,0.8663,0.8663,-2.65,-2.26,-22.37,-8.84,-16.77,-7.69,8.71,-20.31,-11.28,-13.37,-7.7914,0.15%
816,004851,广发医疗保健股票A,2026-07-22,1.892,1.892,0.05,-4.16,13.63,0.54,3.43,-7.7,19.26,2.59,7.81,89.2,-8.0661,0.15%
817,009865,招商景气优选股票C,2026-07-22,0.562,0.562,0.9,0.3,-2.19,-11.16,-7.67,-7.72,10.67,0.14,-4.03,-43.8,-7.6266,0.00%
818,004403,平安股息精选沪港深A,2026-07-22,1.409,1.409,0.64,1.87,1.05,-9.36,-4.25,-7.73,7.37,9.85,-2.79,40.9,-7.3758,0.15%
819,009017,银华港股通精选股票发起式A,2026-07-22,1.0022,1.0022,-0.07,0.43,-1.75,-5.47,-15.23,-7.75,23.3,9.69,-10.18,0.22,-8.9737,0.15%
820,010710,安信医药健康股票C,2026-07-22,1.3656,1.4226,0.25,-4.19,14.87,-2.78,-5.61,-7.92,51.03,19.75,2.85,42.93,-8.2381,0.00%
821,009163,广发医疗保健股票C,2026-07-22,1.845,1.845,0.05,-4.17,13.59,0.44,3.23,-8.06,18.31,1.37,7.57,-0.28,-8.4322,0.00%
822,001878,嘉实沪港深精选股票,2026-07-22,2.401,2.469,-0.08,1.27,2.08,-12.88,-15.4,-8.11,22.38,24.28,-12.24,151.01,-8.1484,0.15%
823,008075,招商核心优选股票A,2026-07-22,0.7923,0.7923,0.25,1.5,5.42,-3.35,-7.09,-8.11,2.71,-10.05,-5.31,-20.77,-8.4681,0.15%
824,021831,国寿安保农业产业股票发起式C,2026-07-22,1.1483,1.1483,1.08,-0.26,-2.83,-12.4,-12.4,-8.12,14.85,,-10.51,14.83,-7.6112,0.00%
825,020437,宝盈医疗健康沪港深股票C,2026-07-22,2.069,2.069,-0.1,-3.63,22.86,1.62,8.38,-8.21,40.27,,10.94,32.97,-7.5927,0.00%
826,014590,招商成长先导股票C,2026-07-22,0.7607,0.7607,0.24,-3.11,11.07,-3.9,-8.13,-8.37,13.89,-13.15,-4.6,-23.93,-8.4377,0.00%
827,014052,银华港股通精选股票发起式C,2026-07-22,0.9365,0.9365,-0.07,0.43,-1.77,-5.9,-15.7,-8.45,17.14,3.93,-10.7,-24.68,-9.6566,0.00%
828,004404,平安股息精选沪港深C,2026-07-22,1.3026,1.3026,0.64,1.85,0.98,-9.54,-4.62,-8.47,5.68,7.27,-3.22,30.26,-8.1123,0.00%
829,162107,金鹰先进制造股票(LOF)A,2026-07-22,0.6531,0.6531,-0.27,-4.85,-15.2,-22.09,-26.45,-8.52,9.43,-14.59,-17.23,5.36,-7.2169,0.15%
830,010592,南方医药创新股票A,2026-07-22,0.6685,0.6685,-0.22,-6.69,19.95,0.25,3.71,-8.59,34.53,22.71,7.27,-33.15,-7.9581,0.15%
831,003298,嘉实物流产业股票A,2026-07-22,2.155,2.155,0.0,-1.1,-2.71,-14.75,-20.19,-8.73,4.11,-9.22,-18.19,115.5,-9.0717,0.15%
832,020331,红塔红土医药精选股票发起式A,2026-07-22,1.0883,1.1923,0.52,-3.27,13.01,-4.12,-7.67,-8.81,23.2,,-5.34,18.01,-10.0789,0.12%
833,008076,招商核心优选股票C,2026-07-22,0.7517,0.7517,0.27,1.5,5.35,-3.54,-7.46,-8.83,1.09,-12.18,-5.72,-24.83,-9.1821,0.00%
834,013479,金鹰先进制造股票(LOF)C,2026-07-22,0.6412,0.6412,-0.28,-4.88,-15.24,-22.18,-26.61,-8.89,8.53,-15.63,-17.43,-39.29,-7.6081,0.00%
835,010593,南方医药创新股票C,2026-07-22,0.6472,0.6472,-0.22,-6.69,19.9,0.11,3.4,-9.13,32.92,20.52,6.92,-35.28,-8.51,0.00%
836,020332,红塔红土医药精选股票发起式C,2026-07-22,1.0829,1.1809,0.52,-3.28,12.98,-4.22,-7.85,-9.18,22.22,,-5.55,16.91,-10.4358,0.00%
837,003299,嘉实物流产业股票C,2026-07-22,2.075,2.075,0.0,-1.14,-2.76,-14.89,-20.41,-9.19,3.08,-10.6,-18.44,107.5,-9.5466,0.00%
838,006981,中金新医药股票A,2026-07-22,1.4705,1.4705,-1.0,-5.15,7.99,-6.66,-9.05,-9.26,12.37,-6.59,-5.19,47.05,-9.0375,0.15%
839,001643,汇丰晋信智造先锋股票A,2026-07-22,2.0517,2.0517,1.58,1.09,-12.88,-26.71,-29.08,-9.36,17.47,-24.96,-24.47,105.11,-8.0821,0.15%
840,010196,易方达核心优势股票A,2026-07-22,0.6566,0.6566,0.02,2.12,7.08,-6.88,-11.09,-9.41,-3.33,-9.77,-9.1,-34.34,-9.7581,0.15%
841,009898,民生加银医药健康股票A,2026-07-22,0.4973,0.4973,0.53,-4.2,19.77,-1.8,1.1,-9.55,37.3,12.26,5.0,-50.27,-8.7188,0.15%
842,007005,中金新医药股票C,2026-07-22,1.4237,1.4237,-1.01,-5.16,7.95,-6.75,-9.24,-9.62,11.48,-7.7,-5.41,42.37,-9.405,0.00%
843,010585,创金合信医药消费股票A,2026-07-22,0.4524,0.4524,0.11,-3.7,23.3,4.72,-1.05,-9.68,-4.19,-27.08,2.17,-54.76,-10.0775,0.90%
844,015052,东方红医疗升级股票发起A,2026-07-22,1.4589,1.4589,-0.76,-5.59,25.93,0.3,2.62,-9.69,59.49,45.35,3.42,45.89,-8.3433,0.15%
845,010197,易方达核心优势股票C,2026-07-22,0.6422,0.6422,0.0,2.1,7.03,-6.97,-11.27,-9.77,-4.12,-10.87,-9.29,-35.78,-10.119,0.00%
846,001644,汇丰晋信智造先锋股票C,2026-07-22,1.9457,1.9457,1.58,1.09,-12.91,-26.81,-29.25,-9.81,16.3,-26.07,-24.68,94.51,-8.5409,0.00%
847,012244,广发金融地产精选股票A,2026-07-22,0.7964,0.7964,0.98,1.91,4.34,-7.19,-12.31,-9.84,20.32,6.9,-7.18,-20.36,-10.1636,0.15%
848,016725,农银品质农业股票A,2026-07-22,0.703,0.703,0.83,0.59,0.95,-10.21,-16.74,-9.88,-8.77,-23.81,-11.24,-29.7,-9.5238,0.12%
849,014758,民生加银医药健康股票C,2026-07-22,0.4883,0.4883,0.54,-4.2,19.71,-1.93,0.89,-9.91,36.24,10.98,4.76,-36.45,-9.0689,0.00%
850,540008,汇丰晋信低碳先锋股票A,2026-07-22,2.1399,2.2399,1.5,2.02,-13.27,-25.03,-26.86,-10.02,8.51,-30.69,-22.08,133.36,-8.719,0.15%
851,011104,光大智能汽车主题股票A,2026-07-22,0.7764,0.7764,-1.55,-5.37,-14.11,-21.11,-21.2,-10.03,16.35,-3.03,-19.17,-22.36,-11.0449,0.15%
852,010586,创金合信医药消费股票C,2026-07-22,0.4398,0.4398,0.09,-3.72,23.26,4.59,-1.3,-10.13,-5.15,-28.16,1.88,-56.02,-10.537,0.00%
853,015053,东方红医疗升级股票发起C,2026-07-22,1.4278,1.4278,-0.76,-5.6,25.86,0.16,2.37,-10.14,57.94,43.18,3.12,42.78,-8.8076,0.00%
854,012245,广发金融地产精选股票C,2026-07-22,0.7803,0.7803,0.97,1.89,4.3,-7.28,-12.47,-10.2,19.33,5.6,-7.37,-21.97,-10.5263,0.00%
855,016726,农银品质农业股票C,2026-07-22,0.6922,0.6922,0.84,0.6,0.92,-10.29,-16.89,-10.23,-9.48,-24.72,-11.43,-30.78,-9.8698,0.00%
856,018462,光大智能汽车主题股票C,2026-07-22,0.7699,0.7699,-1.53,-5.37,-14.12,-21.12,-21.29,-10.23,15.88,-3.8,-19.3,11.69,-11.2303,0.00%
857,004995,广发品牌消费股票发起式A,2026-07-22,1.1871,1.1871,-1.02,-7.78,-15.31,-16.84,-22.67,-10.25,3.64,-19.27,-17.61,18.71,-10.6839,0.15%
858,013132,创金合信文娱媒体股票发起A,2026-07-22,1.3072,1.3072,-1.37,0.86,4.67,-7.2,-16.89,-10.29,39.76,25.03,-13.68,30.72,-10.7226,0.15%
859,000326,南方中小盘成长股票A,2026-07-22,0.965,1.8155,-0.91,-6.3,-12.33,-20.62,-20.0,-10.36,8.2,-14.27,-14.41,68.34,-10.0798,0.15%
860,013511,汇丰晋信低碳先锋股票C,2026-07-22,2.0892,2.0892,1.5,2.01,-13.31,-25.12,-27.05,-10.48,7.44,-31.73,-22.3,-56.54,-9.181,0.00%
861,019457,平安先进制造主题股票发起A,2026-07-22,1.5431,1.5431,-1.54,-7.98,-16.08,-13.09,-24.85,-10.57,93.13,,-19.21,54.31,-10.3526,0.15%
862,010434,红土创新医疗保健股票A,2026-07-22,1.3559,1.3559,0.31,-7.38,6.13,4.36,9.19,-10.58,38.47,16.9,15.89,35.59,-9.6127,0.15%
863,010245,广发品牌消费股票发起式C,2026-07-22,1.1608,1.1608,-1.01,-7.79,-15.34,-16.93,-22.82,-10.6,2.82,-20.23,-17.8,-33.43,-11.0362,0.00%
864,010469,圆信永丰聚优股票A,2026-07-22,1.1061,1.1061,-0.8,-7.0,-3.54,-12.12,-19.77,-10.63,37.85,15.98,-11.49,10.61,-10.82,0.15%
865,013490,同泰金融精选股票A,2026-07-22,1.0181,1.0181,-0.9,-2.62,-5.88,1.87,-14.16,-10.74,23.36,29.22,-11.77,1.81,-11.6846,0.15%
866,019717,南方中小盘成长股票C,2026-07-22,0.9525,1.7992,-0.92,-6.31,-12.4,-20.76,-20.26,-10.92,6.89,,-14.72,-6.44,-10.638,0.00%
867,013133,创金合信文娱媒体股票发起C,2026-07-22,1.272,1.272,-1.37,0.84,4.62,-7.32,-17.1,-10.96,38.01,22.85,-14.03,27.2,-11.3959,0.00%
868,010387,易方达医药生物股票A,2026-07-22,0.8351,0.8351,0.06,-4.77,24.4,-1.31,-0.52,-11.0,38.79,33.68,4.4,-16.49,-10.0786,0.15%
869,010470,圆信永丰聚优股票C,2026-07-22,1.083,1.083,-0.81,-7.01,-3.58,-12.21,-19.93,-11.0,36.76,14.59,-11.69,8.3,-11.1785,0.00%
870,013491,同泰金融精选股票C,2026-07-22,0.9993,0.9993,-0.89,-2.63,-5.91,1.77,-14.32,-11.08,22.4,27.69,-11.96,-0.07,-12.018,0.00%
871,019458,平安先进制造主题股票发起C,2026-07-22,1.5182,1.5182,-1.54,-7.99,-16.12,-13.22,-25.08,-11.1,90.85,,-19.48,51.82,-10.8881,0.00%
872,000854,鹏华养老产业股票,2026-07-22,2.432,2.432,-0.53,-5.74,5.05,-5.33,-9.46,-11.14,19.27,-7.91,-4.85,143.2,-10.8504,0.15%
873,001186,富国文体健康股票A,2026-07-22,2.354,2.354,-0.93,-2.12,-5.73,-16.44,-21.85,-11.34,8.93,2.44,-19.19,135.4,-11.6698,0.15%
874,010388,易方达医药生物股票C,2026-07-22,0.8166,0.8166,0.06,-4.78,24.37,-1.41,-0.72,-11.35,37.71,32.14,4.17,-18.34,-10.4311,0.00%
875,011418,汇添富消费精选两年持有股票A,2026-07-22,0.5778,0.5778,-0.38,0.21,3.36,-7.14,-13.65,-11.35,4.48,-18.89,-13.22,-42.22,-11.6108,0.15%
876,001714,工银文体产业股票A,2026-07-22,2.78,2.969,-0.32,0.4,1.35,-9.21,-16.72,-11.44,8.21,0.25,-15.06,214.21,-11.3803,0.15%
877,006692,金信消费升级股票A,2026-07-22,1.3787,2.1477,0.12,-1.35,-5.69,-15.59,-28.71,-11.5,3.55,-13.69,-25.9,117.55,-12.2909,0.15%
878,011601,前海开源公共卫生股票A,2026-07-22,0.4212,0.4212,0.07,-4.64,22.98,1.47,-3.84,-11.68,27.52,-0.68,2.31,-57.88,-11.1392,0.15%
879,011419,汇添富消费精选两年持有股票C,2026-07-22,0.5659,0.5659,-0.37,0.19,3.32,-7.23,-13.81,-11.72,3.64,-19.86,-13.4,-43.41,-11.9633,0.00%
880,016551,诺德策略回报股票A,2026-07-22,0.9511,0.9511,0.12,-6.67,9.26,0.65,-4.62,-11.83,24.33,9.71,2.22,-4.9,-11.4185,0.15%
881,011125,富国文体健康股票C,2026-07-22,2.278,2.278,-0.96,-2.15,-5.83,-16.59,-22.09,-11.88,7.66,0.57,-19.48,4.88,-12.182,0.00%
882,010687,工银文体产业股票C,2026-07-22,2.688,2.688,-0.33,0.37,1.28,-9.37,-16.99,-11.98,6.92,-1.57,-15.37,-13.35,-11.9555,0.00%
883,011602,前海开源公共卫生股票C,2026-07-22,0.4125,0.4125,0.07,-4.62,22.95,1.4,-4.0,-12.01,26.57,-1.83,2.1,-58.75,-11.4617,0.00%
884,020142,路博迈中国医疗健康股票发起A,2026-07-22,0.9619,0.9619,0.02,-1.46,31.97,-4.2,-3.49,-12.03,17.42,,4.46,-3.81,-11.1901,0.15%
885,011589,九泰天利量化A,2026-07-22,0.7268,0.7268,-0.25,0.06,3.77,-7.74,-13.46,-12.06,0.22,-8.02,-11.14,-27.32,-12.1904,0.15%
886,000780,鹏华医疗保健股票,2026-07-22,1.942,1.942,-0.56,-6.32,5.66,-6.72,-10.63,-12.13,19.0,-5.54,-5.87,94.2,-11.8475,0.15%
887,006693,金信消费升级股票C,2026-07-22,1.376,2.1257,0.13,-1.35,-5.75,-15.75,-28.98,-12.2,1.91,-15.73,-26.22,105.02,-12.9885,0.00%
888,010815,农银新兴消费股票,2026-07-22,0.496,0.496,0.04,-0.14,2.37,-5.78,-8.32,-12.29,-12.26,-22.86,-8.33,-50.4,-12.2124,0.15%
889,016552,诺德策略回报股票C,2026-07-22,0.9297,0.9297,0.12,-6.68,9.21,0.51,-4.91,-12.36,22.85,7.75,1.88,-7.04,-11.9435,0.00%
890,011651,招商港股通核心精选股票A,2026-07-22,0.7763,0.7763,-2.28,-3.94,-15.2,-13.92,-18.34,-12.41,21.58,6.18,-11.38,-22.37,-12.8536,0.15%
891,540007,汇丰晋信中小盘股票,2026-07-22,2.6094,2.6294,1.98,-0.45,-10.17,-25.39,-34.53,-12.42,18.91,21.51,-29.34,165.71,-11.916,0.15%
892,011590,九泰天利量化C,2026-07-22,0.7098,0.7098,-0.24,0.04,3.73,-7.85,-13.66,-12.5,-0.77,-9.39,-11.39,-29.02,-12.6185,0.00%
893,005505,前海开源中药股票A,2026-07-22,1.9243,1.9243,0.02,-1.78,8.96,-0.97,-7.37,-12.59,-16.42,-22.98,-6.85,92.43,-11.7456,0.15%
894,020143,路博迈中国医疗健康股票发起C,2026-07-22,0.9464,0.9464,0.02,-1.48,31.9,-4.43,-3.85,-12.61,15.92,,4.06,-5.36,-11.774,0.00%
895,519673,银河康乐股票A,2026-07-22,2.262,2.262,0.49,-3.46,1.66,-15.69,-23.66,-12.66,23.07,-10.13,-7.18,126.2,-12.6641,0.15%
896,004098,前海开源港股通股息率50强,2026-07-22,1.0314,1.0314,-0.02,1.91,2.18,-13.39,-18.81,-12.67,4.33,8.37,-15.88,3.14,-12.8517,0.15%
897,000913,农银医疗保健股票,2026-07-22,1.6523,1.6523,0.32,-5.57,13.73,2.44,-1.89,-12.69,20.29,-0.42,2.58,65.23,-11.4523,0.15%
898,010204,中银港股通优势成长股票,2026-07-22,0.6047,0.6047,-0.3,-2.15,-11.88,-16.8,-20.39,-12.79,-1.13,5.33,-16.86,-39.53,-12.7795,0.15%
899,005506,前海开源中药股票C,2026-07-22,1.89,1.89,0.02,-1.78,8.93,-1.03,-7.49,-12.81,-16.84,-23.56,-6.98,89.0,-11.962,0.00%
900,010341,招商产业精选股票A,2026-07-22,1.0289,1.0289,-0.16,2.86,3.54,-12.35,-21.05,-12.82,11.15,30.54,-13.8,2.89,-13.3266,0.15%
901,011923,大成消费精选股票A,2026-07-22,0.7279,0.7279,0.1,-1.53,-2.18,-8.26,-12.59,-12.89,16.32,-1.06,-10.87,-27.21,-12.5961,0.15%
902,011652,招商港股通核心精选股票C,2026-07-22,0.7415,0.7415,-2.28,-3.95,-15.27,-14.1,-18.68,-13.12,19.62,3.62,-11.78,-25.85,-13.5579,0.00%
903,016018,银河康乐股票C,2026-07-22,2.2,2.2,0.5,-3.42,1.62,-15.81,-23.93,-13.25,21.41,-12.04,-7.56,-20.49,-13.2492,0.00%
904,540009,汇丰晋信消费红利股票,2026-07-22,0.7036,1.6966,0.74,2.16,7.78,-5.18,-12.1,-13.44,5.76,-9.33,-11.65,62.92,-13.4883,0.15%
905,010342,招商产业精选股票C,2026-07-22,0.9819,0.9819,-0.16,2.84,3.47,-12.53,-21.38,-13.53,9.18,27.21,-14.19,-1.81,-14.0268,0.00%
906,011926,大成消费精选股票C,2026-07-22,0.6981,0.6981,0.09,-1.55,-2.24,-8.45,-12.93,-13.61,14.42,-3.47,-11.27,-30.19,-13.3118,0.00%
907,001230,鹏华医药科技股票A,2026-07-22,1.593,1.593,-0.59,-6.67,4.92,-7.24,-11.25,-13.79,63.97,52.29,-5.97,59.3,-13.2022,0.15%
908,008303,宝盈龙头优选股票A,2026-07-22,1.1507,1.1928,1.05,1.48,1.21,-10.76,-14.03,-13.9,1.41,12.09,-12.57,19.02,-14.763,0.15%
909,022301,安信医药创新股票型发起A,2026-07-22,1.1563,1.1563,0.27,-1.21,28.49,-1.36,-5.05,-14.05,,,-1.07,15.63,-13.3208,0.15%
910,017900,鹏华医药科技股票C,2026-07-22,1.3326,1.3326,-0.58,-6.67,4.89,-7.34,-11.43,-14.13,62.69,50.58,-6.17,33.26,-13.5461,0.00%
911,006781,汇丰晋信港股通精选股票,2026-07-22,0.8662,0.8662,-1.15,-1.81,3.33,-11.42,-21.55,-14.32,33.73,8.76,-16.79,-13.38,-14.853,0.15%
912,007590,华宝绿色领先股票A,2026-07-22,1.0668,1.0668,-0.78,-7.92,-30.91,-36.66,-20.65,-14.45,-1.01,-17.58,-17.03,6.68,-13.6684,0.15%
913,022302,安信医药创新股票型发起C,2026-07-22,1.1461,1.1461,0.27,-1.22,28.44,-1.48,-5.29,-14.48,,,-1.35,14.61,-13.7557,0.00%
914,008304,宝盈龙头优选股票C,2026-07-22,1.0951,1.1357,1.04,1.46,1.15,-10.95,-14.38,-14.6,-0.01,9.53,-12.97,13.27,-15.4559,0.00%
915,519714,交银消费新驱动股票,2026-07-22,1.072,3.239,-0.19,0.85,5.62,-5.55,-11.99,-14.65,-7.98,-34.99,-10.89,260.37,-14.5817,0.15%
916,004040,金鹰医疗健康产业A,2026-07-22,1.056,1.356,-1.67,-7.47,15.07,3.29,3.15,-14.99,19.92,-12.67,11.76,18.94,-14.7011,0.12%
917,004041,金鹰医疗健康产业C,2026-07-22,1.0804,1.3904,-1.67,-7.48,15.03,3.19,2.94,-15.32,18.97,-13.71,11.52,21.54,-15.0362,0.00%
918,012045,大成医药健康股票A,2026-07-22,0.638,0.638,1.09,-2.54,10.42,1.97,-3.84,-15.36,15.1,-4.49,0.39,-36.2,-14.8311,0.15%
919,002387,工银沪港深股票A,2026-07-22,0.9384,1.0064,-1.24,-1.57,5.14,-5.5,-18.72,-15.38,20.68,10.52,-13.34,-0.43,-16.0944,0.15%
920,013940,东吴医疗服务股票A,2026-07-22,0.691,0.691,-0.27,-3.37,15.8,-0.32,1.29,-15.58,46.12,14.76,8.27,-30.9,-14.6387,0.15%
921,110022,易方达消费行业股票,2026-07-22,2.921,2.921,0.17,2.85,8.11,-6.74,-12.49,-15.6,-14.21,-22.6,-15.16,192.1,-15.6512,0.15%
922,012046,大成医药健康股票C,2026-07-22,0.6257,0.6257,1.1,-2.55,10.37,1.87,-4.03,-15.7,14.18,-5.64,0.16,-37.43,-15.1708,0.00%
923,013941,东吴医疗服务股票C,2026-07-22,0.6839,0.6839,-0.28,-3.38,15.78,-0.41,1.12,-15.81,45.36,13.96,8.09,-31.61,-14.8743,0.00%
924,007512,工银沪港深股票C,2026-07-22,0.9045,0.9045,-1.24,-1.58,5.1,-5.65,-18.97,-15.91,19.17,8.49,-13.64,-17.29,-16.6129,0.00%
925,009875,天弘甄选食品饮料股票A,2026-07-22,0.7802,0.7802,0.53,2.27,4.01,-9.04,-15.11,-15.94,-8.52,-24.27,-14.11,-21.98,-15.6541,0.12%
926,009876,天弘甄选食品饮料股票C,2026-07-22,0.7708,0.7708,0.53,2.26,3.99,-9.08,-15.19,-16.12,-8.9,-24.73,-14.21,-22.92,-15.824,0.00%
927,006675,宝盈品牌消费股票A,2026-07-22,1.0659,1.3209,-0.63,-0.29,6.93,-3.19,-12.32,-17.0,-5.21,0.36,-9.81,30.34,-17.8687,0.15%
928,005970,国泰消费优选股票,2026-07-22,1.7894,1.7894,0.23,2.52,7.02,-6.0,-13.31,-17.03,8.04,1.58,-14.04,78.94,-17.3029,0.15%
929,004805,长信消费精选量化股票A,2026-07-22,0.8428,0.8428,0.1,-0.96,2.78,-12.4,-13.86,-17.16,-18.89,-40.71,-12.46,-15.72,-16.7852,0.15%
930,001628,招商体育文化休闲股票A,2026-07-22,1.478,1.478,-3.15,-5.2,-14.37,-24.4,-34.28,-17.29,25.89,-10.8,-22.74,47.8,-17.0595,0.15%
931,005106,银华农业产业股票发起式A,2026-07-22,1.1452,1.1452,1.07,-1.04,10.34,-12.36,-8.35,-17.34,-18.2,-35.61,-11.2,14.52,-16.882,0.15%
932,000867,华宝品质生活股票,2026-07-22,1.214,1.264,0.75,2.79,7.15,-3.27,-9.54,-17.41,-11.0,-27.87,-11.06,25.56,-17.6391,0.15%
933,013152,长信消费精选量化股票C,2026-07-22,0.8261,0.8261,0.1,-0.97,2.74,-12.49,-14.04,-17.5,-19.53,-41.42,-12.67,-56.75,-17.1248,
934,014064,银华农业产业股票发起式C,2026-07-22,1.135,1.135,1.07,-1.04,10.32,-12.4,-8.43,-17.51,-18.52,-35.99,-11.29,-48.98,-17.0382,0.00%
935,006676,宝盈品牌消费股票C,2026-07-22,1.0141,1.2594,-0.64,-0.3,6.87,-3.38,-12.68,-17.67,-6.01,-1.3,-10.22,24.02,-18.5331,0.00%
936,015395,招商体育文化休闲股票C,2026-07-22,1.427,1.427,-3.12,-5.18,-14.4,-24.54,-34.54,-17.94,23.87,-12.93,-23.07,-4.1,-17.6572,0.00%
937,010801,长江量化消费精选股票A,2026-07-22,0.5595,0.5595,-0.12,-1.17,-2.08,-11.97,-21.2,-17.95,-6.72,-20.09,-21.88,-44.05,-17.9498,0.15%
938,005235,银华食品饮料量化股票发起式A,2026-07-22,1.4518,1.4518,0.47,0.91,4.08,-8.17,-13.76,-18.38,-12.0,-31.45,-14.29,45.18,-18.1116,0.15%
939,010802,长江量化消费精选股票C,2026-07-22,0.5416,0.5416,-0.11,-1.17,-2.11,-12.09,-21.42,-18.43,-7.83,-21.48,-22.14,-45.84,-18.4214,0.00%
940,020458,平安医药精选股票A,2026-07-22,1.6536,1.6536,0.77,-5.18,20.79,-5.17,-0.82,-18.49,65.49,,2.8,65.36,-18.0331,0.15%
941,022690,华安医药生物股票发起式A,2026-07-22,1.5769,1.5769,-0.37,-3.9,23.83,-1.31,-5.31,-18.54,,,-0.32,57.69,-17.5089,0.15%
942,011457,新华行业龙头主题股票,2026-07-22,0.519,0.519,0.87,-2.86,-16.41,-29.13,-28.9,-18.66,-9.86,-35.34,-23.61,-48.1,-18.4987,0.15%
943,005236,银华食品饮料量化股票发起式C,2026-07-22,1.4104,1.4104,0.47,0.91,4.05,-8.26,-13.93,-18.7,-12.69,-32.27,-14.47,41.04,-18.4316,0.00%
944,015139,泰康医疗健康股票发起A,2026-07-22,0.8203,0.8203,-1.04,-6.71,-3.43,-6.45,-20.28,-18.7,-12.21,-24.3,-9.75,-17.97,-18.7258,0.15%
945,008166,工银消费股票A,2026-07-22,1.0402,1.0402,-1.36,-0.7,2.08,-9.03,-18.54,-18.77,3.9,-9.91,-16.84,4.02,-19.3893,0.15%
946,022691,华安医药生物股票发起式C,2026-07-22,1.5666,1.5666,-0.36,-3.9,23.8,-1.42,-5.5,-18.87,,,-0.54,56.66,-17.8414,0.00%
947,020459,平安医药精选股票C,2026-07-22,1.6405,1.6405,0.77,-5.19,20.73,-5.31,-1.11,-18.96,64.28,,2.47,64.05,-18.5007,0.00%
948,000761,国富健康优质生活股票,2026-07-22,1.2939,1.2939,-0.5,-1.53,3.59,-14.44,-21.77,-19.04,8.63,-12.24,-16.67,29.39,-19.8178,0.15%
949,000991,工银战略转型股票A,2026-07-22,3.045,3.045,1.0,0.36,2.56,-13.15,-21.82,-19.1,-3.3,-15.98,-15.93,204.5,-19.1235,0.15%
950,015140,泰康医疗健康股票发起C,2026-07-22,0.8027,0.8027,-1.04,-6.72,-3.48,-6.58,-20.47,-19.11,-13.13,-25.46,-10.0,-19.73,-19.1316,0.00%
951,006671,广发消费升级股票,2026-07-22,0.9584,0.9584,-1.02,-0.66,2.81,-9.58,-18.35,-19.23,-1.46,-21.84,-17.86,-4.16,-19.6041,0.15%
952,008167,工银消费股票C,2026-07-22,0.9877,0.9877,-1.36,-0.7,2.01,-9.21,-18.87,-19.42,2.17,-12.12,-17.21,-1.23,-20.0308,0.00%
953,011473,工银战略转型股票C,2026-07-22,2.964,2.964,0.99,0.37,2.53,-13.26,-22.02,-19.5,-4.26,-17.23,-16.15,-7.81,-19.5221,0.00%
954,003634,嘉实农业产业股票A,2026-07-22,1.1381,1.1381,1.16,1.01,7.63,-10.43,-13.2,-19.72,-17.62,-36.3,-14.98,13.81,-19.3295,0.15%
955,009954,华银优选成长股票,2026-07-22,0.7699,0.7699,1.17,1.88,2.11,-10.75,-20.88,-19.87,-19.31,-42.3,-21.33,-23.01,-19.1366,0.15%
956,018045,东方创新医疗股票A,2026-07-22,0.8702,0.8702,-0.48,-4.64,18.04,-11.1,-17.16,-19.93,10.88,-9.97,-12.64,-12.98,-20.3478,0.15%
957,015468,嘉实农业产业股票C,2026-07-22,0.5159,0.5159,1.14,1.0,7.57,-10.57,-13.47,-20.2,-18.6,-37.44,-15.27,-48.41,-19.8166,0.00%
958,018046,东方创新医疗股票C,2026-07-22,0.8553,0.8553,-0.49,-4.65,17.99,-11.21,-17.36,-20.33,9.74,-11.41,-12.88,-14.47,-20.7542,0.00%
959,002621,中欧消费主题股票A,2026-07-22,1.2502,1.2502,0.36,1.36,7.3,-5.67,-12.63,-20.58,-16.11,-30.73,-14.16,25.02,-20.5869,0.15%
960,002697,中欧消费主题股票C,2026-07-22,1.1905,1.1905,0.36,1.35,7.23,-5.85,-12.98,-21.21,-17.43,-32.37,-14.54,19.05,-21.2111,0.00%
961,022081,景顺长城医疗产业股票A,2026-07-22,1.2401,1.2401,0.19,-3.28,19.24,-3.49,-0.4,-21.35,,,5.03,24.02,-21.5127,0.15%
962,022082,景顺长城医疗产业股票C,2026-07-22,1.2331,1.2331,0.19,-3.29,19.2,-3.58,-0.6,-21.65,,,4.79,23.32,-21.8072,0.00%
963,004189,华商消费行业股票,2026-07-22,0.9152,0.6515,1.61,3.09,3.42,-8.1,-18.41,-21.7,-14.21,-31.28,-18.07,-34.85,-21.57,0.15%
964,009265,易方达消费精选股票,2026-07-22,0.7408,0.7408,-0.72,0.94,5.86,-9.67,-20.09,-21.98,-3.74,-16.01,-20.23,-25.92,-22.2339,0.15%
965,006604,嘉实消费精选股票A,2026-07-22,1.2373,1.2373,0.15,0.89,4.95,-8.76,-18.11,-22.34,1.14,-26.0,-15.4,23.73,-21.7889,0.15%
966,006605,嘉实消费精选股票C,2026-07-22,1.1914,1.1914,0.15,0.88,4.91,-8.87,-18.32,-22.72,0.16,-27.09,-15.64,19.14,-22.1765,0.00%
967,020140,国寿安保品质消费股票发起式A,2026-07-22,0.6794,0.6794,-0.96,-4.54,-7.97,-11.91,-24.99,-22.92,-24.68,,-18.2,-32.06,-22.5048,0.12%
968,009852,银华品质消费股票A,2026-07-22,0.6451,0.6451,-0.29,0.64,8.93,-7.01,-16.41,-23.24,8.62,-11.3,-13.91,-35.49,-22.9915,0.15%
969,020141,国寿安保品质消费股票发起式C,2026-07-22,0.6722,0.6722,-0.96,-4.54,-7.99,-12.02,-25.17,-23.3,-25.42,,-18.43,-32.78,-22.8863,0.00%
970,023948,银华品质消费股票C,2026-07-22,0.6409,0.6409,-0.3,0.63,8.9,-7.18,-16.66,-23.62,,,-14.19,-9.16,-23.374,0.00%
971,012210,申万菱信智能汽车股票A,2026-07-22,0.5419,0.5419,-0.77,-1.06,-12.93,-23.0,-32.14,-23.74,-7.48,-35.43,-28.88,-45.81,-24.2839,0.15%
972,006926,长城量化精选股票A,2026-07-22,0.6802,0.6802,-0.72,-4.22,-10.58,-10.91,-17.14,-23.95,-29.83,-47.54,-17.57,-31.98,-23.4698,0.15%
973,012211,申万菱信智能汽车股票C,2026-07-22,0.5309,0.5309,-0.78,-1.08,-12.97,-23.09,-32.29,-24.05,-8.21,-36.21,-29.05,-46.91,-24.5881,0.00%
974,007965,民生加银品质消费股票A,2026-07-22,0.6675,0.6675,0.0,0.32,12.79,-9.31,-16.21,-24.24,-10.41,-26.32,-13.57,-33.25,-24.4482,0.15%
975,016073,创金合信软件产业股票发起A,2026-07-22,0.9032,0.9032,-3.05,-3.34,-10.2,-14.61,-32.24,-24.25,3.52,-36.85,-21.3,-9.68,-25.7054,0.15%
976,009476,建信食品饮料行业股票A,2026-07-22,0.6198,0.6198,0.57,3.16,8.07,-6.43,-16.59,-24.31,-30.45,-43.88,-17.83,-38.02,-24.2298,0.15%
977,011463,长城量化精选股票C,2026-07-22,0.6619,0.6619,-0.71,-4.24,-10.63,-11.02,-17.35,-24.33,-30.52,-48.33,-17.8,-51.56,-23.8495,0.00%
978,007966,民生加银品质消费股票C,2026-07-22,0.6526,0.6526,0.0,0.29,12.73,-9.41,-16.38,-24.56,-10.91,-27.03,-13.78,-34.74,-24.7723,0.00%
979,014864,建信食品饮料行业股票C,2026-07-22,0.6084,0.6084,0.56,3.15,8.04,-6.52,-16.75,-24.61,-31.0,-44.55,-18.01,-46.39,-24.5255,0.00%
980,016074,创金合信软件产业股票发起C,2026-07-22,0.879,0.879,-3.06,-3.34,-10.23,-14.72,-32.41,-24.64,1.67,-38.3,-21.52,-12.1,-26.0848,0.00%
981,003190,创金合信消费主题股票A,2026-07-22,1.4797,1.4082,-0.61,-2.43,-1.55,-17.42,-26.08,-24.74,-20.25,-35.66,-22.89,40.82,-24.9302,0.15%
982,005620,中欧品质消费股票A,2026-07-22,0.9079,1.1629,-0.14,0.51,5.53,-9.23,-17.99,-25.0,-9.69,-24.63,-16.59,2.17,-24.4361,0.15%
983,003191,创金合信消费主题股票C,2026-07-22,1.3988,1.3207,-0.61,-2.45,-1.6,-17.57,-26.34,-25.27,-21.36,-37.0,-23.19,32.07,-25.453,0.00%
984,011013,长城消费30股票A,2026-07-22,0.4394,0.4394,-1.17,-5.59,-5.73,-14.6,-26.13,-25.44,-17.16,-31.41,-23.1,-56.06,-25.6011,0.15%
985,005621,中欧品质消费股票C,2026-07-22,0.8549,1.0939,-0.14,0.49,5.48,-9.4,-18.31,-25.56,-11.09,-26.39,-16.91,-4.31,-24.9956,0.00%
986,011014,长城消费30股票C,2026-07-22,0.4259,0.4259,-1.16,-5.59,-5.77,-14.72,-26.34,-25.88,-18.16,-32.64,-23.34,-57.41,-26.0333,0.00%
987,017870,光大消费主题股票C,2026-07-22,0.8167,0.8167,-0.17,-1.03,6.7,-12.59,-24.92,-26.4,-12.54,-40.79,-21.29,-48.84,-26.6481,0.00%
988,008234,光大消费主题股票A,2026-07-22,0.8214,0.8214,-0.17,-1.04,6.72,-12.54,-24.83,-26.62,-12.57,-40.56,-21.19,-17.86,-26.8762,0.15%
989,014957,华富消费成长股票A,2026-07-22,0.6317,0.6317,-2.95,-8.85,-15.34,-23.52,-32.7,-26.81,-12.2,-30.77,-27.81,-36.83,-27.1899,0.15%
990,014958,华富消费成长股票C,2026-07-22,0.6117,0.6117,-2.95,-8.86,-15.39,-23.68,-32.97,-27.4,-13.6,-32.42,-28.15,-38.83,-27.7719,0.00%
991,009162,富国医药成长30股票A,2026-07-22,0.8871,0.8871,-0.38,-4.63,9.36,-10.48,-13.25,-29.71,25.3,16.82,-10.93,-11.29,-29.1057,0.15%
992,005433,申万菱信医药先锋股票A,2026-07-22,0.3915,0.3915,0.05,-3.24,14.14,-13.63,-15.84,-36.12,-24.29,-51.4,-12.1,-60.85,-36.0608,0.15%
993,015171,申万菱信医药先锋股票C,2026-07-22,0.3838,0.3838,0.05,-3.23,14.12,-13.71,-16.0,-36.52,-25.08,-52.1,-12.27,-52.62,-36.457,0.00%
994,016847,中欧高端装备股票发起A,2026-07-22,0.703,0.703,-3.26,-17.97,-29.15,-41.3,-41.92,-36.93,-13.71,-23.64,-33.81,-29.7,-35.5223,0.15%
995,016848,中欧高端装备股票发起C,2026-07-22,0.6902,0.6902,-3.28,-17.98,-29.19,-41.38,-42.07,-37.25,-14.57,-24.77,-34.0,-30.98,-35.8431,0.00%
996,012360,汇丰晋信港股通核心资产股票发起式A,2026-07-22,0.9071,0.9071,-1.21,1.85,2.13,-4.87,-14.42,,,,-7.72,-9.29,-9.29,0.15%
997,023835,广发资源智选股票发起式C,2026-07-22,0.9892,0.9892,0.66,-4.18,-18.93,-22.57,-26.08,,,,-15.68,-1.08,-1.08,0.00%
998,023834,广发资源智选股票发起式A,2026-07-22,0.9948,0.9948,0.66,-4.18,-18.9,-22.46,-25.85,,,,-15.39,-0.52,-0.52,0.15%
999,024895,泰康资源精选股票发起A,2026-07-22,1.2773,1.2773,3.62,2.53,-13.14,-15.3,-20.91,,,,-12.44,27.73,27.73,0.15%
1000,024896,泰康资源精选股票发起C,2026-07-22,1.2679,1.2679,3.61,2.51,-13.18,-15.39,-21.1,,,,-12.67,26.79,26.79,0.00%
1001,025067,建信医疗创新股票C,2026-07-22,0.9951,0.9951,0.2,-4.93,19.75,-1.1,5.6,,,,9.12,-0.49,-0.49,0.00%
1002,025068,建信医疗创新股票A,2026-07-22,0.9987,0.9987,0.2,-4.92,19.79,-1.0,5.81,,,,9.37,-0.13,-0.13,0.15%
1003,012361,汇丰晋信港股通核心资产股票发起式C,2026-07-22,0.9028,0.9028,-1.2,1.84,2.09,-4.98,-14.64,,,,-7.98,-9.72,-9.72,0.00%
1004,025069,景顺长城高端装备股票,2026-07-22,1.0572,1.0572,-0.85,-4.9,-12.64,-19.3,-22.03,,,,-8.36,5.72,5.72,0.15%
1005,025387,万家智胜量化选股股票C,2026-07-22,1.0392,1.0392,-1.37,-9.24,-22.13,-9.32,-3.46,,,,0.8,3.92,3.92,0.00%
1006,025012,财通华裕量化选股股票C,2026-07-22,0.9915,0.9915,-1.27,-4.62,-9.65,-13.32,-11.87,,,,-4.67,-0.85,-0.85,0.00%
1007,025011,财通华裕量化选股股票A,2026-07-22,0.9948,0.9948,-1.28,-4.61,-9.62,-13.22,-11.69,,,,-4.46,-0.52,-0.52,0.15%
1008,025386,万家智胜量化选股股票A,2026-07-22,1.0429,1.0429,-1.37,-9.23,-22.1,-9.21,-3.23,,,,1.07,4.29,4.29,0.15%
1009,025512,广发信息产业股票发起式C,2026-07-22,1.262,1.262,-2.41,-5.88,-10.84,24.84,24.01,,,,26.91,26.2,26.2,0.00%
1010,025511,广发信息产业股票发起式A,2026-07-22,1.2665,1.2665,-2.42,-5.87,-10.8,24.93,24.3,,,,27.25,26.65,26.65,0.15%
1011,025415,新华策略精选股票C,2026-07-22,3.126,3.126,-2.99,-18.37,-26.74,-3.34,25.02,,,,39.75,45.08,45.084935,0.00%
1012,025445,万家周期视野股票发起式A,2026-07-22,0.9504,0.9504,6.8,8.98,-4.75,-20.53,-29.36,,,,-7.72,-4.96,-4.96,0.15%
1013,025446,万家周期视野股票发起式C,2026-07-22,0.9471,0.9471,6.8,8.97,-4.79,-20.65,-29.52,,,,-7.91,-5.29,-5.29,0.00%
1014,025968,建信科技智选股票型发起A,2026-07-22,1.7439,1.7439,-2.67,-7.16,1.1,54.64,53.34,,,,69.0,74.39,74.39,0.15%
1015,025969,建信科技智选股票型发起C,2026-07-22,1.7396,1.7396,-2.67,-7.17,1.06,54.49,53.04,,,,68.65,73.96,73.96,0.00%
1016,026154,红土创新医疗保健股票C,2026-07-22,1.3527,1.3527,0.31,-7.38,6.1,4.26,8.97,,,,15.64,11.16,11.159504,0.00%
1017,026155,红土创新新科技股票C,2026-07-22,8.9802,8.9802,-4.55,-12.67,-24.76,7.66,59.3,,,,74.34,116.31,116.312176,0.00%
1018,025659,国金科创创业量化选股股票C,2026-07-22,1.0646,1.0646,-1.82,-10.93,-21.81,-9.26,-0.95,,,,6.65,6.46,6.46,0.00%
1019,025658,国金科创创业量化选股股票A,2026-07-22,1.0678,1.0678,-1.81,-10.93,-21.78,-9.15,-0.69,,,,6.95,6.78,6.78,0.15%
1020,025541,华夏创新前沿股票C,2026-07-22,5.126,5.126,-2.51,-5.18,-11.19,17.09,36.0,,,,46.25,51.03,51.031232,0.00%
1021,025449,万家数字经济股票发起式A,2026-07-22,0.7025,0.7025,-3.36,-16.3,-37.23,-12.97,-24.2,,,,-22.46,-29.75,-29.75,0.15%
1022,025450,万家数字经济股票发起式C,2026-07-22,0.6995,0.6995,-3.36,-16.32,-37.26,-13.08,-24.39,,,,-22.68,-30.05,-30.05,0.00%
1023,025789,广发质量优选股票C,2026-07-22,0.9421,0.9421,-1.97,-3.74,-5.94,-5.26,-5.76,,,,-5.35,-5.79,-5.79,0.00%
1024,025949,诺安研究精选股票C,2026-07-22,1.934,1.934,-2.22,-15.66,-27.59,-35.51,-39.01,,,,-27.27,-13.04,-13.039568,0.00%
1025,025404,苏新睿见量化选股股票A,2026-07-22,0.8853,0.8853,-1.36,-7.28,-15.82,-17.01,-16.96,,,,-13.15,-11.47,-11.47,0.15%
1026,025405,苏新睿见量化选股股票C,2026-07-22,0.8815,0.8815,-1.37,-7.29,-15.86,-17.14,-17.21,,,,-13.45,-11.85,-11.85,0.00%
1027,026290,红土创新科技创新股票(LOF)C,2026-07-22,2.5442,2.5442,-4.49,-13.11,-25.47,5.66,55.38,,,,68.92,67.9,67.900746,0.00%
1028,026517,上银科技先锋股票发起式C,2026-07-22,0.6264,0.6264,-2.2,-7.65,-19.83,-23.31,-37.36,,,,,-37.36,-37.36,0.00%
1029,026516,上银科技先锋股票发起式A,2026-07-22,0.6275,0.6275,-2.2,-7.65,-19.8,-23.22,-37.25,,,,,-37.25,-37.25,0.08%
1030,026620,安信消费睿选股票发起C,2026-07-22,0.9286,0.9286,1.62,1.13,0.64,-7.52,,,,,,-7.14,-7.14,0.00%
1031,026619,安信消费睿选股票发起A,2026-07-22,0.9302,0.9302,1.62,1.13,0.67,-7.42,,,,,,-6.98,-6.98,0.08%
1032,025788,广发质量优选股票A,2026-07-22,0.9448,0.9448,-1.97,-3.73,-5.91,-5.15,-5.52,,,,-5.09,-5.52,-5.52,0.15%
1033,026521,财通资管量化选股股票发起式C,2026-07-22,0.8584,0.8584,-1.25,-5.23,-8.82,-13.21,,,,,,-14.16,-14.16,0.00%
1034,026520,财通资管量化选股股票发起式A,2026-07-22,0.86,0.86,-1.25,-5.23,-8.78,-13.12,,,,,,-14.0,-14.0,0.08%
1035,026124,汇丰晋信周期优选股票A,2026-07-22,0.7367,0.7367,1.57,0.79,-8.45,-26.43,,,,,,-26.33,-26.33,0.08%
1036,026125,汇丰晋信周期优选股票C,2026-07-22,0.7357,0.7357,1.59,0.79,-8.47,-26.5,,,,,,-26.43,-26.43,0.00%
1037,026174,路博迈港股通科技股票C,2026-07-22,1.0063,1.0063,-1.84,-7.61,-20.29,-6.22,-3.37,,,,0.88,0.63,0.63,0.00%
1038,026488,安信资源睿选股票发起A,2026-07-22,0.9631,0.9631,-1.82,-16.54,-35.8,-11.59,,,,,,-3.69,-3.69,0.08%
1039,026489,安信资源睿选股票发起C,2026-07-22,0.9616,0.9616,-1.82,-16.54,-35.82,-11.66,,,,,,-3.84,-3.84,0.00%
1040,026747,上银医药精选股票发起式C,2026-07-22,0.9608,0.9608,-0.89,-4.01,1.77,-3.18,,,,,,-3.92,-3.92,0.00%
1041,026746,上银医药精选股票发起式A,2026-07-22,0.9623,0.9623,-0.89,-4.0,1.81,-3.08,,,,,,-3.77,-3.77,0.08%
1042,026224,广发消费领航股票发起式C,2026-07-22,0.9893,0.9893,-0.46,1.11,5.14,2.51,,,,,,-1.07,-1.07,0.00%
1043,026807,易方达研究智选股票A,2026-07-22,0.989,0.989,-0.76,-6.88,-16.18,-3.8,,,,,,-1.1,-1.1,0.08%
1044,026553,南方量化成长股票C,2026-07-22,1.4859,1.4859,-1.83,-6.26,-13.52,-8.2,,,,,,-2.44,-2.442387,0.00%
1045,025878,易米远景量化选股股票C,2026-07-22,0.848,0.848,-0.63,-7.96,-17.36,-17.14,,,,,,-15.2,-15.2,0.00%
1046,026468,山证资管数字经济锐选股票发起式A,2026-07-22,0.7339,0.7339,-3.36,-11.01,-24.53,-9.54,-22.89,,,,-26.61,-26.61,-26.61,0.15%
1047,025736,华西科技成长股票,2026-07-22,1.3465,1.3465,-2.7,-7.93,-11.61,12.69,22.83,,,,29.06,34.65,34.65,0.15%
1048,026375,中金睿见优选股票C,2026-07-22,0.9729,0.9729,-1.68,-6.82,-14.68,-6.03,,,,,,-2.71,-2.71,0.00%
1049,026469,山证资管数字经济锐选股票发起式C,2026-07-22,0.7316,0.7316,-3.36,-11.02,-24.57,-9.67,-23.11,,,,-26.84,-26.84,-26.84,0.00%
1050,025660,招商中国机遇股票C,2026-07-22,2.81,2.81,-3.24,-9.88,-25.17,13.4,32.24,,,,44.32,45.75,45.746888,0.00%
1051,026223,广发消费领航股票发起式A,2026-07-22,0.9912,0.9912,-0.46,1.12,5.18,2.63,,,,,,-0.88,-0.88,0.08%
1052,026663,建信资源严选股票发起C,2026-07-22,0.7666,0.7666,2.8,2.35,-12.81,-20.12,,,,,,-23.34,-23.34,0.00%
1053,026662,建信资源严选股票发起A,2026-07-22,0.7679,0.7679,2.8,2.35,-12.79,-20.05,,,,,,-23.21,-23.21,0.08%
1054,026173,路博迈港股通科技股票A,2026-07-22,1.0097,1.0097,-1.85,-7.6,-20.24,-6.08,-3.08,,,,1.22,0.97,0.97,0.15%
1055,026304,上银科技创新股票发起式C,2026-07-22,0.9209,0.9209,1.41,-2.76,-10.51,-7.62,-7.91,,,,,-7.91,-7.91,0.00%
1056,026303,上银科技创新股票发起式A,2026-07-22,0.9228,0.9228,1.43,-2.74,-10.47,-7.53,-7.72,,,,,-7.72,-7.72,0.08%
1057,027476,山证资管新能源锐选股票发起式A,2026-07-22,0.9629,0.9629,-0.19,-0.99,-3.83,,,,,,,-3.71,-3.71,0.08%
1058,026626,建信消费严选股票A,2026-07-22,0.986,0.986,-0.35,-0.29,-0.83,,,,,,,-1.4,-1.4,0.08%
1059,026627,建信消费严选股票C,2026-07-22,0.9851,0.9851,-0.35,-0.29,-0.88,,,,,,,-1.49,-1.49,0.00%
1060,027467,华宝绿色领先股票C,2026-07-22,1.0665,1.0665,-0.78,-7.92,-30.91,,,,,,,-42.25,-42.248335,0.00%
1061,026374,中金睿见优选股票A,2026-07-22,0.974,0.974,-1.69,-6.82,-14.66,-5.94,,,,,,-2.6,-2.6,0.08%
1062,027053,兴全价值量化选股股票发起式A,2026-07-22,1.0118,1.0118,0.69,0.5,1.61,,,,,,,1.18,1.18,0.80%
1063,027054,兴全价值量化选股股票发起式C,2026-07-22,1.0113,1.0113,0.68,0.49,1.57,,,,,,,1.13,1.13,0.00%
1064,027364,安信新材料睿选股票发起A,2026-07-17,0.7013,0.7013,,-10.42,-23.66,,,,,,,-29.87,,0.08%
1065,026859,华安智优量化选股股票A,2026-07-22,0.9768,0.9768,-0.9,,-5.29,-2.32,,,,,,-2.32,-2.32,0.08%
1066,026866,华安智优量化选股股票C,2026-07-22,0.9759,0.9759,-0.9,,-5.33,-2.41,,,,,,-2.41,-2.41,0.00%
1067,025877,易米远景量化选股股票A,2026-07-22,0.8492,0.8492,-0.63,-7.96,-17.33,-17.05,,,,,,-15.08,-15.08,0.80%
1068,027365,安信新材料睿选股票发起C,2026-07-17,0.7013,0.7013,,-10.42,-23.66,,,,,,,-29.87,,0.00%
1069,027477,山证资管新能源锐选股票发起式C,2026-07-22,0.9624,0.9624,-0.18,-0.99,-3.87,,,,,,,-3.76,-3.76,0.00%
1070,026808,易方达研究智选股票C,2026-07-22,0.9876,0.9876,-0.76,-6.89,-16.21,-3.91,,,,,,-1.24,-1.24,0.00%
1071,027757,融通产业趋势股票C,2026-07-22,1.9934,1.9934,-5.92,-15.27,,,,,,,,-29.02,-29.017555,0.00%
1072,027240,山证资管半导体产业锐选股票发起式C,2026-07-22,0.9657,0.9657,-0.26,-1.88,-6.09,,,,,,,-3.43,-3.43,0.00%
1073,027774,中金消费优选股票发起C,2026-07-22,0.9711,0.9711,-0.74,-4.48,-2.87,,,,,,,-2.89,-2.89,0.00%
1074,027235,交银智远量化选股股票发起,2026-07-22,0.8903,0.8903,-1.41,-6.49,-13.4,,,,,,,-10.97,-10.97,0.08%
1075,027773,中金消费优选股票发起A,2026-07-22,0.9715,0.9715,-0.73,-4.46,-2.84,,,,,,,-2.85,-2.85,0.08%
1076,026995,信澳港股通创新驱动股票型发起式A,2026-07-22,0.9533,0.9533,-1.19,-3.56,-4.61,,,,,,,-4.67,-4.67,0.08%
1077,026996,信澳港股通创新驱动股票型发起式C,2026-07-22,0.9527,0.9527,-1.2,-3.57,-4.66,,,,,,,-4.73,-4.73,0.00%
1078,027239,山证资管半导体产业锐选股票发起式A,2026-07-22,0.9661,0.9661,-0.26,-1.87,-6.07,,,,,,,-3.39,-3.39,0.08%
